[ {
  "kecamatan" : "Lepar Pongok",
  "kelurahan" : "Tanjung Sangkar",
  "kodepos" : "33791"
}, {
  "kecamatan" : "Lepar Pongok",
  "kelurahan" : "Tanjung Labu",
  "kodepos" : "33791"
}, {
  "kecamatan" : "Kepulauan Pongok",
  "kelurahan" : "Pongok",
  "kodepos" : "33791"
}, {
  "kecamatan" : "Lepar Pongok",
  "kelurahan" : "Penutuk",
  "kodepos" : "33791"
}, {
  "kecamatan" : "Lepar Pongok",
  "kelurahan" : "Kumbung",
  "kodepos" : "33791"
}, {
  "kecamatan" : "Kepulauan Pongok",
  "kelurahan" : "Celagen",
  "kodepos" : "33791"
}, {
  "kecamatan" : "Tukak Sadai",
  "kelurahan" : "Tukak",
  "kodepos" : "33783"
}, {
  "kecamatan" : "Toboali",
  "kelurahan" : "Toboali",
  "kodepos" : "33783"
}, {
  "kecamatan" : "Tukak Sadai",
  "kelurahan" : "Tiram",
  "kodepos" : "33783"
}, {
  "kecamatan" : "Toboali",
  "kelurahan" : "Teladan",
  "kodepos" : "33783"
}, {
  "kecamatan" : "Toboali",
  "kelurahan" : "Tanjung Ketapang",
  "kodepos" : "33783"
}, {
  "kecamatan" : "Toboali",
  "kelurahan" : "Serdang",
  "kodepos" : "33783"
}, {
  "kecamatan" : "Tukak Sadai",
  "kelurahan" : "Sadai",
  "kodepos" : "33783"
}, {
  "kecamatan" : "Toboali",
  "kelurahan" : "Rindik",
  "kodepos" : "33783"
}, {
  "kecamatan" : "Toboali",
  "kelurahan" : "Rias",
  "kodepos" : "33783"
}, {
  "kecamatan" : "Tukak Sadai",
  "kelurahan" : "Pasir Putih",
  "kodepos" : "33783"
}, {
  "kecamatan" : "Toboali",
  "kelurahan" : "Kepoh",
  "kodepos" : "33783"
}, {
  "kecamatan" : "Toboali",
  "kelurahan" : "Kaposang/Keposang",
  "kodepos" : "33783"
}, {
  "kecamatan" : "Toboali",
  "kelurahan" : "Jeriji",
  "kodepos" : "33783"
}, {
  "kecamatan" : "Toboali",
  "kelurahan" : "Gadung",
  "kodepos" : "33783"
}, {
  "kecamatan" : "Tukak Sadai",
  "kelurahan" : "Bukit Terap",
  "kodepos" : "33783"
}, {
  "kecamatan" : "Toboali",
  "kelurahan" : "Bikang",
  "kodepos" : "33783"
}, {
  "kecamatan" : "Air Gegas",
  "kelurahan" : "Tepus",
  "kodepos" : "33782"
}, {
  "kecamatan" : "Air Gegas",
  "kelurahan" : "Sidoharjo",
  "kodepos" : "33782"
}, {
  "kecamatan" : "Air Gegas",
  "kelurahan" : "Ranggas",
  "kodepos" : "33782"
}, {
  "kecamatan" : "Air Gegas",
  "kelurahan" : "Pergam",
  "kodepos" : "33782"
}, {
  "kecamatan" : "Air Gegas",
  "kelurahan" : "Nangka",
  "kodepos" : "33782"
}, {
  "kecamatan" : "Air Gegas",
  "kelurahan" : "Nyelanding",
  "kodepos" : "33782"
}, {
  "kecamatan" : "Air Gegas",
  "kelurahan" : "Delas",
  "kodepos" : "33782"
}, {
  "kecamatan" : "Air Gegas",
  "kelurahan" : "Bencah",
  "kodepos" : "33782"
}, {
  "kecamatan" : "Air Gegas",
  "kelurahan" : "Air Gegas",
  "kodepos" : "33782"
}, {
  "kecamatan" : "Air Gegas",
  "kelurahan" : "Air Bara",
  "kodepos" : "33782"
}, {
  "kecamatan" : "Pulau Besar",
  "kelurahan" : "Sumber Jaya Permai (Trans 4)",
  "kodepos" : "33778"
}, {
  "kecamatan" : "Pulau Besar",
  "kelurahan" : "Sukajaya",
  "kodepos" : "33778"
}, {
  "kecamatan" : "Payung",
  "kelurahan" : "Sengir",
  "kodepos" : "33778"
}, {
  "kecamatan" : "Payung",
  "kelurahan" : "Ranggung",
  "kodepos" : "33778"
}, {
  "kecamatan" : "Payung",
  "kelurahan" : "Payung",
  "kodepos" : "33778"
}, {
  "kecamatan" : "Payung",
  "kelurahan" : "Pangkalbuluh",
  "kodepos" : "33778"
}, {
  "kecamatan" : "Pulau Besar",
  "kelurahan" : "Panca Tunggal (Trans 3)",
  "kodepos" : "33778"
}, {
  "kecamatan" : "Payung",
  "kelurahan" : "Paku",
  "kodepos" : "33778"
}, {
  "kecamatan" : "Payung",
  "kelurahan" : "Nadung",
  "kodepos" : "33778"
}, {
  "kecamatan" : "Payung",
  "kelurahan" : "Malik",
  "kodepos" : "33778"
}, {
  "kecamatan" : "Payung",
  "kelurahan" : "Irat",
  "kodepos" : "33778"
}, {
  "kecamatan" : "Pulau Besar",
  "kelurahan" : "Fajar Indah (Trans 1)",
  "kodepos" : "33778"
}, {
  "kecamatan" : "Payung",
  "kelurahan" : "Bedengung",
  "kodepos" : "33778"
}, {
  "kecamatan" : "Pulau Besar",
  "kelurahan" : "Batu Betumpang",
  "kodepos" : "33778"
}, {
  "kecamatan" : "Simpang Rimba",
  "kelurahan" : "Simpang Rimba",
  "kodepos" : "33777"
}, {
  "kecamatan" : "Simpang Rimba",
  "kelurahan" : "Sebagin",
  "kodepos" : "33777"
}, {
  "kecamatan" : "Simpang Rimba",
  "kelurahan" : "Rajik",
  "kodepos" : "33777"
}, {
  "kecamatan" : "Simpang Rimba",
  "kelurahan" : "Permis",
  "kodepos" : "33777"
}, {
  "kecamatan" : "Simpang Rimba",
  "kelurahan" : "Jelutung II",
  "kodepos" : "33777"
}, {
  "kecamatan" : "Simpang Rimba",
  "kelurahan" : "Gudang",
  "kodepos" : "33777"
}, {
  "kecamatan" : "Simpang Rimba",
  "kelurahan" : "Bangka Kota",
  "kodepos" : "33777"
} ]
