[ {
  "kecamatan" : "Nusawungu",
  "kelurahan" : "Purwadadi",
  "kodepos" : "53283"
}, {
  "kecamatan" : "Nusawungu",
  "kelurahan" : "Sikanco",
  "kodepos" : "53283"
}, {
  "kecamatan" : "Nusawungu",
  "kelurahan" : "Nusawangkal",
  "kodepos" : "53283"
}, {
  "kecamatan" : "Nusawungu",
  "kelurahan" : "Nusawungu",
  "kodepos" : "53283"
}, {
  "kecamatan" : "Nusawungu",
  "kelurahan" : "Klumprit",
  "kodepos" : "53283"
}, {
  "kecamatan" : "Nusawungu",
  "kelurahan" : "Kedungbenda",
  "kodepos" : "53283"
}, {
  "kecamatan" : "Nusawungu",
  "kelurahan" : "Karangputat",
  "kodepos" : "53283"
}, {
  "kecamatan" : "Nusawungu",
  "kelurahan" : "Karangsembung",
  "kodepos" : "53283"
}, {
  "kecamatan" : "Nusawungu",
  "kelurahan" : "Karangtawang",
  "kodepos" : "53283"
}, {
  "kecamatan" : "Nusawungu",
  "kelurahan" : "Jetis",
  "kodepos" : "53283"
}, {
  "kecamatan" : "Nusawungu",
  "kelurahan" : "Karangpakis",
  "kodepos" : "53283"
}, {
  "kecamatan" : "Nusawungu",
  "kelurahan" : "Danasri",
  "kodepos" : "53283"
}, {
  "kecamatan" : "Nusawungu",
  "kelurahan" : "Danasri Kidul",
  "kodepos" : "53283"
}, {
  "kecamatan" : "Nusawungu",
  "kelurahan" : "Danasri Lor",
  "kodepos" : "53283"
}, {
  "kecamatan" : "Nusawungu",
  "kelurahan" : "Banjarsari",
  "kodepos" : "53283"
}, {
  "kecamatan" : "Nusawungu",
  "kelurahan" : "Banjarwaru",
  "kodepos" : "53283"
}, {
  "kecamatan" : "Nusawungu",
  "kelurahan" : "Banjareja",
  "kodepos" : "53283"
}, {
  "kecamatan" : "Kroya",
  "kelurahan" : "Pucung Lor",
  "kodepos" : "53282"
}, {
  "kecamatan" : "Kroya",
  "kelurahan" : "Sikampuh",
  "kodepos" : "53282"
}, {
  "kecamatan" : "Kroya",
  "kelurahan" : "Pucung Kidul",
  "kodepos" : "53282"
}, {
  "kecamatan" : "Kroya",
  "kelurahan" : "Pekuncen",
  "kodepos" : "53282"
}, {
  "kecamatan" : "Kroya",
  "kelurahan" : "Pesanggrahan",
  "kodepos" : "53282"
}, {
  "kecamatan" : "Kroya",
  "kelurahan" : "Mergawati",
  "kodepos" : "53282"
}, {
  "kecamatan" : "Kroya",
  "kelurahan" : "Mujur",
  "kodepos" : "53282"
}, {
  "kecamatan" : "Kroya",
  "kelurahan" : "Mujur Lor",
  "kodepos" : "53282"
}, {
  "kecamatan" : "Kroya",
  "kelurahan" : "Karangturi",
  "kodepos" : "53282"
}, {
  "kecamatan" : "Kroya",
  "kelurahan" : "Kedawung",
  "kodepos" : "53282"
}, {
  "kecamatan" : "Kroya",
  "kelurahan" : "Kroya",
  "kodepos" : "53282"
}, {
  "kecamatan" : "Kroya",
  "kelurahan" : "Gentasari",
  "kodepos" : "53282"
}, {
  "kecamatan" : "Kroya",
  "kelurahan" : "Karangmangu",
  "kodepos" : "53282"
}, {
  "kecamatan" : "Kroya",
  "kelurahan" : "Bajing Kulon",
  "kodepos" : "53282"
}, {
  "kecamatan" : "Kroya",
  "kelurahan" : "Buntu",
  "kodepos" : "53282"
}, {
  "kecamatan" : "Kroya",
  "kelurahan" : "Ayamalas",
  "kodepos" : "53282"
}, {
  "kecamatan" : "Kroya",
  "kelurahan" : "Bajing",
  "kodepos" : "53282"
}, {
  "kecamatan" : "Binangun",
  "kelurahan" : "Widarapayung Kulon",
  "kodepos" : "53281"
}, {
  "kecamatan" : "Binangun",
  "kelurahan" : "Widarapayung Wetan",
  "kodepos" : "53281"
}, {
  "kecamatan" : "Binangun",
  "kelurahan" : "Sidaurip",
  "kodepos" : "53281"
}, {
  "kecamatan" : "Binangun",
  "kelurahan" : "Sidayu",
  "kodepos" : "53281"
}, {
  "kecamatan" : "Bantarsari",
  "kelurahan" : "Rawajaya",
  "kodepos" : "53281"
}, {
  "kecamatan" : "Binangun",
  "kelurahan" : "Pesawahan",
  "kodepos" : "53281"
}, {
  "kecamatan" : "Binangun",
  "kelurahan" : "Pasuruhan",
  "kodepos" : "53281"
}, {
  "kecamatan" : "Binangun",
  "kelurahan" : "Pagubugan",
  "kodepos" : "53281"
}, {
  "kecamatan" : "Binangun",
  "kelurahan" : "Pagubugan Kulon",
  "kodepos" : "53281"
}, {
  "kecamatan" : "Binangun",
  "kelurahan" : "Kepudang",
  "kodepos" : "53281"
}, {
  "kecamatan" : "Binangun",
  "kelurahan" : "Kemojing",
  "kodepos" : "53281"
}, {
  "kecamatan" : "Binangun",
  "kelurahan" : "Karangnangka",
  "kodepos" : "53281"
}, {
  "kecamatan" : "Bantarsari",
  "kelurahan" : "Kamulyan",
  "kodepos" : "53281"
}, {
  "kecamatan" : "Bantarsari",
  "kelurahan" : "Kedungwadas",
  "kodepos" : "53281"
}, {
  "kecamatan" : "Binangun",
  "kelurahan" : "Jepara Kulon",
  "kodepos" : "53281"
}, {
  "kecamatan" : "Binangun",
  "kelurahan" : "Jepara Wetan",
  "kodepos" : "53281"
}, {
  "kecamatan" : "Binangun",
  "kelurahan" : "Jati",
  "kodepos" : "53281"
}, {
  "kecamatan" : "Bantarsari",
  "kelurahan" : "Citembong",
  "kodepos" : "53281"
}, {
  "kecamatan" : "Binangun",
  "kelurahan" : "Binangun",
  "kodepos" : "53281"
}, {
  "kecamatan" : "Bantarsari",
  "kelurahan" : "Bulaksari",
  "kodepos" : "53281"
}, {
  "kecamatan" : "Bantarsari",
  "kelurahan" : "Cikedondong",
  "kodepos" : "53281"
}, {
  "kecamatan" : "Bantarsari",
  "kelurahan" : "Bantarsari",
  "kodepos" : "53281"
}, {
  "kecamatan" : "Bantarsari",
  "kelurahan" : "Binangun",
  "kodepos" : "53281"
}, {
  "kecamatan" : "Binangun",
  "kelurahan" : "Bangkal",
  "kodepos" : "53281"
}, {
  "kecamatan" : "Kesugihan",
  "kelurahan" : "Slarang",
  "kodepos" : "53274"
}, {
  "kecamatan" : "Binangun",
  "kelurahan" : "Alangamba",
  "kodepos" : "53281"
}, {
  "kecamatan" : "Kesugihan",
  "kelurahan" : "Pesanggrahan",
  "kodepos" : "53274"
}, {
  "kecamatan" : "Kesugihan",
  "kelurahan" : "Planjan",
  "kodepos" : "53274"
}, {
  "kecamatan" : "Kesugihan",
  "kelurahan" : "Kuripan Kidul",
  "kodepos" : "53274"
}, {
  "kecamatan" : "Kesugihan",
  "kelurahan" : "Menganti",
  "kodepos" : "53274"
}, {
  "kecamatan" : "Kesugihan",
  "kelurahan" : "Kesugihan Kidul",
  "kodepos" : "53274"
}, {
  "kecamatan" : "Kesugihan",
  "kelurahan" : "Kuripan",
  "kodepos" : "53274"
}, {
  "kecamatan" : "Kesugihan",
  "kelurahan" : "Kesugihan",
  "kodepos" : "53274"
}, {
  "kecamatan" : "Kesugihan",
  "kelurahan" : "Karangkandri",
  "kodepos" : "53274"
}, {
  "kecamatan" : "Kesugihan",
  "kelurahan" : "Keleng",
  "kodepos" : "53274"
}, {
  "kecamatan" : "Kesugihan",
  "kelurahan" : "Karangjengkol",
  "kodepos" : "53274"
}, {
  "kecamatan" : "Kesugihan",
  "kelurahan" : "Jangrana",
  "kodepos" : "53274"
}, {
  "kecamatan" : "Kesugihan",
  "kelurahan" : "Kalisabuk",
  "kodepos" : "53274"
}, {
  "kecamatan" : "Kesugihan",
  "kelurahan" : "Ciwuni",
  "kodepos" : "53274"
}, {
  "kecamatan" : "Kesugihan",
  "kelurahan" : "Dondong",
  "kodepos" : "53274"
}, {
  "kecamatan" : "Sampang",
  "kelurahan" : "Sidasari",
  "kodepos" : "53273"
}, {
  "kecamatan" : "Kesugihan",
  "kelurahan" : "Bulupayung",
  "kodepos" : "53274"
}, {
  "kecamatan" : "Sampang",
  "kelurahan" : "Paketingan",
  "kodepos" : "53273"
}, {
  "kecamatan" : "Sampang",
  "kelurahan" : "Sampang",
  "kodepos" : "53273"
}, {
  "kecamatan" : "Sampang",
  "kelurahan" : "Paberasan",
  "kodepos" : "53273"
}, {
  "kecamatan" : "Sampang",
  "kelurahan" : "Nusajati",
  "kodepos" : "53273"
}, {
  "kecamatan" : "Sampang",
  "kelurahan" : "Ketanggung",
  "kodepos" : "53273"
}, {
  "kecamatan" : "Sampang",
  "kelurahan" : "Karangjati",
  "kodepos" : "53273"
}, {
  "kecamatan" : "Sampang",
  "kelurahan" : "Karangtengah",
  "kodepos" : "53273"
}, {
  "kecamatan" : "Sampang",
  "kelurahan" : "Brani",
  "kodepos" : "53273"
}, {
  "kecamatan" : "Sampang",
  "kelurahan" : "Karangasem",
  "kodepos" : "53273"
}, {
  "kecamatan" : "Maos",
  "kelurahan" : "Maos Lor",
  "kodepos" : "53272"
}, {
  "kecamatan" : "Maos",
  "kelurahan" : "Mernek",
  "kodepos" : "53272"
}, {
  "kecamatan" : "Maos",
  "kelurahan" : "Penisihan",
  "kodepos" : "53272"
}, {
  "kecamatan" : "Maos",
  "kelurahan" : "Klapagada",
  "kodepos" : "53272"
}, {
  "kecamatan" : "Maos",
  "kelurahan" : "Maos Kidul",
  "kodepos" : "53272"
}, {
  "kecamatan" : "Maos",
  "kelurahan" : "Karangreja",
  "kodepos" : "53272"
}, {
  "kecamatan" : "Maos",
  "kelurahan" : "Karangrena",
  "kodepos" : "53272"
}, {
  "kecamatan" : "Maos",
  "kelurahan" : "Glempang",
  "kodepos" : "53272"
}, {
  "kecamatan" : "Maos",
  "kelurahan" : "Kalijaran",
  "kodepos" : "53272"
}, {
  "kecamatan" : "Maos",
  "kelurahan" : "Karangkemiri",
  "kodepos" : "53272"
}, {
  "kecamatan" : "Adipala",
  "kelurahan" : "Wlahar",
  "kodepos" : "53271"
}, {
  "kecamatan" : "Adipala",
  "kelurahan" : "Penggalang",
  "kodepos" : "53271"
}, {
  "kecamatan" : "Adipala",
  "kelurahan" : "Welahan Wetan",
  "kodepos" : "53271"
}, {
  "kecamatan" : "Adipala",
  "kelurahan" : "Karangsari",
  "kodepos" : "53271"
}, {
  "kecamatan" : "Adipala",
  "kelurahan" : "Pedasong",
  "kodepos" : "53271"
}, {
  "kecamatan" : "Adipala",
  "kelurahan" : "Kalikudi",
  "kodepos" : "53271"
}, {
  "kecamatan" : "Adipala",
  "kelurahan" : "Karanganyar",
  "kodepos" : "53271"
}, {
  "kecamatan" : "Adipala",
  "kelurahan" : "Karangbenda",
  "kodepos" : "53271"
}, {
  "kecamatan" : "Adipala",
  "kelurahan" : "Gombolharjo",
  "kodepos" : "53271"
}, {
  "kecamatan" : "Adipala",
  "kelurahan" : "Bunton",
  "kodepos" : "53271"
}, {
  "kecamatan" : "Adipala",
  "kelurahan" : "Doplang",
  "kodepos" : "53271"
}, {
  "kecamatan" : "Adipala",
  "kelurahan" : "Glempangpasir",
  "kodepos" : "53271"
}, {
  "kecamatan" : "Adipala",
  "kelurahan" : "Adiraja",
  "kodepos" : "53271"
}, {
  "kecamatan" : "Adipala",
  "kelurahan" : "Adireja Kulon",
  "kodepos" : "53271"
}, {
  "kecamatan" : "Adipala",
  "kelurahan" : "Adireja Wetan",
  "kodepos" : "53271"
}, {
  "kecamatan" : "Adipala",
  "kelurahan" : "Adipala",
  "kodepos" : "53271"
}, {
  "kecamatan" : "Dayeuhluhur",
  "kelurahan" : "Panulisan Timur",
  "kodepos" : "53266"
}, {
  "kecamatan" : "Dayeuhluhur",
  "kelurahan" : "Sumpinghayu",
  "kodepos" : "53266"
}, {
  "kecamatan" : "Dayeuhluhur",
  "kelurahan" : "Panulisan Barat",
  "kodepos" : "53266"
}, {
  "kecamatan" : "Dayeuhluhur",
  "kelurahan" : "Matenggeng",
  "kodepos" : "53266"
}, {
  "kecamatan" : "Dayeuhluhur",
  "kelurahan" : "Panulisan",
  "kodepos" : "53266"
}, {
  "kecamatan" : "Dayeuhluhur",
  "kelurahan" : "Hanum",
  "kodepos" : "53266"
}, {
  "kecamatan" : "Dayeuhluhur",
  "kelurahan" : "Kutaagung",
  "kodepos" : "53266"
}, {
  "kecamatan" : "Dayeuhluhur",
  "kelurahan" : "Ciwalen",
  "kodepos" : "53266"
}, {
  "kecamatan" : "Dayeuhluhur",
  "kelurahan" : "Datar",
  "kodepos" : "53266"
}, {
  "kecamatan" : "Dayeuhluhur",
  "kelurahan" : "Dayeuhluhur",
  "kodepos" : "53266"
}, {
  "kecamatan" : "Dayeuhluhur",
  "kelurahan" : "Cijeruk",
  "kodepos" : "53266"
}, {
  "kecamatan" : "Dayeuhluhur",
  "kelurahan" : "Cilumping",
  "kodepos" : "53266"
}, {
  "kecamatan" : "Dayeuhluhur",
  "kelurahan" : "Bingkeng",
  "kodepos" : "53266"
}, {
  "kecamatan" : "Dayeuhluhur",
  "kelurahan" : "Bolang",
  "kodepos" : "53266"
}, {
  "kecamatan" : "Wanareja",
  "kelurahan" : "Tarisi",
  "kodepos" : "53265"
}, {
  "kecamatan" : "Wanareja",
  "kelurahan" : "Wanareja",
  "kodepos" : "53265"
}, {
  "kecamatan" : "Wanareja",
  "kelurahan" : "Tambaksari",
  "kodepos" : "53265"
}, {
  "kecamatan" : "Wanareja",
  "kelurahan" : "Purwasari",
  "kodepos" : "53265"
}, {
  "kecamatan" : "Wanareja",
  "kelurahan" : "Sidamulya",
  "kodepos" : "53265"
}, {
  "kecamatan" : "Wanareja",
  "kelurahan" : "Majingklak",
  "kodepos" : "53265"
}, {
  "kecamatan" : "Wanareja",
  "kelurahan" : "Malabar",
  "kodepos" : "53265"
}, {
  "kecamatan" : "Wanareja",
  "kelurahan" : "Palugon",
  "kodepos" : "53265"
}, {
  "kecamatan" : "Wanareja",
  "kelurahan" : "Madura",
  "kodepos" : "53265"
}, {
  "kecamatan" : "Wanareja",
  "kelurahan" : "Madusari",
  "kodepos" : "53265"
}, {
  "kecamatan" : "Wanareja",
  "kelurahan" : "Cilongkrang",
  "kodepos" : "53265"
}, {
  "kecamatan" : "Wanareja",
  "kelurahan" : "Jambu",
  "kodepos" : "53265"
}, {
  "kecamatan" : "Wanareja",
  "kelurahan" : "Bantar",
  "kodepos" : "53265"
}, {
  "kecamatan" : "Wanareja",
  "kelurahan" : "Adimulya",
  "kodepos" : "53265"
}, {
  "kecamatan" : "Patimuan",
  "kelurahan" : "Rawaapu",
  "kodepos" : "53264"
}, {
  "kecamatan" : "Patimuan",
  "kelurahan" : "Sidamukti",
  "kodepos" : "53264"
}, {
  "kecamatan" : "Patimuan",
  "kelurahan" : "Purwodadi",
  "kodepos" : "53264"
}, {
  "kecamatan" : "Patimuan",
  "kelurahan" : "Patimuan",
  "kodepos" : "53264"
}, {
  "kecamatan" : "Patimuan",
  "kelurahan" : "Cimrutu",
  "kodepos" : "53264"
}, {
  "kecamatan" : "Patimuan",
  "kelurahan" : "Cinyawang",
  "kodepos" : "53264"
}, {
  "kecamatan" : "Kedungreja",
  "kelurahan" : "Tambaksari",
  "kodepos" : "53263"
}, {
  "kecamatan" : "Patimuan",
  "kelurahan" : "Bulupayung",
  "kodepos" : "53264"
}, {
  "kecamatan" : "Kedungreja",
  "kelurahan" : "Sidanegara",
  "kodepos" : "53263"
}, {
  "kecamatan" : "Kedungreja",
  "kelurahan" : "Tambakreja",
  "kodepos" : "53263"
}, {
  "kecamatan" : "Kedungreja",
  "kelurahan" : "Kaliwungu",
  "kodepos" : "53263"
}, {
  "kecamatan" : "Kedungreja",
  "kelurahan" : "Kedungreja",
  "kodepos" : "53263"
}, {
  "kecamatan" : "Kedungreja",
  "kelurahan" : "Rejamulya",
  "kodepos" : "53263"
}, {
  "kecamatan" : "Kedungreja",
  "kelurahan" : "Bumireja",
  "kodepos" : "53263"
}, {
  "kecamatan" : "Kedungreja",
  "kelurahan" : "Ciklapa",
  "kodepos" : "53263"
}, {
  "kecamatan" : "Kedungreja",
  "kelurahan" : "Jatisari",
  "kodepos" : "53263"
}, {
  "kecamatan" : "Kedungreja",
  "kelurahan" : "Bangunreja",
  "kodepos" : "53263"
}, {
  "kecamatan" : "Kedungreja",
  "kelurahan" : "Bojongsari",
  "kodepos" : "53263"
}, {
  "kecamatan" : "Cipari",
  "kelurahan" : "Segaralangu",
  "kodepos" : "53262"
}, {
  "kecamatan" : "Cipari",
  "kelurahan" : "Serang",
  "kodepos" : "53262"
}, {
  "kecamatan" : "Cipari",
  "kelurahan" : "Sidasari",
  "kodepos" : "53262"
}, {
  "kecamatan" : "Cipari",
  "kelurahan" : "Mulyadadi",
  "kodepos" : "53262"
}, {
  "kecamatan" : "Cipari",
  "kelurahan" : "Pegadingan",
  "kodepos" : "53262"
}, {
  "kecamatan" : "Cipari",
  "kelurahan" : "Cisuru",
  "kodepos" : "53262"
}, {
  "kecamatan" : "Cipari",
  "kelurahan" : "Karangreja",
  "kodepos" : "53262"
}, {
  "kecamatan" : "Cipari",
  "kelurahan" : "Kutasari",
  "kodepos" : "53262"
}, {
  "kecamatan" : "Cipari",
  "kelurahan" : "Mekarsari",
  "kodepos" : "53262"
}, {
  "kecamatan" : "Cipari",
  "kelurahan" : "Caruy",
  "kodepos" : "53262"
}, {
  "kecamatan" : "Cipari",
  "kelurahan" : "Cipari",
  "kodepos" : "53262"
}, {
  "kecamatan" : "Sidareja",
  "kelurahan" : "Sudagaran",
  "kodepos" : "53261"
}, {
  "kecamatan" : "Sidareja",
  "kelurahan" : "Tegalsari",
  "kodepos" : "53261"
}, {
  "kecamatan" : "Sidareja",
  "kelurahan" : "Tinggarjaya",
  "kodepos" : "53261"
}, {
  "kecamatan" : "Sidareja",
  "kelurahan" : "Sidamulya",
  "kodepos" : "53261"
}, {
  "kecamatan" : "Sidareja",
  "kelurahan" : "Sidareja",
  "kodepos" : "53261"
}, {
  "kecamatan" : "Sidareja",
  "kelurahan" : "Margasari",
  "kodepos" : "53261"
}, {
  "kecamatan" : "Sidareja",
  "kelurahan" : "Penyarang",
  "kodepos" : "53261"
}, {
  "kecamatan" : "Sidareja",
  "kelurahan" : "Kunci",
  "kodepos" : "53261"
}, {
  "kecamatan" : "Sidareja",
  "kelurahan" : "Gunungreja",
  "kodepos" : "53261"
}, {
  "kecamatan" : "Sidareja",
  "kelurahan" : "Karanggedang",
  "kodepos" : "53261"
}, {
  "kecamatan" : "Majenang",
  "kelurahan" : "Sindangsari",
  "kodepos" : "53257"
}, {
  "kecamatan" : "Majenang",
  "kelurahan" : "Ujungbarang",
  "kodepos" : "53257"
}, {
  "kecamatan" : "Majenang",
  "kelurahan" : "Sadahayu",
  "kodepos" : "53257"
}, {
  "kecamatan" : "Majenang",
  "kelurahan" : "Salebu",
  "kodepos" : "53257"
}, {
  "kecamatan" : "Majenang",
  "kelurahan" : "Sepatnunggal",
  "kodepos" : "53257"
}, {
  "kecamatan" : "Majenang",
  "kelurahan" : "Pahonjean",
  "kodepos" : "53257"
}, {
  "kecamatan" : "Majenang",
  "kelurahan" : "Pengadegan",
  "kodepos" : "53257"
}, {
  "kecamatan" : "Majenang",
  "kelurahan" : "Sadabumi",
  "kodepos" : "53257"
}, {
  "kecamatan" : "Majenang",
  "kelurahan" : "Padangjaya",
  "kodepos" : "53257"
}, {
  "kecamatan" : "Majenang",
  "kelurahan" : "Padangsari",
  "kodepos" : "53257"
}, {
  "kecamatan" : "Majenang",
  "kelurahan" : "Mulyadadi",
  "kodepos" : "53257"
}, {
  "kecamatan" : "Majenang",
  "kelurahan" : "Mulyasari",
  "kodepos" : "53257"
}, {
  "kecamatan" : "Majenang",
  "kelurahan" : "Cilopadang",
  "kodepos" : "53257"
}, {
  "kecamatan" : "Majenang",
  "kelurahan" : "Jenang",
  "kodepos" : "53257"
}, {
  "kecamatan" : "Majenang",
  "kelurahan" : "Bener",
  "kodepos" : "53257"
}, {
  "kecamatan" : "Majenang",
  "kelurahan" : "Boja",
  "kodepos" : "53257"
}, {
  "kecamatan" : "Majenang",
  "kelurahan" : "Cibeunying",
  "kodepos" : "53257"
}, {
  "kecamatan" : "Cimanggu",
  "kelurahan" : "Pesahangan",
  "kodepos" : "53256"
}, {
  "kecamatan" : "Cimanggu",
  "kelurahan" : "Rejodadi",
  "kodepos" : "53256"
}, {
  "kecamatan" : "Cimanggu",
  "kelurahan" : "Negarajati",
  "kodepos" : "53256"
}, {
  "kecamatan" : "Cimanggu",
  "kelurahan" : "Panimbang",
  "kodepos" : "53256"
}, {
  "kecamatan" : "Cimanggu",
  "kelurahan" : "Mandala",
  "kodepos" : "53256"
}, {
  "kecamatan" : "Cimanggu",
  "kelurahan" : "Karangsari",
  "kodepos" : "53256"
}, {
  "kecamatan" : "Cimanggu",
  "kelurahan" : "Kutabima",
  "kodepos" : "53256"
}, {
  "kecamatan" : "Cimanggu",
  "kelurahan" : "Cisalak",
  "kodepos" : "53256"
}, {
  "kecamatan" : "Cimanggu",
  "kelurahan" : "Karangreja",
  "kodepos" : "53256"
}, {
  "kecamatan" : "Cimanggu",
  "kelurahan" : "Cilempuyang",
  "kodepos" : "53256"
}, {
  "kecamatan" : "Cimanggu",
  "kelurahan" : "Cimanggu",
  "kodepos" : "53256"
}, {
  "kecamatan" : "Cimanggu",
  "kelurahan" : "Cibalung",
  "kodepos" : "53256"
}, {
  "kecamatan" : "Cimanggu",
  "kelurahan" : "Cijati",
  "kodepos" : "53256"
}, {
  "kecamatan" : "Cimanggu",
  "kelurahan" : "Bantarmangu",
  "kodepos" : "53256"
}, {
  "kecamatan" : "Cimanggu",
  "kelurahan" : "Bantarpanjang",
  "kodepos" : "53256"
}, {
  "kecamatan" : "Karangpucung",
  "kelurahan" : "Tayem",
  "kodepos" : "53255"
}, {
  "kecamatan" : "Karangpucung",
  "kelurahan" : "Tayemtimur",
  "kodepos" : "53255"
}, {
  "kecamatan" : "Karangpucung",
  "kelurahan" : "Sindangbarang",
  "kodepos" : "53255"
}, {
  "kecamatan" : "Karangpucung",
  "kelurahan" : "Surusunda",
  "kodepos" : "53255"
}, {
  "kecamatan" : "Karangpucung",
  "kelurahan" : "Pengawaren",
  "kodepos" : "53255"
}, {
  "kecamatan" : "Karangpucung",
  "kelurahan" : "Sidamulya",
  "kodepos" : "53255"
}, {
  "kecamatan" : "Karangpucung",
  "kelurahan" : "Karangpucung",
  "kodepos" : "53255"
}, {
  "kecamatan" : "Karangpucung",
  "kelurahan" : "Pamulihan",
  "kodepos" : "53255"
}, {
  "kecamatan" : "Karangpucung",
  "kelurahan" : "Gunungtelu",
  "kodepos" : "53255"
}, {
  "kecamatan" : "Karangpucung",
  "kelurahan" : "Ciporos",
  "kodepos" : "53255"
}, {
  "kecamatan" : "Karangpucung",
  "kelurahan" : "Ciruyung",
  "kodepos" : "53255"
}, {
  "kecamatan" : "Karangpucung",
  "kelurahan" : "Cidadap",
  "kodepos" : "53255"
}, {
  "kecamatan" : "Karangpucung",
  "kelurahan" : "Babakan",
  "kodepos" : "53255"
}, {
  "kecamatan" : "Karangpucung",
  "kelurahan" : "Bengbulang",
  "kodepos" : "53255"
}, {
  "kecamatan" : "Gandrungmangu",
  "kelurahan" : "Sidaurip",
  "kodepos" : "53254"
}, {
  "kecamatan" : "Gandrungmangu",
  "kelurahan" : "Wringinharjo",
  "kodepos" : "53254"
}, {
  "kecamatan" : "Gandrungmangu",
  "kelurahan" : "Muktisari",
  "kodepos" : "53254"
}, {
  "kecamatan" : "Gandrungmangu",
  "kelurahan" : "Rungkang",
  "kodepos" : "53254"
}, {
  "kecamatan" : "Gandrungmangu",
  "kelurahan" : "Layansari",
  "kodepos" : "53254"
}, {
  "kecamatan" : "Gandrungmangu",
  "kelurahan" : "Karanggintung",
  "kodepos" : "53254"
}, {
  "kecamatan" : "Gandrungmangu",
  "kelurahan" : "Kertajaya",
  "kodepos" : "53254"
}, {
  "kecamatan" : "Gandrungmangu",
  "kelurahan" : "Gintungreja",
  "kodepos" : "53254"
}, {
  "kecamatan" : "Gandrungmangu",
  "kelurahan" : "Karanganyar",
  "kodepos" : "53254"
}, {
  "kecamatan" : "Gandrungmangu",
  "kelurahan" : "Gandrungmangu",
  "kodepos" : "53254"
}, {
  "kecamatan" : "Gandrungmangu",
  "kelurahan" : "Gandrungmanis",
  "kodepos" : "53254"
}, {
  "kecamatan" : "Gandrungmangu",
  "kelurahan" : "Cinangsi",
  "kodepos" : "53254"
}, {
  "kecamatan" : "Gandrungmangu",
  "kelurahan" : "Cisumur",
  "kodepos" : "53254"
}, {
  "kecamatan" : "Gandrungmangu",
  "kelurahan" : "Bulusari",
  "kodepos" : "53254"
}, {
  "kecamatan" : "Kawunganten",
  "kelurahan" : "Ujungmanik",
  "kodepos" : "53253"
}, {
  "kecamatan" : "Kampung Laut",
  "kelurahan" : "Ujunggagak",
  "kodepos" : "53253"
}, {
  "kecamatan" : "Kampung Laut",
  "kelurahan" : "Ujungalang",
  "kodepos" : "53253"
}, {
  "kecamatan" : "Kawunganten",
  "kelurahan" : "Sidaurip",
  "kodepos" : "53253"
}, {
  "kecamatan" : "Kawunganten",
  "kelurahan" : "Sarwadadi",
  "kodepos" : "53253"
}, {
  "kecamatan" : "Kampung Laut",
  "kelurahan" : "Panikel",
  "kodepos" : "53253"
}, {
  "kecamatan" : "Kawunganten",
  "kelurahan" : "Mentasan",
  "kodepos" : "53253"
}, {
  "kecamatan" : "Kawunganten",
  "kelurahan" : "Kubangkangkung",
  "kodepos" : "53253"
}, {
  "kecamatan" : "Kampung Laut",
  "kelurahan" : "Klaces",
  "kodepos" : "53253"
}, {
  "kecamatan" : "Kawunganten",
  "kelurahan" : "Kawunganten Lor",
  "kodepos" : "53253"
}, {
  "kecamatan" : "Kawunganten",
  "kelurahan" : "Kawunganten",
  "kodepos" : "53253"
}, {
  "kecamatan" : "Kawunganten",
  "kelurahan" : "Kalijeruk",
  "kodepos" : "53253"
}, {
  "kecamatan" : "Kawunganten",
  "kelurahan" : "Grugu",
  "kodepos" : "53253"
}, {
  "kecamatan" : "Kawunganten",
  "kelurahan" : "Bringkeng",
  "kodepos" : "53253"
}, {
  "kecamatan" : "Kawunganten",
  "kelurahan" : "Bojong",
  "kodepos" : "53253"
}, {
  "kecamatan" : "Kawunganten",
  "kelurahan" : "Babakan",
  "kodepos" : "53253"
}, {
  "kecamatan" : "Jeruklegi",
  "kelurahan" : "Tritih Wetan",
  "kodepos" : "53252"
}, {
  "kecamatan" : "Jeruklegi",
  "kelurahan" : "Tritih Lor",
  "kodepos" : "53252"
}, {
  "kecamatan" : "Jeruklegi",
  "kelurahan" : "Sumingkir",
  "kodepos" : "53252"
}, {
  "kecamatan" : "Jeruklegi",
  "kelurahan" : "Sawangan",
  "kodepos" : "53252"
}, {
  "kecamatan" : "Jeruklegi",
  "kelurahan" : "Prapagan",
  "kodepos" : "53252"
}, {
  "kecamatan" : "Jeruklegi",
  "kelurahan" : "Karangkemiri",
  "kodepos" : "53252"
}, {
  "kecamatan" : "Jeruklegi",
  "kelurahan" : "Mendala",
  "kodepos" : "53252"
}, {
  "kecamatan" : "Jeruklegi",
  "kelurahan" : "Jeruklegi Wetan",
  "kodepos" : "53252"
}, {
  "kecamatan" : "Jeruklegi",
  "kelurahan" : "Jambusari",
  "kodepos" : "53252"
}, {
  "kecamatan" : "Jeruklegi",
  "kelurahan" : "Jeruklegi Kulon",
  "kodepos" : "53252"
}, {
  "kecamatan" : "Jeruklegi",
  "kelurahan" : "Citepus",
  "kodepos" : "53252"
}, {
  "kecamatan" : "Jeruklegi",
  "kelurahan" : "Brebeg",
  "kodepos" : "53252"
}, {
  "kecamatan" : "Jeruklegi",
  "kelurahan" : "Cilibang",
  "kodepos" : "53252"
}, {
  "kecamatan" : "Cilacap Utara",
  "kelurahan" : "Kebonmanis",
  "kodepos" : "53235"
}, {
  "kecamatan" : "Cilacap Utara",
  "kelurahan" : "Karangtalun",
  "kodepos" : "53234"
}, {
  "kecamatan" : "Cilacap Utara",
  "kelurahan" : "Tritih Kulon",
  "kodepos" : "53233"
}, {
  "kecamatan" : "Wanareja",
  "kelurahan" : "Limbangan",
  "kodepos" : "53232"
}, {
  "kecamatan" : "Cilacap Utara",
  "kelurahan" : "Mertasinga",
  "kodepos" : "53232"
}, {
  "kecamatan" : "Cilacap Utara",
  "kelurahan" : "Gumilir",
  "kodepos" : "53231"
}, {
  "kecamatan" : "Cilacap Tengah",
  "kelurahan" : "Kutawaru",
  "kodepos" : "53225"
}, {
  "kecamatan" : "Cilacap Tengah",
  "kelurahan" : "Gunungsimping",
  "kodepos" : "53224"
}, {
  "kecamatan" : "Cilacap Tengah",
  "kelurahan" : "Donan",
  "kodepos" : "53222"
}, {
  "kecamatan" : "Cilacap Tengah",
  "kelurahan" : "Sidanegara",
  "kodepos" : "53223"
}, {
  "kecamatan" : "Wanareja",
  "kelurahan" : "Cigintung",
  "kodepos" : "53222"
}, {
  "kecamatan" : "Cilacap Tengah",
  "kelurahan" : "Lomanis",
  "kodepos" : "53221"
}, {
  "kecamatan" : "Cilacap Selatan",
  "kelurahan" : "Tegalrejo",
  "kodepos" : "53215"
}, {
  "kecamatan" : "Cilacap Selatan",
  "kelurahan" : "Tegalkamulyan",
  "kodepos" : "53215"
}, {
  "kecamatan" : "Cilacap Selatan",
  "kelurahan" : "Tambakreja",
  "kodepos" : "53213"
}, {
  "kecamatan" : "Cilacap Selatan",
  "kelurahan" : "Sidakaya",
  "kodepos" : "53212"
}, {
  "kecamatan" : "Cilacap Selatan",
  "kelurahan" : "Cilacap",
  "kodepos" : "53211"
} ]
