[ {
  "kecamatan" : "Jatinegara",
  "kelurahan" : "Wotgalih",
  "kodepos" : "52473"
}, {
  "kecamatan" : "Jatinegara",
  "kelurahan" : "Tamansari",
  "kodepos" : "52473"
}, {
  "kecamatan" : "Jatinegara",
  "kelurahan" : "Setail",
  "kodepos" : "52473"
}, {
  "kecamatan" : "Jatinegara",
  "kelurahan" : "Sumbarang",
  "kodepos" : "52473"
}, {
  "kecamatan" : "Jatinegara",
  "kelurahan" : "Padasari",
  "kodepos" : "52473"
}, {
  "kecamatan" : "Jatinegara",
  "kelurahan" : "Penyalahan",
  "kodepos" : "52473"
}, {
  "kecamatan" : "Jatinegara",
  "kelurahan" : "Luwijawa",
  "kodepos" : "52473"
}, {
  "kecamatan" : "Jatinegara",
  "kelurahan" : "Mokaha",
  "kodepos" : "52473"
}, {
  "kecamatan" : "Jatinegara",
  "kelurahan" : "Lebakwangi",
  "kodepos" : "52473"
}, {
  "kecamatan" : "Jatinegara",
  "kelurahan" : "Lembahsari",
  "kodepos" : "52473"
}, {
  "kecamatan" : "Jatinegara",
  "kelurahan" : "Jatinegara",
  "kodepos" : "52473"
}, {
  "kecamatan" : "Jatinegara",
  "kelurahan" : "Kedungwungu",
  "kodepos" : "52473"
}, {
  "kecamatan" : "Jatinegara",
  "kelurahan" : "Dukuhbangsa",
  "kodepos" : "52473"
}, {
  "kecamatan" : "Jatinegara",
  "kelurahan" : "Gantungan",
  "kodepos" : "52473"
}, {
  "kecamatan" : "Jatinegara",
  "kelurahan" : "Capar",
  "kodepos" : "52473"
}, {
  "kecamatan" : "Jatinegara",
  "kelurahan" : "Cerih",
  "kodepos" : "52473"
}, {
  "kecamatan" : "Jatinegara",
  "kelurahan" : "Argatawang",
  "kodepos" : "52473"
}, {
  "kecamatan" : "Kedung Banteng",
  "kelurahan" : "Sumingkir",
  "kodepos" : "52472"
}, {
  "kecamatan" : "Kedung Banteng",
  "kelurahan" : "Tonggara",
  "kodepos" : "52472"
}, {
  "kecamatan" : "Kedung Banteng",
  "kelurahan" : "Semedo",
  "kodepos" : "52472"
}, {
  "kecamatan" : "Kedung Banteng",
  "kelurahan" : "Penujah",
  "kodepos" : "52472"
}, {
  "kecamatan" : "Kedung Banteng",
  "kelurahan" : "Kedung Banteng",
  "kodepos" : "52472"
}, {
  "kecamatan" : "Kedung Banteng",
  "kelurahan" : "Margamulya",
  "kodepos" : "52472"
}, {
  "kecamatan" : "Kedung Banteng",
  "kelurahan" : "Kebandingan",
  "kodepos" : "52472"
}, {
  "kecamatan" : "Kedung Banteng",
  "kelurahan" : "Karangmalang",
  "kodepos" : "52472"
}, {
  "kecamatan" : "Kedung Banteng",
  "kelurahan" : "Karang Anyar",
  "kodepos" : "52472"
}, {
  "kecamatan" : "Kedung Banteng",
  "kelurahan" : "Dukuhjati Wetan",
  "kodepos" : "52472"
}, {
  "kecamatan" : "Pangkah",
  "kelurahan" : "Talok",
  "kodepos" : "52471"
}, {
  "kecamatan" : "Pangkah",
  "kelurahan" : "Rancawiru",
  "kodepos" : "52471"
}, {
  "kecamatan" : "Pangkah",
  "kelurahan" : "Penusupan",
  "kodepos" : "52471"
}, {
  "kecamatan" : "Pangkah",
  "kelurahan" : "Purbayasa",
  "kodepos" : "52471"
}, {
  "kecamatan" : "Pangkah",
  "kelurahan" : "Pener",
  "kodepos" : "52471"
}, {
  "kecamatan" : "Pangkah",
  "kelurahan" : "Pecabean",
  "kodepos" : "52471"
}, {
  "kecamatan" : "Pangkah",
  "kelurahan" : "Pangkah",
  "kodepos" : "52471"
}, {
  "kecamatan" : "Pangkah",
  "kelurahan" : "Paketiban",
  "kodepos" : "52471"
}, {
  "kecamatan" : "Pangkah",
  "kelurahan" : "Kendalserut",
  "kodepos" : "52471"
}, {
  "kecamatan" : "Pangkah",
  "kelurahan" : "Kalikangkung",
  "kodepos" : "52471"
}, {
  "kecamatan" : "Pangkah",
  "kelurahan" : "Grobog Wetan",
  "kodepos" : "52471"
}, {
  "kecamatan" : "Pangkah",
  "kelurahan" : "Jenggawur",
  "kodepos" : "52471"
}, {
  "kecamatan" : "Pangkah",
  "kelurahan" : "Dukuhsembung",
  "kodepos" : "52471"
}, {
  "kecamatan" : "Pangkah",
  "kelurahan" : "Grobog Kulon",
  "kodepos" : "52471"
}, {
  "kecamatan" : "Pangkah",
  "kelurahan" : "Dukuhjati Kidul",
  "kodepos" : "52471"
}, {
  "kecamatan" : "Pangkah",
  "kelurahan" : "Dermasuci",
  "kodepos" : "52471"
}, {
  "kecamatan" : "Pangkah",
  "kelurahan" : "Dermasandi",
  "kodepos" : "52471"
}, {
  "kecamatan" : "Pangkah",
  "kelurahan" : "Depok",
  "kodepos" : "52471"
}, {
  "kecamatan" : "Pangkah",
  "kelurahan" : "Curug",
  "kodepos" : "52471"
}, {
  "kecamatan" : "Pangkah",
  "kelurahan" : "Bogares Lor",
  "kodepos" : "52471"
}, {
  "kecamatan" : "Pangkah",
  "kelurahan" : "Bogares Kidul",
  "kodepos" : "52471"
}, {
  "kecamatan" : "Pangkah",
  "kelurahan" : "Bedug",
  "kodepos" : "52471"
}, {
  "kecamatan" : "Pangkah",
  "kelurahan" : "Balamoa",
  "kodepos" : "52471"
}, {
  "kecamatan" : "Bumijawa",
  "kelurahan" : "Traju",
  "kodepos" : "52466"
}, {
  "kecamatan" : "Bumijawa",
  "kelurahan" : "Sumbaga",
  "kodepos" : "52466"
}, {
  "kecamatan" : "Bumijawa",
  "kelurahan" : "Sokatengah",
  "kodepos" : "52466"
}, {
  "kecamatan" : "Bumijawa",
  "kelurahan" : "Sokasari",
  "kodepos" : "52466"
}, {
  "kecamatan" : "Bumijawa",
  "kelurahan" : "Sigedong",
  "kodepos" : "52466"
}, {
  "kecamatan" : "Bumijawa",
  "kelurahan" : "Muncanglarang",
  "kodepos" : "52466"
}, {
  "kecamatan" : "Bumijawa",
  "kelurahan" : "Pagerkasih",
  "kodepos" : "52466"
}, {
  "kecamatan" : "Bumijawa",
  "kelurahan" : "Jejeg",
  "kodepos" : "52466"
}, {
  "kecamatan" : "Bumijawa",
  "kelurahan" : "Gunung Agung",
  "kodepos" : "52466"
}, {
  "kecamatan" : "Bumijawa",
  "kelurahan" : "Guci",
  "kodepos" : "52466"
}, {
  "kecamatan" : "Bumijawa",
  "kelurahan" : "Dukuh Benda",
  "kodepos" : "52466"
}, {
  "kecamatan" : "Bumijawa",
  "kelurahan" : "Cintamanik",
  "kodepos" : "52466"
}, {
  "kecamatan" : "Bumijawa",
  "kelurahan" : "Cempaka",
  "kodepos" : "52466"
}, {
  "kecamatan" : "Bumijawa",
  "kelurahan" : "Cawitali",
  "kodepos" : "52466"
}, {
  "kecamatan" : "Bumijawa",
  "kelurahan" : "Bumijawa",
  "kodepos" : "52466"
}, {
  "kecamatan" : "Bumijawa",
  "kelurahan" : "Carul",
  "kodepos" : "52466"
}, {
  "kecamatan" : "Bumijawa",
  "kelurahan" : "Batumirah",
  "kodepos" : "52466"
}, {
  "kecamatan" : "Bumijawa",
  "kelurahan" : "Begawat",
  "kodepos" : "52466"
}, {
  "kecamatan" : "Bojong",
  "kelurahan" : "Sangkanayu",
  "kodepos" : "52465"
}, {
  "kecamatan" : "Bojong",
  "kelurahan" : "Suniarsih",
  "kodepos" : "52465"
}, {
  "kecamatan" : "Bojong",
  "kelurahan" : "Tuwel",
  "kodepos" : "52465"
}, {
  "kecamatan" : "Bojong",
  "kelurahan" : "Rembul",
  "kodepos" : "52465"
}, {
  "kecamatan" : "Bojong",
  "kelurahan" : "Kedawung",
  "kodepos" : "52465"
}, {
  "kecamatan" : "Bojong",
  "kelurahan" : "Lengkong",
  "kodepos" : "52465"
}, {
  "kecamatan" : "Bojong",
  "kelurahan" : "Pucang Luwuk",
  "kodepos" : "52465"
}, {
  "kecamatan" : "Bojong",
  "kelurahan" : "Kalijambu",
  "kodepos" : "52465"
}, {
  "kecamatan" : "Bojong",
  "kelurahan" : "Karangmulyo",
  "kodepos" : "52465"
}, {
  "kecamatan" : "Bojong",
  "kelurahan" : "Gunungjati",
  "kodepos" : "52465"
}, {
  "kecamatan" : "Bojong",
  "kelurahan" : "Kajenengan",
  "kodepos" : "52465"
}, {
  "kecamatan" : "Bojong",
  "kelurahan" : "Danasari",
  "kodepos" : "52465"
}, {
  "kecamatan" : "Bojong",
  "kelurahan" : "Dukuhtengah",
  "kodepos" : "52465"
}, {
  "kecamatan" : "Bojong",
  "kelurahan" : "Buniwah",
  "kodepos" : "52465"
}, {
  "kecamatan" : "Bojong",
  "kelurahan" : "Cikura",
  "kodepos" : "52465"
}, {
  "kecamatan" : "Bojong",
  "kelurahan" : "Batunyana",
  "kodepos" : "52465"
}, {
  "kecamatan" : "Bojong",
  "kelurahan" : "Bojong",
  "kodepos" : "52465"
}, {
  "kecamatan" : "Balapulang",
  "kelurahan" : "Tembongwah",
  "kodepos" : "52464"
}, {
  "kecamatan" : "Balapulang",
  "kelurahan" : "Wringin Jenggot",
  "kodepos" : "52464"
}, {
  "kecamatan" : "Balapulang",
  "kelurahan" : "Sangkanjaya",
  "kodepos" : "52464"
}, {
  "kecamatan" : "Balapulang",
  "kelurahan" : "Sesepan",
  "kodepos" : "52464"
}, {
  "kecamatan" : "Balapulang",
  "kelurahan" : "Pagerwangi",
  "kodepos" : "52464"
}, {
  "kecamatan" : "Balapulang",
  "kelurahan" : "Pamiritan",
  "kodepos" : "52464"
}, {
  "kecamatan" : "Balapulang",
  "kelurahan" : "Kaliwungu",
  "kodepos" : "52464"
}, {
  "kecamatan" : "Balapulang",
  "kelurahan" : "Karangjambu",
  "kodepos" : "52464"
}, {
  "kecamatan" : "Balapulang",
  "kelurahan" : "Harjowinangun",
  "kodepos" : "52464"
}, {
  "kecamatan" : "Balapulang",
  "kelurahan" : "Kalibakung",
  "kodepos" : "52464"
}, {
  "kecamatan" : "Balapulang",
  "kelurahan" : "Danareja",
  "kodepos" : "52464"
}, {
  "kecamatan" : "Balapulang",
  "kelurahan" : "Danawarih",
  "kodepos" : "52464"
}, {
  "kecamatan" : "Balapulang",
  "kelurahan" : "Cibunar",
  "kodepos" : "52464"
}, {
  "kecamatan" : "Balapulang",
  "kelurahan" : "Cilongok",
  "kodepos" : "52464"
}, {
  "kecamatan" : "Balapulang",
  "kelurahan" : "Bukateja",
  "kodepos" : "52464"
}, {
  "kecamatan" : "Balapulang",
  "kelurahan" : "Cenggini",
  "kodepos" : "52464"
}, {
  "kecamatan" : "Balapulang",
  "kelurahan" : "Banjar Anyar",
  "kodepos" : "52464"
}, {
  "kecamatan" : "Balapulang",
  "kelurahan" : "Batuagung",
  "kodepos" : "52464"
}, {
  "kecamatan" : "Balapulang",
  "kelurahan" : "Balapulang Kulon",
  "kodepos" : "52464"
}, {
  "kecamatan" : "Balapulang",
  "kelurahan" : "Balapulang Wetan",
  "kodepos" : "52464"
}, {
  "kecamatan" : "Margasari",
  "kelurahan" : "Prupuk Utara",
  "kodepos" : "52463"
}, {
  "kecamatan" : "Margasari",
  "kelurahan" : "Wanasari",
  "kodepos" : "52463"
}, {
  "kecamatan" : "Margasari",
  "kelurahan" : "Pakulaut",
  "kodepos" : "52463"
}, {
  "kecamatan" : "Margasari",
  "kelurahan" : "Prupuk Selatan",
  "kodepos" : "52463"
}, {
  "kecamatan" : "Margasari",
  "kelurahan" : "Marga Ayu",
  "kodepos" : "52463"
}, {
  "kecamatan" : "Margasari",
  "kelurahan" : "Margasari",
  "kodepos" : "52463"
}, {
  "kecamatan" : "Margasari",
  "kelurahan" : "Kalisalak",
  "kodepos" : "52463"
}, {
  "kecamatan" : "Margasari",
  "kelurahan" : "Karangdawa",
  "kodepos" : "52463"
}, {
  "kecamatan" : "Margasari",
  "kelurahan" : "Jembayat",
  "kodepos" : "52463"
}, {
  "kecamatan" : "Margasari",
  "kelurahan" : "Kaligayam",
  "kodepos" : "52463"
}, {
  "kecamatan" : "Margasari",
  "kelurahan" : "Dukuh Tengah",
  "kodepos" : "52463"
}, {
  "kecamatan" : "Margasari",
  "kelurahan" : "Jatilaba",
  "kodepos" : "52463"
}, {
  "kecamatan" : "Margasari",
  "kelurahan" : "Danaraja",
  "kodepos" : "52463"
}, {
  "kecamatan" : "Pagerbarang",
  "kelurahan" : "Sido Mulyo",
  "kodepos" : "52462"
}, {
  "kecamatan" : "Pagerbarang",
  "kelurahan" : "Srengseng",
  "kodepos" : "52462"
}, {
  "kecamatan" : "Pagerbarang",
  "kelurahan" : "Surokidul",
  "kodepos" : "52462"
}, {
  "kecamatan" : "Pagerbarang",
  "kelurahan" : "Rajegwesi",
  "kodepos" : "52462"
}, {
  "kecamatan" : "Pagerbarang",
  "kelurahan" : "Randusari",
  "kodepos" : "52462"
}, {
  "kecamatan" : "Pagerbarang",
  "kelurahan" : "Semboja",
  "kodepos" : "52462"
}, {
  "kecamatan" : "Pagerbarang",
  "kelurahan" : "Pagerbarang",
  "kodepos" : "52462"
}, {
  "kecamatan" : "Pagerbarang",
  "kelurahan" : "Pesarean",
  "kodepos" : "52462"
}, {
  "kecamatan" : "Pagerbarang",
  "kelurahan" : "Mulyoharjo",
  "kodepos" : "52462"
}, {
  "kecamatan" : "Pagerbarang",
  "kelurahan" : "Kertaharja",
  "kodepos" : "52462"
}, {
  "kecamatan" : "Pagerbarang",
  "kelurahan" : "Karanganyar",
  "kodepos" : "52462"
}, {
  "kecamatan" : "Pagerbarang",
  "kelurahan" : "Kedungsugih",
  "kodepos" : "52462"
}, {
  "kecamatan" : "Lebaksiu",
  "kelurahan" : "Yamansari",
  "kodepos" : "52461"
}, {
  "kecamatan" : "Pagerbarang",
  "kelurahan" : "Jatiwangi",
  "kodepos" : "52462"
}, {
  "kecamatan" : "Lebaksiu",
  "kelurahan" : "Tegalandong",
  "kodepos" : "52461"
}, {
  "kecamatan" : "Lebaksiu",
  "kelurahan" : "Timbangreja",
  "kodepos" : "52461"
}, {
  "kecamatan" : "Lebaksiu",
  "kelurahan" : "Slarang Kidul",
  "kodepos" : "52461"
}, {
  "kecamatan" : "Lebaksiu",
  "kelurahan" : "Lebaksiu Lor",
  "kodepos" : "52461"
}, {
  "kecamatan" : "Lebaksiu",
  "kelurahan" : "Pendawa",
  "kodepos" : "52461"
}, {
  "kecamatan" : "Lebaksiu",
  "kelurahan" : "Lebaksiu Kidul",
  "kodepos" : "52461"
}, {
  "kecamatan" : "Lebaksiu",
  "kelurahan" : "Kesuben",
  "kodepos" : "52461"
}, {
  "kecamatan" : "Lebaksiu",
  "kelurahan" : "Lebak Goah",
  "kodepos" : "52461"
}, {
  "kecamatan" : "Lebaksiu",
  "kelurahan" : "Kambangan",
  "kodepos" : "52461"
}, {
  "kecamatan" : "Lebaksiu",
  "kelurahan" : "Kajen",
  "kodepos" : "52461"
}, {
  "kecamatan" : "Lebaksiu",
  "kelurahan" : "Dukuhlo",
  "kodepos" : "52461"
}, {
  "kecamatan" : "Lebaksiu",
  "kelurahan" : "Jatimulyo",
  "kodepos" : "52461"
}, {
  "kecamatan" : "Lebaksiu",
  "kelurahan" : "Balaradin",
  "kodepos" : "52461"
}, {
  "kecamatan" : "Lebaksiu",
  "kelurahan" : "Dukuhdamu",
  "kodepos" : "52461"
}, {
  "kecamatan" : "Dukuhwaru",
  "kelurahan" : "Selapura",
  "kodepos" : "52451"
}, {
  "kecamatan" : "Dukuhwaru",
  "kelurahan" : "Sindang",
  "kodepos" : "52451"
}, {
  "kecamatan" : "Dukuhwaru",
  "kelurahan" : "Slarang Lor",
  "kodepos" : "52451"
}, {
  "kecamatan" : "Dukuhwaru",
  "kelurahan" : "Kalisoka",
  "kodepos" : "52451"
}, {
  "kecamatan" : "Dukuhwaru",
  "kelurahan" : "Pedagangan",
  "kodepos" : "52451"
}, {
  "kecamatan" : "Dukuhwaru",
  "kelurahan" : "Gumayun",
  "kodepos" : "52451"
}, {
  "kecamatan" : "Dukuhwaru",
  "kelurahan" : "Kabunan",
  "kodepos" : "52451"
}, {
  "kecamatan" : "Dukuhwaru",
  "kelurahan" : "Bulakpacing",
  "kodepos" : "52451"
}, {
  "kecamatan" : "Dukuhwaru",
  "kelurahan" : "Dukuhwaru",
  "kodepos" : "52451"
}, {
  "kecamatan" : "Dukuhwaru",
  "kelurahan" : "Blubuk",
  "kodepos" : "52451"
}, {
  "kecamatan" : "Slawi",
  "kelurahan" : "Dukuh Ringin (Dukuhwringin)",
  "kodepos" : "52419"
}, {
  "kecamatan" : "Slawi",
  "kelurahan" : "Slawi Kulon",
  "kodepos" : "52419"
}, {
  "kecamatan" : "Slawi",
  "kelurahan" : "Kalisapu",
  "kodepos" : "52416"
}, {
  "kecamatan" : "Slawi",
  "kelurahan" : "Dukuh Salam",
  "kodepos" : "52418"
}, {
  "kecamatan" : "Slawi",
  "kelurahan" : "Trayeman",
  "kodepos" : "52414"
}, {
  "kecamatan" : "Slawi",
  "kelurahan" : "Pakembaran",
  "kodepos" : "52415"
}, {
  "kecamatan" : "Slawi",
  "kelurahan" : "Procot",
  "kodepos" : "52412"
}, {
  "kecamatan" : "Slawi",
  "kelurahan" : "Kudaile",
  "kodepos" : "52413"
}, {
  "kecamatan" : "Slawi",
  "kelurahan" : "Kagok",
  "kodepos" : "52411"
}, {
  "kecamatan" : "Slawi",
  "kelurahan" : "Slawi Wetan",
  "kodepos" : "52411"
}, {
  "kecamatan" : "Adiwerna",
  "kelurahan" : "Tembok Lor",
  "kodepos" : "52194"
}, {
  "kecamatan" : "Adiwerna",
  "kelurahan" : "Tembok Luwung",
  "kodepos" : "52194"
}, {
  "kecamatan" : "Adiwerna",
  "kelurahan" : "Ujungrusi",
  "kodepos" : "52194"
}, {
  "kecamatan" : "Adiwerna",
  "kelurahan" : "Tembok Kidul",
  "kodepos" : "52194"
}, {
  "kecamatan" : "Adiwerna",
  "kelurahan" : "Pesarean",
  "kodepos" : "52194"
}, {
  "kecamatan" : "Adiwerna",
  "kelurahan" : "Tembok Banjaran",
  "kodepos" : "52194"
}, {
  "kecamatan" : "Adiwerna",
  "kelurahan" : "Pedeslohor",
  "kodepos" : "52194"
}, {
  "kecamatan" : "Adiwerna",
  "kelurahan" : "Penarukan",
  "kodepos" : "52194"
}, {
  "kecamatan" : "Adiwerna",
  "kelurahan" : "Pagiyanten",
  "kodepos" : "52194"
}, {
  "kecamatan" : "Adiwerna",
  "kelurahan" : "Pecangakan",
  "kodepos" : "52194"
}, {
  "kecamatan" : "Adiwerna",
  "kelurahan" : "Lumingser",
  "kodepos" : "52194"
}, {
  "kecamatan" : "Adiwerna",
  "kelurahan" : "Pagedangan",
  "kodepos" : "52194"
}, {
  "kecamatan" : "Adiwerna",
  "kelurahan" : "Kedungsukun",
  "kodepos" : "52194"
}, {
  "kecamatan" : "Adiwerna",
  "kelurahan" : "Lemahduwur",
  "kodepos" : "52194"
}, {
  "kecamatan" : "Adiwerna",
  "kelurahan" : "Harjosari Lor",
  "kodepos" : "52194"
}, {
  "kecamatan" : "Adiwerna",
  "kelurahan" : "Kaliwadas",
  "kodepos" : "52194"
}, {
  "kecamatan" : "Adiwerna",
  "kelurahan" : "Bersole",
  "kodepos" : "52194"
}, {
  "kecamatan" : "Adiwerna",
  "kelurahan" : "Gumalar",
  "kodepos" : "52194"
}, {
  "kecamatan" : "Adiwerna",
  "kelurahan" : "Harjosari Kidul",
  "kodepos" : "52194"
}, {
  "kecamatan" : "Adiwerna",
  "kelurahan" : "Adiwerna",
  "kodepos" : "52194"
}, {
  "kecamatan" : "Talang",
  "kelurahan" : "Wangandawa",
  "kodepos" : "52193"
}, {
  "kecamatan" : "Talang",
  "kelurahan" : "Pesayangan",
  "kodepos" : "52193"
}, {
  "kecamatan" : "Talang",
  "kelurahan" : "Talang",
  "kodepos" : "52193"
}, {
  "kecamatan" : "Talang",
  "kelurahan" : "Tegalwangi",
  "kodepos" : "52193"
}, {
  "kecamatan" : "Talang",
  "kelurahan" : "Pegirikan",
  "kodepos" : "52193"
}, {
  "kecamatan" : "Talang",
  "kelurahan" : "Pekiringan",
  "kodepos" : "52193"
}, {
  "kecamatan" : "Talang",
  "kelurahan" : "Pacul",
  "kodepos" : "52193"
}, {
  "kecamatan" : "Talang",
  "kelurahan" : "Pasangan",
  "kodepos" : "52193"
}, {
  "kecamatan" : "Talang",
  "kelurahan" : "Kaligayam",
  "kodepos" : "52193"
}, {
  "kecamatan" : "Talang",
  "kelurahan" : "Kebasen",
  "kodepos" : "52193"
}, {
  "kecamatan" : "Talang",
  "kelurahan" : "Langgen",
  "kodepos" : "52193"
}, {
  "kecamatan" : "Talang",
  "kelurahan" : "Kajen",
  "kodepos" : "52193"
}, {
  "kecamatan" : "Talang",
  "kelurahan" : "Kaladawa",
  "kodepos" : "52193"
}, {
  "kecamatan" : "Talang",
  "kelurahan" : "Gembong Kulon",
  "kodepos" : "52193"
}, {
  "kecamatan" : "Talang",
  "kelurahan" : "Getaskerep",
  "kodepos" : "52193"
}, {
  "kecamatan" : "Talang",
  "kelurahan" : "Dawuhan",
  "kodepos" : "52193"
}, {
  "kecamatan" : "Talang",
  "kelurahan" : "Dukuhmalang",
  "kodepos" : "52193"
}, {
  "kecamatan" : "Talang",
  "kelurahan" : "Bengle",
  "kodepos" : "52193"
}, {
  "kecamatan" : "Talang",
  "kelurahan" : "Cangkring",
  "kodepos" : "52193"
}, {
  "kecamatan" : "Dukuhturi",
  "kelurahan" : "Sidapurna",
  "kodepos" : "52192"
}, {
  "kecamatan" : "Dukuhturi",
  "kelurahan" : "Sutapranan",
  "kodepos" : "52192"
}, {
  "kecamatan" : "Dukuhturi",
  "kelurahan" : "Pengarasan",
  "kodepos" : "52192"
}, {
  "kecamatan" : "Dukuhturi",
  "kelurahan" : "Pepedan",
  "kodepos" : "52192"
}, {
  "kecamatan" : "Dukuhturi",
  "kelurahan" : "Sidakaton",
  "kodepos" : "52192"
}, {
  "kecamatan" : "Dukuhturi",
  "kelurahan" : "Pekauman Kulon",
  "kodepos" : "52192"
}, {
  "kecamatan" : "Dukuhturi",
  "kelurahan" : "Pengabean",
  "kodepos" : "52192"
}, {
  "kecamatan" : "Dukuhturi",
  "kelurahan" : "Kupu",
  "kodepos" : "52192"
}, {
  "kecamatan" : "Dukuhturi",
  "kelurahan" : "Lawatan",
  "kodepos" : "52192"
}, {
  "kecamatan" : "Dukuhturi",
  "kelurahan" : "Pagongan",
  "kodepos" : "52192"
}, {
  "kecamatan" : "Dukuhturi",
  "kelurahan" : "Kepandean",
  "kodepos" : "52192"
}, {
  "kecamatan" : "Dukuhturi",
  "kelurahan" : "Ketanggungan",
  "kodepos" : "52192"
}, {
  "kecamatan" : "Dukuhturi",
  "kelurahan" : "Grogol",
  "kodepos" : "52192"
}, {
  "kecamatan" : "Dukuhturi",
  "kelurahan" : "Kademangaran",
  "kodepos" : "52192"
}, {
  "kecamatan" : "Dukuhturi",
  "kelurahan" : "Karanganyar",
  "kodepos" : "52192"
}, {
  "kecamatan" : "Dukuhturi",
  "kelurahan" : "Debong Wetan",
  "kodepos" : "52192"
}, {
  "kecamatan" : "Dukuhturi",
  "kelurahan" : "Dukuhturi",
  "kodepos" : "52192"
}, {
  "kecamatan" : "Tarub",
  "kelurahan" : "Tarub",
  "kodepos" : "52184"
}, {
  "kecamatan" : "Dukuhturi",
  "kelurahan" : "Bandasari",
  "kodepos" : "52192"
}, {
  "kecamatan" : "Tarub",
  "kelurahan" : "Purbasana",
  "kodepos" : "52184"
}, {
  "kecamatan" : "Tarub",
  "kelurahan" : "Setu",
  "kodepos" : "52184"
}, {
  "kecamatan" : "Tarub",
  "kelurahan" : "Lebeteng",
  "kodepos" : "52184"
}, {
  "kecamatan" : "Tarub",
  "kelurahan" : "Mangunsaren",
  "kodepos" : "52184"
}, {
  "kecamatan" : "Tarub",
  "kelurahan" : "Margapadang",
  "kodepos" : "52184"
}, {
  "kecamatan" : "Tarub",
  "kelurahan" : "Mindaka",
  "kodepos" : "52184"
}, {
  "kecamatan" : "Tarub",
  "kelurahan" : "Kesadikan",
  "kodepos" : "52184"
}, {
  "kecamatan" : "Tarub",
  "kelurahan" : "Kesamiran",
  "kodepos" : "52184"
}, {
  "kecamatan" : "Tarub",
  "kelurahan" : "Kedokan Sayang",
  "kodepos" : "52184"
}, {
  "kecamatan" : "Tarub",
  "kelurahan" : "Kedung Bungkus",
  "kodepos" : "52184"
}, {
  "kecamatan" : "Tarub",
  "kelurahan" : "Kemanggungan",
  "kodepos" : "52184"
}, {
  "kecamatan" : "Tarub",
  "kelurahan" : "Kalijambe",
  "kodepos" : "52184"
}, {
  "kecamatan" : "Tarub",
  "kelurahan" : "Karangjati",
  "kodepos" : "52184"
}, {
  "kecamatan" : "Tarub",
  "kelurahan" : "Karangmangu",
  "kodepos" : "52184"
}, {
  "kecamatan" : "Tarub",
  "kelurahan" : "Bumiharja",
  "kodepos" : "52184"
}, {
  "kecamatan" : "Tarub",
  "kelurahan" : "Jatirawa",
  "kodepos" : "52184"
}, {
  "kecamatan" : "Tarub",
  "kelurahan" : "Kabukan",
  "kodepos" : "52184"
}, {
  "kecamatan" : "Tarub",
  "kelurahan" : "Brekat",
  "kodepos" : "52184"
}, {
  "kecamatan" : "Tarub",
  "kelurahan" : "Bulakwaru",
  "kodepos" : "52184"
}, {
  "kecamatan" : "Warurejo",
  "kelurahan" : "Sigentong",
  "kodepos" : "52183"
}, {
  "kecamatan" : "Warurejo",
  "kelurahan" : "Sukareja",
  "kodepos" : "52183"
}, {
  "kecamatan" : "Warurejo",
  "kelurahan" : "Warureja",
  "kodepos" : "52183"
}, {
  "kecamatan" : "Warurejo",
  "kelurahan" : "Sidomulyo",
  "kodepos" : "52183"
}, {
  "kecamatan" : "Warurejo",
  "kelurahan" : "Rangimulya",
  "kodepos" : "52183"
}, {
  "kecamatan" : "Warurejo",
  "kelurahan" : "Kedungkelor",
  "kodepos" : "52183"
}, {
  "kecamatan" : "Warurejo",
  "kelurahan" : "Kendayakan",
  "kodepos" : "52183"
}, {
  "kecamatan" : "Warurejo",
  "kelurahan" : "Kreman",
  "kodepos" : "52183"
}, {
  "kecamatan" : "Warurejo",
  "kelurahan" : "Kedungjati",
  "kodepos" : "52183"
}, {
  "kecamatan" : "Warurejo",
  "kelurahan" : "Banjar Agung",
  "kodepos" : "52183"
}, {
  "kecamatan" : "Warurejo",
  "kelurahan" : "Banjarturi",
  "kodepos" : "52183"
}, {
  "kecamatan" : "Warurejo",
  "kelurahan" : "Demangharjo",
  "kodepos" : "52183"
}, {
  "kecamatan" : "Surodadi",
  "kelurahan" : "Suradadi",
  "kodepos" : "52182"
}, {
  "kecamatan" : "Surodadi",
  "kelurahan" : "Kertasari",
  "kodepos" : "52182"
}, {
  "kecamatan" : "Surodadi",
  "kelurahan" : "Purwahamba",
  "kodepos" : "52182"
}, {
  "kecamatan" : "Surodadi",
  "kelurahan" : "Sidoharjo",
  "kodepos" : "52182"
}, {
  "kecamatan" : "Surodadi",
  "kelurahan" : "Karangmulya",
  "kodepos" : "52182"
}, {
  "kecamatan" : "Surodadi",
  "kelurahan" : "Karangwuluh",
  "kodepos" : "52182"
}, {
  "kecamatan" : "Surodadi",
  "kelurahan" : "Jatibogor",
  "kodepos" : "52182"
}, {
  "kecamatan" : "Surodadi",
  "kelurahan" : "Jatimulya",
  "kodepos" : "52182"
}, {
  "kecamatan" : "Surodadi",
  "kelurahan" : "Harjasari",
  "kodepos" : "52182"
}, {
  "kecamatan" : "Surodadi",
  "kelurahan" : "Gembongdadi",
  "kodepos" : "52182"
}, {
  "kecamatan" : "Kramat",
  "kelurahan" : "Tanjungharja",
  "kodepos" : "52181"
}, {
  "kecamatan" : "Surodadi",
  "kelurahan" : "Bojongsana",
  "kodepos" : "52182"
}, {
  "kecamatan" : "Kramat",
  "kelurahan" : "Padaharja",
  "kodepos" : "52181"
}, {
  "kecamatan" : "Kramat",
  "kelurahan" : "Plumbungan",
  "kodepos" : "52181"
}, {
  "kecamatan" : "Kramat",
  "kelurahan" : "Mejasem Barat",
  "kodepos" : "52181"
}, {
  "kecamatan" : "Kramat",
  "kelurahan" : "Mejasem Timur",
  "kodepos" : "52181"
}, {
  "kecamatan" : "Kramat",
  "kelurahan" : "Munjung Agung",
  "kodepos" : "52181"
}, {
  "kecamatan" : "Kramat",
  "kelurahan" : "Kramat",
  "kodepos" : "52181"
}, {
  "kecamatan" : "Kramat",
  "kelurahan" : "Maribaya",
  "kodepos" : "52181"
}, {
  "kecamatan" : "Kramat",
  "kelurahan" : "Ketileng",
  "kodepos" : "52181"
}, {
  "kecamatan" : "Kramat",
  "kelurahan" : "Kertaharja",
  "kodepos" : "52181"
}, {
  "kecamatan" : "Kramat",
  "kelurahan" : "Kertayasa",
  "kodepos" : "52181"
}, {
  "kecamatan" : "Kramat",
  "kelurahan" : "Kemuning",
  "kodepos" : "52181"
}, {
  "kecamatan" : "Kramat",
  "kelurahan" : "Kepunduhan",
  "kodepos" : "52181"
}, {
  "kecamatan" : "Kramat",
  "kelurahan" : "Kemantran",
  "kodepos" : "52181"
}, {
  "kecamatan" : "Kramat",
  "kelurahan" : "Dampyak",
  "kodepos" : "52181"
}, {
  "kecamatan" : "Kramat",
  "kelurahan" : "Dinuk",
  "kodepos" : "52181"
}, {
  "kecamatan" : "Kramat",
  "kelurahan" : "Jatilawang",
  "kodepos" : "52181"
}, {
  "kecamatan" : "Kramat",
  "kelurahan" : "Bangun Galih",
  "kodepos" : "52181"
}, {
  "kecamatan" : "Kramat",
  "kelurahan" : "Bongkok",
  "kodepos" : "52181"
}, {
  "kecamatan" : "Margadana",
  "kelurahan" : "Pesurungan Lor",
  "kodepos" : "52147"
}, {
  "kecamatan" : "Kramat",
  "kelurahan" : "Babakan",
  "kodepos" : "52181"
}, {
  "kecamatan" : "Margadana",
  "kelurahan" : "Cabawan",
  "kodepos" : "52147"
}, {
  "kecamatan" : "Margadana",
  "kelurahan" : "Kaligangsa",
  "kodepos" : "52147"
}, {
  "kecamatan" : "Margadana",
  "kelurahan" : "Kalinyamat Kulon",
  "kodepos" : "52144"
}, {
  "kecamatan" : "Margadana",
  "kelurahan" : "Krandon",
  "kodepos" : "52146"
}, {
  "kecamatan" : "Margadana",
  "kelurahan" : "Margadana",
  "kodepos" : "52143"
}, {
  "kecamatan" : "Margadana",
  "kelurahan" : "Sumurpanggang",
  "kodepos" : "52141"
}, {
  "kecamatan" : "Tegal Selatan",
  "kelurahan" : "Debong Kidul",
  "kodepos" : "52138"
}, {
  "kecamatan" : "Tegal Selatan",
  "kelurahan" : "Bandung",
  "kodepos" : "52137"
}, {
  "kecamatan" : "Tegal Selatan",
  "kelurahan" : "Kalinyamat Wetan",
  "kodepos" : "52136"
}, {
  "kecamatan" : "Tegal Selatan",
  "kelurahan" : "Keturen",
  "kodepos" : "52134"
}, {
  "kecamatan" : "Tegal Selatan",
  "kelurahan" : "Tunon",
  "kodepos" : "52135"
}, {
  "kecamatan" : "Tegal Selatan",
  "kelurahan" : "Debong Kulon",
  "kodepos" : "52133"
}, {
  "kecamatan" : "Tegal Selatan",
  "kelurahan" : "Debong Tengah",
  "kodepos" : "52132"
}, {
  "kecamatan" : "Tegal Selatan",
  "kelurahan" : "Randugunting",
  "kodepos" : "52131"
}, {
  "kecamatan" : "Tegal Timur",
  "kelurahan" : "Slerok",
  "kodepos" : "52125"
}, {
  "kecamatan" : "Tegal Barat",
  "kelurahan" : "Pekauman",
  "kodepos" : "52125"
}, {
  "kecamatan" : "Tegal Timur",
  "kelurahan" : "Kejambon",
  "kodepos" : "52124"
}, {
  "kecamatan" : "Tegal Timur",
  "kelurahan" : "Mangkukusuman",
  "kodepos" : "52123"
}, {
  "kecamatan" : "Tegal Timur",
  "kelurahan" : "Panggung",
  "kodepos" : "52122"
}, {
  "kecamatan" : "Tegal Timur",
  "kelurahan" : "Mintaragen",
  "kodepos" : "52121"
}, {
  "kecamatan" : "Adiwerna",
  "kelurahan" : "Kalimati",
  "kodepos" : "52121"
}, {
  "kecamatan" : "Tegal Barat",
  "kelurahan" : "Muarareja",
  "kodepos" : "52117"
}, {
  "kecamatan" : "Tegal Barat",
  "kelurahan" : "Pesurungan Kidul",
  "kodepos" : "52117"
}, {
  "kecamatan" : "Tegal Barat",
  "kelurahan" : "Debong Lor",
  "kodepos" : "52115"
}, {
  "kecamatan" : "Tegal Barat",
  "kelurahan" : "Kemandungan",
  "kodepos" : "52114"
}, {
  "kecamatan" : "Tegal Barat",
  "kelurahan" : "Kraton",
  "kodepos" : "52112"
}, {
  "kecamatan" : "Tegal Barat",
  "kelurahan" : "Tegalsari",
  "kodepos" : "52111"
} ]
