[ {
  "kecamatan" : "Ulujami",
  "kelurahan" : "Wiyorowetan",
  "kodepos" : "52371"
}, {
  "kecamatan" : "Ulujami",
  "kelurahan" : "Sukorejo",
  "kodepos" : "52371"
}, {
  "kecamatan" : "Ulujami",
  "kelurahan" : "Tasikrejo",
  "kodepos" : "52371"
}, {
  "kecamatan" : "Ulujami",
  "kelurahan" : "Rowosari",
  "kodepos" : "52371"
}, {
  "kecamatan" : "Ulujami",
  "kelurahan" : "Samong",
  "kodepos" : "52371"
}, {
  "kecamatan" : "Ulujami",
  "kelurahan" : "Pesantren",
  "kodepos" : "52371"
}, {
  "kecamatan" : "Ulujami",
  "kelurahan" : "Pagergunung",
  "kodepos" : "52371"
}, {
  "kecamatan" : "Ulujami",
  "kelurahan" : "Pamutih",
  "kodepos" : "52371"
}, {
  "kecamatan" : "Ulujami",
  "kelurahan" : "Mojo",
  "kodepos" : "52371"
}, {
  "kecamatan" : "Ulujami",
  "kelurahan" : "Padek",
  "kodepos" : "52371"
}, {
  "kecamatan" : "Ulujami",
  "kelurahan" : "Ketapang",
  "kodepos" : "52371"
}, {
  "kecamatan" : "Ulujami",
  "kelurahan" : "Limbangan",
  "kodepos" : "52371"
}, {
  "kecamatan" : "Ulujami",
  "kelurahan" : "Kaliprau",
  "kodepos" : "52371"
}, {
  "kecamatan" : "Ulujami",
  "kelurahan" : "Kertosari",
  "kodepos" : "52371"
}, {
  "kecamatan" : "Ulujami",
  "kelurahan" : "Botekan",
  "kodepos" : "52371"
}, {
  "kecamatan" : "Ulujami",
  "kelurahan" : "Bumirejo",
  "kodepos" : "52371"
}, {
  "kecamatan" : "Ulujami",
  "kelurahan" : "Ambowetan",
  "kodepos" : "52371"
}, {
  "kecamatan" : "Ulujami",
  "kelurahan" : "Blendung",
  "kodepos" : "52371"
}, {
  "kecamatan" : "Bodeh",
  "kelurahan" : "Pendowo",
  "kodepos" : "52365"
}, {
  "kecamatan" : "Bodeh",
  "kelurahan" : "Pasir",
  "kodepos" : "52365"
}, {
  "kecamatan" : "Bodeh",
  "kelurahan" : "Payung",
  "kodepos" : "52365"
}, {
  "kecamatan" : "Bodeh",
  "kelurahan" : "Parunggalih",
  "kodepos" : "52365"
}, {
  "kecamatan" : "Bodeh",
  "kelurahan" : "Kwasen",
  "kodepos" : "52365"
}, {
  "kecamatan" : "Bodeh",
  "kelurahan" : "Longkeyang",
  "kodepos" : "52365"
}, {
  "kecamatan" : "Bodeh",
  "kelurahan" : "Muncang",
  "kodepos" : "52365"
}, {
  "kecamatan" : "Bodeh",
  "kelurahan" : "Kesesirejo",
  "kodepos" : "52365"
}, {
  "kecamatan" : "Bodeh",
  "kelurahan" : "Kebandungan",
  "kodepos" : "52365"
}, {
  "kecamatan" : "Bodeh",
  "kelurahan" : "Kelangdepok",
  "kodepos" : "52365"
}, {
  "kecamatan" : "Bodeh",
  "kelurahan" : "Karangbrai",
  "kodepos" : "52365"
}, {
  "kecamatan" : "Bodeh",
  "kelurahan" : "Kebandaran",
  "kodepos" : "52365"
}, {
  "kecamatan" : "Bodeh",
  "kelurahan" : "Jatiroyom",
  "kodepos" : "52365"
}, {
  "kecamatan" : "Bodeh",
  "kelurahan" : "Jraganan",
  "kodepos" : "52365"
}, {
  "kecamatan" : "Bodeh",
  "kelurahan" : "Gunungbatu",
  "kodepos" : "52365"
}, {
  "kecamatan" : "Bodeh",
  "kelurahan" : "Jatingarang",
  "kodepos" : "52365"
}, {
  "kecamatan" : "Bodeh",
  "kelurahan" : "Bodeh",
  "kodepos" : "52365"
}, {
  "kecamatan" : "Bodeh",
  "kelurahan" : "Cangak",
  "kodepos" : "52365"
}, {
  "kecamatan" : "Ampelgading",
  "kelurahan" : "Wonogiri",
  "kodepos" : "52364"
}, {
  "kecamatan" : "Bodeh",
  "kelurahan" : "Babakan",
  "kodepos" : "52365"
}, {
  "kecamatan" : "Ampelgading",
  "kelurahan" : "Tegalsari Timur",
  "kodepos" : "52364"
}, {
  "kecamatan" : "Ampelgading",
  "kelurahan" : "Ujunggede",
  "kodepos" : "52364"
}, {
  "kecamatan" : "Ampelgading",
  "kelurahan" : "Sokawati",
  "kodepos" : "52364"
}, {
  "kecamatan" : "Ampelgading",
  "kelurahan" : "Tegalsari Barat",
  "kodepos" : "52364"
}, {
  "kecamatan" : "Ampelgading",
  "kelurahan" : "Kemuning",
  "kodepos" : "52364"
}, {
  "kecamatan" : "Ampelgading",
  "kelurahan" : "Losari",
  "kodepos" : "52364"
}, {
  "kecamatan" : "Ampelgading",
  "kelurahan" : "Sidokare",
  "kodepos" : "52364"
}, {
  "kecamatan" : "Ampelgading",
  "kelurahan" : "Karangtengah",
  "kodepos" : "52364"
}, {
  "kecamatan" : "Ampelgading",
  "kelurahan" : "Kebagusan",
  "kodepos" : "52364"
}, {
  "kecamatan" : "Ampelgading",
  "kelurahan" : "Cibiyuk",
  "kodepos" : "52364"
}, {
  "kecamatan" : "Ampelgading",
  "kelurahan" : "Jatirejo",
  "kodepos" : "52364"
}, {
  "kecamatan" : "Ampelgading",
  "kelurahan" : "Karangtalok",
  "kodepos" : "52364"
}, {
  "kecamatan" : "Ampelgading",
  "kelurahan" : "Blimbing",
  "kodepos" : "52364"
}, {
  "kecamatan" : "Ampelgading",
  "kelurahan" : "Ampelgading",
  "kodepos" : "52364"
}, {
  "kecamatan" : "Ampelgading",
  "kelurahan" : "Banglarangan",
  "kodepos" : "52364"
}, {
  "kecamatan" : "Comal",
  "kelurahan" : "Tumbal",
  "kodepos" : "52363"
}, {
  "kecamatan" : "Comal",
  "kelurahan" : "Wonokromo",
  "kodepos" : "52363"
}, {
  "kecamatan" : "Comal",
  "kelurahan" : "Sidorejo",
  "kodepos" : "52363"
}, {
  "kecamatan" : "Comal",
  "kelurahan" : "Sikayu",
  "kodepos" : "52363"
}, {
  "kecamatan" : "Comal",
  "kelurahan" : "Susukan",
  "kodepos" : "52363"
}, {
  "kecamatan" : "Comal",
  "kelurahan" : "Purwoharjo",
  "kodepos" : "52363"
}, {
  "kecamatan" : "Comal",
  "kelurahan" : "Purwosari",
  "kodepos" : "52363"
}, {
  "kecamatan" : "Comal",
  "kelurahan" : "Sarwodadi",
  "kodepos" : "52363"
}, {
  "kecamatan" : "Comal",
  "kelurahan" : "Lowa",
  "kodepos" : "52363"
}, {
  "kecamatan" : "Comal",
  "kelurahan" : "Pecangakan",
  "kodepos" : "52363"
}, {
  "kecamatan" : "Comal",
  "kelurahan" : "Kauman",
  "kodepos" : "52363"
}, {
  "kecamatan" : "Comal",
  "kelurahan" : "Kebojongan",
  "kodepos" : "52363"
}, {
  "kecamatan" : "Comal",
  "kelurahan" : "Klegen",
  "kodepos" : "52363"
}, {
  "kecamatan" : "Comal",
  "kelurahan" : "Gintung",
  "kodepos" : "52363"
}, {
  "kecamatan" : "Comal",
  "kelurahan" : "Kandang",
  "kodepos" : "52363"
}, {
  "kecamatan" : "Comal",
  "kelurahan" : "Ambokulon",
  "kodepos" : "52363"
}, {
  "kecamatan" : "Comal",
  "kelurahan" : "Gandu",
  "kodepos" : "52363"
}, {
  "kecamatan" : "Comal",
  "kelurahan" : "Gedeg",
  "kodepos" : "52363"
}, {
  "kecamatan" : "Petarukan",
  "kelurahan" : "Temuireng",
  "kodepos" : "52362"
}, {
  "kecamatan" : "Petarukan",
  "kelurahan" : "Widodaren",
  "kodepos" : "52362"
}, {
  "kecamatan" : "Petarukan",
  "kelurahan" : "Sirangkang",
  "kodepos" : "52362"
}, {
  "kecamatan" : "Petarukan",
  "kelurahan" : "Tegalmlati",
  "kodepos" : "52362"
}, {
  "kecamatan" : "Petarukan",
  "kelurahan" : "Petarukan",
  "kodepos" : "52362"
}, {
  "kecamatan" : "Petarukan",
  "kelurahan" : "Serang",
  "kodepos" : "52362"
}, {
  "kecamatan" : "Petarukan",
  "kelurahan" : "Petanjungan",
  "kodepos" : "52362"
}, {
  "kecamatan" : "Petarukan",
  "kelurahan" : "Panjunan",
  "kodepos" : "52362"
}, {
  "kecamatan" : "Petarukan",
  "kelurahan" : "Pegundan",
  "kodepos" : "52362"
}, {
  "kecamatan" : "Petarukan",
  "kelurahan" : "Pesucen",
  "kodepos" : "52362"
}, {
  "kecamatan" : "Petarukan",
  "kelurahan" : "Loning",
  "kodepos" : "52362"
}, {
  "kecamatan" : "Petarukan",
  "kelurahan" : "Nyamplung Sari",
  "kodepos" : "52362"
}, {
  "kecamatan" : "Petarukan",
  "kelurahan" : "Kendalrejo",
  "kodepos" : "52362"
}, {
  "kecamatan" : "Petarukan",
  "kelurahan" : "Kendalsari",
  "kodepos" : "52362"
}, {
  "kecamatan" : "Petarukan",
  "kelurahan" : "Klareyan",
  "kodepos" : "52362"
}, {
  "kecamatan" : "Petarukan",
  "kelurahan" : "Kendaldoyong",
  "kodepos" : "52362"
}, {
  "kecamatan" : "Petarukan",
  "kelurahan" : "Iser",
  "kodepos" : "52362"
}, {
  "kecamatan" : "Petarukan",
  "kelurahan" : "Kalirandu",
  "kodepos" : "52362"
}, {
  "kecamatan" : "Petarukan",
  "kelurahan" : "Karangasem",
  "kodepos" : "52362"
}, {
  "kecamatan" : "Petarukan",
  "kelurahan" : "Bulu",
  "kodepos" : "52362"
}, {
  "kecamatan" : "Taman",
  "kelurahan" : "Wanarejan Selatan",
  "kodepos" : "52361"
}, {
  "kecamatan" : "Taman",
  "kelurahan" : "Wanarejan Utara",
  "kodepos" : "52361"
}, {
  "kecamatan" : "Taman",
  "kelurahan" : "Sokawangi",
  "kodepos" : "52361"
}, {
  "kecamatan" : "Taman",
  "kelurahan" : "Taman",
  "kodepos" : "52361"
}, {
  "kecamatan" : "Taman",
  "kelurahan" : "Penggarit",
  "kodepos" : "52361"
}, {
  "kecamatan" : "Taman",
  "kelurahan" : "Sitemu",
  "kodepos" : "52361"
}, {
  "kecamatan" : "Taman",
  "kelurahan" : "Pener",
  "kodepos" : "52361"
}, {
  "kecamatan" : "Taman",
  "kelurahan" : "Pedurungan",
  "kodepos" : "52361"
}, {
  "kecamatan" : "Taman",
  "kelurahan" : "Kedungbanjar",
  "kodepos" : "52361"
}, {
  "kecamatan" : "Taman",
  "kelurahan" : "Kejambon",
  "kodepos" : "52361"
}, {
  "kecamatan" : "Taman",
  "kelurahan" : "Jrakah",
  "kodepos" : "52361"
}, {
  "kecamatan" : "Taman",
  "kelurahan" : "Kabunan",
  "kodepos" : "52361"
}, {
  "kecamatan" : "Taman",
  "kelurahan" : "Kaligelang",
  "kodepos" : "52361"
}, {
  "kecamatan" : "Taman",
  "kelurahan" : "Jebed Selatan",
  "kodepos" : "52361"
}, {
  "kecamatan" : "Taman",
  "kelurahan" : "Jebed Utara",
  "kodepos" : "52361"
}, {
  "kecamatan" : "Taman",
  "kelurahan" : "Gondang",
  "kodepos" : "52361"
}, {
  "kecamatan" : "Taman",
  "kelurahan" : "Beji",
  "kodepos" : "52361"
}, {
  "kecamatan" : "Taman",
  "kelurahan" : "Cibelok",
  "kodepos" : "52361"
}, {
  "kecamatan" : "Taman",
  "kelurahan" : "Asemdoyong",
  "kodepos" : "52361"
}, {
  "kecamatan" : "Taman",
  "kelurahan" : "Banjaran",
  "kodepos" : "52361"
}, {
  "kecamatan" : "Taman",
  "kelurahan" : "Banjardawa",
  "kodepos" : "52361"
}, {
  "kecamatan" : "Watukumpul",
  "kelurahan" : "Watukumpul",
  "kodepos" : "52357"
}, {
  "kecamatan" : "Watukumpul",
  "kelurahan" : "Wisnu",
  "kodepos" : "52357"
}, {
  "kecamatan" : "Watukumpul",
  "kelurahan" : "Tundagan",
  "kodepos" : "52357"
}, {
  "kecamatan" : "Watukumpul",
  "kelurahan" : "Tambi",
  "kodepos" : "52357"
}, {
  "kecamatan" : "Watukumpul",
  "kelurahan" : "Tlagasana",
  "kodepos" : "52357"
}, {
  "kecamatan" : "Watukumpul",
  "kelurahan" : "Medayu",
  "kodepos" : "52357"
}, {
  "kecamatan" : "Watukumpul",
  "kelurahan" : "Pagelaran",
  "kodepos" : "52357"
}, {
  "kecamatan" : "Watukumpul",
  "kelurahan" : "Jojogan",
  "kodepos" : "52357"
}, {
  "kecamatan" : "Watukumpul",
  "kelurahan" : "Majakerta",
  "kodepos" : "52357"
}, {
  "kecamatan" : "Watukumpul",
  "kelurahan" : "Majalangu",
  "kodepos" : "52357"
}, {
  "kecamatan" : "Watukumpul",
  "kelurahan" : "Cikadu",
  "kodepos" : "52357"
}, {
  "kecamatan" : "Watukumpul",
  "kelurahan" : "Gapura",
  "kodepos" : "52357"
}, {
  "kecamatan" : "Watukumpul",
  "kelurahan" : "Bongas",
  "kodepos" : "52357"
}, {
  "kecamatan" : "Watukumpul",
  "kelurahan" : "Cawet",
  "kodepos" : "52357"
}, {
  "kecamatan" : "Watukumpul",
  "kelurahan" : "Bodas",
  "kodepos" : "52357"
}, {
  "kecamatan" : "Belik",
  "kelurahan" : "Mendelem",
  "kodepos" : "52356"
}, {
  "kecamatan" : "Belik",
  "kelurahan" : "Sikasur",
  "kodepos" : "52356"
}, {
  "kecamatan" : "Belik",
  "kelurahan" : "Simpur",
  "kodepos" : "52356"
}, {
  "kecamatan" : "Belik",
  "kelurahan" : "Kuta",
  "kodepos" : "52356"
}, {
  "kecamatan" : "Belik",
  "kelurahan" : "Gunungtiga",
  "kodepos" : "52356"
}, {
  "kecamatan" : "Belik",
  "kelurahan" : "Kalisaleh",
  "kodepos" : "52356"
}, {
  "kecamatan" : "Belik",
  "kelurahan" : "Gombong",
  "kodepos" : "52356"
}, {
  "kecamatan" : "Belik",
  "kelurahan" : "Gunungjaya",
  "kodepos" : "52356"
}, {
  "kecamatan" : "Belik",
  "kelurahan" : "Beluk",
  "kodepos" : "52356"
}, {
  "kecamatan" : "Belik",
  "kelurahan" : "Bulakan",
  "kodepos" : "52356"
}, {
  "kecamatan" : "Belik",
  "kelurahan" : "Belik",
  "kodepos" : "52356"
}, {
  "kecamatan" : "Belik",
  "kelurahan" : "Badak",
  "kodepos" : "52356"
}, {
  "kecamatan" : "Pulosari",
  "kelurahan" : "Pulosari",
  "kodepos" : "52355"
}, {
  "kecamatan" : "Pulosari",
  "kelurahan" : "Siremeng",
  "kodepos" : "52355"
}, {
  "kecamatan" : "Pulosari",
  "kelurahan" : "Nyalembeng",
  "kodepos" : "52355"
}, {
  "kecamatan" : "Pulosari",
  "kelurahan" : "Pagenteran",
  "kodepos" : "52355"
}, {
  "kecamatan" : "Pulosari",
  "kelurahan" : "Penakir",
  "kodepos" : "52355"
}, {
  "kecamatan" : "Pulosari",
  "kelurahan" : "Jurangmangu",
  "kodepos" : "52355"
}, {
  "kecamatan" : "Pulosari",
  "kelurahan" : "Karangsari",
  "kodepos" : "52355"
}, {
  "kecamatan" : "Pulosari",
  "kelurahan" : "Gambuhan",
  "kodepos" : "52355"
}, {
  "kecamatan" : "Pulosari",
  "kelurahan" : "Gunungsari",
  "kodepos" : "52355"
}, {
  "kecamatan" : "Pulosari",
  "kelurahan" : "Cikendung",
  "kodepos" : "52355"
}, {
  "kecamatan" : "Pulosari",
  "kelurahan" : "Clekatakan",
  "kodepos" : "52355"
}, {
  "kecamatan" : "Pulosari",
  "kelurahan" : "Batursari",
  "kodepos" : "52355"
}, {
  "kecamatan" : "Moga",
  "kelurahan" : "Wangkelang",
  "kodepos" : "52354"
}, {
  "kecamatan" : "Warungpring",
  "kelurahan" : "Warungpring",
  "kodepos" : "52354"
}, {
  "kecamatan" : "Moga",
  "kelurahan" : "Sima",
  "kodepos" : "52354"
}, {
  "kecamatan" : "Moga",
  "kelurahan" : "Walangsanga",
  "kodepos" : "52354"
}, {
  "kecamatan" : "Moga",
  "kelurahan" : "Pepedan",
  "kodepos" : "52354"
}, {
  "kecamatan" : "Moga",
  "kelurahan" : "Plakaran",
  "kodepos" : "52354"
}, {
  "kecamatan" : "Moga",
  "kelurahan" : "Moga",
  "kodepos" : "52354"
}, {
  "kecamatan" : "Warungpring",
  "kelurahan" : "Mereng",
  "kodepos" : "52354"
}, {
  "kecamatan" : "Warungpring",
  "kelurahan" : "Pakembaran",
  "kodepos" : "52354"
}, {
  "kecamatan" : "Moga",
  "kelurahan" : "Kebanggan",
  "kodepos" : "52354"
}, {
  "kecamatan" : "Moga",
  "kelurahan" : "Mandiraja",
  "kodepos" : "52354"
}, {
  "kecamatan" : "Warungpring",
  "kelurahan" : "Datar",
  "kodepos" : "52354"
}, {
  "kecamatan" : "Warungpring",
  "kelurahan" : "Karangdawa",
  "kodepos" : "52354"
}, {
  "kecamatan" : "Moga",
  "kelurahan" : "Gendowang",
  "kodepos" : "52354"
}, {
  "kecamatan" : "Warungpring",
  "kelurahan" : "Cibuyur",
  "kodepos" : "52354"
}, {
  "kecamatan" : "Randudongkal",
  "kelurahan" : "Semingkir",
  "kodepos" : "52353"
}, {
  "kecamatan" : "Randudongkal",
  "kelurahan" : "Tanahbaya",
  "kodepos" : "52353"
}, {
  "kecamatan" : "Moga",
  "kelurahan" : "Banyumudal",
  "kodepos" : "52354"
}, {
  "kecamatan" : "Randudongkal",
  "kelurahan" : "Rembul",
  "kodepos" : "52353"
}, {
  "kecamatan" : "Randudongkal",
  "kelurahan" : "Semaya",
  "kodepos" : "52353"
}, {
  "kecamatan" : "Randudongkal",
  "kelurahan" : "Penusupan",
  "kodepos" : "52353"
}, {
  "kecamatan" : "Randudongkal",
  "kelurahan" : "Randudongkal",
  "kodepos" : "52353"
}, {
  "kecamatan" : "Randudongkal",
  "kelurahan" : "Mejagong",
  "kodepos" : "52353"
}, {
  "kecamatan" : "Randudongkal",
  "kelurahan" : "Kreyo",
  "kodepos" : "52353"
}, {
  "kecamatan" : "Randudongkal",
  "kelurahan" : "Lodaya",
  "kodepos" : "52353"
}, {
  "kecamatan" : "Randudongkal",
  "kelurahan" : "Mangli",
  "kodepos" : "52353"
}, {
  "kecamatan" : "Randudongkal",
  "kelurahan" : "Kecepit",
  "kodepos" : "52353"
}, {
  "kecamatan" : "Randudongkal",
  "kelurahan" : "Kejene",
  "kodepos" : "52353"
}, {
  "kecamatan" : "Randudongkal",
  "kelurahan" : "Karangmoncol",
  "kodepos" : "52353"
}, {
  "kecamatan" : "Randudongkal",
  "kelurahan" : "Kalitorong",
  "kodepos" : "52353"
}, {
  "kecamatan" : "Randudongkal",
  "kelurahan" : "Gongseng",
  "kodepos" : "52353"
}, {
  "kecamatan" : "Randudongkal",
  "kelurahan" : "Kalimas",
  "kodepos" : "52353"
}, {
  "kecamatan" : "Bantarbolang",
  "kelurahan" : "Wanarata",
  "kodepos" : "52352"
}, {
  "kecamatan" : "Randudongkal",
  "kelurahan" : "Banjaranyar",
  "kodepos" : "52353"
}, {
  "kecamatan" : "Randudongkal",
  "kelurahan" : "Gembyang",
  "kodepos" : "52353"
}, {
  "kecamatan" : "Bantarbolang",
  "kelurahan" : "Sarwodadi",
  "kodepos" : "52352"
}, {
  "kecamatan" : "Bantarbolang",
  "kelurahan" : "Sumurkidang",
  "kodepos" : "52352"
}, {
  "kecamatan" : "Bantarbolang",
  "kelurahan" : "Suru",
  "kodepos" : "52352"
}, {
  "kecamatan" : "Bantarbolang",
  "kelurahan" : "Pegiringan",
  "kodepos" : "52352"
}, {
  "kecamatan" : "Bantarbolang",
  "kelurahan" : "Purana",
  "kodepos" : "52352"
}, {
  "kecamatan" : "Bantarbolang",
  "kelurahan" : "Sambeng",
  "kodepos" : "52352"
}, {
  "kecamatan" : "Bantarbolang",
  "kelurahan" : "Paguyangan",
  "kodepos" : "52352"
}, {
  "kecamatan" : "Bantarbolang",
  "kelurahan" : "Pedagung",
  "kodepos" : "52352"
}, {
  "kecamatan" : "Bantarbolang",
  "kelurahan" : "Pabuaran",
  "kodepos" : "52352"
}, {
  "kecamatan" : "Bantarbolang",
  "kelurahan" : "Lenggerong",
  "kodepos" : "52352"
}, {
  "kecamatan" : "Bantarbolang",
  "kelurahan" : "Karanganyar",
  "kodepos" : "52352"
}, {
  "kecamatan" : "Bantarbolang",
  "kelurahan" : "Kebon Gede",
  "kodepos" : "52352"
}, {
  "kecamatan" : "Bantarbolang",
  "kelurahan" : "Kuta",
  "kodepos" : "52352"
}, {
  "kecamatan" : "Bantarbolang",
  "kelurahan" : "Glandang",
  "kodepos" : "52352"
}, {
  "kecamatan" : "Bantarbolang",
  "kelurahan" : "Banjarsari",
  "kodepos" : "52352"
}, {
  "kecamatan" : "Bantarbolang",
  "kelurahan" : "Bantarbolang",
  "kodepos" : "52352"
}, {
  "kecamatan" : "Pemalang",
  "kelurahan" : "Saradan",
  "kodepos" : "52319"
}, {
  "kecamatan" : "Pemalang",
  "kelurahan" : "Sewaka",
  "kodepos" : "52319"
}, {
  "kecamatan" : "Pemalang",
  "kelurahan" : "Sungapan",
  "kodepos" : "52319"
}, {
  "kecamatan" : "Pemalang",
  "kelurahan" : "Wanamulya",
  "kodepos" : "52319"
}, {
  "kecamatan" : "Pemalang",
  "kelurahan" : "Paduraksa",
  "kodepos" : "52319"
}, {
  "kecamatan" : "Pemalang",
  "kelurahan" : "Pagongsoran",
  "kodepos" : "52319"
}, {
  "kecamatan" : "Pemalang",
  "kelurahan" : "Bojongbata",
  "kodepos" : "52319"
}, {
  "kecamatan" : "Pemalang",
  "kelurahan" : "Bojongbata",
  "kodepos" : "52319"
}, {
  "kecamatan" : "Pemalang",
  "kelurahan" : "Surajaya",
  "kodepos" : "52318"
}, {
  "kecamatan" : "Pemalang",
  "kelurahan" : "Banjarmulya",
  "kodepos" : "52319"
}, {
  "kecamatan" : "Pemalang",
  "kelurahan" : "Tambakrejo",
  "kodepos" : "52317"
}, {
  "kecamatan" : "Pemalang",
  "kelurahan" : "Bojongnangka",
  "kodepos" : "52318"
}, {
  "kecamatan" : "Pemalang",
  "kelurahan" : "Kramat",
  "kodepos" : "52318"
}, {
  "kecamatan" : "Pemalang",
  "kelurahan" : "Widuri",
  "kodepos" : "52314"
}, {
  "kecamatan" : "Pemalang",
  "kelurahan" : "Sugihwaras",
  "kodepos" : "52315"
}, {
  "kecamatan" : "Pemalang",
  "kelurahan" : "Lawangrejo",
  "kodepos" : "52316"
}, {
  "kecamatan" : "Pemalang",
  "kelurahan" : "Mulyoharjo",
  "kodepos" : "52313"
}, {
  "kecamatan" : "Pemalang",
  "kelurahan" : "Danasari",
  "kodepos" : "52314"
}, {
  "kecamatan" : "Pemalang",
  "kelurahan" : "Pelutan",
  "kodepos" : "52311"
}, {
  "kecamatan" : "Pemalang",
  "kelurahan" : "Kebondalem",
  "kodepos" : "52312"
} ]
