[ {
  "kecamatan" : "Paguyangan",
  "kelurahan" : "Winduaji",
  "kodepos" : "52276"
}, {
  "kecamatan" : "Paguyangan",
  "kelurahan" : "Taraban",
  "kodepos" : "52276"
}, {
  "kecamatan" : "Paguyangan",
  "kelurahan" : "Wanatirta",
  "kodepos" : "52276"
}, {
  "kecamatan" : "Paguyangan",
  "kelurahan" : "Ragatunjung",
  "kodepos" : "52276"
}, {
  "kecamatan" : "Paguyangan",
  "kelurahan" : "Paguyangan",
  "kodepos" : "52276"
}, {
  "kecamatan" : "Paguyangan",
  "kelurahan" : "Pakujati",
  "kodepos" : "52276"
}, {
  "kecamatan" : "Paguyangan",
  "kelurahan" : "Pandansari",
  "kodepos" : "52276"
}, {
  "kecamatan" : "Paguyangan",
  "kelurahan" : "Kretek",
  "kodepos" : "52276"
}, {
  "kecamatan" : "Paguyangan",
  "kelurahan" : "Pagojengan",
  "kodepos" : "52276"
}, {
  "kecamatan" : "Paguyangan",
  "kelurahan" : "Cipetung",
  "kodepos" : "52276"
}, {
  "kecamatan" : "Paguyangan",
  "kelurahan" : "Kedungoleng",
  "kodepos" : "52276"
}, {
  "kecamatan" : "Paguyangan",
  "kelurahan" : "Cilibur",
  "kodepos" : "52276"
}, {
  "kecamatan" : "Salem",
  "kelurahan" : "Windusakti",
  "kodepos" : "52275"
}, {
  "kecamatan" : "Salem",
  "kelurahan" : "Tembongraja",
  "kodepos" : "52275"
}, {
  "kecamatan" : "Salem",
  "kelurahan" : "Wanoja",
  "kodepos" : "52275"
}, {
  "kecamatan" : "Salem",
  "kelurahan" : "Winduasri",
  "kodepos" : "52275"
}, {
  "kecamatan" : "Salem",
  "kelurahan" : "Salem",
  "kodepos" : "52275"
}, {
  "kecamatan" : "Salem",
  "kelurahan" : "Pasir Panjang",
  "kodepos" : "52275"
}, {
  "kecamatan" : "Salem",
  "kelurahan" : "Pabuaran",
  "kodepos" : "52275"
}, {
  "kecamatan" : "Salem",
  "kelurahan" : "Indrajaya",
  "kodepos" : "52275"
}, {
  "kecamatan" : "Salem",
  "kelurahan" : "Kadumanis",
  "kodepos" : "52275"
}, {
  "kecamatan" : "Salem",
  "kelurahan" : "Gunung Tajem",
  "kodepos" : "52275"
}, {
  "kecamatan" : "Salem",
  "kelurahan" : "Gunung Sugih",
  "kodepos" : "52275"
}, {
  "kecamatan" : "Salem",
  "kelurahan" : "Gunung Larang",
  "kodepos" : "52275"
}, {
  "kecamatan" : "Salem",
  "kelurahan" : "Gunung Jaya",
  "kodepos" : "52275"
}, {
  "kecamatan" : "Salem",
  "kelurahan" : "Ganggawang",
  "kodepos" : "52275"
}, {
  "kecamatan" : "Salem",
  "kelurahan" : "Gandoang",
  "kodepos" : "52275"
}, {
  "kecamatan" : "Salem",
  "kelurahan" : "Ciputih",
  "kodepos" : "52275"
}, {
  "kecamatan" : "Salem",
  "kelurahan" : "Citimbang",
  "kodepos" : "52275"
}, {
  "kecamatan" : "Salem",
  "kelurahan" : "Capar",
  "kodepos" : "52275"
}, {
  "kecamatan" : "Salem",
  "kelurahan" : "Bentarsari",
  "kodepos" : "52275"
}, {
  "kecamatan" : "Salem",
  "kelurahan" : "Bentar",
  "kodepos" : "52275"
}, {
  "kecamatan" : "Salem",
  "kelurahan" : "Banjaran",
  "kodepos" : "52275"
}, {
  "kecamatan" : "Bantarkawung",
  "kelurahan" : "Waru",
  "kodepos" : "52274"
}, {
  "kecamatan" : "Bantarkawung",
  "kelurahan" : "Terlaya",
  "kodepos" : "52274"
}, {
  "kecamatan" : "Bantarkawung",
  "kelurahan" : "Tambakserang",
  "kodepos" : "52274"
}, {
  "kecamatan" : "Bantarkawung",
  "kelurahan" : "Telaga",
  "kodepos" : "52274"
}, {
  "kecamatan" : "Bantarkawung",
  "kelurahan" : "Sindangwangi",
  "kodepos" : "52274"
}, {
  "kecamatan" : "Bantarkawung",
  "kelurahan" : "Pengarasan",
  "kodepos" : "52274"
}, {
  "kecamatan" : "Bantarkawung",
  "kelurahan" : "Legok",
  "kodepos" : "52274"
}, {
  "kecamatan" : "Bantarkawung",
  "kelurahan" : "Pangebatan",
  "kodepos" : "52274"
}, {
  "kecamatan" : "Bantarkawung",
  "kelurahan" : "Kebandungan",
  "kodepos" : "52274"
}, {
  "kecamatan" : "Bantarkawung",
  "kelurahan" : "Karangpari",
  "kodepos" : "52274"
}, {
  "kecamatan" : "Bantarkawung",
  "kelurahan" : "Jipang",
  "kodepos" : "52274"
}, {
  "kecamatan" : "Bantarkawung",
  "kelurahan" : "Ciomas",
  "kodepos" : "52274"
}, {
  "kecamatan" : "Bantarkawung",
  "kelurahan" : "Cinanas",
  "kodepos" : "52274"
}, {
  "kecamatan" : "Bantarkawung",
  "kelurahan" : "Cibentang",
  "kodepos" : "52274"
}, {
  "kecamatan" : "Bantarkawung",
  "kelurahan" : "Bantarwaru",
  "kodepos" : "52274"
}, {
  "kecamatan" : "Bantarkawung",
  "kelurahan" : "Bantarkawung",
  "kodepos" : "52274"
}, {
  "kecamatan" : "Bantarkawung",
  "kelurahan" : "Banjarsari",
  "kodepos" : "52274"
}, {
  "kecamatan" : "Bantarkawung",
  "kelurahan" : "Bangbayang",
  "kodepos" : "52274"
}, {
  "kecamatan" : "Bumiayu",
  "kelurahan" : "Panggarutan",
  "kodepos" : "52273"
}, {
  "kecamatan" : "Bumiayu",
  "kelurahan" : "Pruwatan",
  "kodepos" : "52273"
}, {
  "kecamatan" : "Bumiayu",
  "kelurahan" : "Pamijen",
  "kodepos" : "52273"
}, {
  "kecamatan" : "Bumiayu",
  "kelurahan" : "Negaradaha",
  "kodepos" : "52273"
}, {
  "kecamatan" : "Bumiayu",
  "kelurahan" : "Laren",
  "kodepos" : "52273"
}, {
  "kecamatan" : "Bumiayu",
  "kelurahan" : "Langkap",
  "kodepos" : "52273"
}, {
  "kecamatan" : "Bumiayu",
  "kelurahan" : "Kaliwadas",
  "kodepos" : "52273"
}, {
  "kecamatan" : "Bumiayu",
  "kelurahan" : "Kalisumur",
  "kodepos" : "52273"
}, {
  "kecamatan" : "Bumiayu",
  "kelurahan" : "Kalinusu",
  "kodepos" : "52273"
}, {
  "kecamatan" : "Bumiayu",
  "kelurahan" : "Kalilangkap",
  "kodepos" : "52273"
}, {
  "kecamatan" : "Bumiayu",
  "kelurahan" : "Kalierang",
  "kodepos" : "52273"
}, {
  "kecamatan" : "Bumiayu",
  "kelurahan" : "Jatisawit",
  "kodepos" : "52273"
}, {
  "kecamatan" : "Bumiayu",
  "kelurahan" : "Dukuhturi",
  "kodepos" : "52273"
}, {
  "kecamatan" : "Bumiayu",
  "kelurahan" : "Adisana",
  "kodepos" : "52273"
}, {
  "kecamatan" : "Bumiayu",
  "kelurahan" : "Bumiayu",
  "kodepos" : "52273"
}, {
  "kecamatan" : "Sirampog",
  "kelurahan" : "Wanareja",
  "kodepos" : "52272"
}, {
  "kecamatan" : "Sirampog",
  "kelurahan" : "Sridadi",
  "kodepos" : "52272"
}, {
  "kecamatan" : "Sirampog",
  "kelurahan" : "Plompong",
  "kodepos" : "52272"
}, {
  "kecamatan" : "Sirampog",
  "kelurahan" : "Mlayang",
  "kodepos" : "52272"
}, {
  "kecamatan" : "Sirampog",
  "kelurahan" : "Mendala",
  "kodepos" : "52272"
}, {
  "kecamatan" : "Sirampog",
  "kelurahan" : "Manggis",
  "kodepos" : "52272"
}, {
  "kecamatan" : "Sirampog",
  "kelurahan" : "Kaligiri",
  "kodepos" : "52272"
}, {
  "kecamatan" : "Sirampog",
  "kelurahan" : "Kaliloka",
  "kodepos" : "52272"
}, {
  "kecamatan" : "Sirampog",
  "kelurahan" : "Igirklanceng",
  "kodepos" : "52272"
}, {
  "kecamatan" : "Sirampog",
  "kelurahan" : "Dawuhan",
  "kodepos" : "52272"
}, {
  "kecamatan" : "Sirampog",
  "kelurahan" : "Benda",
  "kodepos" : "52272"
}, {
  "kecamatan" : "Sirampog",
  "kelurahan" : "Buniwah",
  "kodepos" : "52272"
}, {
  "kecamatan" : "Tonjong",
  "kelurahan" : "Watujaya",
  "kodepos" : "52271"
}, {
  "kecamatan" : "Sirampog",
  "kelurahan" : "Batursari",
  "kodepos" : "52272"
}, {
  "kecamatan" : "Tonjong",
  "kelurahan" : "Tanggeran",
  "kodepos" : "52271"
}, {
  "kecamatan" : "Tonjong",
  "kelurahan" : "Tonjong",
  "kodepos" : "52271"
}, {
  "kecamatan" : "Tonjong",
  "kelurahan" : "Purbayasa",
  "kodepos" : "52271"
}, {
  "kecamatan" : "Tonjong",
  "kelurahan" : "Purwodadi",
  "kodepos" : "52271"
}, {
  "kecamatan" : "Tonjong",
  "kelurahan" : "Rajawetan",
  "kodepos" : "52271"
}, {
  "kecamatan" : "Tonjong",
  "kelurahan" : "Negarayu",
  "kodepos" : "52271"
}, {
  "kecamatan" : "Tonjong",
  "kelurahan" : "Pepedan",
  "kodepos" : "52271"
}, {
  "kecamatan" : "Tonjong",
  "kelurahan" : "Kutayu",
  "kodepos" : "52271"
}, {
  "kecamatan" : "Tonjong",
  "kelurahan" : "Linggapura",
  "kodepos" : "52271"
}, {
  "kecamatan" : "Tonjong",
  "kelurahan" : "Kutamendala",
  "kodepos" : "52271"
}, {
  "kecamatan" : "Tonjong",
  "kelurahan" : "Kalijurang",
  "kodepos" : "52271"
}, {
  "kecamatan" : "Tonjong",
  "kelurahan" : "Karangjongkeng",
  "kodepos" : "52271"
}, {
  "kecamatan" : "Songgom",
  "kelurahan" : "Wanatawang",
  "kodepos" : "52266"
}, {
  "kecamatan" : "Tonjong",
  "kelurahan" : "Galuh Timur",
  "kodepos" : "52271"
}, {
  "kecamatan" : "Songgom",
  "kelurahan" : "Songgom Lor",
  "kodepos" : "52266"
}, {
  "kecamatan" : "Songgom",
  "kelurahan" : "Wanacala",
  "kodepos" : "52266"
}, {
  "kecamatan" : "Songgom",
  "kelurahan" : "Jatirokeh",
  "kodepos" : "52266"
}, {
  "kecamatan" : "Songgom",
  "kelurahan" : "Karangsembung",
  "kodepos" : "52266"
}, {
  "kecamatan" : "Songgom",
  "kelurahan" : "Songgom",
  "kodepos" : "52266"
}, {
  "kecamatan" : "Songgom",
  "kelurahan" : "Gegerkunci",
  "kodepos" : "52266"
}, {
  "kecamatan" : "Songgom",
  "kelurahan" : "Jatimakmur",
  "kodepos" : "52266"
}, {
  "kecamatan" : "Songgom",
  "kelurahan" : "Cenang",
  "kodepos" : "52266"
}, {
  "kecamatan" : "Songgom",
  "kelurahan" : "Dukuhmaja",
  "kodepos" : "52266"
}, {
  "kecamatan" : "Banjarharjo",
  "kelurahan" : "Tegalreja",
  "kodepos" : "52265"
}, {
  "kecamatan" : "Banjarharjo",
  "kelurahan" : "Tiwulandu",
  "kodepos" : "52265"
}, {
  "kecamatan" : "Banjarharjo",
  "kelurahan" : "Sindangheula",
  "kodepos" : "52265"
}, {
  "kecamatan" : "Banjarharjo",
  "kelurahan" : "Sukareja",
  "kodepos" : "52265"
}, {
  "kecamatan" : "Banjarharjo",
  "kelurahan" : "Parireja",
  "kodepos" : "52265"
}, {
  "kecamatan" : "Banjarharjo",
  "kelurahan" : "Penanggapan",
  "kodepos" : "52265"
}, {
  "kecamatan" : "Banjarharjo",
  "kelurahan" : "Pende",
  "kodepos" : "52265"
}, {
  "kecamatan" : "Banjarharjo",
  "kelurahan" : "Kubangjero",
  "kodepos" : "52265"
}, {
  "kecamatan" : "Banjarharjo",
  "kelurahan" : "Malahayu",
  "kodepos" : "52265"
}, {
  "kecamatan" : "Banjarharjo",
  "kelurahan" : "Kertasari",
  "kodepos" : "52265"
}, {
  "kecamatan" : "Banjarharjo",
  "kelurahan" : "Cipajang",
  "kodepos" : "52265"
}, {
  "kecamatan" : "Banjarharjo",
  "kelurahan" : "Dukuhjeruk",
  "kodepos" : "52265"
}, {
  "kecamatan" : "Banjarharjo",
  "kelurahan" : "Karangmaja",
  "kodepos" : "52265"
}, {
  "kecamatan" : "Banjarharjo",
  "kelurahan" : "Cikuya",
  "kodepos" : "52265"
}, {
  "kecamatan" : "Banjarharjo",
  "kelurahan" : "Cimunding",
  "kodepos" : "52265"
}, {
  "kecamatan" : "Banjarharjo",
  "kelurahan" : "Cikakak",
  "kodepos" : "52265"
}, {
  "kecamatan" : "Banjarharjo",
  "kelurahan" : "Cihaur",
  "kodepos" : "52265"
}, {
  "kecamatan" : "Banjarharjo",
  "kelurahan" : "Cibuniwangi",
  "kodepos" : "52265"
}, {
  "kecamatan" : "Banjarharjo",
  "kelurahan" : "Cigadung",
  "kodepos" : "52265"
}, {
  "kecamatan" : "Banjarharjo",
  "kelurahan" : "Ciawi",
  "kodepos" : "52265"
}, {
  "kecamatan" : "Banjarharjo",
  "kelurahan" : "Cibendung",
  "kodepos" : "52265"
}, {
  "kecamatan" : "Banjarharjo",
  "kelurahan" : "Banjar Lor",
  "kodepos" : "52265"
}, {
  "kecamatan" : "Banjarharjo",
  "kelurahan" : "Banjarharjo",
  "kodepos" : "52265"
}, {
  "kecamatan" : "Banjarharjo",
  "kelurahan" : "Blandongan",
  "kodepos" : "52265"
}, {
  "kecamatan" : "Kersana",
  "kelurahan" : "Sutamaja",
  "kodepos" : "52264"
}, {
  "kecamatan" : "Banjarharjo",
  "kelurahan" : "Bandungsari",
  "kodepos" : "52265"
}, {
  "kecamatan" : "Kersana",
  "kelurahan" : "Sindangjaya",
  "kodepos" : "52264"
}, {
  "kecamatan" : "Kersana",
  "kelurahan" : "Pende",
  "kodepos" : "52264"
}, {
  "kecamatan" : "Kersana",
  "kelurahan" : "Kubangpari",
  "kodepos" : "52264"
}, {
  "kecamatan" : "Kersana",
  "kelurahan" : "Limbangan",
  "kodepos" : "52264"
}, {
  "kecamatan" : "Kersana",
  "kelurahan" : "Kradenan",
  "kodepos" : "52264"
}, {
  "kecamatan" : "Kersana",
  "kelurahan" : "Kramatsampang",
  "kodepos" : "52264"
}, {
  "kecamatan" : "Kersana",
  "kelurahan" : "Kemukten",
  "kodepos" : "52264"
}, {
  "kecamatan" : "Kersana",
  "kelurahan" : "Kersana",
  "kodepos" : "52264"
}, {
  "kecamatan" : "Kersana",
  "kelurahan" : "Cikandang",
  "kodepos" : "52264"
}, {
  "kecamatan" : "Kersana",
  "kelurahan" : "Jagapura",
  "kodepos" : "52264"
}, {
  "kecamatan" : "Kersana",
  "kelurahan" : "Ciampel",
  "kodepos" : "52264"
}, {
  "kecamatan" : "Kersana",
  "kelurahan" : "Cigedog",
  "kodepos" : "52264"
}, {
  "kecamatan" : "Ketanggungan",
  "kelurahan" : "Sindangjaya",
  "kodepos" : "52263"
}, {
  "kecamatan" : "Ketanggungan",
  "kelurahan" : "Tanggungsari",
  "kodepos" : "52263"
}, {
  "kecamatan" : "Ketanggungan",
  "kelurahan" : "Padakaton",
  "kodepos" : "52263"
}, {
  "kecamatan" : "Ketanggungan",
  "kelurahan" : "Pamedaran",
  "kodepos" : "52263"
}, {
  "kecamatan" : "Ketanggungan",
  "kelurahan" : "Kubangwungu",
  "kodepos" : "52263"
}, {
  "kecamatan" : "Ketanggungan",
  "kelurahan" : "Kubangsari",
  "kodepos" : "52263"
}, {
  "kecamatan" : "Ketanggungan",
  "kelurahan" : "Ketanggungan",
  "kodepos" : "52263"
}, {
  "kecamatan" : "Ketanggungan",
  "kelurahan" : "Kubangjati",
  "kodepos" : "52263"
}, {
  "kecamatan" : "Ketanggungan",
  "kelurahan" : "Karangmalang",
  "kodepos" : "52263"
}, {
  "kecamatan" : "Ketanggungan",
  "kelurahan" : "Jemasih",
  "kodepos" : "52263"
}, {
  "kecamatan" : "Ketanggungan",
  "kelurahan" : "Karangbandung",
  "kodepos" : "52263"
}, {
  "kecamatan" : "Ketanggungan",
  "kelurahan" : "Dukuh Tengah",
  "kodepos" : "52263"
}, {
  "kecamatan" : "Ketanggungan",
  "kelurahan" : "Dukuhbadag",
  "kodepos" : "52263"
}, {
  "kecamatan" : "Ketanggungan",
  "kelurahan" : "Dukuhturi",
  "kodepos" : "52263"
}, {
  "kecamatan" : "Ketanggungan",
  "kelurahan" : "Cikeusal Lor",
  "kodepos" : "52263"
}, {
  "kecamatan" : "Ketanggungan",
  "kelurahan" : "Ciseureuh",
  "kodepos" : "52263"
}, {
  "kecamatan" : "Ketanggungan",
  "kelurahan" : "Cikeusal Kidul",
  "kodepos" : "52263"
}, {
  "kecamatan" : "Ketanggungan",
  "kelurahan" : "Bulakelor",
  "kodepos" : "52263"
}, {
  "kecamatan" : "Ketanggungan",
  "kelurahan" : "Ciduwet",
  "kodepos" : "52263"
}, {
  "kecamatan" : "Ketanggungan",
  "kelurahan" : "Baros",
  "kodepos" : "52263"
}, {
  "kecamatan" : "Ketanggungan",
  "kelurahan" : "Buara",
  "kodepos" : "52263"
}, {
  "kecamatan" : "Larangan",
  "kelurahan" : "Slatri",
  "kodepos" : "52262"
}, {
  "kecamatan" : "Larangan",
  "kelurahan" : "Wlahar",
  "kodepos" : "52262"
}, {
  "kecamatan" : "Larangan",
  "kelurahan" : "Sitanggal",
  "kodepos" : "52262"
}, {
  "kecamatan" : "Larangan",
  "kelurahan" : "Siandong",
  "kodepos" : "52262"
}, {
  "kecamatan" : "Larangan",
  "kelurahan" : "Pamulihan",
  "kodepos" : "52262"
}, {
  "kecamatan" : "Larangan",
  "kelurahan" : "Pamulihan",
  "kodepos" : "52262"
}, {
  "kecamatan" : "Larangan",
  "kelurahan" : "Larangan",
  "kodepos" : "52262"
}, {
  "kecamatan" : "Larangan",
  "kelurahan" : "Luwunggede",
  "kodepos" : "52262"
}, {
  "kecamatan" : "Larangan",
  "kelurahan" : "Karangbale",
  "kodepos" : "52262"
}, {
  "kecamatan" : "Larangan",
  "kelurahan" : "Kedungbokor",
  "kodepos" : "52262"
}, {
  "kecamatan" : "Larangan",
  "kelurahan" : "Kamal",
  "kodepos" : "52262"
}, {
  "kecamatan" : "Jatibarang",
  "kelurahan" : "Rengasbandung",
  "kodepos" : "52261"
}, {
  "kecamatan" : "Jatibarang",
  "kelurahan" : "Tegalwulung",
  "kodepos" : "52261"
}, {
  "kecamatan" : "Jatibarang",
  "kelurahan" : "Tembelang",
  "kodepos" : "52261"
}, {
  "kecamatan" : "Jatibarang",
  "kelurahan" : "Pedeslohor",
  "kodepos" : "52261"
}, {
  "kecamatan" : "Jatibarang",
  "kelurahan" : "Kramat",
  "kodepos" : "52261"
}, {
  "kecamatan" : "Jatibarang",
  "kelurahan" : "Pamengger",
  "kodepos" : "52261"
}, {
  "kecamatan" : "Jatibarang",
  "kelurahan" : "Klampis",
  "kodepos" : "52261"
}, {
  "kecamatan" : "Jatibarang",
  "kelurahan" : "Klikiran",
  "kodepos" : "52261"
}, {
  "kecamatan" : "Jatibarang",
  "kelurahan" : "Kendawa",
  "kodepos" : "52261"
}, {
  "kecamatan" : "Jatibarang",
  "kelurahan" : "Kertasinduyasa",
  "kodepos" : "52261"
}, {
  "kecamatan" : "Jatibarang",
  "kelurahan" : "Kedungtukang",
  "kodepos" : "52261"
}, {
  "kecamatan" : "Jatibarang",
  "kelurahan" : "Kemiriamba",
  "kodepos" : "52261"
}, {
  "kecamatan" : "Jatibarang",
  "kelurahan" : "Karanglo",
  "kodepos" : "52261"
}, {
  "kecamatan" : "Jatibarang",
  "kelurahan" : "Kebogadung",
  "kodepos" : "52261"
}, {
  "kecamatan" : "Jatibarang",
  "kelurahan" : "Kebonagung",
  "kodepos" : "52261"
}, {
  "kecamatan" : "Jatibarang",
  "kelurahan" : "Kalialang",
  "kodepos" : "52261"
}, {
  "kecamatan" : "Jatibarang",
  "kelurahan" : "Kalipucang",
  "kodepos" : "52261"
}, {
  "kecamatan" : "Jatibarang",
  "kelurahan" : "Jatibarang Kidul",
  "kodepos" : "52261"
}, {
  "kecamatan" : "Jatibarang",
  "kelurahan" : "Jatibarang Lor",
  "kodepos" : "52261"
}, {
  "kecamatan" : "Jatibarang",
  "kelurahan" : "Buaran",
  "kodepos" : "52261"
}, {
  "kecamatan" : "Jatibarang",
  "kelurahan" : "Janegara",
  "kodepos" : "52261"
}, {
  "kecamatan" : "Jatibarang",
  "kelurahan" : "Bojong",
  "kodepos" : "52261"
}, {
  "kecamatan" : "Losari",
  "kelurahan" : "Radegan",
  "kodepos" : "52255"
}, {
  "kecamatan" : "Losari",
  "kelurahan" : "Randusari",
  "kodepos" : "52255"
}, {
  "kecamatan" : "Losari",
  "kelurahan" : "Rungkang",
  "kodepos" : "52255"
}, {
  "kecamatan" : "Losari",
  "kelurahan" : "Prapag Kidul",
  "kodepos" : "52255"
}, {
  "kecamatan" : "Losari",
  "kelurahan" : "Prapag Lor",
  "kodepos" : "52255"
}, {
  "kecamatan" : "Losari",
  "kelurahan" : "Pengabean",
  "kodepos" : "52255"
}, {
  "kecamatan" : "Losari",
  "kelurahan" : "Losari Lor",
  "kodepos" : "52255"
}, {
  "kecamatan" : "Losari",
  "kelurahan" : "Negla",
  "kodepos" : "52255"
}, {
  "kecamatan" : "Losari",
  "kelurahan" : "Pekauman",
  "kodepos" : "52255"
}, {
  "kecamatan" : "Losari",
  "kelurahan" : "Kedungneng",
  "kodepos" : "52255"
}, {
  "kecamatan" : "Losari",
  "kelurahan" : "Limbangan",
  "kodepos" : "52255"
}, {
  "kecamatan" : "Losari",
  "kelurahan" : "Losari Kidul",
  "kodepos" : "52255"
}, {
  "kecamatan" : "Losari",
  "kelurahan" : "Karangjunti",
  "kodepos" : "52255"
}, {
  "kecamatan" : "Losari",
  "kelurahan" : "Karangsambung",
  "kodepos" : "52255"
}, {
  "kecamatan" : "Losari",
  "kelurahan" : "Kecipir",
  "kodepos" : "52255"
}, {
  "kecamatan" : "Losari",
  "kelurahan" : "Kalibuntu",
  "kodepos" : "52255"
}, {
  "kecamatan" : "Losari",
  "kelurahan" : "Karangdempel",
  "kodepos" : "52255"
}, {
  "kecamatan" : "Losari",
  "kelurahan" : "Bojongsari",
  "kodepos" : "52255"
}, {
  "kecamatan" : "Losari",
  "kelurahan" : "Dukuhsalam",
  "kodepos" : "52255"
}, {
  "kecamatan" : "Losari",
  "kelurahan" : "Jati Sawit",
  "kodepos" : "52255"
}, {
  "kecamatan" : "Losari",
  "kelurahan" : "Babakan",
  "kodepos" : "52255"
}, {
  "kecamatan" : "Losari",
  "kelurahan" : "Blubuk",
  "kodepos" : "52255"
}, {
  "kecamatan" : "Tanjung",
  "kelurahan" : "Tegongan",
  "kodepos" : "52254"
}, {
  "kecamatan" : "Tanjung",
  "kelurahan" : "Tengguli",
  "kodepos" : "52254"
}, {
  "kecamatan" : "Tanjung",
  "kelurahan" : "Tanjung",
  "kodepos" : "52254"
}, {
  "kecamatan" : "Tanjung",
  "kelurahan" : "Sengon",
  "kodepos" : "52254"
}, {
  "kecamatan" : "Tanjung",
  "kelurahan" : "Sidakaton",
  "kodepos" : "52254"
}, {
  "kecamatan" : "Tanjung",
  "kelurahan" : "Pejagan",
  "kodepos" : "52254"
}, {
  "kecamatan" : "Tanjung",
  "kelurahan" : "Pengaradan",
  "kodepos" : "52254"
}, {
  "kecamatan" : "Tanjung",
  "kelurahan" : "Sarireja",
  "kodepos" : "52254"
}, {
  "kecamatan" : "Tanjung",
  "kelurahan" : "Mundu",
  "kodepos" : "52254"
}, {
  "kecamatan" : "Tanjung",
  "kelurahan" : "Luwungbata",
  "kodepos" : "52254"
}, {
  "kecamatan" : "Tanjung",
  "kelurahan" : "Lemah Abang",
  "kodepos" : "52254"
}, {
  "kecamatan" : "Tanjung",
  "kelurahan" : "Luwung Gede",
  "kodepos" : "52254"
}, {
  "kecamatan" : "Tanjung",
  "kelurahan" : "Kemurang Wetan",
  "kodepos" : "52254"
}, {
  "kecamatan" : "Tanjung",
  "kelurahan" : "Krakahan",
  "kodepos" : "52254"
}, {
  "kecamatan" : "Tanjung",
  "kelurahan" : "Kubangputat",
  "kodepos" : "52254"
}, {
  "kecamatan" : "Tanjung",
  "kelurahan" : "Kedawung",
  "kodepos" : "52254"
}, {
  "kecamatan" : "Tanjung",
  "kelurahan" : "Kemurang Kulon",
  "kodepos" : "52254"
}, {
  "kecamatan" : "Bulakamba",
  "kelurahan" : "Tegalglagah",
  "kodepos" : "52253"
}, {
  "kecamatan" : "Tanjung",
  "kelurahan" : "Karangreja",
  "kodepos" : "52254"
}, {
  "kecamatan" : "Bulakamba",
  "kelurahan" : "Rancawuluh",
  "kodepos" : "52253"
}, {
  "kecamatan" : "Bulakamba",
  "kelurahan" : "Siwuluh",
  "kodepos" : "52253"
}, {
  "kecamatan" : "Bulakamba",
  "kelurahan" : "Petunjungan",
  "kodepos" : "52253"
}, {
  "kecamatan" : "Bulakamba",
  "kelurahan" : "Pulogading",
  "kodepos" : "52253"
}, {
  "kecamatan" : "Bulakamba",
  "kelurahan" : "Luwungragi",
  "kodepos" : "52253"
}, {
  "kecamatan" : "Bulakamba",
  "kelurahan" : "Pakijangan",
  "kodepos" : "52253"
}, {
  "kecamatan" : "Bulakamba",
  "kelurahan" : "Karangsari",
  "kodepos" : "52253"
}, {
  "kecamatan" : "Bulakamba",
  "kelurahan" : "Kluwut",
  "kodepos" : "52253"
}, {
  "kecamatan" : "Bulakamba",
  "kelurahan" : "Jubang",
  "kodepos" : "52253"
}, {
  "kecamatan" : "Bulakamba",
  "kelurahan" : "Dukuhlo",
  "kodepos" : "52253"
}, {
  "kecamatan" : "Bulakamba",
  "kelurahan" : "Grinting",
  "kodepos" : "52253"
}, {
  "kecamatan" : "Bulakamba",
  "kelurahan" : "Cimohong",
  "kodepos" : "52253"
}, {
  "kecamatan" : "Bulakamba",
  "kelurahan" : "Cipelem",
  "kodepos" : "52253"
}, {
  "kecamatan" : "Bulakamba",
  "kelurahan" : "Bulakparen",
  "kodepos" : "52253"
}, {
  "kecamatan" : "Bulakamba",
  "kelurahan" : "Bulusari",
  "kodepos" : "52253"
}, {
  "kecamatan" : "Bulakamba",
  "kelurahan" : "Banjaratma",
  "kodepos" : "52253"
}, {
  "kecamatan" : "Bulakamba",
  "kelurahan" : "Bulakamba",
  "kodepos" : "52253"
}, {
  "kecamatan" : "Bulakamba",
  "kelurahan" : "Bangsri",
  "kodepos" : "52253"
}, {
  "kecamatan" : "Wanasari",
  "kelurahan" : "Tegalgandu",
  "kodepos" : "52252"
}, {
  "kecamatan" : "Wanasari",
  "kelurahan" : "Wanasari",
  "kodepos" : "52252"
}, {
  "kecamatan" : "Wanasari",
  "kelurahan" : "Siwungkuk",
  "kodepos" : "52252"
}, {
  "kecamatan" : "Wanasari",
  "kelurahan" : "Tanjungsari",
  "kodepos" : "52252"
}, {
  "kecamatan" : "Wanasari",
  "kelurahan" : "Sigentong",
  "kodepos" : "52252"
}, {
  "kecamatan" : "Wanasari",
  "kelurahan" : "Sisalam",
  "kodepos" : "52252"
}, {
  "kecamatan" : "Wanasari",
  "kelurahan" : "Siasem",
  "kodepos" : "52252"
}, {
  "kecamatan" : "Wanasari",
  "kelurahan" : "Sidamulya",
  "kodepos" : "52252"
}, {
  "kecamatan" : "Wanasari",
  "kelurahan" : "Sawojajar",
  "kodepos" : "52252"
}, {
  "kecamatan" : "Wanasari",
  "kelurahan" : "Kupu",
  "kodepos" : "52252"
}, {
  "kecamatan" : "Wanasari",
  "kelurahan" : "Lengkong",
  "kodepos" : "52252"
}, {
  "kecamatan" : "Wanasari",
  "kelurahan" : "Kertabesuki",
  "kodepos" : "52252"
}, {
  "kecamatan" : "Wanasari",
  "kelurahan" : "Klampok",
  "kodepos" : "52252"
}, {
  "kecamatan" : "Wanasari",
  "kelurahan" : "Jagalempeni",
  "kodepos" : "52252"
}, {
  "kecamatan" : "Wanasari",
  "kelurahan" : "Keboledan",
  "kodepos" : "52252"
}, {
  "kecamatan" : "Wanasari",
  "kelurahan" : "Glonggong",
  "kodepos" : "52252"
}, {
  "kecamatan" : "Wanasari",
  "kelurahan" : "Dukuhwringin",
  "kodepos" : "52252"
}, {
  "kecamatan" : "Wanasari",
  "kelurahan" : "Dumeling",
  "kodepos" : "52252"
}, {
  "kecamatan" : "Wanasari",
  "kelurahan" : "Pesantunan",
  "kodepos" : "52221"
}, {
  "kecamatan" : "Wanasari",
  "kelurahan" : "Pebatan",
  "kodepos" : "52222"
}, {
  "kecamatan" : "Brebes",
  "kelurahan" : "Tengki",
  "kodepos" : "52219"
}, {
  "kecamatan" : "Brebes",
  "kelurahan" : "Terlangu",
  "kodepos" : "52219"
}, {
  "kecamatan" : "Brebes",
  "kelurahan" : "Randusanga Wetan",
  "kodepos" : "52219"
}, {
  "kecamatan" : "Brebes",
  "kelurahan" : "Sigambir",
  "kodepos" : "52219"
}, {
  "kecamatan" : "Brebes",
  "kelurahan" : "Randusanga Kulon",
  "kodepos" : "52219"
}, {
  "kecamatan" : "Brebes",
  "kelurahan" : "Pemaron",
  "kodepos" : "52219"
}, {
  "kecamatan" : "Brebes",
  "kelurahan" : "Lembarawa",
  "kodepos" : "52219"
}, {
  "kecamatan" : "Brebes",
  "kelurahan" : "Limbangan Kulon",
  "kodepos" : "52219"
}, {
  "kecamatan" : "Brebes",
  "kelurahan" : "Pagejugan",
  "kodepos" : "52219"
}, {
  "kecamatan" : "Brebes",
  "kelurahan" : "Krasak",
  "kodepos" : "52219"
}, {
  "kecamatan" : "Brebes",
  "kelurahan" : "Kalimati",
  "kodepos" : "52219"
}, {
  "kecamatan" : "Brebes",
  "kelurahan" : "Kaliwlingi",
  "kodepos" : "52219"
}, {
  "kecamatan" : "Brebes",
  "kelurahan" : "Kedunguter",
  "kodepos" : "52219"
}, {
  "kecamatan" : "Brebes",
  "kelurahan" : "Kaligangsa Wetan",
  "kodepos" : "52217"
}, {
  "kecamatan" : "Brebes",
  "kelurahan" : "Limbangan Wetan",
  "kodepos" : "52218"
}, {
  "kecamatan" : "Brebes",
  "kelurahan" : "Banjaranyar",
  "kodepos" : "52216"
}, {
  "kecamatan" : "Brebes",
  "kelurahan" : "Kaligangsa Kulon",
  "kodepos" : "52217"
}, {
  "kecamatan" : "Brebes",
  "kelurahan" : "Wangandalem",
  "kodepos" : "52214"
}, {
  "kecamatan" : "Brebes",
  "kelurahan" : "Gandasuli",
  "kodepos" : "52215"
}, {
  "kecamatan" : "Brebes",
  "kelurahan" : "Pulosari",
  "kodepos" : "52213"
}, {
  "kecamatan" : "Brebes",
  "kelurahan" : "Padasugih",
  "kodepos" : "52214"
}, {
  "kecamatan" : "Brebes",
  "kelurahan" : "Pasar Batang",
  "kodepos" : "52211"
}, {
  "kecamatan" : "Brebes",
  "kelurahan" : "Brebes",
  "kodepos" : "52212"
} ]
