[ {
  "kecamatan" : "Limbangan",
  "kelurahan" : "Tambahsari",
  "kodepos" : "51383"
}, {
  "kecamatan" : "Limbangan",
  "kelurahan" : "Tamanrejo",
  "kodepos" : "51383"
}, {
  "kecamatan" : "Limbangan",
  "kelurahan" : "Tabet",
  "kodepos" : "51383"
}, {
  "kecamatan" : "Limbangan",
  "kelurahan" : "Sumber Rahayu",
  "kodepos" : "51383"
}, {
  "kecamatan" : "Limbangan",
  "kelurahan" : "Peron",
  "kodepos" : "51383"
}, {
  "kecamatan" : "Limbangan",
  "kelurahan" : "Sriwulan",
  "kodepos" : "51383"
}, {
  "kecamatan" : "Limbangan",
  "kelurahan" : "Pakis",
  "kodepos" : "51383"
}, {
  "kecamatan" : "Limbangan",
  "kelurahan" : "Pagerwojo",
  "kodepos" : "51383"
}, {
  "kecamatan" : "Limbangan",
  "kelurahan" : "Ngesrepbalong",
  "kodepos" : "51383"
}, {
  "kecamatan" : "Limbangan",
  "kelurahan" : "Pagertoyo",
  "kodepos" : "51383"
}, {
  "kecamatan" : "Limbangan",
  "kelurahan" : "Margosari",
  "kodepos" : "51383"
}, {
  "kecamatan" : "Limbangan",
  "kelurahan" : "Limbangan",
  "kodepos" : "51383"
}, {
  "kecamatan" : "Limbangan",
  "kelurahan" : "Jawisari",
  "kodepos" : "51383"
}, {
  "kecamatan" : "Limbangan",
  "kelurahan" : "Kedungboto",
  "kodepos" : "51383"
}, {
  "kecamatan" : "Limbangan",
  "kelurahan" : "Gonoharjo",
  "kodepos" : "51383"
}, {
  "kecamatan" : "Limbangan",
  "kelurahan" : "Gondang",
  "kodepos" : "51383"
}, {
  "kecamatan" : "Singorojo",
  "kelurahan" : "Trayu",
  "kodepos" : "51382"
}, {
  "kecamatan" : "Singorojo",
  "kelurahan" : "Singorojo",
  "kodepos" : "51382"
}, {
  "kecamatan" : "Singorojo",
  "kelurahan" : "Sukodadi",
  "kodepos" : "51382"
}, {
  "kecamatan" : "Singorojo",
  "kelurahan" : "Ngareanak",
  "kodepos" : "51382"
}, {
  "kecamatan" : "Singorojo",
  "kelurahan" : "Merbuh",
  "kodepos" : "51382"
}, {
  "kecamatan" : "Singorojo",
  "kelurahan" : "Kertosari",
  "kodepos" : "51382"
}, {
  "kecamatan" : "Singorojo",
  "kelurahan" : "Kalirejo",
  "kodepos" : "51382"
}, {
  "kecamatan" : "Singorojo",
  "kelurahan" : "Kedungsari",
  "kodepos" : "51382"
}, {
  "kecamatan" : "Singorojo",
  "kelurahan" : "Kaliputih",
  "kodepos" : "51382"
}, {
  "kecamatan" : "Kaliwungu Selatan",
  "kelurahan" : "Jerukgiling",
  "kodepos" : "51382"
}, {
  "kecamatan" : "Singorojo",
  "kelurahan" : "Getas",
  "kodepos" : "51382"
}, {
  "kecamatan" : "Singorojo",
  "kelurahan" : "Cening",
  "kodepos" : "51382"
}, {
  "kecamatan" : "Singorojo",
  "kelurahan" : "Cacaban",
  "kodepos" : "51382"
}, {
  "kecamatan" : "Singorojo",
  "kelurahan" : "Banyuringin",
  "kodepos" : "51382"
}, {
  "kecamatan" : "Boja",
  "kelurahan" : "Trisobo",
  "kodepos" : "51381"
}, {
  "kecamatan" : "Boja",
  "kelurahan" : "Tampingan",
  "kodepos" : "51381"
}, {
  "kecamatan" : "Boja",
  "kelurahan" : "Purwogondo",
  "kodepos" : "51381"
}, {
  "kecamatan" : "Boja",
  "kelurahan" : "Salamsari",
  "kodepos" : "51381"
}, {
  "kecamatan" : "Boja",
  "kelurahan" : "Pasigitan",
  "kodepos" : "51381"
}, {
  "kecamatan" : "Boja",
  "kelurahan" : "Puguh",
  "kodepos" : "51381"
}, {
  "kecamatan" : "Boja",
  "kelurahan" : "Medono",
  "kodepos" : "51381"
}, {
  "kecamatan" : "Boja",
  "kelurahan" : "Metesih",
  "kodepos" : "51381"
}, {
  "kecamatan" : "Boja",
  "kelurahan" : "Ngabean",
  "kodepos" : "51381"
}, {
  "kecamatan" : "Boja",
  "kelurahan" : "Kliris",
  "kodepos" : "51381"
}, {
  "kecamatan" : "Boja",
  "kelurahan" : "Leban",
  "kodepos" : "51381"
}, {
  "kecamatan" : "Boja",
  "kelurahan" : "Karangmanggis",
  "kodepos" : "51381"
}, {
  "kecamatan" : "Boja",
  "kelurahan" : "Karangmanggis",
  "kodepos" : "51381"
}, {
  "kecamatan" : "Boja",
  "kelurahan" : "Boja",
  "kodepos" : "51381"
}, {
  "kecamatan" : "Boja",
  "kelurahan" : "Campurejo",
  "kodepos" : "51381"
}, {
  "kecamatan" : "Boja",
  "kelurahan" : "Blimbing",
  "kodepos" : "51381"
}, {
  "kecamatan" : "Boja",
  "kelurahan" : "Banjarejo",
  "kodepos" : "51381"
}, {
  "kecamatan" : "Boja",
  "kelurahan" : "Bebengan",
  "kodepos" : "51381"
}, {
  "kecamatan" : "Kaliwungu",
  "kelurahan" : "Sumberejo",
  "kodepos" : "51372"
}, {
  "kecamatan" : "Kaliwungu",
  "kelurahan" : "Wonorejo",
  "kodepos" : "51372"
}, {
  "kecamatan" : "Kaliwungu",
  "kelurahan" : "Sarirejo",
  "kodepos" : "51372"
}, {
  "kecamatan" : "Kaliwungu Selatan",
  "kelurahan" : "Sidomakmur",
  "kodepos" : "51372"
}, {
  "kecamatan" : "Kaliwungu Selatan",
  "kelurahan" : "Sukomulyo",
  "kodepos" : "51372"
}, {
  "kecamatan" : "Kaliwungu Selatan",
  "kelurahan" : "Protomulyo",
  "kodepos" : "51372"
}, {
  "kecamatan" : "Kaliwungu",
  "kelurahan" : "Mororejo",
  "kodepos" : "51372"
}, {
  "kecamatan" : "Kaliwungu",
  "kelurahan" : "Nolokerto",
  "kodepos" : "51372"
}, {
  "kecamatan" : "Kaliwungu Selatan",
  "kelurahan" : "Plantaran",
  "kodepos" : "51372"
}, {
  "kecamatan" : "Kaliwungu Selatan",
  "kelurahan" : "Magelung",
  "kodepos" : "51372"
}, {
  "kecamatan" : "Kaliwungu",
  "kelurahan" : "Kumpulrejo",
  "kodepos" : "51372"
}, {
  "kecamatan" : "Kaliwungu",
  "kelurahan" : "Kutoharjo",
  "kodepos" : "51372"
}, {
  "kecamatan" : "Kaliwungu Selatan",
  "kelurahan" : "Kedungsuren",
  "kodepos" : "51372"
}, {
  "kecamatan" : "Kaliwungu",
  "kelurahan" : "Krajankulon",
  "kodepos" : "51372"
}, {
  "kecamatan" : "Kaliwungu",
  "kelurahan" : "Karangtengah",
  "kodepos" : "51372"
}, {
  "kecamatan" : "Kaliwungu Selatan",
  "kelurahan" : "Derupono/Darupono",
  "kodepos" : "51372"
}, {
  "kecamatan" : "Brangsong",
  "kelurahan" : "Turunrejo",
  "kodepos" : "51371"
}, {
  "kecamatan" : "Brangsong",
  "kelurahan" : "Tosari",
  "kodepos" : "51371"
}, {
  "kecamatan" : "Brangsong",
  "kelurahan" : "Tunggulsari",
  "kodepos" : "51371"
}, {
  "kecamatan" : "Brangsong",
  "kelurahan" : "Sidorejo",
  "kodepos" : "51371"
}, {
  "kecamatan" : "Brangsong",
  "kelurahan" : "Sumur",
  "kodepos" : "51371"
}, {
  "kecamatan" : "Brangsong",
  "kelurahan" : "Purwokerto",
  "kodepos" : "51371"
}, {
  "kecamatan" : "Brangsong",
  "kelurahan" : "Rejosari",
  "kodepos" : "51371"
}, {
  "kecamatan" : "Brangsong",
  "kelurahan" : "Penjalin",
  "kodepos" : "51371"
}, {
  "kecamatan" : "Brangsong",
  "kelurahan" : "Kertomulyo",
  "kodepos" : "51371"
}, {
  "kecamatan" : "Brangsong",
  "kelurahan" : "Brangsong",
  "kodepos" : "51371"
}, {
  "kecamatan" : "Brangsong",
  "kelurahan" : "Kebon Adem",
  "kodepos" : "51371"
}, {
  "kecamatan" : "Brangsong",
  "kelurahan" : "Blorok",
  "kodepos" : "51371"
}, {
  "kecamatan" : "Patean",
  "kelurahan" : "Sukomangli",
  "kodepos" : "51364"
}, {
  "kecamatan" : "Patean",
  "kelurahan" : "Wirosari",
  "kodepos" : "51364"
}, {
  "kecamatan" : "Patean",
  "kelurahan" : "Sidodadi",
  "kodepos" : "51364"
}, {
  "kecamatan" : "Patean",
  "kelurahan" : "Sidokumpul",
  "kodepos" : "51364"
}, {
  "kecamatan" : "Patean",
  "kelurahan" : "Plososari",
  "kodepos" : "51364"
}, {
  "kecamatan" : "Patean",
  "kelurahan" : "Selo",
  "kodepos" : "51364"
}, {
  "kecamatan" : "Patean",
  "kelurahan" : "Pagersari",
  "kodepos" : "51364"
}, {
  "kecamatan" : "Patean",
  "kelurahan" : "Pakisan",
  "kodepos" : "51364"
}, {
  "kecamatan" : "Patean",
  "kelurahan" : "Kalilumpang",
  "kodepos" : "51364"
}, {
  "kecamatan" : "Patean",
  "kelurahan" : "Mlatiharjo",
  "kodepos" : "51364"
}, {
  "kecamatan" : "Patean",
  "kelurahan" : "Kalibareng",
  "kodepos" : "51364"
}, {
  "kecamatan" : "Patean",
  "kelurahan" : "Kalices",
  "kodepos" : "51364"
}, {
  "kecamatan" : "Patean",
  "kelurahan" : "Curugsewu",
  "kodepos" : "51364"
}, {
  "kecamatan" : "Patean",
  "kelurahan" : "Gedong",
  "kodepos" : "51364"
}, {
  "kecamatan" : "Sukorejo",
  "kelurahan" : "Tamping Winarno",
  "kodepos" : "51363"
}, {
  "kecamatan" : "Sukorejo",
  "kelurahan" : "Trimulyo",
  "kodepos" : "51363"
}, {
  "kecamatan" : "Sukorejo",
  "kelurahan" : "Selokaton",
  "kodepos" : "51363"
}, {
  "kecamatan" : "Sukorejo",
  "kelurahan" : "Sukorejo",
  "kodepos" : "51363"
}, {
  "kecamatan" : "Sukorejo",
  "kelurahan" : "Taman Rejo",
  "kodepos" : "51363"
}, {
  "kecamatan" : "Sukorejo",
  "kelurahan" : "Purwo Sari",
  "kodepos" : "51363"
}, {
  "kecamatan" : "Sukorejo",
  "kelurahan" : "Peron",
  "kodepos" : "51363"
}, {
  "kecamatan" : "Sukorejo",
  "kelurahan" : "Pesaren",
  "kodepos" : "51363"
}, {
  "kecamatan" : "Sukorejo",
  "kelurahan" : "Ngadiwarno",
  "kodepos" : "51363"
}, {
  "kecamatan" : "Sukorejo",
  "kelurahan" : "Ngargosari",
  "kodepos" : "51363"
}, {
  "kecamatan" : "Sukorejo",
  "kelurahan" : "Kebumen",
  "kodepos" : "51363"
}, {
  "kecamatan" : "Sukorejo",
  "kelurahan" : "Mulyosari",
  "kodepos" : "51363"
}, {
  "kecamatan" : "Sukorejo",
  "kelurahan" : "Kalibogor",
  "kodepos" : "51363"
}, {
  "kecamatan" : "Sukorejo",
  "kelurahan" : "Kalipakis",
  "kodepos" : "51363"
}, {
  "kecamatan" : "Sukorejo",
  "kelurahan" : "Genting Gunung",
  "kodepos" : "51363"
}, {
  "kecamatan" : "Sukorejo",
  "kelurahan" : "Harjodowo",
  "kodepos" : "51363"
}, {
  "kecamatan" : "Sukorejo",
  "kelurahan" : "Bringinsari",
  "kodepos" : "51363"
}, {
  "kecamatan" : "Sukorejo",
  "kelurahan" : "Damarjati",
  "kodepos" : "51363"
}, {
  "kecamatan" : "Plantungan",
  "kelurahan" : "Wonodadi",
  "kodepos" : "51362"
}, {
  "kecamatan" : "Plantungan",
  "kelurahan" : "Tlogopayung",
  "kodepos" : "51362"
}, {
  "kecamatan" : "Plantungan",
  "kelurahan" : "Wadas",
  "kodepos" : "51362"
}, {
  "kecamatan" : "Plantungan",
  "kelurahan" : "Mojoagung",
  "kodepos" : "51362"
}, {
  "kecamatan" : "Plantungan",
  "kelurahan" : "Tirtomulyo",
  "kodepos" : "51362"
}, {
  "kecamatan" : "Plantungan",
  "kelurahan" : "Kediten",
  "kodepos" : "51362"
}, {
  "kecamatan" : "Plantungan",
  "kelurahan" : "Manggungmangu",
  "kodepos" : "51362"
}, {
  "kecamatan" : "Plantungan",
  "kelurahan" : "Jurangagung",
  "kodepos" : "51362"
}, {
  "kecamatan" : "Plantungan",
  "kelurahan" : "Karanganyar",
  "kodepos" : "51362"
}, {
  "kecamatan" : "Plantungan",
  "kelurahan" : "Blumah",
  "kodepos" : "51362"
}, {
  "kecamatan" : "Plantungan",
  "kelurahan" : "Jati",
  "kodepos" : "51362"
}, {
  "kecamatan" : "Plantungan",
  "kelurahan" : "Bendosari",
  "kodepos" : "51362"
}, {
  "kecamatan" : "Pagerruyung",
  "kelurahan" : "Tambahrejo",
  "kodepos" : "51361"
}, {
  "kecamatan" : "Pagerruyung",
  "kelurahan" : "Surokonto Kulon",
  "kodepos" : "51361"
}, {
  "kecamatan" : "Pagerruyung",
  "kelurahan" : "Surokonto Wetan",
  "kodepos" : "51361"
}, {
  "kecamatan" : "Pagerruyung",
  "kelurahan" : "Petung",
  "kodepos" : "51361"
}, {
  "kecamatan" : "Pagerruyung",
  "kelurahan" : "Pucakwangi",
  "kodepos" : "51361"
}, {
  "kecamatan" : "Pagerruyung",
  "kelurahan" : "Pageruyung",
  "kodepos" : "51361"
}, {
  "kecamatan" : "Pagerruyung",
  "kelurahan" : "Parakan Sebaran",
  "kodepos" : "51361"
}, {
  "kecamatan" : "Pagerruyung",
  "kelurahan" : "Kebongembong",
  "kodepos" : "51361"
}, {
  "kecamatan" : "Pagerruyung",
  "kelurahan" : "Krikil",
  "kodepos" : "51361"
}, {
  "kecamatan" : "Pagerruyung",
  "kelurahan" : "Pagergunung",
  "kodepos" : "51361"
}, {
  "kecamatan" : "Pagerruyung",
  "kelurahan" : "Getas Blawong",
  "kodepos" : "51361"
}, {
  "kecamatan" : "Pagerruyung",
  "kelurahan" : "Gondoharum",
  "kodepos" : "51361"
}, {
  "kecamatan" : "Pagerruyung",
  "kelurahan" : "Bangunsari",
  "kodepos" : "51361"
}, {
  "kecamatan" : "Pagerruyung",
  "kelurahan" : "Gebangan",
  "kodepos" : "51361"
}, {
  "kecamatan" : "Ngampel",
  "kelurahan" : "Winong",
  "kodepos" : "51357"
}, {
  "kecamatan" : "Pegandon",
  "kelurahan" : "Wonosari",
  "kodepos" : "51357"
}, {
  "kecamatan" : "Ngampel",
  "kelurahan" : "Sudipayung",
  "kodepos" : "51357"
}, {
  "kecamatan" : "Ngampel",
  "kelurahan" : "Sumbersari",
  "kodepos" : "51357"
}, {
  "kecamatan" : "Pegandon",
  "kelurahan" : "Tegorejo",
  "kodepos" : "51357"
}, {
  "kecamatan" : "Ngampel",
  "kelurahan" : "Rejosari",
  "kodepos" : "51357"
}, {
  "kecamatan" : "Ngampel",
  "kelurahan" : "Putatgede",
  "kodepos" : "51357"
}, {
  "kecamatan" : "Pegandon",
  "kelurahan" : "Pesawahan",
  "kodepos" : "51357"
}, {
  "kecamatan" : "Pegandon",
  "kelurahan" : "Pucang Rejo",
  "kodepos" : "51357"
}, {
  "kecamatan" : "Pegandon",
  "kelurahan" : "Puguh",
  "kodepos" : "51357"
}, {
  "kecamatan" : "Pegandon",
  "kelurahan" : "Pegandon",
  "kodepos" : "51357"
}, {
  "kecamatan" : "Pegandon",
  "kelurahan" : "Pekuncen",
  "kodepos" : "51357"
}, {
  "kecamatan" : "Pegandon",
  "kelurahan" : "Penanggulan",
  "kodepos" : "51357"
}, {
  "kecamatan" : "Ngampel",
  "kelurahan" : "Ngampel Wetan",
  "kodepos" : "51357"
}, {
  "kecamatan" : "Pegandon",
  "kelurahan" : "Margomulyo",
  "kodepos" : "51357"
}, {
  "kecamatan" : "Ngampel",
  "kelurahan" : "Ngampel Kulon",
  "kodepos" : "51357"
}, {
  "kecamatan" : "Pegandon",
  "kelurahan" : "Karangmulyo",
  "kodepos" : "51357"
}, {
  "kecamatan" : "Ngampel",
  "kelurahan" : "Kebonagung",
  "kodepos" : "51357"
}, {
  "kecamatan" : "Ngampel",
  "kelurahan" : "Jatirejo",
  "kodepos" : "51357"
}, {
  "kecamatan" : "Pegandon",
  "kelurahan" : "Gubugsari",
  "kodepos" : "51357"
}, {
  "kecamatan" : "Ngampel",
  "kelurahan" : "Dempelrejo",
  "kodepos" : "51357"
}, {
  "kecamatan" : "Pegandon",
  "kelurahan" : "Dawungsari",
  "kodepos" : "51357"
}, {
  "kecamatan" : "Ngampel",
  "kelurahan" : "Bojonggede",
  "kodepos" : "51357"
}, {
  "kecamatan" : "Ringinarum",
  "kelurahan" : "Wungurejo",
  "kodepos" : "51356"
}, {
  "kecamatan" : "Ngampel",
  "kelurahan" : "Banyuurip",
  "kodepos" : "51357"
}, {
  "kecamatan" : "Gemuh",
  "kelurahan" : "Tlahab",
  "kodepos" : "51356"
}, {
  "kecamatan" : "Gemuh",
  "kelurahan" : "Triharjo",
  "kodepos" : "51356"
}, {
  "kecamatan" : "Gemuh",
  "kelurahan" : "Tamangede",
  "kodepos" : "51356"
}, {
  "kecamatan" : "Ringinarum",
  "kelurahan" : "Tejorejo",
  "kodepos" : "51356"
}, {
  "kecamatan" : "Gemuh",
  "kelurahan" : "Sedayu",
  "kodepos" : "51356"
}, {
  "kecamatan" : "Gemuh",
  "kelurahan" : "Sojomerto",
  "kodepos" : "51356"
}, {
  "kecamatan" : "Ringinarum",
  "kelurahan" : "Ringinarum",
  "kodepos" : "51356"
}, {
  "kecamatan" : "Ringinarum",
  "kelurahan" : "Rowobranten",
  "kodepos" : "51356"
}, {
  "kecamatan" : "Gemuh",
  "kelurahan" : "Poncorejo",
  "kodepos" : "51356"
}, {
  "kecamatan" : "Gemuh",
  "kelurahan" : "Pucangrejo",
  "kodepos" : "51356"
}, {
  "kecamatan" : "Ringinarum",
  "kelurahan" : "Purworejo",
  "kodepos" : "51356"
}, {
  "kecamatan" : "Gemuh",
  "kelurahan" : "Pamriyan",
  "kodepos" : "51356"
}, {
  "kecamatan" : "Ringinarum",
  "kelurahan" : "Ngawensari",
  "kodepos" : "51356"
}, {
  "kecamatan" : "Ringinarum",
  "kelurahan" : "Ngerjo",
  "kodepos" : "51356"
}, {
  "kecamatan" : "Ringinarum",
  "kelurahan" : "Pagerdawung",
  "kodepos" : "51356"
}, {
  "kecamatan" : "Ringinarum",
  "kelurahan" : "Mojo",
  "kodepos" : "51356"
}, {
  "kecamatan" : "Gemuh",
  "kelurahan" : "Krompaan",
  "kodepos" : "51356"
}, {
  "kecamatan" : "Gemuh",
  "kelurahan" : "Lumansari",
  "kodepos" : "51356"
}, {
  "kecamatan" : "Ringinarum",
  "kelurahan" : "Kedungasri",
  "kodepos" : "51356"
}, {
  "kecamatan" : "Ringinarum",
  "kelurahan" : "Kedunggading",
  "kodepos" : "51356"
}, {
  "kecamatan" : "Gemuh",
  "kelurahan" : "Johorejo",
  "kodepos" : "51356"
}, {
  "kecamatan" : "Gemuh",
  "kelurahan" : "Jenarsari",
  "kodepos" : "51356"
}, {
  "kecamatan" : "Gemuh",
  "kelurahan" : "Gebang",
  "kodepos" : "51356"
}, {
  "kecamatan" : "Gemuh",
  "kelurahan" : "Gemuhblanten",
  "kodepos" : "51356"
}, {
  "kecamatan" : "Gemuh",
  "kelurahan" : "Cepokomulyo",
  "kodepos" : "51356"
}, {
  "kecamatan" : "Gemuh",
  "kelurahan" : "Galih",
  "kodepos" : "51356"
}, {
  "kecamatan" : "Weleri",
  "kelurahan" : "Weleri",
  "kodepos" : "51355"
}, {
  "kecamatan" : "Ringinarum",
  "kelurahan" : "Caruban",
  "kodepos" : "51356"
}, {
  "kecamatan" : "Weleri",
  "kelurahan" : "Sumberagung",
  "kodepos" : "51355"
}, {
  "kecamatan" : "Weleri",
  "kelurahan" : "Tratemulyo",
  "kodepos" : "51355"
}, {
  "kecamatan" : "Weleri",
  "kelurahan" : "Sambongsari",
  "kodepos" : "51355"
}, {
  "kecamatan" : "Weleri",
  "kelurahan" : "Sidomukti",
  "kodepos" : "51355"
}, {
  "kecamatan" : "Weleri",
  "kelurahan" : "Penaruban",
  "kodepos" : "51355"
}, {
  "kecamatan" : "Weleri",
  "kelurahan" : "Penyangkringan",
  "kodepos" : "51355"
}, {
  "kecamatan" : "Weleri",
  "kelurahan" : "Pucuksari",
  "kodepos" : "51355"
}, {
  "kecamatan" : "Weleri",
  "kelurahan" : "Payung",
  "kodepos" : "51355"
}, {
  "kecamatan" : "Weleri",
  "kelurahan" : "Nawangsari",
  "kodepos" : "51355"
}, {
  "kecamatan" : "Weleri",
  "kelurahan" : "Ngasinan",
  "kodepos" : "51355"
}, {
  "kecamatan" : "Weleri",
  "kelurahan" : "Manggungsari",
  "kodepos" : "51355"
}, {
  "kecamatan" : "Weleri",
  "kelurahan" : "Montongsari",
  "kodepos" : "51355"
}, {
  "kecamatan" : "Weleri",
  "kelurahan" : "Bumiayu",
  "kodepos" : "51355"
}, {
  "kecamatan" : "Weleri",
  "kelurahan" : "Karanganom",
  "kodepos" : "51355"
}, {
  "kecamatan" : "Weleri",
  "kelurahan" : "Karangdowo",
  "kodepos" : "51355"
}, {
  "kecamatan" : "Rowosari",
  "kelurahan" : "Tanjungsari",
  "kodepos" : "51354"
}, {
  "kecamatan" : "Rowosari",
  "kelurahan" : "Wonotenggang",
  "kodepos" : "51354"
}, {
  "kecamatan" : "Rowosari",
  "kelurahan" : "Tambaksari",
  "kodepos" : "51354"
}, {
  "kecamatan" : "Rowosari",
  "kelurahan" : "Tanjunganom",
  "kodepos" : "51354"
}, {
  "kecamatan" : "Rowosari",
  "kelurahan" : "Sendang Sikucing",
  "kodepos" : "51354"
}, {
  "kecamatan" : "Rowosari",
  "kelurahan" : "Sendangdawuhan",
  "kodepos" : "51354"
}, {
  "kecamatan" : "Rowosari",
  "kelurahan" : "Randusari",
  "kodepos" : "51354"
}, {
  "kecamatan" : "Rowosari",
  "kelurahan" : "Rowosari",
  "kodepos" : "51354"
}, {
  "kecamatan" : "Rowosari",
  "kelurahan" : "Kebonsari",
  "kodepos" : "51354"
}, {
  "kecamatan" : "Rowosari",
  "kelurahan" : "Parakan",
  "kodepos" : "51354"
}, {
  "kecamatan" : "Rowosari",
  "kelurahan" : "Pojoksari",
  "kodepos" : "51354"
}, {
  "kecamatan" : "Rowosari",
  "kelurahan" : "Jatipurwo",
  "kodepos" : "51354"
}, {
  "kecamatan" : "Rowosari",
  "kelurahan" : "Gempolsewu",
  "kodepos" : "51354"
}, {
  "kecamatan" : "Kangkung",
  "kelurahan" : "Truko",
  "kodepos" : "51353"
}, {
  "kecamatan" : "Rowosari",
  "kelurahan" : "Bulak",
  "kodepos" : "51354"
}, {
  "kecamatan" : "Rowosari",
  "kelurahan" : "Gebanganom",
  "kodepos" : "51354"
}, {
  "kecamatan" : "Kangkung",
  "kelurahan" : "Tanjungmojo",
  "kodepos" : "51353"
}, {
  "kecamatan" : "Kangkung",
  "kelurahan" : "Sendangkulon",
  "kodepos" : "51353"
}, {
  "kecamatan" : "Kangkung",
  "kelurahan" : "Sukodadi",
  "kodepos" : "51353"
}, {
  "kecamatan" : "Kangkung",
  "kelurahan" : "Rejosari",
  "kodepos" : "51353"
}, {
  "kecamatan" : "Kangkung",
  "kelurahan" : "Rejosari",
  "kodepos" : "51353"
}, {
  "kecamatan" : "Kangkung",
  "kelurahan" : "Laban",
  "kodepos" : "51353"
}, {
  "kecamatan" : "Kangkung",
  "kelurahan" : "Lebosari",
  "kodepos" : "51353"
}, {
  "kecamatan" : "Kangkung",
  "kelurahan" : "Kangkung",
  "kodepos" : "51353"
}, {
  "kecamatan" : "Kangkung",
  "kelurahan" : "Karangmalang Wetan",
  "kodepos" : "51353"
}, {
  "kecamatan" : "Kangkung",
  "kelurahan" : "Kadilangu",
  "kodepos" : "51353"
}, {
  "kecamatan" : "Kangkung",
  "kelurahan" : "Kalirejo",
  "kodepos" : "51353"
}, {
  "kecamatan" : "Kangkung",
  "kelurahan" : "Kaliyoso",
  "kodepos" : "51353"
}, {
  "kecamatan" : "Kangkung",
  "kelurahan" : "Jungsemi",
  "kodepos" : "51353"
}, {
  "kecamatan" : "Cepiring",
  "kelurahan" : "Sidomulyo",
  "kodepos" : "51352"
}, {
  "kecamatan" : "Kangkung",
  "kelurahan" : "Gebanganom Wetan",
  "kodepos" : "51353"
}, {
  "kecamatan" : "Cepiring",
  "kelurahan" : "Margorejo",
  "kodepos" : "51352"
}, {
  "kecamatan" : "Cepiring",
  "kelurahan" : "Pandes",
  "kodepos" : "51352"
}, {
  "kecamatan" : "Cepiring",
  "kelurahan" : "Podosari",
  "kodepos" : "51352"
}, {
  "kecamatan" : "Cepiring",
  "kelurahan" : "Korowelang Anyar",
  "kodepos" : "51352"
}, {
  "kecamatan" : "Cepiring",
  "kelurahan" : "Korowelang Kulon",
  "kodepos" : "51352"
}, {
  "kecamatan" : "Cepiring",
  "kelurahan" : "Kalirandu Gede",
  "kodepos" : "51352"
}, {
  "kecamatan" : "Cepiring",
  "kelurahan" : "Karangayu",
  "kodepos" : "51352"
}, {
  "kecamatan" : "Cepiring",
  "kelurahan" : "Karangsuno",
  "kodepos" : "51352"
}, {
  "kecamatan" : "Cepiring",
  "kelurahan" : "Juwiring",
  "kodepos" : "51352"
}, {
  "kecamatan" : "Cepiring",
  "kelurahan" : "Kaliayu",
  "kodepos" : "51352"
}, {
  "kecamatan" : "Cepiring",
  "kelurahan" : "Damarsari",
  "kodepos" : "51352"
}, {
  "kecamatan" : "Cepiring",
  "kelurahan" : "Gondang",
  "kodepos" : "51352"
}, {
  "kecamatan" : "Cepiring",
  "kelurahan" : "Cepiring",
  "kodepos" : "51352"
}, {
  "kecamatan" : "Patebon",
  "kelurahan" : "Wonosari",
  "kodepos" : "51351"
}, {
  "kecamatan" : "Cepiring",
  "kelurahan" : "Botomulyo",
  "kodepos" : "51352"
}, {
  "kecamatan" : "Patebon",
  "kelurahan" : "Sukolilan",
  "kodepos" : "51351"
}, {
  "kecamatan" : "Patebon",
  "kelurahan" : "Tambakrejo",
  "kodepos" : "51351"
}, {
  "kecamatan" : "Patebon",
  "kelurahan" : "Purwokerto",
  "kodepos" : "51351"
}, {
  "kecamatan" : "Patebon",
  "kelurahan" : "Purwosari",
  "kodepos" : "51351"
}, {
  "kecamatan" : "Patebon",
  "kelurahan" : "Margosari",
  "kodepos" : "51351"
}, {
  "kecamatan" : "Patebon",
  "kelurahan" : "Pidodo Kulon (Widodo Kulon)",
  "kodepos" : "51351"
}, {
  "kecamatan" : "Patebon",
  "kelurahan" : "Pidodo Wetan (Widodo Wetan)",
  "kodepos" : "51351"
}, {
  "kecamatan" : "Patebon",
  "kelurahan" : "Kumpulrejo",
  "kodepos" : "51351"
}, {
  "kecamatan" : "Patebon",
  "kelurahan" : "Lanji",
  "kodepos" : "51351"
}, {
  "kecamatan" : "Patebon",
  "kelurahan" : "Magersari",
  "kodepos" : "51351"
}, {
  "kecamatan" : "Patebon",
  "kelurahan" : "Kartikajaya",
  "kodepos" : "51351"
}, {
  "kecamatan" : "Patebon",
  "kelurahan" : "Kebonharjo",
  "kodepos" : "51351"
}, {
  "kecamatan" : "Patebon",
  "kelurahan" : "Donosari",
  "kodepos" : "51351"
}, {
  "kecamatan" : "Patebon",
  "kelurahan" : "Jambearum",
  "kodepos" : "51351"
}, {
  "kecamatan" : "Patebon",
  "kelurahan" : "Bangunsari",
  "kodepos" : "51351"
}, {
  "kecamatan" : "Patebon",
  "kelurahan" : "Bulugede",
  "kodepos" : "51351"
}, {
  "kecamatan" : "Kendal",
  "kelurahan" : "Pakauman",
  "kodepos" : "51319"
}, {
  "kecamatan" : "Patebon",
  "kelurahan" : "Bangunrejo",
  "kodepos" : "51351"
}, {
  "kecamatan" : "Kendal",
  "kelurahan" : "Ketapang",
  "kodepos" : "51319"
}, {
  "kecamatan" : "Rowosari",
  "kelurahan" : "Karangsari",
  "kodepos" : "51319"
}, {
  "kecamatan" : "Kendal",
  "kelurahan" : "Banyutowo",
  "kodepos" : "51319"
}, {
  "kecamatan" : "Kendal",
  "kelurahan" : "Karang Sari",
  "kodepos" : "51319"
}, {
  "kecamatan" : "Kendal",
  "kelurahan" : "Kebondalem",
  "kodepos" : "51318"
}, {
  "kecamatan" : "Kendal",
  "kelurahan" : "Trompo",
  "kodepos" : "51317"
}, {
  "kecamatan" : "Kendal",
  "kelurahan" : "Kalibuntu Wetan",
  "kodepos" : "51318"
}, {
  "kecamatan" : "Kendal",
  "kelurahan" : "Candiroto",
  "kodepos" : "51317"
}, {
  "kecamatan" : "Kendal",
  "kelurahan" : "Sukodono",
  "kodepos" : "51317"
}, {
  "kecamatan" : "Kendal",
  "kelurahan" : "Jotang",
  "kodepos" : "51316"
}, {
  "kecamatan" : "Kendal",
  "kelurahan" : "Tunggulrejo",
  "kodepos" : "51316"
}, {
  "kecamatan" : "Kendal",
  "kelurahan" : "Jetis",
  "kodepos" : "51315"
}, {
  "kecamatan" : "Kendal",
  "kelurahan" : "Sijeruk",
  "kodepos" : "51315"
}, {
  "kecamatan" : "Kendal",
  "kelurahan" : "Pegulon",
  "kodepos" : "51313"
}, {
  "kecamatan" : "Kendal",
  "kelurahan" : "Bugangin",
  "kodepos" : "51314"
}, {
  "kecamatan" : "Kendal",
  "kelurahan" : "Langenharjo",
  "kodepos" : "51314"
}, {
  "kecamatan" : "Kendal",
  "kelurahan" : "Balok",
  "kodepos" : "51312"
}, {
  "kecamatan" : "Kendal",
  "kelurahan" : "Bandengan",
  "kodepos" : "51312"
}, {
  "kecamatan" : "Kendal",
  "kelurahan" : "Ngilir",
  "kodepos" : "51311"
}, {
  "kecamatan" : "Kendal",
  "kelurahan" : "Patukangan",
  "kodepos" : "51311"
} ]
