[ {
  "kecamatan" : "Petungkriono/Petungkriyono",
  "kelurahan" : "Yosorejo",
  "kodepos" : "51193"
}, {
  "kecamatan" : "Petungkriono/Petungkriyono",
  "kelurahan" : "Songgodadi",
  "kodepos" : "51193"
}, {
  "kecamatan" : "Petungkriono/Petungkriyono",
  "kelurahan" : "Tlogohendro",
  "kodepos" : "51193"
}, {
  "kecamatan" : "Petungkriono/Petungkriyono",
  "kelurahan" : "Tlogopakis",
  "kodepos" : "51193"
}, {
  "kecamatan" : "Petungkriono/Petungkriyono",
  "kelurahan" : "Simego",
  "kodepos" : "51193"
}, {
  "kecamatan" : "Petungkriono/Petungkriyono",
  "kelurahan" : "Kasimpar",
  "kodepos" : "51193"
}, {
  "kecamatan" : "Petungkriono/Petungkriyono",
  "kelurahan" : "Kayupuring",
  "kodepos" : "51193"
}, {
  "kecamatan" : "Petungkriono/Petungkriyono",
  "kelurahan" : "Gumelem",
  "kodepos" : "51193"
}, {
  "kecamatan" : "Petungkriono/Petungkriyono",
  "kelurahan" : "Curugmuncar",
  "kodepos" : "51193"
}, {
  "kecamatan" : "Talun",
  "kelurahan" : "Talun",
  "kodepos" : "51192"
}, {
  "kecamatan" : "Talun",
  "kelurahan" : "Sengare",
  "kodepos" : "51192"
}, {
  "kecamatan" : "Talun",
  "kelurahan" : "Mesoyi",
  "kodepos" : "51192"
}, {
  "kecamatan" : "Talun",
  "kelurahan" : "Karangasem",
  "kodepos" : "51192"
}, {
  "kecamatan" : "Talun",
  "kelurahan" : "Krompeng",
  "kodepos" : "51192"
}, {
  "kecamatan" : "Talun",
  "kelurahan" : "Kalirejo",
  "kodepos" : "51192"
}, {
  "kecamatan" : "Talun",
  "kelurahan" : "Jolotigo",
  "kodepos" : "51192"
}, {
  "kecamatan" : "Talun",
  "kelurahan" : "Donowangun",
  "kodepos" : "51192"
}, {
  "kecamatan" : "Talun",
  "kelurahan" : "Batursari",
  "kodepos" : "51192"
}, {
  "kecamatan" : "Doro",
  "kelurahan" : "Wringin Agung",
  "kodepos" : "51191"
}, {
  "kecamatan" : "Talun",
  "kelurahan" : "Banjarsari",
  "kodepos" : "51192"
}, {
  "kecamatan" : "Doro",
  "kelurahan" : "Sidoharjo",
  "kodepos" : "51191"
}, {
  "kecamatan" : "Doro",
  "kelurahan" : "Sawangan",
  "kodepos" : "51191"
}, {
  "kecamatan" : "Doro",
  "kelurahan" : "Rogoselo",
  "kodepos" : "51191"
}, {
  "kecamatan" : "Doro",
  "kelurahan" : "Pungangan",
  "kodepos" : "51191"
}, {
  "kecamatan" : "Doro",
  "kelurahan" : "Randusari",
  "kodepos" : "51191"
}, {
  "kecamatan" : "Doro",
  "kelurahan" : "Larikan",
  "kodepos" : "51191"
}, {
  "kecamatan" : "Doro",
  "kelurahan" : "Lemah Abang",
  "kodepos" : "51191"
}, {
  "kecamatan" : "Doro",
  "kelurahan" : "Kalimojosari",
  "kodepos" : "51191"
}, {
  "kecamatan" : "Doro",
  "kelurahan" : "Kutosari",
  "kodepos" : "51191"
}, {
  "kecamatan" : "Doro",
  "kelurahan" : "Dororejo",
  "kodepos" : "51191"
}, {
  "kecamatan" : "Doro",
  "kelurahan" : "Harjosari",
  "kodepos" : "51191"
}, {
  "kecamatan" : "Doro",
  "kelurahan" : "Doro",
  "kodepos" : "51191"
}, {
  "kecamatan" : "Doro",
  "kelurahan" : "Bligorejo",
  "kodepos" : "51191"
}, {
  "kecamatan" : "Lebakbarang",
  "kelurahan" : "Wonosido",
  "kodepos" : "51183"
}, {
  "kecamatan" : "Lebakbarang",
  "kelurahan" : "Timbangsari",
  "kodepos" : "51183"
}, {
  "kecamatan" : "Lebakbarang",
  "kelurahan" : "Tembelang Gunung",
  "kodepos" : "51183"
}, {
  "kecamatan" : "Lebakbarang",
  "kelurahan" : "Pamutuh",
  "kodepos" : "51183"
}, {
  "kecamatan" : "Lebakbarang",
  "kelurahan" : "Sidomulyo",
  "kodepos" : "51183"
}, {
  "kecamatan" : "Lebakbarang",
  "kelurahan" : "Lebakbarang",
  "kodepos" : "51183"
}, {
  "kecamatan" : "Lebakbarang",
  "kelurahan" : "Mendolo",
  "kodepos" : "51183"
}, {
  "kecamatan" : "Lebakbarang",
  "kelurahan" : "Kutorembet",
  "kodepos" : "51183"
}, {
  "kecamatan" : "Lebakbarang",
  "kelurahan" : "Depok",
  "kodepos" : "51183"
}, {
  "kecamatan" : "Lebakbarang",
  "kelurahan" : "Kapundutan",
  "kodepos" : "51183"
}, {
  "kecamatan" : "Lebakbarang",
  "kelurahan" : "Bantar Kulon",
  "kodepos" : "51183"
}, {
  "kecamatan" : "Karanganyar",
  "kelurahan" : "Sukosari",
  "kodepos" : "51182"
}, {
  "kecamatan" : "Karanganyar",
  "kelurahan" : "Wonosari",
  "kodepos" : "51182"
}, {
  "kecamatan" : "Karanganyar",
  "kelurahan" : "Pododadi",
  "kodepos" : "51182"
}, {
  "kecamatan" : "Karanganyar",
  "kelurahan" : "Sidomukti",
  "kodepos" : "51182"
}, {
  "kecamatan" : "Karanganyar",
  "kelurahan" : "Lolong",
  "kodepos" : "51182"
}, {
  "kecamatan" : "Karanganyar",
  "kelurahan" : "Pedawang",
  "kodepos" : "51182"
}, {
  "kecamatan" : "Karanganyar",
  "kelurahan" : "Limbangan",
  "kodepos" : "51182"
}, {
  "kecamatan" : "Karanganyar",
  "kelurahan" : "Legok Kalong",
  "kodepos" : "51182"
}, {
  "kecamatan" : "Karanganyar",
  "kelurahan" : "Kayugeritan",
  "kodepos" : "51182"
}, {
  "kecamatan" : "Karanganyar",
  "kelurahan" : "Kulu",
  "kodepos" : "51182"
}, {
  "kecamatan" : "Karanganyar",
  "kelurahan" : "Kutosari",
  "kodepos" : "51182"
}, {
  "kecamatan" : "Tirto",
  "kelurahan" : "Karanganyar",
  "kodepos" : "51182"
}, {
  "kecamatan" : "Karanganyar",
  "kelurahan" : "Karangsari",
  "kodepos" : "51182"
}, {
  "kecamatan" : "Karanganyar",
  "kelurahan" : "Gutomo",
  "kodepos" : "51182"
}, {
  "kecamatan" : "Karanganyar",
  "kelurahan" : "Karang Gondang",
  "kodepos" : "51182"
}, {
  "kecamatan" : "Karanganyar",
  "kelurahan" : "Banjarejo",
  "kodepos" : "51182"
}, {
  "kecamatan" : "Wonopringgo",
  "kelurahan" : "Wonopringgo",
  "kodepos" : "51181"
}, {
  "kecamatan" : "Wonopringgo",
  "kelurahan" : "Wonorejo",
  "kodepos" : "51181"
}, {
  "kecamatan" : "Wonopringgo",
  "kelurahan" : "Sastrodirjan",
  "kodepos" : "51181"
}, {
  "kecamatan" : "Wonopringgo",
  "kelurahan" : "Surabayan",
  "kodepos" : "51181"
}, {
  "kecamatan" : "Wonopringgo",
  "kelurahan" : "Rowokembu",
  "kodepos" : "51181"
}, {
  "kecamatan" : "Wonopringgo",
  "kelurahan" : "Sampih",
  "kodepos" : "51181"
}, {
  "kecamatan" : "Wonopringgo",
  "kelurahan" : "Legok Gunung",
  "kodepos" : "51181"
}, {
  "kecamatan" : "Wonopringgo",
  "kelurahan" : "Pegaden Tengah",
  "kodepos" : "51181"
}, {
  "kecamatan" : "Wonopringgo",
  "kelurahan" : "Kwagean",
  "kodepos" : "51181"
}, {
  "kecamatan" : "Wonopringgo",
  "kelurahan" : "Jetak Kidul",
  "kodepos" : "51181"
}, {
  "kecamatan" : "Wonopringgo",
  "kelurahan" : "Jetak Lengkong",
  "kodepos" : "51181"
}, {
  "kecamatan" : "Wonopringgo",
  "kelurahan" : "Getas",
  "kodepos" : "51181"
}, {
  "kecamatan" : "Wonopringgo",
  "kelurahan" : "Gondang",
  "kodepos" : "51181"
}, {
  "kecamatan" : "Wonopringgo",
  "kelurahan" : "Galang Pengampon Gede",
  "kodepos" : "51181"
}, {
  "kecamatan" : "Karangdadap",
  "kelurahan" : "Pegandon",
  "kodepos" : "51174"
}, {
  "kecamatan" : "Karangdadap",
  "kelurahan" : "Pagumengan Mas",
  "kodepos" : "51174"
}, {
  "kecamatan" : "Karangdadap",
  "kelurahan" : "Pangkah",
  "kodepos" : "51174"
}, {
  "kecamatan" : "Karangdadap",
  "kelurahan" : "Kedung Kebo",
  "kodepos" : "51174"
}, {
  "kecamatan" : "Karangdadap",
  "kelurahan" : "Logandeng",
  "kodepos" : "51174"
}, {
  "kecamatan" : "Karangdadap",
  "kelurahan" : "Kebonrowo Pucang",
  "kodepos" : "51174"
}, {
  "kecamatan" : "Karangdadap",
  "kelurahan" : "Kebonsari",
  "kodepos" : "51174"
}, {
  "kecamatan" : "Karangdadap",
  "kelurahan" : "Kalilembu",
  "kodepos" : "51174"
}, {
  "kecamatan" : "Karangdadap",
  "kelurahan" : "Karangdadap",
  "kodepos" : "51174"
}, {
  "kecamatan" : "Karangdadap",
  "kelurahan" : "Kaligawe",
  "kodepos" : "51174"
}, {
  "kecamatan" : "Karangdadap",
  "kelurahan" : "Jrebeng Kembang",
  "kodepos" : "51174"
}, {
  "kecamatan" : "Kedungwuni",
  "kelurahan" : "Tosaran",
  "kodepos" : "51173"
}, {
  "kecamatan" : "Kedungwuni",
  "kelurahan" : "Tangkil Kulon",
  "kodepos" : "51173"
}, {
  "kecamatan" : "Kedungwuni",
  "kelurahan" : "Tangkil Tengah",
  "kodepos" : "51173"
}, {
  "kecamatan" : "Kedungwuni",
  "kelurahan" : "Rowocacing",
  "kodepos" : "51173"
}, {
  "kecamatan" : "Kedungwuni",
  "kelurahan" : "Salakbrojo",
  "kodepos" : "51173"
}, {
  "kecamatan" : "Kedungwuni",
  "kelurahan" : "Proto",
  "kodepos" : "51173"
}, {
  "kecamatan" : "Kedungwuni",
  "kelurahan" : "Rengas",
  "kodepos" : "51173"
}, {
  "kecamatan" : "Kedungwuni",
  "kelurahan" : "Pekajangan",
  "kodepos" : "51173"
}, {
  "kecamatan" : "Kedungwuni",
  "kelurahan" : "Podo",
  "kodepos" : "51173"
}, {
  "kecamatan" : "Kedungwuni",
  "kelurahan" : "Pajomblangan",
  "kodepos" : "51173"
}, {
  "kecamatan" : "Kedungwuni",
  "kelurahan" : "Pakisputih",
  "kodepos" : "51173"
}, {
  "kecamatan" : "Kedungwuni",
  "kelurahan" : "Langkap",
  "kodepos" : "51173"
}, {
  "kecamatan" : "Kedungwuni",
  "kelurahan" : "Kwayangan",
  "kodepos" : "51173"
}, {
  "kecamatan" : "Kedungwuni",
  "kelurahan" : "Kedungwuni Barat",
  "kodepos" : "51173"
}, {
  "kecamatan" : "Kedungwuni",
  "kelurahan" : "Kedungwuni Timur",
  "kodepos" : "51173"
}, {
  "kecamatan" : "Kedungwuni",
  "kelurahan" : "Karangdowo",
  "kodepos" : "51173"
}, {
  "kecamatan" : "Kedungwuni",
  "kelurahan" : "Kedung Patangewu",
  "kodepos" : "51173"
}, {
  "kecamatan" : "Kedungwuni",
  "kelurahan" : "Ambokembang",
  "kodepos" : "51173"
}, {
  "kecamatan" : "Kedungwuni",
  "kelurahan" : "Bugangan/Bungangan",
  "kodepos" : "51173"
}, {
  "kecamatan" : "Buaran",
  "kelurahan" : "Simbang Wetan",
  "kodepos" : "51171"
}, {
  "kecamatan" : "Buaran",
  "kelurahan" : "Watusalam",
  "kodepos" : "51171"
}, {
  "kecamatan" : "Buaran",
  "kelurahan" : "Wonoyoso",
  "kodepos" : "51171"
}, {
  "kecamatan" : "Buaran",
  "kelurahan" : "Sapugarut",
  "kodepos" : "51171"
}, {
  "kecamatan" : "Buaran",
  "kelurahan" : "Simbang Kulon",
  "kodepos" : "51171"
}, {
  "kecamatan" : "Buaran",
  "kelurahan" : "Pakumbulan",
  "kodepos" : "51171"
}, {
  "kecamatan" : "Buaran",
  "kelurahan" : "Paweden",
  "kodepos" : "51171"
}, {
  "kecamatan" : "Buaran",
  "kelurahan" : "Kertijayan",
  "kodepos" : "51171"
}, {
  "kecamatan" : "Buaran",
  "kelurahan" : "Coprayan",
  "kodepos" : "51171"
}, {
  "kecamatan" : "Pekalongan Selatan",
  "kelurahan" : "Buaran",
  "kodepos" : "51171"
}, {
  "kecamatan" : "Paninggaran",
  "kelurahan" : "Winduaji",
  "kodepos" : "51164"
}, {
  "kecamatan" : "Buaran",
  "kelurahan" : "Bligo",
  "kodepos" : "51171"
}, {
  "kecamatan" : "Paninggaran",
  "kelurahan" : "Tenogo",
  "kodepos" : "51164"
}, {
  "kecamatan" : "Paninggaran",
  "kelurahan" : "Werdi",
  "kodepos" : "51164"
}, {
  "kecamatan" : "Paninggaran",
  "kelurahan" : "Tanggeran",
  "kodepos" : "51164"
}, {
  "kecamatan" : "Siwalan",
  "kelurahan" : "Depok",
  "kodepos" : "51137"
}, {
  "kecamatan" : "Paninggaran",
  "kelurahan" : "Paninggaran",
  "kodepos" : "51164"
}, {
  "kecamatan" : "Paninggaran",
  "kelurahan" : "Sawangan",
  "kodepos" : "51164"
}, {
  "kecamatan" : "Siwalan",
  "kelurahan" : "Boyo Teluk",
  "kodepos" : "51137"
}, {
  "kecamatan" : "Paninggaran",
  "kelurahan" : "Notogiwang",
  "kodepos" : "51164"
}, {
  "kecamatan" : "Siwalan",
  "kelurahan" : "Blimbing Wuluh",
  "kodepos" : "51137"
}, {
  "kecamatan" : "Paninggaran",
  "kelurahan" : "Lomeneng",
  "kodepos" : "51164"
}, {
  "kecamatan" : "Siwalan",
  "kelurahan" : "Blacanan",
  "kodepos" : "51137"
}, {
  "kecamatan" : "Pekalongan Selatan",
  "kelurahan" : "Kuripan Lor",
  "kodepos" : "51136"
}, {
  "kecamatan" : "Paninggaran",
  "kelurahan" : "Krandegan",
  "kodepos" : "51164"
}, {
  "kecamatan" : "Paninggaran",
  "kelurahan" : "Lambanggelun",
  "kodepos" : "51164"
}, {
  "kecamatan" : "Pekalongan Selatan",
  "kelurahan" : "Kuripan Kidul",
  "kodepos" : "51135"
}, {
  "kecamatan" : "Paninggaran",
  "kelurahan" : "Kaliombo",
  "kodepos" : "51164"
}, {
  "kecamatan" : "Pekalongan Selatan",
  "kelurahan" : "Kertoharjo",
  "kodepos" : "51134"
}, {
  "kecamatan" : "Paninggaran",
  "kelurahan" : "Kaliboja",
  "kodepos" : "51164"
}, {
  "kecamatan" : "Pekalongan Selatan",
  "kelurahan" : "Jenggot",
  "kodepos" : "51133"
}, {
  "kecamatan" : "Paninggaran",
  "kelurahan" : "Domiyang",
  "kodepos" : "51164"
}, {
  "kecamatan" : "Pekalongan Selatan",
  "kelurahan" : "Kradenan",
  "kodepos" : "51132"
}, {
  "kecamatan" : "Paninggaran",
  "kelurahan" : "Botosari",
  "kodepos" : "51164"
}, {
  "kecamatan" : "Paninggaran",
  "kelurahan" : "Bedagung",
  "kodepos" : "51164"
}, {
  "kecamatan" : "Pekalongan Timur",
  "kelurahan" : "Sugihwaras",
  "kodepos" : "51129"
}, {
  "kecamatan" : "Kandangserang",
  "kelurahan" : "Wangkelang",
  "kodepos" : "51163"
}, {
  "kecamatan" : "Pekalongan Timur",
  "kelurahan" : "Sokorejo",
  "kodepos" : "51129"
}, {
  "kecamatan" : "Pekalongan Timur",
  "kelurahan" : "Landungsari",
  "kodepos" : "51129"
}, {
  "kecamatan" : "Kandangserang",
  "kelurahan" : "Trajumas",
  "kodepos" : "51163"
}, {
  "kecamatan" : "Pekalongan Timur",
  "kelurahan" : "Noyontaan",
  "kodepos" : "51129"
}, {
  "kecamatan" : "Kandangserang",
  "kelurahan" : "Sukoharjo",
  "kodepos" : "51163"
}, {
  "kecamatan" : "Pekalongan Timur",
  "kelurahan" : "Baros",
  "kodepos" : "51129"
}, {
  "kecamatan" : "Kandangserang",
  "kelurahan" : "Tajur",
  "kodepos" : "51163"
}, {
  "kecamatan" : "Kandangserang",
  "kelurahan" : "Luragung",
  "kodepos" : "51163"
}, {
  "kecamatan" : "Pekalongan Timur",
  "kelurahan" : "Keputran",
  "kodepos" : "51128"
}, {
  "kecamatan" : "Kandangserang",
  "kelurahan" : "Lambur",
  "kodepos" : "51163"
}, {
  "kecamatan" : "Kandangserang",
  "kelurahan" : "Klesem",
  "kodepos" : "51163"
}, {
  "kecamatan" : "Wiradesa",
  "kelurahan" : "Kauman",
  "kodepos" : "51127"
}, {
  "kecamatan" : "Kandangserang",
  "kelurahan" : "Karanggondang",
  "kodepos" : "51163"
}, {
  "kecamatan" : "Pekalongan Timur",
  "kelurahan" : "Kauman",
  "kodepos" : "51127"
}, {
  "kecamatan" : "Pekalongan Timur",
  "kelurahan" : "Sampangan",
  "kodepos" : "51126"
}, {
  "kecamatan" : "Kandangserang",
  "kelurahan" : "Kandangserang",
  "kodepos" : "51163"
}, {
  "kecamatan" : "Pekalongan Timur",
  "kelurahan" : "Klego",
  "kodepos" : "51124"
}, {
  "kecamatan" : "Kandangserang",
  "kelurahan" : "Gembong",
  "kodepos" : "51163"
}, {
  "kecamatan" : "Pekalongan Timur",
  "kelurahan" : "Gamer",
  "kodepos" : "51123"
}, {
  "kecamatan" : "Kandangserang",
  "kelurahan" : "Garungwiyoro",
  "kodepos" : "51163"
}, {
  "kecamatan" : "Pekalongan Timur",
  "kelurahan" : "Dekoro",
  "kodepos" : "51123"
}, {
  "kecamatan" : "Kandangserang",
  "kelurahan" : "Bojongkoneng",
  "kodepos" : "51163"
}, {
  "kecamatan" : "Kandangserang",
  "kelurahan" : "Bubak",
  "kodepos" : "51163"
}, {
  "kecamatan" : "Pekalongan Timur",
  "kelurahan" : "Poncol",
  "kodepos" : "51122"
}, {
  "kecamatan" : "Kandangserang",
  "kelurahan" : "Bodas",
  "kodepos" : "51163"
}, {
  "kecamatan" : "Pekalongan Timur",
  "kelurahan" : "Karangmalang",
  "kodepos" : "51122"
}, {
  "kecamatan" : "Pekalongan Barat",
  "kelurahan" : "Bendan",
  "kodepos" : "51119"
}, {
  "kecamatan" : "Pekalongan Barat",
  "kelurahan" : "Bendan",
  "kodepos" : "51119"
}, {
  "kecamatan" : "Kesesi",
  "kelurahan" : "Watupayung",
  "kodepos" : "51162"
}, {
  "kecamatan" : "Pekalongan Barat",
  "kelurahan" : "Pasirsari",
  "kodepos" : "51118"
}, {
  "kecamatan" : "Kesesi",
  "kelurahan" : "Watugajah",
  "kodepos" : "51162"
}, {
  "kecamatan" : "Kesesi",
  "kelurahan" : "Ujung Negoro",
  "kodepos" : "51162"
}, {
  "kecamatan" : "Pekalongan Barat",
  "kelurahan" : "Pringlangu",
  "kodepos" : "51117"
}, {
  "kecamatan" : "Pekalongan Barat",
  "kelurahan" : "Kramatsari",
  "kodepos" : "51118"
}, {
  "kecamatan" : "Kesesi",
  "kelurahan" : "Sukorejo",
  "kodepos" : "51162"
}, {
  "kecamatan" : "Pekalongan Barat",
  "kelurahan" : "Kraton Kidul",
  "kodepos" : "51117"
}, {
  "kecamatan" : "Kesesi",
  "kelurahan" : "Srinahan",
  "kodepos" : "51162"
}, {
  "kecamatan" : "Pekalongan Barat",
  "kelurahan" : "Bumirejo",
  "kodepos" : "51117"
}, {
  "kecamatan" : "Kesesi",
  "kelurahan" : "Sidomulyo",
  "kodepos" : "51162"
}, {
  "kecamatan" : "Kesesi",
  "kelurahan" : "Sidosari",
  "kodepos" : "51162"
}, {
  "kecamatan" : "Pekalongan Barat",
  "kelurahan" : "Kergon",
  "kodepos" : "51113"
}, {
  "kecamatan" : "Pekalongan Barat",
  "kelurahan" : "Tegalrejo",
  "kodepos" : "51116"
}, {
  "kecamatan" : "Kesesi",
  "kelurahan" : "Ponolawen",
  "kodepos" : "51162"
}, {
  "kecamatan" : "Kesesi",
  "kelurahan" : "Podosari",
  "kodepos" : "51162"
}, {
  "kecamatan" : "Pekalongan Barat",
  "kelurahan" : "Kebulen",
  "kodepos" : "51112"
}, {
  "kecamatan" : "Pekalongan Barat",
  "kelurahan" : "Sapuro",
  "kodepos" : "51112"
}, {
  "kecamatan" : "Kesesi",
  "kelurahan" : "Pantirejo",
  "kodepos" : "51162"
}, {
  "kecamatan" : "Pekalongan Barat",
  "kelurahan" : "Podosugih",
  "kodepos" : "51111"
}, {
  "kecamatan" : "Kesesi",
  "kelurahan" : "Langensari",
  "kodepos" : "51162"
}, {
  "kecamatan" : "Kesesi",
  "kelurahan" : "Mulyorejo",
  "kodepos" : "51162"
}, {
  "kecamatan" : "Pekalongan Barat",
  "kelurahan" : "Medono",
  "kodepos" : "51111"
}, {
  "kecamatan" : "Kesesi",
  "kelurahan" : "Kwigaran",
  "kodepos" : "51162"
}, {
  "kecamatan" : "Kesesi",
  "kelurahan" : "Kwasen",
  "kodepos" : "51162"
}, {
  "kecamatan" : "Kesesi",
  "kelurahan" : "Kesesi",
  "kodepos" : "51162"
}, {
  "kecamatan" : "Kesesi",
  "kelurahan" : "Krandon",
  "kodepos" : "51162"
}, {
  "kecamatan" : "Kesesi",
  "kelurahan" : "Karyomukti",
  "kodepos" : "51162"
}, {
  "kecamatan" : "Kesesi",
  "kelurahan" : "Karangrejo",
  "kodepos" : "51162"
}, {
  "kecamatan" : "Kesesi",
  "kelurahan" : "Kaibahan",
  "kodepos" : "51162"
}, {
  "kecamatan" : "Kesesi",
  "kelurahan" : "Kalimade",
  "kodepos" : "51162"
}, {
  "kecamatan" : "Kesesi",
  "kelurahan" : "Jagung",
  "kodepos" : "51162"
}, {
  "kecamatan" : "Kesesi",
  "kelurahan" : "Brondong",
  "kodepos" : "51162"
}, {
  "kecamatan" : "Kajen",
  "kelurahan" : "Wonorejo",
  "kodepos" : "51161"
}, {
  "kecamatan" : "Kajen",
  "kelurahan" : "Tanjungsari",
  "kodepos" : "51161"
}, {
  "kecamatan" : "Kajen",
  "kelurahan" : "Tanjung Kulon",
  "kodepos" : "51161"
}, {
  "kecamatan" : "Kajen",
  "kelurahan" : "Sokoyoso",
  "kodepos" : "51161"
}, {
  "kecamatan" : "Kajen",
  "kelurahan" : "Tambakroto",
  "kodepos" : "51161"
}, {
  "kecamatan" : "Kajen",
  "kelurahan" : "Sinangoh Prendeng",
  "kodepos" : "51161"
}, {
  "kecamatan" : "Kajen",
  "kelurahan" : "Sangkan Joyo",
  "kodepos" : "51161"
}, {
  "kecamatan" : "Kajen",
  "kelurahan" : "Sambiroto",
  "kodepos" : "51161"
}, {
  "kecamatan" : "Kajen",
  "kelurahan" : "Sabarwangi",
  "kodepos" : "51161"
}, {
  "kecamatan" : "Kajen",
  "kelurahan" : "Pringsurat",
  "kodepos" : "51161"
}, {
  "kecamatan" : "Kajen",
  "kelurahan" : "Rowolaku",
  "kodepos" : "51161"
}, {
  "kecamatan" : "Kajen",
  "kelurahan" : "Pekiringan Alit",
  "kodepos" : "51161"
}, {
  "kecamatan" : "Kajen",
  "kelurahan" : "Pekiringan Ageng",
  "kodepos" : "51161"
}, {
  "kecamatan" : "Kajen",
  "kelurahan" : "Nyamok",
  "kodepos" : "51161"
}, {
  "kecamatan" : "Kajen",
  "kelurahan" : "Kutorojo",
  "kodepos" : "51161"
}, {
  "kecamatan" : "Kajen",
  "kelurahan" : "Linggoasri",
  "kodepos" : "51161"
}, {
  "kecamatan" : "Kajen",
  "kelurahan" : "Kutorejo",
  "kodepos" : "51161"
}, {
  "kecamatan" : "Kajen",
  "kelurahan" : "Kebon Agung",
  "kodepos" : "51161"
}, {
  "kecamatan" : "Kajen",
  "kelurahan" : "Kajongan",
  "kodepos" : "51161"
}, {
  "kecamatan" : "Kajen",
  "kelurahan" : "Kalijoyo",
  "kodepos" : "51161"
}, {
  "kecamatan" : "Kajen",
  "kelurahan" : "Kajen",
  "kodepos" : "51161"
}, {
  "kecamatan" : "Kajen",
  "kelurahan" : "Gejlig",
  "kodepos" : "51161"
}, {
  "kecamatan" : "Kajen",
  "kelurahan" : "Gandarum",
  "kodepos" : "51161"
}, {
  "kecamatan" : "Kajen",
  "kelurahan" : "Brengkolang",
  "kodepos" : "51161"
}, {
  "kecamatan" : "Bojong",
  "kelurahan" : "Wiroditan",
  "kodepos" : "51156"
}, {
  "kecamatan" : "Bojong",
  "kelurahan" : "Wangandowo",
  "kodepos" : "51156"
}, {
  "kecamatan" : "Bojong",
  "kelurahan" : "Sumur Jomblangbogo",
  "kodepos" : "51156"
}, {
  "kecamatan" : "Bojong",
  "kelurahan" : "Rejosari",
  "kodepos" : "51156"
}, {
  "kecamatan" : "Bojong",
  "kelurahan" : "Sembung Jambu",
  "kodepos" : "51156"
}, {
  "kecamatan" : "Bojong",
  "kelurahan" : "Randu Muktiwaren",
  "kodepos" : "51156"
}, {
  "kecamatan" : "Bojong",
  "kelurahan" : "Menjangan",
  "kodepos" : "51156"
}, {
  "kecamatan" : "Bojong",
  "kelurahan" : "Pantianom",
  "kodepos" : "51156"
}, {
  "kecamatan" : "Bojong",
  "kelurahan" : "Legok Clile",
  "kodepos" : "51156"
}, {
  "kecamatan" : "Bojong",
  "kelurahan" : "Ketitanglor",
  "kodepos" : "51156"
}, {
  "kecamatan" : "Bojong",
  "kelurahan" : "Ketitang Kidul",
  "kodepos" : "51156"
}, {
  "kecamatan" : "Bojong",
  "kelurahan" : "Kemasan",
  "kodepos" : "51156"
}, {
  "kecamatan" : "Bojong",
  "kelurahan" : "Karangsari",
  "kodepos" : "51156"
}, {
  "kecamatan" : "Bojong",
  "kelurahan" : "Kalipancur",
  "kodepos" : "51156"
}, {
  "kecamatan" : "Bojong",
  "kelurahan" : "Jajar Wayang",
  "kodepos" : "51156"
}, {
  "kecamatan" : "Bojong",
  "kelurahan" : "Duwet",
  "kodepos" : "51156"
}, {
  "kecamatan" : "Bojong",
  "kelurahan" : "Bukur",
  "kodepos" : "51156"
}, {
  "kecamatan" : "Bojong",
  "kelurahan" : "Bojonglor",
  "kodepos" : "51156"
}, {
  "kecamatan" : "Bojong",
  "kelurahan" : "Bojong Minggir",
  "kodepos" : "51156"
}, {
  "kecamatan" : "Bojong",
  "kelurahan" : "Bojong Wetan",
  "kodepos" : "51156"
}, {
  "kecamatan" : "Bojong",
  "kelurahan" : "Babalanlor",
  "kodepos" : "51156"
}, {
  "kecamatan" : "Bojong",
  "kelurahan" : "Babalan Kidul",
  "kodepos" : "51156"
}, {
  "kecamatan" : "Sragi",
  "kelurahan" : "Tegalontar",
  "kodepos" : "51155"
}, {
  "kecamatan" : "Sragi",
  "kelurahan" : "Tegal Suruh",
  "kodepos" : "51155"
}, {
  "kecamatan" : "Sragi",
  "kelurahan" : "Sumub Lor",
  "kodepos" : "51155"
}, {
  "kecamatan" : "Sragi",
  "kelurahan" : "Sumub Kidul",
  "kodepos" : "51155"
}, {
  "kecamatan" : "Sragi",
  "kelurahan" : "Sragi",
  "kodepos" : "51155"
}, {
  "kecamatan" : "Sragi",
  "kelurahan" : "Sijeruk",
  "kodepos" : "51155"
}, {
  "kecamatan" : "Sragi",
  "kelurahan" : "Purworejo",
  "kodepos" : "51155"
}, {
  "kecamatan" : "Sragi",
  "kelurahan" : "Purwodadi",
  "kodepos" : "51155"
}, {
  "kecamatan" : "Sragi",
  "kelurahan" : "Mrican",
  "kodepos" : "51155"
}, {
  "kecamatan" : "Sragi",
  "kelurahan" : "Krasakageng",
  "kodepos" : "51155"
}, {
  "kecamatan" : "Sragi",
  "kelurahan" : "Klunjukan",
  "kodepos" : "51155"
}, {
  "kecamatan" : "Sragi",
  "kelurahan" : "Ketanon Ageng",
  "kodepos" : "51155"
}, {
  "kecamatan" : "Sragi",
  "kelurahan" : "Kedungjaran",
  "kodepos" : "51155"
}, {
  "kecamatan" : "Sragi",
  "kelurahan" : "Gebangkerep",
  "kodepos" : "51155"
}, {
  "kecamatan" : "Sragi",
  "kelurahan" : "Kalijambe",
  "kodepos" : "51155"
}, {
  "kecamatan" : "Sragi",
  "kelurahan" : "Bulaksari",
  "kodepos" : "51155"
}, {
  "kecamatan" : "Sragi",
  "kelurahan" : "Bulak Pelem",
  "kodepos" : "51155"
}, {
  "kecamatan" : "Wonokerto",
  "kelurahan" : "Wonokerto Wetan",
  "kodepos" : "51153"
}, {
  "kecamatan" : "Wonokerto",
  "kelurahan" : "Wonokerto Kulon",
  "kodepos" : "51153"
}, {
  "kecamatan" : "Wonokerto",
  "kelurahan" : "Werdi",
  "kodepos" : "51153"
}, {
  "kecamatan" : "Wonokerto",
  "kelurahan" : "Tratebang",
  "kodepos" : "51153"
}, {
  "kecamatan" : "Wonokerto",
  "kelurahan" : "Sijambe",
  "kodepos" : "51153"
}, {
  "kecamatan" : "Wonokerto",
  "kelurahan" : "Semut",
  "kodepos" : "51153"
}, {
  "kecamatan" : "Wonokerto",
  "kelurahan" : "Rowoyoso",
  "kodepos" : "51153"
}, {
  "kecamatan" : "Wonokerto",
  "kelurahan" : "Pesanggrahan",
  "kodepos" : "51153"
}, {
  "kecamatan" : "Wonokerto",
  "kelurahan" : "Bebel",
  "kodepos" : "51153"
}, {
  "kecamatan" : "Wonokerto",
  "kelurahan" : "Pecakaran",
  "kodepos" : "51153"
}, {
  "kecamatan" : "Wonokerto",
  "kelurahan" : "Api-Api",
  "kodepos" : "51153"
}, {
  "kecamatan" : "Wiradesa",
  "kelurahan" : "Wiradesa",
  "kodepos" : "51152"
}, {
  "kecamatan" : "Wiradesa",
  "kelurahan" : "Warukidul",
  "kodepos" : "51152"
}, {
  "kecamatan" : "Wiradesa",
  "kelurahan" : "Warulor",
  "kodepos" : "51152"
}, {
  "kecamatan" : "Wiradesa",
  "kelurahan" : "Petukangan",
  "kodepos" : "51152"
}, {
  "kecamatan" : "Wiradesa",
  "kelurahan" : "Pekuncen",
  "kodepos" : "51152"
}, {
  "kecamatan" : "Wiradesa",
  "kelurahan" : "Mayangan",
  "kodepos" : "51152"
}, {
  "kecamatan" : "Wiradesa",
  "kelurahan" : "Kepatihan",
  "kodepos" : "51152"
}, {
  "kecamatan" : "Wiradesa",
  "kelurahan" : "Karangjati",
  "kodepos" : "51152"
}, {
  "kecamatan" : "Wiradesa",
  "kelurahan" : "Kemplong",
  "kodepos" : "51152"
}, {
  "kecamatan" : "Wiradesa",
  "kelurahan" : "Kampil",
  "kodepos" : "51152"
}, {
  "kecamatan" : "Wiradesa",
  "kelurahan" : "Kadipaten",
  "kodepos" : "51152"
}, {
  "kecamatan" : "Wiradesa",
  "kelurahan" : "Gumawang",
  "kodepos" : "51152"
}, {
  "kecamatan" : "Wiradesa",
  "kelurahan" : "Delegtukang",
  "kodepos" : "51152"
}, {
  "kecamatan" : "Wiradesa",
  "kelurahan" : "Bondansari",
  "kodepos" : "51152"
}, {
  "kecamatan" : "Wiradesa",
  "kelurahan" : "Bener",
  "kodepos" : "51152"
}, {
  "kecamatan" : "Tirto",
  "kelurahan" : "Wuled",
  "kodepos" : "51151"
}, {
  "kecamatan" : "Pekalongan Barat",
  "kelurahan" : "Tirto",
  "kodepos" : "51151"
}, {
  "kecamatan" : "Tirto",
  "kelurahan" : "Tegaldowo",
  "kodepos" : "51151"
}, {
  "kecamatan" : "Tirto",
  "kelurahan" : "Tanjung",
  "kodepos" : "51151"
}, {
  "kecamatan" : "Tirto",
  "kelurahan" : "Silirejo",
  "kodepos" : "51151"
}, {
  "kecamatan" : "Tirto",
  "kelurahan" : "Sidorejo",
  "kodepos" : "51151"
}, {
  "kecamatan" : "Tirto",
  "kelurahan" : "Pucung",
  "kodepos" : "51151"
}, {
  "kecamatan" : "Tirto",
  "kelurahan" : "Samborejo",
  "kodepos" : "51151"
}, {
  "kecamatan" : "Tirto",
  "kelurahan" : "Pandan Arum",
  "kodepos" : "51151"
}, {
  "kecamatan" : "Tirto",
  "kelurahan" : "Pacar",
  "kodepos" : "51151"
}, {
  "kecamatan" : "Tirto",
  "kelurahan" : "Ngalian",
  "kodepos" : "51151"
}, {
  "kecamatan" : "Tirto",
  "kelurahan" : "Mulyorejo",
  "kodepos" : "51151"
}, {
  "kecamatan" : "Tirto",
  "kelurahan" : "Mulyorejo",
  "kodepos" : "51151"
}, {
  "kecamatan" : "Tirto",
  "kelurahan" : "Karangjompo",
  "kodepos" : "51151"
}, {
  "kecamatan" : "Tirto",
  "kelurahan" : "Jeruksari",
  "kodepos" : "51151"
}, {
  "kecamatan" : "Tirto",
  "kelurahan" : "Dadirejo",
  "kodepos" : "51151"
}, {
  "kecamatan" : "Tirto",
  "kelurahan" : "Curug",
  "kodepos" : "51151"
}, {
  "kecamatan" : "Pekalongan Utara",
  "kelurahan" : "Krapyak Lor",
  "kodepos" : "51149"
}, {
  "kecamatan" : "Pekalongan Utara",
  "kelurahan" : "Kandangpanjang",
  "kodepos" : "51149"
}, {
  "kecamatan" : "Pekalongan Utara",
  "kelurahan" : "Degayu",
  "kodepos" : "51148"
}, {
  "kecamatan" : "Pekalongan Utara",
  "kelurahan" : "Krapyak Kidul",
  "kodepos" : "51147"
}, {
  "kecamatan" : "Pekalongan Utara",
  "kelurahan" : "Dukuh",
  "kodepos" : "51146"
}, {
  "kecamatan" : "Pekalongan Utara",
  "kelurahan" : "Kraton Lor",
  "kodepos" : "51145"
}, {
  "kecamatan" : "Pekalongan Utara",
  "kelurahan" : "Pabean",
  "kodepos" : "51144"
}, {
  "kecamatan" : "Pekalongan Utara",
  "kelurahan" : "Bandengan",
  "kodepos" : "51143"
}, {
  "kecamatan" : "Pekalongan Utara",
  "kelurahan" : "Panjang Wetan",
  "kodepos" : "51141"
}, {
  "kecamatan" : "Pekalongan Utara",
  "kelurahan" : "Panjang Baru",
  "kodepos" : "51141"
}, {
  "kecamatan" : "Pekalongan Selatan",
  "kelurahan" : "Soko",
  "kodepos" : "51139"
}, {
  "kecamatan" : "Pekalongan Selatan",
  "kelurahan" : "Banyurip Alit",
  "kodepos" : "51139"
}, {
  "kecamatan" : "Pekalongan Selatan",
  "kelurahan" : "Banyurip Ageng",
  "kodepos" : "51139"
}, {
  "kecamatan" : "Pekalongan Selatan",
  "kelurahan" : "Duwet",
  "kodepos" : "51138"
}, {
  "kecamatan" : "Siwalan",
  "kelurahan" : "Yosorejo",
  "kodepos" : "51137"
}, {
  "kecamatan" : "Pekalongan Selatan",
  "kelurahan" : "Yosorejo",
  "kodepos" : "51137"
}, {
  "kecamatan" : "Siwalan",
  "kelurahan" : "Wonosari",
  "kodepos" : "51137"
}, {
  "kecamatan" : "Siwalan",
  "kelurahan" : "Tunjungsari",
  "kodepos" : "51137"
}, {
  "kecamatan" : "Siwalan",
  "kelurahan" : "Tengeng Wetan",
  "kodepos" : "51137"
}, {
  "kecamatan" : "Siwalan",
  "kelurahan" : "Tengengkulon",
  "kodepos" : "51137"
}, {
  "kecamatan" : "Siwalan",
  "kelurahan" : "Siwalan",
  "kodepos" : "51137"
}, {
  "kecamatan" : "Siwalan",
  "kelurahan" : "Rembun",
  "kodepos" : "51137"
}, {
  "kecamatan" : "Siwalan",
  "kelurahan" : "Pait",
  "kodepos" : "51137"
}, {
  "kecamatan" : "Siwalan",
  "kelurahan" : "Mejasem",
  "kodepos" : "51137"
} ]
