[ {
  "kecamatan" : "Bandungan",
  "kelurahan" : "Jimbaran",
  "kodepos" : "50661"
}, {
  "kecamatan" : "Bawen",
  "kelurahan" : "Harjosari",
  "kodepos" : "50661"
}, {
  "kecamatan" : "Bawen",
  "kelurahan" : "Doplang",
  "kodepos" : "50661"
}, {
  "kecamatan" : "Susukan",
  "kelurahan" : "Timpik",
  "kodepos" : "50777"
}, {
  "kecamatan" : "Bawen",
  "kelurahan" : "Bawen",
  "kodepos" : "50661"
}, {
  "kecamatan" : "Bawen",
  "kelurahan" : "Asinan",
  "kodepos" : "50661"
}, {
  "kecamatan" : "Susukan",
  "kelurahan" : "Tawang",
  "kodepos" : "50777"
}, {
  "kecamatan" : "Ambarawa",
  "kelurahan" : "Pojoksari",
  "kodepos" : "50614"
}, {
  "kecamatan" : "Candisari",
  "kelurahan" : "Tegalsari",
  "kodepos" : "50614"
}, {
  "kecamatan" : "Susukan",
  "kelurahan" : "Sidoharjo",
  "kodepos" : "50777"
}, {
  "kecamatan" : "Susukan",
  "kelurahan" : "Susukan",
  "kodepos" : "50777"
}, {
  "kecamatan" : "Ambarawa",
  "kelurahan" : "Pasekan",
  "kodepos" : "50614"
}, {
  "kecamatan" : "Susukan",
  "kelurahan" : "Ngasinan",
  "kodepos" : "50777"
}, {
  "kecamatan" : "Ambarawa",
  "kelurahan" : "Panjang",
  "kodepos" : "50614"
}, {
  "kecamatan" : "Susukan",
  "kelurahan" : "Muncar",
  "kodepos" : "50777"
}, {
  "kecamatan" : "Bandungan",
  "kelurahan" : "Mlilir",
  "kodepos" : "50614"
}, {
  "kecamatan" : "Susukan",
  "kelurahan" : "Ketapang",
  "kodepos" : "50777"
}, {
  "kecamatan" : "Susukan",
  "kelurahan" : "Koripan",
  "kodepos" : "50777"
}, {
  "kecamatan" : "Ambarawa",
  "kelurahan" : "Ngampin",
  "kodepos" : "50614"
}, {
  "kecamatan" : "Bandungan",
  "kelurahan" : "Jetis",
  "kodepos" : "50614"
}, {
  "kecamatan" : "Bandungan",
  "kelurahan" : "Kenteng",
  "kodepos" : "50614"
}, {
  "kecamatan" : "Susukan",
  "kelurahan" : "Kemetul",
  "kodepos" : "50777"
}, {
  "kecamatan" : "Susukan",
  "kelurahan" : "Kenteng",
  "kodepos" : "50777"
}, {
  "kecamatan" : "Bandungan",
  "kelurahan" : "Duren",
  "kodepos" : "50614"
}, {
  "kecamatan" : "Susukan",
  "kelurahan" : "Gentan",
  "kodepos" : "50777"
}, {
  "kecamatan" : "Susukan",
  "kelurahan" : "Bakalrejo",
  "kodepos" : "50777"
}, {
  "kecamatan" : "Bandungan",
  "kelurahan" : "Candi",
  "kodepos" : "50614"
}, {
  "kecamatan" : "Susukan",
  "kelurahan" : "Badran",
  "kodepos" : "50777"
}, {
  "kecamatan" : "Ambarawa",
  "kelurahan" : "Baran",
  "kodepos" : "50614"
}, {
  "kecamatan" : "Ambarawa",
  "kelurahan" : "Bejalen",
  "kodepos" : "50614"
}, {
  "kecamatan" : "Suruh",
  "kelurahan" : "Suruh",
  "kodepos" : "50776"
}, {
  "kecamatan" : "Bandungan",
  "kelurahan" : "Bandungan",
  "kodepos" : "50614"
}, {
  "kecamatan" : "Ambarawa",
  "kelurahan" : "Kranggan",
  "kodepos" : "50613"
}, {
  "kecamatan" : "Suruh",
  "kelurahan" : "Sukorejo",
  "kodepos" : "50776"
}, {
  "kecamatan" : "Semarang Tengah",
  "kelurahan" : "Jagalan",
  "kodepos" : "50613"
}, {
  "kecamatan" : "Suruh",
  "kelurahan" : "Reksosari",
  "kodepos" : "50776"
}, {
  "kecamatan" : "Ambarawa",
  "kelurahan" : "Tambakboyo",
  "kodepos" : "50612"
}, {
  "kecamatan" : "Suruh",
  "kelurahan" : "Medayu",
  "kodepos" : "50776"
}, {
  "kecamatan" : "Suruh",
  "kelurahan" : "Medayu",
  "kodepos" : "50776"
}, {
  "kecamatan" : "Suruh",
  "kelurahan" : "Purworejo",
  "kodepos" : "50776"
}, {
  "kecamatan" : "Sumowono",
  "kelurahan" : "Losari",
  "kodepos" : "50611"
}, {
  "kecamatan" : "Suruh",
  "kelurahan" : "Ketanggi",
  "kodepos" : "50776"
}, {
  "kecamatan" : "Ambarawa",
  "kelurahan" : "Kupang",
  "kodepos" : "50612"
}, {
  "kecamatan" : "Suruh",
  "kelurahan" : "Krandon Lor",
  "kodepos" : "50776"
}, {
  "kecamatan" : "Suruh",
  "kelurahan" : "Kedungringin",
  "kodepos" : "50776"
}, {
  "kecamatan" : "Ambarawa",
  "kelurahan" : "Lodoyong",
  "kodepos" : "50611"
}, {
  "kecamatan" : "Suruh",
  "kelurahan" : "Kebowan",
  "kodepos" : "50776"
}, {
  "kecamatan" : "Bergas",
  "kelurahan" : "Wujil",
  "kodepos" : "50552"
}, {
  "kecamatan" : "Suruh",
  "kelurahan" : "Jatirejo",
  "kodepos" : "50776"
}, {
  "kecamatan" : "Bergas",
  "kelurahan" : "Wringin Putih",
  "kodepos" : "50552"
}, {
  "kecamatan" : "Suruh",
  "kelurahan" : "Gunung Tumpeng",
  "kodepos" : "50776"
}, {
  "kecamatan" : "Bergas",
  "kelurahan" : "Randugunting",
  "kodepos" : "50552"
}, {
  "kecamatan" : "Suruh",
  "kelurahan" : "Dersansari",
  "kodepos" : "50776"
}, {
  "kecamatan" : "Bergas",
  "kelurahan" : "Pagersari",
  "kodepos" : "50552"
}, {
  "kecamatan" : "Suruh",
  "kelurahan" : "Dadapayam",
  "kodepos" : "50776"
}, {
  "kecamatan" : "Bergas",
  "kelurahan" : "Ngempon",
  "kodepos" : "50552"
}, {
  "kecamatan" : "Suruh",
  "kelurahan" : "Cukilan",
  "kodepos" : "50776"
}, {
  "kecamatan" : "Suruh",
  "kelurahan" : "Bonomerto",
  "kodepos" : "50776"
}, {
  "kecamatan" : "Bergas",
  "kelurahan" : "Munding",
  "kodepos" : "50552"
}, {
  "kecamatan" : "Suruh",
  "kelurahan" : "Beji Lor",
  "kodepos" : "50776"
}, {
  "kecamatan" : "Pringapus",
  "kelurahan" : "Klepu",
  "kodepos" : "50552"
}, {
  "kecamatan" : "Bergas",
  "kelurahan" : "Karangjati",
  "kodepos" : "50552"
}, {
  "kecamatan" : "Bergas",
  "kelurahan" : "Jatijajar",
  "kodepos" : "50552"
}, {
  "kecamatan" : "Tengaran",
  "kelurahan" : "Tengaran",
  "kodepos" : "50775"
}, {
  "kecamatan" : "Bergas",
  "kelurahan" : "Diwak",
  "kodepos" : "50552"
}, {
  "kecamatan" : "Bergas",
  "kelurahan" : "Gebugan",
  "kodepos" : "50552"
}, {
  "kecamatan" : "Tengaran",
  "kelurahan" : "Sugihan",
  "kodepos" : "50775"
}, {
  "kecamatan" : "Tengaran",
  "kelurahan" : "Tegalwaton",
  "kodepos" : "50775"
}, {
  "kecamatan" : "Bergas",
  "kelurahan" : "Bergas Lor",
  "kodepos" : "50552"
}, {
  "kecamatan" : "Tengaran",
  "kelurahan" : "Sruwen",
  "kodepos" : "50775"
}, {
  "kecamatan" : "Bergas",
  "kelurahan" : "Bergas Kidul",
  "kodepos" : "50552"
}, {
  "kecamatan" : "Tengaran",
  "kelurahan" : "Regunung",
  "kodepos" : "50775"
}, {
  "kecamatan" : "Ungaran Barat",
  "kelurahan" : "Nyatnyono",
  "kodepos" : "50551"
}, {
  "kecamatan" : "Tengaran",
  "kelurahan" : "Patemon",
  "kodepos" : "50775"
}, {
  "kecamatan" : "Ungaran Barat",
  "kelurahan" : "Gogik",
  "kodepos" : "50551"
}, {
  "kecamatan" : "Tengaran",
  "kelurahan" : "Nyamat",
  "kodepos" : "50775"
}, {
  "kecamatan" : "Tengaran",
  "kelurahan" : "Klero",
  "kodepos" : "50775"
}, {
  "kecamatan" : "Ungaran Timur",
  "kelurahan" : "Mluweh",
  "kodepos" : "50519"
}, {
  "kecamatan" : "Tengaran",
  "kelurahan" : "Karangduren",
  "kodepos" : "50775"
}, {
  "kecamatan" : "Mijen",
  "kelurahan" : "Mijen",
  "kodepos" : "50519"
}, {
  "kecamatan" : "Tengaran",
  "kelurahan" : "Duren",
  "kodepos" : "50775"
}, {
  "kecamatan" : "Ungaran Timur",
  "kelurahan" : "Leyangan",
  "kodepos" : "50519"
}, {
  "kecamatan" : "Tengaran",
  "kelurahan" : "Cukil",
  "kodepos" : "50775"
}, {
  "kecamatan" : "Tengaran",
  "kelurahan" : "Butuh",
  "kodepos" : "50775"
}, {
  "kecamatan" : "Ungaran Barat",
  "kelurahan" : "Lerep",
  "kodepos" : "50519"
}, {
  "kecamatan" : "Ungaran Barat",
  "kelurahan" : "Keji",
  "kodepos" : "50519"
}, {
  "kecamatan" : "Tengaran",
  "kelurahan" : "Bener",
  "kodepos" : "50775"
}, {
  "kecamatan" : "Ungaran Timur",
  "kelurahan" : "Kawengen",
  "kodepos" : "50519"
}, {
  "kecamatan" : "Tengaran",
  "kelurahan" : "Barukan",
  "kodepos" : "50775"
}, {
  "kecamatan" : "Ungaran Timur",
  "kelurahan" : "Kalongan",
  "kodepos" : "50519"
}, {
  "kecamatan" : "Ungaran Barat",
  "kelurahan" : "Kalisidi",
  "kodepos" : "50519"
}, {
  "kecamatan" : "Getasan",
  "kelurahan" : "Wates",
  "kodepos" : "50774"
}, {
  "kecamatan" : "Getasan",
  "kelurahan" : "Tolokan",
  "kodepos" : "50774"
}, {
  "kecamatan" : "Getasan",
  "kelurahan" : "Tajuk",
  "kodepos" : "50774"
}, {
  "kecamatan" : "Ungaran Timur",
  "kelurahan" : "Kalikayen",
  "kodepos" : "50519"
}, {
  "kecamatan" : "Ungaran Timur",
  "kelurahan" : "Gedanganak",
  "kodepos" : "50519"
}, {
  "kecamatan" : "Getasan",
  "kelurahan" : "Sumogawe",
  "kodepos" : "50774"
}, {
  "kecamatan" : "Ungaran Barat",
  "kelurahan" : "Branjang",
  "kodepos" : "50519"
}, {
  "kecamatan" : "Getasan",
  "kelurahan" : "Samirono",
  "kodepos" : "50774"
}, {
  "kecamatan" : "Ungaran Timur",
  "kelurahan" : "Beji",
  "kodepos" : "50519"
}, {
  "kecamatan" : "Getasan",
  "kelurahan" : "Polobogo",
  "kodepos" : "50774"
}, {
  "kecamatan" : "Getasan",
  "kelurahan" : "Nogosaren",
  "kodepos" : "50774"
}, {
  "kecamatan" : "Ungaran Barat",
  "kelurahan" : "Langensari",
  "kodepos" : "50518"
}, {
  "kecamatan" : "Getasan",
  "kelurahan" : "Ngrawan",
  "kodepos" : "50774"
}, {
  "kecamatan" : "Ungaran Barat",
  "kelurahan" : "Bandarjo",
  "kodepos" : "50517"
}, {
  "kecamatan" : "Getasan",
  "kelurahan" : "Manggihan",
  "kodepos" : "50774"
}, {
  "kecamatan" : "Ungaran Timur",
  "kelurahan" : "Susukan",
  "kodepos" : "50516"
}, {
  "kecamatan" : "Getasan",
  "kelurahan" : "Kopeng",
  "kodepos" : "50774"
}, {
  "kecamatan" : "Ungaran Timur",
  "kelurahan" : "Kalirejo",
  "kodepos" : "50515"
}, {
  "kecamatan" : "Getasan",
  "kelurahan" : "Jetak",
  "kodepos" : "50774"
}, {
  "kecamatan" : "Ungaran Timur",
  "kelurahan" : "Sidomulyo",
  "kodepos" : "50514"
}, {
  "kecamatan" : "Pringapus",
  "kelurahan" : "Penawangan",
  "kodepos" : "50513"
}, {
  "kecamatan" : "Getasan",
  "kelurahan" : "Getasan",
  "kodepos" : "50774"
}, {
  "kecamatan" : "Getasan",
  "kelurahan" : "Batur",
  "kodepos" : "50774"
}, {
  "kecamatan" : "Ungaran Barat",
  "kelurahan" : "Candirejo",
  "kodepos" : "50513"
}, {
  "kecamatan" : "Tuntang",
  "kelurahan" : "Watuagung",
  "kodepos" : "50773"
}, {
  "kecamatan" : "Tuntang",
  "kelurahan" : "Tuntang",
  "kodepos" : "50773"
}, {
  "kecamatan" : "Ungaran Barat",
  "kelurahan" : "Genuk",
  "kodepos" : "50512"
}, {
  "kecamatan" : "Ungaran Barat",
  "kelurahan" : "Ungaran",
  "kodepos" : "50511"
}, {
  "kecamatan" : "Tuntang",
  "kelurahan" : "Tlompakan",
  "kodepos" : "50773"
}, {
  "kecamatan" : "Tuntang",
  "kelurahan" : "Sraten",
  "kodepos" : "50773"
}, {
  "kecamatan" : "Tembalang",
  "kelurahan" : "Rowosari",
  "kodepos" : "50279"
}, {
  "kecamatan" : "Tembalang",
  "kelurahan" : "Kramas",
  "kodepos" : "50278"
}, {
  "kecamatan" : "Tuntang",
  "kelurahan" : "Rowosari",
  "kodepos" : "50773"
}, {
  "kecamatan" : "Tuntang",
  "kelurahan" : "Ngajaran",
  "kodepos" : "50773"
}, {
  "kecamatan" : "Tembalang",
  "kelurahan" : "Bulusan",
  "kodepos" : "50277"
}, {
  "kecamatan" : "Tuntang",
  "kelurahan" : "Lopait",
  "kodepos" : "50773"
}, {
  "kecamatan" : "Tembalang",
  "kelurahan" : "Sambiroto",
  "kodepos" : "50276"
}, {
  "kecamatan" : "Tembalang",
  "kelurahan" : "Tembalang",
  "kodepos" : "50275"
}, {
  "kecamatan" : "Tuntang",
  "kelurahan" : "Karanganyar",
  "kodepos" : "50773"
}, {
  "kecamatan" : "Tuntang",
  "kelurahan" : "Kesongo",
  "kodepos" : "50773"
}, {
  "kecamatan" : "Tembalang",
  "kelurahan" : "Tandang",
  "kodepos" : "50274"
}, {
  "kecamatan" : "Tuntang",
  "kelurahan" : "Kalibeji",
  "kodepos" : "50773"
}, {
  "kecamatan" : "Mijen",
  "kelurahan" : "Jatisari",
  "kodepos" : "50275"
}, {
  "kecamatan" : "Tembalang",
  "kelurahan" : "Jangli",
  "kodepos" : "50274"
}, {
  "kecamatan" : "Tuntang",
  "kelurahan" : "Jombor",
  "kodepos" : "50773"
}, {
  "kecamatan" : "Tuntang",
  "kelurahan" : "Gedangan",
  "kodepos" : "50773"
}, {
  "kecamatan" : "Tembalang",
  "kelurahan" : "Sendangguwo",
  "kodepos" : "50273"
}, {
  "kecamatan" : "Tuntang",
  "kelurahan" : "Delik",
  "kodepos" : "50773"
}, {
  "kecamatan" : "Tuntang",
  "kelurahan" : "Candirejo",
  "kodepos" : "50773"
}, {
  "kecamatan" : "Tembalang",
  "kelurahan" : "Kedungmundu",
  "kodepos" : "50273"
}, {
  "kecamatan" : "Tembalang",
  "kelurahan" : "Sendangmulyo",
  "kodepos" : "50272"
}, {
  "kecamatan" : "Bringin",
  "kelurahan" : "Wiru",
  "kodepos" : "50772"
}, {
  "kecamatan" : "Tembalang",
  "kelurahan" : "Mangunharjo",
  "kodepos" : "50272"
}, {
  "kecamatan" : "Bringin",
  "kelurahan" : "Truko",
  "kodepos" : "50772"
}, {
  "kecamatan" : "Tembalang",
  "kelurahan" : "Meteseh",
  "kodepos" : "50271"
}, {
  "kecamatan" : "Bringin",
  "kelurahan" : "Tempuran",
  "kodepos" : "50772"
}, {
  "kecamatan" : "Jambu",
  "kelurahan" : "Genting",
  "kodepos" : "50271"
}, {
  "kecamatan" : "Bringin",
  "kelurahan" : "Tanjung",
  "kodepos" : "50772"
}, {
  "kecamatan" : "Banyumanik",
  "kelurahan" : "Sumurboto",
  "kodepos" : "50269"
}, {
  "kecamatan" : "Bringin",
  "kelurahan" : "Sendang",
  "kodepos" : "50772"
}, {
  "kecamatan" : "Banyumanik",
  "kelurahan" : "Pedalangan",
  "kodepos" : "50268"
}, {
  "kecamatan" : "Bringin",
  "kelurahan" : "Sambirejo",
  "kodepos" : "50772"
}, {
  "kecamatan" : "Banyumanik",
  "kelurahan" : "Padangsari",
  "kodepos" : "50267"
}, {
  "kecamatan" : "Bringin",
  "kelurahan" : "Popongan",
  "kodepos" : "50772"
}, {
  "kecamatan" : "Banyumanik",
  "kelurahan" : "Jabungan",
  "kodepos" : "50266"
}, {
  "kecamatan" : "Bringin",
  "kelurahan" : "Pakis",
  "kodepos" : "50772"
}, {
  "kecamatan" : "Banyumanik",
  "kelurahan" : "Gedawang",
  "kodepos" : "50266"
}, {
  "kecamatan" : "Bringin",
  "kelurahan" : "Nyemoh",
  "kodepos" : "50772"
}, {
  "kecamatan" : "Bringin",
  "kelurahan" : "Lebak",
  "kodepos" : "50772"
}, {
  "kecamatan" : "Banyumanik",
  "kelurahan" : "Banyumanik",
  "kodepos" : "50264"
}, {
  "kecamatan" : "Banyumanik",
  "kelurahan" : "Pudakpayung",
  "kodepos" : "50265"
}, {
  "kecamatan" : "Bringin",
  "kelurahan" : "Kalikurmo",
  "kodepos" : "50772"
}, {
  "kecamatan" : "Banyumanik",
  "kelurahan" : "Srondol Wetan",
  "kodepos" : "50263"
}, {
  "kecamatan" : "Bringin",
  "kelurahan" : "Kalijambe",
  "kodepos" : "50772"
}, {
  "kecamatan" : "Bringin",
  "kelurahan" : "Gogodalem",
  "kodepos" : "50772"
}, {
  "kecamatan" : "Banyumanik",
  "kelurahan" : "Srondol Kulon",
  "kodepos" : "50263"
}, {
  "kecamatan" : "Bringin",
  "kelurahan" : "Bringin",
  "kodepos" : "50772"
}, {
  "kecamatan" : "Banyumanik",
  "kelurahan" : "Tinjomoyo",
  "kodepos" : "50262"
}, {
  "kecamatan" : "Pabelan",
  "kelurahan" : "Ujung-Ujung",
  "kodepos" : "50771"
}, {
  "kecamatan" : "Banyumanik",
  "kelurahan" : "Ngesrep",
  "kodepos" : "50261"
}, {
  "kecamatan" : "Bringin",
  "kelurahan" : "Banding",
  "kodepos" : "50772"
}, {
  "kecamatan" : "Pabelan",
  "kelurahan" : "Tukang",
  "kodepos" : "50771"
}, {
  "kecamatan" : "Candisari",
  "kelurahan" : "Candi",
  "kodepos" : "50257"
}, {
  "kecamatan" : "Pabelan",
  "kelurahan" : "Terban",
  "kodepos" : "50771"
}, {
  "kecamatan" : "Candisari",
  "kelurahan" : "Jomblang",
  "kodepos" : "50256"
}, {
  "kecamatan" : "Pabelan",
  "kelurahan" : "Sumberejo",
  "kodepos" : "50771"
}, {
  "kecamatan" : "Candisari",
  "kelurahan" : "Karanganyar Gunung",
  "kodepos" : "50255"
}, {
  "kecamatan" : "Pabelan",
  "kelurahan" : "Sukoharjo",
  "kodepos" : "50771"
}, {
  "kecamatan" : "Candisari",
  "kelurahan" : "Jatingaleh",
  "kodepos" : "50254"
}, {
  "kecamatan" : "Pabelan",
  "kelurahan" : "Semowo",
  "kodepos" : "50771"
}, {
  "kecamatan" : "Candisari",
  "kelurahan" : "Kaliwiru",
  "kodepos" : "50253"
}, {
  "kecamatan" : "Pabelan",
  "kelurahan" : "Segiri",
  "kodepos" : "50771"
}, {
  "kecamatan" : "Candisari",
  "kelurahan" : "Wonotingal",
  "kodepos" : "50252"
}, {
  "kecamatan" : "Pabelan",
  "kelurahan" : "Padaan",
  "kodepos" : "50771"
}, {
  "kecamatan" : "Pabelan",
  "kelurahan" : "Kauman Lor",
  "kodepos" : "50771"
}, {
  "kecamatan" : "Pabelan",
  "kelurahan" : "Pabelan",
  "kodepos" : "50771"
}, {
  "kecamatan" : "Gayamsari",
  "kelurahan" : "Pandean Lamper",
  "kodepos" : "50249"
}, {
  "kecamatan" : "Semarang Selatan",
  "kelurahan" : "Mugassari",
  "kodepos" : "50249"
}, {
  "kecamatan" : "Pabelan",
  "kelurahan" : "Karanggondang",
  "kodepos" : "50771"
}, {
  "kecamatan" : "Semarang Selatan",
  "kelurahan" : "Lamper Lor",
  "kodepos" : "50249"
}, {
  "kecamatan" : "Pabelan",
  "kelurahan" : "Kadirejo",
  "kodepos" : "50771"
}, {
  "kecamatan" : "Pabelan",
  "kelurahan" : "Jembrak",
  "kodepos" : "50771"
}, {
  "kecamatan" : "Semarang Selatan",
  "kelurahan" : "Lamper Kidul",
  "kodepos" : "50249"
}, {
  "kecamatan" : "Pabelan",
  "kelurahan" : "Glawan",
  "kodepos" : "50771"
}, {
  "kecamatan" : "Semarang Selatan",
  "kelurahan" : "Lamper Tengah",
  "kodepos" : "50248"
}, {
  "kecamatan" : "Gayamsari",
  "kelurahan" : "Gayamsari",
  "kodepos" : "50248"
}, {
  "kecamatan" : "Pedurungan",
  "kelurahan" : "Palebon",
  "kodepos" : "50246"
}, {
  "kecamatan" : "Pabelan",
  "kelurahan" : "Bendungan",
  "kodepos" : "50771"
}, {
  "kecamatan" : "Pabelan",
  "kelurahan" : "Giling",
  "kodepos" : "50771"
}, {
  "kecamatan" : "Pedurungan",
  "kelurahan" : "Gemah",
  "kodepos" : "50246"
}, {
  "kecamatan" : "Pabelan",
  "kelurahan" : "Bejaten",
  "kodepos" : "50771"
}, {
  "kecamatan" : "Semarang Selatan",
  "kelurahan" : "Bulustalan",
  "kodepos" : "50246"
}, {
  "kecamatan" : "Semarang Selatan",
  "kelurahan" : "Barusari",
  "kodepos" : "50245"
}, {
  "kecamatan" : "Semarang Selatan",
  "kelurahan" : "Randusari",
  "kodepos" : "50244"
}, {
  "kecamatan" : "Semarang Selatan",
  "kelurahan" : "Wonodri",
  "kodepos" : "50242"
}, {
  "kecamatan" : "Semarang Selatan",
  "kelurahan" : "Peterongan",
  "kodepos" : "50242"
}, {
  "kecamatan" : "Semarang Selatan",
  "kelurahan" : "Pleburan",
  "kodepos" : "50241"
}, {
  "kecamatan" : "Semarang Tengah",
  "kelurahan" : "Pekunden",
  "kodepos" : "50241"
}, {
  "kecamatan" : "Gajah Mungkur",
  "kelurahan" : "Petompon",
  "kodepos" : "50237"
}, {
  "kecamatan" : "Gajah Mungkur",
  "kelurahan" : "Karang Rejo",
  "kodepos" : "50235"
}, {
  "kecamatan" : "Gajah Mungkur",
  "kelurahan" : "Bendan Duwur",
  "kodepos" : "50235"
}, {
  "kecamatan" : "Gajah Mungkur",
  "kelurahan" : "Bendan Ngisor",
  "kodepos" : "50233"
}, {
  "kecamatan" : "Gajah Mungkur",
  "kelurahan" : "Sampangan",
  "kodepos" : "50232"
}, {
  "kecamatan" : "Semarang Timur",
  "kelurahan" : "Karangtempel",
  "kodepos" : "50232"
}, {
  "kecamatan" : "Gajah Mungkur",
  "kelurahan" : "Gajah Mungkur",
  "kodepos" : "50232"
}, {
  "kecamatan" : "Gajah Mungkur",
  "kelurahan" : "Lempongsari",
  "kodepos" : "50231"
}, {
  "kecamatan" : "Genuk",
  "kelurahan" : "Genuksari",
  "kodepos" : "50231"
}, {
  "kecamatan" : "Gajah Mungkur",
  "kelurahan" : "Bendungan",
  "kodepos" : "50231"
}, {
  "kecamatan" : "Kaliwungu",
  "kelurahan" : "Siwal",
  "kodepos" : "50229"
}, {
  "kecamatan" : "Kaliwungu",
  "kelurahan" : "Udanwuh",
  "kodepos" : "50229"
}, {
  "kecamatan" : "Gunungpati",
  "kelurahan" : "Sekaran",
  "kodepos" : "50229"
}, {
  "kecamatan" : "Kaliwungu",
  "kelurahan" : "Rogomulyo",
  "kodepos" : "50229"
}, {
  "kecamatan" : "Gunungpati",
  "kelurahan" : "Pungangan",
  "kodepos" : "50229"
}, {
  "kecamatan" : "Kaliwungu",
  "kelurahan" : "Payungan",
  "kodepos" : "50229"
}, {
  "kecamatan" : "Kaliwungu",
  "kelurahan" : "Papringan",
  "kodepos" : "50229"
}, {
  "kecamatan" : "Banyubiru",
  "kelurahan" : "Wirogomo",
  "kodepos" : "50664"
}, {
  "kecamatan" : "Kaliwungu",
  "kelurahan" : "Pager",
  "kodepos" : "50229"
}, {
  "kecamatan" : "Banyubiru",
  "kelurahan" : "Tegaron",
  "kodepos" : "50664"
}, {
  "kecamatan" : "Kaliwungu",
  "kelurahan" : "Mukiran",
  "kodepos" : "50229"
}, {
  "kecamatan" : "Banyubiru",
  "kelurahan" : "Sepakung",
  "kodepos" : "50664"
}, {
  "kecamatan" : "Banyubiru",
  "kelurahan" : "Rowoboni",
  "kodepos" : "50664"
}, {
  "kecamatan" : "Kaliwungu",
  "kelurahan" : "Kener",
  "kodepos" : "50229"
}, {
  "kecamatan" : "Kaliwungu",
  "kelurahan" : "Kaliwungu",
  "kodepos" : "50229"
}, {
  "kecamatan" : "Gunungpati",
  "kelurahan" : "Kalisegoro",
  "kodepos" : "50229"
}, {
  "kecamatan" : "Banyubiru",
  "kelurahan" : "Ngrapah",
  "kodepos" : "50664"
}, {
  "kecamatan" : "Banyubiru",
  "kelurahan" : "Kemambang",
  "kodepos" : "50664"
}, {
  "kecamatan" : "Kaliwungu",
  "kelurahan" : "Jetis",
  "kodepos" : "50229"
}, {
  "kecamatan" : "Banyubiru",
  "kelurahan" : "Kebumen",
  "kodepos" : "50664"
}, {
  "kecamatan" : "Banyubiru",
  "kelurahan" : "Kebondowo",
  "kodepos" : "50664"
}, {
  "kecamatan" : "Gunungpati",
  "kelurahan" : "Gunung Pati",
  "kodepos" : "50229"
}, {
  "kecamatan" : "Gunungpati",
  "kelurahan" : "Patemon",
  "kodepos" : "50228"
}, {
  "kecamatan" : "Gunungpati",
  "kelurahan" : "Ngijo",
  "kodepos" : "50228"
}, {
  "kecamatan" : "Banyubiru",
  "kelurahan" : "Gedong",
  "kodepos" : "50664"
}, {
  "kecamatan" : "Semarang Timur",
  "kelurahan" : "Kemijen",
  "kodepos" : "50228"
}, {
  "kecamatan" : "Banyubiru",
  "kelurahan" : "Banyubiru",
  "kodepos" : "50664"
}, {
  "kecamatan" : "Semarang Timur",
  "kelurahan" : "Rejomulyo",
  "kodepos" : "50227"
}, {
  "kecamatan" : "Jambu",
  "kelurahan" : "Rejosari",
  "kodepos" : "50663"
}, {
  "kecamatan" : "Jambu",
  "kelurahan" : "Kuwarasan",
  "kodepos" : "50663"
}, {
  "kecamatan" : "Gunungpati",
  "kelurahan" : "Pakintelan",
  "kodepos" : "50227"
}, {
  "kecamatan" : "Jambu",
  "kelurahan" : "Kebondalem",
  "kodepos" : "50663"
}, {
  "kecamatan" : "Jambu",
  "kelurahan" : "Kelurahan",
  "kodepos" : "50663"
}, {
  "kecamatan" : "Gunungpati",
  "kelurahan" : "Mangunsari",
  "kodepos" : "50227"
}, {
  "kecamatan" : "Jambu",
  "kelurahan" : "Jambu",
  "kodepos" : "50663"
}, {
  "kecamatan" : "Gunungpati",
  "kelurahan" : "Sumurejo",
  "kodepos" : "50226"
}, {
  "kecamatan" : "Jambu",
  "kelurahan" : "Gondoriyo",
  "kodepos" : "50663"
}, {
  "kecamatan" : "Tengaran",
  "kelurahan" : "Tegalrejo",
  "kodepos" : "50225"
}, {
  "kecamatan" : "Jambu",
  "kelurahan" : "Gemawang",
  "kodepos" : "50663"
}, {
  "kecamatan" : "Gunungpati",
  "kelurahan" : "Plalangan",
  "kodepos" : "50225"
}, {
  "kecamatan" : "Jambu",
  "kelurahan" : "Brongkol",
  "kodepos" : "50663"
}, {
  "kecamatan" : "Gunungpati",
  "kelurahan" : "Nongkosawit",
  "kodepos" : "50224"
}, {
  "kecamatan" : "Gunungpati",
  "kelurahan" : "Jatirejo",
  "kodepos" : "50223"
}, {
  "kecamatan" : "Jambu",
  "kelurahan" : "Bedono",
  "kodepos" : "50663"
}, {
  "kecamatan" : "Gunungpati",
  "kelurahan" : "Cepoko",
  "kodepos" : "50223"
}, {
  "kecamatan" : "Bandungan",
  "kelurahan" : "Banyukuning",
  "kodepos" : "50663"
}, {
  "kecamatan" : "Gunungpati",
  "kelurahan" : "Sadeng",
  "kodepos" : "50222"
}, {
  "kecamatan" : "Sumowono",
  "kelurahan" : "Trayu",
  "kodepos" : "50662"
}, {
  "kecamatan" : "Gunungpati",
  "kelurahan" : "Kandri",
  "kodepos" : "50222"
}, {
  "kecamatan" : "Sumowono",
  "kelurahan" : "Sumowono",
  "kodepos" : "50662"
}, {
  "kecamatan" : "Gunungpati",
  "kelurahan" : "Sukorejo",
  "kodepos" : "50221"
}, {
  "kecamatan" : "Sumowono",
  "kelurahan" : "Pledokan",
  "kodepos" : "50662"
}, {
  "kecamatan" : "Sumowono",
  "kelurahan" : "Piyanggang",
  "kodepos" : "50662"
}, {
  "kecamatan" : "Kaliwungu",
  "kelurahan" : "Kradenan",
  "kodepos" : "50221"
}, {
  "kecamatan" : "Sumowono",
  "kelurahan" : "Ngadikerso",
  "kodepos" : "50662"
}, {
  "kecamatan" : "Tuntang",
  "kelurahan" : "Tlogo",
  "kodepos" : "50219"
}, {
  "kecamatan" : "Sumowono",
  "kelurahan" : "Mendongan",
  "kodepos" : "50662"
}, {
  "kecamatan" : "Mijen",
  "kelurahan" : "Jatibarang",
  "kodepos" : "50219"
}, {
  "kecamatan" : "Sumowono",
  "kelurahan" : "Lanjan",
  "kodepos" : "50662"
}, {
  "kecamatan" : "Bringin",
  "kelurahan" : "Rembes",
  "kodepos" : "50218"
}, {
  "kecamatan" : "Sumowono",
  "kelurahan" : "Keseneng",
  "kodepos" : "50662"
}, {
  "kecamatan" : "Mijen",
  "kelurahan" : "Purwosari",
  "kodepos" : "50217"
}, {
  "kecamatan" : "Sumowono",
  "kelurahan" : "Kemitir",
  "kodepos" : "50662"
}, {
  "kecamatan" : "Mijen",
  "kelurahan" : "Polaman",
  "kodepos" : "50217"
}, {
  "kecamatan" : "Sumowono",
  "kelurahan" : "Kemawi",
  "kodepos" : "50662"
}, {
  "kecamatan" : "Mijen",
  "kelurahan" : "Karangmalang",
  "kodepos" : "50216"
}, {
  "kecamatan" : "Sumowono",
  "kelurahan" : "Jubelan",
  "kodepos" : "50662"
}, {
  "kecamatan" : "Mijen",
  "kelurahan" : "Cangkiran",
  "kodepos" : "50216"
}, {
  "kecamatan" : "Sumowono",
  "kelurahan" : "Duren",
  "kodepos" : "50662"
}, {
  "kecamatan" : "Mijen",
  "kelurahan" : "Bubakan",
  "kodepos" : "50216"
}, {
  "kecamatan" : "Sumowono",
  "kelurahan" : "Candigaron",
  "kodepos" : "50662"
}, {
  "kecamatan" : "Mijen",
  "kelurahan" : "Wonolopo",
  "kodepos" : "50215"
}, {
  "kecamatan" : "Sumowono",
  "kelurahan" : "Bumen",
  "kodepos" : "50662"
}, {
  "kecamatan" : "Bandungan",
  "kelurahan" : "Sidomukti",
  "kodepos" : "50661"
}, {
  "kecamatan" : "Bandungan",
  "kelurahan" : "Sidomukti",
  "kodepos" : "50661"
}, {
  "kecamatan" : "Bawen",
  "kelurahan" : "Samban",
  "kodepos" : "50661"
}, {
  "kecamatan" : "Pringapus",
  "kelurahan" : "Wonoyoso",
  "kodepos" : "50214"
}, {
  "kecamatan" : "Mijen",
  "kelurahan" : "Wonoplumbon",
  "kodepos" : "50214"
}, {
  "kecamatan" : "Bawen",
  "kelurahan" : "Poncoruso",
  "kodepos" : "50661"
}, {
  "kecamatan" : "Pringapus",
  "kelurahan" : "Pringsari",
  "kodepos" : "50214"
}, {
  "kecamatan" : "Bawen",
  "kelurahan" : "Polosiri",
  "kodepos" : "50661"
}, {
  "kecamatan" : "Bandungan",
  "kelurahan" : "Pakopen",
  "kodepos" : "50661"
}, {
  "kecamatan" : "Pringapus",
  "kelurahan" : "Pringapus",
  "kodepos" : "50214"
}, {
  "kecamatan" : "Bawen",
  "kelurahan" : "Lemahireng",
  "kodepos" : "50661"
}, {
  "kecamatan" : "Pringapus",
  "kelurahan" : "Jatirunggo",
  "kodepos" : "50214"
}, {
  "kecamatan" : "Bawen",
  "kelurahan" : "Kandangan",
  "kodepos" : "50661"
}, {
  "kecamatan" : "Pringapus",
  "kelurahan" : "Derekan",
  "kodepos" : "50214"
}, {
  "kecamatan" : "Pringapus",
  "kelurahan" : "Candirejo",
  "kodepos" : "50214"
}, {
  "kecamatan" : "Mijen",
  "kelurahan" : "Ngadirgo",
  "kodepos" : "50213"
}, {
  "kecamatan" : "Pringapus",
  "kelurahan" : "Wonorejo",
  "kodepos" : "50212"
}, {
  "kecamatan" : "Mijen",
  "kelurahan" : "Pesantren",
  "kodepos" : "50212"
}, {
  "kecamatan" : "Mijen",
  "kelurahan" : "Kedungpani",
  "kodepos" : "50211"
}, {
  "kecamatan" : "Ngaliyan",
  "kelurahan" : "Bambankerep",
  "kodepos" : "50211"
}, {
  "kecamatan" : "Pedurungan",
  "kelurahan" : "Plamongan Sari",
  "kodepos" : "50199"
}, {
  "kecamatan" : "Pedurungan",
  "kelurahan" : "Kalicari",
  "kodepos" : "50198"
}, {
  "kecamatan" : "Pedurungan",
  "kelurahan" : "Muktiharjo Kidul",
  "kodepos" : "50197"
}, {
  "kecamatan" : "Pedurungan",
  "kelurahan" : "Tlogosari Kulon",
  "kodepos" : "50196"
}, {
  "kecamatan" : "Pedurungan",
  "kelurahan" : "Tlogosari Wetan",
  "kodepos" : "50196"
}, {
  "kecamatan" : "Pedurungan",
  "kelurahan" : "Pedurungan Tengah",
  "kodepos" : "50192"
}, {
  "kecamatan" : "Pedurungan",
  "kelurahan" : "Penggaron Kidul",
  "kodepos" : "50194"
}, {
  "kecamatan" : "Pedurungan",
  "kelurahan" : "Pedurungan Kidul",
  "kodepos" : "50192"
}, {
  "kecamatan" : "Pedurungan",
  "kelurahan" : "Pedurungan Lor",
  "kodepos" : "50192"
}, {
  "kecamatan" : "Ngaliyan",
  "kelurahan" : "Bringin",
  "kodepos" : "50189"
}, {
  "kecamatan" : "Ngaliyan",
  "kelurahan" : "Wates",
  "kodepos" : "50188"
}, {
  "kecamatan" : "Semarang Tengah",
  "kelurahan" : "Kauman",
  "kodepos" : "50188"
}, {
  "kecamatan" : "Ngaliyan",
  "kelurahan" : "Podorejo",
  "kodepos" : "50187"
}, {
  "kecamatan" : "Ngaliyan",
  "kelurahan" : "Gondoriyo",
  "kodepos" : "50187"
}, {
  "kecamatan" : "Bergas",
  "kelurahan" : "Gondoriyo",
  "kodepos" : "50187"
}, {
  "kecamatan" : "Suruh",
  "kelurahan" : "Plumbon",
  "kodepos" : "50186"
}, {
  "kecamatan" : "Tugu",
  "kelurahan" : "Tugurejo",
  "kodepos" : "50185"
}, {
  "kecamatan" : "Ngaliyan",
  "kelurahan" : "Tambakaji",
  "kodepos" : "50185"
}, {
  "kecamatan" : "Ngaliyan",
  "kelurahan" : "Purwoyoso",
  "kodepos" : "50184"
}, {
  "kecamatan" : "Semarang Barat",
  "kelurahan" : "Kembangarum",
  "kodepos" : "50183"
}, {
  "kecamatan" : "Bancak",
  "kelurahan" : "Wonokerto",
  "kodepos" : "50182"
}, {
  "kecamatan" : "Ngaliyan",
  "kelurahan" : "Kalipancur",
  "kodepos" : "50183"
}, {
  "kecamatan" : "Bancak",
  "kelurahan" : "Pucung",
  "kodepos" : "50182"
}, {
  "kecamatan" : "Bancak",
  "kelurahan" : "Plumutan",
  "kodepos" : "50182"
}, {
  "kecamatan" : "Bancak",
  "kelurahan" : "Lembu",
  "kodepos" : "50182"
}, {
  "kecamatan" : "Bancak",
  "kelurahan" : "Jlumpang",
  "kodepos" : "50182"
}, {
  "kecamatan" : "Bancak",
  "kelurahan" : "Boto",
  "kodepos" : "50182"
}, {
  "kecamatan" : "Bancak",
  "kelurahan" : "Bantal",
  "kodepos" : "50182"
}, {
  "kecamatan" : "Bancak",
  "kelurahan" : "Bancak",
  "kodepos" : "50182"
}, {
  "kecamatan" : "Tugu",
  "kelurahan" : "Randu Garut",
  "kodepos" : "50181"
}, {
  "kecamatan" : "Semarang Utara",
  "kelurahan" : "Bulu Lor",
  "kodepos" : "50179"
}, {
  "kecamatan" : "Ngaliyan",
  "kelurahan" : "Ngaliyan",
  "kodepos" : "50181"
}, {
  "kecamatan" : "Semarang Utara",
  "kelurahan" : "Panggung Lor",
  "kodepos" : "50177"
}, {
  "kecamatan" : "Semarang Utara",
  "kelurahan" : "Panggung Kidul",
  "kodepos" : "50178"
}, {
  "kecamatan" : "Semarang Utara",
  "kelurahan" : "Tanjungmas",
  "kodepos" : "50174"
}, {
  "kecamatan" : "Semarang Utara",
  "kelurahan" : "Bandarharjo",
  "kodepos" : "50175"
}, {
  "kecamatan" : "Semarang Utara",
  "kelurahan" : "Kuningan",
  "kodepos" : "50176"
}, {
  "kecamatan" : "Semarang Utara",
  "kelurahan" : "Dadapsari",
  "kodepos" : "50173"
}, {
  "kecamatan" : "Gayamsari",
  "kelurahan" : "Tambakrejo",
  "kodepos" : "50174"
}, {
  "kecamatan" : "Semarang Utara",
  "kelurahan" : "Purwosari",
  "kodepos" : "50172"
}, {
  "kecamatan" : "Semarang Utara",
  "kelurahan" : "Plombokan",
  "kodepos" : "50171"
}, {
  "kecamatan" : "Gayamsari",
  "kelurahan" : "Sambirejo",
  "kodepos" : "50166"
}, {
  "kecamatan" : "Gayamsari",
  "kelurahan" : "Sawahbesar",
  "kodepos" : "50163"
}, {
  "kecamatan" : "Gayamsari",
  "kelurahan" : "Kaligawe",
  "kodepos" : "50164"
}, {
  "kecamatan" : "Tugu",
  "kelurahan" : "Mangkang Wetan",
  "kodepos" : "50156"
}, {
  "kecamatan" : "Gayamsari",
  "kelurahan" : "Siwalan",
  "kodepos" : "50162"
}, {
  "kecamatan" : "Tugu",
  "kelurahan" : "Mangunharjo",
  "kodepos" : "50154"
}, {
  "kecamatan" : "Tugu",
  "kelurahan" : "Mangkang Kulon",
  "kodepos" : "50155"
}, {
  "kecamatan" : "Tugu",
  "kelurahan" : "Jerakah",
  "kodepos" : "50151"
}, {
  "kecamatan" : "Tugu",
  "kelurahan" : "Karanganyar",
  "kodepos" : "50152"
}, {
  "kecamatan" : "Semarang Barat",
  "kelurahan" : "Salamanmloyo",
  "kodepos" : "50149"
}, {
  "kecamatan" : "Semarang Barat",
  "kelurahan" : "Tambak Harjo",
  "kodepos" : "50149"
}, {
  "kecamatan" : "Semarang Barat",
  "kelurahan" : "Kalibanteng Kidul",
  "kodepos" : "50149"
}, {
  "kecamatan" : "Semarang Barat",
  "kelurahan" : "Karang Ayu",
  "kodepos" : "50149"
}, {
  "kecamatan" : "Semarang Barat",
  "kelurahan" : "Bongsari",
  "kodepos" : "50148"
}, {
  "kecamatan" : "Semarang Barat",
  "kelurahan" : "Ngemplak Simongan",
  "kodepos" : "50148"
}, {
  "kecamatan" : "Semarang Barat",
  "kelurahan" : "Gisikdrono",
  "kodepos" : "50149"
}, {
  "kecamatan" : "Semarang Barat",
  "kelurahan" : "Krapyak",
  "kodepos" : "50146"
}, {
  "kecamatan" : "Semarang Barat",
  "kelurahan" : "Manyaran",
  "kodepos" : "50147"
}, {
  "kecamatan" : "Semarang Barat",
  "kelurahan" : "Tawangsari",
  "kodepos" : "50144"
}, {
  "kecamatan" : "Semarang Barat",
  "kelurahan" : "Kalibanteng Kulon",
  "kodepos" : "50145"
}, {
  "kecamatan" : "Semarang Barat",
  "kelurahan" : "Krobokan",
  "kodepos" : "50141"
}, {
  "kecamatan" : "Semarang Barat",
  "kelurahan" : "Tawangmas",
  "kodepos" : "50144"
}, {
  "kecamatan" : "Semarang Barat",
  "kelurahan" : "Cabean",
  "kodepos" : "50141"
}, {
  "kecamatan" : "Semarang Barat",
  "kelurahan" : "Bojongsalaman",
  "kodepos" : "50141"
}, {
  "kecamatan" : "Semarang Tengah",
  "kelurahan" : "Bangunharjo",
  "kodepos" : "50138"
}, {
  "kecamatan" : "Semarang Tengah",
  "kelurahan" : "Kranggan",
  "kodepos" : "50139"
}, {
  "kecamatan" : "Semarang Tengah",
  "kelurahan" : "Pandansari",
  "kodepos" : "50139"
}, {
  "kecamatan" : "Semarang Tengah",
  "kelurahan" : "Gabahan",
  "kodepos" : "50135"
}, {
  "kecamatan" : "Semarang Tengah",
  "kelurahan" : "Purwodinatan",
  "kodepos" : "50137"
}, {
  "kecamatan" : "Semarang Tengah",
  "kelurahan" : "Miroto",
  "kodepos" : "50134"
}, {
  "kecamatan" : "Semarang Tengah",
  "kelurahan" : "Brumbungan",
  "kodepos" : "50135"
}, {
  "kecamatan" : "Semarang Tengah",
  "kelurahan" : "Sekayu",
  "kodepos" : "50132"
}, {
  "kecamatan" : "Semarang Tengah",
  "kelurahan" : "Kembangsari",
  "kodepos" : "50133"
}, {
  "kecamatan" : "Semarang Tengah",
  "kelurahan" : "Pendrikan Kidul",
  "kodepos" : "50131"
}, {
  "kecamatan" : "Semarang Tengah",
  "kelurahan" : "Pendrikan Lor",
  "kodepos" : "50131"
}, {
  "kecamatan" : "Tuntang",
  "kelurahan" : "Karangtengah",
  "kodepos" : "50131"
}, {
  "kecamatan" : "Semarang Timur",
  "kelurahan" : "Mlatiharjo",
  "kodepos" : "50126"
}, {
  "kecamatan" : "Semarang Timur",
  "kelurahan" : "Rejosari",
  "kodepos" : "50125"
}, {
  "kecamatan" : "Semarang Timur",
  "kelurahan" : "Bugangan",
  "kodepos" : "50126"
}, {
  "kecamatan" : "Bancak",
  "kelurahan" : "Rejosari",
  "kodepos" : "50125"
}, {
  "kecamatan" : "Semarang Timur",
  "kelurahan" : "Sarirejo",
  "kodepos" : "50124"
}, {
  "kecamatan" : "Sumowono",
  "kelurahan" : "Kebonagung",
  "kodepos" : "50123"
}, {
  "kecamatan" : "Semarang Timur",
  "kelurahan" : "Karangturi",
  "kodepos" : "50124"
}, {
  "kecamatan" : "Semarang Timur",
  "kelurahan" : "Mlatibaru",
  "kodepos" : "50122"
}, {
  "kecamatan" : "Semarang Timur",
  "kelurahan" : "Kebonagung",
  "kodepos" : "50123"
}, {
  "kecamatan" : "Genuk",
  "kelurahan" : "Gebangsari",
  "kodepos" : "50117"
}, {
  "kecamatan" : "Genuk",
  "kelurahan" : "Karangroto",
  "kodepos" : "50117"
}, {
  "kecamatan" : "Genuk",
  "kelurahan" : "Trimulyo",
  "kodepos" : "50118"
}, {
  "kecamatan" : "Genuk",
  "kelurahan" : "Sembungharjo",
  "kodepos" : "50116"
}, {
  "kecamatan" : "Genuk",
  "kelurahan" : "Banjardowo",
  "kodepos" : "50117"
}, {
  "kecamatan" : "Genuk",
  "kelurahan" : "Bangetayu Wetan",
  "kodepos" : "50115"
}, {
  "kecamatan" : "Genuk",
  "kelurahan" : "Kudu",
  "kodepos" : "50116"
}, {
  "kecamatan" : "Pedurungan",
  "kelurahan" : "Tlogomulyo",
  "kodepos" : "50113"
}, {
  "kecamatan" : "Genuk",
  "kelurahan" : "Bangetayu Kulon",
  "kodepos" : "50115"
}, {
  "kecamatan" : "Genuk",
  "kelurahan" : "Terboyo Wetan",
  "kodepos" : "50112"
}, {
  "kecamatan" : "Genuk",
  "kelurahan" : "Penggaron Lor",
  "kodepos" : "50113"
}, {
  "kecamatan" : "Genuk",
  "kelurahan" : "Muktiharjo Lor",
  "kodepos" : "50111"
}, {
  "kecamatan" : "Genuk",
  "kelurahan" : "Terboyo Kulon",
  "kodepos" : "50112"
} ]
