[ {
  "kecamatan" : "Tingkir",
  "kelurahan" : "Tingkir Lor",
  "kodepos" : "50746"
}, {
  "kecamatan" : "Tingkir",
  "kelurahan" : "Tingkir Tengah",
  "kodepos" : "50745"
}, {
  "kecamatan" : "Tingkir",
  "kelurahan" : "Kalibening",
  "kodepos" : "50744"
}, {
  "kecamatan" : "Tingkir",
  "kelurahan" : "Gendongan",
  "kodepos" : "50743"
}, {
  "kecamatan" : "Tingkir",
  "kelurahan" : "Kutowinangun",
  "kodepos" : "50742"
}, {
  "kecamatan" : "Tingkir",
  "kelurahan" : "Sidorejo Kidul",
  "kodepos" : "50741"
}, {
  "kecamatan" : "Argomulyo",
  "kelurahan" : "Noborejo",
  "kodepos" : "50736"
}, {
  "kecamatan" : "Argomulyo",
  "kelurahan" : "Cebongan",
  "kodepos" : "50736"
}, {
  "kecamatan" : "Argomulyo",
  "kelurahan" : "Cebongan",
  "kodepos" : "50736"
}, {
  "kecamatan" : "Argomulyo",
  "kelurahan" : "Randuacir",
  "kodepos" : "50735"
}, {
  "kecamatan" : "Argomulyo",
  "kelurahan" : "Kumpulrejo",
  "kodepos" : "50734"
}, {
  "kecamatan" : "Argomulyo",
  "kelurahan" : "Tegalrejo",
  "kodepos" : "50733"
}, {
  "kecamatan" : "Argomulyo",
  "kelurahan" : "Ledok",
  "kodepos" : "50732"
}, {
  "kecamatan" : "Sidomukti",
  "kelurahan" : "Kalicacing",
  "kodepos" : "50724"
}, {
  "kecamatan" : "Sidomukti",
  "kelurahan" : "Kecandran",
  "kodepos" : "50723"
}, {
  "kecamatan" : "Sidomukti",
  "kelurahan" : "Dukuh",
  "kodepos" : "50722"
}, {
  "kecamatan" : "Sidomukti",
  "kelurahan" : "Mangunsari",
  "kodepos" : "50721"
}, {
  "kecamatan" : "Sidorejo",
  "kelurahan" : "Pulutan",
  "kodepos" : "50716"
}, {
  "kecamatan" : "Sidorejo",
  "kelurahan" : "Blotongan",
  "kodepos" : "50715"
}, {
  "kecamatan" : "Sidorejo",
  "kelurahan" : "Sidorejo Lor",
  "kodepos" : "50714"
}, {
  "kecamatan" : "Sidorejo",
  "kelurahan" : "Bugel",
  "kodepos" : "50713"
}, {
  "kecamatan" : "Sidorejo",
  "kelurahan" : "Kauman Kidul",
  "kodepos" : "50712"
}, {
  "kecamatan" : "Sidorejo",
  "kelurahan" : "Salatiga",
  "kodepos" : "50711"
} ]
