[ {
  "kecamatan" : "Sapeken",
  "kelurahan" : "Tanjungkiaok",
  "kodepos" : "69493"
}, {
  "kecamatan" : "Sapeken",
  "kelurahan" : "Sasiil (Saseel)",
  "kodepos" : "69493"
}, {
  "kecamatan" : "Sapeken",
  "kelurahan" : "Sepanjang",
  "kodepos" : "69493"
}, {
  "kecamatan" : "Sapeken",
  "kelurahan" : "Sakala",
  "kodepos" : "69493"
}, {
  "kecamatan" : "Sapeken",
  "kelurahan" : "Sapeken",
  "kodepos" : "69493"
}, {
  "kecamatan" : "Sapeken",
  "kelurahan" : "Paliat",
  "kodepos" : "69493"
}, {
  "kecamatan" : "Sapeken",
  "kelurahan" : "Sabuntan",
  "kodepos" : "69493"
}, {
  "kecamatan" : "Sapeken",
  "kelurahan" : "Pagerungan Besar",
  "kodepos" : "69493"
}, {
  "kecamatan" : "Sapeken",
  "kelurahan" : "Pagerungan Kecil",
  "kodepos" : "69493"
}, {
  "kecamatan" : "Masalembu",
  "kelurahan" : "Sukajeruk",
  "kodepos" : "69492"
}, {
  "kecamatan" : "Masalembu",
  "kelurahan" : "Massalima",
  "kodepos" : "69492"
}, {
  "kecamatan" : "Masalembu",
  "kelurahan" : "Masakambing",
  "kodepos" : "69492"
}, {
  "kecamatan" : "Masalembu",
  "kelurahan" : "Karamian",
  "kodepos" : "69492"
}, {
  "kecamatan" : "Kangayan",
  "kelurahan" : "Timur Janjang",
  "kodepos" : "69491"
}, {
  "kecamatan" : "Kangayan",
  "kelurahan" : "Toerjek (Torjek)",
  "kodepos" : "69491"
}, {
  "kecamatan" : "Kangayan",
  "kelurahan" : "Tembayangan",
  "kodepos" : "69491"
}, {
  "kecamatan" : "Arjasa",
  "kelurahan" : "Sumbernangka",
  "kodepos" : "69491"
}, {
  "kecamatan" : "Arjasa",
  "kelurahan" : "Sawahsumur",
  "kodepos" : "69491"
}, {
  "kecamatan" : "Kangayan",
  "kelurahan" : "Saobi",
  "kodepos" : "69491"
}, {
  "kecamatan" : "Arjasa",
  "kelurahan" : "Sambakati",
  "kodepos" : "69491"
}, {
  "kecamatan" : "Arjasa",
  "kelurahan" : "Pandeman",
  "kodepos" : "69491"
}, {
  "kecamatan" : "Arjasa",
  "kelurahan" : "Paseraman",
  "kodepos" : "69491"
}, {
  "kecamatan" : "Arjasa",
  "kelurahan" : "Pajenangger",
  "kodepos" : "69491"
}, {
  "kecamatan" : "Arjasa",
  "kelurahan" : "Laok Jangjang",
  "kodepos" : "69491"
}, {
  "kecamatan" : "Arjasa",
  "kelurahan" : "Pabian",
  "kodepos" : "69491"
}, {
  "kecamatan" : "Arjasa",
  "kelurahan" : "Kolo Kolo",
  "kodepos" : "69491"
}, {
  "kecamatan" : "Kangayan",
  "kelurahan" : "Kangayan",
  "kodepos" : "69491"
}, {
  "kecamatan" : "Arjasa",
  "kelurahan" : "Kalisangka",
  "kodepos" : "69491"
}, {
  "kecamatan" : "Arjasa",
  "kelurahan" : "Kalikatak",
  "kodepos" : "69491"
}, {
  "kecamatan" : "Kangayan",
  "kelurahan" : "Jukong Jukong",
  "kodepos" : "69491"
}, {
  "kecamatan" : "Arjasa",
  "kelurahan" : "Kalianyar",
  "kodepos" : "69491"
}, {
  "kecamatan" : "Arjasa",
  "kelurahan" : "Gelaman",
  "kodepos" : "69491"
}, {
  "kecamatan" : "Arjasa",
  "kelurahan" : "Duko",
  "kodepos" : "69491"
}, {
  "kecamatan" : "Kangayan",
  "kelurahan" : "Daandung",
  "kodepos" : "69491"
}, {
  "kecamatan" : "Arjasa",
  "kelurahan" : "Buddi",
  "kodepos" : "69491"
}, {
  "kecamatan" : "Kangayan",
  "kelurahan" : "Cangkramaan (Cangkreman)",
  "kodepos" : "69491"
}, {
  "kecamatan" : "Arjasa",
  "kelurahan" : "Bilis Bilis",
  "kodepos" : "69491"
}, {
  "kecamatan" : "Kangayan",
  "kelurahan" : "Batuputih",
  "kodepos" : "69491"
}, {
  "kecamatan" : "Arjasa",
  "kelurahan" : "Arjasa",
  "kodepos" : "69491"
}, {
  "kecamatan" : "Arjasa",
  "kelurahan" : "Angkatan",
  "kodepos" : "69491"
}, {
  "kecamatan" : "Arjasa",
  "kelurahan" : "Angon Angon",
  "kodepos" : "69491"
}, {
  "kecamatan" : "Ra'as (Raas)",
  "kelurahan" : "Tonduk",
  "kodepos" : "69485"
}, {
  "kecamatan" : "Ra'as (Raas)",
  "kelurahan" : "Ketupat",
  "kodepos" : "69485"
}, {
  "kecamatan" : "Ra'as (Raas)",
  "kelurahan" : "Poteran",
  "kodepos" : "69485"
}, {
  "kecamatan" : "Ra'as (Raas)",
  "kelurahan" : "Karangnangka",
  "kodepos" : "69485"
}, {
  "kecamatan" : "Ra'as (Raas)",
  "kelurahan" : "Karopoh",
  "kodepos" : "69485"
}, {
  "kecamatan" : "Ra'as (Raas)",
  "kelurahan" : "Guwa Guwa",
  "kodepos" : "69485"
}, {
  "kecamatan" : "Ra'as (Raas)",
  "kelurahan" : "Jungkat",
  "kodepos" : "69485"
}, {
  "kecamatan" : "Ra'as (Raas)",
  "kelurahan" : "Brakas",
  "kodepos" : "69485"
}, {
  "kecamatan" : "Nonggunong",
  "kelurahan" : "Tanahmerah",
  "kodepos" : "69484"
}, {
  "kecamatan" : "Ra'as (Raas)",
  "kelurahan" : "Alasmalang",
  "kodepos" : "69485"
}, {
  "kecamatan" : "Nonggunong",
  "kelurahan" : "Talaga",
  "kodepos" : "69484"
}, {
  "kecamatan" : "Nonggunong",
  "kelurahan" : "Sonok",
  "kodepos" : "69484"
}, {
  "kecamatan" : "Nonggunong",
  "kelurahan" : "Sokarame Timur",
  "kodepos" : "69484"
}, {
  "kecamatan" : "Nonggunong",
  "kelurahan" : "Somber",
  "kodepos" : "69484"
}, {
  "kecamatan" : "Nonggunong",
  "kelurahan" : "Sokarame Paseser",
  "kodepos" : "69484"
}, {
  "kecamatan" : "Nonggunong",
  "kelurahan" : "Rosong",
  "kodepos" : "69484"
}, {
  "kecamatan" : "Nonggunong",
  "kelurahan" : "Nonggunong",
  "kodepos" : "69484"
}, {
  "kecamatan" : "Gayam",
  "kelurahan" : "Tarebung",
  "kodepos" : "69483"
}, {
  "kecamatan" : "Gayam",
  "kelurahan" : "Prambanan",
  "kodepos" : "69483"
}, {
  "kecamatan" : "Gayam",
  "kelurahan" : "Nyamplong",
  "kodepos" : "69483"
}, {
  "kecamatan" : "Gayam",
  "kelurahan" : "Pancor",
  "kodepos" : "69483"
}, {
  "kecamatan" : "Gayam",
  "kelurahan" : "Karangtengah",
  "kodepos" : "69483"
}, {
  "kecamatan" : "Gayam",
  "kelurahan" : "Kalowang",
  "kodepos" : "69483"
}, {
  "kecamatan" : "Gayam",
  "kelurahan" : "Jambuir",
  "kodepos" : "69483"
}, {
  "kecamatan" : "Gayam",
  "kelurahan" : "Gendang Timur",
  "kodepos" : "69483"
}, {
  "kecamatan" : "Gayam",
  "kelurahan" : "Gendang Barat",
  "kodepos" : "69483"
}, {
  "kecamatan" : "Gayam",
  "kelurahan" : "Gayam",
  "kodepos" : "69483"
}, {
  "kecamatan" : "Gili Ginting (Giligenteng)",
  "kelurahan" : "Lombang",
  "kodepos" : "69482"
}, {
  "kecamatan" : "Gili Ginting (Giligenteng)",
  "kelurahan" : "Jate",
  "kodepos" : "69482"
}, {
  "kecamatan" : "Gili Ginting (Giligenteng)",
  "kelurahan" : "Gedugan",
  "kodepos" : "69482"
}, {
  "kecamatan" : "Gili Ginting (Giligenteng)",
  "kelurahan" : "Bringsang",
  "kodepos" : "69482"
}, {
  "kecamatan" : "Gili Ginting (Giligenteng)",
  "kelurahan" : "Galis",
  "kodepos" : "69482"
}, {
  "kecamatan" : "Gili Ginting (Giligenteng)",
  "kelurahan" : "Banbaru",
  "kodepos" : "69482"
}, {
  "kecamatan" : "Gili Ginting (Giligenteng)",
  "kelurahan" : "Banmaleng",
  "kodepos" : "69482"
}, {
  "kecamatan" : "Gili Ginting (Giligenteng)",
  "kelurahan" : "Aenganyar",
  "kodepos" : "69482"
}, {
  "kecamatan" : "Talango",
  "kelurahan" : "Palasa",
  "kodepos" : "69481"
}, {
  "kecamatan" : "Talango",
  "kelurahan" : "Poteran",
  "kodepos" : "69481"
}, {
  "kecamatan" : "Talango",
  "kelurahan" : "Talango",
  "kodepos" : "69481"
}, {
  "kecamatan" : "Talango",
  "kelurahan" : "Kombang",
  "kodepos" : "69481"
}, {
  "kecamatan" : "Talango",
  "kelurahan" : "Padike",
  "kodepos" : "69481"
}, {
  "kecamatan" : "Talango",
  "kelurahan" : "Gapurana",
  "kodepos" : "69481"
}, {
  "kecamatan" : "Talango",
  "kelurahan" : "Cabbiya",
  "kodepos" : "69481"
}, {
  "kecamatan" : "Talango",
  "kelurahan" : "Essang",
  "kodepos" : "69481"
}, {
  "kecamatan" : "Dungkek",
  "kelurahan" : "Romben Rana",
  "kodepos" : "69474"
}, {
  "kecamatan" : "Dungkek",
  "kelurahan" : "Tamansare",
  "kodepos" : "69474"
}, {
  "kecamatan" : "Dungkek",
  "kelurahan" : "Romben Barat",
  "kodepos" : "69474"
}, {
  "kecamatan" : "Dungkek",
  "kelurahan" : "Romben Guna",
  "kodepos" : "69474"
}, {
  "kecamatan" : "Dungkek",
  "kelurahan" : "Lapa Taman",
  "kodepos" : "69474"
}, {
  "kecamatan" : "Dungkek",
  "kelurahan" : "Lapa Daya",
  "kodepos" : "69474"
}, {
  "kecamatan" : "Dungkek",
  "kelurahan" : "Lapa Laok",
  "kodepos" : "69474"
}, {
  "kecamatan" : "Dungkek",
  "kelurahan" : "Dungkek",
  "kodepos" : "69474"
}, {
  "kecamatan" : "Dungkek",
  "kelurahan" : "Jadung",
  "kodepos" : "69474"
}, {
  "kecamatan" : "Dungkek",
  "kelurahan" : "Bunpenang",
  "kodepos" : "69474"
}, {
  "kecamatan" : "Dungkek",
  "kelurahan" : "Candi",
  "kodepos" : "69474"
}, {
  "kecamatan" : "Dungkek",
  "kelurahan" : "Bungin Bungin",
  "kodepos" : "69474"
}, {
  "kecamatan" : "Dungkek",
  "kelurahan" : "Bicabi",
  "kodepos" : "69474"
}, {
  "kecamatan" : "Dungkek",
  "kelurahan" : "Banraas",
  "kodepos" : "69474"
}, {
  "kecamatan" : "Dungkek",
  "kelurahan" : "Bancamara",
  "kodepos" : "69474"
}, {
  "kecamatan" : "Batang Batang",
  "kelurahan" : "Nyabakan Timur",
  "kodepos" : "69473"
}, {
  "kecamatan" : "Batang Batang",
  "kelurahan" : "Tamedung",
  "kodepos" : "69473"
}, {
  "kecamatan" : "Batang Batang",
  "kelurahan" : "Totosan",
  "kodepos" : "69473"
}, {
  "kecamatan" : "Batang Batang",
  "kelurahan" : "Lombang",
  "kodepos" : "69473"
}, {
  "kecamatan" : "Batang Batang",
  "kelurahan" : "Nyabakan Barat",
  "kodepos" : "69473"
}, {
  "kecamatan" : "Batang Batang",
  "kelurahan" : "Legung Timur",
  "kodepos" : "69473"
}, {
  "kecamatan" : "Batang Batang",
  "kelurahan" : "Legung Barat",
  "kodepos" : "69473"
}, {
  "kecamatan" : "Batang Batang",
  "kelurahan" : "Kolpo",
  "kodepos" : "69473"
}, {
  "kecamatan" : "Batang Batang",
  "kelurahan" : "Jenangger",
  "kodepos" : "69473"
}, {
  "kecamatan" : "Batang Batang",
  "kelurahan" : "Jangkong",
  "kodepos" : "69473"
}, {
  "kecamatan" : "Batang Batang",
  "kelurahan" : "Dapenda",
  "kodepos" : "69473"
}, {
  "kecamatan" : "Batang Batang",
  "kelurahan" : "Bilangan",
  "kodepos" : "69473"
}, {
  "kecamatan" : "Batang Batang",
  "kelurahan" : "Batangbatang Laok",
  "kodepos" : "69473"
}, {
  "kecamatan" : "Batang Batang",
  "kelurahan" : "Banuaju Timur",
  "kodepos" : "69473"
}, {
  "kecamatan" : "Batang Batang",
  "kelurahan" : "Batangbatang Daya",
  "kodepos" : "69473"
}, {
  "kecamatan" : "Batang Batang",
  "kelurahan" : "Banuaju Barat",
  "kodepos" : "69473"
}, {
  "kecamatan" : "Gapura",
  "kelurahan" : "Panagan",
  "kodepos" : "69472"
}, {
  "kecamatan" : "Gapura",
  "kelurahan" : "Poja",
  "kodepos" : "69472"
}, {
  "kecamatan" : "Gapura",
  "kelurahan" : "Mandala",
  "kodepos" : "69472"
}, {
  "kecamatan" : "Gapura",
  "kelurahan" : "Palokloan (Paloloan)",
  "kodepos" : "69472"
}, {
  "kecamatan" : "Gapura",
  "kelurahan" : "Karang Budi",
  "kodepos" : "69472"
}, {
  "kecamatan" : "Gapura",
  "kelurahan" : "Longos",
  "kodepos" : "69472"
}, {
  "kecamatan" : "Gapura",
  "kelurahan" : "Grujugan",
  "kodepos" : "69472"
}, {
  "kecamatan" : "Gapura",
  "kelurahan" : "Gapura Tengah",
  "kodepos" : "69472"
}, {
  "kecamatan" : "Gapura",
  "kelurahan" : "Gapura Timur",
  "kodepos" : "69472"
}, {
  "kecamatan" : "Gapura",
  "kelurahan" : "Gersik Putih",
  "kodepos" : "69472"
}, {
  "kecamatan" : "Gapura",
  "kelurahan" : "Beraji",
  "kodepos" : "69472"
}, {
  "kecamatan" : "Gapura",
  "kelurahan" : "Gapura Barat",
  "kodepos" : "69472"
}, {
  "kecamatan" : "Gapura",
  "kelurahan" : "Banjar Timur",
  "kodepos" : "69472"
}, {
  "kecamatan" : "Gapura",
  "kelurahan" : "Batudinding",
  "kodepos" : "69472"
}, {
  "kecamatan" : "Gapura",
  "kelurahan" : "Banjar Barat",
  "kodepos" : "69472"
}, {
  "kecamatan" : "Gapura",
  "kelurahan" : "Andulang",
  "kodepos" : "69472"
}, {
  "kecamatan" : "Gapura",
  "kelurahan" : "Baban",
  "kodepos" : "69472"
}, {
  "kecamatan" : "Kalianget",
  "kelurahan" : "Marengan Laok",
  "kodepos" : "69471"
}, {
  "kecamatan" : "Kalianget",
  "kelurahan" : "Pinggirpapas",
  "kodepos" : "69471"
}, {
  "kecamatan" : "Kalianget",
  "kelurahan" : "Kertasada",
  "kodepos" : "69471"
}, {
  "kecamatan" : "Kalianget",
  "kelurahan" : "Kalianget Timur",
  "kodepos" : "69471"
}, {
  "kecamatan" : "Kalianget",
  "kelurahan" : "Kalimo&#8217;ok",
  "kodepos" : "69471"
}, {
  "kecamatan" : "Kalianget",
  "kelurahan" : "Karang Anyar",
  "kodepos" : "69471"
}, {
  "kecamatan" : "Kalianget",
  "kelurahan" : "Kalianget Barat",
  "kodepos" : "69471"
}, {
  "kecamatan" : "Saronggi",
  "kelurahan" : "Tanjung",
  "kodepos" : "69467"
}, {
  "kecamatan" : "Saronggi",
  "kelurahan" : "Saronggi",
  "kodepos" : "69467"
}, {
  "kecamatan" : "Saronggi",
  "kelurahan" : "Talang",
  "kodepos" : "69467"
}, {
  "kecamatan" : "Saronggi",
  "kelurahan" : "Tanah Merah",
  "kodepos" : "69467"
}, {
  "kecamatan" : "Saronggi",
  "kelurahan" : "Pagarbatu",
  "kodepos" : "69467"
}, {
  "kecamatan" : "Saronggi",
  "kelurahan" : "Saroka",
  "kodepos" : "69467"
}, {
  "kecamatan" : "Saronggi",
  "kelurahan" : "Muangan",
  "kodepos" : "69467"
}, {
  "kecamatan" : "Saronggi",
  "kelurahan" : "Nambakor",
  "kodepos" : "69467"
}, {
  "kecamatan" : "Saronggi",
  "kelurahan" : "Kebundadap Timur",
  "kodepos" : "69467"
}, {
  "kecamatan" : "Saronggi",
  "kelurahan" : "Langsar",
  "kodepos" : "69467"
}, {
  "kecamatan" : "Saronggi",
  "kelurahan" : "Kambingan Timur",
  "kodepos" : "69467"
}, {
  "kecamatan" : "Saronggi",
  "kelurahan" : "Kebundadap Barat",
  "kodepos" : "69467"
}, {
  "kecamatan" : "Saronggi",
  "kelurahan" : "Aengtongtong",
  "kodepos" : "69467"
}, {
  "kecamatan" : "Saronggi",
  "kelurahan" : "Juluk",
  "kodepos" : "69467"
}, {
  "kecamatan" : "Bluto",
  "kelurahan" : "Sera Tengah",
  "kodepos" : "69466"
}, {
  "kecamatan" : "Bluto",
  "kelurahan" : "Sera Timur",
  "kodepos" : "69466"
}, {
  "kecamatan" : "Bluto",
  "kelurahan" : "Sera Barat",
  "kodepos" : "69466"
}, {
  "kecamatan" : "Bluto",
  "kelurahan" : "Palongan",
  "kodepos" : "69466"
}, {
  "kecamatan" : "Bluto",
  "kelurahan" : "Pakandangan Tengah",
  "kodepos" : "69466"
}, {
  "kecamatan" : "Bluto",
  "kelurahan" : "Pakandangan Barat",
  "kodepos" : "69466"
}, {
  "kecamatan" : "Bluto",
  "kelurahan" : "Pakandangan Sangra",
  "kodepos" : "69466"
}, {
  "kecamatan" : "Bluto",
  "kelurahan" : "Masaran",
  "kodepos" : "69466"
}, {
  "kecamatan" : "Bluto",
  "kelurahan" : "Lobuk",
  "kodepos" : "69466"
}, {
  "kecamatan" : "Bluto",
  "kelurahan" : "Kapedi",
  "kodepos" : "69466"
}, {
  "kecamatan" : "Bluto",
  "kelurahan" : "Karang Cempaka",
  "kodepos" : "69466"
}, {
  "kecamatan" : "Bluto",
  "kelurahan" : "Ging Ging",
  "kodepos" : "69466"
}, {
  "kecamatan" : "Bluto",
  "kelurahan" : "Gulukmanjung",
  "kodepos" : "69466"
}, {
  "kecamatan" : "Bluto",
  "kelurahan" : "Bungbungan",
  "kodepos" : "69466"
}, {
  "kecamatan" : "Bluto",
  "kelurahan" : "Errabu",
  "kodepos" : "69466"
}, {
  "kecamatan" : "Bluto",
  "kelurahan" : "Gilang",
  "kodepos" : "69466"
}, {
  "kecamatan" : "Bluto",
  "kelurahan" : "Aengdake",
  "kodepos" : "69466"
}, {
  "kecamatan" : "Bluto",
  "kelurahan" : "Bluto",
  "kodepos" : "69466"
}, {
  "kecamatan" : "Bluto",
  "kelurahan" : "Aengbaja Kenek",
  "kodepos" : "69466"
}, {
  "kecamatan" : "Bluto",
  "kelurahan" : "Aengbaja Raja",
  "kodepos" : "69466"
}, {
  "kecamatan" : "Pragaan",
  "kelurahan" : "Sentol Laok",
  "kodepos" : "69465"
}, {
  "kecamatan" : "Pragaan",
  "kelurahan" : "Sendang",
  "kodepos" : "69465"
}, {
  "kecamatan" : "Pragaan",
  "kelurahan" : "Sentol Daya",
  "kodepos" : "69465"
}, {
  "kecamatan" : "Pragaan",
  "kelurahan" : "Rombasan",
  "kodepos" : "69465"
}, {
  "kecamatan" : "Pragaan",
  "kelurahan" : "Pragaan Daya",
  "kodepos" : "69465"
}, {
  "kecamatan" : "Pragaan",
  "kelurahan" : "Pragaan Laok",
  "kodepos" : "69465"
}, {
  "kecamatan" : "Pragaan",
  "kelurahan" : "Prenduan",
  "kodepos" : "69465"
}, {
  "kecamatan" : "Pragaan",
  "kelurahan" : "Pakamban Daya",
  "kodepos" : "69465"
}, {
  "kecamatan" : "Pragaan",
  "kelurahan" : "Pakamban Laok",
  "kodepos" : "69465"
}, {
  "kecamatan" : "Pragaan",
  "kelurahan" : "Kaduara Timur",
  "kodepos" : "69465"
}, {
  "kecamatan" : "Pragaan",
  "kelurahan" : "Karduluk",
  "kodepos" : "69465"
}, {
  "kecamatan" : "Pragaan",
  "kelurahan" : "Larangan Pereng",
  "kodepos" : "69465"
}, {
  "kecamatan" : "Pragaan",
  "kelurahan" : "Aengpanas",
  "kodepos" : "69465"
}, {
  "kecamatan" : "Pragaan",
  "kelurahan" : "Jaddung",
  "kodepos" : "69465"
}, {
  "kecamatan" : "Guluk Guluk",
  "kelurahan" : "Tambuko",
  "kodepos" : "69463"
}, {
  "kecamatan" : "Guluk Guluk",
  "kelurahan" : "Payudan Nangger",
  "kodepos" : "69463"
}, {
  "kecamatan" : "Guluk Guluk",
  "kelurahan" : "Pordapor",
  "kodepos" : "69463"
}, {
  "kecamatan" : "Guluk Guluk",
  "kelurahan" : "Payudan Karangsokon",
  "kodepos" : "69463"
}, {
  "kecamatan" : "Guluk Guluk",
  "kelurahan" : "Payudan Daleman",
  "kodepos" : "69463"
}, {
  "kecamatan" : "Guluk Guluk",
  "kelurahan" : "Payudan Dundang",
  "kodepos" : "69463"
}, {
  "kecamatan" : "Guluk Guluk",
  "kelurahan" : "Ketawang Laok",
  "kodepos" : "69463"
}, {
  "kecamatan" : "Guluk Guluk",
  "kelurahan" : "Pananggungan",
  "kodepos" : "69463"
}, {
  "kecamatan" : "Guluk Guluk",
  "kelurahan" : "Batuampar",
  "kodepos" : "69463"
}, {
  "kecamatan" : "Guluk Guluk",
  "kelurahan" : "Bragung",
  "kodepos" : "69463"
}, {
  "kecamatan" : "Guluk Guluk",
  "kelurahan" : "Guluk Guluk",
  "kodepos" : "69463"
}, {
  "kecamatan" : "Guluk Guluk",
  "kelurahan" : "Bakeyong",
  "kodepos" : "69463"
}, {
  "kecamatan" : "Ganding",
  "kelurahan" : "Talaga",
  "kodepos" : "69462"
}, {
  "kecamatan" : "Ganding",
  "kelurahan" : "Rombiya Timur",
  "kodepos" : "69462"
}, {
  "kecamatan" : "Ganding",
  "kelurahan" : "Ketawang Parebaan",
  "kodepos" : "69462"
}, {
  "kecamatan" : "Ganding",
  "kelurahan" : "Rombiya Barat",
  "kodepos" : "69462"
}, {
  "kecamatan" : "Ganding",
  "kelurahan" : "Ketawang Larangan",
  "kodepos" : "69462"
}, {
  "kecamatan" : "Ganding",
  "kelurahan" : "Ganding",
  "kodepos" : "69462"
}, {
  "kecamatan" : "Ganding",
  "kelurahan" : "Ketawang Daleman",
  "kodepos" : "69462"
}, {
  "kecamatan" : "Ganding",
  "kelurahan" : "Ketawang Karay",
  "kodepos" : "69462"
}, {
  "kecamatan" : "Ganding",
  "kelurahan" : "Gadu Barat",
  "kodepos" : "69462"
}, {
  "kecamatan" : "Ganding",
  "kelurahan" : "Gadu Timur",
  "kodepos" : "69462"
}, {
  "kecamatan" : "Ganding",
  "kelurahan" : "Bilapora Barat",
  "kodepos" : "69462"
}, {
  "kecamatan" : "Ganding",
  "kelurahan" : "Bilapora Timur",
  "kodepos" : "69462"
}, {
  "kecamatan" : "Ganding",
  "kelurahan" : "Bataal Barat",
  "kodepos" : "69462"
}, {
  "kecamatan" : "Ganding",
  "kelurahan" : "Bataal Timur",
  "kodepos" : "69462"
}, {
  "kecamatan" : "Lenteng",
  "kelurahan" : "Tarogan",
  "kodepos" : "69461"
}, {
  "kecamatan" : "Lenteng",
  "kelurahan" : "Poreh",
  "kodepos" : "69461"
}, {
  "kecamatan" : "Lenteng",
  "kelurahan" : "Sendir",
  "kodepos" : "69461"
}, {
  "kecamatan" : "Lenteng",
  "kelurahan" : "Moncek Timur",
  "kodepos" : "69461"
}, {
  "kecamatan" : "Lenteng",
  "kelurahan" : "Moncek Tengah",
  "kodepos" : "69461"
}, {
  "kecamatan" : "Lenteng",
  "kelurahan" : "Moncek Barat",
  "kodepos" : "69461"
}, {
  "kecamatan" : "Lenteng",
  "kelurahan" : "Lenteng Timur",
  "kodepos" : "69461"
}, {
  "kecamatan" : "Lenteng",
  "kelurahan" : "Medelan",
  "kodepos" : "69461"
}, {
  "kecamatan" : "Lenteng",
  "kelurahan" : "Lenteng Barat",
  "kodepos" : "69461"
}, {
  "kecamatan" : "Lenteng",
  "kelurahan" : "Lembung Barat",
  "kodepos" : "69461"
}, {
  "kecamatan" : "Lenteng",
  "kelurahan" : "Lembung Timur",
  "kodepos" : "69461"
}, {
  "kecamatan" : "Lenteng",
  "kelurahan" : "Kambingan Barat",
  "kodepos" : "69461"
}, {
  "kecamatan" : "Lenteng",
  "kelurahan" : "Jambu",
  "kodepos" : "69461"
}, {
  "kecamatan" : "Lenteng",
  "kelurahan" : "Ellak Laok",
  "kodepos" : "69461"
}, {
  "kecamatan" : "Lenteng",
  "kelurahan" : "Daramesta",
  "kodepos" : "69461"
}, {
  "kecamatan" : "Lenteng",
  "kelurahan" : "Ellak Daya",
  "kodepos" : "69461"
}, {
  "kecamatan" : "Lenteng",
  "kelurahan" : "Bilapora Reba",
  "kodepos" : "69461"
}, {
  "kecamatan" : "Lenteng",
  "kelurahan" : "Cangkreng",
  "kodepos" : "69461"
}, {
  "kecamatan" : "Lenteng",
  "kelurahan" : "Banaresep Barat",
  "kodepos" : "69461"
}, {
  "kecamatan" : "Lenteng",
  "kelurahan" : "Banaresep Timur",
  "kodepos" : "69461"
}, {
  "kecamatan" : "Pasongsongan",
  "kelurahan" : "Rajun",
  "kodepos" : "69457"
}, {
  "kecamatan" : "Pasongsongan",
  "kelurahan" : "Soddara",
  "kodepos" : "69457"
}, {
  "kecamatan" : "Pasongsongan",
  "kelurahan" : "Prancak",
  "kodepos" : "69457"
}, {
  "kecamatan" : "Pasongsongan",
  "kelurahan" : "Padangdangan",
  "kodepos" : "69457"
}, {
  "kecamatan" : "Pasongsongan",
  "kelurahan" : "Panaongan",
  "kodepos" : "69457"
}, {
  "kecamatan" : "Pasongsongan",
  "kelurahan" : "Pasongsongan",
  "kodepos" : "69457"
}, {
  "kecamatan" : "Pasongsongan",
  "kelurahan" : "Montorna",
  "kodepos" : "69457"
}, {
  "kecamatan" : "Pasongsongan",
  "kelurahan" : "Lebeng Timur",
  "kodepos" : "69457"
}, {
  "kecamatan" : "Pasongsongan",
  "kelurahan" : "Lebeng Barat",
  "kodepos" : "69457"
}, {
  "kecamatan" : "Pasongsongan",
  "kelurahan" : "Campaka",
  "kodepos" : "69457"
}, {
  "kecamatan" : "Rubaru",
  "kelurahan" : "Pakondang",
  "kodepos" : "69456"
}, {
  "kecamatan" : "Rubaru",
  "kelurahan" : "Rubaru",
  "kodepos" : "69456"
}, {
  "kecamatan" : "Rubaru",
  "kelurahan" : "Tambaksari",
  "kodepos" : "69456"
}, {
  "kecamatan" : "Rubaru",
  "kelurahan" : "Matanair",
  "kodepos" : "69456"
}, {
  "kecamatan" : "Rubaru",
  "kelurahan" : "Karangnangka",
  "kodepos" : "69456"
}, {
  "kecamatan" : "Rubaru",
  "kelurahan" : "Mandala",
  "kodepos" : "69456"
}, {
  "kecamatan" : "Rubaru",
  "kelurahan" : "Kalebengan",
  "kodepos" : "69456"
}, {
  "kecamatan" : "Rubaru",
  "kelurahan" : "Bunbarat",
  "kodepos" : "69456"
}, {
  "kecamatan" : "Rubaru",
  "kelurahan" : "Duko",
  "kodepos" : "69456"
}, {
  "kecamatan" : "Rubaru",
  "kelurahan" : "Bana Sare",
  "kodepos" : "69456"
}, {
  "kecamatan" : "Rubaru",
  "kelurahan" : "Basoka",
  "kodepos" : "69456"
}, {
  "kecamatan" : "Ambunten",
  "kelurahan" : "Tambaagung Timur",
  "kodepos" : "69455"
}, {
  "kecamatan" : "Ambunten",
  "kelurahan" : "Tambaagung Barat",
  "kodepos" : "69455"
}, {
  "kecamatan" : "Ambunten",
  "kelurahan" : "Tambaagung Tengah",
  "kodepos" : "69455"
}, {
  "kecamatan" : "Ambunten",
  "kelurahan" : "Sogian",
  "kodepos" : "69455"
}, {
  "kecamatan" : "Ambunten",
  "kelurahan" : "Tambaagung Ares",
  "kodepos" : "69455"
}, {
  "kecamatan" : "Ambunten",
  "kelurahan" : "Campor Timur",
  "kodepos" : "69455"
}, {
  "kecamatan" : "Ambunten",
  "kelurahan" : "Keles",
  "kodepos" : "69455"
}, {
  "kecamatan" : "Ambunten",
  "kelurahan" : "Beluk Raja",
  "kodepos" : "69455"
}, {
  "kecamatan" : "Ambunten",
  "kelurahan" : "Bukabu",
  "kodepos" : "69455"
}, {
  "kecamatan" : "Ambunten",
  "kelurahan" : "Campor Barat",
  "kodepos" : "69455"
}, {
  "kecamatan" : "Ambunten",
  "kelurahan" : "Beluk Ares",
  "kodepos" : "69455"
}, {
  "kecamatan" : "Ambunten",
  "kelurahan" : "Beluk Kenek",
  "kodepos" : "69455"
}, {
  "kecamatan" : "Ambunten",
  "kelurahan" : "Ambunten Tengah",
  "kodepos" : "69455"
}, {
  "kecamatan" : "Ambunten",
  "kelurahan" : "Ambunten Timur",
  "kodepos" : "69455"
}, {
  "kecamatan" : "Ambunten",
  "kelurahan" : "Ambunten Barat",
  "kodepos" : "69455"
}, {
  "kecamatan" : "Dasuk",
  "kelurahan" : "Semaan",
  "kodepos" : "69454"
}, {
  "kecamatan" : "Dasuk",
  "kelurahan" : "Slopeng",
  "kodepos" : "69454"
}, {
  "kecamatan" : "Dasuk",
  "kelurahan" : "Nyapar",
  "kodepos" : "69454"
}, {
  "kecamatan" : "Dasuk",
  "kelurahan" : "Kerta Timur",
  "kodepos" : "69454"
}, {
  "kecamatan" : "Dasuk",
  "kelurahan" : "Mantajun",
  "kodepos" : "69454"
}, {
  "kecamatan" : "Dasuk",
  "kelurahan" : "Kecer",
  "kodepos" : "69454"
}, {
  "kecamatan" : "Dasuk",
  "kelurahan" : "Kerta Barat",
  "kodepos" : "69454"
}, {
  "kecamatan" : "Dasuk",
  "kelurahan" : "Jelbudan",
  "kodepos" : "69454"
}, {
  "kecamatan" : "Dasuk",
  "kelurahan" : "Dasuk Laok",
  "kodepos" : "69454"
}, {
  "kecamatan" : "Dasuk",
  "kelurahan" : "Dasuk Timur",
  "kodepos" : "69454"
}, {
  "kecamatan" : "Dasuk",
  "kelurahan" : "Bringin",
  "kodepos" : "69454"
}, {
  "kecamatan" : "Dasuk",
  "kelurahan" : "Dasuk Barat",
  "kodepos" : "69454"
}, {
  "kecamatan" : "Dasuk",
  "kelurahan" : "Batubelah Barat",
  "kodepos" : "69454"
}, {
  "kecamatan" : "Dasuk",
  "kelurahan" : "Batubelah Timur",
  "kodepos" : "69454"
}, {
  "kecamatan" : "Batuputih",
  "kelurahan" : "Tengedan",
  "kodepos" : "69453"
}, {
  "kecamatan" : "Dasuk",
  "kelurahan" : "Bates",
  "kodepos" : "69454"
}, {
  "kecamatan" : "Batuputih",
  "kelurahan" : "Larangan Kerta",
  "kodepos" : "69453"
}, {
  "kecamatan" : "Batuputih",
  "kelurahan" : "Sergang",
  "kodepos" : "69453"
}, {
  "kecamatan" : "Batuputih",
  "kelurahan" : "Juruan Laok",
  "kodepos" : "69453"
}, {
  "kecamatan" : "Batuputih",
  "kelurahan" : "Larangan Barma",
  "kodepos" : "69453"
}, {
  "kecamatan" : "Batuputih",
  "kelurahan" : "Juruan Daya",
  "kodepos" : "69453"
}, {
  "kecamatan" : "Batuputih",
  "kelurahan" : "Bulaan (Bullaan)",
  "kodepos" : "69453"
}, {
  "kecamatan" : "Batuputih",
  "kelurahan" : "Gedang Gedang",
  "kodepos" : "69453"
}, {
  "kecamatan" : "Batuputih",
  "kelurahan" : "Batuputih Kenek",
  "kodepos" : "69453"
}, {
  "kecamatan" : "Batuputih",
  "kelurahan" : "Batuputih Laok",
  "kodepos" : "69453"
}, {
  "kecamatan" : "Batuputih",
  "kelurahan" : "Bantelan",
  "kodepos" : "69453"
}, {
  "kecamatan" : "Batuputih",
  "kelurahan" : "Batuputih Daya",
  "kodepos" : "69453"
}, {
  "kecamatan" : "Batuputih",
  "kelurahan" : "Badur",
  "kodepos" : "69453"
}, {
  "kecamatan" : "Batuputih",
  "kelurahan" : "Aengmerah",
  "kodepos" : "69453"
}, {
  "kecamatan" : "Manding",
  "kelurahan" : "Manding Timur",
  "kodepos" : "69452"
}, {
  "kecamatan" : "Manding",
  "kelurahan" : "Tenonan",
  "kodepos" : "69452"
}, {
  "kecamatan" : "Manding",
  "kelurahan" : "Manding Daya",
  "kodepos" : "69452"
}, {
  "kecamatan" : "Manding",
  "kelurahan" : "Manding Laok",
  "kodepos" : "69452"
}, {
  "kecamatan" : "Manding",
  "kelurahan" : "Kasengan",
  "kodepos" : "69452"
}, {
  "kecamatan" : "Manding",
  "kelurahan" : "Lalangon",
  "kodepos" : "69452"
}, {
  "kecamatan" : "Manding",
  "kelurahan" : "Lanjuk",
  "kodepos" : "69452"
}, {
  "kecamatan" : "Manding",
  "kelurahan" : "Gunung Kembar",
  "kodepos" : "69452"
}, {
  "kecamatan" : "Manding",
  "kelurahan" : "Jaba&#8217;an",
  "kodepos" : "69452"
}, {
  "kecamatan" : "Manding",
  "kelurahan" : "Gadding",
  "kodepos" : "69452"
}, {
  "kecamatan" : "Manding",
  "kelurahan" : "Giring",
  "kodepos" : "69452"
}, {
  "kecamatan" : "Batuan",
  "kelurahan" : "Torbang",
  "kodepos" : "69451"
}, {
  "kecamatan" : "Batuan",
  "kelurahan" : "Gunggung",
  "kodepos" : "69451"
}, {
  "kecamatan" : "Batuan",
  "kelurahan" : "Patean",
  "kodepos" : "69451"
}, {
  "kecamatan" : "Batuan",
  "kelurahan" : "Gedungan",
  "kodepos" : "69451"
}, {
  "kecamatan" : "Batuan",
  "kelurahan" : "Gelugur",
  "kodepos" : "69451"
}, {
  "kecamatan" : "Batuan",
  "kelurahan" : "Batuan",
  "kodepos" : "69451"
}, {
  "kecamatan" : "Batuan",
  "kelurahan" : "Babalan",
  "kodepos" : "69451"
}, {
  "kecamatan" : "Kota Sumenep",
  "kelurahan" : "Pabian",
  "kodepos" : "69417"
}, {
  "kecamatan" : "Kota Sumenep",
  "kelurahan" : "Parsanga",
  "kodepos" : "69417"
}, {
  "kecamatan" : "Kota Sumenep",
  "kelurahan" : "Paberasan",
  "kodepos" : "69417"
}, {
  "kecamatan" : "Kota Sumenep",
  "kelurahan" : "Kolor",
  "kodepos" : "69417"
}, {
  "kecamatan" : "Kota Sumenep",
  "kelurahan" : "Marengan Daya",
  "kodepos" : "69417"
}, {
  "kecamatan" : "Kota Sumenep",
  "kelurahan" : "Karangduak",
  "kodepos" : "69417"
}, {
  "kecamatan" : "Kota Sumenep",
  "kelurahan" : "Kebunan",
  "kodepos" : "69417"
}, {
  "kecamatan" : "Kota Sumenep",
  "kelurahan" : "Bangkal",
  "kodepos" : "69417"
}, {
  "kecamatan" : "Kota Sumenep",
  "kelurahan" : "Kacongan",
  "kodepos" : "69417"
}, {
  "kecamatan" : "Kota Sumenep",
  "kelurahan" : "Bangselok",
  "kodepos" : "69416"
}, {
  "kecamatan" : "Kota Sumenep",
  "kelurahan" : "Pajagalan",
  "kodepos" : "69416"
}, {
  "kecamatan" : "Kota Sumenep",
  "kelurahan" : "Pandian",
  "kodepos" : "69414"
}, {
  "kecamatan" : "Kota Sumenep",
  "kelurahan" : "Kepanjin",
  "kodepos" : "69415"
}, {
  "kecamatan" : "Kota Sumenep",
  "kelurahan" : "Kebonagung",
  "kodepos" : "69413"
}, {
  "kecamatan" : "Kota Sumenep",
  "kelurahan" : "Pangarangan",
  "kodepos" : "69412"
}, {
  "kecamatan" : "Kota Sumenep",
  "kelurahan" : "Pamolokan",
  "kodepos" : "69412"
} ]
