[ {
  "kecamatan" : "Konang",
  "kelurahan" : "Sen Asen",
  "kodepos" : "69175"
}, {
  "kecamatan" : "Konang",
  "kelurahan" : "Pakes",
  "kodepos" : "69175"
}, {
  "kecamatan" : "Konang",
  "kelurahan" : "Sambiyan",
  "kodepos" : "69175"
}, {
  "kecamatan" : "Konang",
  "kelurahan" : "Konang",
  "kodepos" : "69175"
}, {
  "kecamatan" : "Konang",
  "kelurahan" : "Kanegarah (Kanagereh)",
  "kodepos" : "69175"
}, {
  "kecamatan" : "Konang",
  "kelurahan" : "Galis Daya/Dajah",
  "kodepos" : "69175"
}, {
  "kecamatan" : "Konang",
  "kelurahan" : "Genteng",
  "kodepos" : "69175"
}, {
  "kecamatan" : "Konang",
  "kelurahan" : "Durin Barat",
  "kodepos" : "69175"
}, {
  "kecamatan" : "Konang",
  "kelurahan" : "Durin Timur",
  "kodepos" : "69175"
}, {
  "kecamatan" : "Konang",
  "kelurahan" : "Cangkarman (Cangkareman)",
  "kodepos" : "69175"
}, {
  "kecamatan" : "Konang",
  "kelurahan" : "Campor",
  "kodepos" : "69175"
}, {
  "kecamatan" : "Konang",
  "kelurahan" : "Batokaban",
  "kodepos" : "69175"
}, {
  "kecamatan" : "Konang",
  "kelurahan" : "Bandung",
  "kodepos" : "69175"
}, {
  "kecamatan" : "Blega",
  "kelurahan" : "Rosep",
  "kodepos" : "69174"
}, {
  "kecamatan" : "Blega",
  "kelurahan" : "Pangeran Gedungan (Gadungan)",
  "kodepos" : "69174"
}, {
  "kecamatan" : "Blega",
  "kelurahan" : "Panjalinan",
  "kodepos" : "69174"
}, {
  "kecamatan" : "Blega",
  "kelurahan" : "Nyor Manis (Nyormanes)",
  "kodepos" : "69174"
}, {
  "kecamatan" : "Blega",
  "kelurahan" : "Lombang Daya",
  "kodepos" : "69174"
}, {
  "kecamatan" : "Blega",
  "kelurahan" : "Lombang Laok",
  "kodepos" : "69174"
}, {
  "kecamatan" : "Blega",
  "kelurahan" : "Lomaer",
  "kodepos" : "69174"
}, {
  "kecamatan" : "Blega",
  "kelurahan" : "Kojolan (Ko&#8217;olan)",
  "kodepos" : "69174"
}, {
  "kecamatan" : "Blega",
  "kelurahan" : "Karangnangka",
  "kodepos" : "69174"
}, {
  "kecamatan" : "Blega",
  "kelurahan" : "Karpote",
  "kodepos" : "69174"
}, {
  "kecamatan" : "Blega",
  "kelurahan" : "Karang Panasan",
  "kodepos" : "69174"
}, {
  "kecamatan" : "Blega",
  "kelurahan" : "Karang Gayam",
  "kodepos" : "69174"
}, {
  "kecamatan" : "Blega",
  "kelurahan" : "Kampao",
  "kodepos" : "69174"
}, {
  "kecamatan" : "Blega",
  "kelurahan" : "Gigir",
  "kodepos" : "69174"
}, {
  "kecamatan" : "Blega",
  "kelurahan" : "Kajan",
  "kodepos" : "69174"
}, {
  "kecamatan" : "Blega",
  "kelurahan" : "Blega",
  "kodepos" : "69174"
}, {
  "kecamatan" : "Blega",
  "kelurahan" : "Blegaoloh",
  "kodepos" : "69174"
}, {
  "kecamatan" : "Blega",
  "kelurahan" : "Bates",
  "kodepos" : "69174"
}, {
  "kecamatan" : "Blega",
  "kelurahan" : "Alasraja",
  "kodepos" : "69174"
}, {
  "kecamatan" : "Galis",
  "kelurahan" : "Tellok",
  "kodepos" : "69173"
}, {
  "kecamatan" : "Galis",
  "kelurahan" : "Telagah (Tlagah)",
  "kodepos" : "69173"
}, {
  "kecamatan" : "Galis",
  "kelurahan" : "Separah",
  "kodepos" : "69173"
}, {
  "kecamatan" : "Galis",
  "kelurahan" : "Sorpa",
  "kodepos" : "69173"
}, {
  "kecamatan" : "Galis",
  "kelurahan" : "Sadah",
  "kodepos" : "69173"
}, {
  "kecamatan" : "Galis",
  "kelurahan" : "Pekadan",
  "kodepos" : "69173"
}, {
  "kecamatan" : "Galis",
  "kelurahan" : "Paterongan",
  "kodepos" : "69173"
}, {
  "kecamatan" : "Galis",
  "kelurahan" : "Pakaan Daya",
  "kodepos" : "69173"
}, {
  "kecamatan" : "Galis",
  "kelurahan" : "Paka&#8217;an Laok",
  "kodepos" : "69173"
}, {
  "kecamatan" : "Galis",
  "kelurahan" : "Lantek Temor",
  "kodepos" : "69173"
}, {
  "kecamatan" : "Galis",
  "kelurahan" : "Longkek",
  "kodepos" : "69173"
}, {
  "kecamatan" : "Galis",
  "kelurahan" : "Lantek Barat",
  "kodepos" : "69173"
}, {
  "kecamatan" : "Galis",
  "kelurahan" : "Kranggan Timur",
  "kodepos" : "69173"
}, {
  "kecamatan" : "Galis",
  "kelurahan" : "Kelbung",
  "kodepos" : "69173"
}, {
  "kecamatan" : "Galis",
  "kelurahan" : "Kajuanak",
  "kodepos" : "69173"
}, {
  "kecamatan" : "Galis",
  "kelurahan" : "Daleman",
  "kodepos" : "69173"
}, {
  "kecamatan" : "Galis",
  "kelurahan" : "Galis",
  "kodepos" : "69173"
}, {
  "kecamatan" : "Galis",
  "kelurahan" : "Belateran (Blateran)",
  "kodepos" : "69173"
}, {
  "kecamatan" : "Galis",
  "kelurahan" : "Banyubunih",
  "kodepos" : "69173"
}, {
  "kecamatan" : "Galis",
  "kelurahan" : "Banjar",
  "kodepos" : "69173"
}, {
  "kecamatan" : "Galis",
  "kelurahan" : "Bangpendah",
  "kodepos" : "69173"
}, {
  "kecamatan" : "Tanah Merah",
  "kelurahan" : "Tanah Merah Laok",
  "kodepos" : "69172"
}, {
  "kecamatan" : "Tanah Merah",
  "kelurahan" : "Tlomar (Tlomor)",
  "kodepos" : "69172"
}, {
  "kecamatan" : "Tanah Merah",
  "kelurahan" : "Rongdurin",
  "kodepos" : "69172"
}, {
  "kecamatan" : "Tanah Merah",
  "kelurahan" : "Tanah Merah Dajah",
  "kodepos" : "69172"
}, {
  "kecamatan" : "Tanah Merah",
  "kelurahan" : "Poter",
  "kodepos" : "69172"
}, {
  "kecamatan" : "Tanah Merah",
  "kelurahan" : "Petrah",
  "kodepos" : "69172"
}, {
  "kecamatan" : "Tanah Merah",
  "kelurahan" : "Pettong",
  "kodepos" : "69172"
}, {
  "kecamatan" : "Tanah Merah",
  "kelurahan" : "Patemon",
  "kodepos" : "69172"
}, {
  "kecamatan" : "Tanah Merah",
  "kelurahan" : "Padurungan",
  "kodepos" : "69172"
}, {
  "kecamatan" : "Tanah Merah",
  "kelurahan" : "Pangeleyan",
  "kodepos" : "69172"
}, {
  "kecamatan" : "Tanah Merah",
  "kelurahan" : "Pacentan",
  "kodepos" : "69172"
}, {
  "kecamatan" : "Tanah Merah",
  "kelurahan" : "Mrecah",
  "kodepos" : "69172"
}, {
  "kecamatan" : "Tanah Merah",
  "kelurahan" : "Landak",
  "kodepos" : "69172"
}, {
  "kecamatan" : "Tanah Merah",
  "kelurahan" : "Kranggan Barat",
  "kodepos" : "69172"
}, {
  "kecamatan" : "Tanah Merah",
  "kelurahan" : "Kendaban",
  "kodepos" : "69172"
}, {
  "kecamatan" : "Tanah Merah",
  "kelurahan" : "Dumajah",
  "kodepos" : "69172"
}, {
  "kecamatan" : "Tanah Merah",
  "kelurahan" : "Jangkar",
  "kodepos" : "69172"
}, {
  "kecamatan" : "Tanah Merah",
  "kelurahan" : "Dlambah Laok",
  "kodepos" : "69172"
}, {
  "kecamatan" : "Tanah Merah",
  "kelurahan" : "Buddan",
  "kodepos" : "69172"
}, {
  "kecamatan" : "Tanah Merah",
  "kelurahan" : "Dlambah Dajah",
  "kodepos" : "69172"
}, {
  "kecamatan" : "Tanah Merah",
  "kelurahan" : "Basanah",
  "kodepos" : "69172"
}, {
  "kecamatan" : "Tanah Merah",
  "kelurahan" : "Batangan",
  "kodepos" : "69172"
}, {
  "kecamatan" : "Tanah Merah",
  "kelurahan" : "Baipajung",
  "kodepos" : "69172"
}, {
  "kecamatan" : "Modung",
  "kelurahan" : "Srabi/Serabi Timur",
  "kodepos" : "69166"
}, {
  "kecamatan" : "Modung",
  "kelurahan" : "Suwaan",
  "kodepos" : "69166"
}, {
  "kecamatan" : "Modung",
  "kelurahan" : "Patereman",
  "kodepos" : "69166"
}, {
  "kecamatan" : "Modung",
  "kelurahan" : "Srabi/Serabi Barat",
  "kodepos" : "69166"
}, {
  "kecamatan" : "Modung",
  "kelurahan" : "Pangpajung",
  "kodepos" : "69166"
}, {
  "kecamatan" : "Modung",
  "kelurahan" : "Patengteng",
  "kodepos" : "69166"
}, {
  "kecamatan" : "Modung",
  "kelurahan" : "Pakong",
  "kodepos" : "69166"
}, {
  "kecamatan" : "Modung",
  "kelurahan" : "Neroh",
  "kodepos" : "69166"
}, {
  "kecamatan" : "Modung",
  "kelurahan" : "Paeng",
  "kodepos" : "69166"
}, {
  "kecamatan" : "Modung",
  "kelurahan" : "Manggaan",
  "kodepos" : "69166"
}, {
  "kecamatan" : "Modung",
  "kelurahan" : "Modung",
  "kodepos" : "69166"
}, {
  "kecamatan" : "Modung",
  "kelurahan" : "Kolla",
  "kodepos" : "69166"
}, {
  "kecamatan" : "Modung",
  "kelurahan" : "Langpanggang",
  "kodepos" : "69166"
}, {
  "kecamatan" : "Modung",
  "kelurahan" : "Karanganyar",
  "kodepos" : "69166"
}, {
  "kecamatan" : "Modung",
  "kelurahan" : "Glisgis (Gligis)",
  "kodepos" : "69166"
}, {
  "kecamatan" : "Modung",
  "kelurahan" : "Brakas Dajah",
  "kodepos" : "69166"
}, {
  "kecamatan" : "Modung",
  "kelurahan" : "Alaskokon",
  "kodepos" : "69166"
}, {
  "kecamatan" : "Tragah",
  "kelurahan" : "Tragah",
  "kodepos" : "69165"
}, {
  "kecamatan" : "Tragah",
  "kelurahan" : "Soket Laok",
  "kodepos" : "69165"
}, {
  "kecamatan" : "Tragah",
  "kelurahan" : "Tambin",
  "kodepos" : "69165"
}, {
  "kecamatan" : "Tragah",
  "kelurahan" : "Soket Dajah",
  "kodepos" : "69165"
}, {
  "kecamatan" : "Tragah",
  "kelurahan" : "Pamorah",
  "kodepos" : "69165"
}, {
  "kecamatan" : "Tragah",
  "kelurahan" : "Pocong",
  "kodepos" : "69165"
}, {
  "kecamatan" : "Tragah",
  "kelurahan" : "Masaran",
  "kodepos" : "69165"
}, {
  "kecamatan" : "Tragah",
  "kelurahan" : "Pacangan",
  "kodepos" : "69165"
}, {
  "kecamatan" : "Tragah",
  "kelurahan" : "Keteleng",
  "kodepos" : "69165"
}, {
  "kecamatan" : "Tragah",
  "kelurahan" : "Kemoneng (Kemoning)",
  "kodepos" : "69165"
}, {
  "kecamatan" : "Tragah",
  "kelurahan" : "Jaddung",
  "kodepos" : "69165"
}, {
  "kecamatan" : "Tragah",
  "kelurahan" : "Karang Leman/Lemen",
  "kodepos" : "69165"
}, {
  "kecamatan" : "Tragah",
  "kelurahan" : "Jaah",
  "kodepos" : "69165"
}, {
  "kecamatan" : "Tragah",
  "kelurahan" : "Dukotambin",
  "kodepos" : "69165"
}, {
  "kecamatan" : "Tragah",
  "kelurahan" : "Banyu Beseh",
  "kodepos" : "69165"
}, {
  "kecamatan" : "Tragah",
  "kelurahan" : "Bancang",
  "kodepos" : "69165"
}, {
  "kecamatan" : "Tragah",
  "kelurahan" : "Bajeman",
  "kodepos" : "69165"
}, {
  "kecamatan" : "Tragah",
  "kelurahan" : "Alang Alang",
  "kodepos" : "69165"
}, {
  "kecamatan" : "Kwanyar",
  "kelurahan" : "Sumur Kuning (Somor Koneng)",
  "kodepos" : "69163"
}, {
  "kecamatan" : "Kwanyar",
  "kelurahan" : "Tebul",
  "kodepos" : "69163"
}, {
  "kecamatan" : "Labang",
  "kelurahan" : "Sukolilo Barat",
  "kodepos" : "69163"
}, {
  "kecamatan" : "Labang",
  "kelurahan" : "Sukolilo Timur",
  "kodepos" : "69163"
}, {
  "kecamatan" : "Labang",
  "kelurahan" : "Sendang Daya/Dajah",
  "kodepos" : "69163"
}, {
  "kecamatan" : "Labang",
  "kelurahan" : "Sendang Laok",
  "kodepos" : "69163"
}, {
  "kecamatan" : "Labang",
  "kelurahan" : "Petapan",
  "kodepos" : "69163"
}, {
  "kecamatan" : "Kwanyar",
  "kelurahan" : "Pasanggrahan (Pesanggrahan)",
  "kodepos" : "69163"
}, {
  "kecamatan" : "Labang",
  "kelurahan" : "Pangpong",
  "kodepos" : "69163"
}, {
  "kecamatan" : "Kwanyar",
  "kelurahan" : "Paoran",
  "kodepos" : "69163"
}, {
  "kecamatan" : "Kwanyar",
  "kelurahan" : "Pandanan",
  "kodepos" : "69163"
}, {
  "kecamatan" : "Labang",
  "kelurahan" : "Morkepek",
  "kodepos" : "69163"
}, {
  "kecamatan" : "Kwanyar",
  "kelurahan" : "Morombuh",
  "kodepos" : "69163"
}, {
  "kecamatan" : "Labang",
  "kelurahan" : "Labang",
  "kodepos" : "69163"
}, {
  "kecamatan" : "Kwanyar",
  "kelurahan" : "Ketetang",
  "kodepos" : "69163"
}, {
  "kecamatan" : "Kwanyar",
  "kelurahan" : "Kwanyar Barat",
  "kodepos" : "69163"
}, {
  "kecamatan" : "Labang",
  "kelurahan" : "Kesek",
  "kodepos" : "69163"
}, {
  "kecamatan" : "Kwanyar",
  "kelurahan" : "Karang Entang/Gentang",
  "kodepos" : "69163"
}, {
  "kecamatan" : "Labang",
  "kelurahan" : "Jukong",
  "kodepos" : "69163"
}, {
  "kecamatan" : "Kwanyar",
  "kelurahan" : "Karang Anyar",
  "kodepos" : "69163"
}, {
  "kecamatan" : "Kwanyar",
  "kelurahan" : "Gunong/Gunung Sereng",
  "kodepos" : "69163"
}, {
  "kecamatan" : "Kwanyar",
  "kelurahan" : "Janteh",
  "kodepos" : "69163"
}, {
  "kecamatan" : "Kwanyar",
  "kelurahan" : "Duwek Buter",
  "kodepos" : "69163"
}, {
  "kecamatan" : "Kwanyar",
  "kelurahan" : "Dlemer",
  "kodepos" : "69163"
}, {
  "kecamatan" : "Labang",
  "kelurahan" : "Bringin (Bringen)",
  "kodepos" : "69163"
}, {
  "kecamatan" : "Labang",
  "kelurahan" : "Bunajih",
  "kodepos" : "69163"
}, {
  "kecamatan" : "Kwanyar",
  "kelurahan" : "Batah Barat",
  "kodepos" : "69163"
}, {
  "kecamatan" : "Kwanyar",
  "kelurahan" : "Batah Timur",
  "kodepos" : "69163"
}, {
  "kecamatan" : "Labang",
  "kelurahan" : "Ba&#8217;engas",
  "kodepos" : "69163"
}, {
  "kecamatan" : "Kamal",
  "kelurahan" : "Tellang (Telang)",
  "kodepos" : "69162"
}, {
  "kecamatan" : "Kamal",
  "kelurahan" : "Tajungan",
  "kodepos" : "69162"
}, {
  "kecamatan" : "Kamal",
  "kelurahan" : "Tanjung Jati",
  "kodepos" : "69162"
}, {
  "kecamatan" : "Kamal",
  "kelurahan" : "Kebun",
  "kodepos" : "69162"
}, {
  "kecamatan" : "Kamal",
  "kelurahan" : "Pendabah (Pendebeh)",
  "kodepos" : "69162"
}, {
  "kecamatan" : "Kamal",
  "kelurahan" : "Gili Barat",
  "kodepos" : "69162"
}, {
  "kecamatan" : "Kamal",
  "kelurahan" : "Gili Timur",
  "kodepos" : "69162"
}, {
  "kecamatan" : "Kamal",
  "kelurahan" : "Kamal",
  "kodepos" : "69162"
}, {
  "kecamatan" : "Kamal",
  "kelurahan" : "Gili Anyar",
  "kodepos" : "69162"
}, {
  "kecamatan" : "Socah",
  "kelurahan" : "Socah",
  "kodepos" : "69161"
}, {
  "kecamatan" : "Kamal",
  "kelurahan" : "Binajuh (Banyu Ajuh)",
  "kodepos" : "69162"
}, {
  "kecamatan" : "Socah",
  "kelurahan" : "Petaonan",
  "kodepos" : "69161"
}, {
  "kecamatan" : "Socah",
  "kelurahan" : "Sanggra/Sanggar Agung",
  "kodepos" : "69161"
}, {
  "kecamatan" : "Socah",
  "kelurahan" : "Parseh",
  "kodepos" : "69161"
}, {
  "kecamatan" : "Socah",
  "kelurahan" : "Pernajuh",
  "kodepos" : "69161"
}, {
  "kecamatan" : "Socah",
  "kelurahan" : "Junganyar",
  "kodepos" : "69161"
}, {
  "kecamatan" : "Socah",
  "kelurahan" : "Keleyan",
  "kodepos" : "69161"
}, {
  "kecamatan" : "Socah",
  "kelurahan" : "Buluh",
  "kodepos" : "69161"
}, {
  "kecamatan" : "Socah",
  "kelurahan" : "Dakiring",
  "kodepos" : "69161"
}, {
  "kecamatan" : "Socah",
  "kelurahan" : "Jaddih",
  "kodepos" : "69161"
}, {
  "kecamatan" : "Socah",
  "kelurahan" : "Bilaporah",
  "kodepos" : "69161"
}, {
  "kecamatan" : "Tanjungbumi",
  "kelurahan" : "Tanjung Bumi",
  "kodepos" : "69156"
}, {
  "kecamatan" : "Tanjungbumi",
  "kelurahan" : "Telaga/Tlaga Biru",
  "kodepos" : "69156"
}, {
  "kecamatan" : "Tanjungbumi",
  "kelurahan" : "Tlangoh",
  "kodepos" : "69156"
}, {
  "kecamatan" : "Tanjungbumi",
  "kelurahan" : "Tambak Pocok",
  "kodepos" : "69156"
}, {
  "kecamatan" : "Tanjungbumi",
  "kelurahan" : "Planggiran",
  "kodepos" : "69156"
}, {
  "kecamatan" : "Tanjungbumi",
  "kelurahan" : "Tagungguh",
  "kodepos" : "69156"
}, {
  "kecamatan" : "Tanjungbumi",
  "kelurahan" : "Macajah",
  "kodepos" : "69156"
}, {
  "kecamatan" : "Tanjungbumi",
  "kelurahan" : "Paseseh",
  "kodepos" : "69156"
}, {
  "kecamatan" : "Tanjungbumi",
  "kelurahan" : "Bungkeng",
  "kodepos" : "69156"
}, {
  "kecamatan" : "Tanjungbumi",
  "kelurahan" : "Larangan Timur",
  "kodepos" : "69156"
}, {
  "kecamatan" : "Tanjungbumi",
  "kelurahan" : "Banyu Sangkah",
  "kodepos" : "69156"
}, {
  "kecamatan" : "Tanjungbumi",
  "kelurahan" : "Bumi Anyar",
  "kodepos" : "69156"
}, {
  "kecamatan" : "Tanjungbumi",
  "kelurahan" : "Aeng Tabar",
  "kodepos" : "69156"
}, {
  "kecamatan" : "Tanjungbumi",
  "kelurahan" : "Bandang Dayah",
  "kodepos" : "69156"
}, {
  "kecamatan" : "Kokop",
  "kelurahan" : "Tramok",
  "kodepos" : "69155"
}, {
  "kecamatan" : "Kokop",
  "kelurahan" : "Tlokoh",
  "kodepos" : "69155"
}, {
  "kecamatan" : "Kokop",
  "kelurahan" : "Mandung",
  "kodepos" : "69155"
}, {
  "kecamatan" : "Kokop",
  "kelurahan" : "Mano&#8217;an",
  "kodepos" : "69155"
}, {
  "kecamatan" : "Kokop",
  "kelurahan" : "Kokop",
  "kodepos" : "69155"
}, {
  "kecamatan" : "Kokop",
  "kelurahan" : "Lembung Gunung/Gunong",
  "kodepos" : "69155"
}, {
  "kecamatan" : "Kokop",
  "kelurahan" : "Durjan",
  "kodepos" : "69155"
}, {
  "kecamatan" : "Kokop",
  "kelurahan" : "Katol Timur",
  "kodepos" : "69155"
}, {
  "kecamatan" : "Kokop",
  "kelurahan" : "Batokorogan",
  "kodepos" : "69155"
}, {
  "kecamatan" : "Kokop",
  "kelurahan" : "Dupok",
  "kodepos" : "69155"
}, {
  "kecamatan" : "Kokop",
  "kelurahan" : "Bandang Laok",
  "kodepos" : "69155"
}, {
  "kecamatan" : "Kokop",
  "kelurahan" : "Amparaan",
  "kodepos" : "69155"
}, {
  "kecamatan" : "Kokop",
  "kelurahan" : "Banda Soleh",
  "kodepos" : "69155"
}, {
  "kecamatan" : "Sepulu",
  "kelurahan" : "Tanah Gurah Barat (Tanagura Barat)",
  "kodepos" : "69154"
}, {
  "kecamatan" : "Sepulu",
  "kelurahan" : "Tanah Gurah Temor (Tanagura Timur)",
  "kodepos" : "69154"
}, {
  "kecamatan" : "Sepulu",
  "kelurahan" : "Saplasah",
  "kodepos" : "69154"
}, {
  "kecamatan" : "Sepulu",
  "kelurahan" : "Sepulu",
  "kodepos" : "69154"
}, {
  "kecamatan" : "Sepulu",
  "kelurahan" : "Prancak",
  "kodepos" : "69154"
}, {
  "kecamatan" : "Sepulu",
  "kelurahan" : "Lembung Paseser",
  "kodepos" : "69154"
}, {
  "kecamatan" : "Sepulu",
  "kelurahan" : "Maneron",
  "kodepos" : "69154"
}, {
  "kecamatan" : "Sepulu",
  "kelurahan" : "Klapayan (Klapaian)",
  "kodepos" : "69154"
}, {
  "kecamatan" : "Sepulu",
  "kelurahan" : "Labuhan",
  "kodepos" : "69154"
}, {
  "kecamatan" : "Sepulu",
  "kelurahan" : "Kelbung",
  "kodepos" : "69154"
}, {
  "kecamatan" : "Sepulu",
  "kelurahan" : "Klabetan",
  "kodepos" : "69154"
}, {
  "kecamatan" : "Sepulu",
  "kelurahan" : "Gangseyan (Gengseyan)",
  "kodepos" : "69154"
}, {
  "kecamatan" : "Sepulu",
  "kelurahan" : "Gunelap (Genelap)",
  "kodepos" : "69154"
}, {
  "kecamatan" : "Sepulu",
  "kelurahan" : "Bangsereh",
  "kodepos" : "69154"
}, {
  "kecamatan" : "Sepulu",
  "kelurahan" : "Banyior",
  "kodepos" : "69154"
}, {
  "kecamatan" : "Klampis",
  "kelurahan" : "Tolbuk (Tolluk)",
  "kodepos" : "69153"
}, {
  "kecamatan" : "Klampis",
  "kelurahan" : "Trogan",
  "kodepos" : "69153"
}, {
  "kecamatan" : "Klampis",
  "kelurahan" : "Ra&#8217;as",
  "kodepos" : "69153"
}, {
  "kecamatan" : "Klampis",
  "kelurahan" : "Tenggun Daya",
  "kodepos" : "69153"
}, {
  "kecamatan" : "Klampis",
  "kelurahan" : "Tobaddung",
  "kodepos" : "69153"
}, {
  "kecamatan" : "Klampis",
  "kelurahan" : "Polongan",
  "kodepos" : "69153"
}, {
  "kecamatan" : "Klampis",
  "kelurahan" : "Muarah (Moarah)",
  "kodepos" : "69153"
}, {
  "kecamatan" : "Klampis",
  "kelurahan" : "Panyaksagan",
  "kodepos" : "69153"
}, {
  "kecamatan" : "Klampis",
  "kelurahan" : "Mrandung",
  "kodepos" : "69153"
}, {
  "kecamatan" : "Klampis",
  "kelurahan" : "Manonggal",
  "kodepos" : "69153"
}, {
  "kecamatan" : "Klampis",
  "kelurahan" : "Larangan Sorjan",
  "kodepos" : "69153"
}, {
  "kecamatan" : "Klampis",
  "kelurahan" : "Lergunong",
  "kodepos" : "69153"
}, {
  "kecamatan" : "Klampis",
  "kelurahan" : "Ko&#8217;ol",
  "kodepos" : "69153"
}, {
  "kecamatan" : "Klampis",
  "kelurahan" : "Larangan Glintong",
  "kodepos" : "69153"
}, {
  "kecamatan" : "Klampis",
  "kelurahan" : "Klampis Timur",
  "kodepos" : "69153"
}, {
  "kecamatan" : "Klampis",
  "kelurahan" : "Klampis Barat",
  "kodepos" : "69153"
}, {
  "kecamatan" : "Klampis",
  "kelurahan" : "Buluk Agung",
  "kodepos" : "69153"
}, {
  "kecamatan" : "Klampis",
  "kelurahan" : "Bulung",
  "kodepos" : "69153"
}, {
  "kecamatan" : "Klampis",
  "kelurahan" : "Karang Asem",
  "kodepos" : "69153"
}, {
  "kecamatan" : "Klampis",
  "kelurahan" : "Bator",
  "kodepos" : "69153"
}, {
  "kecamatan" : "Klampis",
  "kelurahan" : "Bragang",
  "kodepos" : "69153"
}, {
  "kecamatan" : "Klampis",
  "kelurahan" : "Bantean (Banteyan)",
  "kodepos" : "69153"
}, {
  "kecamatan" : "Geger",
  "kelurahan" : "Tagubang (Togubang)",
  "kodepos" : "69152"
}, {
  "kecamatan" : "Geger",
  "kelurahan" : "Tegerpriyah (Tegarpriyah)",
  "kodepos" : "69152"
}, {
  "kecamatan" : "Geger",
  "kelurahan" : "Kompol",
  "kodepos" : "69152"
}, {
  "kecamatan" : "Geger",
  "kelurahan" : "Lerpak",
  "kodepos" : "69152"
}, {
  "kecamatan" : "Geger",
  "kelurahan" : "Katol Barat",
  "kodepos" : "69152"
}, {
  "kecamatan" : "Geger",
  "kelurahan" : "Kombangan",
  "kodepos" : "69152"
}, {
  "kecamatan" : "Geger",
  "kelurahan" : "Kampak",
  "kodepos" : "69152"
}, {
  "kecamatan" : "Geger",
  "kelurahan" : "Geger",
  "kodepos" : "69152"
}, {
  "kecamatan" : "Geger",
  "kelurahan" : "Batobella (Batobelle)",
  "kodepos" : "69152"
}, {
  "kecamatan" : "Geger",
  "kelurahan" : "Campor",
  "kodepos" : "69152"
}, {
  "kecamatan" : "Geger",
  "kelurahan" : "Dabung (Debung)",
  "kodepos" : "69152"
}, {
  "kecamatan" : "Geger",
  "kelurahan" : "Banyoneng Laok (Bayoneng)",
  "kodepos" : "69152"
}, {
  "kecamatan" : "Geger",
  "kelurahan" : "Banyoneng Dajah (Bayoneng)",
  "kodepos" : "69152"
}, {
  "kecamatan" : "Arosbaya",
  "kelurahan" : "Tambegan",
  "kodepos" : "69151"
}, {
  "kecamatan" : "Arosbaya",
  "kelurahan" : "Tengket",
  "kodepos" : "69151"
}, {
  "kecamatan" : "Arosbaya",
  "kelurahan" : "Plakaran",
  "kodepos" : "69151"
}, {
  "kecamatan" : "Arosbaya",
  "kelurahan" : "Mangkon",
  "kodepos" : "69151"
}, {
  "kecamatan" : "Arosbaya",
  "kelurahan" : "Ombul",
  "kodepos" : "69151"
}, {
  "kecamatan" : "Arosbaya",
  "kelurahan" : "Pandan Lanjang",
  "kodepos" : "69151"
}, {
  "kecamatan" : "Arosbaya",
  "kelurahan" : "Lajing",
  "kodepos" : "69151"
}, {
  "kecamatan" : "Arosbaya",
  "kelurahan" : "Makam Agung",
  "kodepos" : "69151"
}, {
  "kecamatan" : "Arosbaya",
  "kelurahan" : "Karang Duwak",
  "kodepos" : "69151"
}, {
  "kecamatan" : "Arosbaya",
  "kelurahan" : "Karang Pao",
  "kodepos" : "69151"
}, {
  "kecamatan" : "Arosbaya",
  "kelurahan" : "Cendagah",
  "kodepos" : "69151"
}, {
  "kecamatan" : "Arosbaya",
  "kelurahan" : "Dlemer",
  "kodepos" : "69151"
}, {
  "kecamatan" : "Arosbaya",
  "kelurahan" : "Glagah (Glagga)",
  "kodepos" : "69151"
}, {
  "kecamatan" : "Arosbaya",
  "kelurahan" : "Berbeluk",
  "kodepos" : "69151"
}, {
  "kecamatan" : "Arosbaya",
  "kelurahan" : "Buduran",
  "kodepos" : "69151"
}, {
  "kecamatan" : "Arosbaya",
  "kelurahan" : "Balung",
  "kodepos" : "69151"
}, {
  "kecamatan" : "Arosbaya",
  "kelurahan" : "Batonaong",
  "kodepos" : "69151"
}, {
  "kecamatan" : "Arosbaya",
  "kelurahan" : "Arosbaya",
  "kodepos" : "69151"
}, {
  "kecamatan" : "Burneh",
  "kelurahan" : "Perreng",
  "kodepos" : "69121"
}, {
  "kecamatan" : "Burneh",
  "kelurahan" : "Sobih",
  "kodepos" : "69121"
}, {
  "kecamatan" : "Burneh",
  "kelurahan" : "Tonjung (Tunjung)",
  "kodepos" : "69121"
}, {
  "kecamatan" : "Burneh",
  "kelurahan" : "Pangolangan",
  "kodepos" : "69121"
}, {
  "kecamatan" : "Burneh",
  "kelurahan" : "Kapor",
  "kodepos" : "69121"
}, {
  "kecamatan" : "Burneh",
  "kelurahan" : "Langkap",
  "kodepos" : "69121"
}, {
  "kecamatan" : "Burneh",
  "kelurahan" : "Binoh",
  "kodepos" : "69121"
}, {
  "kecamatan" : "Burneh",
  "kelurahan" : "Burneh",
  "kodepos" : "69121"
}, {
  "kecamatan" : "Burneh",
  "kelurahan" : "Jambu",
  "kodepos" : "69121"
}, {
  "kecamatan" : "Burneh",
  "kelurahan" : "Arok",
  "kodepos" : "69121"
}, {
  "kecamatan" : "Burneh",
  "kelurahan" : "Benangkah",
  "kodepos" : "69121"
}, {
  "kecamatan" : "Burneh",
  "kelurahan" : "Alas Kembang",
  "kodepos" : "69121"
}, {
  "kecamatan" : "Bangkalan",
  "kelurahan" : "Kramat (Keramat)",
  "kodepos" : "69119"
}, {
  "kecamatan" : "Bangkalan",
  "kelurahan" : "Mertajasah (Martajasah)",
  "kodepos" : "69119"
}, {
  "kecamatan" : "Bangkalan",
  "kelurahan" : "Ujung Piring",
  "kodepos" : "69118"
}, {
  "kecamatan" : "Bangkalan",
  "kelurahan" : "Keraton",
  "kodepos" : "69119"
}, {
  "kecamatan" : "Bangkalan",
  "kelurahan" : "Mlajah",
  "kodepos" : "69116"
}, {
  "kecamatan" : "Bangkalan",
  "kelurahan" : "Sembilangan",
  "kodepos" : "69118"
}, {
  "kecamatan" : "Bangkalan",
  "kelurahan" : "Pangeranan",
  "kodepos" : "69115"
}, {
  "kecamatan" : "Bangkalan",
  "kelurahan" : "Kemayoran",
  "kodepos" : "69116"
}, {
  "kecamatan" : "Bangkalan",
  "kelurahan" : "Gebang",
  "kodepos" : "69114"
}, {
  "kecamatan" : "Bangkalan",
  "kelurahan" : "Demangan",
  "kodepos" : "69115"
}, {
  "kecamatan" : "Bangkalan",
  "kelurahan" : "Sabiyan",
  "kodepos" : "69113"
}, {
  "kecamatan" : "Bangkalan",
  "kelurahan" : "Pejagan (Pajagan)",
  "kodepos" : "69112"
}, {
  "kecamatan" : "Bangkalan",
  "kelurahan" : "Bancaran",
  "kodepos" : "69112"
} ]
