[ {
  "kecamatan" : "Pesanggaran",
  "kelurahan" : "Sumberagung",
  "kodepos" : "68488"
}, {
  "kecamatan" : "Pesanggaran",
  "kelurahan" : "Sumbermulyo",
  "kodepos" : "68488"
}, {
  "kecamatan" : "Siliragung",
  "kelurahan" : "Seneporejo",
  "kodepos" : "68488"
}, {
  "kecamatan" : "Siliragung",
  "kelurahan" : "Siliragung",
  "kodepos" : "68488"
}, {
  "kecamatan" : "Siliragung",
  "kelurahan" : "Kesilir",
  "kodepos" : "68488"
}, {
  "kecamatan" : "Pesanggaran",
  "kelurahan" : "Pesanggaran",
  "kodepos" : "68488"
}, {
  "kecamatan" : "Pesanggaran",
  "kelurahan" : "Sarongan",
  "kodepos" : "68488"
}, {
  "kecamatan" : "Pesanggaran",
  "kelurahan" : "Kandangan",
  "kodepos" : "68488"
}, {
  "kecamatan" : "Siliragung",
  "kelurahan" : "Barurejo",
  "kodepos" : "68488"
}, {
  "kecamatan" : "Siliragung",
  "kelurahan" : "Buluagung",
  "kodepos" : "68488"
}, {
  "kecamatan" : "Bangorejo",
  "kelurahan" : "Sukorejo",
  "kodepos" : "68487"
}, {
  "kecamatan" : "Bangorejo",
  "kelurahan" : "Temurejo",
  "kodepos" : "68487"
}, {
  "kecamatan" : "Bangorejo",
  "kelurahan" : "Sambimulyo",
  "kodepos" : "68487"
}, {
  "kecamatan" : "Bangorejo",
  "kelurahan" : "Sambirejo",
  "kodepos" : "68487"
}, {
  "kecamatan" : "Bangorejo",
  "kelurahan" : "Kebondalem",
  "kodepos" : "68487"
}, {
  "kecamatan" : "Bangorejo",
  "kelurahan" : "Ringintelu",
  "kodepos" : "68487"
}, {
  "kecamatan" : "Bangorejo",
  "kelurahan" : "Bangorejo",
  "kodepos" : "68487"
}, {
  "kecamatan" : "Gambiran",
  "kelurahan" : "Wringinrejo",
  "kodepos" : "68486"
}, {
  "kecamatan" : "Gambiran",
  "kelurahan" : "Yosomulyo",
  "kodepos" : "68486"
}, {
  "kecamatan" : "Gambiran",
  "kelurahan" : "Wringin Agung",
  "kodepos" : "68486"
}, {
  "kecamatan" : "Gambiran",
  "kelurahan" : "Purwodadi",
  "kodepos" : "68486"
}, {
  "kecamatan" : "Gambiran",
  "kelurahan" : "Jajag",
  "kodepos" : "68486"
}, {
  "kecamatan" : "Gambiran",
  "kelurahan" : "Gambiran",
  "kodepos" : "68486"
}, {
  "kecamatan" : "Tegalsari",
  "kelurahan" : "Tegalsari",
  "kodepos" : "68485"
}, {
  "kecamatan" : "Tegalsari",
  "kelurahan" : "Tegalrejo",
  "kodepos" : "68485"
}, {
  "kecamatan" : "Tegalsari",
  "kelurahan" : "Tamansari",
  "kodepos" : "68485"
}, {
  "kecamatan" : "Tegalsari",
  "kelurahan" : "Karangmulyo",
  "kodepos" : "68485"
}, {
  "kecamatan" : "Tegalsari",
  "kelurahan" : "Karangdoro",
  "kodepos" : "68485"
}, {
  "kecamatan" : "Tegalsari",
  "kelurahan" : "Dasri",
  "kodepos" : "68485"
}, {
  "kecamatan" : "Tegaldlimo",
  "kelurahan" : "Wringinpitu",
  "kodepos" : "68484"
}, {
  "kecamatan" : "Tegaldlimo",
  "kelurahan" : "Tegaldlimo",
  "kodepos" : "68484"
}, {
  "kecamatan" : "Tegaldlimo",
  "kelurahan" : "Purwoasri",
  "kodepos" : "68484"
}, {
  "kecamatan" : "Tegaldlimo",
  "kelurahan" : "Purwoagung",
  "kodepos" : "68484"
}, {
  "kecamatan" : "Tegaldlimo",
  "kelurahan" : "Kendalrejo",
  "kodepos" : "68484"
}, {
  "kecamatan" : "Tegaldlimo",
  "kelurahan" : "Kedungwungu",
  "kodepos" : "68484"
}, {
  "kecamatan" : "Tegaldlimo",
  "kelurahan" : "Kedunggebang",
  "kodepos" : "68484"
}, {
  "kecamatan" : "Tegaldlimo",
  "kelurahan" : "Kedungasri",
  "kodepos" : "68484"
}, {
  "kecamatan" : "Tegaldlimo",
  "kelurahan" : "Kalipait",
  "kodepos" : "68484"
}, {
  "kecamatan" : "Purwoharjo",
  "kelurahan" : "Sumberasri",
  "kodepos" : "68483"
}, {
  "kecamatan" : "Purwoharjo",
  "kelurahan" : "Sidorejo",
  "kodepos" : "68483"
}, {
  "kecamatan" : "Purwoharjo",
  "kelurahan" : "Purwoharjo",
  "kodepos" : "68483"
}, {
  "kecamatan" : "Purwoharjo",
  "kelurahan" : "Kradenan",
  "kodepos" : "68483"
}, {
  "kecamatan" : "Purwoharjo",
  "kelurahan" : "Karetan (Keretan)",
  "kodepos" : "68483"
}, {
  "kecamatan" : "Purwoharjo",
  "kelurahan" : "Grajagan",
  "kodepos" : "68483"
}, {
  "kecamatan" : "Purwoharjo",
  "kelurahan" : "Glagahagung",
  "kodepos" : "68483"
}, {
  "kecamatan" : "Purwoharjo",
  "kelurahan" : "Bulurejo",
  "kodepos" : "68483"
}, {
  "kecamatan" : "Cluring",
  "kelurahan" : "Tampo",
  "kodepos" : "68482"
}, {
  "kecamatan" : "Cluring",
  "kelurahan" : "Tamanagung",
  "kodepos" : "68482"
}, {
  "kecamatan" : "Cluring",
  "kelurahan" : "Sraten",
  "kodepos" : "68482"
}, {
  "kecamatan" : "Cluring",
  "kelurahan" : "Sembulung",
  "kodepos" : "68482"
}, {
  "kecamatan" : "Cluring",
  "kelurahan" : "Sarimulyo",
  "kodepos" : "68482"
}, {
  "kecamatan" : "Cluring",
  "kelurahan" : "Plampangrejo",
  "kodepos" : "68482"
}, {
  "kecamatan" : "Cluring",
  "kelurahan" : "Kaliploso",
  "kodepos" : "68482"
}, {
  "kecamatan" : "Cluring",
  "kelurahan" : "Cluring",
  "kodepos" : "68482"
}, {
  "kecamatan" : "Cluring",
  "kelurahan" : "Benculuk",
  "kodepos" : "68482"
}, {
  "kecamatan" : "Muncar",
  "kelurahan" : "Wringin Putih",
  "kodepos" : "68472"
}, {
  "kecamatan" : "Muncar",
  "kelurahan" : "Tembokrejo",
  "kodepos" : "68472"
}, {
  "kecamatan" : "Muncar",
  "kelurahan" : "Tapanrejo",
  "kodepos" : "68472"
}, {
  "kecamatan" : "Muncar",
  "kelurahan" : "Tambakrejo",
  "kodepos" : "68472"
}, {
  "kecamatan" : "Muncar",
  "kelurahan" : "Sumbersewu",
  "kodepos" : "68472"
}, {
  "kecamatan" : "Muncar",
  "kelurahan" : "Kumendung",
  "kodepos" : "68472"
}, {
  "kecamatan" : "Muncar",
  "kelurahan" : "Sumberberas",
  "kodepos" : "68472"
}, {
  "kecamatan" : "Muncar",
  "kelurahan" : "Kedungringin (Kedungpringin)",
  "kodepos" : "68472"
}, {
  "kecamatan" : "Muncar",
  "kelurahan" : "Kedungrejo",
  "kodepos" : "68472"
}, {
  "kecamatan" : "Muncar",
  "kelurahan" : "Blambangan",
  "kodepos" : "68472"
}, {
  "kecamatan" : "Srono",
  "kelurahan" : "Wonosobo",
  "kodepos" : "68471"
}, {
  "kecamatan" : "Srono",
  "kelurahan" : "Sukonatar",
  "kodepos" : "68471"
}, {
  "kecamatan" : "Srono",
  "kelurahan" : "Sumbersari",
  "kodepos" : "68471"
}, {
  "kecamatan" : "Srono",
  "kelurahan" : "Rejoagung",
  "kodepos" : "68471"
}, {
  "kecamatan" : "Srono",
  "kelurahan" : "Sukomaju",
  "kodepos" : "68471"
}, {
  "kecamatan" : "Srono",
  "kelurahan" : "Kepundungan",
  "kodepos" : "68471"
}, {
  "kecamatan" : "Srono",
  "kelurahan" : "Parijatah Kulon",
  "kodepos" : "68471"
}, {
  "kecamatan" : "Srono",
  "kelurahan" : "Parijatah Wetan",
  "kodepos" : "68471"
}, {
  "kecamatan" : "Srono",
  "kelurahan" : "Bagorejo",
  "kodepos" : "68471"
}, {
  "kecamatan" : "Srono",
  "kelurahan" : "Kebaman",
  "kodepos" : "68471"
}, {
  "kecamatan" : "Sempu",
  "kelurahan" : "Temuasri",
  "kodepos" : "68468"
}, {
  "kecamatan" : "Sempu",
  "kelurahan" : "Temuguruh",
  "kodepos" : "68468"
}, {
  "kecamatan" : "Sempu",
  "kelurahan" : "Sempu",
  "kodepos" : "68468"
}, {
  "kecamatan" : "Sempu",
  "kelurahan" : "Tegalarum",
  "kodepos" : "68468"
}, {
  "kecamatan" : "Sempu",
  "kelurahan" : "Jambewangi",
  "kodepos" : "68468"
}, {
  "kecamatan" : "Sempu",
  "kelurahan" : "Karangsari",
  "kodepos" : "68468"
}, {
  "kecamatan" : "Sempu",
  "kelurahan" : "Gendoh",
  "kodepos" : "68468"
}, {
  "kecamatan" : "Kalibaru",
  "kelurahan" : "Kebonrejo",
  "kodepos" : "68467"
}, {
  "kecamatan" : "Kalibaru",
  "kelurahan" : "Kalibaru Wetan",
  "kodepos" : "68467"
}, {
  "kecamatan" : "Kalibaru",
  "kelurahan" : "Kalibaru Manis",
  "kodepos" : "68467"
}, {
  "kecamatan" : "Kalibaru",
  "kelurahan" : "Kalibaru Kulon",
  "kodepos" : "68467"
}, {
  "kecamatan" : "Kalibaru",
  "kelurahan" : "Banyuanyar",
  "kodepos" : "68467"
}, {
  "kecamatan" : "Kalibaru",
  "kelurahan" : "Kajarharjo",
  "kodepos" : "68467"
}, {
  "kecamatan" : "Glenmore",
  "kelurahan" : "Tulungrejo",
  "kodepos" : "68466"
}, {
  "kecamatan" : "Glenmore",
  "kelurahan" : "Sumbergondo",
  "kodepos" : "68466"
}, {
  "kecamatan" : "Glenmore",
  "kelurahan" : "Tegalharjo",
  "kodepos" : "68466"
}, {
  "kecamatan" : "Glenmore",
  "kelurahan" : "Margomulyo",
  "kodepos" : "68466"
}, {
  "kecamatan" : "Glenmore",
  "kelurahan" : "Sepanjang",
  "kodepos" : "68466"
}, {
  "kecamatan" : "Glenmore",
  "kelurahan" : "Karangharjo",
  "kodepos" : "68466"
}, {
  "kecamatan" : "Glenmore",
  "kelurahan" : "Bumiharjo",
  "kodepos" : "68466"
}, {
  "kecamatan" : "Genteng",
  "kelurahan" : "Setail",
  "kodepos" : "68465"
}, {
  "kecamatan" : "Genteng",
  "kelurahan" : "Kembiritan",
  "kodepos" : "68465"
}, {
  "kecamatan" : "Genteng",
  "kelurahan" : "Genteng Wetan",
  "kodepos" : "68465"
}, {
  "kecamatan" : "Genteng",
  "kelurahan" : "Kaligondo",
  "kodepos" : "68465"
}, {
  "kecamatan" : "Genteng",
  "kelurahan" : "Genteng Kulon",
  "kodepos" : "68465"
}, {
  "kecamatan" : "Singojuruh",
  "kelurahan" : "Singolatren",
  "kodepos" : "68464"
}, {
  "kecamatan" : "Singojuruh",
  "kelurahan" : "Sumber Baru",
  "kodepos" : "68464"
}, {
  "kecamatan" : "Singojuruh",
  "kelurahan" : "Padang",
  "kodepos" : "68464"
}, {
  "kecamatan" : "Singojuruh",
  "kelurahan" : "Singojuruh",
  "kodepos" : "68464"
}, {
  "kecamatan" : "Singojuruh",
  "kelurahan" : "Kemiri",
  "kodepos" : "68464"
}, {
  "kecamatan" : "Singojuruh",
  "kelurahan" : "Lemahbang Kulon",
  "kodepos" : "68464"
}, {
  "kecamatan" : "Singojuruh",
  "kelurahan" : "Gumirih",
  "kodepos" : "68464"
}, {
  "kecamatan" : "Singojuruh",
  "kelurahan" : "Benelan Kidul",
  "kodepos" : "68464"
}, {
  "kecamatan" : "Singojuruh",
  "kelurahan" : "Cantuk",
  "kodepos" : "68464"
}, {
  "kecamatan" : "Singojuruh",
  "kelurahan" : "Gambor",
  "kodepos" : "68464"
}, {
  "kecamatan" : "Songgon",
  "kelurahan" : "Sumber Bulu",
  "kodepos" : "68463"
}, {
  "kecamatan" : "Singojuruh",
  "kelurahan" : "Alas Malang",
  "kodepos" : "68464"
}, {
  "kecamatan" : "Songgon",
  "kelurahan" : "Sumber Arum",
  "kodepos" : "68463"
}, {
  "kecamatan" : "Songgon",
  "kelurahan" : "Sragi",
  "kodepos" : "68463"
}, {
  "kecamatan" : "Songgon",
  "kelurahan" : "Songgon",
  "kodepos" : "68463"
}, {
  "kecamatan" : "Songgon",
  "kelurahan" : "Bedewang",
  "kodepos" : "68463"
}, {
  "kecamatan" : "Songgon",
  "kelurahan" : "Parangharjo",
  "kodepos" : "68463"
}, {
  "kecamatan" : "Songgon",
  "kelurahan" : "Bayu",
  "kodepos" : "68463"
}, {
  "kecamatan" : "Songgon",
  "kelurahan" : "Bangunsari",
  "kodepos" : "68463"
}, {
  "kecamatan" : "Songgon",
  "kelurahan" : "Balak",
  "kodepos" : "68463"
}, {
  "kecamatan" : "Rogojampi",
  "kelurahan" : "Rogojampi",
  "kodepos" : "68462"
}, {
  "kecamatan" : "Rogojampi",
  "kelurahan" : "Watu Kebo",
  "kodepos" : "68462"
}, {
  "kecamatan" : "Rogojampi",
  "kelurahan" : "Patoman",
  "kodepos" : "68462"
}, {
  "kecamatan" : "Rogojampi",
  "kelurahan" : "Pengantigan",
  "kodepos" : "68462"
}, {
  "kecamatan" : "Rogojampi",
  "kelurahan" : "Lemahbang Dewo",
  "kodepos" : "68462"
}, {
  "kecamatan" : "Rogojampi",
  "kelurahan" : "Mangir",
  "kodepos" : "68462"
}, {
  "kecamatan" : "Rogojampi",
  "kelurahan" : "Kedaleman",
  "kodepos" : "68462"
}, {
  "kecamatan" : "Rogojampi",
  "kelurahan" : "Karangrejo",
  "kodepos" : "68462"
}, {
  "kecamatan" : "Rogojampi",
  "kelurahan" : "Karang Bendo",
  "kodepos" : "68462"
}, {
  "kecamatan" : "Rogojampi",
  "kelurahan" : "Kaligung",
  "kodepos" : "68462"
}, {
  "kecamatan" : "Rogojampi",
  "kelurahan" : "Kaotan",
  "kodepos" : "68462"
}, {
  "kecamatan" : "Rogojampi",
  "kelurahan" : "Gitik",
  "kodepos" : "68462"
}, {
  "kecamatan" : "Rogojampi",
  "kelurahan" : "Gladag",
  "kodepos" : "68462"
}, {
  "kecamatan" : "Rogojampi",
  "kelurahan" : "Bubuk",
  "kodepos" : "68462"
}, {
  "kecamatan" : "Rogojampi",
  "kelurahan" : "Gintangan",
  "kodepos" : "68462"
}, {
  "kecamatan" : "Rogojampi",
  "kelurahan" : "Blimbing Sari",
  "kodepos" : "68462"
}, {
  "kecamatan" : "Rogojampi",
  "kelurahan" : "Bomo",
  "kodepos" : "68462"
}, {
  "kecamatan" : "Rogojampi",
  "kelurahan" : "Aliyan",
  "kodepos" : "68462"
}, {
  "kecamatan" : "Kabat",
  "kelurahan" : "Sukojati",
  "kodepos" : "68461"
}, {
  "kecamatan" : "Kabat",
  "kelurahan" : "Tambong",
  "kodepos" : "68461"
}, {
  "kecamatan" : "Kabat",
  "kelurahan" : "Pondoknongko",
  "kodepos" : "68461"
}, {
  "kecamatan" : "Kabat",
  "kelurahan" : "Pendarungan",
  "kodepos" : "68461"
}, {
  "kecamatan" : "Kabat",
  "kelurahan" : "Pakistaji",
  "kodepos" : "68461"
}, {
  "kecamatan" : "Kabat",
  "kelurahan" : "Macan Putih",
  "kodepos" : "68461"
}, {
  "kecamatan" : "Kabat",
  "kelurahan" : "Labanasem",
  "kodepos" : "68461"
}, {
  "kecamatan" : "Kabat",
  "kelurahan" : "Kedayunan",
  "kodepos" : "68461"
}, {
  "kecamatan" : "Kabat",
  "kelurahan" : "Kalirejo",
  "kodepos" : "68461"
}, {
  "kecamatan" : "Kabat",
  "kelurahan" : "Gombolirang",
  "kodepos" : "68461"
}, {
  "kecamatan" : "Kabat",
  "kelurahan" : "Kabat",
  "kodepos" : "68461"
}, {
  "kecamatan" : "Kabat",
  "kelurahan" : "Bunder",
  "kodepos" : "68461"
}, {
  "kecamatan" : "Kabat",
  "kelurahan" : "Dadapan",
  "kodepos" : "68461"
}, {
  "kecamatan" : "Kabat",
  "kelurahan" : "Bareng",
  "kodepos" : "68461"
}, {
  "kecamatan" : "Kabat",
  "kelurahan" : "Benelan Lor",
  "kodepos" : "68461"
}, {
  "kecamatan" : "Kabat",
  "kelurahan" : "Badean",
  "kodepos" : "68461"
}, {
  "kecamatan" : "Kalipuro",
  "kelurahan" : "Pesucen",
  "kodepos" : "68455"
}, {
  "kecamatan" : "Kalipuro",
  "kelurahan" : "Telemung",
  "kodepos" : "68455"
}, {
  "kecamatan" : "Kalipuro",
  "kelurahan" : "Kelir",
  "kodepos" : "68455"
}, {
  "kecamatan" : "Kalipuro",
  "kelurahan" : "Ketapang",
  "kodepos" : "68455"
}, {
  "kecamatan" : "Kalipuro",
  "kelurahan" : "Gombengsari",
  "kodepos" : "68455"
}, {
  "kecamatan" : "Kalipuro",
  "kelurahan" : "Kalipuro",
  "kodepos" : "68455"
}, {
  "kecamatan" : "Kalipuro",
  "kelurahan" : "Bulusari",
  "kodepos" : "68455"
}, {
  "kecamatan" : "Licin",
  "kelurahan" : "Tamansari",
  "kodepos" : "68454"
}, {
  "kecamatan" : "Kalipuro",
  "kelurahan" : "Bulusan",
  "kodepos" : "68455"
}, {
  "kecamatan" : "Licin",
  "kelurahan" : "Pakel",
  "kodepos" : "68454"
}, {
  "kecamatan" : "Licin",
  "kelurahan" : "Segobang",
  "kodepos" : "68454"
}, {
  "kecamatan" : "Licin",
  "kelurahan" : "Kluncing",
  "kodepos" : "68454"
}, {
  "kecamatan" : "Licin",
  "kelurahan" : "Licin",
  "kodepos" : "68454"
}, {
  "kecamatan" : "Licin",
  "kelurahan" : "Gumuk",
  "kodepos" : "68454"
}, {
  "kecamatan" : "Licin",
  "kelurahan" : "Jelun",
  "kodepos" : "68454"
}, {
  "kecamatan" : "Licin",
  "kelurahan" : "Banjar",
  "kodepos" : "68454"
}, {
  "kecamatan" : "Wongsorejo",
  "kelurahan" : "Watukebo",
  "kodepos" : "68453"
}, {
  "kecamatan" : "Wongsorejo",
  "kelurahan" : "Wongsorejo",
  "kodepos" : "68453"
}, {
  "kecamatan" : "Wongsorejo",
  "kelurahan" : "Wongsorejo",
  "kodepos" : "68453"
}, {
  "kecamatan" : "Wongsorejo",
  "kelurahan" : "Sumberanyar",
  "kodepos" : "68453"
}, {
  "kecamatan" : "Wongsorejo",
  "kelurahan" : "Sidowangi",
  "kodepos" : "68453"
}, {
  "kecamatan" : "Wongsorejo",
  "kelurahan" : "Sidodadi",
  "kodepos" : "68453"
}, {
  "kecamatan" : "Wongsorejo",
  "kelurahan" : "Bimorejo",
  "kodepos" : "68453"
}, {
  "kecamatan" : "Wongsorejo",
  "kelurahan" : "Bangsring",
  "kodepos" : "68453"
}, {
  "kecamatan" : "Wongsorejo",
  "kelurahan" : "Bengkak",
  "kodepos" : "68453"
}, {
  "kecamatan" : "Wongsorejo",
  "kelurahan" : "Bajulmati",
  "kodepos" : "68453"
}, {
  "kecamatan" : "Wongsorejo",
  "kelurahan" : "Alasrejo",
  "kodepos" : "68453"
}, {
  "kecamatan" : "Wongsorejo",
  "kelurahan" : "Alasbulu",
  "kodepos" : "68453"
}, {
  "kecamatan" : "Glagah",
  "kelurahan" : "Tamansuruh",
  "kodepos" : "68432"
}, {
  "kecamatan" : "Glagah",
  "kelurahan" : "Rejosari",
  "kodepos" : "68432"
}, {
  "kecamatan" : "Glagah",
  "kelurahan" : "Paspan",
  "kodepos" : "68432"
}, {
  "kecamatan" : "Glagah",
  "kelurahan" : "Olehsari",
  "kodepos" : "68432"
}, {
  "kecamatan" : "Glagah",
  "kelurahan" : "Kenjo",
  "kodepos" : "68432"
}, {
  "kecamatan" : "Glagah",
  "kelurahan" : "Kemiren",
  "kodepos" : "68432"
}, {
  "kecamatan" : "Glagah",
  "kelurahan" : "Kampunganyar",
  "kodepos" : "68432"
}, {
  "kecamatan" : "Glagah",
  "kelurahan" : "Glagah",
  "kodepos" : "68432"
}, {
  "kecamatan" : "Glagah",
  "kelurahan" : "Banjarsari",
  "kodepos" : "68432"
}, {
  "kecamatan" : "Glagah",
  "kelurahan" : "Bakungan",
  "kodepos" : "68431"
}, {
  "kecamatan" : "Giri",
  "kelurahan" : "Mojopanggung",
  "kodepos" : "68425"
}, {
  "kecamatan" : "Giri",
  "kelurahan" : "Jambesari",
  "kodepos" : "68425"
}, {
  "kecamatan" : "Giri",
  "kelurahan" : "Grogol",
  "kodepos" : "68425"
}, {
  "kecamatan" : "Giri",
  "kelurahan" : "Boyolangu",
  "kodepos" : "68424"
}, {
  "kecamatan" : "Giri",
  "kelurahan" : "Giri",
  "kodepos" : "68423"
}, {
  "kecamatan" : "Giri",
  "kelurahan" : "Penataban",
  "kodepos" : "68422"
}, {
  "kecamatan" : "Kalipuro",
  "kelurahan" : "Klatak",
  "kodepos" : "68421"
}, {
  "kecamatan" : "Banyuwangi",
  "kelurahan" : "Sumberrejo",
  "kodepos" : "68419"
}, {
  "kecamatan" : "Banyuwangi",
  "kelurahan" : "Pakis",
  "kodepos" : "68419"
}, {
  "kecamatan" : "Banyuwangi",
  "kelurahan" : "Kampung Mandar",
  "kodepos" : "68419"
}, {
  "kecamatan" : "Banyuwangi",
  "kelurahan" : "Sobo",
  "kodepos" : "68418"
}, {
  "kecamatan" : "Banyuwangi",
  "kelurahan" : "Kertosari",
  "kodepos" : "68418"
}, {
  "kecamatan" : "Banyuwangi",
  "kelurahan" : "Kebalenan",
  "kodepos" : "68417"
}, {
  "kecamatan" : "Banyuwangi",
  "kelurahan" : "Tukangkayu",
  "kodepos" : "68416"
}, {
  "kecamatan" : "Banyuwangi",
  "kelurahan" : "Tamanbaru",
  "kodepos" : "68416"
}, {
  "kecamatan" : "Banyuwangi",
  "kelurahan" : "Penganjuran",
  "kodepos" : "68416"
}, {
  "kecamatan" : "Banyuwangi",
  "kelurahan" : "Singonegaran",
  "kodepos" : "68415"
}, {
  "kecamatan" : "Banyuwangi",
  "kelurahan" : "Panderejo",
  "kodepos" : "68415"
}, {
  "kecamatan" : "Banyuwangi",
  "kelurahan" : "Singotrunan",
  "kodepos" : "68414"
}, {
  "kecamatan" : "Banyuwangi",
  "kelurahan" : "Pengantigan",
  "kodepos" : "68414"
}, {
  "kecamatan" : "Banyuwangi",
  "kelurahan" : "Lateng",
  "kodepos" : "68413"
}, {
  "kecamatan" : "Banyuwangi",
  "kelurahan" : "Temenggungan",
  "kodepos" : "68412"
}, {
  "kecamatan" : "Banyuwangi",
  "kelurahan" : "Kampung Melayu",
  "kodepos" : "68412"
}, {
  "kecamatan" : "Banyuwangi",
  "kelurahan" : "Kepatihan",
  "kodepos" : "68411"
}, {
  "kecamatan" : "Banyuwangi",
  "kelurahan" : "Karangrejo",
  "kodepos" : "68411"
} ]
