[ {
  "kecamatan" : "Banyuputih",
  "kelurahan" : "Sumberwaru",
  "kodepos" : "68374"
}, {
  "kecamatan" : "Banyuputih",
  "kelurahan" : "Wonorejo",
  "kodepos" : "68374"
}, {
  "kecamatan" : "Banyuputih",
  "kelurahan" : "Sumberanyar",
  "kodepos" : "68374"
}, {
  "kecamatan" : "Banyuputih",
  "kelurahan" : "Sumberejo",
  "kodepos" : "68374"
}, {
  "kecamatan" : "Banyuputih",
  "kelurahan" : "Banyu Putih",
  "kodepos" : "68374"
}, {
  "kecamatan" : "Asembagus",
  "kelurahan" : "Trigonco",
  "kodepos" : "68373"
}, {
  "kecamatan" : "Asembagus",
  "kelurahan" : "Wringin Anom",
  "kodepos" : "68373"
}, {
  "kecamatan" : "Asembagus",
  "kelurahan" : "Perante",
  "kodepos" : "68373"
}, {
  "kecamatan" : "Asembagus",
  "kelurahan" : "Kertosari",
  "kodepos" : "68373"
}, {
  "kecamatan" : "Asembagus",
  "kelurahan" : "Mojosari",
  "kodepos" : "68373"
}, {
  "kecamatan" : "Asembagus",
  "kelurahan" : "Kedonglo",
  "kodepos" : "68373"
}, {
  "kecamatan" : "Asembagus",
  "kelurahan" : "Awar-Awar",
  "kodepos" : "68373"
}, {
  "kecamatan" : "Asembagus",
  "kelurahan" : "Bantal",
  "kodepos" : "68373"
}, {
  "kecamatan" : "Asembagus",
  "kelurahan" : "Gudang",
  "kodepos" : "68373"
}, {
  "kecamatan" : "Asembagus",
  "kelurahan" : "Asembagus",
  "kodepos" : "68373"
}, {
  "kecamatan" : "Jangkar",
  "kelurahan" : "Sopet",
  "kodepos" : "68372"
}, {
  "kecamatan" : "Jangkar",
  "kelurahan" : "Pesanggrahan",
  "kodepos" : "68372"
}, {
  "kecamatan" : "Jangkar",
  "kelurahan" : "Palangan",
  "kodepos" : "68372"
}, {
  "kecamatan" : "Jangkar",
  "kelurahan" : "Kumbangsari",
  "kodepos" : "68372"
}, {
  "kecamatan" : "Jangkar",
  "kelurahan" : "Curah Kalak",
  "kodepos" : "68372"
}, {
  "kecamatan" : "Jangkar",
  "kelurahan" : "Gadingan",
  "kodepos" : "68372"
}, {
  "kecamatan" : "Jangkar",
  "kelurahan" : "Jangkar",
  "kodepos" : "68372"
}, {
  "kecamatan" : "Jangkar",
  "kelurahan" : "Agel",
  "kodepos" : "68372"
}, {
  "kecamatan" : "Arjasa",
  "kelurahan" : "Lamongan",
  "kodepos" : "68371"
}, {
  "kecamatan" : "Arjasa",
  "kelurahan" : "Kayu Mas",
  "kodepos" : "68371"
}, {
  "kecamatan" : "Arjasa",
  "kelurahan" : "Kedung Dowo",
  "kodepos" : "68371"
}, {
  "kecamatan" : "Arjasa",
  "kelurahan" : "Ketowan",
  "kodepos" : "68371"
}, {
  "kecamatan" : "Arjasa",
  "kelurahan" : "Curah Tatal",
  "kodepos" : "68371"
}, {
  "kecamatan" : "Arjasa",
  "kelurahan" : "Jatisari",
  "kodepos" : "68371"
}, {
  "kecamatan" : "Arjasa",
  "kelurahan" : "Arjasa",
  "kodepos" : "68371"
}, {
  "kecamatan" : "Arjasa",
  "kelurahan" : "Bayeman",
  "kodepos" : "68371"
}, {
  "kecamatan" : "Mangaran",
  "kelurahan" : "Trebungan",
  "kodepos" : "68363"
}, {
  "kecamatan" : "Mangaran",
  "kelurahan" : "Tanjung Pecinan",
  "kodepos" : "68363"
}, {
  "kecamatan" : "Mangaran",
  "kelurahan" : "Tanjung Glugur",
  "kodepos" : "68363"
}, {
  "kecamatan" : "Mangaran",
  "kelurahan" : "Tanjung Kamal",
  "kodepos" : "68363"
}, {
  "kecamatan" : "Mangaran",
  "kelurahan" : "Semiring",
  "kodepos" : "68363"
}, {
  "kecamatan" : "Mangaran",
  "kelurahan" : "Mangaran",
  "kodepos" : "68363"
}, {
  "kecamatan" : "Kapongan",
  "kelurahan" : "Seletreng",
  "kodepos" : "68362"
}, {
  "kecamatan" : "Kapongan",
  "kelurahan" : "Wonokoyo",
  "kodepos" : "68362"
}, {
  "kecamatan" : "Kapongan",
  "kelurahan" : "Poka&#8217;an",
  "kodepos" : "68362"
}, {
  "kecamatan" : "Kapongan",
  "kelurahan" : "Landangan",
  "kodepos" : "68362"
}, {
  "kecamatan" : "Kapongan",
  "kelurahan" : "Peleyan",
  "kodepos" : "68362"
}, {
  "kecamatan" : "Kapongan",
  "kelurahan" : "Kesambi Rampak",
  "kodepos" : "68362"
}, {
  "kecamatan" : "Kapongan",
  "kelurahan" : "Kapongan",
  "kodepos" : "68362"
}, {
  "kecamatan" : "Kapongan",
  "kelurahan" : "Gebangan",
  "kodepos" : "68362"
}, {
  "kecamatan" : "Kapongan",
  "kelurahan" : "Kandang",
  "kodepos" : "68362"
}, {
  "kecamatan" : "Kapongan",
  "kelurahan" : "Corak Cotok",
  "kodepos" : "68362"
}, {
  "kecamatan" : "Banyuglugur",
  "kelurahan" : "Tepos",
  "kodepos" : "68359"
}, {
  "kecamatan" : "Banyuglugur",
  "kelurahan" : "Telempong",
  "kodepos" : "68359"
}, {
  "kecamatan" : "Banyuglugur",
  "kelurahan" : "Selobanteng",
  "kodepos" : "68359"
}, {
  "kecamatan" : "Banyuglugur",
  "kelurahan" : "Kalisari",
  "kodepos" : "68359"
}, {
  "kecamatan" : "Banyuglugur",
  "kelurahan" : "Lubawang",
  "kodepos" : "68359"
}, {
  "kecamatan" : "Banyuglugur",
  "kelurahan" : "Kalianget",
  "kodepos" : "68359"
}, {
  "kecamatan" : "Banyuglugur",
  "kelurahan" : "Banyuglugur",
  "kodepos" : "68359"
}, {
  "kecamatan" : "Bungatan",
  "kelurahan" : "Selowogo",
  "kodepos" : "68358"
}, {
  "kecamatan" : "Bungatan",
  "kelurahan" : "Selowogo",
  "kodepos" : "68358"
}, {
  "kecamatan" : "Bungatan",
  "kelurahan" : "Patemon",
  "kodepos" : "68358"
}, {
  "kecamatan" : "Bungatan",
  "kelurahan" : "Mlandingan Wetan",
  "kodepos" : "68358"
}, {
  "kecamatan" : "Bungatan",
  "kelurahan" : "Pasir Putih",
  "kodepos" : "68358"
}, {
  "kecamatan" : "Bungatan",
  "kelurahan" : "Bletok",
  "kodepos" : "68358"
}, {
  "kecamatan" : "Bungatan",
  "kelurahan" : "Bungatan",
  "kodepos" : "68358"
}, {
  "kecamatan" : "Jatibanteng",
  "kelurahan" : "Sumberanyar",
  "kodepos" : "68357"
}, {
  "kecamatan" : "Jatibanteng",
  "kelurahan" : "Wringinanom",
  "kodepos" : "68357"
}, {
  "kecamatan" : "Jatibanteng",
  "kelurahan" : "Semambung",
  "kodepos" : "68357"
}, {
  "kecamatan" : "Jatibanteng",
  "kelurahan" : "Patemon",
  "kodepos" : "68357"
}, {
  "kecamatan" : "Jatibanteng",
  "kelurahan" : "Pategalan",
  "kodepos" : "68357"
}, {
  "kecamatan" : "Jatibanteng",
  "kelurahan" : "Jatibanteng",
  "kodepos" : "68357"
}, {
  "kecamatan" : "Jatibanteng",
  "kelurahan" : "Kembangsari",
  "kodepos" : "68357"
}, {
  "kecamatan" : "Jatibanteng",
  "kelurahan" : "Curah Suri",
  "kodepos" : "68357"
}, {
  "kecamatan" : "Besuki",
  "kelurahan" : "Widoro Payung",
  "kodepos" : "68356"
}, {
  "kecamatan" : "Besuki",
  "kelurahan" : "Sumberejo",
  "kodepos" : "68356"
}, {
  "kecamatan" : "Besuki",
  "kelurahan" : "Pesisir",
  "kodepos" : "68356"
}, {
  "kecamatan" : "Besuki",
  "kelurahan" : "Langkap",
  "kodepos" : "68356"
}, {
  "kecamatan" : "Besuki",
  "kelurahan" : "Jetis",
  "kodepos" : "68356"
}, {
  "kecamatan" : "Besuki",
  "kelurahan" : "Kalimas",
  "kodepos" : "68356"
}, {
  "kecamatan" : "Besuki",
  "kelurahan" : "Bloro",
  "kodepos" : "68356"
}, {
  "kecamatan" : "Besuki",
  "kelurahan" : "Demung",
  "kodepos" : "68356"
}, {
  "kecamatan" : "Besuki",
  "kelurahan" : "Blimbing",
  "kodepos" : "68356"
}, {
  "kecamatan" : "Besuki",
  "kelurahan" : "Besuki",
  "kodepos" : "68356"
}, {
  "kecamatan" : "Sumbermalang",
  "kelurahan" : "Tlogosari",
  "kodepos" : "68355"
}, {
  "kecamatan" : "Sumbermalang",
  "kelurahan" : "Tamankursi",
  "kodepos" : "68355"
}, {
  "kecamatan" : "Sumbermalang",
  "kelurahan" : "Taman Sari",
  "kodepos" : "68355"
}, {
  "kecamatan" : "Sumbermalang",
  "kelurahan" : "Sumberargo",
  "kodepos" : "68355"
}, {
  "kecamatan" : "Sumbermalang",
  "kelurahan" : "Taman",
  "kodepos" : "68355"
}, {
  "kecamatan" : "Sumbermalang",
  "kelurahan" : "Plalangan",
  "kodepos" : "68355"
}, {
  "kecamatan" : "Sumbermalang",
  "kelurahan" : "Kalirejo",
  "kodepos" : "68355"
}, {
  "kecamatan" : "Sumbermalang",
  "kelurahan" : "Alas Tengah",
  "kodepos" : "68355"
}, {
  "kecamatan" : "Sumbermalang",
  "kelurahan" : "Baderan",
  "kodepos" : "68355"
}, {
  "kecamatan" : "Suboh",
  "kelurahan" : "Mojo Dungkol",
  "kodepos" : "68354"
}, {
  "kecamatan" : "Suboh",
  "kelurahan" : "Suboh",
  "kodepos" : "68354"
}, {
  "kecamatan" : "Suboh",
  "kelurahan" : "Gunung Putri",
  "kodepos" : "68354"
}, {
  "kecamatan" : "Suboh",
  "kelurahan" : "Ketah",
  "kodepos" : "68354"
}, {
  "kecamatan" : "Suboh",
  "kelurahan" : "Gunung Malang",
  "kodepos" : "68354"
}, {
  "kecamatan" : "Suboh",
  "kelurahan" : "Dawuan",
  "kodepos" : "68354"
}, {
  "kecamatan" : "Suboh",
  "kelurahan" : "Cemara",
  "kodepos" : "68354"
}, {
  "kecamatan" : "Suboh",
  "kelurahan" : "Buduan",
  "kodepos" : "68354"
}, {
  "kecamatan" : "Mlandingan",
  "kelurahan" : "Sumber Anyar",
  "kodepos" : "68353"
}, {
  "kecamatan" : "Mlandingan",
  "kelurahan" : "Sumber Pinang",
  "kodepos" : "68353"
}, {
  "kecamatan" : "Mlandingan",
  "kelurahan" : "Trebungan",
  "kodepos" : "68353"
}, {
  "kecamatan" : "Mlandingan",
  "kelurahan" : "Selomukti",
  "kodepos" : "68353"
}, {
  "kecamatan" : "Mlandingan",
  "kelurahan" : "Campoan",
  "kodepos" : "68353"
}, {
  "kecamatan" : "Mlandingan",
  "kelurahan" : "Mlandingan Kulon",
  "kodepos" : "68353"
}, {
  "kecamatan" : "Mlandingan",
  "kelurahan" : "Alas Bayur",
  "kodepos" : "68353"
}, {
  "kecamatan" : "Kendit",
  "kelurahan" : "Tambak Ukir",
  "kodepos" : "68352"
}, {
  "kecamatan" : "Kendit",
  "kelurahan" : "Kukusan",
  "kodepos" : "68352"
}, {
  "kecamatan" : "Kendit",
  "kelurahan" : "Rajekwesi",
  "kodepos" : "68352"
}, {
  "kecamatan" : "Kendit",
  "kelurahan" : "Kendit",
  "kodepos" : "68352"
}, {
  "kecamatan" : "Kendit",
  "kelurahan" : "Klatakan",
  "kodepos" : "68352"
}, {
  "kecamatan" : "Kendit",
  "kelurahan" : "Balung",
  "kodepos" : "68352"
}, {
  "kecamatan" : "Kendit",
  "kelurahan" : "Bugeman",
  "kodepos" : "68352"
}, {
  "kecamatan" : "Panarukan",
  "kelurahan" : "Wringinanom",
  "kodepos" : "68351"
}, {
  "kecamatan" : "Panarukan",
  "kelurahan" : "Paowan",
  "kodepos" : "68351"
}, {
  "kecamatan" : "Panarukan",
  "kelurahan" : "Peleyan",
  "kodepos" : "68351"
}, {
  "kecamatan" : "Panarukan",
  "kelurahan" : "Sumber Kolak",
  "kodepos" : "68351"
}, {
  "kecamatan" : "Panarukan",
  "kelurahan" : "Gelung",
  "kodepos" : "68351"
}, {
  "kecamatan" : "Panarukan",
  "kelurahan" : "Kilensari",
  "kodepos" : "68351"
}, {
  "kecamatan" : "Panarukan",
  "kelurahan" : "Alas Malang",
  "kodepos" : "68351"
}, {
  "kecamatan" : "Panarukan",
  "kelurahan" : "Duwet",
  "kodepos" : "68351"
}, {
  "kecamatan" : "Panji",
  "kelurahan" : "Tenggir",
  "kodepos" : "68323"
}, {
  "kecamatan" : "Panji",
  "kelurahan" : "Tokelan",
  "kodepos" : "68323"
}, {
  "kecamatan" : "Panji",
  "kelurahan" : "Panji Lor",
  "kodepos" : "68323"
}, {
  "kecamatan" : "Panji",
  "kelurahan" : "Sliwung",
  "kodepos" : "68323"
}, {
  "kecamatan" : "Panji",
  "kelurahan" : "Klampokan",
  "kodepos" : "68323"
}, {
  "kecamatan" : "Panji",
  "kelurahan" : "Panji Kidul",
  "kodepos" : "68323"
}, {
  "kecamatan" : "Panji",
  "kelurahan" : "Curah Jeru",
  "kodepos" : "68323"
}, {
  "kecamatan" : "Panji",
  "kelurahan" : "Juglangan",
  "kodepos" : "68323"
}, {
  "kecamatan" : "Panji",
  "kelurahan" : "Kayu Putih",
  "kodepos" : "68323"
}, {
  "kecamatan" : "Panji",
  "kelurahan" : "Mimbaan",
  "kodepos" : "68322"
}, {
  "kecamatan" : "Panji",
  "kelurahan" : "Battal",
  "kodepos" : "68323"
}, {
  "kecamatan" : "Panji",
  "kelurahan" : "Ardirejo",
  "kodepos" : "68321"
}, {
  "kecamatan" : "Situbondo",
  "kelurahan" : "Olean",
  "kodepos" : "68316"
}, {
  "kecamatan" : "Situbondo",
  "kelurahan" : "Talkandang",
  "kodepos" : "68315"
}, {
  "kecamatan" : "Situbondo",
  "kelurahan" : "Kotakan",
  "kodepos" : "68313"
}, {
  "kecamatan" : "Situbondo",
  "kelurahan" : "Kalibagor",
  "kodepos" : "68314"
}, {
  "kecamatan" : "Situbondo",
  "kelurahan" : "Dawuhan",
  "kodepos" : "68311"
}, {
  "kecamatan" : "Situbondo",
  "kelurahan" : "Dawuhan",
  "kodepos" : "68311"
} ]
