[ {
  "kecamatan" : "Kunir",
  "kelurahan" : "Sukosari",
  "kodepos" : "67383"
}, {
  "kecamatan" : "Kunir",
  "kelurahan" : "Kunir Lor",
  "kodepos" : "67383"
}, {
  "kecamatan" : "Kunir",
  "kelurahan" : "Sukorejo",
  "kodepos" : "67383"
}, {
  "kecamatan" : "Kunir",
  "kelurahan" : "Kunir Kidul",
  "kodepos" : "67383"
}, {
  "kecamatan" : "Kunir",
  "kelurahan" : "Kedungmoro",
  "kodepos" : "67383"
}, {
  "kecamatan" : "Kunir",
  "kelurahan" : "Karanglo",
  "kodepos" : "67383"
}, {
  "kecamatan" : "Kunir",
  "kelurahan" : "Kabuaran",
  "kodepos" : "67383"
}, {
  "kecamatan" : "Kunir",
  "kelurahan" : "Jatirejo",
  "kodepos" : "67383"
}, {
  "kecamatan" : "Kunir",
  "kelurahan" : "Jatimulyo",
  "kodepos" : "67383"
}, {
  "kecamatan" : "Kunir",
  "kelurahan" : "Jatigono",
  "kodepos" : "67383"
}, {
  "kecamatan" : "Kunir",
  "kelurahan" : "Dorogowok",
  "kodepos" : "67383"
}, {
  "kecamatan" : "Yosowilangun",
  "kelurahan" : "Yosowilangun Lor",
  "kodepos" : "67382"
}, {
  "kecamatan" : "Yosowilangun",
  "kelurahan" : "Yosowilangun Kidul",
  "kodepos" : "67382"
}, {
  "kecamatan" : "Yosowilangun",
  "kelurahan" : "Wotgalih",
  "kodepos" : "67382"
}, {
  "kecamatan" : "Yosowilangun",
  "kelurahan" : "Tunjungrejo",
  "kodepos" : "67382"
}, {
  "kecamatan" : "Yosowilangun",
  "kelurahan" : "Munder",
  "kodepos" : "67382"
}, {
  "kecamatan" : "Yosowilangun",
  "kelurahan" : "Krai",
  "kodepos" : "67382"
}, {
  "kecamatan" : "Yosowilangun",
  "kelurahan" : "Kraton",
  "kodepos" : "67382"
}, {
  "kecamatan" : "Yosowilangun",
  "kelurahan" : "Kebonsari",
  "kodepos" : "67382"
}, {
  "kecamatan" : "Yosowilangun",
  "kelurahan" : "Karangrejo",
  "kodepos" : "67382"
}, {
  "kecamatan" : "Yosowilangun",
  "kelurahan" : "Karangayar",
  "kodepos" : "67382"
}, {
  "kecamatan" : "Yosowilangun",
  "kelurahan" : "Kalipepe",
  "kodepos" : "67382"
}, {
  "kecamatan" : "Yosowilangun",
  "kelurahan" : "Darungan",
  "kodepos" : "67382"
}, {
  "kecamatan" : "Tekung",
  "kelurahan" : "Wonosari",
  "kodepos" : "67381"
}, {
  "kecamatan" : "Tekung",
  "kelurahan" : "Wonokerto",
  "kodepos" : "67381"
}, {
  "kecamatan" : "Tekung",
  "kelurahan" : "Wonogriyo",
  "kodepos" : "67381"
}, {
  "kecamatan" : "Tekung",
  "kelurahan" : "Tekung",
  "kodepos" : "67381"
}, {
  "kecamatan" : "Tekung",
  "kelurahan" : "Tukum",
  "kodepos" : "67381"
}, {
  "kecamatan" : "Tekung",
  "kelurahan" : "Mangunsari",
  "kodepos" : "67381"
}, {
  "kecamatan" : "Tekung",
  "kelurahan" : "Klampokarum",
  "kodepos" : "67381"
}, {
  "kecamatan" : "Tekung",
  "kelurahan" : "Karangbendo",
  "kodepos" : "67381"
}, {
  "kecamatan" : "Tempursari",
  "kelurahan" : "Tempursari",
  "kodepos" : "67375"
}, {
  "kecamatan" : "Tempursari",
  "kelurahan" : "Tempurrejo",
  "kodepos" : "67375"
}, {
  "kecamatan" : "Tempursari",
  "kelurahan" : "Tegalrejo",
  "kodepos" : "67375"
}, {
  "kecamatan" : "Tempursari",
  "kelurahan" : "Purorejo",
  "kodepos" : "67375"
}, {
  "kecamatan" : "Tempursari",
  "kelurahan" : "Pundungsari",
  "kodepos" : "67375"
}, {
  "kecamatan" : "Tempursari",
  "kelurahan" : "Kaliuling",
  "kodepos" : "67375"
}, {
  "kecamatan" : "Tempursari",
  "kelurahan" : "Bulurejo",
  "kodepos" : "67375"
}, {
  "kecamatan" : "Pronojiwo",
  "kelurahan" : "Tamanayu",
  "kodepos" : "67374"
}, {
  "kecamatan" : "Pronojiwo",
  "kelurahan" : "Supiturang",
  "kodepos" : "67374"
}, {
  "kecamatan" : "Pronojiwo",
  "kelurahan" : "Sumberurip",
  "kodepos" : "67374"
}, {
  "kecamatan" : "Pronojiwo",
  "kelurahan" : "Sidomulyo",
  "kodepos" : "67374"
}, {
  "kecamatan" : "Pronojiwo",
  "kelurahan" : "Pronojiwo",
  "kodepos" : "67374"
}, {
  "kecamatan" : "Pronojiwo",
  "kelurahan" : "Oro Oro Ombo",
  "kodepos" : "67374"
}, {
  "kecamatan" : "Candipuro",
  "kelurahan" : "Tumpeng",
  "kodepos" : "67373"
}, {
  "kecamatan" : "Candipuro",
  "kelurahan" : "Sumberwuluh",
  "kodepos" : "67373"
}, {
  "kecamatan" : "Candipuro",
  "kelurahan" : "Tambahrejo",
  "kodepos" : "67373"
}, {
  "kecamatan" : "Candipuro",
  "kelurahan" : "Sumberrejo",
  "kodepos" : "67373"
}, {
  "kecamatan" : "Candipuro",
  "kelurahan" : "Sumbermujur",
  "kodepos" : "67373"
}, {
  "kecamatan" : "Candipuro",
  "kelurahan" : "Penanggal",
  "kodepos" : "67373"
}, {
  "kecamatan" : "Candipuro",
  "kelurahan" : "Jugosari",
  "kodepos" : "67373"
}, {
  "kecamatan" : "Candipuro",
  "kelurahan" : "Kloposawit",
  "kodepos" : "67373"
}, {
  "kecamatan" : "Candipuro",
  "kelurahan" : "Candipuro",
  "kodepos" : "67373"
}, {
  "kecamatan" : "Candipuro",
  "kelurahan" : "Jarit",
  "kodepos" : "67373"
}, {
  "kecamatan" : "Pasirian",
  "kelurahan" : "Sememu",
  "kodepos" : "67372"
}, {
  "kecamatan" : "Pasirian",
  "kelurahan" : "Selok Awar Awar",
  "kodepos" : "67372"
}, {
  "kecamatan" : "Pasirian",
  "kelurahan" : "Pasirian",
  "kodepos" : "67372"
}, {
  "kecamatan" : "Pasirian",
  "kelurahan" : "Selok Anyar",
  "kodepos" : "67372"
}, {
  "kecamatan" : "Pasirian",
  "kelurahan" : "Madurejo",
  "kodepos" : "67372"
}, {
  "kecamatan" : "Pasirian",
  "kelurahan" : "Nguter",
  "kodepos" : "67372"
}, {
  "kecamatan" : "Pasirian",
  "kelurahan" : "Kalibendo",
  "kodepos" : "67372"
}, {
  "kecamatan" : "Pasirian",
  "kelurahan" : "Condro",
  "kodepos" : "67372"
}, {
  "kecamatan" : "Pasirian",
  "kelurahan" : "Gondoruso",
  "kodepos" : "67372"
}, {
  "kecamatan" : "Pasirian",
  "kelurahan" : "Bago",
  "kodepos" : "67372"
}, {
  "kecamatan" : "Pasirian",
  "kelurahan" : "Bades",
  "kodepos" : "67372"
}, {
  "kecamatan" : "Tempeh",
  "kelurahan" : "Tempeh Lor",
  "kodepos" : "67371"
}, {
  "kecamatan" : "Tempeh",
  "kelurahan" : "Tempeh Tengah",
  "kodepos" : "67371"
}, {
  "kecamatan" : "Tempeh",
  "kelurahan" : "Sumberjati",
  "kodepos" : "67371"
}, {
  "kecamatan" : "Tempeh",
  "kelurahan" : "Tempeh Kidul",
  "kodepos" : "67371"
}, {
  "kecamatan" : "Tempeh",
  "kelurahan" : "Pandanarum",
  "kodepos" : "67371"
}, {
  "kecamatan" : "Tempeh",
  "kelurahan" : "Pandanwangi",
  "kodepos" : "67371"
}, {
  "kecamatan" : "Tempeh",
  "kelurahan" : "Pulo",
  "kodepos" : "67371"
}, {
  "kecamatan" : "Tempeh",
  "kelurahan" : "Lempeni",
  "kodepos" : "67371"
}, {
  "kecamatan" : "Tempeh",
  "kelurahan" : "Jokarto",
  "kodepos" : "67371"
}, {
  "kecamatan" : "Tempeh",
  "kelurahan" : "Kaliwungu",
  "kodepos" : "67371"
}, {
  "kecamatan" : "Tempeh",
  "kelurahan" : "Jatisari",
  "kodepos" : "67371"
}, {
  "kecamatan" : "Tempeh",
  "kelurahan" : "Gesang",
  "kodepos" : "67371"
}, {
  "kecamatan" : "Tempeh",
  "kelurahan" : "Besuk",
  "kodepos" : "67371"
}, {
  "kecamatan" : "Senduro",
  "kelurahan" : "Wonocepokoayu",
  "kodepos" : "67361"
}, {
  "kecamatan" : "Senduro",
  "kelurahan" : "Senduro",
  "kodepos" : "67361"
}, {
  "kecamatan" : "Pasrujambe/Pasujambe",
  "kelurahan" : "Sukorejo",
  "kodepos" : "67361"
}, {
  "kecamatan" : "Senduro",
  "kelurahan" : "Ranupani",
  "kodepos" : "67361"
}, {
  "kecamatan" : "Senduro",
  "kelurahan" : "Sarikemuning",
  "kodepos" : "67361"
}, {
  "kecamatan" : "Senduro",
  "kelurahan" : "Purworejo",
  "kodepos" : "67361"
}, {
  "kecamatan" : "Pasrujambe/Pasujambe",
  "kelurahan" : "Pasrujambe (Pasujambe)",
  "kodepos" : "67361"
}, {
  "kecamatan" : "Senduro",
  "kelurahan" : "Pandansari",
  "kodepos" : "67361"
}, {
  "kecamatan" : "Pasrujambe/Pasujambe",
  "kelurahan" : "Kertosari",
  "kodepos" : "67361"
}, {
  "kecamatan" : "Pasrujambe/Pasujambe",
  "kelurahan" : "Pagowan",
  "kodepos" : "67361"
}, {
  "kecamatan" : "Pasrujambe/Pasujambe",
  "kelurahan" : "Karanganom",
  "kodepos" : "67361"
}, {
  "kecamatan" : "Senduro",
  "kelurahan" : "Kandangtepus",
  "kodepos" : "67361"
}, {
  "kecamatan" : "Senduro",
  "kelurahan" : "Kandangan",
  "kodepos" : "67361"
}, {
  "kecamatan" : "Pasrujambe/Pasujambe",
  "kelurahan" : "Jambekumbu",
  "kodepos" : "67361"
}, {
  "kecamatan" : "Pasrujambe/Pasujambe",
  "kelurahan" : "Jambearum",
  "kodepos" : "67361"
}, {
  "kecamatan" : "Senduro",
  "kelurahan" : "Burno",
  "kodepos" : "67361"
}, {
  "kecamatan" : "Senduro",
  "kelurahan" : "Bedayu",
  "kodepos" : "67361"
}, {
  "kecamatan" : "Senduro",
  "kelurahan" : "Bedayutalang",
  "kodepos" : "67361"
}, {
  "kecamatan" : "Senduro",
  "kelurahan" : "Argosari",
  "kodepos" : "67361"
}, {
  "kecamatan" : "Rowokangkung",
  "kelurahan" : "Sumbersari",
  "kodepos" : "67359"
}, {
  "kecamatan" : "Rowokangkung",
  "kelurahan" : "Rowokangkung",
  "kodepos" : "67359"
}, {
  "kecamatan" : "Rowokangkung",
  "kelurahan" : "Sidorejo",
  "kodepos" : "67359"
}, {
  "kecamatan" : "Rowokangkung",
  "kelurahan" : "Sumberanyar",
  "kodepos" : "67359"
}, {
  "kecamatan" : "Rowokangkung",
  "kelurahan" : "Nogosari",
  "kodepos" : "67359"
}, {
  "kecamatan" : "Rowokangkung",
  "kelurahan" : "Dawuhan Wetan",
  "kodepos" : "67359"
}, {
  "kecamatan" : "Rowokangkung",
  "kelurahan" : "Kedungrejo",
  "kodepos" : "67359"
}, {
  "kecamatan" : "Kedungjajang",
  "kelurahan" : "Umbul",
  "kodepos" : "67358"
}, {
  "kecamatan" : "Kedungjajang",
  "kelurahan" : "Wonorejo",
  "kodepos" : "67358"
}, {
  "kecamatan" : "Kedungjajang",
  "kelurahan" : "Tempursari",
  "kodepos" : "67358"
}, {
  "kecamatan" : "Kedungjajang",
  "kelurahan" : "Sawaran Kulon",
  "kodepos" : "67358"
}, {
  "kecamatan" : "Kedungjajang",
  "kelurahan" : "Pandansari",
  "kodepos" : "67358"
}, {
  "kecamatan" : "Kedungjajang",
  "kelurahan" : "Krasak",
  "kodepos" : "67358"
}, {
  "kecamatan" : "Kedungjajang",
  "kelurahan" : "Jatisari",
  "kodepos" : "67358"
}, {
  "kecamatan" : "Kedungjajang",
  "kelurahan" : "Kedungjajang",
  "kodepos" : "67358"
}, {
  "kecamatan" : "Kedungjajang",
  "kelurahan" : "Curahpetung",
  "kodepos" : "67358"
}, {
  "kecamatan" : "Kedungjajang",
  "kelurahan" : "Grobogan",
  "kodepos" : "67358"
}, {
  "kecamatan" : "Kedungjajang",
  "kelurahan" : "Bence",
  "kodepos" : "67358"
}, {
  "kecamatan" : "Ranuyoso",
  "kelurahan" : "Wonoayu",
  "kodepos" : "67357"
}, {
  "kecamatan" : "Kedungjajang",
  "kelurahan" : "Bandaran",
  "kodepos" : "67358"
}, {
  "kecamatan" : "Ranuyoso",
  "kelurahan" : "Wates Kulon",
  "kodepos" : "67357"
}, {
  "kecamatan" : "Ranuyoso",
  "kelurahan" : "Wates Wetan",
  "kodepos" : "67357"
}, {
  "kecamatan" : "Ranuyoso",
  "kelurahan" : "Sumberpetung",
  "kodepos" : "67357"
}, {
  "kecamatan" : "Ranuyoso",
  "kelurahan" : "Tegalbangsri",
  "kodepos" : "67357"
}, {
  "kecamatan" : "Ranuyoso",
  "kelurahan" : "Ranubedali",
  "kodepos" : "67357"
}, {
  "kecamatan" : "Ranuyoso",
  "kelurahan" : "Ranuyoso",
  "kodepos" : "67357"
}, {
  "kecamatan" : "Ranuyoso",
  "kelurahan" : "Meninjo",
  "kodepos" : "67357"
}, {
  "kecamatan" : "Ranuyoso",
  "kelurahan" : "Penawungan",
  "kodepos" : "67357"
}, {
  "kecamatan" : "Ranuyoso",
  "kelurahan" : "Alun Alun",
  "kodepos" : "67357"
}, {
  "kecamatan" : "Ranuyoso",
  "kelurahan" : "Jenggrong",
  "kodepos" : "67357"
}, {
  "kecamatan" : "Klakah",
  "kelurahan" : "Tegalrandu",
  "kodepos" : "67356"
}, {
  "kecamatan" : "Klakah",
  "kelurahan" : "Tegalciut",
  "kodepos" : "67356"
}, {
  "kecamatan" : "Klakah",
  "kelurahan" : "Sruni",
  "kodepos" : "67356"
}, {
  "kecamatan" : "Klakah",
  "kelurahan" : "Sumberwringin",
  "kodepos" : "67356"
}, {
  "kecamatan" : "Klakah",
  "kelurahan" : "Sawaran Lor",
  "kodepos" : "67356"
}, {
  "kecamatan" : "Klakah",
  "kelurahan" : "Papringan",
  "kodepos" : "67356"
}, {
  "kecamatan" : "Klakah",
  "kelurahan" : "Ranupakis",
  "kodepos" : "67356"
}, {
  "kecamatan" : "Klakah",
  "kelurahan" : "Mlawang",
  "kodepos" : "67356"
}, {
  "kecamatan" : "Klakah",
  "kelurahan" : "Kebonan",
  "kodepos" : "67356"
}, {
  "kecamatan" : "Klakah",
  "kelurahan" : "Klakah",
  "kodepos" : "67356"
}, {
  "kecamatan" : "Klakah",
  "kelurahan" : "Kudus",
  "kodepos" : "67356"
}, {
  "kecamatan" : "Klakah",
  "kelurahan" : "Duren",
  "kodepos" : "67356"
}, {
  "kecamatan" : "Jatiroto",
  "kelurahan" : "Sukosari",
  "kodepos" : "67355"
}, {
  "kecamatan" : "Jatiroto",
  "kelurahan" : "Rojopolo",
  "kodepos" : "67355"
}, {
  "kecamatan" : "Jatiroto",
  "kelurahan" : "Kaliboto Kidul",
  "kodepos" : "67355"
}, {
  "kecamatan" : "Jatiroto",
  "kelurahan" : "Kaliboto Lor",
  "kodepos" : "67355"
}, {
  "kecamatan" : "Jatiroto",
  "kelurahan" : "Banyuputih Kidul",
  "kodepos" : "67355"
}, {
  "kecamatan" : "Jatiroto",
  "kelurahan" : "Jatiroto",
  "kodepos" : "67355"
}, {
  "kecamatan" : "Randuagung",
  "kelurahan" : "Salak",
  "kodepos" : "67354"
}, {
  "kecamatan" : "Randuagung",
  "kelurahan" : "Tunjung",
  "kodepos" : "67354"
}, {
  "kecamatan" : "Randuagung",
  "kelurahan" : "Ranulogong",
  "kodepos" : "67354"
}, {
  "kecamatan" : "Randuagung",
  "kelurahan" : "Ranuwurung",
  "kodepos" : "67354"
}, {
  "kecamatan" : "Randuagung",
  "kelurahan" : "Pejarakan",
  "kodepos" : "67354"
}, {
  "kecamatan" : "Randuagung",
  "kelurahan" : "Randuagung",
  "kodepos" : "67354"
}, {
  "kecamatan" : "Randuagung",
  "kelurahan" : "Kalipenggung",
  "kodepos" : "67354"
}, {
  "kecamatan" : "Randuagung",
  "kelurahan" : "Ledoktempuro",
  "kodepos" : "67354"
}, {
  "kecamatan" : "Randuagung",
  "kelurahan" : "Gedangmas",
  "kodepos" : "67354"
}, {
  "kecamatan" : "Randuagung",
  "kelurahan" : "Kalidilem",
  "kodepos" : "67354"
}, {
  "kecamatan" : "Randuagung",
  "kelurahan" : "Buwek",
  "kodepos" : "67354"
}, {
  "kecamatan" : "Gucialit",
  "kelurahan" : "Wonokerto",
  "kodepos" : "67353"
}, {
  "kecamatan" : "Randuagung",
  "kelurahan" : "Banyuputih Lor",
  "kodepos" : "67354"
}, {
  "kecamatan" : "Gucialit",
  "kelurahan" : "Sombo",
  "kodepos" : "67353"
}, {
  "kecamatan" : "Gucialit",
  "kelurahan" : "Tunjung",
  "kodepos" : "67353"
}, {
  "kecamatan" : "Gucialit",
  "kelurahan" : "Kertowono",
  "kodepos" : "67353"
}, {
  "kecamatan" : "Gucialit",
  "kelurahan" : "Pakel",
  "kodepos" : "67353"
}, {
  "kecamatan" : "Gucialit",
  "kelurahan" : "Kenongo",
  "kodepos" : "67353"
}, {
  "kecamatan" : "Gucialit",
  "kelurahan" : "Gucialit",
  "kodepos" : "67353"
}, {
  "kecamatan" : "Gucialit",
  "kelurahan" : "Jeruk",
  "kodepos" : "67353"
}, {
  "kecamatan" : "Gucialit",
  "kelurahan" : "Dadapan",
  "kodepos" : "67353"
}, {
  "kecamatan" : "Sukodono",
  "kelurahan" : "Uranggantung",
  "kodepos" : "67352"
}, {
  "kecamatan" : "Padang",
  "kelurahan" : "Tanggung",
  "kodepos" : "67352"
}, {
  "kecamatan" : "Sukodono",
  "kelurahan" : "Selokgondang",
  "kodepos" : "67352"
}, {
  "kecamatan" : "Sukodono",
  "kelurahan" : "Sumberejo",
  "kodepos" : "67352"
}, {
  "kecamatan" : "Sukodono",
  "kelurahan" : "Selokbesuki",
  "kodepos" : "67352"
}, {
  "kecamatan" : "Padang",
  "kelurahan" : "Padang",
  "kodepos" : "67352"
}, {
  "kecamatan" : "Sukodono",
  "kelurahan" : "Kutorenon",
  "kodepos" : "67352"
}, {
  "kecamatan" : "Padang",
  "kelurahan" : "Merakan",
  "kodepos" : "67352"
}, {
  "kecamatan" : "Padang",
  "kelurahan" : "Mojo",
  "kodepos" : "67352"
}, {
  "kecamatan" : "Sukodono",
  "kelurahan" : "Klanting",
  "kodepos" : "67352"
}, {
  "kecamatan" : "Padang",
  "kelurahan" : "Kedawung",
  "kodepos" : "67352"
}, {
  "kecamatan" : "Sukodono",
  "kelurahan" : "Kebonagung",
  "kodepos" : "67352"
}, {
  "kecamatan" : "Sukodono",
  "kelurahan" : "Karangsari",
  "kodepos" : "67352"
}, {
  "kecamatan" : "Padang",
  "kelurahan" : "Kalisemut",
  "kodepos" : "67352"
}, {
  "kecamatan" : "Sukodono",
  "kelurahan" : "Bondoyudo",
  "kodepos" : "67352"
}, {
  "kecamatan" : "Sukodono",
  "kelurahan" : "Dawuhan Lor",
  "kodepos" : "67352"
}, {
  "kecamatan" : "Padang",
  "kelurahan" : "Barat",
  "kodepos" : "67352"
}, {
  "kecamatan" : "Padang",
  "kelurahan" : "Bodang",
  "kodepos" : "67352"
}, {
  "kecamatan" : "Sumbersuko",
  "kelurahan" : "Sumbersuko",
  "kodepos" : "67316"
}, {
  "kecamatan" : "Padang",
  "kelurahan" : "Babakan",
  "kodepos" : "67352"
}, {
  "kecamatan" : "Sumbersuko",
  "kelurahan" : "Sentul",
  "kodepos" : "67316"
}, {
  "kecamatan" : "Lumajang",
  "kelurahan" : "Rogotrunan",
  "kodepos" : "67316"
}, {
  "kecamatan" : "Sumbersuko",
  "kelurahan" : "Purwosono",
  "kodepos" : "67316"
}, {
  "kecamatan" : "Sumbersuko",
  "kelurahan" : "Petahunan",
  "kodepos" : "67316"
}, {
  "kecamatan" : "Lumajang",
  "kelurahan" : "Labruk Lor",
  "kodepos" : "67316"
}, {
  "kecamatan" : "Sumbersuko",
  "kelurahan" : "Mojosari",
  "kodepos" : "67316"
}, {
  "kecamatan" : "Lumajang",
  "kelurahan" : "Kepuharjo",
  "kodepos" : "67316"
}, {
  "kecamatan" : "Sumbersuko",
  "kelurahan" : "Labruk Kidul",
  "kodepos" : "67316"
}, {
  "kecamatan" : "Sumbersuko",
  "kelurahan" : "Grati",
  "kodepos" : "67316"
}, {
  "kecamatan" : "Sumbersuko",
  "kelurahan" : "Kebonsari",
  "kodepos" : "67316"
}, {
  "kecamatan" : "Lumajang",
  "kelurahan" : "Boreng",
  "kodepos" : "67316"
}, {
  "kecamatan" : "Lumajang",
  "kelurahan" : "Denok",
  "kodepos" : "67316"
}, {
  "kecamatan" : "Lumajang",
  "kelurahan" : "Banjarwaru",
  "kodepos" : "67316"
}, {
  "kecamatan" : "Lumajang",
  "kelurahan" : "Blukon",
  "kodepos" : "67316"
}, {
  "kecamatan" : "Lumajang",
  "kelurahan" : "Jogotrunan",
  "kodepos" : "67314"
}, {
  "kecamatan" : "Lumajang",
  "kelurahan" : "Jogoyudan",
  "kodepos" : "67315"
}, {
  "kecamatan" : "Lumajang",
  "kelurahan" : "Citrodiwangsan",
  "kodepos" : "67312"
}, {
  "kecamatan" : "Lumajang",
  "kelurahan" : "Ditotrunan",
  "kodepos" : "67313"
}, {
  "kecamatan" : "Lumajang",
  "kelurahan" : "Tompokersan",
  "kodepos" : "67311"
} ]
