[ {
  "kecamatan" : "Kota Anyar",
  "kelurahan" : "Tambakukir",
  "kodepos" : "67293"
}, {
  "kecamatan" : "Kota Anyar",
  "kelurahan" : "Triwungan",
  "kodepos" : "67293"
}, {
  "kecamatan" : "Kota Anyar",
  "kelurahan" : "Sukorejo",
  "kodepos" : "67293"
}, {
  "kecamatan" : "Kota Anyar",
  "kelurahan" : "Sumbercentang (Sumbercenteng)",
  "kodepos" : "67293"
}, {
  "kecamatan" : "Kota Anyar",
  "kelurahan" : "Talkadang",
  "kodepos" : "67293"
}, {
  "kecamatan" : "Kota Anyar",
  "kelurahan" : "Sidorejo",
  "kodepos" : "67293"
}, {
  "kecamatan" : "Kota Anyar",
  "kelurahan" : "Sambirampak Lor",
  "kodepos" : "67293"
}, {
  "kecamatan" : "Kota Anyar",
  "kelurahan" : "Sidomulyo",
  "kodepos" : "67293"
}, {
  "kecamatan" : "Kota Anyar",
  "kelurahan" : "Kota Anyar",
  "kodepos" : "67293"
}, {
  "kecamatan" : "Kota Anyar",
  "kelurahan" : "Pasembon",
  "kodepos" : "67293"
}, {
  "kecamatan" : "Kota Anyar",
  "kelurahan" : "Sambirampak Kidul",
  "kodepos" : "67293"
}, {
  "kecamatan" : "Kota Anyar",
  "kelurahan" : "Curahtemu",
  "kodepos" : "67293"
}, {
  "kecamatan" : "Kota Anyar",
  "kelurahan" : "Kedungrejoso",
  "kodepos" : "67293"
}, {
  "kecamatan" : "Gading",
  "kelurahan" : "Wangkal",
  "kodepos" : "67292"
}, {
  "kecamatan" : "Pakuniran",
  "kelurahan" : "Sumber Kembar",
  "kodepos" : "67292"
}, {
  "kecamatan" : "Gading",
  "kelurahan" : "Sumbersecang",
  "kodepos" : "67292"
}, {
  "kecamatan" : "Pakuniran",
  "kelurahan" : "Sogaan",
  "kodepos" : "67292"
}, {
  "kecamatan" : "Gading",
  "kelurahan" : "Sentul",
  "kodepos" : "67292"
}, {
  "kecamatan" : "Pakuniran",
  "kelurahan" : "Ranon",
  "kodepos" : "67292"
}, {
  "kecamatan" : "Gading",
  "kelurahan" : "Ranuwurung",
  "kodepos" : "67292"
}, {
  "kecamatan" : "Gading",
  "kelurahan" : "Renteng",
  "kodepos" : "67292"
}, {
  "kecamatan" : "Pakuniran",
  "kelurahan" : "Patemon Kulon",
  "kodepos" : "67292"
}, {
  "kecamatan" : "Gading",
  "kelurahan" : "Prasi",
  "kodepos" : "67292"
}, {
  "kecamatan" : "Pakuniran",
  "kelurahan" : "Pakuniran",
  "kodepos" : "67292"
}, {
  "kecamatan" : "Gading",
  "kelurahan" : "Nogosaren",
  "kodepos" : "67292"
}, {
  "kecamatan" : "Gading",
  "kelurahan" : "Mojolegi",
  "kodepos" : "67292"
}, {
  "kecamatan" : "Pakuniran",
  "kelurahan" : "Kertonegoro",
  "kodepos" : "67292"
}, {
  "kecamatan" : "Gading",
  "kelurahan" : "Kertosono",
  "kodepos" : "67292"
}, {
  "kecamatan" : "Pakuniran",
  "kelurahan" : "Kedungsumur",
  "kodepos" : "67292"
}, {
  "kecamatan" : "Gading",
  "kelurahan" : "Keben",
  "kodepos" : "67292"
}, {
  "kecamatan" : "Pakuniran",
  "kelurahan" : "Kalidandan",
  "kodepos" : "67292"
}, {
  "kecamatan" : "Gading",
  "kelurahan" : "Kaliacar",
  "kodepos" : "67292"
}, {
  "kecamatan" : "Pakuniran",
  "kelurahan" : "Gunggungan Kidul",
  "kodepos" : "67292"
}, {
  "kecamatan" : "Pakuniran",
  "kelurahan" : "Gunggungan Lor",
  "kodepos" : "67292"
}, {
  "kecamatan" : "Gading",
  "kelurahan" : "Jurangjero",
  "kodepos" : "67292"
}, {
  "kecamatan" : "Pakuniran",
  "kelurahan" : "Glagah",
  "kodepos" : "67292"
}, {
  "kecamatan" : "Pakuniran",
  "kelurahan" : "Gondosuli",
  "kodepos" : "67292"
}, {
  "kecamatan" : "Gading",
  "kelurahan" : "Duren",
  "kodepos" : "67292"
}, {
  "kecamatan" : "Gading",
  "kelurahan" : "Gading Wetan",
  "kodepos" : "67292"
}, {
  "kecamatan" : "Gading",
  "kelurahan" : "Condong",
  "kodepos" : "67292"
}, {
  "kecamatan" : "Gading",
  "kelurahan" : "Dandang",
  "kodepos" : "67292"
}, {
  "kecamatan" : "Pakuniran",
  "kelurahan" : "Bucor Kulon",
  "kodepos" : "67292"
}, {
  "kecamatan" : "Gading",
  "kelurahan" : "Bulupandak",
  "kodepos" : "67292"
}, {
  "kecamatan" : "Pakuniran",
  "kelurahan" : "Bucor Wetan",
  "kodepos" : "67292"
}, {
  "kecamatan" : "Pakuniran",
  "kelurahan" : "Bimo",
  "kodepos" : "67292"
}, {
  "kecamatan" : "Pakuniran",
  "kelurahan" : "Blimbing",
  "kodepos" : "67292"
}, {
  "kecamatan" : "Gading",
  "kelurahan" : "Batektaman (Betektaman)",
  "kodepos" : "67292"
}, {
  "kecamatan" : "Gading",
  "kelurahan" : "Batur",
  "kodepos" : "67292"
}, {
  "kecamatan" : "Paiton",
  "kelurahan" : "Taman",
  "kodepos" : "67291"
}, {
  "kecamatan" : "Pakuniran",
  "kelurahan" : "Alas Pandan",
  "kodepos" : "67292"
}, {
  "kecamatan" : "Paiton",
  "kelurahan" : "Sumberanyar",
  "kodepos" : "67291"
}, {
  "kecamatan" : "Paiton",
  "kelurahan" : "Sumberejo",
  "kodepos" : "67291"
}, {
  "kecamatan" : "Paiton",
  "kelurahan" : "Sidodadi",
  "kodepos" : "67291"
}, {
  "kecamatan" : "Paiton",
  "kelurahan" : "Sukodadi",
  "kodepos" : "67291"
}, {
  "kecamatan" : "Paiton",
  "kelurahan" : "Pondok Kelor",
  "kodepos" : "67291"
}, {
  "kecamatan" : "Paiton",
  "kelurahan" : "Randu Merak",
  "kodepos" : "67291"
}, {
  "kecamatan" : "Paiton",
  "kelurahan" : "Randu Tatah",
  "kodepos" : "67291"
}, {
  "kecamatan" : "Paiton",
  "kelurahan" : "Patunjungan",
  "kodepos" : "67291"
}, {
  "kecamatan" : "Paiton",
  "kelurahan" : "Plampang",
  "kodepos" : "67291"
}, {
  "kecamatan" : "Paiton",
  "kelurahan" : "Paiton",
  "kodepos" : "67291"
}, {
  "kecamatan" : "Paiton",
  "kelurahan" : "Pandean",
  "kodepos" : "67291"
}, {
  "kecamatan" : "Paiton",
  "kelurahan" : "Karanganyar",
  "kodepos" : "67291"
}, {
  "kecamatan" : "Paiton",
  "kelurahan" : "Kalikajar Kulon",
  "kodepos" : "67291"
}, {
  "kecamatan" : "Paiton",
  "kelurahan" : "Kalikajar Wetan",
  "kodepos" : "67291"
}, {
  "kecamatan" : "Paiton",
  "kelurahan" : "Jabung Candi",
  "kodepos" : "67291"
}, {
  "kecamatan" : "Paiton",
  "kelurahan" : "Jabung Sisir",
  "kodepos" : "67291"
}, {
  "kecamatan" : "Paiton",
  "kelurahan" : "Jabung Wetan",
  "kodepos" : "67291"
}, {
  "kecamatan" : "Paiton",
  "kelurahan" : "Alas Tengah",
  "kodepos" : "67291"
}, {
  "kecamatan" : "Paiton",
  "kelurahan" : "Bhinar",
  "kodepos" : "67291"
}, {
  "kecamatan" : "Krucil",
  "kelurahan" : "Tambelang",
  "kodepos" : "67288"
}, {
  "kecamatan" : "Krucil",
  "kelurahan" : "Watupanjang",
  "kodepos" : "67288"
}, {
  "kecamatan" : "Krucil",
  "kelurahan" : "Seneng",
  "kodepos" : "67288"
}, {
  "kecamatan" : "Krucil",
  "kelurahan" : "Sumber Duren",
  "kodepos" : "67288"
}, {
  "kecamatan" : "Krucil",
  "kelurahan" : "Pandanlaras",
  "kodepos" : "67288"
}, {
  "kecamatan" : "Krucil",
  "kelurahan" : "Plaosan",
  "kodepos" : "67288"
}, {
  "kecamatan" : "Krucil",
  "kelurahan" : "Roto",
  "kodepos" : "67288"
}, {
  "kecamatan" : "Krucil",
  "kelurahan" : "Krobongan (Krobungan)",
  "kodepos" : "67288"
}, {
  "kecamatan" : "Krucil",
  "kelurahan" : "Krucil",
  "kodepos" : "67288"
}, {
  "kecamatan" : "Krucil",
  "kelurahan" : "Kertosuko",
  "kodepos" : "67288"
}, {
  "kecamatan" : "Krucil",
  "kelurahan" : "Kalianan",
  "kodepos" : "67288"
}, {
  "kecamatan" : "Krucil",
  "kelurahan" : "Betek",
  "kodepos" : "67288"
}, {
  "kecamatan" : "Krucil",
  "kelurahan" : "Guyangan",
  "kodepos" : "67288"
}, {
  "kecamatan" : "Tiris",
  "kelurahan" : "Wedusan",
  "kodepos" : "67287"
}, {
  "kecamatan" : "Krucil",
  "kelurahan" : "Bermi (Bremi)",
  "kodepos" : "67288"
}, {
  "kecamatan" : "Tiris",
  "kelurahan" : "Tlogoargo",
  "kodepos" : "67287"
}, {
  "kecamatan" : "Tiris",
  "kelurahan" : "Tlogosari",
  "kodepos" : "67287"
}, {
  "kecamatan" : "Tiris",
  "kelurahan" : "Tulupari",
  "kodepos" : "67287"
}, {
  "kecamatan" : "Tiris",
  "kelurahan" : "Segaran",
  "kodepos" : "67287"
}, {
  "kecamatan" : "Tiris",
  "kelurahan" : "Tegalwatu",
  "kodepos" : "67287"
}, {
  "kecamatan" : "Tiris",
  "kelurahan" : "Tiris",
  "kodepos" : "67287"
}, {
  "kecamatan" : "Tiris",
  "kelurahan" : "Ranuagung",
  "kodepos" : "67287"
}, {
  "kecamatan" : "Tiris",
  "kelurahan" : "Ranugedang",
  "kodepos" : "67287"
}, {
  "kecamatan" : "Tiris",
  "kelurahan" : "Renjing (Rejing)",
  "kodepos" : "67287"
}, {
  "kecamatan" : "Tiris",
  "kelurahan" : "Pegadangan",
  "kodepos" : "67287"
}, {
  "kecamatan" : "Tiris",
  "kelurahan" : "Pesawahan",
  "kodepos" : "67287"
}, {
  "kecamatan" : "Tiris",
  "kelurahan" : "Racek",
  "kodepos" : "67287"
}, {
  "kecamatan" : "Tiris",
  "kelurahan" : "Andung Sari",
  "kodepos" : "67287"
}, {
  "kecamatan" : "Tiris",
  "kelurahan" : "Jangkang",
  "kodepos" : "67287"
}, {
  "kecamatan" : "Krejengan",
  "kelurahan" : "Widoro",
  "kodepos" : "67284"
}, {
  "kecamatan" : "Tiris",
  "kelurahan" : "Andung Biru",
  "kodepos" : "67287"
}, {
  "kecamatan" : "Krejengan",
  "kelurahan" : "Sumberkatimoho",
  "kodepos" : "67284"
}, {
  "kecamatan" : "Krejengan",
  "kelurahan" : "Tanjungsari",
  "kodepos" : "67284"
}, {
  "kecamatan" : "Krejengan",
  "kelurahan" : "Temenggungan",
  "kodepos" : "67284"
}, {
  "kecamatan" : "Krejengan",
  "kelurahan" : "Seboro",
  "kodepos" : "67284"
}, {
  "kecamatan" : "Krejengan",
  "kelurahan" : "Sentong",
  "kodepos" : "67284"
}, {
  "kecamatan" : "Krejengan",
  "kelurahan" : "Sokaan",
  "kodepos" : "67284"
}, {
  "kecamatan" : "Krejengan",
  "kelurahan" : "Patemon",
  "kodepos" : "67284"
}, {
  "kecamatan" : "Krejengan",
  "kelurahan" : "Rawan",
  "kodepos" : "67284"
}, {
  "kecamatan" : "Krejengan",
  "kelurahan" : "Kedungcaluk",
  "kodepos" : "67284"
}, {
  "kecamatan" : "Krejengan",
  "kelurahan" : "Krejengan",
  "kodepos" : "67284"
}, {
  "kecamatan" : "Krejengan",
  "kelurahan" : "Opo Opo",
  "kodepos" : "67284"
}, {
  "kecamatan" : "Krejengan",
  "kelurahan" : "Kamalkuning",
  "kodepos" : "67284"
}, {
  "kecamatan" : "Krejengan",
  "kelurahan" : "Karangren",
  "kodepos" : "67284"
}, {
  "kecamatan" : "Krejengan",
  "kelurahan" : "Gebangan",
  "kodepos" : "67284"
}, {
  "kecamatan" : "Krejengan",
  "kelurahan" : "Jatiurip",
  "kodepos" : "67284"
}, {
  "kecamatan" : "Krejengan",
  "kelurahan" : "Dawuan",
  "kodepos" : "67284"
}, {
  "kecamatan" : "Besuk",
  "kelurahan" : "Sumberan",
  "kodepos" : "67283"
}, {
  "kecamatan" : "Besuk",
  "kelurahan" : "Sumur Dalam",
  "kodepos" : "67283"
}, {
  "kecamatan" : "Besuk",
  "kelurahan" : "Randu Jalak",
  "kodepos" : "67283"
}, {
  "kecamatan" : "Besuk",
  "kelurahan" : "Sindet Anyar",
  "kodepos" : "67283"
}, {
  "kecamatan" : "Besuk",
  "kelurahan" : "Sindet Lami",
  "kodepos" : "67283"
}, {
  "kecamatan" : "Besuk",
  "kelurahan" : "Klampokan",
  "kodepos" : "67283"
}, {
  "kecamatan" : "Besuk",
  "kelurahan" : "Krampilan",
  "kodepos" : "67283"
}, {
  "kecamatan" : "Besuk",
  "kelurahan" : "Matekan",
  "kodepos" : "67283"
}, {
  "kecamatan" : "Besuk",
  "kelurahan" : "Jambangan",
  "kodepos" : "67283"
}, {
  "kecamatan" : "Besuk",
  "kelurahan" : "Kecik",
  "kodepos" : "67283"
}, {
  "kecamatan" : "Besuk",
  "kelurahan" : "Besuk Agung",
  "kodepos" : "67283"
}, {
  "kecamatan" : "Besuk",
  "kelurahan" : "Besuk Agung",
  "kodepos" : "67283"
}, {
  "kecamatan" : "Bantaran",
  "kelurahan" : "Besuk",
  "kodepos" : "67283"
}, {
  "kecamatan" : "Besuk",
  "kelurahan" : "Alas Sumur Lor",
  "kodepos" : "67283"
}, {
  "kecamatan" : "Besuk",
  "kelurahan" : "Alas Tengah",
  "kodepos" : "67283"
}, {
  "kecamatan" : "Besuk",
  "kelurahan" : "Bago",
  "kodepos" : "67283"
}, {
  "kecamatan" : "Besuk",
  "kelurahan" : "Alas Kandang",
  "kodepos" : "67283"
}, {
  "kecamatan" : "Besuk",
  "kelurahan" : "Alas Nyiur",
  "kodepos" : "67283"
}, {
  "kecamatan" : "Kraksaan",
  "kelurahan" : "Sumberlele",
  "kodepos" : "67282"
}, {
  "kecamatan" : "Kraksaan",
  "kelurahan" : "Taman Sari",
  "kodepos" : "67282"
}, {
  "kecamatan" : "Kraksaan",
  "kelurahan" : "Semampir",
  "kodepos" : "67282"
}, {
  "kecamatan" : "Kraksaan",
  "kelurahan" : "Sidomukti",
  "kodepos" : "67282"
}, {
  "kecamatan" : "Kraksaan",
  "kelurahan" : "Sidopekso",
  "kodepos" : "67282"
}, {
  "kecamatan" : "Kraksaan",
  "kelurahan" : "Rangang (Rangkang)",
  "kodepos" : "67282"
}, {
  "kecamatan" : "Kraksaan",
  "kelurahan" : "Rondokuning",
  "kodepos" : "67282"
}, {
  "kecamatan" : "Kraksaan",
  "kelurahan" : "Kregenan (Keregenan)",
  "kodepos" : "67282"
}, {
  "kecamatan" : "Kraksaan",
  "kelurahan" : "Patokan",
  "kodepos" : "67282"
}, {
  "kecamatan" : "Kraksaan",
  "kelurahan" : "Kraksaan Wetan",
  "kodepos" : "67282"
}, {
  "kecamatan" : "Kraksaan",
  "kelurahan" : "Kebonagung",
  "kodepos" : "67282"
}, {
  "kecamatan" : "Kraksaan",
  "kelurahan" : "Kalibuntu",
  "kodepos" : "67282"
}, {
  "kecamatan" : "Kraksaan",
  "kelurahan" : "Kandangjati Kulon",
  "kodepos" : "67282"
}, {
  "kecamatan" : "Kraksaan",
  "kelurahan" : "Kandangjati Wetan",
  "kodepos" : "67282"
}, {
  "kecamatan" : "Kraksaan",
  "kelurahan" : "Asembagus",
  "kodepos" : "67282"
}, {
  "kecamatan" : "Kraksaan",
  "kelurahan" : "Asembakor",
  "kodepos" : "67282"
}, {
  "kecamatan" : "Kraksaan",
  "kelurahan" : "Bulu",
  "kodepos" : "67282"
}, {
  "kecamatan" : "Kraksaan",
  "kelurahan" : "Alassumur Kulon",
  "kodepos" : "67282"
}, {
  "kecamatan" : "Pajarakan",
  "kelurahan" : "Sukomulyo",
  "kodepos" : "67281"
}, {
  "kecamatan" : "Pajarakan",
  "kelurahan" : "Tanjung",
  "kodepos" : "67281"
}, {
  "kecamatan" : "Pajarakan",
  "kelurahan" : "Selogudig Kulon",
  "kodepos" : "67281"
}, {
  "kecamatan" : "Pajarakan",
  "kelurahan" : "Selogudig Wetan",
  "kodepos" : "67281"
}, {
  "kecamatan" : "Pajarakan",
  "kelurahan" : "Sukokerto",
  "kodepos" : "67281"
}, {
  "kecamatan" : "Pajarakan",
  "kelurahan" : "Penambangan",
  "kodepos" : "67281"
}, {
  "kecamatan" : "Pajarakan",
  "kelurahan" : "Pajarakan Kulon",
  "kodepos" : "67281"
}, {
  "kecamatan" : "Pajarakan",
  "kelurahan" : "Karanggeger",
  "kodepos" : "67281"
}, {
  "kecamatan" : "Pajarakan",
  "kelurahan" : "Karangpranti",
  "kodepos" : "67281"
}, {
  "kecamatan" : "Pajarakan",
  "kelurahan" : "Ketompen",
  "kodepos" : "67281"
}, {
  "kecamatan" : "Pajarakan",
  "kelurahan" : "Gejungan",
  "kodepos" : "67281"
}, {
  "kecamatan" : "Pajarakan",
  "kelurahan" : "Karangbong",
  "kodepos" : "67281"
}, {
  "kecamatan" : "Maron",
  "kelurahan" : "Sumberpoh",
  "kodepos" : "67276"
}, {
  "kecamatan" : "Maron",
  "kelurahan" : "Wonorejo",
  "kodepos" : "67276"
}, {
  "kecamatan" : "Maron",
  "kelurahan" : "Suko",
  "kodepos" : "67276"
}, {
  "kecamatan" : "Maron",
  "kelurahan" : "Sumberdawe",
  "kodepos" : "67276"
}, {
  "kecamatan" : "Maron",
  "kelurahan" : "Puspan",
  "kodepos" : "67276"
}, {
  "kecamatan" : "Maron",
  "kelurahan" : "Satreyan",
  "kodepos" : "67276"
}, {
  "kecamatan" : "Maron",
  "kelurahan" : "Maron Wetan",
  "kodepos" : "67276"
}, {
  "kecamatan" : "Maron",
  "kelurahan" : "Pegalangan Kidul",
  "kodepos" : "67276"
}, {
  "kecamatan" : "Maron",
  "kelurahan" : "Maron Kidul",
  "kodepos" : "67276"
}, {
  "kecamatan" : "Maron",
  "kelurahan" : "Maron Kulon",
  "kodepos" : "67276"
}, {
  "kecamatan" : "Maron",
  "kelurahan" : "Gerongan",
  "kodepos" : "67276"
}, {
  "kecamatan" : "Maron",
  "kelurahan" : "Kedungsari",
  "kodepos" : "67276"
}, {
  "kecamatan" : "Maron",
  "kelurahan" : "Brumbungan Kidul",
  "kodepos" : "67276"
}, {
  "kecamatan" : "Maron",
  "kelurahan" : "Ganting Kulon",
  "kodepos" : "67276"
}, {
  "kecamatan" : "Maron",
  "kelurahan" : "Ganting Wetan",
  "kodepos" : "67276"
}, {
  "kecamatan" : "Maron",
  "kelurahan" : "Brani Kulon",
  "kodepos" : "67276"
}, {
  "kecamatan" : "Maron",
  "kelurahan" : "Brani Wetan",
  "kodepos" : "67276"
}, {
  "kecamatan" : "Banyu Anyar",
  "kelurahan" : "Tarokan",
  "kodepos" : "67275"
}, {
  "kecamatan" : "Maron",
  "kelurahan" : "Brabe",
  "kodepos" : "67276"
}, {
  "kecamatan" : "Banyu Anyar",
  "kelurahan" : "Pendil",
  "kodepos" : "67275"
}, {
  "kecamatan" : "Banyu Anyar",
  "kelurahan" : "Sentulan",
  "kodepos" : "67275"
}, {
  "kecamatan" : "Banyu Anyar",
  "kelurahan" : "Liprak Kulon",
  "kodepos" : "67275"
}, {
  "kecamatan" : "Banyu Anyar",
  "kelurahan" : "Liprak Wetan",
  "kodepos" : "67275"
}, {
  "kecamatan" : "Banyu Anyar",
  "kelurahan" : "Klenang Kidul",
  "kodepos" : "67275"
}, {
  "kecamatan" : "Banyu Anyar",
  "kelurahan" : "Klenang Lor",
  "kodepos" : "67275"
}, {
  "kecamatan" : "Banyu Anyar",
  "kelurahan" : "Liprak Kidul",
  "kodepos" : "67275"
}, {
  "kecamatan" : "Banyu Anyar",
  "kelurahan" : "Gunung Geni",
  "kodepos" : "67275"
}, {
  "kecamatan" : "Banyu Anyar",
  "kelurahan" : "Gading Kulon",
  "kodepos" : "67275"
}, {
  "kecamatan" : "Banyu Anyar",
  "kelurahan" : "Banyuanyar Tengah",
  "kodepos" : "67275"
}, {
  "kecamatan" : "Banyu Anyar",
  "kelurahan" : "Blado Wetan",
  "kodepos" : "67275"
}, {
  "kecamatan" : "Banyu Anyar",
  "kelurahan" : "Banyuanyar Kidul",
  "kodepos" : "67275"
}, {
  "kecamatan" : "Banyu Anyar",
  "kelurahan" : "Alassapi",
  "kodepos" : "67275"
}, {
  "kecamatan" : "Tegal Siwalan",
  "kelurahan" : "Tegal Sono",
  "kodepos" : "67274"
}, {
  "kecamatan" : "Tegal Siwalan",
  "kelurahan" : "Tegal Siwalan",
  "kodepos" : "67274"
}, {
  "kecamatan" : "Tegal Siwalan",
  "kelurahan" : "Tegal Mojo",
  "kodepos" : "67274"
}, {
  "kecamatan" : "Tegal Siwalan",
  "kelurahan" : "Sumberkledung",
  "kodepos" : "67274"
}, {
  "kecamatan" : "Tegal Siwalan",
  "kelurahan" : "Sumberbulu",
  "kodepos" : "67274"
}, {
  "kecamatan" : "Tegal Siwalan",
  "kelurahan" : "Malasan Wetan",
  "kodepos" : "67274"
}, {
  "kecamatan" : "Tegal Siwalan",
  "kelurahan" : "Paras",
  "kodepos" : "67274"
}, {
  "kecamatan" : "Tegal Siwalan",
  "kelurahan" : "Gunung Bekel",
  "kodepos" : "67274"
}, {
  "kecamatan" : "Tegal Siwalan",
  "kelurahan" : "Bulujaran Lor",
  "kodepos" : "67274"
}, {
  "kecamatan" : "Tegal Siwalan",
  "kelurahan" : "Blado Kulon",
  "kodepos" : "67274"
}, {
  "kecamatan" : "Tegal Siwalan",
  "kelurahan" : "Bulujaran Kidul",
  "kodepos" : "67274"
}, {
  "kecamatan" : "Tegal Siwalan",
  "kelurahan" : "Banjarsawah",
  "kodepos" : "67274"
}, {
  "kecamatan" : "Leces",
  "kelurahan" : "Tigasan Wetan",
  "kodepos" : "67273"
}, {
  "kecamatan" : "Leces",
  "kelurahan" : "Warujinggo",
  "kodepos" : "67273"
}, {
  "kecamatan" : "Leces",
  "kelurahan" : "Tigasan Kulon",
  "kodepos" : "67273"
}, {
  "kecamatan" : "Leces",
  "kelurahan" : "Sumber Kedawung",
  "kodepos" : "67273"
}, {
  "kecamatan" : "Leces",
  "kelurahan" : "Pondok Wuluh",
  "kodepos" : "67273"
}, {
  "kecamatan" : "Leces",
  "kelurahan" : "Malasan Kulon",
  "kodepos" : "67273"
}, {
  "kecamatan" : "Leces",
  "kelurahan" : "Keprangan (Kerpangan)",
  "kodepos" : "67273"
}, {
  "kecamatan" : "Leces",
  "kelurahan" : "Leces",
  "kodepos" : "67273"
}, {
  "kecamatan" : "Leces",
  "kelurahan" : "Jorongan",
  "kodepos" : "67273"
}, {
  "kecamatan" : "Leces",
  "kelurahan" : "Clarak",
  "kodepos" : "67273"
}, {
  "kecamatan" : "Gending",
  "kelurahan" : "Sebaung",
  "kodepos" : "67272"
}, {
  "kecamatan" : "Gending",
  "kelurahan" : "Sumberkerang",
  "kodepos" : "67272"
}, {
  "kecamatan" : "Gending",
  "kelurahan" : "Pikatan",
  "kodepos" : "67272"
}, {
  "kecamatan" : "Gending",
  "kelurahan" : "Randupitu",
  "kodepos" : "67272"
}, {
  "kecamatan" : "Gending",
  "kelurahan" : "Pesisir",
  "kodepos" : "67272"
}, {
  "kecamatan" : "Gending",
  "kelurahan" : "Pajurangan",
  "kodepos" : "67272"
}, {
  "kecamatan" : "Gending",
  "kelurahan" : "Klaseman",
  "kodepos" : "67272"
}, {
  "kecamatan" : "Gending",
  "kelurahan" : "Gending",
  "kodepos" : "67272"
}, {
  "kecamatan" : "Gending",
  "kelurahan" : "Jatiadi",
  "kodepos" : "67272"
}, {
  "kecamatan" : "Gending",
  "kelurahan" : "Curahsawo",
  "kodepos" : "67272"
}, {
  "kecamatan" : "Gending",
  "kelurahan" : "Brumbungan Lor",
  "kodepos" : "67272"
}, {
  "kecamatan" : "Gending",
  "kelurahan" : "Bulang",
  "kodepos" : "67272"
}, {
  "kecamatan" : "Gending",
  "kelurahan" : "Banyuanyar Lor",
  "kodepos" : "67272"
}, {
  "kecamatan" : "Dringu",
  "kelurahan" : "Watuwungkuk",
  "kodepos" : "67271"
}, {
  "kecamatan" : "Dringu",
  "kelurahan" : "Tegalrejo",
  "kodepos" : "67271"
}, {
  "kecamatan" : "Dringu",
  "kelurahan" : "Sumber Suko",
  "kodepos" : "67271"
}, {
  "kecamatan" : "Dringu",
  "kelurahan" : "Taman Sari",
  "kodepos" : "67271"
}, {
  "kecamatan" : "Dringu",
  "kelurahan" : "Sumber Agung",
  "kodepos" : "67271"
}, {
  "kecamatan" : "Dringu",
  "kelurahan" : "Sekarkare",
  "kodepos" : "67271"
}, {
  "kecamatan" : "Dringu",
  "kelurahan" : "Randuputih",
  "kodepos" : "67271"
}, {
  "kecamatan" : "Dringu",
  "kelurahan" : "Pabean",
  "kodepos" : "67271"
}, {
  "kecamatan" : "Dringu",
  "kelurahan" : "Ngepoh",
  "kodepos" : "67271"
}, {
  "kecamatan" : "Dringu",
  "kelurahan" : "Kedungdalem",
  "kodepos" : "67271"
}, {
  "kecamatan" : "Dringu",
  "kelurahan" : "Mranggon Lawang",
  "kodepos" : "67271"
}, {
  "kecamatan" : "Dringu",
  "kelurahan" : "Kalirejo",
  "kodepos" : "67271"
}, {
  "kecamatan" : "Dringu",
  "kelurahan" : "Kalisalam",
  "kodepos" : "67271"
}, {
  "kecamatan" : "Dringu",
  "kelurahan" : "Dringu",
  "kodepos" : "67271"
}, {
  "kecamatan" : "Sumber",
  "kelurahan" : "Tukul",
  "kodepos" : "67263"
}, {
  "kecamatan" : "Sumber",
  "kelurahan" : "Wonokerso",
  "kodepos" : "67263"
}, {
  "kecamatan" : "Sumber",
  "kelurahan" : "Sumberanom",
  "kodepos" : "67263"
}, {
  "kecamatan" : "Sumber",
  "kelurahan" : "Rambaan",
  "kodepos" : "67263"
}, {
  "kecamatan" : "Sumber",
  "kelurahan" : "Sumber",
  "kodepos" : "67263"
}, {
  "kecamatan" : "Sumber",
  "kelurahan" : "Ledokombo",
  "kodepos" : "67263"
}, {
  "kecamatan" : "Sumber",
  "kelurahan" : "Pandansari",
  "kodepos" : "67263"
}, {
  "kecamatan" : "Sumber",
  "kelurahan" : "Cepoko",
  "kodepos" : "67263"
}, {
  "kecamatan" : "Sumber",
  "kelurahan" : "Gemito",
  "kodepos" : "67263"
}, {
  "kecamatan" : "Kuripan",
  "kelurahan" : "Wringin Anom",
  "kodepos" : "67262"
}, {
  "kecamatan" : "Kuripan",
  "kelurahan" : "Menyono",
  "kodepos" : "67262"
}, {
  "kecamatan" : "Kuripan",
  "kelurahan" : "Resongo",
  "kodepos" : "67262"
}, {
  "kecamatan" : "Kuripan",
  "kelurahan" : "Wonoasri",
  "kodepos" : "67262"
}, {
  "kecamatan" : "Kuripan",
  "kelurahan" : "Karangrejo",
  "kodepos" : "67262"
}, {
  "kecamatan" : "Kuripan",
  "kelurahan" : "Kedawung",
  "kodepos" : "67262"
}, {
  "kecamatan" : "Kuripan",
  "kelurahan" : "Jatisari",
  "kodepos" : "67262"
}, {
  "kecamatan" : "Bantaran",
  "kelurahan" : "Patokan",
  "kodepos" : "67261"
}, {
  "kecamatan" : "Bantaran",
  "kelurahan" : "Tempuran",
  "kodepos" : "67261"
}, {
  "kecamatan" : "Bantaran",
  "kelurahan" : "Kropak",
  "kodepos" : "67261"
}, {
  "kecamatan" : "Bantaran",
  "kelurahan" : "Legundi",
  "kodepos" : "67261"
}, {
  "kecamatan" : "Bantaran",
  "kelurahan" : "Kedung Rejo",
  "kodepos" : "67261"
}, {
  "kecamatan" : "Bantaran",
  "kelurahan" : "Kramat Agung (Kramatung)",
  "kodepos" : "67261"
}, {
  "kecamatan" : "Bantaran",
  "kelurahan" : "Gunung Tugel",
  "kodepos" : "67261"
}, {
  "kecamatan" : "Bantaran",
  "kelurahan" : "Karang Anyar",
  "kodepos" : "67261"
}, {
  "kecamatan" : "Lumbang",
  "kelurahan" : "Wonogoro",
  "kodepos" : "67255"
}, {
  "kecamatan" : "Bantaran",
  "kelurahan" : "Bantaran",
  "kodepos" : "67261"
}, {
  "kecamatan" : "Lumbang",
  "kelurahan" : "Sapih",
  "kodepos" : "67255"
}, {
  "kecamatan" : "Lumbang",
  "kelurahan" : "Tandongsentul (Tandon Sentul)",
  "kodepos" : "67255"
}, {
  "kecamatan" : "Lumbang",
  "kelurahan" : "Palangbesi",
  "kodepos" : "67255"
}, {
  "kecamatan" : "Lumbang",
  "kelurahan" : "Purut",
  "kodepos" : "67255"
}, {
  "kecamatan" : "Lumbang",
  "kelurahan" : "Lumbang",
  "kodepos" : "67255"
}, {
  "kecamatan" : "Lumbang",
  "kelurahan" : "Negororejo",
  "kodepos" : "67255"
}, {
  "kecamatan" : "Lumbang",
  "kelurahan" : "Boto",
  "kodepos" : "67255"
}, {
  "kecamatan" : "Lumbang",
  "kelurahan" : "Branggah",
  "kodepos" : "67255"
}, {
  "kecamatan" : "Lumbang",
  "kelurahan" : "Lambangkuning",
  "kodepos" : "67255"
}, {
  "kecamatan" : "Sukapura",
  "kelurahan" : "Wonokerto",
  "kodepos" : "67254"
}, {
  "kecamatan" : "Sukapura",
  "kelurahan" : "Wonotoro",
  "kodepos" : "67254"
}, {
  "kecamatan" : "Sukapura",
  "kelurahan" : "Sariwani",
  "kodepos" : "67254"
}, {
  "kecamatan" : "Sukapura",
  "kelurahan" : "Sukapura",
  "kodepos" : "67254"
}, {
  "kecamatan" : "Sukapura",
  "kelurahan" : "Sapikerep",
  "kodepos" : "67254"
}, {
  "kecamatan" : "Sukapura",
  "kelurahan" : "Pakel",
  "kodepos" : "67254"
}, {
  "kecamatan" : "Sukapura",
  "kelurahan" : "Ngadisari",
  "kodepos" : "67254"
}, {
  "kecamatan" : "Sukapura",
  "kelurahan" : "Ngepung",
  "kodepos" : "67254"
}, {
  "kecamatan" : "Sukapura",
  "kelurahan" : "Kedasih",
  "kodepos" : "67254"
}, {
  "kecamatan" : "Sukapura",
  "kelurahan" : "Ngadas",
  "kodepos" : "67254"
}, {
  "kecamatan" : "Sukapura",
  "kelurahan" : "Ngadirejo",
  "kodepos" : "67254"
}, {
  "kecamatan" : "Wonomerto",
  "kelurahan" : "Wonorejo",
  "kodepos" : "67253"
}, {
  "kecamatan" : "Sukapura",
  "kelurahan" : "Jetak",
  "kodepos" : "67254"
}, {
  "kecamatan" : "Wonomerto",
  "kelurahan" : "Sumberkare",
  "kodepos" : "67253"
}, {
  "kecamatan" : "Wonomerto",
  "kelurahan" : "Tunggak Cerme",
  "kodepos" : "67253"
}, {
  "kecamatan" : "Wonomerto",
  "kelurahan" : "Sepuh Gempol",
  "kodepos" : "67253"
}, {
  "kecamatan" : "Wonomerto",
  "kelurahan" : "Pohsangit Ngisor",
  "kodepos" : "67253"
}, {
  "kecamatan" : "Wonomerto",
  "kelurahan" : "Pohsangit Tengah",
  "kodepos" : "67253"
}, {
  "kecamatan" : "Wonomerto",
  "kelurahan" : "Kedung Supit",
  "kodepos" : "67253"
}, {
  "kecamatan" : "Wonomerto",
  "kelurahan" : "Patalan",
  "kodepos" : "67253"
}, {
  "kecamatan" : "Wonomerto",
  "kelurahan" : "Pohsangit Lor",
  "kodepos" : "67253"
}, {
  "kecamatan" : "Wonomerto",
  "kelurahan" : "Jrebeng",
  "kodepos" : "67253"
}, {
  "kecamatan" : "Wonomerto",
  "kelurahan" : "Kareng Kidul",
  "kodepos" : "67253"
}, {
  "kecamatan" : "Tongas",
  "kelurahan" : "Tongas Kulon",
  "kodepos" : "67252"
}, {
  "kecamatan" : "Tongas",
  "kelurahan" : "Tongas Wetan",
  "kodepos" : "67252"
}, {
  "kecamatan" : "Tongas",
  "kelurahan" : "Wringinanom",
  "kodepos" : "67252"
}, {
  "kecamatan" : "Tongas",
  "kelurahan" : "Tambakrejo",
  "kodepos" : "67252"
}, {
  "kecamatan" : "Tongas",
  "kelurahan" : "Tanjungrejo",
  "kodepos" : "67252"
}, {
  "kecamatan" : "Tongas",
  "kelurahan" : "Sumberkramat",
  "kodepos" : "67252"
}, {
  "kecamatan" : "Tongas",
  "kelurahan" : "Sumendi",
  "kodepos" : "67252"
}, {
  "kecamatan" : "Tongas",
  "kelurahan" : "Pamatan",
  "kodepos" : "67252"
}, {
  "kecamatan" : "Tongas",
  "kelurahan" : "Sumberejo",
  "kodepos" : "67252"
}, {
  "kecamatan" : "Tongas",
  "kelurahan" : "Klampok",
  "kodepos" : "67252"
}, {
  "kecamatan" : "Tongas",
  "kelurahan" : "Curah Tulis",
  "kodepos" : "67252"
}, {
  "kecamatan" : "Tongas",
  "kelurahan" : "Dungun",
  "kodepos" : "67252"
}, {
  "kecamatan" : "Tongas",
  "kelurahan" : "Bayeman",
  "kodepos" : "67252"
}, {
  "kecamatan" : "Tongas",
  "kelurahan" : "Curah Dringu",
  "kodepos" : "67252"
}, {
  "kecamatan" : "Sumberasih",
  "kelurahan" : "Sumberbendo",
  "kodepos" : "67251"
}, {
  "kecamatan" : "Sumberasih",
  "kelurahan" : "Sumurmati",
  "kodepos" : "67251"
}, {
  "kecamatan" : "Sumberasih",
  "kelurahan" : "Pesisir",
  "kodepos" : "67251"
}, {
  "kecamatan" : "Sumberasih",
  "kelurahan" : "Pohsangit Leres",
  "kodepos" : "67251"
}, {
  "kecamatan" : "Sumberasih",
  "kelurahan" : "Muneng",
  "kodepos" : "67251"
}, {
  "kecamatan" : "Sumberasih",
  "kelurahan" : "Muneng Kidul",
  "kodepos" : "67251"
}, {
  "kecamatan" : "Sumberasih",
  "kelurahan" : "Lemahkembar",
  "kodepos" : "67251"
}, {
  "kecamatan" : "Sumberasih",
  "kelurahan" : "Mentor",
  "kodepos" : "67251"
}, {
  "kecamatan" : "Sumberasih",
  "kelurahan" : "Jangur",
  "kodepos" : "67251"
}, {
  "kecamatan" : "Sumberasih",
  "kelurahan" : "Laweyan",
  "kodepos" : "67251"
}, {
  "kecamatan" : "Sumberasih",
  "kelurahan" : "Gili Ketapang",
  "kodepos" : "67251"
}, {
  "kecamatan" : "Sumberasih",
  "kelurahan" : "Ambulu",
  "kodepos" : "67251"
}, {
  "kecamatan" : "Sumberasih",
  "kelurahan" : "Banjarsari",
  "kodepos" : "67251"
}, {
  "kecamatan" : "Wonoasih",
  "kelurahan" : "Pakistaji",
  "kodepos" : "67239"
}, {
  "kecamatan" : "Kedopok (Kedopak)",
  "kelurahan" : "Jrebeng Wetan",
  "kodepos" : "67239"
}, {
  "kecamatan" : "Wonoasih",
  "kelurahan" : "Kedunggaleng",
  "kodepos" : "67239"
}, {
  "kecamatan" : "Kedopok (Kedopak)",
  "kelurahan" : "Jrebeng Lor",
  "kodepos" : "67238"
}, {
  "kecamatan" : "Wonoasih",
  "kelurahan" : "Sumber Taman",
  "kodepos" : "67237"
}, {
  "kecamatan" : "Wonoasih",
  "kelurahan" : "Jrebeng Kidul",
  "kodepos" : "67233"
}, {
  "kecamatan" : "Wonoasih",
  "kelurahan" : "Kedungasem",
  "kodepos" : "67236"
}, {
  "kecamatan" : "Wonoasih",
  "kelurahan" : "Wonoasih",
  "kodepos" : "67232"
}, {
  "kecamatan" : "Kedopok (Kedopak)",
  "kelurahan" : "Kedopok",
  "kodepos" : "67231"
}, {
  "kecamatan" : "Kedopok (Kedopak)",
  "kelurahan" : "Kareng Lor",
  "kodepos" : "67228"
}, {
  "kecamatan" : "Kedopok (Kedopak)",
  "kelurahan" : "Jrebeng Kulon",
  "kodepos" : "67229"
}, {
  "kecamatan" : "Kademangan",
  "kelurahan" : "Pohsangit Kidul",
  "kodepos" : "67226"
}, {
  "kecamatan" : "Kedopok (Kedopak)",
  "kelurahan" : "Sumber Wetan",
  "kodepos" : "67227"
}, {
  "kecamatan" : "Kademangan",
  "kelurahan" : "Triwung Kidul",
  "kodepos" : "67224"
}, {
  "kecamatan" : "Kademangan",
  "kelurahan" : "Kademangan",
  "kodepos" : "67225"
}, {
  "kecamatan" : "Kademangan",
  "kelurahan" : "Ketapang",
  "kodepos" : "67222"
}, {
  "kecamatan" : "Kademangan",
  "kelurahan" : "Triwung Lor",
  "kodepos" : "67223"
}, {
  "kecamatan" : "Kademangan",
  "kelurahan" : "Pilang",
  "kodepos" : "67221"
}, {
  "kecamatan" : "Mayangan",
  "kelurahan" : "Mayangan",
  "kodepos" : "67218"
}, {
  "kecamatan" : "Mayangan",
  "kelurahan" : "Sukabumi",
  "kodepos" : "67219"
}, {
  "kecamatan" : "Mayangan",
  "kelurahan" : "Jati",
  "kodepos" : "67217"
}, {
  "kecamatan" : "Mayangan",
  "kelurahan" : "Mangunharjo",
  "kodepos" : "67217"
}, {
  "kecamatan" : "Mayangan",
  "kelurahan" : "Wiroborang",
  "kodepos" : "67216"
}, {
  "kecamatan" : "Kanigaran",
  "kelurahan" : "Kebonsari Kulon",
  "kodepos" : "67214"
}, {
  "kecamatan" : "Kanigaran",
  "kelurahan" : "Kebonsari Wetan",
  "kodepos" : "67214"
}, {
  "kecamatan" : "Kanigaran",
  "kelurahan" : "Sukoharjo",
  "kodepos" : "67215"
}, {
  "kecamatan" : "Kanigaran",
  "kelurahan" : "Curahgrinting",
  "kodepos" : "67212"
}, {
  "kecamatan" : "Kanigaran",
  "kelurahan" : "Kanigaran",
  "kodepos" : "67213"
}, {
  "kecamatan" : "Kanigaran",
  "kelurahan" : "Tisnonegaran",
  "kodepos" : "67211"
} ]
