[ {
  "kecamatan" : "Lekok",
  "kelurahan" : "Tampung",
  "kodepos" : "67186"
}, {
  "kecamatan" : "Lekok",
  "kelurahan" : "Wates",
  "kodepos" : "67186"
}, {
  "kecamatan" : "Lekok",
  "kelurahan" : "Tambak Lekok",
  "kodepos" : "67186"
}, {
  "kecamatan" : "Lekok",
  "kelurahan" : "Semedusari",
  "kodepos" : "67186"
}, {
  "kecamatan" : "Lekok",
  "kelurahan" : "Pasinan",
  "kodepos" : "67186"
}, {
  "kecamatan" : "Lekok",
  "kelurahan" : "Rowo Gempol",
  "kodepos" : "67186"
}, {
  "kecamatan" : "Lekok",
  "kelurahan" : "Gejug Jati",
  "kodepos" : "67186"
}, {
  "kecamatan" : "Lekok",
  "kelurahan" : "Jatirejo",
  "kodepos" : "67186"
}, {
  "kecamatan" : "Lekok",
  "kelurahan" : "Balung Anyar",
  "kodepos" : "67186"
}, {
  "kecamatan" : "Lekok",
  "kelurahan" : "Branang",
  "kodepos" : "67186"
}, {
  "kecamatan" : "Nguling",
  "kelurahan" : "Wot Galih",
  "kodepos" : "67185"
}, {
  "kecamatan" : "Lekok",
  "kelurahan" : "Alas Tlogo",
  "kodepos" : "67186"
}, {
  "kecamatan" : "Nguling",
  "kelurahan" : "Wates Tani",
  "kodepos" : "67185"
}, {
  "kecamatan" : "Nguling",
  "kelurahan" : "Watuprapat",
  "kodepos" : "67185"
}, {
  "kecamatan" : "Nguling",
  "kelurahan" : "Sedarum",
  "kodepos" : "67185"
}, {
  "kecamatan" : "Nguling",
  "kelurahan" : "Sudimulyo",
  "kodepos" : "67185"
}, {
  "kecamatan" : "Nguling",
  "kelurahan" : "Sumber Anyar",
  "kodepos" : "67185"
}, {
  "kecamatan" : "Nguling",
  "kelurahan" : "Sang Anom",
  "kodepos" : "67185"
}, {
  "kecamatan" : "Nguling",
  "kelurahan" : "Sebalong",
  "kodepos" : "67185"
}, {
  "kecamatan" : "Nguling",
  "kelurahan" : "Nguling",
  "kodepos" : "67185"
}, {
  "kecamatan" : "Nguling",
  "kelurahan" : "Penunggul",
  "kodepos" : "67185"
}, {
  "kecamatan" : "Nguling",
  "kelurahan" : "Randuati",
  "kodepos" : "67185"
}, {
  "kecamatan" : "Nguling",
  "kelurahan" : "Kapasan",
  "kodepos" : "67185"
}, {
  "kecamatan" : "Nguling",
  "kelurahan" : "Kedawang",
  "kodepos" : "67185"
}, {
  "kecamatan" : "Nguling",
  "kelurahan" : "Mlaten",
  "kodepos" : "67185"
}, {
  "kecamatan" : "Grati",
  "kelurahan" : "Trewung",
  "kodepos" : "67184"
}, {
  "kecamatan" : "Nguling",
  "kelurahan" : "Dandang Gendis",
  "kodepos" : "67185"
}, {
  "kecamatan" : "Grati",
  "kelurahan" : "Sumber Agung",
  "kodepos" : "67184"
}, {
  "kecamatan" : "Grati",
  "kelurahan" : "Sumber Dawesari",
  "kodepos" : "67184"
}, {
  "kecamatan" : "Grati",
  "kelurahan" : "Ranu Klindungan",
  "kodepos" : "67184"
}, {
  "kecamatan" : "Grati",
  "kelurahan" : "Rebalas",
  "kodepos" : "67184"
}, {
  "kecamatan" : "Grati",
  "kelurahan" : "Kedawung Kulon",
  "kodepos" : "67184"
}, {
  "kecamatan" : "Grati",
  "kelurahan" : "Kedawung Wetan",
  "kodepos" : "67184"
}, {
  "kecamatan" : "Grati",
  "kelurahan" : "Plososari",
  "kodepos" : "67184"
}, {
  "kecamatan" : "Grati",
  "kelurahan" : "Karang Kliwon",
  "kodepos" : "67184"
}, {
  "kecamatan" : "Grati",
  "kelurahan" : "Karang Lo",
  "kodepos" : "67184"
}, {
  "kecamatan" : "Grati",
  "kelurahan" : "Kebon Rejo",
  "kodepos" : "67184"
}, {
  "kecamatan" : "Grati",
  "kelurahan" : "Kambingan Rejo",
  "kodepos" : "67184"
}, {
  "kecamatan" : "Grati",
  "kelurahan" : "Grati Tunon",
  "kodepos" : "67184"
}, {
  "kecamatan" : "Grati",
  "kelurahan" : "Kalipang",
  "kodepos" : "67184"
}, {
  "kecamatan" : "Grati",
  "kelurahan" : "Cukur Gondang",
  "kodepos" : "67184"
}, {
  "kecamatan" : "Lumbang",
  "kelurahan" : "Welulang",
  "kodepos" : "67183"
}, {
  "kecamatan" : "Lumbang",
  "kelurahan" : "Wonorejo",
  "kodepos" : "67183"
}, {
  "kecamatan" : "Lumbang",
  "kelurahan" : "Panditan",
  "kodepos" : "67183"
}, {
  "kecamatan" : "Lumbang",
  "kelurahan" : "Watulumbung",
  "kodepos" : "67183"
}, {
  "kecamatan" : "Lumbang",
  "kelurahan" : "Kronto",
  "kodepos" : "67183"
}, {
  "kecamatan" : "Lumbang",
  "kelurahan" : "Lumbang",
  "kodepos" : "67183"
}, {
  "kecamatan" : "Lumbang",
  "kelurahan" : "Pancur",
  "kodepos" : "67183"
}, {
  "kecamatan" : "Lumbang",
  "kelurahan" : "Karang Asem",
  "kodepos" : "67183"
}, {
  "kecamatan" : "Lumbang",
  "kelurahan" : "Karang Jati",
  "kodepos" : "67183"
}, {
  "kecamatan" : "Lumbang",
  "kelurahan" : "Banjarimbo",
  "kodepos" : "67183"
}, {
  "kecamatan" : "Lumbang",
  "kelurahan" : "Bulukandang",
  "kodepos" : "67183"
}, {
  "kecamatan" : "Lumbang",
  "kelurahan" : "Cukurguling",
  "kodepos" : "67183"
}, {
  "kecamatan" : "Winongan",
  "kelurahan" : "Winongan Lor",
  "kodepos" : "67182"
}, {
  "kecamatan" : "Winongan",
  "kelurahan" : "Winongan Kidul",
  "kodepos" : "67182"
}, {
  "kecamatan" : "Winongan",
  "kelurahan" : "Umbulan",
  "kodepos" : "67182"
}, {
  "kecamatan" : "Winongan",
  "kelurahan" : "Sruwi",
  "kodepos" : "67182"
}, {
  "kecamatan" : "Winongan",
  "kelurahan" : "Sumber Rejo",
  "kodepos" : "67182"
}, {
  "kecamatan" : "Winongan",
  "kelurahan" : "Penataan",
  "kodepos" : "67182"
}, {
  "kecamatan" : "Winongan",
  "kelurahan" : "Prodo",
  "kodepos" : "67182"
}, {
  "kecamatan" : "Winongan",
  "kelurahan" : "Sidepan",
  "kodepos" : "67182"
}, {
  "kecamatan" : "Winongan",
  "kelurahan" : "Menyarik",
  "kodepos" : "67182"
}, {
  "kecamatan" : "Winongan",
  "kelurahan" : "Minggir",
  "kodepos" : "67182"
}, {
  "kecamatan" : "Winongan",
  "kelurahan" : "Kedung Rejo",
  "kodepos" : "67182"
}, {
  "kecamatan" : "Winongan",
  "kelurahan" : "Lebak",
  "kodepos" : "67182"
}, {
  "kecamatan" : "Winongan",
  "kelurahan" : "Mendalan",
  "kodepos" : "67182"
}, {
  "kecamatan" : "Winongan",
  "kelurahan" : "Kandung",
  "kodepos" : "67182"
}, {
  "kecamatan" : "Winongan",
  "kelurahan" : "Karang Tengah",
  "kodepos" : "67182"
}, {
  "kecamatan" : "Winongan",
  "kelurahan" : "Jeladri",
  "kodepos" : "67182"
}, {
  "kecamatan" : "Winongan",
  "kelurahan" : "Gading",
  "kodepos" : "67182"
}, {
  "kecamatan" : "Winongan",
  "kelurahan" : "Bandaran",
  "kodepos" : "67182"
}, {
  "kecamatan" : "Rejoso",
  "kelurahan" : "Segoro Puro",
  "kodepos" : "67181"
}, {
  "kecamatan" : "Rejoso",
  "kelurahan" : "Toyaning",
  "kodepos" : "67181"
}, {
  "kecamatan" : "Rejoso",
  "kelurahan" : "Sadeng Rejo",
  "kodepos" : "67181"
}, {
  "kecamatan" : "Rejoso",
  "kelurahan" : "Sambirejo",
  "kodepos" : "67181"
}, {
  "kecamatan" : "Rejoso",
  "kelurahan" : "Rejoso Kidul",
  "kodepos" : "67181"
}, {
  "kecamatan" : "Rejoso",
  "kelurahan" : "Rejosolor",
  "kodepos" : "67181"
}, {
  "kecamatan" : "Rejoso",
  "kelurahan" : "Pandan Rejo",
  "kodepos" : "67181"
}, {
  "kecamatan" : "Rejoso",
  "kelurahan" : "Patuguran",
  "kodepos" : "67181"
}, {
  "kecamatan" : "Rejoso",
  "kelurahan" : "Manik Rejo",
  "kodepos" : "67181"
}, {
  "kecamatan" : "Rejoso",
  "kelurahan" : "Kedung Bako",
  "kodepos" : "67181"
}, {
  "kecamatan" : "Rejoso",
  "kelurahan" : "Kemantren Rejo",
  "kodepos" : "67181"
}, {
  "kecamatan" : "Rejoso",
  "kelurahan" : "Ketegan",
  "kodepos" : "67181"
}, {
  "kecamatan" : "Rejoso",
  "kelurahan" : "Karang Pandan",
  "kodepos" : "67181"
}, {
  "kecamatan" : "Rejoso",
  "kelurahan" : "Kawis Rejo",
  "kodepos" : "67181"
}, {
  "kecamatan" : "Rejoso",
  "kelurahan" : "Jarangan",
  "kodepos" : "67181"
}, {
  "kecamatan" : "Rejoso",
  "kelurahan" : "Arjosari",
  "kodepos" : "67181"
}, {
  "kecamatan" : "Tosari",
  "kelurahan" : "Tosari",
  "kodepos" : "67177"
}, {
  "kecamatan" : "Tosari",
  "kelurahan" : "Wonokitri",
  "kodepos" : "67177"
}, {
  "kecamatan" : "Tosari",
  "kelurahan" : "Ngadiwono",
  "kodepos" : "67177"
}, {
  "kecamatan" : "Tosari",
  "kelurahan" : "Podokoyo",
  "kodepos" : "67177"
}, {
  "kecamatan" : "Tosari",
  "kelurahan" : "Sedaeng",
  "kodepos" : "67177"
}, {
  "kecamatan" : "Tosari",
  "kelurahan" : "Kandangan",
  "kodepos" : "67177"
}, {
  "kecamatan" : "Tosari",
  "kelurahan" : "Mororejo",
  "kodepos" : "67177"
}, {
  "kecamatan" : "Puspo",
  "kelurahan" : "Pusung Malang",
  "kodepos" : "67176"
}, {
  "kecamatan" : "Tosari",
  "kelurahan" : "Baledono",
  "kodepos" : "67177"
}, {
  "kecamatan" : "Puspo",
  "kelurahan" : "Palang Sari",
  "kodepos" : "67176"
}, {
  "kecamatan" : "Puspo",
  "kelurahan" : "Puspo",
  "kodepos" : "67176"
}, {
  "kecamatan" : "Puspo",
  "kelurahan" : "Jimbaran",
  "kodepos" : "67176"
}, {
  "kecamatan" : "Puspo",
  "kelurahan" : "Keduwung",
  "kodepos" : "67176"
}, {
  "kecamatan" : "Puspo",
  "kelurahan" : "Kemiri",
  "kodepos" : "67176"
}, {
  "kecamatan" : "Puspo",
  "kelurahan" : "Jangjangwulung",
  "kodepos" : "67176"
}, {
  "kecamatan" : "Pasrepan",
  "kelurahan" : "Tambakrejo",
  "kodepos" : "67175"
}, {
  "kecamatan" : "Pasrepan",
  "kelurahan" : "Tempuran",
  "kodepos" : "67175"
}, {
  "kecamatan" : "Pasrepan",
  "kelurahan" : "Rejosalam",
  "kodepos" : "67175"
}, {
  "kecamatan" : "Pasrepan",
  "kelurahan" : "Sapulante",
  "kodepos" : "67175"
}, {
  "kecamatan" : "Pasrepan",
  "kelurahan" : "Sibon",
  "kodepos" : "67175"
}, {
  "kecamatan" : "Pasrepan",
  "kelurahan" : "Poh Gading",
  "kodepos" : "67175"
}, {
  "kecamatan" : "Pasrepan",
  "kelurahan" : "Poh Gedang",
  "kodepos" : "67175"
}, {
  "kecamatan" : "Pasrepan",
  "kelurahan" : "Ngantungan",
  "kodepos" : "67175"
}, {
  "kecamatan" : "Pasrepan",
  "kelurahan" : "Pasrepan",
  "kodepos" : "67175"
}, {
  "kecamatan" : "Pasrepan",
  "kelurahan" : "Petung",
  "kodepos" : "67175"
}, {
  "kecamatan" : "Pasrepan",
  "kelurahan" : "Lemahbang",
  "kodepos" : "67175"
}, {
  "kecamatan" : "Pasrepan",
  "kelurahan" : "Mangguan",
  "kodepos" : "67175"
}, {
  "kecamatan" : "Pasrepan",
  "kelurahan" : "Galih",
  "kodepos" : "67175"
}, {
  "kecamatan" : "Pasrepan",
  "kelurahan" : "Jogorepuh",
  "kodepos" : "67175"
}, {
  "kecamatan" : "Pasrepan",
  "kelurahan" : "Klakah",
  "kodepos" : "67175"
}, {
  "kecamatan" : "Pasrepan",
  "kelurahan" : "Ampelsari",
  "kodepos" : "67175"
}, {
  "kecamatan" : "Pasrepan",
  "kelurahan" : "Cengkrong",
  "kodepos" : "67175"
}, {
  "kecamatan" : "Gondang Wetan",
  "kelurahan" : "Wonojati",
  "kodepos" : "67174"
}, {
  "kecamatan" : "Gondang Wetan",
  "kelurahan" : "Wonosari",
  "kodepos" : "67174"
}, {
  "kecamatan" : "Gondang Wetan",
  "kelurahan" : "Tebas",
  "kodepos" : "67174"
}, {
  "kecamatan" : "Gondang Wetan",
  "kelurahan" : "Tenggilis Rejo",
  "kodepos" : "67174"
}, {
  "kecamatan" : "Gondang Wetan",
  "kelurahan" : "Ranggeh",
  "kodepos" : "67174"
}, {
  "kecamatan" : "Gondang Wetan",
  "kelurahan" : "Sekar Putih",
  "kodepos" : "67174"
}, {
  "kecamatan" : "Gondang Wetan",
  "kelurahan" : "Pateguhan",
  "kodepos" : "67174"
}, {
  "kecamatan" : "Gondang Wetan",
  "kelurahan" : "Pekangkungan",
  "kodepos" : "67174"
}, {
  "kecamatan" : "Gondang Wetan",
  "kelurahan" : "Lajuk",
  "kodepos" : "67174"
}, {
  "kecamatan" : "Gondang Wetan",
  "kelurahan" : "Kersikan",
  "kodepos" : "67174"
}, {
  "kecamatan" : "Gondang Wetan",
  "kelurahan" : "Lajuk",
  "kodepos" : "67174"
}, {
  "kecamatan" : "Gondang Wetan",
  "kelurahan" : "Kali Rejo",
  "kodepos" : "67174"
}, {
  "kecamatan" : "Gondang Wetan",
  "kelurahan" : "Karang Sentul",
  "kodepos" : "67174"
}, {
  "kecamatan" : "Gondang Wetan",
  "kelurahan" : "Gondang Wetan",
  "kodepos" : "67174"
}, {
  "kecamatan" : "Gondang Wetan",
  "kelurahan" : "Grogol",
  "kodepos" : "67174"
}, {
  "kecamatan" : "Gondang Wetan",
  "kelurahan" : "Gayam",
  "kodepos" : "67174"
}, {
  "kecamatan" : "Gondang Wetan",
  "kelurahan" : "Gondang Rejo",
  "kodepos" : "67174"
}, {
  "kecamatan" : "Gondang Wetan",
  "kelurahan" : "Brambang",
  "kodepos" : "67174"
}, {
  "kecamatan" : "Gondang Wetan",
  "kelurahan" : "Bayeman",
  "kodepos" : "67174"
}, {
  "kecamatan" : "Wonorejo",
  "kelurahan" : "Wonosari",
  "kodepos" : "67173"
}, {
  "kecamatan" : "Gondang Wetan",
  "kelurahan" : "Bajangan",
  "kodepos" : "67174"
}, {
  "kecamatan" : "Wonorejo",
  "kelurahan" : "Tamansari",
  "kodepos" : "67173"
}, {
  "kecamatan" : "Wonorejo",
  "kelurahan" : "Wonorejo",
  "kodepos" : "67173"
}, {
  "kecamatan" : "Wonorejo",
  "kelurahan" : "Pakijangan",
  "kodepos" : "67173"
}, {
  "kecamatan" : "Wonorejo",
  "kelurahan" : "Rebono",
  "kodepos" : "67173"
}, {
  "kecamatan" : "Wonorejo",
  "kelurahan" : "Sambisirah",
  "kodepos" : "67173"
}, {
  "kecamatan" : "Wonorejo",
  "kelurahan" : "Kendang Dukuh",
  "kodepos" : "67173"
}, {
  "kecamatan" : "Wonorejo",
  "kelurahan" : "Kluwut",
  "kodepos" : "67173"
}, {
  "kecamatan" : "Wonorejo",
  "kelurahan" : "Lebaksari",
  "kodepos" : "67173"
}, {
  "kecamatan" : "Wonorejo",
  "kelurahan" : "Karangjati Anyar",
  "kodepos" : "67173"
}, {
  "kecamatan" : "Wonorejo",
  "kelurahan" : "Karangsono",
  "kodepos" : "67173"
}, {
  "kecamatan" : "Wonorejo",
  "kelurahan" : "Karang Menggah",
  "kodepos" : "67173"
}, {
  "kecamatan" : "Wonorejo",
  "kelurahan" : "Karang Asem",
  "kodepos" : "67173"
}, {
  "kecamatan" : "Kejayan",
  "kelurahan" : "Wrati",
  "kodepos" : "67172"
}, {
  "kecamatan" : "Wonorejo",
  "kelurahan" : "Coban Blimbing",
  "kodepos" : "67173"
}, {
  "kecamatan" : "Wonorejo",
  "kelurahan" : "Jati Gunting",
  "kodepos" : "67173"
}, {
  "kecamatan" : "Kejayan",
  "kelurahan" : "Tundo Soro",
  "kodepos" : "67172"
}, {
  "kecamatan" : "Kejayan",
  "kelurahan" : "Wangkal Wetan",
  "kodepos" : "67172"
}, {
  "kecamatan" : "Kejayan",
  "kelurahan" : "Sumber Banteng",
  "kodepos" : "67172"
}, {
  "kecamatan" : "Kejayan",
  "kelurahan" : "Sumber Suko",
  "kodepos" : "67172"
}, {
  "kecamatan" : "Kejayan",
  "kelurahan" : "Tanggulangin",
  "kodepos" : "67172"
}, {
  "kecamatan" : "Kejayan",
  "kelurahan" : "Patebon",
  "kodepos" : "67172"
}, {
  "kecamatan" : "Kejayan",
  "kelurahan" : "Randu Gong",
  "kodepos" : "67172"
}, {
  "kecamatan" : "Kejayan",
  "kelurahan" : "Sladi",
  "kodepos" : "67172"
}, {
  "kecamatan" : "Kejayan",
  "kelurahan" : "Luwuk",
  "kodepos" : "67172"
}, {
  "kecamatan" : "Kejayan",
  "kelurahan" : "Oro Oro Pule",
  "kodepos" : "67172"
}, {
  "kecamatan" : "Kejayan",
  "kelurahan" : "Pacar Keling",
  "kodepos" : "67172"
}, {
  "kecamatan" : "Kejayan",
  "kelurahan" : "Kurung",
  "kodepos" : "67172"
}, {
  "kecamatan" : "Kejayan",
  "kelurahan" : "Linggo",
  "kodepos" : "67172"
}, {
  "kecamatan" : "Kejayan",
  "kelurahan" : "Kurung",
  "kodepos" : "67172"
}, {
  "kecamatan" : "Kejayan",
  "kelurahan" : "Klangrong",
  "kodepos" : "67172"
}, {
  "kecamatan" : "Kejayan",
  "kelurahan" : "Klinter",
  "kodepos" : "67172"
}, {
  "kecamatan" : "Kejayan",
  "kelurahan" : "Kejayan",
  "kodepos" : "67172"
}, {
  "kecamatan" : "Kejayan",
  "kelurahan" : "Kepuh",
  "kodepos" : "67172"
}, {
  "kecamatan" : "Kejayan",
  "kelurahan" : "Ketangi Rejo (Kangirejo)",
  "kodepos" : "67172"
}, {
  "kecamatan" : "Kejayan",
  "kelurahan" : "Coban Joyo",
  "kodepos" : "67172"
}, {
  "kecamatan" : "Kejayan",
  "kelurahan" : "Kedemungan",
  "kodepos" : "67172"
}, {
  "kecamatan" : "Kejayan",
  "kelurahan" : "Kedung Pengaron",
  "kodepos" : "67172"
}, {
  "kecamatan" : "Kejayan",
  "kelurahan" : "Benerwojo",
  "kodepos" : "67172"
}, {
  "kecamatan" : "Kejayan",
  "kelurahan" : "Ambal Ambil",
  "kodepos" : "67172"
}, {
  "kecamatan" : "Pohjentrek",
  "kelurahan" : "Susukan Rejo",
  "kodepos" : "67171"
}, {
  "kecamatan" : "Pohjentrek",
  "kelurahan" : "Tidu",
  "kodepos" : "67171"
}, {
  "kecamatan" : "Pohjentrek",
  "kelurahan" : "Warung Dowo",
  "kodepos" : "67171"
}, {
  "kecamatan" : "Pohjentrek",
  "kelurahan" : "Sungi Kulon",
  "kodepos" : "67171"
}, {
  "kecamatan" : "Pohjentrek",
  "kelurahan" : "Sungi Wetan",
  "kodepos" : "67171"
}, {
  "kecamatan" : "Purworejo",
  "kelurahan" : "Pohjentrek",
  "kodepos" : "67171"
}, {
  "kecamatan" : "Pohjentrek",
  "kelurahan" : "Sukorejo",
  "kodepos" : "67171"
}, {
  "kecamatan" : "Pohjentrek",
  "kelurahan" : "Paras Rejo",
  "kodepos" : "67171"
}, {
  "kecamatan" : "Pohjentrek",
  "kelurahan" : "Pleret",
  "kodepos" : "67171"
}, {
  "kecamatan" : "Tutur",
  "kelurahan" : "Wonosari",
  "kodepos" : "67165"
}, {
  "kecamatan" : "Pohjentrek",
  "kelurahan" : "Logowok",
  "kodepos" : "67171"
}, {
  "kecamatan" : "Tutur",
  "kelurahan" : "Tlogosari",
  "kodepos" : "67165"
}, {
  "kecamatan" : "Tutur",
  "kelurahan" : "Tutur",
  "kodepos" : "67165"
}, {
  "kecamatan" : "Tutur",
  "kelurahan" : "Pungging",
  "kodepos" : "67165"
}, {
  "kecamatan" : "Tutur",
  "kelurahan" : "Sumber Pitu",
  "kodepos" : "67165"
}, {
  "kecamatan" : "Tutur",
  "kelurahan" : "Ngadirejo",
  "kodepos" : "67165"
}, {
  "kecamatan" : "Tutur",
  "kelurahan" : "Ngembal",
  "kodepos" : "67165"
}, {
  "kecamatan" : "Tutur",
  "kelurahan" : "Gendro",
  "kodepos" : "67165"
}, {
  "kecamatan" : "Tutur",
  "kelurahan" : "Kali Pucang",
  "kodepos" : "67165"
}, {
  "kecamatan" : "Tutur",
  "kelurahan" : "Kayu Kebek",
  "kodepos" : "67165"
}, {
  "kecamatan" : "Tutur",
  "kelurahan" : "Andono Sari",
  "kodepos" : "67165"
}, {
  "kecamatan" : "Tutur",
  "kelurahan" : "Blarang",
  "kodepos" : "67165"
}, {
  "kecamatan" : "Purwodadi",
  "kelurahan" : "Tambak Sari",
  "kodepos" : "67163"
}, {
  "kecamatan" : "Purwodadi",
  "kelurahan" : "Semut",
  "kodepos" : "67163"
}, {
  "kecamatan" : "Purwodadi",
  "kelurahan" : "Sentul",
  "kodepos" : "67163"
}, {
  "kecamatan" : "Purwodadi",
  "kelurahan" : "Pucang Sari",
  "kodepos" : "67163"
}, {
  "kecamatan" : "Purwodadi",
  "kelurahan" : "Purwodadi",
  "kodepos" : "67163"
}, {
  "kecamatan" : "Purwodadi",
  "kelurahan" : "Lebak Rejo",
  "kodepos" : "67163"
}, {
  "kecamatan" : "Purwodadi",
  "kelurahan" : "Parerejo",
  "kodepos" : "67163"
}, {
  "kecamatan" : "Purwodadi",
  "kelurahan" : "Gerbo",
  "kodepos" : "67163"
}, {
  "kecamatan" : "Purwodadi",
  "kelurahan" : "Jatisari",
  "kodepos" : "67163"
}, {
  "kecamatan" : "Purwodadi",
  "kelurahan" : "Cowek",
  "kodepos" : "67163"
}, {
  "kecamatan" : "Purwodadi",
  "kelurahan" : "Dawuhan Sengon",
  "kodepos" : "67163"
}, {
  "kecamatan" : "Purwodadi",
  "kelurahan" : "Gajah Rejo",
  "kodepos" : "67163"
}, {
  "kecamatan" : "Purwodadi",
  "kelurahan" : "Capang",
  "kodepos" : "67163"
}, {
  "kecamatan" : "Purwosari",
  "kelurahan" : "Tejowangi",
  "kodepos" : "67162"
}, {
  "kecamatan" : "Purwosari",
  "kelurahan" : "Sumber Rejo",
  "kodepos" : "67162"
}, {
  "kecamatan" : "Purwosari",
  "kelurahan" : "Sumber Suko",
  "kodepos" : "67162"
}, {
  "kecamatan" : "Purwosari",
  "kelurahan" : "Sengon Agung",
  "kodepos" : "67162"
}, {
  "kecamatan" : "Purwosari",
  "kelurahan" : "Sukodermo",
  "kodepos" : "67162"
}, {
  "kecamatan" : "Purwosari",
  "kelurahan" : "Purwosari",
  "kodepos" : "67162"
}, {
  "kecamatan" : "Purwosari",
  "kelurahan" : "Sekar Mojo",
  "kodepos" : "67162"
}, {
  "kecamatan" : "Purwosari",
  "kelurahan" : "Pager",
  "kodepos" : "67162"
}, {
  "kecamatan" : "Purwosari",
  "kelurahan" : "Pucangsari",
  "kodepos" : "67162"
}, {
  "kecamatan" : "Purwosari",
  "kelurahan" : "Kayoman",
  "kodepos" : "67162"
}, {
  "kecamatan" : "Purwosari",
  "kelurahan" : "Kertosari",
  "kodepos" : "67162"
}, {
  "kecamatan" : "Purwosari",
  "kelurahan" : "Martopuro",
  "kodepos" : "67162"
}, {
  "kecamatan" : "Purwosari",
  "kelurahan" : "Karang Rejo",
  "kodepos" : "67162"
}, {
  "kecamatan" : "Purwosari",
  "kelurahan" : "Bakalan",
  "kodepos" : "67162"
}, {
  "kecamatan" : "Purwosari",
  "kelurahan" : "Cendono",
  "kodepos" : "67162"
}, {
  "kecamatan" : "Sukorejo",
  "kelurahan" : "Wonokerto",
  "kodepos" : "67161"
}, {
  "kecamatan" : "Sukorejo",
  "kelurahan" : "Suwayuwo",
  "kodepos" : "67161"
}, {
  "kecamatan" : "Sukorejo",
  "kelurahan" : "Tanjungarum",
  "kodepos" : "67161"
}, {
  "kecamatan" : "Sukorejo",
  "kelurahan" : "Sukorame",
  "kodepos" : "67161"
}, {
  "kecamatan" : "Sukorejo",
  "kelurahan" : "Sukorejo",
  "kodepos" : "67161"
}, {
  "kecamatan" : "Sukorejo",
  "kelurahan" : "Pakukerto",
  "kodepos" : "67161"
}, {
  "kecamatan" : "Sukorejo",
  "kelurahan" : "Sebandung",
  "kodepos" : "67161"
}, {
  "kecamatan" : "Sukorejo",
  "kelurahan" : "Ngadimulyo",
  "kodepos" : "67161"
}, {
  "kecamatan" : "Sukorejo",
  "kelurahan" : "Mojotengah",
  "kodepos" : "67161"
}, {
  "kecamatan" : "Sukorejo",
  "kelurahan" : "Lemahbang",
  "kodepos" : "67161"
}, {
  "kecamatan" : "Sukorejo",
  "kelurahan" : "Lecari",
  "kodepos" : "67161"
}, {
  "kecamatan" : "Sukorejo",
  "kelurahan" : "Kenduruan",
  "kodepos" : "67161"
}, {
  "kecamatan" : "Sukorejo",
  "kelurahan" : "Karangsono",
  "kodepos" : "67161"
}, {
  "kecamatan" : "Sukorejo",
  "kelurahan" : "Kalirejo",
  "kodepos" : "67161"
}, {
  "kecamatan" : "Sukorejo",
  "kelurahan" : "Gunting",
  "kodepos" : "67161"
}, {
  "kecamatan" : "Sukorejo",
  "kelurahan" : "Glagah Sari",
  "kodepos" : "67161"
}, {
  "kecamatan" : "Sukorejo",
  "kelurahan" : "Dukuh Sari",
  "kodepos" : "67161"
}, {
  "kecamatan" : "Sukorejo",
  "kelurahan" : "Curah Rejo",
  "kodepos" : "67161"
}, {
  "kecamatan" : "Sukorejo",
  "kelurahan" : "Candi Binangun",
  "kodepos" : "67161"
}, {
  "kecamatan" : "Prigen",
  "kelurahan" : "Watuagung",
  "kodepos" : "67157"
}, {
  "kecamatan" : "Prigen",
  "kelurahan" : "Sukoreno",
  "kodepos" : "67157"
}, {
  "kecamatan" : "Prigen",
  "kelurahan" : "Sukolelo",
  "kodepos" : "67157"
}, {
  "kecamatan" : "Prigen",
  "kelurahan" : "Sekarjoho",
  "kodepos" : "67157"
}, {
  "kecamatan" : "Prigen",
  "kelurahan" : "Prigen",
  "kodepos" : "67157"
}, {
  "kecamatan" : "Prigen",
  "kelurahan" : "Lumbang Rejo",
  "kodepos" : "67157"
}, {
  "kecamatan" : "Prigen",
  "kelurahan" : "Pecalukan",
  "kodepos" : "67157"
}, {
  "kecamatan" : "Prigen",
  "kelurahan" : "Ledug",
  "kodepos" : "67157"
}, {
  "kecamatan" : "Prigen",
  "kelurahan" : "Ketanireng",
  "kodepos" : "67157"
}, {
  "kecamatan" : "Prigen",
  "kelurahan" : "Jatiarjo",
  "kodepos" : "67157"
}, {
  "kecamatan" : "Prigen",
  "kelurahan" : "Dayurejo",
  "kodepos" : "67157"
}, {
  "kecamatan" : "Prigen",
  "kelurahan" : "Gambiran",
  "kodepos" : "67157"
}, {
  "kecamatan" : "Prigen",
  "kelurahan" : "Candi Wates",
  "kodepos" : "67157"
}, {
  "kecamatan" : "Prigen",
  "kelurahan" : "Bulukandang",
  "kodepos" : "67157"
}, {
  "kecamatan" : "Pandaan",
  "kelurahan" : "Wedoro",
  "kodepos" : "67156"
}, {
  "kecamatan" : "Pandaan",
  "kelurahan" : "Tunggul Wulung",
  "kodepos" : "67156"
}, {
  "kecamatan" : "Pandaan",
  "kelurahan" : "Tawang Rejo",
  "kodepos" : "67156"
}, {
  "kecamatan" : "Pandaan",
  "kelurahan" : "Sumber Rejo",
  "kodepos" : "67156"
}, {
  "kecamatan" : "Pandaan",
  "kelurahan" : "Sumber Gedang",
  "kodepos" : "67156"
}, {
  "kecamatan" : "Pandaan",
  "kelurahan" : "Plintahan",
  "kodepos" : "67156"
}, {
  "kecamatan" : "Pandaan",
  "kelurahan" : "Sebani",
  "kodepos" : "67156"
}, {
  "kecamatan" : "Pandaan",
  "kelurahan" : "Petungasri",
  "kodepos" : "67156"
}, {
  "kecamatan" : "Pandaan",
  "kelurahan" : "Pandaan",
  "kodepos" : "67156"
}, {
  "kecamatan" : "Pandaan",
  "kelurahan" : "Nogosari",
  "kodepos" : "67156"
}, {
  "kecamatan" : "Pandaan",
  "kelurahan" : "Kutorejo",
  "kodepos" : "67156"
}, {
  "kecamatan" : "Pandaan",
  "kelurahan" : "Kebon Waris",
  "kodepos" : "67156"
}, {
  "kecamatan" : "Pandaan",
  "kelurahan" : "Kemiri Sewu",
  "kodepos" : "67156"
}, {
  "kecamatan" : "Pandaan",
  "kelurahan" : "Karang Jati",
  "kodepos" : "67156"
}, {
  "kecamatan" : "Pandaan",
  "kelurahan" : "Jogosari",
  "kodepos" : "67156"
}, {
  "kecamatan" : "Pandaan",
  "kelurahan" : "Durensewu",
  "kodepos" : "67156"
}, {
  "kecamatan" : "Pandaan",
  "kelurahan" : "Banjarsari",
  "kodepos" : "67156"
}, {
  "kecamatan" : "Pandaan",
  "kelurahan" : "Banjar Kejen",
  "kodepos" : "67156"
}, {
  "kecamatan" : "Gempol",
  "kelurahan" : "Wonosunyo",
  "kodepos" : "67155"
}, {
  "kecamatan" : "Gempol",
  "kelurahan" : "Winong",
  "kodepos" : "67155"
}, {
  "kecamatan" : "Gempol",
  "kelurahan" : "Wonosari",
  "kodepos" : "67155"
}, {
  "kecamatan" : "Gempol",
  "kelurahan" : "Sumber Suko",
  "kodepos" : "67155"
}, {
  "kecamatan" : "Gempol",
  "kelurahan" : "Watukosek",
  "kodepos" : "67155"
}, {
  "kecamatan" : "Gempol",
  "kelurahan" : "Ngerong",
  "kodepos" : "67155"
}, {
  "kecamatan" : "Gempol",
  "kelurahan" : "Randupitu",
  "kodepos" : "67155"
}, {
  "kecamatan" : "Gempol",
  "kelurahan" : "Kepulungan",
  "kodepos" : "67155"
}, {
  "kecamatan" : "Gempol",
  "kelurahan" : "Legok",
  "kodepos" : "67155"
}, {
  "kecamatan" : "Gempol",
  "kelurahan" : "Kejapanan",
  "kodepos" : "67155"
}, {
  "kecamatan" : "Gempol",
  "kelurahan" : "Jeruk Purut",
  "kodepos" : "67155"
}, {
  "kecamatan" : "Gempol",
  "kelurahan" : "Karangrejo",
  "kodepos" : "67155"
}, {
  "kecamatan" : "Gempol",
  "kelurahan" : "Carat",
  "kodepos" : "67155"
}, {
  "kecamatan" : "Gempol",
  "kelurahan" : "Gempol",
  "kodepos" : "67155"
}, {
  "kecamatan" : "Beji",
  "kelurahan" : "Wonokoyo",
  "kodepos" : "67154"
}, {
  "kecamatan" : "Gempol",
  "kelurahan" : "Bulusari",
  "kodepos" : "67155"
}, {
  "kecamatan" : "Beji",
  "kelurahan" : "Pagak",
  "kodepos" : "67154"
}, {
  "kecamatan" : "Beji",
  "kelurahan" : "Sidowayah",
  "kodepos" : "67154"
}, {
  "kecamatan" : "Beji",
  "kelurahan" : "Kenep",
  "kodepos" : "67154"
}, {
  "kecamatan" : "Beji",
  "kelurahan" : "Ngembe",
  "kodepos" : "67154"
}, {
  "kecamatan" : "Beji",
  "kelurahan" : "Kedung Ringin",
  "kodepos" : "67154"
}, {
  "kecamatan" : "Beji",
  "kelurahan" : "Kedung Boto",
  "kodepos" : "67154"
}, {
  "kecamatan" : "Beji",
  "kelurahan" : "Glanggang",
  "kodepos" : "67154"
}, {
  "kecamatan" : "Beji",
  "kelurahan" : "Gunung Gangsir",
  "kodepos" : "67154"
}, {
  "kecamatan" : "Beji",
  "kelurahan" : "Gunung Sari",
  "kodepos" : "67154"
}, {
  "kecamatan" : "Beji",
  "kelurahan" : "Cangkring Malang",
  "kodepos" : "67154"
}, {
  "kecamatan" : "Beji",
  "kelurahan" : "Gajahbendo",
  "kodepos" : "67154"
}, {
  "kecamatan" : "Beji",
  "kelurahan" : "Baujeng",
  "kodepos" : "67154"
}, {
  "kecamatan" : "Beji",
  "kelurahan" : "Beji",
  "kodepos" : "67154"
}, {
  "kecamatan" : "Bangil",
  "kelurahan" : "Tambakan",
  "kodepos" : "67153"
}, {
  "kecamatan" : "Bangil",
  "kelurahan" : "Raci",
  "kodepos" : "67153"
}, {
  "kecamatan" : "Bangil",
  "kelurahan" : "Masangan",
  "kodepos" : "67153"
}, {
  "kecamatan" : "Bangil",
  "kelurahan" : "Pogar",
  "kodepos" : "67153"
}, {
  "kecamatan" : "Bangil",
  "kelurahan" : "Manaruwi",
  "kodepos" : "67153"
}, {
  "kecamatan" : "Bangil",
  "kelurahan" : "Kolursari",
  "kodepos" : "67153"
}, {
  "kecamatan" : "Bangil",
  "kelurahan" : "Latek",
  "kodepos" : "67153"
}, {
  "kecamatan" : "Bangil",
  "kelurahan" : "Kidul Dalem",
  "kodepos" : "67153"
}, {
  "kecamatan" : "Bangil",
  "kelurahan" : "Kauman",
  "kodepos" : "67153"
}, {
  "kecamatan" : "Bangil",
  "kelurahan" : "Kersikan",
  "kodepos" : "67153"
}, {
  "kecamatan" : "Bangil",
  "kelurahan" : "Kalianyar",
  "kodepos" : "67153"
}, {
  "kecamatan" : "Bangil",
  "kelurahan" : "Kalirejo",
  "kodepos" : "67153"
}, {
  "kecamatan" : "Bangil",
  "kelurahan" : "Gempeng",
  "kodepos" : "67153"
}, {
  "kecamatan" : "Bangil",
  "kelurahan" : "Bendo Mungal",
  "kodepos" : "67153"
}, {
  "kecamatan" : "Bangil",
  "kelurahan" : "Dermo",
  "kodepos" : "67153"
}, {
  "kecamatan" : "Rembang",
  "kelurahan" : "Sumber Glagah",
  "kodepos" : "67152"
}, {
  "kecamatan" : "Rembang",
  "kelurahan" : "Tampung",
  "kodepos" : "67152"
}, {
  "kecamatan" : "Rembang",
  "kelurahan" : "Siyar",
  "kodepos" : "67152"
}, {
  "kecamatan" : "Rembang",
  "kelurahan" : "Rembang",
  "kodepos" : "67152"
}, {
  "kecamatan" : "Rembang",
  "kelurahan" : "Pekoren",
  "kodepos" : "67152"
}, {
  "kecamatan" : "Rembang",
  "kelurahan" : "Pejangkungan",
  "kodepos" : "67152"
}, {
  "kecamatan" : "Rembang",
  "kelurahan" : "Oroombo Wetan",
  "kodepos" : "67152"
}, {
  "kecamatan" : "Rembang",
  "kelurahan" : "Pajaran",
  "kodepos" : "67152"
}, {
  "kecamatan" : "Rembang",
  "kelurahan" : "Pandean",
  "kodepos" : "67152"
}, {
  "kecamatan" : "Rembang",
  "kelurahan" : "Orobulu",
  "kodepos" : "67152"
}, {
  "kecamatan" : "Rembang",
  "kelurahan" : "Oroombo Kulon",
  "kodepos" : "67152"
}, {
  "kecamatan" : "Rembang",
  "kelurahan" : "Mojoparon",
  "kodepos" : "67152"
}, {
  "kecamatan" : "Rembang",
  "kelurahan" : "Kedung Banteng",
  "kodepos" : "67152"
}, {
  "kecamatan" : "Rembang",
  "kelurahan" : "Krengih",
  "kodepos" : "67152"
}, {
  "kecamatan" : "Rembang",
  "kelurahan" : "Kalisat",
  "kodepos" : "67152"
}, {
  "kecamatan" : "Rembang",
  "kelurahan" : "Kanigoro",
  "kodepos" : "67152"
}, {
  "kecamatan" : "Rembang",
  "kelurahan" : "Geneng Waru",
  "kodepos" : "67152"
}, {
  "kecamatan" : "Kraton",
  "kelurahan" : "Tambaksari",
  "kodepos" : "67151"
}, {
  "kecamatan" : "Kraton",
  "kelurahan" : "Slambrit",
  "kodepos" : "67151"
}, {
  "kecamatan" : "Kraton",
  "kelurahan" : "Tambakrejo",
  "kodepos" : "67151"
}, {
  "kecamatan" : "Kraton",
  "kelurahan" : "Sidogiri",
  "kodepos" : "67151"
}, {
  "kecamatan" : "Kraton",
  "kelurahan" : "Rejosari",
  "kodepos" : "67151"
}, {
  "kecamatan" : "Kraton",
  "kelurahan" : "Selotambak",
  "kodepos" : "67151"
}, {
  "kecamatan" : "Kraton",
  "kelurahan" : "Semare",
  "kodepos" : "67151"
}, {
  "kecamatan" : "Kraton",
  "kelurahan" : "Pukul",
  "kodepos" : "67151"
}, {
  "kecamatan" : "Kraton",
  "kelurahan" : "Pulokerto",
  "kodepos" : "67151"
}, {
  "kecamatan" : "Kraton",
  "kelurahan" : "Ngempit",
  "kodepos" : "67151"
}, {
  "kecamatan" : "Kraton",
  "kelurahan" : "Plinggisan",
  "kodepos" : "67151"
}, {
  "kecamatan" : "Kraton",
  "kelurahan" : "Ngabar",
  "kodepos" : "67151"
}, {
  "kecamatan" : "Kraton",
  "kelurahan" : "Klampis Rejo",
  "kodepos" : "67151"
}, {
  "kecamatan" : "Kraton",
  "kelurahan" : "Kraton",
  "kodepos" : "67151"
}, {
  "kecamatan" : "Kraton",
  "kelurahan" : "Mulyo Rejo",
  "kodepos" : "67151"
}, {
  "kecamatan" : "Kraton",
  "kelurahan" : "Karang Anyar",
  "kodepos" : "67151"
}, {
  "kecamatan" : "Kraton",
  "kelurahan" : "Kebotohan",
  "kodepos" : "67151"
}, {
  "kecamatan" : "Kraton",
  "kelurahan" : "Kalirejo",
  "kodepos" : "67151"
}, {
  "kecamatan" : "Kraton",
  "kelurahan" : "Jeruk",
  "kodepos" : "67151"
}, {
  "kecamatan" : "Kraton",
  "kelurahan" : "Dhompo",
  "kodepos" : "67151"
}, {
  "kecamatan" : "Kraton",
  "kelurahan" : "Gambir Kuning",
  "kodepos" : "67151"
}, {
  "kecamatan" : "Kraton",
  "kelurahan" : "Gerongan",
  "kodepos" : "67151"
}, {
  "kecamatan" : "Kraton",
  "kelurahan" : "Curah Dukuh",
  "kodepos" : "67151"
}, {
  "kecamatan" : "Kraton",
  "kelurahan" : "Asemkandang",
  "kodepos" : "67151"
}, {
  "kecamatan" : "Kraton",
  "kelurahan" : "Bendungan",
  "kodepos" : "67151"
}, {
  "kecamatan" : "Gadingrejo",
  "kelurahan" : "Sebani",
  "kodepos" : "67139"
}, {
  "kecamatan" : "Gadingrejo",
  "kelurahan" : "Bukir",
  "kodepos" : "67138"
}, {
  "kecamatan" : "Gadingrejo",
  "kelurahan" : "Gentong",
  "kodepos" : "67139"
}, {
  "kecamatan" : "Gadingrejo",
  "kelurahan" : "Krapyakrejo",
  "kodepos" : "67137"
}, {
  "kecamatan" : "Gadingrejo",
  "kelurahan" : "Petahunan",
  "kodepos" : "67136"
}, {
  "kecamatan" : "Gadingrejo",
  "kelurahan" : "Randusari",
  "kodepos" : "67136"
}, {
  "kecamatan" : "Gadingrejo",
  "kelurahan" : "Gadingrejo",
  "kodepos" : "67134"
}, {
  "kecamatan" : "Gadingrejo",
  "kelurahan" : "Karangketug",
  "kodepos" : "67135"
}, {
  "kecamatan" : "Panggungrejo",
  "kelurahan" : "Tambaan",
  "kodepos" : "67133"
}, {
  "kecamatan" : "Panggungrejo",
  "kelurahan" : "Karanganyar",
  "kodepos" : "67131"
}, {
  "kecamatan" : "Panggungrejo",
  "kelurahan" : "Trajeng",
  "kodepos" : "67132"
}, {
  "kecamatan" : "Bugul Kidul",
  "kelurahan" : "Kepel",
  "kodepos" : "67129"
}, {
  "kecamatan" : "Bugul Kidul",
  "kelurahan" : "Tapaan",
  "kodepos" : "67129"
}, {
  "kecamatan" : "Bugul Kidul",
  "kelurahan" : "Bugul Kidul",
  "kodepos" : "67129"
}, {
  "kecamatan" : "Panggungrejo",
  "kelurahan" : "Bugul Lor",
  "kodepos" : "67129"
}, {
  "kecamatan" : "Bugul Kidul",
  "kelurahan" : "Bakalan",
  "kodepos" : "67128"
}, {
  "kecamatan" : "Bugul Kidul",
  "kelurahan" : "Blandongan",
  "kodepos" : "67128"
}, {
  "kecamatan" : "Purworejo",
  "kelurahan" : "Sekargadung",
  "kodepos" : "67127"
}, {
  "kecamatan" : "Panggungrejo",
  "kelurahan" : "Petamanan",
  "kodepos" : "67126"
}, {
  "kecamatan" : "Bugul Kidul",
  "kelurahan" : "Krampyangan",
  "kodepos" : "67127"
}, {
  "kecamatan" : "Panggungrejo",
  "kelurahan" : "Pekuncen",
  "kodepos" : "67126"
}, {
  "kecamatan" : "Panggungrejo",
  "kelurahan" : "Kandang Sapi",
  "kodepos" : "67125"
}, {
  "kecamatan" : "Panggungrejo",
  "kelurahan" : "Mandaranrejo",
  "kodepos" : "67123"
}, {
  "kecamatan" : "Panggungrejo",
  "kelurahan" : "Panggungrejo",
  "kodepos" : "67124"
}, {
  "kecamatan" : "Purworejo",
  "kelurahan" : "Wirogunan",
  "kodepos" : "67118"
}, {
  "kecamatan" : "Purworejo",
  "kelurahan" : "Purutrejo",
  "kodepos" : "67117"
}, {
  "kecamatan" : "Purworejo",
  "kelurahan" : "Tembokrejo",
  "kodepos" : "67118"
}, {
  "kecamatan" : "Purworejo",
  "kelurahan" : "Purworejo",
  "kodepos" : "67115"
}, {
  "kecamatan" : "Purworejo",
  "kelurahan" : "Kebonagung",
  "kodepos" : "67116"
}, {
  "kecamatan" : "Panggungrejo",
  "kelurahan" : "Kebonsari",
  "kodepos" : "67114"
}, {
  "kecamatan" : "Panggungrejo",
  "kelurahan" : "Bangilan",
  "kodepos" : "67111"
}, {
  "kecamatan" : "Panggungrejo",
  "kelurahan" : "Mayangan",
  "kodepos" : "67112"
}, {
  "kecamatan" : "Panggungrejo",
  "kelurahan" : "Ngemplakrejo",
  "kodepos" : "67113"
} ]
