[ {
  "kecamatan" : "Watulimo",
  "kelurahan" : "Watulimo",
  "kodepos" : "66382"
}, {
  "kecamatan" : "Watulimo",
  "kelurahan" : "Tasikmadu",
  "kodepos" : "66382"
}, {
  "kecamatan" : "Watulimo",
  "kelurahan" : "Watuagung",
  "kodepos" : "66382"
}, {
  "kecamatan" : "Watulimo",
  "kelurahan" : "Slawe",
  "kodepos" : "66382"
}, {
  "kecamatan" : "Watulimo",
  "kelurahan" : "Pakel",
  "kodepos" : "66382"
}, {
  "kecamatan" : "Watulimo",
  "kelurahan" : "Prigi",
  "kodepos" : "66382"
}, {
  "kecamatan" : "Watulimo",
  "kelurahan" : "Sawahan",
  "kodepos" : "66382"
}, {
  "kecamatan" : "Watulimo",
  "kelurahan" : "Margomulyo",
  "kodepos" : "66382"
}, {
  "kecamatan" : "Watulimo",
  "kelurahan" : "Ngembel",
  "kodepos" : "66382"
}, {
  "kecamatan" : "Watulimo",
  "kelurahan" : "Dukuh",
  "kodepos" : "66382"
}, {
  "kecamatan" : "Watulimo",
  "kelurahan" : "Gemaharjo",
  "kodepos" : "66382"
}, {
  "kecamatan" : "Watulimo",
  "kelurahan" : "Karanggandu",
  "kodepos" : "66382"
}, {
  "kecamatan" : "Durenan",
  "kelurahan" : "Sumbergayam",
  "kodepos" : "66381"
}, {
  "kecamatan" : "Durenan",
  "kelurahan" : "Semarum",
  "kodepos" : "66381"
}, {
  "kecamatan" : "Durenan",
  "kelurahan" : "Sumberejo",
  "kodepos" : "66381"
}, {
  "kecamatan" : "Durenan",
  "kelurahan" : "Pandean",
  "kodepos" : "66381"
}, {
  "kecamatan" : "Durenan",
  "kelurahan" : "Panggungsari",
  "kodepos" : "66381"
}, {
  "kecamatan" : "Durenan",
  "kelurahan" : "Malasan",
  "kodepos" : "66381"
}, {
  "kecamatan" : "Durenan",
  "kelurahan" : "Ngadisuko",
  "kodepos" : "66381"
}, {
  "kecamatan" : "Durenan",
  "kelurahan" : "Pakis",
  "kodepos" : "66381"
}, {
  "kecamatan" : "Durenan",
  "kelurahan" : "Karanganom",
  "kodepos" : "66381"
}, {
  "kecamatan" : "Durenan",
  "kelurahan" : "Kendalrejo",
  "kodepos" : "66381"
}, {
  "kecamatan" : "Durenan",
  "kelurahan" : "Gador",
  "kodepos" : "66381"
}, {
  "kecamatan" : "Durenan",
  "kelurahan" : "Kamulan",
  "kodepos" : "66381"
}, {
  "kecamatan" : "Durenan",
  "kelurahan" : "Durenan",
  "kodepos" : "66381"
}, {
  "kecamatan" : "Durenan",
  "kelurahan" : "Baruharjo",
  "kodepos" : "66381"
}, {
  "kecamatan" : "Kampak",
  "kelurahan" : "Sugihan",
  "kodepos" : "66373"
}, {
  "kecamatan" : "Kampak",
  "kelurahan" : "Timahan",
  "kodepos" : "66373"
}, {
  "kecamatan" : "Kampak",
  "kelurahan" : "Karangrejo",
  "kodepos" : "66373"
}, {
  "kecamatan" : "Kampak",
  "kelurahan" : "Ngadimulyo",
  "kodepos" : "66373"
}, {
  "kecamatan" : "Kampak",
  "kelurahan" : "Senden",
  "kodepos" : "66373"
}, {
  "kecamatan" : "Kampak",
  "kelurahan" : "Bogoran",
  "kodepos" : "66373"
}, {
  "kecamatan" : "Kampak",
  "kelurahan" : "Bendoagung",
  "kodepos" : "66373"
}, {
  "kecamatan" : "Gandusari",
  "kelurahan" : "Wonoanti",
  "kodepos" : "66372"
}, {
  "kecamatan" : "Gandusari",
  "kelurahan" : "Wonorejo",
  "kodepos" : "66372"
}, {
  "kecamatan" : "Gandusari",
  "kelurahan" : "Sukorejo",
  "kodepos" : "66372"
}, {
  "kecamatan" : "Gandusari",
  "kelurahan" : "Widoro",
  "kodepos" : "66372"
}, {
  "kecamatan" : "Gandusari",
  "kelurahan" : "Melis",
  "kodepos" : "66372"
}, {
  "kecamatan" : "Gandusari",
  "kelurahan" : "Ngrayung",
  "kodepos" : "66372"
}, {
  "kecamatan" : "Gandusari",
  "kelurahan" : "Sukorame",
  "kodepos" : "66372"
}, {
  "kecamatan" : "Gandusari",
  "kelurahan" : "Jajar",
  "kodepos" : "66372"
}, {
  "kecamatan" : "Gandusari",
  "kelurahan" : "Karanganyar",
  "kodepos" : "66372"
}, {
  "kecamatan" : "Gandusari",
  "kelurahan" : "Krandegan",
  "kodepos" : "66372"
}, {
  "kecamatan" : "Gandusari",
  "kelurahan" : "Gandusari",
  "kodepos" : "66372"
}, {
  "kecamatan" : "Pogalan",
  "kelurahan" : "Ngulanwetan",
  "kodepos" : "66371"
}, {
  "kecamatan" : "Pogalan",
  "kelurahan" : "Pogalan",
  "kodepos" : "66371"
}, {
  "kecamatan" : "Pogalan",
  "kelurahan" : "Wonocoyo",
  "kodepos" : "66371"
}, {
  "kecamatan" : "Pogalan",
  "kelurahan" : "Ngulankulon",
  "kodepos" : "66371"
}, {
  "kecamatan" : "Pogalan",
  "kelurahan" : "Ngetal",
  "kodepos" : "66371"
}, {
  "kecamatan" : "Pogalan",
  "kelurahan" : "Ngadirejo",
  "kodepos" : "66371"
}, {
  "kecamatan" : "Pogalan",
  "kelurahan" : "Ngadirenggo",
  "kodepos" : "66371"
}, {
  "kecamatan" : "Pogalan",
  "kelurahan" : "Bendorejo",
  "kodepos" : "66371"
}, {
  "kecamatan" : "Pogalan",
  "kelurahan" : "Gembleb",
  "kodepos" : "66371"
}, {
  "kecamatan" : "Pogalan",
  "kelurahan" : "Kedunglurah",
  "kodepos" : "66371"
}, {
  "kecamatan" : "Munjungan",
  "kelurahan" : "Tawing",
  "kodepos" : "66365"
}, {
  "kecamatan" : "Munjungan",
  "kelurahan" : "Ngulungwetan",
  "kodepos" : "66365"
}, {
  "kecamatan" : "Munjungan",
  "kelurahan" : "Sobo",
  "kodepos" : "66365"
}, {
  "kecamatan" : "Munjungan",
  "kelurahan" : "Masaran",
  "kodepos" : "66365"
}, {
  "kecamatan" : "Munjungan",
  "kelurahan" : "Munjungan",
  "kodepos" : "66365"
}, {
  "kecamatan" : "Munjungan",
  "kelurahan" : "Ngulungkulon",
  "kodepos" : "66365"
}, {
  "kecamatan" : "Munjungan",
  "kelurahan" : "Craken",
  "kodepos" : "66365"
}, {
  "kecamatan" : "Munjungan",
  "kelurahan" : "Karangturi",
  "kodepos" : "66365"
}, {
  "kecamatan" : "Munjungan",
  "kelurahan" : "Bendoroto",
  "kodepos" : "66365"
}, {
  "kecamatan" : "Munjungan",
  "kelurahan" : "Besuki",
  "kodepos" : "66365"
}, {
  "kecamatan" : "Panggul",
  "kelurahan" : "Wonocoyo",
  "kodepos" : "66364"
}, {
  "kecamatan" : "Munjungan",
  "kelurahan" : "Bangun",
  "kodepos" : "66365"
}, {
  "kecamatan" : "Panggul",
  "kelurahan" : "Tangkil",
  "kodepos" : "66364"
}, {
  "kecamatan" : "Panggul",
  "kelurahan" : "Terbis",
  "kodepos" : "66364"
}, {
  "kecamatan" : "Panggul",
  "kelurahan" : "Panggul",
  "kodepos" : "66364"
}, {
  "kecamatan" : "Panggul",
  "kelurahan" : "Sawahan",
  "kodepos" : "66364"
}, {
  "kecamatan" : "Panggul",
  "kelurahan" : "Ngrambingan",
  "kodepos" : "66364"
}, {
  "kecamatan" : "Panggul",
  "kelurahan" : "Ngrencak",
  "kodepos" : "66364"
}, {
  "kecamatan" : "Panggul",
  "kelurahan" : "Nglebeng",
  "kodepos" : "66364"
}, {
  "kecamatan" : "Panggul",
  "kelurahan" : "Kertosono",
  "kodepos" : "66364"
}, {
  "kecamatan" : "Panggul",
  "kelurahan" : "Manggis",
  "kodepos" : "66364"
}, {
  "kecamatan" : "Panggul",
  "kelurahan" : "Gayam",
  "kodepos" : "66364"
}, {
  "kecamatan" : "Panggul",
  "kelurahan" : "Karangtengah",
  "kodepos" : "66364"
}, {
  "kecamatan" : "Panggul",
  "kelurahan" : "Bodag",
  "kodepos" : "66364"
}, {
  "kecamatan" : "Panggul",
  "kelurahan" : "Depok",
  "kodepos" : "66364"
}, {
  "kecamatan" : "Panggul",
  "kelurahan" : "Barang",
  "kodepos" : "66364"
}, {
  "kecamatan" : "Panggul",
  "kelurahan" : "Besuki",
  "kodepos" : "66364"
}, {
  "kecamatan" : "Panggul",
  "kelurahan" : "Banjar",
  "kodepos" : "66364"
}, {
  "kecamatan" : "Dongko",
  "kelurahan" : "Sumberbening",
  "kodepos" : "66363"
}, {
  "kecamatan" : "Dongko",
  "kelurahan" : "Watuagung",
  "kodepos" : "66363"
}, {
  "kecamatan" : "Dongko",
  "kelurahan" : "Salamwates",
  "kodepos" : "66363"
}, {
  "kecamatan" : "Dongko",
  "kelurahan" : "Siki",
  "kodepos" : "66363"
}, {
  "kecamatan" : "Dongko",
  "kelurahan" : "Petung",
  "kodepos" : "66363"
}, {
  "kecamatan" : "Dongko",
  "kelurahan" : "Pringapus",
  "kodepos" : "66363"
}, {
  "kecamatan" : "Dongko",
  "kelurahan" : "Pandean",
  "kodepos" : "66363"
}, {
  "kecamatan" : "Dongko",
  "kelurahan" : "Dongko",
  "kodepos" : "66363"
}, {
  "kecamatan" : "Dongko",
  "kelurahan" : "Ngerdani",
  "kodepos" : "66363"
}, {
  "kecamatan" : "Dongko",
  "kelurahan" : "Cakul",
  "kodepos" : "66363"
}, {
  "kecamatan" : "Suruh",
  "kelurahan" : "Wonokerto",
  "kodepos" : "66362"
}, {
  "kecamatan" : "Pule",
  "kelurahan" : "Sukokidul",
  "kodepos" : "66362"
}, {
  "kecamatan" : "Pule",
  "kelurahan" : "Tanggaran",
  "kodepos" : "66362"
}, {
  "kecamatan" : "Suruh",
  "kelurahan" : "Suruh",
  "kodepos" : "66362"
}, {
  "kecamatan" : "Pule",
  "kelurahan" : "Sidomulyo",
  "kodepos" : "66362"
}, {
  "kecamatan" : "Pule",
  "kelurahan" : "Puyung",
  "kodepos" : "66362"
}, {
  "kecamatan" : "Suruh",
  "kelurahan" : "Puru",
  "kodepos" : "66362"
}, {
  "kecamatan" : "Pule",
  "kelurahan" : "Pule",
  "kodepos" : "66362"
}, {
  "kecamatan" : "Suruh",
  "kelurahan" : "Ngrandu",
  "kodepos" : "66362"
}, {
  "kecamatan" : "Pule",
  "kelurahan" : "Pakel",
  "kodepos" : "66362"
}, {
  "kecamatan" : "Suruh",
  "kelurahan" : "Mlinjon",
  "kodepos" : "66362"
}, {
  "kecamatan" : "Suruh",
  "kelurahan" : "Nglebo",
  "kodepos" : "66362"
}, {
  "kecamatan" : "Pule",
  "kelurahan" : "Kembangan",
  "kodepos" : "66362"
}, {
  "kecamatan" : "Pule",
  "kelurahan" : "Jombok",
  "kodepos" : "66362"
}, {
  "kecamatan" : "Pule",
  "kelurahan" : "Karanganyar",
  "kodepos" : "66362"
}, {
  "kecamatan" : "Suruh",
  "kelurahan" : "Gamping",
  "kodepos" : "66362"
}, {
  "kecamatan" : "Pule",
  "kelurahan" : "Joho",
  "kodepos" : "66362"
}, {
  "kecamatan" : "Karangan",
  "kelurahan" : "Sumber",
  "kodepos" : "66361"
}, {
  "kecamatan" : "Karangan",
  "kelurahan" : "Sumberingin",
  "kodepos" : "66361"
}, {
  "kecamatan" : "Karangan",
  "kelurahan" : "Salamrejo",
  "kodepos" : "66361"
}, {
  "kecamatan" : "Karangan",
  "kelurahan" : "Sukowetan",
  "kodepos" : "66361"
}, {
  "kecamatan" : "Karangan",
  "kelurahan" : "Kedungsigit",
  "kodepos" : "66361"
}, {
  "kecamatan" : "Karangan",
  "kelurahan" : "Kerjo",
  "kodepos" : "66361"
}, {
  "kecamatan" : "Karangan",
  "kelurahan" : "Ngentrong",
  "kodepos" : "66361"
}, {
  "kecamatan" : "Karangan",
  "kelurahan" : "Karangan",
  "kodepos" : "66361"
}, {
  "kecamatan" : "Karangan",
  "kelurahan" : "Kayen",
  "kodepos" : "66361"
}, {
  "kecamatan" : "Karangan",
  "kelurahan" : "Jatiprahu",
  "kodepos" : "66361"
}, {
  "kecamatan" : "Karangan",
  "kelurahan" : "Jati",
  "kodepos" : "66361"
}, {
  "kecamatan" : "Karangan",
  "kelurahan" : "Buluagung",
  "kodepos" : "66361"
}, {
  "kecamatan" : "Tugu",
  "kelurahan" : "Tegaren",
  "kodepos" : "66352"
}, {
  "kecamatan" : "Tugu",
  "kelurahan" : "Tumpuk",
  "kodepos" : "66352"
}, {
  "kecamatan" : "Tugu",
  "kelurahan" : "Winong",
  "kodepos" : "66352"
}, {
  "kecamatan" : "Tugu",
  "kelurahan" : "Pucanganak",
  "kodepos" : "66352"
}, {
  "kecamatan" : "Tugu",
  "kelurahan" : "Sukorejo",
  "kodepos" : "66352"
}, {
  "kecamatan" : "Tugu",
  "kelurahan" : "Prambon",
  "kodepos" : "66352"
}, {
  "kecamatan" : "Tugu",
  "kelurahan" : "Nglongsor",
  "kodepos" : "66352"
}, {
  "kecamatan" : "Tugu",
  "kelurahan" : "Jambu",
  "kodepos" : "66352"
}, {
  "kecamatan" : "Tugu",
  "kelurahan" : "Ngepeh",
  "kodepos" : "66352"
}, {
  "kecamatan" : "Tugu",
  "kelurahan" : "Nglinggis",
  "kodepos" : "66352"
}, {
  "kecamatan" : "Tugu",
  "kelurahan" : "Gading",
  "kodepos" : "66352"
}, {
  "kecamatan" : "Tugu",
  "kelurahan" : "Gondang",
  "kodepos" : "66352"
}, {
  "kecamatan" : "Tugu",
  "kelurahan" : "Dermosari",
  "kodepos" : "66352"
}, {
  "kecamatan" : "Tugu",
  "kelurahan" : "Duren",
  "kodepos" : "66352"
}, {
  "kecamatan" : "Bendungan",
  "kelurahan" : "Srabah",
  "kodepos" : "66351"
}, {
  "kecamatan" : "Bendungan",
  "kelurahan" : "Sumurup",
  "kodepos" : "66351"
}, {
  "kecamatan" : "Bendungan",
  "kelurahan" : "Surenlor",
  "kodepos" : "66351"
}, {
  "kecamatan" : "Bendungan",
  "kelurahan" : "Masaran",
  "kodepos" : "66351"
}, {
  "kecamatan" : "Bendungan",
  "kelurahan" : "Sengon",
  "kodepos" : "66351"
}, {
  "kecamatan" : "Bendungan",
  "kelurahan" : "Depok",
  "kodepos" : "66351"
}, {
  "kecamatan" : "Bendungan",
  "kelurahan" : "Dompyong",
  "kodepos" : "66351"
}, {
  "kecamatan" : "Trenggalek",
  "kelurahan" : "Sumberdadi",
  "kodepos" : "66319"
}, {
  "kecamatan" : "Bendungan",
  "kelurahan" : "Botoputih",
  "kodepos" : "66351"
}, {
  "kecamatan" : "Trenggalek",
  "kelurahan" : "Sukosari",
  "kodepos" : "66318"
}, {
  "kecamatan" : "Trenggalek",
  "kelurahan" : "Karangsoko",
  "kodepos" : "66319"
}, {
  "kecamatan" : "Trenggalek",
  "kelurahan" : "Ngares",
  "kodepos" : "66319"
}, {
  "kecamatan" : "Tugu",
  "kelurahan" : "Banaran",
  "kodepos" : "66318"
}, {
  "kecamatan" : "Trenggalek",
  "kelurahan" : "Dawuhan",
  "kodepos" : "66318"
}, {
  "kecamatan" : "Trenggalek",
  "kelurahan" : "Surodakan",
  "kodepos" : "66316"
}, {
  "kecamatan" : "Trenggalek",
  "kelurahan" : "Parakan",
  "kodepos" : "66317"
}, {
  "kecamatan" : "Trenggalek",
  "kelurahan" : "Rejowinangun",
  "kodepos" : "66317"
}, {
  "kecamatan" : "Trenggalek",
  "kelurahan" : "Sumbergedong",
  "kodepos" : "66315"
}, {
  "kecamatan" : "Trenggalek",
  "kelurahan" : "Kelutan",
  "kodepos" : "66313"
}, {
  "kecamatan" : "Trenggalek",
  "kelurahan" : "Sambirejo",
  "kodepos" : "66314"
}, {
  "kecamatan" : "Trenggalek",
  "kelurahan" : "Ngantru",
  "kodepos" : "66311"
}, {
  "kecamatan" : "Trenggalek",
  "kelurahan" : "Tamanan",
  "kodepos" : "66312"
} ]
