[ {
  "kecamatan" : "Rejotangan",
  "kelurahan" : "Tenggur",
  "kodepos" : "66293"
}, {
  "kecamatan" : "Rejotangan",
  "kelurahan" : "Tugu",
  "kodepos" : "66293"
}, {
  "kecamatan" : "Rejotangan",
  "kelurahan" : "Tenggong",
  "kodepos" : "66293"
}, {
  "kecamatan" : "Rejotangan",
  "kelurahan" : "Tanen",
  "kodepos" : "66293"
}, {
  "kecamatan" : "Rejotangan",
  "kelurahan" : "Tegalrejo",
  "kodepos" : "66293"
}, {
  "kecamatan" : "Rejotangan",
  "kelurahan" : "Sukorejo Wetan",
  "kodepos" : "66293"
}, {
  "kecamatan" : "Rejotangan",
  "kelurahan" : "Sumberagung",
  "kodepos" : "66293"
}, {
  "kecamatan" : "Rejotangan",
  "kelurahan" : "Panjerejo",
  "kodepos" : "66293"
}, {
  "kecamatan" : "Rejotangan",
  "kelurahan" : "Rejotangan",
  "kodepos" : "66293"
}, {
  "kecamatan" : "Rejotangan",
  "kelurahan" : "Jatidowo",
  "kodepos" : "66293"
}, {
  "kecamatan" : "Rejotangan",
  "kelurahan" : "Karangsari",
  "kodepos" : "66293"
}, {
  "kecamatan" : "Rejotangan",
  "kelurahan" : "Pakisrejo",
  "kodepos" : "66293"
}, {
  "kecamatan" : "Rejotangan",
  "kelurahan" : "Blimbing",
  "kodepos" : "66293"
}, {
  "kecamatan" : "Rejotangan",
  "kelurahan" : "Buntaran",
  "kodepos" : "66293"
}, {
  "kecamatan" : "Rejotangan",
  "kelurahan" : "Aryojeding",
  "kodepos" : "66293"
}, {
  "kecamatan" : "Rejotangan",
  "kelurahan" : "Banjarejo",
  "kodepos" : "66293"
}, {
  "kecamatan" : "Ngunut",
  "kelurahan" : "Sumberingin Kidul",
  "kodepos" : "66292"
}, {
  "kecamatan" : "Ngunut",
  "kelurahan" : "Sumberingin Kulon",
  "kodepos" : "66292"
}, {
  "kecamatan" : "Ngunut",
  "kelurahan" : "Selorejo",
  "kodepos" : "66292"
}, {
  "kecamatan" : "Ngunut",
  "kelurahan" : "Sumberejo Kulon",
  "kodepos" : "66292"
}, {
  "kecamatan" : "Ngunut",
  "kelurahan" : "Sumberejo Wetan",
  "kodepos" : "66292"
}, {
  "kecamatan" : "Ngunut",
  "kelurahan" : "Purworejo",
  "kodepos" : "66292"
}, {
  "kecamatan" : "Ngunut",
  "kelurahan" : "Samir",
  "kodepos" : "66292"
}, {
  "kecamatan" : "Ngunut",
  "kelurahan" : "Pulosari",
  "kodepos" : "66292"
}, {
  "kecamatan" : "Ngunut",
  "kelurahan" : "Pulotondo",
  "kodepos" : "66292"
}, {
  "kecamatan" : "Ngunut",
  "kelurahan" : "Kromasan",
  "kodepos" : "66292"
}, {
  "kecamatan" : "Ngunut",
  "kelurahan" : "Ngunut",
  "kodepos" : "66292"
}, {
  "kecamatan" : "Ngunut",
  "kelurahan" : "Pandansari",
  "kodepos" : "66292"
}, {
  "kecamatan" : "Ngunut",
  "kelurahan" : "Kaliwungu",
  "kodepos" : "66292"
}, {
  "kecamatan" : "Ngunut",
  "kelurahan" : "Karangsono",
  "kodepos" : "66292"
}, {
  "kecamatan" : "Ngunut",
  "kelurahan" : "Gilang",
  "kodepos" : "66292"
}, {
  "kecamatan" : "Ngunut",
  "kelurahan" : "Kacangan",
  "kodepos" : "66292"
}, {
  "kecamatan" : "Ngunut",
  "kelurahan" : "Kalangan",
  "kodepos" : "66292"
}, {
  "kecamatan" : "Ngunut",
  "kelurahan" : "Balesono",
  "kodepos" : "66292"
}, {
  "kecamatan" : "Sumbergempol",
  "kelurahan" : "Wates",
  "kodepos" : "66291"
}, {
  "kecamatan" : "Sumbergempol",
  "kelurahan" : "Wonorejo",
  "kodepos" : "66291"
}, {
  "kecamatan" : "Sumbergempol",
  "kelurahan" : "Sumberdadi",
  "kodepos" : "66291"
}, {
  "kecamatan" : "Sumbergempol",
  "kelurahan" : "Tambakrejo",
  "kodepos" : "66291"
}, {
  "kecamatan" : "Sumbergempol",
  "kelurahan" : "Trenceng",
  "kodepos" : "66291"
}, {
  "kecamatan" : "Sumbergempol",
  "kelurahan" : "Sambijajar",
  "kodepos" : "66291"
}, {
  "kecamatan" : "Sumbergempol",
  "kelurahan" : "Sambirobyong",
  "kodepos" : "66291"
}, {
  "kecamatan" : "Sumbergempol",
  "kelurahan" : "Sambidoplang",
  "kodepos" : "66291"
}, {
  "kecamatan" : "Sumbergempol",
  "kelurahan" : "Podorejo",
  "kodepos" : "66291"
}, {
  "kecamatan" : "Sumbergempol",
  "kelurahan" : "Jabalsari",
  "kodepos" : "66291"
}, {
  "kecamatan" : "Sumbergempol",
  "kelurahan" : "Junjung",
  "kodepos" : "66291"
}, {
  "kecamatan" : "Sumbergempol",
  "kelurahan" : "Mirigambar",
  "kodepos" : "66291"
}, {
  "kecamatan" : "Sumbergempol",
  "kelurahan" : "Bukur",
  "kodepos" : "66291"
}, {
  "kecamatan" : "Sumbergempol",
  "kelurahan" : "Doroampel",
  "kodepos" : "66291"
}, {
  "kecamatan" : "Sumbergempol",
  "kelurahan" : "Bendiljati Kulon",
  "kodepos" : "66291"
}, {
  "kecamatan" : "Sumbergempol",
  "kelurahan" : "Bendiljati Wetan",
  "kodepos" : "66291"
}, {
  "kecamatan" : "Sumbergempol",
  "kelurahan" : "Bendilwungu",
  "kodepos" : "66291"
}, {
  "kecamatan" : "Pucanglaban",
  "kelurahan" : "Sumberbendo",
  "kodepos" : "66284"
}, {
  "kecamatan" : "Pucanglaban",
  "kelurahan" : "Sumberdadap",
  "kodepos" : "66284"
}, {
  "kecamatan" : "Pucanglaban",
  "kelurahan" : "Panggunguni",
  "kodepos" : "66284"
}, {
  "kecamatan" : "Pucanglaban",
  "kelurahan" : "Pucanglaban",
  "kodepos" : "66284"
}, {
  "kecamatan" : "Pucanglaban",
  "kelurahan" : "Manding",
  "kodepos" : "66284"
}, {
  "kecamatan" : "Pucanglaban",
  "kelurahan" : "Panggungkalak",
  "kodepos" : "66284"
}, {
  "kecamatan" : "Pucanglaban",
  "kelurahan" : "Kalidawe",
  "kodepos" : "66284"
}, {
  "kecamatan" : "Pucanglaban",
  "kelurahan" : "Kaligentong",
  "kodepos" : "66284"
}, {
  "kecamatan" : "Pucanglaban",
  "kelurahan" : "Demuk",
  "kodepos" : "66284"
}, {
  "kecamatan" : "Tanggung Gunung",
  "kelurahan" : "Tenggarejo",
  "kodepos" : "66283"
}, {
  "kecamatan" : "Tanggung Gunung",
  "kelurahan" : "Pakisrejo",
  "kodepos" : "66283"
}, {
  "kecamatan" : "Tanggung Gunung",
  "kelurahan" : "Tanggunggunung",
  "kodepos" : "66283"
}, {
  "kecamatan" : "Tanggung Gunung",
  "kelurahan" : "Ngepoh",
  "kodepos" : "66283"
}, {
  "kecamatan" : "Tanggung Gunung",
  "kelurahan" : "Ngrejo",
  "kodepos" : "66283"
}, {
  "kecamatan" : "Tanggung Gunung",
  "kelurahan" : "Jengglungharjo",
  "kodepos" : "66283"
}, {
  "kecamatan" : "Tanggung Gunung",
  "kelurahan" : "Kresikan",
  "kodepos" : "66283"
}, {
  "kecamatan" : "Kalidawir",
  "kelurahan" : "Winong",
  "kodepos" : "66281"
}, {
  "kecamatan" : "Kalidawir",
  "kelurahan" : "Tunggangri",
  "kodepos" : "66281"
}, {
  "kecamatan" : "Kalidawir",
  "kelurahan" : "Salak Kembang",
  "kodepos" : "66281"
}, {
  "kecamatan" : "Kalidawir",
  "kelurahan" : "Sukorejo Kulon",
  "kodepos" : "66281"
}, {
  "kecamatan" : "Kalidawir",
  "kelurahan" : "Tanjung",
  "kodepos" : "66281"
}, {
  "kecamatan" : "Kalidawir",
  "kelurahan" : "Rejosari",
  "kodepos" : "66281"
}, {
  "kecamatan" : "Kalidawir",
  "kelurahan" : "Pakisaji",
  "kodepos" : "66281"
}, {
  "kecamatan" : "Kalidawir",
  "kelurahan" : "Ngubalan",
  "kodepos" : "66281"
}, {
  "kecamatan" : "Kalidawir",
  "kelurahan" : "Pagersari",
  "kodepos" : "66281"
}, {
  "kecamatan" : "Kalidawir",
  "kelurahan" : "Kalidawir",
  "kodepos" : "66281"
}, {
  "kecamatan" : "Kalidawir",
  "kelurahan" : "Karangtalun",
  "kodepos" : "66281"
}, {
  "kecamatan" : "Kalidawir",
  "kelurahan" : "Joho",
  "kodepos" : "66281"
}, {
  "kecamatan" : "Kalidawir",
  "kelurahan" : "Kalibatur",
  "kodepos" : "66281"
}, {
  "kecamatan" : "Kalidawir",
  "kelurahan" : "Jabon",
  "kodepos" : "66281"
}, {
  "kecamatan" : "Kalidawir",
  "kelurahan" : "Domasan",
  "kodepos" : "66281"
}, {
  "kecamatan" : "Kalidawir",
  "kelurahan" : "Betak",
  "kodepos" : "66281"
}, {
  "kecamatan" : "Kalidawir",
  "kelurahan" : "Banyuurip",
  "kodepos" : "66281"
}, {
  "kecamatan" : "Besuki",
  "kelurahan" : "Wateskroyo",
  "kodepos" : "66275"
}, {
  "kecamatan" : "Besuki",
  "kelurahan" : "Tulungrejo",
  "kodepos" : "66275"
}, {
  "kecamatan" : "Besuki",
  "kelurahan" : "Tanggulwelahan",
  "kodepos" : "66275"
}, {
  "kecamatan" : "Besuki",
  "kelurahan" : "Tanggulkundung",
  "kodepos" : "66275"
}, {
  "kecamatan" : "Besuki",
  "kelurahan" : "Tanggulturus",
  "kodepos" : "66275"
}, {
  "kecamatan" : "Besuki",
  "kelurahan" : "Sedayugunung",
  "kodepos" : "66275"
}, {
  "kecamatan" : "Besuki",
  "kelurahan" : "Siyotobagus",
  "kodepos" : "66275"
}, {
  "kecamatan" : "Besuki",
  "kelurahan" : "Keboireng",
  "kodepos" : "66275"
}, {
  "kecamatan" : "Besuki",
  "kelurahan" : "Besuki",
  "kodepos" : "66275"
}, {
  "kecamatan" : "Besuki",
  "kelurahan" : "Besole",
  "kodepos" : "66275"
}, {
  "kecamatan" : "Bandung",
  "kelurahan" : "Talunkulon",
  "kodepos" : "66274"
}, {
  "kecamatan" : "Bandung",
  "kelurahan" : "Suwaru",
  "kodepos" : "66274"
}, {
  "kecamatan" : "Bandung",
  "kelurahan" : "Suruhan Lor",
  "kodepos" : "66274"
}, {
  "kecamatan" : "Bandung",
  "kelurahan" : "Suruhan Kidul",
  "kodepos" : "66274"
}, {
  "kecamatan" : "Bandung",
  "kelurahan" : "Sukoharjo",
  "kodepos" : "66274"
}, {
  "kecamatan" : "Bandung",
  "kelurahan" : "Soko",
  "kodepos" : "66274"
}, {
  "kecamatan" : "Bandung",
  "kelurahan" : "Singgit",
  "kodepos" : "66274"
}, {
  "kecamatan" : "Bandung",
  "kelurahan" : "Sebalor",
  "kodepos" : "66274"
}, {
  "kecamatan" : "Bandung",
  "kelurahan" : "Ngunggahan",
  "kodepos" : "66274"
}, {
  "kecamatan" : "Bandung",
  "kelurahan" : "Ngepeh",
  "kodepos" : "66274"
}, {
  "kecamatan" : "Bandung",
  "kelurahan" : "Nglampir",
  "kodepos" : "66274"
}, {
  "kecamatan" : "Bandung",
  "kelurahan" : "Mergayu",
  "kodepos" : "66274"
}, {
  "kecamatan" : "Bandung",
  "kelurahan" : "Kesambi",
  "kodepos" : "66274"
}, {
  "kecamatan" : "Bandung",
  "kelurahan" : "Kedungwilut",
  "kodepos" : "66274"
}, {
  "kecamatan" : "Bandung",
  "kelurahan" : "Gandong",
  "kodepos" : "66274"
}, {
  "kecamatan" : "Bandung",
  "kelurahan" : "Bulus",
  "kodepos" : "66274"
}, {
  "kecamatan" : "Bandung",
  "kelurahan" : "Bantengan",
  "kodepos" : "66274"
}, {
  "kecamatan" : "Bandung",
  "kelurahan" : "Bandung",
  "kodepos" : "66274"
}, {
  "kecamatan" : "Pakel",
  "kelurahan" : "Suwaluh",
  "kodepos" : "66273"
}, {
  "kecamatan" : "Pakel",
  "kelurahan" : "Tamban",
  "kodepos" : "66273"
}, {
  "kecamatan" : "Pakel",
  "kelurahan" : "Sukoanyar",
  "kodepos" : "66273"
}, {
  "kecamatan" : "Pakel",
  "kelurahan" : "Sodo",
  "kodepos" : "66273"
}, {
  "kecamatan" : "Pakel",
  "kelurahan" : "Sanan",
  "kodepos" : "66273"
}, {
  "kecamatan" : "Pakel",
  "kelurahan" : "Sambitan",
  "kodepos" : "66273"
}, {
  "kecamatan" : "Pakel",
  "kelurahan" : "Pakel",
  "kodepos" : "66273"
}, {
  "kecamatan" : "Pakel",
  "kelurahan" : "Pecuk",
  "kodepos" : "66273"
}, {
  "kecamatan" : "Pakel",
  "kelurahan" : "Ngrance",
  "kodepos" : "66273"
}, {
  "kecamatan" : "Pakel",
  "kelurahan" : "Ngebong",
  "kodepos" : "66273"
}, {
  "kecamatan" : "Pakel",
  "kelurahan" : "Kasreman",
  "kodepos" : "66273"
}, {
  "kecamatan" : "Pakel",
  "kelurahan" : "Gombang",
  "kodepos" : "66273"
}, {
  "kecamatan" : "Pakel",
  "kelurahan" : "Gesikan",
  "kodepos" : "66273"
}, {
  "kecamatan" : "Pakel",
  "kelurahan" : "Duwet",
  "kodepos" : "66273"
}, {
  "kecamatan" : "Pakel",
  "kelurahan" : "Gebang",
  "kodepos" : "66273"
}, {
  "kecamatan" : "Pakel",
  "kelurahan" : "Gempolan",
  "kodepos" : "66273"
}, {
  "kecamatan" : "Pakel",
  "kelurahan" : "Bangunmulyo",
  "kodepos" : "66273"
}, {
  "kecamatan" : "Pakel",
  "kelurahan" : "Bono",
  "kodepos" : "66273"
}, {
  "kecamatan" : "Pakel",
  "kelurahan" : "Bangunjaya",
  "kodepos" : "66273"
}, {
  "kecamatan" : "Campur Darat",
  "kelurahan" : "Tanggung",
  "kodepos" : "66272"
}, {
  "kecamatan" : "Campur Darat",
  "kelurahan" : "Wates",
  "kodepos" : "66272"
}, {
  "kecamatan" : "Campur Darat",
  "kelurahan" : "Pojok",
  "kodepos" : "66272"
}, {
  "kecamatan" : "Campur Darat",
  "kelurahan" : "Sawo",
  "kodepos" : "66272"
}, {
  "kecamatan" : "Campur Darat",
  "kelurahan" : "Gedangan",
  "kodepos" : "66272"
}, {
  "kecamatan" : "Campur Darat",
  "kelurahan" : "Ngentrong",
  "kodepos" : "66272"
}, {
  "kecamatan" : "Campur Darat",
  "kelurahan" : "Pelem",
  "kodepos" : "66272"
}, {
  "kecamatan" : "Campur Darat",
  "kelurahan" : "Campurdarat",
  "kodepos" : "66272"
}, {
  "kecamatan" : "Campur Darat",
  "kelurahan" : "Gamping",
  "kodepos" : "66272"
}, {
  "kecamatan" : "Gondang",
  "kelurahan" : "Wonokromo",
  "kodepos" : "66263"
}, {
  "kecamatan" : "Gondang",
  "kelurahan" : "Tawing",
  "kodepos" : "66263"
}, {
  "kecamatan" : "Gondang",
  "kelurahan" : "Tiudan",
  "kodepos" : "66263"
}, {
  "kecamatan" : "Gondang",
  "kelurahan" : "Sidem",
  "kodepos" : "66263"
}, {
  "kecamatan" : "Gondang",
  "kelurahan" : "Sidomulyo",
  "kodepos" : "66263"
}, {
  "kecamatan" : "Gondang",
  "kelurahan" : "Rejosari",
  "kodepos" : "66263"
}, {
  "kecamatan" : "Gondang",
  "kelurahan" : "Sepatan",
  "kodepos" : "66263"
}, {
  "kecamatan" : "Gondang",
  "kelurahan" : "Ngrendeng",
  "kodepos" : "66263"
}, {
  "kecamatan" : "Gondang",
  "kelurahan" : "Notorejo",
  "kodepos" : "66263"
}, {
  "kecamatan" : "Gondang",
  "kelurahan" : "Kiping",
  "kodepos" : "66263"
}, {
  "kecamatan" : "Gondang",
  "kelurahan" : "Macanbang",
  "kodepos" : "66263"
}, {
  "kecamatan" : "Gondang",
  "kelurahan" : "Mojoarum",
  "kodepos" : "66263"
}, {
  "kecamatan" : "Gondang",
  "kelurahan" : "Jarakan",
  "kodepos" : "66263"
}, {
  "kecamatan" : "Gondang",
  "kelurahan" : "Kendal",
  "kodepos" : "66263"
}, {
  "kecamatan" : "Gondang",
  "kelurahan" : "Gondang",
  "kodepos" : "66263"
}, {
  "kecamatan" : "Gondang",
  "kelurahan" : "Gondosuli",
  "kodepos" : "66263"
}, {
  "kecamatan" : "Gondang",
  "kelurahan" : "Blendis",
  "kodepos" : "66263"
}, {
  "kecamatan" : "Gondang",
  "kelurahan" : "Dukuh",
  "kodepos" : "66263"
}, {
  "kecamatan" : "Gondang",
  "kelurahan" : "Bendo",
  "kodepos" : "66263"
}, {
  "kecamatan" : "Gondang",
  "kelurahan" : "Bendungan",
  "kodepos" : "66263"
}, {
  "kecamatan" : "Pagerwojo",
  "kelurahan" : "Wonorejo",
  "kodepos" : "66262"
}, {
  "kecamatan" : "Pagerwojo",
  "kelurahan" : "Segawe",
  "kodepos" : "66262"
}, {
  "kecamatan" : "Pagerwojo",
  "kelurahan" : "Sidomulyo",
  "kodepos" : "66262"
}, {
  "kecamatan" : "Pagerwojo",
  "kelurahan" : "Penjor",
  "kodepos" : "66262"
}, {
  "kecamatan" : "Pagerwojo",
  "kelurahan" : "Samar",
  "kodepos" : "66262"
}, {
  "kecamatan" : "Pagerwojo",
  "kelurahan" : "Mulyosari",
  "kodepos" : "66262"
}, {
  "kecamatan" : "Pagerwojo",
  "kelurahan" : "Pagerwojo",
  "kodepos" : "66262"
}, {
  "kecamatan" : "Pagerwojo",
  "kelurahan" : "Kedungcangkring",
  "kodepos" : "66262"
}, {
  "kecamatan" : "Pagerwojo",
  "kelurahan" : "Kradinan",
  "kodepos" : "66262"
}, {
  "kecamatan" : "Pagerwojo",
  "kelurahan" : "Gambiran",
  "kodepos" : "66262"
}, {
  "kecamatan" : "Pagerwojo",
  "kelurahan" : "Gondanggunung",
  "kodepos" : "66262"
}, {
  "kecamatan" : "Kauman",
  "kelurahan" : "Sidorejo",
  "kodepos" : "66261"
}, {
  "kecamatan" : "Kauman",
  "kelurahan" : "Mojosari",
  "kodepos" : "66261"
}, {
  "kecamatan" : "Kauman",
  "kelurahan" : "Panggungrejo",
  "kodepos" : "66261"
}, {
  "kecamatan" : "Kauman",
  "kelurahan" : "Pucangan",
  "kodepos" : "66261"
}, {
  "kecamatan" : "Kauman",
  "kelurahan" : "Kates",
  "kodepos" : "66261"
}, {
  "kecamatan" : "Kauman",
  "kelurahan" : "Kauman",
  "kodepos" : "66261"
}, {
  "kecamatan" : "Kauman",
  "kelurahan" : "Kalangbret",
  "kodepos" : "66261"
}, {
  "kecamatan" : "Kauman",
  "kelurahan" : "Karanganom",
  "kodepos" : "66261"
}, {
  "kecamatan" : "Kauman",
  "kelurahan" : "Bolorejo",
  "kodepos" : "66261"
}, {
  "kecamatan" : "Kauman",
  "kelurahan" : "Jatimulyo",
  "kodepos" : "66261"
}, {
  "kecamatan" : "Kauman",
  "kelurahan" : "Banaran",
  "kodepos" : "66261"
}, {
  "kecamatan" : "Kauman",
  "kelurahan" : "Batangsaren",
  "kodepos" : "66261"
}, {
  "kecamatan" : "Kauman",
  "kelurahan" : "Balerejo",
  "kodepos" : "66261"
}, {
  "kecamatan" : "Sendang",
  "kelurahan" : "Talang",
  "kodepos" : "66254"
}, {
  "kecamatan" : "Sendang",
  "kelurahan" : "Tugu",
  "kodepos" : "66254"
}, {
  "kecamatan" : "Sendang",
  "kelurahan" : "Picisan",
  "kodepos" : "66254"
}, {
  "kecamatan" : "Sendang",
  "kelurahan" : "Sendang",
  "kodepos" : "66254"
}, {
  "kecamatan" : "Sendang",
  "kelurahan" : "Nglurup",
  "kodepos" : "66254"
}, {
  "kecamatan" : "Sendang",
  "kelurahan" : "Nglutung",
  "kodepos" : "66254"
}, {
  "kecamatan" : "Sendang",
  "kelurahan" : "Krosok",
  "kodepos" : "66254"
}, {
  "kecamatan" : "Sendang",
  "kelurahan" : "Nyawangan",
  "kodepos" : "66254"
}, {
  "kecamatan" : "Sendang",
  "kelurahan" : "Dono",
  "kodepos" : "66254"
}, {
  "kecamatan" : "Sendang",
  "kelurahan" : "Kedoyo",
  "kodepos" : "66254"
}, {
  "kecamatan" : "Sendang",
  "kelurahan" : "Geger",
  "kodepos" : "66254"
}, {
  "kecamatan" : "Karang Rejo",
  "kelurahan" : "Tanjungsari",
  "kodepos" : "66253"
}, {
  "kecamatan" : "Karang Rejo",
  "kelurahan" : "Tulungrejo",
  "kodepos" : "66253"
}, {
  "kecamatan" : "Karang Rejo",
  "kelurahan" : "Sukowidodo",
  "kodepos" : "66253"
}, {
  "kecamatan" : "Karang Rejo",
  "kelurahan" : "Sukowiyono",
  "kodepos" : "66253"
}, {
  "kecamatan" : "Karang Rejo",
  "kelurahan" : "Sembon",
  "kodepos" : "66253"
}, {
  "kecamatan" : "Karang Rejo",
  "kelurahan" : "Sukodono",
  "kodepos" : "66253"
}, {
  "kecamatan" : "Karang Rejo",
  "kelurahan" : "Sukorejo",
  "kodepos" : "66253"
}, {
  "kecamatan" : "Karang Rejo",
  "kelurahan" : "Karangrejo",
  "kodepos" : "66253"
}, {
  "kecamatan" : "Karang Rejo",
  "kelurahan" : "Punjul",
  "kodepos" : "66253"
}, {
  "kecamatan" : "Karang Rejo",
  "kelurahan" : "Gedangan",
  "kodepos" : "66253"
}, {
  "kecamatan" : "Karang Rejo",
  "kelurahan" : "Jeli",
  "kodepos" : "66253"
}, {
  "kecamatan" : "Karang Rejo",
  "kelurahan" : "Babadan",
  "kodepos" : "66253"
}, {
  "kecamatan" : "Karang Rejo",
  "kelurahan" : "Bungur",
  "kodepos" : "66253"
}, {
  "kecamatan" : "Ngantru",
  "kelurahan" : "Pulerejo",
  "kodepos" : "66252"
}, {
  "kecamatan" : "Ngantru",
  "kelurahan" : "Srikaton",
  "kodepos" : "66252"
}, {
  "kecamatan" : "Ngantru",
  "kelurahan" : "Pinggirsari",
  "kodepos" : "66252"
}, {
  "kecamatan" : "Ngantru",
  "kelurahan" : "Pojok",
  "kodepos" : "66252"
}, {
  "kecamatan" : "Ngantru",
  "kelurahan" : "Pojok",
  "kodepos" : "66252"
}, {
  "kecamatan" : "Ngantru",
  "kelurahan" : "Padangan",
  "kodepos" : "66252"
}, {
  "kecamatan" : "Ngantru",
  "kelurahan" : "Pakel",
  "kodepos" : "66252"
}, {
  "kecamatan" : "Ngantru",
  "kelurahan" : "Kepuhrejo",
  "kodepos" : "66252"
}, {
  "kecamatan" : "Ngantru",
  "kelurahan" : "Mojoagung",
  "kodepos" : "66252"
}, {
  "kecamatan" : "Ngantru",
  "kelurahan" : "Ngantru",
  "kodepos" : "66252"
}, {
  "kecamatan" : "Ngantru",
  "kelurahan" : "Batokan",
  "kodepos" : "66252"
}, {
  "kecamatan" : "Ngantru",
  "kelurahan" : "Bendosari",
  "kodepos" : "66252"
}, {
  "kecamatan" : "Ngantru",
  "kelurahan" : "Banjarsari",
  "kodepos" : "66252"
}, {
  "kecamatan" : "Boyolangu",
  "kelurahan" : "Wajak Lor",
  "kodepos" : "66235"
}, {
  "kecamatan" : "Boyolangu",
  "kelurahan" : "Waung",
  "kodepos" : "66235"
}, {
  "kecamatan" : "Boyolangu",
  "kelurahan" : "Tanjungsari",
  "kodepos" : "66235"
}, {
  "kecamatan" : "Boyolangu",
  "kelurahan" : "Wajak Kidul",
  "kodepos" : "66235"
}, {
  "kecamatan" : "Boyolangu",
  "kelurahan" : "Serut",
  "kodepos" : "66235"
}, {
  "kecamatan" : "Boyolangu",
  "kelurahan" : "Sanggrahan",
  "kodepos" : "66235"
}, {
  "kecamatan" : "Boyolangu",
  "kelurahan" : "Pucung Kidul",
  "kodepos" : "66235"
}, {
  "kecamatan" : "Boyolangu",
  "kelurahan" : "Kendalbulur",
  "kodepos" : "66235"
}, {
  "kecamatan" : "Boyolangu",
  "kelurahan" : "Moyoketen",
  "kodepos" : "66235"
}, {
  "kecamatan" : "Boyolangu",
  "kelurahan" : "Ngranti",
  "kodepos" : "66235"
}, {
  "kecamatan" : "Boyolangu",
  "kelurahan" : "Boyolangu",
  "kodepos" : "66235"
}, {
  "kecamatan" : "Boyolangu",
  "kelurahan" : "Karangrejo",
  "kodepos" : "66235"
}, {
  "kecamatan" : "Boyolangu",
  "kelurahan" : "Bono",
  "kodepos" : "66235"
}, {
  "kecamatan" : "Boyolangu",
  "kelurahan" : "Kepuh",
  "kodepos" : "66234"
}, {
  "kecamatan" : "Boyolangu",
  "kelurahan" : "Sobontoro",
  "kodepos" : "66232"
}, {
  "kecamatan" : "Boyolangu",
  "kelurahan" : "Beji",
  "kodepos" : "66233"
}, {
  "kecamatan" : "Boyolangu",
  "kelurahan" : "Gedangsewu",
  "kodepos" : "66231"
}, {
  "kecamatan" : "Kedungwaru",
  "kelurahan" : "Tapan",
  "kodepos" : "66229"
}, {
  "kecamatan" : "Kedungwaru",
  "kelurahan" : "Winong",
  "kodepos" : "66229"
}, {
  "kecamatan" : "Kedungwaru",
  "kelurahan" : "Ngujang",
  "kodepos" : "66229"
}, {
  "kecamatan" : "Kedungwaru",
  "kelurahan" : "Plandaan",
  "kodepos" : "66229"
}, {
  "kecamatan" : "Kedungwaru",
  "kelurahan" : "Simo",
  "kodepos" : "66229"
}, {
  "kecamatan" : "Kedungwaru",
  "kelurahan" : "Majan",
  "kodepos" : "66229"
}, {
  "kecamatan" : "Kedungwaru",
  "kelurahan" : "Loderesan",
  "kodepos" : "66229"
}, {
  "kecamatan" : "Kedungwaru",
  "kelurahan" : "Bulusari",
  "kodepos" : "66229"
}, {
  "kecamatan" : "Kedungwaru",
  "kelurahan" : "Gendingan",
  "kodepos" : "66229"
}, {
  "kecamatan" : "Kedungwaru",
  "kelurahan" : "Bangoan",
  "kodepos" : "66229"
}, {
  "kecamatan" : "Kedungwaru",
  "kelurahan" : "Boro",
  "kodepos" : "66229"
}, {
  "kecamatan" : "Kedungwaru",
  "kelurahan" : "Mangunsari",
  "kodepos" : "66228"
}, {
  "kecamatan" : "Kedungwaru",
  "kelurahan" : "Ketanon",
  "kodepos" : "66226"
}, {
  "kecamatan" : "Kedungwaru",
  "kelurahan" : "Tawangsari",
  "kodepos" : "66227"
}, {
  "kecamatan" : "Kedungwaru",
  "kelurahan" : "Kedungwaru",
  "kodepos" : "66224"
}, {
  "kecamatan" : "Kedungwaru",
  "kelurahan" : "Rejoagung",
  "kodepos" : "66225"
}, {
  "kecamatan" : "Kedungwaru",
  "kelurahan" : "Tunggulsari",
  "kodepos" : "66222"
}, {
  "kecamatan" : "Kedungwaru",
  "kelurahan" : "Ringinpitu",
  "kodepos" : "66223"
}, {
  "kecamatan" : "Kedungwaru",
  "kelurahan" : "Plosokandang",
  "kodepos" : "66221"
}, {
  "kecamatan" : "Tulungagung",
  "kelurahan" : "Sembung",
  "kodepos" : "66219"
}, {
  "kecamatan" : "Tulungagung",
  "kelurahan" : "Kauman",
  "kodepos" : "66219"
}, {
  "kecamatan" : "Tulungagung",
  "kelurahan" : "Kepatihan",
  "kodepos" : "66219"
}, {
  "kecamatan" : "Tulungagung",
  "kelurahan" : "Jepun",
  "kodepos" : "66218"
}, {
  "kecamatan" : "Tulungagung",
  "kelurahan" : "Tamanan",
  "kodepos" : "66217"
}, {
  "kecamatan" : "Tulungagung",
  "kelurahan" : "Bago",
  "kodepos" : "66218"
}, {
  "kecamatan" : "Tulungagung",
  "kelurahan" : "Tertek",
  "kodepos" : "66216"
}, {
  "kecamatan" : "Tulungagung",
  "kelurahan" : "Karangwaru",
  "kodepos" : "66217"
}, {
  "kecamatan" : "Tulungagung",
  "kelurahan" : "Kutoanyar",
  "kodepos" : "66215"
}, {
  "kecamatan" : "Tulungagung",
  "kelurahan" : "Panggungrejo",
  "kodepos" : "66214"
}, {
  "kecamatan" : "Tulungagung",
  "kelurahan" : "Kedungsoko",
  "kodepos" : "66215"
}, {
  "kecamatan" : "Tulungagung",
  "kelurahan" : "Kampungdalem",
  "kodepos" : "66212"
}, {
  "kecamatan" : "Tulungagung",
  "kelurahan" : "Kenayan",
  "kodepos" : "66212"
}, {
  "kecamatan" : "Tulungagung",
  "kelurahan" : "Botoran",
  "kodepos" : "66213"
} ]
