[ {
  "kecamatan" : "Wates",
  "kelurahan" : "Wates",
  "kodepos" : "66194"
}, {
  "kecamatan" : "Wates",
  "kelurahan" : "Tulungrejo",
  "kodepos" : "66194"
}, {
  "kecamatan" : "Wates",
  "kelurahan" : "Sumberarum",
  "kodepos" : "66194"
}, {
  "kecamatan" : "Wates",
  "kelurahan" : "Tugu Rejo",
  "kodepos" : "66194"
}, {
  "kecamatan" : "Wates",
  "kelurahan" : "Ringin Rejo",
  "kodepos" : "66194"
}, {
  "kecamatan" : "Wates",
  "kelurahan" : "Sukorejo",
  "kodepos" : "66194"
}, {
  "kecamatan" : "Wates",
  "kelurahan" : "Mojorejo",
  "kodepos" : "66194"
}, {
  "kecamatan" : "Wates",
  "kelurahan" : "Purworejo",
  "kodepos" : "66194"
}, {
  "kecamatan" : "Binangun",
  "kelurahan" : "Tawang Rejo",
  "kodepos" : "66193"
}, {
  "kecamatan" : "Binangun",
  "kelurahan" : "Umbul Damar",
  "kodepos" : "66193"
}, {
  "kecamatan" : "Binangun",
  "kelurahan" : "Sumber Kembar",
  "kodepos" : "66193"
}, {
  "kecamatan" : "Binangun",
  "kelurahan" : "Sukorame",
  "kodepos" : "66193"
}, {
  "kecamatan" : "Binangun",
  "kelurahan" : "Salamrejo",
  "kodepos" : "66193"
}, {
  "kecamatan" : "Binangun",
  "kelurahan" : "Sambigede",
  "kodepos" : "66193"
}, {
  "kecamatan" : "Binangun",
  "kelurahan" : "Ngembul",
  "kodepos" : "66193"
}, {
  "kecamatan" : "Binangun",
  "kelurahan" : "Rejoso",
  "kodepos" : "66193"
}, {
  "kecamatan" : "Binangun",
  "kelurahan" : "Kedungwungu",
  "kodepos" : "66193"
}, {
  "kecamatan" : "Binangun",
  "kelurahan" : "Ngadri",
  "kodepos" : "66193"
}, {
  "kecamatan" : "Binangun",
  "kelurahan" : "Binangun",
  "kodepos" : "66193"
}, {
  "kecamatan" : "Binangun",
  "kelurahan" : "Birowo",
  "kodepos" : "66193"
}, {
  "kecamatan" : "Selorejo",
  "kelurahan" : "Sidomulyo",
  "kodepos" : "66192"
}, {
  "kecamatan" : "Selorejo",
  "kelurahan" : "Sumber Agung",
  "kodepos" : "66192"
}, {
  "kecamatan" : "Selorejo",
  "kelurahan" : "Pohgajih",
  "kodepos" : "66192"
}, {
  "kecamatan" : "Selorejo",
  "kelurahan" : "Selorejo",
  "kodepos" : "66192"
}, {
  "kecamatan" : "Selorejo",
  "kelurahan" : "Ngreco",
  "kodepos" : "66192"
}, {
  "kecamatan" : "Selorejo",
  "kelurahan" : "Ngrendeng",
  "kodepos" : "66192"
}, {
  "kecamatan" : "Selorejo",
  "kelurahan" : "Olak Alen",
  "kodepos" : "66192"
}, {
  "kecamatan" : "Selorejo",
  "kelurahan" : "Banjarsari",
  "kodepos" : "66192"
}, {
  "kecamatan" : "Selorejo",
  "kelurahan" : "Boro",
  "kodepos" : "66192"
}, {
  "kecamatan" : "Selorejo",
  "kelurahan" : "Ampelgading",
  "kodepos" : "66192"
}, {
  "kecamatan" : "Kesamben",
  "kelurahan" : "Tapakrejo",
  "kodepos" : "66191"
}, {
  "kecamatan" : "Kesamben",
  "kelurahan" : "Tepas",
  "kodepos" : "66191"
}, {
  "kecamatan" : "Kesamben",
  "kelurahan" : "Pagerwojo",
  "kodepos" : "66191"
}, {
  "kecamatan" : "Kesamben",
  "kelurahan" : "Siraman",
  "kodepos" : "66191"
}, {
  "kecamatan" : "Kesamben",
  "kelurahan" : "Sukoanyar",
  "kodepos" : "66191"
}, {
  "kecamatan" : "Kesamben",
  "kelurahan" : "Kesamben",
  "kodepos" : "66191"
}, {
  "kecamatan" : "Kesamben",
  "kelurahan" : "Pagergunung",
  "kodepos" : "66191"
}, {
  "kecamatan" : "Kesamben",
  "kelurahan" : "Jugo",
  "kodepos" : "66191"
}, {
  "kecamatan" : "Kesamben",
  "kelurahan" : "Kemirigede",
  "kodepos" : "66191"
}, {
  "kecamatan" : "Kesamben",
  "kelurahan" : "Bumirejo",
  "kodepos" : "66191"
}, {
  "kecamatan" : "Gandusari",
  "kelurahan" : "Sumber Agung",
  "kodepos" : "66187"
}, {
  "kecamatan" : "Gandusari",
  "kelurahan" : "Tambakan",
  "kodepos" : "66187"
}, {
  "kecamatan" : "Gandusari",
  "kelurahan" : "Tulungrejo",
  "kodepos" : "66187"
}, {
  "kecamatan" : "Gandusari",
  "kelurahan" : "Soso",
  "kodepos" : "66187"
}, {
  "kecamatan" : "Gandusari",
  "kelurahan" : "Sukosewu",
  "kodepos" : "66187"
}, {
  "kecamatan" : "Gandusari",
  "kelurahan" : "Ngaringan",
  "kodepos" : "66187"
}, {
  "kecamatan" : "Gandusari",
  "kelurahan" : "Semen",
  "kodepos" : "66187"
}, {
  "kecamatan" : "Gandusari",
  "kelurahan" : "Slumbung",
  "kodepos" : "66187"
}, {
  "kecamatan" : "Gandusari",
  "kelurahan" : "Kotes",
  "kodepos" : "66187"
}, {
  "kecamatan" : "Gandusari",
  "kelurahan" : "Krisik",
  "kodepos" : "66187"
}, {
  "kecamatan" : "Gandusari",
  "kelurahan" : "Gandusari",
  "kodepos" : "66187"
}, {
  "kecamatan" : "Gandusari",
  "kelurahan" : "Gondang",
  "kodepos" : "66187"
}, {
  "kecamatan" : "Gandusari",
  "kelurahan" : "Gadungan",
  "kodepos" : "66187"
}, {
  "kecamatan" : "Gandusari",
  "kelurahan" : "Butun",
  "kodepos" : "66187"
}, {
  "kecamatan" : "Doko",
  "kelurahan" : "Sumber Urip",
  "kodepos" : "66186"
}, {
  "kecamatan" : "Doko",
  "kelurahan" : "Suru",
  "kodepos" : "66186"
}, {
  "kecamatan" : "Doko",
  "kelurahan" : "Resapombo",
  "kodepos" : "66186"
}, {
  "kecamatan" : "Doko",
  "kelurahan" : "Sidorejo",
  "kodepos" : "66186"
}, {
  "kecamatan" : "Doko",
  "kelurahan" : "Slorok",
  "kodepos" : "66186"
}, {
  "kecamatan" : "Doko",
  "kelurahan" : "Kalimanis",
  "kodepos" : "66186"
}, {
  "kecamatan" : "Doko",
  "kelurahan" : "Plumbangan",
  "kodepos" : "66186"
}, {
  "kecamatan" : "Doko",
  "kelurahan" : "Doko",
  "kodepos" : "66186"
}, {
  "kecamatan" : "Doko",
  "kelurahan" : "Genengan",
  "kodepos" : "66186"
}, {
  "kecamatan" : "Doko",
  "kelurahan" : "Jambepawon",
  "kodepos" : "66186"
}, {
  "kecamatan" : "Wlingi",
  "kelurahan" : "Wlingi",
  "kodepos" : "66184"
}, {
  "kecamatan" : "Wlingi",
  "kelurahan" : "Tegalasri",
  "kodepos" : "66184"
}, {
  "kecamatan" : "Wlingi",
  "kelurahan" : "Tembalang",
  "kodepos" : "66184"
}, {
  "kecamatan" : "Selopuro",
  "kelurahan" : "Tegalrejo",
  "kodepos" : "66184"
}, {
  "kecamatan" : "Wlingi",
  "kelurahan" : "Tangkil",
  "kodepos" : "66184"
}, {
  "kecamatan" : "Selopuro",
  "kelurahan" : "Selopuro",
  "kodepos" : "66184"
}, {
  "kecamatan" : "Selopuro",
  "kelurahan" : "Ploso",
  "kodepos" : "66184"
}, {
  "kecamatan" : "Selopuro",
  "kelurahan" : "Popoh",
  "kodepos" : "66184"
}, {
  "kecamatan" : "Wlingi",
  "kelurahan" : "Ngadirenggo",
  "kodepos" : "66184"
}, {
  "kecamatan" : "Selopuro",
  "kelurahan" : "Mandesan",
  "kodepos" : "66184"
}, {
  "kecamatan" : "Selopuro",
  "kelurahan" : "Mronjo",
  "kodepos" : "66184"
}, {
  "kecamatan" : "Wlingi",
  "kelurahan" : "Klemunan",
  "kodepos" : "66184"
}, {
  "kecamatan" : "Selopuro",
  "kelurahan" : "Jatitengah",
  "kodepos" : "66184"
}, {
  "kecamatan" : "Wlingi",
  "kelurahan" : "Beru",
  "kodepos" : "66184"
}, {
  "kecamatan" : "Selopuro",
  "kelurahan" : "Jambewangi",
  "kodepos" : "66184"
}, {
  "kecamatan" : "Wlingi",
  "kelurahan" : "Balerejo",
  "kodepos" : "66184"
}, {
  "kecamatan" : "Wlingi",
  "kelurahan" : "Babadan",
  "kodepos" : "66184"
}, {
  "kecamatan" : "Talun",
  "kelurahan" : "Wonorejo",
  "kodepos" : "66183"
}, {
  "kecamatan" : "Talun",
  "kelurahan" : "Tumpang",
  "kodepos" : "66183"
}, {
  "kecamatan" : "Talun",
  "kelurahan" : "Sragi",
  "kodepos" : "66183"
}, {
  "kecamatan" : "Talun",
  "kelurahan" : "Talun",
  "kodepos" : "66183"
}, {
  "kecamatan" : "Talun",
  "kelurahan" : "Kaweron",
  "kodepos" : "66183"
}, {
  "kecamatan" : "Talun",
  "kelurahan" : "Kendalrejo",
  "kodepos" : "66183"
}, {
  "kecamatan" : "Talun",
  "kelurahan" : "Pasirharjo",
  "kodepos" : "66183"
}, {
  "kecamatan" : "Talun",
  "kelurahan" : "Jajar",
  "kodepos" : "66183"
}, {
  "kecamatan" : "Talun",
  "kelurahan" : "Jeblog",
  "kodepos" : "66183"
}, {
  "kecamatan" : "Talun",
  "kelurahan" : "Kamulan",
  "kodepos" : "66183"
}, {
  "kecamatan" : "Talun",
  "kelurahan" : "Duren",
  "kodepos" : "66183"
}, {
  "kecamatan" : "Talun",
  "kelurahan" : "Jabung",
  "kodepos" : "66183"
}, {
  "kecamatan" : "Talun",
  "kelurahan" : "Bajang",
  "kodepos" : "66183"
}, {
  "kecamatan" : "Talun",
  "kelurahan" : "Bendosewu",
  "kodepos" : "66183"
}, {
  "kecamatan" : "Garum",
  "kelurahan" : "Tawang Sari",
  "kodepos" : "66182"
}, {
  "kecamatan" : "Garum",
  "kelurahan" : "Tingal",
  "kodepos" : "66182"
}, {
  "kecamatan" : "Garum",
  "kelurahan" : "Sumberdiren",
  "kodepos" : "66182"
}, {
  "kecamatan" : "Garum",
  "kelurahan" : "Sidodadi",
  "kodepos" : "66182"
}, {
  "kecamatan" : "Garum",
  "kelurahan" : "Slorok",
  "kodepos" : "66182"
}, {
  "kecamatan" : "Garum",
  "kelurahan" : "Pojok",
  "kodepos" : "66182"
}, {
  "kecamatan" : "Garum",
  "kelurahan" : "Garum",
  "kodepos" : "66182"
}, {
  "kecamatan" : "Garum",
  "kelurahan" : "Karangrejo",
  "kodepos" : "66182"
}, {
  "kecamatan" : "Nglegok",
  "kelurahan" : "Sumberasri",
  "kodepos" : "66181"
}, {
  "kecamatan" : "Garum",
  "kelurahan" : "Bence",
  "kodepos" : "66182"
}, {
  "kecamatan" : "Nglegok",
  "kelurahan" : "Ngoran",
  "kodepos" : "66181"
}, {
  "kecamatan" : "Nglegok",
  "kelurahan" : "Penataran",
  "kodepos" : "66181"
}, {
  "kecamatan" : "Nglegok",
  "kelurahan" : "Krenceng",
  "kodepos" : "66181"
}, {
  "kecamatan" : "Nglegok",
  "kelurahan" : "Modangan",
  "kodepos" : "66181"
}, {
  "kecamatan" : "Nglegok",
  "kelurahan" : "Nglegok",
  "kodepos" : "66181"
}, {
  "kecamatan" : "Nglegok",
  "kelurahan" : "Kedawung",
  "kodepos" : "66181"
}, {
  "kecamatan" : "Nglegok",
  "kelurahan" : "Kemloko",
  "kodepos" : "66181"
}, {
  "kecamatan" : "Nglegok",
  "kelurahan" : "Dayu",
  "kodepos" : "66181"
}, {
  "kecamatan" : "Nglegok",
  "kelurahan" : "Jiwut",
  "kodepos" : "66181"
}, {
  "kecamatan" : "Panggungrejo",
  "kelurahan" : "Sumbersih",
  "kodepos" : "66174"
}, {
  "kecamatan" : "Nglegok",
  "kelurahan" : "Bangsri",
  "kodepos" : "66181"
}, {
  "kecamatan" : "Panggungrejo",
  "kelurahan" : "Serang",
  "kodepos" : "66174"
}, {
  "kecamatan" : "Panggungrejo",
  "kelurahan" : "Sumber Agung",
  "kodepos" : "66174"
}, {
  "kecamatan" : "Panggungrejo",
  "kelurahan" : "Margo Mulyo",
  "kodepos" : "66174"
}, {
  "kecamatan" : "Panggungrejo",
  "kelurahan" : "Panggung Asri",
  "kodepos" : "66174"
}, {
  "kecamatan" : "Panggungrejo",
  "kelurahan" : "Panggung Rejo",
  "kodepos" : "66174"
}, {
  "kecamatan" : "Panggungrejo",
  "kelurahan" : "Kali Gambir",
  "kodepos" : "66174"
}, {
  "kecamatan" : "Panggungrejo",
  "kelurahan" : "Kalitengah",
  "kodepos" : "66174"
}, {
  "kecamatan" : "Panggungrejo",
  "kelurahan" : "Bumiayu",
  "kodepos" : "66174"
}, {
  "kecamatan" : "Panggungrejo",
  "kelurahan" : "Bale Rejo",
  "kodepos" : "66174"
}, {
  "kecamatan" : "Wonotirto",
  "kelurahan" : "Tambakrejo",
  "kodepos" : "66173"
}, {
  "kecamatan" : "Wonotirto",
  "kelurahan" : "Wonotirto",
  "kodepos" : "66173"
}, {
  "kecamatan" : "Wonotirto",
  "kelurahan" : "Ngeni",
  "kodepos" : "66173"
}, {
  "kecamatan" : "Wonotirto",
  "kelurahan" : "Pasiraman",
  "kodepos" : "66173"
}, {
  "kecamatan" : "Wonotirto",
  "kelurahan" : "Sumberboto",
  "kodepos" : "66173"
}, {
  "kecamatan" : "Wonotirto",
  "kelurahan" : "Kaligrenjeng",
  "kodepos" : "66173"
}, {
  "kecamatan" : "Wonotirto",
  "kelurahan" : "Ngadipuro",
  "kodepos" : "66173"
}, {
  "kecamatan" : "Sutojayan",
  "kelurahan" : "Sumberjo",
  "kodepos" : "66172"
}, {
  "kecamatan" : "Wonotirto",
  "kelurahan" : "Gunung Gede",
  "kodepos" : "66173"
}, {
  "kecamatan" : "Sutojayan",
  "kelurahan" : "Sotojayan (Sutojayan)",
  "kodepos" : "66172"
}, {
  "kecamatan" : "Sutojayan",
  "kelurahan" : "Sukorejo",
  "kodepos" : "66172"
}, {
  "kecamatan" : "Sutojayan",
  "kelurahan" : "Kedung Bunder",
  "kodepos" : "66172"
}, {
  "kecamatan" : "Sutojayan",
  "kelurahan" : "Kembangarum",
  "kodepos" : "66172"
}, {
  "kecamatan" : "Sutojayan",
  "kelurahan" : "Pandanarum",
  "kodepos" : "66172"
}, {
  "kecamatan" : "Sutojayan",
  "kelurahan" : "Kalipang",
  "kodepos" : "66172"
}, {
  "kecamatan" : "Sutojayan",
  "kelurahan" : "Kaulon",
  "kodepos" : "66172"
}, {
  "kecamatan" : "Sutojayan",
  "kelurahan" : "Bacem",
  "kodepos" : "66172"
}, {
  "kecamatan" : "Sutojayan",
  "kelurahan" : "Jegu",
  "kodepos" : "66172"
}, {
  "kecamatan" : "Sutojayan",
  "kelurahan" : "Jingglong",
  "kodepos" : "66172"
}, {
  "kecamatan" : "Kanigoro",
  "kelurahan" : "Sawentar",
  "kodepos" : "66171"
}, {
  "kecamatan" : "Kanigoro",
  "kelurahan" : "Tlogo",
  "kodepos" : "66171"
}, {
  "kecamatan" : "Kanigoro",
  "kelurahan" : "Papungan",
  "kodepos" : "66171"
}, {
  "kecamatan" : "Kanigoro",
  "kelurahan" : "Satreyan",
  "kodepos" : "66171"
}, {
  "kecamatan" : "Kanigoro",
  "kelurahan" : "Karangsono",
  "kodepos" : "66171"
}, {
  "kecamatan" : "Kanigoro",
  "kelurahan" : "Kuningan",
  "kodepos" : "66171"
}, {
  "kecamatan" : "Kanigoro",
  "kelurahan" : "Minggirsari",
  "kodepos" : "66171"
}, {
  "kecamatan" : "Kanigoro",
  "kelurahan" : "Gogodeso",
  "kodepos" : "66171"
}, {
  "kecamatan" : "Kanigoro",
  "kelurahan" : "Jatinom",
  "kodepos" : "66171"
}, {
  "kecamatan" : "Kanigoro",
  "kelurahan" : "Kanigoro",
  "kodepos" : "66171"
}, {
  "kecamatan" : "Kanigoro",
  "kelurahan" : "Banggle",
  "kodepos" : "66171"
}, {
  "kecamatan" : "Kanigoro",
  "kelurahan" : "Gaprang",
  "kodepos" : "66171"
}, {
  "kecamatan" : "Bakung",
  "kelurahan" : "Tumpakoyot",
  "kodepos" : "66163"
}, {
  "kecamatan" : "Bakung",
  "kelurahan" : "Sidomulyo",
  "kodepos" : "66163"
}, {
  "kecamatan" : "Bakung",
  "kelurahan" : "Sumberdadi",
  "kodepos" : "66163"
}, {
  "kecamatan" : "Bakung",
  "kelurahan" : "Tumpakkepuh",
  "kodepos" : "66163"
}, {
  "kecamatan" : "Bakung",
  "kelurahan" : "Ngrejo",
  "kodepos" : "66163"
}, {
  "kecamatan" : "Bakung",
  "kelurahan" : "Plandirejo",
  "kodepos" : "66163"
}, {
  "kecamatan" : "Bakung",
  "kelurahan" : "Pulerejo",
  "kodepos" : "66163"
}, {
  "kecamatan" : "Bakung",
  "kelurahan" : "Kedungbanteng",
  "kodepos" : "66163"
}, {
  "kecamatan" : "Bakung",
  "kelurahan" : "Lorejo",
  "kodepos" : "66163"
}, {
  "kecamatan" : "Bakung",
  "kelurahan" : "Bakung",
  "kodepos" : "66163"
}, {
  "kecamatan" : "Bakung",
  "kelurahan" : "Bululawang",
  "kodepos" : "66163"
}, {
  "kecamatan" : "Kademangan",
  "kelurahan" : "Sumberjo",
  "kodepos" : "66161"
}, {
  "kecamatan" : "Kademangan",
  "kelurahan" : "Suruhwadang",
  "kodepos" : "66161"
}, {
  "kecamatan" : "Kademangan",
  "kelurahan" : "Sumberjati",
  "kodepos" : "66161"
}, {
  "kecamatan" : "Kademangan",
  "kelurahan" : "Plumpungrejo",
  "kodepos" : "66161"
}, {
  "kecamatan" : "Kademangan",
  "kelurahan" : "Rejowinangun",
  "kodepos" : "66161"
}, {
  "kecamatan" : "Kademangan",
  "kelurahan" : "Plosorejo",
  "kodepos" : "66161"
}, {
  "kecamatan" : "Kademangan",
  "kelurahan" : "Pakisaji",
  "kodepos" : "66161"
}, {
  "kecamatan" : "Kademangan",
  "kelurahan" : "Panggungduwet",
  "kodepos" : "66161"
}, {
  "kecamatan" : "Kademangan",
  "kelurahan" : "Kebonsari",
  "kodepos" : "66161"
}, {
  "kecamatan" : "Kademangan",
  "kelurahan" : "Maron",
  "kodepos" : "66161"
}, {
  "kecamatan" : "Kademangan",
  "kelurahan" : "Jimbe",
  "kodepos" : "66161"
}, {
  "kecamatan" : "Kademangan",
  "kelurahan" : "Kademangan",
  "kodepos" : "66161"
}, {
  "kecamatan" : "Kademangan",
  "kelurahan" : "Bendosari",
  "kodepos" : "66161"
}, {
  "kecamatan" : "Kademangan",
  "kelurahan" : "Darungan",
  "kodepos" : "66161"
}, {
  "kecamatan" : "Kademangan",
  "kelurahan" : "Dawuhan",
  "kodepos" : "66161"
}, {
  "kecamatan" : "Wonodadi",
  "kelurahan" : "Wonodadi",
  "kodepos" : "66155"
}, {
  "kecamatan" : "Wonodadi",
  "kelurahan" : "Salam",
  "kodepos" : "66155"
}, {
  "kecamatan" : "Wonodadi",
  "kelurahan" : "Tawangrejo",
  "kodepos" : "66155"
}, {
  "kecamatan" : "Wonodadi",
  "kelurahan" : "Pikatan",
  "kodepos" : "66155"
}, {
  "kecamatan" : "Wonodadi",
  "kelurahan" : "Rejosari",
  "kodepos" : "66155"
}, {
  "kecamatan" : "Wonodadi",
  "kelurahan" : "Kolomayan",
  "kodepos" : "66155"
}, {
  "kecamatan" : "Wonodadi",
  "kelurahan" : "Kunir",
  "kodepos" : "66155"
}, {
  "kecamatan" : "Wonodadi",
  "kelurahan" : "Kaliboto",
  "kodepos" : "66155"
}, {
  "kecamatan" : "Wonodadi",
  "kelurahan" : "Kebonagung",
  "kodepos" : "66155"
}, {
  "kecamatan" : "Wonodadi",
  "kelurahan" : "Gandekan",
  "kodepos" : "66155"
}, {
  "kecamatan" : "Wonodadi",
  "kelurahan" : "Jaten",
  "kodepos" : "66155"
}, {
  "kecamatan" : "Udanawu",
  "kelurahan" : "Temenggungan",
  "kodepos" : "66154"
}, {
  "kecamatan" : "Udanawu",
  "kelurahan" : "Tunjung",
  "kodepos" : "66154"
}, {
  "kecamatan" : "Udanawu",
  "kelurahan" : "Sumbersari",
  "kodepos" : "66154"
}, {
  "kecamatan" : "Udanawu",
  "kelurahan" : "Slemanan",
  "kodepos" : "66154"
}, {
  "kecamatan" : "Udanawu",
  "kelurahan" : "Sukorejo",
  "kodepos" : "66154"
}, {
  "kecamatan" : "Udanawu",
  "kelurahan" : "Karanggondang",
  "kodepos" : "66154"
}, {
  "kecamatan" : "Udanawu",
  "kelurahan" : "Mangunan",
  "kodepos" : "66154"
}, {
  "kecamatan" : "Udanawu",
  "kelurahan" : "Ringinanom",
  "kodepos" : "66154"
}, {
  "kecamatan" : "Udanawu",
  "kelurahan" : "Besuki",
  "kodepos" : "66154"
}, {
  "kecamatan" : "Udanawu",
  "kelurahan" : "Jati",
  "kodepos" : "66154"
}, {
  "kecamatan" : "Udanawu",
  "kelurahan" : "Bakung",
  "kodepos" : "66154"
}, {
  "kecamatan" : "Udanawu",
  "kelurahan" : "Bendorejo",
  "kodepos" : "66154"
}, {
  "kecamatan" : "Ponggok",
  "kelurahan" : "Sidorejo",
  "kodepos" : "66153"
}, {
  "kecamatan" : "Ponggok",
  "kelurahan" : "Ponggok",
  "kodepos" : "66153"
}, {
  "kecamatan" : "Ponggok",
  "kelurahan" : "Ringinanyar",
  "kodepos" : "66153"
}, {
  "kecamatan" : "Ponggok",
  "kelurahan" : "Pojok",
  "kodepos" : "66153"
}, {
  "kecamatan" : "Ponggok",
  "kelurahan" : "Maliran",
  "kodepos" : "66153"
}, {
  "kecamatan" : "Ponggok",
  "kelurahan" : "Langon",
  "kodepos" : "66153"
}, {
  "kecamatan" : "Ponggok",
  "kelurahan" : "Kebonduren",
  "kodepos" : "66153"
}, {
  "kecamatan" : "Ponggok",
  "kelurahan" : "Karangbendo",
  "kodepos" : "66153"
}, {
  "kecamatan" : "Ponggok",
  "kelurahan" : "Kawedusan",
  "kodepos" : "66153"
}, {
  "kecamatan" : "Ponggok",
  "kelurahan" : "Jatilengger",
  "kodepos" : "66153"
}, {
  "kecamatan" : "Ponggok",
  "kelurahan" : "Gembongan",
  "kodepos" : "66153"
}, {
  "kecamatan" : "Ponggok",
  "kelurahan" : "Dadaplangu",
  "kodepos" : "66153"
}, {
  "kecamatan" : "Ponggok",
  "kelurahan" : "Candirejo",
  "kodepos" : "66153"
}, {
  "kecamatan" : "Ponggok",
  "kelurahan" : "Bendo",
  "kodepos" : "66153"
}, {
  "kecamatan" : "Ponggok",
  "kelurahan" : "Bacem",
  "kodepos" : "66153"
}, {
  "kecamatan" : "Srengat",
  "kelurahan" : "Wonorejo",
  "kodepos" : "66152"
}, {
  "kecamatan" : "Srengat",
  "kelurahan" : "Togogan",
  "kodepos" : "66152"
}, {
  "kecamatan" : "Srengat",
  "kelurahan" : "Srengat",
  "kodepos" : "66152"
}, {
  "kecamatan" : "Srengat",
  "kelurahan" : "Selokajang",
  "kodepos" : "66152"
}, {
  "kecamatan" : "Srengat",
  "kelurahan" : "Purwokerto",
  "kodepos" : "66152"
}, {
  "kecamatan" : "Srengat",
  "kelurahan" : "Pakisrejo",
  "kodepos" : "66152"
}, {
  "kecamatan" : "Srengat",
  "kelurahan" : "Ngaglik",
  "kodepos" : "66152"
}, {
  "kecamatan" : "Srengat",
  "kelurahan" : "Maron",
  "kodepos" : "66152"
}, {
  "kecamatan" : "Srengat",
  "kelurahan" : "Kerjen",
  "kodepos" : "66152"
}, {
  "kecamatan" : "Srengat",
  "kelurahan" : "Kauman",
  "kodepos" : "66152"
}, {
  "kecamatan" : "Srengat",
  "kelurahan" : "Kendalrejo",
  "kodepos" : "66152"
}, {
  "kecamatan" : "Srengat",
  "kelurahan" : "Karanggayam",
  "kodepos" : "66152"
}, {
  "kecamatan" : "Srengat",
  "kelurahan" : "Kandangan",
  "kodepos" : "66152"
}, {
  "kecamatan" : "Srengat",
  "kelurahan" : "Dermojayan",
  "kodepos" : "66152"
}, {
  "kecamatan" : "Srengat",
  "kelurahan" : "Dandong",
  "kodepos" : "66152"
}, {
  "kecamatan" : "Srengat",
  "kelurahan" : "Bagelenan",
  "kodepos" : "66152"
}, {
  "kecamatan" : "Sanan Kulon",
  "kelurahan" : "Tuliskriyo",
  "kodepos" : "66151"
}, {
  "kecamatan" : "Sanan Kulon",
  "kelurahan" : "Sumberingin",
  "kodepos" : "66151"
}, {
  "kecamatan" : "Sanan Kulon",
  "kelurahan" : "Sumberjo",
  "kodepos" : "66151"
}, {
  "kecamatan" : "Sanan Kulon",
  "kelurahan" : "Sumber",
  "kodepos" : "66151"
}, {
  "kecamatan" : "Sanan Kulon",
  "kelurahan" : "Sanankulon",
  "kodepos" : "66151"
}, {
  "kecamatan" : "Sanan Kulon",
  "kelurahan" : "Purworejo",
  "kodepos" : "66151"
}, {
  "kecamatan" : "Sanan Kulon",
  "kelurahan" : "Plosoarang",
  "kodepos" : "66151"
}, {
  "kecamatan" : "Sanan Kulon",
  "kelurahan" : "Jeding",
  "kodepos" : "66151"
}, {
  "kecamatan" : "Sanan Kulon",
  "kelurahan" : "Kalipucung",
  "kodepos" : "66151"
}, {
  "kecamatan" : "Sanan Kulon",
  "kelurahan" : "Gledug",
  "kodepos" : "66151"
}, {
  "kecamatan" : "Sanan Kulon",
  "kelurahan" : "Bendowulung",
  "kodepos" : "66151"
}, {
  "kecamatan" : "Sanan Kulon",
  "kelurahan" : "Bendosari",
  "kodepos" : "66151"
}, {
  "kecamatan" : "Sanan Wetan",
  "kelurahan" : "Sanan Wetan",
  "kodepos" : "66137"
}, {
  "kecamatan" : "Sanan Wetan",
  "kelurahan" : "Karang Tengah",
  "kodepos" : "66137"
}, {
  "kecamatan" : "Sanan Wetan",
  "kelurahan" : "Gedog",
  "kodepos" : "66137"
}, {
  "kecamatan" : "Sanan Wetan",
  "kelurahan" : "Klampok",
  "kodepos" : "66136"
}, {
  "kecamatan" : "Sanan Wetan",
  "kelurahan" : "Rembang",
  "kodepos" : "66135"
}, {
  "kecamatan" : "Sanan Wetan",
  "kelurahan" : "Plosokerep",
  "kodepos" : "66134"
}, {
  "kecamatan" : "Sanan Wetan",
  "kelurahan" : "Bendogerit",
  "kodepos" : "66133"
}, {
  "kecamatan" : "Sukorejo",
  "kelurahan" : "Tanjung Sari",
  "kodepos" : "66126"
}, {
  "kecamatan" : "Sukorejo",
  "kelurahan" : "Turi",
  "kodepos" : "66126"
}, {
  "kecamatan" : "Sukorejo",
  "kelurahan" : "Blitar",
  "kodepos" : "66126"
}, {
  "kecamatan" : "Sukorejo",
  "kelurahan" : "Karang Sari",
  "kodepos" : "66125"
}, {
  "kecamatan" : "Sukorejo",
  "kelurahan" : "Pakunden",
  "kodepos" : "66122"
}, {
  "kecamatan" : "Sukorejo",
  "kelurahan" : "Tlumpu",
  "kodepos" : "66124"
}, {
  "kecamatan" : "Sukorejo",
  "kelurahan" : "Sukorejo",
  "kodepos" : "66121"
}, {
  "kecamatan" : "Kepanjen Kidul",
  "kelurahan" : "Kauman",
  "kodepos" : "66117"
}, {
  "kecamatan" : "Kepanjen Kidul",
  "kelurahan" : "Kepanjen Kidul",
  "kodepos" : "66117"
}, {
  "kecamatan" : "Kepanjen Kidul",
  "kelurahan" : "Kepanjen Lor",
  "kodepos" : "66117"
}, {
  "kecamatan" : "Kepanjen Kidul",
  "kelurahan" : "Bendo",
  "kodepos" : "66116"
}, {
  "kecamatan" : "Kepanjen Kidul",
  "kelurahan" : "Tanggung",
  "kodepos" : "66115"
}, {
  "kecamatan" : "Kepanjen Kidul",
  "kelurahan" : "Ngadirejo",
  "kodepos" : "66114"
}, {
  "kecamatan" : "Kepanjen Kidul",
  "kelurahan" : "Sentul",
  "kodepos" : "66113"
} ]
