[ {
  "kecamatan" : "Kasembon",
  "kelurahan" : "Sukosari",
  "kodepos" : "65393"
}, {
  "kecamatan" : "Kasembon",
  "kelurahan" : "Wonoagung",
  "kodepos" : "65393"
}, {
  "kecamatan" : "Kasembon",
  "kelurahan" : "Pait",
  "kodepos" : "65393"
}, {
  "kecamatan" : "Kasembon",
  "kelurahan" : "Pondok Agung",
  "kodepos" : "65393"
}, {
  "kecamatan" : "Kasembon",
  "kelurahan" : "Bayem",
  "kodepos" : "65393"
}, {
  "kecamatan" : "Kasembon",
  "kelurahan" : "Kasembon",
  "kodepos" : "65393"
}, {
  "kecamatan" : "Ngantang",
  "kelurahan" : "Tulungrejo",
  "kodepos" : "65392"
}, {
  "kecamatan" : "Ngantang",
  "kelurahan" : "Waturejo",
  "kodepos" : "65392"
}, {
  "kecamatan" : "Ngantang",
  "kelurahan" : "Purworejo",
  "kodepos" : "65392"
}, {
  "kecamatan" : "Ngantang",
  "kelurahan" : "Sidodadi",
  "kodepos" : "65392"
}, {
  "kecamatan" : "Ngantang",
  "kelurahan" : "Sumberagung",
  "kodepos" : "65392"
}, {
  "kecamatan" : "Ngantang",
  "kelurahan" : "Pagersari",
  "kodepos" : "65392"
}, {
  "kecamatan" : "Ngantang",
  "kelurahan" : "Pandansari",
  "kodepos" : "65392"
}, {
  "kecamatan" : "Ngantang",
  "kelurahan" : "Mulyorejo",
  "kodepos" : "65392"
}, {
  "kecamatan" : "Ngantang",
  "kelurahan" : "Ngantru",
  "kodepos" : "65392"
}, {
  "kecamatan" : "Ngantang",
  "kelurahan" : "Kaumrejo",
  "kodepos" : "65392"
}, {
  "kecamatan" : "Ngantang",
  "kelurahan" : "Jombok",
  "kodepos" : "65392"
}, {
  "kecamatan" : "Ngantang",
  "kelurahan" : "Banjarejo",
  "kodepos" : "65392"
}, {
  "kecamatan" : "Ngantang",
  "kelurahan" : "Banturejo",
  "kodepos" : "65392"
}, {
  "kecamatan" : "Pujon",
  "kelurahan" : "Wiyurejo",
  "kodepos" : "65391"
}, {
  "kecamatan" : "Pujon",
  "kelurahan" : "Sukomulyo",
  "kodepos" : "65391"
}, {
  "kecamatan" : "Pujon",
  "kelurahan" : "Tawangsari",
  "kodepos" : "65391"
}, {
  "kecamatan" : "Pujon",
  "kelurahan" : "Pujon Kidul",
  "kodepos" : "65391"
}, {
  "kecamatan" : "Pujon",
  "kelurahan" : "Pujon Lor",
  "kodepos" : "65391"
}, {
  "kecamatan" : "Pujon",
  "kelurahan" : "Ngabab",
  "kodepos" : "65391"
}, {
  "kecamatan" : "Pujon",
  "kelurahan" : "Ngroto",
  "kodepos" : "65391"
}, {
  "kecamatan" : "Pujon",
  "kelurahan" : "Pandesari",
  "kodepos" : "65391"
}, {
  "kecamatan" : "Pujon",
  "kelurahan" : "Bendosari",
  "kodepos" : "65391"
}, {
  "kecamatan" : "Pujon",
  "kelurahan" : "Madiredo",
  "kodepos" : "65391"
}, {
  "kecamatan" : "Lawang",
  "kelurahan" : "Wonorejo",
  "kodepos" : "65216"
}, {
  "kecamatan" : "Lawang",
  "kelurahan" : "Sidoluhur",
  "kodepos" : "65216"
}, {
  "kecamatan" : "Lawang",
  "kelurahan" : "Srigading",
  "kodepos" : "65216"
}, {
  "kecamatan" : "Lawang",
  "kelurahan" : "Sumber Ngepoh",
  "kodepos" : "65216"
}, {
  "kecamatan" : "Lawang",
  "kelurahan" : "Sumber Porong",
  "kodepos" : "65216"
}, {
  "kecamatan" : "Lawang",
  "kelurahan" : "Mulyoarjo",
  "kodepos" : "65216"
}, {
  "kecamatan" : "Lawang",
  "kelurahan" : "Sidodadi",
  "kodepos" : "65216"
}, {
  "kecamatan" : "Lawang",
  "kelurahan" : "Bedali",
  "kodepos" : "65215"
}, {
  "kecamatan" : "Lawang",
  "kelurahan" : "Kalirejo",
  "kodepos" : "65216"
}, {
  "kecamatan" : "Lawang",
  "kelurahan" : "Ketindan",
  "kodepos" : "65214"
}, {
  "kecamatan" : "Lawang",
  "kelurahan" : "Turirejo",
  "kodepos" : "65213"
}, {
  "kecamatan" : "Lawang",
  "kelurahan" : "Lawang",
  "kodepos" : "65211"
}, {
  "kecamatan" : "Ampelgading",
  "kelurahan" : "Tirtomoyo",
  "kodepos" : "65183"
}, {
  "kecamatan" : "Ampelgading",
  "kelurahan" : "Wirotaman",
  "kodepos" : "65183"
}, {
  "kecamatan" : "Ampelgading",
  "kelurahan" : "Tawangagung",
  "kodepos" : "65183"
}, {
  "kecamatan" : "Ampelgading",
  "kelurahan" : "Tirtomarto",
  "kodepos" : "65183"
}, {
  "kecamatan" : "Ampelgading",
  "kelurahan" : "Sonowangi",
  "kodepos" : "65183"
}, {
  "kecamatan" : "Ampelgading",
  "kelurahan" : "Tamanasri",
  "kodepos" : "65183"
}, {
  "kecamatan" : "Ampelgading",
  "kelurahan" : "Tamansari",
  "kodepos" : "65183"
}, {
  "kecamatan" : "Ampelgading",
  "kelurahan" : "Sidorenggo",
  "kodepos" : "65183"
}, {
  "kecamatan" : "Ampelgading",
  "kelurahan" : "Simojayan",
  "kodepos" : "65183"
}, {
  "kecamatan" : "Ampelgading",
  "kelurahan" : "Mulyoasri",
  "kodepos" : "65183"
}, {
  "kecamatan" : "Ampelgading",
  "kelurahan" : "Purwoharjo",
  "kodepos" : "65183"
}, {
  "kecamatan" : "Ampelgading",
  "kelurahan" : "Lebakharjo",
  "kodepos" : "65183"
}, {
  "kecamatan" : "Ampelgading",
  "kelurahan" : "Argoyuwono",
  "kodepos" : "65183"
}, {
  "kecamatan" : "Tirtoyudo",
  "kelurahan" : "Wonoagung",
  "kodepos" : "65182"
}, {
  "kecamatan" : "Tirtoyudo",
  "kelurahan" : "Ampelgading",
  "kodepos" : "65183"
}, {
  "kecamatan" : "Tirtoyudo",
  "kelurahan" : "Tirtoyudo",
  "kodepos" : "65182"
}, {
  "kecamatan" : "Tirtoyudo",
  "kelurahan" : "Tlogosari",
  "kodepos" : "65182"
}, {
  "kecamatan" : "Tirtoyudo",
  "kelurahan" : "Tamansatriyan",
  "kodepos" : "65182"
}, {
  "kecamatan" : "Tirtoyudo",
  "kelurahan" : "Sukorejo",
  "kodepos" : "65182"
}, {
  "kecamatan" : "Tirtoyudo",
  "kelurahan" : "Sumbertangkil",
  "kodepos" : "65182"
}, {
  "kecamatan" : "Tirtoyudo",
  "kelurahan" : "Tamankuncaran",
  "kodepos" : "65182"
}, {
  "kecamatan" : "Tirtoyudo",
  "kelurahan" : "Pujiharjo",
  "kodepos" : "65182"
}, {
  "kecamatan" : "Tirtoyudo",
  "kelurahan" : "Purwodadi",
  "kodepos" : "65182"
}, {
  "kecamatan" : "Tirtoyudo",
  "kelurahan" : "Kepatihan",
  "kodepos" : "65182"
}, {
  "kecamatan" : "Tirtoyudo",
  "kelurahan" : "Gadungsari",
  "kodepos" : "65182"
}, {
  "kecamatan" : "Tirtoyudo",
  "kelurahan" : "Jogomulyan",
  "kodepos" : "65182"
}, {
  "kecamatan" : "Dampit",
  "kelurahan" : "Sumbersuko",
  "kodepos" : "65181"
}, {
  "kecamatan" : "Dampit",
  "kelurahan" : "Srimulyo",
  "kodepos" : "65181"
}, {
  "kecamatan" : "Dampit",
  "kelurahan" : "Sukodono",
  "kodepos" : "65181"
}, {
  "kecamatan" : "Dampit",
  "kelurahan" : "Pojok",
  "kodepos" : "65181"
}, {
  "kecamatan" : "Dampit",
  "kelurahan" : "Rembun",
  "kodepos" : "65181"
}, {
  "kecamatan" : "Dampit",
  "kelurahan" : "Jambangan",
  "kodepos" : "65181"
}, {
  "kecamatan" : "Dampit",
  "kelurahan" : "Majangtengah",
  "kodepos" : "65181"
}, {
  "kecamatan" : "Dampit",
  "kelurahan" : "Pamotan",
  "kodepos" : "65181"
}, {
  "kecamatan" : "Dampit",
  "kelurahan" : "Bumirejo",
  "kodepos" : "65181"
}, {
  "kecamatan" : "Dampit",
  "kelurahan" : "Dampit",
  "kodepos" : "65181"
}, {
  "kecamatan" : "Dampit",
  "kelurahan" : "Baturetno",
  "kodepos" : "65181"
}, {
  "kecamatan" : "Bantur",
  "kelurahan" : "Wonorejo",
  "kodepos" : "65179"
}, {
  "kecamatan" : "Dampit",
  "kelurahan" : "Amadanom",
  "kodepos" : "65181"
}, {
  "kecamatan" : "Bantur",
  "kelurahan" : "Sumberbening",
  "kodepos" : "65179"
}, {
  "kecamatan" : "Bantur",
  "kelurahan" : "Wonokerto",
  "kodepos" : "65179"
}, {
  "kecamatan" : "Bantur",
  "kelurahan" : "Rejoyoso",
  "kodepos" : "65179"
}, {
  "kecamatan" : "Bantur",
  "kelurahan" : "Srigonco",
  "kodepos" : "65179"
}, {
  "kecamatan" : "Bantur",
  "kelurahan" : "Pringgodani",
  "kodepos" : "65179"
}, {
  "kecamatan" : "Bantur",
  "kelurahan" : "Rejosari",
  "kodepos" : "65179"
}, {
  "kecamatan" : "Bantur",
  "kelurahan" : "Bantur",
  "kodepos" : "65179"
}, {
  "kecamatan" : "Bantur",
  "kelurahan" : "Karangsari",
  "kodepos" : "65179"
}, {
  "kecamatan" : "Gedangan",
  "kelurahan" : "Tumpakrejo",
  "kodepos" : "65178"
}, {
  "kecamatan" : "Bantur",
  "kelurahan" : "Bandungrejo",
  "kodepos" : "65179"
}, {
  "kecamatan" : "Gedangan",
  "kelurahan" : "Sindurejo",
  "kodepos" : "65178"
}, {
  "kecamatan" : "Gedangan",
  "kelurahan" : "Sumberejo",
  "kodepos" : "65178"
}, {
  "kecamatan" : "Gedangan",
  "kelurahan" : "Segaran",
  "kodepos" : "65178"
}, {
  "kecamatan" : "Gedangan",
  "kelurahan" : "Sidodadi",
  "kodepos" : "65178"
}, {
  "kecamatan" : "Gedangan",
  "kelurahan" : "Gedangan",
  "kodepos" : "65178"
}, {
  "kecamatan" : "Gedangan",
  "kelurahan" : "Girimulyo",
  "kodepos" : "65178"
}, {
  "kecamatan" : "Gedangan",
  "kelurahan" : "Gajahrejo",
  "kodepos" : "65178"
}, {
  "kecamatan" : "Sumbermanjing Wetan",
  "kelurahan" : "Tambak Asri",
  "kodepos" : "65176"
}, {
  "kecamatan" : "Sumbermanjing Wetan",
  "kelurahan" : "Tambakrejo",
  "kodepos" : "65176"
}, {
  "kecamatan" : "Sumbermanjing Wetan",
  "kelurahan" : "Tegalrejo",
  "kodepos" : "65176"
}, {
  "kecamatan" : "Sumbermanjing Wetan",
  "kelurahan" : "Sumberagung",
  "kodepos" : "65176"
}, {
  "kecamatan" : "Sumbermanjing Wetan",
  "kelurahan" : "Sumbermanjing Wetan",
  "kodepos" : "65176"
}, {
  "kecamatan" : "Sumbermanjing Wetan",
  "kelurahan" : "Sekarbanyu",
  "kodepos" : "65176"
}, {
  "kecamatan" : "Sumbermanjing Wetan",
  "kelurahan" : "Sidoasri",
  "kodepos" : "65176"
}, {
  "kecamatan" : "Sumbermanjing Wetan",
  "kelurahan" : "Sitiarjo",
  "kodepos" : "65176"
}, {
  "kecamatan" : "Sumbermanjing Wetan",
  "kelurahan" : "Ringinkembar",
  "kodepos" : "65176"
}, {
  "kecamatan" : "Sumbermanjing Wetan",
  "kelurahan" : "Ringinsari",
  "kodepos" : "65176"
}, {
  "kecamatan" : "Sumbermanjing Wetan",
  "kelurahan" : "Kedungbanteng",
  "kodepos" : "65176"
}, {
  "kecamatan" : "Sumbermanjing Wetan",
  "kelurahan" : "Klepu",
  "kodepos" : "65176"
}, {
  "kecamatan" : "Sumbermanjing Wetan",
  "kelurahan" : "Druju",
  "kodepos" : "65176"
}, {
  "kecamatan" : "Sumbermanjing Wetan",
  "kelurahan" : "Harjokuncaran",
  "kodepos" : "65176"
}, {
  "kecamatan" : "Turen",
  "kelurahan" : "Undaan",
  "kodepos" : "65175"
}, {
  "kecamatan" : "Sumbermanjing Wetan",
  "kelurahan" : "Argotirto",
  "kodepos" : "65176"
}, {
  "kecamatan" : "Turen",
  "kelurahan" : "Tumpukrenteng",
  "kodepos" : "65175"
}, {
  "kecamatan" : "Turen",
  "kelurahan" : "Turen",
  "kodepos" : "65175"
}, {
  "kecamatan" : "Turen",
  "kelurahan" : "Tanggung",
  "kodepos" : "65175"
}, {
  "kecamatan" : "Turen",
  "kelurahan" : "Tawangrejeni",
  "kodepos" : "65175"
}, {
  "kecamatan" : "Turen",
  "kelurahan" : "Sedayu",
  "kodepos" : "65175"
}, {
  "kecamatan" : "Turen",
  "kelurahan" : "Talangsuko",
  "kodepos" : "65175"
}, {
  "kecamatan" : "Turen",
  "kelurahan" : "Talok",
  "kodepos" : "65175"
}, {
  "kecamatan" : "Turen",
  "kelurahan" : "Sawahan",
  "kodepos" : "65175"
}, {
  "kecamatan" : "Turen",
  "kelurahan" : "Pagedangan",
  "kodepos" : "65175"
}, {
  "kecamatan" : "Turen",
  "kelurahan" : "Sanankerto",
  "kodepos" : "65175"
}, {
  "kecamatan" : "Turen",
  "kelurahan" : "Sananrejo",
  "kodepos" : "65175"
}, {
  "kecamatan" : "Turen",
  "kelurahan" : "Kedok",
  "kodepos" : "65175"
}, {
  "kecamatan" : "Turen",
  "kelurahan" : "Kemulan",
  "kodepos" : "65175"
}, {
  "kecamatan" : "Turen",
  "kelurahan" : "Gedog Wetan",
  "kodepos" : "65175"
}, {
  "kecamatan" : "Turen",
  "kelurahan" : "Jeru",
  "kodepos" : "65175"
}, {
  "kecamatan" : "Gondanglegi",
  "kelurahan" : "Urek Urek",
  "kodepos" : "65174"
}, {
  "kecamatan" : "Turen",
  "kelurahan" : "Gedog Kulon",
  "kodepos" : "65175"
}, {
  "kecamatan" : "Gondanglegi",
  "kelurahan" : "Sukosari",
  "kodepos" : "65174"
}, {
  "kecamatan" : "Gondanglegi",
  "kelurahan" : "Sumberjaya",
  "kodepos" : "65174"
}, {
  "kecamatan" : "Pagelaran",
  "kelurahan" : "Suwaru",
  "kodepos" : "65174"
}, {
  "kecamatan" : "Gondanglegi",
  "kelurahan" : "Sukorejo",
  "kodepos" : "65174"
}, {
  "kecamatan" : "Gondanglegi",
  "kelurahan" : "Putukrejo",
  "kodepos" : "65174"
}, {
  "kecamatan" : "Gondanglegi",
  "kelurahan" : "Sepanjang",
  "kodepos" : "65174"
}, {
  "kecamatan" : "Pagelaran",
  "kelurahan" : "Sidorejo",
  "kodepos" : "65174"
}, {
  "kecamatan" : "Gondanglegi",
  "kelurahan" : "Panggungharjo",
  "kodepos" : "65174"
}, {
  "kecamatan" : "Gondanglegi",
  "kelurahan" : "Putat Kidul",
  "kodepos" : "65174"
}, {
  "kecamatan" : "Gondanglegi",
  "kelurahan" : "Putat Lor",
  "kodepos" : "65174"
}, {
  "kecamatan" : "Gondanglegi",
  "kelurahan" : "Ketawang",
  "kodepos" : "65174"
}, {
  "kecamatan" : "Pagelaran",
  "kelurahan" : "Karangsuko",
  "kodepos" : "65174"
}, {
  "kecamatan" : "Pagelaran",
  "kelurahan" : "Pagelaran",
  "kodepos" : "65174"
}, {
  "kecamatan" : "Pagelaran",
  "kelurahan" : "Kademangan",
  "kodepos" : "65174"
}, {
  "kecamatan" : "Pagelaran",
  "kelurahan" : "Kanigoro",
  "kodepos" : "65174"
}, {
  "kecamatan" : "Gondanglegi",
  "kelurahan" : "Gondanglegi Wetan",
  "kodepos" : "65174"
}, {
  "kecamatan" : "Gondanglegi",
  "kelurahan" : "Ganjaran",
  "kodepos" : "65174"
}, {
  "kecamatan" : "Gondanglegi",
  "kelurahan" : "Gondanglegi Kulon",
  "kodepos" : "65174"
}, {
  "kecamatan" : "Pagelaran",
  "kelurahan" : "Clumprit",
  "kodepos" : "65174"
}, {
  "kecamatan" : "Gondanglegi",
  "kelurahan" : "Bulupitu",
  "kodepos" : "65174"
}, {
  "kecamatan" : "Pagelaran",
  "kelurahan" : "Banjarejo",
  "kodepos" : "65174"
}, {
  "kecamatan" : "Pagelaran",
  "kelurahan" : "Brongkal",
  "kodepos" : "65174"
}, {
  "kecamatan" : "Wajak",
  "kelurahan" : "Wonoayu",
  "kodepos" : "65173"
}, {
  "kecamatan" : "Pagelaran",
  "kelurahan" : "Balearjo",
  "kodepos" : "65174"
}, {
  "kecamatan" : "Wajak",
  "kelurahan" : "Sumberputih",
  "kodepos" : "65173"
}, {
  "kecamatan" : "Wajak",
  "kelurahan" : "Wajak",
  "kodepos" : "65173"
}, {
  "kecamatan" : "Wajak",
  "kelurahan" : "Sukolilo",
  "kodepos" : "65173"
}, {
  "kecamatan" : "Wajak",
  "kelurahan" : "Sukoanyar",
  "kodepos" : "65173"
}, {
  "kecamatan" : "Wajak",
  "kelurahan" : "Ngembal",
  "kodepos" : "65173"
}, {
  "kecamatan" : "Wajak",
  "kelurahan" : "Patokpicis",
  "kodepos" : "65173"
}, {
  "kecamatan" : "Wajak",
  "kelurahan" : "Codo",
  "kodepos" : "65173"
}, {
  "kecamatan" : "Wajak",
  "kelurahan" : "Dadapan",
  "kodepos" : "65173"
}, {
  "kecamatan" : "Wajak",
  "kelurahan" : "Kidangbang",
  "kodepos" : "65173"
}, {
  "kecamatan" : "Wajak",
  "kelurahan" : "Blayu",
  "kodepos" : "65173"
}, {
  "kecamatan" : "Wajak",
  "kelurahan" : "Bringin",
  "kodepos" : "65173"
}, {
  "kecamatan" : "Tajinan",
  "kelurahan" : "Tangkilsari",
  "kodepos" : "65172"
}, {
  "kecamatan" : "Wajak",
  "kelurahan" : "Bambang",
  "kodepos" : "65173"
}, {
  "kecamatan" : "Tajinan",
  "kelurahan" : "Tajinan",
  "kodepos" : "65172"
}, {
  "kecamatan" : "Tajinan",
  "kelurahan" : "Tambakasri",
  "kodepos" : "65172"
}, {
  "kecamatan" : "Tajinan",
  "kelurahan" : "Randugading",
  "kodepos" : "65172"
}, {
  "kecamatan" : "Tajinan",
  "kelurahan" : "Sumbersuko",
  "kodepos" : "65172"
}, {
  "kecamatan" : "Tajinan",
  "kelurahan" : "Pandanmulyo",
  "kodepos" : "65172"
}, {
  "kecamatan" : "Tajinan",
  "kelurahan" : "Purwosekar",
  "kodepos" : "65172"
}, {
  "kecamatan" : "Tajinan",
  "kelurahan" : "Jatisari",
  "kodepos" : "65172"
}, {
  "kecamatan" : "Tajinan",
  "kelurahan" : "Ngawonggo",
  "kodepos" : "65172"
}, {
  "kecamatan" : "Tajinan",
  "kelurahan" : "Gunungsari",
  "kodepos" : "65172"
}, {
  "kecamatan" : "Tajinan",
  "kelurahan" : "Jambearjo",
  "kodepos" : "65172"
}, {
  "kecamatan" : "Bululawang",
  "kelurahan" : "Wandanpuro",
  "kodepos" : "65171"
}, {
  "kecamatan" : "Tajinan",
  "kelurahan" : "Gunungronggo",
  "kodepos" : "65172"
}, {
  "kecamatan" : "Bululawang",
  "kelurahan" : "Sudimoro",
  "kodepos" : "65171"
}, {
  "kecamatan" : "Bululawang",
  "kelurahan" : "Sukonolo",
  "kodepos" : "65171"
}, {
  "kecamatan" : "Bululawang",
  "kelurahan" : "Lumbangsari",
  "kodepos" : "65171"
}, {
  "kecamatan" : "Bululawang",
  "kelurahan" : "Pringu",
  "kodepos" : "65171"
}, {
  "kecamatan" : "Bululawang",
  "kelurahan" : "Sempalwadak",
  "kodepos" : "65171"
}, {
  "kecamatan" : "Bululawang",
  "kelurahan" : "Krebet Senggrong",
  "kodepos" : "65171"
}, {
  "kecamatan" : "Bululawang",
  "kelurahan" : "Kuwolu",
  "kodepos" : "65171"
}, {
  "kecamatan" : "Bululawang",
  "kelurahan" : "Kasembon",
  "kodepos" : "65171"
}, {
  "kecamatan" : "Bululawang",
  "kelurahan" : "Kasri",
  "kodepos" : "65171"
}, {
  "kecamatan" : "Bululawang",
  "kelurahan" : "Krebet",
  "kodepos" : "65171"
}, {
  "kecamatan" : "Bululawang",
  "kelurahan" : "Bululawang",
  "kodepos" : "65171"
}, {
  "kecamatan" : "Bululawang",
  "kelurahan" : "Gading",
  "kodepos" : "65171"
}, {
  "kecamatan" : "Pagak",
  "kelurahan" : "Tlogorejo",
  "kodepos" : "65168"
}, {
  "kecamatan" : "Bululawang",
  "kelurahan" : "Bakalan",
  "kodepos" : "65171"
}, {
  "kecamatan" : "Pagak",
  "kelurahan" : "Sumbermanjing Kulon",
  "kodepos" : "65168"
}, {
  "kecamatan" : "Pagak",
  "kelurahan" : "Sumberrejo",
  "kodepos" : "65168"
}, {
  "kecamatan" : "Pagak",
  "kelurahan" : "Sempol",
  "kodepos" : "65168"
}, {
  "kecamatan" : "Pagak",
  "kelurahan" : "Sumberkerto",
  "kodepos" : "65168"
}, {
  "kecamatan" : "Pagak",
  "kelurahan" : "Pagak",
  "kodepos" : "65168"
}, {
  "kecamatan" : "Pagak",
  "kelurahan" : "Pandanrejo",
  "kodepos" : "65168"
}, {
  "kecamatan" : "Pagak",
  "kelurahan" : "Gampingan",
  "kodepos" : "65168"
}, {
  "kecamatan" : "Donomulyo",
  "kelurahan" : "Tulungrejo",
  "kodepos" : "65167"
}, {
  "kecamatan" : "Donomulyo",
  "kelurahan" : "Tempursari",
  "kodepos" : "65167"
}, {
  "kecamatan" : "Donomulyo",
  "kelurahan" : "Tlogosari",
  "kodepos" : "65167"
}, {
  "kecamatan" : "Donomulyo",
  "kelurahan" : "Purwodadi",
  "kodepos" : "65167"
}, {
  "kecamatan" : "Donomulyo",
  "kelurahan" : "Purworejo",
  "kodepos" : "65167"
}, {
  "kecamatan" : "Donomulyo",
  "kelurahan" : "Sumberoto",
  "kodepos" : "65167"
}, {
  "kecamatan" : "Donomulyo",
  "kelurahan" : "Donomulyo",
  "kodepos" : "65167"
}, {
  "kecamatan" : "Donomulyo",
  "kelurahan" : "Kedungsalam",
  "kodepos" : "65167"
}, {
  "kecamatan" : "Donomulyo",
  "kelurahan" : "Mentaraman",
  "kodepos" : "65167"
}, {
  "kecamatan" : "Kalipare",
  "kelurahan" : "Tumpakrejo",
  "kodepos" : "65166"
}, {
  "kecamatan" : "Donomulyo",
  "kelurahan" : "Banjarjo",
  "kodepos" : "65167"
}, {
  "kecamatan" : "Kalipare",
  "kelurahan" : "Sukowilangun",
  "kodepos" : "65166"
}, {
  "kecamatan" : "Kalipare",
  "kelurahan" : "Sumberpetung",
  "kodepos" : "65166"
}, {
  "kecamatan" : "Kalipare",
  "kelurahan" : "Kalirejo",
  "kodepos" : "65166"
}, {
  "kecamatan" : "Kalipare",
  "kelurahan" : "Putukrejo",
  "kodepos" : "65166"
}, {
  "kecamatan" : "Kalipare",
  "kelurahan" : "Kaliasri",
  "kodepos" : "65166"
}, {
  "kecamatan" : "Kalipare",
  "kelurahan" : "Kalipare",
  "kodepos" : "65166"
}, {
  "kecamatan" : "Kalipare",
  "kelurahan" : "Arjowilangun",
  "kodepos" : "65166"
}, {
  "kecamatan" : "Sumberpucung",
  "kelurahan" : "Ternyang",
  "kodepos" : "65165"
}, {
  "kecamatan" : "Kalipare",
  "kelurahan" : "Arjosari",
  "kodepos" : "65166"
}, {
  "kecamatan" : "Sumberpucung",
  "kelurahan" : "Senggreng",
  "kodepos" : "65165"
}, {
  "kecamatan" : "Sumberpucung",
  "kelurahan" : "Sumberpucung",
  "kodepos" : "65165"
}, {
  "kecamatan" : "Kromengan",
  "kelurahan" : "Slorok",
  "kodepos" : "65165"
}, {
  "kecamatan" : "Sumberpucung",
  "kelurahan" : "Sambigede",
  "kodepos" : "65165"
}, {
  "kecamatan" : "Kromengan",
  "kelurahan" : "Peniwen",
  "kodepos" : "65165"
}, {
  "kecamatan" : "Sumberpucung",
  "kelurahan" : "Ngebruk",
  "kodepos" : "65165"
}, {
  "kecamatan" : "Kromengan",
  "kelurahan" : "Ngadirejo",
  "kodepos" : "65165"
}, {
  "kecamatan" : "Kromengan",
  "kelurahan" : "Karangrejo",
  "kodepos" : "65165"
}, {
  "kecamatan" : "Kromengan",
  "kelurahan" : "Kromengan",
  "kodepos" : "65165"
}, {
  "kecamatan" : "Kromengan",
  "kelurahan" : "Jatikerto",
  "kodepos" : "65165"
}, {
  "kecamatan" : "Sumberpucung",
  "kelurahan" : "Jatiguwi",
  "kodepos" : "65165"
}, {
  "kecamatan" : "Sumberpucung",
  "kelurahan" : "Karangkates",
  "kodepos" : "65165"
}, {
  "kecamatan" : "Kromengan",
  "kelurahan" : "Jambuwer",
  "kodepos" : "65165"
}, {
  "kecamatan" : "Wonosari",
  "kelurahan" : "Sumberdem",
  "kodepos" : "65164"
}, {
  "kecamatan" : "Wonosari",
  "kelurahan" : "Wonosari",
  "kodepos" : "65164"
}, {
  "kecamatan" : "Wonosari",
  "kelurahan" : "Sumber Tempur",
  "kodepos" : "65164"
}, {
  "kecamatan" : "Wonosari",
  "kelurahan" : "Plandi",
  "kodepos" : "65164"
}, {
  "kecamatan" : "Wonosari",
  "kelurahan" : "Plaosan",
  "kodepos" : "65164"
}, {
  "kecamatan" : "Ngajung (Ngajum)",
  "kelurahan" : "Ngasem",
  "kodepos" : "65164"
}, {
  "kecamatan" : "Ngajung (Ngajum)",
  "kelurahan" : "Palaan",
  "kodepos" : "65164"
}, {
  "kecamatan" : "Ngajung (Ngajum)",
  "kelurahan" : "Kranggan",
  "kodepos" : "65164"
}, {
  "kecamatan" : "Ngajung (Ngajum)",
  "kelurahan" : "Maguan",
  "kodepos" : "65164"
}, {
  "kecamatan" : "Ngajung (Ngajum)",
  "kelurahan" : "Ngajum",
  "kodepos" : "65164"
}, {
  "kecamatan" : "Ngajung (Ngajum)",
  "kelurahan" : "Kesamben",
  "kodepos" : "65164"
}, {
  "kecamatan" : "Wonosari",
  "kelurahan" : "Kebobang",
  "kodepos" : "65164"
}, {
  "kecamatan" : "Wonosari",
  "kelurahan" : "Kluwut",
  "kodepos" : "65164"
}, {
  "kecamatan" : "Ngajung (Ngajum)",
  "kelurahan" : "Banjarsari",
  "kodepos" : "65164"
}, {
  "kecamatan" : "Wonosari",
  "kelurahan" : "Bangelan",
  "kodepos" : "65164"
}, {
  "kecamatan" : "Ngajung (Ngajum)",
  "kelurahan" : "Babadan",
  "kodepos" : "65164"
}, {
  "kecamatan" : "Ngajung (Ngajum)",
  "kelurahan" : "Balesari",
  "kodepos" : "65164"
}, {
  "kecamatan" : "Kepanjen",
  "kelurahan" : "Sukoraharjo",
  "kodepos" : "65163"
}, {
  "kecamatan" : "Kepanjen",
  "kelurahan" : "Talangagung",
  "kodepos" : "65163"
}, {
  "kecamatan" : "Kepanjen",
  "kelurahan" : "Tegalsari",
  "kodepos" : "65163"
}, {
  "kecamatan" : "Kepanjen",
  "kelurahan" : "Panggungrejo",
  "kodepos" : "65163"
}, {
  "kecamatan" : "Kepanjen",
  "kelurahan" : "Penarukan",
  "kodepos" : "65163"
}, {
  "kecamatan" : "Kepanjen",
  "kelurahan" : "Sengguruh",
  "kodepos" : "65163"
}, {
  "kecamatan" : "Kepanjen",
  "kelurahan" : "Mojosari",
  "kodepos" : "65163"
}, {
  "kecamatan" : "Kepanjen",
  "kelurahan" : "Ngadilangkung",
  "kodepos" : "65163"
}, {
  "kecamatan" : "Kepanjen",
  "kelurahan" : "Kemiri",
  "kodepos" : "65163"
}, {
  "kecamatan" : "Kepanjen",
  "kelurahan" : "Kepanjen",
  "kodepos" : "65163"
}, {
  "kecamatan" : "Kepanjen",
  "kelurahan" : "Mangunrejo",
  "kodepos" : "65163"
}, {
  "kecamatan" : "Kepanjen",
  "kelurahan" : "Jatirejoyoso",
  "kodepos" : "65163"
}, {
  "kecamatan" : "Kepanjen",
  "kelurahan" : "Jenggolo",
  "kodepos" : "65163"
}, {
  "kecamatan" : "Kepanjen",
  "kelurahan" : "Kedungpedaringan",
  "kodepos" : "65163"
}, {
  "kecamatan" : "Kepanjen",
  "kelurahan" : "Ardirejo",
  "kodepos" : "65163"
}, {
  "kecamatan" : "Kepanjen",
  "kelurahan" : "Cepokomulyo",
  "kodepos" : "65163"
}, {
  "kecamatan" : "Kepanjen",
  "kelurahan" : "Curung Rejo",
  "kodepos" : "65163"
}, {
  "kecamatan" : "Kepanjen",
  "kelurahan" : "Dilem",
  "kodepos" : "65163"
}, {
  "kecamatan" : "Pakisaji",
  "kelurahan" : "Wonokerso",
  "kodepos" : "65162"
}, {
  "kecamatan" : "Pakisaji",
  "kelurahan" : "Wadung",
  "kodepos" : "65162"
}, {
  "kecamatan" : "Pakisaji",
  "kelurahan" : "Permanu",
  "kodepos" : "65162"
}, {
  "kecamatan" : "Pakisaji",
  "kelurahan" : "Sutojayan",
  "kodepos" : "65162"
}, {
  "kecamatan" : "Pakisaji",
  "kelurahan" : "Pakisaji",
  "kodepos" : "65162"
}, {
  "kecamatan" : "Pakisaji",
  "kelurahan" : "Kendalpayak",
  "kodepos" : "65162"
}, {
  "kecamatan" : "Pakisaji",
  "kelurahan" : "Karangduren",
  "kodepos" : "65162"
}, {
  "kecamatan" : "Pakisaji",
  "kelurahan" : "Karangpandan",
  "kodepos" : "65162"
}, {
  "kecamatan" : "Pakisaji",
  "kelurahan" : "Kebonagung",
  "kodepos" : "65162"
}, {
  "kecamatan" : "Pakisaji",
  "kelurahan" : "Glanggang",
  "kodepos" : "65162"
}, {
  "kecamatan" : "Pakisaji",
  "kelurahan" : "Jatisari",
  "kodepos" : "65162"
}, {
  "kecamatan" : "Wagir",
  "kelurahan" : "Sumbersuko",
  "kodepos" : "65158"
}, {
  "kecamatan" : "Pakisaji",
  "kelurahan" : "Genengan",
  "kodepos" : "65162"
}, {
  "kecamatan" : "Wagir",
  "kelurahan" : "Sidorahayu",
  "kodepos" : "65158"
}, {
  "kecamatan" : "Wagir",
  "kelurahan" : "Sitirejo",
  "kodepos" : "65158"
}, {
  "kecamatan" : "Wagir",
  "kelurahan" : "Sukodadi",
  "kodepos" : "65158"
}, {
  "kecamatan" : "Wagir",
  "kelurahan" : "Parangargo",
  "kodepos" : "65158"
}, {
  "kecamatan" : "Wagir",
  "kelurahan" : "Petungsewu",
  "kodepos" : "65158"
}, {
  "kecamatan" : "Wagir",
  "kelurahan" : "Pandanlandung",
  "kodepos" : "65158"
}, {
  "kecamatan" : "Wagir",
  "kelurahan" : "Pandanrejo",
  "kodepos" : "65158"
}, {
  "kecamatan" : "Wagir",
  "kelurahan" : "Jedong",
  "kodepos" : "65158"
}, {
  "kecamatan" : "Wagir",
  "kelurahan" : "Mendalanwangi",
  "kodepos" : "65158"
}, {
  "kecamatan" : "Wagir",
  "kelurahan" : "Dalisodo",
  "kodepos" : "65158"
}, {
  "kecamatan" : "Wagir",
  "kelurahan" : "Gondowangi",
  "kodepos" : "65158"
}, {
  "kecamatan" : "Poncokusumo",
  "kelurahan" : "Wonorejo",
  "kodepos" : "65157"
}, {
  "kecamatan" : "Poncokusumo",
  "kelurahan" : "Wringinanom",
  "kodepos" : "65157"
}, {
  "kecamatan" : "Poncokusumo",
  "kelurahan" : "Sumberejo",
  "kodepos" : "65157"
}, {
  "kecamatan" : "Poncokusumo",
  "kelurahan" : "Wonomulyo",
  "kodepos" : "65157"
}, {
  "kecamatan" : "Poncokusumo",
  "kelurahan" : "Poncokusumo",
  "kodepos" : "65157"
}, {
  "kecamatan" : "Poncokusumo",
  "kelurahan" : "Ngebruk",
  "kodepos" : "65157"
}, {
  "kecamatan" : "Poncokusumo",
  "kelurahan" : "Pajaran",
  "kodepos" : "65157"
}, {
  "kecamatan" : "Poncokusumo",
  "kelurahan" : "Pandansari",
  "kodepos" : "65157"
}, {
  "kecamatan" : "Poncokusumo",
  "kelurahan" : "Ngadas",
  "kodepos" : "65157"
}, {
  "kecamatan" : "Poncokusumo",
  "kelurahan" : "Ngadireso",
  "kodepos" : "65157"
}, {
  "kecamatan" : "Poncokusumo",
  "kelurahan" : "Karanganyar",
  "kodepos" : "65157"
}, {
  "kecamatan" : "Poncokusumo",
  "kelurahan" : "Karangnongko",
  "kodepos" : "65157"
}, {
  "kecamatan" : "Poncokusumo",
  "kelurahan" : "Dawuhan",
  "kodepos" : "65157"
}, {
  "kecamatan" : "Poncokusumo",
  "kelurahan" : "Gubukklakah",
  "kodepos" : "65157"
}, {
  "kecamatan" : "Poncokusumo",
  "kelurahan" : "Jambesari",
  "kodepos" : "65157"
}, {
  "kecamatan" : "Poncokusumo",
  "kelurahan" : "Argosuko",
  "kodepos" : "65157"
}, {
  "kecamatan" : "Poncokusumo",
  "kelurahan" : "Belung",
  "kodepos" : "65157"
}, {
  "kecamatan" : "Tumpang",
  "kelurahan" : "Wringinsongo",
  "kodepos" : "65156"
}, {
  "kecamatan" : "Tumpang",
  "kelurahan" : "Tumpang",
  "kodepos" : "65156"
}, {
  "kecamatan" : "Tumpang",
  "kelurahan" : "Slamet",
  "kodepos" : "65156"
}, {
  "kecamatan" : "Tumpang",
  "kelurahan" : "Tulusbesar",
  "kodepos" : "65156"
}, {
  "kecamatan" : "Tumpang",
  "kelurahan" : "Ngingit",
  "kodepos" : "65156"
}, {
  "kecamatan" : "Tumpang",
  "kelurahan" : "Pandanajeng",
  "kodepos" : "65156"
}, {
  "kecamatan" : "Tumpang",
  "kelurahan" : "Pulungdowo",
  "kodepos" : "65156"
}, {
  "kecamatan" : "Tumpang",
  "kelurahan" : "Malangsuko",
  "kodepos" : "65156"
}, {
  "kecamatan" : "Tumpang",
  "kelurahan" : "Kambingan",
  "kodepos" : "65156"
}, {
  "kecamatan" : "Tumpang",
  "kelurahan" : "Kidal",
  "kodepos" : "65156"
}, {
  "kecamatan" : "Tumpang",
  "kelurahan" : "Duwet Krajan",
  "kodepos" : "65156"
}, {
  "kecamatan" : "Tumpang",
  "kelurahan" : "Jeru",
  "kodepos" : "65156"
}, {
  "kecamatan" : "Tumpang",
  "kelurahan" : "Duwet",
  "kodepos" : "65156"
}, {
  "kecamatan" : "Tumpang",
  "kelurahan" : "Bokor",
  "kodepos" : "65156"
}, {
  "kecamatan" : "Tumpang",
  "kelurahan" : "Benjor",
  "kodepos" : "65156"
}, {
  "kecamatan" : "Jabung",
  "kelurahan" : "Taji",
  "kodepos" : "65155"
}, {
  "kecamatan" : "Jabung",
  "kelurahan" : "Sukopuro",
  "kodepos" : "65155"
}, {
  "kecamatan" : "Jabung",
  "kelurahan" : "Sukolilo",
  "kodepos" : "65155"
}, {
  "kecamatan" : "Jabung",
  "kelurahan" : "Slamparejo",
  "kodepos" : "65155"
}, {
  "kecamatan" : "Jabung",
  "kelurahan" : "Sidorejo",
  "kodepos" : "65155"
}, {
  "kecamatan" : "Jabung",
  "kelurahan" : "Sidomulyo",
  "kodepos" : "65155"
}, {
  "kecamatan" : "Jabung",
  "kelurahan" : "Pandansari Lor",
  "kodepos" : "65155"
}, {
  "kecamatan" : "Jabung",
  "kelurahan" : "Ngadirejo",
  "kodepos" : "65155"
}, {
  "kecamatan" : "Jabung",
  "kelurahan" : "Kenongo",
  "kodepos" : "65155"
}, {
  "kecamatan" : "Jabung",
  "kelurahan" : "Kemiri",
  "kodepos" : "65155"
}, {
  "kecamatan" : "Jabung",
  "kelurahan" : "Kemantren",
  "kodepos" : "65155"
}, {
  "kecamatan" : "Jabung",
  "kelurahan" : "Jabung",
  "kodepos" : "65155"
}, {
  "kecamatan" : "Jabung",
  "kelurahan" : "Gunung Jati",
  "kodepos" : "65155"
}, {
  "kecamatan" : "Jabung",
  "kelurahan" : "Gading Kembar",
  "kodepos" : "65155"
}, {
  "kecamatan" : "Jabung",
  "kelurahan" : "Argosari",
  "kodepos" : "65155"
}, {
  "kecamatan" : "Pakis",
  "kelurahan" : "Tirtomoyo",
  "kodepos" : "65154"
}, {
  "kecamatan" : "Pakis",
  "kelurahan" : "Sumberpasir",
  "kodepos" : "65154"
}, {
  "kecamatan" : "Pakis",
  "kelurahan" : "Sumberkradenan",
  "kodepos" : "65154"
}, {
  "kecamatan" : "Pakis",
  "kelurahan" : "Sukoanyar",
  "kodepos" : "65154"
}, {
  "kecamatan" : "Pakis",
  "kelurahan" : "Sekarpuro",
  "kodepos" : "65154"
}, {
  "kecamatan" : "Pakis",
  "kelurahan" : "Saptorenggo",
  "kodepos" : "65154"
}, {
  "kecamatan" : "Pakis",
  "kelurahan" : "Pucang Songo",
  "kodepos" : "65154"
}, {
  "kecamatan" : "Pakis",
  "kelurahan" : "Pakiskembar",
  "kodepos" : "65154"
}, {
  "kecamatan" : "Pakis",
  "kelurahan" : "Mangliawan",
  "kodepos" : "65154"
}, {
  "kecamatan" : "Pakis",
  "kelurahan" : "Pakisjajar",
  "kodepos" : "65154"
}, {
  "kecamatan" : "Pakis",
  "kelurahan" : "Kedungrejo",
  "kodepos" : "65154"
}, {
  "kecamatan" : "Pakis",
  "kelurahan" : "Bunutwetan",
  "kodepos" : "65154"
}, {
  "kecamatan" : "Pakis",
  "kelurahan" : "Banjarrejo",
  "kodepos" : "65154"
}, {
  "kecamatan" : "Pakis",
  "kelurahan" : "Asrikaton",
  "kodepos" : "65154"
}, {
  "kecamatan" : "Pakis",
  "kelurahan" : "Ampeldento",
  "kodepos" : "65154"
}, {
  "kecamatan" : "Singosari",
  "kelurahan" : "Watugede",
  "kodepos" : "65153"
}, {
  "kecamatan" : "Singosari",
  "kelurahan" : "Wonorejo",
  "kodepos" : "65153"
}, {
  "kecamatan" : "Singosari",
  "kelurahan" : "Tunjungtirto",
  "kodepos" : "65153"
}, {
  "kecamatan" : "Singosari",
  "kelurahan" : "Toyomarto",
  "kodepos" : "65153"
}, {
  "kecamatan" : "Singosari",
  "kelurahan" : "Tamanharjo",
  "kodepos" : "65153"
}, {
  "kecamatan" : "Singosari",
  "kelurahan" : "Randuagung",
  "kodepos" : "65153"
}, {
  "kecamatan" : "Singosari",
  "kelurahan" : "Purwoasri",
  "kodepos" : "65153"
}, {
  "kecamatan" : "Singosari",
  "kelurahan" : "Losari",
  "kodepos" : "65153"
}, {
  "kecamatan" : "Singosari",
  "kelurahan" : "Pagentan",
  "kodepos" : "65153"
}, {
  "kecamatan" : "Singosari",
  "kelurahan" : "Klampok",
  "kodepos" : "65153"
}, {
  "kecamatan" : "Singosari",
  "kelurahan" : "Langlang",
  "kodepos" : "65153"
}, {
  "kecamatan" : "Singosari",
  "kelurahan" : "Dengkol",
  "kodepos" : "65153"
}, {
  "kecamatan" : "Singosari",
  "kelurahan" : "Gunungrejo",
  "kodepos" : "65153"
}, {
  "kecamatan" : "Singosari",
  "kelurahan" : "Baturetno",
  "kodepos" : "65153"
}, {
  "kecamatan" : "Singosari",
  "kelurahan" : "Candirenggo",
  "kodepos" : "65153"
}, {
  "kecamatan" : "Singosari",
  "kelurahan" : "Ardimulyo",
  "kodepos" : "65153"
}, {
  "kecamatan" : "Singosari",
  "kelurahan" : "Banjararum",
  "kodepos" : "65153"
}, {
  "kecamatan" : "Karangploso",
  "kelurahan" : "Tawangargo",
  "kodepos" : "65152"
}, {
  "kecamatan" : "Karangploso",
  "kelurahan" : "Tegalgondo",
  "kodepos" : "65152"
}, {
  "kecamatan" : "Karangploso",
  "kelurahan" : "Ngijo",
  "kodepos" : "65152"
}, {
  "kecamatan" : "Karangploso",
  "kelurahan" : "Ngenep",
  "kodepos" : "65152"
}, {
  "kecamatan" : "Karangploso",
  "kelurahan" : "Girimoyo",
  "kodepos" : "65152"
}, {
  "kecamatan" : "Karangploso",
  "kelurahan" : "Kepuharjo",
  "kodepos" : "65152"
}, {
  "kecamatan" : "Karangploso",
  "kelurahan" : "Bocek",
  "kodepos" : "65152"
}, {
  "kecamatan" : "Karangploso",
  "kelurahan" : "Donowarih",
  "kodepos" : "65152"
}, {
  "kecamatan" : "Karangploso",
  "kelurahan" : "Ampeldento",
  "kodepos" : "65152"
}, {
  "kecamatan" : "Dau",
  "kelurahan" : "Selorejo",
  "kodepos" : "65151"
}, {
  "kecamatan" : "Dau",
  "kelurahan" : "Sumbersekar",
  "kodepos" : "65151"
}, {
  "kecamatan" : "Dau",
  "kelurahan" : "Tegalweru",
  "kodepos" : "65151"
}, {
  "kecamatan" : "Dau",
  "kelurahan" : "Mulyoagung",
  "kodepos" : "65151"
}, {
  "kecamatan" : "Dau",
  "kelurahan" : "Petung Sewu",
  "kodepos" : "65151"
}, {
  "kecamatan" : "Dau",
  "kelurahan" : "Kucur",
  "kodepos" : "65151"
}, {
  "kecamatan" : "Dau",
  "kelurahan" : "Landungsari",
  "kodepos" : "65151"
}, {
  "kecamatan" : "Dau",
  "kelurahan" : "Kalisongo",
  "kodepos" : "65151"
}, {
  "kecamatan" : "Dau",
  "kelurahan" : "Karangwidoro",
  "kodepos" : "65151"
}, {
  "kecamatan" : "Sukun",
  "kelurahan" : "Kebonsari",
  "kodepos" : "65149"
}, {
  "kecamatan" : "Dau",
  "kelurahan" : "Gadingkulon",
  "kodepos" : "65151"
}, {
  "kecamatan" : "Sukun",
  "kelurahan" : "Karang Besuki",
  "kodepos" : "65149"
}, {
  "kecamatan" : "Sukun",
  "kelurahan" : "Bandungrejosari",
  "kodepos" : "65148"
}, {
  "kecamatan" : "Sukun",
  "kelurahan" : "Ciptomulyo",
  "kodepos" : "65148"
}, {
  "kecamatan" : "Sukun",
  "kelurahan" : "Gadang",
  "kodepos" : "65149"
}, {
  "kecamatan" : "Sukun",
  "kelurahan" : "Tanjungrejo",
  "kodepos" : "65147"
}, {
  "kecamatan" : "Sukun",
  "kelurahan" : "Bakalan Krajan",
  "kodepos" : "65148"
}, {
  "kecamatan" : "Sukun",
  "kelurahan" : "Mulyorejo",
  "kodepos" : "65147"
}, {
  "kecamatan" : "Sukun",
  "kelurahan" : "Sukun",
  "kodepos" : "65147"
}, {
  "kecamatan" : "Sukun",
  "kelurahan" : "Bandulan",
  "kodepos" : "65146"
}, {
  "kecamatan" : "Sukun",
  "kelurahan" : "Pisang Candi",
  "kodepos" : "65146"
}, {
  "kecamatan" : "Lowokwaru",
  "kelurahan" : "Ketawanggede",
  "kodepos" : "65145"
}, {
  "kecamatan" : "Lowokwaru",
  "kelurahan" : "Sumbersari",
  "kodepos" : "65145"
}, {
  "kecamatan" : "Lowokwaru",
  "kelurahan" : "Tlogomas",
  "kodepos" : "65144"
}, {
  "kecamatan" : "Lowokwaru",
  "kelurahan" : "Dinoyo",
  "kodepos" : "65144"
}, {
  "kecamatan" : "Lowokwaru",
  "kelurahan" : "Merjosari",
  "kodepos" : "65144"
}, {
  "kecamatan" : "Lowokwaru",
  "kelurahan" : "Tasikmadu",
  "kodepos" : "65143"
}, {
  "kecamatan" : "Lowokwaru",
  "kelurahan" : "Tunggulwulung",
  "kodepos" : "65143"
}, {
  "kecamatan" : "Lowokwaru",
  "kelurahan" : "Tulusrejo",
  "kodepos" : "65141"
}, {
  "kecamatan" : "Lowokwaru",
  "kelurahan" : "Mojolangu",
  "kodepos" : "65142"
}, {
  "kecamatan" : "Lowokwaru",
  "kelurahan" : "Tunjungsekar",
  "kodepos" : "65142"
}, {
  "kecamatan" : "Lowokwaru",
  "kelurahan" : "Jatimulyo",
  "kodepos" : "65141"
}, {
  "kecamatan" : "Lowokwaru",
  "kelurahan" : "Lowokwaru",
  "kodepos" : "65141"
}, {
  "kecamatan" : "Kedungkandang",
  "kelurahan" : "Sawojajar",
  "kodepos" : "65139"
}, {
  "kecamatan" : "Kedungkandang",
  "kelurahan" : "Cemorokandang",
  "kodepos" : "65138"
}, {
  "kecamatan" : "Kedungkandang",
  "kelurahan" : "Lesanpuro",
  "kodepos" : "65138"
}, {
  "kecamatan" : "Kedungkandang",
  "kelurahan" : "Madyopuro",
  "kodepos" : "65139"
}, {
  "kecamatan" : "Kedungkandang",
  "kelurahan" : "Kedungkandang",
  "kodepos" : "65137"
}, {
  "kecamatan" : "Blimbing",
  "kelurahan" : "Jodipan",
  "kodepos" : "65137"
}, {
  "kecamatan" : "Kedungkandang",
  "kelurahan" : "Wonokoyo",
  "kodepos" : "65135"
}, {
  "kecamatan" : "Kedungkandang",
  "kelurahan" : "Buring",
  "kodepos" : "65136"
}, {
  "kecamatan" : "Kedungkandang",
  "kelurahan" : "Kotalama",
  "kodepos" : "65136"
}, {
  "kecamatan" : "Kedungkandang",
  "kelurahan" : "Bumiayu",
  "kodepos" : "65135"
}, {
  "kecamatan" : "Kedungkandang",
  "kelurahan" : "Mergosono",
  "kodepos" : "65134"
}, {
  "kecamatan" : "Kedungkandang",
  "kelurahan" : "Arjowinangun",
  "kodepos" : "65132"
}, {
  "kecamatan" : "Kedungkandang",
  "kelurahan" : "Tlogowaru",
  "kodepos" : "65133"
}, {
  "kecamatan" : "Blimbing",
  "kelurahan" : "Balearjosari",
  "kodepos" : "65126"
}, {
  "kecamatan" : "Blimbing",
  "kelurahan" : "Polowijen",
  "kodepos" : "65126"
}, {
  "kecamatan" : "Blimbing",
  "kelurahan" : "Purwodadi",
  "kodepos" : "65125"
}, {
  "kecamatan" : "Blimbing",
  "kelurahan" : "Arjosari",
  "kodepos" : "65126"
}, {
  "kecamatan" : "Blimbing",
  "kelurahan" : "Pandanwangi",
  "kodepos" : "65124"
}, {
  "kecamatan" : "Blimbing",
  "kelurahan" : "Blimbing",
  "kodepos" : "65125"
}, {
  "kecamatan" : "Blimbing",
  "kelurahan" : "Polehan",
  "kodepos" : "65121"
}, {
  "kecamatan" : "Blimbing",
  "kelurahan" : "Purwantoro",
  "kodepos" : "65122"
}, {
  "kecamatan" : "Blimbing",
  "kelurahan" : "Bunulrejo",
  "kodepos" : "65123"
}, {
  "kecamatan" : "Blimbing",
  "kelurahan" : "Kesatrian",
  "kodepos" : "65121"
}, {
  "kecamatan" : "Klojen",
  "kelurahan" : "Oro Oro Dowo",
  "kodepos" : "65119"
}, {
  "kecamatan" : "Klojen",
  "kelurahan" : "Kauman",
  "kodepos" : "65119"
}, {
  "kecamatan" : "Klojen",
  "kelurahan" : "Kidul Dalem",
  "kodepos" : "65119"
}, {
  "kecamatan" : "Klojen",
  "kelurahan" : "Sukoharjo",
  "kodepos" : "65118"
}, {
  "kecamatan" : "Klojen",
  "kelurahan" : "Kasin",
  "kodepos" : "65117"
}, {
  "kecamatan" : "Klojen",
  "kelurahan" : "Bareng",
  "kodepos" : "65116"
}, {
  "kecamatan" : "Klojen",
  "kelurahan" : "Samaan",
  "kodepos" : "65112"
}, {
  "kecamatan" : "Klojen",
  "kelurahan" : "Penanggungan",
  "kodepos" : "65113"
}, {
  "kecamatan" : "Klojen",
  "kelurahan" : "Gadingkasri",
  "kodepos" : "65115"
}, {
  "kecamatan" : "Klojen",
  "kelurahan" : "Klojen",
  "kodepos" : "65111"
}, {
  "kecamatan" : "Klojen",
  "kelurahan" : "Rampal Celaket",
  "kodepos" : "65111"
} ]
