[ {
  "kecamatan" : "Bumiaji",
  "kelurahan" : "Sumber Brantas",
  "kodepos" : "65338"
}, {
  "kecamatan" : "Bumiaji",
  "kelurahan" : "Gunung Sari",
  "kodepos" : "65337"
}, {
  "kecamatan" : "Bumiaji",
  "kelurahan" : "Punten",
  "kodepos" : "65338"
}, {
  "kecamatan" : "Bumiaji",
  "kelurahan" : "Sumber Gondo",
  "kodepos" : "65335"
}, {
  "kecamatan" : "Bumiaji",
  "kelurahan" : "Tulung Rejo",
  "kodepos" : "65336"
}, {
  "kecamatan" : "Bumiaji",
  "kelurahan" : "Giripurno",
  "kodepos" : "65333"
}, {
  "kecamatan" : "Bumiaji",
  "kelurahan" : "Bulukerto",
  "kodepos" : "65334"
}, {
  "kecamatan" : "Bumiaji",
  "kelurahan" : "Pandan Rejo",
  "kodepos" : "65332"
}, {
  "kecamatan" : "Bumiaji",
  "kelurahan" : "Bumiaji",
  "kodepos" : "65331"
}, {
  "kecamatan" : "Junrejo",
  "kelurahan" : "Tlekung",
  "kodepos" : "65327"
}, {
  "kecamatan" : "Junrejo",
  "kelurahan" : "Torongrejo",
  "kodepos" : "65325"
}, {
  "kecamatan" : "Junrejo",
  "kelurahan" : "Beji",
  "kodepos" : "65326"
}, {
  "kecamatan" : "Junrejo",
  "kelurahan" : "Pendem",
  "kodepos" : "65324"
}, {
  "kecamatan" : "Junrejo",
  "kelurahan" : "Junrejo",
  "kodepos" : "65321"
}, {
  "kecamatan" : "Junrejo",
  "kelurahan" : "Mojorejo",
  "kodepos" : "65322"
}, {
  "kecamatan" : "Junrejo",
  "kelurahan" : "Dadaprejo",
  "kodepos" : "65323"
}, {
  "kecamatan" : "Batu",
  "kelurahan" : "Sumberejo (Sumber Rejo)",
  "kodepos" : "65318"
}, {
  "kecamatan" : "Batu",
  "kelurahan" : "Temas",
  "kodepos" : "65315"
}, {
  "kecamatan" : "Batu",
  "kelurahan" : "Oro-Oro Ombo",
  "kodepos" : "65316"
}, {
  "kecamatan" : "Batu",
  "kelurahan" : "Sidomulyo",
  "kodepos" : "65317"
}, {
  "kecamatan" : "Batu",
  "kelurahan" : "Pesanggrahan",
  "kodepos" : "65313"
}, {
  "kecamatan" : "Batu",
  "kelurahan" : "Sisir",
  "kodepos" : "65314"
}, {
  "kecamatan" : "Batu",
  "kelurahan" : "Ngaglik",
  "kodepos" : "65311"
}, {
  "kecamatan" : "Batu",
  "kelurahan" : "Songgo Kerto",
  "kodepos" : "65312"
} ]
