[ {
  "kecamatan" : "Prambon",
  "kelurahan" : "Watu Dandang",
  "kodepos" : "64484"
}, {
  "kecamatan" : "Prambon",
  "kelurahan" : "Tegaron",
  "kodepos" : "64484"
}, {
  "kecamatan" : "Prambon",
  "kelurahan" : "Tanjung Tani",
  "kodepos" : "64484"
}, {
  "kecamatan" : "Prambon",
  "kelurahan" : "Sono Ageng",
  "kodepos" : "64484"
}, {
  "kecamatan" : "Prambon",
  "kelurahan" : "Sugihwaras",
  "kodepos" : "64484"
}, {
  "kecamatan" : "Prambon",
  "kelurahan" : "Sanggrahan",
  "kodepos" : "64484"
}, {
  "kecamatan" : "Prambon",
  "kelurahan" : "Singkal Anyar",
  "kodepos" : "64484"
}, {
  "kecamatan" : "Prambon",
  "kelurahan" : "Nglawak",
  "kodepos" : "64484"
}, {
  "kecamatan" : "Prambon",
  "kelurahan" : "Rowoharjo",
  "kodepos" : "64484"
}, {
  "kecamatan" : "Prambon",
  "kelurahan" : "Kurungrejo",
  "kodepos" : "64484"
}, {
  "kecamatan" : "Prambon",
  "kelurahan" : "Mojo Agung",
  "kodepos" : "64484"
}, {
  "kecamatan" : "Prambon",
  "kelurahan" : "Bandung",
  "kodepos" : "64484"
}, {
  "kecamatan" : "Prambon",
  "kelurahan" : "Gondanglegi",
  "kodepos" : "64484"
}, {
  "kecamatan" : "Tanjunganom",
  "kelurahan" : "Wates",
  "kodepos" : "64482"
}, {
  "kecamatan" : "Prambon",
  "kelurahan" : "Baleturi",
  "kodepos" : "64484"
}, {
  "kecamatan" : "Tanjunganom",
  "kelurahan" : "Tanjung Anom",
  "kodepos" : "64482"
}, {
  "kecamatan" : "Tanjunganom",
  "kelurahan" : "Warujayeng",
  "kodepos" : "64482"
}, {
  "kecamatan" : "Tanjunganom",
  "kelurahan" : "Sumberkepuh",
  "kodepos" : "64482"
}, {
  "kecamatan" : "Tanjunganom",
  "kelurahan" : "Sonobekel",
  "kodepos" : "64482"
}, {
  "kecamatan" : "Tanjunganom",
  "kelurahan" : "Sambirejo",
  "kodepos" : "64482"
}, {
  "kecamatan" : "Tanjunganom",
  "kelurahan" : "Sidoharjo",
  "kodepos" : "64482"
}, {
  "kecamatan" : "Tanjunganom",
  "kelurahan" : "Kedungrejo",
  "kodepos" : "64482"
}, {
  "kecamatan" : "Tanjunganom",
  "kelurahan" : "Malangsari",
  "kodepos" : "64482"
}, {
  "kecamatan" : "Tanjunganom",
  "kelurahan" : "Ngadirejo",
  "kodepos" : "64482"
}, {
  "kecamatan" : "Tanjunganom",
  "kelurahan" : "Kampungbaru",
  "kodepos" : "64482"
}, {
  "kecamatan" : "Tanjunganom",
  "kelurahan" : "Kedung Ombo",
  "kodepos" : "64482"
}, {
  "kecamatan" : "Tanjunganom",
  "kelurahan" : "Getas",
  "kodepos" : "64482"
}, {
  "kecamatan" : "Tanjunganom",
  "kelurahan" : "Jogomerto",
  "kodepos" : "64482"
}, {
  "kecamatan" : "Tanjunganom",
  "kelurahan" : "Demangan",
  "kodepos" : "64482"
}, {
  "kecamatan" : "Sukomoro",
  "kelurahan" : "Sumengko",
  "kodepos" : "64481"
}, {
  "kecamatan" : "Tanjunganom",
  "kelurahan" : "Banjar Anyar",
  "kodepos" : "64482"
}, {
  "kecamatan" : "Sukomoro",
  "kelurahan" : "Sukomoro",
  "kodepos" : "64481"
}, {
  "kecamatan" : "Sukomoro",
  "kelurahan" : "Putren",
  "kodepos" : "64481"
}, {
  "kecamatan" : "Sukomoro",
  "kelurahan" : "Ngrengket",
  "kodepos" : "64481"
}, {
  "kecamatan" : "Sukomoro",
  "kelurahan" : "Pehserut",
  "kodepos" : "64481"
}, {
  "kecamatan" : "Sukomoro",
  "kelurahan" : "Ngrami",
  "kodepos" : "64481"
}, {
  "kecamatan" : "Sukomoro",
  "kelurahan" : "Kedung Soko",
  "kodepos" : "64481"
}, {
  "kecamatan" : "Sukomoro",
  "kelurahan" : "Nglundo",
  "kodepos" : "64481"
}, {
  "kecamatan" : "Sukomoro",
  "kelurahan" : "Bungur",
  "kodepos" : "64481"
}, {
  "kecamatan" : "Sukomoro",
  "kelurahan" : "Kapas",
  "kodepos" : "64481"
}, {
  "kecamatan" : "Sukomoro",
  "kelurahan" : "Bagor Wetan",
  "kodepos" : "64481"
}, {
  "kecamatan" : "Sukomoro",
  "kelurahan" : "Blitaran",
  "kodepos" : "64481"
}, {
  "kecamatan" : "Sawahan",
  "kelurahan" : "Sidorejo",
  "kodepos" : "64475"
}, {
  "kecamatan" : "Sawahan",
  "kelurahan" : "Siwalan",
  "kodepos" : "64475"
}, {
  "kecamatan" : "Sawahan",
  "kelurahan" : "Ngliman",
  "kodepos" : "64475"
}, {
  "kecamatan" : "Sawahan",
  "kelurahan" : "Sawahan",
  "kodepos" : "64475"
}, {
  "kecamatan" : "Sawahan",
  "kelurahan" : "Kebon Agung",
  "kodepos" : "64475"
}, {
  "kecamatan" : "Sawahan",
  "kelurahan" : "Margopatut",
  "kodepos" : "64475"
}, {
  "kecamatan" : "Sawahan",
  "kelurahan" : "Duren",
  "kodepos" : "64475"
}, {
  "kecamatan" : "Sawahan",
  "kelurahan" : "Bendolo",
  "kodepos" : "64475"
}, {
  "kecamatan" : "Sawahan",
  "kelurahan" : "Bareng",
  "kodepos" : "64475"
}, {
  "kecamatan" : "Ngetos",
  "kelurahan" : "Oro-Oro Ombo",
  "kodepos" : "64474"
}, {
  "kecamatan" : "Ngetos",
  "kelurahan" : "Suru",
  "kodepos" : "64474"
}, {
  "kecamatan" : "Ngetos",
  "kelurahan" : "Mojoduwur",
  "kodepos" : "64474"
}, {
  "kecamatan" : "Ngetos",
  "kelurahan" : "Ngetos",
  "kodepos" : "64474"
}, {
  "kecamatan" : "Ngetos",
  "kelurahan" : "Kuncir",
  "kodepos" : "64474"
}, {
  "kecamatan" : "Ngetos",
  "kelurahan" : "Kweden",
  "kodepos" : "64474"
}, {
  "kecamatan" : "Ngetos",
  "kelurahan" : "Kepel",
  "kodepos" : "64474"
}, {
  "kecamatan" : "Ngetos",
  "kelurahan" : "Klodan",
  "kodepos" : "64474"
}, {
  "kecamatan" : "Berbek",
  "kelurahan" : "Tiripan",
  "kodepos" : "64473"
}, {
  "kecamatan" : "Ngetos",
  "kelurahan" : "Blongko",
  "kodepos" : "64474"
}, {
  "kecamatan" : "Berbek",
  "kelurahan" : "Sumber Urip",
  "kodepos" : "64473"
}, {
  "kecamatan" : "Berbek",
  "kelurahan" : "Sumberwindu",
  "kodepos" : "64473"
}, {
  "kecamatan" : "Berbek",
  "kelurahan" : "Sendang Bumen",
  "kodepos" : "64473"
}, {
  "kecamatan" : "Berbek",
  "kelurahan" : "Sengkut",
  "kodepos" : "64473"
}, {
  "kecamatan" : "Berbek",
  "kelurahan" : "Sono Patik",
  "kodepos" : "64473"
}, {
  "kecamatan" : "Berbek",
  "kelurahan" : "Salamrojo",
  "kodepos" : "64473"
}, {
  "kecamatan" : "Berbek",
  "kelurahan" : "Semare",
  "kodepos" : "64473"
}, {
  "kecamatan" : "Berbek",
  "kelurahan" : "Ngrawan",
  "kodepos" : "64473"
}, {
  "kecamatan" : "Berbek",
  "kelurahan" : "Patranrejo",
  "kodepos" : "64473"
}, {
  "kecamatan" : "Berbek",
  "kelurahan" : "Kacangan",
  "kodepos" : "64473"
}, {
  "kecamatan" : "Berbek",
  "kelurahan" : "Maguan",
  "kodepos" : "64473"
}, {
  "kecamatan" : "Berbek",
  "kelurahan" : "Mlilir",
  "kodepos" : "64473"
}, {
  "kecamatan" : "Berbek",
  "kelurahan" : "Bulu",
  "kodepos" : "64473"
}, {
  "kecamatan" : "Berbek",
  "kelurahan" : "Cepoko",
  "kodepos" : "64473"
}, {
  "kecamatan" : "Berbek",
  "kelurahan" : "Grojogan",
  "kodepos" : "64473"
}, {
  "kecamatan" : "Berbek",
  "kelurahan" : "Balongrejo",
  "kodepos" : "64473"
}, {
  "kecamatan" : "Berbek",
  "kelurahan" : "Bendungrejo",
  "kodepos" : "64473"
}, {
  "kecamatan" : "Berbek",
  "kelurahan" : "Berbek",
  "kodepos" : "64473"
}, {
  "kecamatan" : "Pace",
  "kelurahan" : "Sanan",
  "kodepos" : "64472"
}, {
  "kecamatan" : "Pace",
  "kelurahan" : "Pace Wetan",
  "kodepos" : "64472"
}, {
  "kecamatan" : "Pace",
  "kelurahan" : "Pacekulon",
  "kodepos" : "64472"
}, {
  "kecamatan" : "Pace",
  "kelurahan" : "Plosoharjo",
  "kodepos" : "64472"
}, {
  "kecamatan" : "Pace",
  "kelurahan" : "Kecubung",
  "kodepos" : "64472"
}, {
  "kecamatan" : "Pace",
  "kelurahan" : "Kepanjen",
  "kodepos" : "64472"
}, {
  "kecamatan" : "Pace",
  "kelurahan" : "Mlandangan",
  "kodepos" : "64472"
}, {
  "kecamatan" : "Pace",
  "kelurahan" : "Jetis",
  "kodepos" : "64472"
}, {
  "kecamatan" : "Pace",
  "kelurahan" : "Joho",
  "kodepos" : "64472"
}, {
  "kecamatan" : "Pace",
  "kelurahan" : "Gemenggeng",
  "kodepos" : "64472"
}, {
  "kecamatan" : "Pace",
  "kelurahan" : "Jampes",
  "kodepos" : "64472"
}, {
  "kecamatan" : "Pace",
  "kelurahan" : "Jatigreges",
  "kodepos" : "64472"
}, {
  "kecamatan" : "Pace",
  "kelurahan" : "Batembat",
  "kodepos" : "64472"
}, {
  "kecamatan" : "Pace",
  "kelurahan" : "Bodor",
  "kodepos" : "64472"
}, {
  "kecamatan" : "Pace",
  "kelurahan" : "Cerme",
  "kodepos" : "64472"
}, {
  "kecamatan" : "Pace",
  "kelurahan" : "Banaran",
  "kodepos" : "64472"
}, {
  "kecamatan" : "Loceret",
  "kelurahan" : "Tempel Wetan",
  "kodepos" : "64471"
}, {
  "kecamatan" : "Pace",
  "kelurahan" : "Babadan",
  "kodepos" : "64472"
}, {
  "kecamatan" : "Loceret",
  "kelurahan" : "Tanjungrejo",
  "kodepos" : "64471"
}, {
  "kecamatan" : "Loceret",
  "kelurahan" : "Teken Glagahan",
  "kodepos" : "64471"
}, {
  "kecamatan" : "Loceret",
  "kelurahan" : "Sombron",
  "kodepos" : "64471"
}, {
  "kecamatan" : "Loceret",
  "kelurahan" : "Sukorejo",
  "kodepos" : "64471"
}, {
  "kecamatan" : "Loceret",
  "kelurahan" : "Putukrejo",
  "kodepos" : "64471"
}, {
  "kecamatan" : "Loceret",
  "kelurahan" : "Sekaran",
  "kodepos" : "64471"
}, {
  "kecamatan" : "Loceret",
  "kelurahan" : "Nglaban",
  "kodepos" : "64471"
}, {
  "kecamatan" : "Loceret",
  "kelurahan" : "Patihan",
  "kodepos" : "64471"
}, {
  "kecamatan" : "Loceret",
  "kelurahan" : "Mungkung",
  "kodepos" : "64471"
}, {
  "kecamatan" : "Loceret",
  "kelurahan" : "Ngepeh",
  "kodepos" : "64471"
}, {
  "kecamatan" : "Loceret",
  "kelurahan" : "Kwagean",
  "kodepos" : "64471"
}, {
  "kecamatan" : "Loceret",
  "kelurahan" : "Loceret",
  "kodepos" : "64471"
}, {
  "kecamatan" : "Loceret",
  "kelurahan" : "Macanan",
  "kodepos" : "64471"
}, {
  "kecamatan" : "Loceret",
  "kelurahan" : "Karangsono",
  "kodepos" : "64471"
}, {
  "kecamatan" : "Loceret",
  "kelurahan" : "Kenep",
  "kodepos" : "64471"
}, {
  "kecamatan" : "Loceret",
  "kelurahan" : "Jatirejo",
  "kodepos" : "64471"
}, {
  "kecamatan" : "Loceret",
  "kelurahan" : "Genjeng",
  "kodepos" : "64471"
}, {
  "kecamatan" : "Loceret",
  "kelurahan" : "Godean",
  "kodepos" : "64471"
}, {
  "kecamatan" : "Loceret",
  "kelurahan" : "Bajulan",
  "kodepos" : "64471"
}, {
  "kecamatan" : "Loceret",
  "kelurahan" : "Candirejo",
  "kodepos" : "64471"
}, {
  "kecamatan" : "Loceret",
  "kelurahan" : "Gejagan",
  "kodepos" : "64471"
}, {
  "kecamatan" : "Wilangan",
  "kelurahan" : "Wilangan",
  "kodepos" : "64462"
}, {
  "kecamatan" : "Wilangan",
  "kelurahan" : "Ngudikan",
  "kodepos" : "64462"
}, {
  "kecamatan" : "Wilangan",
  "kelurahan" : "Sukoharjo",
  "kodepos" : "64462"
}, {
  "kecamatan" : "Wilangan",
  "kelurahan" : "Sudimoroharjo",
  "kodepos" : "64462"
}, {
  "kecamatan" : "Wilangan",
  "kelurahan" : "Ngadipiro",
  "kodepos" : "64462"
}, {
  "kecamatan" : "Bagor",
  "kelurahan" : "Sugih Waras",
  "kodepos" : "64461"
}, {
  "kecamatan" : "Wilangan",
  "kelurahan" : "Mancon",
  "kodepos" : "64462"
}, {
  "kecamatan" : "Bagor",
  "kelurahan" : "Sekar Putih",
  "kodepos" : "64461"
}, {
  "kecamatan" : "Bagor",
  "kelurahan" : "Selorejo",
  "kodepos" : "64461"
}, {
  "kecamatan" : "Bagor",
  "kelurahan" : "Paron",
  "kodepos" : "64461"
}, {
  "kecamatan" : "Bagor",
  "kelurahan" : "Pesudukuh",
  "kodepos" : "64461"
}, {
  "kecamatan" : "Bagor",
  "kelurahan" : "Petak",
  "kodepos" : "64461"
}, {
  "kecamatan" : "Bagor",
  "kelurahan" : "Ngumpul",
  "kodepos" : "64461"
}, {
  "kecamatan" : "Bagor",
  "kelurahan" : "Kutorejo",
  "kodepos" : "64461"
}, {
  "kecamatan" : "Bagor",
  "kelurahan" : "Kendal Rejo",
  "kodepos" : "64461"
}, {
  "kecamatan" : "Bagor",
  "kelurahan" : "Kerep Kidul",
  "kodepos" : "64461"
}, {
  "kecamatan" : "Bagor",
  "kelurahan" : "Karang Tengah",
  "kodepos" : "64461"
}, {
  "kecamatan" : "Bagor",
  "kelurahan" : "Kedondong",
  "kodepos" : "64461"
}, {
  "kecamatan" : "Bagor",
  "kelurahan" : "Gemenggeng",
  "kodepos" : "64461"
}, {
  "kecamatan" : "Bagor",
  "kelurahan" : "Girirejo",
  "kodepos" : "64461"
}, {
  "kecamatan" : "Bagor",
  "kelurahan" : "Guyangan",
  "kodepos" : "64461"
}, {
  "kecamatan" : "Bagor",
  "kelurahan" : "Buduran",
  "kodepos" : "64461"
}, {
  "kecamatan" : "Bagor",
  "kelurahan" : "Gandu",
  "kodepos" : "64461"
}, {
  "kecamatan" : "Bagor",
  "kelurahan" : "Banaran Kulon",
  "kodepos" : "64461"
}, {
  "kecamatan" : "Bagor",
  "kelurahan" : "Banaran Wetan",
  "kodepos" : "64461"
}, {
  "kecamatan" : "Bagor",
  "kelurahan" : "Bagor Kulon",
  "kodepos" : "64461"
}, {
  "kecamatan" : "Bagor",
  "kelurahan" : "Balongrejo",
  "kodepos" : "64461"
}, {
  "kecamatan" : "Rejoso",
  "kelurahan" : "Wengkal",
  "kodepos" : "64453"
}, {
  "kecamatan" : "Rejoso",
  "kelurahan" : "Talun",
  "kodepos" : "64453"
}, {
  "kecamatan" : "Rejoso",
  "kelurahan" : "Tritik",
  "kodepos" : "64453"
}, {
  "kecamatan" : "Rejoso",
  "kelurahan" : "Sidokare",
  "kodepos" : "64453"
}, {
  "kecamatan" : "Rejoso",
  "kelurahan" : "Sukorejo",
  "kodepos" : "64453"
}, {
  "kecamatan" : "Rejoso",
  "kelurahan" : "Talang",
  "kodepos" : "64453"
}, {
  "kecamatan" : "Rejoso",
  "kelurahan" : "Sambi Kerep",
  "kodepos" : "64453"
}, {
  "kecamatan" : "Rejoso",
  "kelurahan" : "Setren",
  "kodepos" : "64453"
}, {
  "kecamatan" : "Rejoso",
  "kelurahan" : "Puh Kerep",
  "kodepos" : "64453"
}, {
  "kecamatan" : "Rejoso",
  "kelurahan" : "Rejoso",
  "kodepos" : "64453"
}, {
  "kecamatan" : "Rejoso",
  "kelurahan" : "Musir Lor",
  "kodepos" : "64453"
}, {
  "kecamatan" : "Rejoso",
  "kelurahan" : "Ngadiboyo",
  "kodepos" : "64453"
}, {
  "kecamatan" : "Rejoso",
  "kelurahan" : "Ngangkatan",
  "kodepos" : "64453"
}, {
  "kecamatan" : "Rejoso",
  "kelurahan" : "Musir Kidul",
  "kodepos" : "64453"
}, {
  "kecamatan" : "Rejoso",
  "kelurahan" : "Mungkung",
  "kodepos" : "64453"
}, {
  "kecamatan" : "Rejoso",
  "kelurahan" : "Klagen",
  "kodepos" : "64453"
}, {
  "kecamatan" : "Rejoso",
  "kelurahan" : "Mlorah",
  "kodepos" : "64453"
}, {
  "kecamatan" : "Rejoso",
  "kelurahan" : "Mojorembun",
  "kodepos" : "64453"
}, {
  "kecamatan" : "Rejoso",
  "kelurahan" : "Jatirejo",
  "kodepos" : "64453"
}, {
  "kecamatan" : "Rejoso",
  "kelurahan" : "Jintel",
  "kodepos" : "64453"
}, {
  "kecamatan" : "Rejoso",
  "kelurahan" : "Kedung Padang",
  "kodepos" : "64453"
}, {
  "kecamatan" : "Rejoso",
  "kelurahan" : "Benda Asri",
  "kodepos" : "64453"
}, {
  "kecamatan" : "Rejoso",
  "kelurahan" : "Gempol",
  "kodepos" : "64453"
}, {
  "kecamatan" : "Rejoso",
  "kelurahan" : "Banjarejo",
  "kodepos" : "64453"
}, {
  "kecamatan" : "Ngluyu",
  "kelurahan" : "Tempuran",
  "kodepos" : "64452"
}, {
  "kecamatan" : "Ngluyu",
  "kelurahan" : "Lengkong Lor",
  "kodepos" : "64452"
}, {
  "kecamatan" : "Ngluyu",
  "kelurahan" : "Ngluyu",
  "kodepos" : "64452"
}, {
  "kecamatan" : "Ngluyu",
  "kelurahan" : "Sugihwaras",
  "kodepos" : "64452"
}, {
  "kecamatan" : "Ngluyu",
  "kelurahan" : "Bajang",
  "kodepos" : "64452"
}, {
  "kecamatan" : "Ngluyu",
  "kelurahan" : "Gampeng",
  "kodepos" : "64452"
}, {
  "kecamatan" : "Gondang",
  "kelurahan" : "Sumber Agung",
  "kodepos" : "64451"
}, {
  "kecamatan" : "Gondang",
  "kelurahan" : "Sumberjo",
  "kodepos" : "64451"
}, {
  "kecamatan" : "Gondang",
  "kelurahan" : "Senggowar",
  "kodepos" : "64451"
}, {
  "kecamatan" : "Gondang",
  "kelurahan" : "Senjayan",
  "kodepos" : "64451"
}, {
  "kecamatan" : "Gondang",
  "kelurahan" : "Ngujung",
  "kodepos" : "64451"
}, {
  "kecamatan" : "Gondang",
  "kelurahan" : "Pandean",
  "kodepos" : "64451"
}, {
  "kecamatan" : "Gondang",
  "kelurahan" : "Sanggrahan",
  "kodepos" : "64451"
}, {
  "kecamatan" : "Gondang",
  "kelurahan" : "Mojoseto",
  "kodepos" : "64451"
}, {
  "kecamatan" : "Gondang",
  "kelurahan" : "Nglinggo",
  "kodepos" : "64451"
}, {
  "kecamatan" : "Gondang",
  "kelurahan" : "Kedung Glugu",
  "kodepos" : "64451"
}, {
  "kecamatan" : "Gondang",
  "kelurahan" : "Ketawang",
  "kodepos" : "64451"
}, {
  "kecamatan" : "Gondang",
  "kelurahan" : "Losari",
  "kodepos" : "64451"
}, {
  "kecamatan" : "Gondang",
  "kelurahan" : "Karangsemi",
  "kodepos" : "64451"
}, {
  "kecamatan" : "Gondang",
  "kelurahan" : "Jaan",
  "kodepos" : "64451"
}, {
  "kecamatan" : "Pace",
  "kelurahan" : "Gondang",
  "kodepos" : "64451"
}, {
  "kecamatan" : "Gondang",
  "kelurahan" : "Gondang Kulon",
  "kodepos" : "64451"
}, {
  "kecamatan" : "Gondang",
  "kelurahan" : "Balong Gebang",
  "kodepos" : "64451"
}, {
  "kecamatan" : "Gondang",
  "kelurahan" : "Campur",
  "kodepos" : "64451"
}, {
  "kecamatan" : "Nganjuk",
  "kelurahan" : "Ringin Anom",
  "kodepos" : "64419"
}, {
  "kecamatan" : "Nganjuk",
  "kelurahan" : "Werungotok",
  "kodepos" : "64419"
}, {
  "kecamatan" : "Nganjuk",
  "kelurahan" : "Kramat",
  "kodepos" : "64419"
}, {
  "kecamatan" : "Nganjuk",
  "kelurahan" : "Mangun Dikaran",
  "kodepos" : "64419"
}, {
  "kecamatan" : "Nganjuk",
  "kelurahan" : "Ganung Kidul",
  "kodepos" : "64419"
}, {
  "kecamatan" : "Nganjuk",
  "kelurahan" : "Kedung Dowo",
  "kodepos" : "64419"
}, {
  "kecamatan" : "Nganjuk",
  "kelurahan" : "Ploso",
  "kodepos" : "64417"
}, {
  "kecamatan" : "Nganjuk",
  "kelurahan" : "Payaman",
  "kodepos" : "64418"
}, {
  "kecamatan" : "Nganjuk",
  "kelurahan" : "Balong Pacul",
  "kodepos" : "64419"
}, {
  "kecamatan" : "Nganjuk",
  "kelurahan" : "Jatirejo",
  "kodepos" : "64416"
}, {
  "kecamatan" : "Nganjuk",
  "kelurahan" : "Kartoharjo",
  "kodepos" : "64416"
}, {
  "kecamatan" : "Nganjuk",
  "kelurahan" : "Bogo",
  "kodepos" : "64415"
}, {
  "kecamatan" : "Nganjuk",
  "kelurahan" : "Cangkringan",
  "kodepos" : "64415"
}, {
  "kecamatan" : "Nganjuk",
  "kelurahan" : "Kauman",
  "kodepos" : "64411"
}, {
  "kecamatan" : "Nganjuk",
  "kelurahan" : "Begadung",
  "kodepos" : "64413"
}, {
  "kecamatan" : "Ngronggot",
  "kelurahan" : "Tanjung Kalang",
  "kodepos" : "64395"
}, {
  "kecamatan" : "Ngronggot",
  "kelurahan" : "Trayang",
  "kodepos" : "64395"
}, {
  "kecamatan" : "Ngronggot",
  "kelurahan" : "Mojokendil",
  "kodepos" : "64395"
}, {
  "kecamatan" : "Ngronggot",
  "kelurahan" : "Ngronggot",
  "kodepos" : "64395"
}, {
  "kecamatan" : "Ngronggot",
  "kelurahan" : "Kaloran",
  "kodepos" : "64395"
}, {
  "kecamatan" : "Ngronggot",
  "kelurahan" : "Kelutan",
  "kodepos" : "64395"
}, {
  "kecamatan" : "Ngronggot",
  "kelurahan" : "Klurahan",
  "kodepos" : "64395"
}, {
  "kecamatan" : "Ngronggot",
  "kelurahan" : "Juwet",
  "kodepos" : "64395"
}, {
  "kecamatan" : "Ngronggot",
  "kelurahan" : "Kali Anyar",
  "kodepos" : "64395"
}, {
  "kecamatan" : "Ngronggot",
  "kelurahan" : "Cengkok",
  "kodepos" : "64395"
}, {
  "kecamatan" : "Ngronggot",
  "kelurahan" : "Dadapan",
  "kodepos" : "64395"
}, {
  "kecamatan" : "Ngronggot",
  "kelurahan" : "Banjar Sari",
  "kodepos" : "64395"
}, {
  "kecamatan" : "Ngronggot",
  "kelurahan" : "Betet",
  "kodepos" : "64395"
}, {
  "kecamatan" : "Baron",
  "kelurahan" : "Sambiroto",
  "kodepos" : "64394"
}, {
  "kecamatan" : "Baron",
  "kelurahan" : "Waung",
  "kodepos" : "64394"
}, {
  "kecamatan" : "Baron",
  "kelurahan" : "Mabung",
  "kodepos" : "64394"
}, {
  "kecamatan" : "Baron",
  "kelurahan" : "Kemlokolegi",
  "kodepos" : "64394"
}, {
  "kecamatan" : "Baron",
  "kelurahan" : "Katerban",
  "kodepos" : "64394"
}, {
  "kecamatan" : "Baron",
  "kelurahan" : "Kemaduh",
  "kodepos" : "64394"
}, {
  "kecamatan" : "Baron",
  "kelurahan" : "Jambi",
  "kodepos" : "64394"
}, {
  "kecamatan" : "Baron",
  "kelurahan" : "Jekek",
  "kodepos" : "64394"
}, {
  "kecamatan" : "Baron",
  "kelurahan" : "Baron",
  "kodepos" : "64394"
}, {
  "kecamatan" : "Baron",
  "kelurahan" : "Garu",
  "kodepos" : "64394"
}, {
  "kecamatan" : "Baron",
  "kelurahan" : "Gebang Kerep",
  "kodepos" : "64394"
}, {
  "kecamatan" : "Lengkong",
  "kelurahan" : "Sumbermiri",
  "kodepos" : "64393"
}, {
  "kecamatan" : "Lengkong",
  "kelurahan" : "Sumbersono",
  "kodepos" : "64393"
}, {
  "kecamatan" : "Lengkong",
  "kelurahan" : "Sawahan",
  "kodepos" : "64393"
}, {
  "kecamatan" : "Lengkong",
  "kelurahan" : "Sumber Kepuh",
  "kodepos" : "64393"
}, {
  "kecamatan" : "Lengkong",
  "kelurahan" : "Ngringin",
  "kodepos" : "64393"
}, {
  "kecamatan" : "Lengkong",
  "kelurahan" : "Pinggir",
  "kodepos" : "64393"
}, {
  "kecamatan" : "Lengkong",
  "kelurahan" : "Prayungan",
  "kodepos" : "64393"
}, {
  "kecamatan" : "Lengkong",
  "kelurahan" : "Ngepung",
  "kodepos" : "64393"
}, {
  "kecamatan" : "Lengkong",
  "kelurahan" : "Lengkong",
  "kodepos" : "64393"
}, {
  "kecamatan" : "Lengkong",
  "kelurahan" : "Jegreg",
  "kodepos" : "64393"
}, {
  "kecamatan" : "Lengkong",
  "kelurahan" : "Kedung Mlaten",
  "kodepos" : "64393"
}, {
  "kecamatan" : "Lengkong",
  "kelurahan" : "Ketandan",
  "kodepos" : "64393"
}, {
  "kecamatan" : "Lengkong",
  "kelurahan" : "Banjar Dowo",
  "kodepos" : "64393"
}, {
  "kecamatan" : "Lengkong",
  "kelurahan" : "Jati Punggur",
  "kodepos" : "64393"
}, {
  "kecamatan" : "Lengkong",
  "kelurahan" : "Balong Asem",
  "kodepos" : "64393"
}, {
  "kecamatan" : "Lengkong",
  "kelurahan" : "Banggle",
  "kodepos" : "64393"
}, {
  "kecamatan" : "Jatikalen",
  "kelurahan" : "Pule",
  "kodepos" : "64392"
}, {
  "kecamatan" : "Jatikalen",
  "kelurahan" : "Pulowetan",
  "kodepos" : "64392"
}, {
  "kecamatan" : "Jatikalen",
  "kelurahan" : "Munung",
  "kodepos" : "64392"
}, {
  "kecamatan" : "Jatikalen",
  "kelurahan" : "Ngasem",
  "kodepos" : "64392"
}, {
  "kecamatan" : "Jatikalen",
  "kelurahan" : "Perning",
  "kodepos" : "64392"
}, {
  "kecamatan" : "Jatikalen",
  "kelurahan" : "Jatikalen",
  "kodepos" : "64392"
}, {
  "kecamatan" : "Jatikalen",
  "kelurahan" : "Lumpang Kuwik",
  "kodepos" : "64392"
}, {
  "kecamatan" : "Jatikalen",
  "kelurahan" : "Dluru",
  "kodepos" : "64392"
}, {
  "kecamatan" : "Jatikalen",
  "kelurahan" : "Gondang Wetan",
  "kodepos" : "64392"
}, {
  "kecamatan" : "Jatikalen",
  "kelurahan" : "Begendeng",
  "kodepos" : "64392"
}, {
  "kecamatan" : "Jatikalen",
  "kelurahan" : "Dawuhan",
  "kodepos" : "64392"
}, {
  "kecamatan" : "Patianrowo",
  "kelurahan" : "Rowomarto",
  "kodepos" : "64391"
}, {
  "kecamatan" : "Patianrowo",
  "kelurahan" : "Tirtobinangun",
  "kodepos" : "64391"
}, {
  "kecamatan" : "Patianrowo",
  "kelurahan" : "Pecuk",
  "kodepos" : "64391"
}, {
  "kecamatan" : "Patianrowo",
  "kelurahan" : "Pisang",
  "kodepos" : "64391"
}, {
  "kecamatan" : "Patianrowo",
  "kelurahan" : "Ngrombot",
  "kodepos" : "64391"
}, {
  "kecamatan" : "Patianrowo",
  "kelurahan" : "Pakuncen",
  "kodepos" : "64391"
}, {
  "kecamatan" : "Patianrowo",
  "kelurahan" : "Patianrowo",
  "kodepos" : "64391"
}, {
  "kecamatan" : "Patianrowo",
  "kelurahan" : "Lestari",
  "kodepos" : "64391"
}, {
  "kecamatan" : "Patianrowo",
  "kelurahan" : "Ngepung",
  "kodepos" : "64391"
}, {
  "kecamatan" : "Patianrowo",
  "kelurahan" : "Babadan",
  "kodepos" : "64391"
}, {
  "kecamatan" : "Patianrowo",
  "kelurahan" : "Bukur",
  "kodepos" : "64391"
}, {
  "kecamatan" : "Kertosono",
  "kelurahan" : "Tembarak",
  "kodepos" : "64315"
}, {
  "kecamatan" : "Kertosono",
  "kelurahan" : "Nglawak",
  "kodepos" : "64315"
}, {
  "kecamatan" : "Kertosono",
  "kelurahan" : "Pandan Toyo",
  "kodepos" : "64315"
}, {
  "kecamatan" : "Kertosono",
  "kelurahan" : "Tanjung",
  "kodepos" : "64315"
}, {
  "kecamatan" : "Kertosono",
  "kelurahan" : "Lambang Kuning",
  "kodepos" : "64315"
}, {
  "kecamatan" : "Kertosono",
  "kelurahan" : "Juwono",
  "kodepos" : "64315"
}, {
  "kecamatan" : "Kertosono",
  "kelurahan" : "Kalianyar",
  "kodepos" : "64315"
}, {
  "kecamatan" : "Kertosono",
  "kelurahan" : "Kepuh",
  "kodepos" : "64315"
}, {
  "kecamatan" : "Kertosono",
  "kelurahan" : "Drenges",
  "kodepos" : "64315"
}, {
  "kecamatan" : "Kertosono",
  "kelurahan" : "Bangsri",
  "kodepos" : "64315"
}, {
  "kecamatan" : "Kertosono",
  "kelurahan" : "Pelem",
  "kodepos" : "64314"
}, {
  "kecamatan" : "Kertosono",
  "kelurahan" : "Kutorejo",
  "kodepos" : "64313"
}, {
  "kecamatan" : "Kertosono",
  "kelurahan" : "Kudu",
  "kodepos" : "64312"
}, {
  "kecamatan" : "Kertosono",
  "kelurahan" : "Banaran",
  "kodepos" : "64311"
} ]
