[ {
  "kecamatan" : "Kandangan",
  "kelurahan" : "Mlancu",
  "kodepos" : "64294"
}, {
  "kecamatan" : "Kandangan",
  "kelurahan" : "Medowo",
  "kodepos" : "64294"
}, {
  "kecamatan" : "Kandangan",
  "kelurahan" : "Klampisan",
  "kodepos" : "64294"
}, {
  "kecamatan" : "Kandangan",
  "kelurahan" : "Kemiri",
  "kodepos" : "64294"
}, {
  "kecamatan" : "Kandangan",
  "kelurahan" : "Kasreman",
  "kodepos" : "64294"
}, {
  "kecamatan" : "Kandangan",
  "kelurahan" : "Karangtengah",
  "kodepos" : "64294"
}, {
  "kecamatan" : "Kandangan",
  "kelurahan" : "Jlumbang",
  "kodepos" : "64294"
}, {
  "kecamatan" : "Kandangan",
  "kelurahan" : "Kandangan",
  "kodepos" : "64294"
}, {
  "kecamatan" : "Kandangan",
  "kelurahan" : "Jerukwangi",
  "kodepos" : "64294"
}, {
  "kecamatan" : "Kandangan",
  "kelurahan" : "Jerukgulung",
  "kodepos" : "64294"
}, {
  "kecamatan" : "Kandangan",
  "kelurahan" : "Bukur",
  "kodepos" : "64294"
}, {
  "kecamatan" : "Kandangan",
  "kelurahan" : "Banaran",
  "kodepos" : "64294"
}, {
  "kecamatan" : "Kepung",
  "kelurahan" : "Siman",
  "kodepos" : "64293"
}, {
  "kecamatan" : "Kepung",
  "kelurahan" : "Krenceng",
  "kodepos" : "64293"
}, {
  "kecamatan" : "Kepung",
  "kelurahan" : "Kencong",
  "kodepos" : "64293"
}, {
  "kecamatan" : "Kepung",
  "kelurahan" : "Kepung",
  "kodepos" : "64293"
}, {
  "kecamatan" : "Kepung",
  "kelurahan" : "Keling",
  "kodepos" : "64293"
}, {
  "kecamatan" : "Kepung",
  "kelurahan" : "Kebonrejo",
  "kodepos" : "64293"
}, {
  "kecamatan" : "Kepung",
  "kelurahan" : "Kampungbaru",
  "kodepos" : "64293"
}, {
  "kecamatan" : "Kepung",
  "kelurahan" : "Damarwulan",
  "kodepos" : "64293"
}, {
  "kecamatan" : "Kepung",
  "kelurahan" : "Brumbung",
  "kodepos" : "64293"
}, {
  "kecamatan" : "Kepung",
  "kelurahan" : "Besowo",
  "kodepos" : "64293"
}, {
  "kecamatan" : "Puncu",
  "kelurahan" : "Wonorejo",
  "kodepos" : "64292"
}, {
  "kecamatan" : "Puncu",
  "kelurahan" : "Watugede",
  "kodepos" : "64292"
}, {
  "kecamatan" : "Puncu",
  "kelurahan" : "Sidomulyo",
  "kodepos" : "64292"
}, {
  "kecamatan" : "Puncu",
  "kelurahan" : "Satak",
  "kodepos" : "64292"
}, {
  "kecamatan" : "Puncu",
  "kelurahan" : "Puncu",
  "kodepos" : "64292"
}, {
  "kecamatan" : "Puncu",
  "kelurahan" : "Manggis",
  "kodepos" : "64292"
}, {
  "kecamatan" : "Puncu",
  "kelurahan" : "Gadungan",
  "kodepos" : "64292"
}, {
  "kecamatan" : "Puncu",
  "kelurahan" : "Asmorobangun",
  "kodepos" : "64292"
}, {
  "kecamatan" : "Ngancar",
  "kelurahan" : "Sempu",
  "kodepos" : "64291"
}, {
  "kecamatan" : "Ngancar",
  "kelurahan" : "Sugihwaras",
  "kodepos" : "64291"
}, {
  "kecamatan" : "Ngancar",
  "kelurahan" : "Margourip",
  "kodepos" : "64291"
}, {
  "kecamatan" : "Ngancar",
  "kelurahan" : "Ngancar",
  "kodepos" : "64291"
}, {
  "kecamatan" : "Ngancar",
  "kelurahan" : "Pandantoyo",
  "kodepos" : "64291"
}, {
  "kecamatan" : "Ngancar",
  "kelurahan" : "Manggis",
  "kodepos" : "64291"
}, {
  "kecamatan" : "Ngancar",
  "kelurahan" : "Babadan",
  "kodepos" : "64291"
}, {
  "kecamatan" : "Ngancar",
  "kelurahan" : "Bedali",
  "kodepos" : "64291"
}, {
  "kecamatan" : "Ngancar",
  "kelurahan" : "Jagul",
  "kodepos" : "64291"
}, {
  "kecamatan" : "Pare",
  "kelurahan" : "Sumberbendo",
  "kodepos" : "64228"
}, {
  "kecamatan" : "Pare",
  "kelurahan" : "Sidorejo",
  "kodepos" : "64229"
}, {
  "kecamatan" : "Pare",
  "kelurahan" : "Sambirejo",
  "kodepos" : "64226"
}, {
  "kecamatan" : "Pare",
  "kelurahan" : "Darungan",
  "kodepos" : "64227"
}, {
  "kecamatan" : "Pare",
  "kelurahan" : "Bendo",
  "kodepos" : "64225"
}, {
  "kecamatan" : "Badas",
  "kelurahan" : "Sekoto",
  "kodepos" : "64223"
}, {
  "kecamatan" : "Badas",
  "kelurahan" : "Bringin",
  "kodepos" : "64224"
}, {
  "kecamatan" : "Badas",
  "kelurahan" : "Badas",
  "kodepos" : "64221"
}, {
  "kecamatan" : "Badas",
  "kelurahan" : "Tunglur",
  "kodepos" : "64222"
}, {
  "kecamatan" : "Badas",
  "kelurahan" : "Krecek",
  "kodepos" : "64218"
}, {
  "kecamatan" : "Badas",
  "kelurahan" : "Blaru",
  "kodepos" : "64219"
}, {
  "kecamatan" : "Badas",
  "kelurahan" : "Canggu",
  "kodepos" : "64217"
}, {
  "kecamatan" : "Badas",
  "kelurahan" : "Lamong",
  "kodepos" : "64216"
}, {
  "kecamatan" : "Pare",
  "kelurahan" : "Gedangsewu",
  "kodepos" : "64214"
}, {
  "kecamatan" : "Pare",
  "kelurahan" : "Tertek",
  "kodepos" : "64215"
}, {
  "kecamatan" : "Pare",
  "kelurahan" : "Tulungrejo",
  "kodepos" : "64212"
}, {
  "kecamatan" : "Pare",
  "kelurahan" : "Pelem",
  "kodepos" : "64213"
}, {
  "kecamatan" : "Pare",
  "kelurahan" : "Pare",
  "kodepos" : "64211"
}, {
  "kecamatan" : "Pagu",
  "kelurahan" : "Wates",
  "kodepos" : "64183"
}, {
  "kecamatan" : "Pagu",
  "kelurahan" : "Wonosari",
  "kodepos" : "64183"
}, {
  "kecamatan" : "Pagu",
  "kelurahan" : "Tengger Kidul",
  "kodepos" : "64183"
}, {
  "kecamatan" : "Pagu",
  "kelurahan" : "Sitimert0",
  "kodepos" : "64183"
}, {
  "kecamatan" : "Pagu",
  "kelurahan" : "Tanjung",
  "kodepos" : "64183"
}, {
  "kecamatan" : "Kayen Kidul",
  "kelurahan" : "Sukoharjo",
  "kodepos" : "64183"
}, {
  "kecamatan" : "Kayen Kidul",
  "kelurahan" : "Senden",
  "kodepos" : "64183"
}, {
  "kecamatan" : "Pagu",
  "kelurahan" : "Semanding",
  "kodepos" : "64183"
}, {
  "kecamatan" : "Pagu",
  "kelurahan" : "Semen",
  "kodepos" : "64183"
}, {
  "kecamatan" : "Kayen Kidul",
  "kelurahan" : "Sambirobyong",
  "kodepos" : "64183"
}, {
  "kecamatan" : "Kayen Kidul",
  "kelurahan" : "Sekaran",
  "kodepos" : "64183"
}, {
  "kecamatan" : "Kayen Kidul",
  "kelurahan" : "Semambung",
  "kodepos" : "64183"
}, {
  "kecamatan" : "Pagu",
  "kelurahan" : "Pagu",
  "kodepos" : "64183"
}, {
  "kecamatan" : "Kayen Kidul",
  "kelurahan" : "Padangan",
  "kodepos" : "64183"
}, {
  "kecamatan" : "Kayen Kidul",
  "kelurahan" : "Mukuh",
  "kodepos" : "64183"
}, {
  "kecamatan" : "Kayen Kidul",
  "kelurahan" : "Nanggungan",
  "kodepos" : "64183"
}, {
  "kecamatan" : "Pagu",
  "kelurahan" : "Kambingan",
  "kodepos" : "64183"
}, {
  "kecamatan" : "Pagu",
  "kelurahan" : "Menang",
  "kodepos" : "64183"
}, {
  "kecamatan" : "Kayen Kidul",
  "kelurahan" : "Kayen Kidul",
  "kodepos" : "64183"
}, {
  "kecamatan" : "Pagu",
  "kelurahan" : "Jagung",
  "kodepos" : "64183"
}, {
  "kecamatan" : "Kayen Kidul",
  "kelurahan" : "Jambu",
  "kodepos" : "64183"
}, {
  "kecamatan" : "Pagu",
  "kelurahan" : "Bendo",
  "kodepos" : "64183"
}, {
  "kecamatan" : "Pagu",
  "kelurahan" : "Bulupasar",
  "kodepos" : "64183"
}, {
  "kecamatan" : "Kayen Kidul",
  "kelurahan" : "Bangsongan",
  "kodepos" : "64183"
}, {
  "kecamatan" : "Kayen Kidul",
  "kelurahan" : "Baye",
  "kodepos" : "64183"
}, {
  "kecamatan" : "Gampengrejo",
  "kelurahan" : "Wanengpaten",
  "kodepos" : "64182"
}, {
  "kecamatan" : "Ngasem",
  "kelurahan" : "Wonocatur",
  "kodepos" : "64182"
}, {
  "kecamatan" : "Gampengrejo",
  "kelurahan" : "Turus",
  "kodepos" : "64182"
}, {
  "kecamatan" : "Ngasem",
  "kelurahan" : "Tugurejo",
  "kodepos" : "64182"
}, {
  "kecamatan" : "Ngasem",
  "kelurahan" : "Toyoresmi",
  "kodepos" : "64182"
}, {
  "kecamatan" : "Ngasem",
  "kelurahan" : "Sukorejo",
  "kodepos" : "64182"
}, {
  "kecamatan" : "Ngasem",
  "kelurahan" : "Sumberjo",
  "kodepos" : "64182"
}, {
  "kecamatan" : "Gampengrejo",
  "kelurahan" : "Sambirejo",
  "kodepos" : "64182"
}, {
  "kecamatan" : "Gampengrejo",
  "kelurahan" : "Sambiresik",
  "kodepos" : "64182"
}, {
  "kecamatan" : "Gampengrejo",
  "kelurahan" : "Plosorejo",
  "kodepos" : "64182"
}, {
  "kecamatan" : "Gampengrejo",
  "kelurahan" : "Putih",
  "kodepos" : "64182"
}, {
  "kecamatan" : "Ngasem",
  "kelurahan" : "Paron",
  "kodepos" : "64182"
}, {
  "kecamatan" : "Gampengrejo",
  "kelurahan" : "Ngebrak",
  "kodepos" : "64182"
}, {
  "kecamatan" : "Ngasem",
  "kelurahan" : "Ngasem",
  "kodepos" : "64182"
}, {
  "kecamatan" : "Ngasem",
  "kelurahan" : "Kwadungan",
  "kodepos" : "64182"
}, {
  "kecamatan" : "Ngasem",
  "kelurahan" : "Nambaan",
  "kodepos" : "64182"
}, {
  "kecamatan" : "Gampengrejo",
  "kelurahan" : "Kepuhrejo",
  "kodepos" : "64182"
}, {
  "kecamatan" : "Ngasem",
  "kelurahan" : "Karangrejo",
  "kodepos" : "64182"
}, {
  "kecamatan" : "Gampengrejo",
  "kelurahan" : "Jongbiru",
  "kodepos" : "64182"
}, {
  "kecamatan" : "Gampengrejo",
  "kelurahan" : "Kalibelo",
  "kodepos" : "64182"
}, {
  "kecamatan" : "Gampengrejo",
  "kelurahan" : "Gampeng (Gamping)",
  "kodepos" : "64182"
}, {
  "kecamatan" : "Ngasem",
  "kelurahan" : "Gogorante",
  "kodepos" : "64182"
}, {
  "kecamatan" : "Gurah",
  "kelurahan" : "Wonojoyo",
  "kodepos" : "64181"
}, {
  "kecamatan" : "Ngasem",
  "kelurahan" : "Doko",
  "kodepos" : "64182"
}, {
  "kecamatan" : "Gurah",
  "kelurahan" : "Tiru Lor",
  "kodepos" : "64181"
}, {
  "kecamatan" : "Gurah",
  "kelurahan" : "Turus",
  "kodepos" : "64181"
}, {
  "kecamatan" : "Gurah",
  "kelurahan" : "Tambakrejo",
  "kodepos" : "64181"
}, {
  "kecamatan" : "Gurah",
  "kelurahan" : "Tiru Kidul",
  "kodepos" : "64181"
}, {
  "kecamatan" : "Gurah",
  "kelurahan" : "Sukorejo",
  "kodepos" : "64181"
}, {
  "kecamatan" : "Gurah",
  "kelurahan" : "Sumbercangkring",
  "kodepos" : "64181"
}, {
  "kecamatan" : "Gurah",
  "kelurahan" : "Nglumbang",
  "kodepos" : "64181"
}, {
  "kecamatan" : "Gurah",
  "kelurahan" : "Ngasem",
  "kodepos" : "64181"
}, {
  "kecamatan" : "Gurah",
  "kelurahan" : "Kerkep",
  "kodepos" : "64181"
}, {
  "kecamatan" : "Gurah",
  "kelurahan" : "Kranggan",
  "kodepos" : "64181"
}, {
  "kecamatan" : "Gurah",
  "kelurahan" : "Gabru",
  "kodepos" : "64181"
}, {
  "kecamatan" : "Gurah",
  "kelurahan" : "Gempolan",
  "kodepos" : "64181"
}, {
  "kecamatan" : "Gurah",
  "kelurahan" : "Gurah",
  "kodepos" : "64181"
}, {
  "kecamatan" : "Gurah",
  "kelurahan" : "Blimbing",
  "kodepos" : "64181"
}, {
  "kecamatan" : "Gurah",
  "kelurahan" : "Bogem",
  "kodepos" : "64181"
}, {
  "kecamatan" : "Gurah",
  "kelurahan" : "Banyuanyar",
  "kodepos" : "64181"
}, {
  "kecamatan" : "Gurah",
  "kelurahan" : "Besuk",
  "kodepos" : "64181"
}, {
  "kecamatan" : "Gurah",
  "kelurahan" : "Adan-Adan",
  "kodepos" : "64181"
}, {
  "kecamatan" : "Gurah",
  "kelurahan" : "Bangkok",
  "kodepos" : "64181"
}, {
  "kecamatan" : "Ringinrejo",
  "kelurahan" : "Selodono",
  "kodepos" : "64176"
}, {
  "kecamatan" : "Ringinrejo",
  "kelurahan" : "Srikaton",
  "kodepos" : "64176"
}, {
  "kecamatan" : "Ringinrejo",
  "kelurahan" : "Susuhbango",
  "kodepos" : "64176"
}, {
  "kecamatan" : "Ringinrejo",
  "kelurahan" : "Sambi",
  "kodepos" : "64176"
}, {
  "kecamatan" : "Ringinrejo",
  "kelurahan" : "Nambaan",
  "kodepos" : "64176"
}, {
  "kecamatan" : "Ringinrejo",
  "kelurahan" : "Purwodadi",
  "kodepos" : "64176"
}, {
  "kecamatan" : "Ringinrejo",
  "kelurahan" : "Ringinrejo",
  "kodepos" : "64176"
}, {
  "kecamatan" : "Ringinrejo",
  "kelurahan" : "Deyeng",
  "kodepos" : "64176"
}, {
  "kecamatan" : "Ringinrejo",
  "kelurahan" : "Jemekan",
  "kodepos" : "64176"
}, {
  "kecamatan" : "Ringinrejo",
  "kelurahan" : "Batuaji",
  "kodepos" : "64176"
}, {
  "kecamatan" : "Ringinrejo",
  "kelurahan" : "Dawung",
  "kodepos" : "64176"
}, {
  "kecamatan" : "Plosoklaten",
  "kelurahan" : "Wonorejo Trisulo",
  "kodepos" : "64175"
}, {
  "kecamatan" : "Plosoklaten",
  "kelurahan" : "Punjul",
  "kodepos" : "64175"
}, {
  "kecamatan" : "Plosoklaten",
  "kelurahan" : "Sepawon",
  "kodepos" : "64175"
}, {
  "kecamatan" : "Plosoklaten",
  "kelurahan" : "Sumberagung",
  "kodepos" : "64175"
}, {
  "kecamatan" : "Plosoklaten",
  "kelurahan" : "Plosolor",
  "kodepos" : "64175"
}, {
  "kecamatan" : "Plosoklaten",
  "kelurahan" : "Pranggang",
  "kodepos" : "64175"
}, {
  "kecamatan" : "Plosoklaten",
  "kelurahan" : "Klanderan",
  "kodepos" : "64175"
}, {
  "kecamatan" : "Plosoklaten",
  "kelurahan" : "Panjer",
  "kodepos" : "64175"
}, {
  "kecamatan" : "Plosoklaten",
  "kelurahan" : "Plosokidul",
  "kodepos" : "64175"
}, {
  "kecamatan" : "Plosoklaten",
  "kelurahan" : "Kawedusan",
  "kodepos" : "64175"
}, {
  "kecamatan" : "Plosoklaten",
  "kelurahan" : "Kayunan",
  "kodepos" : "64175"
}, {
  "kecamatan" : "Plosoklaten",
  "kelurahan" : "Gondang",
  "kodepos" : "64175"
}, {
  "kecamatan" : "Plosoklaten",
  "kelurahan" : "Jarak",
  "kodepos" : "64175"
}, {
  "kecamatan" : "Plosoklaten",
  "kelurahan" : "Brenggolo",
  "kodepos" : "64175"
}, {
  "kecamatan" : "Plosoklaten",
  "kelurahan" : "Donganti",
  "kodepos" : "64175"
}, {
  "kecamatan" : "Wates",
  "kelurahan" : "Tunge",
  "kodepos" : "64174"
}, {
  "kecamatan" : "Wates",
  "kelurahan" : "Wates",
  "kodepos" : "64174"
}, {
  "kecamatan" : "Wates",
  "kelurahan" : "Wonorejo",
  "kodepos" : "64174"
}, {
  "kecamatan" : "Wates",
  "kelurahan" : "Tempurejo",
  "kodepos" : "64174"
}, {
  "kecamatan" : "Wates",
  "kelurahan" : "Silir",
  "kodepos" : "64174"
}, {
  "kecamatan" : "Wates",
  "kelurahan" : "Sumberagung",
  "kodepos" : "64174"
}, {
  "kecamatan" : "Wates",
  "kelurahan" : "Tawang",
  "kodepos" : "64174"
}, {
  "kecamatan" : "Wates",
  "kelurahan" : "Segaran",
  "kodepos" : "64174"
}, {
  "kecamatan" : "Wates",
  "kelurahan" : "Sidomulyo",
  "kodepos" : "64174"
}, {
  "kecamatan" : "Wates",
  "kelurahan" : "Pagu",
  "kodepos" : "64174"
}, {
  "kecamatan" : "Wates",
  "kelurahan" : "Plaosan",
  "kodepos" : "64174"
}, {
  "kecamatan" : "Wates",
  "kelurahan" : "Pojok",
  "kodepos" : "64174"
}, {
  "kecamatan" : "Wates",
  "kelurahan" : "Joho",
  "kodepos" : "64174"
}, {
  "kecamatan" : "Wates",
  "kelurahan" : "Karanganyar",
  "kodepos" : "64174"
}, {
  "kecamatan" : "Wates",
  "kelurahan" : "Jajar",
  "kodepos" : "64174"
}, {
  "kecamatan" : "Wates",
  "kelurahan" : "Janti",
  "kodepos" : "64174"
}, {
  "kecamatan" : "Wates",
  "kelurahan" : "Duwet",
  "kodepos" : "64174"
}, {
  "kecamatan" : "Wates",
  "kelurahan" : "Gadungan",
  "kodepos" : "64174"
}, {
  "kecamatan" : "Kandat",
  "kelurahan" : "Tegalan",
  "kodepos" : "64173"
}, {
  "kecamatan" : "Kandat",
  "kelurahan" : "Ringinsari",
  "kodepos" : "64173"
}, {
  "kecamatan" : "Kandat",
  "kelurahan" : "Selosari",
  "kodepos" : "64173"
}, {
  "kecamatan" : "Kandat",
  "kelurahan" : "Sumberejo",
  "kodepos" : "64173"
}, {
  "kecamatan" : "Kandat",
  "kelurahan" : "Purworejo",
  "kodepos" : "64173"
}, {
  "kecamatan" : "Kandat",
  "kelurahan" : "Pule",
  "kodepos" : "64173"
}, {
  "kecamatan" : "Kandat",
  "kelurahan" : "Ngreco",
  "kodepos" : "64173"
}, {
  "kecamatan" : "Kandat",
  "kelurahan" : "Kandat",
  "kodepos" : "64173"
}, {
  "kecamatan" : "Kandat",
  "kelurahan" : "Karangrejo",
  "kodepos" : "64173"
}, {
  "kecamatan" : "Kandat",
  "kelurahan" : "Blabak",
  "kodepos" : "64173"
}, {
  "kecamatan" : "Kandat",
  "kelurahan" : "Cendono",
  "kodepos" : "64173"
}, {
  "kecamatan" : "Kras",
  "kelurahan" : "Rejomulyo",
  "kodepos" : "64172"
}, {
  "kecamatan" : "Kras",
  "kelurahan" : "Setonorejo",
  "kodepos" : "64172"
}, {
  "kecamatan" : "Kras",
  "kelurahan" : "Nyawangan",
  "kodepos" : "64172"
}, {
  "kecamatan" : "Kras",
  "kelurahan" : "Pelas",
  "kodepos" : "64172"
}, {
  "kecamatan" : "Kras",
  "kelurahan" : "Purwodadi",
  "kodepos" : "64172"
}, {
  "kecamatan" : "Kras",
  "kelurahan" : "Kras",
  "kodepos" : "64172"
}, {
  "kecamatan" : "Kras",
  "kelurahan" : "Mojosari",
  "kodepos" : "64172"
}, {
  "kecamatan" : "Kras",
  "kelurahan" : "Karangtalun",
  "kodepos" : "64172"
}, {
  "kecamatan" : "Kras",
  "kelurahan" : "Krandang",
  "kodepos" : "64172"
}, {
  "kecamatan" : "Kras",
  "kelurahan" : "Jambean",
  "kodepos" : "64172"
}, {
  "kecamatan" : "Kras",
  "kelurahan" : "Kanigoro",
  "kodepos" : "64172"
}, {
  "kecamatan" : "Kras",
  "kelurahan" : "Butuh",
  "kodepos" : "64172"
}, {
  "kecamatan" : "Kras",
  "kelurahan" : "Jabang",
  "kodepos" : "64172"
}, {
  "kecamatan" : "Kras",
  "kelurahan" : "Bendosari",
  "kodepos" : "64172"
}, {
  "kecamatan" : "Kras",
  "kelurahan" : "Bleber",
  "kodepos" : "64172"
}, {
  "kecamatan" : "Kras",
  "kelurahan" : "Banjaranyar",
  "kodepos" : "64172"
}, {
  "kecamatan" : "Ngadiluwih",
  "kelurahan" : "Wonorejo",
  "kodepos" : "64171"
}, {
  "kecamatan" : "Ngadiluwih",
  "kelurahan" : "Seketi",
  "kodepos" : "64171"
}, {
  "kecamatan" : "Ngadiluwih",
  "kelurahan" : "Slumbung",
  "kodepos" : "64171"
}, {
  "kecamatan" : "Ngadiluwih",
  "kelurahan" : "Tales",
  "kodepos" : "64171"
}, {
  "kecamatan" : "Ngadiluwih",
  "kelurahan" : "Rembang",
  "kodepos" : "64171"
}, {
  "kecamatan" : "Ngadiluwih",
  "kelurahan" : "Rembangkepuh",
  "kodepos" : "64171"
}, {
  "kecamatan" : "Ngadiluwih",
  "kelurahan" : "Ngadiluwih",
  "kodepos" : "64171"
}, {
  "kecamatan" : "Ngadiluwih",
  "kelurahan" : "Purwokerto",
  "kodepos" : "64171"
}, {
  "kecamatan" : "Ngadiluwih",
  "kelurahan" : "Dukuh",
  "kodepos" : "64171"
}, {
  "kecamatan" : "Ngadiluwih",
  "kelurahan" : "Mangunrejo",
  "kodepos" : "64171"
}, {
  "kecamatan" : "Ngadiluwih",
  "kelurahan" : "Banjarejo",
  "kodepos" : "64171"
}, {
  "kecamatan" : "Ngadiluwih",
  "kelurahan" : "Bedug",
  "kodepos" : "64171"
}, {
  "kecamatan" : "Ngadiluwih",
  "kelurahan" : "Branggahan",
  "kodepos" : "64171"
}, {
  "kecamatan" : "Ngadiluwih",
  "kelurahan" : "Badalpandean",
  "kodepos" : "64171"
}, {
  "kecamatan" : "Ngadiluwih",
  "kelurahan" : "Banggle",
  "kodepos" : "64171"
}, {
  "kecamatan" : "Ngadiluwih",
  "kelurahan" : "Badal",
  "kodepos" : "64171"
}, {
  "kecamatan" : "Mojo",
  "kelurahan" : "Tambibendo",
  "kodepos" : "64162"
}, {
  "kecamatan" : "Mojo",
  "kelurahan" : "Sukoanyar",
  "kodepos" : "64162"
}, {
  "kecamatan" : "Mojo",
  "kelurahan" : "Surat",
  "kodepos" : "64162"
}, {
  "kecamatan" : "Mojo",
  "kelurahan" : "Ploso",
  "kodepos" : "64162"
}, {
  "kecamatan" : "Mojo",
  "kelurahan" : "Ponggok",
  "kodepos" : "64162"
}, {
  "kecamatan" : "Mojo",
  "kelurahan" : "Petok",
  "kodepos" : "64162"
}, {
  "kecamatan" : "Mojo",
  "kelurahan" : "Petungroto",
  "kodepos" : "64162"
}, {
  "kecamatan" : "Mojo",
  "kelurahan" : "Ngetrep",
  "kodepos" : "64162"
}, {
  "kecamatan" : "Mojo",
  "kelurahan" : "Pamongan",
  "kodepos" : "64162"
}, {
  "kecamatan" : "Mojo",
  "kelurahan" : "Mojo",
  "kodepos" : "64162"
}, {
  "kecamatan" : "Mojo",
  "kelurahan" : "Mondo",
  "kodepos" : "64162"
}, {
  "kecamatan" : "Mojo",
  "kelurahan" : "Ngadi",
  "kodepos" : "64162"
}, {
  "kecamatan" : "Mojo",
  "kelurahan" : "Maesan",
  "kodepos" : "64162"
}, {
  "kecamatan" : "Mojo",
  "kelurahan" : "Mlati",
  "kodepos" : "64162"
}, {
  "kecamatan" : "Mojo",
  "kelurahan" : "Keniten",
  "kodepos" : "64162"
}, {
  "kecamatan" : "Mojo",
  "kelurahan" : "Kranding",
  "kodepos" : "64162"
}, {
  "kecamatan" : "Mojo",
  "kelurahan" : "Kraton",
  "kodepos" : "64162"
}, {
  "kecamatan" : "Mojo",
  "kelurahan" : "Jugo",
  "kodepos" : "64162"
}, {
  "kecamatan" : "Mojo",
  "kelurahan" : "Kedawung",
  "kodepos" : "64162"
}, {
  "kecamatan" : "Mojo",
  "kelurahan" : "Blimbing",
  "kodepos" : "64162"
}, {
  "kecamatan" : "Semen",
  "kelurahan" : "Semen",
  "kodepos" : "64161"
}, {
  "kecamatan" : "Semen",
  "kelurahan" : "Sidomulyo",
  "kodepos" : "64161"
}, {
  "kecamatan" : "Semen",
  "kelurahan" : "Titik",
  "kodepos" : "64161"
}, {
  "kecamatan" : "Semen",
  "kelurahan" : "Puhrubuh",
  "kodepos" : "64161"
}, {
  "kecamatan" : "Semen",
  "kelurahan" : "Puhsarang",
  "kodepos" : "64161"
}, {
  "kecamatan" : "Semen",
  "kelurahan" : "Selopanggung",
  "kodepos" : "64161"
}, {
  "kecamatan" : "Semen",
  "kelurahan" : "Kanyoran",
  "kodepos" : "64161"
}, {
  "kecamatan" : "Semen",
  "kelurahan" : "Kedak",
  "kodepos" : "64161"
}, {
  "kecamatan" : "Semen",
  "kelurahan" : "Pagung",
  "kodepos" : "64161"
}, {
  "kecamatan" : "Semen",
  "kelurahan" : "Joho",
  "kodepos" : "64161"
}, {
  "kecamatan" : "Semen",
  "kelurahan" : "Bulu",
  "kodepos" : "64161"
}, {
  "kecamatan" : "Semen",
  "kelurahan" : "Bobang",
  "kodepos" : "64161"
}, {
  "kecamatan" : "Banyakan",
  "kelurahan" : "Sendang",
  "kodepos" : "64157"
}, {
  "kecamatan" : "Banyakan",
  "kelurahan" : "Tiron",
  "kodepos" : "64157"
}, {
  "kecamatan" : "Banyakan",
  "kelurahan" : "Ngablak",
  "kodepos" : "64157"
}, {
  "kecamatan" : "Banyakan",
  "kelurahan" : "Parang",
  "kodepos" : "64157"
}, {
  "kecamatan" : "Banyakan",
  "kelurahan" : "Jatirejo",
  "kodepos" : "64157"
}, {
  "kecamatan" : "Banyakan",
  "kelurahan" : "Manyaran",
  "kodepos" : "64157"
}, {
  "kecamatan" : "Banyakan",
  "kelurahan" : "Maron",
  "kodepos" : "64157"
}, {
  "kecamatan" : "Banyakan",
  "kelurahan" : "Banyakan",
  "kodepos" : "64157"
}, {
  "kecamatan" : "Banyakan",
  "kelurahan" : "Jabon",
  "kodepos" : "64157"
}, {
  "kecamatan" : "Kunjang",
  "kelurahan" : "Tenggerlor",
  "kodepos" : "64156"
}, {
  "kecamatan" : "Kunjang",
  "kelurahan" : "Wonorejo",
  "kodepos" : "64156"
}, {
  "kecamatan" : "Kunjang",
  "kelurahan" : "Kuwik",
  "kodepos" : "64156"
}, {
  "kecamatan" : "Kunjang",
  "kelurahan" : "Pakis",
  "kodepos" : "64156"
}, {
  "kecamatan" : "Kunjang",
  "kelurahan" : "Parelor",
  "kodepos" : "64156"
}, {
  "kecamatan" : "Ngancar",
  "kelurahan" : "Kunjang",
  "kodepos" : "64156"
}, {
  "kecamatan" : "Kunjang",
  "kelurahan" : "Kunjang",
  "kodepos" : "64156"
}, {
  "kecamatan" : "Kunjang",
  "kelurahan" : "Kapas",
  "kodepos" : "64156"
}, {
  "kecamatan" : "Kunjang",
  "kelurahan" : "Kapi",
  "kodepos" : "64156"
}, {
  "kecamatan" : "Kunjang",
  "kelurahan" : "Klepek",
  "kodepos" : "64156"
}, {
  "kecamatan" : "Kunjang",
  "kelurahan" : "Dungus",
  "kodepos" : "64156"
}, {
  "kecamatan" : "Kunjang",
  "kelurahan" : "Juwet",
  "kodepos" : "64156"
}, {
  "kecamatan" : "Plemahan",
  "kelurahan" : "Wonokerto",
  "kodepos" : "64155"
}, {
  "kecamatan" : "Kunjang",
  "kelurahan" : "Balongjeruk (Balung Jeruk)",
  "kodepos" : "64156"
}, {
  "kecamatan" : "Plemahan",
  "kelurahan" : "Sukoharjo",
  "kodepos" : "64155"
}, {
  "kecamatan" : "Plemahan",
  "kelurahan" : "Tegowangi",
  "kodepos" : "64155"
}, {
  "kecamatan" : "Plemahan",
  "kelurahan" : "Sebet",
  "kodepos" : "64155"
}, {
  "kecamatan" : "Plemahan",
  "kelurahan" : "Sidowarek",
  "kodepos" : "64155"
}, {
  "kecamatan" : "Plemahan",
  "kelurahan" : "Ringinpitu",
  "kodepos" : "64155"
}, {
  "kecamatan" : "Plemahan",
  "kelurahan" : "Puhjarak",
  "kodepos" : "64155"
}, {
  "kecamatan" : "Plemahan",
  "kelurahan" : "Ngino",
  "kodepos" : "64155"
}, {
  "kecamatan" : "Plemahan",
  "kelurahan" : "Payaman",
  "kodepos" : "64155"
}, {
  "kecamatan" : "Plemahan",
  "kelurahan" : "Plemahan",
  "kodepos" : "64155"
}, {
  "kecamatan" : "Plemahan",
  "kelurahan" : "Mojoayu",
  "kodepos" : "64155"
}, {
  "kecamatan" : "Plemahan",
  "kelurahan" : "Mojokerep",
  "kodepos" : "64155"
}, {
  "kecamatan" : "Plemahan",
  "kelurahan" : "Langenharjo",
  "kodepos" : "64155"
}, {
  "kecamatan" : "Plemahan",
  "kelurahan" : "Mejono",
  "kodepos" : "64155"
}, {
  "kecamatan" : "Plemahan",
  "kelurahan" : "Bogokidul",
  "kodepos" : "64155"
}, {
  "kecamatan" : "Plemahan",
  "kelurahan" : "Kayen Lor",
  "kodepos" : "64155"
}, {
  "kecamatan" : "Purwoasri",
  "kelurahan" : "Wonotengah",
  "kodepos" : "64154"
}, {
  "kecamatan" : "Purwoasri",
  "kelurahan" : "Woromarto",
  "kodepos" : "64154"
}, {
  "kecamatan" : "Plemahan",
  "kelurahan" : "Banjarejo",
  "kodepos" : "64155"
}, {
  "kecamatan" : "Purwoasri",
  "kelurahan" : "Sumberjo",
  "kodepos" : "64154"
}, {
  "kecamatan" : "Purwoasri",
  "kelurahan" : "Tugu",
  "kodepos" : "64154"
}, {
  "kecamatan" : "Purwoasri",
  "kelurahan" : "Purwodadi",
  "kodepos" : "64154"
}, {
  "kecamatan" : "Purwoasri",
  "kelurahan" : "Sidomulyo",
  "kodepos" : "64154"
}, {
  "kecamatan" : "Purwoasri",
  "kelurahan" : "Pesing",
  "kodepos" : "64154"
}, {
  "kecamatan" : "Purwoasri",
  "kelurahan" : "Purwoasri",
  "kodepos" : "64154"
}, {
  "kecamatan" : "Purwoasri",
  "kelurahan" : "Muneng",
  "kodepos" : "64154"
}, {
  "kecamatan" : "Purwoasri",
  "kelurahan" : "Pandansari",
  "kodepos" : "64154"
}, {
  "kecamatan" : "Purwoasri",
  "kelurahan" : "Merjoyo",
  "kodepos" : "64154"
}, {
  "kecamatan" : "Purwoasri",
  "kelurahan" : "Mranggen",
  "kodepos" : "64154"
}, {
  "kecamatan" : "Purwoasri",
  "kelurahan" : "Klampitan",
  "kodepos" : "64154"
}, {
  "kecamatan" : "Purwoasri",
  "kelurahan" : "Mekikis",
  "kodepos" : "64154"
}, {
  "kecamatan" : "Purwoasri",
  "kelurahan" : "Karangpakis",
  "kodepos" : "64154"
}, {
  "kecamatan" : "Purwoasri",
  "kelurahan" : "Kempleng",
  "kodepos" : "64154"
}, {
  "kecamatan" : "Purwoasri",
  "kelurahan" : "Ketawang",
  "kodepos" : "64154"
}, {
  "kecamatan" : "Purwoasri",
  "kelurahan" : "Dawuhan",
  "kodepos" : "64154"
}, {
  "kecamatan" : "Purwoasri",
  "kelurahan" : "Dayu",
  "kodepos" : "64154"
}, {
  "kecamatan" : "Purwoasri",
  "kelurahan" : "Jantok",
  "kodepos" : "64154"
}, {
  "kecamatan" : "Purwoasri",
  "kelurahan" : "Blawe",
  "kodepos" : "64154"
}, {
  "kecamatan" : "Purwoasri",
  "kelurahan" : "Bulu",
  "kodepos" : "64154"
}, {
  "kecamatan" : "Papar",
  "kelurahan" : "Tanon",
  "kodepos" : "64153"
}, {
  "kecamatan" : "Purwoasri",
  "kelurahan" : "Belor",
  "kodepos" : "64154"
}, {
  "kecamatan" : "Papar",
  "kelurahan" : "Srikaton",
  "kodepos" : "64153"
}, {
  "kecamatan" : "Papar",
  "kelurahan" : "Sukomoro",
  "kodepos" : "64153"
}, {
  "kecamatan" : "Papar",
  "kelurahan" : "Pehwetan",
  "kodepos" : "64153"
}, {
  "kecamatan" : "Papar",
  "kelurahan" : "Puhjajar",
  "kodepos" : "64153"
}, {
  "kecamatan" : "Papar",
  "kelurahan" : "Purwotengah",
  "kodepos" : "64153"
}, {
  "kecamatan" : "Papar",
  "kelurahan" : "Papar",
  "kodepos" : "64153"
}, {
  "kecamatan" : "Papar",
  "kelurahan" : "Pehkulon",
  "kodepos" : "64153"
}, {
  "kecamatan" : "Papar",
  "kelurahan" : "Minggiran",
  "kodepos" : "64153"
}, {
  "kecamatan" : "Papar",
  "kelurahan" : "Ngampel",
  "kodepos" : "64153"
}, {
  "kecamatan" : "Papar",
  "kelurahan" : "Maduretno",
  "kodepos" : "64153"
}, {
  "kecamatan" : "Papar",
  "kelurahan" : "Kwaron",
  "kodepos" : "64153"
}, {
  "kecamatan" : "Papar",
  "kelurahan" : "Kedungmalang",
  "kodepos" : "64153"
}, {
  "kecamatan" : "Papar",
  "kelurahan" : "Kepuh",
  "kodepos" : "64153"
}, {
  "kecamatan" : "Papar",
  "kelurahan" : "Jambangan",
  "kodepos" : "64153"
}, {
  "kecamatan" : "Papar",
  "kelurahan" : "Janti",
  "kodepos" : "64153"
}, {
  "kecamatan" : "Tarokan",
  "kelurahan" : "Tarokan",
  "kodepos" : "64152"
}, {
  "kecamatan" : "Papar",
  "kelurahan" : "Dawuhan Kidul",
  "kodepos" : "64153"
}, {
  "kecamatan" : "Tarokan",
  "kelurahan" : "Kerep",
  "kodepos" : "64152"
}, {
  "kecamatan" : "Tarokan",
  "kelurahan" : "Sumberduren",
  "kodepos" : "64152"
}, {
  "kecamatan" : "Tarokan",
  "kelurahan" : "Kaliboto",
  "kodepos" : "64152"
}, {
  "kecamatan" : "Tarokan",
  "kelurahan" : "Kalirong",
  "kodepos" : "64152"
}, {
  "kecamatan" : "Tarokan",
  "kelurahan" : "Kedungsari",
  "kodepos" : "64152"
}, {
  "kecamatan" : "Tarokan",
  "kelurahan" : "Cengkok",
  "kodepos" : "64152"
}, {
  "kecamatan" : "Tarokan",
  "kelurahan" : "Jati",
  "kodepos" : "64152"
}, {
  "kecamatan" : "Tarokan",
  "kelurahan" : "Blimbing",
  "kodepos" : "64152"
}, {
  "kecamatan" : "Tarokan",
  "kelurahan" : "Bulusari",
  "kodepos" : "64152"
}, {
  "kecamatan" : "Grogol",
  "kelurahan" : "Wonoasri",
  "kodepos" : "64151"
}, {
  "kecamatan" : "Grogol",
  "kelurahan" : "Kalipang",
  "kodepos" : "64151"
}, {
  "kecamatan" : "Grogol",
  "kelurahan" : "Sonorejo",
  "kodepos" : "64151"
}, {
  "kecamatan" : "Grogol",
  "kelurahan" : "Sumberejo",
  "kodepos" : "64151"
}, {
  "kecamatan" : "Grogol",
  "kelurahan" : "Datengan",
  "kodepos" : "64151"
}, {
  "kecamatan" : "Grogol",
  "kelurahan" : "Gambyok",
  "kodepos" : "64151"
}, {
  "kecamatan" : "Grogol",
  "kelurahan" : "Grogol",
  "kodepos" : "64151"
}, {
  "kecamatan" : "Grogol",
  "kelurahan" : "Bakalan",
  "kodepos" : "64151"
}, {
  "kecamatan" : "Grogol",
  "kelurahan" : "Cerme",
  "kodepos" : "64151"
}, {
  "kecamatan" : "Pesantren",
  "kelurahan" : "Tempurejo",
  "kodepos" : "64138"
}, {
  "kecamatan" : "Pesantren",
  "kelurahan" : "Ketami",
  "kodepos" : "64139"
}, {
  "kecamatan" : "Pesantren",
  "kelurahan" : "Ngletih",
  "kodepos" : "64137"
}, {
  "kecamatan" : "Kandat",
  "kelurahan" : "Ngletih",
  "kodepos" : "64137"
}, {
  "kecamatan" : "Pesantren",
  "kelurahan" : "Bawang",
  "kodepos" : "64136"
}, {
  "kecamatan" : "Pesantren",
  "kelurahan" : "Tosaren",
  "kodepos" : "64133"
}, {
  "kecamatan" : "Pesantren",
  "kelurahan" : "Betet",
  "kodepos" : "64134"
}, {
  "kecamatan" : "Pesantren",
  "kelurahan" : "Blabak",
  "kodepos" : "64135"
}, {
  "kecamatan" : "Pesantren",
  "kelurahan" : "Tinalan",
  "kodepos" : "64132"
}, {
  "kecamatan" : "Pesantren",
  "kelurahan" : "Banaran",
  "kodepos" : "64133"
}, {
  "kecamatan" : "Pesantren",
  "kelurahan" : "Pakunden",
  "kodepos" : "64132"
}, {
  "kecamatan" : "Pesantren",
  "kelurahan" : "Singonegaran",
  "kodepos" : "64132"
}, {
  "kecamatan" : "Pesantren",
  "kelurahan" : "Pesantren",
  "kodepos" : "64131"
}, {
  "kecamatan" : "Pesantren",
  "kelurahan" : "Jamsaren",
  "kodepos" : "64132"
}, {
  "kecamatan" : "Pesantren",
  "kelurahan" : "Bangsal",
  "kodepos" : "64131"
}, {
  "kecamatan" : "Pesantren",
  "kelurahan" : "Burengan",
  "kodepos" : "64131"
}, {
  "kecamatan" : "Kediri Kota",
  "kelurahan" : "Setono Pande",
  "kodepos" : "64129"
}, {
  "kecamatan" : "Kediri Kota",
  "kelurahan" : "Ringin Anom",
  "kodepos" : "64129"
}, {
  "kecamatan" : "Kediri Kota",
  "kelurahan" : "Setono Gedong",
  "kodepos" : "64129"
}, {
  "kecamatan" : "Kediri Kota",
  "kelurahan" : "Balowerti",
  "kodepos" : "64129"
}, {
  "kecamatan" : "Kediri Kota",
  "kelurahan" : "Rejomulyo",
  "kodepos" : "64129"
}, {
  "kecamatan" : "Kediri Kota",
  "kelurahan" : "Ngronggo",
  "kodepos" : "64127"
}, {
  "kecamatan" : "Kediri Kota",
  "kelurahan" : "Manisrenggo",
  "kodepos" : "64128"
}, {
  "kecamatan" : "Kediri Kota",
  "kelurahan" : "Kaliombo",
  "kodepos" : "64126"
}, {
  "kecamatan" : "Kediri Kota",
  "kelurahan" : "Kampung Dalem",
  "kodepos" : "64126"
}, {
  "kecamatan" : "Kediri Kota",
  "kelurahan" : "Jagalan",
  "kodepos" : "64125"
}, {
  "kecamatan" : "Kediri Kota",
  "kelurahan" : "Kemasan",
  "kodepos" : "64125"
}, {
  "kecamatan" : "Kediri Kota",
  "kelurahan" : "Pakelan",
  "kodepos" : "64123"
}, {
  "kecamatan" : "Kediri Kota",
  "kelurahan" : "Pocanan",
  "kodepos" : "64123"
}, {
  "kecamatan" : "Kediri Kota",
  "kelurahan" : "Banjaran",
  "kodepos" : "64124"
}, {
  "kecamatan" : "Kediri Kota",
  "kelurahan" : "Dandangan",
  "kodepos" : "64122"
}, {
  "kecamatan" : "Kediri Kota",
  "kelurahan" : "Ngadirejo",
  "kodepos" : "64122"
}, {
  "kecamatan" : "Mojoroto",
  "kelurahan" : "Bujel",
  "kodepos" : "64119"
}, {
  "kecamatan" : "Kediri Kota",
  "kelurahan" : "Semampir",
  "kodepos" : "64121"
}, {
  "kecamatan" : "Mojoroto",
  "kelurahan" : "Banjar Melati (Banjarmlati)",
  "kodepos" : "64119"
}, {
  "kecamatan" : "Mojoroto",
  "kelurahan" : "Tamanan",
  "kodepos" : "64116"
}, {
  "kecamatan" : "Mojoroto",
  "kelurahan" : "Lirboyo",
  "kodepos" : "64117"
}, {
  "kecamatan" : "Mojoroto",
  "kelurahan" : "Bandar Kidul",
  "kodepos" : "64118"
}, {
  "kecamatan" : "Mojoroto",
  "kelurahan" : "Campurejo",
  "kodepos" : "64116"
}, {
  "kecamatan" : "Mojoroto",
  "kelurahan" : "Sukorame",
  "kodepos" : "64114"
}, {
  "kecamatan" : "Mojoroto",
  "kelurahan" : "Pojok",
  "kodepos" : "64115"
}, {
  "kecamatan" : "Mojoroto",
  "kelurahan" : "Gayam",
  "kodepos" : "64113"
}, {
  "kecamatan" : "Mojoroto",
  "kelurahan" : "Bandar Lor",
  "kodepos" : "64114"
}, {
  "kecamatan" : "Gurah",
  "kelurahan" : "Gayam",
  "kodepos" : "64113"
}, {
  "kecamatan" : "Mojoroto",
  "kelurahan" : "Mojoroto",
  "kodepos" : "64112"
}, {
  "kecamatan" : "Mojoroto",
  "kelurahan" : "Ngampel",
  "kodepos" : "64112"
}, {
  "kecamatan" : "Mojoroto",
  "kelurahan" : "Dermo",
  "kodepos" : "64111"
}, {
  "kecamatan" : "Mojoroto",
  "kelurahan" : "Mrican",
  "kodepos" : "64111"
} ]
