[ {
  "kecamatan" : "Selat Nasik",
  "kelurahan" : "Suak Gual",
  "kodepos" : "33481"
}, {
  "kecamatan" : "Selat Nasik",
  "kelurahan" : "Petaling",
  "kodepos" : "33481"
}, {
  "kecamatan" : "Selat Nasik",
  "kelurahan" : "Pulau Gresik",
  "kodepos" : "33481"
}, {
  "kecamatan" : "Selat Nasik",
  "kelurahan" : "Selat Nasik",
  "kodepos" : "33481"
}, {
  "kecamatan" : "Membalong",
  "kelurahan" : "Simpang Rusa",
  "kodepos" : "33452"
}, {
  "kecamatan" : "Membalong",
  "kelurahan" : "Tanjung Rusa",
  "kodepos" : "33452"
}, {
  "kecamatan" : "Membalong",
  "kelurahan" : "Pulau Seliu",
  "kodepos" : "33452"
}, {
  "kecamatan" : "Membalong",
  "kelurahan" : "Pulau Sumedang",
  "kodepos" : "33452"
}, {
  "kecamatan" : "Membalong",
  "kelurahan" : "Padang Kandis",
  "kodepos" : "33452"
}, {
  "kecamatan" : "Membalong",
  "kelurahan" : "Perpat",
  "kodepos" : "33452"
}, {
  "kecamatan" : "Membalong",
  "kelurahan" : "Mentigi",
  "kodepos" : "33452"
}, {
  "kecamatan" : "Membalong",
  "kelurahan" : "Lassar",
  "kodepos" : "33452"
}, {
  "kecamatan" : "Membalong",
  "kelurahan" : "Membalong",
  "kodepos" : "33452"
}, {
  "kecamatan" : "Membalong",
  "kelurahan" : "Gunung Riting",
  "kodepos" : "33452"
}, {
  "kecamatan" : "Membalong",
  "kelurahan" : "Kembiri",
  "kodepos" : "33452"
}, {
  "kecamatan" : "Badau",
  "kelurahan" : "Sungai Samak",
  "kodepos" : "33451"
}, {
  "kecamatan" : "Membalong",
  "kelurahan" : "Bantan",
  "kodepos" : "33452"
}, {
  "kecamatan" : "Badau",
  "kelurahan" : "Kacang Botor",
  "kodepos" : "33451"
}, {
  "kecamatan" : "Badau",
  "kelurahan" : "Pegantungan",
  "kodepos" : "33451"
}, {
  "kecamatan" : "Badau",
  "kelurahan" : "Cerucuk",
  "kodepos" : "33451"
}, {
  "kecamatan" : "Badau",
  "kelurahan" : "Ibul",
  "kodepos" : "33451"
}, {
  "kecamatan" : "Badau",
  "kelurahan" : "Badau",
  "kodepos" : "33451"
}, {
  "kecamatan" : "Badau",
  "kelurahan" : "Air Batu",
  "kodepos" : "33451"
}, {
  "kecamatan" : "Tanjung Pandan",
  "kelurahan" : "Juru Seberang",
  "kodepos" : "33417"
}, {
  "kecamatan" : "Sijuk",
  "kelurahan" : "Terong",
  "kodepos" : "33414"
}, {
  "kecamatan" : "Tanjung Pandan",
  "kelurahan" : "Air Saga",
  "kodepos" : "33415"
}, {
  "kecamatan" : "Sijuk",
  "kelurahan" : "Tanjung Binga",
  "kodepos" : "33414"
}, {
  "kecamatan" : "Sijuk",
  "kelurahan" : "Tanjong Tinggi",
  "kodepos" : "33414"
}, {
  "kecamatan" : "Sijuk",
  "kelurahan" : "Sungai Padang",
  "kodepos" : "33414"
}, {
  "kecamatan" : "Sijuk",
  "kelurahan" : "Sijuk",
  "kodepos" : "33414"
}, {
  "kecamatan" : "Tanjung Pandan",
  "kelurahan" : "Paal Satu",
  "kodepos" : "33414"
}, {
  "kecamatan" : "Sijuk",
  "kelurahan" : "Pelepak Pute",
  "kodepos" : "33414"
}, {
  "kecamatan" : "Sijuk",
  "kelurahan" : "Keciput",
  "kodepos" : "33414"
}, {
  "kecamatan" : "Sijuk",
  "kelurahan" : "Batu Itam",
  "kodepos" : "33414"
}, {
  "kecamatan" : "Sijuk",
  "kelurahan" : "Air Seru",
  "kodepos" : "33414"
}, {
  "kecamatan" : "Sijuk",
  "kelurahan" : "Air Selumar",
  "kodepos" : "33414"
}, {
  "kecamatan" : "Tanjung Pandan",
  "kelurahan" : "Aik Palempang Jaya",
  "kodepos" : "33414"
}, {
  "kecamatan" : "Tanjung Pandan",
  "kelurahan" : "Perawas",
  "kodepos" : "33413"
}, {
  "kecamatan" : "Tanjung Pandan",
  "kelurahan" : "Aik Rayak",
  "kodepos" : "33413"
}, {
  "kecamatan" : "Tanjung Pandan",
  "kelurahan" : "Pangkal Lalang",
  "kodepos" : "33412"
}, {
  "kecamatan" : "Tanjung Pandan",
  "kelurahan" : "Tanjung Pendam",
  "kodepos" : "33411"
}, {
  "kecamatan" : "Tanjung Pandan",
  "kelurahan" : "Parit",
  "kodepos" : "33411"
}, {
  "kecamatan" : "Tanjung Pandan",
  "kelurahan" : "Lesung Batang",
  "kodepos" : "33411"
}, {
  "kecamatan" : "Tanjung Pandan",
  "kelurahan" : "Kota Tanjung Pandan",
  "kodepos" : "33411"
}, {
  "kecamatan" : "Tanjung Pandan",
  "kelurahan" : "Dukong",
  "kodepos" : "33411"
}, {
  "kecamatan" : "Tanjung Pandan",
  "kelurahan" : "Buluh Tumbang",
  "kodepos" : "33411"
}, {
  "kecamatan" : "Tanjung Pandan",
  "kelurahan" : "Air Merbau",
  "kodepos" : "33411"
}, {
  "kecamatan" : "Tanjung Pandan",
  "kelurahan" : "Aik Ketekok",
  "kodepos" : "33411"
} ]
