[ {
  "kecamatan" : "Nawangan",
  "kelurahan" : "Tokawi (Tokawai)",
  "kodepos" : "63584"
}, {
  "kecamatan" : "Nawangan",
  "kelurahan" : "Sempu",
  "kodepos" : "63584"
}, {
  "kecamatan" : "Nawangan",
  "kelurahan" : "Penggung",
  "kodepos" : "63584"
}, {
  "kecamatan" : "Nawangan",
  "kelurahan" : "Pakisbaru",
  "kodepos" : "63584"
}, {
  "kecamatan" : "Nawangan",
  "kelurahan" : "Ngromo",
  "kodepos" : "63584"
}, {
  "kecamatan" : "Nawangan",
  "kelurahan" : "Nawangan",
  "kodepos" : "63584"
}, {
  "kecamatan" : "Nawangan",
  "kelurahan" : "Mujing",
  "kodepos" : "63584"
}, {
  "kecamatan" : "Nawangan",
  "kelurahan" : "Jetislor",
  "kodepos" : "63584"
}, {
  "kecamatan" : "Nawangan",
  "kelurahan" : "Gondang",
  "kodepos" : "63584"
}, {
  "kecamatan" : "Bandar",
  "kelurahan" : "Watupatok",
  "kodepos" : "63583"
}, {
  "kecamatan" : "Bandar",
  "kelurahan" : "Tumpuk",
  "kodepos" : "63583"
}, {
  "kecamatan" : "Bandar",
  "kelurahan" : "Petungsinarang",
  "kodepos" : "63583"
}, {
  "kecamatan" : "Bandar",
  "kelurahan" : "Ngunut",
  "kodepos" : "63583"
}, {
  "kecamatan" : "Bandar",
  "kelurahan" : "Kledung",
  "kodepos" : "63583"
}, {
  "kecamatan" : "Bandar",
  "kelurahan" : "Jeruk",
  "kodepos" : "63583"
}, {
  "kecamatan" : "Bandar",
  "kelurahan" : "Bangunsari",
  "kodepos" : "63583"
}, {
  "kecamatan" : "Bandar",
  "kelurahan" : "Bandar",
  "kodepos" : "63583"
}, {
  "kecamatan" : "Tegalombo",
  "kelurahan" : "Tegalombo",
  "kodepos" : "63582"
}, {
  "kecamatan" : "Tegalombo",
  "kelurahan" : "Tahunan",
  "kodepos" : "63582"
}, {
  "kecamatan" : "Tegalombo",
  "kelurahan" : "Tahunan Baru",
  "kodepos" : "63582"
}, {
  "kecamatan" : "Tegalombo",
  "kelurahan" : "Pucangombo (Pucung Ombo)",
  "kodepos" : "63582"
}, {
  "kecamatan" : "Tegalombo",
  "kelurahan" : "Ploso",
  "kodepos" : "63582"
}, {
  "kecamatan" : "Tegalombo",
  "kelurahan" : "Ngreco (Ngereco)",
  "kodepos" : "63582"
}, {
  "kecamatan" : "Tegalombo",
  "kelurahan" : "Kemuning",
  "kodepos" : "63582"
}, {
  "kecamatan" : "Tegalombo",
  "kelurahan" : "Kebondalem",
  "kodepos" : "63582"
}, {
  "kecamatan" : "Tegalombo",
  "kelurahan" : "Kasihan",
  "kodepos" : "63582"
}, {
  "kecamatan" : "Tegalombo",
  "kelurahan" : "Gemaharjo",
  "kodepos" : "63582"
}, {
  "kecamatan" : "Tegalombo",
  "kelurahan" : "Gedangan",
  "kodepos" : "63582"
}, {
  "kecamatan" : "Arjosari",
  "kelurahan" : "Tremas",
  "kodepos" : "63581"
}, {
  "kecamatan" : "Arjosari",
  "kelurahan" : "Temon",
  "kodepos" : "63581"
}, {
  "kecamatan" : "Arjosari",
  "kelurahan" : "Sedayu",
  "kodepos" : "63581"
}, {
  "kecamatan" : "Arjosari",
  "kelurahan" : "Pagutan",
  "kodepos" : "63581"
}, {
  "kecamatan" : "Arjosari",
  "kelurahan" : "Mangunharjo",
  "kodepos" : "63581"
}, {
  "kecamatan" : "Arjosari",
  "kelurahan" : "Mlati",
  "kodepos" : "63581"
}, {
  "kecamatan" : "Arjosari",
  "kelurahan" : "Kedungbendo",
  "kodepos" : "63581"
}, {
  "kecamatan" : "Arjosari",
  "kelurahan" : "Karangrejo",
  "kodepos" : "63581"
}, {
  "kecamatan" : "Arjosari",
  "kelurahan" : "Karanggede",
  "kodepos" : "63581"
}, {
  "kecamatan" : "Arjosari",
  "kelurahan" : "Jetis Kidul",
  "kodepos" : "63581"
}, {
  "kecamatan" : "Arjosari",
  "kelurahan" : "Jatimalang",
  "kodepos" : "63581"
}, {
  "kecamatan" : "Arjosari",
  "kelurahan" : "Gembong",
  "kodepos" : "63581"
}, {
  "kecamatan" : "Arjosari",
  "kelurahan" : "Gunungsari",
  "kodepos" : "63581"
}, {
  "kecamatan" : "Arjosari",
  "kelurahan" : "Gayuhan",
  "kodepos" : "63581"
}, {
  "kecamatan" : "Arjosari",
  "kelurahan" : "Gegeran",
  "kodepos" : "63581"
}, {
  "kecamatan" : "Arjosari",
  "kelurahan" : "Arjosari",
  "kodepos" : "63581"
}, {
  "kecamatan" : "Arjosari",
  "kelurahan" : "Borang",
  "kodepos" : "63581"
}, {
  "kecamatan" : "Sudimoro",
  "kelurahan" : "Sudimoro",
  "kodepos" : "63573"
}, {
  "kecamatan" : "Sudimoro",
  "kelurahan" : "Sukorejo",
  "kodepos" : "63573"
}, {
  "kecamatan" : "Sudimoro",
  "kelurahan" : "Sumberejo (Sumber Rejo)",
  "kodepos" : "63573"
}, {
  "kecamatan" : "Sudimoro",
  "kelurahan" : "Pager Lor",
  "kodepos" : "63573"
}, {
  "kecamatan" : "Sudimoro",
  "kelurahan" : "Sembowo",
  "kodepos" : "63573"
}, {
  "kecamatan" : "Sudimoro",
  "kelurahan" : "Klepu (Kelepu)",
  "kodepos" : "63573"
}, {
  "kecamatan" : "Sudimoro",
  "kelurahan" : "Pager Kidul",
  "kodepos" : "63573"
}, {
  "kecamatan" : "Sudimoro",
  "kelurahan" : "Karang Mulyo",
  "kodepos" : "63573"
}, {
  "kecamatan" : "Sudimoro",
  "kelurahan" : "Ketanggung",
  "kodepos" : "63573"
}, {
  "kecamatan" : "Sudimoro",
  "kelurahan" : "Gunung Rejo",
  "kodepos" : "63573"
}, {
  "kecamatan" : "Ngadirojo",
  "kelurahan" : "Wonodadi Wetan",
  "kodepos" : "63572"
}, {
  "kecamatan" : "Ngadirojo",
  "kelurahan" : "Wonokarto",
  "kodepos" : "63572"
}, {
  "kecamatan" : "Ngadirojo",
  "kelurahan" : "Wonosobo",
  "kodepos" : "63572"
}, {
  "kecamatan" : "Ngadirojo",
  "kelurahan" : "Wiyoro",
  "kodepos" : "63572"
}, {
  "kecamatan" : "Ngadirojo",
  "kelurahan" : "Wonoasri",
  "kodepos" : "63572"
}, {
  "kecamatan" : "Ngadirojo",
  "kelurahan" : "Wonodadi Kulon",
  "kodepos" : "63572"
}, {
  "kecamatan" : "Ngadirojo",
  "kelurahan" : "Sidomulyo",
  "kodepos" : "63572"
}, {
  "kecamatan" : "Ngadirojo",
  "kelurahan" : "Tanjung Lor",
  "kodepos" : "63572"
}, {
  "kecamatan" : "Ngadirojo",
  "kelurahan" : "Tanjungpuro",
  "kodepos" : "63572"
}, {
  "kecamatan" : "Ngadirojo",
  "kelurahan" : "Nogosari",
  "kodepos" : "63572"
}, {
  "kecamatan" : "Ngadirojo",
  "kelurahan" : "Pagerejo (Pangerejo)",
  "kodepos" : "63572"
}, {
  "kecamatan" : "Ngadirojo",
  "kelurahan" : "Hadiwarno",
  "kodepos" : "63572"
}, {
  "kecamatan" : "Ngadirojo",
  "kelurahan" : "Ngadirojo",
  "kodepos" : "63572"
}, {
  "kecamatan" : "Ngadirojo",
  "kelurahan" : "Cangkring",
  "kodepos" : "63572"
}, {
  "kecamatan" : "Ngadirojo",
  "kelurahan" : "Cokrokembang",
  "kodepos" : "63572"
}, {
  "kecamatan" : "Ngadirojo",
  "kelurahan" : "Hadiluwih",
  "kodepos" : "63572"
}, {
  "kecamatan" : "Ngadirojo",
  "kelurahan" : "Bodag",
  "kodepos" : "63572"
}, {
  "kecamatan" : "Ngadirojo",
  "kelurahan" : "Bogoharjo (Begoharjo)",
  "kodepos" : "63572"
}, {
  "kecamatan" : "Tulakan",
  "kelurahan" : "Tulakan",
  "kodepos" : "63571"
}, {
  "kecamatan" : "Tulakan",
  "kelurahan" : "Wonoanti",
  "kodepos" : "63571"
}, {
  "kecamatan" : "Tulakan",
  "kelurahan" : "Wonosidi",
  "kodepos" : "63571"
}, {
  "kecamatan" : "Tulakan",
  "kelurahan" : "Nglaran (Ngelaran)",
  "kodepos" : "63571"
}, {
  "kecamatan" : "Tulakan",
  "kelurahan" : "Ngumbul",
  "kodepos" : "63571"
}, {
  "kecamatan" : "Tulakan",
  "kelurahan" : "Padi",
  "kodepos" : "63571"
}, {
  "kecamatan" : "Tulakan",
  "kelurahan" : "Losari",
  "kodepos" : "63571"
}, {
  "kecamatan" : "Tulakan",
  "kelurahan" : "Ngile",
  "kodepos" : "63571"
}, {
  "kecamatan" : "Tulakan",
  "kelurahan" : "Ketro",
  "kodepos" : "63571"
}, {
  "kecamatan" : "Tulakan",
  "kelurahan" : "Kluwih",
  "kodepos" : "63571"
}, {
  "kecamatan" : "Tulakan",
  "kelurahan" : "Jatigunung",
  "kodepos" : "63571"
}, {
  "kecamatan" : "Tulakan",
  "kelurahan" : "Jetak",
  "kodepos" : "63571"
}, {
  "kecamatan" : "Tulakan",
  "kelurahan" : "Kalikuning",
  "kodepos" : "63571"
}, {
  "kecamatan" : "Tulakan",
  "kelurahan" : "Bubakan",
  "kodepos" : "63571"
}, {
  "kecamatan" : "Tulakan",
  "kelurahan" : "Bungur",
  "kodepos" : "63571"
}, {
  "kecamatan" : "Tulakan",
  "kelurahan" : "Gasang",
  "kodepos" : "63571"
}, {
  "kecamatan" : "Kebon Agung",
  "kelurahan" : "Worawari",
  "kodepos" : "63561"
}, {
  "kecamatan" : "Kebon Agung",
  "kelurahan" : "Sidomulyo",
  "kodepos" : "63561"
}, {
  "kecamatan" : "Kebon Agung",
  "kelurahan" : "Wonogondo",
  "kodepos" : "63561"
}, {
  "kecamatan" : "Kebon Agung",
  "kelurahan" : "Purwoasri",
  "kodepos" : "63561"
}, {
  "kecamatan" : "Kebon Agung",
  "kelurahan" : "Sanggrahan",
  "kodepos" : "63561"
}, {
  "kecamatan" : "Kebon Agung",
  "kelurahan" : "Plumbungan (Pelumbungan)",
  "kodepos" : "63561"
}, {
  "kecamatan" : "Kebon Agung",
  "kelurahan" : "Punjung",
  "kodepos" : "63561"
}, {
  "kecamatan" : "Kebon Agung",
  "kelurahan" : "Klesem",
  "kodepos" : "63561"
}, {
  "kecamatan" : "Kebon Agung",
  "kelurahan" : "Mantren",
  "kodepos" : "63561"
}, {
  "kecamatan" : "Kebon Agung",
  "kelurahan" : "Ketepung",
  "kodepos" : "63561"
}, {
  "kecamatan" : "Kebon Agung",
  "kelurahan" : "Ketro",
  "kodepos" : "63561"
}, {
  "kecamatan" : "Kebon Agung",
  "kelurahan" : "Karangnongko",
  "kodepos" : "63561"
}, {
  "kecamatan" : "Kebon Agung",
  "kelurahan" : "Katipugal",
  "kodepos" : "63561"
}, {
  "kecamatan" : "Kebon Agung",
  "kelurahan" : "Kebonagung",
  "kodepos" : "63561"
}, {
  "kecamatan" : "Kebon Agung",
  "kelurahan" : "Kalipelus",
  "kodepos" : "63561"
}, {
  "kecamatan" : "Kebon Agung",
  "kelurahan" : "Karanganyar",
  "kodepos" : "63561"
}, {
  "kecamatan" : "Kebon Agung",
  "kelurahan" : "Gawang",
  "kodepos" : "63561"
}, {
  "kecamatan" : "Kebon Agung",
  "kelurahan" : "Gembuk",
  "kodepos" : "63561"
}, {
  "kecamatan" : "Kebon Agung",
  "kelurahan" : "Banjarjo",
  "kodepos" : "63561"
}, {
  "kecamatan" : "Donorojo",
  "kelurahan" : "Sukodono",
  "kodepos" : "63554"
}, {
  "kecamatan" : "Donorojo",
  "kelurahan" : "Widoro",
  "kodepos" : "63554"
}, {
  "kecamatan" : "Donorojo",
  "kelurahan" : "Sekar",
  "kodepos" : "63554"
}, {
  "kecamatan" : "Donorojo",
  "kelurahan" : "Sendang",
  "kodepos" : "63554"
}, {
  "kecamatan" : "Donorojo",
  "kelurahan" : "Klepu",
  "kodepos" : "63554"
}, {
  "kecamatan" : "Donorojo",
  "kelurahan" : "Sawahan",
  "kodepos" : "63554"
}, {
  "kecamatan" : "Donorojo",
  "kelurahan" : "Kalak",
  "kodepos" : "63554"
}, {
  "kecamatan" : "Donorojo",
  "kelurahan" : "Donorojo",
  "kodepos" : "63554"
}, {
  "kecamatan" : "Donorojo",
  "kelurahan" : "Gedompol",
  "kodepos" : "63554"
}, {
  "kecamatan" : "Donorojo",
  "kelurahan" : "Gendaran",
  "kodepos" : "63554"
}, {
  "kecamatan" : "Donorojo",
  "kelurahan" : "Cemeng",
  "kodepos" : "63554"
}, {
  "kecamatan" : "Donorojo",
  "kelurahan" : "Belah",
  "kodepos" : "63554"
}, {
  "kecamatan" : "Punung",
  "kelurahan" : "Wareng",
  "kodepos" : "63553"
}, {
  "kecamatan" : "Punung",
  "kelurahan" : "Sooka (Soko)",
  "kodepos" : "63553"
}, {
  "kecamatan" : "Punung",
  "kelurahan" : "Tinatar",
  "kodepos" : "63553"
}, {
  "kecamatan" : "Punung",
  "kelurahan" : "Ploso",
  "kodepos" : "63553"
}, {
  "kecamatan" : "Punung",
  "kelurahan" : "Punung",
  "kodepos" : "63553"
}, {
  "kecamatan" : "Punung",
  "kelurahan" : "Mendolo Kidul",
  "kodepos" : "63553"
}, {
  "kecamatan" : "Punung",
  "kelurahan" : "Mendolo Lor",
  "kodepos" : "63553"
}, {
  "kecamatan" : "Punung",
  "kelurahan" : "Piton",
  "kodepos" : "63553"
}, {
  "kecamatan" : "Punung",
  "kelurahan" : "Kendal",
  "kodepos" : "63553"
}, {
  "kecamatan" : "Punung",
  "kelurahan" : "Mantren",
  "kodepos" : "63553"
}, {
  "kecamatan" : "Punung",
  "kelurahan" : "Gondosari",
  "kodepos" : "63553"
}, {
  "kecamatan" : "Punung",
  "kelurahan" : "Kebonsari",
  "kodepos" : "63553"
}, {
  "kecamatan" : "Punung",
  "kelurahan" : "Bomo",
  "kodepos" : "63553"
}, {
  "kecamatan" : "Pringkuku",
  "kelurahan" : "Watu Karung",
  "kodepos" : "63552"
}, {
  "kecamatan" : "Pringkuku",
  "kelurahan" : "Sugihwaras",
  "kodepos" : "63552"
}, {
  "kecamatan" : "Pringkuku",
  "kelurahan" : "Tamanasri",
  "kodepos" : "63552"
}, {
  "kecamatan" : "Pringkuku",
  "kelurahan" : "Pringkuku",
  "kodepos" : "63552"
}, {
  "kecamatan" : "Pringkuku",
  "kelurahan" : "Sobo",
  "kodepos" : "63552"
}, {
  "kecamatan" : "Pringkuku",
  "kelurahan" : "Pelem",
  "kodepos" : "63552"
}, {
  "kecamatan" : "Pringkuku",
  "kelurahan" : "Poko",
  "kodepos" : "63552"
}, {
  "kecamatan" : "Pringkuku",
  "kelurahan" : "Glinggangan",
  "kodepos" : "63552"
}, {
  "kecamatan" : "Pringkuku",
  "kelurahan" : "Jlubang",
  "kodepos" : "63552"
}, {
  "kecamatan" : "Pringkuku",
  "kelurahan" : "Ngadirejan",
  "kodepos" : "63552"
}, {
  "kecamatan" : "Pringkuku",
  "kelurahan" : "Dadapan",
  "kodepos" : "63552"
}, {
  "kecamatan" : "Pringkuku",
  "kelurahan" : "Dersono",
  "kodepos" : "63552"
}, {
  "kecamatan" : "Pacitan",
  "kelurahan" : "Widoro",
  "kodepos" : "63518"
}, {
  "kecamatan" : "Pringkuku",
  "kelurahan" : "Candi",
  "kodepos" : "63552"
}, {
  "kecamatan" : "Pacitan",
  "kelurahan" : "Tanjungsari",
  "kodepos" : "63518"
}, {
  "kecamatan" : "Pacitan",
  "kelurahan" : "Tambakrejo",
  "kodepos" : "63518"
}, {
  "kecamatan" : "Pacitan",
  "kelurahan" : "Sumberharjo",
  "kodepos" : "63518"
}, {
  "kecamatan" : "Pacitan",
  "kelurahan" : "Sirnoboyo",
  "kodepos" : "63518"
}, {
  "kecamatan" : "Pacitan",
  "kelurahan" : "Sukoharjo",
  "kodepos" : "63518"
}, {
  "kecamatan" : "Pacitan",
  "kelurahan" : "Sedeng",
  "kodepos" : "63518"
}, {
  "kecamatan" : "Pacitan",
  "kelurahan" : "Semanten",
  "kodepos" : "63518"
}, {
  "kecamatan" : "Pacitan",
  "kelurahan" : "Purworejo",
  "kodepos" : "63518"
}, {
  "kecamatan" : "Pacitan",
  "kelurahan" : "Sambong",
  "kodepos" : "63518"
}, {
  "kecamatan" : "Pacitan",
  "kelurahan" : "Nanggungan",
  "kodepos" : "63518"
}, {
  "kecamatan" : "Pacitan",
  "kelurahan" : "Ponggok",
  "kodepos" : "63518"
}, {
  "kecamatan" : "Pacitan",
  "kelurahan" : "Kembang",
  "kodepos" : "63518"
}, {
  "kecamatan" : "Pacitan",
  "kelurahan" : "Mentoro",
  "kodepos" : "63518"
}, {
  "kecamatan" : "Pacitan",
  "kelurahan" : "Bolosingo",
  "kodepos" : "63518"
}, {
  "kecamatan" : "Pacitan",
  "kelurahan" : "Kayen",
  "kodepos" : "63518"
}, {
  "kecamatan" : "Pacitan",
  "kelurahan" : "Banjarsari",
  "kodepos" : "63518"
}, {
  "kecamatan" : "Pacitan",
  "kelurahan" : "Bangunsari",
  "kodepos" : "63518"
}, {
  "kecamatan" : "Pacitan",
  "kelurahan" : "Menadi",
  "kodepos" : "63517"
}, {
  "kecamatan" : "Pacitan",
  "kelurahan" : "Ploso",
  "kodepos" : "63515"
}, {
  "kecamatan" : "Pacitan",
  "kelurahan" : "Arjowinangun",
  "kodepos" : "63516"
}, {
  "kecamatan" : "Pacitan",
  "kelurahan" : "Pucangsewu (Pacungsewu)",
  "kodepos" : "63513"
}, {
  "kecamatan" : "Pacitan",
  "kelurahan" : "Sidoharjo",
  "kodepos" : "63514"
}, {
  "kecamatan" : "Pacitan",
  "kelurahan" : "Baleharjo",
  "kodepos" : "63511"
}, {
  "kecamatan" : "Pacitan",
  "kelurahan" : "Pacitan",
  "kodepos" : "63512"
} ]
