[ {
  "kecamatan" : "Ngebel",
  "kelurahan" : "Wagir Lor",
  "kodepos" : "63493"
}, {
  "kecamatan" : "Ngebel",
  "kelurahan" : "Sempu",
  "kodepos" : "63493"
}, {
  "kecamatan" : "Ngebel",
  "kelurahan" : "Talun",
  "kodepos" : "63493"
}, {
  "kecamatan" : "Ngebel",
  "kelurahan" : "Pupus",
  "kodepos" : "63493"
}, {
  "kecamatan" : "Ngebel",
  "kelurahan" : "Sahang",
  "kodepos" : "63493"
}, {
  "kecamatan" : "Ngebel",
  "kelurahan" : "Gondowido",
  "kodepos" : "63493"
}, {
  "kecamatan" : "Ngebel",
  "kelurahan" : "Ngebel",
  "kodepos" : "63493"
}, {
  "kecamatan" : "Ngebel",
  "kelurahan" : "Ngrogung",
  "kodepos" : "63493"
}, {
  "kecamatan" : "Jenangan",
  "kelurahan" : "Wates",
  "kodepos" : "63492"
}, {
  "kecamatan" : "Jenangan",
  "kelurahan" : "Singosaren",
  "kodepos" : "63492"
}, {
  "kecamatan" : "Jenangan",
  "kelurahan" : "Sraten",
  "kodepos" : "63492"
}, {
  "kecamatan" : "Jenangan",
  "kelurahan" : "Tanjung Sari",
  "kodepos" : "63492"
}, {
  "kecamatan" : "Jenangan",
  "kelurahan" : "Semanding",
  "kodepos" : "63492"
}, {
  "kecamatan" : "Jenangan",
  "kelurahan" : "Setono",
  "kodepos" : "63492"
}, {
  "kecamatan" : "Jenangan",
  "kelurahan" : "Plalangan",
  "kodepos" : "63492"
}, {
  "kecamatan" : "Jenangan",
  "kelurahan" : "Panjeng",
  "kodepos" : "63492"
}, {
  "kecamatan" : "Jenangan",
  "kelurahan" : "Sedah",
  "kodepos" : "63492"
}, {
  "kecamatan" : "Jenangan",
  "kelurahan" : "Paringan",
  "kodepos" : "63492"
}, {
  "kecamatan" : "Jenangan",
  "kelurahan" : "Pintu",
  "kodepos" : "63492"
}, {
  "kecamatan" : "Jenangan",
  "kelurahan" : "Ngrupit",
  "kodepos" : "63492"
}, {
  "kecamatan" : "Jenangan",
  "kelurahan" : "Mrican",
  "kodepos" : "63492"
}, {
  "kecamatan" : "Jenangan",
  "kelurahan" : "Nglayang",
  "kodepos" : "63492"
}, {
  "kecamatan" : "Jenangan",
  "kelurahan" : "Jimbe",
  "kodepos" : "63492"
}, {
  "kecamatan" : "Jenangan",
  "kelurahan" : "Kemiri",
  "kodepos" : "63492"
}, {
  "kecamatan" : "Babadan",
  "kelurahan" : "Trisono",
  "kodepos" : "63491"
}, {
  "kecamatan" : "Jenangan",
  "kelurahan" : "Jenangan",
  "kodepos" : "63492"
}, {
  "kecamatan" : "Babadan",
  "kelurahan" : "Pondok",
  "kodepos" : "63491"
}, {
  "kecamatan" : "Babadan",
  "kelurahan" : "Purwosari",
  "kodepos" : "63491"
}, {
  "kecamatan" : "Babadan",
  "kelurahan" : "Sukosari",
  "kodepos" : "63491"
}, {
  "kecamatan" : "Babadan",
  "kelurahan" : "Patihan Wetan",
  "kodepos" : "63491"
}, {
  "kecamatan" : "Babadan",
  "kelurahan" : "Polorejo",
  "kodepos" : "63491"
}, {
  "kecamatan" : "Babadan",
  "kelurahan" : "Lembah",
  "kodepos" : "63491"
}, {
  "kecamatan" : "Babadan",
  "kelurahan" : "Ngunut",
  "kodepos" : "63491"
}, {
  "kecamatan" : "Babadan",
  "kelurahan" : "Japan",
  "kodepos" : "63491"
}, {
  "kecamatan" : "Babadan",
  "kelurahan" : "Kadipaten",
  "kodepos" : "63491"
}, {
  "kecamatan" : "Babadan",
  "kelurahan" : "Kertosari",
  "kodepos" : "63491"
}, {
  "kecamatan" : "Babadan",
  "kelurahan" : "Bareng",
  "kodepos" : "63491"
}, {
  "kecamatan" : "Babadan",
  "kelurahan" : "Cekok",
  "kodepos" : "63491"
}, {
  "kecamatan" : "Babadan",
  "kelurahan" : "Gupolo",
  "kodepos" : "63491"
}, {
  "kecamatan" : "Babadan",
  "kelurahan" : "Babadan",
  "kodepos" : "63491"
}, {
  "kecamatan" : "Sooko",
  "kelurahan" : "Sooko",
  "kodepos" : "63482"
}, {
  "kecamatan" : "Sooko",
  "kelurahan" : "Suru (Seru)",
  "kodepos" : "63482"
}, {
  "kecamatan" : "Sooko",
  "kelurahan" : "Klepu",
  "kodepos" : "63482"
}, {
  "kecamatan" : "Sooko",
  "kelurahan" : "Ngadirojo (Ngadirejo)",
  "kodepos" : "63482"
}, {
  "kecamatan" : "Sooko",
  "kelurahan" : "Jurug",
  "kodepos" : "63482"
}, {
  "kecamatan" : "Sooko",
  "kelurahan" : "Bedoho",
  "kodepos" : "63482"
}, {
  "kecamatan" : "Pulung",
  "kelurahan" : "Wayang",
  "kodepos" : "63481"
}, {
  "kecamatan" : "Pulung",
  "kelurahan" : "Wotan",
  "kodepos" : "63481"
}, {
  "kecamatan" : "Pulung",
  "kelurahan" : "Singgahan",
  "kodepos" : "63481"
}, {
  "kecamatan" : "Pulung",
  "kelurahan" : "Tegalrejo",
  "kodepos" : "63481"
}, {
  "kecamatan" : "Pulung",
  "kelurahan" : "Wagirkidul",
  "kodepos" : "63481"
}, {
  "kecamatan" : "Pulung",
  "kelurahan" : "Sidoharjo",
  "kodepos" : "63481"
}, {
  "kecamatan" : "Pulung",
  "kelurahan" : "Pulung Merdiko",
  "kodepos" : "63481"
}, {
  "kecamatan" : "Pulung",
  "kelurahan" : "Serag",
  "kodepos" : "63481"
}, {
  "kecamatan" : "Pulung",
  "kelurahan" : "Plunturan",
  "kodepos" : "63481"
}, {
  "kecamatan" : "Pulung",
  "kelurahan" : "Pomahan",
  "kodepos" : "63481"
}, {
  "kecamatan" : "Pulung",
  "kelurahan" : "Pulung",
  "kodepos" : "63481"
}, {
  "kecamatan" : "Pulung",
  "kelurahan" : "Patik",
  "kodepos" : "63481"
}, {
  "kecamatan" : "Pulung",
  "kelurahan" : "Munggung",
  "kodepos" : "63481"
}, {
  "kecamatan" : "Pulung",
  "kelurahan" : "Karangpatihan",
  "kodepos" : "63481"
}, {
  "kecamatan" : "Pulung",
  "kelurahan" : "Kesugihan",
  "kodepos" : "63481"
}, {
  "kecamatan" : "Pulung",
  "kelurahan" : "Banaran",
  "kodepos" : "63481"
}, {
  "kecamatan" : "Pulung",
  "kelurahan" : "Bedrug",
  "kodepos" : "63481"
}, {
  "kecamatan" : "Pulung",
  "kelurahan" : "Bekiring",
  "kodepos" : "63481"
}, {
  "kecamatan" : "Sawoo",
  "kelurahan" : "Tumpakpelem",
  "kodepos" : "63475"
}, {
  "kecamatan" : "Sawoo",
  "kelurahan" : "Tumpuk",
  "kodepos" : "63475"
}, {
  "kecamatan" : "Sawoo",
  "kelurahan" : "Tempuran",
  "kodepos" : "63475"
}, {
  "kecamatan" : "Sawoo",
  "kelurahan" : "Tugurejo",
  "kodepos" : "63475"
}, {
  "kecamatan" : "Sawoo",
  "kelurahan" : "Sriti (Serinti)",
  "kodepos" : "63475"
}, {
  "kecamatan" : "Sawoo",
  "kelurahan" : "Temon",
  "kodepos" : "63475"
}, {
  "kecamatan" : "Sawoo",
  "kelurahan" : "Prayungan",
  "kodepos" : "63475"
}, {
  "kecamatan" : "Sawoo",
  "kelurahan" : "Sawoo",
  "kodepos" : "63475"
}, {
  "kecamatan" : "Sawoo",
  "kelurahan" : "Ngindeng",
  "kodepos" : "63475"
}, {
  "kecamatan" : "Sawoo",
  "kelurahan" : "Pangkal",
  "kodepos" : "63475"
}, {
  "kecamatan" : "Sawoo",
  "kelurahan" : "Grogol",
  "kodepos" : "63475"
}, {
  "kecamatan" : "Sawoo",
  "kelurahan" : "Ketro",
  "kodepos" : "63475"
}, {
  "kecamatan" : "Sawoo",
  "kelurahan" : "Kori",
  "kodepos" : "63475"
}, {
  "kecamatan" : "Sawoo",
  "kelurahan" : "Bondrang",
  "kodepos" : "63475"
}, {
  "kecamatan" : "Sambit",
  "kelurahan" : "Sambit",
  "kodepos" : "63474"
}, {
  "kecamatan" : "Sambit",
  "kelurahan" : "Wilangan",
  "kodepos" : "63474"
}, {
  "kecamatan" : "Sambit",
  "kelurahan" : "Wringinanom",
  "kodepos" : "63474"
}, {
  "kecamatan" : "Sambit",
  "kelurahan" : "Ngadisanan",
  "kodepos" : "63474"
}, {
  "kecamatan" : "Sambit",
  "kelurahan" : "Nglewan (Ngelewan)",
  "kodepos" : "63474"
}, {
  "kecamatan" : "Sambit",
  "kelurahan" : "Kemuning",
  "kodepos" : "63474"
}, {
  "kecamatan" : "Sambit",
  "kelurahan" : "Maguwan",
  "kodepos" : "63474"
}, {
  "kecamatan" : "Sambit",
  "kelurahan" : "Campursari",
  "kodepos" : "63474"
}, {
  "kecamatan" : "Sambit",
  "kelurahan" : "Gajah",
  "kodepos" : "63474"
}, {
  "kecamatan" : "Sambit",
  "kelurahan" : "Jrakah",
  "kodepos" : "63474"
}, {
  "kecamatan" : "Sambit",
  "kelurahan" : "Campurejo",
  "kodepos" : "63474"
}, {
  "kecamatan" : "Sambit",
  "kelurahan" : "Bulu",
  "kodepos" : "63474"
}, {
  "kecamatan" : "Sambit",
  "kelurahan" : "Besuki",
  "kodepos" : "63474"
}, {
  "kecamatan" : "Sambit",
  "kelurahan" : "Bangsalan",
  "kodepos" : "63474"
}, {
  "kecamatan" : "Sambit",
  "kelurahan" : "Bedingin",
  "kodepos" : "63474"
}, {
  "kecamatan" : "Jetis",
  "kelurahan" : "Wonoketro",
  "kodepos" : "63473"
}, {
  "kecamatan" : "Sambit",
  "kelurahan" : "Bancangan",
  "kodepos" : "63474"
}, {
  "kecamatan" : "Jetis",
  "kelurahan" : "Turi",
  "kodepos" : "63473"
}, {
  "kecamatan" : "Jetis",
  "kelurahan" : "Winong",
  "kodepos" : "63473"
}, {
  "kecamatan" : "Jetis",
  "kelurahan" : "Mojorejo",
  "kodepos" : "63473"
}, {
  "kecamatan" : "Jetis",
  "kelurahan" : "Ngasinan",
  "kodepos" : "63473"
}, {
  "kecamatan" : "Jetis",
  "kelurahan" : "Tegalsari",
  "kodepos" : "63473"
}, {
  "kecamatan" : "Jetis",
  "kelurahan" : "Kutu Wetan",
  "kodepos" : "63473"
}, {
  "kecamatan" : "Jetis",
  "kelurahan" : "Mojomati",
  "kodepos" : "63473"
}, {
  "kecamatan" : "Jetis",
  "kelurahan" : "Karanggebang",
  "kodepos" : "63473"
}, {
  "kecamatan" : "Jetis",
  "kelurahan" : "Kradenan (Kradinan)",
  "kodepos" : "63473"
}, {
  "kecamatan" : "Jetis",
  "kelurahan" : "Kutu Kulon",
  "kodepos" : "63473"
}, {
  "kecamatan" : "Jetis",
  "kelurahan" : "Jetis",
  "kodepos" : "63473"
}, {
  "kecamatan" : "Jetis",
  "kelurahan" : "Josari",
  "kodepos" : "63473"
}, {
  "kecamatan" : "Jetis",
  "kelurahan" : "Coper",
  "kodepos" : "63473"
}, {
  "kecamatan" : "Mlarak",
  "kelurahan" : "Suren",
  "kodepos" : "63472"
}, {
  "kecamatan" : "Mlarak",
  "kelurahan" : "Totokan",
  "kodepos" : "63472"
}, {
  "kecamatan" : "Mlarak",
  "kelurahan" : "Tugu (Tugurejo)",
  "kodepos" : "63472"
}, {
  "kecamatan" : "Mlarak",
  "kelurahan" : "Serangan",
  "kodepos" : "63472"
}, {
  "kecamatan" : "Mlarak",
  "kelurahan" : "Siwalan",
  "kodepos" : "63472"
}, {
  "kecamatan" : "Mlarak",
  "kelurahan" : "Nglumpang",
  "kodepos" : "63472"
}, {
  "kecamatan" : "Mlarak",
  "kelurahan" : "Ngrukem (Ngerukem)",
  "kodepos" : "63472"
}, {
  "kecamatan" : "Mlarak",
  "kelurahan" : "Mlarak",
  "kodepos" : "63472"
}, {
  "kecamatan" : "Mlarak",
  "kelurahan" : "Kaponan",
  "kodepos" : "63472"
}, {
  "kecamatan" : "Mlarak",
  "kelurahan" : "Gontor",
  "kodepos" : "63472"
}, {
  "kecamatan" : "Mlarak",
  "kelurahan" : "Jabung",
  "kodepos" : "63472"
}, {
  "kecamatan" : "Mlarak",
  "kelurahan" : "Joresan",
  "kodepos" : "63472"
}, {
  "kecamatan" : "Mlarak",
  "kelurahan" : "Candi",
  "kodepos" : "63472"
}, {
  "kecamatan" : "Mlarak",
  "kelurahan" : "Gandu",
  "kodepos" : "63472"
}, {
  "kecamatan" : "Siman",
  "kelurahan" : "Tranjang",
  "kodepos" : "63471"
}, {
  "kecamatan" : "Mlarak",
  "kelurahan" : "Bajang",
  "kodepos" : "63472"
}, {
  "kecamatan" : "Siman",
  "kelurahan" : "Siman",
  "kodepos" : "63471"
}, {
  "kecamatan" : "Siman",
  "kelurahan" : "Tajug",
  "kodepos" : "63471"
}, {
  "kecamatan" : "Siman",
  "kelurahan" : "Ronowijayan",
  "kodepos" : "63471"
}, {
  "kecamatan" : "Siman",
  "kelurahan" : "Sawuh",
  "kodepos" : "63471"
}, {
  "kecamatan" : "Siman",
  "kelurahan" : "Sekaran (Sakaran)",
  "kodepos" : "63471"
}, {
  "kecamatan" : "Siman",
  "kelurahan" : "Pijeran",
  "kodepos" : "63471"
}, {
  "kecamatan" : "Siman",
  "kelurahan" : "Ronosentanan",
  "kodepos" : "63471"
}, {
  "kecamatan" : "Siman",
  "kelurahan" : "Patihan Kidul",
  "kodepos" : "63471"
}, {
  "kecamatan" : "Siman",
  "kelurahan" : "Ngabar",
  "kodepos" : "63471"
}, {
  "kecamatan" : "Siman",
  "kelurahan" : "Madusari",
  "kodepos" : "63471"
}, {
  "kecamatan" : "Siman",
  "kelurahan" : "Mangunsuman (Ngamunsuman)",
  "kodepos" : "63471"
}, {
  "kecamatan" : "Siman",
  "kelurahan" : "Manuk",
  "kodepos" : "63471"
}, {
  "kecamatan" : "Siman",
  "kelurahan" : "Kepuh Rubuh",
  "kodepos" : "63471"
}, {
  "kecamatan" : "Siman",
  "kelurahan" : "Jarak",
  "kodepos" : "63471"
}, {
  "kecamatan" : "Siman",
  "kelurahan" : "Brahu",
  "kodepos" : "63471"
}, {
  "kecamatan" : "Siman",
  "kelurahan" : "Demangan",
  "kodepos" : "63471"
}, {
  "kecamatan" : "Ngrayun",
  "kelurahan" : "Temon",
  "kodepos" : "63464"
}, {
  "kecamatan" : "Ngrayun",
  "kelurahan" : "Wonodadi",
  "kodepos" : "63464"
}, {
  "kecamatan" : "Siman",
  "kelurahan" : "Beton",
  "kodepos" : "63471"
}, {
  "kecamatan" : "Ngrayun",
  "kelurahan" : "Selur",
  "kodepos" : "63464"
}, {
  "kecamatan" : "Ngrayun",
  "kelurahan" : "Sendang",
  "kodepos" : "63464"
}, {
  "kecamatan" : "Ngrayun",
  "kelurahan" : "Gedangan",
  "kodepos" : "63464"
}, {
  "kecamatan" : "Ngrayun",
  "kelurahan" : "Mrayan (Merayan)",
  "kodepos" : "63464"
}, {
  "kecamatan" : "Ngrayun",
  "kelurahan" : "Ngrayun (Ngerayun)",
  "kodepos" : "63464"
}, {
  "kecamatan" : "Ngrayun",
  "kelurahan" : "Binade",
  "kodepos" : "63464"
}, {
  "kecamatan" : "Ngrayun",
  "kelurahan" : "Cepoko",
  "kodepos" : "63464"
}, {
  "kecamatan" : "Ngrayun",
  "kelurahan" : "Baosan Kidul",
  "kodepos" : "63464"
}, {
  "kecamatan" : "Ngrayun",
  "kelurahan" : "Baosan Lor",
  "kodepos" : "63464"
}, {
  "kecamatan" : "Slahung",
  "kelurahan" : "Wates",
  "kodepos" : "63463"
}, {
  "kecamatan" : "Slahung",
  "kelurahan" : "Truneng",
  "kodepos" : "63463"
}, {
  "kecamatan" : "Slahung",
  "kelurahan" : "Tugurejo",
  "kodepos" : "63463"
}, {
  "kecamatan" : "Slahung",
  "kelurahan" : "Senepo",
  "kodepos" : "63463"
}, {
  "kecamatan" : "Slahung",
  "kelurahan" : "Simo",
  "kodepos" : "63463"
}, {
  "kecamatan" : "Slahung",
  "kelurahan" : "Slahung",
  "kodepos" : "63463"
}, {
  "kecamatan" : "Slahung",
  "kelurahan" : "Ngloning",
  "kodepos" : "63463"
}, {
  "kecamatan" : "Slahung",
  "kelurahan" : "Plancungan",
  "kodepos" : "63463"
}, {
  "kecamatan" : "Slahung",
  "kelurahan" : "Nailan",
  "kodepos" : "63463"
}, {
  "kecamatan" : "Slahung",
  "kelurahan" : "Ngilo-Ilo",
  "kodepos" : "63463"
}, {
  "kecamatan" : "Slahung",
  "kelurahan" : "Kambeng",
  "kodepos" : "63463"
}, {
  "kecamatan" : "Slahung",
  "kelurahan" : "Menggare",
  "kodepos" : "63463"
}, {
  "kecamatan" : "Slahung",
  "kelurahan" : "Mojopitu",
  "kodepos" : "63463"
}, {
  "kecamatan" : "Slahung",
  "kelurahan" : "Jebeng (Jabeng)",
  "kodepos" : "63463"
}, {
  "kecamatan" : "Slahung",
  "kelurahan" : "Gombang",
  "kodepos" : "63463"
}, {
  "kecamatan" : "Slahung",
  "kelurahan" : "Gundik",
  "kodepos" : "63463"
}, {
  "kecamatan" : "Slahung",
  "kelurahan" : "Janti",
  "kodepos" : "63463"
}, {
  "kecamatan" : "Slahung",
  "kelurahan" : "Crabak",
  "kodepos" : "63463"
}, {
  "kecamatan" : "Slahung",
  "kelurahan" : "Duri",
  "kodepos" : "63463"
}, {
  "kecamatan" : "Slahung",
  "kelurahan" : "Galak",
  "kodepos" : "63463"
}, {
  "kecamatan" : "Slahung",
  "kelurahan" : "Broto",
  "kodepos" : "63463"
}, {
  "kecamatan" : "Slahung",
  "kelurahan" : "Caluk",
  "kodepos" : "63463"
}, {
  "kecamatan" : "Bungkal",
  "kelurahan" : "Pelem",
  "kodepos" : "63462"
}, {
  "kecamatan" : "Bungkal",
  "kelurahan" : "Sambilawang",
  "kodepos" : "63462"
}, {
  "kecamatan" : "Bungkal",
  "kelurahan" : "Padas",
  "kodepos" : "63462"
}, {
  "kecamatan" : "Bungkal",
  "kelurahan" : "Pager",
  "kodepos" : "63462"
}, {
  "kecamatan" : "Bungkal",
  "kelurahan" : "Munggu",
  "kodepos" : "63462"
}, {
  "kecamatan" : "Bungkal",
  "kelurahan" : "Nambak",
  "kodepos" : "63462"
}, {
  "kecamatan" : "Bungkal",
  "kelurahan" : "Kupuk",
  "kodepos" : "63462"
}, {
  "kecamatan" : "Bungkal",
  "kelurahan" : "Kwajon",
  "kodepos" : "63462"
}, {
  "kecamatan" : "Bungkal",
  "kelurahan" : "Ketonggo",
  "kodepos" : "63462"
}, {
  "kecamatan" : "Bungkal",
  "kelurahan" : "Koripan",
  "kodepos" : "63462"
}, {
  "kecamatan" : "Bungkal",
  "kelurahan" : "Kunti",
  "kodepos" : "63462"
}, {
  "kecamatan" : "Bungkal",
  "kelurahan" : "Kalisat",
  "kodepos" : "63462"
}, {
  "kecamatan" : "Bungkal",
  "kelurahan" : "Bungkal",
  "kodepos" : "63462"
}, {
  "kecamatan" : "Bungkal",
  "kelurahan" : "Bungu",
  "kodepos" : "63462"
}, {
  "kecamatan" : "Bungkal",
  "kelurahan" : "Bedi Wetan",
  "kodepos" : "63462"
}, {
  "kecamatan" : "Bungkal",
  "kelurahan" : "Bekare",
  "kodepos" : "63462"
}, {
  "kecamatan" : "Bungkal",
  "kelurahan" : "Belang (Blang)",
  "kodepos" : "63462"
}, {
  "kecamatan" : "Bungkal",
  "kelurahan" : "Bancar",
  "kodepos" : "63462"
}, {
  "kecamatan" : "Bungkal",
  "kelurahan" : "Bedi Kulon",
  "kodepos" : "63462"
}, {
  "kecamatan" : "Balong",
  "kelurahan" : "Tatung",
  "kodepos" : "63461"
}, {
  "kecamatan" : "Balong",
  "kelurahan" : "Singkil",
  "kodepos" : "63461"
}, {
  "kecamatan" : "Balong",
  "kelurahan" : "Sumberejo",
  "kodepos" : "63461"
}, {
  "kecamatan" : "Balong",
  "kelurahan" : "Pandak",
  "kodepos" : "63461"
}, {
  "kecamatan" : "Balong",
  "kelurahan" : "Purworejo",
  "kodepos" : "63461"
}, {
  "kecamatan" : "Balong",
  "kelurahan" : "Sedarat",
  "kodepos" : "63461"
}, {
  "kecamatan" : "Balong",
  "kelurahan" : "Ngraket",
  "kodepos" : "63461"
}, {
  "kecamatan" : "Balong",
  "kelurahan" : "Ngumpul",
  "kodepos" : "63461"
}, {
  "kecamatan" : "Balong",
  "kelurahan" : "Ngampel",
  "kodepos" : "63461"
}, {
  "kecamatan" : "Balong",
  "kelurahan" : "Ngendut",
  "kodepos" : "63461"
}, {
  "kecamatan" : "Balong",
  "kelurahan" : "Karangpatihan",
  "kodepos" : "63461"
}, {
  "kecamatan" : "Balong",
  "kelurahan" : "Muneng",
  "kodepos" : "63461"
}, {
  "kecamatan" : "Balong",
  "kelurahan" : "Karangan",
  "kodepos" : "63461"
}, {
  "kecamatan" : "Balong",
  "kelurahan" : "Karangmojo",
  "kodepos" : "63461"
}, {
  "kecamatan" : "Balong",
  "kelurahan" : "Dadapan",
  "kodepos" : "63461"
}, {
  "kecamatan" : "Balong",
  "kelurahan" : "Jalen",
  "kodepos" : "63461"
}, {
  "kecamatan" : "Balong",
  "kelurahan" : "Bulak",
  "kodepos" : "63461"
}, {
  "kecamatan" : "Balong",
  "kelurahan" : "Bulukidul",
  "kodepos" : "63461"
}, {
  "kecamatan" : "Balong",
  "kelurahan" : "Balong",
  "kodepos" : "63461"
}, {
  "kecamatan" : "Balong",
  "kelurahan" : "Bajang",
  "kodepos" : "63461"
}, {
  "kecamatan" : "Jambon",
  "kelurahan" : "Sidoharjo",
  "kodepos" : "63456"
}, {
  "kecamatan" : "Jambon",
  "kelurahan" : "Srandil",
  "kodepos" : "63456"
}, {
  "kecamatan" : "Jambon",
  "kelurahan" : "Pulosari",
  "kodepos" : "63456"
}, {
  "kecamatan" : "Jambon",
  "kelurahan" : "Sendang",
  "kodepos" : "63456"
}, {
  "kecamatan" : "Jambon",
  "kelurahan" : "Krebet",
  "kodepos" : "63456"
}, {
  "kecamatan" : "Jambon",
  "kelurahan" : "Menang",
  "kodepos" : "63456"
}, {
  "kecamatan" : "Jambon",
  "kelurahan" : "Poko",
  "kodepos" : "63456"
}, {
  "kecamatan" : "Jambon",
  "kelurahan" : "Karanglo Kidul",
  "kodepos" : "63456"
}, {
  "kecamatan" : "Jambon",
  "kelurahan" : "Jambon",
  "kodepos" : "63456"
}, {
  "kecamatan" : "Jambon",
  "kelurahan" : "Jonggol",
  "kodepos" : "63456"
}, {
  "kecamatan" : "Jambon",
  "kelurahan" : "Bulu Lor",
  "kodepos" : "63456"
}, {
  "kecamatan" : "Jambon",
  "kelurahan" : "Blembem",
  "kodepos" : "63456"
}, {
  "kecamatan" : "Jambon",
  "kelurahan" : "Bringinan",
  "kodepos" : "63456"
}, {
  "kecamatan" : "Badegan",
  "kelurahan" : "Tanjungrejo",
  "kodepos" : "63455"
}, {
  "kecamatan" : "Badegan",
  "kelurahan" : "Watubonang",
  "kodepos" : "63455"
}, {
  "kecamatan" : "Badegan",
  "kelurahan" : "Tanjung Gunung",
  "kodepos" : "63455"
}, {
  "kecamatan" : "Badegan",
  "kelurahan" : "Karangjoho",
  "kodepos" : "63455"
}, {
  "kecamatan" : "Badegan",
  "kelurahan" : "Karangan",
  "kodepos" : "63455"
}, {
  "kecamatan" : "Badegan",
  "kelurahan" : "Dayakan",
  "kodepos" : "63455"
}, {
  "kecamatan" : "Badegan",
  "kelurahan" : "Kapuran",
  "kodepos" : "63455"
}, {
  "kecamatan" : "Badegan",
  "kelurahan" : "Biting",
  "kodepos" : "63455"
}, {
  "kecamatan" : "Badegan",
  "kelurahan" : "Bandaralim",
  "kodepos" : "63455"
}, {
  "kecamatan" : "Badegan",
  "kelurahan" : "Badegan",
  "kodepos" : "63455"
}, {
  "kecamatan" : "Sampung",
  "kelurahan" : "Tulung",
  "kodepos" : "63454"
}, {
  "kecamatan" : "Sampung",
  "kelurahan" : "Sampung",
  "kodepos" : "63454"
}, {
  "kecamatan" : "Sampung",
  "kelurahan" : "Ringinputih",
  "kodepos" : "63454"
}, {
  "kecamatan" : "Sampung",
  "kelurahan" : "Pohijo",
  "kodepos" : "63454"
}, {
  "kecamatan" : "Sampung",
  "kelurahan" : "Pagerukir",
  "kodepos" : "63454"
}, {
  "kecamatan" : "Sampung",
  "kelurahan" : "Nglurup",
  "kodepos" : "63454"
}, {
  "kecamatan" : "Sampung",
  "kelurahan" : "Karang Waluh",
  "kodepos" : "63454"
}, {
  "kecamatan" : "Sampung",
  "kelurahan" : "Kunti",
  "kodepos" : "63454"
}, {
  "kecamatan" : "Sampung",
  "kelurahan" : "Jenangan",
  "kodepos" : "63454"
}, {
  "kecamatan" : "Sampung",
  "kelurahan" : "Glinggang",
  "kodepos" : "63454"
}, {
  "kecamatan" : "Sampung",
  "kelurahan" : "Gelangkulon",
  "kodepos" : "63454"
}, {
  "kecamatan" : "Sampung",
  "kelurahan" : "Carang Rejo",
  "kodepos" : "63454"
}, {
  "kecamatan" : "Sukorejo",
  "kelurahan" : "Sukorejo",
  "kodepos" : "63453"
}, {
  "kecamatan" : "Sukorejo",
  "kelurahan" : "Sragi",
  "kodepos" : "63453"
}, {
  "kecamatan" : "Sukorejo",
  "kelurahan" : "Sidorejo",
  "kodepos" : "63453"
}, {
  "kecamatan" : "Sukorejo",
  "kelurahan" : "Serangan",
  "kodepos" : "63453"
}, {
  "kecamatan" : "Sukorejo",
  "kelurahan" : "Nampan",
  "kodepos" : "63453"
}, {
  "kecamatan" : "Sukorejo",
  "kelurahan" : "Prajegan",
  "kodepos" : "63453"
}, {
  "kecamatan" : "Sukorejo",
  "kelurahan" : "Nambangrejo",
  "kodepos" : "63453"
}, {
  "kecamatan" : "Sukorejo",
  "kelurahan" : "Morosari",
  "kodepos" : "63453"
}, {
  "kecamatan" : "Sukorejo",
  "kelurahan" : "Lengkong",
  "kodepos" : "63453"
}, {
  "kecamatan" : "Sukorejo",
  "kelurahan" : "Kranggan",
  "kodepos" : "63453"
}, {
  "kecamatan" : "Sukorejo",
  "kelurahan" : "Kedung Banteng",
  "kodepos" : "63453"
}, {
  "kecamatan" : "Sukorejo",
  "kelurahan" : "Kalimalang",
  "kodepos" : "63453"
}, {
  "kecamatan" : "Sukorejo",
  "kelurahan" : "Karanglo Lor",
  "kodepos" : "63453"
}, {
  "kecamatan" : "Sukorejo",
  "kelurahan" : "Golan",
  "kodepos" : "63453"
}, {
  "kecamatan" : "Sukorejo",
  "kelurahan" : "Gelanglor",
  "kodepos" : "63453"
}, {
  "kecamatan" : "Sukorejo",
  "kelurahan" : "Gegeran",
  "kodepos" : "63453"
}, {
  "kecamatan" : "Sukorejo",
  "kelurahan" : "Gandukepuh",
  "kodepos" : "63453"
}, {
  "kecamatan" : "Sukorejo",
  "kelurahan" : "Bangunrejo",
  "kodepos" : "63453"
}, {
  "kecamatan" : "Kauman",
  "kelurahan" : "Tosanan",
  "kodepos" : "63451"
}, {
  "kecamatan" : "Kauman",
  "kelurahan" : "Tegalombo",
  "kodepos" : "63451"
}, {
  "kecamatan" : "Kauman",
  "kelurahan" : "Somoroto",
  "kodepos" : "63451"
}, {
  "kecamatan" : "Kauman",
  "kelurahan" : "Sukosari",
  "kodepos" : "63451"
}, {
  "kecamatan" : "Kauman",
  "kelurahan" : "Plosojenar",
  "kodepos" : "63451"
}, {
  "kecamatan" : "Kauman",
  "kelurahan" : "Semanding",
  "kodepos" : "63451"
}, {
  "kecamatan" : "Kauman",
  "kelurahan" : "Pengkol",
  "kodepos" : "63451"
}, {
  "kecamatan" : "Kauman",
  "kelurahan" : "Nglarangan (Nlarangan)",
  "kodepos" : "63451"
}, {
  "kecamatan" : "Kauman",
  "kelurahan" : "Ngrandu",
  "kodepos" : "63451"
}, {
  "kecamatan" : "Kauman",
  "kelurahan" : "Nongkodono",
  "kodepos" : "63451"
}, {
  "kecamatan" : "Kauman",
  "kelurahan" : "Kauman",
  "kodepos" : "63451"
}, {
  "kecamatan" : "Kauman",
  "kelurahan" : "Maron",
  "kodepos" : "63451"
}, {
  "kecamatan" : "Kauman",
  "kelurahan" : "Ciluk",
  "kodepos" : "63451"
}, {
  "kecamatan" : "Kauman",
  "kelurahan" : "Gabel",
  "kodepos" : "63451"
}, {
  "kecamatan" : "Kauman",
  "kelurahan" : "Carat",
  "kodepos" : "63451"
}, {
  "kecamatan" : "Kauman",
  "kelurahan" : "Bringin",
  "kodepos" : "63451"
}, {
  "kecamatan" : "Ponorogo",
  "kelurahan" : "Taman Arum",
  "kodepos" : "63419"
}, {
  "kecamatan" : "Ponorogo",
  "kelurahan" : "Tambak Bayan",
  "kodepos" : "63419"
}, {
  "kecamatan" : "Ponorogo",
  "kelurahan" : "Pinggir Sari",
  "kodepos" : "63419"
}, {
  "kecamatan" : "Ponorogo",
  "kelurahan" : "Surodikraman",
  "kodepos" : "63419"
}, {
  "kecamatan" : "Ponorogo",
  "kelurahan" : "Bangunsari",
  "kodepos" : "63419"
}, {
  "kecamatan" : "Ponorogo",
  "kelurahan" : "Brotonegaran",
  "kodepos" : "63419"
}, {
  "kecamatan" : "Ponorogo",
  "kelurahan" : "Tonatan",
  "kodepos" : "63418"
}, {
  "kecamatan" : "Pudak",
  "kelurahan" : "Tambang",
  "kodepos" : "63418"
}, {
  "kecamatan" : "Pudak",
  "kelurahan" : "Pudakkulon",
  "kodepos" : "63418"
}, {
  "kecamatan" : "Pudak",
  "kelurahan" : "Pudakwetan",
  "kodepos" : "63418"
}, {
  "kecamatan" : "Pudak",
  "kelurahan" : "Bareng",
  "kodepos" : "63418"
}, {
  "kecamatan" : "Pudak",
  "kelurahan" : "Krisik",
  "kodepos" : "63418"
}, {
  "kecamatan" : "Pudak",
  "kelurahan" : "Banjarjo",
  "kodepos" : "63418"
}, {
  "kecamatan" : "Ponorogo",
  "kelurahan" : "Pakunden",
  "kodepos" : "63416"
}, {
  "kecamatan" : "Ponorogo",
  "kelurahan" : "Purbosuman",
  "kodepos" : "63417"
}, {
  "kecamatan" : "Ponorogo",
  "kelurahan" : "Kauman",
  "kodepos" : "63414"
}, {
  "kecamatan" : "Ponorogo",
  "kelurahan" : "Paju",
  "kodepos" : "63415"
}, {
  "kecamatan" : "Ponorogo",
  "kelurahan" : "Kepatihan",
  "kodepos" : "63416"
}, {
  "kecamatan" : "Ponorogo",
  "kelurahan" : "Keniten",
  "kodepos" : "63412"
}, {
  "kecamatan" : "Ponorogo",
  "kelurahan" : "Mangkujayan",
  "kodepos" : "63413"
}, {
  "kecamatan" : "Ponorogo",
  "kelurahan" : "Nologaten",
  "kodepos" : "63411"
}, {
  "kecamatan" : "Ponorogo",
  "kelurahan" : "Beduri",
  "kodepos" : "63412"
}, {
  "kecamatan" : "Ponorogo",
  "kelurahan" : "Cokromenggalan",
  "kodepos" : "63411"
}, {
  "kecamatan" : "Ponorogo",
  "kelurahan" : "Jingglong",
  "kodepos" : "63411"
}, {
  "kecamatan" : "Ponorogo",
  "kelurahan" : "Banyudono",
  "kodepos" : "63411"
} ]
