[ {
  "kecamatan" : "Bringin",
  "kelurahan" : "Sumber Bening",
  "kodepos" : "63285"
}, {
  "kecamatan" : "Bringin",
  "kelurahan" : "Suruh",
  "kodepos" : "63285"
}, {
  "kecamatan" : "Bringin",
  "kelurahan" : "Krompol",
  "kodepos" : "63285"
}, {
  "kecamatan" : "Bringin",
  "kelurahan" : "Lego Wetan",
  "kodepos" : "63285"
}, {
  "kecamatan" : "Bringin",
  "kelurahan" : "Mojo",
  "kodepos" : "63285"
}, {
  "kecamatan" : "Bringin",
  "kelurahan" : "Dero",
  "kodepos" : "63285"
}, {
  "kecamatan" : "Bringin",
  "kelurahan" : "Gandong",
  "kodepos" : "63285"
}, {
  "kecamatan" : "Bringin",
  "kelurahan" : "Kenongorejo",
  "kodepos" : "63285"
}, {
  "kecamatan" : "Bringin",
  "kelurahan" : "Bringin",
  "kodepos" : "63285"
}, {
  "kecamatan" : "Bringin",
  "kelurahan" : "Dampit",
  "kodepos" : "63285"
}, {
  "kecamatan" : "Karangjati",
  "kelurahan" : "Sidokerto",
  "kodepos" : "63284"
}, {
  "kecamatan" : "Karangjati",
  "kelurahan" : "Sidorejo",
  "kodepos" : "63284"
}, {
  "kecamatan" : "Karangjati",
  "kelurahan" : "Sawo",
  "kodepos" : "63284"
}, {
  "kecamatan" : "Karangjati",
  "kelurahan" : "Sembung",
  "kodepos" : "63284"
}, {
  "kecamatan" : "Karangjati",
  "kelurahan" : "Rejomulyo",
  "kodepos" : "63284"
}, {
  "kecamatan" : "Karangjati",
  "kelurahan" : "Ringin Anom",
  "kodepos" : "63284"
}, {
  "kecamatan" : "Karangjati",
  "kelurahan" : "Rejomulyo",
  "kodepos" : "63284"
}, {
  "kecamatan" : "Karangjati",
  "kelurahan" : "Legundi",
  "kodepos" : "63284"
}, {
  "kecamatan" : "Karangjati",
  "kelurahan" : "Ploso Lor",
  "kodepos" : "63284"
}, {
  "kecamatan" : "Karangjati",
  "kelurahan" : "Puhti",
  "kodepos" : "63284"
}, {
  "kecamatan" : "Karangjati",
  "kelurahan" : "Jatipuro",
  "kodepos" : "63284"
}, {
  "kecamatan" : "Karangjati",
  "kelurahan" : "Karangjati",
  "kodepos" : "63284"
}, {
  "kecamatan" : "Karangjati",
  "kelurahan" : "Dungmiri",
  "kodepos" : "63284"
}, {
  "kecamatan" : "Karangjati",
  "kelurahan" : "Gempol",
  "kodepos" : "63284"
}, {
  "kecamatan" : "Karangjati",
  "kelurahan" : "Campur Asri",
  "kodepos" : "63284"
}, {
  "kecamatan" : "Karangjati",
  "kelurahan" : "Danguk",
  "kodepos" : "63284"
}, {
  "kecamatan" : "Kwadungan",
  "kelurahan" : "Waruk Kalong",
  "kodepos" : "63283"
}, {
  "kecamatan" : "Karangjati",
  "kelurahan" : "Brangol",
  "kodepos" : "63284"
}, {
  "kecamatan" : "Kwadungan",
  "kelurahan" : "Sumengko",
  "kodepos" : "63283"
}, {
  "kecamatan" : "Kwadungan",
  "kelurahan" : "Tirak",
  "kodepos" : "63283"
}, {
  "kecamatan" : "Kwadungan",
  "kelurahan" : "Purwosari",
  "kodepos" : "63283"
}, {
  "kecamatan" : "Kwadungan",
  "kelurahan" : "Simo",
  "kodepos" : "63283"
}, {
  "kecamatan" : "Kwadungan",
  "kelurahan" : "Mojomanis",
  "kodepos" : "63283"
}, {
  "kecamatan" : "Kwadungan",
  "kelurahan" : "Pojok",
  "kodepos" : "63283"
}, {
  "kecamatan" : "Kwadungan",
  "kelurahan" : "Kendung",
  "kodepos" : "63283"
}, {
  "kecamatan" : "Kwadungan",
  "kelurahan" : "Kendung",
  "kodepos" : "63283"
}, {
  "kecamatan" : "Kwadungan",
  "kelurahan" : "Jenangan",
  "kodepos" : "63283"
}, {
  "kecamatan" : "Kwadungan",
  "kelurahan" : "Karangsono",
  "kodepos" : "63283"
}, {
  "kecamatan" : "Kwadungan",
  "kelurahan" : "Budug",
  "kodepos" : "63283"
}, {
  "kecamatan" : "Kwadungan",
  "kelurahan" : "Dinden",
  "kodepos" : "63283"
}, {
  "kecamatan" : "Kwadungan",
  "kelurahan" : "Banget",
  "kodepos" : "63283"
}, {
  "kecamatan" : "Pangkur",
  "kelurahan" : "Sumber",
  "kodepos" : "63282"
}, {
  "kecamatan" : "Pangkur",
  "kelurahan" : "Waruk Tengah",
  "kodepos" : "63282"
}, {
  "kecamatan" : "Pangkur",
  "kelurahan" : "Paras",
  "kodepos" : "63282"
}, {
  "kecamatan" : "Pangkur",
  "kelurahan" : "Pleset",
  "kodepos" : "63282"
}, {
  "kecamatan" : "Pangkur",
  "kelurahan" : "Poh Konyal",
  "kodepos" : "63282"
}, {
  "kecamatan" : "Pangkur",
  "kelurahan" : "Ngompro",
  "kodepos" : "63282"
}, {
  "kecamatan" : "Pangkur",
  "kelurahan" : "Pangkur",
  "kodepos" : "63282"
}, {
  "kecamatan" : "Pangkur",
  "kelurahan" : "Babadan",
  "kodepos" : "63282"
}, {
  "kecamatan" : "Pangkur",
  "kelurahan" : "Gandri",
  "kodepos" : "63282"
}, {
  "kecamatan" : "Padas",
  "kelurahan" : "Tungkulrejo",
  "kodepos" : "63281"
}, {
  "kecamatan" : "Kasreman",
  "kelurahan" : "Tawun",
  "kodepos" : "63281"
}, {
  "kecamatan" : "Padas",
  "kelurahan" : "Tambakromo",
  "kodepos" : "63281"
}, {
  "kecamatan" : "Padas",
  "kelurahan" : "Sambiroto",
  "kodepos" : "63281"
}, {
  "kecamatan" : "Padas",
  "kelurahan" : "Sukowiyono",
  "kodepos" : "63281"
}, {
  "kecamatan" : "Padas",
  "kelurahan" : "Pacing",
  "kodepos" : "63281"
}, {
  "kecamatan" : "Padas",
  "kelurahan" : "Padas",
  "kodepos" : "63281"
}, {
  "kecamatan" : "Kasreman",
  "kelurahan" : "Lego Kulon",
  "kodepos" : "63281"
}, {
  "kecamatan" : "Padas",
  "kelurahan" : "Munggut",
  "kodepos" : "63281"
}, {
  "kecamatan" : "Kasreman",
  "kelurahan" : "Kiyonten",
  "kodepos" : "63281"
}, {
  "kecamatan" : "Padas",
  "kelurahan" : "Kedung Prahu",
  "kodepos" : "63281"
}, {
  "kecamatan" : "Padas",
  "kelurahan" : "Kwadungan Lor",
  "kodepos" : "63281"
}, {
  "kecamatan" : "Kasreman",
  "kelurahan" : "Karang Malang",
  "kodepos" : "63281"
}, {
  "kecamatan" : "Kasreman",
  "kelurahan" : "Kasreman",
  "kodepos" : "63281"
}, {
  "kecamatan" : "Kasreman",
  "kelurahan" : "Cangakan",
  "kodepos" : "63281"
}, {
  "kecamatan" : "Kasreman",
  "kelurahan" : "Gunungsari",
  "kodepos" : "63281"
}, {
  "kecamatan" : "Kasreman",
  "kelurahan" : "Jatirejo",
  "kodepos" : "63281"
}, {
  "kecamatan" : "Padas",
  "kelurahan" : "Bendo",
  "kodepos" : "63281"
}, {
  "kecamatan" : "Padas",
  "kelurahan" : "Bintoyo",
  "kodepos" : "63281"
}, {
  "kecamatan" : "Padas",
  "kelurahan" : "Banjaransari",
  "kodepos" : "63281"
}, {
  "kecamatan" : "Geneng",
  "kelurahan" : "Tambakromo",
  "kodepos" : "63271"
}, {
  "kecamatan" : "Geneng",
  "kelurahan" : "Tepas",
  "kodepos" : "63271"
}, {
  "kecamatan" : "Gerih",
  "kelurahan" : "Widodaren",
  "kodepos" : "63271"
}, {
  "kecamatan" : "Geneng",
  "kelurahan" : "Sidorejo",
  "kodepos" : "63271"
}, {
  "kecamatan" : "Gerih",
  "kelurahan" : "Randusongo",
  "kodepos" : "63271"
}, {
  "kecamatan" : "Geneng",
  "kelurahan" : "Klampisan",
  "kodepos" : "63271"
}, {
  "kecamatan" : "Geneng",
  "kelurahan" : "Klitik",
  "kodepos" : "63271"
}, {
  "kecamatan" : "Geneng",
  "kelurahan" : "Keras Wetan",
  "kodepos" : "63271"
}, {
  "kecamatan" : "Geneng",
  "kelurahan" : "Kersikan",
  "kodepos" : "63271"
}, {
  "kecamatan" : "Geneng",
  "kelurahan" : "Kersoharjo",
  "kodepos" : "63271"
}, {
  "kecamatan" : "Gerih",
  "kelurahan" : "Keras Kulon",
  "kodepos" : "63271"
}, {
  "kecamatan" : "Geneng",
  "kelurahan" : "Keniten",
  "kodepos" : "63271"
}, {
  "kecamatan" : "Gerih",
  "kelurahan" : "Guyung",
  "kodepos" : "63271"
}, {
  "kecamatan" : "Geneng",
  "kelurahan" : "Kasreman",
  "kodepos" : "63271"
}, {
  "kecamatan" : "Gerih",
  "kelurahan" : "Gerih",
  "kodepos" : "63271"
}, {
  "kecamatan" : "Geneng",
  "kelurahan" : "Geneng",
  "kodepos" : "63271"
}, {
  "kecamatan" : "Geneng",
  "kelurahan" : "Dempel",
  "kodepos" : "63271"
}, {
  "kecamatan" : "Geneng",
  "kelurahan" : "Baderan",
  "kodepos" : "63271"
}, {
  "kecamatan" : "Sine",
  "kelurahan" : "Wonosari",
  "kodepos" : "63264"
}, {
  "kecamatan" : "Sine",
  "kelurahan" : "Tulakan",
  "kodepos" : "63264"
}, {
  "kecamatan" : "Sine",
  "kelurahan" : "Sumbersari",
  "kodepos" : "63264"
}, {
  "kecamatan" : "Sine",
  "kelurahan" : "Sumberejo",
  "kodepos" : "63264"
}, {
  "kecamatan" : "Sine",
  "kelurahan" : "Pocol",
  "kodepos" : "63264"
}, {
  "kecamatan" : "Sine",
  "kelurahan" : "Sine",
  "kodepos" : "63264"
}, {
  "kecamatan" : "Sine",
  "kelurahan" : "Pandansari",
  "kodepos" : "63264"
}, {
  "kecamatan" : "Sine",
  "kelurahan" : "Ngrendeng",
  "kodepos" : "63264"
}, {
  "kecamatan" : "Sine",
  "kelurahan" : "Kuniran",
  "kodepos" : "63264"
}, {
  "kecamatan" : "Sine",
  "kelurahan" : "Ketanggung",
  "kodepos" : "63264"
}, {
  "kecamatan" : "Sine",
  "kelurahan" : "Kauman",
  "kodepos" : "63264"
}, {
  "kecamatan" : "Sine",
  "kelurahan" : "Jagir",
  "kodepos" : "63264"
}, {
  "kecamatan" : "Sine",
  "kelurahan" : "Hargosari",
  "kodepos" : "63264"
}, {
  "kecamatan" : "Sine",
  "kelurahan" : "Girikerto",
  "kodepos" : "63264"
}, {
  "kecamatan" : "Sine",
  "kelurahan" : "Gendol",
  "kodepos" : "63264"
}, {
  "kecamatan" : "Ngrambe",
  "kelurahan" : "Wakah",
  "kodepos" : "63263"
}, {
  "kecamatan" : "Ngrambe",
  "kelurahan" : "Tawangrejo",
  "kodepos" : "63263"
}, {
  "kecamatan" : "Ngrambe",
  "kelurahan" : "Sidomulyo",
  "kodepos" : "63263"
}, {
  "kecamatan" : "Ngrambe",
  "kelurahan" : "Setono",
  "kodepos" : "63263"
}, {
  "kecamatan" : "Ngrambe",
  "kelurahan" : "Sambirejo",
  "kodepos" : "63263"
}, {
  "kecamatan" : "Ngrambe",
  "kelurahan" : "Ngrambe",
  "kodepos" : "63263"
}, {
  "kecamatan" : "Ngrambe",
  "kelurahan" : "Pucangan",
  "kodepos" : "63263"
}, {
  "kecamatan" : "Ngrambe",
  "kelurahan" : "Mendiro",
  "kodepos" : "63263"
}, {
  "kecamatan" : "Ngrambe",
  "kelurahan" : "Manisharjo",
  "kodepos" : "63263"
}, {
  "kecamatan" : "Ngrambe",
  "kelurahan" : "Krandegan",
  "kodepos" : "63263"
}, {
  "kecamatan" : "Ngrambe",
  "kelurahan" : "Giriharjo",
  "kodepos" : "63263"
}, {
  "kecamatan" : "Ngrambe",
  "kelurahan" : "Hargomulyo",
  "kodepos" : "63263"
}, {
  "kecamatan" : "Ngrambe",
  "kelurahan" : "Cepoko",
  "kodepos" : "63263"
}, {
  "kecamatan" : "Ngrambe",
  "kelurahan" : "Babadan",
  "kodepos" : "63263"
}, {
  "kecamatan" : "Jogorogo",
  "kelurahan" : "Umbulrejo",
  "kodepos" : "63262"
}, {
  "kecamatan" : "Jogorogo",
  "kelurahan" : "Tanjungsari",
  "kodepos" : "63262"
}, {
  "kecamatan" : "Jogorogo",
  "kelurahan" : "Talang",
  "kodepos" : "63262"
}, {
  "kecamatan" : "Jogorogo",
  "kelurahan" : "Ngrayudan",
  "kodepos" : "63262"
}, {
  "kecamatan" : "Jogorogo",
  "kelurahan" : "Soco",
  "kodepos" : "63262"
}, {
  "kecamatan" : "Jogorogo",
  "kelurahan" : "Macanan",
  "kodepos" : "63262"
}, {
  "kecamatan" : "Jogorogo",
  "kelurahan" : "Kletekan",
  "kodepos" : "63262"
}, {
  "kecamatan" : "Jogorogo",
  "kelurahan" : "Jogorogo",
  "kodepos" : "63262"
}, {
  "kecamatan" : "Jogorogo",
  "kelurahan" : "Jaten",
  "kodepos" : "63262"
}, {
  "kecamatan" : "Jogorogo",
  "kelurahan" : "Girimulyo",
  "kodepos" : "63262"
}, {
  "kecamatan" : "Jogorogo",
  "kelurahan" : "Brubuh",
  "kodepos" : "63262"
}, {
  "kecamatan" : "Jogorogo",
  "kelurahan" : "Dawung",
  "kodepos" : "63262"
}, {
  "kecamatan" : "Kendal",
  "kelurahan" : "Simo",
  "kodepos" : "63261"
}, {
  "kecamatan" : "Mantingan",
  "kelurahan" : "Tambak Boyo",
  "kodepos" : "63261"
}, {
  "kecamatan" : "Kendal",
  "kelurahan" : "Ploso",
  "kodepos" : "63261"
}, {
  "kecamatan" : "Kendal",
  "kelurahan" : "Sidorejo",
  "kodepos" : "63261"
}, {
  "kecamatan" : "Mantingan",
  "kelurahan" : "Sambirejo",
  "kodepos" : "63261"
}, {
  "kecamatan" : "Kendal",
  "kelurahan" : "Patalan",
  "kodepos" : "63261"
}, {
  "kecamatan" : "Kendal",
  "kelurahan" : "Patalan",
  "kodepos" : "63261"
}, {
  "kecamatan" : "Mantingan",
  "kelurahan" : "Mantingan",
  "kodepos" : "63261"
}, {
  "kecamatan" : "Mantingan",
  "kelurahan" : "Pakah",
  "kodepos" : "63261"
}, {
  "kecamatan" : "Kendal",
  "kelurahan" : "Majasem",
  "kodepos" : "63261"
}, {
  "kecamatan" : "Mantingan",
  "kelurahan" : "Kedungharjo",
  "kodepos" : "63261"
}, {
  "kecamatan" : "Kendal",
  "kelurahan" : "Kendal",
  "kodepos" : "63261"
}, {
  "kecamatan" : "Kendal",
  "kelurahan" : "Karanggupito",
  "kodepos" : "63261"
}, {
  "kecamatan" : "Kendal",
  "kelurahan" : "Karangrejo",
  "kodepos" : "63261"
}, {
  "kecamatan" : "Mantingan",
  "kelurahan" : "Jatimulyo",
  "kodepos" : "63261"
}, {
  "kecamatan" : "Kendal",
  "kelurahan" : "Dadapan",
  "kodepos" : "63261"
}, {
  "kecamatan" : "Kendal",
  "kelurahan" : "Gayam",
  "kodepos" : "63261"
}, {
  "kecamatan" : "Karanganyar",
  "kelurahan" : "Sekarjati",
  "kodepos" : "63257"
}, {
  "kecamatan" : "Karanganyar",
  "kelurahan" : "Sri Wedari",
  "kodepos" : "63257"
}, {
  "kecamatan" : "Karanganyar",
  "kelurahan" : "Mengger",
  "kodepos" : "63257"
}, {
  "kecamatan" : "Karanganyar",
  "kelurahan" : "Pandean",
  "kodepos" : "63257"
}, {
  "kecamatan" : "Karanganyar",
  "kelurahan" : "Bangunrejo",
  "kodepos" : "63257"
}, {
  "kecamatan" : "Karanganyar",
  "kelurahan" : "Gembol",
  "kodepos" : "63257"
}, {
  "kecamatan" : "Karanganyar",
  "kelurahan" : "Karang Anyar",
  "kodepos" : "63257"
}, {
  "kecamatan" : "Widodaren",
  "kelurahan" : "Widodaren",
  "kodepos" : "63256"
}, {
  "kecamatan" : "Widodaren",
  "kelurahan" : "Walikukun",
  "kodepos" : "63256"
}, {
  "kecamatan" : "Widodaren",
  "kelurahan" : "Sidolaju",
  "kodepos" : "63256"
}, {
  "kecamatan" : "Widodaren",
  "kelurahan" : "Sidomakmur",
  "kodepos" : "63256"
}, {
  "kecamatan" : "Widodaren",
  "kelurahan" : "Sekar Alas",
  "kodepos" : "63256"
}, {
  "kecamatan" : "Widodaren",
  "kelurahan" : "Sekar Putih",
  "kodepos" : "63256"
}, {
  "kecamatan" : "Widodaren",
  "kelurahan" : "Kayutrejo",
  "kodepos" : "63256"
}, {
  "kecamatan" : "Widodaren",
  "kelurahan" : "Kedunggudel",
  "kodepos" : "63256"
}, {
  "kecamatan" : "Widodaren",
  "kelurahan" : "Kauman",
  "kodepos" : "63256"
}, {
  "kecamatan" : "Widodaren",
  "kelurahan" : "Karang Banyu",
  "kodepos" : "63256"
}, {
  "kecamatan" : "Widodaren",
  "kelurahan" : "Banyu Biru",
  "kodepos" : "63256"
}, {
  "kecamatan" : "Widodaren",
  "kelurahan" : "Gendingan",
  "kodepos" : "63256"
}, {
  "kecamatan" : "Kedunggalar",
  "kelurahan" : "Wonorejo",
  "kodepos" : "63254"
}, {
  "kecamatan" : "Kedunggalar",
  "kelurahan" : "Pelang Kidul",
  "kodepos" : "63254"
}, {
  "kecamatan" : "Kedunggalar",
  "kelurahan" : "Pelang Lor",
  "kodepos" : "63254"
}, {
  "kecamatan" : "Kedunggalar",
  "kelurahan" : "Wonokerto",
  "kodepos" : "63254"
}, {
  "kecamatan" : "Kedunggalar",
  "kelurahan" : "Kawu",
  "kodepos" : "63254"
}, {
  "kecamatan" : "Kedunggalar",
  "kelurahan" : "Kedunggalar",
  "kodepos" : "63254"
}, {
  "kecamatan" : "Kedunggalar",
  "kelurahan" : "Jenggrik",
  "kodepos" : "63254"
}, {
  "kecamatan" : "Kedunggalar",
  "kelurahan" : "Katikan",
  "kodepos" : "63254"
}, {
  "kecamatan" : "Kedunggalar",
  "kelurahan" : "Gemarang",
  "kodepos" : "63254"
}, {
  "kecamatan" : "Kedunggalar",
  "kelurahan" : "Jati Gembol",
  "kodepos" : "63254"
}, {
  "kecamatan" : "Kedunggalar",
  "kelurahan" : "Bangunrejo Kidul",
  "kodepos" : "63254"
}, {
  "kecamatan" : "Kedunggalar",
  "kelurahan" : "Begal",
  "kodepos" : "63254"
}, {
  "kecamatan" : "Paron",
  "kelurahan" : "Teguhan",
  "kodepos" : "63253"
}, {
  "kecamatan" : "Paron",
  "kelurahan" : "Tempuran",
  "kodepos" : "63253"
}, {
  "kecamatan" : "Paron",
  "kelurahan" : "Semen",
  "kodepos" : "63253"
}, {
  "kecamatan" : "Paron",
  "kelurahan" : "Sirigan",
  "kodepos" : "63253"
}, {
  "kecamatan" : "Paron",
  "kelurahan" : "Ngale",
  "kodepos" : "63253"
}, {
  "kecamatan" : "Paron",
  "kelurahan" : "Paron",
  "kodepos" : "63253"
}, {
  "kecamatan" : "Paron",
  "kelurahan" : "Kedung Putri",
  "kodepos" : "63253"
}, {
  "kecamatan" : "Paron",
  "kelurahan" : "Jeblogan",
  "kodepos" : "63253"
}, {
  "kecamatan" : "Paron",
  "kelurahan" : "Kebon",
  "kodepos" : "63253"
}, {
  "kecamatan" : "Paron",
  "kelurahan" : "Gentong",
  "kodepos" : "63253"
}, {
  "kecamatan" : "Paron",
  "kelurahan" : "Jambangan",
  "kodepos" : "63253"
}, {
  "kecamatan" : "Paron",
  "kelurahan" : "Dawu",
  "kodepos" : "63253"
}, {
  "kecamatan" : "Paron",
  "kelurahan" : "Gelung",
  "kodepos" : "63253"
}, {
  "kecamatan" : "Pitu",
  "kelurahan" : "Selopuro",
  "kodepos" : "63252"
}, {
  "kecamatan" : "Paron",
  "kelurahan" : "Babadan",
  "kodepos" : "63253"
}, {
  "kecamatan" : "Pitu",
  "kelurahan" : "Pitu",
  "kodepos" : "63252"
}, {
  "kecamatan" : "Pitu",
  "kelurahan" : "Papungan",
  "kodepos" : "63252"
}, {
  "kecamatan" : "Pitu",
  "kelurahan" : "Karanggeneng",
  "kodepos" : "63252"
}, {
  "kecamatan" : "Pitu",
  "kelurahan" : "Ngancar",
  "kodepos" : "63252"
}, {
  "kecamatan" : "Pitu",
  "kelurahan" : "Cantel",
  "kodepos" : "63252"
}, {
  "kecamatan" : "Pitu",
  "kelurahan" : "Dumplengan",
  "kodepos" : "63252"
}, {
  "kecamatan" : "Pitu",
  "kelurahan" : "Kalang",
  "kodepos" : "63252"
}, {
  "kecamatan" : "Pitu",
  "kelurahan" : "Banjarbanggi",
  "kodepos" : "63252"
}, {
  "kecamatan" : "Ngawi",
  "kelurahan" : "Watualang",
  "kodepos" : "63218"
}, {
  "kecamatan" : "Pitu",
  "kelurahan" : "Bangunrejo Lor",
  "kodepos" : "63252"
}, {
  "kecamatan" : "Ngawi",
  "kelurahan" : "Kerek",
  "kodepos" : "63218"
}, {
  "kecamatan" : "Ngawi",
  "kelurahan" : "Mangunharjo",
  "kodepos" : "63218"
}, {
  "kecamatan" : "Ngawi",
  "kelurahan" : "Ngawi",
  "kodepos" : "63218"
}, {
  "kecamatan" : "Ngawi",
  "kelurahan" : "Kartoharjo",
  "kodepos" : "63218"
}, {
  "kecamatan" : "Ngawi",
  "kelurahan" : "Karang Tengah Prandon",
  "kodepos" : "63218"
}, {
  "kecamatan" : "Ngawi",
  "kelurahan" : "Karangasri",
  "kodepos" : "63218"
}, {
  "kecamatan" : "Ngawi",
  "kelurahan" : "Kandangan",
  "kodepos" : "63218"
}, {
  "kecamatan" : "Ngawi",
  "kelurahan" : "Karang Tengah",
  "kodepos" : "63218"
}, {
  "kecamatan" : "Ngawi",
  "kelurahan" : "Margomulyo",
  "kodepos" : "63217"
}, {
  "kecamatan" : "Ngawi",
  "kelurahan" : "Banyu Urip",
  "kodepos" : "63218"
}, {
  "kecamatan" : "Ngawi",
  "kelurahan" : "Jururejo",
  "kodepos" : "63215"
}, {
  "kecamatan" : "Ngawi",
  "kelurahan" : "Beran",
  "kodepos" : "63216"
}, {
  "kecamatan" : "Ngawi",
  "kelurahan" : "Pelem",
  "kodepos" : "63212"
}, {
  "kecamatan" : "Ngawi",
  "kelurahan" : "Grudo",
  "kodepos" : "63214"
}, {
  "kecamatan" : "Ngawi",
  "kelurahan" : "Ketanggi",
  "kodepos" : "63211"
} ]
