[ {
  "kecamatan" : "Palang",
  "kelurahan" : "Wangun",
  "kodepos" : "62391"
}, {
  "kecamatan" : "Palang",
  "kelurahan" : "Sumurgung",
  "kodepos" : "62391"
}, {
  "kecamatan" : "Palang",
  "kelurahan" : "Tasikmadu",
  "kodepos" : "62391"
}, {
  "kecamatan" : "Palang",
  "kelurahan" : "Tegalbang",
  "kodepos" : "62391"
}, {
  "kecamatan" : "Palang",
  "kelurahan" : "Pliwetan",
  "kodepos" : "62391"
}, {
  "kecamatan" : "Palang",
  "kelurahan" : "Pucangan",
  "kodepos" : "62391"
}, {
  "kecamatan" : "Palang",
  "kelurahan" : "Ngimbang",
  "kodepos" : "62391"
}, {
  "kecamatan" : "Palang",
  "kelurahan" : "Palang",
  "kodepos" : "62391"
}, {
  "kecamatan" : "Palang",
  "kelurahan" : "Panyuran",
  "kodepos" : "62391"
}, {
  "kecamatan" : "Palang",
  "kelurahan" : "Kradenan",
  "kodepos" : "62391"
}, {
  "kecamatan" : "Palang",
  "kelurahan" : "Leran Kulon",
  "kodepos" : "62391"
}, {
  "kecamatan" : "Palang",
  "kelurahan" : "Leran Wetan",
  "kodepos" : "62391"
}, {
  "kecamatan" : "Palang",
  "kelurahan" : "Glodog",
  "kodepos" : "62391"
}, {
  "kecamatan" : "Palang",
  "kelurahan" : "Karangagung",
  "kodepos" : "62391"
}, {
  "kecamatan" : "Palang",
  "kelurahan" : "Ketambul",
  "kodepos" : "62391"
}, {
  "kecamatan" : "Palang",
  "kelurahan" : "Dawung",
  "kodepos" : "62391"
}, {
  "kecamatan" : "Palang",
  "kelurahan" : "Gesikharjo",
  "kodepos" : "62391"
}, {
  "kecamatan" : "Palang",
  "kelurahan" : "Cendoro",
  "kodepos" : "62391"
}, {
  "kecamatan" : "Palang",
  "kelurahan" : "Cepokorejo",
  "kodepos" : "62391"
}, {
  "kecamatan" : "Widang",
  "kelurahan" : "Tegalsari",
  "kodepos" : "62383"
}, {
  "kecamatan" : "Widang",
  "kelurahan" : "Widang",
  "kodepos" : "62383"
}, {
  "kecamatan" : "Widang",
  "kelurahan" : "Sumberejo",
  "kodepos" : "62383"
}, {
  "kecamatan" : "Widang",
  "kelurahan" : "Tegalrejo",
  "kodepos" : "62383"
}, {
  "kecamatan" : "Widang",
  "kelurahan" : "Patihan",
  "kodepos" : "62383"
}, {
  "kecamatan" : "Widang",
  "kelurahan" : "Simorejo",
  "kodepos" : "62383"
}, {
  "kecamatan" : "Widang",
  "kelurahan" : "Mrutuk",
  "kodepos" : "62383"
}, {
  "kecamatan" : "Widang",
  "kelurahan" : "Ngadipuro",
  "kodepos" : "62383"
}, {
  "kecamatan" : "Widang",
  "kelurahan" : "Ngadirejo",
  "kodepos" : "62383"
}, {
  "kecamatan" : "Widang",
  "kelurahan" : "Minohorejo",
  "kodepos" : "62383"
}, {
  "kecamatan" : "Widang",
  "kelurahan" : "Mlangi",
  "kodepos" : "62383"
}, {
  "kecamatan" : "Widang",
  "kelurahan" : "Compreng",
  "kodepos" : "62383"
}, {
  "kecamatan" : "Widang",
  "kelurahan" : "Kedungharjo",
  "kodepos" : "62383"
}, {
  "kecamatan" : "Widang",
  "kelurahan" : "Kujung",
  "kodepos" : "62383"
}, {
  "kecamatan" : "Widang",
  "kelurahan" : "Bunut",
  "kodepos" : "62383"
}, {
  "kecamatan" : "Widang",
  "kelurahan" : "Banjar",
  "kodepos" : "62383"
}, {
  "kecamatan" : "Plumpang",
  "kelurahan" : "Sumurjalak",
  "kodepos" : "62382"
}, {
  "kecamatan" : "Plumpang",
  "kelurahan" : "Trutup",
  "kodepos" : "62382"
}, {
  "kecamatan" : "Plumpang",
  "kelurahan" : "Sembungrejo",
  "kodepos" : "62382"
}, {
  "kecamatan" : "Plumpang",
  "kelurahan" : "Sumberagung",
  "kodepos" : "62382"
}, {
  "kecamatan" : "Plumpang",
  "kelurahan" : "Plumpang",
  "kodepos" : "62382"
}, {
  "kecamatan" : "Plumpang",
  "kelurahan" : "Penidon",
  "kodepos" : "62382"
}, {
  "kecamatan" : "Plumpang",
  "kelurahan" : "Plandirejo",
  "kodepos" : "62382"
}, {
  "kecamatan" : "Plumpang",
  "kelurahan" : "Ngrayung",
  "kodepos" : "62382"
}, {
  "kecamatan" : "Plumpang",
  "kelurahan" : "Magersari",
  "kodepos" : "62382"
}, {
  "kecamatan" : "Plumpang",
  "kelurahan" : "Klotok",
  "kodepos" : "62382"
}, {
  "kecamatan" : "Plumpang",
  "kelurahan" : "Kesamben",
  "kodepos" : "62382"
}, {
  "kecamatan" : "Plumpang",
  "kelurahan" : "Kepohagung",
  "kodepos" : "62382"
}, {
  "kecamatan" : "Plumpang",
  "kelurahan" : "Kedungsoko",
  "kodepos" : "62382"
}, {
  "kecamatan" : "Plumpang",
  "kelurahan" : "Kedungrojo",
  "kodepos" : "62382"
}, {
  "kecamatan" : "Plumpang",
  "kelurahan" : "Kebomlati",
  "kodepos" : "62382"
}, {
  "kecamatan" : "Plumpang",
  "kelurahan" : "Cangkring",
  "kodepos" : "62382"
}, {
  "kecamatan" : "Plumpang",
  "kelurahan" : "Jatimulyo",
  "kodepos" : "62382"
}, {
  "kecamatan" : "Plumpang",
  "kelurahan" : "Bandungrejo",
  "kodepos" : "62382"
}, {
  "kecamatan" : "Semanding",
  "kelurahan" : "Tunah",
  "kodepos" : "62381"
}, {
  "kecamatan" : "Semanding",
  "kelurahan" : "Tegalagung",
  "kodepos" : "62381"
}, {
  "kecamatan" : "Semanding",
  "kelurahan" : "Semanding",
  "kodepos" : "62381"
}, {
  "kecamatan" : "Semanding",
  "kelurahan" : "Sambongrejo",
  "kodepos" : "62381"
}, {
  "kecamatan" : "Semanding",
  "kelurahan" : "Prunggahan Kulon",
  "kodepos" : "62381"
}, {
  "kecamatan" : "Semanding",
  "kelurahan" : "Prunggahan Wetan",
  "kodepos" : "62381"
}, {
  "kecamatan" : "Semanding",
  "kelurahan" : "Penambangan",
  "kodepos" : "62381"
}, {
  "kecamatan" : "Semanding",
  "kelurahan" : "Kowang",
  "kodepos" : "62381"
}, {
  "kecamatan" : "Semanding",
  "kelurahan" : "Ngino",
  "kodepos" : "62381"
}, {
  "kecamatan" : "Semanding",
  "kelurahan" : "Karang",
  "kodepos" : "62381"
}, {
  "kecamatan" : "Semanding",
  "kelurahan" : "Jadi",
  "kodepos" : "62381"
}, {
  "kecamatan" : "Semanding",
  "kelurahan" : "Gesing",
  "kodepos" : "62381"
}, {
  "kecamatan" : "Semanding",
  "kelurahan" : "Genaharjo",
  "kodepos" : "62381"
}, {
  "kecamatan" : "Semanding",
  "kelurahan" : "Gedongombo",
  "kodepos" : "62381"
}, {
  "kecamatan" : "Semanding",
  "kelurahan" : "Bektiharjo",
  "kodepos" : "62381"
}, {
  "kecamatan" : "Semanding",
  "kelurahan" : "Boto",
  "kodepos" : "62381"
}, {
  "kecamatan" : "Semanding",
  "kelurahan" : "Bejagung",
  "kodepos" : "62381"
}, {
  "kecamatan" : "Soko",
  "kelurahan" : "Wadung",
  "kodepos" : "62372"
}, {
  "kecamatan" : "Soko",
  "kelurahan" : "Tluwe",
  "kodepos" : "62372"
}, {
  "kecamatan" : "Soko",
  "kelurahan" : "Sumurcinde",
  "kodepos" : "62372"
}, {
  "kecamatan" : "Soko",
  "kelurahan" : "Sokosari",
  "kodepos" : "62372"
}, {
  "kecamatan" : "Soko",
  "kelurahan" : "Simo",
  "kodepos" : "62372"
}, {
  "kecamatan" : "Soko",
  "kelurahan" : "Sandingrowo",
  "kodepos" : "62372"
}, {
  "kecamatan" : "Soko",
  "kelurahan" : "Rahayu",
  "kodepos" : "62372"
}, {
  "kecamatan" : "Soko",
  "kelurahan" : "Pandanwangi",
  "kodepos" : "62372"
}, {
  "kecamatan" : "Soko",
  "kelurahan" : "Prambontergayang",
  "kodepos" : "62372"
}, {
  "kecamatan" : "Soko",
  "kelurahan" : "Pandanagung",
  "kodepos" : "62372"
}, {
  "kecamatan" : "Soko",
  "kelurahan" : "Nguruan",
  "kodepos" : "62372"
}, {
  "kecamatan" : "Soko",
  "kelurahan" : "Mentoro",
  "kodepos" : "62372"
}, {
  "kecamatan" : "Soko",
  "kelurahan" : "Mojoagung",
  "kodepos" : "62372"
}, {
  "kecamatan" : "Soko",
  "kelurahan" : "Klumpit",
  "kodepos" : "62372"
}, {
  "kecamatan" : "Soko",
  "kelurahan" : "Menilo",
  "kodepos" : "62372"
}, {
  "kecamatan" : "Soko",
  "kelurahan" : "Kendalrejo",
  "kodepos" : "62372"
}, {
  "kecamatan" : "Soko",
  "kelurahan" : "Kenongosari",
  "kodepos" : "62372"
}, {
  "kecamatan" : "Soko",
  "kelurahan" : "Jati",
  "kodepos" : "62372"
}, {
  "kecamatan" : "Soko",
  "kelurahan" : "Jegulo",
  "kodepos" : "62372"
}, {
  "kecamatan" : "Soko",
  "kelurahan" : "Glagahsari",
  "kodepos" : "62372"
}, {
  "kecamatan" : "Soko",
  "kelurahan" : "Gununganyar",
  "kodepos" : "62372"
}, {
  "kecamatan" : "Soko",
  "kelurahan" : "Bangunrejo",
  "kodepos" : "62372"
}, {
  "kecamatan" : "Soko",
  "kelurahan" : "Cekalang",
  "kodepos" : "62372"
}, {
  "kecamatan" : "Grabagan",
  "kelurahan" : "Waleran",
  "kodepos" : "62371"
}, {
  "kecamatan" : "Rengel",
  "kelurahan" : "Tambakrejo",
  "kodepos" : "62371"
}, {
  "kecamatan" : "Rengel",
  "kelurahan" : "Rengel",
  "kodepos" : "62371"
}, {
  "kecamatan" : "Rengel",
  "kelurahan" : "Sawahan",
  "kodepos" : "62371"
}, {
  "kecamatan" : "Rengel",
  "kelurahan" : "Sumberejo",
  "kodepos" : "62371"
}, {
  "kecamatan" : "Rengel",
  "kelurahan" : "Prambon Wetan",
  "kodepos" : "62371"
}, {
  "kecamatan" : "Rengel",
  "kelurahan" : "Punggulrejo",
  "kodepos" : "62371"
}, {
  "kecamatan" : "Rengel",
  "kelurahan" : "Pekuwon",
  "kodepos" : "62371"
}, {
  "kecamatan" : "Grabagan",
  "kelurahan" : "Pakis",
  "kodepos" : "62371"
}, {
  "kecamatan" : "Grabagan",
  "kelurahan" : "Ngarum",
  "kodepos" : "62371"
}, {
  "kecamatan" : "Grabagan",
  "kelurahan" : "Ngrejeng",
  "kodepos" : "62371"
}, {
  "kecamatan" : "Grabagan",
  "kelurahan" : "Menyunyur",
  "kodepos" : "62371"
}, {
  "kecamatan" : "Grabagan",
  "kelurahan" : "Ngandong",
  "kodepos" : "62371"
}, {
  "kecamatan" : "Rengel",
  "kelurahan" : "Ngadirejo",
  "kodepos" : "62371"
}, {
  "kecamatan" : "Rengel",
  "kelurahan" : "Kebonagung",
  "kodepos" : "62371"
}, {
  "kecamatan" : "Rengel",
  "kelurahan" : "Maibit",
  "kodepos" : "62371"
}, {
  "kecamatan" : "Rengel",
  "kelurahan" : "Karangtinoto",
  "kodepos" : "62371"
}, {
  "kecamatan" : "Grabagan",
  "kelurahan" : "Gesikan",
  "kodepos" : "62371"
}, {
  "kecamatan" : "Rengel",
  "kelurahan" : "Kanorejo",
  "kodepos" : "62371"
}, {
  "kecamatan" : "Grabagan",
  "kelurahan" : "Grabagan",
  "kodepos" : "62371"
}, {
  "kecamatan" : "Grabagan",
  "kelurahan" : "Dahor",
  "kodepos" : "62371"
}, {
  "kecamatan" : "Grabagan",
  "kelurahan" : "Dermawuhardjo",
  "kodepos" : "62371"
}, {
  "kecamatan" : "Rengel",
  "kelurahan" : "Bulurejo",
  "kodepos" : "62371"
}, {
  "kecamatan" : "Rengel",
  "kelurahan" : "Campurejo",
  "kodepos" : "62371"
}, {
  "kecamatan" : "Grabagan",
  "kelurahan" : "Banyubang",
  "kodepos" : "62371"
}, {
  "kecamatan" : "Rengel",
  "kelurahan" : "Banjararum",
  "kodepos" : "62371"
}, {
  "kecamatan" : "Parengan",
  "kelurahan" : "Wukirharjo",
  "kodepos" : "62366"
}, {
  "kecamatan" : "Rengel",
  "kelurahan" : "Banjaragung",
  "kodepos" : "62371"
}, {
  "kecamatan" : "Parengan",
  "kelurahan" : "Sukorejo",
  "kodepos" : "62366"
}, {
  "kecamatan" : "Parengan",
  "kelurahan" : "Sendangrejo",
  "kodepos" : "62366"
}, {
  "kecamatan" : "Parengan",
  "kelurahan" : "Suciharjo",
  "kodepos" : "62366"
}, {
  "kecamatan" : "Parengan",
  "kelurahan" : "Sugihwaras",
  "kodepos" : "62366"
}, {
  "kecamatan" : "Parengan",
  "kelurahan" : "Sembung",
  "kodepos" : "62366"
}, {
  "kecamatan" : "Parengan",
  "kelurahan" : "Parangbatu",
  "kodepos" : "62366"
}, {
  "kecamatan" : "Parengan",
  "kelurahan" : "Selogabus",
  "kodepos" : "62366"
}, {
  "kecamatan" : "Parengan",
  "kelurahan" : "Pacing",
  "kodepos" : "62366"
}, {
  "kecamatan" : "Parengan",
  "kelurahan" : "Mojomalang",
  "kodepos" : "62366"
}, {
  "kecamatan" : "Parengan",
  "kelurahan" : "Ngawun",
  "kodepos" : "62366"
}, {
  "kecamatan" : "Parengan",
  "kelurahan" : "Mergoasri",
  "kodepos" : "62366"
}, {
  "kecamatan" : "Parengan",
  "kelurahan" : "Mergorejo",
  "kodepos" : "62366"
}, {
  "kecamatan" : "Parengan",
  "kelurahan" : "Kemlaten",
  "kodepos" : "62366"
}, {
  "kecamatan" : "Parengan",
  "kelurahan" : "Kumpulrejo",
  "kodepos" : "62366"
}, {
  "kecamatan" : "Parengan",
  "kelurahan" : "Dagangan",
  "kodepos" : "62366"
}, {
  "kecamatan" : "Parengan",
  "kelurahan" : "Brangkal",
  "kodepos" : "62366"
}, {
  "kecamatan" : "Parengan",
  "kelurahan" : "Cengkong",
  "kodepos" : "62366"
}, {
  "kecamatan" : "Senori",
  "kelurahan" : "Wanglu Wetan",
  "kodepos" : "62365"
}, {
  "kecamatan" : "Senori",
  "kelurahan" : "Wonosari",
  "kodepos" : "62365"
}, {
  "kecamatan" : "Senori",
  "kelurahan" : "Wanglu Kulon",
  "kodepos" : "62365"
}, {
  "kecamatan" : "Senori",
  "kelurahan" : "Sidoharjo",
  "kodepos" : "62365"
}, {
  "kecamatan" : "Merakurak",
  "kelurahan" : "Senori",
  "kodepos" : "62365"
}, {
  "kecamatan" : "Senori",
  "kelurahan" : "Rayung",
  "kodepos" : "62365"
}, {
  "kecamatan" : "Senori",
  "kelurahan" : "Sendang",
  "kodepos" : "62365"
}, {
  "kecamatan" : "Senori",
  "kelurahan" : "Leran",
  "kodepos" : "62365"
}, {
  "kecamatan" : "Senori",
  "kelurahan" : "Medalem",
  "kodepos" : "62365"
}, {
  "kecamatan" : "Senori",
  "kelurahan" : "Katerban",
  "kodepos" : "62365"
}, {
  "kecamatan" : "Senori",
  "kelurahan" : "Jatisari",
  "kodepos" : "62365"
}, {
  "kecamatan" : "Senori",
  "kelurahan" : "Kaligede",
  "kodepos" : "62365"
}, {
  "kecamatan" : "Bangilan",
  "kelurahan" : "Weden",
  "kodepos" : "62364"
}, {
  "kecamatan" : "Senori",
  "kelurahan" : "Banyuurip",
  "kodepos" : "62365"
}, {
  "kecamatan" : "Bangilan",
  "kelurahan" : "Sidokumpul",
  "kodepos" : "62364"
}, {
  "kecamatan" : "Bangilan",
  "kelurahan" : "Sidotentrem",
  "kodepos" : "62364"
}, {
  "kecamatan" : "Bangilan",
  "kelurahan" : "Sidodadi",
  "kodepos" : "62364"
}, {
  "kecamatan" : "Bangilan",
  "kelurahan" : "Kumpulrejo",
  "kodepos" : "62364"
}, {
  "kecamatan" : "Bangilan",
  "kelurahan" : "Ngrojo",
  "kodepos" : "62364"
}, {
  "kecamatan" : "Bangilan",
  "kelurahan" : "Kedungmulyo",
  "kodepos" : "62364"
}, {
  "kecamatan" : "Bangilan",
  "kelurahan" : "Klakeh",
  "kodepos" : "62364"
}, {
  "kecamatan" : "Bangilan",
  "kelurahan" : "Kedunghardjo",
  "kodepos" : "62364"
}, {
  "kecamatan" : "Bangilan",
  "kelurahan" : "Kedungjambangan",
  "kodepos" : "62364"
}, {
  "kecamatan" : "Bangilan",
  "kelurahan" : "Kablukan",
  "kodepos" : "62364"
}, {
  "kecamatan" : "Bangilan",
  "kelurahan" : "Bangilan",
  "kodepos" : "62364"
}, {
  "kecamatan" : "Bangilan",
  "kelurahan" : "Banjarworo",
  "kodepos" : "62364"
}, {
  "kecamatan" : "Bangilan",
  "kelurahan" : "Bate",
  "kodepos" : "62364"
}, {
  "kecamatan" : "Kenduruan",
  "kelurahan" : "Tawaran",
  "kodepos" : "62363"
}, {
  "kecamatan" : "Kenduruan",
  "kelurahan" : "Sokogunung",
  "kodepos" : "62363"
}, {
  "kecamatan" : "Kenduruan",
  "kelurahan" : "Sokogrenjeng",
  "kodepos" : "62363"
}, {
  "kecamatan" : "Kenduruan",
  "kelurahan" : "Sidomukti",
  "kodepos" : "62363"
}, {
  "kecamatan" : "Kenduruan",
  "kelurahan" : "Sidorejo",
  "kodepos" : "62363"
}, {
  "kecamatan" : "Kenduruan",
  "kelurahan" : "Jlodro",
  "kodepos" : "62363"
}, {
  "kecamatan" : "Kenduruan",
  "kelurahan" : "Sidohasri",
  "kodepos" : "62363"
}, {
  "kecamatan" : "Kenduruan",
  "kelurahan" : "Bendonglateng",
  "kodepos" : "62363"
}, {
  "kecamatan" : "Kenduruan",
  "kelurahan" : "Jamprong",
  "kodepos" : "62363"
}, {
  "kecamatan" : "Jatirogo",
  "kelurahan" : "Wotsogo",
  "kodepos" : "62362"
}, {
  "kecamatan" : "Jatirogo",
  "kelurahan" : "Sugihan",
  "kodepos" : "62362"
}, {
  "kecamatan" : "Jatirogo",
  "kelurahan" : "Wangi",
  "kodepos" : "62362"
}, {
  "kecamatan" : "Jatirogo",
  "kelurahan" : "Sidomulyo",
  "kodepos" : "62362"
}, {
  "kecamatan" : "Jatirogo",
  "kelurahan" : "Sadang",
  "kodepos" : "62362"
}, {
  "kecamatan" : "Jatirogo",
  "kelurahan" : "Sekaran",
  "kodepos" : "62362"
}, {
  "kecamatan" : "Jatirogo",
  "kelurahan" : "Paseyan",
  "kodepos" : "62362"
}, {
  "kecamatan" : "Jatirogo",
  "kelurahan" : "Ketodan",
  "kodepos" : "62362"
}, {
  "kecamatan" : "Jatirogo",
  "kelurahan" : "Ngepon",
  "kodepos" : "62362"
}, {
  "kecamatan" : "Jatirogo",
  "kelurahan" : "Kedungmakam",
  "kodepos" : "62362"
}, {
  "kecamatan" : "Jatirogo",
  "kelurahan" : "Kebonharjo",
  "kodepos" : "62362"
}, {
  "kecamatan" : "Jatirogo",
  "kelurahan" : "Karangtengah",
  "kodepos" : "62362"
}, {
  "kecamatan" : "Jatirogo",
  "kelurahan" : "Jatiklabang",
  "kodepos" : "62362"
}, {
  "kecamatan" : "Jatirogo",
  "kelurahan" : "Jombok",
  "kodepos" : "62362"
}, {
  "kecamatan" : "Jatirogo",
  "kelurahan" : "Demit",
  "kodepos" : "62362"
}, {
  "kecamatan" : "Jatirogo",
  "kelurahan" : "Dingil",
  "kodepos" : "62362"
}, {
  "kecamatan" : "Jatirogo",
  "kelurahan" : "Besowo",
  "kodepos" : "62362"
}, {
  "kecamatan" : "Jatirogo",
  "kelurahan" : "Bader",
  "kodepos" : "62362"
}, {
  "kecamatan" : "Singgahan",
  "kelurahan" : "Tanjungrejo",
  "kodepos" : "62361"
}, {
  "kecamatan" : "Singgahan",
  "kelurahan" : "Tingkis",
  "kodepos" : "62361"
}, {
  "kecamatan" : "Singgahan",
  "kelurahan" : "Tunggulrejo",
  "kodepos" : "62361"
}, {
  "kecamatan" : "Singgahan",
  "kelurahan" : "Tanggir",
  "kodepos" : "62361"
}, {
  "kecamatan" : "Singgahan",
  "kelurahan" : "Saringembat",
  "kodepos" : "62361"
}, {
  "kecamatan" : "Singgahan",
  "kelurahan" : "Mulyoagung",
  "kodepos" : "62361"
}, {
  "kecamatan" : "Singgahan",
  "kelurahan" : "Mulyorejo",
  "kodepos" : "62361"
}, {
  "kecamatan" : "Singgahan",
  "kelurahan" : "Mergosari",
  "kodepos" : "62361"
}, {
  "kecamatan" : "Singgahan",
  "kelurahan" : "Lajo Kidul",
  "kodepos" : "62361"
}, {
  "kecamatan" : "Singgahan",
  "kelurahan" : "Lajo Lor",
  "kodepos" : "62361"
}, {
  "kecamatan" : "Singgahan",
  "kelurahan" : "Binangun",
  "kodepos" : "62361"
}, {
  "kecamatan" : "Singgahan",
  "kelurahan" : "Kedungjambe",
  "kodepos" : "62361"
}, {
  "kecamatan" : "Montong",
  "kelurahan" : "Talun",
  "kodepos" : "62357"
}, {
  "kecamatan" : "Montong",
  "kelurahan" : "Tanggulangin",
  "kodepos" : "62357"
}, {
  "kecamatan" : "Montong",
  "kelurahan" : "Sumurgung",
  "kodepos" : "62357"
}, {
  "kecamatan" : "Montong",
  "kelurahan" : "Talangkembar",
  "kodepos" : "62357"
}, {
  "kecamatan" : "Montong",
  "kelurahan" : "Pakel",
  "kodepos" : "62357"
}, {
  "kecamatan" : "Montong",
  "kelurahan" : "Pucangan",
  "kodepos" : "62357"
}, {
  "kecamatan" : "Montong",
  "kelurahan" : "Montongsekar",
  "kodepos" : "62357"
}, {
  "kecamatan" : "Montong",
  "kelurahan" : "Nguluhan",
  "kodepos" : "62357"
}, {
  "kecamatan" : "Montong",
  "kelurahan" : "Maindu",
  "kodepos" : "62357"
}, {
  "kecamatan" : "Montong",
  "kelurahan" : "Manjung",
  "kodepos" : "62357"
}, {
  "kecamatan" : "Montong",
  "kelurahan" : "Guwoterus",
  "kodepos" : "62357"
}, {
  "kecamatan" : "Montong",
  "kelurahan" : "Jetak",
  "kodepos" : "62357"
}, {
  "kecamatan" : "Montong",
  "kelurahan" : "Bringin",
  "kodepos" : "62357"
}, {
  "kecamatan" : "Kerek",
  "kelurahan" : "Trantang",
  "kodepos" : "62356"
}, {
  "kecamatan" : "Kerek",
  "kelurahan" : "Wolutengah",
  "kodepos" : "62356"
}, {
  "kecamatan" : "Kerek",
  "kelurahan" : "Tengger Wetan",
  "kodepos" : "62356"
}, {
  "kecamatan" : "Kerek",
  "kelurahan" : "Temayang",
  "kodepos" : "62356"
}, {
  "kecamatan" : "Kerek",
  "kelurahan" : "Padasan",
  "kodepos" : "62356"
}, {
  "kecamatan" : "Kerek",
  "kelurahan" : "Sidonganti",
  "kodepos" : "62356"
}, {
  "kecamatan" : "Kerek",
  "kelurahan" : "Sumberarum",
  "kodepos" : "62356"
}, {
  "kecamatan" : "Kerek",
  "kelurahan" : "Margorejo",
  "kodepos" : "62356"
}, {
  "kecamatan" : "Kerek",
  "kelurahan" : "Mliwang",
  "kodepos" : "62356"
}, {
  "kecamatan" : "Kerek",
  "kelurahan" : "Kedungrejo",
  "kodepos" : "62356"
}, {
  "kecamatan" : "Kerek",
  "kelurahan" : "Margomulyo",
  "kodepos" : "62356"
}, {
  "kecamatan" : "Kerek",
  "kelurahan" : "Karanglo",
  "kodepos" : "62356"
}, {
  "kecamatan" : "Kerek",
  "kelurahan" : "Kasiman",
  "kodepos" : "62356"
}, {
  "kecamatan" : "Kerek",
  "kelurahan" : "Hargoretno",
  "kodepos" : "62356"
}, {
  "kecamatan" : "Kerek",
  "kelurahan" : "Jarorejo",
  "kodepos" : "62356"
}, {
  "kecamatan" : "Merakurak",
  "kelurahan" : "Tuwiri Wetan",
  "kodepos" : "62355"
}, {
  "kecamatan" : "Kerek",
  "kelurahan" : "Gaji",
  "kodepos" : "62356"
}, {
  "kecamatan" : "Kerek",
  "kelurahan" : "Gemulung",
  "kodepos" : "62356"
}, {
  "kecamatan" : "Merakurak",
  "kelurahan" : "Tobo",
  "kodepos" : "62355"
}, {
  "kecamatan" : "Merakurak",
  "kelurahan" : "Tuwiri Kulon",
  "kodepos" : "62355"
}, {
  "kecamatan" : "Merakurak",
  "kelurahan" : "Temandang",
  "kodepos" : "62355"
}, {
  "kecamatan" : "Merakurak",
  "kelurahan" : "Tlogowaru",
  "kodepos" : "62355"
}, {
  "kecamatan" : "Merakurak",
  "kelurahan" : "Tahulu",
  "kodepos" : "62355"
}, {
  "kecamatan" : "Merakurak",
  "kelurahan" : "Tegalrejo",
  "kodepos" : "62355"
}, {
  "kecamatan" : "Merakurak",
  "kelurahan" : "Sumberejo",
  "kodepos" : "62355"
}, {
  "kecamatan" : "Merakurak",
  "kelurahan" : "Sumber",
  "kodepos" : "62355"
}, {
  "kecamatan" : "Merakurak",
  "kelurahan" : "Sendanghaji",
  "kodepos" : "62355"
}, {
  "kecamatan" : "Merakurak",
  "kelurahan" : "Sugihan",
  "kodepos" : "62355"
}, {
  "kecamatan" : "Merakurak",
  "kelurahan" : "Pongpongan",
  "kodepos" : "62355"
}, {
  "kecamatan" : "Merakurak",
  "kelurahan" : "Sambonggede",
  "kodepos" : "62355"
}, {
  "kecamatan" : "Merakurak",
  "kelurahan" : "Sembungrejo",
  "kodepos" : "62355"
}, {
  "kecamatan" : "Merakurak",
  "kelurahan" : "Kapu",
  "kodepos" : "62355"
}, {
  "kecamatan" : "Merakurak",
  "kelurahan" : "Mandirejo",
  "kodepos" : "62355"
}, {
  "kecamatan" : "Merakurak",
  "kelurahan" : "Bogorejo",
  "kodepos" : "62355"
}, {
  "kecamatan" : "Merakurak",
  "kelurahan" : "Borehbangle",
  "kodepos" : "62355"
}, {
  "kecamatan" : "Bancar",
  "kelurahan" : "Tlogoagung",
  "kodepos" : "62354"
}, {
  "kecamatan" : "Bancar",
  "kelurahan" : "Sumberan",
  "kodepos" : "62354"
}, {
  "kecamatan" : "Bancar",
  "kelurahan" : "Tengger Kulon",
  "kodepos" : "62354"
}, {
  "kecamatan" : "Bancar",
  "kelurahan" : "Tergambang",
  "kodepos" : "62354"
}, {
  "kecamatan" : "Bancar",
  "kelurahan" : "Sukolilo",
  "kodepos" : "62354"
}, {
  "kecamatan" : "Bancar",
  "kelurahan" : "Sidomulyo",
  "kodepos" : "62354"
}, {
  "kecamatan" : "Bancar",
  "kelurahan" : "Sukoharjo",
  "kodepos" : "62354"
}, {
  "kecamatan" : "Bancar",
  "kelurahan" : "Pugoh",
  "kodepos" : "62354"
}, {
  "kecamatan" : "Bancar",
  "kelurahan" : "Sembungin",
  "kodepos" : "62354"
}, {
  "kecamatan" : "Bancar",
  "kelurahan" : "Margosuko",
  "kodepos" : "62354"
}, {
  "kecamatan" : "Bancar",
  "kelurahan" : "Siding",
  "kodepos" : "62354"
}, {
  "kecamatan" : "Bancar",
  "kelurahan" : "Latsari",
  "kodepos" : "62354"
}, {
  "kecamatan" : "Bancar",
  "kelurahan" : "Ngampelrejo",
  "kodepos" : "62354"
}, {
  "kecamatan" : "Bancar",
  "kelurahan" : "Karangrejo",
  "kodepos" : "62354"
}, {
  "kecamatan" : "Bancar",
  "kelurahan" : "Ngujuran",
  "kodepos" : "62354"
}, {
  "kecamatan" : "Bancar",
  "kelurahan" : "Kayen",
  "kodepos" : "62354"
}, {
  "kecamatan" : "Bancar",
  "kelurahan" : "Cingklung",
  "kodepos" : "62354"
}, {
  "kecamatan" : "Bancar",
  "kelurahan" : "Jatisari",
  "kodepos" : "62354"
}, {
  "kecamatan" : "Bancar",
  "kelurahan" : "Bulujowo",
  "kodepos" : "62354"
}, {
  "kecamatan" : "Bancar",
  "kelurahan" : "Bulumeduro",
  "kodepos" : "62354"
}, {
  "kecamatan" : "Bancar",
  "kelurahan" : "Bogorejo",
  "kodepos" : "62354"
}, {
  "kecamatan" : "Bancar",
  "kelurahan" : "Boncong",
  "kodepos" : "62354"
}, {
  "kecamatan" : "Bancar",
  "kelurahan" : "Bancar",
  "kodepos" : "62354"
}, {
  "kecamatan" : "Bancar",
  "kelurahan" : "Banjarejo",
  "kodepos" : "62354"
}, {
  "kecamatan" : "Tambakboyo",
  "kelurahan" : "Sotang",
  "kodepos" : "62353"
}, {
  "kecamatan" : "Tambakboyo",
  "kelurahan" : "Tambakboyo",
  "kodepos" : "62353"
}, {
  "kecamatan" : "Tambakboyo",
  "kelurahan" : "Sobontoro",
  "kodepos" : "62353"
}, {
  "kecamatan" : "Tambakboyo",
  "kelurahan" : "Mander",
  "kodepos" : "62353"
}, {
  "kecamatan" : "Tambakboyo",
  "kelurahan" : "Plajan",
  "kodepos" : "62353"
}, {
  "kecamatan" : "Tambakboyo",
  "kelurahan" : "Merkawang",
  "kodepos" : "62353"
}, {
  "kecamatan" : "Tambakboyo",
  "kelurahan" : "Pulogede",
  "kodepos" : "62353"
}, {
  "kecamatan" : "Tambakboyo",
  "kelurahan" : "Glondonggede",
  "kodepos" : "62353"
}, {
  "kecamatan" : "Tambakboyo",
  "kelurahan" : "Sawir",
  "kodepos" : "62353"
}, {
  "kecamatan" : "Tambakboyo",
  "kelurahan" : "Kenanti",
  "kodepos" : "62353"
}, {
  "kecamatan" : "Tambakboyo",
  "kelurahan" : "Ngulahan",
  "kodepos" : "62353"
}, {
  "kecamatan" : "Tambakboyo",
  "kelurahan" : "Klutuk",
  "kodepos" : "62353"
}, {
  "kecamatan" : "Tambakboyo",
  "kelurahan" : "Pabeyan",
  "kodepos" : "62353"
}, {
  "kecamatan" : "Tambakboyo",
  "kelurahan" : "Dikir",
  "kodepos" : "62353"
}, {
  "kecamatan" : "Tambakboyo",
  "kelurahan" : "Gadon",
  "kodepos" : "62353"
}, {
  "kecamatan" : "Tambakboyo",
  "kelurahan" : "Dasin",
  "kodepos" : "62353"
}, {
  "kecamatan" : "Tambakboyo",
  "kelurahan" : "Cokrowati",
  "kodepos" : "62353"
}, {
  "kecamatan" : "Tambakboyo",
  "kelurahan" : "Belikanget",
  "kodepos" : "62353"
}, {
  "kecamatan" : "Jenu",
  "kelurahan" : "Temaji",
  "kodepos" : "62352"
}, {
  "kecamatan" : "Jenu",
  "kelurahan" : "Wadung",
  "kodepos" : "62352"
}, {
  "kecamatan" : "Jenu",
  "kelurahan" : "Tasikharjo",
  "kodepos" : "62352"
}, {
  "kecamatan" : "Jenu",
  "kelurahan" : "Suwalan",
  "kodepos" : "62352"
}, {
  "kecamatan" : "Jenu",
  "kelurahan" : "Sumurgeneng",
  "kodepos" : "62352"
}, {
  "kecamatan" : "Jenu",
  "kelurahan" : "Sekardadi",
  "kodepos" : "62352"
}, {
  "kecamatan" : "Jenu",
  "kelurahan" : "Mentoso",
  "kodepos" : "62352"
}, {
  "kecamatan" : "Jenu",
  "kelurahan" : "Socorejo",
  "kodepos" : "62352"
}, {
  "kecamatan" : "Jenu",
  "kelurahan" : "Purworejo",
  "kodepos" : "62352"
}, {
  "kecamatan" : "Jenu",
  "kelurahan" : "Sugihwaras",
  "kodepos" : "62352"
}, {
  "kecamatan" : "Jenu",
  "kelurahan" : "Karangasem",
  "kodepos" : "62352"
}, {
  "kecamatan" : "Jenu",
  "kelurahan" : "Rawasan",
  "kodepos" : "62352"
}, {
  "kecamatan" : "Jenu",
  "kelurahan" : "Kaliuntu",
  "kodepos" : "62352"
}, {
  "kecamatan" : "Jenu",
  "kelurahan" : "Remen",
  "kodepos" : "62352"
}, {
  "kecamatan" : "Jenu",
  "kelurahan" : "Jenggolo",
  "kodepos" : "62352"
}, {
  "kecamatan" : "Jenu",
  "kelurahan" : "Jenu",
  "kodepos" : "62352"
}, {
  "kecamatan" : "Tuban",
  "kelurahan" : "Sumurgung",
  "kodepos" : "62319"
}, {
  "kecamatan" : "Jenu",
  "kelurahan" : "Beji",
  "kodepos" : "62352"
}, {
  "kecamatan" : "Tuban",
  "kelurahan" : "Sugiharjo",
  "kodepos" : "62319"
}, {
  "kecamatan" : "Tuban",
  "kelurahan" : "Mondokan",
  "kodepos" : "62319"
}, {
  "kecamatan" : "Tuban",
  "kelurahan" : "Perbon",
  "kodepos" : "62319"
}, {
  "kecamatan" : "Tuban",
  "kelurahan" : "Sendangharjo",
  "kodepos" : "62319"
}, {
  "kecamatan" : "Tuban",
  "kelurahan" : "Sukolilo",
  "kodepos" : "62318"
}, {
  "kecamatan" : "Tuban",
  "kelurahan" : "Kembangbilo",
  "kodepos" : "62319"
}, {
  "kecamatan" : "Tuban",
  "kelurahan" : "Kebonsari",
  "kodepos" : "62317"
}, {
  "kecamatan" : "Tuban",
  "kelurahan" : "Baturetno",
  "kodepos" : "62318"
}, {
  "kecamatan" : "Tuban",
  "kelurahan" : "Sidorejo",
  "kodepos" : "62315"
}, {
  "kecamatan" : "Tuban",
  "kelurahan" : "Doromukti",
  "kodepos" : "62316"
}, {
  "kecamatan" : "Tuban",
  "kelurahan" : "Latsari",
  "kodepos" : "62314"
}, {
  "kecamatan" : "Tuban",
  "kelurahan" : "Karangsari",
  "kodepos" : "62314"
}, {
  "kecamatan" : "Tuban",
  "kelurahan" : "Kingking",
  "kodepos" : "62313"
}, {
  "kecamatan" : "Tuban",
  "kelurahan" : "Ronggomulyo",
  "kodepos" : "62313"
}, {
  "kecamatan" : "Tuban",
  "kelurahan" : "Kutorejo",
  "kodepos" : "62311"
}, {
  "kecamatan" : "Tuban",
  "kelurahan" : "Sidomulyo",
  "kodepos" : "62312"
} ]
