[ {
  "kecamatan" : "Jogoroto",
  "kelurahan" : "Sumber Mulyo",
  "kodepos" : "61485"
}, {
  "kecamatan" : "Jogoroto",
  "kelurahan" : "Tambar",
  "kodepos" : "61485"
}, {
  "kecamatan" : "Jogoroto",
  "kelurahan" : "Sukosari",
  "kodepos" : "61485"
}, {
  "kecamatan" : "Jogoroto",
  "kelurahan" : "Sambirejo",
  "kodepos" : "61485"
}, {
  "kecamatan" : "Jogoroto",
  "kelurahan" : "Sawiji",
  "kodepos" : "61485"
}, {
  "kecamatan" : "Jogoroto",
  "kelurahan" : "Ngumpul",
  "kodepos" : "61485"
}, {
  "kecamatan" : "Jogoroto",
  "kelurahan" : "Mayangan",
  "kodepos" : "61485"
}, {
  "kecamatan" : "Jogoroto",
  "kelurahan" : "Jogoroto",
  "kodepos" : "61485"
}, {
  "kecamatan" : "Jogoroto",
  "kelurahan" : "Jarak Kulon",
  "kodepos" : "61485"
}, {
  "kecamatan" : "Jogoroto",
  "kelurahan" : "Janti",
  "kodepos" : "61485"
}, {
  "kecamatan" : "Jogoroto",
  "kelurahan" : "Alang Alang Caruban",
  "kodepos" : "61485"
}, {
  "kecamatan" : "Kesamben",
  "kelurahan" : "Wuluh",
  "kodepos" : "61484"
}, {
  "kecamatan" : "Kesamben",
  "kelurahan" : "Watu Dakon",
  "kodepos" : "61484"
}, {
  "kecamatan" : "Kesamben",
  "kelurahan" : "Pojok Rejo",
  "kodepos" : "61484"
}, {
  "kecamatan" : "Kesamben",
  "kelurahan" : "Pojok Kulon",
  "kodepos" : "61484"
}, {
  "kecamatan" : "Kesamben",
  "kelurahan" : "Kesamben",
  "kodepos" : "61484"
}, {
  "kecamatan" : "Kesamben",
  "kelurahan" : "Podoroto",
  "kodepos" : "61484"
}, {
  "kecamatan" : "Kesamben",
  "kelurahan" : "Kedung Mlati",
  "kodepos" : "61484"
}, {
  "kecamatan" : "Kesamben",
  "kelurahan" : "Kedung Betik",
  "kodepos" : "61484"
}, {
  "kecamatan" : "Kesamben",
  "kelurahan" : "Jombatan",
  "kodepos" : "61484"
}, {
  "kecamatan" : "Kesamben",
  "kelurahan" : "Jombok",
  "kodepos" : "61484"
}, {
  "kecamatan" : "Kesamben",
  "kelurahan" : "Jati Duwur",
  "kodepos" : "61484"
}, {
  "kecamatan" : "Kesamben",
  "kelurahan" : "Gumulan",
  "kodepos" : "61484"
}, {
  "kecamatan" : "Kesamben",
  "kelurahan" : "Blimbing",
  "kodepos" : "61484"
}, {
  "kecamatan" : "Kesamben",
  "kelurahan" : "Carang Rejo",
  "kodepos" : "61484"
}, {
  "kecamatan" : "Sumobito",
  "kelurahan" : "Talun Kidul",
  "kodepos" : "61483"
}, {
  "kecamatan" : "Sumobito",
  "kelurahan" : "Trawasan",
  "kodepos" : "61483"
}, {
  "kecamatan" : "Sumobito",
  "kelurahan" : "Sumobito",
  "kodepos" : "61483"
}, {
  "kecamatan" : "Sumobito",
  "kelurahan" : "Segodorejo",
  "kodepos" : "61483"
}, {
  "kecamatan" : "Sumobito",
  "kelurahan" : "Sebani",
  "kodepos" : "61483"
}, {
  "kecamatan" : "Sumobito",
  "kelurahan" : "Plosokerep",
  "kodepos" : "61483"
}, {
  "kecamatan" : "Sumobito",
  "kelurahan" : "Plemahan",
  "kodepos" : "61483"
}, {
  "kecamatan" : "Sumobito",
  "kelurahan" : "Nglele",
  "kodepos" : "61483"
}, {
  "kecamatan" : "Sumobito",
  "kelurahan" : "Palrejo",
  "kodepos" : "61483"
}, {
  "kecamatan" : "Sumobito",
  "kelurahan" : "Mlaras",
  "kodepos" : "61483"
}, {
  "kecamatan" : "Sumobito",
  "kelurahan" : "Mentoro",
  "kodepos" : "61483"
}, {
  "kecamatan" : "Sumobito",
  "kelurahan" : "Madyo Puro",
  "kodepos" : "61483"
}, {
  "kecamatan" : "Sumobito",
  "kelurahan" : "Kendalsari",
  "kodepos" : "61483"
}, {
  "kecamatan" : "Sumobito",
  "kelurahan" : "Kedungpapar",
  "kodepos" : "61483"
}, {
  "kecamatan" : "Sumobito",
  "kelurahan" : "Jogoloyo",
  "kodepos" : "61483"
}, {
  "kecamatan" : "Sumobito",
  "kelurahan" : "Curah Malang",
  "kodepos" : "61483"
}, {
  "kecamatan" : "Sumobito",
  "kelurahan" : "Gedangan",
  "kodepos" : "61483"
}, {
  "kecamatan" : "Sumobito",
  "kelurahan" : "Budugsidorejo",
  "kodepos" : "61483"
}, {
  "kecamatan" : "Sumobito",
  "kelurahan" : "Brudu",
  "kodepos" : "61483"
}, {
  "kecamatan" : "Sumobito",
  "kelurahan" : "Bakalan",
  "kodepos" : "61483"
}, {
  "kecamatan" : "Mojoagung",
  "kelurahan" : "Tejo",
  "kodepos" : "61482"
}, {
  "kecamatan" : "Sumobito",
  "kelurahan" : "Badas",
  "kodepos" : "61483"
}, {
  "kecamatan" : "Mojoagung",
  "kelurahan" : "Seketi",
  "kodepos" : "61482"
}, {
  "kecamatan" : "Mojoagung",
  "kelurahan" : "Tanggalrejo",
  "kodepos" : "61482"
}, {
  "kecamatan" : "Mojoagung",
  "kelurahan" : "Miagan",
  "kodepos" : "61482"
}, {
  "kecamatan" : "Mojoagung",
  "kelurahan" : "Mojotrisno",
  "kodepos" : "61482"
}, {
  "kecamatan" : "Mojoagung",
  "kelurahan" : "Murukan",
  "kodepos" : "61482"
}, {
  "kecamatan" : "Mojoagung",
  "kelurahan" : "Kauman",
  "kodepos" : "61482"
}, {
  "kecamatan" : "Mojoagung",
  "kelurahan" : "Kedunglumpang",
  "kodepos" : "61482"
}, {
  "kecamatan" : "Mojoagung",
  "kelurahan" : "Mancilan",
  "kodepos" : "61482"
}, {
  "kecamatan" : "Mojoagung",
  "kelurahan" : "Karangwinongan",
  "kodepos" : "61482"
}, {
  "kecamatan" : "Mojoagung",
  "kelurahan" : "Karobelah",
  "kodepos" : "61482"
}, {
  "kecamatan" : "Mojoagung",
  "kelurahan" : "Janti",
  "kodepos" : "61482"
}, {
  "kecamatan" : "Mojoagung",
  "kelurahan" : "Johowinong",
  "kodepos" : "61482"
}, {
  "kecamatan" : "Mojoagung",
  "kelurahan" : "Kademangan",
  "kodepos" : "61482"
}, {
  "kecamatan" : "Mojoagung",
  "kelurahan" : "Dukuhdimoro",
  "kodepos" : "61482"
}, {
  "kecamatan" : "Mojoagung",
  "kelurahan" : "Gambiran",
  "kodepos" : "61482"
}, {
  "kecamatan" : "Mojoagung",
  "kelurahan" : "Betek",
  "kodepos" : "61482"
}, {
  "kecamatan" : "Mojoagung",
  "kelurahan" : "Dukuh Mojo",
  "kodepos" : "61482"
}, {
  "kecamatan" : "Peterongan",
  "kelurahan" : "Tanjung Gunung",
  "kodepos" : "61481"
}, {
  "kecamatan" : "Peterongan",
  "kelurahan" : "Tengaran",
  "kodepos" : "61481"
}, {
  "kecamatan" : "Peterongan",
  "kelurahan" : "Tugusumberjo",
  "kodepos" : "61481"
}, {
  "kecamatan" : "Peterongan",
  "kelurahan" : "Sumberagung",
  "kodepos" : "61481"
}, {
  "kecamatan" : "Peterongan",
  "kelurahan" : "Ngrandu Lor",
  "kodepos" : "61481"
}, {
  "kecamatan" : "Peterongan",
  "kelurahan" : "Peterongan",
  "kodepos" : "61481"
}, {
  "kecamatan" : "Peterongan",
  "kelurahan" : "Senden",
  "kodepos" : "61481"
}, {
  "kecamatan" : "Peterongan",
  "kelurahan" : "Mancar",
  "kodepos" : "61481"
}, {
  "kecamatan" : "Peterongan",
  "kelurahan" : "Morosunggingan",
  "kodepos" : "61481"
}, {
  "kecamatan" : "Peterongan",
  "kelurahan" : "Kebontemu",
  "kodepos" : "61481"
}, {
  "kecamatan" : "Peterongan",
  "kelurahan" : "Keplaksari",
  "kodepos" : "61481"
}, {
  "kecamatan" : "Peterongan",
  "kelurahan" : "Kepuhkembeng",
  "kodepos" : "61481"
}, {
  "kecamatan" : "Peterongan",
  "kelurahan" : "Bongkot",
  "kodepos" : "61481"
}, {
  "kecamatan" : "Peterongan",
  "kelurahan" : "Dukuh Klopo",
  "kodepos" : "61481"
}, {
  "kecamatan" : "Wonosalam",
  "kelurahan" : "Wonomerto",
  "kodepos" : "61476"
}, {
  "kecamatan" : "Wonosalam",
  "kelurahan" : "Wonosalam",
  "kodepos" : "61476"
}, {
  "kecamatan" : "Wonosalam",
  "kelurahan" : "Sumberjo",
  "kodepos" : "61476"
}, {
  "kecamatan" : "Wonosalam",
  "kelurahan" : "Wonokerto",
  "kodepos" : "61476"
}, {
  "kecamatan" : "Wonosalam",
  "kelurahan" : "Sambirejo",
  "kodepos" : "61476"
}, {
  "kecamatan" : "Wonosalam",
  "kelurahan" : "Jarak",
  "kodepos" : "61476"
}, {
  "kecamatan" : "Wonosalam",
  "kelurahan" : "Panglungan",
  "kodepos" : "61476"
}, {
  "kecamatan" : "Wonosalam",
  "kelurahan" : "Carangwulung",
  "kodepos" : "61476"
}, {
  "kecamatan" : "Wonosalam",
  "kelurahan" : "Galengdowo",
  "kodepos" : "61476"
}, {
  "kecamatan" : "Mojowarno",
  "kelurahan" : "Wringinpitu",
  "kodepos" : "61475"
}, {
  "kecamatan" : "Mojowarno",
  "kelurahan" : "Sidokerto",
  "kodepos" : "61475"
}, {
  "kecamatan" : "Mojowarno",
  "kelurahan" : "Sukomulyo",
  "kodepos" : "61475"
}, {
  "kecamatan" : "Mojowarno",
  "kelurahan" : "Rejoslamet",
  "kodepos" : "61475"
}, {
  "kecamatan" : "Mojowarno",
  "kelurahan" : "Selorejo",
  "kodepos" : "61475"
}, {
  "kecamatan" : "Mojowarno",
  "kelurahan" : "Mojowarno",
  "kodepos" : "61475"
}, {
  "kecamatan" : "Mojowarno",
  "kelurahan" : "Penggaron",
  "kodepos" : "61475"
}, {
  "kecamatan" : "Mojowarno",
  "kelurahan" : "Mojojejer",
  "kodepos" : "61475"
}, {
  "kecamatan" : "Mojowarno",
  "kelurahan" : "Mojowangi",
  "kodepos" : "61475"
}, {
  "kecamatan" : "Mojowarno",
  "kelurahan" : "Menganto",
  "kodepos" : "61475"
}, {
  "kecamatan" : "Mojowarno",
  "kelurahan" : "Mojoduwur",
  "kodepos" : "61475"
}, {
  "kecamatan" : "Mojowarno",
  "kelurahan" : "Latsari",
  "kodepos" : "61475"
}, {
  "kecamatan" : "Mojowarno",
  "kelurahan" : "Kedungpari",
  "kodepos" : "61475"
}, {
  "kecamatan" : "Mojowarno",
  "kelurahan" : "Japanan",
  "kodepos" : "61475"
}, {
  "kecamatan" : "Mojowarno",
  "kelurahan" : "Karanglo",
  "kodepos" : "61475"
}, {
  "kecamatan" : "Mojowarno",
  "kelurahan" : "Gedangan",
  "kodepos" : "61475"
}, {
  "kecamatan" : "Mojowarno",
  "kelurahan" : "Gondek",
  "kodepos" : "61475"
}, {
  "kecamatan" : "Mojowarno",
  "kelurahan" : "Grobogan",
  "kodepos" : "61475"
}, {
  "kecamatan" : "Bareng",
  "kelurahan" : "Tebel",
  "kodepos" : "61474"
}, {
  "kecamatan" : "Mojowarno",
  "kelurahan" : "Catak Gayam",
  "kodepos" : "61475"
}, {
  "kecamatan" : "Bareng",
  "kelurahan" : "Pakel",
  "kodepos" : "61474"
}, {
  "kecamatan" : "Bareng",
  "kelurahan" : "Pulosari",
  "kodepos" : "61474"
}, {
  "kecamatan" : "Bareng",
  "kelurahan" : "Nglebak",
  "kodepos" : "61474"
}, {
  "kecamatan" : "Bareng",
  "kelurahan" : "Ngrimbi",
  "kodepos" : "61474"
}, {
  "kecamatan" : "Bareng",
  "kelurahan" : "Mundusewu",
  "kodepos" : "61474"
}, {
  "kecamatan" : "Bareng",
  "kelurahan" : "Ngampungan",
  "kodepos" : "61474"
}, {
  "kecamatan" : "Bareng",
  "kelurahan" : "Kebondalem",
  "kodepos" : "61474"
}, {
  "kecamatan" : "Bareng",
  "kelurahan" : "Mojotengah",
  "kodepos" : "61474"
}, {
  "kecamatan" : "Bareng",
  "kelurahan" : "Jenisgelaran",
  "kodepos" : "61474"
}, {
  "kecamatan" : "Bareng",
  "kelurahan" : "Karangan",
  "kodepos" : "61474"
}, {
  "kecamatan" : "Bareng",
  "kelurahan" : "Banjaragung",
  "kodepos" : "61474"
}, {
  "kecamatan" : "Bareng",
  "kelurahan" : "Bareng",
  "kodepos" : "61474"
}, {
  "kecamatan" : "Ngoro",
  "kelurahan" : "Rejoagung",
  "kodepos" : "61473"
}, {
  "kecamatan" : "Ngoro",
  "kelurahan" : "Sidowarek",
  "kodepos" : "61473"
}, {
  "kecamatan" : "Ngoro",
  "kelurahan" : "Sugihwaras",
  "kodepos" : "61473"
}, {
  "kecamatan" : "Ngoro",
  "kelurahan" : "Ngoro",
  "kodepos" : "61473"
}, {
  "kecamatan" : "Ngoro",
  "kelurahan" : "Pulorejo",
  "kodepos" : "61473"
}, {
  "kecamatan" : "Ngoro",
  "kelurahan" : "Kertorejo",
  "kodepos" : "61473"
}, {
  "kecamatan" : "Ngoro",
  "kelurahan" : "Kesamben",
  "kodepos" : "61473"
}, {
  "kecamatan" : "Ngoro",
  "kelurahan" : "Genukwatu",
  "kodepos" : "61473"
}, {
  "kecamatan" : "Ngoro",
  "kelurahan" : "Jombok",
  "kodepos" : "61473"
}, {
  "kecamatan" : "Ngoro",
  "kelurahan" : "Kauman",
  "kodepos" : "61473"
}, {
  "kecamatan" : "Ngoro",
  "kelurahan" : "Gajah",
  "kodepos" : "61473"
}, {
  "kecamatan" : "Ngoro",
  "kelurahan" : "Badang",
  "kodepos" : "61473"
}, {
  "kecamatan" : "Ngoro",
  "kelurahan" : "Banyuarang",
  "kodepos" : "61473"
}, {
  "kecamatan" : "Diwek",
  "kelurahan" : "Puton",
  "kodepos" : "61471"
}, {
  "kecamatan" : "Diwek",
  "kelurahan" : "Watugaluh",
  "kodepos" : "61471"
}, {
  "kecamatan" : "Diwek",
  "kelurahan" : "Pundong",
  "kodepos" : "61471"
}, {
  "kecamatan" : "Diwek",
  "kelurahan" : "Pandanwangi",
  "kodepos" : "61471"
}, {
  "kecamatan" : "Diwek",
  "kelurahan" : "Kwaron",
  "kodepos" : "61471"
}, {
  "kecamatan" : "Diwek",
  "kelurahan" : "Ngudirejo",
  "kodepos" : "61471"
}, {
  "kecamatan" : "Diwek",
  "kelurahan" : "Kedawong",
  "kodepos" : "61471"
}, {
  "kecamatan" : "Diwek",
  "kelurahan" : "Keras",
  "kodepos" : "61471"
}, {
  "kecamatan" : "Diwek",
  "kelurahan" : "Jatirejo",
  "kodepos" : "61471"
}, {
  "kecamatan" : "Diwek",
  "kelurahan" : "Kayangan",
  "kodepos" : "61471"
}, {
  "kecamatan" : "Diwek",
  "kelurahan" : "Grogol",
  "kodepos" : "61471"
}, {
  "kecamatan" : "Diwek",
  "kelurahan" : "Jatipelem",
  "kodepos" : "61471"
}, {
  "kecamatan" : "Diwek",
  "kelurahan" : "Cukir",
  "kodepos" : "61471"
}, {
  "kecamatan" : "Diwek",
  "kelurahan" : "Diwek",
  "kodepos" : "61471"
}, {
  "kecamatan" : "Diwek",
  "kelurahan" : "Bulurejo",
  "kodepos" : "61471"
}, {
  "kecamatan" : "Diwek",
  "kelurahan" : "Ceweng",
  "kodepos" : "61471"
}, {
  "kecamatan" : "Diwek",
  "kelurahan" : "Bendet",
  "kodepos" : "61471"
}, {
  "kecamatan" : "Diwek",
  "kelurahan" : "Brambang",
  "kodepos" : "61471"
}, {
  "kecamatan" : "Diwek",
  "kelurahan" : "Balong Besuk",
  "kodepos" : "61471"
}, {
  "kecamatan" : "Diwek",
  "kelurahan" : "Bandung",
  "kodepos" : "61471"
}, {
  "kecamatan" : "Gudo",
  "kelurahan" : "Tanggungan",
  "kodepos" : "61463"
}, {
  "kecamatan" : "Gudo",
  "kelurahan" : "Wangkalkepuh",
  "kodepos" : "61463"
}, {
  "kecamatan" : "Gudo",
  "kelurahan" : "Sukoiber",
  "kodepos" : "61463"
}, {
  "kecamatan" : "Gudo",
  "kelurahan" : "Sukopinggir",
  "kodepos" : "61463"
}, {
  "kecamatan" : "Gudo",
  "kelurahan" : "Pucangro",
  "kodepos" : "61463"
}, {
  "kecamatan" : "Gudo",
  "kelurahan" : "Sepanyul",
  "kodepos" : "61463"
}, {
  "kecamatan" : "Gudo",
  "kelurahan" : "Pesanggrahan",
  "kodepos" : "61463"
}, {
  "kecamatan" : "Gudo",
  "kelurahan" : "Plumbon Gambang",
  "kodepos" : "61463"
}, {
  "kecamatan" : "Gudo",
  "kelurahan" : "Mentaos",
  "kodepos" : "61463"
}, {
  "kecamatan" : "Gudo",
  "kelurahan" : "Mejoyolosari",
  "kodepos" : "61463"
}, {
  "kecamatan" : "Gudo",
  "kelurahan" : "Japanan",
  "kodepos" : "61463"
}, {
  "kecamatan" : "Gudo",
  "kelurahan" : "Kedungturi",
  "kodepos" : "61463"
}, {
  "kecamatan" : "Gudo",
  "kelurahan" : "Krembangan",
  "kodepos" : "61463"
}, {
  "kecamatan" : "Gudo",
  "kelurahan" : "Godong",
  "kodepos" : "61463"
}, {
  "kecamatan" : "Gudo",
  "kelurahan" : "Gudo",
  "kodepos" : "61463"
}, {
  "kecamatan" : "Gudo",
  "kelurahan" : "Bugasur Kedaleman",
  "kodepos" : "61463"
}, {
  "kecamatan" : "Gudo",
  "kelurahan" : "Gempol Legundi",
  "kodepos" : "61463"
}, {
  "kecamatan" : "Gudo",
  "kelurahan" : "Blimbing",
  "kodepos" : "61463"
}, {
  "kecamatan" : "Bandar Kedung Mulyo",
  "kelurahan" : "Mojokambang",
  "kodepos" : "61462"
}, {
  "kecamatan" : "Bandar Kedung Mulyo",
  "kelurahan" : "Pucang Simo",
  "kodepos" : "61462"
}, {
  "kecamatan" : "Bandar Kedung Mulyo",
  "kelurahan" : "Tinggar",
  "kodepos" : "61462"
}, {
  "kecamatan" : "Bandar Kedung Mulyo",
  "kelurahan" : "Karang Dagangan",
  "kodepos" : "61462"
}, {
  "kecamatan" : "Bandar Kedung Mulyo",
  "kelurahan" : "Kayen",
  "kodepos" : "61462"
}, {
  "kecamatan" : "Bandar Kedung Mulyo",
  "kelurahan" : "Brodot",
  "kodepos" : "61462"
}, {
  "kecamatan" : "Bandar Kedung Mulyo",
  "kelurahan" : "Gondang Manis",
  "kodepos" : "61462"
}, {
  "kecamatan" : "Bandar Kedung Mulyo",
  "kelurahan" : "Barong Sawahan",
  "kodepos" : "61462"
}, {
  "kecamatan" : "Bandar Kedung Mulyo",
  "kelurahan" : "Brangkal",
  "kodepos" : "61462"
}, {
  "kecamatan" : "Bandar Kedung Mulyo",
  "kelurahan" : "Bandar Kedung Mulyo",
  "kodepos" : "61462"
}, {
  "kecamatan" : "Bandar Kedung Mulyo",
  "kelurahan" : "Banjar Sari",
  "kodepos" : "61462"
}, {
  "kecamatan" : "Perak",
  "kelurahan" : "Sumberagung",
  "kodepos" : "61461"
}, {
  "kecamatan" : "Perak",
  "kelurahan" : "Temuwulan",
  "kodepos" : "61461"
}, {
  "kecamatan" : "Perak",
  "kelurahan" : "Plosogenuk",
  "kodepos" : "61461"
}, {
  "kecamatan" : "Perak",
  "kelurahan" : "Sembung",
  "kodepos" : "61461"
}, {
  "kecamatan" : "Perak",
  "kelurahan" : "Sukorejo",
  "kodepos" : "61461"
}, {
  "kecamatan" : "Perak",
  "kelurahan" : "Pagerwojo",
  "kodepos" : "61461"
}, {
  "kecamatan" : "Perak",
  "kelurahan" : "Perak",
  "kodepos" : "61461"
}, {
  "kecamatan" : "Perak",
  "kelurahan" : "Jantiganggong",
  "kodepos" : "61461"
}, {
  "kecamatan" : "Perak",
  "kelurahan" : "Kalang Semanding",
  "kodepos" : "61461"
}, {
  "kecamatan" : "Perak",
  "kelurahan" : "Kepuhkajang",
  "kodepos" : "61461"
}, {
  "kecamatan" : "Perak",
  "kelurahan" : "Gadingmangu",
  "kodepos" : "61461"
}, {
  "kecamatan" : "Perak",
  "kelurahan" : "Gadingmangu",
  "kodepos" : "61461"
}, {
  "kecamatan" : "Megaluh",
  "kelurahan" : "Turi Pinggir",
  "kodepos" : "61457"
}, {
  "kecamatan" : "Perak",
  "kelurahan" : "Cangkringrandu",
  "kodepos" : "61461"
}, {
  "kecamatan" : "Megaluh",
  "kelurahan" : "Sudimoro",
  "kodepos" : "61457"
}, {
  "kecamatan" : "Megaluh",
  "kelurahan" : "Sumber Agung",
  "kodepos" : "61457"
}, {
  "kecamatan" : "Megaluh",
  "kelurahan" : "Sumbersari",
  "kodepos" : "61457"
}, {
  "kecamatan" : "Megaluh",
  "kelurahan" : "Sidomulyo",
  "kodepos" : "61457"
}, {
  "kecamatan" : "Megaluh",
  "kelurahan" : "Ngogri",
  "kodepos" : "61457"
}, {
  "kecamatan" : "Megaluh",
  "kelurahan" : "Pacar Peluk",
  "kodepos" : "61457"
}, {
  "kecamatan" : "Megaluh",
  "kelurahan" : "Gongseng",
  "kodepos" : "61457"
}, {
  "kecamatan" : "Megaluh",
  "kelurahan" : "Kedung Rejo",
  "kodepos" : "61457"
}, {
  "kecamatan" : "Megaluh",
  "kelurahan" : "Megaluh",
  "kodepos" : "61457"
}, {
  "kecamatan" : "Megaluh",
  "kelurahan" : "Balonggemek",
  "kodepos" : "61457"
}, {
  "kecamatan" : "Megaluh",
  "kelurahan" : "Balongsari",
  "kodepos" : "61457"
}, {
  "kecamatan" : "Megaluh",
  "kelurahan" : "Dukuh Arum",
  "kodepos" : "61457"
}, {
  "kecamatan" : "Plandaan",
  "kelurahan" : "Tondowulan",
  "kodepos" : "61456"
}, {
  "kecamatan" : "Plandaan",
  "kelurahan" : "Sumberjo",
  "kodepos" : "61456"
}, {
  "kecamatan" : "Plandaan",
  "kelurahan" : "Plandaan",
  "kodepos" : "61456"
}, {
  "kecamatan" : "Plandaan",
  "kelurahan" : "Purisemanding",
  "kodepos" : "61456"
}, {
  "kecamatan" : "Plandaan",
  "kelurahan" : "Karang Mojo",
  "kodepos" : "61456"
}, {
  "kecamatan" : "Plandaan",
  "kelurahan" : "Klitih",
  "kodepos" : "61456"
}, {
  "kecamatan" : "Plandaan",
  "kelurahan" : "Plabuhan",
  "kodepos" : "61456"
}, {
  "kecamatan" : "Plandaan",
  "kelurahan" : "Jipurapah",
  "kodepos" : "61456"
}, {
  "kecamatan" : "Plandaan",
  "kelurahan" : "Kampungbaru",
  "kodepos" : "61456"
}, {
  "kecamatan" : "Plandaan",
  "kelurahan" : "Gebang Bunder",
  "kodepos" : "61456"
}, {
  "kecamatan" : "Plandaan",
  "kelurahan" : "Jatimlerek",
  "kodepos" : "61456"
}, {
  "kecamatan" : "Plandaan",
  "kelurahan" : "Bangsri",
  "kodepos" : "61456"
}, {
  "kecamatan" : "Plandaan",
  "kelurahan" : "Darurejo",
  "kodepos" : "61456"
}, {
  "kecamatan" : "Kabuh",
  "kelurahan" : "Tanjung Wadung",
  "kodepos" : "61455"
}, {
  "kecamatan" : "Kabuh",
  "kelurahan" : "Sumberringin",
  "kodepos" : "61455"
}, {
  "kecamatan" : "Kabuh",
  "kelurahan" : "Sumberaji",
  "kodepos" : "61455"
}, {
  "kecamatan" : "Kabuh",
  "kelurahan" : "Pengampon",
  "kodepos" : "61455"
}, {
  "kecamatan" : "Kabuh",
  "kelurahan" : "Sukodadi",
  "kodepos" : "61455"
}, {
  "kecamatan" : "Kabuh",
  "kelurahan" : "Sumber Gondang",
  "kodepos" : "61455"
}, {
  "kecamatan" : "Kabuh",
  "kelurahan" : "Munung Kerep",
  "kodepos" : "61455"
}, {
  "kecamatan" : "Kabuh",
  "kelurahan" : "Manduro",
  "kodepos" : "61455"
}, {
  "kecamatan" : "Kabuh",
  "kelurahan" : "Mangunan",
  "kodepos" : "61455"
}, {
  "kecamatan" : "Kabuh",
  "kelurahan" : "Marmoyo",
  "kodepos" : "61455"
}, {
  "kecamatan" : "Kabuh",
  "kelurahan" : "Kauman",
  "kodepos" : "61455"
}, {
  "kecamatan" : "Kabuh",
  "kelurahan" : "Kedung Jati",
  "kodepos" : "61455"
}, {
  "kecamatan" : "Kabuh",
  "kelurahan" : "Kabuh",
  "kodepos" : "61455"
}, {
  "kecamatan" : "Kabuh",
  "kelurahan" : "Karang Pakis",
  "kodepos" : "61455"
}, {
  "kecamatan" : "Kabuh",
  "kelurahan" : "Banjar Dowo",
  "kodepos" : "61455"
}, {
  "kecamatan" : "Kabuh",
  "kelurahan" : "Genengan Jasem",
  "kodepos" : "61455"
}, {
  "kecamatan" : "Kudu",
  "kelurahan" : "Sumber Teguh",
  "kodepos" : "61454"
}, {
  "kecamatan" : "Kudu",
  "kelurahan" : "Tapen",
  "kodepos" : "61454"
}, {
  "kecamatan" : "Kudu",
  "kelurahan" : "Sidokaton",
  "kodepos" : "61454"
}, {
  "kecamatan" : "Ngusikan",
  "kelurahan" : "Sumber Nongko",
  "kodepos" : "61454"
}, {
  "kecamatan" : "Kudu",
  "kelurahan" : "Randuwatang",
  "kodepos" : "61454"
}, {
  "kecamatan" : "Ngusikan",
  "kelurahan" : "Ngampel",
  "kodepos" : "61454"
}, {
  "kecamatan" : "Ngusikan",
  "kelurahan" : "Ngusikan",
  "kodepos" : "61454"
}, {
  "kecamatan" : "Ngusikan",
  "kelurahan" : "Mojodanu",
  "kodepos" : "61454"
}, {
  "kecamatan" : "Kudu",
  "kelurahan" : "Menturus",
  "kodepos" : "61454"
}, {
  "kecamatan" : "Kudu",
  "kelurahan" : "Made",
  "kodepos" : "61454"
}, {
  "kecamatan" : "Ngusikan",
  "kelurahan" : "Manunggal",
  "kodepos" : "61454"
}, {
  "kecamatan" : "Kudu",
  "kelurahan" : "Kudubanjar",
  "kodepos" : "61454"
}, {
  "kecamatan" : "Ngusikan",
  "kelurahan" : "Ketapang Kuning",
  "kodepos" : "61454"
}, {
  "kecamatan" : "Ngusikan",
  "kelurahan" : "Kromong",
  "kodepos" : "61454"
}, {
  "kecamatan" : "Kudu",
  "kelurahan" : "Kepuhrejo",
  "kodepos" : "61454"
}, {
  "kecamatan" : "Ngusikan",
  "kelurahan" : "Keboan",
  "kodepos" : "61454"
}, {
  "kecamatan" : "Ngusikan",
  "kelurahan" : "Kedung Bogo",
  "kodepos" : "61454"
}, {
  "kecamatan" : "Ngusikan",
  "kelurahan" : "Cupak",
  "kodepos" : "61454"
}, {
  "kecamatan" : "Kudu",
  "kelurahan" : "Katemas",
  "kodepos" : "61454"
}, {
  "kecamatan" : "Kudu",
  "kelurahan" : "Bakalanrayung",
  "kodepos" : "61454"
}, {
  "kecamatan" : "Kudu",
  "kelurahan" : "Bendungan",
  "kodepos" : "61454"
}, {
  "kecamatan" : "Ploso",
  "kelurahan" : "Tanggung Kramat",
  "kodepos" : "61453"
}, {
  "kecamatan" : "Ngusikan",
  "kelurahan" : "Asem Gede",
  "kodepos" : "61454"
}, {
  "kecamatan" : "Ploso",
  "kelurahan" : "Pandan Blole",
  "kodepos" : "61453"
}, {
  "kecamatan" : "Ploso",
  "kelurahan" : "Ploso",
  "kodepos" : "61453"
}, {
  "kecamatan" : "Ploso",
  "kelurahan" : "Rejoagung",
  "kodepos" : "61453"
}, {
  "kecamatan" : "Ploso",
  "kelurahan" : "Losari",
  "kodepos" : "61453"
}, {
  "kecamatan" : "Ploso",
  "kelurahan" : "Pager Tanjung",
  "kodepos" : "61453"
}, {
  "kecamatan" : "Ploso",
  "kelurahan" : "Kebon Agung",
  "kodepos" : "61453"
}, {
  "kecamatan" : "Ploso",
  "kelurahan" : "Kedungdowo",
  "kodepos" : "61453"
}, {
  "kecamatan" : "Ploso",
  "kelurahan" : "Gedongombo",
  "kodepos" : "61453"
}, {
  "kecamatan" : "Ploso",
  "kelurahan" : "Jatibanjar",
  "kodepos" : "61453"
}, {
  "kecamatan" : "Ploso",
  "kelurahan" : "Jatigedong",
  "kodepos" : "61453"
}, {
  "kecamatan" : "Ploso",
  "kelurahan" : "Bawangan",
  "kodepos" : "61453"
}, {
  "kecamatan" : "Ploso",
  "kelurahan" : "Dadi Tunggal",
  "kodepos" : "61453"
}, {
  "kecamatan" : "Tembelang",
  "kelurahan" : "Tamping Mojo",
  "kodepos" : "61452"
}, {
  "kecamatan" : "Tembelang",
  "kelurahan" : "Tembelang",
  "kodepos" : "61452"
}, {
  "kecamatan" : "Tembelang",
  "kelurahan" : "Sentul",
  "kodepos" : "61452"
}, {
  "kecamatan" : "Tembelang",
  "kelurahan" : "Pulo Gedang",
  "kodepos" : "61452"
}, {
  "kecamatan" : "Tembelang",
  "kelurahan" : "Pulorejo",
  "kodepos" : "61452"
}, {
  "kecamatan" : "Tembelang",
  "kelurahan" : "Rejoso Pinggir",
  "kodepos" : "61452"
}, {
  "kecamatan" : "Tembelang",
  "kelurahan" : "Mojokrapak",
  "kodepos" : "61452"
}, {
  "kecamatan" : "Tembelang",
  "kelurahan" : "Pesantren",
  "kodepos" : "61452"
}, {
  "kecamatan" : "Tembelang",
  "kelurahan" : "Kedung Losari",
  "kodepos" : "61452"
}, {
  "kecamatan" : "Tembelang",
  "kelurahan" : "Kedung Otok",
  "kodepos" : "61452"
}, {
  "kecamatan" : "Tembelang",
  "kelurahan" : "Kepuh Doko",
  "kodepos" : "61452"
}, {
  "kecamatan" : "Tembelang",
  "kelurahan" : "Jati Wates",
  "kodepos" : "61452"
}, {
  "kecamatan" : "Tembelang",
  "kelurahan" : "Kali Kejambon",
  "kodepos" : "61452"
}, {
  "kecamatan" : "Tembelang",
  "kelurahan" : "Bedah Lawak",
  "kodepos" : "61452"
}, {
  "kecamatan" : "Tembelang",
  "kelurahan" : "Gabusbanaran",
  "kodepos" : "61452"
}, {
  "kecamatan" : "Jombang",
  "kelurahan" : "Tambak Rejo",
  "kodepos" : "61419"
}, {
  "kecamatan" : "Jombang",
  "kelurahan" : "Tunggorono",
  "kodepos" : "61419"
}, {
  "kecamatan" : "Jombang",
  "kelurahan" : "Sumberjo",
  "kodepos" : "61419"
}, {
  "kecamatan" : "Jombang",
  "kelurahan" : "Kaliwungu",
  "kodepos" : "61419"
}, {
  "kecamatan" : "Jombang",
  "kelurahan" : "Sambong Dukuh",
  "kodepos" : "61419"
}, {
  "kecamatan" : "Jombang",
  "kelurahan" : "Candi Mulyo",
  "kodepos" : "61419"
}, {
  "kecamatan" : "Jombang",
  "kelurahan" : "Dapur Kejambon",
  "kodepos" : "61419"
}, {
  "kecamatan" : "Jombang",
  "kelurahan" : "Jombatan",
  "kodepos" : "61419"
}, {
  "kecamatan" : "Jombang",
  "kelurahan" : "Sengon",
  "kodepos" : "61418"
}, {
  "kecamatan" : "Jombang",
  "kelurahan" : "Banjar Dowo",
  "kodepos" : "61419"
}, {
  "kecamatan" : "Jombang",
  "kelurahan" : "Pulo Lor",
  "kodepos" : "61417"
}, {
  "kecamatan" : "Jombang",
  "kelurahan" : "Jabon",
  "kodepos" : "61418"
}, {
  "kecamatan" : "Jombang",
  "kelurahan" : "Plosogeneng",
  "kodepos" : "61416"
}, {
  "kecamatan" : "Jombang",
  "kelurahan" : "Kepatihan",
  "kodepos" : "61417"
}, {
  "kecamatan" : "Jombang",
  "kelurahan" : "Jombang",
  "kodepos" : "61415"
}, {
  "kecamatan" : "Jombang",
  "kelurahan" : "Denanyar",
  "kodepos" : "61416"
}, {
  "kecamatan" : "Jombang",
  "kelurahan" : "Jelakombo",
  "kodepos" : "61412"
}, {
  "kecamatan" : "Jombang",
  "kelurahan" : "Plandi",
  "kodepos" : "61412"
}, {
  "kecamatan" : "Jombang",
  "kelurahan" : "Mojongapit",
  "kodepos" : "61413"
}, {
  "kecamatan" : "Jombang",
  "kelurahan" : "Kepanjen",
  "kodepos" : "61411"
} ]
