[ {
  "kecamatan" : "Ngoro",
  "kelurahan" : "Wotanmasjedong",
  "kodepos" : "61385"
}, {
  "kecamatan" : "Ngoro",
  "kelurahan" : "Watesnegoro",
  "kodepos" : "61385"
}, {
  "kecamatan" : "Ngoro",
  "kelurahan" : "Wonosari",
  "kodepos" : "61385"
}, {
  "kecamatan" : "Ngoro",
  "kelurahan" : "Sukoanyar",
  "kodepos" : "61385"
}, {
  "kecamatan" : "Ngoro",
  "kelurahan" : "Tambakrejo",
  "kodepos" : "61385"
}, {
  "kecamatan" : "Ngoro",
  "kelurahan" : "Tanjangrono",
  "kodepos" : "61385"
}, {
  "kecamatan" : "Ngoro",
  "kelurahan" : "Purwojati",
  "kodepos" : "61385"
}, {
  "kecamatan" : "Ngoro",
  "kelurahan" : "Sedati",
  "kodepos" : "61385"
}, {
  "kecamatan" : "Ngoro",
  "kelurahan" : "Srigading",
  "kodepos" : "61385"
}, {
  "kecamatan" : "Ngoro",
  "kelurahan" : "Ngoro",
  "kodepos" : "61385"
}, {
  "kecamatan" : "Ngoro",
  "kelurahan" : "Manduro Manggung Gajah",
  "kodepos" : "61385"
}, {
  "kecamatan" : "Ngoro",
  "kelurahan" : "Kunjorowesi",
  "kodepos" : "61385"
}, {
  "kecamatan" : "Ngoro",
  "kelurahan" : "Kutogirang",
  "kodepos" : "61385"
}, {
  "kecamatan" : "Ngoro",
  "kelurahan" : "Lolawang",
  "kodepos" : "61385"
}, {
  "kecamatan" : "Ngoro",
  "kelurahan" : "Kembangsri",
  "kodepos" : "61385"
}, {
  "kecamatan" : "Ngoro",
  "kelurahan" : "Kesemen",
  "kodepos" : "61385"
}, {
  "kecamatan" : "Ngoro",
  "kelurahan" : "Bandarasri",
  "kodepos" : "61385"
}, {
  "kecamatan" : "Ngoro",
  "kelurahan" : "Candiharjo",
  "kodepos" : "61385"
}, {
  "kecamatan" : "Ngoro",
  "kelurahan" : "Jasem",
  "kodepos" : "61385"
}, {
  "kecamatan" : "Pungging",
  "kelurahan" : "Tunggalpager",
  "kodepos" : "61384"
}, {
  "kecamatan" : "Pungging",
  "kelurahan" : "Watukenongo",
  "kodepos" : "61384"
}, {
  "kecamatan" : "Pungging",
  "kelurahan" : "Randuharjo",
  "kodepos" : "61384"
}, {
  "kecamatan" : "Pungging",
  "kelurahan" : "Sekargadung",
  "kodepos" : "61384"
}, {
  "kecamatan" : "Pungging",
  "kelurahan" : "Tempuran",
  "kodepos" : "61384"
}, {
  "kecamatan" : "Pungging",
  "kelurahan" : "Pungging",
  "kodepos" : "61384"
}, {
  "kecamatan" : "Pungging",
  "kelurahan" : "Purworejo",
  "kodepos" : "61384"
}, {
  "kecamatan" : "Pungging",
  "kelurahan" : "Mojorejo",
  "kodepos" : "61384"
}, {
  "kecamatan" : "Pungging",
  "kelurahan" : "Ngrame",
  "kodepos" : "61384"
}, {
  "kecamatan" : "Pungging",
  "kelurahan" : "Kembangringgit",
  "kodepos" : "61384"
}, {
  "kecamatan" : "Pungging",
  "kelurahan" : "Lebaksono",
  "kodepos" : "61384"
}, {
  "kecamatan" : "Pungging",
  "kelurahan" : "Jatilangkung",
  "kodepos" : "61384"
}, {
  "kecamatan" : "Pungging",
  "kelurahan" : "Kalipuro",
  "kodepos" : "61384"
}, {
  "kecamatan" : "Pungging",
  "kelurahan" : "Kedungmunggal",
  "kodepos" : "61384"
}, {
  "kecamatan" : "Pungging",
  "kelurahan" : "Curahmojo",
  "kodepos" : "61384"
}, {
  "kecamatan" : "Pungging",
  "kelurahan" : "Jabontegal",
  "kodepos" : "61384"
}, {
  "kecamatan" : "Pungging",
  "kelurahan" : "Bangun",
  "kodepos" : "61384"
}, {
  "kecamatan" : "Pungging",
  "kelurahan" : "Banjartanggul",
  "kodepos" : "61384"
}, {
  "kecamatan" : "Kutorejo",
  "kelurahan" : "Wonodadi",
  "kodepos" : "61383"
}, {
  "kecamatan" : "Pungging",
  "kelurahan" : "Balongmasin",
  "kodepos" : "61384"
}, {
  "kecamatan" : "Kutorejo",
  "kelurahan" : "Singowangi",
  "kodepos" : "61383"
}, {
  "kecamatan" : "Kutorejo",
  "kelurahan" : "Windurejo",
  "kodepos" : "61383"
}, {
  "kecamatan" : "Kutorejo",
  "kelurahan" : "Sawo",
  "kodepos" : "61383"
}, {
  "kecamatan" : "Kutorejo",
  "kelurahan" : "Simbaringin",
  "kodepos" : "61383"
}, {
  "kecamatan" : "Kutorejo",
  "kelurahan" : "Pesanggrahan",
  "kodepos" : "61383"
}, {
  "kecamatan" : "Kutorejo",
  "kelurahan" : "Sampangagung",
  "kodepos" : "61383"
}, {
  "kecamatan" : "Kutorejo",
  "kelurahan" : "Payungrejo",
  "kodepos" : "61383"
}, {
  "kecamatan" : "Kutorejo",
  "kelurahan" : "Kutorejo",
  "kodepos" : "61383"
}, {
  "kecamatan" : "Kutorejo",
  "kelurahan" : "Payungrejo",
  "kodepos" : "61383"
}, {
  "kecamatan" : "Kutorejo",
  "kelurahan" : "Kepuharum",
  "kodepos" : "61383"
}, {
  "kecamatan" : "Kutorejo",
  "kelurahan" : "Kepuhpandak",
  "kodepos" : "61383"
}, {
  "kecamatan" : "Kutorejo",
  "kelurahan" : "Karangasem",
  "kodepos" : "61383"
}, {
  "kecamatan" : "Kutorejo",
  "kelurahan" : "Karangdiyeng",
  "kodepos" : "61383"
}, {
  "kecamatan" : "Kutorejo",
  "kelurahan" : "Jiyu",
  "kodepos" : "61383"
}, {
  "kecamatan" : "Kutorejo",
  "kelurahan" : "Kaligoro",
  "kodepos" : "61383"
}, {
  "kecamatan" : "Mojosari",
  "kelurahan" : "Wonokusumo",
  "kodepos" : "61382"
}, {
  "kecamatan" : "Kutorejo",
  "kelurahan" : "Gedangan",
  "kodepos" : "61383"
}, {
  "kecamatan" : "Mojosari",
  "kelurahan" : "Seduri",
  "kodepos" : "61382"
}, {
  "kecamatan" : "Mojosari",
  "kelurahan" : "Sumbertanggul",
  "kodepos" : "61382"
}, {
  "kecamatan" : "Mojosari",
  "kelurahan" : "Sarirejo",
  "kodepos" : "61382"
}, {
  "kecamatan" : "Mojosari",
  "kelurahan" : "Sawahan",
  "kodepos" : "61382"
}, {
  "kecamatan" : "Mojosari",
  "kelurahan" : "Pekukuhan",
  "kodepos" : "61382"
}, {
  "kecamatan" : "Mojosari",
  "kelurahan" : "Randubango",
  "kodepos" : "61382"
}, {
  "kecamatan" : "Mojosari",
  "kelurahan" : "Mojosari",
  "kodepos" : "61382"
}, {
  "kecamatan" : "Mojosari",
  "kelurahan" : "Mojosulur",
  "kodepos" : "61382"
}, {
  "kecamatan" : "Mojosari",
  "kelurahan" : "Ngimbangan",
  "kodepos" : "61382"
}, {
  "kecamatan" : "Mojosari",
  "kelurahan" : "Menanggal",
  "kodepos" : "61382"
}, {
  "kecamatan" : "Mojosari",
  "kelurahan" : "Modopuro",
  "kodepos" : "61382"
}, {
  "kecamatan" : "Mojosari",
  "kelurahan" : "Kedunggempol",
  "kodepos" : "61382"
}, {
  "kecamatan" : "Mojosari",
  "kelurahan" : "Leminggir",
  "kodepos" : "61382"
}, {
  "kecamatan" : "Mojosari",
  "kelurahan" : "Kauman",
  "kodepos" : "61382"
}, {
  "kecamatan" : "Mojosari",
  "kelurahan" : "Kebondalem",
  "kodepos" : "61382"
}, {
  "kecamatan" : "Mojosari",
  "kelurahan" : "Awang Awang",
  "kodepos" : "61382"
}, {
  "kecamatan" : "Mojosari",
  "kelurahan" : "Belahantengah",
  "kodepos" : "61382"
}, {
  "kecamatan" : "Mojosari",
  "kelurahan" : "Jotangan",
  "kodepos" : "61382"
}, {
  "kecamatan" : "Bangsal",
  "kelurahan" : "Tinggarbuntut",
  "kodepos" : "61381"
}, {
  "kecamatan" : "Bangsal",
  "kelurahan" : "Sumbertebu",
  "kodepos" : "61381"
}, {
  "kecamatan" : "Bangsal",
  "kelurahan" : "Sumberwono",
  "kodepos" : "61381"
}, {
  "kecamatan" : "Bangsal",
  "kelurahan" : "Salen",
  "kodepos" : "61381"
}, {
  "kecamatan" : "Bangsal",
  "kelurahan" : "Sidomulyo",
  "kodepos" : "61381"
}, {
  "kecamatan" : "Bangsal",
  "kelurahan" : "Peterongan",
  "kodepos" : "61381"
}, {
  "kecamatan" : "Bangsal",
  "kelurahan" : "Puloniti",
  "kodepos" : "61381"
}, {
  "kecamatan" : "Bangsal",
  "kelurahan" : "Pacing",
  "kodepos" : "61381"
}, {
  "kecamatan" : "Bangsal",
  "kelurahan" : "Pekuwon",
  "kodepos" : "61381"
}, {
  "kecamatan" : "Bangsal",
  "kelurahan" : "Ngastemi",
  "kodepos" : "61381"
}, {
  "kecamatan" : "Bangsal",
  "kelurahan" : "Ngrowo",
  "kodepos" : "61381"
}, {
  "kecamatan" : "Bangsal",
  "kelurahan" : "Mejoyo",
  "kodepos" : "61381"
}, {
  "kecamatan" : "Bangsal",
  "kelurahan" : "Mojotamping",
  "kodepos" : "61381"
}, {
  "kecamatan" : "Bangsal",
  "kelurahan" : "Kedunguneng",
  "kodepos" : "61381"
}, {
  "kecamatan" : "Bangsal",
  "kelurahan" : "Kutoporong",
  "kodepos" : "61381"
}, {
  "kecamatan" : "Bangsal",
  "kelurahan" : "Bangsal",
  "kodepos" : "61381"
}, {
  "kecamatan" : "Bangsal",
  "kelurahan" : "Gayam",
  "kodepos" : "61381"
}, {
  "kecamatan" : "Trawas",
  "kelurahan" : "Tamiajeng",
  "kodepos" : "61375"
}, {
  "kecamatan" : "Trawas",
  "kelurahan" : "Trawas",
  "kodepos" : "61375"
}, {
  "kecamatan" : "Trawas",
  "kelurahan" : "Sukosari",
  "kodepos" : "61375"
}, {
  "kecamatan" : "Trawas",
  "kelurahan" : "Sugeng",
  "kodepos" : "61375"
}, {
  "kecamatan" : "Trawas",
  "kelurahan" : "Seloliman",
  "kodepos" : "61375"
}, {
  "kecamatan" : "Trawas",
  "kelurahan" : "Selotapak",
  "kodepos" : "61375"
}, {
  "kecamatan" : "Trawas",
  "kelurahan" : "Ketapanrame",
  "kodepos" : "61375"
}, {
  "kecamatan" : "Trawas",
  "kelurahan" : "Penanggungan",
  "kodepos" : "61375"
}, {
  "kecamatan" : "Trawas",
  "kelurahan" : "Kesiman",
  "kodepos" : "61375"
}, {
  "kecamatan" : "Trawas",
  "kelurahan" : "Kedungudi",
  "kodepos" : "61375"
}, {
  "kecamatan" : "Trawas",
  "kelurahan" : "Jatijejer",
  "kodepos" : "61375"
}, {
  "kecamatan" : "Trawas",
  "kelurahan" : "Duyung",
  "kodepos" : "61375"
}, {
  "kecamatan" : "Trawas",
  "kelurahan" : "Belik",
  "kodepos" : "61375"
}, {
  "kecamatan" : "Pacet",
  "kelurahan" : "Wiyu",
  "kodepos" : "61374"
}, {
  "kecamatan" : "Pacet",
  "kelurahan" : "Warugunung",
  "kodepos" : "61374"
}, {
  "kecamatan" : "Pacet",
  "kelurahan" : "Sumberkembar",
  "kodepos" : "61374"
}, {
  "kecamatan" : "Pacet",
  "kelurahan" : "Tanjungkenongo",
  "kodepos" : "61374"
}, {
  "kecamatan" : "Pacet",
  "kelurahan" : "Sajen",
  "kodepos" : "61374"
}, {
  "kecamatan" : "Pacet",
  "kelurahan" : "Pandanarum",
  "kodepos" : "61374"
}, {
  "kecamatan" : "Pacet",
  "kelurahan" : "Petak",
  "kodepos" : "61374"
}, {
  "kecamatan" : "Pacet",
  "kelurahan" : "Padusan",
  "kodepos" : "61374"
}, {
  "kecamatan" : "Pacet",
  "kelurahan" : "Pacet",
  "kodepos" : "61374"
}, {
  "kecamatan" : "Pacet",
  "kelurahan" : "Nogosari",
  "kodepos" : "61374"
}, {
  "kecamatan" : "Pacet",
  "kelurahan" : "Mojokembang",
  "kodepos" : "61374"
}, {
  "kecamatan" : "Pacet",
  "kelurahan" : "Kuripansari",
  "kodepos" : "61374"
}, {
  "kecamatan" : "Pacet",
  "kelurahan" : "Kesimantengah",
  "kodepos" : "61374"
}, {
  "kecamatan" : "Pacet",
  "kelurahan" : "Kemiri",
  "kodepos" : "61374"
}, {
  "kecamatan" : "Pacet",
  "kelurahan" : "Claket",
  "kodepos" : "61374"
}, {
  "kecamatan" : "Pacet",
  "kelurahan" : "Kembangbelor",
  "kodepos" : "61374"
}, {
  "kecamatan" : "Pacet",
  "kelurahan" : "Cepokolimo",
  "kodepos" : "61374"
}, {
  "kecamatan" : "Pacet",
  "kelurahan" : "Cembor",
  "kodepos" : "61374"
}, {
  "kecamatan" : "Pacet",
  "kelurahan" : "Candiwatu",
  "kodepos" : "61374"
}, {
  "kecamatan" : "Pacet",
  "kelurahan" : "Bendunganjati",
  "kodepos" : "61374"
}, {
  "kecamatan" : "Jatirejo",
  "kelurahan" : "Tawangrejo",
  "kodepos" : "61373"
}, {
  "kecamatan" : "Jatirejo",
  "kelurahan" : "Sumengko",
  "kodepos" : "61373"
}, {
  "kecamatan" : "Jatirejo",
  "kelurahan" : "Sumberjati",
  "kodepos" : "61373"
}, {
  "kecamatan" : "Jatirejo",
  "kelurahan" : "Sumberagung",
  "kodepos" : "61373"
}, {
  "kecamatan" : "Jatirejo",
  "kelurahan" : "Rejosari",
  "kodepos" : "61373"
}, {
  "kecamatan" : "Jatirejo",
  "kelurahan" : "Mojogeneng",
  "kodepos" : "61373"
}, {
  "kecamatan" : "Jatirejo",
  "kelurahan" : "Padangasri",
  "kodepos" : "61373"
}, {
  "kecamatan" : "Jatirejo",
  "kelurahan" : "Manting",
  "kodepos" : "61373"
}, {
  "kecamatan" : "Jatirejo",
  "kelurahan" : "Lebakjabung",
  "kodepos" : "61373"
}, {
  "kecamatan" : "Jatirejo",
  "kelurahan" : "Kumitir",
  "kodepos" : "61373"
}, {
  "kecamatan" : "Jatirejo",
  "kelurahan" : "Karangjeruk",
  "kodepos" : "61373"
}, {
  "kecamatan" : "Jatirejo",
  "kelurahan" : "Jembul",
  "kodepos" : "61373"
}, {
  "kecamatan" : "Jatirejo",
  "kelurahan" : "Jatirejo",
  "kodepos" : "61373"
}, {
  "kecamatan" : "Jatirejo",
  "kelurahan" : "Gebangsari",
  "kodepos" : "61373"
}, {
  "kecamatan" : "Jatirejo",
  "kelurahan" : "Dinoyo",
  "kodepos" : "61373"
}, {
  "kecamatan" : "Jatirejo",
  "kelurahan" : "Dukuhngarjo",
  "kodepos" : "61373"
}, {
  "kecamatan" : "Jatirejo",
  "kelurahan" : "Gading",
  "kodepos" : "61373"
}, {
  "kecamatan" : "Jatirejo",
  "kelurahan" : "Baureno",
  "kodepos" : "61373"
}, {
  "kecamatan" : "Jatirejo",
  "kelurahan" : "Bleberan",
  "kodepos" : "61373"
}, {
  "kecamatan" : "Gondang",
  "kelurahan" : "Wonoploso",
  "kodepos" : "61372"
}, {
  "kecamatan" : "Gondang",
  "kelurahan" : "Pugeran",
  "kodepos" : "61372"
}, {
  "kecamatan" : "Gondang",
  "kelurahan" : "Tawar",
  "kodepos" : "61372"
}, {
  "kecamatan" : "Gondang",
  "kelurahan" : "Ngembat",
  "kodepos" : "61372"
}, {
  "kecamatan" : "Gondang",
  "kelurahan" : "Padi",
  "kodepos" : "61372"
}, {
  "kecamatan" : "Gondang",
  "kelurahan" : "Pohjejer",
  "kodepos" : "61372"
}, {
  "kecamatan" : "Gondang",
  "kelurahan" : "Kebontunggul",
  "kodepos" : "61372"
}, {
  "kecamatan" : "Gondang",
  "kelurahan" : "Kemasantani",
  "kodepos" : "61372"
}, {
  "kecamatan" : "Gondang",
  "kelurahan" : "Kalikatir",
  "kodepos" : "61372"
}, {
  "kecamatan" : "Gondang",
  "kelurahan" : "Karangkuten",
  "kodepos" : "61372"
}, {
  "kecamatan" : "Gondang",
  "kelurahan" : "Jatidukuh",
  "kodepos" : "61372"
}, {
  "kecamatan" : "Gondang",
  "kelurahan" : "Dilem",
  "kodepos" : "61372"
}, {
  "kecamatan" : "Gondang",
  "kelurahan" : "Gondang",
  "kodepos" : "61372"
}, {
  "kecamatan" : "Gondang",
  "kelurahan" : "Gumeng",
  "kodepos" : "61372"
}, {
  "kecamatan" : "Gondang",
  "kelurahan" : "Bening",
  "kodepos" : "61372"
}, {
  "kecamatan" : "Gondang",
  "kelurahan" : "Centong",
  "kodepos" : "61372"
}, {
  "kecamatan" : "Gondang",
  "kelurahan" : "Bakalan",
  "kodepos" : "61372"
}, {
  "kecamatan" : "Gondang",
  "kelurahan" : "Begaganlimo",
  "kodepos" : "61372"
}, {
  "kecamatan" : "Dlanggu",
  "kelurahan" : "Tumapel",
  "kodepos" : "61371"
}, {
  "kecamatan" : "Dlanggu",
  "kelurahan" : "Sumbersono",
  "kodepos" : "61371"
}, {
  "kecamatan" : "Dlanggu",
  "kelurahan" : "Talok",
  "kodepos" : "61371"
}, {
  "kecamatan" : "Dlanggu",
  "kelurahan" : "Sambilawang",
  "kodepos" : "61371"
}, {
  "kecamatan" : "Dlanggu",
  "kelurahan" : "Segunung",
  "kodepos" : "61371"
}, {
  "kecamatan" : "Dlanggu",
  "kelurahan" : "Sumberkarang",
  "kodepos" : "61371"
}, {
  "kecamatan" : "Dlanggu",
  "kelurahan" : "Punggul",
  "kodepos" : "61371"
}, {
  "kecamatan" : "Dlanggu",
  "kelurahan" : "Randugenengan",
  "kodepos" : "61371"
}, {
  "kecamatan" : "Dlanggu",
  "kelurahan" : "Ngembeh",
  "kodepos" : "61371"
}, {
  "kecamatan" : "Dlanggu",
  "kelurahan" : "Pohkecik",
  "kodepos" : "61371"
}, {
  "kecamatan" : "Dlanggu",
  "kelurahan" : "Kedunglengkong",
  "kodepos" : "61371"
}, {
  "kecamatan" : "Dlanggu",
  "kelurahan" : "Mojokarang",
  "kodepos" : "61371"
}, {
  "kecamatan" : "Dlanggu",
  "kelurahan" : "Kedunggede",
  "kodepos" : "61371"
}, {
  "kecamatan" : "Dlanggu",
  "kelurahan" : "Kalen",
  "kodepos" : "61371"
}, {
  "kecamatan" : "Dlanggu",
  "kelurahan" : "Jrambe",
  "kodepos" : "61371"
}, {
  "kecamatan" : "Dlanggu",
  "kelurahan" : "Dlanggu",
  "kodepos" : "61371"
}, {
  "kecamatan" : "Mojoanyar",
  "kelurahan" : "Sadartengah",
  "kodepos" : "61364"
}, {
  "kecamatan" : "Mojoanyar",
  "kelurahan" : "Sumberjati",
  "kodepos" : "61364"
}, {
  "kecamatan" : "Mojoanyar",
  "kelurahan" : "Wunut",
  "kodepos" : "61364"
}, {
  "kecamatan" : "Mojoanyar",
  "kelurahan" : "Lengkong",
  "kodepos" : "61364"
}, {
  "kecamatan" : "Mojoanyar",
  "kelurahan" : "Ngarjo",
  "kodepos" : "61364"
}, {
  "kecamatan" : "Mojoanyar",
  "kelurahan" : "Kwatu",
  "kodepos" : "61364"
}, {
  "kecamatan" : "Mojoanyar",
  "kelurahan" : "Kwedenkembar",
  "kodepos" : "61364"
}, {
  "kecamatan" : "Mojoanyar",
  "kelurahan" : "Jumeneng",
  "kodepos" : "61364"
}, {
  "kecamatan" : "Mojoanyar",
  "kelurahan" : "Kepuhanyar",
  "kodepos" : "61364"
}, {
  "kecamatan" : "Mojoanyar",
  "kelurahan" : "Gebangmalang",
  "kodepos" : "61364"
}, {
  "kecamatan" : "Mojoanyar",
  "kelurahan" : "Jabon",
  "kodepos" : "61364"
}, {
  "kecamatan" : "Puri",
  "kelurahan" : "Tangunan",
  "kodepos" : "61363"
}, {
  "kecamatan" : "Mojoanyar",
  "kelurahan" : "Gayaman",
  "kodepos" : "61364"
}, {
  "kecamatan" : "Puri",
  "kelurahan" : "Tampungrejo",
  "kodepos" : "61363"
}, {
  "kecamatan" : "Puri",
  "kelurahan" : "Tambakagung",
  "kodepos" : "61363"
}, {
  "kecamatan" : "Puri",
  "kelurahan" : "Puri",
  "kodepos" : "61363"
}, {
  "kecamatan" : "Puri",
  "kelurahan" : "Sumbergirang",
  "kodepos" : "61363"
}, {
  "kecamatan" : "Puri",
  "kelurahan" : "Sumolawang",
  "kodepos" : "61363"
}, {
  "kecamatan" : "Puri",
  "kelurahan" : "Mlaten",
  "kodepos" : "61363"
}, {
  "kecamatan" : "Puri",
  "kelurahan" : "Plososari",
  "kodepos" : "61363"
}, {
  "kecamatan" : "Puri",
  "kelurahan" : "Kintelan",
  "kodepos" : "61363"
}, {
  "kecamatan" : "Puri",
  "kelurahan" : "Medali",
  "kodepos" : "61363"
}, {
  "kecamatan" : "Puri",
  "kelurahan" : "Kenanten",
  "kodepos" : "61363"
}, {
  "kecamatan" : "Puri",
  "kelurahan" : "Ketemasdungus",
  "kodepos" : "61363"
}, {
  "kecamatan" : "Puri",
  "kelurahan" : "Brayung",
  "kodepos" : "61363"
}, {
  "kecamatan" : "Puri",
  "kelurahan" : "Kebonagung",
  "kodepos" : "61363"
}, {
  "kecamatan" : "Puri",
  "kelurahan" : "Balongmojo",
  "kodepos" : "61363"
}, {
  "kecamatan" : "Puri",
  "kelurahan" : "Banjaragung",
  "kodepos" : "61363"
}, {
  "kecamatan" : "Trowulan",
  "kelurahan" : "Watesumpak",
  "kodepos" : "61362"
}, {
  "kecamatan" : "Trowulan",
  "kelurahan" : "Wonorejo",
  "kodepos" : "61362"
}, {
  "kecamatan" : "Trowulan",
  "kelurahan" : "Temon",
  "kodepos" : "61362"
}, {
  "kecamatan" : "Trowulan",
  "kelurahan" : "Trowulan",
  "kodepos" : "61362"
}, {
  "kecamatan" : "Trowulan",
  "kelurahan" : "Sentonorejo",
  "kodepos" : "61362"
}, {
  "kecamatan" : "Trowulan",
  "kelurahan" : "Tawangsari",
  "kodepos" : "61362"
}, {
  "kecamatan" : "Trowulan",
  "kelurahan" : "Pakis",
  "kodepos" : "61362"
}, {
  "kecamatan" : "Trowulan",
  "kelurahan" : "Panggih",
  "kodepos" : "61362"
}, {
  "kecamatan" : "Trowulan",
  "kelurahan" : "Jambuwok",
  "kodepos" : "61362"
}, {
  "kecamatan" : "Trowulan",
  "kelurahan" : "Jatipasar",
  "kodepos" : "61362"
}, {
  "kecamatan" : "Trowulan",
  "kelurahan" : "Kejagan",
  "kodepos" : "61362"
}, {
  "kecamatan" : "Trowulan",
  "kelurahan" : "Bicak",
  "kodepos" : "61362"
}, {
  "kecamatan" : "Trowulan",
  "kelurahan" : "Domas",
  "kodepos" : "61362"
}, {
  "kecamatan" : "Trowulan",
  "kelurahan" : "Beloh",
  "kodepos" : "61362"
}, {
  "kecamatan" : "Trowulan",
  "kelurahan" : "Balongwono",
  "kodepos" : "61362"
}, {
  "kecamatan" : "Trowulan",
  "kelurahan" : "Bejijong",
  "kodepos" : "61362"
}, {
  "kecamatan" : "Sooko",
  "kelurahan" : "Tempuran",
  "kodepos" : "61361"
}, {
  "kecamatan" : "Sooko",
  "kelurahan" : "Wringinrejo",
  "kodepos" : "61361"
}, {
  "kecamatan" : "Sooko",
  "kelurahan" : "Ngingasrembyong",
  "kodepos" : "61361"
}, {
  "kecamatan" : "Sooko",
  "kelurahan" : "Sambiroto",
  "kodepos" : "61361"
}, {
  "kecamatan" : "Sooko",
  "kelurahan" : "Sooko",
  "kodepos" : "61361"
}, {
  "kecamatan" : "Sooko",
  "kelurahan" : "Modongan",
  "kodepos" : "61361"
}, {
  "kecamatan" : "Sooko",
  "kelurahan" : "Mojoranu",
  "kodepos" : "61361"
}, {
  "kecamatan" : "Sooko",
  "kelurahan" : "Kedungmaling",
  "kodepos" : "61361"
}, {
  "kecamatan" : "Sooko",
  "kelurahan" : "Klinterejo",
  "kodepos" : "61361"
}, {
  "kecamatan" : "Sooko",
  "kelurahan" : "Japan",
  "kodepos" : "61361"
}, {
  "kecamatan" : "Sooko",
  "kelurahan" : "Karangkedawang",
  "kodepos" : "61361"
}, {
  "kecamatan" : "Sooko",
  "kelurahan" : "Brangkal",
  "kodepos" : "61361"
}, {
  "kecamatan" : "Sooko",
  "kelurahan" : "Gemekan",
  "kodepos" : "61361"
}, {
  "kecamatan" : "Sooko",
  "kelurahan" : "Jampirogo",
  "kodepos" : "61361"
}, {
  "kecamatan" : "Sooko",
  "kelurahan" : "Blimbingsari",
  "kodepos" : "61361"
}, {
  "kecamatan" : "Dawar Blandong",
  "kelurahan" : "Talunblandong",
  "kodepos" : "61354"
}, {
  "kecamatan" : "Dawar Blandong",
  "kelurahan" : "Temuireng",
  "kodepos" : "61354"
}, {
  "kecamatan" : "Dawar Blandong",
  "kelurahan" : "Suru",
  "kodepos" : "61354"
}, {
  "kecamatan" : "Dawar Blandong",
  "kelurahan" : "Sumberwuluh",
  "kodepos" : "61354"
}, {
  "kecamatan" : "Dawar Blandong",
  "kelurahan" : "Randegan",
  "kodepos" : "61354"
}, {
  "kecamatan" : "Dawar Blandong",
  "kelurahan" : "Simongagrok",
  "kodepos" : "61354"
}, {
  "kecamatan" : "Dawar Blandong",
  "kelurahan" : "Pucuk",
  "kodepos" : "61354"
}, {
  "kecamatan" : "Dawar Blandong",
  "kelurahan" : "Pulorejo",
  "kodepos" : "61354"
}, {
  "kecamatan" : "Dawar Blandong",
  "kelurahan" : "Gunungsari",
  "kodepos" : "61354"
}, {
  "kecamatan" : "Dawar Blandong",
  "kelurahan" : "Jatirowo",
  "kodepos" : "61354"
}, {
  "kecamatan" : "Dawar Blandong",
  "kelurahan" : "Madureso",
  "kodepos" : "61354"
}, {
  "kecamatan" : "Dawar Blandong",
  "kelurahan" : "Gunungan",
  "kodepos" : "61354"
}, {
  "kecamatan" : "Dawar Blandong",
  "kelurahan" : "Dawarblandong",
  "kodepos" : "61354"
}, {
  "kecamatan" : "Dawar Blandong",
  "kelurahan" : "Cendoro",
  "kodepos" : "61354"
}, {
  "kecamatan" : "Dawar Blandong",
  "kelurahan" : "Cinandang",
  "kodepos" : "61354"
}, {
  "kecamatan" : "Dawar Blandong",
  "kelurahan" : "Banyulegi",
  "kodepos" : "61354"
}, {
  "kecamatan" : "Dawar Blandong",
  "kelurahan" : "Brayublandong",
  "kodepos" : "61354"
}, {
  "kecamatan" : "Kemlagi",
  "kelurahan" : "Watesprojo",
  "kodepos" : "61353"
}, {
  "kecamatan" : "Dawar Blandong",
  "kelurahan" : "Bangeran",
  "kodepos" : "61354"
}, {
  "kecamatan" : "Kemlagi",
  "kelurahan" : "Pandankrajan",
  "kodepos" : "61353"
}, {
  "kecamatan" : "Kemlagi",
  "kelurahan" : "Tanjungan",
  "kodepos" : "61353"
}, {
  "kecamatan" : "Kemlagi",
  "kelurahan" : "Mojowatesrejo",
  "kodepos" : "61353"
}, {
  "kecamatan" : "Kemlagi",
  "kelurahan" : "Mojowiryo",
  "kodepos" : "61353"
}, {
  "kecamatan" : "Kemlagi",
  "kelurahan" : "Mojowono",
  "kodepos" : "61353"
}, {
  "kecamatan" : "Kemlagi",
  "kelurahan" : "Mojosarirejo",
  "kodepos" : "61353"
}, {
  "kecamatan" : "Kemlagi",
  "kelurahan" : "Mojopilang",
  "kodepos" : "61353"
}, {
  "kecamatan" : "Kemlagi",
  "kelurahan" : "Mojorejo",
  "kodepos" : "61353"
}, {
  "kecamatan" : "Kemlagi",
  "kelurahan" : "Mojokusumo",
  "kodepos" : "61353"
}, {
  "kecamatan" : "Kemlagi",
  "kelurahan" : "Mojokumpul",
  "kodepos" : "61353"
}, {
  "kecamatan" : "Kemlagi",
  "kelurahan" : "Mojojajar",
  "kodepos" : "61353"
}, {
  "kecamatan" : "Kemlagi",
  "kelurahan" : "Mojodowo",
  "kodepos" : "61353"
}, {
  "kecamatan" : "Kemlagi",
  "kelurahan" : "Mojogebang",
  "kodepos" : "61353"
}, {
  "kecamatan" : "Kemlagi",
  "kelurahan" : "Kedungsari",
  "kodepos" : "61353"
}, {
  "kecamatan" : "Kemlagi",
  "kelurahan" : "Kemlagi",
  "kodepos" : "61353"
}, {
  "kecamatan" : "Kemlagi",
  "kelurahan" : "Mojodadi",
  "kodepos" : "61353"
}, {
  "kecamatan" : "Kemlagi",
  "kelurahan" : "Betro",
  "kodepos" : "61353"
}, {
  "kecamatan" : "Kemlagi",
  "kelurahan" : "Japanan",
  "kodepos" : "61353"
}, {
  "kecamatan" : "Kemlagi",
  "kelurahan" : "Beratkulon",
  "kodepos" : "61353"
}, {
  "kecamatan" : "Jetis",
  "kelurahan" : "Perning",
  "kodepos" : "61352"
}, {
  "kecamatan" : "Jetis",
  "kelurahan" : "Sawo",
  "kodepos" : "61352"
}, {
  "kecamatan" : "Jetis",
  "kelurahan" : "Sidorejo",
  "kodepos" : "61352"
}, {
  "kecamatan" : "Jetis",
  "kelurahan" : "Paringan",
  "kodepos" : "61352"
}, {
  "kecamatan" : "Jetis",
  "kelurahan" : "Penompo",
  "kodepos" : "61352"
}, {
  "kecamatan" : "Jetis",
  "kelurahan" : "Mojorejo",
  "kodepos" : "61352"
}, {
  "kecamatan" : "Jetis",
  "kelurahan" : "Ngabar",
  "kodepos" : "61352"
}, {
  "kecamatan" : "Jetis",
  "kelurahan" : "Mlirip",
  "kodepos" : "61352"
}, {
  "kecamatan" : "Jetis",
  "kelurahan" : "Mojolebak",
  "kodepos" : "61352"
}, {
  "kecamatan" : "Jetis",
  "kelurahan" : "Kupang",
  "kodepos" : "61352"
}, {
  "kecamatan" : "Jetis",
  "kelurahan" : "Lakardowo",
  "kodepos" : "61352"
}, {
  "kecamatan" : "Jetis",
  "kelurahan" : "Jetis",
  "kodepos" : "61352"
}, {
  "kecamatan" : "Jetis",
  "kelurahan" : "Jolotundo",
  "kodepos" : "61352"
}, {
  "kecamatan" : "Jetis",
  "kelurahan" : "Bendung",
  "kodepos" : "61352"
}, {
  "kecamatan" : "Jetis",
  "kelurahan" : "Canggu",
  "kodepos" : "61352"
}, {
  "kecamatan" : "Jetis",
  "kelurahan" : "Banjarsari",
  "kodepos" : "61352"
}, {
  "kecamatan" : "Gedeg",
  "kelurahan" : "Terusan",
  "kodepos" : "61351"
}, {
  "kecamatan" : "Gedeg",
  "kelurahan" : "Pagerluyung",
  "kodepos" : "61351"
}, {
  "kecamatan" : "Gedeg",
  "kelurahan" : "Sidoharjo",
  "kodepos" : "61351"
}, {
  "kecamatan" : "Gedeg",
  "kelurahan" : "Ngareskidul",
  "kodepos" : "61351"
}, {
  "kecamatan" : "Gedeg",
  "kelurahan" : "Pagerjo",
  "kodepos" : "61351"
}, {
  "kecamatan" : "Gedeg",
  "kelurahan" : "Jerukseger",
  "kodepos" : "61351"
}, {
  "kecamatan" : "Gedeg",
  "kelurahan" : "Kemantren",
  "kodepos" : "61351"
}, {
  "kecamatan" : "Gedeg",
  "kelurahan" : "Gedeg",
  "kodepos" : "61351"
}, {
  "kecamatan" : "Gedeg",
  "kelurahan" : "Gembongan",
  "kodepos" : "61351"
}, {
  "kecamatan" : "Gedeg",
  "kelurahan" : "Gempolkrep",
  "kodepos" : "61351"
}, {
  "kecamatan" : "Gedeg",
  "kelurahan" : "Batankrajan",
  "kodepos" : "61351"
}, {
  "kecamatan" : "Gedeg",
  "kelurahan" : "Beratwetan",
  "kodepos" : "61351"
}, {
  "kecamatan" : "Gedeg",
  "kelurahan" : "Balongsari",
  "kodepos" : "61351"
}, {
  "kecamatan" : "Gedeg",
  "kelurahan" : "Bandung",
  "kodepos" : "61351"
}, {
  "kecamatan" : "Prajurit Kulon",
  "kelurahan" : "Surodinawan",
  "kodepos" : "61328"
}, {
  "kecamatan" : "Prajurit Kulon",
  "kelurahan" : "Blooto",
  "kodepos" : "61327"
}, {
  "kecamatan" : "Prajurit Kulon",
  "kelurahan" : "Blooto",
  "kodepos" : "61327"
}, {
  "kecamatan" : "Prajurit Kulon",
  "kelurahan" : "Kauman",
  "kodepos" : "61324"
}, {
  "kecamatan" : "Prajurit Kulon",
  "kelurahan" : "Pulorejo",
  "kodepos" : "61325"
}, {
  "kecamatan" : "Prajurit Kulon",
  "kelurahan" : "Miji",
  "kodepos" : "61322"
}, {
  "kecamatan" : "Prajurit Kulon",
  "kelurahan" : "Mentikan",
  "kodepos" : "61323"
}, {
  "kecamatan" : "Magersari",
  "kelurahan" : "Gedongan",
  "kodepos" : "61319"
}, {
  "kecamatan" : "Prajurit Kulon",
  "kelurahan" : "Kranggan",
  "kodepos" : "61321"
}, {
  "kecamatan" : "Magersari",
  "kelurahan" : "Wates",
  "kodepos" : "61317"
}, {
  "kecamatan" : "Magersari",
  "kelurahan" : "Magersari",
  "kodepos" : "61318"
}, {
  "kecamatan" : "Magersari",
  "kelurahan" : "Meri",
  "kodepos" : "61315"
}, {
  "kecamatan" : "Magersari",
  "kelurahan" : "Kedundung",
  "kodepos" : "61316"
}, {
  "kecamatan" : "Magersari",
  "kelurahan" : "Balongsari",
  "kodepos" : "61314"
}, {
  "kecamatan" : "Magersari",
  "kelurahan" : "Gunung Gedangan",
  "kodepos" : "61315"
}, {
  "kecamatan" : "Magersari",
  "kelurahan" : "Sentanan",
  "kodepos" : "61312"
}, {
  "kecamatan" : "Magersari",
  "kelurahan" : "Jagalan",
  "kodepos" : "61313"
}, {
  "kecamatan" : "Magersari",
  "kelurahan" : "Purwotengah",
  "kodepos" : "61311"
} ]
