[ {
  "kecamatan" : "Simpang Teritip",
  "kelurahan" : "Simpang Tiga",
  "kodepos" : "33366"
}, {
  "kecamatan" : "Simpang Teritip",
  "kelurahan" : "Simpang Gung",
  "kodepos" : "33366"
}, {
  "kecamatan" : "Simpang Teritip",
  "kelurahan" : "Rambat",
  "kodepos" : "33366"
}, {
  "kecamatan" : "Simpang Teritip",
  "kelurahan" : "Peradong",
  "kodepos" : "33366"
}, {
  "kecamatan" : "Simpang Teritip",
  "kelurahan" : "Pangek",
  "kodepos" : "33366"
}, {
  "kecamatan" : "Simpang Teritip",
  "kelurahan" : "Pelangas",
  "kodepos" : "33366"
}, {
  "kecamatan" : "Simpang Teritip",
  "kelurahan" : "Mayang",
  "kodepos" : "33366"
}, {
  "kecamatan" : "Simpang Teritip",
  "kelurahan" : "Kundi",
  "kodepos" : "33366"
}, {
  "kecamatan" : "Simpang Teritip",
  "kelurahan" : "Ibul",
  "kodepos" : "33366"
}, {
  "kecamatan" : "Simpang Teritip",
  "kelurahan" : "Bukit Terak",
  "kodepos" : "33366"
}, {
  "kecamatan" : "Simpang Teritip",
  "kelurahan" : "Berang",
  "kodepos" : "33366"
}, {
  "kecamatan" : "Simpang Teritip",
  "kelurahan" : "Air Nyatoh",
  "kodepos" : "33366"
}, {
  "kecamatan" : "Simpang Teritip",
  "kelurahan" : "Air Menduyung",
  "kodepos" : "33366"
}, {
  "kecamatan" : "Tempilang",
  "kelurahan" : "Tempilang",
  "kodepos" : "33365"
}, {
  "kecamatan" : "Tempilang",
  "kelurahan" : "Tanjungniur",
  "kodepos" : "33365"
}, {
  "kecamatan" : "Tempilang",
  "kelurahan" : "Sinar Surya",
  "kodepos" : "33365"
}, {
  "kecamatan" : "Tempilang",
  "kelurahan" : "Simpang Yul",
  "kodepos" : "33365"
}, {
  "kecamatan" : "Tempilang",
  "kelurahan" : "Sangku",
  "kodepos" : "33365"
}, {
  "kecamatan" : "Tempilang",
  "kelurahan" : "Penyampak",
  "kodepos" : "33365"
}, {
  "kecamatan" : "Tempilang",
  "kelurahan" : "Buyan Kelumbi",
  "kodepos" : "33365"
}, {
  "kecamatan" : "Tempilang",
  "kelurahan" : "Benteng Kota/Kuta",
  "kodepos" : "33365"
}, {
  "kecamatan" : "Tempilang",
  "kelurahan" : "Air Lintang",
  "kodepos" : "33365"
}, {
  "kecamatan" : "Kelapa",
  "kelurahan" : "Tuik",
  "kodepos" : "33364"
}, {
  "kecamatan" : "Kelapa",
  "kelurahan" : "Terentang",
  "kodepos" : "33364"
}, {
  "kecamatan" : "Kelapa",
  "kelurahan" : "Tugang",
  "kodepos" : "33364"
}, {
  "kecamatan" : "Kelapa",
  "kelurahan" : "Tebing",
  "kodepos" : "33364"
}, {
  "kecamatan" : "Kelapa",
  "kelurahan" : "Sinar Sari",
  "kodepos" : "33364"
}, {
  "kecamatan" : "Kelapa",
  "kelurahan" : "Pangkal Beras",
  "kodepos" : "33364"
}, {
  "kecamatan" : "Kelapa",
  "kelurahan" : "Pusuk",
  "kodepos" : "33364"
}, {
  "kecamatan" : "Kelapa",
  "kelurahan" : "Mancung",
  "kodepos" : "33364"
}, {
  "kecamatan" : "Kelapa",
  "kelurahan" : "Kayuarang",
  "kodepos" : "33364"
}, {
  "kecamatan" : "Kelapa",
  "kelurahan" : "Kelapa",
  "kodepos" : "33364"
}, {
  "kecamatan" : "Kelapa",
  "kelurahan" : "Beruas",
  "kodepos" : "33364"
}, {
  "kecamatan" : "Kelapa",
  "kelurahan" : "Dendang",
  "kodepos" : "33364"
}, {
  "kecamatan" : "Kelapa",
  "kelurahan" : "Kacung",
  "kodepos" : "33364"
}, {
  "kecamatan" : "Jebus",
  "kelurahan" : "Tumbak Petar",
  "kodepos" : "33362"
}, {
  "kecamatan" : "Kelapa",
  "kelurahan" : "Air Bulin",
  "kodepos" : "33364"
}, {
  "kecamatan" : "Parittiga",
  "kelurahan" : "Telak",
  "kodepos" : "33362"
}, {
  "kecamatan" : "Parittiga",
  "kelurahan" : "Teluk Limau",
  "kodepos" : "33362"
}, {
  "kecamatan" : "Jebus",
  "kelurahan" : "Sinar Manik",
  "kodepos" : "33362"
}, {
  "kecamatan" : "Jebus",
  "kelurahan" : "Sungai Buluh",
  "kodepos" : "33362"
}, {
  "kecamatan" : "Parittiga",
  "kelurahan" : "Sekar Biru",
  "kodepos" : "33362"
}, {
  "kecamatan" : "Parittiga",
  "kelurahan" : "Semulut",
  "kodepos" : "33362"
}, {
  "kecamatan" : "Jebus",
  "kelurahan" : "Ranggi Asam",
  "kodepos" : "33362"
}, {
  "kecamatan" : "Jebus",
  "kelurahan" : "Rukam",
  "kodepos" : "33362"
}, {
  "kecamatan" : "Jebus",
  "kelurahan" : "Pebuar",
  "kodepos" : "33362"
}, {
  "kecamatan" : "Parittiga",
  "kelurahan" : "Puput",
  "kodepos" : "33362"
}, {
  "kecamatan" : "Jebus",
  "kelurahan" : "Mislak",
  "kodepos" : "33362"
}, {
  "kecamatan" : "Parittiga",
  "kelurahan" : "Kelabat",
  "kodepos" : "33362"
}, {
  "kecamatan" : "Jebus",
  "kelurahan" : "Ketap",
  "kodepos" : "33362"
}, {
  "kecamatan" : "Jebus",
  "kelurahan" : "Limbung",
  "kodepos" : "33362"
}, {
  "kecamatan" : "Parittiga",
  "kelurahan" : "Kapit",
  "kodepos" : "33362"
}, {
  "kecamatan" : "Parittiga",
  "kelurahan" : "Cupat",
  "kodepos" : "33362"
}, {
  "kecamatan" : "Jebus",
  "kelurahan" : "Jebus",
  "kodepos" : "33362"
}, {
  "kecamatan" : "Parittiga",
  "kelurahan" : "Bakit",
  "kodepos" : "33362"
}, {
  "kecamatan" : "Jebus",
  "kelurahan" : "Air Kuang",
  "kodepos" : "33362"
}, {
  "kecamatan" : "Parittiga",
  "kelurahan" : "Air Gantang",
  "kodepos" : "33362"
}, {
  "kecamatan" : "Mentok (Muntok)",
  "kelurahan" : "Air Limau",
  "kodepos" : "33351"
}, {
  "kecamatan" : "Mentok (Muntok)",
  "kelurahan" : "Air Putih",
  "kodepos" : "33351"
}, {
  "kecamatan" : "Mentok (Muntok)",
  "kelurahan" : "Belolaut",
  "kodepos" : "33351"
}, {
  "kecamatan" : "Mentok (Muntok)",
  "kelurahan" : "Sungai Daeng",
  "kodepos" : "33313"
}, {
  "kecamatan" : "Mentok (Muntok)",
  "kelurahan" : "Air Belo",
  "kodepos" : "33351"
}, {
  "kecamatan" : "Mentok (Muntok)",
  "kelurahan" : "Sungai Baru",
  "kodepos" : "33312"
}, {
  "kecamatan" : "Mentok (Muntok)",
  "kelurahan" : "Tanjung",
  "kodepos" : "33311"
} ]
