[ {
  "kecamatan" : "Jabon",
  "kelurahan" : "Trompoasri",
  "kodepos" : "61276"
}, {
  "kecamatan" : "Jabon",
  "kelurahan" : "Semambung",
  "kodepos" : "61276"
}, {
  "kecamatan" : "Jabon",
  "kelurahan" : "Tambak Kalisogo",
  "kodepos" : "61276"
}, {
  "kecamatan" : "Jabon",
  "kelurahan" : "Pejarakan",
  "kodepos" : "61276"
}, {
  "kecamatan" : "Jabon",
  "kelurahan" : "Permisan",
  "kodepos" : "61276"
}, {
  "kecamatan" : "Jabon",
  "kelurahan" : "Kupang",
  "kodepos" : "61276"
}, {
  "kecamatan" : "Jabon",
  "kelurahan" : "Panggreh",
  "kodepos" : "61276"
}, {
  "kecamatan" : "Jabon",
  "kelurahan" : "Kedungcangkring",
  "kodepos" : "61276"
}, {
  "kecamatan" : "Jabon",
  "kelurahan" : "Kedungpandan",
  "kodepos" : "61276"
}, {
  "kecamatan" : "Jabon",
  "kelurahan" : "Kedungrejo",
  "kodepos" : "61276"
}, {
  "kecamatan" : "Jabon",
  "kelurahan" : "Dukuhsari",
  "kodepos" : "61276"
}, {
  "kecamatan" : "Jabon",
  "kelurahan" : "Jemirahan",
  "kodepos" : "61276"
}, {
  "kecamatan" : "Jabon",
  "kelurahan" : "Keboguyang",
  "kodepos" : "61276"
}, {
  "kecamatan" : "Jabon",
  "kelurahan" : "Balongtani",
  "kodepos" : "61276"
}, {
  "kecamatan" : "Jabon",
  "kelurahan" : "Besuki",
  "kodepos" : "61276"
}, {
  "kecamatan" : "Krembung",
  "kelurahan" : "Wonomlati",
  "kodepos" : "61275"
}, {
  "kecamatan" : "Krembung",
  "kelurahan" : "Tanjeg Wagir",
  "kodepos" : "61275"
}, {
  "kecamatan" : "Krembung",
  "kelurahan" : "Wangkal",
  "kodepos" : "61275"
}, {
  "kecamatan" : "Krembung",
  "kelurahan" : "Waung",
  "kodepos" : "61275"
}, {
  "kecamatan" : "Krembung",
  "kelurahan" : "Ploso",
  "kodepos" : "61275"
}, {
  "kecamatan" : "Krembung",
  "kelurahan" : "Rejeni",
  "kodepos" : "61275"
}, {
  "kecamatan" : "Krembung",
  "kelurahan" : "Tambakrejo",
  "kodepos" : "61275"
}, {
  "kecamatan" : "Krembung",
  "kelurahan" : "Lemujut",
  "kodepos" : "61275"
}, {
  "kecamatan" : "Krembung",
  "kelurahan" : "Mojoruntut",
  "kodepos" : "61275"
}, {
  "kecamatan" : "Krembung",
  "kelurahan" : "Keper",
  "kodepos" : "61275"
}, {
  "kecamatan" : "Krembung",
  "kelurahan" : "Keret",
  "kodepos" : "61275"
}, {
  "kecamatan" : "Krembung",
  "kelurahan" : "Krembung",
  "kodepos" : "61275"
}, {
  "kecamatan" : "Krembung",
  "kelurahan" : "Kedungrawan",
  "kodepos" : "61275"
}, {
  "kecamatan" : "Krembung",
  "kelurahan" : "Kedungsumur",
  "kodepos" : "61275"
}, {
  "kecamatan" : "Krembung",
  "kelurahan" : "Jenggot",
  "kodepos" : "61275"
}, {
  "kecamatan" : "Krembung",
  "kelurahan" : "Kandangan",
  "kodepos" : "61275"
}, {
  "kecamatan" : "Krembung",
  "kelurahan" : "Cangkring",
  "kodepos" : "61275"
}, {
  "kecamatan" : "Krembung",
  "kelurahan" : "Gading",
  "kodepos" : "61275"
}, {
  "kecamatan" : "Krembung",
  "kelurahan" : "Balong Garut",
  "kodepos" : "61275"
}, {
  "kecamatan" : "Porong",
  "kelurahan" : "Renokenongo",
  "kodepos" : "61274"
}, {
  "kecamatan" : "Porong",
  "kelurahan" : "Siring",
  "kodepos" : "61274"
}, {
  "kecamatan" : "Porong",
  "kelurahan" : "Wunut",
  "kodepos" : "61274"
}, {
  "kecamatan" : "Porong",
  "kelurahan" : "Pesawahan",
  "kodepos" : "61274"
}, {
  "kecamatan" : "Porong",
  "kelurahan" : "Plumbon",
  "kodepos" : "61274"
}, {
  "kecamatan" : "Porong",
  "kelurahan" : "Porong",
  "kodepos" : "61274"
}, {
  "kecamatan" : "Porong",
  "kelurahan" : "Mindi",
  "kodepos" : "61274"
}, {
  "kecamatan" : "Porong",
  "kelurahan" : "Pamotan",
  "kodepos" : "61274"
}, {
  "kecamatan" : "Porong",
  "kelurahan" : "Kesambi",
  "kodepos" : "61274"
}, {
  "kecamatan" : "Porong",
  "kelurahan" : "Lajuk",
  "kodepos" : "61274"
}, {
  "kecamatan" : "Porong",
  "kelurahan" : "Kebonagung",
  "kodepos" : "61274"
}, {
  "kecamatan" : "Porong",
  "kelurahan" : "Kedungboto",
  "kodepos" : "61274"
}, {
  "kecamatan" : "Porong",
  "kelurahan" : "Kedungsolo",
  "kodepos" : "61274"
}, {
  "kecamatan" : "Porong",
  "kelurahan" : "Juwet Kenongo",
  "kodepos" : "61274"
}, {
  "kecamatan" : "Porong",
  "kelurahan" : "Kebakalan",
  "kodepos" : "61274"
}, {
  "kecamatan" : "Porong",
  "kelurahan" : "Gedang",
  "kodepos" : "61274"
}, {
  "kecamatan" : "Porong",
  "kelurahan" : "Glagah Arum",
  "kodepos" : "61274"
}, {
  "kecamatan" : "Porong",
  "kelurahan" : "Jatirejo",
  "kodepos" : "61274"
}, {
  "kecamatan" : "Tulangan",
  "kelurahan" : "Tulangan",
  "kodepos" : "61273"
}, {
  "kecamatan" : "Porong",
  "kelurahan" : "Candipari",
  "kodepos" : "61274"
}, {
  "kecamatan" : "Tulangan",
  "kelurahan" : "Tlasih",
  "kodepos" : "61273"
}, {
  "kecamatan" : "Tulangan",
  "kelurahan" : "Singopadu",
  "kodepos" : "61273"
}, {
  "kecamatan" : "Tulangan",
  "kelurahan" : "Sudimoro",
  "kodepos" : "61273"
}, {
  "kecamatan" : "Tulangan",
  "kelurahan" : "Modong",
  "kodepos" : "61273"
}, {
  "kecamatan" : "Tulangan",
  "kelurahan" : "Pangkemiri",
  "kodepos" : "61273"
}, {
  "kecamatan" : "Tulangan",
  "kelurahan" : "Kepunten",
  "kodepos" : "61273"
}, {
  "kecamatan" : "Tulangan",
  "kelurahan" : "Medalem",
  "kodepos" : "61273"
}, {
  "kecamatan" : "Tulangan",
  "kelurahan" : "Kepatihan",
  "kodepos" : "61273"
}, {
  "kecamatan" : "Tulangan",
  "kelurahan" : "Kepuh Kemiri",
  "kodepos" : "61273"
}, {
  "kecamatan" : "Tulangan",
  "kelurahan" : "Kemantren",
  "kodepos" : "61273"
}, {
  "kecamatan" : "Tulangan",
  "kelurahan" : "Kenongo",
  "kodepos" : "61273"
}, {
  "kecamatan" : "Tulangan",
  "kelurahan" : "Kepadangan",
  "kodepos" : "61273"
}, {
  "kecamatan" : "Tulangan",
  "kelurahan" : "Kajeksan",
  "kodepos" : "61273"
}, {
  "kecamatan" : "Tulangan",
  "kelurahan" : "Kebaron",
  "kodepos" : "61273"
}, {
  "kecamatan" : "Tulangan",
  "kelurahan" : "Kedondong",
  "kodepos" : "61273"
}, {
  "kecamatan" : "Tulangan",
  "kelurahan" : "Grogol",
  "kodepos" : "61273"
}, {
  "kecamatan" : "Tulangan",
  "kelurahan" : "Janti",
  "kodepos" : "61273"
}, {
  "kecamatan" : "Tulangan",
  "kelurahan" : "Jiken",
  "kodepos" : "61273"
}, {
  "kecamatan" : "Tulangan",
  "kelurahan" : "Grabagan",
  "kodepos" : "61273"
}, {
  "kecamatan" : "Tulangan",
  "kelurahan" : "Grinting",
  "kodepos" : "61273"
}, {
  "kecamatan" : "Tanggulangin",
  "kelurahan" : "Sentul",
  "kodepos" : "61272"
}, {
  "kecamatan" : "Tulangan",
  "kelurahan" : "Gelang",
  "kodepos" : "61273"
}, {
  "kecamatan" : "Tanggulangin",
  "kelurahan" : "Putat",
  "kodepos" : "61272"
}, {
  "kecamatan" : "Tanggulangin",
  "kelurahan" : "Randegan",
  "kodepos" : "61272"
}, {
  "kecamatan" : "Tanggulangin",
  "kelurahan" : "Ngaban",
  "kodepos" : "61272"
}, {
  "kecamatan" : "Tanggulangin",
  "kelurahan" : "Penatarsewu",
  "kodepos" : "61272"
}, {
  "kecamatan" : "Tanggulangin",
  "kelurahan" : "Ketapang",
  "kodepos" : "61272"
}, {
  "kecamatan" : "Tanggulangin",
  "kelurahan" : "Ketegan",
  "kodepos" : "61272"
}, {
  "kecamatan" : "Tanggulangin",
  "kelurahan" : "Kludan",
  "kodepos" : "61272"
}, {
  "kecamatan" : "Tanggulangin",
  "kelurahan" : "Kedung Banteng",
  "kodepos" : "61272"
}, {
  "kecamatan" : "Tanggulangin",
  "kelurahan" : "Kedung Bendo",
  "kodepos" : "61272"
}, {
  "kecamatan" : "Tanggulangin",
  "kelurahan" : "Kalisampurno",
  "kodepos" : "61272"
}, {
  "kecamatan" : "Tanggulangin",
  "kelurahan" : "Kalitengah",
  "kodepos" : "61272"
}, {
  "kecamatan" : "Tanggulangin",
  "kelurahan" : "Kedensari",
  "kodepos" : "61272"
}, {
  "kecamatan" : "Tanggulangin",
  "kelurahan" : "Gempol Sari",
  "kodepos" : "61272"
}, {
  "kecamatan" : "Tanggulangin",
  "kelurahan" : "Kalidawir",
  "kodepos" : "61272"
}, {
  "kecamatan" : "Tanggulangin",
  "kelurahan" : "Banjar Panji",
  "kodepos" : "61272"
}, {
  "kecamatan" : "Tanggulangin",
  "kelurahan" : "Boro",
  "kodepos" : "61272"
}, {
  "kecamatan" : "Tanggulangin",
  "kelurahan" : "Ganggang Panjang",
  "kodepos" : "61272"
}, {
  "kecamatan" : "Candi",
  "kelurahan" : "Wedoro Klurak",
  "kodepos" : "61271"
}, {
  "kecamatan" : "Tanggulangin",
  "kelurahan" : "Banjar Asri",
  "kodepos" : "61272"
}, {
  "kecamatan" : "Candi",
  "kelurahan" : "Tenggulunan",
  "kodepos" : "61271"
}, {
  "kecamatan" : "Candi",
  "kelurahan" : "Sumorame",
  "kodepos" : "61271"
}, {
  "kecamatan" : "Candi",
  "kelurahan" : "Sugih Waras",
  "kodepos" : "61271"
}, {
  "kecamatan" : "Candi",
  "kelurahan" : "Sumokali",
  "kodepos" : "61271"
}, {
  "kecamatan" : "Candi",
  "kelurahan" : "Sepande",
  "kodepos" : "61271"
}, {
  "kecamatan" : "Candi",
  "kelurahan" : "Sidodadi",
  "kodepos" : "61271"
}, {
  "kecamatan" : "Candi",
  "kelurahan" : "Larangan",
  "kodepos" : "61271"
}, {
  "kecamatan" : "Candi",
  "kelurahan" : "Ngampelsari",
  "kodepos" : "61271"
}, {
  "kecamatan" : "Candi",
  "kelurahan" : "Kendalpecabean",
  "kodepos" : "61271"
}, {
  "kecamatan" : "Candi",
  "kelurahan" : "Klurak",
  "kodepos" : "61271"
}, {
  "kecamatan" : "Candi",
  "kelurahan" : "Kebunsari",
  "kodepos" : "61271"
}, {
  "kecamatan" : "Candi",
  "kelurahan" : "Kedung Peluk",
  "kodepos" : "61271"
}, {
  "kecamatan" : "Candi",
  "kelurahan" : "Kedungkendo",
  "kodepos" : "61271"
}, {
  "kecamatan" : "Candi",
  "kelurahan" : "Kalipecabean",
  "kodepos" : "61271"
}, {
  "kecamatan" : "Candi",
  "kelurahan" : "Karangtanjung",
  "kodepos" : "61271"
}, {
  "kecamatan" : "Candi",
  "kelurahan" : "Gelam",
  "kodepos" : "61271"
}, {
  "kecamatan" : "Candi",
  "kelurahan" : "Jambangan",
  "kodepos" : "61271"
}, {
  "kecamatan" : "Candi",
  "kelurahan" : "Durungbedug",
  "kodepos" : "61271"
}, {
  "kecamatan" : "Candi",
  "kelurahan" : "Candi",
  "kodepos" : "61271"
}, {
  "kecamatan" : "Candi",
  "kelurahan" : "Durungbanjar",
  "kodepos" : "61271"
}, {
  "kecamatan" : "Candi",
  "kelurahan" : "Balonggabus",
  "kodepos" : "61271"
}, {
  "kecamatan" : "Candi",
  "kelurahan" : "Bligo",
  "kodepos" : "61271"
}, {
  "kecamatan" : "Tarik",
  "kelurahan" : "Tarik",
  "kodepos" : "61265"
}, {
  "kecamatan" : "Candi",
  "kelurahan" : "Balongdowo",
  "kodepos" : "61271"
}, {
  "kecamatan" : "Tarik",
  "kelurahan" : "Sebani",
  "kodepos" : "61265"
}, {
  "kecamatan" : "Tarik",
  "kelurahan" : "Segodobancang",
  "kodepos" : "61265"
}, {
  "kecamatan" : "Tarik",
  "kelurahan" : "Singogalih",
  "kodepos" : "61265"
}, {
  "kecamatan" : "Tarik",
  "kelurahan" : "Mindugading",
  "kodepos" : "61265"
}, {
  "kecamatan" : "Tarik",
  "kelurahan" : "Mliriprowo",
  "kodepos" : "61265"
}, {
  "kecamatan" : "Tarik",
  "kelurahan" : "Mergosari",
  "kodepos" : "61265"
}, {
  "kecamatan" : "Tarik",
  "kelurahan" : "Kramat Temenggung",
  "kodepos" : "61265"
}, {
  "kecamatan" : "Tarik",
  "kelurahan" : "Mergobener",
  "kodepos" : "61265"
}, {
  "kecamatan" : "Tarik",
  "kelurahan" : "Klantingsari",
  "kodepos" : "61265"
}, {
  "kecamatan" : "Tarik",
  "kelurahan" : "Kemuning",
  "kodepos" : "61265"
}, {
  "kecamatan" : "Tarik",
  "kelurahan" : "Kendalsewu",
  "kodepos" : "61265"
}, {
  "kecamatan" : "Tarik",
  "kelurahan" : "Kedinding",
  "kodepos" : "61265"
}, {
  "kecamatan" : "Tarik",
  "kelurahan" : "Kedungbocok",
  "kodepos" : "61265"
}, {
  "kecamatan" : "Tarik",
  "kelurahan" : "Janti",
  "kodepos" : "61265"
}, {
  "kecamatan" : "Tarik",
  "kelurahan" : "Kalimati",
  "kodepos" : "61265"
}, {
  "kecamatan" : "Tarik",
  "kelurahan" : "Banjarwungu",
  "kodepos" : "61265"
}, {
  "kecamatan" : "Tarik",
  "kelurahan" : "Gampingrowo",
  "kodepos" : "61265"
}, {
  "kecamatan" : "Tarik",
  "kelurahan" : "Gempolklutuk",
  "kodepos" : "61265"
}, {
  "kecamatan" : "Prambon",
  "kelurahan" : "Wono Plintahan",
  "kodepos" : "61264"
}, {
  "kecamatan" : "Tarik",
  "kelurahan" : "Balongmacekan",
  "kodepos" : "61265"
}, {
  "kecamatan" : "Prambon",
  "kelurahan" : "Watutulis",
  "kodepos" : "61264"
}, {
  "kecamatan" : "Prambon",
  "kelurahan" : "Wirobiting",
  "kodepos" : "61264"
}, {
  "kecamatan" : "Prambon",
  "kelurahan" : "Simpang",
  "kodepos" : "61264"
}, {
  "kecamatan" : "Prambon",
  "kelurahan" : "Temu",
  "kodepos" : "61264"
}, {
  "kecamatan" : "Prambon",
  "kelurahan" : "Prambon",
  "kodepos" : "61264"
}, {
  "kecamatan" : "Prambon",
  "kelurahan" : "Simogirang",
  "kodepos" : "61264"
}, {
  "kecamatan" : "Prambon",
  "kelurahan" : "Kedungwonokerto",
  "kodepos" : "61264"
}, {
  "kecamatan" : "Prambon",
  "kelurahan" : "Pejangkungan",
  "kodepos" : "61264"
}, {
  "kecamatan" : "Prambon",
  "kelurahan" : "Kajartengguli",
  "kodepos" : "61264"
}, {
  "kecamatan" : "Prambon",
  "kelurahan" : "Kedungkembar",
  "kodepos" : "61264"
}, {
  "kecamatan" : "Prambon",
  "kelurahan" : "Kedungsugo",
  "kodepos" : "61264"
}, {
  "kecamatan" : "Prambon",
  "kelurahan" : "Jatikalang",
  "kodepos" : "61264"
}, {
  "kecamatan" : "Prambon",
  "kelurahan" : "Jedongcangkring",
  "kodepos" : "61264"
}, {
  "kecamatan" : "Prambon",
  "kelurahan" : "Gampang",
  "kodepos" : "61264"
}, {
  "kecamatan" : "Prambon",
  "kelurahan" : "Gedangrowo",
  "kodepos" : "61264"
}, {
  "kecamatan" : "Prambon",
  "kelurahan" : "Jati Alun Alun",
  "kodepos" : "61264"
}, {
  "kecamatan" : "Prambon",
  "kelurahan" : "Bulang",
  "kodepos" : "61264"
}, {
  "kecamatan" : "Prambon",
  "kelurahan" : "Cangkringturi",
  "kodepos" : "61264"
}, {
  "kecamatan" : "Prambon",
  "kelurahan" : "Bendotretek",
  "kodepos" : "61264"
}, {
  "kecamatan" : "Balongbendo",
  "kelurahan" : "Watesari",
  "kodepos" : "61263"
}, {
  "kecamatan" : "Balongbendo",
  "kelurahan" : "Wonokarang",
  "kodepos" : "61263"
}, {
  "kecamatan" : "Balongbendo",
  "kelurahan" : "Wonokupang",
  "kodepos" : "61263"
}, {
  "kecamatan" : "Balongbendo",
  "kelurahan" : "Sumokembangsri",
  "kodepos" : "61263"
}, {
  "kecamatan" : "Balongbendo",
  "kelurahan" : "Suwaluh",
  "kodepos" : "61263"
}, {
  "kecamatan" : "Balongbendo",
  "kelurahan" : "Waruberon",
  "kodepos" : "61263"
}, {
  "kecamatan" : "Balongbendo",
  "kelurahan" : "Seduri",
  "kodepos" : "61263"
}, {
  "kecamatan" : "Balongbendo",
  "kelurahan" : "Seketi",
  "kodepos" : "61263"
}, {
  "kecamatan" : "Balongbendo",
  "kelurahan" : "Singkalan",
  "kodepos" : "61263"
}, {
  "kecamatan" : "Balongbendo",
  "kelurahan" : "Kemangsen",
  "kodepos" : "61263"
}, {
  "kecamatan" : "Balongbendo",
  "kelurahan" : "Penambangan",
  "kodepos" : "61263"
}, {
  "kecamatan" : "Balongbendo",
  "kelurahan" : "Jeruk Legi",
  "kodepos" : "61263"
}, {
  "kecamatan" : "Balongbendo",
  "kelurahan" : "Kedung Sukodani",
  "kodepos" : "61263"
}, {
  "kecamatan" : "Balongbendo",
  "kelurahan" : "Jabaran",
  "kodepos" : "61263"
}, {
  "kecamatan" : "Balongbendo",
  "kelurahan" : "Bogem Pinggir",
  "kodepos" : "61263"
}, {
  "kecamatan" : "Balongbendo",
  "kelurahan" : "Gagang Kepuhsari",
  "kodepos" : "61263"
}, {
  "kecamatan" : "Balongbendo",
  "kelurahan" : "Balongbendo",
  "kodepos" : "61263"
}, {
  "kecamatan" : "Balongbendo",
  "kelurahan" : "Bakung Temenggungan",
  "kodepos" : "61263"
}, {
  "kecamatan" : "Balongbendo",
  "kelurahan" : "Bakung Pringgodani",
  "kodepos" : "61263"
}, {
  "kecamatan" : "Balongbendo",
  "kelurahan" : "Bakalan Wringinpitu",
  "kodepos" : "61263"
}, {
  "kecamatan" : "Krian",
  "kelurahan" : "Watugolong",
  "kodepos" : "61262"
}, {
  "kecamatan" : "Krian",
  "kelurahan" : "Tropodo",
  "kodepos" : "61262"
}, {
  "kecamatan" : "Krian",
  "kelurahan" : "Terung Wetan",
  "kodepos" : "61262"
}, {
  "kecamatan" : "Krian",
  "kelurahan" : "Terung Kulon",
  "kodepos" : "61262"
}, {
  "kecamatan" : "Krian",
  "kelurahan" : "Tempel",
  "kodepos" : "61262"
}, {
  "kecamatan" : "Krian",
  "kelurahan" : "Terik",
  "kodepos" : "61262"
}, {
  "kecamatan" : "Krian",
  "kelurahan" : "Tambak Kemerakan",
  "kodepos" : "61262"
}, {
  "kecamatan" : "Krian",
  "kelurahan" : "Sidorejo",
  "kodepos" : "61262"
}, {
  "kecamatan" : "Krian",
  "kelurahan" : "Sidomulyo",
  "kodepos" : "61262"
}, {
  "kecamatan" : "Krian",
  "kelurahan" : "Sidomojo",
  "kodepos" : "61262"
}, {
  "kecamatan" : "Krian",
  "kelurahan" : "Sedengan Mijen",
  "kodepos" : "61262"
}, {
  "kecamatan" : "Krian",
  "kelurahan" : "Krian",
  "kodepos" : "61262"
}, {
  "kecamatan" : "Krian",
  "kelurahan" : "Ponokawan",
  "kodepos" : "61262"
}, {
  "kecamatan" : "Krian",
  "kelurahan" : "Kraton",
  "kodepos" : "61262"
}, {
  "kecamatan" : "Krian",
  "kelurahan" : "Kemasan",
  "kodepos" : "61262"
}, {
  "kecamatan" : "Krian",
  "kelurahan" : "Katrungan (Katerungan)",
  "kodepos" : "61262"
}, {
  "kecamatan" : "Krian",
  "kelurahan" : "Keboharan",
  "kodepos" : "61262"
}, {
  "kecamatan" : "Krian",
  "kelurahan" : "Junwangi",
  "kodepos" : "61262"
}, {
  "kecamatan" : "Krian",
  "kelurahan" : "Jeruk Gamping",
  "kodepos" : "61262"
}, {
  "kecamatan" : "Krian",
  "kelurahan" : "Jatikalang",
  "kodepos" : "61262"
}, {
  "kecamatan" : "Krian",
  "kelurahan" : "Barengkrajan",
  "kodepos" : "61262"
}, {
  "kecamatan" : "Krian",
  "kelurahan" : "Gamping",
  "kodepos" : "61262"
}, {
  "kecamatan" : "Wonoayu",
  "kelurahan" : "Wonokasian",
  "kodepos" : "61261"
}, {
  "kecamatan" : "Wonoayu",
  "kelurahan" : "Wonokalang",
  "kodepos" : "61261"
}, {
  "kecamatan" : "Wonoayu",
  "kelurahan" : "Wonoayu",
  "kodepos" : "61261"
}, {
  "kecamatan" : "Wonoayu",
  "kelurahan" : "Sumberejo",
  "kodepos" : "61261"
}, {
  "kecamatan" : "Wonoayu",
  "kelurahan" : "Tanggul",
  "kodepos" : "61261"
}, {
  "kecamatan" : "Wonoayu",
  "kelurahan" : "Simoketawang",
  "kodepos" : "61261"
}, {
  "kecamatan" : "Wonoayu",
  "kelurahan" : "Simo Angin Angin",
  "kodepos" : "61261"
}, {
  "kecamatan" : "Wonoayu",
  "kelurahan" : "Semambung",
  "kodepos" : "61261"
}, {
  "kecamatan" : "Wonoayu",
  "kelurahan" : "Sawocangkring",
  "kodepos" : "61261"
}, {
  "kecamatan" : "Wonoayu",
  "kelurahan" : "Popoh",
  "kodepos" : "61261"
}, {
  "kecamatan" : "Wonoayu",
  "kelurahan" : "Plaosan",
  "kodepos" : "61261"
}, {
  "kecamatan" : "Wonoayu",
  "kelurahan" : "Ploso",
  "kodepos" : "61261"
}, {
  "kecamatan" : "Wonoayu",
  "kelurahan" : "Pilang",
  "kodepos" : "61261"
}, {
  "kecamatan" : "Wonoayu",
  "kelurahan" : "Pagerngumbuk",
  "kodepos" : "61261"
}, {
  "kecamatan" : "Wonoayu",
  "kelurahan" : "Mulyodadi",
  "kodepos" : "61261"
}, {
  "kecamatan" : "Wonoayu",
  "kelurahan" : "Mojorangagung",
  "kodepos" : "61261"
}, {
  "kecamatan" : "Wonoayu",
  "kelurahan" : "Lambangan",
  "kodepos" : "61261"
}, {
  "kecamatan" : "Wonoayu",
  "kelurahan" : "Karangpuri",
  "kodepos" : "61261"
}, {
  "kecamatan" : "Wonoayu",
  "kelurahan" : "Ketimang",
  "kodepos" : "61261"
}, {
  "kecamatan" : "Wonoayu",
  "kelurahan" : "Jimbaran Kulon",
  "kodepos" : "61261"
}, {
  "kecamatan" : "Wonoayu",
  "kelurahan" : "Jimbaran Wetan",
  "kodepos" : "61261"
}, {
  "kecamatan" : "Wonoayu",
  "kelurahan" : "Becirongengor",
  "kodepos" : "61261"
}, {
  "kecamatan" : "Wonoayu",
  "kelurahan" : "Candinegoro",
  "kodepos" : "61261"
}, {
  "kecamatan" : "Sukodono",
  "kelurahan" : "Wilayut",
  "kodepos" : "61258"
}, {
  "kecamatan" : "Sukodono",
  "kelurahan" : "Suko",
  "kodepos" : "61258"
}, {
  "kecamatan" : "Sukodono",
  "kelurahan" : "Sukodono",
  "kodepos" : "61258"
}, {
  "kecamatan" : "Sukodono",
  "kelurahan" : "Suruh",
  "kodepos" : "61258"
}, {
  "kecamatan" : "Sukodono",
  "kelurahan" : "Plumbungan",
  "kodepos" : "61258"
}, {
  "kecamatan" : "Sukodono",
  "kelurahan" : "Sambungrejo",
  "kodepos" : "61258"
}, {
  "kecamatan" : "Sukodono",
  "kelurahan" : "Pademonegoro",
  "kodepos" : "61258"
}, {
  "kecamatan" : "Sukodono",
  "kelurahan" : "Pekarungan",
  "kodepos" : "61258"
}, {
  "kecamatan" : "Sukodono",
  "kelurahan" : "Masangan Wetan",
  "kodepos" : "61258"
}, {
  "kecamatan" : "Sukodono",
  "kelurahan" : "Ngaresrejo",
  "kodepos" : "61258"
}, {
  "kecamatan" : "Sukodono",
  "kelurahan" : "Keloposepuluh",
  "kodepos" : "61258"
}, {
  "kecamatan" : "Sukodono",
  "kelurahan" : "Masangan Kulon",
  "kodepos" : "61258"
}, {
  "kecamatan" : "Sukodono",
  "kelurahan" : "Jogosatru",
  "kodepos" : "61258"
}, {
  "kecamatan" : "Sukodono",
  "kelurahan" : "Jumputrejo",
  "kodepos" : "61258"
}, {
  "kecamatan" : "Sukodono",
  "kelurahan" : "Kebonagung",
  "kodepos" : "61258"
}, {
  "kecamatan" : "Sukodono",
  "kelurahan" : "Bangsri",
  "kodepos" : "61258"
}, {
  "kecamatan" : "Sukodono",
  "kelurahan" : "Cangkringsari",
  "kodepos" : "61258"
}, {
  "kecamatan" : "Taman",
  "kelurahan" : "Wage",
  "kodepos" : "61257"
}, {
  "kecamatan" : "Taman",
  "kelurahan" : "Wonocolo",
  "kodepos" : "61257"
}, {
  "kecamatan" : "Sukodono",
  "kelurahan" : "Anggaswangi",
  "kodepos" : "61258"
}, {
  "kecamatan" : "Taman",
  "kelurahan" : "Tawangsari",
  "kodepos" : "61257"
}, {
  "kecamatan" : "Taman",
  "kelurahan" : "Trosobo",
  "kodepos" : "61257"
}, {
  "kecamatan" : "Taman",
  "kelurahan" : "Taman",
  "kodepos" : "61257"
}, {
  "kecamatan" : "Taman",
  "kelurahan" : "Tanjungsari",
  "kodepos" : "61257"
}, {
  "kecamatan" : "Taman",
  "kelurahan" : "Sepanjang",
  "kodepos" : "61257"
}, {
  "kecamatan" : "Taman",
  "kelurahan" : "Sidodadi",
  "kodepos" : "61257"
}, {
  "kecamatan" : "Taman",
  "kelurahan" : "Sambi Bulu",
  "kodepos" : "61257"
}, {
  "kecamatan" : "Taman",
  "kelurahan" : "Sadang",
  "kodepos" : "61257"
}, {
  "kecamatan" : "Taman",
  "kelurahan" : "Kramat Jegu",
  "kodepos" : "61257"
}, {
  "kecamatan" : "Taman",
  "kelurahan" : "Ngelom",
  "kodepos" : "61257"
}, {
  "kecamatan" : "Taman",
  "kelurahan" : "Pertapan Maduretno",
  "kodepos" : "61257"
}, {
  "kecamatan" : "Taman",
  "kelurahan" : "Ketegan",
  "kodepos" : "61257"
}, {
  "kecamatan" : "Taman",
  "kelurahan" : "Kletek",
  "kodepos" : "61257"
}, {
  "kecamatan" : "Taman",
  "kelurahan" : "Kalijaten",
  "kodepos" : "61257"
}, {
  "kecamatan" : "Taman",
  "kelurahan" : "Kedungturi",
  "kodepos" : "61257"
}, {
  "kecamatan" : "Taman",
  "kelurahan" : "Gilang",
  "kodepos" : "61257"
}, {
  "kecamatan" : "Taman",
  "kelurahan" : "Jemundo",
  "kodepos" : "61257"
}, {
  "kecamatan" : "Taman",
  "kelurahan" : "Bringinbendo",
  "kodepos" : "61257"
}, {
  "kecamatan" : "Taman",
  "kelurahan" : "Geluran",
  "kodepos" : "61257"
}, {
  "kecamatan" : "Taman",
  "kelurahan" : "Bohar",
  "kodepos" : "61257"
}, {
  "kecamatan" : "Waru",
  "kelurahan" : "Waru",
  "kodepos" : "61256"
}, {
  "kecamatan" : "Taman",
  "kelurahan" : "Bebekan",
  "kodepos" : "61257"
}, {
  "kecamatan" : "Waru",
  "kelurahan" : "Wedoro",
  "kodepos" : "61256"
}, {
  "kecamatan" : "Waru",
  "kelurahan" : "Tropodo",
  "kodepos" : "61256"
}, {
  "kecamatan" : "Waru",
  "kelurahan" : "Wadungasri",
  "kodepos" : "61256"
}, {
  "kecamatan" : "Waru",
  "kelurahan" : "Tambak Rejo",
  "kodepos" : "61256"
}, {
  "kecamatan" : "Waru",
  "kelurahan" : "Tambak Sawah",
  "kodepos" : "61256"
}, {
  "kecamatan" : "Waru",
  "kelurahan" : "Tambak Sumur",
  "kodepos" : "61256"
}, {
  "kecamatan" : "Waru",
  "kelurahan" : "Pepelegi",
  "kodepos" : "61256"
}, {
  "kecamatan" : "Waru",
  "kelurahan" : "Tambak Oso",
  "kodepos" : "61256"
}, {
  "kecamatan" : "Waru",
  "kelurahan" : "Medaeng",
  "kodepos" : "61256"
}, {
  "kecamatan" : "Waru",
  "kelurahan" : "Ngingas",
  "kodepos" : "61256"
}, {
  "kecamatan" : "Waru",
  "kelurahan" : "Kepuh Kiriman",
  "kodepos" : "61256"
}, {
  "kecamatan" : "Waru",
  "kelurahan" : "Kureksari",
  "kodepos" : "61256"
}, {
  "kecamatan" : "Waru",
  "kelurahan" : "Bungurasih",
  "kodepos" : "61256"
}, {
  "kecamatan" : "Waru",
  "kelurahan" : "Janti",
  "kodepos" : "61256"
}, {
  "kecamatan" : "Waru",
  "kelurahan" : "Kedungrejo",
  "kodepos" : "61256"
}, {
  "kecamatan" : "Gedangan",
  "kelurahan" : "Wedi",
  "kodepos" : "61254"
}, {
  "kecamatan" : "Waru",
  "kelurahan" : "Berbek",
  "kodepos" : "61256"
}, {
  "kecamatan" : "Gedangan",
  "kelurahan" : "Semambung",
  "kodepos" : "61254"
}, {
  "kecamatan" : "Gedangan",
  "kelurahan" : "Sruni",
  "kodepos" : "61254"
}, {
  "kecamatan" : "Gedangan",
  "kelurahan" : "Tebel",
  "kodepos" : "61254"
}, {
  "kecamatan" : "Gedangan",
  "kelurahan" : "Punggul",
  "kodepos" : "61254"
}, {
  "kecamatan" : "Gedangan",
  "kelurahan" : "Sawotratap",
  "kodepos" : "61254"
}, {
  "kecamatan" : "Gedangan",
  "kelurahan" : "Keboansikep",
  "kodepos" : "61254"
}, {
  "kecamatan" : "Gedangan",
  "kelurahan" : "Ketajen",
  "kodepos" : "61254"
}, {
  "kecamatan" : "Gedangan",
  "kelurahan" : "Kragan",
  "kodepos" : "61254"
}, {
  "kecamatan" : "Gedangan",
  "kelurahan" : "Karangbong",
  "kodepos" : "61254"
}, {
  "kecamatan" : "Gedangan",
  "kelurahan" : "Keboananom",
  "kodepos" : "61254"
}, {
  "kecamatan" : "Gedangan",
  "kelurahan" : "Gedangan",
  "kodepos" : "61254"
}, {
  "kecamatan" : "Gedangan",
  "kelurahan" : "Gemurung",
  "kodepos" : "61254"
}, {
  "kecamatan" : "Gedangan",
  "kelurahan" : "Ganting",
  "kodepos" : "61254"
}, {
  "kecamatan" : "Gedangan",
  "kelurahan" : "Bangah",
  "kodepos" : "61254"
}, {
  "kecamatan" : "Sedati",
  "kelurahan" : "Semampir",
  "kodepos" : "61253"
}, {
  "kecamatan" : "Sedati",
  "kelurahan" : "Tambak Cemandi",
  "kodepos" : "61253"
}, {
  "kecamatan" : "Sedati",
  "kelurahan" : "Sedati Gede",
  "kodepos" : "61253"
}, {
  "kecamatan" : "Sedati",
  "kelurahan" : "Segoro Tambak",
  "kodepos" : "61253"
}, {
  "kecamatan" : "Sedati",
  "kelurahan" : "Pulungan",
  "kodepos" : "61253"
}, {
  "kecamatan" : "Sedati",
  "kelurahan" : "Sedati Agung",
  "kodepos" : "61253"
}, {
  "kecamatan" : "Sedati",
  "kelurahan" : "Pepe",
  "kodepos" : "61253"
}, {
  "kecamatan" : "Sedati",
  "kelurahan" : "Pranti",
  "kodepos" : "61253"
}, {
  "kecamatan" : "Sedati",
  "kelurahan" : "Kwangsan",
  "kodepos" : "61253"
}, {
  "kecamatan" : "Sedati",
  "kelurahan" : "Pabean",
  "kodepos" : "61253"
}, {
  "kecamatan" : "Sedati",
  "kelurahan" : "Cemandi",
  "kodepos" : "61253"
}, {
  "kecamatan" : "Sedati",
  "kelurahan" : "Gisik Cemandi",
  "kodepos" : "61253"
}, {
  "kecamatan" : "Sedati",
  "kelurahan" : "Kalanganyar",
  "kodepos" : "61253"
}, {
  "kecamatan" : "Sedati",
  "kelurahan" : "Buncitan",
  "kodepos" : "61253"
}, {
  "kecamatan" : "Sedati",
  "kelurahan" : "Betro",
  "kodepos" : "61253"
}, {
  "kecamatan" : "Buduran",
  "kelurahan" : "Wadungasih",
  "kodepos" : "61252"
}, {
  "kecamatan" : "Sedati",
  "kelurahan" : "Banjar Kemuning",
  "kodepos" : "61253"
}, {
  "kecamatan" : "Buduran",
  "kelurahan" : "Siwalan Panji",
  "kodepos" : "61252"
}, {
  "kecamatan" : "Buduran",
  "kelurahan" : "Sukorejo",
  "kodepos" : "61252"
}, {
  "kecamatan" : "Buduran",
  "kelurahan" : "Sidomulyo",
  "kodepos" : "61252"
}, {
  "kecamatan" : "Buduran",
  "kelurahan" : "Sidokerto",
  "kodepos" : "61252"
}, {
  "kecamatan" : "Buduran",
  "kelurahan" : "Sawohan",
  "kodepos" : "61252"
}, {
  "kecamatan" : "Buduran",
  "kelurahan" : "Sidokepung",
  "kodepos" : "61252"
}, {
  "kecamatan" : "Buduran",
  "kelurahan" : "Entalsewu",
  "kodepos" : "61252"
}, {
  "kecamatan" : "Buduran",
  "kelurahan" : "Pagerwojo",
  "kodepos" : "61252"
}, {
  "kecamatan" : "Buduran",
  "kelurahan" : "Prasung",
  "kodepos" : "61252"
}, {
  "kecamatan" : "Buduran",
  "kelurahan" : "Damarsi",
  "kodepos" : "61252"
}, {
  "kecamatan" : "Buduran",
  "kelurahan" : "Dukuhtengah",
  "kodepos" : "61252"
}, {
  "kecamatan" : "Buduran",
  "kelurahan" : "Banjarsari",
  "kodepos" : "61252"
}, {
  "kecamatan" : "Buduran",
  "kelurahan" : "Buduran",
  "kodepos" : "61252"
}, {
  "kecamatan" : "Buduran",
  "kelurahan" : "Banjarkemantren",
  "kodepos" : "61252"
}, {
  "kecamatan" : "Sidoarjo",
  "kelurahan" : "Sari Rogo",
  "kodepos" : "61234"
}, {
  "kecamatan" : "Sidoarjo",
  "kelurahan" : "Urangagung (Jedong)",
  "kodepos" : "61234"
}, {
  "kecamatan" : "Sidoarjo",
  "kelurahan" : "Kemiri",
  "kodepos" : "61234"
}, {
  "kecamatan" : "Sidoarjo",
  "kelurahan" : "Rangkahkidul",
  "kodepos" : "61234"
}, {
  "kecamatan" : "Sidoarjo",
  "kelurahan" : "Cemeng Kalang",
  "kodepos" : "61234"
}, {
  "kecamatan" : "Sidoarjo",
  "kelurahan" : "Bulusidokare",
  "kodepos" : "61234"
}, {
  "kecamatan" : "Sidoarjo",
  "kelurahan" : "Cemeng Bakalan",
  "kodepos" : "61234"
}, {
  "kecamatan" : "Sidoarjo",
  "kelurahan" : "Gebang",
  "kodepos" : "61231"
}, {
  "kecamatan" : "Sidoarjo",
  "kelurahan" : "Bluru Kidul",
  "kodepos" : "61233"
}, {
  "kecamatan" : "Sidoarjo",
  "kelurahan" : "Sumput",
  "kodepos" : "61228"
}, {
  "kecamatan" : "Sidoarjo",
  "kelurahan" : "Banjarbendo",
  "kodepos" : "61225"
}, {
  "kecamatan" : "Sidoarjo",
  "kelurahan" : "Jati",
  "kodepos" : "61226"
}, {
  "kecamatan" : "Sidoarjo",
  "kelurahan" : "Lebo",
  "kodepos" : "61223"
}, {
  "kecamatan" : "Sidoarjo",
  "kelurahan" : "Suko",
  "kodepos" : "61224"
}, {
  "kecamatan" : "Sidoarjo",
  "kelurahan" : "Pucang",
  "kodepos" : "61219"
}, {
  "kecamatan" : "Sidoarjo",
  "kelurahan" : "Pucanganom",
  "kodepos" : "61217"
}, {
  "kecamatan" : "Sidoarjo",
  "kelurahan" : "Sidoklumpuk",
  "kodepos" : "61218"
}, {
  "kecamatan" : "Sidoarjo",
  "kelurahan" : "Sekardangan",
  "kodepos" : "61215"
}, {
  "kecamatan" : "Sukodono",
  "kelurahan" : "Panjunan",
  "kodepos" : "61216"
}, {
  "kecamatan" : "Sidoarjo",
  "kelurahan" : "Sidokare",
  "kodepos" : "61214"
}, {
  "kecamatan" : "Sidoarjo",
  "kelurahan" : "Celep",
  "kodepos" : "61215"
}, {
  "kecamatan" : "Sidoarjo",
  "kelurahan" : "Lemahputro",
  "kodepos" : "61213"
}, {
  "kecamatan" : "Sidoarjo",
  "kelurahan" : "Pekauman",
  "kodepos" : "61213"
}, {
  "kecamatan" : "Sidoarjo",
  "kelurahan" : "Magersari",
  "kodepos" : "61212"
}, {
  "kecamatan" : "Sidoarjo",
  "kelurahan" : "Sidokumpul",
  "kodepos" : "61212"
}, {
  "kecamatan" : "Taman",
  "kelurahan" : "Krembangan",
  "kodepos" : "61212"
} ]
