[ {
  "kecamatan" : "Tambak",
  "kelurahan" : "Tanjungori",
  "kodepos" : "61182"
}, {
  "kecamatan" : "Tambak",
  "kelurahan" : "Teluk Jatidawang",
  "kodepos" : "61182"
}, {
  "kecamatan" : "Tambak",
  "kelurahan" : "Tambak",
  "kodepos" : "61182"
}, {
  "kecamatan" : "Tambak",
  "kelurahan" : "Peromaan (Paromaan)",
  "kodepos" : "61182"
}, {
  "kecamatan" : "Tambak",
  "kelurahan" : "Sukalela",
  "kodepos" : "61182"
}, {
  "kecamatan" : "Tambak",
  "kelurahan" : "Sukaoneng",
  "kodepos" : "61182"
}, {
  "kecamatan" : "Tambak",
  "kelurahan" : "Kepuh Legundi",
  "kodepos" : "61182"
}, {
  "kecamatan" : "Tambak",
  "kelurahan" : "Kepuh Teluk",
  "kodepos" : "61182"
}, {
  "kecamatan" : "Tambak",
  "kelurahan" : "Pekalongan",
  "kodepos" : "61182"
}, {
  "kecamatan" : "Tambak",
  "kelurahan" : "Grejeg",
  "kodepos" : "61182"
}, {
  "kecamatan" : "Tambak",
  "kelurahan" : "Kelompang Gubug",
  "kodepos" : "61182"
}, {
  "kecamatan" : "Tambak",
  "kelurahan" : "Diponggo",
  "kodepos" : "61182"
}, {
  "kecamatan" : "Tambak",
  "kelurahan" : "Gelam",
  "kodepos" : "61182"
}, {
  "kecamatan" : "Sangkapura",
  "kelurahan" : "Suwari",
  "kodepos" : "61181"
}, {
  "kecamatan" : "Sangkapura",
  "kelurahan" : "Sungai Teluk",
  "kodepos" : "61181"
}, {
  "kecamatan" : "Sangkapura",
  "kelurahan" : "Sidogedung Batu",
  "kodepos" : "61181"
}, {
  "kecamatan" : "Sangkapura",
  "kelurahan" : "Sungai Rujing",
  "kodepos" : "61181"
}, {
  "kecamatan" : "Sangkapura",
  "kelurahan" : "Pudakit Timur",
  "kodepos" : "61181"
}, {
  "kecamatan" : "Sangkapura",
  "kelurahan" : "Sawahmulya",
  "kodepos" : "61181"
}, {
  "kecamatan" : "Sangkapura",
  "kelurahan" : "Patarselamat",
  "kodepos" : "61181"
}, {
  "kecamatan" : "Sangkapura",
  "kelurahan" : "Pudakit Barat",
  "kodepos" : "61181"
}, {
  "kecamatan" : "Sangkapura",
  "kelurahan" : "Kota Kusuma",
  "kodepos" : "61181"
}, {
  "kecamatan" : "Sangkapura",
  "kelurahan" : "Kumalasa",
  "kodepos" : "61181"
}, {
  "kecamatan" : "Sangkapura",
  "kelurahan" : "Lebak",
  "kodepos" : "61181"
}, {
  "kecamatan" : "Sangkapura",
  "kelurahan" : "Gunungteguh",
  "kodepos" : "61181"
}, {
  "kecamatan" : "Sangkapura",
  "kelurahan" : "Kebon Teluk Dalam",
  "kodepos" : "61181"
}, {
  "kecamatan" : "Sangkapura",
  "kelurahan" : "Dekatagung",
  "kodepos" : "61181"
}, {
  "kecamatan" : "Sangkapura",
  "kelurahan" : "Balikterus",
  "kodepos" : "61181"
}, {
  "kecamatan" : "Sangkapura",
  "kelurahan" : "Bululanjang",
  "kodepos" : "61181"
}, {
  "kecamatan" : "Sangkapura",
  "kelurahan" : "Daun",
  "kodepos" : "61181"
}, {
  "kecamatan" : "Driyorejo",
  "kelurahan" : "Wedoroanom",
  "kodepos" : "61177"
}, {
  "kecamatan" : "Driyorejo",
  "kelurahan" : "Wedoroanom",
  "kodepos" : "61177"
}, {
  "kecamatan" : "Driyorejo",
  "kelurahan" : "Sumput",
  "kodepos" : "61177"
}, {
  "kecamatan" : "Driyorejo",
  "kelurahan" : "Tanjungan",
  "kodepos" : "61177"
}, {
  "kecamatan" : "Driyorejo",
  "kelurahan" : "Petiken",
  "kodepos" : "61177"
}, {
  "kecamatan" : "Driyorejo",
  "kelurahan" : "Randegansari",
  "kodepos" : "61177"
}, {
  "kecamatan" : "Driyorejo",
  "kelurahan" : "Mojosarirejo",
  "kodepos" : "61177"
}, {
  "kecamatan" : "Driyorejo",
  "kelurahan" : "Mulung",
  "kodepos" : "61177"
}, {
  "kecamatan" : "Driyorejo",
  "kelurahan" : "Kesambenwetan",
  "kodepos" : "61177"
}, {
  "kecamatan" : "Driyorejo",
  "kelurahan" : "Krikilan",
  "kodepos" : "61177"
}, {
  "kecamatan" : "Driyorejo",
  "kelurahan" : "Driyorejo",
  "kodepos" : "61177"
}, {
  "kecamatan" : "Driyorejo",
  "kelurahan" : "Gadung",
  "kodepos" : "61177"
}, {
  "kecamatan" : "Driyorejo",
  "kelurahan" : "Karangandong",
  "kodepos" : "61177"
}, {
  "kecamatan" : "Driyorejo",
  "kelurahan" : "Cangkir",
  "kodepos" : "61177"
}, {
  "kecamatan" : "Driyorejo",
  "kelurahan" : "Banjaran",
  "kodepos" : "61177"
}, {
  "kecamatan" : "Wringin Anom",
  "kelurahan" : "Wringinanom",
  "kodepos" : "61176"
}, {
  "kecamatan" : "Driyorejo",
  "kelurahan" : "Bambe",
  "kodepos" : "61177"
}, {
  "kecamatan" : "Wringin Anom",
  "kelurahan" : "Sumengko",
  "kodepos" : "61176"
}, {
  "kecamatan" : "Wringin Anom",
  "kelurahan" : "Watestanjung",
  "kodepos" : "61176"
}, {
  "kecamatan" : "Wringin Anom",
  "kelurahan" : "Sumbergede",
  "kodepos" : "61176"
}, {
  "kecamatan" : "Wringin Anom",
  "kelurahan" : "Sumberwaru",
  "kodepos" : "61176"
}, {
  "kecamatan" : "Wringin Anom",
  "kelurahan" : "Sembung",
  "kodepos" : "61176"
}, {
  "kecamatan" : "Wringin Anom",
  "kelurahan" : "Soko (Sooko)",
  "kodepos" : "61176"
}, {
  "kecamatan" : "Wringin Anom",
  "kelurahan" : "Sumberame",
  "kodepos" : "61176"
}, {
  "kecamatan" : "Wringin Anom",
  "kelurahan" : "Mondoluku",
  "kodepos" : "61176"
}, {
  "kecamatan" : "Wringin Anom",
  "kelurahan" : "Pasinan Lemahputih",
  "kodepos" : "61176"
}, {
  "kecamatan" : "Wringin Anom",
  "kelurahan" : "Pedagangan",
  "kodepos" : "61176"
}, {
  "kecamatan" : "Wringin Anom",
  "kelurahan" : "Lebanisuko",
  "kodepos" : "61176"
}, {
  "kecamatan" : "Wringin Anom",
  "kelurahan" : "Lebaniwaras",
  "kodepos" : "61176"
}, {
  "kecamatan" : "Wringin Anom",
  "kelurahan" : "Kesamben Kulon",
  "kodepos" : "61176"
}, {
  "kecamatan" : "Wringin Anom",
  "kelurahan" : "Kedunganyar",
  "kodepos" : "61176"
}, {
  "kecamatan" : "Wringin Anom",
  "kelurahan" : "Kepuhklagen",
  "kodepos" : "61176"
}, {
  "kecamatan" : "Kedamean",
  "kelurahan" : "Turirejo",
  "kodepos" : "61175"
}, {
  "kecamatan" : "Kedamean",
  "kelurahan" : "Slempit",
  "kodepos" : "61175"
}, {
  "kecamatan" : "Kedamean",
  "kelurahan" : "Tanjung",
  "kodepos" : "61175"
}, {
  "kecamatan" : "Kedamean",
  "kelurahan" : "Tulung",
  "kodepos" : "61175"
}, {
  "kecamatan" : "Kedamean",
  "kelurahan" : "Mojowuku",
  "kodepos" : "61175"
}, {
  "kecamatan" : "Kedamean",
  "kelurahan" : "Ngepung",
  "kodepos" : "61175"
}, {
  "kecamatan" : "Kedamean",
  "kelurahan" : "Sidoraharjo",
  "kodepos" : "61175"
}, {
  "kecamatan" : "Kedamean",
  "kelurahan" : "Lampah",
  "kodepos" : "61175"
}, {
  "kecamatan" : "Kedamean",
  "kelurahan" : "Menunggal",
  "kodepos" : "61175"
}, {
  "kecamatan" : "Kedamean",
  "kelurahan" : "Katimoho",
  "kodepos" : "61175"
}, {
  "kecamatan" : "Kedamean",
  "kelurahan" : "Kedamean",
  "kodepos" : "61175"
}, {
  "kecamatan" : "Kedamean",
  "kelurahan" : "Belahanrejo",
  "kodepos" : "61175"
}, {
  "kecamatan" : "Kedamean",
  "kelurahan" : "Cermen",
  "kodepos" : "61175"
}, {
  "kecamatan" : "Kedamean",
  "kelurahan" : "Glindah",
  "kodepos" : "61175"
}, {
  "kecamatan" : "Menganti",
  "kelurahan" : "Sidowungu",
  "kodepos" : "61174"
}, {
  "kecamatan" : "Kedamean",
  "kelurahan" : "Banyuurip",
  "kodepos" : "61175"
}, {
  "kecamatan" : "Menganti",
  "kelurahan" : "Setro",
  "kodepos" : "61174"
}, {
  "kecamatan" : "Menganti",
  "kelurahan" : "Sidojangkung",
  "kodepos" : "61174"
}, {
  "kecamatan" : "Menganti",
  "kelurahan" : "Putat Lor",
  "kodepos" : "61174"
}, {
  "kecamatan" : "Menganti",
  "kelurahan" : "Randupadangan",
  "kodepos" : "61174"
}, {
  "kecamatan" : "Menganti",
  "kelurahan" : "Pengalangan",
  "kodepos" : "61174"
}, {
  "kecamatan" : "Menganti",
  "kelurahan" : "Pranti",
  "kodepos" : "61174"
}, {
  "kecamatan" : "Menganti",
  "kelurahan" : "Mojotengah",
  "kodepos" : "61174"
}, {
  "kecamatan" : "Menganti",
  "kelurahan" : "Pelemwatu",
  "kodepos" : "61174"
}, {
  "kecamatan" : "Menganti",
  "kelurahan" : "Laban",
  "kodepos" : "61174"
}, {
  "kecamatan" : "Menganti",
  "kelurahan" : "Menganti",
  "kodepos" : "61174"
}, {
  "kecamatan" : "Menganti",
  "kelurahan" : "Hendrosari",
  "kodepos" : "61174"
}, {
  "kecamatan" : "Menganti",
  "kelurahan" : "Hulaan",
  "kodepos" : "61174"
}, {
  "kecamatan" : "Menganti",
  "kelurahan" : "Kepatihan",
  "kodepos" : "61174"
}, {
  "kecamatan" : "Menganti",
  "kelurahan" : "Drancang",
  "kodepos" : "61174"
}, {
  "kecamatan" : "Menganti",
  "kelurahan" : "Gadingwatu",
  "kodepos" : "61174"
}, {
  "kecamatan" : "Menganti",
  "kelurahan" : "Gempolkurung",
  "kodepos" : "61174"
}, {
  "kecamatan" : "Menganti",
  "kelurahan" : "Bringkang",
  "kodepos" : "61174"
}, {
  "kecamatan" : "Menganti",
  "kelurahan" : "Domas",
  "kodepos" : "61174"
}, {
  "kecamatan" : "Menganti",
  "kelurahan" : "Boboh",
  "kodepos" : "61174"
}, {
  "kecamatan" : "Menganti",
  "kelurahan" : "Boteng",
  "kodepos" : "61174"
}, {
  "kecamatan" : "Balong Panggang",
  "kelurahan" : "Wotansari",
  "kodepos" : "61173"
}, {
  "kecamatan" : "Menganti",
  "kelurahan" : "Beton",
  "kodepos" : "61174"
}, {
  "kecamatan" : "Balong Panggang",
  "kelurahan" : "Wahas",
  "kodepos" : "61173"
}, {
  "kecamatan" : "Balong Panggang",
  "kelurahan" : "Wonorejo",
  "kodepos" : "61173"
}, {
  "kecamatan" : "Balong Panggang",
  "kelurahan" : "Tenggor",
  "kodepos" : "61173"
}, {
  "kecamatan" : "Balong Panggang",
  "kelurahan" : "Sekarputih",
  "kodepos" : "61173"
}, {
  "kecamatan" : "Balong Panggang",
  "kelurahan" : "Tanahlandean",
  "kodepos" : "61173"
}, {
  "kecamatan" : "Balong Panggang",
  "kelurahan" : "Pinggir",
  "kodepos" : "61173"
}, {
  "kecamatan" : "Balong Panggang",
  "kelurahan" : "Pucung",
  "kodepos" : "61173"
}, {
  "kecamatan" : "Balong Panggang",
  "kelurahan" : "Ngasin",
  "kodepos" : "61173"
}, {
  "kecamatan" : "Balong Panggang",
  "kelurahan" : "Pacuh",
  "kodepos" : "61173"
}, {
  "kecamatan" : "Balong Panggang",
  "kelurahan" : "Klotok",
  "kodepos" : "61173"
}, {
  "kecamatan" : "Balong Panggang",
  "kelurahan" : "Mojogede",
  "kodepos" : "61173"
}, {
  "kecamatan" : "Balong Panggang",
  "kelurahan" : "Ngampel",
  "kodepos" : "61173"
}, {
  "kecamatan" : "Balong Panggang",
  "kelurahan" : "Kedungpring",
  "kodepos" : "61173"
}, {
  "kecamatan" : "Balong Panggang",
  "kelurahan" : "Kedungsumber",
  "kodepos" : "61173"
}, {
  "kecamatan" : "Balong Panggang",
  "kelurahan" : "Ganggang",
  "kodepos" : "61173"
}, {
  "kecamatan" : "Balong Panggang",
  "kelurahan" : "Jombangdelik",
  "kodepos" : "61173"
}, {
  "kecamatan" : "Balong Panggang",
  "kelurahan" : "Karangsemanding",
  "kodepos" : "61173"
}, {
  "kecamatan" : "Balong Panggang",
  "kelurahan" : "Dapet",
  "kodepos" : "61173"
}, {
  "kecamatan" : "Balong Panggang",
  "kelurahan" : "Dohoagung",
  "kodepos" : "61173"
}, {
  "kecamatan" : "Balong Panggang",
  "kelurahan" : "Banjaragung",
  "kodepos" : "61173"
}, {
  "kecamatan" : "Balong Panggang",
  "kelurahan" : "Brangkal",
  "kodepos" : "61173"
}, {
  "kecamatan" : "Balong Panggang",
  "kelurahan" : "Babatan",
  "kodepos" : "61173"
}, {
  "kecamatan" : "Balong Panggang",
  "kelurahan" : "Balongpanggang",
  "kodepos" : "61173"
}, {
  "kecamatan" : "Balong Panggang",
  "kelurahan" : "Bandungsekaran",
  "kodepos" : "61173"
}, {
  "kecamatan" : "Benjeng",
  "kelurahan" : "Sedapurklagen",
  "kodepos" : "61172"
}, {
  "kecamatan" : "Benjeng",
  "kelurahan" : "Sirnoboyo",
  "kodepos" : "61172"
}, {
  "kecamatan" : "Benjeng",
  "kelurahan" : "Punduttrate",
  "kodepos" : "61172"
}, {
  "kecamatan" : "Benjeng",
  "kelurahan" : "Metatu",
  "kodepos" : "61172"
}, {
  "kecamatan" : "Benjeng",
  "kelurahan" : "Munggugebang",
  "kodepos" : "61172"
}, {
  "kecamatan" : "Benjeng",
  "kelurahan" : "Munggugianti",
  "kodepos" : "61172"
}, {
  "kecamatan" : "Benjeng",
  "kelurahan" : "Klampok",
  "kodepos" : "61172"
}, {
  "kecamatan" : "Benjeng",
  "kelurahan" : "Lundo",
  "kodepos" : "61172"
}, {
  "kecamatan" : "Benjeng",
  "kelurahan" : "Karangankidul",
  "kodepos" : "61172"
}, {
  "kecamatan" : "Benjeng",
  "kelurahan" : "Kedungrukem",
  "kodepos" : "61172"
}, {
  "kecamatan" : "Benjeng",
  "kelurahan" : "Kedungsekar",
  "kodepos" : "61172"
}, {
  "kecamatan" : "Benjeng",
  "kelurahan" : "Jogodalu",
  "kodepos" : "61172"
}, {
  "kecamatan" : "Benjeng",
  "kelurahan" : "Kalipadang",
  "kodepos" : "61172"
}, {
  "kecamatan" : "Benjeng",
  "kelurahan" : "Gluranploso",
  "kodepos" : "61172"
}, {
  "kecamatan" : "Benjeng",
  "kelurahan" : "Jatirembe",
  "kodepos" : "61172"
}, {
  "kecamatan" : "Benjeng",
  "kelurahan" : "Dermo",
  "kodepos" : "61172"
}, {
  "kecamatan" : "Benjeng",
  "kelurahan" : "Bulangkulon",
  "kodepos" : "61172"
}, {
  "kecamatan" : "Benjeng",
  "kelurahan" : "Bulurejo",
  "kodepos" : "61172"
}, {
  "kecamatan" : "Benjeng",
  "kelurahan" : "Deliksumber",
  "kodepos" : "61172"
}, {
  "kecamatan" : "Benjeng",
  "kelurahan" : "Banter",
  "kodepos" : "61172"
}, {
  "kecamatan" : "Benjeng",
  "kelurahan" : "Bengkelolor",
  "kodepos" : "61172"
}, {
  "kecamatan" : "Benjeng",
  "kelurahan" : "Balongtunjung",
  "kodepos" : "61172"
}, {
  "kecamatan" : "Cerme",
  "kelurahan" : "Tambakberas",
  "kodepos" : "61171"
}, {
  "kecamatan" : "Cerme",
  "kelurahan" : "Wedani",
  "kodepos" : "61171"
}, {
  "kecamatan" : "Benjeng",
  "kelurahan" : "Balongmojo",
  "kodepos" : "61172"
}, {
  "kecamatan" : "Cerme",
  "kelurahan" : "Semampir",
  "kodepos" : "61171"
}, {
  "kecamatan" : "Cerme",
  "kelurahan" : "Sukoanyar",
  "kodepos" : "61171"
}, {
  "kecamatan" : "Cerme",
  "kelurahan" : "Padeg",
  "kodepos" : "61171"
}, {
  "kecamatan" : "Cerme",
  "kelurahan" : "Pandu",
  "kodepos" : "61171"
}, {
  "kecamatan" : "Cerme",
  "kelurahan" : "Ngabetan",
  "kodepos" : "61171"
}, {
  "kecamatan" : "Cerme",
  "kelurahan" : "Ngembung",
  "kodepos" : "61171"
}, {
  "kecamatan" : "Cerme",
  "kelurahan" : "Lengkong",
  "kodepos" : "61171"
}, {
  "kecamatan" : "Cerme",
  "kelurahan" : "Morowudi",
  "kodepos" : "61171"
}, {
  "kecamatan" : "Cerme",
  "kelurahan" : "Jono",
  "kodepos" : "61171"
}, {
  "kecamatan" : "Cerme",
  "kelurahan" : "Kambingan",
  "kodepos" : "61171"
}, {
  "kecamatan" : "Cerme",
  "kelurahan" : "Kandangan",
  "kodepos" : "61171"
}, {
  "kecamatan" : "Cerme",
  "kelurahan" : "Guranganyar",
  "kodepos" : "61171"
}, {
  "kecamatan" : "Cerme",
  "kelurahan" : "Ikerikergeger",
  "kodepos" : "61171"
}, {
  "kecamatan" : "Cerme",
  "kelurahan" : "Dungus",
  "kodepos" : "61171"
}, {
  "kecamatan" : "Cerme",
  "kelurahan" : "Gedangkulut",
  "kodepos" : "61171"
}, {
  "kecamatan" : "Cerme",
  "kelurahan" : "Dampaan",
  "kodepos" : "61171"
}, {
  "kecamatan" : "Cerme",
  "kelurahan" : "Dooro",
  "kodepos" : "61171"
}, {
  "kecamatan" : "Cerme",
  "kelurahan" : "Dadapkuning",
  "kodepos" : "61171"
}, {
  "kecamatan" : "Cerme",
  "kelurahan" : "Cerme Kidul",
  "kodepos" : "61171"
}, {
  "kecamatan" : "Cerme",
  "kelurahan" : "Cerme Lor",
  "kodepos" : "61171"
}, {
  "kecamatan" : "Cerme",
  "kelurahan" : "Betiting",
  "kodepos" : "61171"
}, {
  "kecamatan" : "Cerme",
  "kelurahan" : "Cagakagung",
  "kodepos" : "61171"
}, {
  "kecamatan" : "Duduk Sampeyan",
  "kelurahan" : "Wadak Lor",
  "kodepos" : "61162"
}, {
  "kecamatan" : "Cerme",
  "kelurahan" : "Banjarsari",
  "kodepos" : "61171"
}, {
  "kecamatan" : "Duduk Sampeyan",
  "kelurahan" : "Wadak Kidul",
  "kodepos" : "61162"
}, {
  "kecamatan" : "Duduk Sampeyan",
  "kelurahan" : "Tumapel",
  "kodepos" : "61162"
}, {
  "kecamatan" : "Duduk Sampeyan",
  "kelurahan" : "Tambakrejo",
  "kodepos" : "61162"
}, {
  "kecamatan" : "Duduk Sampeyan",
  "kelurahan" : "Tebaloan",
  "kodepos" : "61162"
}, {
  "kecamatan" : "Duduk Sampeyan",
  "kelurahan" : "Tirem",
  "kodepos" : "61162"
}, {
  "kecamatan" : "Duduk Sampeyan",
  "kelurahan" : "Sumari",
  "kodepos" : "61162"
}, {
  "kecamatan" : "Duduk Sampeyan",
  "kelurahan" : "Sumengko",
  "kodepos" : "61162"
}, {
  "kecamatan" : "Duduk Sampeyan",
  "kelurahan" : "Petisbenem",
  "kodepos" : "61162"
}, {
  "kecamatan" : "Duduk Sampeyan",
  "kelurahan" : "Samirplapan",
  "kodepos" : "61162"
}, {
  "kecamatan" : "Duduk Sampeyan",
  "kelurahan" : "Setrohadi",
  "kodepos" : "61162"
}, {
  "kecamatan" : "Duduk Sampeyan",
  "kelurahan" : "Palebon",
  "kodepos" : "61162"
}, {
  "kecamatan" : "Duduk Sampeyan",
  "kelurahan" : "Pandanan",
  "kodepos" : "61162"
}, {
  "kecamatan" : "Duduk Sampeyan",
  "kelurahan" : "Panjunan",
  "kodepos" : "61162"
}, {
  "kecamatan" : "Duduk Sampeyan",
  "kelurahan" : "Kemudi",
  "kodepos" : "61162"
}, {
  "kecamatan" : "Duduk Sampeyan",
  "kelurahan" : "Kramat Kulon",
  "kodepos" : "61162"
}, {
  "kecamatan" : "Duduk Sampeyan",
  "kelurahan" : "Kandangan",
  "kodepos" : "61162"
}, {
  "kecamatan" : "Duduk Sampeyan",
  "kelurahan" : "Kawistowindu",
  "kodepos" : "61162"
}, {
  "kecamatan" : "Duduk Sampeyan",
  "kelurahan" : "Glanggang",
  "kodepos" : "61162"
}, {
  "kecamatan" : "Duduk Sampeyan",
  "kelurahan" : "Gredek",
  "kodepos" : "61162"
}, {
  "kecamatan" : "Duduk Sampeyan",
  "kelurahan" : "Ambeng Ambeng Watangrejo",
  "kodepos" : "61162"
}, {
  "kecamatan" : "Duduk Sampeyan",
  "kelurahan" : "Bendungan",
  "kodepos" : "61162"
}, {
  "kecamatan" : "Duduk Sampeyan",
  "kelurahan" : "Duduk Sampeyan",
  "kodepos" : "61162"
}, {
  "kecamatan" : "Panceng",
  "kelurahan" : "Surowiti",
  "kodepos" : "61156"
}, {
  "kecamatan" : "Panceng",
  "kelurahan" : "Wotan",
  "kodepos" : "61156"
}, {
  "kecamatan" : "Panceng",
  "kelurahan" : "Sukodono",
  "kodepos" : "61156"
}, {
  "kecamatan" : "Panceng",
  "kelurahan" : "Sumurber",
  "kodepos" : "61156"
}, {
  "kecamatan" : "Panceng",
  "kelurahan" : "Prupuh",
  "kodepos" : "61156"
}, {
  "kecamatan" : "Panceng",
  "kelurahan" : "Serah",
  "kodepos" : "61156"
}, {
  "kecamatan" : "Panceng",
  "kelurahan" : "Siwalan",
  "kodepos" : "61156"
}, {
  "kecamatan" : "Panceng",
  "kelurahan" : "Petung",
  "kodepos" : "61156"
}, {
  "kecamatan" : "Panceng",
  "kelurahan" : "Pantenan",
  "kodepos" : "61156"
}, {
  "kecamatan" : "Panceng",
  "kelurahan" : "Doudo",
  "kodepos" : "61156"
}, {
  "kecamatan" : "Panceng",
  "kelurahan" : "Ketanen",
  "kodepos" : "61156"
}, {
  "kecamatan" : "Panceng",
  "kelurahan" : "Banyutengah",
  "kodepos" : "61156"
}, {
  "kecamatan" : "Panceng",
  "kelurahan" : "Campurejo",
  "kodepos" : "61156"
}, {
  "kecamatan" : "Panceng",
  "kelurahan" : "Dalegan",
  "kodepos" : "61156"
}, {
  "kecamatan" : "Dukun",
  "kelurahan" : "Wonokerto",
  "kodepos" : "61155"
}, {
  "kecamatan" : "Dukun",
  "kelurahan" : "Sembung Anyar",
  "kodepos" : "61155"
}, {
  "kecamatan" : "Dukun",
  "kelurahan" : "Sembungan Kidul",
  "kodepos" : "61155"
}, {
  "kecamatan" : "Dukun",
  "kelurahan" : "Tebuwung",
  "kodepos" : "61155"
}, {
  "kecamatan" : "Dukun",
  "kelurahan" : "Tiremenggal",
  "kodepos" : "61155"
}, {
  "kecamatan" : "Dukun",
  "kelurahan" : "Sekargadung",
  "kodepos" : "61155"
}, {
  "kecamatan" : "Dukun",
  "kelurahan" : "Sawo",
  "kodepos" : "61155"
}, {
  "kecamatan" : "Dukun",
  "kelurahan" : "Petiyin Tunggal",
  "kodepos" : "61155"
}, {
  "kecamatan" : "Dukun",
  "kelurahan" : "Sambogunung",
  "kodepos" : "61155"
}, {
  "kecamatan" : "Dukun",
  "kelurahan" : "Padang Bandung",
  "kodepos" : "61155"
}, {
  "kecamatan" : "Dukun",
  "kelurahan" : "Mentaras",
  "kodepos" : "61155"
}, {
  "kecamatan" : "Dukun",
  "kelurahan" : "Mojopetung",
  "kodepos" : "61155"
}, {
  "kecamatan" : "Dukun",
  "kelurahan" : "Lowayu",
  "kodepos" : "61155"
}, {
  "kecamatan" : "Dukun",
  "kelurahan" : "Madumulyorejo",
  "kodepos" : "61155"
}, {
  "kecamatan" : "Dukun",
  "kelurahan" : "Kalirejo",
  "kodepos" : "61155"
}, {
  "kecamatan" : "Dukun",
  "kelurahan" : "Karangcangkring",
  "kodepos" : "61155"
}, {
  "kecamatan" : "Dukun",
  "kelurahan" : "Jrebeng",
  "kodepos" : "61155"
}, {
  "kecamatan" : "Dukun",
  "kelurahan" : "Imaan",
  "kodepos" : "61155"
}, {
  "kecamatan" : "Dukun",
  "kelurahan" : "Dukunanyar",
  "kodepos" : "61155"
}, {
  "kecamatan" : "Dukun",
  "kelurahan" : "Gedongkedoan",
  "kodepos" : "61155"
}, {
  "kecamatan" : "Dukun",
  "kelurahan" : "Dukuh Kembar",
  "kodepos" : "61155"
}, {
  "kecamatan" : "Dukun",
  "kelurahan" : "Bulangan",
  "kodepos" : "61155"
}, {
  "kecamatan" : "Dukun",
  "kelurahan" : "Bangeran",
  "kodepos" : "61155"
}, {
  "kecamatan" : "Dukun",
  "kelurahan" : "Baron",
  "kodepos" : "61155"
}, {
  "kecamatan" : "Dukun",
  "kelurahan" : "Babaksari",
  "kodepos" : "61155"
}, {
  "kecamatan" : "Dukun",
  "kelurahan" : "Babakbawo",
  "kodepos" : "61155"
}, {
  "kecamatan" : "Ujung Pangkah",
  "kelurahan" : "Tanjangawan",
  "kodepos" : "61154"
}, {
  "kecamatan" : "Ujung Pangkah",
  "kelurahan" : "Pangkah Wetan",
  "kodepos" : "61154"
}, {
  "kecamatan" : "Ujung Pangkah",
  "kelurahan" : "Sekapuk",
  "kodepos" : "61154"
}, {
  "kecamatan" : "Ujung Pangkah",
  "kelurahan" : "Pangkah Kulon",
  "kodepos" : "61154"
}, {
  "kecamatan" : "Ujung Pangkah",
  "kelurahan" : "Ngemboh",
  "kodepos" : "61154"
}, {
  "kecamatan" : "Ujung Pangkah",
  "kelurahan" : "Kebonagung",
  "kodepos" : "61154"
}, {
  "kecamatan" : "Ujung Pangkah",
  "kelurahan" : "Ketapang Lor",
  "kodepos" : "61154"
}, {
  "kecamatan" : "Ujung Pangkah",
  "kelurahan" : "Karangrejo",
  "kodepos" : "61154"
}, {
  "kecamatan" : "Ujung Pangkah",
  "kelurahan" : "Gosari",
  "kodepos" : "61154"
}, {
  "kecamatan" : "Ujung Pangkah",
  "kelurahan" : "Glatik",
  "kodepos" : "61154"
}, {
  "kecamatan" : "Ujung Pangkah",
  "kelurahan" : "Bolo",
  "kodepos" : "61154"
}, {
  "kecamatan" : "Ujung Pangkah",
  "kelurahan" : "Cangaan",
  "kodepos" : "61154"
}, {
  "kecamatan" : "Ujung Pangkah",
  "kelurahan" : "Banyuurip",
  "kodepos" : "61154"
}, {
  "kecamatan" : "Sidayu",
  "kelurahan" : "Wadeng",
  "kodepos" : "61153"
}, {
  "kecamatan" : "Sidayu",
  "kelurahan" : "Srowo",
  "kodepos" : "61153"
}, {
  "kecamatan" : "Sidayu",
  "kelurahan" : "Sukorejo",
  "kodepos" : "61153"
}, {
  "kecamatan" : "Sidayu",
  "kelurahan" : "Sedagaran",
  "kodepos" : "61153"
}, {
  "kecamatan" : "Sidayu",
  "kelurahan" : "Sidomulyo",
  "kodepos" : "61153"
}, {
  "kecamatan" : "Sidayu",
  "kelurahan" : "Sambipondok",
  "kodepos" : "61153"
}, {
  "kecamatan" : "Sidayu",
  "kelurahan" : "Randuboto",
  "kodepos" : "61153"
}, {
  "kecamatan" : "Sidayu",
  "kelurahan" : "Racitengah",
  "kodepos" : "61153"
}, {
  "kecamatan" : "Sidayu",
  "kelurahan" : "Racikulon",
  "kodepos" : "61153"
}, {
  "kecamatan" : "Sidayu",
  "kelurahan" : "Purwodadi",
  "kodepos" : "61153"
}, {
  "kecamatan" : "Sidayu",
  "kelurahan" : "Ngawen",
  "kodepos" : "61153"
}, {
  "kecamatan" : "Sidayu",
  "kelurahan" : "Pengulu",
  "kodepos" : "61153"
}, {
  "kecamatan" : "Sidayu",
  "kelurahan" : "Mriyunan",
  "kodepos" : "61153"
}, {
  "kecamatan" : "Sidayu",
  "kelurahan" : "Mojoasem",
  "kodepos" : "61153"
}, {
  "kecamatan" : "Sidayu",
  "kelurahan" : "Lasem",
  "kodepos" : "61153"
}, {
  "kecamatan" : "Sidayu",
  "kelurahan" : "Kertosono",
  "kodepos" : "61153"
}, {
  "kecamatan" : "Sidayu",
  "kelurahan" : "Golokan",
  "kodepos" : "61153"
}, {
  "kecamatan" : "Sidayu",
  "kelurahan" : "Kauman",
  "kodepos" : "61153"
}, {
  "kecamatan" : "Sidayu",
  "kelurahan" : "Bunderan",
  "kodepos" : "61153"
}, {
  "kecamatan" : "Sidayu",
  "kelurahan" : "Gedangan",
  "kodepos" : "61153"
}, {
  "kecamatan" : "Bungah",
  "kelurahan" : "Watuagung",
  "kodepos" : "61152"
}, {
  "kecamatan" : "Sidayu",
  "kelurahan" : "Asempapak",
  "kodepos" : "61153"
}, {
  "kecamatan" : "Bungah",
  "kelurahan" : "Sungonlegowo",
  "kodepos" : "61152"
}, {
  "kecamatan" : "Bungah",
  "kelurahan" : "Tajung Widoro",
  "kodepos" : "61152"
}, {
  "kecamatan" : "Bungah",
  "kelurahan" : "Sukorejo",
  "kodepos" : "61152"
}, {
  "kecamatan" : "Bungah",
  "kelurahan" : "Sukowati",
  "kodepos" : "61152"
}, {
  "kecamatan" : "Bungah",
  "kelurahan" : "Sidomukti",
  "kodepos" : "61152"
}, {
  "kecamatan" : "Bungah",
  "kelurahan" : "Sidorejo",
  "kodepos" : "61152"
}, {
  "kecamatan" : "Bungah",
  "kelurahan" : "Sidokumpul",
  "kodepos" : "61152"
}, {
  "kecamatan" : "Bungah",
  "kelurahan" : "Raciwetan",
  "kodepos" : "61152"
}, {
  "kecamatan" : "Bungah",
  "kelurahan" : "Mojopuro Wetan",
  "kodepos" : "61152"
}, {
  "kecamatan" : "Bungah",
  "kelurahan" : "Pegundan",
  "kodepos" : "61152"
}, {
  "kecamatan" : "Bungah",
  "kelurahan" : "Melirang",
  "kodepos" : "61152"
}, {
  "kecamatan" : "Bungah",
  "kelurahan" : "Mojopuro Gede",
  "kodepos" : "61152"
}, {
  "kecamatan" : "Bungah",
  "kelurahan" : "Kramat",
  "kodepos" : "61152"
}, {
  "kecamatan" : "Bungah",
  "kelurahan" : "Masangan",
  "kodepos" : "61152"
}, {
  "kecamatan" : "Bungah",
  "kelurahan" : "Indrodelik",
  "kodepos" : "61152"
}, {
  "kecamatan" : "Bungah",
  "kelurahan" : "Kemangi",
  "kodepos" : "61152"
}, {
  "kecamatan" : "Bungah",
  "kelurahan" : "Kisik",
  "kodepos" : "61152"
}, {
  "kecamatan" : "Bungah",
  "kelurahan" : "Bungah",
  "kodepos" : "61152"
}, {
  "kecamatan" : "Bungah",
  "kelurahan" : "Gumeng",
  "kodepos" : "61152"
}, {
  "kecamatan" : "Bungah",
  "kelurahan" : "Abar-Abir",
  "kodepos" : "61152"
}, {
  "kecamatan" : "Bungah",
  "kelurahan" : "Bedanten",
  "kodepos" : "61152"
}, {
  "kecamatan" : "Manyar",
  "kelurahan" : "Tebalo",
  "kodepos" : "61151"
}, {
  "kecamatan" : "Manyar",
  "kelurahan" : "Yosowilangun",
  "kodepos" : "61151"
}, {
  "kecamatan" : "Manyar",
  "kelurahan" : "Sukomulyo",
  "kodepos" : "61151"
}, {
  "kecamatan" : "Manyar",
  "kelurahan" : "Sumberejo",
  "kodepos" : "61151"
}, {
  "kecamatan" : "Manyar",
  "kelurahan" : "Tanggulrejo",
  "kodepos" : "61151"
}, {
  "kecamatan" : "Manyar",
  "kelurahan" : "Sembayat",
  "kodepos" : "61151"
}, {
  "kecamatan" : "Manyar",
  "kelurahan" : "Suci",
  "kodepos" : "61151"
}, {
  "kecamatan" : "Manyar",
  "kelurahan" : "Pongangan",
  "kodepos" : "61151"
}, {
  "kecamatan" : "Manyar",
  "kelurahan" : "Roomo",
  "kodepos" : "61151"
}, {
  "kecamatan" : "Manyar",
  "kelurahan" : "Pejangganan",
  "kodepos" : "61151"
}, {
  "kecamatan" : "Manyar",
  "kelurahan" : "Ngampel",
  "kodepos" : "61151"
}, {
  "kecamatan" : "Manyar",
  "kelurahan" : "Peganden",
  "kodepos" : "61151"
}, {
  "kecamatan" : "Manyar",
  "kelurahan" : "Manyar Sidorukun",
  "kodepos" : "61151"
}, {
  "kecamatan" : "Manyar",
  "kelurahan" : "Manyarejo",
  "kodepos" : "61151"
}, {
  "kecamatan" : "Manyar",
  "kelurahan" : "Morobakung",
  "kodepos" : "61151"
}, {
  "kecamatan" : "Manyar",
  "kelurahan" : "Leran",
  "kodepos" : "61151"
}, {
  "kecamatan" : "Manyar",
  "kelurahan" : "Manyar Sidomukti",
  "kodepos" : "61151"
}, {
  "kecamatan" : "Manyar",
  "kelurahan" : "Betoyokauman",
  "kodepos" : "61151"
}, {
  "kecamatan" : "Manyar",
  "kelurahan" : "Gumeno",
  "kodepos" : "61151"
}, {
  "kecamatan" : "Manyar",
  "kelurahan" : "Karangrejo",
  "kodepos" : "61151"
}, {
  "kecamatan" : "Manyar",
  "kelurahan" : "Banjarsari",
  "kodepos" : "61151"
}, {
  "kecamatan" : "Manyar",
  "kelurahan" : "Banyuwangi",
  "kodepos" : "61151"
}, {
  "kecamatan" : "Manyar",
  "kelurahan" : "Betoyoguci",
  "kodepos" : "61151"
}, {
  "kecamatan" : "Kebomas",
  "kelurahan" : "Sukorejo",
  "kodepos" : "61124"
}, {
  "kecamatan" : "Kebomas",
  "kelurahan" : "Tenggulunan",
  "kodepos" : "61124"
}, {
  "kecamatan" : "Kebomas",
  "kelurahan" : "Sekarkurung",
  "kodepos" : "61124"
}, {
  "kecamatan" : "Kebomas",
  "kelurahan" : "Sidomukti",
  "kodepos" : "61124"
}, {
  "kecamatan" : "Kebomas",
  "kelurahan" : "Prambangan",
  "kodepos" : "61124"
}, {
  "kecamatan" : "Kebomas",
  "kelurahan" : "Klangonan",
  "kodepos" : "61124"
}, {
  "kecamatan" : "Kebomas",
  "kelurahan" : "Ngargosari",
  "kodepos" : "61124"
}, {
  "kecamatan" : "Kebomas",
  "kelurahan" : "Kedanyang",
  "kodepos" : "61124"
}, {
  "kecamatan" : "Kebomas",
  "kelurahan" : "Kembangan",
  "kodepos" : "61124"
}, {
  "kecamatan" : "Kebomas",
  "kelurahan" : "Gulomantung",
  "kodepos" : "61124"
}, {
  "kecamatan" : "Kebomas",
  "kelurahan" : "Indro",
  "kodepos" : "61124"
}, {
  "kecamatan" : "Kebomas",
  "kelurahan" : "Karangkering",
  "kodepos" : "61124"
}, {
  "kecamatan" : "Kebomas",
  "kelurahan" : "Giri",
  "kodepos" : "61124"
}, {
  "kecamatan" : "Kebomas",
  "kelurahan" : "Gending",
  "kodepos" : "61123"
}, {
  "kecamatan" : "Kebomas",
  "kelurahan" : "Segoromadu",
  "kodepos" : "61123"
}, {
  "kecamatan" : "Kebomas",
  "kelurahan" : "Dahanrejo",
  "kodepos" : "61124"
}, {
  "kecamatan" : "Kebomas",
  "kelurahan" : "Sidomoro",
  "kodepos" : "61122"
}, {
  "kecamatan" : "Kebomas",
  "kelurahan" : "Singosari",
  "kodepos" : "61122"
}, {
  "kecamatan" : "Kebomas",
  "kelurahan" : "Kebomas",
  "kodepos" : "61121"
}, {
  "kecamatan" : "Kebomas",
  "kelurahan" : "Randuagung",
  "kodepos" : "61121"
}, {
  "kecamatan" : "Kebomas",
  "kelurahan" : "Kawisanyar",
  "kodepos" : "61121"
}, {
  "kecamatan" : "Gresik",
  "kelurahan" : "Kramatinggil",
  "kodepos" : "61119"
}, {
  "kecamatan" : "Gresik",
  "kelurahan" : "Ngipik",
  "kodepos" : "61119"
}, {
  "kecamatan" : "Gresik",
  "kelurahan" : "Sukorame",
  "kodepos" : "61119"
}, {
  "kecamatan" : "Gresik",
  "kelurahan" : "Tlogopojok",
  "kodepos" : "61118"
}, {
  "kecamatan" : "Gresik",
  "kelurahan" : "Gapurosukolilo",
  "kodepos" : "61119"
}, {
  "kecamatan" : "Gresik",
  "kelurahan" : "Lumpur",
  "kodepos" : "61117"
}, {
  "kecamatan" : "Gresik",
  "kelurahan" : "Karangturi",
  "kodepos" : "61118"
}, {
  "kecamatan" : "Gresik",
  "kelurahan" : "Kroman",
  "kodepos" : "61116"
}, {
  "kecamatan" : "Gresik",
  "kelurahan" : "Sukodono",
  "kodepos" : "61116"
}, {
  "kecamatan" : "Gresik",
  "kelurahan" : "Pekelingan",
  "kodepos" : "61115"
}, {
  "kecamatan" : "Gresik",
  "kelurahan" : "Karangpoh",
  "kodepos" : "61116"
}, {
  "kecamatan" : "Gresik",
  "kelurahan" : "Kebungson",
  "kodepos" : "61115"
}, {
  "kecamatan" : "Gresik",
  "kelurahan" : "Kemuteran",
  "kodepos" : "61115"
}, {
  "kecamatan" : "Gresik",
  "kelurahan" : "Pekauman",
  "kodepos" : "61114"
}, {
  "kecamatan" : "Gresik",
  "kelurahan" : "Trate",
  "kodepos" : "61114"
}, {
  "kecamatan" : "Gresik",
  "kelurahan" : "Tlogobendung",
  "kodepos" : "61113"
}, {
  "kecamatan" : "Gresik",
  "kelurahan" : "Bedilan",
  "kodepos" : "61114"
}, {
  "kecamatan" : "Gresik",
  "kelurahan" : "Sidorukun",
  "kodepos" : "61112"
}, {
  "kecamatan" : "Gresik",
  "kelurahan" : "Pulopancikan",
  "kodepos" : "61113"
}, {
  "kecamatan" : "Gresik",
  "kelurahan" : "Sidokumpul",
  "kodepos" : "61111"
}, {
  "kecamatan" : "Gresik",
  "kelurahan" : "Tlogopatut",
  "kodepos" : "61111"
} ]
