[ {
  "kecamatan" : "Tenggilis Mejoyo",
  "kelurahan" : "Prapen",
  "kodepos" : "60299"
}, {
  "kecamatan" : "Tenggilis Mejoyo",
  "kelurahan" : "Panjang Jiwo",
  "kodepos" : "60299"
}, {
  "kecamatan" : "Rungkut",
  "kelurahan" : "Penjaringan Sari",
  "kodepos" : "60297"
}, {
  "kecamatan" : "Rungkut",
  "kelurahan" : "Kedung Baruk",
  "kodepos" : "60298"
}, {
  "kecamatan" : "Rungkut",
  "kelurahan" : "Wonorejo",
  "kodepos" : "60296"
}, {
  "kecamatan" : "Rungkut",
  "kelurahan" : "Medokan Ayu",
  "kodepos" : "60295"
}, {
  "kecamatan" : "Gununganyar",
  "kelurahan" : "Gunung Anyar",
  "kodepos" : "60294"
}, {
  "kecamatan" : "Gununganyar",
  "kelurahan" : "Gunung Anyar Tambak",
  "kodepos" : "60294"
}, {
  "kecamatan" : "Gununganyar",
  "kelurahan" : "Rungkut Menanggal",
  "kodepos" : "60293"
}, {
  "kecamatan" : "Gununganyar",
  "kelurahan" : "Rungkut Tengah",
  "kodepos" : "60293"
}, {
  "kecamatan" : "Rungkut",
  "kelurahan" : "Rungkut Kidul",
  "kodepos" : "60293"
}, {
  "kecamatan" : "Rungkut",
  "kelurahan" : "Kali Rungkut",
  "kodepos" : "60293"
}, {
  "kecamatan" : "Tenggilis Mejoyo",
  "kelurahan" : "Kendangsari",
  "kodepos" : "60292"
}, {
  "kecamatan" : "Tenggilis Mejoyo",
  "kelurahan" : "Tenggilis Mejoyo",
  "kodepos" : "60292"
}, {
  "kecamatan" : "Gubeng",
  "kelurahan" : "Airlangga",
  "kodepos" : "60286"
}, {
  "kecamatan" : "Tenggilis Mejoyo",
  "kelurahan" : "Kutisari",
  "kodepos" : "60291"
}, {
  "kecamatan" : "Gubeng",
  "kelurahan" : "Baratajaya",
  "kodepos" : "60284"
}, {
  "kecamatan" : "Gubeng",
  "kelurahan" : "Mojo",
  "kodepos" : "60285"
}, {
  "kecamatan" : "Gubeng",
  "kelurahan" : "Pucang Sewu",
  "kodepos" : "60283"
}, {
  "kecamatan" : "Gubeng",
  "kelurahan" : "Kertajaya",
  "kodepos" : "60282"
}, {
  "kecamatan" : "Sukomanunggal",
  "kelurahan" : "Simomulyo",
  "kodepos" : "60281"
}, {
  "kecamatan" : "Sukomanunggal",
  "kelurahan" : "Simomulyo Baru",
  "kodepos" : "60281"
}, {
  "kecamatan" : "Gubeng",
  "kelurahan" : "Gubeng",
  "kodepos" : "60281"
}, {
  "kecamatan" : "Genteng",
  "kelurahan" : "Genteng",
  "kodepos" : "60275"
}, {
  "kecamatan" : "Genteng",
  "kelurahan" : "Kapasari",
  "kodepos" : "60273"
}, {
  "kecamatan" : "Genteng",
  "kelurahan" : "Peneleh",
  "kodepos" : "60274"
}, {
  "kecamatan" : "Genteng",
  "kelurahan" : "Embong Kaliasin",
  "kodepos" : "60271"
}, {
  "kecamatan" : "Genteng",
  "kelurahan" : "Ketabang",
  "kodepos" : "60272"
}, {
  "kecamatan" : "Tegalsari",
  "kelurahan" : "Dr. Sutomo",
  "kodepos" : "60264"
}, {
  "kecamatan" : "Tegalsari",
  "kelurahan" : "Keputran",
  "kodepos" : "60265"
}, {
  "kecamatan" : "Tegalsari",
  "kelurahan" : "Kedungdoro",
  "kodepos" : "60261"
}, {
  "kecamatan" : "Tegalsari",
  "kelurahan" : "Tegalsari",
  "kodepos" : "60262"
}, {
  "kecamatan" : "Tegalsari",
  "kelurahan" : "Wonorejo",
  "kodepos" : "60263"
}, {
  "kecamatan" : "Sawahan",
  "kelurahan" : "Pakis",
  "kodepos" : "60256"
}, {
  "kecamatan" : "Sawahan",
  "kelurahan" : "Banyu Urip",
  "kodepos" : "60254"
}, {
  "kecamatan" : "Sawahan",
  "kelurahan" : "Putat Jaya",
  "kodepos" : "60255"
}, {
  "kecamatan" : "Sawahan",
  "kelurahan" : "Petemon",
  "kodepos" : "60252"
}, {
  "kecamatan" : "Sawahan",
  "kelurahan" : "Kupang Krajan",
  "kodepos" : "60253"
}, {
  "kecamatan" : "Sawahan",
  "kelurahan" : "Sawahan",
  "kodepos" : "60251"
}, {
  "kecamatan" : "Wonokromo",
  "kelurahan" : "Ngagelrejo",
  "kodepos" : "60245"
}, {
  "kecamatan" : "Wonokromo",
  "kelurahan" : "Ngagel",
  "kodepos" : "60246"
}, {
  "kecamatan" : "Wonokromo",
  "kelurahan" : "Jagir",
  "kodepos" : "60244"
}, {
  "kecamatan" : "Wonokromo",
  "kelurahan" : "Wonokromo",
  "kodepos" : "60243"
}, {
  "kecamatan" : "Wonokromo",
  "kelurahan" : "Darmo",
  "kodepos" : "60241"
}, {
  "kecamatan" : "Wonokromo",
  "kelurahan" : "Sawunggaling",
  "kodepos" : "60242"
}, {
  "kecamatan" : "Wonocolo",
  "kelurahan" : "Bendul Merisi",
  "kodepos" : "60239"
}, {
  "kecamatan" : "Wonocolo",
  "kelurahan" : "Sidosermo",
  "kodepos" : "60239"
}, {
  "kecamatan" : "Wonocolo",
  "kelurahan" : "Jemur Wonosari",
  "kodepos" : "60237"
}, {
  "kecamatan" : "Wonocolo",
  "kelurahan" : "Margorejo",
  "kodepos" : "60238"
}, {
  "kecamatan" : "Gayungan",
  "kelurahan" : "Gayungan",
  "kodepos" : "60235"
}, {
  "kecamatan" : "Wonocolo",
  "kelurahan" : "Siwalankerto",
  "kodepos" : "60236"
}, {
  "kecamatan" : "Gayungan",
  "kelurahan" : "Dukuh Menanggal",
  "kodepos" : "60234"
}, {
  "kecamatan" : "Gayungan",
  "kelurahan" : "Menanggal",
  "kodepos" : "60234"
}, {
  "kecamatan" : "Jambangan",
  "kelurahan" : "Pagesangan",
  "kodepos" : "60233"
}, {
  "kecamatan" : "Jambangan",
  "kelurahan" : "Jambangan",
  "kodepos" : "60232"
}, {
  "kecamatan" : "Jambangan",
  "kelurahan" : "Karah",
  "kodepos" : "60232"
}, {
  "kecamatan" : "Jambangan",
  "kelurahan" : "Kebonsari",
  "kodepos" : "60233"
}, {
  "kecamatan" : "Gayungan",
  "kelurahan" : "Ketintang",
  "kodepos" : "60231"
}, {
  "kecamatan" : "Wiyung",
  "kelurahan" : "Wiyung",
  "kodepos" : "60228"
}, {
  "kecamatan" : "Wiyung",
  "kelurahan" : "Jajartunggal",
  "kodepos" : "60229"
}, {
  "kecamatan" : "Wiyung",
  "kelurahan" : "Babatan",
  "kodepos" : "60227"
}, {
  "kecamatan" : "Dukuh Pakis",
  "kelurahan" : "Pradah Kali Kendal",
  "kodepos" : "60226"
}, {
  "kecamatan" : "Dukuh Pakis",
  "kelurahan" : "Dukuh Kupang",
  "kodepos" : "60225"
}, {
  "kecamatan" : "Dukuh Pakis",
  "kelurahan" : "Dukuh Pakis",
  "kodepos" : "60225"
}, {
  "kecamatan" : "Dukuh Pakis",
  "kelurahan" : "Gunungsari",
  "kodepos" : "60224"
}, {
  "kecamatan" : "Karangpilang",
  "kelurahan" : "Kedurus",
  "kodepos" : "60223"
}, {
  "kecamatan" : "Karangpilang",
  "kelurahan" : "Kebraon",
  "kodepos" : "60222"
}, {
  "kecamatan" : "Wiyung",
  "kelurahan" : "Balas Klumprik",
  "kodepos" : "60222"
}, {
  "kecamatan" : "Karangpilang",
  "kelurahan" : "Waru Gunung",
  "kodepos" : "60221"
}, {
  "kecamatan" : "Karangpilang",
  "kelurahan" : "Karangpilang",
  "kodepos" : "60221"
}, {
  "kecamatan" : "Sambikerep",
  "kelurahan" : "Bringin",
  "kodepos" : "60218"
}, {
  "kecamatan" : "Sambikerep",
  "kelurahan" : "Made",
  "kodepos" : "60219"
}, {
  "kecamatan" : "Sambikerep",
  "kelurahan" : "Lontar",
  "kodepos" : "60216"
}, {
  "kecamatan" : "Sambikerep",
  "kelurahan" : "Sambikerep",
  "kodepos" : "60217"
}, {
  "kecamatan" : "Lakar Santri",
  "kelurahan" : "Lidah Wetan",
  "kodepos" : "60213"
}, {
  "kecamatan" : "Lakar Santri",
  "kelurahan" : "Bangkingan (Bangkringan)",
  "kodepos" : "60214"
}, {
  "kecamatan" : "Lakar Santri",
  "kelurahan" : "Sumur Welut",
  "kodepos" : "60215"
}, {
  "kecamatan" : "Lakar Santri",
  "kelurahan" : "Jeruk",
  "kodepos" : "60212"
}, {
  "kecamatan" : "Lakar Santri",
  "kelurahan" : "Lidah Kulon",
  "kodepos" : "60213"
}, {
  "kecamatan" : "Lakar Santri",
  "kelurahan" : "Lakar Santri",
  "kodepos" : "60211"
}, {
  "kecamatan" : "Benowo",
  "kelurahan" : "Kandangan",
  "kodepos" : "60199"
}, {
  "kecamatan" : "Benowo",
  "kelurahan" : "Sememi",
  "kodepos" : "60198"
}, {
  "kecamatan" : "Benowo",
  "kelurahan" : "Klakah Rejo",
  "kodepos" : "60198"
}, {
  "kecamatan" : "Pakal",
  "kelurahan" : "Babat Jerawat",
  "kodepos" : "60197"
}, {
  "kecamatan" : "Pakal",
  "kelurahan" : "Pakal",
  "kodepos" : "60196"
}, {
  "kecamatan" : "Sambikerep",
  "kelurahan" : "Benowo",
  "kodepos" : "60195"
}, {
  "kecamatan" : "Pakal",
  "kelurahan" : "Sumberrejo (Sombe Rejo)",
  "kodepos" : "60192"
}, {
  "kecamatan" : "Pakal",
  "kelurahan" : "Tambak Dono",
  "kodepos" : "60193"
}, {
  "kecamatan" : "Benowo",
  "kelurahan" : "Tambakoso Wilangon",
  "kodepos" : "60191"
}, {
  "kecamatan" : "Benowo",
  "kelurahan" : "Romokalisari (Babat Jerawat)",
  "kodepos" : "60192"
}, {
  "kecamatan" : "Sukomanunggal",
  "kelurahan" : "Sonokwijenan",
  "kodepos" : "60189"
}, {
  "kecamatan" : "Sukomanunggal",
  "kelurahan" : "Suko Manunggal",
  "kodepos" : "60188"
}, {
  "kecamatan" : "Sukomanunggal",
  "kelurahan" : "Putat Gede",
  "kodepos" : "60189"
}, {
  "kecamatan" : "Tandes",
  "kelurahan" : "Tandes (Kidul &#8211; Lor &#8211; Gedang Asin)",
  "kodepos" : "60187"
}, {
  "kecamatan" : "Sukomanunggal",
  "kelurahan" : "Tanjungsari",
  "kodepos" : "60187"
}, {
  "kecamatan" : "Tandes",
  "kelurahan" : "Balong Sari",
  "kodepos" : "60186"
}, {
  "kecamatan" : "Tandes",
  "kelurahan" : "Karang Poh (Gadel &#8211; Tubanan)",
  "kodepos" : "60186"
}, {
  "kecamatan" : "Tandes",
  "kelurahan" : "Banjar Sugian / Sugihan",
  "kodepos" : "60185"
}, {
  "kecamatan" : "Tandes",
  "kelurahan" : "Manukan Kulon",
  "kodepos" : "60185"
}, {
  "kecamatan" : "Asemrowo",
  "kelurahan" : "Tambak Langon",
  "kodepos" : "60184"
}, {
  "kecamatan" : "Tandes",
  "kelurahan" : "Manukan Wetan (Bibis &#8211; Buntaran)",
  "kodepos" : "60184"
}, {
  "kecamatan" : "Asemrowo",
  "kelurahan" : "Genting",
  "kodepos" : "60182"
}, {
  "kecamatan" : "Asemrowo",
  "kelurahan" : "Greges",
  "kodepos" : "60183"
}, {
  "kecamatan" : "Asemrowo",
  "kelurahan" : "Kalianak",
  "kodepos" : "60183"
}, {
  "kecamatan" : "Krembangan",
  "kelurahan" : "Dupak",
  "kodepos" : "60179"
}, {
  "kecamatan" : "Asemrowo",
  "kelurahan" : "Asemrowo",
  "kodepos" : "60182"
}, {
  "kecamatan" : "Krembangan",
  "kelurahan" : "Moro Krembangan",
  "kodepos" : "60178"
}, {
  "kecamatan" : "Krembangan",
  "kelurahan" : "Kemayoran",
  "kodepos" : "60176"
}, {
  "kecamatan" : "Krembangan",
  "kelurahan" : "Perak Barat",
  "kodepos" : "60177"
}, {
  "kecamatan" : "Bubutan",
  "kelurahan" : "Bubutan",
  "kodepos" : "60174"
}, {
  "kecamatan" : "Krembangan",
  "kelurahan" : "Krembangan Selatan",
  "kodepos" : "60175"
}, {
  "kecamatan" : "Bubutan",
  "kelurahan" : "Gundih",
  "kodepos" : "60172"
}, {
  "kecamatan" : "Bubutan",
  "kelurahan" : "Tembok Dukuh",
  "kodepos" : "60173"
}, {
  "kecamatan" : "Bubutan",
  "kelurahan" : "Alon Alon Contong",
  "kodepos" : "60174"
}, {
  "kecamatan" : "Pabean Cantikan",
  "kelurahan" : "Perak Utara",
  "kodepos" : "60165"
}, {
  "kecamatan" : "Bubutan",
  "kelurahan" : "Jepara",
  "kodepos" : "60171"
}, {
  "kecamatan" : "Pabean Cantikan",
  "kelurahan" : "Krembangan Utara",
  "kodepos" : "60163"
}, {
  "kecamatan" : "Pabean Cantikan",
  "kelurahan" : "Perak Timur",
  "kodepos" : "60164"
}, {
  "kecamatan" : "Pabean Cantikan",
  "kelurahan" : "Nyamplungan",
  "kodepos" : "60162"
}, {
  "kecamatan" : "Semampir",
  "kelurahan" : "Ujung",
  "kodepos" : "60155"
}, {
  "kecamatan" : "Pabean Cantikan",
  "kelurahan" : "Bongkaran",
  "kodepos" : "60161"
}, {
  "kecamatan" : "Semampir",
  "kelurahan" : "Pegirian",
  "kodepos" : "60153"
}, {
  "kecamatan" : "Semampir",
  "kelurahan" : "Wonokusumo",
  "kodepos" : "60154"
}, {
  "kecamatan" : "Semampir",
  "kelurahan" : "Ampel",
  "kodepos" : "60151"
}, {
  "kecamatan" : "Semampir",
  "kelurahan" : "Sidotopo",
  "kodepos" : "60152"
}, {
  "kecamatan" : "Simokerto",
  "kelurahan" : "Simolawang",
  "kodepos" : "60144"
}, {
  "kecamatan" : "Simokerto",
  "kelurahan" : "Sidodadi",
  "kodepos" : "60145"
}, {
  "kecamatan" : "Simokerto",
  "kelurahan" : "Simokerto",
  "kodepos" : "60143"
}, {
  "kecamatan" : "Simokerto",
  "kelurahan" : "Kapasan",
  "kodepos" : "60141"
}, {
  "kecamatan" : "Simokerto",
  "kelurahan" : "Tambakrejo",
  "kodepos" : "60142"
}, {
  "kecamatan" : "Tambaksari",
  "kelurahan" : "Kapasmadya Baru",
  "kodepos" : "60137"
}, {
  "kecamatan" : "Tambaksari",
  "kelurahan" : "Dukuh Setro",
  "kodepos" : "60138"
}, {
  "kecamatan" : "Tambaksari",
  "kelurahan" : "Rangkah",
  "kodepos" : "60135"
}, {
  "kecamatan" : "Tambaksari",
  "kelurahan" : "Tambaksari",
  "kodepos" : "60136"
}, {
  "kecamatan" : "Tambaksari",
  "kelurahan" : "Gading",
  "kodepos" : "60134"
}, {
  "kecamatan" : "Tambaksari",
  "kelurahan" : "Gading",
  "kodepos" : "60134"
}, {
  "kecamatan" : "Tambaksari",
  "kelurahan" : "Pacar Keling",
  "kodepos" : "60131"
}, {
  "kecamatan" : "Tambaksari",
  "kelurahan" : "Pacar Kembang",
  "kodepos" : "60132"
}, {
  "kecamatan" : "Kenjeran",
  "kelurahan" : "Sidotopo/Sidoropo Wetan",
  "kodepos" : "60128"
}, {
  "kecamatan" : "Kenjeran",
  "kelurahan" : "Tanah Kali Kedinding",
  "kodepos" : "60129"
}, {
  "kecamatan" : "Kenjeran",
  "kelurahan" : "Tambak Wedi",
  "kodepos" : "60126"
}, {
  "kecamatan" : "Kenjeran",
  "kelurahan" : "Bulak Banteng",
  "kodepos" : "60127"
}, {
  "kecamatan" : "Bulak",
  "kelurahan" : "Bulak",
  "kodepos" : "60124"
}, {
  "kecamatan" : "Bulak",
  "kelurahan" : "Kedung Cowek",
  "kodepos" : "60125"
}, {
  "kecamatan" : "Bulak",
  "kelurahan" : "Kenjeran",
  "kodepos" : "60123"
}, {
  "kecamatan" : "Bulak",
  "kelurahan" : "Sukolilo",
  "kodepos" : "60122"
}, {
  "kecamatan" : "Sukolilo",
  "kelurahan" : "Semolowaru",
  "kodepos" : "60119"
}, {
  "kecamatan" : "Bulak",
  "kelurahan" : "Komplek Kenjeran",
  "kodepos" : "60121"
}, {
  "kecamatan" : "Sukolilo",
  "kelurahan" : "Medokan Semampir",
  "kodepos" : "60119"
}, {
  "kecamatan" : "Sukolilo",
  "kelurahan" : "Klampis Ngasem",
  "kodepos" : "60117"
}, {
  "kecamatan" : "Sukolilo",
  "kelurahan" : "Menur Pumpungan",
  "kodepos" : "60118"
}, {
  "kecamatan" : "Sukolilo",
  "kelurahan" : "Nginden Jangkungan",
  "kodepos" : "60118"
}, {
  "kecamatan" : "Sukolilo",
  "kelurahan" : "Gebang Putih",
  "kodepos" : "60117"
}, {
  "kecamatan" : "Mulyorejo",
  "kelurahan" : "Manyar Sabrangan",
  "kodepos" : "60116"
}, {
  "kecamatan" : "Mulyorejo",
  "kelurahan" : "Kalijudan",
  "kodepos" : "60114"
}, {
  "kecamatan" : "Mulyorejo",
  "kelurahan" : "Mulyorejo",
  "kodepos" : "60115"
}, {
  "kecamatan" : "Mulyorejo",
  "kelurahan" : "Kejawen Putih Tambak",
  "kodepos" : "60112"
}, {
  "kecamatan" : "Mulyorejo",
  "kelurahan" : "Dukuh Sutorejo",
  "kodepos" : "60113"
}, {
  "kecamatan" : "Sukolilo",
  "kelurahan" : "Keputih",
  "kodepos" : "60111"
}, {
  "kecamatan" : "Mulyorejo",
  "kelurahan" : "Kalisari",
  "kodepos" : "60112"
} ]
