[ {
  "kecamatan" : "Menukung",
  "kelurahan" : "Tanjung Beringin",
  "kodepos" : "79682"
}, {
  "kecamatan" : "Menukung",
  "kelurahan" : "Pelaik Keruap",
  "kodepos" : "79682"
}, {
  "kecamatan" : "Menukung",
  "kelurahan" : "Sei/Sungai Sampak",
  "kodepos" : "79682"
}, {
  "kecamatan" : "Menukung",
  "kelurahan" : "Sei/Sungai Sampuk",
  "kodepos" : "79682"
}, {
  "kecamatan" : "Menukung",
  "kelurahan" : "Nanga Siyai",
  "kodepos" : "79682"
}, {
  "kecamatan" : "Menukung",
  "kelurahan" : "Nusa Poring",
  "kodepos" : "79682"
}, {
  "kecamatan" : "Menukung",
  "kelurahan" : "Oyah",
  "kodepos" : "79682"
}, {
  "kecamatan" : "Menukung",
  "kelurahan" : "Nanga Keruap",
  "kodepos" : "79682"
}, {
  "kecamatan" : "Menukung",
  "kelurahan" : "Menukung Kota",
  "kodepos" : "79682"
}, {
  "kecamatan" : "Menukung",
  "kelurahan" : "Lihai",
  "kodepos" : "79682"
}, {
  "kecamatan" : "Menukung",
  "kelurahan" : "Mawang Mentatai",
  "kodepos" : "79682"
}, {
  "kecamatan" : "Menukung",
  "kelurahan" : "Melona",
  "kodepos" : "79682"
}, {
  "kecamatan" : "Menukung",
  "kelurahan" : "Ella Hulu (Nanga Ella Hulu)",
  "kodepos" : "79682"
}, {
  "kecamatan" : "Menukung",
  "kelurahan" : "Laman Mumbung",
  "kodepos" : "79682"
}, {
  "kecamatan" : "Menukung",
  "kelurahan" : "Landau Leban",
  "kodepos" : "79682"
}, {
  "kecamatan" : "Menukung",
  "kelurahan" : "Batu Onap",
  "kodepos" : "79682"
}, {
  "kecamatan" : "Menukung",
  "kelurahan" : "Belaban Ella",
  "kodepos" : "79682"
}, {
  "kecamatan" : "Menukung",
  "kelurahan" : "Batu Badak",
  "kodepos" : "79682"
}, {
  "kecamatan" : "Menukung",
  "kelurahan" : "Batas nangka",
  "kodepos" : "79682"
}, {
  "kecamatan" : "Ella Hilir",
  "kelurahan" : "Sungai Labu",
  "kodepos" : "79681"
}, {
  "kecamatan" : "Ella Hilir",
  "kelurahan" : "Sungai Mentoba",
  "kodepos" : "79681"
}, {
  "kecamatan" : "Ella Hilir",
  "kelurahan" : "Popai",
  "kodepos" : "79681"
}, {
  "kecamatan" : "Ella Hilir",
  "kelurahan" : "Penyuguk",
  "kodepos" : "79681"
}, {
  "kecamatan" : "Ella Hilir",
  "kelurahan" : "Perembang Nyuruh",
  "kodepos" : "79681"
}, {
  "kecamatan" : "Ella Hilir",
  "kelurahan" : "Nyangau",
  "kodepos" : "79681"
}, {
  "kecamatan" : "Ella Hilir",
  "kelurahan" : "Pelempai Jaya",
  "kodepos" : "79681"
}, {
  "kecamatan" : "Ella Hilir",
  "kelurahan" : "Nanga Nyuruh",
  "kodepos" : "79681"
}, {
  "kecamatan" : "Ella Hilir",
  "kelurahan" : "Nantai Compa",
  "kodepos" : "79681"
}, {
  "kecamatan" : "Ella Hilir",
  "kelurahan" : "Nanga Kempangai",
  "kodepos" : "79681"
}, {
  "kecamatan" : "Ella Hilir",
  "kelurahan" : "Nanga Nuak",
  "kodepos" : "79681"
}, {
  "kecamatan" : "Ella Hilir",
  "kelurahan" : "Nanga Ella Hilir",
  "kodepos" : "79681"
}, {
  "kecamatan" : "Ella Hilir",
  "kelurahan" : "Nanga Kalan",
  "kodepos" : "79681"
}, {
  "kecamatan" : "Ella Hilir",
  "kelurahan" : "Kerangan Kora",
  "kodepos" : "79681"
}, {
  "kecamatan" : "Ella Hilir",
  "kelurahan" : "Lengkong Nyadom",
  "kodepos" : "79681"
}, {
  "kecamatan" : "Ella Hilir",
  "kelurahan" : "Jabai",
  "kodepos" : "79681"
}, {
  "kecamatan" : "Ella Hilir",
  "kelurahan" : "Kahiya",
  "kodepos" : "79681"
}, {
  "kecamatan" : "Ella Hilir",
  "kelurahan" : "Bemban Permai",
  "kodepos" : "79681"
}, {
  "kecamatan" : "Ella Hilir",
  "kelurahan" : "Domet Permai",
  "kodepos" : "79681"
}, {
  "kecamatan" : "Sokan",
  "kelurahan" : "Teluk Pangkal",
  "kodepos" : "79675"
}, {
  "kecamatan" : "Sokan",
  "kelurahan" : "Tanjung Mahung",
  "kodepos" : "79675"
}, {
  "kecamatan" : "Sokan",
  "kelurahan" : "Tanjung Sokan",
  "kodepos" : "79675"
}, {
  "kecamatan" : "Sokan",
  "kelurahan" : "Telaga Raya",
  "kodepos" : "79675"
}, {
  "kecamatan" : "Sokan",
  "kelurahan" : "Sepakat",
  "kodepos" : "79675"
}, {
  "kecamatan" : "Sokan",
  "kelurahan" : "Sijau",
  "kodepos" : "79675"
}, {
  "kecamatan" : "Sokan",
  "kelurahan" : "Nanga Tangkit",
  "kodepos" : "79675"
}, {
  "kecamatan" : "Sokan",
  "kelurahan" : "Penyengkuang",
  "kodepos" : "79675"
}, {
  "kecamatan" : "Sokan",
  "kelurahan" : "Nanga Ora",
  "kodepos" : "79675"
}, {
  "kecamatan" : "Sokan",
  "kelurahan" : "Nanga Potai",
  "kodepos" : "79675"
}, {
  "kecamatan" : "Sokan",
  "kelurahan" : "Nanga Sokan",
  "kodepos" : "79675"
}, {
  "kecamatan" : "Sokan",
  "kelurahan" : "Nanga Betangai",
  "kodepos" : "79675"
}, {
  "kecamatan" : "Sokan",
  "kelurahan" : "Nanga Libas",
  "kodepos" : "79675"
}, {
  "kecamatan" : "Sokan",
  "kelurahan" : "Melana",
  "kodepos" : "79675"
}, {
  "kecamatan" : "Sokan",
  "kelurahan" : "Muara Tanjung",
  "kodepos" : "79675"
}, {
  "kecamatan" : "Sokan",
  "kelurahan" : "Keluing Taja",
  "kodepos" : "79675"
}, {
  "kecamatan" : "Sokan",
  "kelurahan" : "Landau Kabu",
  "kodepos" : "79675"
}, {
  "kecamatan" : "Tanah Pinoh Barat",
  "kelurahan" : "Ulak Muid",
  "kodepos" : "79674"
}, {
  "kecamatan" : "Sokan",
  "kelurahan" : "Gelata",
  "kodepos" : "79675"
}, {
  "kecamatan" : "Tanah Pinoh Barat",
  "kelurahan" : "Togan Baru",
  "kodepos" : "79674"
}, {
  "kecamatan" : "Tanah Pinoh",
  "kelurahan" : "Tanjung Beringin Raya",
  "kodepos" : "79674"
}, {
  "kecamatan" : "Tanah Pinoh",
  "kelurahan" : "Tanjung Gunung",
  "kodepos" : "79674"
}, {
  "kecamatan" : "Tanah Pinoh",
  "kelurahan" : "Pelita Kanaya",
  "kodepos" : "79674"
}, {
  "kecamatan" : "Tanah Pinoh",
  "kelurahan" : "Suka Maju",
  "kodepos" : "79674"
}, {
  "kecamatan" : "Tanah Pinoh Barat",
  "kelurahan" : "Pelita Jaya",
  "kodepos" : "79674"
}, {
  "kecamatan" : "Tanah Pinoh",
  "kelurahan" : "Madong Raya",
  "kodepos" : "79674"
}, {
  "kecamatan" : "Tanah Pinoh",
  "kelurahan" : "Maris Permai",
  "kodepos" : "79674"
}, {
  "kecamatan" : "Tanah Pinoh Barat",
  "kelurahan" : "Lintah Taum",
  "kodepos" : "79674"
}, {
  "kecamatan" : "Tanah Pinoh",
  "kelurahan" : "Loka Jaya",
  "kodepos" : "79674"
}, {
  "kecamatan" : "Tanah Pinoh Barat",
  "kelurahan" : "Laja",
  "kodepos" : "79674"
}, {
  "kecamatan" : "Tanah Pinoh",
  "kelurahan" : "Keranjik",
  "kodepos" : "79674"
}, {
  "kecamatan" : "Tanah Pinoh Barat",
  "kelurahan" : "Keluas Hulu",
  "kodepos" : "79674"
}, {
  "kecamatan" : "Tanah Pinoh Barat",
  "kelurahan" : "Harapan Jaya",
  "kodepos" : "79674"
}, {
  "kecamatan" : "Tanah Pinoh Barat",
  "kelurahan" : "Ganjang",
  "kodepos" : "79674"
}, {
  "kecamatan" : "Tanah Pinoh Barat",
  "kelurahan" : "Bukit Raya",
  "kodepos" : "79674"
}, {
  "kecamatan" : "Tanah Pinoh Barat",
  "kelurahan" : "Durian Jaya",
  "kodepos" : "79674"
}, {
  "kecamatan" : "Tanah Pinoh",
  "kelurahan" : "Bina Jaya",
  "kodepos" : "79674"
}, {
  "kecamatan" : "Tanah Pinoh",
  "kelurahan" : "Bina Karya",
  "kodepos" : "79674"
}, {
  "kecamatan" : "Tanah Pinoh",
  "kelurahan" : "Batu Begigi",
  "kodepos" : "79674"
}, {
  "kecamatan" : "Tanah Pinoh",
  "kelurahan" : "Bata Luar",
  "kodepos" : "79674"
}, {
  "kecamatan" : "Sayan",
  "kelurahan" : "Tumbak Raya",
  "kodepos" : "79673"
}, {
  "kecamatan" : "Sayan",
  "kelurahan" : "Sayan Jaya",
  "kodepos" : "79673"
}, {
  "kecamatan" : "Sayan",
  "kelurahan" : "Siling Permai",
  "kodepos" : "79673"
}, {
  "kecamatan" : "Sayan",
  "kelurahan" : "Nanga Sayan",
  "kodepos" : "79673"
}, {
  "kecamatan" : "Sayan",
  "kelurahan" : "Pekawai",
  "kodepos" : "79673"
}, {
  "kecamatan" : "Sayan",
  "kelurahan" : "Nanga Pak",
  "kodepos" : "79673"
}, {
  "kecamatan" : "Sayan",
  "kelurahan" : "Nanga Raku",
  "kodepos" : "79673"
}, {
  "kecamatan" : "Sayan",
  "kelurahan" : "Nanga Kompi",
  "kodepos" : "79673"
}, {
  "kecamatan" : "Sayan",
  "kelurahan" : "Nanga Mancur",
  "kodepos" : "79673"
}, {
  "kecamatan" : "Sayan",
  "kelurahan" : "Nanga Kasai",
  "kodepos" : "79673"
}, {
  "kecamatan" : "Sayan",
  "kelurahan" : "Meta Bersatu",
  "kodepos" : "79673"
}, {
  "kecamatan" : "Sayan",
  "kelurahan" : "Madya Raya",
  "kodepos" : "79673"
}, {
  "kecamatan" : "Sayan",
  "kelurahan" : "Mekar Pelita",
  "kodepos" : "79673"
}, {
  "kecamatan" : "Sayan",
  "kelurahan" : "Lingkar Indah",
  "kodepos" : "79673"
}, {
  "kecamatan" : "Sayan",
  "kelurahan" : "Karangan Purun (Kerangan Purun)",
  "kodepos" : "79673"
}, {
  "kecamatan" : "Sayan",
  "kelurahan" : "Landau Sadak",
  "kodepos" : "79673"
}, {
  "kecamatan" : "Sayan",
  "kelurahan" : "Berobai Permai",
  "kodepos" : "79673"
}, {
  "kecamatan" : "Sayan",
  "kelurahan" : "Bora",
  "kodepos" : "79673"
}, {
  "kecamatan" : "Pinoh Utara",
  "kelurahan" : "Tengkajau",
  "kodepos" : "79672"
}, {
  "kecamatan" : "Nanga Pinoh",
  "kelurahan" : "Tembawang Panjang",
  "kodepos" : "79672"
}, {
  "kecamatan" : "Nanga Pinoh",
  "kelurahan" : "Tanjung Tengang",
  "kodepos" : "79672"
}, {
  "kecamatan" : "Pinoh Utara",
  "kelurahan" : "Tekelak",
  "kodepos" : "79672"
}, {
  "kecamatan" : "Nanga Pinoh",
  "kelurahan" : "Tebing Karangan",
  "kodepos" : "79672"
}, {
  "kecamatan" : "Nanga Pinoh",
  "kelurahan" : "Tanjung Sari",
  "kodepos" : "79672"
}, {
  "kecamatan" : "Nanga Pinoh",
  "kelurahan" : "Tanjung Lay",
  "kodepos" : "79672"
}, {
  "kecamatan" : "Nanga Pinoh",
  "kelurahan" : "Tanjung Niaga",
  "kodepos" : "79672"
}, {
  "kecamatan" : "Pinoh Utara",
  "kelurahan" : "Tanjung Paoh",
  "kodepos" : "79672"
}, {
  "kecamatan" : "Pinoh Utara",
  "kelurahan" : "Suka Damai",
  "kodepos" : "79672"
}, {
  "kecamatan" : "Pinoh Utara",
  "kelurahan" : "Tanjung Arak",
  "kodepos" : "79672"
}, {
  "kecamatan" : "Nanga Pinoh",
  "kelurahan" : "Sido Mulyo",
  "kodepos" : "79672"
}, {
  "kecamatan" : "Pinoh Utara",
  "kelurahan" : "Senibung",
  "kodepos" : "79672"
}, {
  "kecamatan" : "Pinoh Selatan",
  "kelurahan" : "Senempak",
  "kodepos" : "79672"
}, {
  "kecamatan" : "Pinoh Utara",
  "kelurahan" : "Sei/Sungai Pinang",
  "kodepos" : "79672"
}, {
  "kecamatan" : "Nanga Pinoh",
  "kelurahan" : "Semadin Lengkong",
  "kodepos" : "79672"
}, {
  "kecamatan" : "Pinoh Utara",
  "kelurahan" : "Sei/Sungai Raya",
  "kodepos" : "79672"
}, {
  "kecamatan" : "Pinoh Selatan",
  "kelurahan" : "Sei/Sungai Bakah",
  "kodepos" : "79672"
}, {
  "kecamatan" : "Nanga Pinoh",
  "kelurahan" : "Poring",
  "kodepos" : "79672"
}, {
  "kecamatan" : "Pinoh Selatan",
  "kelurahan" : "Pelinggang",
  "kodepos" : "79672"
}, {
  "kecamatan" : "Nanga Pinoh",
  "kelurahan" : "Paal",
  "kodepos" : "79672"
}, {
  "kecamatan" : "Pinoh Selatan",
  "kelurahan" : "Nyanggai",
  "kodepos" : "79672"
}, {
  "kecamatan" : "Nanga Pinoh",
  "kelurahan" : "Nusa Pandau",
  "kodepos" : "79672"
}, {
  "kecamatan" : "Pinoh Utara",
  "kelurahan" : "Natai Panjang",
  "kodepos" : "79672"
}, {
  "kecamatan" : "Pinoh Utara",
  "kelurahan" : "Nanga Man",
  "kodepos" : "79672"
}, {
  "kecamatan" : "Pinoh Selatan",
  "kelurahan" : "Nanga Kelawai",
  "kodepos" : "79672"
}, {
  "kecamatan" : "Pinoh Selatan",
  "kelurahan" : "Nanga Pintas",
  "kodepos" : "79672"
}, {
  "kecamatan" : "Nanga Pinoh",
  "kelurahan" : "Nanga Kayan",
  "kodepos" : "79672"
}, {
  "kecamatan" : "Nanga Pinoh",
  "kelurahan" : "Nanga Kebebu",
  "kodepos" : "79672"
}, {
  "kecamatan" : "Pinoh Utara",
  "kelurahan" : "Merpak",
  "kodepos" : "79672"
}, {
  "kecamatan" : "Pinoh Utara",
  "kelurahan" : "Nanga Belimbing",
  "kodepos" : "79672"
}, {
  "kecamatan" : "Pinoh Utara",
  "kelurahan" : "Melamut Bersatu",
  "kodepos" : "79672"
}, {
  "kecamatan" : "Pinoh Utara",
  "kelurahan" : "Melawi Kiri Hilir",
  "kodepos" : "79672"
}, {
  "kecamatan" : "Pinoh Utara",
  "kelurahan" : "Merah Atas",
  "kodepos" : "79672"
}, {
  "kecamatan" : "Pinoh Utara",
  "kelurahan" : "Manding",
  "kodepos" : "79672"
}, {
  "kecamatan" : "Pinoh Selatan",
  "kelurahan" : "Manggala",
  "kodepos" : "79672"
}, {
  "kecamatan" : "Pinoh Selatan",
  "kelurahan" : "Landau Tubun",
  "kodepos" : "79672"
}, {
  "kecamatan" : "Pinoh Selatan",
  "kelurahan" : "Mandau Baru",
  "kodepos" : "79672"
}, {
  "kecamatan" : "Pinoh Utara",
  "kelurahan" : "Kompas Raya",
  "kodepos" : "79672"
}, {
  "kecamatan" : "Nanga Pinoh",
  "kelurahan" : "Labai Mandiri",
  "kodepos" : "79672"
}, {
  "kecamatan" : "Pinoh Selatan",
  "kelurahan" : "Landau Garong",
  "kodepos" : "79672"
}, {
  "kecamatan" : "Nanga Pinoh",
  "kelurahan" : "Kelakik",
  "kodepos" : "79672"
}, {
  "kecamatan" : "Nanga Pinoh",
  "kelurahan" : "Kenual",
  "kodepos" : "79672"
}, {
  "kecamatan" : "Pinoh Utara",
  "kelurahan" : "Engkurai",
  "kodepos" : "79672"
}, {
  "kecamatan" : "Pinoh Utara",
  "kelurahan" : "Kayan Semapau",
  "kodepos" : "79672"
}, {
  "kecamatan" : "Pinoh Selatan",
  "kelurahan" : "Bina Jaya",
  "kodepos" : "79672"
}, {
  "kecamatan" : "Pinoh Selatan",
  "kelurahan" : "Bayur Raya",
  "kodepos" : "79672"
}, {
  "kecamatan" : "Nanga Pinoh",
  "kelurahan" : "Baru",
  "kodepos" : "79672"
}, {
  "kecamatan" : "Belimbing",
  "kelurahan" : "Upit (Upet)",
  "kodepos" : "79671"
}, {
  "kecamatan" : "Belimbing",
  "kelurahan" : "Sepan Tonak",
  "kodepos" : "79671"
}, {
  "kecamatan" : "Belimbing",
  "kelurahan" : "Tekaban",
  "kodepos" : "79671"
}, {
  "kecamatan" : "Belimbing Hulu",
  "kelurahan" : "Tiong Keranjik",
  "kodepos" : "79671"
}, {
  "kecamatan" : "Belimbing",
  "kelurahan" : "Pemuar",
  "kodepos" : "79671"
}, {
  "kecamatan" : "Belimbing Hulu",
  "kelurahan" : "Piawas",
  "kodepos" : "79671"
}, {
  "kecamatan" : "Belimbing",
  "kelurahan" : "Nusa Kenyikap",
  "kodepos" : "79671"
}, {
  "kecamatan" : "Belimbing Hulu",
  "kelurahan" : "Nanga Tikan",
  "kodepos" : "79671"
}, {
  "kecamatan" : "Belimbing",
  "kelurahan" : "Nanga Pau",
  "kodepos" : "79671"
}, {
  "kecamatan" : "Belimbing Hulu",
  "kelurahan" : "Nanga Raya",
  "kodepos" : "79671"
}, {
  "kecamatan" : "Belimbing",
  "kelurahan" : "Langan",
  "kodepos" : "79671"
}, {
  "kecamatan" : "Belimbing",
  "kelurahan" : "Nanga Menunuk",
  "kodepos" : "79671"
}, {
  "kecamatan" : "Belimbing",
  "kelurahan" : "Laman Bukit",
  "kodepos" : "79671"
}, {
  "kecamatan" : "Belimbing Hulu",
  "kelurahan" : "Kayu Bunga",
  "kodepos" : "79671"
}, {
  "kecamatan" : "Belimbing Hulu",
  "kelurahan" : "Keberak (Nanga Keberak)",
  "kodepos" : "79671"
}, {
  "kecamatan" : "Belimbing",
  "kelurahan" : "Labang",
  "kodepos" : "79671"
}, {
  "kecamatan" : "Belimbing Hulu",
  "kelurahan" : "Junjung Permai",
  "kodepos" : "79671"
}, {
  "kecamatan" : "Belimbing",
  "kelurahan" : "Guhung",
  "kodepos" : "79671"
}, {
  "kecamatan" : "Belimbing Hulu",
  "kelurahan" : "Beloyang",
  "kodepos" : "79671"
}, {
  "kecamatan" : "Belimbing",
  "kelurahan" : "Entebah",
  "kodepos" : "79671"
}, {
  "kecamatan" : "Belimbing",
  "kelurahan" : "Batu Nanta",
  "kodepos" : "79671"
}, {
  "kecamatan" : "Belimbing",
  "kelurahan" : "Belonsat",
  "kodepos" : "79671"
}, {
  "kecamatan" : "Belimbing",
  "kelurahan" : "Batu Ampar",
  "kodepos" : "79671"
}, {
  "kecamatan" : "Belimbing",
  "kelurahan" : "Batu Buil",
  "kodepos" : "79671"
}, {
  "kecamatan" : "Belimbing",
  "kelurahan" : "Balai Agas",
  "kodepos" : "79671"
} ]
