[ {
  "kecamatan" : "Sajingan Besar",
  "kelurahan" : "Sebunga",
  "kodepos" : "79467"
}, {
  "kecamatan" : "Sajingan Besar",
  "kelurahan" : "Sei/Sungai Bening",
  "kodepos" : "79467"
}, {
  "kecamatan" : "Sajingan Besar",
  "kelurahan" : "Sanatab",
  "kodepos" : "79467"
}, {
  "kecamatan" : "Sajingan Besar",
  "kelurahan" : "Santaban",
  "kodepos" : "79467"
}, {
  "kecamatan" : "Sajingan Besar",
  "kelurahan" : "Kaliau",
  "kodepos" : "79467"
}, {
  "kecamatan" : "Paloh",
  "kelurahan" : "Sebubus",
  "kodepos" : "79466"
}, {
  "kecamatan" : "Paloh",
  "kelurahan" : "Tanah Hitam",
  "kodepos" : "79466"
}, {
  "kecamatan" : "Paloh",
  "kelurahan" : "Temajuk",
  "kodepos" : "79466"
}, {
  "kecamatan" : "Paloh",
  "kelurahan" : "Mentibar",
  "kodepos" : "79466"
}, {
  "kecamatan" : "Paloh",
  "kelurahan" : "Nibung",
  "kodepos" : "79466"
}, {
  "kecamatan" : "Paloh",
  "kelurahan" : "Malek",
  "kodepos" : "79466"
}, {
  "kecamatan" : "Paloh",
  "kelurahan" : "Matang Danau",
  "kodepos" : "79466"
}, {
  "kecamatan" : "Paloh",
  "kelurahan" : "Kalimantan",
  "kodepos" : "79466"
}, {
  "kecamatan" : "Teluk Keramat",
  "kelurahan" : "Teluk Kembang",
  "kodepos" : "79465"
}, {
  "kecamatan" : "Teluk Keramat",
  "kelurahan" : "Tri Mandayan",
  "kodepos" : "79465"
}, {
  "kecamatan" : "Tekarang",
  "kelurahan" : "Tekarang",
  "kodepos" : "79465"
}, {
  "kecamatan" : "Teluk Keramat",
  "kelurahan" : "Teluk Kaseh",
  "kodepos" : "79465"
}, {
  "kecamatan" : "Tangaran",
  "kelurahan" : "Tangaran",
  "kodepos" : "79465"
}, {
  "kecamatan" : "Teluk Keramat",
  "kelurahan" : "Tanjung Keracut",
  "kodepos" : "79465"
}, {
  "kecamatan" : "Tangaran",
  "kelurahan" : "Simpang Empat",
  "kodepos" : "79465"
}, {
  "kecamatan" : "Teluk Keramat",
  "kelurahan" : "Tambatan",
  "kodepos" : "79465"
}, {
  "kecamatan" : "Teluk Keramat",
  "kelurahan" : "Sengawang",
  "kodepos" : "79465"
}, {
  "kecamatan" : "Teluk Keramat",
  "kelurahan" : "Sepadu",
  "kodepos" : "79465"
}, {
  "kecamatan" : "Tangaran",
  "kelurahan" : "Semata",
  "kodepos" : "79465"
}, {
  "kecamatan" : "Tekarang",
  "kelurahan" : "Sempadian",
  "kodepos" : "79465"
}, {
  "kecamatan" : "Teluk Keramat",
  "kelurahan" : "Sekura",
  "kodepos" : "79465"
}, {
  "kecamatan" : "Teluk Keramat",
  "kelurahan" : "Sei/Sungai Serabek",
  "kodepos" : "79465"
}, {
  "kecamatan" : "Teluk Keramat",
  "kelurahan" : "Sei/Sungai Kumpai",
  "kodepos" : "79465"
}, {
  "kecamatan" : "Teluk Keramat",
  "kelurahan" : "Sebagu",
  "kodepos" : "79465"
}, {
  "kecamatan" : "Teluk Keramat",
  "kelurahan" : "Sei/Sungai Baru",
  "kodepos" : "79465"
}, {
  "kecamatan" : "Teluk Keramat",
  "kelurahan" : "Sayang Sedayu",
  "kodepos" : "79465"
}, {
  "kecamatan" : "Tekarang",
  "kelurahan" : "Sari Makmur",
  "kodepos" : "79465"
}, {
  "kecamatan" : "Teluk Keramat",
  "kelurahan" : "Puringan",
  "kodepos" : "79465"
}, {
  "kecamatan" : "Teluk Keramat",
  "kelurahan" : "Samustida",
  "kodepos" : "79465"
}, {
  "kecamatan" : "Tekarang",
  "kelurahan" : "Rambayan",
  "kodepos" : "79465"
}, {
  "kecamatan" : "Teluk Keramat",
  "kelurahan" : "Pedada",
  "kodepos" : "79465"
}, {
  "kecamatan" : "Teluk Keramat",
  "kelurahan" : "Pipit Teja",
  "kodepos" : "79465"
}, {
  "kecamatan" : "Teluk Keramat",
  "kelurahan" : "Mulia",
  "kodepos" : "79465"
}, {
  "kecamatan" : "Tangaran",
  "kelurahan" : "Pancur",
  "kodepos" : "79465"
}, {
  "kecamatan" : "Tekarang",
  "kelurahan" : "Merubong",
  "kodepos" : "79465"
}, {
  "kecamatan" : "Tangaran",
  "kelurahan" : "Merpati",
  "kodepos" : "79465"
}, {
  "kecamatan" : "Teluk Keramat",
  "kelurahan" : "Mekar Sekuntum",
  "kodepos" : "79465"
}, {
  "kecamatan" : "Tangaran",
  "kelurahan" : "Merabuan",
  "kodepos" : "79465"
}, {
  "kecamatan" : "Tekarang",
  "kelurahan" : "Matang Segarau",
  "kodepos" : "79465"
}, {
  "kecamatan" : "Teluk Keramat",
  "kelurahan" : "Lela",
  "kodepos" : "79465"
}, {
  "kecamatan" : "Teluk Keramat",
  "kelurahan" : "Matang Segantar",
  "kodepos" : "79465"
}, {
  "kecamatan" : "Teluk Keramat",
  "kelurahan" : "Kubangga",
  "kodepos" : "79465"
}, {
  "kecamatan" : "Teluk Keramat",
  "kelurahan" : "Kuala Pangkalan Keramat",
  "kodepos" : "79465"
}, {
  "kecamatan" : "Tekarang",
  "kelurahan" : "Cepala",
  "kodepos" : "79465"
}, {
  "kecamatan" : "Teluk Keramat",
  "kelurahan" : "Berlimang",
  "kodepos" : "79465"
}, {
  "kecamatan" : "Tangaran",
  "kelurahan" : "Arung Parak",
  "kodepos" : "79465"
}, {
  "kecamatan" : "Sejangkung",
  "kelurahan" : "Sulung",
  "kodepos" : "79463"
}, {
  "kecamatan" : "Sejangkung",
  "kelurahan" : "Setalik",
  "kodepos" : "79463"
}, {
  "kecamatan" : "Sejangkung",
  "kelurahan" : "Sepantai",
  "kodepos" : "79463"
}, {
  "kecamatan" : "Sejangkung",
  "kelurahan" : "Senujuh",
  "kodepos" : "79463"
}, {
  "kecamatan" : "Sejangkung",
  "kelurahan" : "Sendoyan",
  "kodepos" : "79463"
}, {
  "kecamatan" : "Sejangkung",
  "kelurahan" : "Semanga",
  "kodepos" : "79463"
}, {
  "kecamatan" : "Sejangkung",
  "kelurahan" : "Piantus",
  "kodepos" : "79463"
}, {
  "kecamatan" : "Sejangkung",
  "kelurahan" : "Sekuduk",
  "kodepos" : "79463"
}, {
  "kecamatan" : "Sejangkung",
  "kelurahan" : "Perigi Limus",
  "kodepos" : "79463"
}, {
  "kecamatan" : "Sejangkung",
  "kelurahan" : "Perigi Landu",
  "kodepos" : "79463"
}, {
  "kecamatan" : "Sejangkung",
  "kelurahan" : "Penakalan",
  "kodepos" : "79463"
}, {
  "kecamatan" : "Sejangkung",
  "kelurahan" : "Parit Raja",
  "kodepos" : "79463"
}, {
  "kecamatan" : "Sambas",
  "kelurahan" : "Tumuk/Tumok Manggis",
  "kodepos" : "79462"
}, {
  "kecamatan" : "Sebawi",
  "kelurahan" : "Tempatan",
  "kodepos" : "79462"
}, {
  "kecamatan" : "Sajad",
  "kelurahan" : "Tengguli",
  "kodepos" : "79462"
}, {
  "kecamatan" : "Sebawi",
  "kelurahan" : "Tebing Batu",
  "kodepos" : "79462"
}, {
  "kecamatan" : "Sambas",
  "kelurahan" : "Tanjung Mekar",
  "kodepos" : "79462"
}, {
  "kecamatan" : "Sambas",
  "kelurahan" : "Sumber Harapan",
  "kodepos" : "79462"
}, {
  "kecamatan" : "Sambas",
  "kelurahan" : "Tanjung Bugis",
  "kodepos" : "79462"
}, {
  "kecamatan" : "Sebawi",
  "kelurahan" : "Sempelai Sebedang",
  "kodepos" : "79462"
}, {
  "kecamatan" : "Sebawi",
  "kelurahan" : "Sepuk Tanjung",
  "kodepos" : "79462"
}, {
  "kecamatan" : "Sambas",
  "kelurahan" : "Sei/Sungai Rambah",
  "kodepos" : "79462"
}, {
  "kecamatan" : "Sambas",
  "kelurahan" : "Semangau",
  "kodepos" : "79462"
}, {
  "kecamatan" : "Sebawi",
  "kelurahan" : "Sebawi",
  "kodepos" : "79462"
}, {
  "kecamatan" : "Sambas",
  "kelurahan" : "Sebayan",
  "kodepos" : "79462"
}, {
  "kecamatan" : "Sambas",
  "kelurahan" : "Saing Rambi",
  "kodepos" : "79462"
}, {
  "kecamatan" : "Sebawi",
  "kelurahan" : "Sebangun",
  "kodepos" : "79462"
}, {
  "kecamatan" : "Sambas",
  "kelurahan" : "Pendawan",
  "kodepos" : "79462"
}, {
  "kecamatan" : "Sebawi",
  "kelurahan" : "Rantau Panjang",
  "kodepos" : "79462"
}, {
  "kecamatan" : "Sambas",
  "kelurahan" : "Pasar Melayu",
  "kodepos" : "79462"
}, {
  "kecamatan" : "Sajad",
  "kelurahan" : "Mekar Jaya",
  "kodepos" : "79462"
}, {
  "kecamatan" : "Sambas",
  "kelurahan" : "Lubuk Dagang",
  "kodepos" : "79462"
}, {
  "kecamatan" : "Sambas",
  "kelurahan" : "Lumbang",
  "kodepos" : "79462"
}, {
  "kecamatan" : "Sambas",
  "kelurahan" : "Kartiasa",
  "kodepos" : "79462"
}, {
  "kecamatan" : "Sambas",
  "kelurahan" : "Lorong",
  "kodepos" : "79462"
}, {
  "kecamatan" : "Sambas",
  "kelurahan" : "Jagur",
  "kodepos" : "79462"
}, {
  "kecamatan" : "Sajad",
  "kelurahan" : "Jirak",
  "kodepos" : "79462"
}, {
  "kecamatan" : "Sambas",
  "kelurahan" : "Gapura",
  "kodepos" : "79462"
}, {
  "kecamatan" : "Sambas",
  "kelurahan" : "Durian",
  "kodepos" : "79462"
}, {
  "kecamatan" : "Sajad",
  "kelurahan" : "Beringin",
  "kodepos" : "79462"
}, {
  "kecamatan" : "Sambas",
  "kelurahan" : "Dalam Kaum",
  "kodepos" : "79462"
}, {
  "kecamatan" : "Tebas",
  "kelurahan" : "Tebas Sungai",
  "kodepos" : "79461"
}, {
  "kecamatan" : "Tebas",
  "kelurahan" : "Serindang",
  "kodepos" : "79461"
}, {
  "kecamatan" : "Tebas",
  "kelurahan" : "Serumpun Buluh",
  "kodepos" : "79461"
}, {
  "kecamatan" : "Tebas",
  "kelurahan" : "Tebas Kuala",
  "kodepos" : "79461"
}, {
  "kecamatan" : "Tebas",
  "kelurahan" : "Sempalai",
  "kodepos" : "79461"
}, {
  "kecamatan" : "Tebas",
  "kelurahan" : "Seret Ayon",
  "kodepos" : "79461"
}, {
  "kecamatan" : "Tebas",
  "kelurahan" : "Sei/Sungai Kelambu",
  "kodepos" : "79461"
}, {
  "kecamatan" : "Tebas",
  "kelurahan" : "Sejiram",
  "kodepos" : "79461"
}, {
  "kecamatan" : "Tebas",
  "kelurahan" : "Segarau Parit",
  "kodepos" : "79461"
}, {
  "kecamatan" : "Tebas",
  "kelurahan" : "Segedong",
  "kodepos" : "79461"
}, {
  "kecamatan" : "Tebas",
  "kelurahan" : "Pusaka",
  "kodepos" : "79461"
}, {
  "kecamatan" : "Tebas",
  "kelurahan" : "Seberkat",
  "kodepos" : "79461"
}, {
  "kecamatan" : "Tebas",
  "kelurahan" : "Mekar Sekuntum",
  "kodepos" : "79461"
}, {
  "kecamatan" : "Tebas",
  "kelurahan" : "Mensere",
  "kodepos" : "79461"
}, {
  "kecamatan" : "Tebas",
  "kelurahan" : "Pangkalan Kongsi",
  "kodepos" : "79461"
}, {
  "kecamatan" : "Tebas",
  "kelurahan" : "Maribas",
  "kodepos" : "79461"
}, {
  "kecamatan" : "Tebas",
  "kelurahan" : "Matang Labung",
  "kodepos" : "79461"
}, {
  "kecamatan" : "Tebas",
  "kelurahan" : "Mak Rampai",
  "kodepos" : "79461"
}, {
  "kecamatan" : "Tebas",
  "kelurahan" : "Mak Tangguk",
  "kodepos" : "79461"
}, {
  "kecamatan" : "Tebas",
  "kelurahan" : "Bukit Segoler",
  "kodepos" : "79461"
}, {
  "kecamatan" : "Tebas",
  "kelurahan" : "Dungun Perapakan",
  "kodepos" : "79461"
}, {
  "kecamatan" : "Tebas",
  "kelurahan" : "Batu Makjage",
  "kodepos" : "79461"
}, {
  "kecamatan" : "Tebas",
  "kelurahan" : "Bekut",
  "kodepos" : "79461"
}, {
  "kecamatan" : "Jawai",
  "kelurahan" : "Sentebang",
  "kodepos" : "79454"
}, {
  "kecamatan" : "Jawai",
  "kelurahan" : "Sei/Sungai Nyirih",
  "kodepos" : "79454"
}, {
  "kecamatan" : "Jawai",
  "kelurahan" : "Sarang Burung Usrat",
  "kodepos" : "79454"
}, {
  "kecamatan" : "Jawai",
  "kelurahan" : "Sei/Sungai Nilam",
  "kodepos" : "79454"
}, {
  "kecamatan" : "Jawai",
  "kelurahan" : "Sarang Burung Kolam",
  "kodepos" : "79454"
}, {
  "kecamatan" : "Jawai",
  "kelurahan" : "Sarang Burung Kuala",
  "kodepos" : "79454"
}, {
  "kecamatan" : "Jawai",
  "kelurahan" : "Pelimpaan",
  "kodepos" : "79454"
}, {
  "kecamatan" : "Jawai",
  "kelurahan" : "Sarang Burung Danau",
  "kodepos" : "79454"
}, {
  "kecamatan" : "Jawai",
  "kelurahan" : "Bakau",
  "kodepos" : "79454"
}, {
  "kecamatan" : "Jawai",
  "kelurahan" : "Dungun Laut",
  "kodepos" : "79454"
}, {
  "kecamatan" : "Jawai",
  "kelurahan" : "Parit Setia",
  "kodepos" : "79454"
}, {
  "kecamatan" : "Galing",
  "kelurahan" : "Tri Kembang",
  "kodepos" : "79453"
}, {
  "kecamatan" : "Galing",
  "kelurahan" : "Tempapan Kuala",
  "kodepos" : "79453"
}, {
  "kecamatan" : "Galing",
  "kelurahan" : "Tri Gaduh",
  "kodepos" : "79453"
}, {
  "kecamatan" : "Galing",
  "kelurahan" : "Teluk Pandan",
  "kodepos" : "79453"
}, {
  "kecamatan" : "Galing",
  "kelurahan" : "Tempapan Hulu",
  "kodepos" : "79453"
}, {
  "kecamatan" : "Semparuk",
  "kelurahan" : "Singaraya",
  "kodepos" : "79453"
}, {
  "kecamatan" : "Salatiga",
  "kelurahan" : "Serumpun",
  "kodepos" : "79453"
}, {
  "kecamatan" : "Salatiga",
  "kelurahan" : "Serunai",
  "kodepos" : "79453"
}, {
  "kecamatan" : "Galing",
  "kelurahan" : "Sijang",
  "kodepos" : "79453"
}, {
  "kecamatan" : "Semparuk",
  "kelurahan" : "Sepadu",
  "kodepos" : "79453"
}, {
  "kecamatan" : "Semparuk",
  "kelurahan" : "Sepinggan",
  "kodepos" : "79453"
}, {
  "kecamatan" : "Salatiga",
  "kelurahan" : "Sei/Sungai Toman",
  "kodepos" : "79453"
}, {
  "kecamatan" : "Semparuk",
  "kelurahan" : "Semparuk",
  "kodepos" : "79453"
}, {
  "kecamatan" : "Galing",
  "kelurahan" : "Sei/Sungai Palah",
  "kodepos" : "79453"
}, {
  "kecamatan" : "Semparuk",
  "kelurahan" : "Seburing",
  "kodepos" : "79453"
}, {
  "kecamatan" : "Salatiga",
  "kelurahan" : "Salatiga",
  "kodepos" : "79453"
}, {
  "kecamatan" : "Galing",
  "kelurahan" : "Sagu",
  "kodepos" : "79453"
}, {
  "kecamatan" : "Pemangkat",
  "kelurahan" : "Perapakan",
  "kodepos" : "79453"
}, {
  "kecamatan" : "Galing",
  "kelurahan" : "Ratu Sepudak",
  "kodepos" : "79453"
}, {
  "kecamatan" : "Pemangkat",
  "kelurahan" : "Pemangkat Kota",
  "kodepos" : "79453"
}, {
  "kecamatan" : "Pemangkat",
  "kelurahan" : "Penjajap",
  "kodepos" : "79453"
}, {
  "kecamatan" : "Salatiga",
  "kelurahan" : "Parit Baru",
  "kodepos" : "79453"
}, {
  "kecamatan" : "Pemangkat",
  "kelurahan" : "Jelutung",
  "kodepos" : "79453"
}, {
  "kecamatan" : "Pemangkat",
  "kelurahan" : "Harapan",
  "kodepos" : "79453"
}, {
  "kecamatan" : "Galing",
  "kelurahan" : "Galing",
  "kodepos" : "79453"
}, {
  "kecamatan" : "Selakau",
  "kelurahan" : "Twi Mentibar",
  "kodepos" : "79452"
}, {
  "kecamatan" : "Selakau",
  "kelurahan" : "Semelagi Besar",
  "kodepos" : "79452"
}, {
  "kecamatan" : "Selakau Timur",
  "kelurahan" : "Seranggam",
  "kodepos" : "79452"
}, {
  "kecamatan" : "Selakau",
  "kelurahan" : "Sei/Sungai Rusa",
  "kodepos" : "79452"
}, {
  "kecamatan" : "Selakau Timur",
  "kelurahan" : "Selakau Tua",
  "kodepos" : "79452"
}, {
  "kecamatan" : "Selakau",
  "kelurahan" : "Sei/Sungai Nyirih",
  "kodepos" : "79452"
}, {
  "kecamatan" : "Selakau",
  "kelurahan" : "Sei/Sungai Daun",
  "kodepos" : "79452"
}, {
  "kecamatan" : "Selakau",
  "kelurahan" : "Pangkalan Bemban",
  "kodepos" : "79452"
}, {
  "kecamatan" : "Selakau",
  "kelurahan" : "Parit Baru",
  "kodepos" : "79452"
}, {
  "kecamatan" : "Selakau Timur",
  "kelurahan" : "Gelik",
  "kodepos" : "79452"
}, {
  "kecamatan" : "Selakau",
  "kelurahan" : "Kuala",
  "kodepos" : "79452"
}, {
  "kecamatan" : "Selakau Timur",
  "kelurahan" : "Buduk Sempadang",
  "kodepos" : "79452"
}, {
  "kecamatan" : "Selakau",
  "kelurahan" : "Bentunai",
  "kodepos" : "79452"
}, {
  "kecamatan" : "Subah",
  "kelurahan" : "Tebuah Elok",
  "kodepos" : "79417"
}, {
  "kecamatan" : "Subah",
  "kelurahan" : "Sei/Sungai Sapak",
  "kodepos" : "79417"
}, {
  "kecamatan" : "Subah",
  "kelurahan" : "Sempurna",
  "kodepos" : "79417"
}, {
  "kecamatan" : "Subah",
  "kelurahan" : "Mukti Raharja",
  "kodepos" : "79417"
}, {
  "kecamatan" : "Subah",
  "kelurahan" : "Sabung",
  "kodepos" : "79417"
}, {
  "kecamatan" : "Subah",
  "kelurahan" : "Sei/Sungai Deden",
  "kodepos" : "79417"
}, {
  "kecamatan" : "Subah",
  "kelurahan" : "Mensade",
  "kodepos" : "79417"
}, {
  "kecamatan" : "Subah",
  "kelurahan" : "Bukit Mulya",
  "kodepos" : "79417"
}, {
  "kecamatan" : "Subah",
  "kelurahan" : "Madak",
  "kodepos" : "79417"
}, {
  "kecamatan" : "Subah",
  "kelurahan" : "Balai Gemuruh",
  "kodepos" : "79417"
}, {
  "kecamatan" : "Jawai Selatan",
  "kelurahan" : "Semperiuk B",
  "kodepos" : "79154"
}, {
  "kecamatan" : "Jawai Selatan",
  "kelurahan" : "Suah Api",
  "kodepos" : "79154"
}, {
  "kecamatan" : "Jawai Selatan",
  "kelurahan" : "Sarilaba B",
  "kodepos" : "79154"
}, {
  "kecamatan" : "Jawai Selatan",
  "kelurahan" : "Semperiuk A",
  "kodepos" : "79154"
}, {
  "kecamatan" : "Jawai Selatan",
  "kelurahan" : "Sabaran",
  "kodepos" : "79154"
}, {
  "kecamatan" : "Jawai Selatan",
  "kelurahan" : "Sarilaba A",
  "kodepos" : "79154"
}, {
  "kecamatan" : "Jawai Selatan",
  "kelurahan" : "Jawai Laut",
  "kodepos" : "79154"
}, {
  "kecamatan" : "Jawai Selatan",
  "kelurahan" : "Jelu Air",
  "kodepos" : "79154"
}, {
  "kecamatan" : "Jawai Selatan",
  "kelurahan" : "Matang Terap",
  "kodepos" : "79154"
} ]
