[ {
  "kecamatan" : "Kuala Behe",
  "kelurahan" : "Tanjung Balai",
  "kodepos" : "79367"
}, {
  "kecamatan" : "Kuala Behe",
  "kelurahan" : "Sejowet",
  "kodepos" : "79367"
}, {
  "kecamatan" : "Kuala Behe",
  "kelurahan" : "Semedang (Sumedang)",
  "kodepos" : "79367"
}, {
  "kecamatan" : "Kuala Behe",
  "kelurahan" : "Sehe Lusur",
  "kodepos" : "79367"
}, {
  "kecamatan" : "Kuala Behe",
  "kelurahan" : "Paku Raya",
  "kodepos" : "79367"
}, {
  "kecamatan" : "Kuala Behe",
  "kelurahan" : "Permiit",
  "kodepos" : "79367"
}, {
  "kecamatan" : "Kuala Behe",
  "kelurahan" : "Kuala Behe",
  "kodepos" : "79367"
}, {
  "kecamatan" : "Kuala Behe",
  "kelurahan" : "Nyayum",
  "kodepos" : "79367"
}, {
  "kecamatan" : "Kuala Behe",
  "kelurahan" : "Bengawan Ampar",
  "kodepos" : "79367"
}, {
  "kecamatan" : "Kuala Behe",
  "kelurahan" : "Kedama",
  "kodepos" : "79367"
}, {
  "kecamatan" : "Kuala Behe",
  "kelurahan" : "Angkanyar",
  "kodepos" : "79367"
}, {
  "kecamatan" : "Meranti",
  "kelurahan" : "Selange",
  "kodepos" : "79366"
}, {
  "kecamatan" : "Meranti",
  "kelurahan" : "Tahu",
  "kodepos" : "79366"
}, {
  "kecamatan" : "Meranti",
  "kelurahan" : "Moro Betung",
  "kodepos" : "79366"
}, {
  "kecamatan" : "Meranti",
  "kelurahan" : "Meranti",
  "kodepos" : "79366"
}, {
  "kecamatan" : "Meranti",
  "kelurahan" : "Kelampai Setolo",
  "kodepos" : "79366"
}, {
  "kecamatan" : "Air Besar",
  "kelurahan" : "Tenguwe",
  "kodepos" : "79365"
}, {
  "kecamatan" : "Meranti",
  "kelurahan" : "Ampadi",
  "kodepos" : "79366"
}, {
  "kecamatan" : "Air Besar",
  "kelurahan" : "Temoyok",
  "kodepos" : "79365"
}, {
  "kecamatan" : "Air Besar",
  "kelurahan" : "Tengon Pelaik",
  "kodepos" : "79365"
}, {
  "kecamatan" : "Air Besar",
  "kelurahan" : "Semuntik",
  "kodepos" : "79365"
}, {
  "kecamatan" : "Air Besar",
  "kelurahan" : "Sepangah",
  "kodepos" : "79365"
}, {
  "kecamatan" : "Air Besar",
  "kelurahan" : "Serimbu",
  "kodepos" : "79365"
}, {
  "kecamatan" : "Air Besar",
  "kelurahan" : "Sekendal",
  "kodepos" : "79365"
}, {
  "kecamatan" : "Air Besar",
  "kelurahan" : "Sempatung Lawek",
  "kodepos" : "79365"
}, {
  "kecamatan" : "Air Besar",
  "kelurahan" : "Nyari",
  "kodepos" : "79365"
}, {
  "kecamatan" : "Air Besar",
  "kelurahan" : "Parek (Pare/Sutipadang)",
  "kodepos" : "79365"
}, {
  "kecamatan" : "Air Besar",
  "kelurahan" : "Jambu Tembawang",
  "kodepos" : "79365"
}, {
  "kecamatan" : "Air Besar",
  "kelurahan" : "Merayuh",
  "kodepos" : "79365"
}, {
  "kecamatan" : "Air Besar",
  "kelurahan" : "Engkangin",
  "kodepos" : "79365"
}, {
  "kecamatan" : "Air Besar",
  "kelurahan" : "Engkadik/Enkadik Pade",
  "kodepos" : "79365"
}, {
  "kecamatan" : "Air Besar",
  "kelurahan" : "Engkangin",
  "kodepos" : "79365"
}, {
  "kecamatan" : "Air Besar",
  "kelurahan" : "Bentiang Madomang",
  "kodepos" : "79365"
}, {
  "kecamatan" : "Banyuke Hulu",
  "kelurahan" : "Tembawang Bale",
  "kodepos" : "79364"
}, {
  "kecamatan" : "Banyuke Hulu",
  "kelurahan" : "Untang",
  "kodepos" : "79364"
}, {
  "kecamatan" : "Menyuke",
  "kelurahan" : "Tolok",
  "kodepos" : "79364"
}, {
  "kecamatan" : "Menyuke",
  "kelurahan" : "Songga",
  "kodepos" : "79364"
}, {
  "kecamatan" : "Menyuke",
  "kelurahan" : "Ta As",
  "kodepos" : "79364"
}, {
  "kecamatan" : "Banyuke Hulu",
  "kelurahan" : "Semade",
  "kodepos" : "79364"
}, {
  "kecamatan" : "Menyuke",
  "kelurahan" : "Sidan",
  "kodepos" : "79364"
}, {
  "kecamatan" : "Banyuke Hulu",
  "kelurahan" : "Ringo Lojok",
  "kodepos" : "79364"
}, {
  "kecamatan" : "Menyuke",
  "kelurahan" : "Sei/Sungai Lubang",
  "kodepos" : "79364"
}, {
  "kecamatan" : "Banyuke Hulu",
  "kelurahan" : "Padang Pio",
  "kodepos" : "79364"
}, {
  "kecamatan" : "Menyuke",
  "kelurahan" : "Mamek",
  "kodepos" : "79364"
}, {
  "kecamatan" : "Menyuke",
  "kelurahan" : "Ongkol Padang",
  "kodepos" : "79364"
}, {
  "kecamatan" : "Menyuke",
  "kelurahan" : "Ladangan",
  "kodepos" : "79364"
}, {
  "kecamatan" : "Menyuke",
  "kelurahan" : "Lintah Betung",
  "kodepos" : "79364"
}, {
  "kecamatan" : "Banyuke Hulu",
  "kelurahan" : "Kampet",
  "kodepos" : "79364"
}, {
  "kecamatan" : "Menyuke",
  "kelurahan" : "Kayuara",
  "kodepos" : "79364"
}, {
  "kecamatan" : "Banyuke Hulu",
  "kelurahan" : "Gamang",
  "kodepos" : "79364"
}, {
  "kecamatan" : "Menyuke",
  "kelurahan" : "Bagak",
  "kodepos" : "79364"
}, {
  "kecamatan" : "Menyuke",
  "kelurahan" : "Berinang Mayun",
  "kodepos" : "79364"
}, {
  "kecamatan" : "Menyuke",
  "kelurahan" : "Darit",
  "kodepos" : "79364"
}, {
  "kecamatan" : "Menyuke",
  "kelurahan" : "Anik Dingir",
  "kodepos" : "79364"
}, {
  "kecamatan" : "Menyuke",
  "kelurahan" : "Ansang",
  "kodepos" : "79364"
}, {
  "kecamatan" : "Menyuke",
  "kelurahan" : "Angkaras",
  "kodepos" : "79364"
}, {
  "kecamatan" : "Mempawah Hulu",
  "kelurahan" : "Tiang Tanjung",
  "kodepos" : "79363"
}, {
  "kecamatan" : "Mempawah Hulu",
  "kelurahan" : "Tunang",
  "kodepos" : "79363"
}, {
  "kecamatan" : "Sompak",
  "kelurahan" : "Sompak",
  "kodepos" : "79363"
}, {
  "kecamatan" : "Mempawah Hulu",
  "kelurahan" : "Sei/Sungai Laki",
  "kodepos" : "79363"
}, {
  "kecamatan" : "Sompak",
  "kelurahan" : "Tapanking (Tapang)",
  "kodepos" : "79363"
}, {
  "kecamatan" : "Mempawah Hulu",
  "kelurahan" : "Salumang",
  "kodepos" : "79363"
}, {
  "kecamatan" : "Mempawah Hulu",
  "kelurahan" : "Sampuro",
  "kodepos" : "79363"
}, {
  "kecamatan" : "Mempawah Hulu",
  "kelurahan" : "Sailo",
  "kodepos" : "79363"
}, {
  "kecamatan" : "Mempawah Hulu",
  "kelurahan" : "Sala&#8217;as",
  "kodepos" : "79363"
}, {
  "kecamatan" : "Mempawah Hulu",
  "kelurahan" : "Sabaka",
  "kodepos" : "79363"
}, {
  "kecamatan" : "Sompak",
  "kelurahan" : "Pauh",
  "kodepos" : "79363"
}, {
  "kecamatan" : "Sompak",
  "kelurahan" : "Pakumbang (Pak Kumbang)",
  "kodepos" : "79363"
}, {
  "kecamatan" : "Mempawah Hulu",
  "kelurahan" : "Parigi",
  "kodepos" : "79363"
}, {
  "kecamatan" : "Mempawah Hulu",
  "kelurahan" : "Mentonyek",
  "kodepos" : "79363"
}, {
  "kecamatan" : "Mempawah Hulu",
  "kelurahan" : "Pahong (Pahok)",
  "kodepos" : "79363"
}, {
  "kecamatan" : "Sompak",
  "kelurahan" : "Lingkonong",
  "kodepos" : "79363"
}, {
  "kecamatan" : "Mempawah Hulu",
  "kelurahan" : "Garu",
  "kodepos" : "79363"
}, {
  "kecamatan" : "Mempawah Hulu",
  "kelurahan" : "Karangan",
  "kodepos" : "79363"
}, {
  "kecamatan" : "Sompak",
  "kelurahan" : "Galar",
  "kodepos" : "79363"
}, {
  "kecamatan" : "Mempawah Hulu",
  "kelurahan" : "Bilayuk",
  "kodepos" : "79363"
}, {
  "kecamatan" : "Mempawah Hulu",
  "kelurahan" : "Caokng",
  "kodepos" : "79363"
}, {
  "kecamatan" : "Mempawah Hulu",
  "kelurahan" : "Babatn",
  "kodepos" : "79363"
}, {
  "kecamatan" : "Mempawah Hulu",
  "kelurahan" : "Ansolok",
  "kodepos" : "79363"
}, {
  "kecamatan" : "Sompak",
  "kelurahan" : "Ambawang",
  "kodepos" : "79363"
}, {
  "kecamatan" : "Menjalin",
  "kelurahan" : "Tempoak",
  "kodepos" : "79362"
}, {
  "kecamatan" : "Menjalin",
  "kelurahan" : "Rees",
  "kodepos" : "79362"
}, {
  "kecamatan" : "Menjalin",
  "kelurahan" : "Sepahat",
  "kodepos" : "79362"
}, {
  "kecamatan" : "Menjalin",
  "kelurahan" : "Menjalin",
  "kodepos" : "79362"
}, {
  "kecamatan" : "Menjalin",
  "kelurahan" : "Nangka",
  "kodepos" : "79362"
}, {
  "kecamatan" : "Menjalin",
  "kelurahan" : "Raba",
  "kodepos" : "79362"
}, {
  "kecamatan" : "Menjalin",
  "kelurahan" : "Bengkawe",
  "kodepos" : "79362"
}, {
  "kecamatan" : "Menjalin",
  "kelurahan" : "Lamo Anak",
  "kodepos" : "79362"
}, {
  "kecamatan" : "Sebangki",
  "kelurahan" : "Sei/Sungai Segak",
  "kodepos" : "79358"
}, {
  "kecamatan" : "Sebangki",
  "kelurahan" : "Rantau Panjang",
  "kodepos" : "79358"
}, {
  "kecamatan" : "Sebangki",
  "kelurahan" : "Sebangki",
  "kodepos" : "79358"
}, {
  "kecamatan" : "Sebangki",
  "kelurahan" : "Agak",
  "kodepos" : "79358"
}, {
  "kecamatan" : "Sebangki",
  "kelurahan" : "Kumpang Tengah",
  "kodepos" : "79358"
}, {
  "kecamatan" : "Jelimpo",
  "kelurahan" : "Tubang Raeng",
  "kodepos" : "79357"
}, {
  "kecamatan" : "Ngabang",
  "kelurahan" : "Temiang Sawi",
  "kodepos" : "79357"
}, {
  "kecamatan" : "Jelimpo",
  "kelurahan" : "Temahar",
  "kodepos" : "79357"
}, {
  "kecamatan" : "Ngabang",
  "kelurahan" : "Tebedak",
  "kodepos" : "79357"
}, {
  "kecamatan" : "Jelimpo",
  "kelurahan" : "Sekais",
  "kodepos" : "79357"
}, {
  "kecamatan" : "Ngabang",
  "kelurahan" : "Sungai Keli",
  "kodepos" : "79357"
}, {
  "kecamatan" : "Ngabang",
  "kelurahan" : "Rasan",
  "kodepos" : "79357"
}, {
  "kecamatan" : "Ngabang",
  "kelurahan" : "Sebirang",
  "kodepos" : "79357"
}, {
  "kecamatan" : "Ngabang",
  "kelurahan" : "Penyahu Dangku (Penyaho Dangku)",
  "kodepos" : "79357"
}, {
  "kecamatan" : "Ngabang",
  "kelurahan" : "Raja",
  "kodepos" : "79357"
}, {
  "kecamatan" : "Jelimpo",
  "kelurahan" : "Papung",
  "kodepos" : "79357"
}, {
  "kecamatan" : "Jelimpo",
  "kelurahan" : "Pawis Hilir",
  "kodepos" : "79357"
}, {
  "kecamatan" : "Ngabang",
  "kelurahan" : "Muun",
  "kodepos" : "79357"
}, {
  "kecamatan" : "Jelimpo",
  "kelurahan" : "Nyiin",
  "kodepos" : "79357"
}, {
  "kecamatan" : "Ngabang",
  "kelurahan" : "Pak Mayam",
  "kodepos" : "79357"
}, {
  "kecamatan" : "Ngabang",
  "kelurahan" : "Munggu",
  "kodepos" : "79357"
}, {
  "kecamatan" : "Jelimpo",
  "kelurahan" : "Mandor Kiru",
  "kodepos" : "79357"
}, {
  "kecamatan" : "Jelimpo",
  "kelurahan" : "Kayu Ara",
  "kodepos" : "79357"
}, {
  "kecamatan" : "Jelimpo",
  "kelurahan" : "Kersik Belantian",
  "kodepos" : "79357"
}, {
  "kecamatan" : "Jelimpo",
  "kelurahan" : "Jelimpo",
  "kodepos" : "79357"
}, {
  "kecamatan" : "Ngabang",
  "kelurahan" : "Hilir Kantor",
  "kodepos" : "79357"
}, {
  "kecamatan" : "Ngabang",
  "kelurahan" : "Hilir Tengah",
  "kodepos" : "79357"
}, {
  "kecamatan" : "Jelimpo",
  "kelurahan" : "Dara Itam I",
  "kodepos" : "79357"
}, {
  "kecamatan" : "Ngabang",
  "kelurahan" : "Engkadu",
  "kodepos" : "79357"
}, {
  "kecamatan" : "Ngabang",
  "kelurahan" : "Antan Rayan",
  "kodepos" : "79357"
}, {
  "kecamatan" : "Jelimpo",
  "kelurahan" : "Angan Tembawang",
  "kodepos" : "79357"
}, {
  "kecamatan" : "Jelimpo",
  "kelurahan" : "Balai Peluntan",
  "kodepos" : "79357"
}, {
  "kecamatan" : "Ngabang",
  "kelurahan" : "Amboyo Selatan",
  "kodepos" : "79357"
}, {
  "kecamatan" : "Ngabang",
  "kelurahan" : "Amboyo Utara",
  "kodepos" : "79357"
}, {
  "kecamatan" : "Ngabang",
  "kelurahan" : "Ambarang",
  "kodepos" : "79357"
}, {
  "kecamatan" : "Ngabang",
  "kelurahan" : "Amboyo Inti",
  "kodepos" : "79357"
}, {
  "kecamatan" : "Ngabang",
  "kelurahan" : "Amang",
  "kodepos" : "79357"
}, {
  "kecamatan" : "Sengah Temila",
  "kelurahan" : "Sidas",
  "kodepos" : "79356"
}, {
  "kecamatan" : "Sengah Temila",
  "kelurahan" : "Tonang",
  "kodepos" : "79356"
}, {
  "kecamatan" : "Sengah Temila",
  "kelurahan" : "Sebatih",
  "kodepos" : "79356"
}, {
  "kecamatan" : "Sengah Temila",
  "kelurahan" : "Senakin",
  "kodepos" : "79356"
}, {
  "kecamatan" : "Sengah Temila",
  "kelurahan" : "Rabak",
  "kodepos" : "79356"
}, {
  "kecamatan" : "Sengah Temila",
  "kelurahan" : "Saham",
  "kodepos" : "79356"
}, {
  "kecamatan" : "Sengah Temila",
  "kelurahan" : "Pahauman",
  "kodepos" : "79356"
}, {
  "kecamatan" : "Sengah Temila",
  "kelurahan" : "Paloan",
  "kodepos" : "79356"
}, {
  "kecamatan" : "Sengah Temila",
  "kelurahan" : "Keranji Mancal",
  "kodepos" : "79356"
}, {
  "kecamatan" : "Sengah Temila",
  "kelurahan" : "Keranji Paidang",
  "kodepos" : "79356"
}, {
  "kecamatan" : "Sengah Temila",
  "kelurahan" : "Banying",
  "kodepos" : "79356"
}, {
  "kecamatan" : "Sengah Temila",
  "kelurahan" : "Gombang",
  "kodepos" : "79356"
}, {
  "kecamatan" : "Sengah Temila",
  "kelurahan" : "Andeng",
  "kodepos" : "79356"
}, {
  "kecamatan" : "Sengah Temila",
  "kelurahan" : "Aur Sampuk",
  "kodepos" : "79356"
}, {
  "kecamatan" : "Mandor",
  "kelurahan" : "Sum Sum",
  "kodepos" : "79355"
}, {
  "kecamatan" : "Mandor",
  "kelurahan" : "Selutung",
  "kodepos" : "79355"
}, {
  "kecamatan" : "Mandor",
  "kelurahan" : "Semenok",
  "kodepos" : "79355"
}, {
  "kecamatan" : "Mandor",
  "kelurahan" : "Simpang Kasturi",
  "kodepos" : "79355"
}, {
  "kecamatan" : "Mandor",
  "kelurahan" : "Sekilap",
  "kodepos" : "79355"
}, {
  "kecamatan" : "Mandor",
  "kelurahan" : "Sebadu",
  "kodepos" : "79355"
}, {
  "kecamatan" : "Mandor",
  "kelurahan" : "Sala Tiga",
  "kodepos" : "79355"
}, {
  "kecamatan" : "Mandor",
  "kelurahan" : "Mengkunyit",
  "kodepos" : "79355"
}, {
  "kecamatan" : "Mandor",
  "kelurahan" : "Ngarak",
  "kodepos" : "79355"
}, {
  "kecamatan" : "Mandor",
  "kelurahan" : "Pongok",
  "kodepos" : "79355"
}, {
  "kecamatan" : "Mandor",
  "kelurahan" : "Mandor",
  "kodepos" : "79355"
}, {
  "kecamatan" : "Mandor",
  "kelurahan" : "Manggang",
  "kodepos" : "79355"
}, {
  "kecamatan" : "Mandor",
  "kelurahan" : "Keramas",
  "kodepos" : "79355"
}, {
  "kecamatan" : "Mandor",
  "kelurahan" : "Kerohok",
  "kodepos" : "79355"
}, {
  "kecamatan" : "Mandor",
  "kelurahan" : "Kayu Ara",
  "kodepos" : "79355"
}, {
  "kecamatan" : "Mandor",
  "kelurahan" : "Kayu Tanam",
  "kodepos" : "79355"
}, {
  "kecamatan" : "Mandor",
  "kelurahan" : "Bebatung",
  "kodepos" : "79355"
} ]
