[ {
  "kecamatan" : "Siding",
  "kelurahan" : "Tangguh",
  "kodepos" : "79286"
}, {
  "kecamatan" : "Siding",
  "kelurahan" : "Tawang",
  "kodepos" : "79286"
}, {
  "kecamatan" : "Siding",
  "kelurahan" : "Sungkung III",
  "kodepos" : "79286"
}, {
  "kecamatan" : "Siding",
  "kelurahan" : "Tamong",
  "kodepos" : "79286"
}, {
  "kecamatan" : "Siding",
  "kelurahan" : "Sungkung I",
  "kodepos" : "79286"
}, {
  "kecamatan" : "Siding",
  "kelurahan" : "Sungkung II",
  "kodepos" : "79286"
}, {
  "kecamatan" : "Jagoi Babang",
  "kelurahan" : "Sinar Baru",
  "kodepos" : "79286"
}, {
  "kecamatan" : "Siding",
  "kelurahan" : "Siding",
  "kodepos" : "79286"
}, {
  "kecamatan" : "Jagoi Babang",
  "kelurahan" : "Sekida (Jagoi Sekida)",
  "kodepos" : "79286"
}, {
  "kecamatan" : "Jagoi Babang",
  "kelurahan" : "Semunyin Jaya",
  "kodepos" : "79286"
}, {
  "kecamatan" : "Jagoi Babang",
  "kelurahan" : "Kumba",
  "kodepos" : "79286"
}, {
  "kecamatan" : "Siding",
  "kelurahan" : "Lhi Bui/Lhibuie",
  "kodepos" : "79286"
}, {
  "kecamatan" : "Jagoi Babang",
  "kelurahan" : "Gersik",
  "kodepos" : "79286"
}, {
  "kecamatan" : "Jagoi Babang",
  "kelurahan" : "Jagoi",
  "kodepos" : "79286"
}, {
  "kecamatan" : "Seluas",
  "kelurahan" : "Sentangau Jaya",
  "kodepos" : "79285"
}, {
  "kecamatan" : "Seluas",
  "kelurahan" : "Mayak",
  "kodepos" : "79285"
}, {
  "kecamatan" : "Seluas",
  "kelurahan" : "Sahan",
  "kodepos" : "79285"
}, {
  "kecamatan" : "Seluas",
  "kelurahan" : "Seluas",
  "kodepos" : "79285"
}, {
  "kecamatan" : "Seluas",
  "kelurahan" : "Bengkawan",
  "kodepos" : "79285"
}, {
  "kecamatan" : "Seluas",
  "kelurahan" : "Kalon",
  "kodepos" : "79285"
}, {
  "kecamatan" : "Sanggau Ledo",
  "kelurahan" : "Sango",
  "kodepos" : "79284"
}, {
  "kecamatan" : "Sanggau Ledo",
  "kelurahan" : "Gua",
  "kodepos" : "79284"
}, {
  "kecamatan" : "Sanggau Ledo",
  "kelurahan" : "Lembang",
  "kodepos" : "79284"
}, {
  "kecamatan" : "Sanggau Ledo",
  "kelurahan" : "Bange",
  "kodepos" : "79284"
}, {
  "kecamatan" : "Sanggau Ledo",
  "kelurahan" : "Danti",
  "kodepos" : "79284"
}, {
  "kecamatan" : "Ledo",
  "kelurahan" : "Tebuah Marong (Trans)",
  "kodepos" : "79283"
}, {
  "kecamatan" : "Lumar",
  "kelurahan" : "Tiga Berkat",
  "kodepos" : "79283"
}, {
  "kecamatan" : "Suti Semarang",
  "kelurahan" : "Suti Semarang",
  "kodepos" : "79283"
}, {
  "kecamatan" : "Suti Semarang",
  "kelurahan" : "Tapen",
  "kodepos" : "79283"
}, {
  "kecamatan" : "Ledo",
  "kelurahan" : "Suka Jaya",
  "kodepos" : "79283"
}, {
  "kecamatan" : "Suti Semarang",
  "kelurahan" : "Suka Maju",
  "kodepos" : "79283"
}, {
  "kecamatan" : "Ledo",
  "kelurahan" : "Sidai",
  "kodepos" : "79283"
}, {
  "kecamatan" : "Ledo",
  "kelurahan" : "Suka Damai",
  "kodepos" : "79283"
}, {
  "kecamatan" : "Lumar",
  "kelurahan" : "Seren Selimbau",
  "kodepos" : "79283"
}, {
  "kecamatan" : "Ledo",
  "kelurahan" : "Serangkat",
  "kodepos" : "79283"
}, {
  "kecamatan" : "Ledo",
  "kelurahan" : "Seles",
  "kodepos" : "79283"
}, {
  "kecamatan" : "Ledo",
  "kelurahan" : "Semangat",
  "kodepos" : "79283"
}, {
  "kecamatan" : "Suti Semarang",
  "kelurahan" : "Muhi Bersatu",
  "kodepos" : "79283"
}, {
  "kecamatan" : "Suti Semarang",
  "kelurahan" : "Nangka",
  "kodepos" : "79283"
}, {
  "kecamatan" : "Ledo",
  "kelurahan" : "Rodaya",
  "kodepos" : "79283"
}, {
  "kecamatan" : "Ledo",
  "kelurahan" : "Lesabela",
  "kodepos" : "79283"
}, {
  "kecamatan" : "Ledo",
  "kelurahan" : "Lomba Karya",
  "kodepos" : "79283"
}, {
  "kecamatan" : "Lumar",
  "kelurahan" : "Magmagan Karya",
  "kodepos" : "79283"
}, {
  "kecamatan" : "Suti Semarang",
  "kelurahan" : "Kiung",
  "kodepos" : "79283"
}, {
  "kecamatan" : "Lumar",
  "kelurahan" : "Lamolda",
  "kodepos" : "79283"
}, {
  "kecamatan" : "Suti Semarang",
  "kelurahan" : "Kelayu (Kelayuk)",
  "kodepos" : "79283"
}, {
  "kecamatan" : "Ledo",
  "kelurahan" : "Jesape",
  "kodepos" : "79283"
}, {
  "kecamatan" : "Ledo",
  "kelurahan" : "Dayung",
  "kodepos" : "79283"
}, {
  "kecamatan" : "Suti Semarang",
  "kelurahan" : "Cempaka Putih",
  "kodepos" : "79283"
}, {
  "kecamatan" : "Lumar",
  "kelurahan" : "Belimbing",
  "kodepos" : "79283"
}, {
  "kecamatan" : "Samalantan",
  "kelurahan" : "Tumiang",
  "kodepos" : "79281"
}, {
  "kecamatan" : "Lembah Bawang",
  "kelurahan" : "Tempapan",
  "kodepos" : "79281"
}, {
  "kecamatan" : "Samalantan",
  "kelurahan" : "Samalantan",
  "kodepos" : "79281"
}, {
  "kecamatan" : "Lembah Bawang",
  "kelurahan" : "Saka Taru",
  "kodepos" : "79281"
}, {
  "kecamatan" : "Samalantan",
  "kelurahan" : "Pasti Jaya",
  "kodepos" : "79281"
}, {
  "kecamatan" : "Samalantan",
  "kelurahan" : "Saba&#8217;u",
  "kodepos" : "79281"
}, {
  "kecamatan" : "Lembah Bawang",
  "kelurahan" : "Papan Tembawang",
  "kodepos" : "79281"
}, {
  "kecamatan" : "Lembah Bawang",
  "kelurahan" : "Papan Uduk",
  "kodepos" : "79281"
}, {
  "kecamatan" : "Lembah Bawang",
  "kelurahan" : "Lembah Bawang",
  "kodepos" : "79281"
}, {
  "kecamatan" : "Samalantan",
  "kelurahan" : "Marunsu",
  "kodepos" : "79281"
}, {
  "kecamatan" : "Lembah Bawang",
  "kelurahan" : "Janyat",
  "kodepos" : "79281"
}, {
  "kecamatan" : "Lembah Bawang",
  "kelurahan" : "Kinande",
  "kodepos" : "79281"
}, {
  "kecamatan" : "Lembah Bawang",
  "kelurahan" : "Godang Damar",
  "kodepos" : "79281"
}, {
  "kecamatan" : "Samalantan",
  "kelurahan" : "Bukit Serayan",
  "kodepos" : "79281"
}, {
  "kecamatan" : "Samalantan",
  "kelurahan" : "Babane",
  "kodepos" : "79281"
}, {
  "kecamatan" : "Sungai Raya Kepulauan",
  "kelurahan" : "Sei/Sungai Raya",
  "kodepos" : "79271"
}, {
  "kecamatan" : "Sungai Raya",
  "kelurahan" : "Sei/Sungai Pangkalan II",
  "kodepos" : "79271"
}, {
  "kecamatan" : "Capkala",
  "kelurahan" : "Setanduk",
  "kodepos" : "79271"
}, {
  "kecamatan" : "Sungai Raya Kepulauan",
  "kelurahan" : "Sei/Sungai Keran",
  "kodepos" : "79271"
}, {
  "kecamatan" : "Sungai Raya",
  "kelurahan" : "Sei/Sungai Pangkalan I",
  "kodepos" : "79271"
}, {
  "kecamatan" : "Sungai Raya",
  "kelurahan" : "Sei/Sungai Jaga A",
  "kodepos" : "79271"
}, {
  "kecamatan" : "Sungai Raya",
  "kelurahan" : "Sei/Sungai Jaga B",
  "kodepos" : "79271"
}, {
  "kecamatan" : "Sungai Raya",
  "kelurahan" : "Sei/Sungai Duri",
  "kodepos" : "79271"
}, {
  "kecamatan" : "Sungai Raya Kepulauan",
  "kelurahan" : "Rukma Jaya",
  "kodepos" : "79271"
}, {
  "kecamatan" : "Capkala",
  "kelurahan" : "Sabandut",
  "kodepos" : "79271"
}, {
  "kecamatan" : "Sungai Raya Kepulauan",
  "kelurahan" : "Pulau Lemukutan",
  "kodepos" : "79271"
}, {
  "kecamatan" : "Capkala",
  "kelurahan" : "Pawangi",
  "kodepos" : "79271"
}, {
  "kecamatan" : "Capkala",
  "kelurahan" : "Mandor",
  "kodepos" : "79271"
}, {
  "kecamatan" : "Sungai Raya Kepulauan",
  "kelurahan" : "Karimunting",
  "kodepos" : "79271"
}, {
  "kecamatan" : "Capkala",
  "kelurahan" : "Capkala",
  "kodepos" : "79271"
}, {
  "kecamatan" : "Tujuh Belas",
  "kelurahan" : "Sinar Tebudak",
  "kodepos" : "79251"
}, {
  "kecamatan" : "Capkala",
  "kelurahan" : "Aris",
  "kodepos" : "79271"
}, {
  "kecamatan" : "Tujuh Belas",
  "kelurahan" : "Pisak",
  "kodepos" : "79251"
}, {
  "kecamatan" : "Tujuh Belas",
  "kelurahan" : "Kamuh",
  "kodepos" : "79251"
}, {
  "kecamatan" : "Tujuh Belas",
  "kelurahan" : "Bengkilu",
  "kodepos" : "79251"
}, {
  "kecamatan" : "Teriak",
  "kelurahan" : "Tubajur",
  "kodepos" : "79214"
}, {
  "kecamatan" : "Teriak",
  "kelurahan" : "Temia Sio",
  "kodepos" : "79214"
}, {
  "kecamatan" : "Teriak",
  "kelurahan" : "Teriak",
  "kodepos" : "79214"
}, {
  "kecamatan" : "Teriak",
  "kelurahan" : "Tanjung",
  "kodepos" : "79214"
}, {
  "kecamatan" : "Teriak",
  "kelurahan" : "Telidik",
  "kodepos" : "79214"
}, {
  "kecamatan" : "Teriak",
  "kelurahan" : "Setia Jaya",
  "kodepos" : "79214"
}, {
  "kecamatan" : "Teriak",
  "kelurahan" : "Sumber Karya",
  "kodepos" : "79214"
}, {
  "kecamatan" : "Teriak",
  "kelurahan" : "Sekaruh",
  "kodepos" : "79214"
}, {
  "kecamatan" : "Teriak",
  "kelurahan" : "Sebente",
  "kodepos" : "79214"
}, {
  "kecamatan" : "Teriak",
  "kelurahan" : "Sebetung Menyala",
  "kodepos" : "79214"
}, {
  "kecamatan" : "Teriak",
  "kelurahan" : "Puteng",
  "kodepos" : "79214"
}, {
  "kecamatan" : "Teriak",
  "kelurahan" : "Lulang",
  "kodepos" : "79214"
}, {
  "kecamatan" : "Teriak",
  "kelurahan" : "Malo Jelayan",
  "kodepos" : "79214"
}, {
  "kecamatan" : "Teriak",
  "kelurahan" : "Benteng",
  "kodepos" : "79214"
}, {
  "kecamatan" : "Teriak",
  "kelurahan" : "Dharma Bhakti",
  "kodepos" : "79214"
}, {
  "kecamatan" : "Teriak",
  "kelurahan" : "Bana",
  "kodepos" : "79214"
}, {
  "kecamatan" : "Teriak",
  "kelurahan" : "Bangun Sari",
  "kodepos" : "79214"
}, {
  "kecamatan" : "Teriak",
  "kelurahan" : "Ampar Benteng",
  "kodepos" : "79214"
}, {
  "kecamatan" : "Bengkayang",
  "kelurahan" : "Bumi Emas",
  "kodepos" : "79212"
}, {
  "kecamatan" : "Bengkayang",
  "kelurahan" : "Bhakti/Bakti Mulya",
  "kodepos" : "79213"
}, {
  "kecamatan" : "Bengkayang",
  "kelurahan" : "Tirta Kencana",
  "kodepos" : "79211"
}, {
  "kecamatan" : "Sungai Betung",
  "kelurahan" : "Suka Maju",
  "kodepos" : "79211"
}, {
  "kecamatan" : "Sungai Betung",
  "kelurahan" : "Suka Bangun",
  "kodepos" : "79211"
}, {
  "kecamatan" : "Bengkayang",
  "kelurahan" : "Setia Budi",
  "kodepos" : "79211"
}, {
  "kecamatan" : "Bengkayang",
  "kelurahan" : "Setia Budi",
  "kodepos" : "79211"
}, {
  "kecamatan" : "Sungai Betung",
  "kelurahan" : "Cipta Karya",
  "kodepos" : "79211"
}, {
  "kecamatan" : "Sungai Betung",
  "kelurahan" : "Karya Bhakti",
  "kodepos" : "79211"
}, {
  "kecamatan" : "Bengkayang",
  "kelurahan" : "Bani Amas/Emas",
  "kodepos" : "79211"
}, {
  "kecamatan" : "Monterado",
  "kelurahan" : "Siaga (Nyempen)",
  "kodepos" : "79181"
}, {
  "kecamatan" : "Monterado",
  "kelurahan" : "Sendoreng",
  "kodepos" : "79181"
}, {
  "kecamatan" : "Monterado",
  "kelurahan" : "Serindu",
  "kodepos" : "79181"
}, {
  "kecamatan" : "Monterado",
  "kelurahan" : "Rantau",
  "kodepos" : "79181"
}, {
  "kecamatan" : "Monterado",
  "kelurahan" : "Monterado",
  "kodepos" : "79181"
}, {
  "kecamatan" : "Monterado",
  "kelurahan" : "Nek Ginap",
  "kodepos" : "79181"
}, {
  "kecamatan" : "Monterado",
  "kelurahan" : "Mekar Baru",
  "kodepos" : "79181"
}, {
  "kecamatan" : "Monterado",
  "kelurahan" : "Goa Boma",
  "kodepos" : "79181"
}, {
  "kecamatan" : "Monterado",
  "kelurahan" : "Jahandung",
  "kodepos" : "79181"
}, {
  "kecamatan" : "Monterado",
  "kelurahan" : "Gerantung",
  "kodepos" : "79181"
}, {
  "kecamatan" : "Monterado",
  "kelurahan" : "Beringin Baru",
  "kodepos" : "79181"
} ]
