[ {
  "kecamatan" : "Mempawah Hilir",
  "kelurahan" : "Sengkubang",
  "kodepos" : "78919"
}, {
  "kecamatan" : "Mempawah Timur",
  "kelurahan" : "Sei/Sungai Bakau Kecil",
  "kodepos" : "78919"
}, {
  "kecamatan" : "Mempawah Hilir",
  "kelurahan" : "Pasir",
  "kodepos" : "78919"
}, {
  "kecamatan" : "Mempawah Hilir",
  "kelurahan" : "Penibungan",
  "kodepos" : "78919"
}, {
  "kecamatan" : "Mempawah Timur",
  "kelurahan" : "Sejegi",
  "kodepos" : "78918"
}, {
  "kecamatan" : "Mempawah Timur",
  "kelurahan" : "Parit Banjar",
  "kodepos" : "78919"
}, {
  "kecamatan" : "Mempawah Hilir",
  "kelurahan" : "Malikian",
  "kodepos" : "78919"
}, {
  "kecamatan" : "Mempawah Timur",
  "kelurahan" : "Antibar",
  "kodepos" : "78917"
}, {
  "kecamatan" : "Mempawah Timur",
  "kelurahan" : "Pulau Pedalaman",
  "kodepos" : "78917"
}, {
  "kecamatan" : "Mempawah Timur",
  "kelurahan" : "Pasir Wan Salim",
  "kodepos" : "78915"
}, {
  "kecamatan" : "Mempawah Timur",
  "kelurahan" : "Pasir Palembang",
  "kodepos" : "78916"
}, {
  "kecamatan" : "Mempawah Timur",
  "kelurahan" : "Pasir Panjang",
  "kodepos" : "78915"
}, {
  "kecamatan" : "Mempawah Hilir",
  "kelurahan" : "Tanjung",
  "kodepos" : "78913"
}, {
  "kecamatan" : "Mempawah Hilir",
  "kelurahan" : "Kuala Secapah",
  "kodepos" : "78914"
}, {
  "kecamatan" : "Mempawah Hilir",
  "kelurahan" : "Tengah",
  "kodepos" : "78911"
}, {
  "kecamatan" : "Mempawah Hilir",
  "kelurahan" : "Terusan",
  "kodepos" : "78912"
}, {
  "kecamatan" : "Sei/Sungai Kunyit",
  "kelurahan" : "Semparong Parit Raden",
  "kodepos" : "78371"
}, {
  "kecamatan" : "Sei/Sungai Kunyit",
  "kelurahan" : "Semudun",
  "kodepos" : "78371"
}, {
  "kecamatan" : "Sei/Sungai Kunyit",
  "kelurahan" : "Sei/Sungai Kunyit Laut",
  "kodepos" : "78371"
}, {
  "kecamatan" : "Sei/Sungai Kunyit",
  "kelurahan" : "Sei/Sungai Limau",
  "kodepos" : "78371"
}, {
  "kecamatan" : "Sei/Sungai Kunyit",
  "kelurahan" : "Sei/Sungai Kunyit Hulu",
  "kodepos" : "78371"
}, {
  "kecamatan" : "Sei/Sungai Kunyit",
  "kelurahan" : "Sei/Sungai Duri II (Dua)",
  "kodepos" : "78371"
}, {
  "kecamatan" : "Sei/Sungai Kunyit",
  "kelurahan" : "Sei/Sungai Kunyit Dalam",
  "kodepos" : "78371"
}, {
  "kecamatan" : "Sei/Sungai Kunyit",
  "kelurahan" : "Sei/Sungai Dungun",
  "kodepos" : "78371"
}, {
  "kecamatan" : "Sei/Sungai Kunyit",
  "kelurahan" : "Sei/Sungai Duri I (Satu)",
  "kodepos" : "78371"
}, {
  "kecamatan" : "Sei/Sungai Kunyit",
  "kelurahan" : "Mendalok",
  "kodepos" : "78371"
}, {
  "kecamatan" : "Sei/Sungai Kunyit",
  "kelurahan" : "Sei/Sungai Bundung Laut",
  "kodepos" : "78371"
}, {
  "kecamatan" : "Sei/Sungai Kunyit",
  "kelurahan" : "Bukit Batu",
  "kodepos" : "78371"
}, {
  "kecamatan" : "Toho",
  "kelurahan" : "Terap",
  "kodepos" : "78361"
}, {
  "kecamatan" : "Toho",
  "kelurahan" : "Toho Ilir",
  "kodepos" : "78361"
}, {
  "kecamatan" : "Sadaniang",
  "kelurahan" : "Suak Berangan/Barangan",
  "kodepos" : "78361"
}, {
  "kecamatan" : "Toho",
  "kelurahan" : "Sembora/Samboro",
  "kodepos" : "78361"
}, {
  "kecamatan" : "Toho",
  "kelurahan" : "Sepang",
  "kodepos" : "78361"
}, {
  "kecamatan" : "Sadaniang",
  "kelurahan" : "Pentek",
  "kodepos" : "78361"
}, {
  "kecamatan" : "Sadaniang",
  "kelurahan" : "Sekabuk",
  "kodepos" : "78361"
}, {
  "kecamatan" : "Toho",
  "kelurahan" : "Pak Laheng",
  "kodepos" : "78361"
}, {
  "kecamatan" : "Toho",
  "kelurahan" : "Pakutan",
  "kodepos" : "78361"
}, {
  "kecamatan" : "Toho",
  "kelurahan" : "Kecurit",
  "kodepos" : "78361"
}, {
  "kecamatan" : "Sadaniang",
  "kelurahan" : "Bumbun/Bunbun",
  "kodepos" : "78361"
}, {
  "kecamatan" : "Toho",
  "kelurahan" : "Benuang",
  "kodepos" : "78361"
}, {
  "kecamatan" : "Sadaniang",
  "kelurahan" : "Ansiap",
  "kodepos" : "78361"
}, {
  "kecamatan" : "Sadaniang",
  "kelurahan" : "Amawang/Amawaking",
  "kodepos" : "78361"
}, {
  "kecamatan" : "Sei/Sungai Pinyuh",
  "kelurahan" : "Sei/Sungai Purun Kecil",
  "kodepos" : "78353"
}, {
  "kecamatan" : "Sei/Sungai Pinyuh",
  "kelurahan" : "Sei/Sungai Rasau",
  "kodepos" : "78353"
}, {
  "kecamatan" : "Sei/Sungai Pinyuh",
  "kelurahan" : "Sei/Sungai Pinyuh",
  "kodepos" : "78353"
}, {
  "kecamatan" : "Sei/Sungai Pinyuh",
  "kelurahan" : "Sei/Sungai Batang",
  "kodepos" : "78353"
}, {
  "kecamatan" : "Sei/Sungai Pinyuh",
  "kelurahan" : "Sei/Sungai Bakau Besar Laut",
  "kodepos" : "78353"
}, {
  "kecamatan" : "Sei/Sungai Pinyuh",
  "kelurahan" : "Sei/Sungai Bakau Besar Darat",
  "kodepos" : "78353"
}, {
  "kecamatan" : "Anjongan",
  "kelurahan" : "Pak Bulu",
  "kodepos" : "78353"
}, {
  "kecamatan" : "Sei/Sungai Pinyuh",
  "kelurahan" : "Peniraman",
  "kodepos" : "78353"
}, {
  "kecamatan" : "Sei/Sungai Pinyuh",
  "kelurahan" : "Nusapati",
  "kodepos" : "78353"
}, {
  "kecamatan" : "Anjongan",
  "kelurahan" : "Kepayang",
  "kodepos" : "78353"
}, {
  "kecamatan" : "Sei/Sungai Pinyuh",
  "kelurahan" : "Jalan Galang",
  "kodepos" : "78353"
}, {
  "kecamatan" : "Anjongan",
  "kelurahan" : "Dema",
  "kodepos" : "78353"
}, {
  "kecamatan" : "Anjongan",
  "kelurahan" : "Anjungan Dalam",
  "kodepos" : "78353"
}, {
  "kecamatan" : "Anjongan",
  "kelurahan" : "Anjungan Melancar",
  "kodepos" : "78353"
}, {
  "kecamatan" : "Siantan",
  "kelurahan" : "Wajo Hulu",
  "kodepos" : "78351"
}, {
  "kecamatan" : "Siantan",
  "kelurahan" : "Wajo Hilir",
  "kodepos" : "78351"
}, {
  "kecamatan" : "Segedong",
  "kelurahan" : "Sei/Sungai Burung",
  "kodepos" : "78351"
}, {
  "kecamatan" : "Siantan",
  "kelurahan" : "Sei/Sungai Nipah",
  "kodepos" : "78351"
}, {
  "kecamatan" : "Segedong",
  "kelurahan" : "Purun Besar (Sungai Purun Besar)",
  "kodepos" : "78351"
}, {
  "kecamatan" : "Segedong",
  "kelurahan" : "Peniti Dalam II (Dua)",
  "kodepos" : "78351"
}, {
  "kecamatan" : "Siantan",
  "kelurahan" : "Peniti Luar",
  "kodepos" : "78351"
}, {
  "kecamatan" : "Segedong",
  "kelurahan" : "Peniti Besar",
  "kodepos" : "78351"
}, {
  "kecamatan" : "Segedong",
  "kelurahan" : "Peniti Dalam I (Satu)",
  "kodepos" : "78351"
}, {
  "kecamatan" : "Segedong",
  "kelurahan" : "Parit Bugis",
  "kodepos" : "78351"
}, {
  "kecamatan" : "Siantan",
  "kelurahan" : "Jungkat",
  "kodepos" : "78351"
}, {
  "kecamatan" : "Pontianak Utara",
  "kelurahan" : "Batu Layang",
  "kodepos" : "78244"
}, {
  "kecamatan" : "Pontianak Utara",
  "kelurahan" : "Siantan Tengah",
  "kodepos" : "78242"
}, {
  "kecamatan" : "Pontianak Utara",
  "kelurahan" : "Siantan Hilir",
  "kodepos" : "78243"
}, {
  "kecamatan" : "Pontianak Utara",
  "kelurahan" : "Siantan Hulu",
  "kodepos" : "78241"
}, {
  "kecamatan" : "Pontianak Timur",
  "kelurahan" : "Tanjung Hilir",
  "kodepos" : "78236"
}, {
  "kecamatan" : "Pontianak Timur",
  "kelurahan" : "Tambelan Sampit",
  "kodepos" : "78234"
}, {
  "kecamatan" : "Pontianak Timur",
  "kelurahan" : "Dalam Bugis",
  "kodepos" : "78235"
}, {
  "kecamatan" : "Pontianak Timur",
  "kelurahan" : "Parit Mayor",
  "kodepos" : "78231"
}, {
  "kecamatan" : "Pontianak Timur",
  "kelurahan" : "Banjar Serasan",
  "kodepos" : "78233"
}, {
  "kecamatan" : "Pontianak Timur",
  "kelurahan" : "Saigon",
  "kodepos" : "78132"
}, {
  "kecamatan" : "Pontianak Timur",
  "kelurahan" : "Tanjung Hulu",
  "kodepos" : "78137"
}, {
  "kecamatan" : "Pontianak Tenggara",
  "kelurahan" : "Bansir Laut",
  "kodepos" : "78124"
}, {
  "kecamatan" : "Pontianak Tenggara",
  "kelurahan" : "Bangka Belitung Darat",
  "kodepos" : "78124"
}, {
  "kecamatan" : "Pontianak Tenggara",
  "kelurahan" : "Bangka Belitung Laut",
  "kodepos" : "78124"
}, {
  "kecamatan" : "Pontianak Tenggara",
  "kelurahan" : "Bansir Darat",
  "kodepos" : "78124"
}, {
  "kecamatan" : "Pontianak Selatan",
  "kelurahan" : "Benua Melayu Laut",
  "kodepos" : "78123"
}, {
  "kecamatan" : "Pontianak Selatan",
  "kelurahan" : "Benua Melayu Darat",
  "kodepos" : "78122"
}, {
  "kecamatan" : "Pontianak Selatan",
  "kelurahan" : "Kota Baru",
  "kodepos" : "78121"
}, {
  "kecamatan" : "Pontianak Selatan",
  "kelurahan" : "Parit Tokaya",
  "kodepos" : "78121"
}, {
  "kecamatan" : "Pontianak Selatan",
  "kelurahan" : "Akcaya",
  "kodepos" : "78121"
}, {
  "kecamatan" : "Pontianak Kota",
  "kelurahan" : "Darat Sekip",
  "kodepos" : "78117"
}, {
  "kecamatan" : "Pontianak Barat",
  "kelurahan" : "Sei/Sungai Beliung",
  "kodepos" : "78117"
}, {
  "kecamatan" : "Pontianak Kota",
  "kelurahan" : "Sei/Sungai Bangkong",
  "kodepos" : "78116"
}, {
  "kecamatan" : "Pontianak Barat",
  "kelurahan" : "Sei/Sungai Jawi Dalam",
  "kodepos" : "78115"
}, {
  "kecamatan" : "Pontianak Kota",
  "kelurahan" : "Sei/Sungai Bangkong",
  "kodepos" : "78116"
}, {
  "kecamatan" : "Pontianak Barat",
  "kelurahan" : "Sei/Sungai Jawi Luar",
  "kodepos" : "78113"
}, {
  "kecamatan" : "Pontianak Kota",
  "kelurahan" : "Mariana",
  "kodepos" : "78112"
}, {
  "kecamatan" : "Pontianak Kota",
  "kelurahan" : "Sei/Sungai Jawi",
  "kodepos" : "78113"
}, {
  "kecamatan" : "Pontianak Kota",
  "kelurahan" : "Tengah",
  "kodepos" : "78111"
} ]
