[ {
  "kecamatan" : "Pemali",
  "kelurahan" : "Air Ruai",
  "kodepos" : "33255"
}, {
  "kecamatan" : "Pemali",
  "kelurahan" : "Karya Makmur",
  "kodepos" : "33255"
}, {
  "kecamatan" : "Pemali",
  "kelurahan" : "Pemali",
  "kodepos" : "33255"
}, {
  "kecamatan" : "Riau Silip",
  "kelurahan" : "Silip",
  "kodepos" : "33253"
}, {
  "kecamatan" : "Pemali",
  "kelurahan" : "Air Duren",
  "kodepos" : "33255"
}, {
  "kecamatan" : "Riau Silip",
  "kelurahan" : "Riau",
  "kodepos" : "33253"
}, {
  "kecamatan" : "Belinyu",
  "kelurahan" : "Riding Panjang",
  "kodepos" : "33253"
}, {
  "kecamatan" : "Riau Silip",
  "kelurahan" : "Pugul",
  "kodepos" : "33253"
}, {
  "kecamatan" : "Riau Silip",
  "kelurahan" : "Mapur",
  "kodepos" : "33253"
}, {
  "kecamatan" : "Riau Silip",
  "kelurahan" : "Pangkal Niur",
  "kodepos" : "33253"
}, {
  "kecamatan" : "Belinyu",
  "kelurahan" : "Gunung Pelawan",
  "kodepos" : "33253"
}, {
  "kecamatan" : "Belinyu",
  "kelurahan" : "Kuto Panji",
  "kodepos" : "33253"
}, {
  "kecamatan" : "Belinyu",
  "kelurahan" : "Lumut",
  "kodepos" : "33253"
}, {
  "kecamatan" : "Belinyu",
  "kelurahan" : "Gunung Muda",
  "kodepos" : "33253"
}, {
  "kecamatan" : "Riau Silip",
  "kelurahan" : "Deniang",
  "kodepos" : "33253"
}, {
  "kecamatan" : "Belinyu",
  "kelurahan" : "Bukit Ketok",
  "kodepos" : "33253"
}, {
  "kecamatan" : "Riau Silip",
  "kelurahan" : "Cit",
  "kodepos" : "33253"
}, {
  "kecamatan" : "Belinyu",
  "kelurahan" : "Bintet",
  "kodepos" : "33253"
}, {
  "kecamatan" : "Riau Silip",
  "kelurahan" : "Berbura",
  "kodepos" : "33253"
}, {
  "kecamatan" : "Belinyu",
  "kelurahan" : "Air Jukung",
  "kodepos" : "33253"
}, {
  "kecamatan" : "Riau Silip",
  "kelurahan" : "Banyu Asin",
  "kodepos" : "33253"
}, {
  "kecamatan" : "Bakam",
  "kelurahan" : "Neknang",
  "kodepos" : "33252"
}, {
  "kecamatan" : "Bakam",
  "kelurahan" : "Tiang Tara",
  "kodepos" : "33252"
}, {
  "kecamatan" : "Bakam",
  "kelurahan" : "Mangka",
  "kodepos" : "33252"
}, {
  "kecamatan" : "Bakam",
  "kelurahan" : "Maras Senang",
  "kodepos" : "33252"
}, {
  "kecamatan" : "Bakam",
  "kelurahan" : "Mabat",
  "kodepos" : "33252"
}, {
  "kecamatan" : "Bakam",
  "kelurahan" : "Bukit Layang",
  "kodepos" : "33252"
}, {
  "kecamatan" : "Bakam",
  "kelurahan" : "Dalil",
  "kodepos" : "33252"
}, {
  "kecamatan" : "Bakam",
  "kelurahan" : "Kapuk",
  "kodepos" : "33252"
}, {
  "kecamatan" : "Bakam",
  "kelurahan" : "Bakam",
  "kodepos" : "33252"
}, {
  "kecamatan" : "Pemali",
  "kelurahan" : "Penyamun",
  "kodepos" : "33251"
}, {
  "kecamatan" : "Pemali",
  "kelurahan" : "Sempan",
  "kodepos" : "33251"
}, {
  "kecamatan" : "Sungai Liat",
  "kelurahan" : "Parit Padang",
  "kodepos" : "33215"
}, {
  "kecamatan" : "Sungai Liat",
  "kelurahan" : "Sinar Baru",
  "kodepos" : "33212"
}, {
  "kecamatan" : "Sungai Liat",
  "kelurahan" : "Kudai (Kuday)",
  "kodepos" : "33213"
}, {
  "kecamatan" : "Sungai Liat",
  "kelurahan" : "Srimenanti",
  "kodepos" : "33214"
}, {
  "kecamatan" : "Sungai Liat",
  "kelurahan" : "Kenanga",
  "kodepos" : "33211"
}, {
  "kecamatan" : "Sungai Liat",
  "kelurahan" : "Rebo",
  "kodepos" : "33211"
}, {
  "kecamatan" : "Sungai Liat",
  "kelurahan" : "Sungailiat",
  "kodepos" : "33211"
}, {
  "kecamatan" : "Puding Besar",
  "kelurahan" : "Saing",
  "kodepos" : "33179"
}, {
  "kecamatan" : "Puding Besar",
  "kelurahan" : "Tanah Bawah",
  "kodepos" : "33179"
}, {
  "kecamatan" : "Puding Besar",
  "kelurahan" : "Nibung",
  "kodepos" : "33179"
}, {
  "kecamatan" : "Puding Besar",
  "kelurahan" : "Pudingbesar",
  "kodepos" : "33179"
}, {
  "kecamatan" : "Puding Besar",
  "kelurahan" : "Labu",
  "kodepos" : "33179"
}, {
  "kecamatan" : "Puding Besar",
  "kelurahan" : "Kayu Besi",
  "kodepos" : "33179"
}, {
  "kecamatan" : "Puding Besar",
  "kelurahan" : "Kota Waringin",
  "kodepos" : "33179"
}, {
  "kecamatan" : "Mendo Barat",
  "kelurahan" : "Petaling Banjar",
  "kodepos" : "33173"
}, {
  "kecamatan" : "Mendo Barat",
  "kelurahan" : "Rukam",
  "kodepos" : "33173"
}, {
  "kecamatan" : "Mendo Barat",
  "kelurahan" : "Zed",
  "kodepos" : "33173"
}, {
  "kecamatan" : "Mendo Barat",
  "kelurahan" : "Penagan",
  "kodepos" : "33173"
}, {
  "kecamatan" : "Mendo Barat",
  "kelurahan" : "Petaling",
  "kodepos" : "33173"
}, {
  "kecamatan" : "Mendo Barat",
  "kelurahan" : "Mendo (Menduk)",
  "kodepos" : "33173"
}, {
  "kecamatan" : "Mendo Barat",
  "kelurahan" : "Payabenua",
  "kodepos" : "33173"
}, {
  "kecamatan" : "Mendo Barat",
  "kelurahan" : "Kota Kapur",
  "kodepos" : "33173"
}, {
  "kecamatan" : "Mendo Barat",
  "kelurahan" : "Labuh Air Pandan",
  "kodepos" : "33173"
}, {
  "kecamatan" : "Mendo Barat",
  "kelurahan" : "Kace Timur",
  "kodepos" : "33173"
}, {
  "kecamatan" : "Mendo Barat",
  "kelurahan" : "Kemuja",
  "kodepos" : "33173"
}, {
  "kecamatan" : "Mendo Barat",
  "kelurahan" : "Cengkong Abang",
  "kodepos" : "33173"
}, {
  "kecamatan" : "Mendo Barat",
  "kelurahan" : "Kace",
  "kodepos" : "33173"
}, {
  "kecamatan" : "Mendo Barat",
  "kelurahan" : "Air Buluh",
  "kodepos" : "33173"
}, {
  "kecamatan" : "Mendo Barat",
  "kelurahan" : "Air Duren",
  "kodepos" : "33173"
}, {
  "kecamatan" : "Merawang",
  "kelurahan" : "Pagarawan",
  "kodepos" : "33172"
}, {
  "kecamatan" : "Merawang",
  "kelurahan" : "Riding Panjang",
  "kodepos" : "33172"
}, {
  "kecamatan" : "Merawang",
  "kelurahan" : "Kimak",
  "kodepos" : "33172"
}, {
  "kecamatan" : "Merawang",
  "kelurahan" : "Merawang",
  "kodepos" : "33172"
}, {
  "kecamatan" : "Merawang",
  "kelurahan" : "Jada Bahrin",
  "kodepos" : "33172"
}, {
  "kecamatan" : "Merawang",
  "kelurahan" : "Jurung",
  "kodepos" : "33172"
}, {
  "kecamatan" : "Merawang",
  "kelurahan" : "Baturusa",
  "kodepos" : "33172"
}, {
  "kecamatan" : "Merawang",
  "kelurahan" : "Dwi Makmur",
  "kodepos" : "33172"
}, {
  "kecamatan" : "Merawang",
  "kelurahan" : "Air Anyir",
  "kodepos" : "33172"
}, {
  "kecamatan" : "Merawang",
  "kelurahan" : "Balun Ijuk",
  "kodepos" : "33172"
} ]
