[ {
  "kecamatan" : "Jelai Hulu",
  "kelurahan" : "Tebing Beseri",
  "kodepos" : "78876"
}, {
  "kecamatan" : "Jelai Hulu",
  "kelurahan" : "Teluk Runjai",
  "kodepos" : "78876"
}, {
  "kecamatan" : "Jelai Hulu",
  "kelurahan" : "Semantun",
  "kodepos" : "78876"
}, {
  "kecamatan" : "Jelai Hulu",
  "kelurahan" : "Sidahari",
  "kodepos" : "78876"
}, {
  "kecamatan" : "Jelai Hulu",
  "kelurahan" : "Tanggerang",
  "kodepos" : "78876"
}, {
  "kecamatan" : "Jelai Hulu",
  "kelurahan" : "Rangga Intan",
  "kodepos" : "78876"
}, {
  "kecamatan" : "Jelai Hulu",
  "kelurahan" : "Riam Danau Kanan",
  "kodepos" : "78876"
}, {
  "kecamatan" : "Jelai Hulu",
  "kelurahan" : "Penyarang",
  "kodepos" : "78876"
}, {
  "kecamatan" : "Jelai Hulu",
  "kelurahan" : "Periangan",
  "kodepos" : "78876"
}, {
  "kecamatan" : "Jelai Hulu",
  "kelurahan" : "Pangkaln Suka",
  "kodepos" : "78876"
}, {
  "kecamatan" : "Jelai Hulu",
  "kelurahan" : "Pasir Mayang",
  "kodepos" : "78876"
}, {
  "kecamatan" : "Jelai Hulu",
  "kelurahan" : "Kusik Batu Lapu",
  "kodepos" : "78876"
}, {
  "kecamatan" : "Jelai Hulu",
  "kelurahan" : "Limpang",
  "kodepos" : "78876"
}, {
  "kecamatan" : "Jelai Hulu",
  "kelurahan" : "Kesuma Jaya",
  "kodepos" : "78876"
}, {
  "kecamatan" : "Jelai Hulu",
  "kelurahan" : "Karang Dangin",
  "kodepos" : "78876"
}, {
  "kecamatan" : "Jelai Hulu",
  "kelurahan" : "Biku Sarana",
  "kodepos" : "78876"
}, {
  "kecamatan" : "Jelai Hulu",
  "kelurahan" : "Deranuk",
  "kodepos" : "78876"
}, {
  "kecamatan" : "Jelai Hulu",
  "kelurahan" : "Air Dua",
  "kodepos" : "78876"
}, {
  "kecamatan" : "Jelai Hulu",
  "kelurahan" : "Asam Jelai",
  "kodepos" : "78876"
}, {
  "kecamatan" : "Pemahan",
  "kelurahan" : "Usaha Baru",
  "kodepos" : "78874"
}, {
  "kecamatan" : "Tumbang Titi",
  "kelurahan" : "Titi Baru",
  "kodepos" : "78874"
}, {
  "kecamatan" : "Tumbang Titi",
  "kelurahan" : "Tumbang Titi",
  "kodepos" : "78874"
}, {
  "kecamatan" : "Sungai Melayu Rayak",
  "kelurahan" : "Suka Mulia/Mulya",
  "kodepos" : "78874"
}, {
  "kecamatan" : "Tumbang Titi",
  "kelurahan" : "Tanjung Beulang",
  "kodepos" : "78874"
}, {
  "kecamatan" : "Tumbang Titi",
  "kelurahan" : "Tanjung Maloi",
  "kodepos" : "78874"
}, {
  "kecamatan" : "Tumbang Titi",
  "kelurahan" : "Serengkah Kanan",
  "kodepos" : "78874"
}, {
  "kecamatan" : "Tumbang Titi",
  "kelurahan" : "Suka Damai",
  "kodepos" : "78874"
}, {
  "kecamatan" : "Tumbang Titi",
  "kelurahan" : "Sepauhan Jaya",
  "kodepos" : "78874"
}, {
  "kecamatan" : "Tumbang Titi",
  "kelurahan" : "Serengkah",
  "kodepos" : "78874"
}, {
  "kecamatan" : "Tumbang Titi",
  "kelurahan" : "Sengkaharak",
  "kodepos" : "78874"
}, {
  "kecamatan" : "Pemahan",
  "kelurahan" : "Semayok Baru",
  "kodepos" : "78874"
}, {
  "kecamatan" : "Sungai Melayu Rayak",
  "kelurahan" : "Sei/Sungai Melayu Baru",
  "kodepos" : "78874"
}, {
  "kecamatan" : "Sungai Melayu Rayak",
  "kelurahan" : "Sei/Sungai Melayu Jaya",
  "kodepos" : "78874"
}, {
  "kecamatan" : "Sungai Melayu Rayak",
  "kelurahan" : "Sei/Sungai Melayu",
  "kodepos" : "78874"
}, {
  "kecamatan" : "Tumbang Titi",
  "kelurahan" : "Segar Wangi",
  "kodepos" : "78874"
}, {
  "kecamatan" : "Tumbang Titi",
  "kelurahan" : "Petebang Jaya",
  "kodepos" : "78874"
}, {
  "kecamatan" : "Sungai Melayu Rayak",
  "kelurahan" : "Piansak",
  "kodepos" : "78874"
}, {
  "kecamatan" : "Tumbang Titi",
  "kelurahan" : "Pemuatan Jaya",
  "kodepos" : "78874"
}, {
  "kecamatan" : "Tumbang Titi",
  "kelurahan" : "Pengatapan Raya",
  "kodepos" : "78874"
}, {
  "kecamatan" : "Pemahan",
  "kelurahan" : "Pebihingan",
  "kodepos" : "78874"
}, {
  "kecamatan" : "Tumbang Titi",
  "kelurahan" : "Nanga Kelampai",
  "kodepos" : "78874"
}, {
  "kecamatan" : "Tumbang Titi",
  "kelurahan" : "Natai Panjang",
  "kodepos" : "78874"
}, {
  "kecamatan" : "Pemahan",
  "kelurahan" : "Muara Gerunggang",
  "kodepos" : "78874"
}, {
  "kecamatan" : "Tumbang Titi",
  "kelurahan" : "Mahawa",
  "kodepos" : "78874"
}, {
  "kecamatan" : "Sungai Melayu Rayak",
  "kelurahan" : "Makmur Abadi",
  "kodepos" : "78874"
}, {
  "kecamatan" : "Sungai Melayu Rayak",
  "kelurahan" : "Mekar Jaya",
  "kodepos" : "78874"
}, {
  "kecamatan" : "Pemahan",
  "kelurahan" : "Lalang Panjang",
  "kodepos" : "78874"
}, {
  "kecamatan" : "Sungai Melayu Rayak",
  "kelurahan" : "Karya Mukti",
  "kodepos" : "78874"
}, {
  "kecamatan" : "Sungai Melayu Rayak",
  "kelurahan" : "Kepuluk",
  "kodepos" : "78874"
}, {
  "kecamatan" : "Tumbang Titi",
  "kelurahan" : "Jelayan",
  "kodepos" : "78874"
}, {
  "kecamatan" : "Tumbang Titi",
  "kelurahan" : "Jungkal",
  "kodepos" : "78874"
}, {
  "kecamatan" : "Tumbang Titi",
  "kelurahan" : "Kalimas Baru",
  "kodepos" : "78874"
}, {
  "kecamatan" : "Tumbang Titi",
  "kelurahan" : "Beringin Rayo",
  "kodepos" : "78874"
}, {
  "kecamatan" : "Sungai Melayu Rayak",
  "kelurahan" : "Jairan Jaya",
  "kodepos" : "78874"
}, {
  "kecamatan" : "Tumbang Titi",
  "kelurahan" : "Belaban Tujuh",
  "kodepos" : "78874"
}, {
  "kecamatan" : "Sungai Melayu Rayak",
  "kelurahan" : "Beringin Jaya",
  "kodepos" : "78874"
}, {
  "kecamatan" : "Tumbang Titi",
  "kelurahan" : "Batu Tajam",
  "kodepos" : "78874"
}, {
  "kecamatan" : "Tumbang Titi",
  "kelurahan" : "Aur Gading",
  "kodepos" : "78874"
}, {
  "kecamatan" : "Tumbang Titi",
  "kelurahan" : "Batu Beransah",
  "kodepos" : "78874"
}, {
  "kecamatan" : "Nanga Tayap",
  "kelurahan" : "Simpang Tiga Sembelangaan",
  "kodepos" : "78873"
}, {
  "kecamatan" : "Nanga Tayap",
  "kelurahan" : "Tajok Kayong",
  "kodepos" : "78873"
}, {
  "kecamatan" : "Nanga Tayap",
  "kelurahan" : "Sepakat Jaya",
  "kodepos" : "78873"
}, {
  "kecamatan" : "Nanga Tayap",
  "kelurahan" : "Siantau Raya",
  "kodepos" : "78873"
}, {
  "kecamatan" : "Nanga Tayap",
  "kelurahan" : "Pateh Benteng",
  "kodepos" : "78873"
}, {
  "kecamatan" : "Nanga Tayap",
  "kelurahan" : "Sebadak Raya",
  "kodepos" : "78873"
}, {
  "kecamatan" : "Nanga Tayap",
  "kelurahan" : "Sei/Sungai Kelik",
  "kodepos" : "78873"
}, {
  "kecamatan" : "Nanga Tayap",
  "kelurahan" : "Pangkalan Suka",
  "kodepos" : "78873"
}, {
  "kecamatan" : "Nanga Tayap",
  "kelurahan" : "Pangkalan Teluk/Telok",
  "kodepos" : "78873"
}, {
  "kecamatan" : "Nanga Tayap",
  "kelurahan" : "Mensubang",
  "kodepos" : "78873"
}, {
  "kecamatan" : "Nanga Tayap",
  "kelurahan" : "Nanga Tayap",
  "kodepos" : "78873"
}, {
  "kecamatan" : "Nanga Tayap",
  "kelurahan" : "Lembah Hijau II",
  "kodepos" : "78873"
}, {
  "kecamatan" : "Nanga Tayap",
  "kelurahan" : "Kayong Utara",
  "kodepos" : "78873"
}, {
  "kecamatan" : "Nanga Tayap",
  "kelurahan" : "Lembah Hijau I",
  "kodepos" : "78873"
}, {
  "kecamatan" : "Nanga Tayap",
  "kelurahan" : "Cegolak",
  "kodepos" : "78873"
}, {
  "kecamatan" : "Nanga Tayap",
  "kelurahan" : "Kayong Hulu",
  "kodepos" : "78873"
}, {
  "kecamatan" : "Nanga Tayap",
  "kelurahan" : "Batumas",
  "kodepos" : "78873"
}, {
  "kecamatan" : "Nanga Tayap",
  "kelurahan" : "Betenung",
  "kodepos" : "78873"
}, {
  "kecamatan" : "Sungai Laur",
  "kelurahan" : "Teluk Mutiara",
  "kodepos" : "78872"
}, {
  "kecamatan" : "Sungai Laur",
  "kelurahan" : "Tanjung Maju",
  "kodepos" : "78872"
}, {
  "kecamatan" : "Sungai Laur",
  "kelurahan" : "Teluk Bayur",
  "kodepos" : "78872"
}, {
  "kecamatan" : "Sungai Laur",
  "kelurahan" : "Sungai Daka",
  "kodepos" : "78872"
}, {
  "kecamatan" : "Sungai Laur",
  "kelurahan" : "Tanjung Beringin",
  "kodepos" : "78872"
}, {
  "kecamatan" : "Sungai Laur",
  "kelurahan" : "Sepotong",
  "kodepos" : "78872"
}, {
  "kecamatan" : "Sungai Laur",
  "kelurahan" : "Sinar Kuri",
  "kodepos" : "78872"
}, {
  "kecamatan" : "Sungai Laur",
  "kelurahan" : "Sukaramai",
  "kodepos" : "78872"
}, {
  "kecamatan" : "Sungai Laur",
  "kelurahan" : "Sempurna",
  "kodepos" : "78872"
}, {
  "kecamatan" : "Sungai Laur",
  "kelurahan" : "Randau Limat",
  "kodepos" : "78872"
}, {
  "kecamatan" : "Sungai Laur",
  "kelurahan" : "Riam Bunut",
  "kodepos" : "78872"
}, {
  "kecamatan" : "Sungai Laur",
  "kelurahan" : "Selangkut Raya",
  "kodepos" : "78872"
}, {
  "kecamatan" : "Sungai Laur",
  "kelurahan" : "Lanjut Mekar Sari",
  "kodepos" : "78872"
}, {
  "kecamatan" : "Sungai Laur",
  "kelurahan" : "Mekar Harapan",
  "kodepos" : "78872"
}, {
  "kecamatan" : "Sungai Laur",
  "kelurahan" : "Harapan Baru",
  "kodepos" : "78872"
}, {
  "kecamatan" : "Sungai Laur",
  "kelurahan" : "Kepari",
  "kodepos" : "78872"
}, {
  "kecamatan" : "Sungai Laur",
  "kelurahan" : "Banyun Sari",
  "kodepos" : "78872"
}, {
  "kecamatan" : "Sungai Laur",
  "kelurahan" : "Bengaras",
  "kodepos" : "78872"
}, {
  "kecamatan" : "Hulu Sungai",
  "kelurahan" : "Senduruhan",
  "kodepos" : "78871"
}, {
  "kecamatan" : "Hulu Sungai",
  "kelurahan" : "Sungai Bengaras",
  "kodepos" : "78871"
}, {
  "kecamatan" : "Sandai",
  "kelurahan" : "Sandai Kiri",
  "kodepos" : "78871"
}, {
  "kecamatan" : "Hulu Sungai",
  "kelurahan" : "Sekunkun",
  "kodepos" : "78871"
}, {
  "kecamatan" : "Hulu Sungai",
  "kelurahan" : "Riam Dadap",
  "kodepos" : "78871"
}, {
  "kecamatan" : "Sandai",
  "kelurahan" : "Sandai Kanan",
  "kodepos" : "78871"
}, {
  "kecamatan" : "Sandai",
  "kelurahan" : "Randau",
  "kodepos" : "78871"
}, {
  "kecamatan" : "Sandai",
  "kelurahan" : "Randau Jungkal",
  "kodepos" : "78871"
}, {
  "kecamatan" : "Sandai",
  "kelurahan" : "Penjawaan",
  "kodepos" : "78871"
}, {
  "kecamatan" : "Sandai",
  "kelurahan" : "Petai Patah",
  "kodepos" : "78871"
}, {
  "kecamatan" : "Sandai",
  "kelurahan" : "Muara Jekak",
  "kodepos" : "78871"
}, {
  "kecamatan" : "Sandai",
  "kelurahan" : "Pendamaran Indah",
  "kodepos" : "78871"
}, {
  "kecamatan" : "Sandai",
  "kelurahan" : "Merimbang Jaya",
  "kodepos" : "78871"
}, {
  "kecamatan" : "Hulu Sungai",
  "kelurahan" : "Menyumbung",
  "kodepos" : "78871"
}, {
  "kecamatan" : "Hulu Sungai",
  "kelurahan" : "Krio Hulu",
  "kodepos" : "78871"
}, {
  "kecamatan" : "Hulu Sungai",
  "kelurahan" : "Lubuk Kakap",
  "kodepos" : "78871"
}, {
  "kecamatan" : "Hulu Sungai",
  "kelurahan" : "Kenyabur",
  "kodepos" : "78871"
}, {
  "kecamatan" : "Sandai",
  "kelurahan" : "Jago Bersatu",
  "kodepos" : "78871"
}, {
  "kecamatan" : "Hulu Sungai",
  "kelurahan" : "Cinta Manis",
  "kodepos" : "78871"
}, {
  "kecamatan" : "Sandai",
  "kelurahan" : "Demit",
  "kodepos" : "78871"
}, {
  "kecamatan" : "Hulu Sungai",
  "kelurahan" : "Beginci Darat",
  "kodepos" : "78871"
}, {
  "kecamatan" : "Hulu Sungai",
  "kelurahan" : "Benua Krio",
  "kodepos" : "78871"
}, {
  "kecamatan" : "Hulu Sungai",
  "kelurahan" : "Batu Lapis",
  "kodepos" : "78871"
}, {
  "kecamatan" : "Manis Mata",
  "kelurahan" : "Terusan",
  "kodepos" : "78864"
}, {
  "kecamatan" : "Sandai",
  "kelurahan" : "Alam Pakuan",
  "kodepos" : "78871"
}, {
  "kecamatan" : "Manis Mata",
  "kelurahan" : "Sungai Buluh",
  "kodepos" : "78864"
}, {
  "kecamatan" : "Manis Mata",
  "kelurahan" : "Suak Burung",
  "kodepos" : "78864"
}, {
  "kecamatan" : "Manis Mata",
  "kelurahan" : "Suka Ramai",
  "kodepos" : "78864"
}, {
  "kecamatan" : "Manis Mata",
  "kelurahan" : "Sengkuang Merabung",
  "kodepos" : "78864"
}, {
  "kecamatan" : "Manis Mata",
  "kelurahan" : "Silat",
  "kodepos" : "78864"
}, {
  "kecamatan" : "Manis Mata",
  "kelurahan" : "Pelempangan",
  "kodepos" : "78864"
}, {
  "kecamatan" : "Manis Mata",
  "kelurahan" : "Ratu Elok",
  "kodepos" : "78864"
}, {
  "kecamatan" : "Manis Mata",
  "kelurahan" : "Seguling",
  "kodepos" : "78864"
}, {
  "kecamatan" : "Manis Mata",
  "kelurahan" : "Mekar Jaya",
  "kodepos" : "78864"
}, {
  "kecamatan" : "Manis Mata",
  "kelurahan" : "Pakit Selaba",
  "kodepos" : "78864"
}, {
  "kecamatan" : "Manis Mata",
  "kelurahan" : "Lembah Mukti",
  "kodepos" : "78864"
}, {
  "kecamatan" : "Manis Mata",
  "kelurahan" : "Manis Mata",
  "kodepos" : "78864"
}, {
  "kecamatan" : "Manis Mata",
  "kelurahan" : "Kemuning",
  "kodepos" : "78864"
}, {
  "kecamatan" : "Manis Mata",
  "kelurahan" : "Kelampai",
  "kodepos" : "78864"
}, {
  "kecamatan" : "Manis Mata",
  "kelurahan" : "Kelimantan",
  "kodepos" : "78864"
}, {
  "kecamatan" : "Manis Mata",
  "kelurahan" : "Jambi",
  "kodepos" : "78864"
}, {
  "kecamatan" : "Manis Mata",
  "kelurahan" : "Batu Sedau",
  "kodepos" : "78864"
}, {
  "kecamatan" : "Manis Mata",
  "kelurahan" : "Bukit Gajah",
  "kodepos" : "78864"
}, {
  "kecamatan" : "Manis Mata",
  "kelurahan" : "Air Dekakah",
  "kodepos" : "78864"
}, {
  "kecamatan" : "Manis Mata",
  "kelurahan" : "Asam Besar",
  "kodepos" : "78864"
}, {
  "kecamatan" : "Singkup",
  "kelurahan" : "Sukasari",
  "kodepos" : "78863"
}, {
  "kecamatan" : "Singkup",
  "kelurahan" : "Tanah Hitam",
  "kodepos" : "78863"
}, {
  "kecamatan" : "Air Upas",
  "kelurahan" : "Sukaria",
  "kodepos" : "78863"
}, {
  "kecamatan" : "Singkup",
  "kelurahan" : "Sukaraja",
  "kodepos" : "78863"
}, {
  "kecamatan" : "Marau",
  "kelurahan" : "Suka Karya",
  "kodepos" : "78863"
}, {
  "kecamatan" : "Singkup",
  "kelurahan" : "Sukaharja",
  "kodepos" : "78863"
}, {
  "kecamatan" : "Singkup",
  "kelurahan" : "Sukamulya",
  "kodepos" : "78863"
}, {
  "kecamatan" : "Marau",
  "kelurahan" : "Runjai Jaya",
  "kodepos" : "78863"
}, {
  "kecamatan" : "Air Upas",
  "kelurahan" : "Sari Bekayas",
  "kodepos" : "78863"
}, {
  "kecamatan" : "Marau",
  "kelurahan" : "Rangkong",
  "kodepos" : "78863"
}, {
  "kecamatan" : "Marau",
  "kelurahan" : "Riam Batu Gadig",
  "kodepos" : "78863"
}, {
  "kecamatan" : "Marau",
  "kelurahan" : "Planjau Jaya",
  "kodepos" : "78863"
}, {
  "kecamatan" : "Marau",
  "kelurahan" : "Randai",
  "kodepos" : "78863"
}, {
  "kecamatan" : "Singkup",
  "kelurahan" : "Pantai Ketikal",
  "kodepos" : "78863"
}, {
  "kecamatan" : "Singkup",
  "kelurahan" : "Muntai",
  "kodepos" : "78863"
}, {
  "kecamatan" : "Air Upas",
  "kelurahan" : "Mekar Jaya",
  "kodepos" : "78863"
}, {
  "kecamatan" : "Air Upas",
  "kelurahan" : "Membuluh Baru",
  "kodepos" : "78863"
}, {
  "kecamatan" : "Marau",
  "kelurahan" : "Karya Baru",
  "kodepos" : "78863"
}, {
  "kecamatan" : "Air Upas",
  "kelurahan" : "Harapan Baru",
  "kodepos" : "78863"
}, {
  "kecamatan" : "Air Upas",
  "kelurahan" : "Gahang",
  "kodepos" : "78863"
}, {
  "kecamatan" : "Singkup",
  "kelurahan" : "Bukit Kelambing",
  "kodepos" : "78863"
}, {
  "kecamatan" : "Marau",
  "kelurahan" : "Batu Payung",
  "kodepos" : "78863"
}, {
  "kecamatan" : "Marau",
  "kelurahan" : "Belaban",
  "kodepos" : "78863"
}, {
  "kecamatan" : "Air Upas",
  "kelurahan" : "Banda Sari",
  "kodepos" : "78863"
}, {
  "kecamatan" : "Marau",
  "kelurahan" : "Bantan Sari",
  "kodepos" : "78863"
}, {
  "kecamatan" : "Air Upas",
  "kelurahan" : "Air Durian Jaya",
  "kodepos" : "78863"
}, {
  "kecamatan" : "Air Upas",
  "kelurahan" : "Air Upas",
  "kodepos" : "78863"
}, {
  "kecamatan" : "Kendawangan",
  "kelurahan" : "Sungai Jelayan",
  "kodepos" : "78862"
}, {
  "kecamatan" : "Kendawangan",
  "kelurahan" : "Suka Damai",
  "kodepos" : "78862"
}, {
  "kecamatan" : "Kendawangan",
  "kelurahan" : "Suka Harapan",
  "kodepos" : "78862"
}, {
  "kecamatan" : "Kendawangan",
  "kelurahan" : "Seriam",
  "kodepos" : "78862"
}, {
  "kecamatan" : "Kendawangan",
  "kelurahan" : "Selimatan Jaya",
  "kodepos" : "78862"
}, {
  "kecamatan" : "Kendawangan",
  "kelurahan" : "Pangkalan Batu",
  "kodepos" : "78862"
}, {
  "kecamatan" : "Kendawangan",
  "kelurahan" : "Pembedilan",
  "kodepos" : "78862"
}, {
  "kecamatan" : "Kendawangan",
  "kelurahan" : "Natai Kuini",
  "kodepos" : "78862"
}, {
  "kecamatan" : "Kendawangan",
  "kelurahan" : "Kendawangan Kiri",
  "kodepos" : "78862"
}, {
  "kecamatan" : "Kendawangan",
  "kelurahan" : "Keramat Jaya",
  "kodepos" : "78862"
}, {
  "kecamatan" : "Kendawangan",
  "kelurahan" : "Mekar Utama",
  "kodepos" : "78862"
}, {
  "kecamatan" : "Kendawangan",
  "kelurahan" : "Kendawangan Kanan",
  "kodepos" : "78862"
}, {
  "kecamatan" : "Kendawangan",
  "kelurahan" : "Banjar Sari",
  "kodepos" : "78862"
}, {
  "kecamatan" : "Kendawangan",
  "kelurahan" : "Danau Buntar",
  "kodepos" : "78862"
}, {
  "kecamatan" : "Kendawangan",
  "kelurahan" : "Kedondong",
  "kodepos" : "78862"
}, {
  "kecamatan" : "Kendawangan",
  "kelurahan" : "Air Tarap",
  "kodepos" : "78862"
}, {
  "kecamatan" : "Kendawangan",
  "kelurahan" : "Bangkal Serai",
  "kodepos" : "78862"
}, {
  "kecamatan" : "Kendawangan",
  "kelurahan" : "Air Hitam Besar",
  "kodepos" : "78862"
}, {
  "kecamatan" : "Kendawangan",
  "kelurahan" : "Air Hitam Hulu",
  "kodepos" : "78862"
}, {
  "kecamatan" : "Simpang Hulu",
  "kelurahan" : "Semandang Kiri",
  "kodepos" : "78854"
}, {
  "kecamatan" : "Simpang Dua",
  "kelurahan" : "Semandang Kanan",
  "kodepos" : "78854"
}, {
  "kecamatan" : "Simpang Hulu",
  "kelurahan" : "Sekucing Labai",
  "kodepos" : "78854"
}, {
  "kecamatan" : "Simpang Hulu",
  "kelurahan" : "Semandang Hulu",
  "kodepos" : "78854"
}, {
  "kecamatan" : "Simpang Hulu",
  "kelurahan" : "Paoh Concong",
  "kodepos" : "78854"
}, {
  "kecamatan" : "Simpang Hulu",
  "kelurahan" : "Sekucing Kualan",
  "kodepos" : "78854"
}, {
  "kecamatan" : "Simpang Hulu",
  "kelurahan" : "Legong",
  "kodepos" : "78854"
}, {
  "kecamatan" : "Simpang Hulu",
  "kelurahan" : "Merawa",
  "kodepos" : "78854"
}, {
  "kecamatan" : "Simpang Dua",
  "kelurahan" : "Mekar Raya",
  "kodepos" : "78854"
}, {
  "kecamatan" : "Simpang Hulu",
  "kelurahan" : "Kualan Tengah",
  "kodepos" : "78854"
}, {
  "kecamatan" : "Simpang Hulu",
  "kelurahan" : "Labai Hilir",
  "kodepos" : "78854"
}, {
  "kecamatan" : "Simpang Hulu",
  "kelurahan" : "Kualan Hilir",
  "kodepos" : "78854"
}, {
  "kecamatan" : "Simpang Hulu",
  "kelurahan" : "Kualan Hulu",
  "kodepos" : "78854"
}, {
  "kecamatan" : "Simpang Dua",
  "kelurahan" : "Gema",
  "kodepos" : "78854"
}, {
  "kecamatan" : "Simpang Dua",
  "kelurahan" : "Kampar Sebomban",
  "kodepos" : "78854"
}, {
  "kecamatan" : "Simpang Hulu",
  "kelurahan" : "Kenanga",
  "kodepos" : "78854"
}, {
  "kecamatan" : "Simpang Dua",
  "kelurahan" : "Batu Daya",
  "kodepos" : "78854"
}, {
  "kecamatan" : "Simpang Hulu",
  "kelurahan" : "Balai Pinang Hulu",
  "kodepos" : "78854"
}, {
  "kecamatan" : "Simpang Hulu",
  "kelurahan" : "Balai Pinang",
  "kodepos" : "78854"
}, {
  "kecamatan" : "Benua Kayong",
  "kelurahan" : "Suka Baru",
  "kodepos" : "78822"
}, {
  "kecamatan" : "Benua Kayong",
  "kelurahan" : "Tuan Tuan",
  "kodepos" : "78822"
}, {
  "kecamatan" : "Matan Hilir Selatan",
  "kelurahan" : "Sei/Sungai Pelang",
  "kodepos" : "78822"
}, {
  "kecamatan" : "Matan Hilir Selatan",
  "kelurahan" : "Sei/Sungai Nanjung",
  "kodepos" : "78822"
}, {
  "kecamatan" : "Benua Kayong",
  "kelurahan" : "Sei/Sungai Kinjil",
  "kodepos" : "78822"
}, {
  "kecamatan" : "Matan Hilir Selatan",
  "kelurahan" : "Sei/Sungai Besar",
  "kodepos" : "78822"
}, {
  "kecamatan" : "Matan Hilir Selatan",
  "kelurahan" : "Sei/Sungai Jawi",
  "kodepos" : "78822"
}, {
  "kecamatan" : "Matan Hilir Selatan",
  "kelurahan" : "Pesaguan Kanan",
  "kodepos" : "78822"
}, {
  "kecamatan" : "Matan Hilir Selatan",
  "kelurahan" : "Pesaguan Kiri",
  "kodepos" : "78822"
}, {
  "kecamatan" : "Matan Hilir Selatan",
  "kelurahan" : "Sei/Sungai Bakau",
  "kodepos" : "78822"
}, {
  "kecamatan" : "Matan Hilir Selatan",
  "kelurahan" : "Pematang Gadung",
  "kodepos" : "78822"
}, {
  "kecamatan" : "Benua Kayong",
  "kelurahan" : "Padang",
  "kodepos" : "78822"
}, {
  "kecamatan" : "Matan Hilir Selatan",
  "kelurahan" : "Pagar Mentimun",
  "kodepos" : "78822"
}, {
  "kecamatan" : "Benua Kayong",
  "kelurahan" : "Mulia Kerta",
  "kodepos" : "78822"
}, {
  "kecamatan" : "Benua Kayong",
  "kelurahan" : "Negeri Baru",
  "kodepos" : "78822"
}, {
  "kecamatan" : "Benua Kayong",
  "kelurahan" : "Kinjil Pesisir",
  "kodepos" : "78822"
}, {
  "kecamatan" : "Benua Kayong",
  "kelurahan" : "Mekar Sari",
  "kodepos" : "78822"
}, {
  "kecamatan" : "Matan Hilir Selatan",
  "kelurahan" : "Kemuning Biutak",
  "kodepos" : "78822"
}, {
  "kecamatan" : "Matan Hilir Selatan",
  "kelurahan" : "Harapan Baru",
  "kodepos" : "78822"
}, {
  "kecamatan" : "Benua Kayong",
  "kelurahan" : "Baru",
  "kodepos" : "78822"
}, {
  "kecamatan" : "Benua Kayong",
  "kelurahan" : "Banjar",
  "kodepos" : "78822"
}, {
  "kecamatan" : "Muara Pawan",
  "kelurahan" : "Ulak Medang",
  "kodepos" : "78813"
}, {
  "kecamatan" : "Benua Kayong",
  "kelurahan" : "Kauman",
  "kodepos" : "78821"
}, {
  "kecamatan" : "Muara Pawan",
  "kelurahan" : "Tanjung Pura",
  "kodepos" : "78813"
}, {
  "kecamatan" : "Muara Pawan",
  "kelurahan" : "Tempurukan",
  "kodepos" : "78813"
}, {
  "kecamatan" : "Matan Hilir Utara",
  "kelurahan" : "Tanjung Baik Budi",
  "kodepos" : "78813"
}, {
  "kecamatan" : "Muara Pawan",
  "kelurahan" : "Tanjung Pasar",
  "kodepos" : "78813"
}, {
  "kecamatan" : "Delta Pawan",
  "kelurahan" : "Sukaharja",
  "kodepos" : "78813"
}, {
  "kecamatan" : "Muara Pawan",
  "kelurahan" : "Suka Maju",
  "kodepos" : "78813"
}, {
  "kecamatan" : "Delta Pawan",
  "kelurahan" : "Suka Bangun",
  "kodepos" : "78813"
}, {
  "kecamatan" : "Delta Pawan",
  "kelurahan" : "Suka Bangun Dalam",
  "kodepos" : "78813"
}, {
  "kecamatan" : "Matan Hilir Utara",
  "kelurahan" : "Sei/Sungai Putri",
  "kodepos" : "78813"
}, {
  "kecamatan" : "Muara Pawan",
  "kelurahan" : "Sei/Sungai Awan Kiri",
  "kodepos" : "78813"
}, {
  "kecamatan" : "Muara Pawan",
  "kelurahan" : "Sei/Sungai Awan Kanan",
  "kodepos" : "78813"
}, {
  "kecamatan" : "Delta Pawan",
  "kelurahan" : "Sampit",
  "kodepos" : "78813"
}, {
  "kecamatan" : "Delta Pawan",
  "kelurahan" : "Mulia Baru",
  "kodepos" : "78813"
}, {
  "kecamatan" : "Delta Pawan",
  "kelurahan" : "Payak Kumang (Paya Kumang)",
  "kodepos" : "78813"
}, {
  "kecamatan" : "Matan Hilir Utara",
  "kelurahan" : "Laman Satong",
  "kodepos" : "78813"
}, {
  "kecamatan" : "Muara Pawan",
  "kelurahan" : "Mayak",
  "kodepos" : "78813"
}, {
  "kecamatan" : "Matan Hilir Utara",
  "kelurahan" : "Kuala Satong",
  "kodepos" : "78813"
}, {
  "kecamatan" : "Matan Hilir Utara",
  "kelurahan" : "Kuala Tolak",
  "kodepos" : "78813"
}, {
  "kecamatan" : "Delta Pawan",
  "kelurahan" : "Kali Nilam",
  "kodepos" : "78813"
}, {
  "kecamatan" : "Delta Pawan",
  "kelurahan" : "Kantor",
  "kodepos" : "78811"
}, {
  "kecamatan" : "Delta Pawan",
  "kelurahan" : "Tengah",
  "kodepos" : "78812"
} ]
