[ {
  "kecamatan" : "Seponti",
  "kelurahan" : "Wonorejo",
  "kodepos" : "78857"
}, {
  "kecamatan" : "Seponti",
  "kelurahan" : "Seponti Jaya",
  "kodepos" : "78857"
}, {
  "kecamatan" : "Seponti",
  "kelurahan" : "Telaga Arum",
  "kodepos" : "78857"
}, {
  "kecamatan" : "Seponti",
  "kelurahan" : "Podo Rukun",
  "kodepos" : "78857"
}, {
  "kecamatan" : "Seponti",
  "kelurahan" : "Sei/Sungai Sepeti",
  "kodepos" : "78857"
}, {
  "kecamatan" : "Seponti",
  "kelurahan" : "Durian Sebatang",
  "kodepos" : "78857"
}, {
  "kecamatan" : "Teluk Batang",
  "kelurahan" : "Teluk Batang Selatan",
  "kodepos" : "78856"
}, {
  "kecamatan" : "Teluk Batang",
  "kelurahan" : "Teluk Batang Utara",
  "kodepos" : "78856"
}, {
  "kecamatan" : "Teluk Batang",
  "kelurahan" : "Teluk Batang",
  "kodepos" : "78856"
}, {
  "kecamatan" : "Teluk Batang",
  "kelurahan" : "Sei/Sungai Paduan",
  "kodepos" : "78856"
}, {
  "kecamatan" : "Teluk Batang",
  "kelurahan" : "Banyu Abang",
  "kodepos" : "78856"
}, {
  "kecamatan" : "Teluk Batang",
  "kelurahan" : "Mas Bangun",
  "kodepos" : "78856"
}, {
  "kecamatan" : "Pulau Maya (Pulau Maya Karimata)",
  "kelurahan" : "Tanjung Satai",
  "kodepos" : "78855"
}, {
  "kecamatan" : "Teluk Batang",
  "kelurahan" : "Alur Bandung",
  "kodepos" : "78856"
}, {
  "kecamatan" : "Kepulauan Karimata",
  "kelurahan" : "Pelapis",
  "kodepos" : "78855"
}, {
  "kecamatan" : "Pulau Maya (Pulau Maya Karimata)",
  "kelurahan" : "Satai Lestari",
  "kodepos" : "78855"
}, {
  "kecamatan" : "Pulau Maya (Pulau Maya Karimata)",
  "kelurahan" : "Kemboja (Kamboja)",
  "kodepos" : "78855"
}, {
  "kecamatan" : "Kepulauan Karimata",
  "kelurahan" : "Padang",
  "kodepos" : "78855"
}, {
  "kecamatan" : "Pulau Maya (Pulau Maya Karimata)",
  "kelurahan" : "Dusun Besar",
  "kodepos" : "78855"
}, {
  "kecamatan" : "Pulau Maya (Pulau Maya Karimata)",
  "kelurahan" : "Dusun Kecil",
  "kodepos" : "78855"
}, {
  "kecamatan" : "Kepulauan Karimata",
  "kelurahan" : "Betok Jaya",
  "kodepos" : "78855"
}, {
  "kecamatan" : "Simpang Hilir",
  "kelurahan" : "Teluk Melano",
  "kodepos" : "78853"
}, {
  "kecamatan" : "Simpang Hilir",
  "kelurahan" : "Rantau Panjang",
  "kodepos" : "78853"
}, {
  "kecamatan" : "Simpang Hilir",
  "kelurahan" : "Sei/Sungai Mata Mata",
  "kodepos" : "78853"
}, {
  "kecamatan" : "Simpang Hilir",
  "kelurahan" : "Pemangkat",
  "kodepos" : "78853"
}, {
  "kecamatan" : "Simpang Hilir",
  "kelurahan" : "Penjalaan Hilir",
  "kodepos" : "78853"
}, {
  "kecamatan" : "Simpang Hilir",
  "kelurahan" : "Pulau Kumbang",
  "kodepos" : "78853"
}, {
  "kecamatan" : "Simpang Hilir",
  "kelurahan" : "Medan Jaya",
  "kodepos" : "78853"
}, {
  "kecamatan" : "Simpang Hilir",
  "kelurahan" : "Nipah Kuning",
  "kodepos" : "78853"
}, {
  "kecamatan" : "Simpang Hilir",
  "kelurahan" : "Padu Banjar",
  "kodepos" : "78853"
}, {
  "kecamatan" : "Simpang Hilir",
  "kelurahan" : "Lubuk Batu",
  "kodepos" : "78853"
}, {
  "kecamatan" : "Simpang Hilir",
  "kelurahan" : "Matan Jaya",
  "kodepos" : "78853"
}, {
  "kecamatan" : "Simpang Hilir",
  "kelurahan" : "Batu Barat",
  "kodepos" : "78853"
}, {
  "kecamatan" : "Sukadana",
  "kelurahan" : "Sejahtera",
  "kodepos" : "78852"
}, {
  "kecamatan" : "Sukadana",
  "kelurahan" : "Simpang Tiga",
  "kodepos" : "78852"
}, {
  "kecamatan" : "Sukadana",
  "kelurahan" : "Sutera (Sutra)",
  "kodepos" : "78852"
}, {
  "kecamatan" : "Sukadana",
  "kelurahan" : "Riam Berasap Jaya",
  "kodepos" : "78852"
}, {
  "kecamatan" : "Sukadana",
  "kelurahan" : "Sedahan Jaya",
  "kodepos" : "78852"
}, {
  "kecamatan" : "Sukadana",
  "kelurahan" : "Pampang Harapan",
  "kodepos" : "78852"
}, {
  "kecamatan" : "Sukadana",
  "kelurahan" : "Pangkalan Buton",
  "kodepos" : "78852"
}, {
  "kecamatan" : "Sukadana",
  "kelurahan" : "Gunung Sembilan",
  "kodepos" : "78852"
}, {
  "kecamatan" : "Sukadana",
  "kelurahan" : "Harapan Mulia",
  "kodepos" : "78852"
}, {
  "kecamatan" : "Sukadana",
  "kelurahan" : "Benawai Agung",
  "kodepos" : "78852"
} ]
