[ {
  "kecamatan" : "Suhaid",
  "kelurahan" : "Tanjung Kapuas",
  "kodepos" : "78775"
}, {
  "kecamatan" : "Suhaid",
  "kelurahan" : "Nanga Suhaid",
  "kodepos" : "78775"
}, {
  "kecamatan" : "Suhaid",
  "kelurahan" : "Tanjung Harapan",
  "kodepos" : "78775"
}, {
  "kecamatan" : "Suhaid",
  "kelurahan" : "Menapar",
  "kodepos" : "78775"
}, {
  "kecamatan" : "Suhaid",
  "kelurahan" : "Mensusai",
  "kodepos" : "78775"
}, {
  "kecamatan" : "Suhaid",
  "kelurahan" : "Madang Permai",
  "kodepos" : "78775"
}, {
  "kecamatan" : "Suhaid",
  "kelurahan" : "Mantan",
  "kodepos" : "78775"
}, {
  "kecamatan" : "Suhaid",
  "kelurahan" : "Laut Tawang",
  "kodepos" : "78775"
}, {
  "kecamatan" : "Suhaid",
  "kelurahan" : "Lubuk Pengail",
  "kodepos" : "78775"
}, {
  "kecamatan" : "Suhaid",
  "kelurahan" : "Jongkong Hulu",
  "kodepos" : "78775"
}, {
  "kecamatan" : "Suhaid",
  "kelurahan" : "Kerengas",
  "kodepos" : "78775"
}, {
  "kecamatan" : "Silat Hulu",
  "kelurahan" : "Selangkai",
  "kodepos" : "78774"
}, {
  "kecamatan" : "Silat Hulu",
  "kelurahan" : "Selimu",
  "kodepos" : "78774"
}, {
  "kecamatan" : "Silat Hulu",
  "kelurahan" : "Nanga Ngeri",
  "kodepos" : "78774"
}, {
  "kecamatan" : "Silat Hulu",
  "kelurahan" : "Perjuk",
  "kodepos" : "78774"
}, {
  "kecamatan" : "Silat Hulu",
  "kelurahan" : "Riam Tapang",
  "kodepos" : "78774"
}, {
  "kecamatan" : "Silat Hulu",
  "kelurahan" : "Nanga Luan",
  "kodepos" : "78774"
}, {
  "kecamatan" : "Silat Hulu",
  "kelurahan" : "Nanga Lungu",
  "kodepos" : "78774"
}, {
  "kecamatan" : "Silat Hulu",
  "kelurahan" : "Lebak Najah",
  "kodepos" : "78774"
}, {
  "kecamatan" : "Silat Hulu",
  "kelurahan" : "Nanga Dangkan I",
  "kodepos" : "78774"
}, {
  "kecamatan" : "Silat Hulu",
  "kelurahan" : "Entebi",
  "kodepos" : "78774"
}, {
  "kecamatan" : "Silat Hulu",
  "kelurahan" : "Landau Badai",
  "kodepos" : "78774"
}, {
  "kecamatan" : "Silat Hulu",
  "kelurahan" : "Landau Rantau",
  "kodepos" : "78774"
}, {
  "kecamatan" : "Silat Hulu",
  "kelurahan" : "Belimbing",
  "kodepos" : "78774"
}, {
  "kecamatan" : "Silat Hulu",
  "kelurahan" : "Dangkan Kota",
  "kodepos" : "78774"
}, {
  "kecamatan" : "Silat Hilir",
  "kelurahan" : "Setunggul",
  "kodepos" : "78773"
}, {
  "kecamatan" : "Silat Hilir",
  "kelurahan" : "Sei/Sungai Sena",
  "kodepos" : "78773"
}, {
  "kecamatan" : "Silat Hilir",
  "kelurahan" : "Sentabai",
  "kodepos" : "78773"
}, {
  "kecamatan" : "Silat Hilir",
  "kelurahan" : "Rumbih",
  "kodepos" : "78773"
}, {
  "kecamatan" : "Silat Hilir",
  "kelurahan" : "Seberu",
  "kodepos" : "78773"
}, {
  "kecamatan" : "Silat Hilir",
  "kelurahan" : "Penai",
  "kodepos" : "78773"
}, {
  "kecamatan" : "Silat Hilir",
  "kelurahan" : "Perigi",
  "kodepos" : "78773"
}, {
  "kecamatan" : "Silat Hilir",
  "kelurahan" : "Nanga Nuar",
  "kodepos" : "78773"
}, {
  "kecamatan" : "Silat Hilir",
  "kelurahan" : "Pangeran",
  "kodepos" : "78773"
}, {
  "kecamatan" : "Silat Hilir",
  "kelurahan" : "Bukit Penai",
  "kodepos" : "78773"
}, {
  "kecamatan" : "Silat Hilir",
  "kelurahan" : "Miau Merah",
  "kodepos" : "78773"
}, {
  "kecamatan" : "Silat Hilir",
  "kelurahan" : "Bongkong",
  "kodepos" : "78773"
}, {
  "kecamatan" : "Silat Hilir",
  "kelurahan" : "Baru",
  "kodepos" : "78773"
}, {
  "kecamatan" : "Seberuang",
  "kelurahan" : "Tajau Mada",
  "kodepos" : "78772"
}, {
  "kecamatan" : "Seberuang",
  "kelurahan" : "Tanjung Keliling",
  "kodepos" : "78772"
}, {
  "kecamatan" : "Seberuang",
  "kelurahan" : "Seneban",
  "kodepos" : "78772"
}, {
  "kecamatan" : "Seberuang",
  "kelurahan" : "Sejiram",
  "kodepos" : "78772"
}, {
  "kecamatan" : "Seberuang",
  "kelurahan" : "Pala Kota",
  "kodepos" : "78772"
}, {
  "kecamatan" : "Seberuang",
  "kelurahan" : "Ranyai",
  "kodepos" : "78772"
}, {
  "kecamatan" : "Seberuang",
  "kelurahan" : "Nanga Lot",
  "kodepos" : "78772"
}, {
  "kecamatan" : "Seberuang",
  "kelurahan" : "Nanga Pala",
  "kodepos" : "78772"
}, {
  "kecamatan" : "Seberuang",
  "kelurahan" : "Jerenjang",
  "kodepos" : "78772"
}, {
  "kecamatan" : "Seberuang",
  "kelurahan" : "Gurung",
  "kodepos" : "78772"
}, {
  "kecamatan" : "Seberuang",
  "kelurahan" : "Beluis Harum",
  "kodepos" : "78772"
}, {
  "kecamatan" : "Seberuang",
  "kelurahan" : "Emperiang",
  "kodepos" : "78772"
}, {
  "kecamatan" : "Seberuang",
  "kelurahan" : "Bekuan",
  "kodepos" : "78772"
}, {
  "kecamatan" : "Seberuang",
  "kelurahan" : "Belikai",
  "kodepos" : "78772"
}, {
  "kecamatan" : "Seberuang",
  "kelurahan" : "Bati",
  "kodepos" : "78772"
}, {
  "kecamatan" : "Semitau",
  "kelurahan" : "Tua Abang",
  "kodepos" : "78771"
}, {
  "kecamatan" : "Semitau",
  "kelurahan" : "Semitau Hilir",
  "kodepos" : "78771"
}, {
  "kecamatan" : "Semitau",
  "kelurahan" : "Semitau Hulu",
  "kodepos" : "78771"
}, {
  "kecamatan" : "Semitau",
  "kelurahan" : "Sekedau",
  "kodepos" : "78771"
}, {
  "kecamatan" : "Semitau",
  "kelurahan" : "Padung Kumang",
  "kodepos" : "78771"
}, {
  "kecamatan" : "Semitau",
  "kelurahan" : "Nanga Seberuang",
  "kodepos" : "78771"
}, {
  "kecamatan" : "Semitau",
  "kelurahan" : "Nanga Kenepai",
  "kodepos" : "78771"
}, {
  "kecamatan" : "Semitau",
  "kelurahan" : "Nanga Lemedak",
  "kodepos" : "78771"
}, {
  "kecamatan" : "Semitau",
  "kelurahan" : "Marsedan Raya",
  "kodepos" : "78771"
}, {
  "kecamatan" : "Semitau",
  "kelurahan" : "Kenepai Komplek",
  "kodepos" : "78771"
}, {
  "kecamatan" : "Semitau",
  "kelurahan" : "Kenerak",
  "kodepos" : "78771"
}, {
  "kecamatan" : "Semitau",
  "kelurahan" : "Entipan",
  "kodepos" : "78771"
}, {
  "kecamatan" : "Puring Kencana",
  "kelurahan" : "Merakai Panjang",
  "kodepos" : "78769"
}, {
  "kecamatan" : "Puring Kencana",
  "kelurahan" : "Sei/Sungai Antu",
  "kodepos" : "78769"
}, {
  "kecamatan" : "Puring Kencana",
  "kelurahan" : "Sei/Sungai Asin",
  "kodepos" : "78769"
}, {
  "kecamatan" : "Puring Kencana",
  "kelurahan" : "Kantuk Bunut",
  "kodepos" : "78769"
}, {
  "kecamatan" : "Puring Kencana",
  "kelurahan" : "Langau",
  "kodepos" : "78769"
}, {
  "kecamatan" : "Puring Kencana",
  "kelurahan" : "Kantuk Asam",
  "kodepos" : "78769"
}, {
  "kecamatan" : "Empanang",
  "kelurahan" : "Nanga Kantuk",
  "kodepos" : "78768"
}, {
  "kecamatan" : "Empanang",
  "kelurahan" : "Tintin Peninjau",
  "kodepos" : "78768"
}, {
  "kecamatan" : "Empanang",
  "kelurahan" : "Kumang Jaya",
  "kodepos" : "78768"
}, {
  "kecamatan" : "Empanang",
  "kelurahan" : "Laja Sandang",
  "kodepos" : "78768"
}, {
  "kecamatan" : "Empanang",
  "kelurahan" : "Bajau Andai",
  "kodepos" : "78768"
}, {
  "kecamatan" : "Empanang",
  "kelurahan" : "Keling Panggau",
  "kodepos" : "78768"
}, {
  "kecamatan" : "Badau",
  "kelurahan" : "Tajum",
  "kodepos" : "78767"
}, {
  "kecamatan" : "Badau",
  "kelurahan" : "Tinting Seligi",
  "kodepos" : "78767"
}, {
  "kecamatan" : "Badau",
  "kelurahan" : "Semuntik",
  "kodepos" : "78767"
}, {
  "kecamatan" : "Badau",
  "kelurahan" : "Seriang",
  "kodepos" : "78767"
}, {
  "kecamatan" : "Badau",
  "kelurahan" : "Pulau Majang",
  "kodepos" : "78767"
}, {
  "kecamatan" : "Badau",
  "kelurahan" : "Sebindang",
  "kodepos" : "78767"
}, {
  "kecamatan" : "Badau",
  "kelurahan" : "Janting",
  "kodepos" : "78767"
}, {
  "kecamatan" : "Badau",
  "kelurahan" : "Kekurak",
  "kodepos" : "78767"
}, {
  "kecamatan" : "Badau",
  "kelurahan" : "Badau",
  "kodepos" : "78767"
}, {
  "kecamatan" : "Batang Lupar",
  "kelurahan" : "Setulang",
  "kodepos" : "78766"
}, {
  "kecamatan" : "Batang Lupar",
  "kelurahan" : "Sungai Senunuk",
  "kodepos" : "78766"
}, {
  "kecamatan" : "Batang Lupar",
  "kelurahan" : "Sei/Sungai Ajung",
  "kodepos" : "78766"
}, {
  "kecamatan" : "Batang Lupar",
  "kelurahan" : "Sepandan",
  "kodepos" : "78766"
}, {
  "kecamatan" : "Batang Lupar",
  "kelurahan" : "Melemba",
  "kodepos" : "78766"
}, {
  "kecamatan" : "Batang Lupar",
  "kelurahan" : "Mensiau",
  "kodepos" : "78766"
}, {
  "kecamatan" : "Batang Lupar",
  "kelurahan" : "Sei/Sungai Abau",
  "kodepos" : "78766"
}, {
  "kecamatan" : "Batang Lupar",
  "kelurahan" : "Labian Ira&#8217;ang",
  "kodepos" : "78766"
}, {
  "kecamatan" : "Batang Lupar",
  "kelurahan" : "Lanjak Deras",
  "kodepos" : "78766"
}, {
  "kecamatan" : "Selimbau",
  "kelurahan" : "Vega",
  "kodepos" : "78765"
}, {
  "kecamatan" : "Batang Lupar",
  "kelurahan" : "Labian",
  "kodepos" : "78766"
}, {
  "kecamatan" : "Selimbau",
  "kelurahan" : "Tempurau",
  "kodepos" : "78765"
}, {
  "kecamatan" : "Selimbau",
  "kelurahan" : "Titian Kuala",
  "kodepos" : "78765"
}, {
  "kecamatan" : "Selimbau",
  "kelurahan" : "Sekubah",
  "kodepos" : "78765"
}, {
  "kecamatan" : "Selimbau",
  "kelurahan" : "Sekulat",
  "kodepos" : "78765"
}, {
  "kecamatan" : "Selimbau",
  "kelurahan" : "Semalah",
  "kodepos" : "78765"
}, {
  "kecamatan" : "Selimbau",
  "kelurahan" : "Nibung",
  "kodepos" : "78765"
}, {
  "kecamatan" : "Selimbau",
  "kelurahan" : "Piasak Hilir",
  "kodepos" : "78765"
}, {
  "kecamatan" : "Selimbau",
  "kelurahan" : "Piasak Hulu",
  "kodepos" : "78765"
}, {
  "kecamatan" : "Selimbau",
  "kelurahan" : "Mawan",
  "kodepos" : "78765"
}, {
  "kecamatan" : "Selimbau",
  "kelurahan" : "Nanga Leboyan",
  "kodepos" : "78765"
}, {
  "kecamatan" : "Selimbau",
  "kelurahan" : "Gerayau",
  "kodepos" : "78765"
}, {
  "kecamatan" : "Selimbau",
  "kelurahan" : "Gudang Hilir",
  "kodepos" : "78765"
}, {
  "kecamatan" : "Selimbau",
  "kelurahan" : "Gudang Hulu",
  "kodepos" : "78765"
}, {
  "kecamatan" : "Selimbau",
  "kelurahan" : "Dalam",
  "kodepos" : "78765"
}, {
  "kecamatan" : "Selimbau",
  "kelurahan" : "Engkerengas",
  "kodepos" : "78765"
}, {
  "kecamatan" : "Selimbau",
  "kelurahan" : "Benuis",
  "kodepos" : "78765"
}, {
  "kecamatan" : "Hulu Gurung",
  "kelurahan" : "Tani Makmur",
  "kodepos" : "78764"
}, {
  "kecamatan" : "Hulu Gurung",
  "kelurahan" : "Tunas Muda",
  "kodepos" : "78764"
}, {
  "kecamatan" : "Hulu Gurung",
  "kelurahan" : "Parang",
  "kodepos" : "78764"
}, {
  "kecamatan" : "Hulu Gurung",
  "kelurahan" : "Sejahtera Mandiri",
  "kodepos" : "78764"
}, {
  "kecamatan" : "Hulu Gurung",
  "kelurahan" : "Simpang Senara",
  "kodepos" : "78764"
}, {
  "kecamatan" : "Hulu Gurung",
  "kelurahan" : "Nanga Tepuai",
  "kodepos" : "78764"
}, {
  "kecamatan" : "Hulu Gurung",
  "kelurahan" : "Nanga Yen",
  "kodepos" : "78764"
}, {
  "kecamatan" : "Hulu Gurung",
  "kelurahan" : "Mubung",
  "kodepos" : "78764"
}, {
  "kecamatan" : "Hulu Gurung",
  "kelurahan" : "Lubuk Antuk",
  "kodepos" : "78764"
}, {
  "kecamatan" : "Hulu Gurung",
  "kelurahan" : "Mentawit",
  "kodepos" : "78764"
}, {
  "kecamatan" : "Hulu Gurung",
  "kelurahan" : "Kelakar",
  "kodepos" : "78764"
}, {
  "kecamatan" : "Hulu Gurung",
  "kelurahan" : "Landau Kumpang",
  "kodepos" : "78764"
}, {
  "kecamatan" : "Hulu Gurung",
  "kelurahan" : "Bugang",
  "kodepos" : "78764"
}, {
  "kecamatan" : "Hulu Gurung",
  "kelurahan" : "Karya Mandiri",
  "kodepos" : "78764"
}, {
  "kecamatan" : "Hulu Gurung",
  "kelurahan" : "Beringin",
  "kodepos" : "78764"
}, {
  "kecamatan" : "Jongkong (Jengkong)",
  "kelurahan" : "Temenang",
  "kodepos" : "78763"
}, {
  "kecamatan" : "Jongkong (Jengkong)",
  "kelurahan" : "Ujung Jambu",
  "kodepos" : "78763"
}, {
  "kecamatan" : "Jongkong (Jengkong)",
  "kelurahan" : "Ujung Said",
  "kodepos" : "78763"
}, {
  "kecamatan" : "Jongkong (Jengkong)",
  "kelurahan" : "Nanga Serian",
  "kodepos" : "78763"
}, {
  "kecamatan" : "Jongkong (Jengkong)",
  "kelurahan" : "Penepian Raya",
  "kodepos" : "78763"
}, {
  "kecamatan" : "Jongkong (Jengkong)",
  "kelurahan" : "Kandung Suli",
  "kodepos" : "78763"
}, {
  "kecamatan" : "Jongkong (Jengkong)",
  "kelurahan" : "Karya Baru",
  "kodepos" : "78763"
}, {
  "kecamatan" : "Jongkong (Jengkong)",
  "kelurahan" : "Jongkong Pasar (Jengkong Pasar)",
  "kodepos" : "78763"
}, {
  "kecamatan" : "Jongkong (Jengkong)",
  "kelurahan" : "Jongkong Tanjung",
  "kodepos" : "78763"
}, {
  "kecamatan" : "Jongkong (Jengkong)",
  "kelurahan" : "Jongkong Kiri Hulu",
  "kodepos" : "78763"
}, {
  "kecamatan" : "Jongkong (Jengkong)",
  "kelurahan" : "Jongkong Kiri Tengah",
  "kodepos" : "78763"
}, {
  "kecamatan" : "Jongkong (Jengkong)",
  "kelurahan" : "Bontai",
  "kodepos" : "78763"
}, {
  "kecamatan" : "Jongkong (Jengkong)",
  "kelurahan" : "Jongkong Kanan",
  "kodepos" : "78763"
}, {
  "kecamatan" : "Jongkong (Jengkong)",
  "kelurahan" : "Jongkong Kiri Hilir",
  "kodepos" : "78763"
}, {
  "kecamatan" : "Bunut Hulu",
  "kelurahan" : "Temuyuk",
  "kodepos" : "78762"
}, {
  "kecamatan" : "Bunut Hulu",
  "kelurahan" : "Selaup",
  "kodepos" : "78762"
}, {
  "kecamatan" : "Bunut Hulu",
  "kelurahan" : "Semangut Utara",
  "kodepos" : "78762"
}, {
  "kecamatan" : "Bunut Hulu",
  "kelurahan" : "Sungai Besar",
  "kodepos" : "78762"
}, {
  "kecamatan" : "Bunut Hulu",
  "kelurahan" : "Riam Piyang",
  "kodepos" : "78762"
}, {
  "kecamatan" : "Bunut Hulu",
  "kelurahan" : "Segitak",
  "kodepos" : "78762"
}, {
  "kecamatan" : "Bunut Hulu",
  "kelurahan" : "Nanga Suruk",
  "kodepos" : "78762"
}, {
  "kecamatan" : "Bunut Hulu",
  "kelurahan" : "Pantas Bersatu",
  "kodepos" : "78762"
}, {
  "kecamatan" : "Bunut Hulu",
  "kelurahan" : "Nanga Semangut",
  "kodepos" : "78762"
}, {
  "kecamatan" : "Bunut Hulu",
  "kelurahan" : "Nanga Kelibang",
  "kodepos" : "78762"
}, {
  "kecamatan" : "Bunut Hulu",
  "kelurahan" : "Nanga Payang",
  "kodepos" : "78762"
}, {
  "kecamatan" : "Bunut Hilir",
  "kelurahan" : "Bunut Hulu",
  "kodepos" : "78762"
}, {
  "kecamatan" : "Bunut Hulu",
  "kelurahan" : "Nanga Dua",
  "kodepos" : "78762"
}, {
  "kecamatan" : "Bunut Hulu",
  "kelurahan" : "Batu Tiga",
  "kodepos" : "78762"
}, {
  "kecamatan" : "Bunut Hulu",
  "kelurahan" : "Beringin",
  "kodepos" : "78762"
}, {
  "kecamatan" : "Bunut Hilir",
  "kelurahan" : "Ujung Pandang",
  "kodepos" : "78761"
}, {
  "kecamatan" : "Bunut Hulu",
  "kelurahan" : "Bakong Permai",
  "kodepos" : "78762"
}, {
  "kecamatan" : "Bunut Hilir",
  "kelurahan" : "Teluk Aur",
  "kodepos" : "78761"
}, {
  "kecamatan" : "Bunut Hilir",
  "kelurahan" : "Tembang",
  "kodepos" : "78761"
}, {
  "kecamatan" : "Bunut Hilir",
  "kelurahan" : "Nanga Tuan",
  "kodepos" : "78761"
}, {
  "kecamatan" : "Bunut Hilir",
  "kelurahan" : "Empangau Hilir",
  "kodepos" : "78761"
}, {
  "kecamatan" : "Bunut Hilir",
  "kelurahan" : "Entibab",
  "kodepos" : "78761"
}, {
  "kecamatan" : "Bunut Hilir",
  "kelurahan" : "Kapuas Raya",
  "kodepos" : "78761"
}, {
  "kecamatan" : "Bunut Hilir",
  "kelurahan" : "Empangau",
  "kodepos" : "78761"
}, {
  "kecamatan" : "Bunut Hilir",
  "kelurahan" : "Bunut Tengah",
  "kodepos" : "78761"
}, {
  "kecamatan" : "Pengkadan (Batu Datu)",
  "kelurahan" : "Sira Jaya",
  "kodepos" : "78759"
}, {
  "kecamatan" : "Bunut Hilir",
  "kelurahan" : "Bunut Hilir",
  "kodepos" : "78761"
}, {
  "kecamatan" : "Pengkadan (Batu Datu)",
  "kelurahan" : "Riam Panjang",
  "kodepos" : "78759"
}, {
  "kecamatan" : "Pengkadan (Batu Datu)",
  "kelurahan" : "Sasan",
  "kodepos" : "78759"
}, {
  "kecamatan" : "Pengkadan (Batu Datu)",
  "kelurahan" : "Permata Perda",
  "kodepos" : "78759"
}, {
  "kecamatan" : "Pengkadan (Batu Datu)",
  "kelurahan" : "Pinang Laka",
  "kodepos" : "78759"
}, {
  "kecamatan" : "Pengkadan (Batu Datu)",
  "kelurahan" : "Mawan",
  "kodepos" : "78759"
}, {
  "kecamatan" : "Pengkadan (Batu Datu)",
  "kelurahan" : "Pengkadan Hilir",
  "kodepos" : "78759"
}, {
  "kecamatan" : "Pengkadan (Batu Datu)",
  "kelurahan" : "Hulu Pengkadan",
  "kodepos" : "78759"
}, {
  "kecamatan" : "Pengkadan (Batu Datu)",
  "kelurahan" : "Kerangan Panjang",
  "kodepos" : "78759"
}, {
  "kecamatan" : "Pengkadan (Batu Datu)",
  "kelurahan" : "Martadana",
  "kodepos" : "78759"
}, {
  "kecamatan" : "Pengkadan (Batu Datu)",
  "kelurahan" : "Buak Limbang",
  "kodepos" : "78759"
}, {
  "kecamatan" : "Boyan Tanjung",
  "kelurahan" : "Teluk Geruguk",
  "kodepos" : "78758"
}, {
  "kecamatan" : "Boyan Tanjung",
  "kelurahan" : "Tubang Jaya",
  "kodepos" : "78758"
}, {
  "kecamatan" : "Boyan Tanjung",
  "kelurahan" : "Sri Wangi",
  "kodepos" : "78758"
}, {
  "kecamatan" : "Boyan Tanjung",
  "kelurahan" : "Nanga Sangan",
  "kodepos" : "78758"
}, {
  "kecamatan" : "Boyan Tanjung",
  "kelurahan" : "Pemawan",
  "kodepos" : "78758"
}, {
  "kecamatan" : "Boyan Tanjung",
  "kelurahan" : "Riam Mengelai",
  "kodepos" : "78758"
}, {
  "kecamatan" : "Boyan Tanjung",
  "kelurahan" : "Nanga Jemah",
  "kodepos" : "78758"
}, {
  "kecamatan" : "Boyan Tanjung",
  "kelurahan" : "Nanga Ret",
  "kodepos" : "78758"
}, {
  "kecamatan" : "Boyan Tanjung",
  "kelurahan" : "Nanga Boyan",
  "kodepos" : "78758"
}, {
  "kecamatan" : "Boyan Tanjung",
  "kelurahan" : "Nanga Danau",
  "kodepos" : "78758"
}, {
  "kecamatan" : "Boyan Tanjung",
  "kelurahan" : "Mujan",
  "kodepos" : "78758"
}, {
  "kecamatan" : "Boyan Tanjung",
  "kelurahan" : "Nanga Betung",
  "kodepos" : "78758"
}, {
  "kecamatan" : "Boyan Tanjung",
  "kelurahan" : "Karya Maju",
  "kodepos" : "78758"
}, {
  "kecamatan" : "Boyan Tanjung",
  "kelurahan" : "Landau Mentail",
  "kodepos" : "78758"
}, {
  "kecamatan" : "Boyan Tanjung",
  "kelurahan" : "Delintas Karya",
  "kodepos" : "78758"
}, {
  "kecamatan" : "Boyan Tanjung",
  "kelurahan" : "Boyan Tanjung",
  "kodepos" : "78758"
}, {
  "kecamatan" : "Mentebah",
  "kelurahan" : "Tanjung Intan",
  "kodepos" : "78757"
}, {
  "kecamatan" : "Mentebah",
  "kelurahan" : "Tekalong",
  "kodepos" : "78757"
}, {
  "kecamatan" : "Mentebah",
  "kelurahan" : "Tangai Jaya",
  "kodepos" : "78757"
}, {
  "kecamatan" : "Mentebah",
  "kelurahan" : "Tanjung",
  "kodepos" : "78757"
}, {
  "kecamatan" : "Mentebah",
  "kelurahan" : "Nanga Mentebah",
  "kodepos" : "78757"
}, {
  "kecamatan" : "Mentebah",
  "kelurahan" : "Suka Maju",
  "kodepos" : "78757"
}, {
  "kecamatan" : "Mentebah",
  "kelurahan" : "Menaren",
  "kodepos" : "78757"
}, {
  "kecamatan" : "Kalis",
  "kelurahan" : "Tekudak",
  "kodepos" : "78756"
}, {
  "kecamatan" : "Mentebah",
  "kelurahan" : "Kepala Gurung",
  "kodepos" : "78757"
}, {
  "kecamatan" : "Kalis",
  "kelurahan" : "Segiam",
  "kodepos" : "78756"
}, {
  "kecamatan" : "Kalis",
  "kelurahan" : "Semerantau",
  "kodepos" : "78756"
}, {
  "kecamatan" : "Kalis",
  "kelurahan" : "Tapang Daan",
  "kodepos" : "78756"
}, {
  "kecamatan" : "Kalis",
  "kelurahan" : "Rantau Kalis",
  "kodepos" : "78756"
}, {
  "kecamatan" : "Kalis",
  "kelurahan" : "Ribang Kadeng",
  "kodepos" : "78756"
}, {
  "kecamatan" : "Kalis",
  "kelurahan" : "Nanga Tubuk",
  "kodepos" : "78756"
}, {
  "kecamatan" : "Kalis",
  "kelurahan" : "Peniung",
  "kodepos" : "78756"
}, {
  "kecamatan" : "Kalis",
  "kelurahan" : "Rantau Bumbun",
  "kodepos" : "78756"
}, {
  "kecamatan" : "Kalis",
  "kelurahan" : "Nanga Raun",
  "kodepos" : "78756"
}, {
  "kecamatan" : "Kalis",
  "kelurahan" : "Nanga Sebintang",
  "kodepos" : "78756"
}, {
  "kecamatan" : "Kalis",
  "kelurahan" : "Nanga Danau",
  "kodepos" : "78756"
}, {
  "kecamatan" : "Kalis",
  "kelurahan" : "Nanga Kalis",
  "kodepos" : "78756"
}, {
  "kecamatan" : "Kalis",
  "kelurahan" : "Nanga Lebangan",
  "kodepos" : "78756"
}, {
  "kecamatan" : "Kalis",
  "kelurahan" : "Kalis Raya",
  "kodepos" : "78756"
}, {
  "kecamatan" : "Kalis",
  "kelurahan" : "Kensuray",
  "kodepos" : "78756"
}, {
  "kecamatan" : "Embaloh Hulu",
  "kelurahan" : "Ulak Pauk",
  "kodepos" : "78755"
}, {
  "kecamatan" : "Kalis",
  "kelurahan" : "Bahenap",
  "kodepos" : "78756"
}, {
  "kecamatan" : "Embaloh Hulu",
  "kelurahan" : "Saujung Giling Manik",
  "kodepos" : "78755"
}, {
  "kecamatan" : "Embaloh Hulu",
  "kelurahan" : "Tamao",
  "kodepos" : "78755"
}, {
  "kecamatan" : "Embaloh Hulu",
  "kelurahan" : "Menua Sadap",
  "kodepos" : "78755"
}, {
  "kecamatan" : "Embaloh Hulu",
  "kelurahan" : "Pulau Manak",
  "kodepos" : "78755"
}, {
  "kecamatan" : "Embaloh Hulu",
  "kelurahan" : "Rantau Prapat",
  "kodepos" : "78755"
}, {
  "kecamatan" : "Embaloh Hulu",
  "kelurahan" : "Batu Lintang",
  "kodepos" : "78755"
}, {
  "kecamatan" : "Embaloh Hulu",
  "kelurahan" : "Langan Baru",
  "kodepos" : "78755"
}, {
  "kecamatan" : "Embaloh Hulu",
  "kelurahan" : "Banua Martinus",
  "kodepos" : "78755"
}, {
  "kecamatan" : "Embaloh Hulu",
  "kelurahan" : "Banua Ujung",
  "kodepos" : "78755"
}, {
  "kecamatan" : "Embaloh Hilir",
  "kelurahan" : "Pala Pintas",
  "kodepos" : "78754"
}, {
  "kecamatan" : "Embaloh Hilir",
  "kelurahan" : "Ujung Bayur",
  "kodepos" : "78754"
}, {
  "kecamatan" : "Embaloh Hilir",
  "kelurahan" : "Nanga Lauk",
  "kodepos" : "78754"
}, {
  "kecamatan" : "Embaloh Hilir",
  "kelurahan" : "Nanga Palin",
  "kodepos" : "78754"
}, {
  "kecamatan" : "Embaloh Hilir",
  "kelurahan" : "Lawik",
  "kodepos" : "78754"
}, {
  "kecamatan" : "Embaloh Hilir",
  "kelurahan" : "Nanga Embaloh",
  "kodepos" : "78754"
}, {
  "kecamatan" : "Embaloh Hilir",
  "kelurahan" : "Keliling Semulung",
  "kodepos" : "78754"
}, {
  "kecamatan" : "Embaloh Hilir",
  "kelurahan" : "Kirin Nangka",
  "kodepos" : "78754"
}, {
  "kecamatan" : "Embaloh Hilir",
  "kelurahan" : "Belatung",
  "kodepos" : "78754"
}, {
  "kecamatan" : "Bika",
  "kelurahan" : "Penyeluang",
  "kodepos" : "78753"
}, {
  "kecamatan" : "Bika",
  "kelurahan" : "Teluk Sindur",
  "kodepos" : "78753"
}, {
  "kecamatan" : "Bika",
  "kelurahan" : "Melapi Manday",
  "kodepos" : "78753"
}, {
  "kecamatan" : "Bika",
  "kelurahan" : "Nanga Manday",
  "kodepos" : "78753"
}, {
  "kecamatan" : "Bika",
  "kelurahan" : "Jongkong Manday",
  "kodepos" : "78753"
}, {
  "kecamatan" : "Bika",
  "kelurahan" : "Jelemuk",
  "kodepos" : "78753"
}, {
  "kecamatan" : "Bika",
  "kelurahan" : "Bika",
  "kodepos" : "78753"
}, {
  "kecamatan" : "Bika",
  "kelurahan" : "Bika Hulu",
  "kodepos" : "78753"
}, {
  "kecamatan" : "Putussibau Selatan",
  "kelurahan" : "Sei/Sungai Uluk",
  "kodepos" : "78752"
}, {
  "kecamatan" : "Putussibau Selatan",
  "kelurahan" : "Jaras",
  "kodepos" : "78752"
}, {
  "kecamatan" : "Putussibau Utara",
  "kelurahan" : "Tanjung Lasa",
  "kodepos" : "78716"
}, {
  "kecamatan" : "Putussibau Utara",
  "kelurahan" : "Tanjung Beruang",
  "kodepos" : "78716"
}, {
  "kecamatan" : "Putussibau Utara",
  "kelurahan" : "Tanjung Karang",
  "kodepos" : "78716"
}, {
  "kecamatan" : "Putussibau Utara",
  "kelurahan" : "Sibau Hulu",
  "kodepos" : "78716"
}, {
  "kecamatan" : "Putussibau Utara",
  "kelurahan" : "Sungai Uluk Palin",
  "kodepos" : "78716"
}, {
  "kecamatan" : "Putussibau Utara",
  "kelurahan" : "Seluan",
  "kodepos" : "78716"
}, {
  "kecamatan" : "Putussibau Utara",
  "kelurahan" : "Sibau Hilir",
  "kodepos" : "78716"
}, {
  "kecamatan" : "Putussibau Utara",
  "kelurahan" : "Putussibau Kota",
  "kodepos" : "78716"
}, {
  "kecamatan" : "Putussibau Utara",
  "kelurahan" : "Pala Pulau",
  "kodepos" : "78716"
}, {
  "kecamatan" : "Putussibau Utara",
  "kelurahan" : "Nanga Sambus",
  "kodepos" : "78716"
}, {
  "kecamatan" : "Putussibau Utara",
  "kelurahan" : "Padua Mendalam",
  "kodepos" : "78716"
}, {
  "kecamatan" : "Putussibau Utara",
  "kelurahan" : "Nanga Awin",
  "kodepos" : "78716"
}, {
  "kecamatan" : "Putussibau Utara",
  "kelurahan" : "Nanga Nyabau",
  "kodepos" : "78716"
}, {
  "kecamatan" : "Putussibau Utara",
  "kelurahan" : "Jangkang",
  "kodepos" : "78716"
}, {
  "kecamatan" : "Putussibau Utara",
  "kelurahan" : "Lauk",
  "kodepos" : "78716"
}, {
  "kecamatan" : "Putussibau Utara",
  "kelurahan" : "Banua Tanga",
  "kodepos" : "78716"
}, {
  "kecamatan" : "Putussibau Utara",
  "kelurahan" : "Datah Dian",
  "kodepos" : "78716"
}, {
  "kecamatan" : "Putussibau Utara",
  "kelurahan" : "Hilir Kantor",
  "kodepos" : "78716"
}, {
  "kecamatan" : "Putussibau Utara",
  "kelurahan" : "Ariung Mendalam",
  "kodepos" : "78716"
}, {
  "kecamatan" : "Putussibau Selatan",
  "kelurahan" : "Urang Unsa",
  "kodepos" : "78714"
}, {
  "kecamatan" : "Putussibau Selatan",
  "kelurahan" : "Kedamin Hulu",
  "kodepos" : "78715"
}, {
  "kecamatan" : "Putussibau Selatan",
  "kelurahan" : "Tanjung Jati",
  "kodepos" : "78714"
}, {
  "kecamatan" : "Putussibau Selatan",
  "kelurahan" : "Tanjunglokang",
  "kodepos" : "78714"
}, {
  "kecamatan" : "Putussibau Selatan",
  "kelurahan" : "Melapi",
  "kodepos" : "78714"
}, {
  "kecamatan" : "Putussibau Selatan",
  "kelurahan" : "Sayut",
  "kodepos" : "78714"
}, {
  "kecamatan" : "Putussibau Selatan",
  "kelurahan" : "Suka Maju",
  "kodepos" : "78714"
}, {
  "kecamatan" : "Putussibau Selatan",
  "kelurahan" : "Kedamin Hilir",
  "kodepos" : "78714"
}, {
  "kecamatan" : "Putussibau Selatan",
  "kelurahan" : "Kereho Semula",
  "kodepos" : "78714"
}, {
  "kecamatan" : "Putussibau Selatan",
  "kelurahan" : "Ingko Tambe",
  "kodepos" : "78714"
}, {
  "kecamatan" : "Putussibau Selatan",
  "kelurahan" : "Kedamin Darat",
  "kodepos" : "78714"
}, {
  "kecamatan" : "Putussibau Selatan",
  "kelurahan" : "Bungan Jaya",
  "kodepos" : "78714"
}, {
  "kecamatan" : "Putussibau Selatan",
  "kelurahan" : "Cempaka Baru",
  "kodepos" : "78714"
}, {
  "kecamatan" : "Putussibau Selatan",
  "kelurahan" : "Beringin Jaya",
  "kodepos" : "78714"
} ]
