[ {
  "kecamatan" : "Kayan Hulu",
  "kelurahan" : "Tonak Goneh",
  "kodepos" : "78694"
}, {
  "kecamatan" : "Kayan Hulu",
  "kelurahan" : "Topan Nanga",
  "kodepos" : "78694"
}, {
  "kecamatan" : "Kayan Hulu",
  "kelurahan" : "Tanjung Miru",
  "kodepos" : "78694"
}, {
  "kecamatan" : "Kayan Hulu",
  "kelurahan" : "Tapang Manua",
  "kodepos" : "78694"
}, {
  "kecamatan" : "Kayan Hulu",
  "kelurahan" : "Tanjung Bunga",
  "kodepos" : "78694"
}, {
  "kecamatan" : "Kayan Hulu",
  "kelurahan" : "Tanjung Lalau",
  "kodepos" : "78694"
}, {
  "kecamatan" : "Kayan Hulu",
  "kelurahan" : "Riam Panjang",
  "kodepos" : "78694"
}, {
  "kecamatan" : "Kayan Hulu",
  "kelurahan" : "Tanah Merah",
  "kodepos" : "78694"
}, {
  "kecamatan" : "Kayan Hulu",
  "kelurahan" : "Nangkak Lestari",
  "kodepos" : "78694"
}, {
  "kecamatan" : "Kayan Hulu",
  "kelurahan" : "Riam Muntik",
  "kodepos" : "78694"
}, {
  "kecamatan" : "Kayan Hulu",
  "kelurahan" : "Nanga Toran",
  "kodepos" : "78694"
}, {
  "kecamatan" : "Kayan Hulu",
  "kelurahan" : "Nanga Ungai",
  "kodepos" : "78694"
}, {
  "kecamatan" : "Kayan Hulu",
  "kelurahan" : "Nanga Tebidah",
  "kodepos" : "78694"
}, {
  "kecamatan" : "Kayan Hulu",
  "kelurahan" : "Nanga Tonggoi",
  "kodepos" : "78694"
}, {
  "kecamatan" : "Kayan Hulu",
  "kelurahan" : "Nanga Payak",
  "kodepos" : "78694"
}, {
  "kecamatan" : "Kayan Hulu",
  "kelurahan" : "Nanga Masau",
  "kodepos" : "78694"
}, {
  "kecamatan" : "Kayan Hulu",
  "kelurahan" : "Nanga Oran",
  "kodepos" : "78694"
}, {
  "kecamatan" : "Kayan Hulu",
  "kelurahan" : "Nanga Abai",
  "kodepos" : "78694"
}, {
  "kecamatan" : "Kayan Hulu",
  "kelurahan" : "Nanga Laar",
  "kodepos" : "78694"
}, {
  "kecamatan" : "Kayan Hulu",
  "kelurahan" : "Mapan Jaya",
  "kodepos" : "78694"
}, {
  "kecamatan" : "Kayan Hulu",
  "kelurahan" : "Merah Arai",
  "kodepos" : "78694"
}, {
  "kecamatan" : "Kayan Hulu",
  "kelurahan" : "Merahau Permai",
  "kodepos" : "78694"
}, {
  "kecamatan" : "Kayan Hulu",
  "kelurahan" : "Landau Bara",
  "kodepos" : "78694"
}, {
  "kecamatan" : "Kayan Hulu",
  "kelurahan" : "Lintang Tambuk",
  "kodepos" : "78694"
}, {
  "kecamatan" : "Kayan Hulu",
  "kelurahan" : "Empoyang",
  "kodepos" : "78694"
}, {
  "kecamatan" : "Kayan Hulu",
  "kelurahan" : "Kerapuk Jaya",
  "kodepos" : "78694"
}, {
  "kecamatan" : "Kayan Hulu",
  "kelurahan" : "Empoyang",
  "kodepos" : "78694"
}, {
  "kecamatan" : "Kayan Hulu",
  "kelurahan" : "Empakan",
  "kodepos" : "78694"
}, {
  "kecamatan" : "Kayan Hilir",
  "kelurahan" : "Tuguk",
  "kodepos" : "78693"
}, {
  "kecamatan" : "Kayan Hulu",
  "kelurahan" : "Buluh Merindu",
  "kodepos" : "78694"
}, {
  "kecamatan" : "Kayan Hilir",
  "kelurahan" : "Tertung Mau",
  "kodepos" : "78693"
}, {
  "kecamatan" : "Kayan Hilir",
  "kelurahan" : "Sungai Menuang",
  "kodepos" : "78693"
}, {
  "kecamatan" : "Kayan Hilir",
  "kelurahan" : "Sungai Sintang",
  "kodepos" : "78693"
}, {
  "kecamatan" : "Kayan Hilir",
  "kelurahan" : "Sei/Sungai Buaya",
  "kodepos" : "78693"
}, {
  "kecamatan" : "Kayan Hilir",
  "kelurahan" : "Sungai Garong",
  "kodepos" : "78693"
}, {
  "kecamatan" : "Kayan Hilir",
  "kelurahan" : "Paoh Desa",
  "kodepos" : "78693"
}, {
  "kecamatan" : "Kayan Hilir",
  "kelurahan" : "Pelaik",
  "kodepos" : "78693"
}, {
  "kecamatan" : "Kayan Hilir",
  "kelurahan" : "Natai Tebedak",
  "kodepos" : "78693"
}, {
  "kecamatan" : "Kayan Hilir",
  "kelurahan" : "Nyangkom",
  "kodepos" : "78693"
}, {
  "kecamatan" : "Kayan Hilir",
  "kelurahan" : "Pakak",
  "kodepos" : "78693"
}, {
  "kecamatan" : "Kayan Hilir",
  "kelurahan" : "Natai Lesung",
  "kodepos" : "78693"
}, {
  "kecamatan" : "Kayan Hilir",
  "kelurahan" : "Nanga Tikan",
  "kodepos" : "78693"
}, {
  "kecamatan" : "Kayan Hilir",
  "kelurahan" : "Nanga Mau",
  "kodepos" : "78693"
}, {
  "kecamatan" : "Kayan Hilir",
  "kelurahan" : "Melingkat",
  "kodepos" : "78693"
}, {
  "kecamatan" : "Kayan Hilir",
  "kelurahan" : "Mentunai",
  "kodepos" : "78693"
}, {
  "kecamatan" : "Kayan Hilir",
  "kelurahan" : "Mekar Mandiri",
  "kodepos" : "78693"
}, {
  "kecamatan" : "Kayan Hilir",
  "kelurahan" : "Landau Beringin",
  "kodepos" : "78693"
}, {
  "kecamatan" : "Kayan Hilir",
  "kelurahan" : "Linggam Permai",
  "kodepos" : "78693"
}, {
  "kecamatan" : "Kayan Hilir",
  "kelurahan" : "Kerapa Sepan",
  "kodepos" : "78693"
}, {
  "kecamatan" : "Kayan Hilir",
  "kelurahan" : "Lalang Inggar",
  "kodepos" : "78693"
}, {
  "kecamatan" : "Kayan Hilir",
  "kelurahan" : "Jaya Sakti",
  "kodepos" : "78693"
}, {
  "kecamatan" : "Kayan Hilir",
  "kelurahan" : "Karya Baru",
  "kodepos" : "78693"
}, {
  "kecamatan" : "Kayan Hilir",
  "kelurahan" : "Jambu",
  "kodepos" : "78693"
}, {
  "kecamatan" : "Kayan Hilir",
  "kelurahan" : "Engkerangan",
  "kodepos" : "78693"
}, {
  "kecamatan" : "Dedai",
  "kelurahan" : "Umin Jaya",
  "kodepos" : "78691"
}, {
  "kecamatan" : "Kayan Hilir",
  "kelurahan" : "Bukit Segaloh",
  "kodepos" : "78693"
}, {
  "kecamatan" : "Dedai",
  "kelurahan" : "Sungai Tapang",
  "kodepos" : "78691"
}, {
  "kecamatan" : "Dedai",
  "kelurahan" : "Tauk",
  "kodepos" : "78691"
}, {
  "kecamatan" : "Dedai",
  "kelurahan" : "Riguk",
  "kodepos" : "78691"
}, {
  "kecamatan" : "Dedai",
  "kelurahan" : "Sei/Sungai Mali",
  "kodepos" : "78691"
}, {
  "kecamatan" : "Dedai",
  "kelurahan" : "Pengkadan Sungai Rupa",
  "kodepos" : "78691"
}, {
  "kecamatan" : "Dedai",
  "kelurahan" : "Penyak Lalang",
  "kodepos" : "78691"
}, {
  "kecamatan" : "Dedai",
  "kelurahan" : "Nanga Dedai",
  "kodepos" : "78691"
}, {
  "kecamatan" : "Dedai",
  "kelurahan" : "Nanga Jetak",
  "kodepos" : "78691"
}, {
  "kecamatan" : "Dedai",
  "kelurahan" : "Pengkadan Baru",
  "kodepos" : "78691"
}, {
  "kecamatan" : "Dedai",
  "kelurahan" : "Menaong Baru",
  "kodepos" : "78691"
}, {
  "kecamatan" : "Dedai",
  "kelurahan" : "Merempit Baru",
  "kodepos" : "78691"
}, {
  "kecamatan" : "Dedai",
  "kelurahan" : "Lundang Baru",
  "kodepos" : "78691"
}, {
  "kecamatan" : "Dedai",
  "kelurahan" : "Mangat Baru",
  "kodepos" : "78691"
}, {
  "kecamatan" : "Dedai",
  "kelurahan" : "Ganis",
  "kodepos" : "78691"
}, {
  "kecamatan" : "Dedai",
  "kelurahan" : "Kumpang",
  "kodepos" : "78691"
}, {
  "kecamatan" : "Dedai",
  "kelurahan" : "Empaci",
  "kodepos" : "78691"
}, {
  "kecamatan" : "Dedai",
  "kelurahan" : "Emparu Baru",
  "kodepos" : "78691"
}, {
  "kecamatan" : "Dedai",
  "kelurahan" : "Baras",
  "kodepos" : "78691"
}, {
  "kecamatan" : "Dedai",
  "kelurahan" : "Dedai Kanan",
  "kodepos" : "78691"
}, {
  "kecamatan" : "Ambalau",
  "kelurahan" : "Tanjung Andan",
  "kodepos" : "78684"
}, {
  "kecamatan" : "Ambalau",
  "kelurahan" : "Nanga Menantak",
  "kodepos" : "78684"
}, {
  "kecamatan" : "Ambalau",
  "kelurahan" : "Nanga Sakai",
  "kodepos" : "78684"
}, {
  "kecamatan" : "Ambalau",
  "kelurahan" : "Nanga Sake",
  "kodepos" : "78684"
}, {
  "kecamatan" : "Ambalau",
  "kelurahan" : "Nanga Kesange",
  "kodepos" : "78684"
}, {
  "kecamatan" : "Ambalau",
  "kelurahan" : "Nanga Menakon",
  "kodepos" : "78684"
}, {
  "kecamatan" : "Ambalau",
  "kelurahan" : "Nanga Kemangai",
  "kodepos" : "78684"
}, {
  "kecamatan" : "Ambalau",
  "kelurahan" : "Nanga Keremoi",
  "kodepos" : "78684"
}, {
  "kecamatan" : "Ambalau",
  "kelurahan" : "Kepala Jungai",
  "kodepos" : "78684"
}, {
  "kecamatan" : "Ambalau",
  "kelurahan" : "Nanga Ambalau",
  "kodepos" : "78684"
}, {
  "kecamatan" : "Ambalau",
  "kelurahan" : "Buntut Purun",
  "kodepos" : "78684"
}, {
  "kecamatan" : "Ambalau",
  "kelurahan" : "Buntut Sabon",
  "kodepos" : "78684"
}, {
  "kecamatan" : "Serawai (Nanga Serawai)",
  "kelurahan" : "Tunas Harapan",
  "kodepos" : "78683"
}, {
  "kecamatan" : "Ambalau",
  "kelurahan" : "Buntut Pimpin",
  "kodepos" : "78684"
}, {
  "kecamatan" : "Serawai (Nanga Serawai)",
  "kelurahan" : "Teluk Harapan",
  "kodepos" : "78683"
}, {
  "kecamatan" : "Serawai (Nanga Serawai)",
  "kelurahan" : "Tontang",
  "kodepos" : "78683"
}, {
  "kecamatan" : "Serawai (Nanga Serawai)",
  "kelurahan" : "Tanjung Harapan",
  "kodepos" : "78683"
}, {
  "kecamatan" : "Serawai (Nanga Serawai)",
  "kelurahan" : "Tanjung Raya",
  "kodepos" : "78683"
}, {
  "kecamatan" : "Serawai (Nanga Serawai)",
  "kelurahan" : "Sawang Senghiang",
  "kodepos" : "78683"
}, {
  "kecamatan" : "Serawai (Nanga Serawai)",
  "kelurahan" : "Tahai Permai",
  "kodepos" : "78683"
}, {
  "kecamatan" : "Serawai (Nanga Serawai)",
  "kelurahan" : "Pagar Lebata",
  "kodepos" : "78683"
}, {
  "kecamatan" : "Serawai (Nanga Serawai)",
  "kelurahan" : "Rantau Malam",
  "kodepos" : "78683"
}, {
  "kecamatan" : "Serawai (Nanga Serawai)",
  "kelurahan" : "Nanga Serawai",
  "kodepos" : "78683"
}, {
  "kecamatan" : "Serawai (Nanga Serawai)",
  "kelurahan" : "Nanga Tekungai",
  "kodepos" : "78683"
}, {
  "kecamatan" : "Serawai (Nanga Serawai)",
  "kelurahan" : "Nanga Mentatai",
  "kodepos" : "78683"
}, {
  "kecamatan" : "Serawai (Nanga Serawai)",
  "kelurahan" : "Nanga Riyoi",
  "kodepos" : "78683"
}, {
  "kecamatan" : "Serawai (Nanga Serawai)",
  "kelurahan" : "Nanga Segulang",
  "kodepos" : "78683"
}, {
  "kecamatan" : "Serawai (Nanga Serawai)",
  "kelurahan" : "Nanga Bihe",
  "kodepos" : "78683"
}, {
  "kecamatan" : "Serawai (Nanga Serawai)",
  "kelurahan" : "Nanga Jelundung",
  "kodepos" : "78683"
}, {
  "kecamatan" : "Serawai (Nanga Serawai)",
  "kelurahan" : "Mentajoi",
  "kodepos" : "78683"
}, {
  "kecamatan" : "Serawai (Nanga Serawai)",
  "kelurahan" : "Merako Jaya",
  "kodepos" : "78683"
}, {
  "kecamatan" : "Serawai (Nanga Serawai)",
  "kelurahan" : "Gurung Senghiang",
  "kodepos" : "78683"
}, {
  "kecamatan" : "Serawai (Nanga Serawai)",
  "kelurahan" : "Karya Jaya",
  "kodepos" : "78683"
}, {
  "kecamatan" : "Serawai (Nanga Serawai)",
  "kelurahan" : "Begori",
  "kodepos" : "78683"
}, {
  "kecamatan" : "Serawai (Nanga Serawai)",
  "kelurahan" : "Buntut Ponte",
  "kodepos" : "78683"
}, {
  "kecamatan" : "Serawai (Nanga Serawai)",
  "kelurahan" : "Baras Nabun",
  "kodepos" : "78683"
}, {
  "kecamatan" : "Serawai (Nanga Serawai)",
  "kelurahan" : "Bedaha",
  "kodepos" : "78683"
}, {
  "kecamatan" : "Binjai Hulu",
  "kelurahan" : "Telaga Dua",
  "kodepos" : "78663"
}, {
  "kecamatan" : "Binjai Hulu",
  "kelurahan" : "Telaga Satu",
  "kodepos" : "78663"
}, {
  "kecamatan" : "Binjai Hulu",
  "kelurahan" : "Simba Raya",
  "kodepos" : "78663"
}, {
  "kecamatan" : "Binjai Hulu",
  "kelurahan" : "Sungai Risap Mensiku Bersatu",
  "kodepos" : "78663"
}, {
  "kecamatan" : "Binjai Hulu",
  "kelurahan" : "Mensiku",
  "kodepos" : "78663"
}, {
  "kecamatan" : "Binjai Hulu",
  "kelurahan" : "Sei/Sungai Risap",
  "kodepos" : "78663"
}, {
  "kecamatan" : "Binjai Hulu",
  "kelurahan" : "Binjai Hulu",
  "kodepos" : "78663"
}, {
  "kecamatan" : "Binjai Hulu",
  "kelurahan" : "Dak Jaya",
  "kodepos" : "78663"
}, {
  "kecamatan" : "Binjai Hulu",
  "kelurahan" : "Empaka Kabiau Raya",
  "kodepos" : "78663"
}, {
  "kecamatan" : "Binjai Hulu",
  "kelurahan" : "Ampar Bedang",
  "kodepos" : "78663"
}, {
  "kecamatan" : "Binjai Hulu",
  "kelurahan" : "Binjai Hilir",
  "kodepos" : "78663"
}, {
  "kecamatan" : "Sepauk",
  "kelurahan" : "Temiang Kapuas",
  "kodepos" : "78662"
}, {
  "kecamatan" : "Sepauk",
  "kelurahan" : "Temawang Bulai",
  "kodepos" : "78662"
}, {
  "kecamatan" : "Sepauk",
  "kelurahan" : "Temawang Muntai",
  "kodepos" : "78662"
}, {
  "kecamatan" : "Sepauk",
  "kelurahan" : "Tanjung Hulu",
  "kodepos" : "78662"
}, {
  "kecamatan" : "Sepauk",
  "kelurahan" : "Tanjung Ria",
  "kodepos" : "78662"
}, {
  "kecamatan" : "Sepauk",
  "kelurahan" : "Tawang Sari",
  "kodepos" : "78662"
}, {
  "kecamatan" : "Sepauk",
  "kelurahan" : "Sungai Segak",
  "kodepos" : "78662"
}, {
  "kecamatan" : "Sepauk",
  "kelurahan" : "Tanjung Balai",
  "kodepos" : "78662"
}, {
  "kecamatan" : "Sepauk",
  "kelurahan" : "Sukau Bersatu",
  "kodepos" : "78662"
}, {
  "kecamatan" : "Sepauk",
  "kelurahan" : "Sungai Raya",
  "kodepos" : "78662"
}, {
  "kecamatan" : "Sepauk",
  "kelurahan" : "Sirang Setambang",
  "kodepos" : "78662"
}, {
  "kecamatan" : "Sepauk",
  "kelurahan" : "Sepulut",
  "kodepos" : "78662"
}, {
  "kecamatan" : "Sepauk",
  "kelurahan" : "Sinar Pekayau",
  "kodepos" : "78662"
}, {
  "kecamatan" : "Sepauk",
  "kelurahan" : "Sekubang",
  "kodepos" : "78662"
}, {
  "kecamatan" : "Sepauk",
  "kelurahan" : "Sekujam Timbai",
  "kodepos" : "78662"
}, {
  "kecamatan" : "Sepauk",
  "kelurahan" : "Semuntai",
  "kodepos" : "78662"
}, {
  "kecamatan" : "Sepauk",
  "kelurahan" : "Paoh Benua",
  "kodepos" : "78662"
}, {
  "kecamatan" : "Sepauk",
  "kelurahan" : "Peninsung",
  "kodepos" : "78662"
}, {
  "kecamatan" : "Sepauk",
  "kelurahan" : "Nanga Pari",
  "kodepos" : "78662"
}, {
  "kecamatan" : "Sepauk",
  "kelurahan" : "Nanga Sepauk",
  "kodepos" : "78662"
}, {
  "kecamatan" : "Sepauk",
  "kelurahan" : "Mait Hilir",
  "kodepos" : "78662"
}, {
  "kecamatan" : "Sepauk",
  "kelurahan" : "Manis Raya",
  "kodepos" : "78662"
}, {
  "kecamatan" : "Sepauk",
  "kelurahan" : "Nanga Libau",
  "kodepos" : "78662"
}, {
  "kecamatan" : "Sepauk",
  "kelurahan" : "Landau Panjang",
  "kodepos" : "78662"
}, {
  "kecamatan" : "Sepauk",
  "kelurahan" : "Lengkenat",
  "kodepos" : "78662"
}, {
  "kecamatan" : "Sepauk",
  "kelurahan" : "Kemantan",
  "kodepos" : "78662"
}, {
  "kecamatan" : "Sepauk",
  "kelurahan" : "Kenyauk",
  "kodepos" : "78662"
}, {
  "kecamatan" : "Sepauk",
  "kelurahan" : "Ensabang",
  "kodepos" : "78662"
}, {
  "kecamatan" : "Sepauk",
  "kelurahan" : "Gernis Jaya",
  "kodepos" : "78662"
}, {
  "kecamatan" : "Sepauk",
  "kelurahan" : "Bernayau",
  "kodepos" : "78662"
}, {
  "kecamatan" : "Sepauk",
  "kelurahan" : "Buluh Kuning",
  "kodepos" : "78662"
}, {
  "kecamatan" : "Sepauk",
  "kelurahan" : "Bedayan",
  "kodepos" : "78662"
}, {
  "kecamatan" : "Sepauk",
  "kelurahan" : "Bangun",
  "kodepos" : "78662"
}, {
  "kecamatan" : "Tempunak",
  "kelurahan" : "Tanjung Perada",
  "kodepos" : "78661"
}, {
  "kecamatan" : "Tempunak",
  "kelurahan" : "Tempunak Kapuas",
  "kodepos" : "78661"
}, {
  "kecamatan" : "Tempunak",
  "kelurahan" : "Tinum Baru",
  "kodepos" : "78661"
}, {
  "kecamatan" : "Tempunak",
  "kelurahan" : "Sungai Buluh",
  "kodepos" : "78661"
}, {
  "kecamatan" : "Tempunak",
  "kelurahan" : "Riam Batu",
  "kodepos" : "78661"
}, {
  "kecamatan" : "Tempunak",
  "kelurahan" : "Suka Jaya",
  "kodepos" : "78661"
}, {
  "kecamatan" : "Tempunak",
  "kelurahan" : "Repak Sari",
  "kodepos" : "78661"
}, {
  "kecamatan" : "Tempunak",
  "kelurahan" : "Pulau Jaya",
  "kodepos" : "78661"
}, {
  "kecamatan" : "Tempunak",
  "kelurahan" : "Pangkal Baru",
  "kodepos" : "78661"
}, {
  "kecamatan" : "Tempunak",
  "kelurahan" : "Paribang Baru",
  "kodepos" : "78661"
}, {
  "kecamatan" : "Tempunak",
  "kelurahan" : "Pudau Bersatu",
  "kodepos" : "78661"
}, {
  "kecamatan" : "Tempunak",
  "kelurahan" : "Pagal Baru",
  "kodepos" : "78661"
}, {
  "kecamatan" : "Tempunak",
  "kelurahan" : "Merti Jaya",
  "kodepos" : "78661"
}, {
  "kecamatan" : "Tempunak",
  "kelurahan" : "Nanga Tempunak",
  "kodepos" : "78661"
}, {
  "kecamatan" : "Tempunak",
  "kelurahan" : "Mensiap Baru",
  "kodepos" : "78661"
}, {
  "kecamatan" : "Tempunak",
  "kelurahan" : "Mengkurat Baru",
  "kodepos" : "78661"
}, {
  "kecamatan" : "Tempunak",
  "kelurahan" : "Kupan Jaya",
  "kodepos" : "78661"
}, {
  "kecamatan" : "Tempunak",
  "kelurahan" : "Kenyabur Baru",
  "kodepos" : "78661"
}, {
  "kecamatan" : "Tempunak",
  "kelurahan" : "Kuala Tiga",
  "kodepos" : "78661"
}, {
  "kecamatan" : "Tempunak",
  "kelurahan" : "Jaya Mentari",
  "kodepos" : "78661"
}, {
  "kecamatan" : "Tempunak",
  "kelurahan" : "Benua Kencana",
  "kodepos" : "78661"
}, {
  "kecamatan" : "Tempunak",
  "kelurahan" : "Gurung Mali",
  "kodepos" : "78661"
}, {
  "kecamatan" : "Tempunak",
  "kelurahan" : "Benua Baru",
  "kodepos" : "78661"
}, {
  "kecamatan" : "Tempunak",
  "kelurahan" : "Balai Harapan",
  "kodepos" : "78661"
}, {
  "kecamatan" : "Kelam Permai",
  "kelurahan" : "Sungai Labi",
  "kodepos" : "78656"
}, {
  "kecamatan" : "Kelam Permai",
  "kelurahan" : "Sungai Lais",
  "kodepos" : "78656"
}, {
  "kecamatan" : "Kelam Permai",
  "kelurahan" : "Sepan Lebang",
  "kodepos" : "78656"
}, {
  "kecamatan" : "Kelam Permai",
  "kelurahan" : "Sei/Sungai Maram",
  "kodepos" : "78656"
}, {
  "kecamatan" : "Kelam Permai",
  "kelurahan" : "Sei/Sungai Pukat",
  "kodepos" : "78656"
}, {
  "kecamatan" : "Kelam Permai",
  "kelurahan" : "Pelimping",
  "kodepos" : "78656"
}, {
  "kecamatan" : "Kelam Permai",
  "kelurahan" : "Nanga Lebang",
  "kodepos" : "78656"
}, {
  "kecamatan" : "Kelam Permai",
  "kelurahan" : "Merpak",
  "kodepos" : "78656"
}, {
  "kecamatan" : "Kelam Permai",
  "kelurahan" : "Landau Kodam",
  "kodepos" : "78656"
}, {
  "kecamatan" : "Kelam Permai",
  "kelurahan" : "Mandiri Jaya",
  "kodepos" : "78656"
}, {
  "kecamatan" : "Kelam Permai",
  "kelurahan" : "Kebong",
  "kodepos" : "78656"
}, {
  "kecamatan" : "Kelam Permai",
  "kelurahan" : "Gemba Raya",
  "kodepos" : "78656"
}, {
  "kecamatan" : "Kelam Permai",
  "kelurahan" : "Karya Jaya Bhakti",
  "kodepos" : "78656"
}, {
  "kecamatan" : "Kelam Permai",
  "kelurahan" : "Bengkuang",
  "kodepos" : "78656"
}, {
  "kecamatan" : "Kelam Permai",
  "kelurahan" : "Ensaid Panjang",
  "kodepos" : "78656"
}, {
  "kecamatan" : "Kelam Permai",
  "kelurahan" : "Baning Panjang",
  "kodepos" : "78656"
}, {
  "kecamatan" : "Sungai Tebelian",
  "kelurahan" : "Sei/Sungai Ukoi",
  "kodepos" : "78655"
}, {
  "kecamatan" : "Sungai Tebelian",
  "kelurahan" : "Riam Kijang",
  "kodepos" : "78655"
}, {
  "kecamatan" : "Sungai Tebelian",
  "kelurahan" : "Sarai",
  "kodepos" : "78655"
}, {
  "kecamatan" : "Sungai Tebelian",
  "kelurahan" : "Ransi Dakan",
  "kodepos" : "78655"
}, {
  "kecamatan" : "Sungai Tebelian",
  "kelurahan" : "Rarai",
  "kodepos" : "78655"
}, {
  "kecamatan" : "Sungai Tebelian",
  "kelurahan" : "Penjernang Hulu",
  "kodepos" : "78655"
}, {
  "kecamatan" : "Sungai Tebelian",
  "kelurahan" : "Perembang",
  "kodepos" : "78655"
}, {
  "kecamatan" : "Sungai Tebelian",
  "kelurahan" : "Penjernang",
  "kodepos" : "78655"
}, {
  "kecamatan" : "Sungai Tebelian",
  "kelurahan" : "Nobal",
  "kodepos" : "78655"
}, {
  "kecamatan" : "Sungai Tebelian",
  "kelurahan" : "Merarai Dua",
  "kodepos" : "78655"
}, {
  "kecamatan" : "Sungai Tebelian",
  "kelurahan" : "Merarai Satu",
  "kodepos" : "78655"
}, {
  "kecamatan" : "Sungai Tebelian",
  "kelurahan" : "Lebak Ubah",
  "kodepos" : "78655"
}, {
  "kecamatan" : "Sungai Tebelian",
  "kelurahan" : "Manter",
  "kodepos" : "78655"
}, {
  "kecamatan" : "Sungai Tebelian",
  "kelurahan" : "Melayang Sari",
  "kodepos" : "78655"
}, {
  "kecamatan" : "Sungai Tebelian",
  "kelurahan" : "Kajang Baru",
  "kodepos" : "78655"
}, {
  "kecamatan" : "Sungai Tebelian",
  "kelurahan" : "Laman Natai",
  "kodepos" : "78655"
}, {
  "kecamatan" : "Sungai Tebelian",
  "kelurahan" : "Gurung Kempadik",
  "kodepos" : "78655"
}, {
  "kecamatan" : "Sungai Tebelian",
  "kelurahan" : "Bonet Engkabang",
  "kodepos" : "78655"
}, {
  "kecamatan" : "Sungai Tebelian",
  "kelurahan" : "Bonet Lama",
  "kodepos" : "78655"
}, {
  "kecamatan" : "Sungai Tebelian",
  "kelurahan" : "Bancoh",
  "kodepos" : "78655"
}, {
  "kecamatan" : "Sungai Tebelian",
  "kelurahan" : "Baya (Baya Betong)",
  "kodepos" : "78655"
}, {
  "kecamatan" : "Ketungau Hulu",
  "kelurahan" : "Sungai Pisau",
  "kodepos" : "78654"
}, {
  "kecamatan" : "Ketungau Hulu",
  "kelurahan" : "Suak Medang",
  "kodepos" : "78654"
}, {
  "kecamatan" : "Ketungau Hulu",
  "kelurahan" : "Sungai Bugau",
  "kodepos" : "78654"
}, {
  "kecamatan" : "Ketungau Hulu",
  "kelurahan" : "Senaning",
  "kodepos" : "78654"
}, {
  "kecamatan" : "Ketungau Hulu",
  "kelurahan" : "Sepiluk",
  "kodepos" : "78654"
}, {
  "kecamatan" : "Ketungau Hulu",
  "kelurahan" : "Sebetung Paluk",
  "kodepos" : "78654"
}, {
  "kecamatan" : "Ketungau Hulu",
  "kelurahan" : "Sei/Sungai Seria",
  "kodepos" : "78654"
}, {
  "kecamatan" : "Ketungau Hulu",
  "kelurahan" : "Sekaih",
  "kodepos" : "78654"
}, {
  "kecamatan" : "Ketungau Hulu",
  "kelurahan" : "Rasau",
  "kodepos" : "78654"
}, {
  "kecamatan" : "Ketungau Hulu",
  "kelurahan" : "Sebadak",
  "kodepos" : "78654"
}, {
  "kecamatan" : "Ketungau Hulu",
  "kelurahan" : "Nanga Bugau",
  "kodepos" : "78654"
}, {
  "kecamatan" : "Ketungau Hulu",
  "kelurahan" : "Nanga Sebawang",
  "kodepos" : "78654"
}, {
  "kecamatan" : "Ketungau Hulu",
  "kelurahan" : "Muakan Petinggi",
  "kodepos" : "78654"
}, {
  "kecamatan" : "Ketungau Hulu",
  "kelurahan" : "Nanga Bayan",
  "kodepos" : "78654"
}, {
  "kecamatan" : "Ketungau Hulu",
  "kelurahan" : "Empunak Tapang Keladan",
  "kodepos" : "78654"
}, {
  "kecamatan" : "Ketungau Hulu",
  "kelurahan" : "Empura",
  "kodepos" : "78654"
}, {
  "kecamatan" : "Ketungau Hulu",
  "kelurahan" : "Jasa",
  "kodepos" : "78654"
}, {
  "kecamatan" : "Ketungau Hulu",
  "kelurahan" : "Bekuan Luyang",
  "kodepos" : "78654"
}, {
  "kecamatan" : "Ketungau Tengah",
  "kelurahan" : "Terta Karya",
  "kodepos" : "78653"
}, {
  "kecamatan" : "Ketungau Tengah",
  "kelurahan" : "Wana Bhakti",
  "kodepos" : "78653"
}, {
  "kecamatan" : "Ketungau Tengah",
  "kelurahan" : "Wirayuda",
  "kodepos" : "78653"
}, {
  "kecamatan" : "Ketungau Tengah",
  "kelurahan" : "Tanjung Sari",
  "kodepos" : "78653"
}, {
  "kecamatan" : "Ketungau Tengah",
  "kelurahan" : "Swadaya",
  "kodepos" : "78653"
}, {
  "kecamatan" : "Ketungau Tengah",
  "kelurahan" : "Senangan Kecil",
  "kodepos" : "78653"
}, {
  "kecamatan" : "Ketungau Tengah",
  "kelurahan" : "Sumber Sari",
  "kodepos" : "78653"
}, {
  "kecamatan" : "Ketungau Tengah",
  "kelurahan" : "Sungai Areh",
  "kodepos" : "78653"
}, {
  "kecamatan" : "Ketungau Tengah",
  "kelurahan" : "Panggi Agung",
  "kodepos" : "78653"
}, {
  "kecamatan" : "Ketungau Tengah",
  "kelurahan" : "Mungguk Lawang",
  "kodepos" : "78653"
}, {
  "kecamatan" : "Ketungau Tengah",
  "kelurahan" : "Nanga Kelapan",
  "kodepos" : "78653"
}, {
  "kecamatan" : "Ketungau Tengah",
  "kelurahan" : "Panding Jaya",
  "kodepos" : "78653"
}, {
  "kecamatan" : "Ketungau Tengah",
  "kelurahan" : "Marga Hayu",
  "kodepos" : "78653"
}, {
  "kecamatan" : "Ketungau Tengah",
  "kelurahan" : "Mungguk Gelombang",
  "kodepos" : "78653"
}, {
  "kecamatan" : "Ketungau Tengah",
  "kelurahan" : "Kayu Dujung",
  "kodepos" : "78653"
}, {
  "kecamatan" : "Ketungau Tengah",
  "kelurahan" : "Kerta Sari",
  "kodepos" : "78653"
}, {
  "kecamatan" : "Ketungau Tengah",
  "kelurahan" : "Landau Buaya",
  "kodepos" : "78653"
}, {
  "kecamatan" : "Ketungau Tengah",
  "kelurahan" : "Begelang Jaya",
  "kodepos" : "78653"
}, {
  "kecamatan" : "Ketungau Tengah",
  "kelurahan" : "Gut Jaya Bakti",
  "kodepos" : "78653"
}, {
  "kecamatan" : "Ketungau Hilir",
  "kelurahan" : "Tanjung Baung",
  "kodepos" : "78652"
}, {
  "kecamatan" : "Ketungau Tengah",
  "kelurahan" : "Argo Mulyo",
  "kodepos" : "78653"
}, {
  "kecamatan" : "Ketungau Hilir",
  "kelurahan" : "Senibung",
  "kodepos" : "78652"
}, {
  "kecamatan" : "Ketungau Hilir",
  "kelurahan" : "Setungkup",
  "kodepos" : "78652"
}, {
  "kecamatan" : "Ketungau Hilir",
  "kelurahan" : "Sei/Sungai Mali",
  "kodepos" : "78652"
}, {
  "kecamatan" : "Ketungau Hilir",
  "kelurahan" : "Semajau Mekar",
  "kodepos" : "78652"
}, {
  "kecamatan" : "Ketungau Hilir",
  "kelurahan" : "Semuntai",
  "kodepos" : "78652"
}, {
  "kecamatan" : "Ketungau Hilir",
  "kelurahan" : "Nanga Merkak",
  "kodepos" : "78652"
}, {
  "kecamatan" : "Ketungau Hilir",
  "kelurahan" : "Nanga Sejirak",
  "kodepos" : "78652"
}, {
  "kecamatan" : "Ketungau Hilir",
  "kelurahan" : "Sei/Sungai Deras",
  "kodepos" : "78652"
}, {
  "kecamatan" : "Ketungau Hilir",
  "kelurahan" : "Bukit Sidin Permai",
  "kodepos" : "78652"
}, {
  "kecamatan" : "Ketungau Hilir",
  "kelurahan" : "Kenuak",
  "kodepos" : "78652"
}, {
  "kecamatan" : "Ketungau Hilir",
  "kelurahan" : "Nanga Ketungau",
  "kodepos" : "78652"
}, {
  "kecamatan" : "Ketungau Hilir",
  "kelurahan" : "Beluh Mulyo",
  "kodepos" : "78652"
}, {
  "kecamatan" : "Ketungau Hilir",
  "kelurahan" : "Betung Permai",
  "kodepos" : "78652"
}, {
  "kecamatan" : "Ketungau Hilir",
  "kelurahan" : "Baung Sengatap",
  "kodepos" : "78652"
}, {
  "kecamatan" : "Ketungau Hilir",
  "kelurahan" : "Batu Ampar",
  "kodepos" : "78652"
}, {
  "kecamatan" : "Sintang",
  "kelurahan" : "Sungai Ana",
  "kodepos" : "78619"
}, {
  "kecamatan" : "Ketungau Hilir",
  "kelurahan" : "Air Nyuruk",
  "kodepos" : "78652"
}, {
  "kecamatan" : "Sintang",
  "kelurahan" : "Lalang Baru",
  "kodepos" : "78617"
}, {
  "kecamatan" : "Sintang",
  "kelurahan" : "Merti Guna",
  "kodepos" : "78618"
}, {
  "kecamatan" : "Sintang",
  "kelurahan" : "Tertong",
  "kodepos" : "78616"
}, {
  "kecamatan" : "Sintang",
  "kelurahan" : "Anggah Jaya",
  "kodepos" : "78617"
}, {
  "kecamatan" : "Sintang",
  "kelurahan" : "Mungguk Bantok",
  "kodepos" : "78616"
}, {
  "kecamatan" : "Sintang",
  "kelurahan" : "Teluk Kelansam",
  "kodepos" : "78616"
}, {
  "kecamatan" : "Sintang",
  "kelurahan" : "Kapuas Kiri Hilir",
  "kodepos" : "78615"
}, {
  "kecamatan" : "Sintang",
  "kelurahan" : "Kapuas Kiri Hulu",
  "kodepos" : "78616"
}, {
  "kecamatan" : "Sintang",
  "kelurahan" : "Kapuas Kanan Hulu",
  "kodepos" : "78614"
}, {
  "kecamatan" : "Sintang",
  "kelurahan" : "Ladang",
  "kodepos" : "78612"
}, {
  "kecamatan" : "Sintang",
  "kelurahan" : "Kapuas Kanan Hilir",
  "kodepos" : "78613"
}, {
  "kecamatan" : "Sintang",
  "kelurahan" : "Tanjung Puri",
  "kodepos" : "78611"
}, {
  "kecamatan" : "Sintang",
  "kelurahan" : "Baning Kota",
  "kodepos" : "78612"
}, {
  "kecamatan" : "Sintang",
  "kelurahan" : "Tanjung Kelansam",
  "kodepos" : "78611"
} ]
