[ {
  "kecamatan" : "Sei/Sungai Ambawang",
  "kelurahan" : "Sei/Sungai Ambawang Kuala",
  "kodepos" : "78393"
}, {
  "kecamatan" : "Sei/Sungai Ambawang",
  "kelurahan" : "Simpang Kanan",
  "kodepos" : "78393"
}, {
  "kecamatan" : "Sei/Sungai Ambawang",
  "kelurahan" : "Teluk Bakung",
  "kodepos" : "78393"
}, {
  "kecamatan" : "Sei/Sungai Ambawang",
  "kelurahan" : "Pasak Piang",
  "kodepos" : "78393"
}, {
  "kecamatan" : "Sei/Sungai Ambawang",
  "kelurahan" : "Puguk",
  "kodepos" : "78393"
}, {
  "kecamatan" : "Sei/Sungai Ambawang",
  "kelurahan" : "Panca Roba",
  "kodepos" : "78393"
}, {
  "kecamatan" : "Sei/Sungai Ambawang",
  "kelurahan" : "Pasak",
  "kodepos" : "78393"
}, {
  "kecamatan" : "Sei/Sungai Ambawang",
  "kelurahan" : "Lingga",
  "kodepos" : "78393"
}, {
  "kecamatan" : "Sei/Sungai Ambawang",
  "kelurahan" : "Mega Timur",
  "kodepos" : "78393"
}, {
  "kecamatan" : "Sei/Sungai Ambawang",
  "kelurahan" : "Jawa Tengah",
  "kodepos" : "78393"
}, {
  "kecamatan" : "Sei/Sungai Ambawang",
  "kelurahan" : "Korek",
  "kodepos" : "78393"
}, {
  "kecamatan" : "Sei/Sungai Ambawang",
  "kelurahan" : "Bengkarek",
  "kodepos" : "78393"
}, {
  "kecamatan" : "Sei/Sungai Ambawang",
  "kelurahan" : "Durian (Sungai Durian)",
  "kodepos" : "78393"
}, {
  "kecamatan" : "Terentang",
  "kelurahan" : "Terentang Hulu",
  "kodepos" : "78392"
}, {
  "kecamatan" : "Terentang",
  "kelurahan" : "Teluk Bayur",
  "kodepos" : "78392"
}, {
  "kecamatan" : "Terentang",
  "kelurahan" : "Teluk Empening",
  "kodepos" : "78392"
}, {
  "kecamatan" : "Terentang",
  "kelurahan" : "Terentang Hilir",
  "kodepos" : "78392"
}, {
  "kecamatan" : "Terentang",
  "kelurahan" : "Sei/Sungai Radak I",
  "kodepos" : "78392"
}, {
  "kecamatan" : "Terentang",
  "kelurahan" : "Sei/Sungai Radak II",
  "kodepos" : "78392"
}, {
  "kecamatan" : "Terentang",
  "kelurahan" : "Sei/Sungai Dungun",
  "kodepos" : "78392"
}, {
  "kecamatan" : "Terentang",
  "kelurahan" : "Permata",
  "kodepos" : "78392"
}, {
  "kecamatan" : "Sei/Sungai Raya",
  "kelurahan" : "Teluk Kapuas",
  "kodepos" : "78391"
}, {
  "kecamatan" : "Terentang",
  "kelurahan" : "Betuah",
  "kodepos" : "78392"
}, {
  "kecamatan" : "Sei/Sungai Raya",
  "kelurahan" : "Sungai Raya Dalam",
  "kodepos" : "78391"
}, {
  "kecamatan" : "Sei/Sungai Raya",
  "kelurahan" : "Tebang Kacang",
  "kodepos" : "78391"
}, {
  "kecamatan" : "Sei/Sungai Raya",
  "kelurahan" : "Sei/Sungai Bulan",
  "kodepos" : "78391"
}, {
  "kecamatan" : "Sei/Sungai Raya",
  "kelurahan" : "Sei/Sungai Raya",
  "kodepos" : "78391"
}, {
  "kecamatan" : "Sei/Sungai Raya",
  "kelurahan" : "Sei/Sungai Ambangah",
  "kodepos" : "78391"
}, {
  "kecamatan" : "Sei/Sungai Raya",
  "kelurahan" : "Sei/Sungai Asam",
  "kodepos" : "78391"
}, {
  "kecamatan" : "Sei/Sungai Raya",
  "kelurahan" : "Pulau Jambu",
  "kodepos" : "78391"
}, {
  "kecamatan" : "Sei/Sungai Raya",
  "kelurahan" : "Pulau Limbung",
  "kodepos" : "78391"
}, {
  "kecamatan" : "Sei/Sungai Raya",
  "kelurahan" : "Parit Dalam",
  "kodepos" : "78391"
}, {
  "kecamatan" : "Sei/Sungai Raya",
  "kelurahan" : "Mekar Sari",
  "kodepos" : "78391"
}, {
  "kecamatan" : "Sei/Sungai Raya",
  "kelurahan" : "Muara Baru",
  "kodepos" : "78391"
}, {
  "kecamatan" : "Sei/Sungai Raya",
  "kelurahan" : "Madu Sari",
  "kodepos" : "78391"
}, {
  "kecamatan" : "Sei/Sungai Raya",
  "kelurahan" : "Mekar Baru",
  "kodepos" : "78391"
}, {
  "kecamatan" : "Sei/Sungai Raya",
  "kelurahan" : "Kuala Dua",
  "kodepos" : "78391"
}, {
  "kecamatan" : "Sei/Sungai Raya",
  "kelurahan" : "Limbung",
  "kodepos" : "78391"
}, {
  "kecamatan" : "Sei/Sungai Raya",
  "kelurahan" : "Gunung Tamang",
  "kodepos" : "78391"
}, {
  "kecamatan" : "Sei/Sungai Raya",
  "kelurahan" : "Kali Bandung",
  "kodepos" : "78391"
}, {
  "kecamatan" : "Sei/Sungai Raya",
  "kelurahan" : "Arang Limbung",
  "kodepos" : "78391"
}, {
  "kecamatan" : "Batu Ampar",
  "kelurahan" : "Teluk Pakedai Dua",
  "kodepos" : "78385"
}, {
  "kecamatan" : "Batu Ampar",
  "kelurahan" : "Tasik Malaya",
  "kodepos" : "78385"
}, {
  "kecamatan" : "Batu Ampar",
  "kelurahan" : "Teluk Nibung",
  "kodepos" : "78385"
}, {
  "kecamatan" : "Batu Ampar",
  "kelurahan" : "Tanjung Beringin",
  "kodepos" : "78385"
}, {
  "kecamatan" : "Batu Ampar",
  "kelurahan" : "Tanjung Harapan",
  "kodepos" : "78385"
}, {
  "kecamatan" : "Batu Ampar",
  "kelurahan" : "Sei/Sungai Jawi",
  "kodepos" : "78385"
}, {
  "kecamatan" : "Batu Ampar",
  "kelurahan" : "Sei/Sungai Kerawang",
  "kodepos" : "78385"
}, {
  "kecamatan" : "Batu Ampar",
  "kelurahan" : "Sumber Agung",
  "kodepos" : "78385"
}, {
  "kecamatan" : "Batu Ampar",
  "kelurahan" : "Sei/Sungai Besar",
  "kodepos" : "78385"
}, {
  "kecamatan" : "Batu Ampar",
  "kelurahan" : "Padang Tikar II",
  "kodepos" : "78385"
}, {
  "kecamatan" : "Batu Ampar",
  "kelurahan" : "Nipah Panjang",
  "kodepos" : "78385"
}, {
  "kecamatan" : "Batu Ampar",
  "kelurahan" : "Padang Tikar I",
  "kodepos" : "78385"
}, {
  "kecamatan" : "Batu Ampar",
  "kelurahan" : "Batu Ampar",
  "kodepos" : "78385"
}, {
  "kecamatan" : "Batu Ampar",
  "kelurahan" : "Muara Tiga",
  "kodepos" : "78385"
}, {
  "kecamatan" : "Kubu",
  "kelurahan" : "Teluk Nangka",
  "kodepos" : "78384"
}, {
  "kecamatan" : "Batu Ampar",
  "kelurahan" : "Ambarawa",
  "kodepos" : "78385"
}, {
  "kecamatan" : "Kubu",
  "kelurahan" : "Sepakat Baru",
  "kodepos" : "78384"
}, {
  "kecamatan" : "Kubu",
  "kelurahan" : "Seruat Dua",
  "kodepos" : "78384"
}, {
  "kecamatan" : "Kubu",
  "kelurahan" : "Seruat Tiga",
  "kodepos" : "78384"
}, {
  "kecamatan" : "Kubu",
  "kelurahan" : "Sei/Sungai Selamat",
  "kodepos" : "78384"
}, {
  "kecamatan" : "Kubu",
  "kelurahan" : "Sei/Sungai Terus",
  "kodepos" : "78384"
}, {
  "kecamatan" : "Kubu",
  "kelurahan" : "Pinang Dalam",
  "kodepos" : "78384"
}, {
  "kecamatan" : "Kubu",
  "kelurahan" : "Pinang Luar",
  "kodepos" : "78384"
}, {
  "kecamatan" : "Kubu",
  "kelurahan" : "Olak Olak Kubu",
  "kodepos" : "78384"
}, {
  "kecamatan" : "Kubu",
  "kelurahan" : "Pelita Jaya",
  "kodepos" : "78384"
}, {
  "kecamatan" : "Kubu",
  "kelurahan" : "Mengkalang",
  "kodepos" : "78384"
}, {
  "kecamatan" : "Kubu",
  "kelurahan" : "Jangkang Satu",
  "kodepos" : "78384"
}, {
  "kecamatan" : "Kubu",
  "kelurahan" : "Mengkalang Jambu",
  "kodepos" : "78384"
}, {
  "kecamatan" : "Kubu",
  "kelurahan" : "Kubu",
  "kodepos" : "78384"
}, {
  "kecamatan" : "Kubu",
  "kelurahan" : "Jangkang Dua",
  "kodepos" : "78384"
}, {
  "kecamatan" : "Kubu",
  "kelurahan" : "Bemban (Sungai Bemban)",
  "kodepos" : "78384"
}, {
  "kecamatan" : "Kubu",
  "kelurahan" : "Dabong (Dabung)",
  "kodepos" : "78384"
}, {
  "kecamatan" : "Kubu",
  "kelurahan" : "Ambawang",
  "kodepos" : "78384"
}, {
  "kecamatan" : "Kubu",
  "kelurahan" : "Baru",
  "kodepos" : "78384"
}, {
  "kecamatan" : "Kubu",
  "kelurahan" : "Air Putih",
  "kodepos" : "78384"
}, {
  "kecamatan" : "Teluk/Telok Pakedai",
  "kelurahan" : "Teluk Pakedai I (Satu)",
  "kodepos" : "78383"
}, {
  "kecamatan" : "Teluk/Telok Pakedai",
  "kelurahan" : "Teluk Pakedai II (Dua)",
  "kodepos" : "78383"
}, {
  "kecamatan" : "Teluk/Telok Pakedai",
  "kelurahan" : "Teluk Gelam",
  "kodepos" : "78383"
}, {
  "kecamatan" : "Teluk/Telok Pakedai",
  "kelurahan" : "Teluk Pakedai Hulu",
  "kodepos" : "78383"
}, {
  "kecamatan" : "Teluk/Telok Pakedai",
  "kelurahan" : "Selat Remis",
  "kodepos" : "78383"
}, {
  "kecamatan" : "Teluk/Telok Pakedai",
  "kelurahan" : "Seruat I",
  "kodepos" : "78383"
}, {
  "kecamatan" : "Teluk/Telok Pakedai",
  "kelurahan" : "Tanjung Bunga",
  "kodepos" : "78383"
}, {
  "kecamatan" : "Teluk/Telok Pakedai",
  "kelurahan" : "Sei/Sungai Nibung",
  "kodepos" : "78383"
}, {
  "kecamatan" : "Teluk/Telok Pakedai",
  "kelurahan" : "Sei/Sungai Nipah",
  "kodepos" : "78383"
}, {
  "kecamatan" : "Teluk/Telok Pakedai",
  "kelurahan" : "Sei/Sungai Deras",
  "kodepos" : "78383"
}, {
  "kecamatan" : "Teluk/Telok Pakedai",
  "kelurahan" : "Pasir Putih",
  "kodepos" : "78383"
}, {
  "kecamatan" : "Teluk/Telok Pakedai",
  "kelurahan" : "Kuala Karang",
  "kodepos" : "78383"
}, {
  "kecamatan" : "Teluk/Telok Pakedai",
  "kelurahan" : "Madura",
  "kodepos" : "78383"
}, {
  "kecamatan" : "Teluk/Telok Pakedai",
  "kelurahan" : "Arus Deras",
  "kodepos" : "78383"
}, {
  "kecamatan" : "Rasau Jaya",
  "kelurahan" : "Rasau Jaya III (Tiga)",
  "kodepos" : "78382"
}, {
  "kecamatan" : "Rasau Jaya",
  "kelurahan" : "Rasau Jaya Umum",
  "kodepos" : "78382"
}, {
  "kecamatan" : "Rasau Jaya",
  "kelurahan" : "Pematang Tujuh",
  "kodepos" : "78382"
}, {
  "kecamatan" : "Rasau Jaya",
  "kelurahan" : "Rasau Jaya II (Dua)",
  "kodepos" : "78382"
}, {
  "kecamatan" : "Sei/Sungai Kakap",
  "kelurahan" : "Sepuk Laut",
  "kodepos" : "78381"
}, {
  "kecamatan" : "Sei/Sungai Kakap",
  "kelurahan" : "Tanjung Saleh",
  "kodepos" : "78381"
}, {
  "kecamatan" : "Rasau Jaya",
  "kelurahan" : "Bintang Mas",
  "kodepos" : "78382"
}, {
  "kecamatan" : "Sei/Sungai Kakap",
  "kelurahan" : "Sei/Sungai Kupah",
  "kodepos" : "78381"
}, {
  "kecamatan" : "Sei/Sungai Kakap",
  "kelurahan" : "Sei/Sungai Rengas",
  "kodepos" : "78381"
}, {
  "kecamatan" : "Sei/Sungai Kakap",
  "kelurahan" : "Sei/Sungai Itik",
  "kodepos" : "78381"
}, {
  "kecamatan" : "Sei/Sungai Kakap",
  "kelurahan" : "Sei/Sungai Kakap",
  "kodepos" : "78381"
}, {
  "kecamatan" : "Rasau Jaya",
  "kelurahan" : "Rasau Jaya I (Satu)",
  "kodepos" : "78381"
}, {
  "kecamatan" : "Sei/Sungai Kakap",
  "kelurahan" : "Sei/Sungai Belidak",
  "kodepos" : "78381"
}, {
  "kecamatan" : "Sei/Sungai Kakap",
  "kelurahan" : "Punggur Kapuas",
  "kodepos" : "78381"
}, {
  "kecamatan" : "Sei/Sungai Kakap",
  "kelurahan" : "Punggur Kecil",
  "kodepos" : "78381"
}, {
  "kecamatan" : "Sei/Sungai Kakap",
  "kelurahan" : "Punggur Besar",
  "kodepos" : "78381"
}, {
  "kecamatan" : "Sei/Sungai Kakap",
  "kelurahan" : "Pal Sembilan",
  "kodepos" : "78381"
}, {
  "kecamatan" : "Sei/Sungai Kakap",
  "kelurahan" : "Jeruju Besar",
  "kodepos" : "78381"
}, {
  "kecamatan" : "Sei/Sungai Kakap",
  "kelurahan" : "Kalimas",
  "kodepos" : "78381"
}, {
  "kecamatan" : "Kuala Mandor-B",
  "kelurahan" : "Retok",
  "kodepos" : "78355"
}, {
  "kecamatan" : "Kuala Mandor-B",
  "kelurahan" : "Sei/Sungai Enau",
  "kodepos" : "78355"
}, {
  "kecamatan" : "Kuala Mandor-B",
  "kelurahan" : "Kubu Padi",
  "kodepos" : "78355"
}, {
  "kecamatan" : "Kuala Mandor-B",
  "kelurahan" : "Kuala Mandor A",
  "kodepos" : "78355"
}, {
  "kecamatan" : "Kuala Mandor-B",
  "kelurahan" : "Kuala Mandor-B",
  "kodepos" : "78355"
}, {
  "kecamatan" : "Sei/Sungai Raya",
  "kelurahan" : "Kapur",
  "kodepos" : "78234"
} ]
