[ {
  "kecamatan" : "Banua Lawas",
  "kelurahan" : "Sei/Sungai Durian",
  "kodepos" : "72167"
}, {
  "kecamatan" : "Upau",
  "kelurahan" : "Pangelak",
  "kodepos" : "71575"
}, {
  "kecamatan" : "Upau",
  "kelurahan" : "Masingai II",
  "kodepos" : "71575"
}, {
  "kecamatan" : "Upau",
  "kelurahan" : "Kinarum",
  "kodepos" : "71575"
}, {
  "kecamatan" : "Upau",
  "kelurahan" : "Masingai I",
  "kodepos" : "71575"
}, {
  "kecamatan" : "Upau",
  "kelurahan" : "Kaong",
  "kodepos" : "71575"
}, {
  "kecamatan" : "Upau",
  "kelurahan" : "Bilas",
  "kodepos" : "71575"
}, {
  "kecamatan" : "Jaro",
  "kelurahan" : "Solan",
  "kodepos" : "71574"
}, {
  "kecamatan" : "Jaro",
  "kelurahan" : "Teratau",
  "kodepos" : "71574"
}, {
  "kecamatan" : "Jaro",
  "kelurahan" : "Purui",
  "kodepos" : "71574"
}, {
  "kecamatan" : "Jaro",
  "kelurahan" : "Nalui",
  "kodepos" : "71574"
}, {
  "kecamatan" : "Jaro",
  "kelurahan" : "Namun",
  "kodepos" : "71574"
}, {
  "kecamatan" : "Jaro",
  "kelurahan" : "Muang",
  "kodepos" : "71574"
}, {
  "kecamatan" : "Jaro",
  "kelurahan" : "Jaro",
  "kodepos" : "71574"
}, {
  "kecamatan" : "Jaro",
  "kelurahan" : "Lano",
  "kodepos" : "71574"
}, {
  "kecamatan" : "Muara Uya",
  "kelurahan" : "Uwie",
  "kodepos" : "71573"
}, {
  "kecamatan" : "Jaro",
  "kelurahan" : "Garagata",
  "kodepos" : "71574"
}, {
  "kecamatan" : "Muara Uya",
  "kelurahan" : "Sei/Sungai Kumap",
  "kodepos" : "71573"
}, {
  "kecamatan" : "Muara Uya",
  "kelurahan" : "Simpung Layung",
  "kodepos" : "71573"
}, {
  "kecamatan" : "Muara Uya",
  "kelurahan" : "Salikung",
  "kodepos" : "71573"
}, {
  "kecamatan" : "Muara Uya",
  "kelurahan" : "Santuun",
  "kodepos" : "71573"
}, {
  "kecamatan" : "Muara Uya",
  "kelurahan" : "Pelapi",
  "kodepos" : "71573"
}, {
  "kecamatan" : "Muara Uya",
  "kelurahan" : "Ribang",
  "kodepos" : "71573"
}, {
  "kecamatan" : "Muara Uya",
  "kelurahan" : "Pasar Batu",
  "kodepos" : "71573"
}, {
  "kecamatan" : "Muara Uya",
  "kelurahan" : "Muara Uya",
  "kodepos" : "71573"
}, {
  "kecamatan" : "Muara Uya",
  "kelurahan" : "Mangkupum",
  "kodepos" : "71573"
}, {
  "kecamatan" : "Muara Uya",
  "kelurahan" : "Kupang Nunding",
  "kodepos" : "71573"
}, {
  "kecamatan" : "Muara Uya",
  "kelurahan" : "Lumbang",
  "kodepos" : "71573"
}, {
  "kecamatan" : "Muara Uya",
  "kelurahan" : "Kampung Baru",
  "kodepos" : "71573"
}, {
  "kecamatan" : "Muara Uya",
  "kelurahan" : "Binjai",
  "kodepos" : "71573"
}, {
  "kecamatan" : "Haruai",
  "kelurahan" : "Wirang",
  "kodepos" : "71572"
}, {
  "kecamatan" : "Bintang Ara",
  "kelurahan" : "Waling",
  "kodepos" : "71572"
}, {
  "kecamatan" : "Bintang Ara",
  "kelurahan" : "Usih",
  "kodepos" : "71572"
}, {
  "kecamatan" : "Haruai",
  "kelurahan" : "Suriyan",
  "kodepos" : "71572"
}, {
  "kecamatan" : "Haruai",
  "kelurahan" : "Seradang",
  "kodepos" : "71572"
}, {
  "kecamatan" : "Haruai",
  "kelurahan" : "Suput",
  "kodepos" : "71572"
}, {
  "kecamatan" : "Bintang Ara",
  "kelurahan" : "Panaan",
  "kodepos" : "71572"
}, {
  "kecamatan" : "Haruai",
  "kelurahan" : "Nawin",
  "kodepos" : "71572"
}, {
  "kecamatan" : "Haruai",
  "kelurahan" : "Mahe Pasar",
  "kodepos" : "71572"
}, {
  "kecamatan" : "Haruai",
  "kelurahan" : "Marindi",
  "kodepos" : "71572"
}, {
  "kecamatan" : "Haruai",
  "kelurahan" : "Kembangkuning",
  "kodepos" : "71572"
}, {
  "kecamatan" : "Haruai",
  "kelurahan" : "Lok Batu",
  "kodepos" : "71572"
}, {
  "kecamatan" : "Bintang Ara",
  "kelurahan" : "Hegar Manah",
  "kodepos" : "71572"
}, {
  "kecamatan" : "Haruai",
  "kelurahan" : "Hayup",
  "kodepos" : "71572"
}, {
  "kecamatan" : "Haruai",
  "kelurahan" : "Halong",
  "kodepos" : "71572"
}, {
  "kecamatan" : "Bintang Ara",
  "kelurahan" : "Dambung (Raya)",
  "kodepos" : "71572"
}, {
  "kecamatan" : "Haruai",
  "kelurahan" : "Catur Karya",
  "kodepos" : "71572"
}, {
  "kecamatan" : "Bintang Ara",
  "kelurahan" : "Burum",
  "kodepos" : "71572"
}, {
  "kecamatan" : "Haruai",
  "kelurahan" : "Bongkang",
  "kodepos" : "71572"
}, {
  "kecamatan" : "Bintang Ara",
  "kelurahan" : "Bumi Makmur",
  "kodepos" : "71572"
}, {
  "kecamatan" : "Bintang Ara",
  "kelurahan" : "Bintang Ara",
  "kodepos" : "71572"
}, {
  "kecamatan" : "Murung Pudak",
  "kelurahan" : "Sulingan",
  "kodepos" : "71571"
}, {
  "kecamatan" : "Bintang Ara",
  "kelurahan" : "Argo Mulyo",
  "kodepos" : "71572"
}, {
  "kecamatan" : "Murung Pudak",
  "kelurahan" : "Masukau",
  "kodepos" : "71571"
}, {
  "kecamatan" : "Murung Pudak",
  "kelurahan" : "Pembataan",
  "kodepos" : "71571"
}, {
  "kecamatan" : "Murung Pudak",
  "kelurahan" : "Maburai",
  "kodepos" : "71571"
}, {
  "kecamatan" : "Murung Pudak",
  "kelurahan" : "Mabuun",
  "kodepos" : "71571"
}, {
  "kecamatan" : "Murung Pudak",
  "kelurahan" : "Kasiau Raya",
  "kodepos" : "71571"
}, {
  "kecamatan" : "Murung Pudak",
  "kelurahan" : "Kasiau",
  "kodepos" : "71571"
}, {
  "kecamatan" : "Murung Pudak",
  "kelurahan" : "Belimbing Raya",
  "kodepos" : "71571"
}, {
  "kecamatan" : "Murung Pudak",
  "kelurahan" : "Kapar",
  "kodepos" : "71571"
}, {
  "kecamatan" : "Tanta",
  "kelurahan" : "Warukin",
  "kodepos" : "71561"
}, {
  "kecamatan" : "Murung Pudak",
  "kelurahan" : "Belimbing",
  "kodepos" : "71571"
}, {
  "kecamatan" : "Tanta",
  "kelurahan" : "Tanta Hulu",
  "kodepos" : "71561"
}, {
  "kecamatan" : "Tanta",
  "kelurahan" : "Walangkir",
  "kodepos" : "71561"
}, {
  "kecamatan" : "Tanta",
  "kelurahan" : "Pulau KuU",
  "kodepos" : "71561"
}, {
  "kecamatan" : "Tanta",
  "kelurahan" : "Tamiyang",
  "kodepos" : "71561"
}, {
  "kecamatan" : "Tanta",
  "kelurahan" : "Tanta",
  "kodepos" : "71561"
}, {
  "kecamatan" : "Tanta",
  "kelurahan" : "Padangin",
  "kodepos" : "71561"
}, {
  "kecamatan" : "Tanta",
  "kelurahan" : "Pamarangan Kanan",
  "kodepos" : "71561"
}, {
  "kecamatan" : "Tanta",
  "kelurahan" : "Puain Kanan",
  "kodepos" : "71561"
}, {
  "kecamatan" : "Tanta",
  "kelurahan" : "Murung Baru",
  "kodepos" : "71561"
}, {
  "kecamatan" : "Tanta",
  "kelurahan" : "Padang Panjang",
  "kodepos" : "71561"
}, {
  "kecamatan" : "Tanta",
  "kelurahan" : "Luk Bayur",
  "kodepos" : "71561"
}, {
  "kecamatan" : "Tanta",
  "kelurahan" : "Mangkusip",
  "kodepos" : "71561"
}, {
  "kecamatan" : "Muara Harus",
  "kelurahan" : "Tantaringin",
  "kodepos" : "71555"
}, {
  "kecamatan" : "Tanta",
  "kelurahan" : "Barimbun",
  "kodepos" : "71561"
}, {
  "kecamatan" : "Muara Harus",
  "kelurahan" : "Mantuil",
  "kodepos" : "71555"
}, {
  "kecamatan" : "Muara Harus",
  "kelurahan" : "Murung Karangan",
  "kodepos" : "71555"
}, {
  "kecamatan" : "Muara Harus",
  "kelurahan" : "Padangin",
  "kodepos" : "71555"
}, {
  "kecamatan" : "Muara Harus",
  "kelurahan" : "Manduin",
  "kodepos" : "71555"
}, {
  "kecamatan" : "Muara Harus",
  "kelurahan" : "Madang",
  "kodepos" : "71555"
}, {
  "kecamatan" : "Pugaan",
  "kelurahan" : "Tamunti",
  "kodepos" : "71554"
}, {
  "kecamatan" : "Muara Harus",
  "kelurahan" : "Harus",
  "kodepos" : "71555"
}, {
  "kecamatan" : "Pugaan",
  "kelurahan" : "Sei/Sungai Rukam I",
  "kodepos" : "71554"
}, {
  "kecamatan" : "Pugaan",
  "kelurahan" : "Sei/Sungai Rukam II",
  "kodepos" : "71554"
}, {
  "kecamatan" : "Pugaan",
  "kelurahan" : "Pampanan",
  "kodepos" : "71554"
}, {
  "kecamatan" : "Pugaan",
  "kelurahan" : "Pugaan",
  "kodepos" : "71554"
}, {
  "kecamatan" : "Pugaan",
  "kelurahan" : "Jirak",
  "kodepos" : "71554"
}, {
  "kecamatan" : "Banua Lawas",
  "kelurahan" : "Talan",
  "kodepos" : "71553"
}, {
  "kecamatan" : "Pugaan",
  "kelurahan" : "Halangan",
  "kodepos" : "71554"
}, {
  "kecamatan" : "Banua Lawas",
  "kelurahan" : "Purai",
  "kodepos" : "71553"
}, {
  "kecamatan" : "Banua Lawas",
  "kelurahan" : "Sei/Sungai Anyar",
  "kodepos" : "71553"
}, {
  "kecamatan" : "Banua Lawas",
  "kelurahan" : "Hapalah",
  "kodepos" : "71553"
}, {
  "kecamatan" : "Banua Lawas",
  "kelurahan" : "Hariang",
  "kodepos" : "71553"
}, {
  "kecamatan" : "Banua Lawas",
  "kelurahan" : "Pematang",
  "kodepos" : "71553"
}, {
  "kecamatan" : "Banua Lawas",
  "kelurahan" : "Habau",
  "kodepos" : "71553"
}, {
  "kecamatan" : "Banua Lawas",
  "kelurahan" : "Habau Hulu",
  "kodepos" : "71553"
}, {
  "kecamatan" : "Banua Lawas",
  "kelurahan" : "Benua Rantau",
  "kodepos" : "71553"
}, {
  "kecamatan" : "Banua Lawas",
  "kelurahan" : "Bungin",
  "kodepos" : "71553"
}, {
  "kecamatan" : "Banua Lawas",
  "kelurahan" : "Banua Lawas",
  "kodepos" : "71553"
}, {
  "kecamatan" : "Banua Lawas",
  "kelurahan" : "Batang Banyu",
  "kodepos" : "71553"
}, {
  "kecamatan" : "Banua Lawas",
  "kelurahan" : "Bangkiling",
  "kodepos" : "71553"
}, {
  "kecamatan" : "Banua Lawas",
  "kelurahan" : "Bangkiling Raya",
  "kodepos" : "71553"
}, {
  "kecamatan" : "Kelua (Klua)",
  "kelurahan" : "Telagaitar",
  "kodepos" : "71552"
}, {
  "kecamatan" : "Kelua (Klua)",
  "kelurahan" : "Pulau",
  "kodepos" : "71552"
}, {
  "kecamatan" : "Kelua (Klua)",
  "kelurahan" : "Sei/Sungai Buluh",
  "kodepos" : "71552"
}, {
  "kecamatan" : "Kelua (Klua)",
  "kelurahan" : "Takulat",
  "kodepos" : "71552"
}, {
  "kecamatan" : "Kelua (Klua)",
  "kelurahan" : "Pasar Panas",
  "kodepos" : "71552"
}, {
  "kecamatan" : "Kelua (Klua)",
  "kelurahan" : "Pudak Stegal",
  "kodepos" : "71552"
}, {
  "kecamatan" : "Kelua (Klua)",
  "kelurahan" : "Masintan",
  "kodepos" : "71552"
}, {
  "kecamatan" : "Kelua (Klua)",
  "kelurahan" : "Paliat",
  "kodepos" : "71552"
}, {
  "kecamatan" : "Kelua (Klua)",
  "kelurahan" : "Karangan Putih",
  "kodepos" : "71552"
}, {
  "kecamatan" : "Kelua (Klua)",
  "kelurahan" : "Ampukung",
  "kodepos" : "71552"
}, {
  "kecamatan" : "Kelua (Klua)",
  "kelurahan" : "Bahungin",
  "kodepos" : "71552"
}, {
  "kecamatan" : "Kelua (Klua)",
  "kelurahan" : "Binturu",
  "kodepos" : "71552"
}, {
  "kecamatan" : "Tanjung",
  "kelurahan" : "Wayau",
  "kodepos" : "71515"
}, {
  "kecamatan" : "Tanjung",
  "kelurahan" : "Pamarangan Kiwa",
  "kodepos" : "71515"
}, {
  "kecamatan" : "Tanjung",
  "kelurahan" : "Puain Kiwa",
  "kodepos" : "71515"
}, {
  "kecamatan" : "Tanjung",
  "kelurahan" : "Sei/Sungai Pimping",
  "kodepos" : "71515"
}, {
  "kecamatan" : "Tanjung",
  "kelurahan" : "Kitang",
  "kodepos" : "71515"
}, {
  "kecamatan" : "Tanjung",
  "kelurahan" : "Mahe Seberang",
  "kodepos" : "71515"
}, {
  "kecamatan" : "Tanjung",
  "kelurahan" : "Kambitin",
  "kodepos" : "71515"
}, {
  "kecamatan" : "Tanjung",
  "kelurahan" : "Kambitin Raya",
  "kodepos" : "71515"
}, {
  "kecamatan" : "Tanjung",
  "kelurahan" : "Hikun",
  "kodepos" : "71515"
}, {
  "kecamatan" : "Tanjung",
  "kelurahan" : "Juai",
  "kodepos" : "71515"
}, {
  "kecamatan" : "Tanjung",
  "kelurahan" : "Banyu Tajun",
  "kodepos" : "71515"
}, {
  "kecamatan" : "Tanjung",
  "kelurahan" : "Garunggung",
  "kodepos" : "71515"
}, {
  "kecamatan" : "Tanjung",
  "kelurahan" : "Tanjung",
  "kodepos" : "71513"
}, {
  "kecamatan" : "Tanjung",
  "kelurahan" : "Agung",
  "kodepos" : "71514"
}, {
  "kecamatan" : "Tanjung",
  "kelurahan" : "Jangkung",
  "kodepos" : "71512"
} ]
