[ {
  "kecamatan" : "Halong",
  "kelurahan" : "Uren",
  "kodepos" : "71666"
}, {
  "kecamatan" : "Halong",
  "kelurahan" : "Tabuan",
  "kodepos" : "71666"
}, {
  "kecamatan" : "Halong",
  "kelurahan" : "Suryatama",
  "kodepos" : "71666"
}, {
  "kecamatan" : "Halong",
  "kelurahan" : "Puyun",
  "kodepos" : "71666"
}, {
  "kecamatan" : "Halong",
  "kelurahan" : "Sumber Agung",
  "kodepos" : "71666"
}, {
  "kecamatan" : "Halong",
  "kelurahan" : "Mauya",
  "kodepos" : "71666"
}, {
  "kecamatan" : "Halong",
  "kelurahan" : "Padang Raya",
  "kodepos" : "71666"
}, {
  "kecamatan" : "Halong",
  "kelurahan" : "Mamigang",
  "kodepos" : "71666"
}, {
  "kecamatan" : "Halong",
  "kelurahan" : "Mantuyan",
  "kodepos" : "71666"
}, {
  "kecamatan" : "Halong",
  "kelurahan" : "Marajai",
  "kodepos" : "71666"
}, {
  "kecamatan" : "Halong",
  "kelurahan" : "Liyu",
  "kodepos" : "71666"
}, {
  "kecamatan" : "Halong",
  "kelurahan" : "Mamantang",
  "kodepos" : "71666"
}, {
  "kecamatan" : "Halong",
  "kelurahan" : "Karya",
  "kodepos" : "71666"
}, {
  "kecamatan" : "Halong",
  "kelurahan" : "Halong",
  "kodepos" : "71666"
}, {
  "kecamatan" : "Halong",
  "kelurahan" : "Kapul",
  "kodepos" : "71666"
}, {
  "kecamatan" : "Halong",
  "kelurahan" : "Gunung Riut",
  "kodepos" : "71666"
}, {
  "kecamatan" : "Halong",
  "kelurahan" : "Ha Uwai",
  "kodepos" : "71666"
}, {
  "kecamatan" : "Halong",
  "kelurahan" : "Binuang Santang",
  "kodepos" : "71666"
}, {
  "kecamatan" : "Halong",
  "kelurahan" : "Buntut Pilanduk",
  "kodepos" : "71666"
}, {
  "kecamatan" : "Halong",
  "kelurahan" : "Binjai Punggal",
  "kodepos" : "71666"
}, {
  "kecamatan" : "Halong",
  "kelurahan" : "Binju",
  "kodepos" : "71666"
}, {
  "kecamatan" : "Halong",
  "kelurahan" : "Bangkal",
  "kodepos" : "71666"
}, {
  "kecamatan" : "Halong",
  "kelurahan" : "Baruh Panyambaran",
  "kodepos" : "71666"
}, {
  "kecamatan" : "Halong",
  "kelurahan" : "Aniungan",
  "kodepos" : "71666"
}, {
  "kecamatan" : "Juai",
  "kelurahan" : "Tigarun",
  "kodepos" : "71665"
}, {
  "kecamatan" : "Juai",
  "kelurahan" : "Wonorejo",
  "kodepos" : "71665"
}, {
  "kecamatan" : "Juai",
  "kelurahan" : "Tawahan",
  "kodepos" : "71665"
}, {
  "kecamatan" : "Juai",
  "kelurahan" : "Teluk Bayur",
  "kodepos" : "71665"
}, {
  "kecamatan" : "Juai",
  "kelurahan" : "Sirap",
  "kodepos" : "71665"
}, {
  "kecamatan" : "Juai",
  "kelurahan" : "Sumber Rejeki",
  "kodepos" : "71665"
}, {
  "kecamatan" : "Juai",
  "kelurahan" : "Panimbaan",
  "kodepos" : "71665"
}, {
  "kecamatan" : "Juai",
  "kelurahan" : "Sei/Sungai Batung",
  "kodepos" : "71665"
}, {
  "kecamatan" : "Juai",
  "kelurahan" : "Muara Ninian",
  "kodepos" : "71665"
}, {
  "kecamatan" : "Juai",
  "kelurahan" : "Mungkur Uyam",
  "kodepos" : "71665"
}, {
  "kecamatan" : "Juai",
  "kelurahan" : "Pamurus",
  "kodepos" : "71665"
}, {
  "kecamatan" : "Juai",
  "kelurahan" : "Marias",
  "kodepos" : "71665"
}, {
  "kecamatan" : "Juai",
  "kelurahan" : "Mihu",
  "kodepos" : "71665"
}, {
  "kecamatan" : "Juai",
  "kelurahan" : "Lalayau",
  "kodepos" : "71665"
}, {
  "kecamatan" : "Juai",
  "kelurahan" : "Juai",
  "kodepos" : "71665"
}, {
  "kecamatan" : "Juai",
  "kelurahan" : "Hukai",
  "kodepos" : "71665"
}, {
  "kecamatan" : "Juai",
  "kelurahan" : "Gulinggang",
  "kodepos" : "71665"
}, {
  "kecamatan" : "Juai",
  "kelurahan" : "Hamarung",
  "kodepos" : "71665"
}, {
  "kecamatan" : "Juai",
  "kelurahan" : "Buntu Karau",
  "kodepos" : "71665"
}, {
  "kecamatan" : "Juai",
  "kelurahan" : "Galumbang",
  "kodepos" : "71665"
}, {
  "kecamatan" : "Awayan",
  "kelurahan" : "Tundi",
  "kodepos" : "71664"
}, {
  "kecamatan" : "Juai",
  "kelurahan" : "Bata",
  "kodepos" : "71665"
}, {
  "kecamatan" : "Tebing Tinggi",
  "kelurahan" : "Tebing Tinggi",
  "kodepos" : "71664"
}, {
  "kecamatan" : "Tebing Tinggi",
  "kelurahan" : "Tebing Tinggi",
  "kodepos" : "71664"
}, {
  "kecamatan" : "Awayan",
  "kelurahan" : "Tangalin",
  "kodepos" : "71664"
}, {
  "kecamatan" : "Tebing Tinggi",
  "kelurahan" : "Simpang Nadung/Nadong",
  "kodepos" : "71664"
}, {
  "kecamatan" : "Tebing Tinggi",
  "kelurahan" : "Sungsum",
  "kodepos" : "71664"
}, {
  "kecamatan" : "Awayan",
  "kelurahan" : "Sikontan",
  "kodepos" : "71664"
}, {
  "kecamatan" : "Tebing Tinggi",
  "kelurahan" : "Simpang Bumbuan",
  "kodepos" : "71664"
}, {
  "kecamatan" : "Awayan",
  "kelurahan" : "Putat Basiun",
  "kodepos" : "71664"
}, {
  "kecamatan" : "Awayan",
  "kelurahan" : "Sei/Sungai Pumpung",
  "kodepos" : "71664"
}, {
  "kecamatan" : "Awayan",
  "kelurahan" : "Pulantan",
  "kodepos" : "71664"
}, {
  "kecamatan" : "Awayan",
  "kelurahan" : "Piyait",
  "kodepos" : "71664"
}, {
  "kecamatan" : "Awayan",
  "kelurahan" : "Pudak",
  "kodepos" : "71664"
}, {
  "kecamatan" : "Awayan",
  "kelurahan" : "Nungka",
  "kodepos" : "71664"
}, {
  "kecamatan" : "Awayan",
  "kelurahan" : "Pematang",
  "kodepos" : "71664"
}, {
  "kecamatan" : "Awayan",
  "kelurahan" : "Merah",
  "kodepos" : "71664"
}, {
  "kecamatan" : "Tebing Tinggi",
  "kelurahan" : "Mayanau",
  "kodepos" : "71664"
}, {
  "kecamatan" : "Awayan",
  "kelurahan" : "Muara Jaya",
  "kodepos" : "71664"
}, {
  "kecamatan" : "Tebing Tinggi",
  "kelurahan" : "Kambiyain",
  "kodepos" : "71664"
}, {
  "kecamatan" : "Awayan",
  "kelurahan" : "Kedondong",
  "kodepos" : "71664"
}, {
  "kecamatan" : "Tebing Tinggi",
  "kelurahan" : "Langkap",
  "kodepos" : "71664"
}, {
  "kecamatan" : "Tebing Tinggi",
  "kelurahan" : "Gunung Batu",
  "kodepos" : "71664"
}, {
  "kecamatan" : "Tebing Tinggi",
  "kelurahan" : "Ju Uh",
  "kodepos" : "71664"
}, {
  "kecamatan" : "Awayan",
  "kelurahan" : "Bihara Hilir",
  "kodepos" : "71664"
}, {
  "kecamatan" : "Tebing Tinggi",
  "kelurahan" : "Dayak Pitap",
  "kodepos" : "71664"
}, {
  "kecamatan" : "Awayan",
  "kelurahan" : "Bihara",
  "kodepos" : "71664"
}, {
  "kecamatan" : "Awayan",
  "kelurahan" : "Baramban",
  "kodepos" : "71664"
}, {
  "kecamatan" : "Awayan",
  "kelurahan" : "Baru",
  "kodepos" : "71664"
}, {
  "kecamatan" : "Awayan",
  "kelurahan" : "Awayan Hilir",
  "kodepos" : "71664"
}, {
  "kecamatan" : "Awayan",
  "kelurahan" : "Badalungga",
  "kodepos" : "71664"
}, {
  "kecamatan" : "Awayan",
  "kelurahan" : "Badalungga Hilir",
  "kodepos" : "71664"
}, {
  "kecamatan" : "Awayan",
  "kelurahan" : "Awayan",
  "kodepos" : "71664"
}, {
  "kecamatan" : "Tebing Tinggi",
  "kelurahan" : "Auh",
  "kodepos" : "71664"
}, {
  "kecamatan" : "Awayan",
  "kelurahan" : "Ambakiang (Ambakiyang)",
  "kodepos" : "71664"
}, {
  "kecamatan" : "Tebing Tinggi",
  "kelurahan" : "Ajung",
  "kodepos" : "71664"
}, {
  "kecamatan" : "Batu Mandi",
  "kelurahan" : "Timbun Tulang",
  "kodepos" : "71663"
}, {
  "kecamatan" : "Batu Mandi",
  "kelurahan" : "Tariwin",
  "kodepos" : "71663"
}, {
  "kecamatan" : "Batu Mandi",
  "kelurahan" : "Teluk Mesjid",
  "kodepos" : "71663"
}, {
  "kecamatan" : "Batu Mandi",
  "kelurahan" : "Pelajau",
  "kodepos" : "71663"
}, {
  "kecamatan" : "Batu Mandi",
  "kelurahan" : "Munjung",
  "kodepos" : "71663"
}, {
  "kecamatan" : "Batu Mandi",
  "kelurahan" : "Riwa",
  "kodepos" : "71663"
}, {
  "kecamatan" : "Batu Mandi",
  "kelurahan" : "Lok Batu",
  "kodepos" : "71663"
}, {
  "kecamatan" : "Batu Mandi",
  "kelurahan" : "Mampari",
  "kodepos" : "71663"
}, {
  "kecamatan" : "Batu Mandi",
  "kelurahan" : "Karuh",
  "kodepos" : "71663"
}, {
  "kecamatan" : "Batu Mandi",
  "kelurahan" : "Mantimin",
  "kodepos" : "71663"
}, {
  "kecamatan" : "Batu Mandi",
  "kelurahan" : "Kasai",
  "kodepos" : "71663"
}, {
  "kecamatan" : "Batu Mandi",
  "kelurahan" : "Gunung Manau",
  "kodepos" : "71663"
}, {
  "kecamatan" : "Batu Mandi",
  "kelurahan" : "Hamparaya",
  "kodepos" : "71663"
}, {
  "kecamatan" : "Batu Mandi",
  "kelurahan" : "Bungur",
  "kodepos" : "71663"
}, {
  "kecamatan" : "Batu Mandi",
  "kelurahan" : "Guha",
  "kodepos" : "71663"
}, {
  "kecamatan" : "Batu Mandi",
  "kelurahan" : "Banua Hanyar",
  "kodepos" : "71663"
}, {
  "kecamatan" : "Batu Mandi",
  "kelurahan" : "Batu Mandi",
  "kodepos" : "71663"
}, {
  "kecamatan" : "Batu Mandi",
  "kelurahan" : "Bakung",
  "kodepos" : "71663"
}, {
  "kecamatan" : "Paringin Selatan",
  "kelurahan" : "Tarangan",
  "kodepos" : "71662"
}, {
  "kecamatan" : "Paringin Selatan",
  "kelurahan" : "Telaga Purun",
  "kodepos" : "71662"
}, {
  "kecamatan" : "Paringin",
  "kelurahan" : "Paringin Timur",
  "kodepos" : "71662"
}, {
  "kecamatan" : "Paringin",
  "kelurahan" : "Sungai Ketapi",
  "kodepos" : "71662"
}, {
  "kecamatan" : "Paringin",
  "kelurahan" : "Paran",
  "kodepos" : "71662"
}, {
  "kecamatan" : "Paringin Selatan",
  "kelurahan" : "Murung Abuin",
  "kodepos" : "71662"
}, {
  "kecamatan" : "Paringin",
  "kelurahan" : "Paringin Kota",
  "kodepos" : "71662"
}, {
  "kecamatan" : "Paringin Selatan",
  "kelurahan" : "Maradap",
  "kodepos" : "71662"
}, {
  "kecamatan" : "Paringin Selatan",
  "kelurahan" : "Murung Jambu",
  "kodepos" : "71662"
}, {
  "kecamatan" : "Paringin",
  "kelurahan" : "Lok Batung",
  "kodepos" : "71662"
}, {
  "kecamatan" : "Paringin Selatan",
  "kelurahan" : "Panggung",
  "kodepos" : "71662"
}, {
  "kecamatan" : "Paringin Selatan",
  "kelurahan" : "Lingsir",
  "kodepos" : "71662"
}, {
  "kecamatan" : "Paringin",
  "kelurahan" : "Murung Ilung",
  "kodepos" : "71662"
}, {
  "kecamatan" : "Paringin",
  "kelurahan" : "Lamida Bawah",
  "kodepos" : "71662"
}, {
  "kecamatan" : "Paringin",
  "kelurahan" : "Lasung Batu",
  "kodepos" : "71662"
}, {
  "kecamatan" : "Paringin",
  "kelurahan" : "Kalahiang",
  "kodepos" : "71662"
}, {
  "kecamatan" : "Paringin Selatan",
  "kelurahan" : "Inan",
  "kodepos" : "71662"
}, {
  "kecamatan" : "Paringin",
  "kelurahan" : "Hujan Mas",
  "kodepos" : "71662"
}, {
  "kecamatan" : "Paringin Selatan",
  "kelurahan" : "Halubau Utara",
  "kodepos" : "71662"
}, {
  "kecamatan" : "Paringin Selatan",
  "kelurahan" : "Halubau",
  "kodepos" : "71662"
}, {
  "kecamatan" : "Paringin Selatan",
  "kelurahan" : "Galumbang (Galombang)",
  "kodepos" : "71662"
}, {
  "kecamatan" : "Paringin",
  "kelurahan" : "Dahai",
  "kodepos" : "71662"
}, {
  "kecamatan" : "Paringin Selatan",
  "kelurahan" : "Binjai",
  "kodepos" : "71662"
}, {
  "kecamatan" : "Paringin Selatan",
  "kelurahan" : "Baruh Bahinu Luar",
  "kodepos" : "71662"
}, {
  "kecamatan" : "Paringin Selatan",
  "kelurahan" : "Baruh Bahinu Dalam",
  "kodepos" : "71662"
}, {
  "kecamatan" : "Paringin",
  "kelurahan" : "Balida",
  "kodepos" : "71662"
}, {
  "kecamatan" : "Paringin",
  "kelurahan" : "Balang",
  "kodepos" : "71662"
}, {
  "kecamatan" : "Paringin",
  "kelurahan" : "Babayau",
  "kodepos" : "71662"
}, {
  "kecamatan" : "Lampihong",
  "kelurahan" : "Teluk Karya",
  "kodepos" : "71661"
}, {
  "kecamatan" : "Lampihong",
  "kelurahan" : "Teluk Karya",
  "kodepos" : "71661"
}, {
  "kecamatan" : "Lampihong",
  "kelurahan" : "Tampang",
  "kodepos" : "71661"
}, {
  "kecamatan" : "Lampihong",
  "kelurahan" : "Tanah Habang Kanan",
  "kodepos" : "71661"
}, {
  "kecamatan" : "Lampihong",
  "kelurahan" : "Simpang Tiga",
  "kodepos" : "71661"
}, {
  "kecamatan" : "Lampihong",
  "kelurahan" : "Sei/Sungai Tabuk",
  "kodepos" : "71661"
}, {
  "kecamatan" : "Lampihong",
  "kelurahan" : "Pupuyuan",
  "kodepos" : "71661"
}, {
  "kecamatan" : "Lampihong",
  "kelurahan" : "Sei/Sungai Awang",
  "kodepos" : "71661"
}, {
  "kecamatan" : "Lampihong",
  "kelurahan" : "Pimping",
  "kodepos" : "71661"
}, {
  "kecamatan" : "Lampihong",
  "kelurahan" : "Mundar",
  "kodepos" : "71661"
}, {
  "kecamatan" : "Lampihong",
  "kelurahan" : "Panaitan",
  "kodepos" : "71661"
}, {
  "kecamatan" : "Lampihong",
  "kelurahan" : "Matang Hanau",
  "kodepos" : "71661"
}, {
  "kecamatan" : "Lampihong",
  "kelurahan" : "Matang Lurus",
  "kodepos" : "71661"
}, {
  "kecamatan" : "Lampihong",
  "kelurahan" : "Lok Hamawang",
  "kodepos" : "71661"
}, {
  "kecamatan" : "Lampihong",
  "kelurahan" : "Lok Panginangan",
  "kodepos" : "71661"
}, {
  "kecamatan" : "Lampihong",
  "kelurahan" : "Lampihong Kiri",
  "kodepos" : "71661"
}, {
  "kecamatan" : "Lampihong",
  "kelurahan" : "Lampihong Selatan",
  "kodepos" : "71661"
}, {
  "kecamatan" : "Lampihong",
  "kelurahan" : "Lampihong Kanan",
  "kodepos" : "71661"
}, {
  "kecamatan" : "Lampihong",
  "kelurahan" : "Kusambi Hulu",
  "kodepos" : "71661"
}, {
  "kecamatan" : "Lampihong",
  "kelurahan" : "Lajar",
  "kodepos" : "71661"
}, {
  "kecamatan" : "Lampihong",
  "kelurahan" : "Kusambi Hilir",
  "kodepos" : "71661"
}, {
  "kecamatan" : "Lampihong",
  "kelurahan" : "Kandang Jaya",
  "kodepos" : "71661"
}, {
  "kecamatan" : "Lampihong",
  "kelurahan" : "Kupang",
  "kodepos" : "71661"
}, {
  "kecamatan" : "Lampihong",
  "kelurahan" : "Jimamun",
  "kodepos" : "71661"
}, {
  "kecamatan" : "Lampihong",
  "kelurahan" : "Jungkal",
  "kodepos" : "71661"
}, {
  "kecamatan" : "Lampihong",
  "kelurahan" : "Batu Merah",
  "kodepos" : "71661"
}, {
  "kecamatan" : "Lampihong",
  "kelurahan" : "Hilir Pasar",
  "kodepos" : "71661"
}, {
  "kecamatan" : "Paringin Selatan",
  "kelurahan" : "Batu Piring",
  "kodepos" : "71618"
}, {
  "kecamatan" : "Paringin Selatan",
  "kelurahan" : "Bungin",
  "kodepos" : "71617"
}, {
  "kecamatan" : "Paringin",
  "kelurahan" : "Layap",
  "kodepos" : "71616"
}, {
  "kecamatan" : "Paringin",
  "kelurahan" : "Mangkayahu",
  "kodepos" : "71614"
} ]
