[ {
  "kecamatan" : "Bukit Intan",
  "kelurahan" : "Air Itam",
  "kodepos" : "33149"
}, {
  "kecamatan" : "Bukit Intan",
  "kelurahan" : "Temberan",
  "kodepos" : "33147"
}, {
  "kecamatan" : "Bukit Intan",
  "kelurahan" : "Bacang",
  "kodepos" : "33148"
}, {
  "kecamatan" : "Bukit Intan",
  "kelurahan" : "Sinar Bulan",
  "kodepos" : "33147"
}, {
  "kecamatan" : "Bukit Intan",
  "kelurahan" : "Pasir Putih",
  "kodepos" : "33147"
}, {
  "kecamatan" : "Bukit Intan",
  "kelurahan" : "Semabung Lama",
  "kodepos" : "33147"
}, {
  "kecamatan" : "Bukit Intan",
  "kelurahan" : "Air Mawar",
  "kodepos" : "33147"
}, {
  "kecamatan" : "Girimaya",
  "kelurahan" : "Bukit Besar",
  "kodepos" : "33145"
}, {
  "kecamatan" : "Girimaya",
  "kelurahan" : "Semabung Baru",
  "kodepos" : "33146"
}, {
  "kecamatan" : "Girimaya",
  "kelurahan" : "Pasar Padi",
  "kodepos" : "33142"
}, {
  "kecamatan" : "Girimaya",
  "kelurahan" : "Sriwijaya",
  "kodepos" : "33143"
}, {
  "kecamatan" : "Rangkui",
  "kelurahan" : "Pasir Putih",
  "kodepos" : "33139"
}, {
  "kecamatan" : "Girimaya",
  "kelurahan" : "Batu Intan",
  "kodepos" : "33141"
}, {
  "kecamatan" : "Rangkui",
  "kelurahan" : "Bintang",
  "kodepos" : "33138"
}, {
  "kecamatan" : "Rangkui",
  "kelurahan" : "Melintang",
  "kodepos" : "33136"
}, {
  "kecamatan" : "Rangkui",
  "kelurahan" : "Parit Lalang",
  "kodepos" : "33137"
}, {
  "kecamatan" : "Rangkui",
  "kelurahan" : "Keramat",
  "kodepos" : "33134"
}, {
  "kecamatan" : "Rangkui",
  "kelurahan" : "Asam",
  "kodepos" : "33135"
}, {
  "kecamatan" : "Gerunggang",
  "kelurahan" : "Tua Tunu indah",
  "kodepos" : "33124"
}, {
  "kecamatan" : "Rangkui",
  "kelurahan" : "Pintu Air",
  "kodepos" : "33133"
}, {
  "kecamatan" : "Gerunggang",
  "kelurahan" : "Kacang Pedang",
  "kodepos" : "33125"
}, {
  "kecamatan" : "Taman Sari",
  "kelurahan" : "Gedung Nasional",
  "kodepos" : "33127"
}, {
  "kecamatan" : "Gerunggang",
  "kelurahan" : "Bukit Sari",
  "kodepos" : "33123"
}, {
  "kecamatan" : "Rangkui",
  "kelurahan" : "Masjid Jamik",
  "kodepos" : "33132"
}, {
  "kecamatan" : "Taman Sari",
  "kelurahan" : "Kejaksaan",
  "kodepos" : "33123"
}, {
  "kecamatan" : "Gerunggang",
  "kelurahan" : "Taman Bunga",
  "kodepos" : "33123"
}, {
  "kecamatan" : "Gerunggang",
  "kelurahan" : "Air Kepala Tujuh",
  "kodepos" : "33123"
}, {
  "kecamatan" : "Gerunggang",
  "kelurahan" : "Bukit Merapin (Bukit Merapen)",
  "kodepos" : "33123"
}, {
  "kecamatan" : "Taman Sari",
  "kelurahan" : "Opas Indah",
  "kodepos" : "33121"
}, {
  "kecamatan" : "Taman Sari",
  "kelurahan" : "Rawa Bangun",
  "kodepos" : "33121"
}, {
  "kecamatan" : "Gabek",
  "kelurahan" : "Jerambah Gantung",
  "kodepos" : "33119"
}, {
  "kecamatan" : "Taman Sari",
  "kelurahan" : "Batin Tikal",
  "kodepos" : "33121"
}, {
  "kecamatan" : "Gabek",
  "kelurahan" : "Selindung Baru",
  "kodepos" : "33117"
}, {
  "kecamatan" : "Gabek",
  "kelurahan" : "Gabek Satu",
  "kodepos" : "33118"
}, {
  "kecamatan" : "Gabek",
  "kelurahan" : "Gabek Dua",
  "kodepos" : "33116"
}, {
  "kecamatan" : "Gabek",
  "kelurahan" : "Selindung (Selindung Lama)",
  "kodepos" : "33117"
}, {
  "kecamatan" : "Pangkal Balam",
  "kelurahan" : "Lontong Pancur",
  "kodepos" : "33115"
}, {
  "kecamatan" : "Pangkal Balam",
  "kelurahan" : "Pasir Garam",
  "kodepos" : "33115"
}, {
  "kecamatan" : "Pangkal Balam",
  "kelurahan" : "Rejosari",
  "kodepos" : "33111"
}, {
  "kecamatan" : "Pangkal Balam",
  "kelurahan" : "Ampui",
  "kodepos" : "33113"
}, {
  "kecamatan" : "Gabek",
  "kelurahan" : "Air Salemba",
  "kodepos" : "33111"
}, {
  "kecamatan" : "Pangkal Balam",
  "kelurahan" : "Ketapang",
  "kodepos" : "33111"
} ]
