[ {
  "kecamatan" : "Martapura Kota",
  "kelurahan" : "Sei/Sungai Paring",
  "kodepos" : "71213"
}, {
  "kecamatan" : "Sei/Sungai Pinang",
  "kelurahan" : "Sumber Harapan",
  "kodepos" : "70675"
}, {
  "kecamatan" : "Sei/Sungai Pinang",
  "kelurahan" : "Sumber Baru",
  "kodepos" : "70675"
}, {
  "kecamatan" : "Peramasan",
  "kelurahan" : "Remo",
  "kodepos" : "70675"
}, {
  "kecamatan" : "Sei/Sungai Pinang",
  "kelurahan" : "Rantau Nangka",
  "kodepos" : "70675"
}, {
  "kecamatan" : "Sei/Sungai Pinang",
  "kelurahan" : "Sei/Sungai Pinang",
  "kodepos" : "70675"
}, {
  "kecamatan" : "Peramasan",
  "kelurahan" : "Peramasan Bawah",
  "kodepos" : "70675"
}, {
  "kecamatan" : "Sei/Sungai Pinang",
  "kelurahan" : "Rantau Bakula",
  "kodepos" : "70675"
}, {
  "kecamatan" : "Peramasan",
  "kelurahan" : "Peramasan Atas",
  "kodepos" : "70675"
}, {
  "kecamatan" : "Sei/Sungai Pinang",
  "kelurahan" : "Kupang Rejo",
  "kodepos" : "70675"
}, {
  "kecamatan" : "Sei/Sungai Pinang",
  "kelurahan" : "Pakutik",
  "kodepos" : "70675"
}, {
  "kecamatan" : "Sei/Sungai Pinang",
  "kelurahan" : "Belimbing Lama",
  "kodepos" : "70675"
}, {
  "kecamatan" : "Sei/Sungai Pinang",
  "kelurahan" : "Hakim Makmur",
  "kodepos" : "70675"
}, {
  "kecamatan" : "Sei/Sungai Pinang",
  "kelurahan" : "Kahelaan",
  "kodepos" : "70675"
}, {
  "kecamatan" : "Sei/Sungai Pinang",
  "kelurahan" : "Belimbing Baru",
  "kodepos" : "70675"
}, {
  "kecamatan" : "Peramasan",
  "kelurahan" : "Angkipih",
  "kodepos" : "70675"
}, {
  "kecamatan" : "Sambung Makmur",
  "kelurahan" : "Sei/Sungai Lurus",
  "kodepos" : "70674"
}, {
  "kecamatan" : "Pengaron",
  "kelurahan" : "Pengaron",
  "kodepos" : "70674"
}, {
  "kecamatan" : "Sambung Makmur",
  "kelurahan" : "Pasar Baru",
  "kodepos" : "70674"
}, {
  "kecamatan" : "Pengaron",
  "kelurahan" : "Mangkauk",
  "kodepos" : "70674"
}, {
  "kecamatan" : "Pengaron",
  "kelurahan" : "Maniapun",
  "kodepos" : "70674"
}, {
  "kecamatan" : "Pengaron",
  "kelurahan" : "Panyiuran",
  "kodepos" : "70674"
}, {
  "kecamatan" : "Sambung Makmur",
  "kelurahan" : "Madurejo",
  "kodepos" : "70674"
}, {
  "kecamatan" : "Pengaron",
  "kelurahan" : "Lumpangi",
  "kodepos" : "70674"
}, {
  "kecamatan" : "Pengaron",
  "kelurahan" : "Loktunggul",
  "kodepos" : "70674"
}, {
  "kecamatan" : "Pengaron",
  "kelurahan" : "Kertak Empat",
  "kodepos" : "70674"
}, {
  "kecamatan" : "Pengaron",
  "kelurahan" : "Lobang Baru",
  "kodepos" : "70674"
}, {
  "kecamatan" : "Sambung Makmur",
  "kelurahan" : "Gunung Batu",
  "kodepos" : "70674"
}, {
  "kecamatan" : "Pengaron",
  "kelurahan" : "Benteng",
  "kodepos" : "70674"
}, {
  "kecamatan" : "Sambung Makmur",
  "kelurahan" : "Batang Banyu",
  "kodepos" : "70674"
}, {
  "kecamatan" : "Sambung Makmur",
  "kelurahan" : "Batu Tanam",
  "kodepos" : "70674"
}, {
  "kecamatan" : "Sambung Makmur",
  "kelurahan" : "Baliangin",
  "kodepos" : "70674"
}, {
  "kecamatan" : "Pengaron",
  "kelurahan" : "Ati Im",
  "kodepos" : "70674"
}, {
  "kecamatan" : "Pengaron",
  "kelurahan" : "Alimukim",
  "kodepos" : "70674"
}, {
  "kecamatan" : "Pengaron",
  "kelurahan" : "Antaraku",
  "kodepos" : "70674"
}, {
  "kecamatan" : "Telaga Bauntung",
  "kelurahan" : "Telaga Baru",
  "kodepos" : "70673"
}, {
  "kecamatan" : "Simpang Empat",
  "kelurahan" : "Tanah Intan",
  "kodepos" : "70673"
}, {
  "kecamatan" : "Simpang Empat",
  "kelurahan" : "Sungkai Baru",
  "kodepos" : "70673"
}, {
  "kecamatan" : "Simpang Empat",
  "kelurahan" : "Surian Hanyar",
  "kodepos" : "70673"
}, {
  "kecamatan" : "Simpang Empat",
  "kelurahan" : "Sumber Sari",
  "kodepos" : "70673"
}, {
  "kecamatan" : "Simpang Empat",
  "kelurahan" : "Sungkai",
  "kodepos" : "70673"
}, {
  "kecamatan" : "Simpang Empat",
  "kelurahan" : "Simpang Lima",
  "kodepos" : "70673"
}, {
  "kecamatan" : "Simpang Empat",
  "kelurahan" : "Sindang Jaya",
  "kodepos" : "70673"
}, {
  "kecamatan" : "Simpang Empat",
  "kelurahan" : "Sei/Sungai Raya",
  "kodepos" : "70673"
}, {
  "kecamatan" : "Simpang Empat",
  "kelurahan" : "Simpang Empat",
  "kodepos" : "70673"
}, {
  "kecamatan" : "Simpang Empat",
  "kelurahan" : "Sei/Sungai Langsat",
  "kodepos" : "70673"
}, {
  "kecamatan" : "Telaga Bauntung",
  "kelurahan" : "Rantau Bujur",
  "kodepos" : "70673"
}, {
  "kecamatan" : "Simpang Empat",
  "kelurahan" : "Pasar Lama",
  "kodepos" : "70673"
}, {
  "kecamatan" : "Telaga Bauntung",
  "kelurahan" : "Rampah",
  "kodepos" : "70673"
}, {
  "kecamatan" : "Simpang Empat",
  "kelurahan" : "Makmur Karya",
  "kodepos" : "70673"
}, {
  "kecamatan" : "Simpang Empat",
  "kelurahan" : "Paku",
  "kodepos" : "70673"
}, {
  "kecamatan" : "Simpang Empat",
  "kelurahan" : "Paring Tali",
  "kodepos" : "70673"
}, {
  "kecamatan" : "Telaga Bauntung",
  "kelurahan" : "Loktanah",
  "kodepos" : "70673"
}, {
  "kecamatan" : "Simpang Empat",
  "kelurahan" : "Lawiran",
  "kodepos" : "70673"
}, {
  "kecamatan" : "Simpang Empat",
  "kelurahan" : "Lokcantung",
  "kodepos" : "70673"
}, {
  "kecamatan" : "Simpang Empat",
  "kelurahan" : "Garis Hanyar",
  "kodepos" : "70673"
}, {
  "kecamatan" : "Simpang Empat",
  "kelurahan" : "Karya Makmur",
  "kodepos" : "70673"
}, {
  "kecamatan" : "Simpang Empat",
  "kelurahan" : "Keramat Mina",
  "kodepos" : "70673"
}, {
  "kecamatan" : "Simpang Empat",
  "kelurahan" : "Cinta Puri",
  "kodepos" : "70673"
}, {
  "kecamatan" : "Simpang Empat",
  "kelurahan" : "Benua Anyar",
  "kodepos" : "70673"
}, {
  "kecamatan" : "Simpang Empat",
  "kelurahan" : "Berkat Mulya",
  "kodepos" : "70673"
}, {
  "kecamatan" : "Simpang Empat",
  "kelurahan" : "Cabi",
  "kodepos" : "70673"
}, {
  "kecamatan" : "Simpang Empat",
  "kelurahan" : "Batu Balian",
  "kodepos" : "70673"
}, {
  "kecamatan" : "Simpang Empat",
  "kelurahan" : "Alalak Padang",
  "kodepos" : "70673"
}, {
  "kecamatan" : "Mataraman",
  "kelurahan" : "Tanah Abang",
  "kodepos" : "70672"
}, {
  "kecamatan" : "Mataraman",
  "kelurahan" : "Simpang Tiga",
  "kodepos" : "70672"
}, {
  "kecamatan" : "Mataraman",
  "kelurahan" : "Surian",
  "kodepos" : "70672"
}, {
  "kecamatan" : "Mataraman",
  "kelurahan" : "Takuti",
  "kodepos" : "70672"
}, {
  "kecamatan" : "Mataraman",
  "kelurahan" : "Pematang Danau",
  "kodepos" : "70672"
}, {
  "kecamatan" : "Mataraman",
  "kelurahan" : "Sei/Sungai Jati",
  "kodepos" : "70672"
}, {
  "kecamatan" : "Mataraman",
  "kelurahan" : "Mataraman",
  "kodepos" : "70672"
}, {
  "kecamatan" : "Mataraman",
  "kelurahan" : "Pasiraman",
  "kodepos" : "70672"
}, {
  "kecamatan" : "Mataraman",
  "kelurahan" : "Lok Tamu",
  "kodepos" : "70672"
}, {
  "kecamatan" : "Mataraman",
  "kelurahan" : "Mangka Lawat",
  "kodepos" : "70672"
}, {
  "kecamatan" : "Mataraman",
  "kelurahan" : "Bawahan Selan",
  "kodepos" : "70672"
}, {
  "kecamatan" : "Mataraman",
  "kelurahan" : "Gunung Ulin",
  "kodepos" : "70672"
}, {
  "kecamatan" : "Mataraman",
  "kelurahan" : "Bawahan Pasar",
  "kodepos" : "70672"
}, {
  "kecamatan" : "Mataraman",
  "kelurahan" : "Bawahan Seberang",
  "kodepos" : "70672"
}, {
  "kecamatan" : "Mataraman",
  "kelurahan" : "Baru",
  "kodepos" : "70672"
}, {
  "kecamatan" : "Aranio",
  "kelurahan" : "Tiwingan Lama",
  "kodepos" : "70671"
}, {
  "kecamatan" : "Astambul",
  "kelurahan" : "Tambangan",
  "kodepos" : "70671"
}, {
  "kecamatan" : "Aranio",
  "kelurahan" : "Tiwingan Baru",
  "kodepos" : "70671"
}, {
  "kecamatan" : "Astambul",
  "kelurahan" : "Sei/Sungai Tuan Ulu",
  "kodepos" : "70671"
}, {
  "kecamatan" : "Astambul",
  "kelurahan" : "Tambak Danau",
  "kodepos" : "70671"
}, {
  "kecamatan" : "Aranio",
  "kelurahan" : "Rantau Bujur",
  "kodepos" : "70671"
}, {
  "kecamatan" : "Astambul",
  "kelurahan" : "Sei/Sungai Alat",
  "kodepos" : "70671"
}, {
  "kecamatan" : "Astambul",
  "kelurahan" : "Sei/Sungai Tuan Ilir",
  "kodepos" : "70671"
}, {
  "kecamatan" : "Aranio",
  "kelurahan" : "Rantau Balai",
  "kodepos" : "70671"
}, {
  "kecamatan" : "Astambul",
  "kelurahan" : "Pingaran Ilir",
  "kodepos" : "70671"
}, {
  "kecamatan" : "Astambul",
  "kelurahan" : "Pingaran Ulu",
  "kodepos" : "70671"
}, {
  "kecamatan" : "Astambul",
  "kelurahan" : "Pasar Jati",
  "kodepos" : "70671"
}, {
  "kecamatan" : "Astambul",
  "kelurahan" : "Pematang Hambawang",
  "kodepos" : "70671"
}, {
  "kecamatan" : "Aranio",
  "kelurahan" : "Paau",
  "kodepos" : "70671"
}, {
  "kecamatan" : "Astambul",
  "kelurahan" : "Munggu Raya",
  "kodepos" : "70671"
}, {
  "kecamatan" : "Astambul",
  "kelurahan" : "Kelampaian Ilir",
  "kodepos" : "70671"
}, {
  "kecamatan" : "Astambul",
  "kelurahan" : "Limamar",
  "kodepos" : "70671"
}, {
  "kecamatan" : "Astambul",
  "kelurahan" : "Lokgabang",
  "kodepos" : "70671"
}, {
  "kecamatan" : "Astambul",
  "kelurahan" : "Kaliukan",
  "kodepos" : "70671"
}, {
  "kecamatan" : "Astambul",
  "kelurahan" : "Kalampayan Ulu",
  "kodepos" : "70671"
}, {
  "kecamatan" : "Aranio",
  "kelurahan" : "Kalaan",
  "kodepos" : "70671"
}, {
  "kecamatan" : "Astambul",
  "kelurahan" : "Kalampayan",
  "kodepos" : "70671"
}, {
  "kecamatan" : "Astambul",
  "kelurahan" : "Danau Salak",
  "kodepos" : "70671"
}, {
  "kecamatan" : "Astambul",
  "kelurahan" : "Jati",
  "kodepos" : "70671"
}, {
  "kecamatan" : "Aranio",
  "kelurahan" : "Benua Riam",
  "kodepos" : "70671"
}, {
  "kecamatan" : "Aranio",
  "kelurahan" : "Bunglai",
  "kodepos" : "70671"
}, {
  "kecamatan" : "Astambul",
  "kelurahan" : "Banua Anyar I (Benua Anyar I)",
  "kodepos" : "70671"
}, {
  "kecamatan" : "Astambul",
  "kelurahan" : "Banua Anyar II (Benua Anyar II)",
  "kodepos" : "70671"
}, {
  "kecamatan" : "Aranio",
  "kelurahan" : "Belangian",
  "kodepos" : "70671"
}, {
  "kecamatan" : "Astambul",
  "kelurahan" : "Astambul",
  "kodepos" : "70671"
}, {
  "kecamatan" : "Astambul",
  "kelurahan" : "Astambul Seberang",
  "kodepos" : "70671"
}, {
  "kecamatan" : "Aranio",
  "kelurahan" : "Artain",
  "kodepos" : "70671"
}, {
  "kecamatan" : "Aranio",
  "kelurahan" : "Apuai",
  "kodepos" : "70671"
}, {
  "kecamatan" : "Aranio",
  "kelurahan" : "Aranio",
  "kodepos" : "70671"
}, {
  "kecamatan" : "Karang Intan",
  "kelurahan" : "Sei/Sungai Besar",
  "kodepos" : "70661"
}, {
  "kecamatan" : "Karang Intan",
  "kelurahan" : "Sei/Sungai Landas",
  "kodepos" : "70661"
}, {
  "kecamatan" : "Karang Intan",
  "kelurahan" : "Sei/Sungai Arfat",
  "kodepos" : "70661"
}, {
  "kecamatan" : "Karang Intan",
  "kelurahan" : "Sei/Sungai Asam",
  "kodepos" : "70661"
}, {
  "kecamatan" : "Karang Intan",
  "kelurahan" : "Penyambaran",
  "kodepos" : "70661"
}, {
  "kecamatan" : "Karang Intan",
  "kelurahan" : "Pulau Nyiur",
  "kodepos" : "70661"
}, {
  "kecamatan" : "Karang Intan",
  "kelurahan" : "Sei/Sungai Alang",
  "kodepos" : "70661"
}, {
  "kecamatan" : "Karang Intan",
  "kelurahan" : "Pandak Daun",
  "kodepos" : "70661"
}, {
  "kecamatan" : "Karang Intan",
  "kelurahan" : "Pasar Lama",
  "kodepos" : "70661"
}, {
  "kecamatan" : "Karang Intan",
  "kelurahan" : "Padang Panjang",
  "kodepos" : "70661"
}, {
  "kecamatan" : "Karang Intan",
  "kelurahan" : "Mandi Kapau Barat",
  "kodepos" : "70661"
}, {
  "kecamatan" : "Karang Intan",
  "kelurahan" : "Mandi Kapau Timur",
  "kodepos" : "70661"
}, {
  "kecamatan" : "Karang Intan",
  "kelurahan" : "Mandi Angin Barat",
  "kodepos" : "70661"
}, {
  "kecamatan" : "Karang Intan",
  "kelurahan" : "Mandi Angin Timur",
  "kodepos" : "70661"
}, {
  "kecamatan" : "Karang Intan",
  "kelurahan" : "Loktangga",
  "kodepos" : "70661"
}, {
  "kecamatan" : "Karang Intan",
  "kelurahan" : "Mali Mali",
  "kodepos" : "70661"
}, {
  "kecamatan" : "Karang Intan",
  "kelurahan" : "Kiram",
  "kodepos" : "70661"
}, {
  "kecamatan" : "Karang Intan",
  "kelurahan" : "Lihung",
  "kodepos" : "70661"
}, {
  "kecamatan" : "Karang Intan",
  "kelurahan" : "Karang Intan",
  "kodepos" : "70661"
}, {
  "kecamatan" : "Karang Intan",
  "kelurahan" : "Jingah Habang Ilir",
  "kodepos" : "70661"
}, {
  "kecamatan" : "Karang Intan",
  "kelurahan" : "Jingah Habang Ulu",
  "kodepos" : "70661"
}, {
  "kecamatan" : "Karang Intan",
  "kelurahan" : "Balau",
  "kodepos" : "70661"
}, {
  "kecamatan" : "Karang Intan",
  "kelurahan" : "Biih",
  "kodepos" : "70661"
}, {
  "kecamatan" : "Karang Intan",
  "kelurahan" : "Abirau",
  "kodepos" : "70661"
}, {
  "kecamatan" : "Karang Intan",
  "kelurahan" : "Awang Bangkal Barat",
  "kodepos" : "70661"
}, {
  "kecamatan" : "Karang Intan",
  "kelurahan" : "Awang Bangkal Timur",
  "kodepos" : "70661"
}, {
  "kecamatan" : "Aluh-Aluh",
  "kelurahan" : "Terapu",
  "kodepos" : "70655"
}, {
  "kecamatan" : "Beruntung Baru",
  "kelurahan" : "Tambak Padi",
  "kodepos" : "70655"
}, {
  "kecamatan" : "Aluh-Aluh",
  "kelurahan" : "Tanipah",
  "kodepos" : "70655"
}, {
  "kecamatan" : "Aluh-Aluh",
  "kelurahan" : "Simpang Warga",
  "kodepos" : "70655"
}, {
  "kecamatan" : "Aluh-Aluh",
  "kelurahan" : "Simpang Warga Dalam",
  "kodepos" : "70655"
}, {
  "kecamatan" : "Beruntung Baru",
  "kelurahan" : "Selat Makmur",
  "kodepos" : "70655"
}, {
  "kecamatan" : "Aluh-Aluh",
  "kelurahan" : "Sei/Sungai Musang",
  "kodepos" : "70655"
}, {
  "kecamatan" : "Beruntung Baru",
  "kelurahan" : "Rumpiang",
  "kodepos" : "70655"
}, {
  "kecamatan" : "Aluh-Aluh",
  "kelurahan" : "Pulantan",
  "kodepos" : "70655"
}, {
  "kecamatan" : "Aluh-Aluh",
  "kelurahan" : "Pemurus",
  "kodepos" : "70655"
}, {
  "kecamatan" : "Beruntung Baru",
  "kelurahan" : "Pindahan Baru",
  "kodepos" : "70655"
}, {
  "kecamatan" : "Aluh-Aluh",
  "kelurahan" : "Podok",
  "kodepos" : "70655"
}, {
  "kecamatan" : "Beruntung Baru",
  "kelurahan" : "Lawahan",
  "kodepos" : "70655"
}, {
  "kecamatan" : "Beruntung Baru",
  "kelurahan" : "Muara Halayung",
  "kodepos" : "70655"
}, {
  "kecamatan" : "Aluh-Aluh",
  "kelurahan" : "Labat Muara",
  "kodepos" : "70655"
}, {
  "kecamatan" : "Aluh-Aluh",
  "kelurahan" : "Kuin Besar",
  "kodepos" : "70655"
}, {
  "kecamatan" : "Aluh-Aluh",
  "kelurahan" : "Kuin Kecil",
  "kodepos" : "70655"
}, {
  "kecamatan" : "Beruntung Baru",
  "kelurahan" : "Jambu Raya",
  "kodepos" : "70655"
}, {
  "kecamatan" : "Beruntung Baru",
  "kelurahan" : "Kampung Baru",
  "kodepos" : "70655"
}, {
  "kecamatan" : "Beruntung Baru",
  "kelurahan" : "Haur Kuning",
  "kodepos" : "70655"
}, {
  "kecamatan" : "Beruntung Baru",
  "kelurahan" : "Jambu Burung",
  "kodepos" : "70655"
}, {
  "kecamatan" : "Beruntung Baru",
  "kelurahan" : "Handil Purai",
  "kodepos" : "70655"
}, {
  "kecamatan" : "Aluh-Aluh",
  "kelurahan" : "Handil Baru",
  "kodepos" : "70655"
}, {
  "kecamatan" : "Aluh-Aluh",
  "kelurahan" : "Handil Bujur",
  "kodepos" : "70655"
}, {
  "kecamatan" : "Aluh-Aluh",
  "kelurahan" : "Balimau",
  "kodepos" : "70655"
}, {
  "kecamatan" : "Aluh-Aluh",
  "kelurahan" : "Bunipah",
  "kodepos" : "70655"
}, {
  "kecamatan" : "Aluh-Aluh",
  "kelurahan" : "Bakambat",
  "kodepos" : "70655"
}, {
  "kecamatan" : "Beruntung Baru",
  "kelurahan" : "Babirik",
  "kodepos" : "70655"
}, {
  "kecamatan" : "Aluh-Aluh",
  "kelurahan" : "Aluh Aluh Kecil Muara",
  "kodepos" : "70655"
}, {
  "kecamatan" : "Aluh-Aluh",
  "kelurahan" : "Aluh-Aluh Besar",
  "kodepos" : "70655"
}, {
  "kecamatan" : "Aluh-Aluh",
  "kelurahan" : "Aluh Aluh Kecil",
  "kodepos" : "70655"
}, {
  "kecamatan" : "Tatah Makmur",
  "kelurahan" : "Tatah Layap",
  "kodepos" : "70654"
}, {
  "kecamatan" : "Tatah Makmur",
  "kelurahan" : "Taibah Raya",
  "kodepos" : "70654"
}, {
  "kecamatan" : "Tatah Makmur",
  "kelurahan" : "Tampang Awang",
  "kodepos" : "70654"
}, {
  "kecamatan" : "Tatah Makmur",
  "kelurahan" : "Tatah Bangkal",
  "kodepos" : "70654"
}, {
  "kecamatan" : "Kertak Hanyar",
  "kelurahan" : "Simpang Empat",
  "kodepos" : "70654"
}, {
  "kecamatan" : "Tatah Makmur",
  "kelurahan" : "Pemangkih Darat",
  "kodepos" : "70654"
}, {
  "kecamatan" : "Tatah Makmur",
  "kelurahan" : "Pemangkih Tengah",
  "kodepos" : "70654"
}, {
  "kecamatan" : "Kertak Hanyar",
  "kelurahan" : "Sei/Sungai Lakum",
  "kodepos" : "70654"
}, {
  "kecamatan" : "Tatah Makmur",
  "kelurahan" : "Pemangkih Baru",
  "kodepos" : "70654"
}, {
  "kecamatan" : "Kertak Hanyar",
  "kelurahan" : "Pemangkih Baru",
  "kodepos" : "70654"
}, {
  "kecamatan" : "Kertak Hanyar",
  "kelurahan" : "Pasar Kemis",
  "kodepos" : "70654"
}, {
  "kecamatan" : "Tatah Makmur",
  "kelurahan" : "Mekar Sari",
  "kodepos" : "70654"
}, {
  "kecamatan" : "Tatah Makmur",
  "kelurahan" : "Pandan Sari",
  "kodepos" : "70654"
}, {
  "kecamatan" : "Kertak Hanyar",
  "kelurahan" : "Mandar Sari",
  "kodepos" : "70654"
}, {
  "kecamatan" : "Kertak Hanyar",
  "kelurahan" : "Mekar Raya",
  "kodepos" : "70654"
}, {
  "kecamatan" : "Kertak Hanyar",
  "kelurahan" : "Manarap Baru",
  "kodepos" : "70654"
}, {
  "kecamatan" : "Kertak Hanyar",
  "kelurahan" : "Manarap Lama",
  "kodepos" : "70654"
}, {
  "kecamatan" : "Kertak Hanyar",
  "kelurahan" : "Manarap Tengah",
  "kodepos" : "70654"
}, {
  "kecamatan" : "Tatah Makmur",
  "kelurahan" : "Layap Baru",
  "kodepos" : "70654"
}, {
  "kecamatan" : "Tatah Makmur",
  "kelurahan" : "Jaruju Laut",
  "kodepos" : "70654"
}, {
  "kecamatan" : "Kertak Hanyar",
  "kelurahan" : "Kertak Hanyar I",
  "kodepos" : "70654"
}, {
  "kecamatan" : "Kertak Hanyar",
  "kelurahan" : "Kertakhanyar II",
  "kodepos" : "70654"
}, {
  "kecamatan" : "Tatah Makmur",
  "kelurahan" : "Jaruju",
  "kodepos" : "70654"
}, {
  "kecamatan" : "Kertak Hanyar",
  "kelurahan" : "Benua Hanyar (Banua Hanyar)",
  "kodepos" : "70654"
}, {
  "kecamatan" : "Kertak Hanyar",
  "kelurahan" : "Belayung Baru",
  "kodepos" : "70654"
}, {
  "kecamatan" : "Tatah Makmur",
  "kelurahan" : "Bangkal Tengah",
  "kodepos" : "70654"
}, {
  "kecamatan" : "Sei/Sungai Tabuk",
  "kelurahan" : "Tajau Landung",
  "kodepos" : "70653"
}, {
  "kecamatan" : "Sei/Sungai Tabuk",
  "kelurahan" : "Sei/Sungai Tabuk Kota",
  "kodepos" : "70653"
}, {
  "kecamatan" : "Sei/Sungai Tabuk",
  "kelurahan" : "Sei/Sungai Tandipah",
  "kodepos" : "70653"
}, {
  "kecamatan" : "Sei/Sungai Tabuk",
  "kelurahan" : "Sei/Sungai Tabuk Keramat",
  "kodepos" : "70653"
}, {
  "kecamatan" : "Simpang Empat",
  "kelurahan" : "Sei/Sungai Tabuk",
  "kodepos" : "70653"
}, {
  "kecamatan" : "Sei/Sungai Tabuk",
  "kelurahan" : "Sei/Sungai Pinang Lama",
  "kodepos" : "70653"
}, {
  "kecamatan" : "Sei/Sungai Tabuk",
  "kelurahan" : "Sei/Sungai Lulut",
  "kodepos" : "70653"
}, {
  "kecamatan" : "Sei/Sungai Tabuk",
  "kelurahan" : "Sei/Sungai Pinang Baru",
  "kodepos" : "70653"
}, {
  "kecamatan" : "Sei/Sungai Tabuk",
  "kelurahan" : "Sei/Sungai Bangkal",
  "kodepos" : "70653"
}, {
  "kecamatan" : "Sei/Sungai Tabuk",
  "kelurahan" : "Pembantanan",
  "kodepos" : "70653"
}, {
  "kecamatan" : "Sei/Sungai Tabuk",
  "kelurahan" : "Sei/Sungai Bakung",
  "kodepos" : "70653"
}, {
  "kecamatan" : "Sei/Sungai Tabuk",
  "kelurahan" : "Pematang Panjang",
  "kodepos" : "70653"
}, {
  "kecamatan" : "Sei/Sungai Tabuk",
  "kelurahan" : "Pemakuan",
  "kodepos" : "70653"
}, {
  "kecamatan" : "Sei/Sungai Tabuk",
  "kelurahan" : "Paku Alam",
  "kodepos" : "70653"
}, {
  "kecamatan" : "Sei/Sungai Tabuk",
  "kelurahan" : "Pejambuan",
  "kodepos" : "70653"
}, {
  "kecamatan" : "Sei/Sungai Tabuk",
  "kelurahan" : "Lokbuntar",
  "kodepos" : "70653"
}, {
  "kecamatan" : "Sei/Sungai Tabuk",
  "kelurahan" : "Lok Baintan",
  "kodepos" : "70653"
}, {
  "kecamatan" : "Sei/Sungai Tabuk",
  "kelurahan" : "Lok Baintan Dalam",
  "kodepos" : "70653"
}, {
  "kecamatan" : "Sei/Sungai Tabuk",
  "kelurahan" : "Keliling Benteng Ilir",
  "kodepos" : "70653"
}, {
  "kecamatan" : "Sei/Sungai Tabuk",
  "kelurahan" : "Gudang Hirang",
  "kodepos" : "70653"
}, {
  "kecamatan" : "Sei/Sungai Tabuk",
  "kelurahan" : "Gudang Tengah",
  "kodepos" : "70653"
}, {
  "kecamatan" : "Sei/Sungai Tabuk",
  "kelurahan" : "Abumbun Jaya",
  "kodepos" : "70653"
}, {
  "kecamatan" : "Gambut",
  "kelurahan" : "Tambak Sirang Laut",
  "kodepos" : "70652"
}, {
  "kecamatan" : "Gambut",
  "kelurahan" : "Tambak Sirang Darat",
  "kodepos" : "70652"
}, {
  "kecamatan" : "Gambut",
  "kelurahan" : "Tambak Sirang Baru",
  "kodepos" : "70652"
}, {
  "kecamatan" : "Gambut",
  "kelurahan" : "Sei/Sungai Kupang",
  "kodepos" : "70652"
}, {
  "kecamatan" : "Gambut",
  "kelurahan" : "Malintang",
  "kodepos" : "70652"
}, {
  "kecamatan" : "Gambut",
  "kelurahan" : "Malintang Baru",
  "kodepos" : "70652"
}, {
  "kecamatan" : "Gambut",
  "kelurahan" : "Makmur",
  "kodepos" : "70652"
}, {
  "kecamatan" : "Gambut",
  "kelurahan" : "Keladan Baru",
  "kodepos" : "70652"
}, {
  "kecamatan" : "Gambut",
  "kelurahan" : "Kayu Bawang",
  "kodepos" : "70652"
}, {
  "kecamatan" : "Gambut",
  "kelurahan" : "Guntung Papuyu",
  "kodepos" : "70652"
}, {
  "kecamatan" : "Gambut",
  "kelurahan" : "Guntung Ujung",
  "kodepos" : "70652"
}, {
  "kecamatan" : "Gambut",
  "kelurahan" : "Gambut Barat",
  "kodepos" : "70652"
}, {
  "kecamatan" : "Gambut",
  "kelurahan" : "Gambut",
  "kodepos" : "70652"
}, {
  "kecamatan" : "Gambut",
  "kelurahan" : "Banyu Hirang",
  "kodepos" : "70652"
}, {
  "kecamatan" : "Martapura Kota",
  "kelurahan" : "Tambak Baru Ulu",
  "kodepos" : "70619"
}, {
  "kecamatan" : "Martapura Kota",
  "kelurahan" : "Tungkaran",
  "kodepos" : "70619"
}, {
  "kecamatan" : "Martapura Kota",
  "kelurahan" : "Tambak Baru",
  "kodepos" : "70619"
}, {
  "kecamatan" : "Martapura Kota",
  "kelurahan" : "Tambak Baru Ilir",
  "kodepos" : "70619"
}, {
  "kecamatan" : "Martapura Kota",
  "kelurahan" : "Sekumpul",
  "kodepos" : "70619"
}, {
  "kecamatan" : "Martapura Kota",
  "kelurahan" : "Pesayangan",
  "kodepos" : "70619"
}, {
  "kecamatan" : "Martapura Kota",
  "kelurahan" : "Pasayangan Selatan",
  "kodepos" : "70619"
}, {
  "kecamatan" : "Martapura Kota",
  "kelurahan" : "Pasayangan Utara",
  "kodepos" : "70619"
}, {
  "kecamatan" : "Martapura Kota",
  "kelurahan" : "Labuan Tabu",
  "kodepos" : "70619"
}, {
  "kecamatan" : "Martapura Kota",
  "kelurahan" : "Pasayangan Barat",
  "kodepos" : "70619"
}, {
  "kecamatan" : "Martapura Kota",
  "kelurahan" : "Bincau Muara",
  "kodepos" : "70619"
}, {
  "kecamatan" : "Martapura Kota",
  "kelurahan" : "Indra Sari",
  "kodepos" : "70619"
}, {
  "kecamatan" : "Martapura Barat",
  "kelurahan" : "Telok Selong Ulu",
  "kodepos" : "70618"
}, {
  "kecamatan" : "Martapura Kota",
  "kelurahan" : "Bincau",
  "kodepos" : "70619"
}, {
  "kecamatan" : "Martapura Barat",
  "kelurahan" : "Sei/Sungai Rangas Ulu",
  "kodepos" : "70618"
}, {
  "kecamatan" : "Martapura Barat",
  "kelurahan" : "Tangkas",
  "kodepos" : "70618"
}, {
  "kecamatan" : "Martapura Barat",
  "kelurahan" : "Telok Selong",
  "kodepos" : "70618"
}, {
  "kecamatan" : "Martapura Barat",
  "kelurahan" : "Sei/Sungai Rangas Hambuku",
  "kodepos" : "70618"
}, {
  "kecamatan" : "Martapura Barat",
  "kelurahan" : "Sei/Sungai Rangas Tengah",
  "kodepos" : "70618"
}, {
  "kecamatan" : "Martapura Barat",
  "kelurahan" : "Sei/Sungai Rangas",
  "kodepos" : "70618"
}, {
  "kecamatan" : "Martapura Barat",
  "kelurahan" : "Sei/Sungai Batang",
  "kodepos" : "70618"
}, {
  "kecamatan" : "Martapura Barat",
  "kelurahan" : "Sei/Sungai Batang Ilir",
  "kodepos" : "70618"
}, {
  "kecamatan" : "Martapura Barat",
  "kelurahan" : "Keliling Benteng Ulu",
  "kodepos" : "70618"
}, {
  "kecamatan" : "Martapura Barat",
  "kelurahan" : "Penggalaman",
  "kodepos" : "70618"
}, {
  "kecamatan" : "Martapura Barat",
  "kelurahan" : "Keliling Benteng Tengah",
  "kodepos" : "70618"
}, {
  "kecamatan" : "Martapura Barat",
  "kelurahan" : "Antasan Sutun",
  "kodepos" : "70618"
}, {
  "kecamatan" : "Martapura Timur",
  "kelurahan" : "Tambak Anyar Ilir",
  "kodepos" : "70617"
}, {
  "kecamatan" : "Martapura Timur",
  "kelurahan" : "Tambak Anyar Ulu",
  "kodepos" : "70617"
}, {
  "kecamatan" : "Martapura Timur",
  "kelurahan" : "Pematang Baru",
  "kodepos" : "70617"
}, {
  "kecamatan" : "Martapura Timur",
  "kelurahan" : "Sei/Sungai Kitano",
  "kodepos" : "70617"
}, {
  "kecamatan" : "Martapura Timur",
  "kelurahan" : "Tambak Anyar",
  "kodepos" : "70617"
}, {
  "kecamatan" : "Martapura Timur",
  "kelurahan" : "Pekauman Dalam",
  "kodepos" : "70617"
}, {
  "kecamatan" : "Martapura Timur",
  "kelurahan" : "Pekauman Ulu",
  "kodepos" : "70617"
}, {
  "kecamatan" : "Martapura Timur",
  "kelurahan" : "Pekauman",
  "kodepos" : "70617"
}, {
  "kecamatan" : "Martapura Kota",
  "kelurahan" : "Murung Kenanga",
  "kodepos" : "70617"
}, {
  "kecamatan" : "Martapura Timur",
  "kelurahan" : "Melayu Tengah",
  "kodepos" : "70617"
}, {
  "kecamatan" : "Martapura Timur",
  "kelurahan" : "Melayu Ulu",
  "kodepos" : "70617"
}, {
  "kecamatan" : "Martapura Timur",
  "kelurahan" : "Mekar",
  "kodepos" : "70617"
}, {
  "kecamatan" : "Martapura Timur",
  "kelurahan" : "Melayu Ilir",
  "kodepos" : "70617"
}, {
  "kecamatan" : "Martapura Timur",
  "kelurahan" : "Keramat",
  "kodepos" : "70617"
}, {
  "kecamatan" : "Martapura Timur",
  "kelurahan" : "Keramat Baru",
  "kodepos" : "70617"
}, {
  "kecamatan" : "Martapura Timur",
  "kelurahan" : "Dalam Pagar Ulu",
  "kodepos" : "70617"
}, {
  "kecamatan" : "Martapura Timur",
  "kelurahan" : "Dalam Pagar Ulu",
  "kodepos" : "70617"
}, {
  "kecamatan" : "Martapura Timur",
  "kelurahan" : "Antasan Senor",
  "kodepos" : "70617"
}, {
  "kecamatan" : "Martapura Timur",
  "kelurahan" : "Antasan Senor Ilir",
  "kodepos" : "70617"
}, {
  "kecamatan" : "Martapura Timur",
  "kelurahan" : "Akar Bagantung",
  "kodepos" : "70617"
}, {
  "kecamatan" : "Martapura Timur",
  "kelurahan" : "Akar Baru",
  "kodepos" : "70617"
}, {
  "kecamatan" : "Martapura Kota",
  "kelurahan" : "Murung Keraton",
  "kodepos" : "70616"
}, {
  "kecamatan" : "Martapura Kota",
  "kelurahan" : "Tunggul Irang Ilir",
  "kodepos" : "70615"
}, {
  "kecamatan" : "Martapura Kota",
  "kelurahan" : "Tunggul Irang Ulu",
  "kodepos" : "70615"
}, {
  "kecamatan" : "Martapura Kota",
  "kelurahan" : "Jawa Laut",
  "kodepos" : "70615"
}, {
  "kecamatan" : "Martapura Kota",
  "kelurahan" : "Tunggul Irang",
  "kodepos" : "70615"
}, {
  "kecamatan" : "Martapura Kota",
  "kelurahan" : "Tanjung Rema Darat",
  "kodepos" : "70613"
}, {
  "kecamatan" : "Martapura Kota",
  "kelurahan" : "Jawa",
  "kodepos" : "70614"
}, {
  "kecamatan" : "Martapura Kota",
  "kelurahan" : "Sei/Sungai Sipai",
  "kodepos" : "70612"
}, {
  "kecamatan" : "Martapura Kota",
  "kelurahan" : "Tanjung Rema",
  "kodepos" : "70613"
}, {
  "kecamatan" : "Martapura Kota",
  "kelurahan" : "Cindai Alus",
  "kodepos" : "70612"
}, {
  "kecamatan" : "Martapura Kota",
  "kelurahan" : "Keraton",
  "kodepos" : "70611"
} ]
