[ {
  "kecamatan" : "Banjarmasin Selatan",
  "kelurahan" : "Pemurus Baru",
  "kodepos" : "70249"
}, {
  "kecamatan" : "Banjarmasin Selatan",
  "kelurahan" : "Pemurus Dalam",
  "kodepos" : "70248"
}, {
  "kecamatan" : "Banjarmasin Selatan",
  "kelurahan" : "Murung Raya",
  "kodepos" : "70247"
}, {
  "kecamatan" : "Banjarmasin Selatan",
  "kelurahan" : "Tanjung Pagar",
  "kodepos" : "70247"
}, {
  "kecamatan" : "Banjarmasin Selatan",
  "kelurahan" : "Basirih Selatan",
  "kodepos" : "70245"
}, {
  "kecamatan" : "Banjarmasin Selatan",
  "kelurahan" : "Kelayan Selatan",
  "kodepos" : "70246"
}, {
  "kecamatan" : "Banjarmasin Selatan",
  "kelurahan" : "Kelayan Timur",
  "kodepos" : "70247"
}, {
  "kecamatan" : "Banjarmasin Selatan",
  "kelurahan" : "Mantuil",
  "kodepos" : "70244"
}, {
  "kecamatan" : "Banjarmasin Barat",
  "kelurahan" : "Basirih",
  "kodepos" : "70245"
}, {
  "kecamatan" : "Banjarmasin Selatan",
  "kelurahan" : "Pekauman",
  "kodepos" : "70243"
}, {
  "kecamatan" : "Banjarmasin Selatan",
  "kelurahan" : "Kelayan Tengah",
  "kodepos" : "70242"
}, {
  "kecamatan" : "Banjarmasin Selatan",
  "kelurahan" : "Kelayan Dalam",
  "kodepos" : "70242"
}, {
  "kecamatan" : "Banjarmasin Tengah",
  "kelurahan" : "Kelayan Luar",
  "kodepos" : "70241"
}, {
  "kecamatan" : "Banjarmasin Selatan",
  "kelurahan" : "Kelayan Barat",
  "kodepos" : "70241"
}, {
  "kecamatan" : "Banjarmasin Timur",
  "kelurahan" : "Sei/Sungai Lulut",
  "kodepos" : "70238"
}, {
  "kecamatan" : "Banjarmasin Timur",
  "kelurahan" : "Benua Anyar",
  "kodepos" : "70239"
}, {
  "kecamatan" : "Banjarmasin Timur",
  "kelurahan" : "Pemurus Luar",
  "kodepos" : "70236"
}, {
  "kecamatan" : "Banjarmasin Timur",
  "kelurahan" : "Sei/Sungai Bilu",
  "kodepos" : "70236"
}, {
  "kecamatan" : "Banjarmasin Timur",
  "kelurahan" : "Pengambangan",
  "kodepos" : "70237"
}, {
  "kecamatan" : "Banjarmasin Timur",
  "kelurahan" : "Kuripan",
  "kodepos" : "70236"
}, {
  "kecamatan" : "Banjarmasin Timur",
  "kelurahan" : "Kebun Bunga",
  "kodepos" : "70235"
}, {
  "kecamatan" : "Banjarmasin Tengah",
  "kelurahan" : "Pekapuran Laut",
  "kodepos" : "70235"
}, {
  "kecamatan" : "Banjarmasin Timur",
  "kelurahan" : "Pekapuran Raya",
  "kodepos" : "70234"
}, {
  "kecamatan" : "Banjarmasin Tengah",
  "kelurahan" : "Melayu",
  "kodepos" : "70234"
}, {
  "kecamatan" : "Banjarmasin Timur",
  "kelurahan" : "Karang Mekar",
  "kodepos" : "70234"
}, {
  "kecamatan" : "Banjarmasin Tengah",
  "kelurahan" : "Seberang Masjid",
  "kodepos" : "70231"
}, {
  "kecamatan" : "Banjarmasin Tengah",
  "kelurahan" : "Sei/Sungai Baru",
  "kodepos" : "70233"
}, {
  "kecamatan" : "Banjarmasin Barat",
  "kelurahan" : "Kuin Cerucuk",
  "kodepos" : "70129"
}, {
  "kecamatan" : "Banjarmasin Tengah",
  "kelurahan" : "Gadang",
  "kodepos" : "70231"
}, {
  "kecamatan" : "Banjarmasin Barat",
  "kelurahan" : "Kuin Selatan",
  "kodepos" : "70128"
}, {
  "kecamatan" : "Banjarmasin Utara",
  "kelurahan" : "Alalak Tengah",
  "kodepos" : "70126"
}, {
  "kecamatan" : "Banjarmasin Utara",
  "kelurahan" : "Kuin Utara",
  "kodepos" : "70127"
}, {
  "kecamatan" : "Banjarmasin Utara",
  "kelurahan" : "Alalak Selatan",
  "kodepos" : "70126"
}, {
  "kecamatan" : "Banjarmasin Utara",
  "kelurahan" : "Alalak Utara",
  "kodepos" : "70125"
}, {
  "kecamatan" : "Banjarmasin Utara",
  "kelurahan" : "Pangeran",
  "kodepos" : "70124"
}, {
  "kecamatan" : "Banjarmasin Utara",
  "kelurahan" : "Sei/Sungai Miai",
  "kodepos" : "70123"
}, {
  "kecamatan" : "Banjarmasin Utara",
  "kelurahan" : "Surgi Mufti",
  "kodepos" : "70122"
}, {
  "kecamatan" : "Banjarmasin Utara",
  "kelurahan" : "Antasan Kecil Timur",
  "kodepos" : "70123"
}, {
  "kecamatan" : "Banjarmasin Utara",
  "kelurahan" : "Sei/Sungai Jingah",
  "kodepos" : "70121"
}, {
  "kecamatan" : "Banjarmasin Utara",
  "kelurahan" : "Sungai Andai",
  "kodepos" : "70122"
}, {
  "kecamatan" : "Banjarmasin Barat",
  "kelurahan" : "Pelambuan",
  "kodepos" : "70118"
}, {
  "kecamatan" : "Banjarmasin Barat",
  "kelurahan" : "Telaga Biru",
  "kodepos" : "70119"
}, {
  "kecamatan" : "Banjarmasin Tengah",
  "kelurahan" : "Teluk Dalam",
  "kodepos" : "70117"
}, {
  "kecamatan" : "Banjarmasin Barat",
  "kelurahan" : "Belitung Selatan",
  "kodepos" : "70116"
}, {
  "kecamatan" : "Banjarmasin Barat",
  "kelurahan" : "Belitung Utara",
  "kodepos" : "70116"
}, {
  "kecamatan" : "Banjarmasin Tengah",
  "kelurahan" : "Pasar Lama",
  "kodepos" : "70115"
}, {
  "kecamatan" : "Banjarmasin Barat",
  "kelurahan" : "Teluk Tiram",
  "kodepos" : "70113"
}, {
  "kecamatan" : "Banjarmasin Tengah",
  "kelurahan" : "Antasan Besar",
  "kodepos" : "70114"
}, {
  "kecamatan" : "Banjarmasin Barat",
  "kelurahan" : "Telawang",
  "kodepos" : "70112"
}, {
  "kecamatan" : "Banjarmasin Tengah",
  "kelurahan" : "Kertak Baru Ulu",
  "kodepos" : "70111"
}, {
  "kecamatan" : "Banjarmasin Tengah",
  "kelurahan" : "Mawar",
  "kodepos" : "70112"
}, {
  "kecamatan" : "Banjarmasin Tengah",
  "kelurahan" : "Kertak Baru Ilir",
  "kodepos" : "70111"
} ]
