[ {
  "kecamatan" : "Pulo Ampel",
  "kelurahan" : "Sumuranja",
  "kodepos" : "42455"
}, {
  "kecamatan" : "Pulo Ampel",
  "kelurahan" : "Salira",
  "kodepos" : "42455"
}, {
  "kecamatan" : "Pulo Ampel",
  "kelurahan" : "Margasari",
  "kodepos" : "42455"
}, {
  "kecamatan" : "Pulo Ampel",
  "kelurahan" : "Pulo Ampel",
  "kodepos" : "42455"
}, {
  "kecamatan" : "Pulo Ampel",
  "kelurahan" : "Pulo Panjang",
  "kodepos" : "42455"
}, {
  "kecamatan" : "Pulo Ampel",
  "kelurahan" : "Banyuwangi",
  "kodepos" : "42455"
}, {
  "kecamatan" : "Pulo Ampel",
  "kelurahan" : "Kedung Soka",
  "kodepos" : "42455"
}, {
  "kecamatan" : "Pulo Ampel",
  "kelurahan" : "Mangunreja",
  "kodepos" : "42455"
}, {
  "kecamatan" : "Pulo Ampel",
  "kelurahan" : "Argawana",
  "kodepos" : "42455"
}, {
  "kecamatan" : "Bojonegara",
  "kelurahan" : "Pengarengan",
  "kodepos" : "42454"
}, {
  "kecamatan" : "Bojonegara",
  "kelurahan" : "Ukirsari",
  "kodepos" : "42454"
}, {
  "kecamatan" : "Bojonegara",
  "kelurahan" : "Wanakarta",
  "kodepos" : "42454"
}, {
  "kecamatan" : "Bojonegara",
  "kelurahan" : "Mekar Jaya",
  "kodepos" : "42454"
}, {
  "kecamatan" : "Bojonegara",
  "kelurahan" : "Pakuncen",
  "kodepos" : "42454"
}, {
  "kecamatan" : "Bojonegara",
  "kelurahan" : "Mangkunegara",
  "kodepos" : "42454"
}, {
  "kecamatan" : "Bojonegara",
  "kelurahan" : "Margagiri",
  "kodepos" : "42454"
}, {
  "kecamatan" : "Bojonegara",
  "kelurahan" : "Lambangsari",
  "kodepos" : "42454"
}, {
  "kecamatan" : "Bojonegara",
  "kelurahan" : "Kertasana",
  "kodepos" : "42454"
}, {
  "kecamatan" : "Bojonegara",
  "kelurahan" : "Bojonegara",
  "kodepos" : "42454"
}, {
  "kecamatan" : "Bojonegara",
  "kelurahan" : "Karangkepuh",
  "kodepos" : "42454"
}, {
  "kecamatan" : "Waringin Kurung",
  "kelurahan" : "Waringinkurung",
  "kodepos" : "42453"
}, {
  "kecamatan" : "Waringin Kurung",
  "kelurahan" : "Sukadalem",
  "kodepos" : "42453"
}, {
  "kecamatan" : "Waringin Kurung",
  "kelurahan" : "Telaga Luhur",
  "kodepos" : "42453"
}, {
  "kecamatan" : "Waringin Kurung",
  "kelurahan" : "Sasahan",
  "kodepos" : "42453"
}, {
  "kecamatan" : "Waringin Kurung",
  "kelurahan" : "Sukabares",
  "kodepos" : "42453"
}, {
  "kecamatan" : "Waringin Kurung",
  "kelurahan" : "Sampir",
  "kodepos" : "42453"
}, {
  "kecamatan" : "Waringin Kurung",
  "kelurahan" : "Melati",
  "kodepos" : "42453"
}, {
  "kecamatan" : "Waringin Kurung",
  "kelurahan" : "Sambilawang",
  "kodepos" : "42453"
}, {
  "kecamatan" : "Waringin Kurung",
  "kelurahan" : "Cokopsulanjana",
  "kodepos" : "42453"
}, {
  "kecamatan" : "Waringin Kurung",
  "kelurahan" : "Kemuning",
  "kodepos" : "42453"
}, {
  "kecamatan" : "Waringin Kurung",
  "kelurahan" : "Binangun",
  "kodepos" : "42453"
}, {
  "kecamatan" : "Binuang",
  "kelurahan" : "Renged",
  "kodepos" : "42196"
}, {
  "kecamatan" : "Binuang",
  "kelurahan" : "Lamaran",
  "kodepos" : "42196"
}, {
  "kecamatan" : "Binuang",
  "kelurahan" : "Warakas",
  "kodepos" : "42196"
}, {
  "kecamatan" : "Binuang",
  "kelurahan" : "Gembor",
  "kodepos" : "42196"
}, {
  "kecamatan" : "Binuang",
  "kelurahan" : "Sukamampir",
  "kodepos" : "42196"
}, {
  "kecamatan" : "Binuang",
  "kelurahan" : "Cakung",
  "kodepos" : "42196"
}, {
  "kecamatan" : "Binuang",
  "kelurahan" : "Binuang",
  "kodepos" : "42196"
}, {
  "kecamatan" : "Carenang (Cerenang)",
  "kelurahan" : "Walikukun",
  "kodepos" : "42195"
}, {
  "kecamatan" : "Carenang (Cerenang)",
  "kelurahan" : "Ragasmesigit",
  "kodepos" : "42195"
}, {
  "kecamatan" : "Carenang (Cerenang)",
  "kelurahan" : "Teras",
  "kodepos" : "42195"
}, {
  "kecamatan" : "Carenang (Cerenang)",
  "kelurahan" : "Pamanuk",
  "kodepos" : "42195"
}, {
  "kecamatan" : "Carenang (Cerenang)",
  "kelurahan" : "Panenjoan",
  "kodepos" : "42195"
}, {
  "kecamatan" : "Carenang (Cerenang)",
  "kelurahan" : "Carenang",
  "kodepos" : "42195"
}, {
  "kecamatan" : "Carenang (Cerenang)",
  "kelurahan" : "Mandaya",
  "kodepos" : "42195"
}, {
  "kecamatan" : "Carenang (Cerenang)",
  "kelurahan" : "Mekarsari",
  "kodepos" : "42195"
}, {
  "kecamatan" : "Tanara",
  "kelurahan" : "Tenjo Ayu",
  "kodepos" : "42194"
}, {
  "kecamatan" : "Tanara",
  "kelurahan" : "Sukamanah",
  "kodepos" : "42194"
}, {
  "kecamatan" : "Tanara",
  "kelurahan" : "Tanara",
  "kodepos" : "42194"
}, {
  "kecamatan" : "Tanara",
  "kelurahan" : "Cibodas",
  "kodepos" : "42194"
}, {
  "kecamatan" : "Tanara",
  "kelurahan" : "Siremen",
  "kodepos" : "42194"
}, {
  "kecamatan" : "Tirtayasa",
  "kelurahan" : "Wargasara",
  "kodepos" : "42193"
}, {
  "kecamatan" : "Tanara",
  "kelurahan" : "Pedaleman",
  "kodepos" : "42194"
}, {
  "kecamatan" : "Tanara",
  "kelurahan" : "Bendung",
  "kodepos" : "42194"
}, {
  "kecamatan" : "Tanara",
  "kelurahan" : "Lempuyang",
  "kodepos" : "42194"
}, {
  "kecamatan" : "Tirtayasa",
  "kelurahan" : "Tengkurak",
  "kodepos" : "42193"
}, {
  "kecamatan" : "Tanara",
  "kelurahan" : "Cerukcuk",
  "kodepos" : "42194"
}, {
  "kecamatan" : "Tirtayasa",
  "kelurahan" : "Tirtayasa",
  "kodepos" : "42193"
}, {
  "kecamatan" : "Tirtayasa",
  "kelurahan" : "Samparwadi",
  "kodepos" : "42193"
}, {
  "kecamatan" : "Tirtayasa",
  "kelurahan" : "Sujung",
  "kodepos" : "42193"
}, {
  "kecamatan" : "Tirtayasa",
  "kelurahan" : "Susukan",
  "kodepos" : "42193"
}, {
  "kecamatan" : "Tirtayasa",
  "kelurahan" : "Puser",
  "kodepos" : "42193"
}, {
  "kecamatan" : "Tirtayasa",
  "kelurahan" : "Lontar",
  "kodepos" : "42193"
}, {
  "kecamatan" : "Tirtayasa",
  "kelurahan" : "Pontang Legon",
  "kodepos" : "42193"
}, {
  "kecamatan" : "Tirtayasa",
  "kelurahan" : "Laban",
  "kodepos" : "42193"
}, {
  "kecamatan" : "Tirtayasa",
  "kelurahan" : "Kebuyutan",
  "kodepos" : "42193"
}, {
  "kecamatan" : "Tirtayasa",
  "kelurahan" : "Kemanisan",
  "kodepos" : "42193"
}, {
  "kecamatan" : "Tirtayasa",
  "kelurahan" : "Kebon",
  "kodepos" : "42193"
}, {
  "kecamatan" : "Pontang",
  "kelurahan" : "Wanayasa",
  "kodepos" : "42192"
}, {
  "kecamatan" : "Tirtayasa",
  "kelurahan" : "Alang Alang",
  "kodepos" : "42193"
}, {
  "kecamatan" : "Pontang",
  "kelurahan" : "Sukajaya",
  "kodepos" : "42192"
}, {
  "kecamatan" : "Pontang",
  "kelurahan" : "Singarajan",
  "kodepos" : "42192"
}, {
  "kecamatan" : "Pontang",
  "kelurahan" : "Sukanegara",
  "kodepos" : "42192"
}, {
  "kecamatan" : "Pontang",
  "kelurahan" : "Linduk",
  "kodepos" : "42192"
}, {
  "kecamatan" : "Pontang",
  "kelurahan" : "Pulo Kencana",
  "kodepos" : "42192"
}, {
  "kecamatan" : "Pontang",
  "kelurahan" : "Pontang",
  "kodepos" : "42192"
}, {
  "kecamatan" : "Pontang",
  "kelurahan" : "Keserangan",
  "kodepos" : "42192"
}, {
  "kecamatan" : "Pontang",
  "kelurahan" : "Kubang Puji",
  "kodepos" : "42192"
}, {
  "kecamatan" : "Pontang",
  "kelurahan" : "Domas",
  "kodepos" : "42192"
}, {
  "kecamatan" : "Pontang",
  "kelurahan" : "Kalapian",
  "kodepos" : "42192"
}, {
  "kecamatan" : "Kasemen",
  "kelurahan" : "Sawah Luhur",
  "kodepos" : "42191"
}, {
  "kecamatan" : "Kasemen",
  "kelurahan" : "Terumbu",
  "kodepos" : "42191"
}, {
  "kecamatan" : "Kasemen",
  "kelurahan" : "Warung Jaud",
  "kodepos" : "42191"
}, {
  "kecamatan" : "Kasemen",
  "kelurahan" : "Kilasah",
  "kodepos" : "42191"
}, {
  "kecamatan" : "Kasemen",
  "kelurahan" : "Margaluyu",
  "kodepos" : "42191"
}, {
  "kecamatan" : "Kasemen",
  "kelurahan" : "Mesjid Priyayi",
  "kodepos" : "42191"
}, {
  "kecamatan" : "Kasemen",
  "kelurahan" : "Kasunyatan",
  "kodepos" : "42191"
}, {
  "kecamatan" : "Kasemen",
  "kelurahan" : "Banten",
  "kodepos" : "42191"
}, {
  "kecamatan" : "Kasemen",
  "kelurahan" : "Bendung",
  "kodepos" : "42191"
}, {
  "kecamatan" : "Kasemen",
  "kelurahan" : "Kasemen",
  "kodepos" : "42191"
}, {
  "kecamatan" : "Cikande",
  "kelurahan" : "Songgom Jaya",
  "kodepos" : "42186"
}, {
  "kecamatan" : "Cikande",
  "kelurahan" : "Sukatani",
  "kodepos" : "42186"
}, {
  "kecamatan" : "Cikande",
  "kelurahan" : "Parigi",
  "kodepos" : "42186"
}, {
  "kecamatan" : "Cikande",
  "kelurahan" : "Situterate",
  "kodepos" : "42186"
}, {
  "kecamatan" : "Cikande",
  "kelurahan" : "Nambo Udik",
  "kodepos" : "42186"
}, {
  "kecamatan" : "Cikande",
  "kelurahan" : "Kamurang",
  "kodepos" : "42186"
}, {
  "kecamatan" : "Cikande",
  "kelurahan" : "Koper",
  "kodepos" : "42186"
}, {
  "kecamatan" : "Cikande",
  "kelurahan" : "Leuwilimus",
  "kodepos" : "42186"
}, {
  "kecamatan" : "Cikande",
  "kelurahan" : "Cikande Permai",
  "kodepos" : "42186"
}, {
  "kecamatan" : "Cikande",
  "kelurahan" : "Gembor Udik",
  "kodepos" : "42186"
}, {
  "kecamatan" : "Cikande",
  "kelurahan" : "Julang",
  "kodepos" : "42186"
}, {
  "kecamatan" : "Cikande",
  "kelurahan" : "Bakung",
  "kodepos" : "42186"
}, {
  "kecamatan" : "Cikande",
  "kelurahan" : "Cikande",
  "kodepos" : "42186"
}, {
  "kecamatan" : "Kibin",
  "kelurahan" : "Tambak",
  "kodepos" : "42185"
}, {
  "kecamatan" : "Kibin",
  "kelurahan" : "Sukamaju",
  "kodepos" : "42185"
}, {
  "kecamatan" : "Kibin",
  "kelurahan" : "Nambo Ilir",
  "kodepos" : "42185"
}, {
  "kecamatan" : "Kibin",
  "kelurahan" : "Kibin",
  "kodepos" : "42185"
}, {
  "kecamatan" : "Kibin",
  "kelurahan" : "Nagara",
  "kodepos" : "42185"
}, {
  "kecamatan" : "Kibin",
  "kelurahan" : "Cijeruk",
  "kodepos" : "42185"
}, {
  "kecamatan" : "Kibin",
  "kelurahan" : "Ketos",
  "kodepos" : "42185"
}, {
  "kecamatan" : "Kibin",
  "kelurahan" : "Barengkok",
  "kodepos" : "42185"
}, {
  "kecamatan" : "Kibin",
  "kelurahan" : "Ciagel",
  "kodepos" : "42185"
}, {
  "kecamatan" : "Kragilan",
  "kelurahan" : "Tegalmaja",
  "kodepos" : "42184"
}, {
  "kecamatan" : "Kragilan",
  "kelurahan" : "Undar Andir",
  "kodepos" : "42184"
}, {
  "kecamatan" : "Lebak Wangi",
  "kelurahan" : "Terasbendung",
  "kodepos" : "42184"
}, {
  "kecamatan" : "Kragilan",
  "kelurahan" : "Sukajadi",
  "kodepos" : "42184"
}, {
  "kecamatan" : "Kragilan",
  "kelurahan" : "Sentul",
  "kodepos" : "42184"
}, {
  "kecamatan" : "Kragilan",
  "kelurahan" : "Silebu",
  "kodepos" : "42184"
}, {
  "kecamatan" : "Kragilan",
  "kelurahan" : "Pematang",
  "kodepos" : "42184"
}, {
  "kecamatan" : "Kragilan",
  "kelurahan" : "Kragilan",
  "kodepos" : "42184"
}, {
  "kecamatan" : "Kragilan",
  "kelurahan" : "Kramatjati",
  "kodepos" : "42184"
}, {
  "kecamatan" : "Kragilan",
  "kelurahan" : "Kendayakan",
  "kodepos" : "42184"
}, {
  "kecamatan" : "Lebak Wangi",
  "kelurahan" : "Kamaruton",
  "kodepos" : "42184"
}, {
  "kecamatan" : "Kragilan",
  "kelurahan" : "Dukuh",
  "kodepos" : "42184"
}, {
  "kecamatan" : "Kragilan",
  "kelurahan" : "Jeruktipis",
  "kodepos" : "42184"
}, {
  "kecamatan" : "Walantaka",
  "kelurahan" : "Walantaka",
  "kodepos" : "42183"
}, {
  "kecamatan" : "Kragilan",
  "kelurahan" : "Cisait",
  "kodepos" : "42184"
}, {
  "kecamatan" : "Walantaka",
  "kelurahan" : "Tegalsari",
  "kodepos" : "42183"
}, {
  "kecamatan" : "Walantaka",
  "kelurahan" : "Teritih",
  "kodepos" : "42183"
}, {
  "kecamatan" : "Walantaka",
  "kelurahan" : "Pengampelan",
  "kodepos" : "42183"
}, {
  "kecamatan" : "Walantaka",
  "kelurahan" : "Pipitan",
  "kodepos" : "42183"
}, {
  "kecamatan" : "Walantaka",
  "kelurahan" : "Pageragung",
  "kodepos" : "42183"
}, {
  "kecamatan" : "Walantaka",
  "kelurahan" : "Pasuluhan",
  "kodepos" : "42183"
}, {
  "kecamatan" : "Walantaka",
  "kelurahan" : "Pageragung",
  "kodepos" : "42183"
}, {
  "kecamatan" : "Walantaka",
  "kelurahan" : "Nyapah",
  "kodepos" : "42183"
}, {
  "kecamatan" : "Walantaka",
  "kelurahan" : "Pabuaran",
  "kodepos" : "42183"
}, {
  "kecamatan" : "Lebak Wangi",
  "kelurahan" : "Lebakwangi",
  "kodepos" : "42183"
}, {
  "kecamatan" : "Walantaka",
  "kelurahan" : "Lebakwangi",
  "kodepos" : "42183"
}, {
  "kecamatan" : "Lebak Wangi",
  "kelurahan" : "Lebak Kepuh",
  "kodepos" : "42183"
}, {
  "kecamatan" : "Walantaka",
  "kelurahan" : "Kiara",
  "kodepos" : "42183"
}, {
  "kecamatan" : "Lebak Wangi",
  "kelurahan" : "Kencana Harapan",
  "kodepos" : "42183"
}, {
  "kecamatan" : "Walantaka",
  "kelurahan" : "Kalodoran / Kalodran",
  "kodepos" : "42183"
}, {
  "kecamatan" : "Walantaka",
  "kelurahan" : "Kepuren",
  "kodepos" : "42183"
}, {
  "kecamatan" : "Walantaka",
  "kelurahan" : "Cigoong",
  "kodepos" : "42183"
}, {
  "kecamatan" : "Lebak Wangi",
  "kelurahan" : "Tirem",
  "kodepos" : "42182"
}, {
  "kecamatan" : "Ciruas",
  "kelurahan" : "Singamerta",
  "kodepos" : "42182"
}, {
  "kecamatan" : "Ciruas",
  "kelurahan" : "Pulo",
  "kodepos" : "42182"
}, {
  "kecamatan" : "Ciruas",
  "kelurahan" : "Ranjeng",
  "kodepos" : "42182"
}, {
  "kecamatan" : "Ciruas",
  "kelurahan" : "Pelawad",
  "kodepos" : "42182"
}, {
  "kecamatan" : "Ciruas",
  "kelurahan" : "Kaserangan",
  "kodepos" : "42182"
}, {
  "kecamatan" : "Ciruas",
  "kelurahan" : "Penggalang",
  "kodepos" : "42182"
}, {
  "kecamatan" : "Lebak Wangi",
  "kelurahan" : "Kebonratu",
  "kodepos" : "42182"
}, {
  "kecamatan" : "Ciruas",
  "kelurahan" : "Kepandean",
  "kodepos" : "42182"
}, {
  "kecamatan" : "Ciruas",
  "kelurahan" : "Citerep",
  "kodepos" : "42182"
}, {
  "kecamatan" : "Ciruas",
  "kelurahan" : "Pamong",
  "kodepos" : "42182"
}, {
  "kecamatan" : "Ciruas",
  "kelurahan" : "Gosara",
  "kodepos" : "42182"
}, {
  "kecamatan" : "Ciruas",
  "kelurahan" : "Kaserangan",
  "kodepos" : "42182"
}, {
  "kecamatan" : "Ciruas",
  "kelurahan" : "Cigelam",
  "kodepos" : "42182"
}, {
  "kecamatan" : "Ciruas",
  "kelurahan" : "Ciruas",
  "kodepos" : "42182"
}, {
  "kecamatan" : "Ciruas",
  "kelurahan" : "Bumijaya",
  "kodepos" : "42182"
}, {
  "kecamatan" : "Ciruas",
  "kelurahan" : "Beberan",
  "kodepos" : "42182"
}, {
  "kecamatan" : "Lebak Wangi",
  "kelurahan" : "Bolang",
  "kodepos" : "42181"
}, {
  "kecamatan" : "Lebak Wangi",
  "kelurahan" : "Purwadadi",
  "kodepos" : "42181"
}, {
  "kecamatan" : "Kopo",
  "kelurahan" : "Nanggung",
  "kodepos" : "42178"
}, {
  "kecamatan" : "Kopo",
  "kelurahan" : "Nyompok",
  "kodepos" : "42178"
}, {
  "kecamatan" : "Kopo",
  "kelurahan" : "Rancasumur",
  "kodepos" : "42178"
}, {
  "kecamatan" : "Kopo",
  "kelurahan" : "Kopo",
  "kodepos" : "42178"
}, {
  "kecamatan" : "Kopo",
  "kelurahan" : "Mekarbaru",
  "kodepos" : "42178"
}, {
  "kecamatan" : "Kopo",
  "kelurahan" : "Babakan Jaya",
  "kodepos" : "42178"
}, {
  "kecamatan" : "Kopo",
  "kelurahan" : "Gabus",
  "kodepos" : "42178"
}, {
  "kecamatan" : "Jawilan",
  "kelurahan" : "Pagintungan",
  "kodepos" : "42177"
}, {
  "kecamatan" : "Kopo",
  "kelurahan" : "Garut",
  "kodepos" : "42178"
}, {
  "kecamatan" : "Jawilan",
  "kelurahan" : "Parakan",
  "kodepos" : "42177"
}, {
  "kecamatan" : "Kopo",
  "kelurahan" : "Carenang Udik",
  "kodepos" : "42178"
}, {
  "kecamatan" : "Jawilan",
  "kelurahan" : "Kareo",
  "kodepos" : "42177"
}, {
  "kecamatan" : "Kopo",
  "kelurahan" : "Cidahu",
  "kodepos" : "42178"
}, {
  "kecamatan" : "Jawilan",
  "kelurahan" : "Majasari",
  "kodepos" : "42177"
}, {
  "kecamatan" : "Jawilan",
  "kelurahan" : "Pasirbuyut",
  "kodepos" : "42177"
}, {
  "kecamatan" : "Jawilan",
  "kelurahan" : "Jawilan",
  "kodepos" : "42177"
}, {
  "kecamatan" : "Jawilan",
  "kelurahan" : "Junti",
  "kodepos" : "42177"
}, {
  "kecamatan" : "Jawilan",
  "kelurahan" : "Cemplang",
  "kodepos" : "42177"
}, {
  "kecamatan" : "Jawilan",
  "kelurahan" : "Bojot",
  "kodepos" : "42177"
}, {
  "kecamatan" : "Pamarayan",
  "kelurahan" : "Wirana",
  "kodepos" : "42176"
}, {
  "kecamatan" : "Pamarayan",
  "kelurahan" : "Sangiang",
  "kodepos" : "42176"
}, {
  "kecamatan" : "Pamarayan",
  "kelurahan" : "Pudar",
  "kodepos" : "42176"
}, {
  "kecamatan" : "Bandung",
  "kelurahan" : "Pringwulung",
  "kodepos" : "42176"
}, {
  "kecamatan" : "Pamarayan",
  "kelurahan" : "Pasirlimus",
  "kodepos" : "42176"
}, {
  "kecamatan" : "Bandung",
  "kelurahan" : "Pangawinan",
  "kodepos" : "42176"
}, {
  "kecamatan" : "Pamarayan",
  "kelurahan" : "Pasir Kembang",
  "kodepos" : "42176"
}, {
  "kecamatan" : "Bandung",
  "kelurahan" : "Mander",
  "kodepos" : "42176"
}, {
  "kecamatan" : "Bandung",
  "kelurahan" : "Panamping",
  "kodepos" : "42176"
}, {
  "kecamatan" : "Pamarayan",
  "kelurahan" : "Pamarayan",
  "kodepos" : "42176"
}, {
  "kecamatan" : "Bandung",
  "kelurahan" : "Malabar",
  "kodepos" : "42176"
}, {
  "kecamatan" : "Bandung",
  "kelurahan" : "Malabar",
  "kodepos" : "42176"
}, {
  "kecamatan" : "Pamarayan",
  "kelurahan" : "Damping",
  "kodepos" : "42176"
}, {
  "kecamatan" : "Pamarayan",
  "kelurahan" : "Kampung Baru",
  "kodepos" : "42176"
}, {
  "kecamatan" : "Pamarayan",
  "kelurahan" : "Binong",
  "kodepos" : "42176"
}, {
  "kecamatan" : "Bandung",
  "kelurahan" : "Blokang",
  "kodepos" : "42176"
}, {
  "kecamatan" : "Bandung",
  "kelurahan" : "Bandung",
  "kodepos" : "42176"
}, {
  "kecamatan" : "Cikeusal",
  "kelurahan" : "Sukaratu",
  "kodepos" : "42175"
}, {
  "kecamatan" : "Bandung",
  "kelurahan" : "Babakan",
  "kodepos" : "42176"
}, {
  "kecamatan" : "Cikeusal",
  "kelurahan" : "Sukaraja",
  "kodepos" : "42175"
}, {
  "kecamatan" : "Cikeusal",
  "kelurahan" : "Sukarame",
  "kodepos" : "42175"
}, {
  "kecamatan" : "Cikeusal",
  "kelurahan" : "Sukamaju",
  "kodepos" : "42175"
}, {
  "kecamatan" : "Cikeusal",
  "kelurahan" : "Sukamenak",
  "kodepos" : "42175"
}, {
  "kecamatan" : "Cikeusal",
  "kelurahan" : "Mongpok",
  "kodepos" : "42175"
}, {
  "kecamatan" : "Cikeusal",
  "kelurahan" : "Panosogan",
  "kodepos" : "42175"
}, {
  "kecamatan" : "Cikeusal",
  "kelurahan" : "Panyabrangan",
  "kodepos" : "42175"
}, {
  "kecamatan" : "Cikeusal",
  "kelurahan" : "Katulisan",
  "kodepos" : "42175"
}, {
  "kecamatan" : "Cikeusal",
  "kelurahan" : "Harundang",
  "kodepos" : "42175"
}, {
  "kecamatan" : "Cikeusal",
  "kelurahan" : "Dahu",
  "kodepos" : "42175"
}, {
  "kecamatan" : "Cikeusal",
  "kelurahan" : "Gandayasa",
  "kodepos" : "42175"
}, {
  "kecamatan" : "Cikeusal",
  "kelurahan" : "Cilayang Guha",
  "kodepos" : "42175"
}, {
  "kecamatan" : "Cikeusal",
  "kelurahan" : "Cimaung",
  "kodepos" : "42175"
}, {
  "kecamatan" : "Cikeusal",
  "kelurahan" : "Cikeusal",
  "kodepos" : "42175"
}, {
  "kecamatan" : "Cikeusal",
  "kelurahan" : "Cilayang",
  "kodepos" : "42175"
}, {
  "kecamatan" : "Cikeusal",
  "kelurahan" : "Bantar Panjang",
  "kodepos" : "42175"
}, {
  "kecamatan" : "Tunjung Teja",
  "kelurahan" : "Sukasari",
  "kodepos" : "42174"
}, {
  "kecamatan" : "Tunjung Teja",
  "kelurahan" : "Tunjung Teja",
  "kodepos" : "42174"
}, {
  "kecamatan" : "Tunjung Teja",
  "kelurahan" : "Panunggulan",
  "kodepos" : "42174"
}, {
  "kecamatan" : "Tunjung Teja",
  "kelurahan" : "Malanggah",
  "kodepos" : "42174"
}, {
  "kecamatan" : "Tunjung Teja",
  "kelurahan" : "Pancarecang",
  "kodepos" : "42174"
}, {
  "kecamatan" : "Tunjung Teja",
  "kelurahan" : "Kamuning",
  "kodepos" : "42174"
}, {
  "kecamatan" : "Tunjung Teja",
  "kelurahan" : "Bojong Catang",
  "kodepos" : "42174"
}, {
  "kecamatan" : "Tunjung Teja",
  "kelurahan" : "Bojong Menteng",
  "kodepos" : "42174"
}, {
  "kecamatan" : "Tunjung Teja",
  "kelurahan" : "Bojong Pandan",
  "kodepos" : "42174"
}, {
  "kecamatan" : "Baros",
  "kelurahan" : "Tamansari",
  "kodepos" : "42173"
}, {
  "kecamatan" : "Baros",
  "kelurahan" : "Tejamari",
  "kodepos" : "42173"
}, {
  "kecamatan" : "Baros",
  "kelurahan" : "Sukamenak",
  "kodepos" : "42173"
}, {
  "kecamatan" : "Baros",
  "kelurahan" : "Sukacai",
  "kodepos" : "42173"
}, {
  "kecamatan" : "Baros",
  "kelurahan" : "Sukamanah",
  "kodepos" : "42173"
}, {
  "kecamatan" : "Baros",
  "kelurahan" : "Sindangmandi",
  "kodepos" : "42173"
}, {
  "kecamatan" : "Baros",
  "kelurahan" : "Suka Indah",
  "kodepos" : "42173"
}, {
  "kecamatan" : "Baros",
  "kelurahan" : "Sidamukti",
  "kodepos" : "42173"
}, {
  "kecamatan" : "Baros",
  "kelurahan" : "Sinarmukti",
  "kodepos" : "42173"
}, {
  "kecamatan" : "Baros",
  "kelurahan" : "Panyirapan",
  "kodepos" : "42173"
}, {
  "kecamatan" : "Baros",
  "kelurahan" : "Curug Agung",
  "kodepos" : "42173"
}, {
  "kecamatan" : "Baros",
  "kelurahan" : "Padasuka",
  "kodepos" : "42173"
}, {
  "kecamatan" : "Baros",
  "kelurahan" : "Cisalam",
  "kodepos" : "42173"
}, {
  "kecamatan" : "Baros",
  "kelurahan" : "Baros",
  "kodepos" : "42173"
}, {
  "kecamatan" : "Petir",
  "kelurahan" : "Seuat Jaya",
  "kodepos" : "42172"
}, {
  "kecamatan" : "Petir",
  "kelurahan" : "Sindangsari",
  "kodepos" : "42172"
}, {
  "kecamatan" : "Petir",
  "kelurahan" : "Tambiluk",
  "kodepos" : "42172"
}, {
  "kecamatan" : "Petir",
  "kelurahan" : "Padasuka",
  "kodepos" : "42172"
}, {
  "kecamatan" : "Petir",
  "kelurahan" : "Petir",
  "kodepos" : "42172"
}, {
  "kecamatan" : "Petir",
  "kelurahan" : "Sanding",
  "kodepos" : "42172"
}, {
  "kecamatan" : "Petir",
  "kelurahan" : "Seuat",
  "kodepos" : "42172"
}, {
  "kecamatan" : "Petir",
  "kelurahan" : "Mekarbaru",
  "kodepos" : "42172"
}, {
  "kecamatan" : "Petir",
  "kelurahan" : "Nagara Padang",
  "kodepos" : "42172"
}, {
  "kecamatan" : "Petir",
  "kelurahan" : "Kampung Baru",
  "kodepos" : "42172"
}, {
  "kecamatan" : "Petir",
  "kelurahan" : "Kubang Jaya",
  "kodepos" : "42172"
}, {
  "kecamatan" : "Petir",
  "kelurahan" : "Kadugenep",
  "kodepos" : "42172"
}, {
  "kecamatan" : "Petir",
  "kelurahan" : "Cirangkong",
  "kodepos" : "42172"
}, {
  "kecamatan" : "Petir",
  "kelurahan" : "Kadugenep",
  "kodepos" : "42172"
}, {
  "kecamatan" : "Curug",
  "kelurahan" : "Sukawana",
  "kodepos" : "42171"
}, {
  "kecamatan" : "Curug",
  "kelurahan" : "Tinggar",
  "kodepos" : "42171"
}, {
  "kecamatan" : "Petir",
  "kelurahan" : "Bojong Nangka",
  "kodepos" : "42172"
}, {
  "kecamatan" : "Curug",
  "kelurahan" : "Pancalaksana",
  "kodepos" : "42171"
}, {
  "kecamatan" : "Curug",
  "kelurahan" : "Sukajaya",
  "kodepos" : "42171"
}, {
  "kecamatan" : "Curug",
  "kelurahan" : "Sukalaksana",
  "kodepos" : "42171"
}, {
  "kecamatan" : "Curug",
  "kelurahan" : "Curug",
  "kodepos" : "42171"
}, {
  "kecamatan" : "Curug",
  "kelurahan" : "Curugmanis",
  "kodepos" : "42171"
}, {
  "kecamatan" : "Curug",
  "kelurahan" : "Kamanisan",
  "kodepos" : "42171"
}, {
  "kecamatan" : "Curug",
  "kelurahan" : "Cilaku",
  "kodepos" : "42171"
}, {
  "kecamatan" : "Curug",
  "kelurahan" : "Cipete",
  "kodepos" : "42171"
}, {
  "kecamatan" : "Padarincang",
  "kelurahan" : "Kramatlaban",
  "kodepos" : "42168"
}, {
  "kecamatan" : "Padarincang",
  "kelurahan" : "Padarincang",
  "kodepos" : "42168"
}, {
  "kecamatan" : "Padarincang",
  "kelurahan" : "Kadu Kempong",
  "kodepos" : "42168"
}, {
  "kecamatan" : "Padarincang",
  "kelurahan" : "Kadubeureum",
  "kodepos" : "42168"
}, {
  "kecamatan" : "Padarincang",
  "kelurahan" : "Kalumpang",
  "kodepos" : "42168"
}, {
  "kecamatan" : "Padarincang",
  "kelurahan" : "Citasuk",
  "kodepos" : "42168"
}, {
  "kecamatan" : "Padarincang",
  "kelurahan" : "Curug Goong",
  "kodepos" : "42168"
}, {
  "kecamatan" : "Padarincang",
  "kelurahan" : "Cisaat",
  "kodepos" : "42168"
}, {
  "kecamatan" : "Padarincang",
  "kelurahan" : "Cisaat",
  "kodepos" : "42168"
}, {
  "kecamatan" : "Padarincang",
  "kelurahan" : "Bugel",
  "kodepos" : "42168"
}, {
  "kecamatan" : "Padarincang",
  "kelurahan" : "Cibojong",
  "kodepos" : "42168"
}, {
  "kecamatan" : "Cinangka",
  "kelurahan" : "Umbul Tanjung",
  "kodepos" : "42167"
}, {
  "kecamatan" : "Padarincang",
  "kelurahan" : "Barugbug",
  "kodepos" : "42168"
}, {
  "kecamatan" : "Padarincang",
  "kelurahan" : "Batukuwung",
  "kodepos" : "42168"
}, {
  "kecamatan" : "Cinangka",
  "kelurahan" : "Rancasanggal",
  "kodepos" : "42167"
}, {
  "kecamatan" : "Cinangka",
  "kelurahan" : "Sindanglaya",
  "kodepos" : "42167"
}, {
  "kecamatan" : "Cinangka",
  "kelurahan" : "Mekarsari",
  "kodepos" : "42167"
}, {
  "kecamatan" : "Cinangka",
  "kelurahan" : "Pasauran",
  "kodepos" : "42167"
}, {
  "kecamatan" : "Cinangka",
  "kelurahan" : "Karang Suraga",
  "kodepos" : "42167"
}, {
  "kecamatan" : "Cinangka",
  "kelurahan" : "Kubang Baros",
  "kodepos" : "42167"
}, {
  "kecamatan" : "Cinangka",
  "kelurahan" : "Cikolelet",
  "kodepos" : "42167"
}, {
  "kecamatan" : "Cinangka",
  "kelurahan" : "Cinangka",
  "kodepos" : "42167"
}, {
  "kecamatan" : "Cinangka",
  "kelurahan" : "Kamasan",
  "kodepos" : "42167"
}, {
  "kecamatan" : "Cinangka",
  "kelurahan" : "Baros Jaya",
  "kodepos" : "42167"
}, {
  "kecamatan" : "Cinangka",
  "kelurahan" : "Bulakan",
  "kodepos" : "42167"
}, {
  "kecamatan" : "Cinangka",
  "kelurahan" : "Bantarwangi",
  "kodepos" : "42167"
}, {
  "kecamatan" : "Cinangka",
  "kelurahan" : "Bantarwaru",
  "kodepos" : "42167"
}, {
  "kecamatan" : "Anyar",
  "kelurahan" : "Sindangmandi",
  "kodepos" : "42166"
}, {
  "kecamatan" : "Anyar",
  "kelurahan" : "Tambang Ayam",
  "kodepos" : "42166"
}, {
  "kecamatan" : "Anyar",
  "kelurahan" : "Tanjungmanis",
  "kodepos" : "42166"
}, {
  "kecamatan" : "Anyar",
  "kelurahan" : "Mekarsari",
  "kodepos" : "42166"
}, {
  "kecamatan" : "Anyar",
  "kelurahan" : "Sindangkarya",
  "kodepos" : "42166"
}, {
  "kecamatan" : "Anyar",
  "kelurahan" : "Grogol Indah",
  "kodepos" : "42166"
}, {
  "kecamatan" : "Anyar",
  "kelurahan" : "Kosambi Ronyok",
  "kodepos" : "42166"
}, {
  "kecamatan" : "Anyar",
  "kelurahan" : "Bunihara",
  "kodepos" : "42166"
}, {
  "kecamatan" : "Anyar",
  "kelurahan" : "Cikoneng",
  "kodepos" : "42166"
}, {
  "kecamatan" : "Anyar",
  "kelurahan" : "Bandulu",
  "kodepos" : "42166"
}, {
  "kecamatan" : "Anyar",
  "kelurahan" : "Banjarsari",
  "kodepos" : "42166"
}, {
  "kecamatan" : "Mancak",
  "kelurahan" : "Winong",
  "kodepos" : "42165"
}, {
  "kecamatan" : "Anyar",
  "kelurahan" : "Anyar",
  "kodepos" : "42166"
}, {
  "kecamatan" : "Mancak",
  "kelurahan" : "Sigedong",
  "kodepos" : "42165"
}, {
  "kecamatan" : "Mancak",
  "kelurahan" : "Talaga",
  "kodepos" : "42165"
}, {
  "kecamatan" : "Mancak",
  "kelurahan" : "Waringin",
  "kodepos" : "42165"
}, {
  "kecamatan" : "Mancak",
  "kelurahan" : "Pasirwaru",
  "kodepos" : "42165"
}, {
  "kecamatan" : "Mancak",
  "kelurahan" : "Sangiang",
  "kodepos" : "42165"
}, {
  "kecamatan" : "Mancak",
  "kelurahan" : "Labuhan",
  "kodepos" : "42165"
}, {
  "kecamatan" : "Mancak",
  "kelurahan" : "Mancak",
  "kodepos" : "42165"
}, {
  "kecamatan" : "Mancak",
  "kelurahan" : "Batukuda",
  "kodepos" : "42165"
}, {
  "kecamatan" : "Mancak",
  "kelurahan" : "Cikedung",
  "kodepos" : "42165"
}, {
  "kecamatan" : "Mancak",
  "kelurahan" : "Ciwarna",
  "kodepos" : "42165"
}, {
  "kecamatan" : "Mancak",
  "kelurahan" : "Bale Kencana",
  "kodepos" : "42165"
}, {
  "kecamatan" : "Mancak",
  "kelurahan" : "Balekambang",
  "kodepos" : "42165"
}, {
  "kecamatan" : "Mancak",
  "kelurahan" : "Angsana",
  "kodepos" : "42165"
}, {
  "kecamatan" : "Ciomas",
  "kelurahan" : "Ujungtebu",
  "kodepos" : "42164"
}, {
  "kecamatan" : "Ciomas",
  "kelurahan" : "Sukadana",
  "kodepos" : "42164"
}, {
  "kecamatan" : "Ciomas",
  "kelurahan" : "Sukarena",
  "kodepos" : "42164"
}, {
  "kecamatan" : "Ciomas",
  "kelurahan" : "Siketug",
  "kodepos" : "42164"
}, {
  "kecamatan" : "Ciomas",
  "kelurahan" : "Sukabares",
  "kodepos" : "42164"
}, {
  "kecamatan" : "Ciomas",
  "kelurahan" : "Panyaungan Jaya",
  "kodepos" : "42164"
}, {
  "kecamatan" : "Ciomas",
  "kelurahan" : "Pondok Kahuru",
  "kodepos" : "42164"
}, {
  "kecamatan" : "Ciomas",
  "kelurahan" : "Citaman",
  "kodepos" : "42164"
}, {
  "kecamatan" : "Ciomas",
  "kelurahan" : "Lebak",
  "kodepos" : "42164"
}, {
  "kecamatan" : "Padarincang",
  "kelurahan" : "Ciomas",
  "kodepos" : "42164"
}, {
  "kecamatan" : "Ciomas",
  "kelurahan" : "Cisitu",
  "kodepos" : "42164"
}, {
  "kecamatan" : "Pabuaran",
  "kelurahan" : "Tanjungsari",
  "kodepos" : "42163"
}, {
  "kecamatan" : "Ciomas",
  "kelurahan" : "Cemplang",
  "kodepos" : "42164"
}, {
  "kecamatan" : "Pabuaran",
  "kelurahan" : "Talaga Warna",
  "kodepos" : "42163"
}, {
  "kecamatan" : "Gunungsari",
  "kelurahan" : "Sukalaba",
  "kodepos" : "42163"
}, {
  "kecamatan" : "Gunungsari",
  "kelurahan" : "Tamiang",
  "kodepos" : "42163"
}, {
  "kecamatan" : "Pabuaran",
  "kelurahan" : "Sindangheula",
  "kodepos" : "42163"
}, {
  "kecamatan" : "Pabuaran",
  "kelurahan" : "Sindangsari",
  "kodepos" : "42163"
}, {
  "kecamatan" : "Pabuaran",
  "kelurahan" : "Pabuaran",
  "kodepos" : "42163"
}, {
  "kecamatan" : "Pabuaran",
  "kelurahan" : "Pancanegara",
  "kodepos" : "42163"
}, {
  "kecamatan" : "Pabuaran",
  "kelurahan" : "Pasanggrahan",
  "kodepos" : "42163"
}, {
  "kecamatan" : "Pabuaran",
  "kelurahan" : "Kadubeureum",
  "kodepos" : "42163"
}, {
  "kecamatan" : "Gunungsari",
  "kelurahan" : "Luwuk",
  "kodepos" : "42163"
}, {
  "kecamatan" : "Gunungsari",
  "kelurahan" : "Gunungsari",
  "kodepos" : "42163"
}, {
  "kecamatan" : "Gunungsari",
  "kelurahan" : "Kadu Agung",
  "kodepos" : "42163"
}, {
  "kecamatan" : "Pabuaran",
  "kelurahan" : "Curug Sulanjana",
  "kodepos" : "42163"
}, {
  "kecamatan" : "Gunungsari",
  "kelurahan" : "Curug Sulanjana",
  "kodepos" : "42163"
}, {
  "kecamatan" : "Taktakan",
  "kelurahan" : "Umbul Tengah",
  "kodepos" : "42162"
}, {
  "kecamatan" : "Taktakan",
  "kelurahan" : "Kuranji",
  "kodepos" : "42162"
}, {
  "kecamatan" : "Gunungsari",
  "kelurahan" : "Ciherang",
  "kodepos" : "42163"
}, {
  "kecamatan" : "Taktakan",
  "kelurahan" : "Lialang",
  "kodepos" : "42162"
}, {
  "kecamatan" : "Taktakan",
  "kelurahan" : "Taktakan",
  "kodepos" : "42162"
}, {
  "kecamatan" : "Taktakan",
  "kelurahan" : "Drangong",
  "kodepos" : "42162"
}, {
  "kecamatan" : "Taktakan",
  "kelurahan" : "Tamanbaru",
  "kodepos" : "42162"
}, {
  "kecamatan" : "Taktakan",
  "kelurahan" : "Kalang Anyar",
  "kodepos" : "42162"
}, {
  "kecamatan" : "Taktakan",
  "kelurahan" : "Sepang",
  "kodepos" : "42162"
}, {
  "kecamatan" : "Kramatwatu",
  "kelurahan" : "Wanayasa",
  "kodepos" : "42161"
}, {
  "kecamatan" : "Taktakan",
  "kelurahan" : "Pancur",
  "kodepos" : "42162"
}, {
  "kecamatan" : "Taktakan",
  "kelurahan" : "Cilowong",
  "kodepos" : "42162"
}, {
  "kecamatan" : "Taktakan",
  "kelurahan" : "Panggungjati",
  "kodepos" : "42162"
}, {
  "kecamatan" : "Kramatwatu",
  "kelurahan" : "Terate",
  "kodepos" : "42161"
}, {
  "kecamatan" : "Taktakan",
  "kelurahan" : "Sayar",
  "kodepos" : "42162"
}, {
  "kecamatan" : "Kramatwatu",
  "kelurahan" : "Tonjong",
  "kodepos" : "42161"
}, {
  "kecamatan" : "Kramatwatu",
  "kelurahan" : "Toyomerto",
  "kodepos" : "42161"
}, {
  "kecamatan" : "Kramatwatu",
  "kelurahan" : "Serdang",
  "kodepos" : "42161"
}, {
  "kecamatan" : "Kramatwatu",
  "kelurahan" : "Teluk Terate",
  "kodepos" : "42161"
}, {
  "kecamatan" : "Kramatwatu",
  "kelurahan" : "Pejaten",
  "kodepos" : "42161"
}, {
  "kecamatan" : "Kramatwatu",
  "kelurahan" : "Pelamunan",
  "kodepos" : "42161"
}, {
  "kecamatan" : "Kramatwatu",
  "kelurahan" : "Pamengkang",
  "kodepos" : "42161"
}, {
  "kecamatan" : "Kramatwatu",
  "kelurahan" : "Pegadingan",
  "kodepos" : "42161"
}, {
  "kecamatan" : "Kramatwatu",
  "kelurahan" : "Lebakwana",
  "kodepos" : "42161"
}, {
  "kecamatan" : "Kramatwatu",
  "kelurahan" : "Margasana",
  "kodepos" : "42161"
}, {
  "kecamatan" : "Cipocok Jaya",
  "kelurahan" : "Gelam",
  "kodepos" : "42128"
}, {
  "kecamatan" : "Kramatwatu",
  "kelurahan" : "Kramatwatu",
  "kodepos" : "42161"
}, {
  "kecamatan" : "Cipocok Jaya",
  "kelurahan" : "Karundang",
  "kodepos" : "42125"
}, {
  "kecamatan" : "Kramatwatu",
  "kelurahan" : "Harjatani",
  "kodepos" : "42161"
}, {
  "kecamatan" : "Cipocok Jaya",
  "kelurahan" : "Tembong",
  "kodepos" : "42126"
}, {
  "kecamatan" : "Cipocok Jaya",
  "kelurahan" : "Dalung",
  "kodepos" : "42127"
}, {
  "kecamatan" : "Cipocok Jaya",
  "kelurahan" : "Banjarsari",
  "kodepos" : "42123"
}, {
  "kecamatan" : "Cipocok Jaya",
  "kelurahan" : "Panancangan",
  "kodepos" : "42124"
}, {
  "kecamatan" : "Cipocok Jaya",
  "kelurahan" : "Cipocok Jaya",
  "kodepos" : "42121"
}, {
  "kecamatan" : "Cipocok Jaya",
  "kelurahan" : "Banjaragung",
  "kodepos" : "42122"
}, {
  "kecamatan" : "Serang",
  "kelurahan" : "Sumurpecung",
  "kodepos" : "42118"
}, {
  "kecamatan" : "Serang",
  "kelurahan" : "Terondol",
  "kodepos" : "42119"
}, {
  "kecamatan" : "Serang",
  "kelurahan" : "Sukawana",
  "kodepos" : "42116"
}, {
  "kecamatan" : "Serang",
  "kelurahan" : "Cipare",
  "kodepos" : "42117"
}, {
  "kecamatan" : "Serang",
  "kelurahan" : "Serang",
  "kodepos" : "42116"
}, {
  "kecamatan" : "Serang",
  "kelurahan" : "Kaligandu",
  "kodepos" : "42116"
}, {
  "kecamatan" : "Serang",
  "kelurahan" : "Lontarbaru",
  "kodepos" : "42115"
}, {
  "kecamatan" : "Serang",
  "kelurahan" : "Lopang",
  "kodepos" : "42113"
}, {
  "kecamatan" : "Serang",
  "kelurahan" : "Kagungan",
  "kodepos" : "42114"
}, {
  "kecamatan" : "Serang",
  "kelurahan" : "Kotabaru",
  "kodepos" : "42112"
}, {
  "kecamatan" : "Serang",
  "kelurahan" : "Cimuncang",
  "kodepos" : "42111"
}, {
  "kecamatan" : "Serang",
  "kelurahan" : "Unyur",
  "kodepos" : "42111"
} ]
