[ {
  "kecamatan" : "Delang",
  "kelurahan" : "Sekombulan",
  "kodepos" : "74664"
}, {
  "kecamatan" : "Delang",
  "kelurahan" : "Sepoyu",
  "kodepos" : "74664"
}, {
  "kecamatan" : "Delang",
  "kelurahan" : "Riam Penahan",
  "kodepos" : "74664"
}, {
  "kecamatan" : "Delang",
  "kelurahan" : "Riam Tinggi",
  "kodepos" : "74664"
}, {
  "kecamatan" : "Delang",
  "kelurahan" : "Nyalang",
  "kodepos" : "74664"
}, {
  "kecamatan" : "Delang",
  "kelurahan" : "Penyombaan",
  "kodepos" : "74664"
}, {
  "kecamatan" : "Delang",
  "kelurahan" : "Lopus",
  "kodepos" : "74664"
}, {
  "kecamatan" : "Batangkawa",
  "kelurahan" : "Liku",
  "kodepos" : "74664"
}, {
  "kecamatan" : "Batangkawa",
  "kelurahan" : "Mengkalang",
  "kodepos" : "74664"
}, {
  "kecamatan" : "Delang",
  "kelurahan" : "Kubung",
  "kodepos" : "74664"
}, {
  "kecamatan" : "Delang",
  "kelurahan" : "Kudangan",
  "kodepos" : "74664"
}, {
  "kecamatan" : "Delang",
  "kelurahan" : "Landau Kantu",
  "kodepos" : "74664"
}, {
  "kecamatan" : "Batangkawa",
  "kelurahan" : "Kinipan",
  "kodepos" : "74664"
}, {
  "kecamatan" : "Batangkawa",
  "kelurahan" : "Karang Mas",
  "kodepos" : "74664"
}, {
  "kecamatan" : "Batangkawa",
  "kelurahan" : "Kina",
  "kodepos" : "74664"
}, {
  "kecamatan" : "Batangkawa",
  "kelurahan" : "Ginih",
  "kodepos" : "74664"
}, {
  "kecamatan" : "Batangkawa",
  "kelurahan" : "Jemuat",
  "kodepos" : "74664"
}, {
  "kecamatan" : "Batangkawa",
  "kelurahan" : "Batu Tambun",
  "kodepos" : "74664"
}, {
  "kecamatan" : "Batangkawa",
  "kelurahan" : "Benakitan",
  "kodepos" : "74664"
}, {
  "kecamatan" : "Lamandau",
  "kelurahan" : "Tanjung Beringin",
  "kodepos" : "74663"
}, {
  "kecamatan" : "Lamandau",
  "kelurahan" : "Tapin Bini",
  "kodepos" : "74663"
}, {
  "kecamatan" : "Belantikan Raya",
  "kelurahan" : "Tangga Batu",
  "kodepos" : "74663"
}, {
  "kecamatan" : "Lamandau",
  "kelurahan" : "Suja",
  "kodepos" : "74663"
}, {
  "kecamatan" : "Belantikan Raya",
  "kelurahan" : "Sumber Cahaya",
  "kodepos" : "74663"
}, {
  "kecamatan" : "Lamandau",
  "kelurahan" : "Sei/Sungai Tuat",
  "kodepos" : "74663"
}, {
  "kecamatan" : "Lamandau",
  "kelurahan" : "Sekoban",
  "kodepos" : "74663"
}, {
  "kecamatan" : "Belantikan Raya",
  "kelurahan" : "Petarikan",
  "kodepos" : "74663"
}, {
  "kecamatan" : "Belantikan Raya",
  "kelurahan" : "Sei/Sungai Buluh",
  "kodepos" : "74663"
}, {
  "kecamatan" : "Belantikan Raya",
  "kelurahan" : "Nanga Matu",
  "kodepos" : "74663"
}, {
  "kecamatan" : "Lamandau",
  "kelurahan" : "Panopa",
  "kodepos" : "74663"
}, {
  "kecamatan" : "Belantikan Raya",
  "kelurahan" : "Nanga Belantikan",
  "kodepos" : "74663"
}, {
  "kecamatan" : "Lamandau",
  "kelurahan" : "Kawa",
  "kodepos" : "74663"
}, {
  "kecamatan" : "Lamandau",
  "kelurahan" : "Karang Taba",
  "kodepos" : "74663"
}, {
  "kecamatan" : "Belantikan Raya",
  "kelurahan" : "Kahingai",
  "kodepos" : "74663"
}, {
  "kecamatan" : "Belantikan Raya",
  "kelurahan" : "Karang Besi",
  "kodepos" : "74663"
}, {
  "kecamatan" : "Lamandau",
  "kelurahan" : "Cuhai",
  "kodepos" : "74663"
}, {
  "kecamatan" : "Belantikan Raya",
  "kelurahan" : "Benuatan",
  "kodepos" : "74663"
}, {
  "kecamatan" : "Belantikan Raya",
  "kelurahan" : "Bintang Mengalih",
  "kodepos" : "74663"
}, {
  "kecamatan" : "Belantikan Raya",
  "kelurahan" : "Bayat",
  "kodepos" : "74663"
}, {
  "kecamatan" : "Belantikan Raya",
  "kelurahan" : "Belibi (Balibi)",
  "kodepos" : "74663"
}, {
  "kecamatan" : "Lamandau",
  "kelurahan" : "Bakonsu",
  "kodepos" : "74663"
}, {
  "kecamatan" : "Bulik",
  "kelurahan" : "Nanga Bulik",
  "kodepos" : "74611"
}, {
  "kecamatan" : "Bulik",
  "kelurahan" : "Kujan",
  "kodepos" : "74612"
}, {
  "kecamatan" : "Sematu Jaya",
  "kelurahan" : "Wonorejo",
  "kodepos" : "74162"
}, {
  "kecamatan" : "Menthobi Raya",
  "kelurahan" : "Topalan",
  "kodepos" : "74162"
}, {
  "kecamatan" : "Sematu Jaya",
  "kelurahan" : "Tri Tunggal",
  "kodepos" : "74162"
}, {
  "kecamatan" : "Bulik",
  "kelurahan" : "Tamiang",
  "kodepos" : "74162"
}, {
  "kecamatan" : "Bulik Timur",
  "kelurahan" : "Toka",
  "kodepos" : "74162"
}, {
  "kecamatan" : "Bulik",
  "kelurahan" : "Sumber Mulya",
  "kodepos" : "74162"
}, {
  "kecamatan" : "Bulik Timur",
  "kelurahan" : "Sungkup",
  "kodepos" : "74162"
}, {
  "kecamatan" : "Menthobi Raya",
  "kelurahan" : "Sumber Jaya",
  "kodepos" : "74162"
}, {
  "kecamatan" : "Bulik Timur",
  "kelurahan" : "Sepondam",
  "kodepos" : "74162"
}, {
  "kecamatan" : "Bulik",
  "kelurahan" : "Sei/Sungai Mentawa",
  "kodepos" : "74162"
}, {
  "kecamatan" : "Bulik Timur",
  "kelurahan" : "Sukamaju",
  "kodepos" : "74162"
}, {
  "kecamatan" : "Sematu Jaya",
  "kelurahan" : "Purworejo",
  "kodepos" : "74162"
}, {
  "kecamatan" : "Bulik Timur",
  "kelurahan" : "Nuangan",
  "kodepos" : "74162"
}, {
  "kecamatan" : "Bulik Timur",
  "kelurahan" : "Pedongatan",
  "kodepos" : "74162"
}, {
  "kecamatan" : "Bulik Timur",
  "kelurahan" : "Nanga Palikodan",
  "kodepos" : "74162"
}, {
  "kecamatan" : "Menthobi Raya",
  "kelurahan" : "Nanuah",
  "kodepos" : "74162"
}, {
  "kecamatan" : "Bulik Timur",
  "kelurahan" : "Nanga Kemujan",
  "kodepos" : "74162"
}, {
  "kecamatan" : "Bulik Timur",
  "kelurahan" : "Nanga Koring",
  "kodepos" : "74162"
}, {
  "kecamatan" : "Menthobi Raya",
  "kelurahan" : "Modang Mas",
  "kodepos" : "74162"
}, {
  "kecamatan" : "Menthobi Raya",
  "kelurahan" : "Mukti Manunggal",
  "kodepos" : "74162"
}, {
  "kecamatan" : "Menthobi Raya",
  "kelurahan" : "Melata",
  "kodepos" : "74162"
}, {
  "kecamatan" : "Bulik Timur",
  "kelurahan" : "Merambang",
  "kodepos" : "74162"
}, {
  "kecamatan" : "Sematu Jaya",
  "kelurahan" : "Mekar Mulya",
  "kodepos" : "74162"
}, {
  "kecamatan" : "Menthobi Raya",
  "kelurahan" : "Lubuk Hiju",
  "kodepos" : "74162"
}, {
  "kecamatan" : "Sematu Jaya",
  "kelurahan" : "Jangkar Prima",
  "kodepos" : "74162"
}, {
  "kecamatan" : "Bulik",
  "kelurahan" : "Guci",
  "kodepos" : "74162"
}, {
  "kecamatan" : "Bulik",
  "kelurahan" : "Bunut",
  "kodepos" : "74162"
}, {
  "kecamatan" : "Bulik",
  "kelurahan" : "Bumi Agung",
  "kodepos" : "74162"
}, {
  "kecamatan" : "Menthobi Raya",
  "kelurahan" : "Bukit Makmur",
  "kodepos" : "74162"
}, {
  "kecamatan" : "Menthobi Raya",
  "kelurahan" : "Bukit Raya",
  "kodepos" : "74162"
}, {
  "kecamatan" : "Bulik",
  "kelurahan" : "Bukit Indah",
  "kodepos" : "74162"
}, {
  "kecamatan" : "Bulik Timur",
  "kelurahan" : "Bukit Jaya",
  "kodepos" : "74162"
}, {
  "kecamatan" : "Sematu Jaya",
  "kelurahan" : "Bina Bhakti",
  "kodepos" : "74162"
}, {
  "kecamatan" : "Sematu Jaya",
  "kelurahan" : "Bina Bhakti",
  "kodepos" : "74162"
}, {
  "kecamatan" : "Bulik Timur",
  "kelurahan" : "Batu Tunggal",
  "kodepos" : "74162"
}, {
  "kecamatan" : "Bulik",
  "kelurahan" : "Beruta",
  "kodepos" : "74162"
}, {
  "kecamatan" : "Bulik",
  "kelurahan" : "Batu Kotam",
  "kodepos" : "74162"
}, {
  "kecamatan" : "Sematu Jaya",
  "kelurahan" : "Batu Hambawang",
  "kodepos" : "74162"
}, {
  "kecamatan" : "Menthobi Raya",
  "kelurahan" : "Batu Ampar",
  "kodepos" : "74162"
}, {
  "kecamatan" : "Bulik",
  "kelurahan" : "Arga Mulya",
  "kodepos" : "74162"
} ]
