[ {
  "kecamatan" : "Mihing Raya",
  "kelurahan" : "Tuyun",
  "kodepos" : "74571"
}, {
  "kecamatan" : "Mihing Raya",
  "kelurahan" : "Tumbang Danau",
  "kodepos" : "74571"
}, {
  "kecamatan" : "Mihing Raya",
  "kelurahan" : "Tumbang Empas",
  "kodepos" : "74571"
}, {
  "kecamatan" : "Sepang (Sepang Simin)",
  "kelurahan" : "Tanjung Karitak",
  "kodepos" : "74571"
}, {
  "kecamatan" : "Sepang (Sepang Simin)",
  "kelurahan" : "Tewai Baru",
  "kodepos" : "74571"
}, {
  "kecamatan" : "Sepang (Sepang Simin)",
  "kelurahan" : "Sepang Simin",
  "kodepos" : "74571"
}, {
  "kecamatan" : "Sepang (Sepang Simin)",
  "kelurahan" : "Tampelas",
  "kodepos" : "74571"
}, {
  "kecamatan" : "Mihing Raya",
  "kelurahan" : "Rangan Tate",
  "kodepos" : "74571"
}, {
  "kecamatan" : "Sepang (Sepang Simin)",
  "kelurahan" : "Sepang Kota",
  "kodepos" : "74571"
}, {
  "kecamatan" : "Sepang (Sepang Simin)",
  "kelurahan" : "Luwuk Andan",
  "kodepos" : "74571"
}, {
  "kecamatan" : "Sepang (Sepang Simin)",
  "kelurahan" : "Pematang Limau",
  "kodepos" : "74571"
}, {
  "kecamatan" : "Mihing Raya",
  "kelurahan" : "Kampuri",
  "kodepos" : "74571"
}, {
  "kecamatan" : "Mihing Raya",
  "kelurahan" : "Dahian Tambuk",
  "kodepos" : "74571"
}, {
  "kecamatan" : "Manuhing",
  "kelurahan" : "Tumbang Talaken",
  "kodepos" : "74562"
}, {
  "kecamatan" : "Manuhing",
  "kelurahan" : "Tumbang Sepang",
  "kodepos" : "74562"
}, {
  "kecamatan" : "Manuhing Raya",
  "kelurahan" : "Tumbang Mantuhe",
  "kodepos" : "74562"
}, {
  "kecamatan" : "Manuhing Raya",
  "kelurahan" : "Tumbang Oroi",
  "kodepos" : "74562"
}, {
  "kecamatan" : "Manuhing Raya",
  "kelurahan" : "Tumbang Samui",
  "kodepos" : "74562"
}, {
  "kecamatan" : "Manuhing",
  "kelurahan" : "Tumbang Jelemu",
  "kodepos" : "74562"
}, {
  "kecamatan" : "Manuhing Raya",
  "kelurahan" : "Tehang",
  "kodepos" : "74562"
}, {
  "kecamatan" : "Manuhing",
  "kelurahan" : "Takaras",
  "kodepos" : "74562"
}, {
  "kecamatan" : "Manuhing",
  "kelurahan" : "Tangki Dahuyan",
  "kodepos" : "74562"
}, {
  "kecamatan" : "Manuhing",
  "kelurahan" : "Taringen",
  "kodepos" : "74562"
}, {
  "kecamatan" : "Rungan Barat",
  "kelurahan" : "Mangkawuk",
  "kodepos" : "74562"
}, {
  "kecamatan" : "Manuhing Raya",
  "kelurahan" : "Luwuk Tukau",
  "kodepos" : "74562"
}, {
  "kecamatan" : "Manuhing Raya",
  "kelurahan" : "Putat Durei",
  "kodepos" : "74562"
}, {
  "kecamatan" : "Manuhing",
  "kelurahan" : "Fajar Harapan",
  "kodepos" : "74562"
}, {
  "kecamatan" : "Manuhing",
  "kelurahan" : "Gohong",
  "kodepos" : "74562"
}, {
  "kecamatan" : "Manuhing",
  "kelurahan" : "Bereng Belawan",
  "kodepos" : "74562"
}, {
  "kecamatan" : "Manuhing",
  "kelurahan" : "Bereng Jun",
  "kodepos" : "74562"
}, {
  "kecamatan" : "Manuhing",
  "kelurahan" : "Bangun Sari",
  "kodepos" : "74562"
}, {
  "kecamatan" : "Manuhing",
  "kelurahan" : "Belawan Mulya",
  "kodepos" : "74562"
}, {
  "kecamatan" : "Rungan Barat",
  "kelurahan" : "Tusang Raya",
  "kodepos" : "74561"
}, {
  "kecamatan" : "Rungan Hulu",
  "kelurahan" : "Tumbang Mujai",
  "kodepos" : "74561"
}, {
  "kecamatan" : "Rungan Hulu",
  "kelurahan" : "Tumbang Rahuyan",
  "kodepos" : "74561"
}, {
  "kecamatan" : "Rungan Hulu",
  "kelurahan" : "Tumbang Tue / Tuwe",
  "kodepos" : "74561"
}, {
  "kecamatan" : "Rungan Hulu",
  "kelurahan" : "Tumbang Lapan",
  "kodepos" : "74561"
}, {
  "kecamatan" : "Rungan",
  "kelurahan" : "Tumbang Malahoi/Malahui",
  "kodepos" : "74561"
}, {
  "kecamatan" : "Rungan Barat",
  "kelurahan" : "Tumbang Langgah",
  "kodepos" : "74561"
}, {
  "kecamatan" : "Rungan",
  "kelurahan" : "Tumbang Jelemu Kajuei",
  "kodepos" : "74561"
}, {
  "kecamatan" : "Rungan Barat",
  "kelurahan" : "Tumbang Kuayan",
  "kodepos" : "74561"
}, {
  "kecamatan" : "Rungan",
  "kelurahan" : "Tumbang Jatuh/Jutuh",
  "kodepos" : "74561"
}, {
  "kecamatan" : "Rungan Barat",
  "kelurahan" : "Tumbang Jalemu Kajuei",
  "kodepos" : "74561"
}, {
  "kecamatan" : "Rungan Barat",
  "kelurahan" : "Tumbang Bahanei",
  "kodepos" : "74561"
}, {
  "kecamatan" : "Rungan",
  "kelurahan" : "Tumbang Barengei/Baringei",
  "kodepos" : "74561"
}, {
  "kecamatan" : "Rungan",
  "kelurahan" : "Tumbang Bunut",
  "kodepos" : "74561"
}, {
  "kecamatan" : "Rungan Barat",
  "kelurahan" : "Tajah Antang Raya",
  "kodepos" : "74561"
}, {
  "kecamatan" : "Rungan",
  "kelurahan" : "Talangkas (Talangkah)",
  "kodepos" : "74561"
}, {
  "kecamatan" : "Rungan Hulu",
  "kelurahan" : "Sei/Sungai Antai",
  "kodepos" : "74561"
}, {
  "kecamatan" : "Rungan Hulu",
  "kelurahan" : "Sanggal",
  "kodepos" : "74561"
}, {
  "kecamatan" : "Rungan Barat",
  "kelurahan" : "Rabambang",
  "kodepos" : "74561"
}, {
  "kecamatan" : "Rungan",
  "kelurahan" : "Parempei",
  "kodepos" : "74561"
}, {
  "kecamatan" : "Rungan",
  "kelurahan" : "Luwuk Kantor",
  "kodepos" : "74561"
}, {
  "kecamatan" : "Rungan",
  "kelurahan" : "Luwuk Langkuas",
  "kodepos" : "74561"
}, {
  "kecamatan" : "Rungan",
  "kelurahan" : "Linau",
  "kodepos" : "74561"
}, {
  "kecamatan" : "Rungan",
  "kelurahan" : "Karya Bakti",
  "kodepos" : "74561"
}, {
  "kecamatan" : "Rungan Hulu",
  "kelurahan" : "Jangkit",
  "kodepos" : "74561"
}, {
  "kecamatan" : "Rungan Barat",
  "kelurahan" : "Jalemu Masulan",
  "kodepos" : "74561"
}, {
  "kecamatan" : "Rungan Barat",
  "kelurahan" : "Jalemu Raya",
  "kodepos" : "74561"
}, {
  "kecamatan" : "Rungan",
  "kelurahan" : "Jakatan Raya",
  "kodepos" : "74561"
}, {
  "kecamatan" : "Rungan Barat",
  "kelurahan" : "Hujung Pata",
  "kodepos" : "74561"
}, {
  "kecamatan" : "Rungan Hulu",
  "kelurahan" : "Hantapang",
  "kodepos" : "74561"
}, {
  "kecamatan" : "Rungan",
  "kelurahan" : "Bereng Baru",
  "kodepos" : "74561"
}, {
  "kecamatan" : "Rungan",
  "kelurahan" : "Bereng Malaka",
  "kodepos" : "74561"
}, {
  "kecamatan" : "Rungan Hulu",
  "kelurahan" : "Batu Puter",
  "kodepos" : "74561"
}, {
  "kecamatan" : "Kahayan Hulu Utara",
  "kelurahan" : "Tumbang Tajungan",
  "kodepos" : "74553"
}, {
  "kecamatan" : "Miri Manasa",
  "kelurahan" : "Tumbang Siruk",
  "kodepos" : "74553"
}, {
  "kecamatan" : "Kahayan Hulu Utara",
  "kelurahan" : "Tumbang Sian",
  "kodepos" : "74553"
}, {
  "kecamatan" : "Damang Batu",
  "kelurahan" : "Tumbang Posu",
  "kodepos" : "74553"
}, {
  "kecamatan" : "Kahayan Hulu Utara",
  "kelurahan" : "Tumbang Pasangon",
  "kodepos" : "74553"
}, {
  "kecamatan" : "Kahayan Hulu Utara",
  "kelurahan" : "Tumbang Ponyoi",
  "kodepos" : "74553"
}, {
  "kecamatan" : "Miri Manasa",
  "kelurahan" : "Tumbang Napoi",
  "kodepos" : "74553"
}, {
  "kecamatan" : "Kahayan Hulu Utara",
  "kelurahan" : "Tumbang Miri",
  "kodepos" : "74553"
}, {
  "kecamatan" : "Miri Manasa",
  "kelurahan" : "Tumbang Masukih",
  "kodepos" : "74553"
}, {
  "kecamatan" : "Damang Batu",
  "kelurahan" : "Tumbang Marikoi",
  "kodepos" : "74553"
}, {
  "kecamatan" : "Miri Manasa",
  "kelurahan" : "Tumbang Manyoi",
  "kodepos" : "74553"
}, {
  "kecamatan" : "Miri Manasa",
  "kelurahan" : "Tumbang Manyoi",
  "kodepos" : "74553"
}, {
  "kecamatan" : "Damang Batu",
  "kelurahan" : "Tumbang Mahuroi",
  "kodepos" : "74553"
}, {
  "kecamatan" : "Miri Manasa",
  "kelurahan" : "Tumbang Lapan",
  "kodepos" : "74553"
}, {
  "kecamatan" : "Miri Manasa",
  "kelurahan" : "Tumbang Koroi",
  "kodepos" : "74553"
}, {
  "kecamatan" : "Miri Manasa",
  "kelurahan" : "Tumbang Hantung",
  "kodepos" : "74553"
}, {
  "kecamatan" : "Kahayan Hulu Utara",
  "kelurahan" : "Tumbang Korik/Kurik",
  "kodepos" : "74553"
}, {
  "kecamatan" : "Damang Batu",
  "kelurahan" : "Tumbang Anoi",
  "kodepos" : "74553"
}, {
  "kecamatan" : "Kahayan Hulu Utara",
  "kelurahan" : "Tumbang Hamputung",
  "kodepos" : "74553"
}, {
  "kecamatan" : "Miri Manasa",
  "kelurahan" : "Rangan Hiran",
  "kodepos" : "74553"
}, {
  "kecamatan" : "Kahayan Hulu Utara",
  "kelurahan" : "Takaoi",
  "kodepos" : "74553"
}, {
  "kecamatan" : "Kahayan Hulu Utara",
  "kelurahan" : "Teluk Kanduri",
  "kodepos" : "74553"
}, {
  "kecamatan" : "Miri Manasa",
  "kelurahan" : "Mangkuhung",
  "kodepos" : "74553"
}, {
  "kecamatan" : "Kahayan Hulu Utara",
  "kelurahan" : "Penda Rangas",
  "kodepos" : "74553"
}, {
  "kecamatan" : "Damang Batu",
  "kelurahan" : "Karetau Rambangun",
  "kodepos" : "74553"
}, {
  "kecamatan" : "Damang Batu",
  "kelurahan" : "Karetau Sarian",
  "kodepos" : "74553"
}, {
  "kecamatan" : "Damang Batu",
  "kelurahan" : "Lawang Kanji",
  "kodepos" : "74553"
}, {
  "kecamatan" : "Miri Manasa",
  "kelurahan" : "Harowu",
  "kodepos" : "74553"
}, {
  "kecamatan" : "Miri Manasa",
  "kelurahan" : "Buntui (Buntoi)",
  "kodepos" : "74553"
}, {
  "kecamatan" : "Kahayan Hulu Utara",
  "kelurahan" : "Dandang",
  "kodepos" : "74553"
}, {
  "kecamatan" : "Kahayan Hulu Utara",
  "kelurahan" : "Batu Tangkui",
  "kodepos" : "74553"
}, {
  "kecamatan" : "Tewah",
  "kelurahan" : "Tumbang Pajangei",
  "kodepos" : "74552"
}, {
  "kecamatan" : "Tewah",
  "kelurahan" : "Upun Batu",
  "kodepos" : "74552"
}, {
  "kecamatan" : "Tewah",
  "kelurahan" : "Tewah",
  "kodepos" : "74552"
}, {
  "kecamatan" : "Tewah",
  "kelurahan" : "Tumbang Habaon",
  "kodepos" : "74552"
}, {
  "kecamatan" : "Tewah",
  "kelurahan" : "Tanjung Untung",
  "kodepos" : "74552"
}, {
  "kecamatan" : "Tewah",
  "kelurahan" : "Teluk Lawah",
  "kodepos" : "74552"
}, {
  "kecamatan" : "Tewah",
  "kelurahan" : "Sumur Mas",
  "kodepos" : "74552"
}, {
  "kecamatan" : "Tewah",
  "kelurahan" : "Tajau Urap",
  "kodepos" : "74552"
}, {
  "kecamatan" : "Tewah",
  "kelurahan" : "Sarerangan",
  "kodepos" : "74552"
}, {
  "kecamatan" : "Tewah",
  "kelurahan" : "Sei/Sungai Riang",
  "kodepos" : "74552"
}, {
  "kecamatan" : "Tewah",
  "kelurahan" : "Kasintu",
  "kodepos" : "74552"
}, {
  "kecamatan" : "Tewah",
  "kelurahan" : "Rangan Mihing",
  "kodepos" : "74552"
}, {
  "kecamatan" : "Tewah",
  "kelurahan" : "Sandung Tambun",
  "kodepos" : "74552"
}, {
  "kecamatan" : "Tewah",
  "kelurahan" : "Batu Nyiwuh",
  "kodepos" : "74552"
}, {
  "kecamatan" : "Tewah",
  "kelurahan" : "Karason Raya",
  "kodepos" : "74552"
}, {
  "kecamatan" : "Kurun",
  "kelurahan" : "Tumbang Tariak",
  "kodepos" : "74511"
}, {
  "kecamatan" : "Tewah",
  "kelurahan" : "Batu Nyapau",
  "kodepos" : "74552"
}, {
  "kecamatan" : "Kurun",
  "kelurahan" : "Tumbang Miwan",
  "kodepos" : "74511"
}, {
  "kecamatan" : "Kurun",
  "kelurahan" : "Tumbang Tambirah",
  "kodepos" : "74511"
}, {
  "kecamatan" : "Kurun",
  "kelurahan" : "Tumbang Lampaung/Lampahung",
  "kodepos" : "74511"
}, {
  "kecamatan" : "Kurun",
  "kelurahan" : "Tumbang Manyangan",
  "kodepos" : "74511"
}, {
  "kecamatan" : "Kurun",
  "kelurahan" : "Tumbang Hakau",
  "kodepos" : "74511"
}, {
  "kecamatan" : "Kurun",
  "kelurahan" : "Tumbang Anjir",
  "kodepos" : "74511"
}, {
  "kecamatan" : "Kurun",
  "kelurahan" : "Tanjung Riu",
  "kodepos" : "74511"
}, {
  "kecamatan" : "Kurun",
  "kelurahan" : "Teluk Nyatu",
  "kodepos" : "74511"
}, {
  "kecamatan" : "Kurun",
  "kelurahan" : "Tewang Pajangan",
  "kodepos" : "74511"
}, {
  "kecamatan" : "Kurun",
  "kelurahan" : "Pilang Munduk",
  "kodepos" : "74511"
}, {
  "kecamatan" : "Kurun",
  "kelurahan" : "Penda Pilang",
  "kodepos" : "74511"
}, {
  "kecamatan" : "Kurun",
  "kelurahan" : "Petak Bahandang",
  "kodepos" : "74511"
}, {
  "kecamatan" : "Kurun",
  "kelurahan" : "Hurung Bunut",
  "kodepos" : "74511"
}, {
  "kecamatan" : "Kurun",
  "kelurahan" : "Kurun (Kuala Kurun)",
  "kodepos" : "74511"
} ]
