[ {
  "kecamatan" : "Mendawai",
  "kelurahan" : "Tumbang Bulan",
  "kodepos" : "74463"
}, {
  "kecamatan" : "Mendawai",
  "kelurahan" : "Teluk Sebulu",
  "kodepos" : "74463"
}, {
  "kecamatan" : "Mendawai",
  "kelurahan" : "Tewang/Tawang Kampung",
  "kodepos" : "74463"
}, {
  "kecamatan" : "Katingan Kuala",
  "kelurahan" : "Singam Raya",
  "kodepos" : "74463"
}, {
  "kecamatan" : "Katingan Kuala",
  "kelurahan" : "Subur Indah",
  "kodepos" : "74463"
}, {
  "kecamatan" : "Katingan Kuala",
  "kelurahan" : "Sungai Kaki",
  "kodepos" : "74463"
}, {
  "kecamatan" : "Katingan Kuala",
  "kelurahan" : "Selat Baning",
  "kodepos" : "74463"
}, {
  "kecamatan" : "Katingan Kuala",
  "kelurahan" : "Setia Mulia",
  "kodepos" : "74463"
}, {
  "kecamatan" : "Mendawai",
  "kelurahan" : "Perigi (Parigi)",
  "kodepos" : "74463"
}, {
  "kecamatan" : "Mendawai",
  "kelurahan" : "Perigi (Parigi)",
  "kodepos" : "74463"
}, {
  "kecamatan" : "Katingan Kuala",
  "kelurahan" : "Pegatan/Pagatan Hulu",
  "kodepos" : "74463"
}, {
  "kecamatan" : "Katingan Kuala",
  "kelurahan" : "Pegatan/Pagatan Hilir",
  "kodepos" : "74463"
}, {
  "kecamatan" : "Mendawai",
  "kelurahan" : "Mekar Tani",
  "kodepos" : "74463"
}, {
  "kecamatan" : "Mendawai",
  "kelurahan" : "Mendawai",
  "kodepos" : "74463"
}, {
  "kecamatan" : "Katingan Kuala",
  "kelurahan" : "Kampung Tengah",
  "kodepos" : "74463"
}, {
  "kecamatan" : "Katingan Kuala",
  "kelurahan" : "Makmur Utama",
  "kodepos" : "74463"
}, {
  "kecamatan" : "Katingan Kuala",
  "kelurahan" : "Mangun Jaya",
  "kodepos" : "74463"
}, {
  "kecamatan" : "Mendawai",
  "kelurahan" : "Kampung Melayu",
  "kodepos" : "74463"
}, {
  "kecamatan" : "Katingan Kuala",
  "kelurahan" : "Jaya Makmur",
  "kodepos" : "74463"
}, {
  "kecamatan" : "Katingan Kuala",
  "kelurahan" : "Kampung Baru",
  "kodepos" : "74463"
}, {
  "kecamatan" : "Katingan Kuala",
  "kelurahan" : "Kampung Melayu",
  "kodepos" : "74463"
}, {
  "kecamatan" : "Katingan Kuala",
  "kelurahan" : "Bakung Raya",
  "kodepos" : "74463"
}, {
  "kecamatan" : "Katingan Kuala",
  "kelurahan" : "Bumi Subur",
  "kodepos" : "74463"
}, {
  "kecamatan" : "Kamipang",
  "kelurahan" : "Tumbang Runen",
  "kodepos" : "74462"
}, {
  "kecamatan" : "Kamipang",
  "kelurahan" : "Tampelas",
  "kodepos" : "74462"
}, {
  "kecamatan" : "Kamipang",
  "kelurahan" : "Telaga",
  "kodepos" : "74462"
}, {
  "kecamatan" : "Kamipang",
  "kelurahan" : "Jahanjang",
  "kodepos" : "74462"
}, {
  "kecamatan" : "Kamipang",
  "kelurahan" : "Karuing",
  "kodepos" : "74462"
}, {
  "kecamatan" : "Kamipang",
  "kelurahan" : "Parupuk",
  "kodepos" : "74462"
}, {
  "kecamatan" : "Kamipang",
  "kelurahan" : "Galinggang",
  "kodepos" : "74462"
}, {
  "kecamatan" : "Kamipang",
  "kelurahan" : "Baun Bango",
  "kodepos" : "74462"
}, {
  "kecamatan" : "Tasik Payawan",
  "kelurahan" : "Tumbang Panggo",
  "kodepos" : "74461"
}, {
  "kecamatan" : "Kamipang",
  "kelurahan" : "Asem Kumbang",
  "kodepos" : "74462"
}, {
  "kecamatan" : "Tasik Payawan",
  "kelurahan" : "Talingke",
  "kodepos" : "74461"
}, {
  "kecamatan" : "Tasik Payawan",
  "kelurahan" : "Tewang Tampang",
  "kodepos" : "74461"
}, {
  "kecamatan" : "Tasik Payawan",
  "kelurahan" : "Luwuk Kiri",
  "kodepos" : "74461"
}, {
  "kecamatan" : "Tasik Payawan",
  "kelurahan" : "Petak Bahandang",
  "kodepos" : "74461"
}, {
  "kecamatan" : "Tasik Payawan",
  "kelurahan" : "Hiang/Hiyang Bana",
  "kodepos" : "74461"
}, {
  "kecamatan" : "Tasik Payawan",
  "kelurahan" : "Luwuk Kanan",
  "kodepos" : "74461"
}, {
  "kecamatan" : "Tasik Payawan",
  "kelurahan" : "Handiwung",
  "kodepos" : "74461"
}, {
  "kecamatan" : "Katingan Hulu",
  "kelurahan" : "Tumbang Sabetung",
  "kodepos" : "74457"
}, {
  "kecamatan" : "Katingan Hulu",
  "kelurahan" : "Tumbang Salaman",
  "kodepos" : "74457"
}, {
  "kecamatan" : "Katingan Hulu",
  "kelurahan" : "Tumbang Senamang I",
  "kodepos" : "74457"
}, {
  "kecamatan" : "Katingan Hulu",
  "kelurahan" : "Tumbang Manangei",
  "kodepos" : "74457"
}, {
  "kecamatan" : "Katingan Hulu",
  "kelurahan" : "Tumbang Mangketai",
  "kodepos" : "74457"
}, {
  "kecamatan" : "Katingan Hulu",
  "kelurahan" : "Tumbang Labaning",
  "kodepos" : "74457"
}, {
  "kecamatan" : "Katingan Hulu",
  "kelurahan" : "Tumbang Mahop/Mahup",
  "kodepos" : "74457"
}, {
  "kecamatan" : "Katingan Hulu",
  "kelurahan" : "Tumbang Kuai",
  "kodepos" : "74457"
}, {
  "kecamatan" : "Bukit Raya",
  "kelurahan" : "Tumbang Kataei",
  "kodepos" : "74457"
}, {
  "kecamatan" : "Bukit Raya",
  "kelurahan" : "Tumbang Kaburai",
  "kodepos" : "74457"
}, {
  "kecamatan" : "Bukit Raya",
  "kelurahan" : "Tumbang Kajamei",
  "kodepos" : "74457"
}, {
  "kecamatan" : "Bukit Raya",
  "kelurahan" : "Tumbang Karuei",
  "kodepos" : "74457"
}, {
  "kecamatan" : "Katingan Hulu",
  "kelurahan" : "Tumbang Jiga",
  "kodepos" : "74457"
}, {
  "kecamatan" : "Katingan Hulu",
  "kelurahan" : "Tumbang Kabayan/Kabayang",
  "kodepos" : "74457"
}, {
  "kecamatan" : "Katingan Hulu",
  "kelurahan" : "Tumbang Hangei II",
  "kodepos" : "74457"
}, {
  "kecamatan" : "Bukit Raya",
  "kelurahan" : "Tumbang Gaei",
  "kodepos" : "74457"
}, {
  "kecamatan" : "Katingan Hulu",
  "kelurahan" : "Telok Tampang",
  "kodepos" : "74457"
}, {
  "kecamatan" : "Bukit Raya",
  "kelurahan" : "Tumbang Dahuei",
  "kodepos" : "74457"
}, {
  "kecamatan" : "Katingan Hulu",
  "kelurahan" : "Sei/Sungai Nanjan",
  "kodepos" : "74457"
}, {
  "kecamatan" : "Bukit Raya",
  "kelurahan" : "Rongan Rondan",
  "kodepos" : "74457"
}, {
  "kecamatan" : "Bukit Raya",
  "kelurahan" : "Tanjung Batik",
  "kodepos" : "74457"
}, {
  "kecamatan" : "Katingan Hulu",
  "kelurahan" : "Rantau Puka",
  "kodepos" : "74457"
}, {
  "kecamatan" : "Katingan Hulu",
  "kelurahan" : "Rantau Bahai",
  "kodepos" : "74457"
}, {
  "kecamatan" : "Bukit Raya",
  "kelurahan" : "Rantau Pandan",
  "kodepos" : "74457"
}, {
  "kecamatan" : "Katingan Hulu",
  "kelurahan" : "Rangan Kawit",
  "kodepos" : "74457"
}, {
  "kecamatan" : "Katingan Hulu",
  "kelurahan" : "Rangan Ranjing",
  "kodepos" : "74457"
}, {
  "kecamatan" : "Katingan Hulu",
  "kelurahan" : "Penda Tangaring Baru",
  "kodepos" : "74457"
}, {
  "kecamatan" : "Katingan Hulu",
  "kelurahan" : "Penda Tangaring Lama",
  "kodepos" : "74457"
}, {
  "kecamatan" : "Bukit Raya",
  "kelurahan" : "Rangan Bahekang",
  "kodepos" : "74457"
}, {
  "kecamatan" : "Katingan Hulu",
  "kelurahan" : "Kuluk Sepangi/Sapangi",
  "kodepos" : "74457"
}, {
  "kecamatan" : "Bukit Raya",
  "kelurahan" : "Penda Nange",
  "kodepos" : "74457"
}, {
  "kecamatan" : "Katingan Hulu",
  "kelurahan" : "Dehes Asem",
  "kodepos" : "74457"
}, {
  "kecamatan" : "Katingan Hulu",
  "kelurahan" : "Kiham Batang",
  "kodepos" : "74457"
}, {
  "kecamatan" : "Marikit",
  "kelurahan" : "Tumbang Tundu",
  "kodepos" : "74456"
}, {
  "kecamatan" : "Katingan Hulu",
  "kelurahan" : "Batu Bango",
  "kodepos" : "74457"
}, {
  "kecamatan" : "Marikit",
  "kelurahan" : "Tumbang Tabulus",
  "kodepos" : "74456"
}, {
  "kecamatan" : "Marikit",
  "kelurahan" : "Tumbang Taei",
  "kodepos" : "74456"
}, {
  "kecamatan" : "Marikit",
  "kelurahan" : "Tumbang Paku",
  "kodepos" : "74456"
}, {
  "kecamatan" : "Marikit",
  "kelurahan" : "Tumbang Susan &#8211; Malaman",
  "kodepos" : "74456"
}, {
  "kecamatan" : "Marikit",
  "kelurahan" : "Tumbang Mandurei",
  "kodepos" : "74456"
}, {
  "kecamatan" : "Marikit",
  "kelurahan" : "Tumbang Pahanei",
  "kodepos" : "74456"
}, {
  "kecamatan" : "Marikit",
  "kelurahan" : "Tumbang Dakei",
  "kodepos" : "74456"
}, {
  "kecamatan" : "Marikit",
  "kelurahan" : "Tumbang Hiran",
  "kodepos" : "74456"
}, {
  "kecamatan" : "Marikit",
  "kelurahan" : "Tumbang Lambi",
  "kodepos" : "74456"
}, {
  "kecamatan" : "Marikit",
  "kelurahan" : "Tumbang Bemban",
  "kodepos" : "74456"
}, {
  "kecamatan" : "Marikit",
  "kelurahan" : "Rangan Tangko",
  "kodepos" : "74456"
}, {
  "kecamatan" : "Marikit",
  "kelurahan" : "Sebaung",
  "kodepos" : "74456"
}, {
  "kecamatan" : "Marikit",
  "kelurahan" : "Rangan Burih",
  "kodepos" : "74456"
}, {
  "kecamatan" : "Marikit",
  "kelurahan" : "Rangan Surei",
  "kodepos" : "74456"
}, {
  "kecamatan" : "Marikit",
  "kelurahan" : "Buntut Leleng",
  "kodepos" : "74456"
}, {
  "kecamatan" : "Marikit",
  "kelurahan" : "Kuluk Leleng",
  "kodepos" : "74456"
}, {
  "kecamatan" : "Marikit",
  "kelurahan" : "Batu Panahan",
  "kodepos" : "74456"
}, {
  "kecamatan" : "Sanaman Mantikei (Senamang Mantikei)",
  "kelurahan" : "Tumbang Pangka",
  "kodepos" : "74455"
}, {
  "kecamatan" : "Sanaman Mantikei (Senamang Mantikei)",
  "kelurahan" : "Tumbang Taranei/Karanei",
  "kodepos" : "74455"
}, {
  "kecamatan" : "Petak Malai",
  "kelurahan" : "Tumbang Tanggoi",
  "kodepos" : "74455"
}, {
  "kecamatan" : "Sanaman Mantikei (Senamang Mantikei)",
  "kelurahan" : "Tumbang Labehu",
  "kodepos" : "74455"
}, {
  "kecamatan" : "Sanaman Mantikei (Senamang Mantikei)",
  "kelurahan" : "Tumbang Mangara/Manggara",
  "kodepos" : "74455"
}, {
  "kecamatan" : "Sanaman Mantikei (Senamang Mantikei)",
  "kelurahan" : "Tumbang Manggo",
  "kodepos" : "74455"
}, {
  "kecamatan" : "Sanaman Mantikei (Senamang Mantikei)",
  "kelurahan" : "Tumbang Kanei/Kamei",
  "kodepos" : "74455"
}, {
  "kecamatan" : "Sanaman Mantikei (Senamang Mantikei)",
  "kelurahan" : "Tumbang Kawei",
  "kodepos" : "74455"
}, {
  "kecamatan" : "Petak Malai",
  "kelurahan" : "Tumbang Jala",
  "kodepos" : "74455"
}, {
  "kecamatan" : "Sanaman Mantikei (Senamang Mantikei)",
  "kelurahan" : "Tumbang Kaman",
  "kodepos" : "74455"
}, {
  "kecamatan" : "Petak Malai",
  "kelurahan" : "Tumbang Baraoi",
  "kodepos" : "74455"
}, {
  "kecamatan" : "Petak Malai",
  "kelurahan" : "Tumbang Habangoi/Habangei",
  "kodepos" : "74455"
}, {
  "kecamatan" : "Sanaman Mantikei (Senamang Mantikei)",
  "kelurahan" : "Rantau Bangkiang",
  "kodepos" : "74455"
}, {
  "kecamatan" : "Sanaman Mantikei (Senamang Mantikei)",
  "kelurahan" : "Tumbang Atei",
  "kodepos" : "74455"
}, {
  "kecamatan" : "Petak Malai",
  "kelurahan" : "Nusa Kutau",
  "kodepos" : "74455"
}, {
  "kecamatan" : "Sanaman Mantikei (Senamang Mantikei)",
  "kelurahan" : "Kamanto",
  "kodepos" : "74455"
}, {
  "kecamatan" : "Sanaman Mantikei (Senamang Mantikei)",
  "kelurahan" : "Kuluk Habuhus",
  "kodepos" : "74455"
}, {
  "kecamatan" : "Sanaman Mantikei (Senamang Mantikei)",
  "kelurahan" : "Daya Manunggal",
  "kodepos" : "74455"
}, {
  "kecamatan" : "Sanaman Mantikei (Senamang Mantikei)",
  "kelurahan" : "Dehes",
  "kodepos" : "74455"
}, {
  "kecamatan" : "Petak Malai",
  "kelurahan" : "Batu Badak",
  "kodepos" : "74455"
}, {
  "kecamatan" : "Petak Malai",
  "kelurahan" : "Batu Tukan",
  "kodepos" : "74455"
}, {
  "kecamatan" : "Katingan Tengah",
  "kelurahan" : "Tumbang Marak",
  "kodepos" : "74454"
}, {
  "kecamatan" : "Katingan Tengah",
  "kelurahan" : "Tumbang Pariyei",
  "kodepos" : "74454"
}, {
  "kecamatan" : "Katingan Tengah",
  "kelurahan" : "Tumbang Kalamei",
  "kodepos" : "74454"
}, {
  "kecamatan" : "Katingan Tengah",
  "kelurahan" : "Tumbang Lahang",
  "kodepos" : "74454"
}, {
  "kecamatan" : "Katingan Tengah",
  "kelurahan" : "Tewang Panjang",
  "kodepos" : "74454"
}, {
  "kecamatan" : "Katingan Tengah",
  "kelurahan" : "Tumbang Hangei",
  "kodepos" : "74454"
}, {
  "kecamatan" : "Katingan Tengah",
  "kelurahan" : "Samba Katung",
  "kodepos" : "74454"
}, {
  "kecamatan" : "Katingan Tengah",
  "kelurahan" : "Telok",
  "kodepos" : "74454"
}, {
  "kecamatan" : "Katingan Tengah",
  "kelurahan" : "Samba Danum",
  "kodepos" : "74454"
}, {
  "kecamatan" : "Katingan Tengah",
  "kelurahan" : "Samba Kahayan",
  "kodepos" : "74454"
}, {
  "kecamatan" : "Katingan Tengah",
  "kelurahan" : "Petak Puti",
  "kodepos" : "74454"
}, {
  "kecamatan" : "Katingan Tengah",
  "kelurahan" : "Rantau Asem",
  "kodepos" : "74454"
}, {
  "kecamatan" : "Katingan Tengah",
  "kelurahan" : "Samba Bakumpai",
  "kodepos" : "74454"
}, {
  "kecamatan" : "Katingan Tengah",
  "kelurahan" : "Napu Sahur",
  "kodepos" : "74454"
}, {
  "kecamatan" : "Katingan Tengah",
  "kelurahan" : "Mirah Kalanaman",
  "kodepos" : "74454"
}, {
  "kecamatan" : "Katingan Tengah",
  "kelurahan" : "Batu Badinding",
  "kodepos" : "74454"
}, {
  "kecamatan" : "Pulau Malan",
  "kelurahan" : "Tumbang Tungku",
  "kodepos" : "74453"
}, {
  "kecamatan" : "Pulau Malan",
  "kelurahan" : "Tura",
  "kodepos" : "74453"
}, {
  "kecamatan" : "Pulau Malan",
  "kelurahan" : "Tumbang Lawang",
  "kodepos" : "74453"
}, {
  "kecamatan" : "Pulau Malan",
  "kelurahan" : "Tumbang Tanjung",
  "kodepos" : "74453"
}, {
  "kecamatan" : "Pulau Malan",
  "kelurahan" : "Tewang Papari",
  "kodepos" : "74453"
}, {
  "kecamatan" : "Pulau Malan",
  "kelurahan" : "Tumbang Banjang",
  "kodepos" : "74453"
}, {
  "kecamatan" : "Pulau Malan",
  "kelurahan" : "Tewang Derayu",
  "kodepos" : "74453"
}, {
  "kecamatan" : "Pulau Malan",
  "kelurahan" : "Tewang Karangan",
  "kodepos" : "74453"
}, {
  "kecamatan" : "Pulau Malan",
  "kelurahan" : "Kuluk Bali",
  "kodepos" : "74453"
}, {
  "kecamatan" : "Pulau Malan",
  "kelurahan" : "Manduing Lama",
  "kodepos" : "74453"
}, {
  "kecamatan" : "Pulau Malan",
  "kelurahan" : "Manduing Taheta",
  "kodepos" : "74453"
}, {
  "kecamatan" : "Pulau Malan",
  "kelurahan" : "Dahian Tunggal",
  "kodepos" : "74453"
}, {
  "kecamatan" : "Pulau Malan",
  "kelurahan" : "Geragu",
  "kodepos" : "74453"
}, {
  "kecamatan" : "Pulau Malan",
  "kelurahan" : "Buntut Bali",
  "kodepos" : "74453"
}, {
  "kecamatan" : "Tewang Sanggalang Garing (Sangalang)",
  "kelurahan" : "Tewang Rangkang",
  "kodepos" : "74452"
}, {
  "kecamatan" : "Tewang Sanggalang Garing (Sangalang)",
  "kelurahan" : "Tumbang Terusan",
  "kodepos" : "74452"
}, {
  "kecamatan" : "Tewang Sanggalang Garing (Sangalang)",
  "kelurahan" : "Tewang Rangas",
  "kodepos" : "74452"
}, {
  "kecamatan" : "Tewang Sanggalang Garing (Sangalang)",
  "kelurahan" : "Tarusan Danum",
  "kodepos" : "74452"
}, {
  "kecamatan" : "Tewang Sanggalang Garing (Sangalang)",
  "kelurahan" : "Tewang Beringin",
  "kodepos" : "74452"
}, {
  "kecamatan" : "Tewang Sanggalang Garing (Sangalang)",
  "kelurahan" : "Tewang Manyangen",
  "kodepos" : "74452"
}, {
  "kecamatan" : "Tewang Sanggalang Garing (Sangalang)",
  "kelurahan" : "Pendahara",
  "kodepos" : "74452"
}, {
  "kecamatan" : "Tewang Sanggalang Garing (Sangalang)",
  "kelurahan" : "Sei/Sungai Keruh",
  "kodepos" : "74452"
}, {
  "kecamatan" : "Tewang Sanggalang Garing (Sangalang)",
  "kelurahan" : "Bangkuang",
  "kodepos" : "74452"
}, {
  "kecamatan" : "Tewang Sanggalang Garing (Sangalang)",
  "kelurahan" : "Hapalam",
  "kodepos" : "74452"
}, {
  "kecamatan" : "Katingan Hilir",
  "kelurahan" : "Tewang Kadamba",
  "kodepos" : "74413"
}, {
  "kecamatan" : "Katingan Hilir",
  "kelurahan" : "Tumbang Liting",
  "kodepos" : "74413"
}, {
  "kecamatan" : "Katingan Hilir",
  "kelurahan" : "Talangkah (Telangkah)",
  "kodepos" : "74413"
}, {
  "kecamatan" : "Katingan Hilir",
  "kelurahan" : "Talian Kereng",
  "kodepos" : "74413"
}, {
  "kecamatan" : "Katingan Hilir",
  "kelurahan" : "Kasongan Baru",
  "kodepos" : "74413"
}, {
  "kecamatan" : "Katingan Hilir",
  "kelurahan" : "Kasongan Lama",
  "kodepos" : "74413"
}, {
  "kecamatan" : "Katingan Hilir",
  "kelurahan" : "Banut Kalanaman",
  "kodepos" : "74413"
}, {
  "kecamatan" : "Katingan Hilir",
  "kelurahan" : "Hampalit",
  "kodepos" : "74413"
} ]
