[ {
  "kecamatan" : "Seruyan Hulu",
  "kelurahan" : "Tumbang Taberau",
  "kodepos" : "74291"
}, {
  "kecamatan" : "Seruyan Hulu",
  "kelurahan" : "Tusuk Belawan",
  "kodepos" : "74291"
}, {
  "kecamatan" : "Seruyan Hulu",
  "kelurahan" : "Tumbang Suei",
  "kodepos" : "74291"
}, {
  "kecamatan" : "Seruyan Hulu",
  "kelurahan" : "Tumbang Setawai",
  "kodepos" : "74291"
}, {
  "kecamatan" : "Suling Tambun",
  "kelurahan" : "Tumbang Setoli",
  "kodepos" : "74291"
}, {
  "kecamatan" : "Seruyan Hulu",
  "kelurahan" : "Tumbang Sepan",
  "kodepos" : "74291"
}, {
  "kecamatan" : "Suling Tambun",
  "kelurahan" : "Tumbang Salau",
  "kodepos" : "74291"
}, {
  "kecamatan" : "Seruyan Hulu",
  "kelurahan" : "Tumbang Manjul",
  "kodepos" : "74291"
}, {
  "kecamatan" : "Suling Tambun",
  "kelurahan" : "Tumbang Langkai",
  "kodepos" : "74291"
}, {
  "kecamatan" : "Suling Tambun",
  "kelurahan" : "Tumbang Magin",
  "kodepos" : "74291"
}, {
  "kecamatan" : "Seruyan Hulu",
  "kelurahan" : "Tumbang Kubang",
  "kodepos" : "74291"
}, {
  "kecamatan" : "Seruyan Hulu",
  "kelurahan" : "Tumbang Laku",
  "kodepos" : "74291"
}, {
  "kecamatan" : "Suling Tambun",
  "kelurahan" : "Tumbang Hentas",
  "kodepos" : "74291"
}, {
  "kecamatan" : "Seruyan Hulu",
  "kelurahan" : "Tumbang Kalam",
  "kodepos" : "74291"
}, {
  "kecamatan" : "Seruyan Hulu",
  "kelurahan" : "Tumbang Kasai",
  "kodepos" : "74291"
}, {
  "kecamatan" : "Suling Tambun",
  "kelurahan" : "Tumbang Gugup",
  "kodepos" : "74291"
}, {
  "kecamatan" : "Seruyan Hulu",
  "kelurahan" : "Tumbang Darap",
  "kodepos" : "74291"
}, {
  "kecamatan" : "Suling Tambun",
  "kelurahan" : "Tanjung Tukal",
  "kodepos" : "74291"
}, {
  "kecamatan" : "Seruyan Hulu",
  "kelurahan" : "Tumbang Bahan",
  "kodepos" : "74291"
}, {
  "kecamatan" : "Seruyan Hulu",
  "kelurahan" : "Sepundu Hantu",
  "kodepos" : "74291"
}, {
  "kecamatan" : "Seruyan Hulu",
  "kelurahan" : "Tanjung Paku",
  "kodepos" : "74291"
}, {
  "kecamatan" : "Seruyan Hulu",
  "kelurahan" : "Rantau Panjang",
  "kodepos" : "74291"
}, {
  "kecamatan" : "Seruyan Hulu",
  "kelurahan" : "Riam Batang",
  "kodepos" : "74291"
}, {
  "kecamatan" : "Suling Tambun",
  "kelurahan" : "Rangkang Munduk",
  "kodepos" : "74291"
}, {
  "kecamatan" : "Suling Tambun",
  "kelurahan" : "Rantau Betung",
  "kodepos" : "74291"
}, {
  "kecamatan" : "Seruyan Hulu",
  "kelurahan" : "Mongoh Juoi",
  "kodepos" : "74291"
}, {
  "kecamatan" : "Seruyan Hulu",
  "kelurahan" : "Majang/Mojang Baru",
  "kodepos" : "74291"
}, {
  "kecamatan" : "Seruyan Hulu",
  "kelurahan" : "Marandang",
  "kodepos" : "74291"
}, {
  "kecamatan" : "Seruyan Hulu",
  "kelurahan" : "Buntut Sapau",
  "kodepos" : "74291"
}, {
  "kecamatan" : "Batu Ampar",
  "kelurahan" : "Wana Tirta",
  "kodepos" : "74281"
}, {
  "kecamatan" : "Seruyan Tengah",
  "kelurahan" : "Teluk Bayur",
  "kodepos" : "74281"
}, {
  "kecamatan" : "Seruyan Tengah",
  "kelurahan" : "Tumbang Bai/Bei",
  "kodepos" : "74281"
}, {
  "kecamatan" : "Seruyan Tengah",
  "kelurahan" : "Sukorejo (Suku Rejo)",
  "kodepos" : "74281"
}, {
  "kecamatan" : "Seruyan Tengah",
  "kelurahan" : "Tangga Batu",
  "kodepos" : "74281"
}, {
  "kecamatan" : "Batu Ampar",
  "kelurahan" : "Suka Mulya",
  "kodepos" : "74281"
}, {
  "kecamatan" : "Seruyan Tengah",
  "kelurahan" : "Suka Mandang",
  "kodepos" : "74281"
}, {
  "kecamatan" : "Seruyan Tengah",
  "kelurahan" : "Suka Makmur",
  "kodepos" : "74281"
}, {
  "kecamatan" : "Seruyan Tengah",
  "kelurahan" : "Suka Jaya (Suka Ayu)",
  "kodepos" : "74281"
}, {
  "kecamatan" : "Seruyan Tengah",
  "kelurahan" : "Suka Maju",
  "kodepos" : "74281"
}, {
  "kecamatan" : "Batu Ampar",
  "kelurahan" : "Sandul",
  "kodepos" : "74281"
}, {
  "kecamatan" : "Batu Ampar",
  "kelurahan" : "Sebabi",
  "kodepos" : "74281"
}, {
  "kecamatan" : "Batu Ampar",
  "kelurahan" : "Sehabu (Sahabu/Sebabu)",
  "kodepos" : "74281"
}, {
  "kecamatan" : "Seruyan Tengah",
  "kelurahan" : "Ringin Agung",
  "kodepos" : "74281"
}, {
  "kecamatan" : "Seruyan Tengah",
  "kelurahan" : "Rantau Pulut",
  "kodepos" : "74281"
}, {
  "kecamatan" : "Seruyan Tengah",
  "kelurahan" : "Penyumpa",
  "kodepos" : "74281"
}, {
  "kecamatan" : "Seruyan Tengah",
  "kelurahan" : "Mugi Panyahu (Mugie Panyuhu)",
  "kodepos" : "74281"
}, {
  "kecamatan" : "Seruyan Tengah",
  "kelurahan" : "Panca Jaya",
  "kodepos" : "74281"
}, {
  "kecamatan" : "Seruyan Tengah",
  "kelurahan" : "Pangke",
  "kodepos" : "74281"
}, {
  "kecamatan" : "Batu Ampar",
  "kelurahan" : "Kalang",
  "kodepos" : "74281"
}, {
  "kecamatan" : "Seruyan Tengah",
  "kelurahan" : "Durian Tunggal",
  "kodepos" : "74281"
}, {
  "kecamatan" : "Seruyan Tengah",
  "kelurahan" : "Gantung Pengayuh",
  "kodepos" : "74281"
}, {
  "kecamatan" : "Seruyan Tengah",
  "kelurahan" : "Bumi Jaya (Bumi Ayu)",
  "kodepos" : "74281"
}, {
  "kecamatan" : "Batu Ampar",
  "kelurahan" : "Derawa",
  "kodepos" : "74281"
}, {
  "kecamatan" : "Batu Ampar",
  "kelurahan" : "Durian Kait",
  "kodepos" : "74281"
}, {
  "kecamatan" : "Seruyan Tengah",
  "kelurahan" : "Bukit Buluh/Buluk",
  "kodepos" : "74281"
}, {
  "kecamatan" : "Batu Ampar",
  "kelurahan" : "Batu Manangis",
  "kodepos" : "74281"
}, {
  "kecamatan" : "Seruyan Tengah",
  "kelurahan" : "Ayawan",
  "kodepos" : "74281"
}, {
  "kecamatan" : "Seruyan Tengah",
  "kelurahan" : "Batu Agung",
  "kodepos" : "74281"
}, {
  "kecamatan" : "Danau Seluluk",
  "kelurahan" : "Tanjung Rangas II",
  "kodepos" : "74271"
}, {
  "kecamatan" : "Danau Seluluk",
  "kelurahan" : "Tanjung Hara",
  "kodepos" : "74271"
}, {
  "kecamatan" : "Danau Seluluk",
  "kelurahan" : "Tanjung Paring",
  "kodepos" : "74271"
}, {
  "kecamatan" : "Hanau",
  "kelurahan" : "Tanjung Hanau/Hana",
  "kodepos" : "74271"
}, {
  "kecamatan" : "Danau Seluluk",
  "kelurahan" : "Rangau Raya",
  "kodepos" : "74271"
}, {
  "kecamatan" : "Hanau",
  "kelurahan" : "Pembuang Hulu I",
  "kodepos" : "74271"
}, {
  "kecamatan" : "Hanau",
  "kelurahan" : "Pembuang Hulu II",
  "kodepos" : "74271"
}, {
  "kecamatan" : "Hanau",
  "kelurahan" : "Parang Batang",
  "kodepos" : "74271"
}, {
  "kecamatan" : "Hanau",
  "kelurahan" : "Paring Raya",
  "kodepos" : "74271"
}, {
  "kecamatan" : "Danau Seluluk",
  "kelurahan" : "Panimba Raya",
  "kodepos" : "74271"
}, {
  "kecamatan" : "Hanau",
  "kelurahan" : "Bahaur",
  "kodepos" : "74271"
}, {
  "kecamatan" : "Hanau",
  "kelurahan" : "Derangga",
  "kodepos" : "74271"
}, {
  "kecamatan" : "Danau Seluluk",
  "kelurahan" : "Asam Baru",
  "kodepos" : "74271"
}, {
  "kecamatan" : "Danau Sembuluh",
  "kelurahan" : "Ulak Batu",
  "kodepos" : "74261"
}, {
  "kecamatan" : "Seruyan Raya",
  "kelurahan" : "Terawan",
  "kodepos" : "74261"
}, {
  "kecamatan" : "Danau Sembuluh",
  "kelurahan" : "Telaga Pulang",
  "kodepos" : "74261"
}, {
  "kecamatan" : "Seruyan Raya",
  "kelurahan" : "Tabiku",
  "kodepos" : "74261"
}, {
  "kecamatan" : "Danau Sembuluh",
  "kelurahan" : "Sembuluh I (Satu)",
  "kodepos" : "74261"
}, {
  "kecamatan" : "Danau Sembuluh",
  "kelurahan" : "Sembuluh II (Dua)",
  "kodepos" : "74261"
}, {
  "kecamatan" : "Danau Sembuluh",
  "kelurahan" : "Paren",
  "kodepos" : "74261"
}, {
  "kecamatan" : "Seruyan Raya",
  "kelurahan" : "Salunuk (Selunuk)",
  "kodepos" : "74261"
}, {
  "kecamatan" : "Danau Sembuluh",
  "kelurahan" : "Cempaka Baru",
  "kodepos" : "74261"
}, {
  "kecamatan" : "Danau Sembuluh",
  "kelurahan" : "Palingkau",
  "kodepos" : "74261"
}, {
  "kecamatan" : "Seruyan Raya",
  "kelurahan" : "Lanpasa",
  "kodepos" : "74261"
}, {
  "kecamatan" : "Danau Sembuluh",
  "kelurahan" : "Banua Usang",
  "kodepos" : "74261"
}, {
  "kecamatan" : "Seruyan Raya",
  "kelurahan" : "Bangkal",
  "kodepos" : "74261"
}, {
  "kecamatan" : "Seruyan Hilir",
  "kelurahan" : "Sei/Sungai Urdang",
  "kodepos" : "74215"
}, {
  "kecamatan" : "Seruyan Hilir",
  "kelurahan" : "Persit Raya",
  "kodepos" : "74215"
}, {
  "kecamatan" : "Seruyan Hilir",
  "kelurahan" : "Sei/Sungai Perlu",
  "kodepos" : "74215"
}, {
  "kecamatan" : "Seruyan Hilir Timur",
  "kelurahan" : "Sei/Sungai Bakau",
  "kodepos" : "74215"
}, {
  "kecamatan" : "Seruyan Hilir",
  "kelurahan" : "Kuala Pembuang Satu (I)",
  "kodepos" : "74215"
}, {
  "kecamatan" : "Seruyan Hilir Timur",
  "kelurahan" : "Mekar Indah",
  "kodepos" : "74215"
}, {
  "kecamatan" : "Seruyan Hilir",
  "kelurahan" : "Kuala Pembuang Dua (II)",
  "kodepos" : "74215"
}, {
  "kecamatan" : "Seruyan Hilir Timur",
  "kelurahan" : "Kartika Bhakti/Bakti",
  "kodepos" : "74215"
}, {
  "kecamatan" : "Seruyan Hilir",
  "kelurahan" : "Kuala Pembuang Dua (II)",
  "kodepos" : "74215"
}, {
  "kecamatan" : "Seruyan Hilir Timur",
  "kelurahan" : "Bangun Harja/Harjo",
  "kodepos" : "74215"
}, {
  "kecamatan" : "Seruyan Hilir",
  "kelurahan" : "Tanjung Rangas",
  "kodepos" : "74214"
}, {
  "kecamatan" : "Seruyan Hilir",
  "kelurahan" : "Baung",
  "kodepos" : "74214"
}, {
  "kecamatan" : "Seruyan Hilir",
  "kelurahan" : "Jahitan",
  "kodepos" : "74214"
}, {
  "kecamatan" : "Seruyan Hilir",
  "kelurahan" : "Muara Dua",
  "kodepos" : "74214"
}, {
  "kecamatan" : "Seruyan Hilir Timur",
  "kelurahan" : "Pematang Panjang",
  "kodepos" : "74213"
}, {
  "kecamatan" : "Seruyan Hilir",
  "kelurahan" : "Pematang Limau",
  "kodepos" : "74213"
} ]
