[ {
  "kecamatan" : "Pangkalan Lada",
  "kelurahan" : "Sei/Sungai Rangit Jaya",
  "kodepos" : "74184"
}, {
  "kecamatan" : "Pangkalan Lada",
  "kelurahan" : "Sumber Agung",
  "kodepos" : "74184"
}, {
  "kecamatan" : "Pangkalan Lada",
  "kelurahan" : "Purbasari",
  "kodepos" : "74184"
}, {
  "kecamatan" : "Pangkalan Lada",
  "kelurahan" : "Sei/Sungai Melawen",
  "kodepos" : "74184"
}, {
  "kecamatan" : "Pangkalan Lada",
  "kelurahan" : "Pangkalan Durin",
  "kodepos" : "74184"
}, {
  "kecamatan" : "Pangkalan Lada",
  "kelurahan" : "Pangkalan Tiga",
  "kodepos" : "74184"
}, {
  "kecamatan" : "Pangkalan Lada",
  "kelurahan" : "Pandu Sanjaya",
  "kodepos" : "74184"
}, {
  "kecamatan" : "Pangkalan Lada",
  "kelurahan" : "Pangkalan Dewa",
  "kodepos" : "74184"
}, {
  "kecamatan" : "Pangkalan Lada",
  "kelurahan" : "Makarti Jaya",
  "kodepos" : "74184"
}, {
  "kecamatan" : "Pangkalan Lada",
  "kelurahan" : "Lada Mandala Jaya",
  "kodepos" : "74184"
}, {
  "kecamatan" : "Pangkalan Banteng",
  "kelurahan" : "Sungai Pulau",
  "kodepos" : "74183"
}, {
  "kecamatan" : "Pangkalan Banteng",
  "kelurahan" : "Sungai Pulau",
  "kodepos" : "74183"
}, {
  "kecamatan" : "Pangkalan Banteng",
  "kelurahan" : "Sungai Kuning",
  "kodepos" : "74183"
}, {
  "kecamatan" : "Pangkalan Banteng",
  "kelurahan" : "Sungai Pakit",
  "kodepos" : "74183"
}, {
  "kecamatan" : "Pangkalan Banteng",
  "kelurahan" : "Simpang Berambai",
  "kodepos" : "74183"
}, {
  "kecamatan" : "Pangkalan Banteng",
  "kelurahan" : "Sungai Bengkuang",
  "kodepos" : "74183"
}, {
  "kecamatan" : "Pangkalan Banteng",
  "kelurahan" : "Sei/Sungai Hijau",
  "kodepos" : "74183"
}, {
  "kecamatan" : "Pangkalan Banteng",
  "kelurahan" : "Sido Mulyo/Ponco Mulyo",
  "kodepos" : "74183"
}, {
  "kecamatan" : "Pangkalan Banteng",
  "kelurahan" : "Mulia/Mulya Jadi",
  "kodepos" : "74183"
}, {
  "kecamatan" : "Pangkalan Banteng",
  "kelurahan" : "Natai Kerbau",
  "kodepos" : "74183"
}, {
  "kecamatan" : "Pangkalan Banteng",
  "kelurahan" : "Pangkalan Banteng",
  "kodepos" : "74183"
}, {
  "kecamatan" : "Pangkalan Banteng",
  "kelurahan" : "Kebon Agung",
  "kodepos" : "74183"
}, {
  "kecamatan" : "Pangkalan Banteng",
  "kelurahan" : "Marga Mulya",
  "kodepos" : "74183"
}, {
  "kecamatan" : "Pangkalan Banteng",
  "kelurahan" : "Karang Sari",
  "kodepos" : "74183"
}, {
  "kecamatan" : "Pangkalan Banteng",
  "kelurahan" : "Karangmulya",
  "kodepos" : "74183"
}, {
  "kecamatan" : "Pangkalan Banteng",
  "kelurahan" : "Arga Mulya",
  "kodepos" : "74183"
}, {
  "kecamatan" : "Pangkalan Banteng",
  "kelurahan" : "Berambai Makmur",
  "kodepos" : "74183"
}, {
  "kecamatan" : "Pangkalan Banteng",
  "kelurahan" : "Amin Jaya",
  "kodepos" : "74183"
}, {
  "kecamatan" : "Kumai",
  "kelurahan" : "Teluk Bogam",
  "kodepos" : "74181"
}, {
  "kecamatan" : "Kumai",
  "kelurahan" : "Teluk Pulai",
  "kodepos" : "74181"
}, {
  "kecamatan" : "Kumai",
  "kelurahan" : "Sei/Sungai Sekonyer",
  "kodepos" : "74181"
}, {
  "kecamatan" : "Kumai",
  "kelurahan" : "Sei/Sungai Tendang",
  "kodepos" : "74181"
}, {
  "kecamatan" : "Kumai",
  "kelurahan" : "Sei/Sungai Bedaun",
  "kodepos" : "74181"
}, {
  "kecamatan" : "Kumai",
  "kelurahan" : "Sei/Sungai Cabang",
  "kodepos" : "74181"
}, {
  "kecamatan" : "Kumai",
  "kelurahan" : "Sei/Sungai Kapitan",
  "kodepos" : "74181"
}, {
  "kecamatan" : "Kumai",
  "kelurahan" : "Sebuai",
  "kodepos" : "74181"
}, {
  "kecamatan" : "Kumai",
  "kelurahan" : "Sei/Sungai Bakau",
  "kodepos" : "74181"
}, {
  "kecamatan" : "Kumai",
  "kelurahan" : "Pangkalan Satu",
  "kodepos" : "74181"
}, {
  "kecamatan" : "Kumai",
  "kelurahan" : "Sabuai Timur",
  "kodepos" : "74181"
}, {
  "kecamatan" : "Kumai",
  "kelurahan" : "Kumai Hilir",
  "kodepos" : "74181"
}, {
  "kecamatan" : "Kumai",
  "kelurahan" : "Kumai Hulu",
  "kodepos" : "74181"
}, {
  "kecamatan" : "Kumai",
  "kelurahan" : "Keraya",
  "kodepos" : "74181"
}, {
  "kecamatan" : "Kumai",
  "kelurahan" : "Kubu",
  "kodepos" : "74181"
}, {
  "kecamatan" : "Kumai",
  "kelurahan" : "Bumi Harjo",
  "kodepos" : "74181"
}, {
  "kecamatan" : "Kumai",
  "kelurahan" : "Candi",
  "kodepos" : "74181"
}, {
  "kecamatan" : "Kumai",
  "kelurahan" : "Batu Belaman",
  "kodepos" : "74181"
}, {
  "kecamatan" : "Kotawaringin Lama",
  "kelurahan" : "Sumber Mukti",
  "kodepos" : "74161"
}, {
  "kecamatan" : "Kotawaringin Lama",
  "kelurahan" : "Tempayung",
  "kodepos" : "74161"
}, {
  "kecamatan" : "Kotawaringin Lama",
  "kelurahan" : "Sukajaya",
  "kodepos" : "74161"
}, {
  "kecamatan" : "Kotawaringin Lama",
  "kelurahan" : "Sakabulin",
  "kodepos" : "74161"
}, {
  "kecamatan" : "Kotawaringin Lama",
  "kelurahan" : "Suka Makmur",
  "kodepos" : "74161"
}, {
  "kecamatan" : "Kotawaringin Lama",
  "kelurahan" : "Rungun",
  "kodepos" : "74161"
}, {
  "kecamatan" : "Kotawaringin Lama",
  "kelurahan" : "Sagu/Dusun Sukamulya",
  "kodepos" : "74161"
}, {
  "kecamatan" : "Kotawaringin Lama",
  "kelurahan" : "Riam Durian",
  "kodepos" : "74161"
}, {
  "kecamatan" : "Kotawaringin Lama",
  "kelurahan" : "Lalang",
  "kodepos" : "74161"
}, {
  "kecamatan" : "Kotawaringin Lama",
  "kelurahan" : "Palih Baru",
  "kodepos" : "74161"
}, {
  "kecamatan" : "Kotawaringin Lama",
  "kelurahan" : "Kondang",
  "kodepos" : "74161"
}, {
  "kecamatan" : "Kotawaringin Lama",
  "kelurahan" : "Kota Waringin Hilir",
  "kodepos" : "74161"
}, {
  "kecamatan" : "Kotawaringin Lama",
  "kelurahan" : "Kotawaringin Hulu",
  "kodepos" : "74161"
}, {
  "kecamatan" : "Kotawaringin Lama",
  "kelurahan" : "Ipuh Bangun Jaya",
  "kodepos" : "74161"
}, {
  "kecamatan" : "Kotawaringin Lama",
  "kelurahan" : "Kinjil",
  "kodepos" : "74161"
}, {
  "kecamatan" : "Kotawaringin Lama",
  "kelurahan" : "Babual Baboti",
  "kodepos" : "74161"
}, {
  "kecamatan" : "Kotawaringin Lama",
  "kelurahan" : "Dawak",
  "kodepos" : "74161"
}, {
  "kecamatan" : "Arut Utara",
  "kelurahan" : "Sambi",
  "kodepos" : "74152"
}, {
  "kecamatan" : "Arut Utara",
  "kelurahan" : "Sukarami",
  "kodepos" : "74152"
}, {
  "kecamatan" : "Arut Utara",
  "kelurahan" : "Penyombaan",
  "kodepos" : "74152"
}, {
  "kecamatan" : "Arut Utara",
  "kelurahan" : "Riam",
  "kodepos" : "74152"
}, {
  "kecamatan" : "Arut Utara",
  "kelurahan" : "Pangkut",
  "kodepos" : "74152"
}, {
  "kecamatan" : "Arut Utara",
  "kelurahan" : "Penahan",
  "kodepos" : "74152"
}, {
  "kecamatan" : "Arut Utara",
  "kelurahan" : "Kerabu",
  "kodepos" : "74152"
}, {
  "kecamatan" : "Arut Utara",
  "kelurahan" : "Nanga Mua",
  "kodepos" : "74152"
}, {
  "kecamatan" : "Arut Utara",
  "kelurahan" : "Pandau",
  "kodepos" : "74152"
}, {
  "kecamatan" : "Arut Selatan",
  "kelurahan" : "Umpang",
  "kodepos" : "74117"
}, {
  "kecamatan" : "Arut Utara",
  "kelurahan" : "Gandis",
  "kodepos" : "74152"
}, {
  "kecamatan" : "Arut Selatan",
  "kelurahan" : "Tanjung Putri",
  "kodepos" : "74117"
}, {
  "kecamatan" : "Arut Selatan",
  "kelurahan" : "Tanjung Terantang",
  "kodepos" : "74117"
}, {
  "kecamatan" : "Arut Selatan",
  "kelurahan" : "Runtu",
  "kodepos" : "74117"
}, {
  "kecamatan" : "Arut Selatan",
  "kelurahan" : "Sulung Kenambui/Kanam Bui",
  "kodepos" : "74117"
}, {
  "kecamatan" : "Arut Selatan",
  "kelurahan" : "Natai Raya",
  "kodepos" : "74117"
}, {
  "kecamatan" : "Arut Selatan",
  "kelurahan" : "Natai Raya",
  "kodepos" : "74117"
}, {
  "kecamatan" : "Arut Selatan",
  "kelurahan" : "Pasir Panjang",
  "kodepos" : "74117"
}, {
  "kecamatan" : "Arut Selatan",
  "kelurahan" : "Medangsari",
  "kodepos" : "74117"
}, {
  "kecamatan" : "Arut Selatan",
  "kelurahan" : "Mendawai Seberang",
  "kodepos" : "74117"
}, {
  "kecamatan" : "Arut Selatan",
  "kelurahan" : "Natai Baru",
  "kodepos" : "74117"
}, {
  "kecamatan" : "Arut Selatan",
  "kelurahan" : "Kenambui",
  "kodepos" : "74117"
}, {
  "kecamatan" : "Arut Selatan",
  "kelurahan" : "Kumpai Batu Atas",
  "kodepos" : "74117"
}, {
  "kecamatan" : "Arut Selatan",
  "kelurahan" : "Kumpai Batu Bawah",
  "kodepos" : "74117"
}, {
  "kecamatan" : "Arut Selatan",
  "kelurahan" : "Mendawai",
  "kodepos" : "74115"
}, {
  "kecamatan" : "Arut Selatan",
  "kelurahan" : "Raja Seberang",
  "kodepos" : "74116"
}, {
  "kecamatan" : "Arut Selatan",
  "kelurahan" : "Raja",
  "kodepos" : "74114"
}, {
  "kecamatan" : "Arut Selatan",
  "kelurahan" : "Madurejo",
  "kodepos" : "74112"
}, {
  "kecamatan" : "Arut Selatan",
  "kelurahan" : "Baru",
  "kodepos" : "74113"
}, {
  "kecamatan" : "Arut Selatan",
  "kelurahan" : "Sidorejo",
  "kodepos" : "74111"
} ]
