[ {
  "kecamatan" : "Permata Kecubung",
  "kelurahan" : "Sembi Kuan",
  "kodepos" : "74173"
}, {
  "kecamatan" : "Permata Kecubung",
  "kelurahan" : "Natai Kondang",
  "kodepos" : "74173"
}, {
  "kecamatan" : "Balai Riam",
  "kelurahan" : "Sekuningan Baru",
  "kodepos" : "74173"
}, {
  "kecamatan" : "Balai Riam",
  "kelurahan" : "Lupu Peruca",
  "kodepos" : "74173"
}, {
  "kecamatan" : "Permata Kecubung",
  "kelurahan" : "Semantun",
  "kodepos" : "74173"
}, {
  "kecamatan" : "Permata Kecubung",
  "kelurahan" : "Laman Baru",
  "kodepos" : "74173"
}, {
  "kecamatan" : "Balai Riam",
  "kelurahan" : "Pempaning",
  "kodepos" : "74173"
}, {
  "kecamatan" : "Balai Riam",
  "kelurahan" : "Jihing",
  "kodepos" : "74173"
}, {
  "kecamatan" : "Permata Kecubung",
  "kelurahan" : "Nibung Terjun",
  "kodepos" : "74173"
}, {
  "kecamatan" : "Permata Kecubung",
  "kelurahan" : "Kenawan",
  "kodepos" : "74173"
}, {
  "kecamatan" : "Balai Riam",
  "kelurahan" : "Balai Riam",
  "kodepos" : "74173"
}, {
  "kecamatan" : "Balai Riam",
  "kelurahan" : "Bangun Jaya",
  "kodepos" : "74173"
}, {
  "kecamatan" : "Balai Riam",
  "kelurahan" : "Bukit Sungkai",
  "kodepos" : "74173"
}, {
  "kecamatan" : "Permata Kecubung",
  "kelurahan" : "Ajang",
  "kodepos" : "74173"
}, {
  "kecamatan" : "Sukamara",
  "kelurahan" : "Sukaraja",
  "kodepos" : "74172"
}, {
  "kecamatan" : "Balai Riam",
  "kelurahan" : "Air Dua",
  "kodepos" : "74173"
}, {
  "kecamatan" : "Sukamara",
  "kelurahan" : "Petarikan",
  "kodepos" : "74172"
}, {
  "kecamatan" : "Sukamara",
  "kelurahan" : "Pudu",
  "kodepos" : "74172"
}, {
  "kecamatan" : "Sukamara",
  "kelurahan" : "Padang",
  "kodepos" : "74172"
}, {
  "kecamatan" : "Sukamara",
  "kelurahan" : "Pangkalan Muntai",
  "kodepos" : "74172"
}, {
  "kecamatan" : "Sukamara",
  "kelurahan" : "Mendawai",
  "kodepos" : "74172"
}, {
  "kecamatan" : "Sukamara",
  "kelurahan" : "Natai Sedawak",
  "kodepos" : "74172"
}, {
  "kecamatan" : "Pantai Lunci",
  "kelurahan" : "Sei/Sungai Tabuk",
  "kodepos" : "74171"
}, {
  "kecamatan" : "Sukamara",
  "kelurahan" : "Karta Mulya/Mulia",
  "kodepos" : "74172"
}, {
  "kecamatan" : "Pantai Lunci",
  "kelurahan" : "Sei/Sungai Pasir",
  "kodepos" : "74171"
}, {
  "kecamatan" : "Pantai Lunci",
  "kelurahan" : "Sei/Sungai Pasir",
  "kodepos" : "74171"
}, {
  "kecamatan" : "Pantai Lunci",
  "kelurahan" : "Sei/Sungai Cabang Barat",
  "kodepos" : "74171"
}, {
  "kecamatan" : "Pantai Lunci",
  "kelurahan" : "Sei/Sungai Damar",
  "kodepos" : "74171"
}, {
  "kecamatan" : "Jelai",
  "kelurahan" : "Sei/Sungai Bundung",
  "kodepos" : "74171"
}, {
  "kecamatan" : "Jelai",
  "kelurahan" : "Sei/Sungai Baru",
  "kodepos" : "74171"
}, {
  "kecamatan" : "Jelai",
  "kelurahan" : "Kuala Jelai",
  "kodepos" : "74171"
}, {
  "kecamatan" : "Jelai",
  "kelurahan" : "Pulau Nibung",
  "kodepos" : "74171"
} ]
