[ {
  "kecamatan" : "Barito Tuhup Raya",
  "kelurahan" : "Tumbang Masalo",
  "kodepos" : "73991"
}, {
  "kecamatan" : "Laung Tuhup",
  "kelurahan" : "Tumbang Bondang",
  "kodepos" : "73991"
}, {
  "kecamatan" : "Laung Tuhup",
  "kelurahan" : "Tumbang Tonduk",
  "kodepos" : "73991"
}, {
  "kecamatan" : "Barito Tuhup Raya",
  "kelurahan" : "Tumbang Bauh",
  "kodepos" : "73991"
}, {
  "kecamatan" : "Laung Tuhup",
  "kelurahan" : "Tumbang Bana",
  "kodepos" : "73991"
}, {
  "kecamatan" : "Laung Tuhup",
  "kelurahan" : "Tumbang Bahan",
  "kodepos" : "73991"
}, {
  "kecamatan" : "Laung Tuhup",
  "kelurahan" : "Tumbang Bahan",
  "kodepos" : "73991"
}, {
  "kecamatan" : "Laung Tuhup",
  "kelurahan" : "Penda Siron",
  "kodepos" : "73991"
}, {
  "kecamatan" : "Laung Tuhup",
  "kelurahan" : "Tahujan Laung",
  "kodepos" : "73991"
}, {
  "kecamatan" : "Laung Tuhup",
  "kelurahan" : "Tawai Haui",
  "kodepos" : "73991"
}, {
  "kecamatan" : "Laung Tuhup",
  "kelurahan" : "Narui",
  "kodepos" : "73991"
}, {
  "kecamatan" : "Laung Tuhup",
  "kelurahan" : "Pelaci",
  "kodepos" : "73991"
}, {
  "kecamatan" : "Laung Tuhup",
  "kelurahan" : "Muara Tuhup",
  "kodepos" : "73991"
}, {
  "kecamatan" : "Laung Tuhup",
  "kelurahan" : "Muara Tupuh",
  "kodepos" : "73991"
}, {
  "kecamatan" : "Laung Tuhup",
  "kelurahan" : "Muara Laung II",
  "kodepos" : "73991"
}, {
  "kecamatan" : "Laung Tuhup",
  "kelurahan" : "Muara Maruwei I",
  "kodepos" : "73991"
}, {
  "kecamatan" : "Laung Tuhup",
  "kelurahan" : "Muara Maruwei II",
  "kodepos" : "73991"
}, {
  "kecamatan" : "Barito Tuhup Raya",
  "kelurahan" : "Makunjung",
  "kodepos" : "73991"
}, {
  "kecamatan" : "Laung Tuhup",
  "kelurahan" : "Muara Laung I",
  "kodepos" : "73991"
}, {
  "kecamatan" : "Barito Tuhup Raya",
  "kelurahan" : "Liang Nyaling",
  "kodepos" : "73991"
}, {
  "kecamatan" : "Laung Tuhup",
  "kelurahan" : "Lakutan",
  "kodepos" : "73991"
}, {
  "kecamatan" : "Laung Tuhup",
  "kelurahan" : "Dirung Pinang",
  "kodepos" : "73991"
}, {
  "kecamatan" : "Barito Tuhup Raya",
  "kelurahan" : "Kohong",
  "kodepos" : "73991"
}, {
  "kecamatan" : "Barito Tuhup Raya",
  "kelurahan" : "Cinta Budiman",
  "kodepos" : "73991"
}, {
  "kecamatan" : "Laung Tuhup",
  "kelurahan" : "Kalang Duhung",
  "kodepos" : "73991"
}, {
  "kecamatan" : "Laung Tuhup",
  "kelurahan" : "Biha",
  "kodepos" : "73991"
}, {
  "kecamatan" : "Barito Tuhup Raya",
  "kelurahan" : "Hingan Tokung",
  "kodepos" : "73991"
}, {
  "kecamatan" : "Barito Tuhup Raya",
  "kelurahan" : "Bumban Tuhup",
  "kodepos" : "73991"
}, {
  "kecamatan" : "Laung Tuhup",
  "kelurahan" : "Dirung Pundu",
  "kodepos" : "73991"
}, {
  "kecamatan" : "Laung Tuhup",
  "kelurahan" : "Beralang",
  "kodepos" : "73991"
}, {
  "kecamatan" : "Barito Tuhup Raya",
  "kelurahan" : "Dirung Sararung/Sararong",
  "kodepos" : "73991"
}, {
  "kecamatan" : "Laung Tuhup",
  "kelurahan" : "Beras Belange",
  "kodepos" : "73991"
}, {
  "kecamatan" : "Laung Tuhup",
  "kelurahan" : "Batu Tuhup",
  "kodepos" : "73991"
}, {
  "kecamatan" : "Barito Tuhup Raya",
  "kelurahan" : "Batu Tojah",
  "kodepos" : "73991"
}, {
  "kecamatan" : "Laung Tuhup",
  "kelurahan" : "Batu Karang",
  "kodepos" : "73991"
}, {
  "kecamatan" : "Laung Tuhup",
  "kelurahan" : "Batu Bua II",
  "kodepos" : "73991"
}, {
  "kecamatan" : "Laung Tuhup",
  "kelurahan" : "Batu Bua I",
  "kodepos" : "73991"
}, {
  "kecamatan" : "Uut Murung",
  "kelurahan" : "Tumbang Tujang",
  "kodepos" : "73981"
}, {
  "kecamatan" : "Uut Murung",
  "kelurahan" : "Tumbang Tupus/Topus",
  "kodepos" : "73981"
}, {
  "kecamatan" : "Seribu Riam",
  "kelurahan" : "Tumbang Tuhan/Tohan",
  "kodepos" : "73981"
}, {
  "kecamatan" : "Seribu Riam",
  "kelurahan" : "Tumbang Jojang",
  "kodepos" : "73981"
}, {
  "kecamatan" : "Sumber Barito",
  "kelurahan" : "Tumbang Tuan",
  "kodepos" : "73981"
}, {
  "kecamatan" : "Sumber Barito",
  "kelurahan" : "Teluk/Telok Jolo",
  "kodepos" : "73981"
}, {
  "kecamatan" : "Uut Murung",
  "kelurahan" : "Tumbang Olong",
  "kodepos" : "73981"
}, {
  "kecamatan" : "Sumber Barito",
  "kelurahan" : "Tumbang Kunyi",
  "kodepos" : "73981"
}, {
  "kecamatan" : "Uut Murung",
  "kelurahan" : "Tumbang Olong II",
  "kodepos" : "73981"
}, {
  "kecamatan" : "Seribu Riam",
  "kelurahan" : "Takajung",
  "kodepos" : "73981"
}, {
  "kecamatan" : "Sumber Barito",
  "kelurahan" : "Tumbang Mulut",
  "kodepos" : "73981"
}, {
  "kecamatan" : "Seribu Riam",
  "kelurahan" : "Muara Joloi II",
  "kodepos" : "73981"
}, {
  "kecamatan" : "Seribu Riam",
  "kelurahan" : "Tumbang Naan",
  "kodepos" : "73981"
}, {
  "kecamatan" : "Seribu Riam",
  "kelurahan" : "Parahau",
  "kodepos" : "73981"
}, {
  "kecamatan" : "Sumber Barito",
  "kelurahan" : "Tumbang Masao",
  "kodepos" : "73981"
}, {
  "kecamatan" : "Sumber Barito",
  "kelurahan" : "Olong Liko",
  "kodepos" : "73981"
}, {
  "kecamatan" : "Seribu Riam",
  "kelurahan" : "Muara Joloi I",
  "kodepos" : "73981"
}, {
  "kecamatan" : "Uut Murung",
  "kelurahan" : "Kalasin",
  "kodepos" : "73981"
}, {
  "kecamatan" : "Sumber Barito",
  "kelurahan" : "Laas Baru",
  "kodepos" : "73981"
}, {
  "kecamatan" : "Sumber Barito",
  "kelurahan" : "Batu Makap",
  "kodepos" : "73981"
}, {
  "kecamatan" : "Permata Intan",
  "kelurahan" : "Sei/Sungai Gula",
  "kodepos" : "73971"
}, {
  "kecamatan" : "Sumber Barito",
  "kelurahan" : "Kalapeh Baru",
  "kodepos" : "73981"
}, {
  "kecamatan" : "Permata Intan",
  "kelurahan" : "Sei/Sungai Batang",
  "kodepos" : "73971"
}, {
  "kecamatan" : "Permata Intan",
  "kelurahan" : "Tumbang Salio",
  "kodepos" : "73971"
}, {
  "kecamatan" : "Permata Intan",
  "kelurahan" : "Purnama",
  "kodepos" : "73971"
}, {
  "kecamatan" : "Sungai Babuat",
  "kelurahan" : "Tumbang Saan",
  "kodepos" : "73971"
}, {
  "kecamatan" : "Permata Intan",
  "kelurahan" : "Sei/Sungai Bakanon",
  "kodepos" : "73971"
}, {
  "kecamatan" : "Permata Intan",
  "kelurahan" : "Tumbang Lahung",
  "kodepos" : "73971"
}, {
  "kecamatan" : "Permata Intan",
  "kelurahan" : "Muara Bakanon",
  "kodepos" : "73971"
}, {
  "kecamatan" : "Sungai Babuat",
  "kelurahan" : "Tumbang Kolon",
  "kodepos" : "73971"
}, {
  "kecamatan" : "Permata Intan",
  "kelurahan" : "Pantai Laga",
  "kodepos" : "73971"
}, {
  "kecamatan" : "Sungai Babuat",
  "kelurahan" : "Tumbang Apat",
  "kodepos" : "73971"
}, {
  "kecamatan" : "Sungai Babuat",
  "kelurahan" : "Batu Mirau",
  "kodepos" : "73971"
}, {
  "kecamatan" : "Sungai Babuat",
  "kelurahan" : "Tumbang Bantian",
  "kodepos" : "73971"
}, {
  "kecamatan" : "Permata Intan",
  "kelurahan" : "Juking Supan",
  "kodepos" : "73971"
}, {
  "kecamatan" : "Tanah Siang",
  "kelurahan" : "Osom Tompok",
  "kodepos" : "73961"
}, {
  "kecamatan" : "Sungai Babuat",
  "kelurahan" : "Tambelum",
  "kodepos" : "73971"
}, {
  "kecamatan" : "Permata Intan",
  "kelurahan" : "Muara Babuat",
  "kodepos" : "73971"
}, {
  "kecamatan" : "Tanah Siang",
  "kelurahan" : "Olung Siron",
  "kodepos" : "73961"
}, {
  "kecamatan" : "Permata Intan",
  "kelurahan" : "Sei/Sungai Lobang",
  "kodepos" : "73971"
}, {
  "kecamatan" : "Permata Intan",
  "kelurahan" : "Baratu (Beratu)",
  "kodepos" : "73971"
}, {
  "kecamatan" : "Tanah Siang",
  "kelurahan" : "Olung Soloi",
  "kodepos" : "73961"
}, {
  "kecamatan" : "Tanah Siang",
  "kelurahan" : "Tokung",
  "kodepos" : "73961"
}, {
  "kecamatan" : "Tanah Siang",
  "kelurahan" : "Olung Ulu",
  "kodepos" : "73961"
}, {
  "kecamatan" : "Tanah Siang",
  "kelurahan" : "Tino Talih",
  "kodepos" : "73961"
}, {
  "kecamatan" : "Tanah Siang Selatan",
  "kelurahan" : "Olung Hanangan",
  "kodepos" : "73961"
}, {
  "kecamatan" : "Tanah Siang Selatan",
  "kelurahan" : "Tahujan Ontu",
  "kodepos" : "73961"
}, {
  "kecamatan" : "Tanah Siang Selatan",
  "kelurahan" : "Olung Muro",
  "kodepos" : "73961"
}, {
  "kecamatan" : "Tanah Siang",
  "kelurahan" : "Sei/Sungai Lunuk",
  "kodepos" : "73961"
}, {
  "kecamatan" : "Tanah Siang",
  "kelurahan" : "Olung Nango",
  "kodepos" : "73961"
}, {
  "kecamatan" : "Tanah Siang",
  "kelurahan" : "Tabulang",
  "kodepos" : "73961"
}, {
  "kecamatan" : "Tanah Siang",
  "kelurahan" : "Nonokaliwon",
  "kodepos" : "73961"
}, {
  "kecamatan" : "Tanah Siang",
  "kelurahan" : "Saripoi",
  "kodepos" : "73961"
}, {
  "kecamatan" : "Tanah Siang",
  "kelurahan" : "Olung Balo",
  "kodepos" : "73961"
}, {
  "kecamatan" : "Tanah Siang",
  "kelurahan" : "Saruhung",
  "kodepos" : "73961"
}, {
  "kecamatan" : "Tanah Siang",
  "kelurahan" : "Olung Dojou",
  "kodepos" : "73961"
}, {
  "kecamatan" : "Tanah Siang Selatan",
  "kelurahan" : "Puruk Kambang",
  "kodepos" : "73961"
}, {
  "kecamatan" : "Tanah Siang",
  "kelurahan" : "Mantiat Pari",
  "kodepos" : "73961"
}, {
  "kecamatan" : "Tanah Siang",
  "kelurahan" : "Puruk Batu",
  "kodepos" : "73961"
}, {
  "kecamatan" : "Tanah Siang",
  "kelurahan" : "Muwun",
  "kodepos" : "73961"
}, {
  "kecamatan" : "Tanah Siang Selatan",
  "kelurahan" : "Datah Kotou",
  "kodepos" : "73961"
}, {
  "kecamatan" : "Tanah Siang Selatan",
  "kelurahan" : "Oreng",
  "kodepos" : "73961"
}, {
  "kecamatan" : "Tanah Siang",
  "kelurahan" : "Dirung Bakung",
  "kodepos" : "73961"
}, {
  "kecamatan" : "Tanah Siang",
  "kelurahan" : "Konut",
  "kodepos" : "73961"
}, {
  "kecamatan" : "Tanah Siang",
  "kelurahan" : "Belawan",
  "kodepos" : "73961"
}, {
  "kecamatan" : "Tanah Siang",
  "kelurahan" : "Mahanyan",
  "kodepos" : "73961"
}, {
  "kecamatan" : "Tanah Siang",
  "kelurahan" : "Cangkang",
  "kodepos" : "73961"
}, {
  "kecamatan" : "Tanah Siang",
  "kelurahan" : "Mangkolisoi",
  "kodepos" : "73961"
}, {
  "kecamatan" : "Murung",
  "kelurahan" : "Penyang",
  "kodepos" : "73911"
}, {
  "kecamatan" : "Tanah Siang",
  "kelurahan" : "Kalang Kaluh",
  "kodepos" : "73961"
}, {
  "kecamatan" : "Murung",
  "kelurahan" : "Puruk Cahu",
  "kodepos" : "73911"
}, {
  "kecamatan" : "Tanah Siang",
  "kelurahan" : "Karali",
  "kodepos" : "73961"
}, {
  "kecamatan" : "Murung",
  "kelurahan" : "Muara Untu",
  "kodepos" : "73911"
}, {
  "kecamatan" : "Tanah Siang",
  "kelurahan" : "Kolam",
  "kodepos" : "73961"
}, {
  "kecamatan" : "Murung",
  "kelurahan" : "Panuut (Panaout)",
  "kodepos" : "73911"
}, {
  "kecamatan" : "Tanah Siang Selatan",
  "kelurahan" : "Dirung Lingkin",
  "kodepos" : "73961"
}, {
  "kecamatan" : "Murung",
  "kelurahan" : "Muara Jaan",
  "kodepos" : "73911"
}, {
  "kecamatan" : "Tanah Siang",
  "kelurahan" : "Doan Arung",
  "kodepos" : "73961"
}, {
  "kecamatan" : "Murung",
  "kelurahan" : "Muara Sumpoi",
  "kodepos" : "73911"
}, {
  "kecamatan" : "Murung",
  "kelurahan" : "Mangkahui",
  "kodepos" : "73911"
}, {
  "kecamatan" : "Murung",
  "kelurahan" : "Muara Bumban/Bamban",
  "kodepos" : "73911"
}, {
  "kecamatan" : "Murung",
  "kelurahan" : "Dirung",
  "kodepos" : "73911"
}, {
  "kecamatan" : "Murung",
  "kelurahan" : "Jangin/Juking Pajang",
  "kodepos" : "73911"
}, {
  "kecamatan" : "Murung",
  "kelurahan" : "Malasan/Masalan",
  "kodepos" : "73911"
}, {
  "kecamatan" : "Murung",
  "kelurahan" : "Beriwit",
  "kodepos" : "73911"
}, {
  "kecamatan" : "Murung",
  "kelurahan" : "Danau Usung",
  "kodepos" : "73911"
}, {
  "kecamatan" : "Murung",
  "kelurahan" : "Batu Putih",
  "kodepos" : "73911"
}, {
  "kecamatan" : "Murung",
  "kelurahan" : "Bahitom/Bahintom",
  "kodepos" : "73911"
} ]
