[ {
  "kecamatan" : "Teweh Timur",
  "kelurahan" : "Sei/Sungai Liju",
  "kodepos" : "73881"
}, {
  "kecamatan" : "Teweh Timur",
  "kelurahan" : "Sampirang I",
  "kodepos" : "73881"
}, {
  "kecamatan" : "Teweh Baru",
  "kelurahan" : "Panaen",
  "kodepos" : "73881"
}, {
  "kecamatan" : "Teweh Timur",
  "kelurahan" : "Mampuak I",
  "kodepos" : "73881"
}, {
  "kecamatan" : "Teweh Timur",
  "kelurahan" : "Mampuak II (Pantung)",
  "kodepos" : "73881"
}, {
  "kecamatan" : "Teweh Timur",
  "kelurahan" : "Muara Wakat",
  "kodepos" : "73881"
}, {
  "kecamatan" : "Teweh Timur",
  "kelurahan" : "Liju",
  "kodepos" : "73881"
}, {
  "kecamatan" : "Teweh Baru",
  "kelurahan" : "Liangbuah",
  "kodepos" : "73881"
}, {
  "kecamatan" : "Teweh Timur",
  "kelurahan" : "Benangin V / 5",
  "kodepos" : "73881"
}, {
  "kecamatan" : "Teweh Timur",
  "kelurahan" : "Jamut",
  "kodepos" : "73881"
}, {
  "kecamatan" : "Teweh Baru",
  "kelurahan" : "Gandring",
  "kodepos" : "73881"
}, {
  "kecamatan" : "Teweh Timur",
  "kelurahan" : "Benangin II / 2",
  "kodepos" : "73881"
}, {
  "kecamatan" : "Teweh Timur",
  "kelurahan" : "Benangin III / 3",
  "kodepos" : "73881"
}, {
  "kecamatan" : "Gunung Purei",
  "kelurahan" : "Lawarang",
  "kodepos" : "73871"
}, {
  "kecamatan" : "Teweh Timur",
  "kelurahan" : "Benangin I / I",
  "kodepos" : "73881"
}, {
  "kecamatan" : "Teweh Timur",
  "kelurahan" : "Sampirang II",
  "kodepos" : "73881"
}, {
  "kecamatan" : "Gunung Purei",
  "kelurahan" : "Lampeong II",
  "kodepos" : "73871"
}, {
  "kecamatan" : "Gunung Purei",
  "kelurahan" : "Tanjung Harapan",
  "kodepos" : "73871"
}, {
  "kecamatan" : "Gunung Purei",
  "kelurahan" : "Berong",
  "kodepos" : "73871"
}, {
  "kecamatan" : "Gunung Purei",
  "kelurahan" : "Payang",
  "kodepos" : "73871"
}, {
  "kecamatan" : "Gunung Purei",
  "kelurahan" : "Lampeong I",
  "kodepos" : "73871"
}, {
  "kecamatan" : "Gunung Purei",
  "kelurahan" : "Tambaba",
  "kodepos" : "73871"
}, {
  "kecamatan" : "Gunung Timang",
  "kelurahan" : "Walur",
  "kodepos" : "73862"
}, {
  "kecamatan" : "Gunung Purei",
  "kelurahan" : "Linon Besi I",
  "kodepos" : "73871"
}, {
  "kecamatan" : "Gunung Purei",
  "kelurahan" : "Baok",
  "kodepos" : "73871"
}, {
  "kecamatan" : "Gunung Purei",
  "kelurahan" : "Linon Besi II",
  "kodepos" : "73871"
}, {
  "kecamatan" : "Gunung Timang",
  "kelurahan" : "Tapen Raya",
  "kodepos" : "73862"
}, {
  "kecamatan" : "Gunung Purei",
  "kelurahan" : "Muara Mea",
  "kodepos" : "73871"
}, {
  "kecamatan" : "Gunung Timang",
  "kelurahan" : "Tongka",
  "kodepos" : "73862"
}, {
  "kecamatan" : "Gunung Timang",
  "kelurahan" : "Sangkurang",
  "kodepos" : "73862"
}, {
  "kecamatan" : "Gunung Timang",
  "kelurahan" : "Siwau",
  "kodepos" : "73862"
}, {
  "kecamatan" : "Gunung Timang",
  "kelurahan" : "Pelari",
  "kodepos" : "73862"
}, {
  "kecamatan" : "Gunung Timang",
  "kelurahan" : "Rarawa",
  "kodepos" : "73862"
}, {
  "kecamatan" : "Gunung Timang",
  "kelurahan" : "Baturaya I",
  "kodepos" : "73862"
}, {
  "kecamatan" : "Gunung Timang",
  "kelurahan" : "Malungai",
  "kodepos" : "73862"
}, {
  "kecamatan" : "Montallat (Montalat)",
  "kelurahan" : "Tumpung Laung I",
  "kodepos" : "73861"
}, {
  "kecamatan" : "Gunung Timang",
  "kelurahan" : "Payang Ara",
  "kodepos" : "73862"
}, {
  "kecamatan" : "Montallat (Montalat)",
  "kelurahan" : "Tumpung Laung II",
  "kodepos" : "73861"
}, {
  "kecamatan" : "Gunung Timang",
  "kelurahan" : "Ketapang",
  "kodepos" : "73862"
}, {
  "kecamatan" : "Montallat (Montalat)",
  "kelurahan" : "Ruji",
  "kodepos" : "73861"
}, {
  "kecamatan" : "Gunung Timang",
  "kelurahan" : "Majangkan",
  "kodepos" : "73862"
}, {
  "kecamatan" : "Montallat (Montalat)",
  "kelurahan" : "Sikan",
  "kodepos" : "73861"
}, {
  "kecamatan" : "Gunung Timang",
  "kelurahan" : "Kandui",
  "kodepos" : "73862"
}, {
  "kecamatan" : "Montallat (Montalat)",
  "kelurahan" : "Pepas",
  "kodepos" : "73861"
}, {
  "kecamatan" : "Gunung Timang",
  "kelurahan" : "Jaman",
  "kodepos" : "73862"
}, {
  "kecamatan" : "Montallat (Montalat)",
  "kelurahan" : "Rubei",
  "kodepos" : "73861"
}, {
  "kecamatan" : "Gunung Timang",
  "kelurahan" : "Baturaya II",
  "kodepos" : "73862"
}, {
  "kecamatan" : "Montallat (Montalat)",
  "kelurahan" : "Montallat I",
  "kodepos" : "73861"
}, {
  "kecamatan" : "Gunung Timang",
  "kelurahan" : "Baliti",
  "kodepos" : "73862"
}, {
  "kecamatan" : "Montallat (Montalat)",
  "kelurahan" : "Montallat II",
  "kodepos" : "73861"
}, {
  "kecamatan" : "Montallat (Montalat)",
  "kelurahan" : "Paring Lahung",
  "kodepos" : "73861"
}, {
  "kecamatan" : "Montallat (Montalat)",
  "kelurahan" : "Kamawen",
  "kodepos" : "73861"
}, {
  "kecamatan" : "Lahei Barat",
  "kelurahan" : "Teluk Malewai",
  "kodepos" : "73852"
}, {
  "kecamatan" : "Lahei",
  "kelurahan" : "Rahaden",
  "kodepos" : "73852"
}, {
  "kecamatan" : "Lahei Barat",
  "kelurahan" : "Papar Pujung",
  "kodepos" : "73852"
}, {
  "kecamatan" : "Lahei Barat",
  "kelurahan" : "Nihan Hulu",
  "kodepos" : "73852"
}, {
  "kecamatan" : "Lahei",
  "kelurahan" : "Mukut",
  "kodepos" : "73852"
}, {
  "kecamatan" : "Lahei Barat",
  "kelurahan" : "Nihan Hilir",
  "kodepos" : "73852"
}, {
  "kecamatan" : "Lahei",
  "kelurahan" : "Muara Inu",
  "kodepos" : "73852"
}, {
  "kecamatan" : "Lahei",
  "kelurahan" : "Muara Pari",
  "kodepos" : "73852"
}, {
  "kecamatan" : "Lahei Barat",
  "kelurahan" : "Luwe Hilir",
  "kodepos" : "73852"
}, {
  "kecamatan" : "Lahei",
  "kelurahan" : "Muara Bakah",
  "kodepos" : "73852"
}, {
  "kecamatan" : "Lahei Barat",
  "kelurahan" : "Luwe Hulu",
  "kodepos" : "73852"
}, {
  "kecamatan" : "Lahei",
  "kelurahan" : "Lahei II",
  "kodepos" : "73852"
}, {
  "kecamatan" : "Lahei",
  "kelurahan" : "Lahei I",
  "kodepos" : "73852"
}, {
  "kecamatan" : "Lahei Barat",
  "kelurahan" : "Karamuan",
  "kodepos" : "73852"
}, {
  "kecamatan" : "Lahei",
  "kelurahan" : "Karendan",
  "kodepos" : "73852"
}, {
  "kecamatan" : "Lahei Barat",
  "kelurahan" : "Jangkang Lama",
  "kodepos" : "73852"
}, {
  "kecamatan" : "Lahei",
  "kelurahan" : "Juju Baru",
  "kodepos" : "73852"
}, {
  "kecamatan" : "Lahei Barat",
  "kelurahan" : "Jangkang Baru",
  "kodepos" : "73852"
}, {
  "kecamatan" : "Lahei",
  "kelurahan" : "Ipu",
  "kodepos" : "73852"
}, {
  "kecamatan" : "Lahei",
  "kelurahan" : "Haragandang",
  "kodepos" : "73852"
}, {
  "kecamatan" : "Lahei",
  "kelurahan" : "Hurung Enep",
  "kodepos" : "73852"
}, {
  "kecamatan" : "Lahei",
  "kelurahan" : "Bengahon",
  "kodepos" : "73852"
}, {
  "kecamatan" : "Lahei Barat",
  "kelurahan" : "Benao Hulu",
  "kodepos" : "73852"
}, {
  "kecamatan" : "Lahei Barat",
  "kelurahan" : "Benao Hilir",
  "kodepos" : "73852"
}, {
  "kecamatan" : "Teweh Selatan",
  "kelurahan" : "Terinsing/Trinsing",
  "kodepos" : "73814"
}, {
  "kecamatan" : "Teweh Selatan",
  "kelurahan" : "Trahean",
  "kodepos" : "73814"
}, {
  "kecamatan" : "Teweh Baru",
  "kelurahan" : "Sikui",
  "kodepos" : "73814"
}, {
  "kecamatan" : "Teweh Selatan",
  "kelurahan" : "Tawan Jaya",
  "kodepos" : "73814"
}, {
  "kecamatan" : "Teweh Tengah",
  "kelurahan" : "Sei/Sungai Rahayu I",
  "kodepos" : "73814"
}, {
  "kecamatan" : "Teweh Tengah",
  "kelurahan" : "Sei/Sungai Rahayu II",
  "kodepos" : "73814"
}, {
  "kecamatan" : "Teweh Baru",
  "kelurahan" : "Sabuh",
  "kodepos" : "73814"
}, {
  "kecamatan" : "Teweh Tengah",
  "kelurahan" : "Rimba Sari",
  "kodepos" : "73814"
}, {
  "kecamatan" : "Teweh Selatan",
  "kelurahan" : "Pandran Raya",
  "kodepos" : "73814"
}, {
  "kecamatan" : "Teweh Tengah",
  "kelurahan" : "Pendreh/Pandreh",
  "kodepos" : "73814"
}, {
  "kecamatan" : "Teweh Selatan",
  "kelurahan" : "Pandran Permai",
  "kodepos" : "73814"
}, {
  "kecamatan" : "Teweh Baru",
  "kelurahan" : "Malawaken",
  "kodepos" : "73814"
}, {
  "kecamatan" : "Teweh Baru",
  "kelurahan" : "Liang Naga",
  "kodepos" : "73814"
}, {
  "kecamatan" : "Teweh Tengah",
  "kelurahan" : "Lemo II",
  "kodepos" : "73814"
}, {
  "kecamatan" : "Teweh Baru",
  "kelurahan" : "Hajak",
  "kodepos" : "73814"
}, {
  "kecamatan" : "Teweh Baru",
  "kelurahan" : "Jingah",
  "kodepos" : "73814"
}, {
  "kecamatan" : "Teweh Tengah",
  "kelurahan" : "Lemo I",
  "kodepos" : "73814"
}, {
  "kecamatan" : "Teweh Selatan",
  "kelurahan" : "Butong",
  "kodepos" : "73814"
}, {
  "kecamatan" : "Teweh Tengah",
  "kelurahan" : "Datai Nirui",
  "kodepos" : "73814"
}, {
  "kecamatan" : "Teweh Selatan",
  "kelurahan" : "Buntok Baru",
  "kodepos" : "73814"
}, {
  "kecamatan" : "Teweh Selatan",
  "kelurahan" : "Bintang Ninggi II (Dua)",
  "kodepos" : "73814"
}, {
  "kecamatan" : "Teweh Selatan",
  "kelurahan" : "Bukit Sawit",
  "kodepos" : "73814"
}, {
  "kecamatan" : "Teweh Selatan",
  "kelurahan" : "Bintang Ninggi I (Satu)",
  "kodepos" : "73814"
}, {
  "kecamatan" : "Teweh Baru",
  "kelurahan" : "Jambu",
  "kodepos" : "73813"
}, {
  "kecamatan" : "Teweh Tengah",
  "kelurahan" : "Beringin Raya",
  "kodepos" : "73814"
}, {
  "kecamatan" : "Teweh Tengah",
  "kelurahan" : "Lanjas",
  "kodepos" : "73812"
}, {
  "kecamatan" : "Teweh Tengah",
  "kelurahan" : "Melayu",
  "kodepos" : "73811"
} ]
