[ {
  "kecamatan" : "Ciwandan",
  "kelurahan" : "Gunungsugih",
  "kodepos" : "42447"
}, {
  "kecamatan" : "Ciwandan",
  "kelurahan" : "Kepuh",
  "kodepos" : "42446"
}, {
  "kecamatan" : "Ciwandan",
  "kelurahan" : "Randakari",
  "kodepos" : "42446"
}, {
  "kecamatan" : "Ciwandan",
  "kelurahan" : "Kubangsari",
  "kodepos" : "42445"
}, {
  "kecamatan" : "Ciwandan",
  "kelurahan" : "Tegalratu",
  "kodepos" : "42445"
}, {
  "kecamatan" : "Citangkil",
  "kelurahan" : "Samangraya",
  "kodepos" : "42443"
}, {
  "kecamatan" : "Citangkil",
  "kelurahan" : "Warnasari",
  "kodepos" : "42443"
}, {
  "kecamatan" : "Citangkil",
  "kelurahan" : "Deringo",
  "kodepos" : "42444"
}, {
  "kecamatan" : "Citangkil",
  "kelurahan" : "Lebakdenok",
  "kodepos" : "42442"
}, {
  "kecamatan" : "Citangkil",
  "kelurahan" : "Tamanbaru",
  "kodepos" : "42441"
}, {
  "kecamatan" : "Citangkil",
  "kelurahan" : "Kebonsari",
  "kodepos" : "42442"
}, {
  "kecamatan" : "Ciwandan",
  "kelurahan" : "Banjar Negara",
  "kodepos" : "42441"
}, {
  "kecamatan" : "Citangkil",
  "kelurahan" : "Citangkil",
  "kodepos" : "42441"
}, {
  "kecamatan" : "Pulomerak",
  "kelurahan" : "Suralaya",
  "kodepos" : "42439"
}, {
  "kecamatan" : "Gerogol",
  "kelurahan" : "Gerem",
  "kodepos" : "42438"
}, {
  "kecamatan" : "Pulomerak",
  "kelurahan" : "Mekarsari",
  "kodepos" : "42438"
}, {
  "kecamatan" : "Pulomerak",
  "kelurahan" : "Tamansari",
  "kodepos" : "42438"
}, {
  "kecamatan" : "Purwakarta",
  "kelurahan" : "Purwakarta",
  "kodepos" : "42437"
}, {
  "kecamatan" : "Purwakarta",
  "kelurahan" : "Tegal Bunder",
  "kodepos" : "42437"
}, {
  "kecamatan" : "Purwakarta",
  "kelurahan" : "Pabean",
  "kodepos" : "42437"
}, {
  "kecamatan" : "Gerogol",
  "kelurahan" : "Rawa Arum",
  "kodepos" : "42436"
}, {
  "kecamatan" : "Gerogol",
  "kelurahan" : "Gerogol/Grogol",
  "kodepos" : "42436"
}, {
  "kecamatan" : "Gerogol",
  "kelurahan" : "Kotasari",
  "kodepos" : "42436"
}, {
  "kecamatan" : "Purwakarta",
  "kelurahan" : "Kotabumi",
  "kodepos" : "42434"
}, {
  "kecamatan" : "Purwakarta",
  "kelurahan" : "Ramanuju",
  "kodepos" : "42431"
}, {
  "kecamatan" : "Purwakarta",
  "kelurahan" : "Kebondalem",
  "kodepos" : "42433"
}, {
  "kecamatan" : "Pulomerak",
  "kelurahan" : "Lebak Gede",
  "kodepos" : "42431"
}, {
  "kecamatan" : "Cibeber",
  "kelurahan" : "Cikerai",
  "kodepos" : "42427"
}, {
  "kecamatan" : "Cibeber",
  "kelurahan" : "Karangasem",
  "kodepos" : "42425"
}, {
  "kecamatan" : "Cibeber",
  "kelurahan" : "Bulakan",
  "kodepos" : "42426"
}, {
  "kecamatan" : "Cibeber",
  "kelurahan" : "Cibeber",
  "kodepos" : "42423"
}, {
  "kecamatan" : "Cibeber",
  "kelurahan" : "Kalitimbang",
  "kodepos" : "42424"
}, {
  "kecamatan" : "Cilegon",
  "kelurahan" : "Bagendung",
  "kodepos" : "42419"
}, {
  "kecamatan" : "Cibeber",
  "kelurahan" : "Kedaleman",
  "kodepos" : "42422"
}, {
  "kecamatan" : "Cilegon",
  "kelurahan" : "Bendungan",
  "kodepos" : "42417"
}, {
  "kecamatan" : "Cilegon",
  "kelurahan" : "Ciwedus",
  "kodepos" : "42418"
}, {
  "kecamatan" : "Jombang",
  "kelurahan" : "Sukmajaya",
  "kodepos" : "42416"
}, {
  "kecamatan" : "Cilegon",
  "kelurahan" : "Ketileng",
  "kodepos" : "42416"
}, {
  "kecamatan" : "Cilegon",
  "kelurahan" : "Ciwaduk",
  "kodepos" : "42415"
}, {
  "kecamatan" : "Jombang",
  "kelurahan" : "Gedong Dalem",
  "kodepos" : "42413"
}, {
  "kecamatan" : "Jombang",
  "kelurahan" : "Masigit",
  "kodepos" : "42414"
}, {
  "kecamatan" : "Jombang",
  "kelurahan" : "Jombang Wetan",
  "kodepos" : "42411"
}, {
  "kecamatan" : "Jombang",
  "kelurahan" : "Panggung Rawi",
  "kodepos" : "42412"
} ]
