[ {
  "kecamatan" : "Jenamas",
  "kelurahan" : "Tampulang",
  "kodepos" : "73763"
}, {
  "kecamatan" : "Jenamas",
  "kelurahan" : "Rantau Kujang",
  "kodepos" : "73763"
}, {
  "kecamatan" : "Jenamas",
  "kelurahan" : "Tabatan",
  "kodepos" : "73763"
}, {
  "kecamatan" : "Jenamas",
  "kelurahan" : "Rangga Ilung",
  "kodepos" : "73763"
}, {
  "kecamatan" : "Jenamas",
  "kelurahan" : "Rantau Bahuang",
  "kodepos" : "73763"
}, {
  "kecamatan" : "Dusun Hilir",
  "kelurahan" : "Sei/Sungai Jaya",
  "kodepos" : "73762"
}, {
  "kecamatan" : "Dusun Hilir",
  "kelurahan" : "Teluk Timbau",
  "kodepos" : "73762"
}, {
  "kecamatan" : "Dusun Hilir",
  "kelurahan" : "Mahajandau/Mahanjau",
  "kodepos" : "73762"
}, {
  "kecamatan" : "Dusun Hilir",
  "kelurahan" : "Mangkatir",
  "kodepos" : "73762"
}, {
  "kecamatan" : "Dusun Hilir",
  "kelurahan" : "Mengkatip",
  "kodepos" : "73762"
}, {
  "kecamatan" : "Dusun Hilir",
  "kelurahan" : "Damparan",
  "kodepos" : "73762"
}, {
  "kecamatan" : "Dusun Hilir",
  "kelurahan" : "Kalanis",
  "kodepos" : "73762"
}, {
  "kecamatan" : "Dusun Hilir",
  "kelurahan" : "Lehai",
  "kodepos" : "73762"
}, {
  "kecamatan" : "Dusun Hilir",
  "kelurahan" : "Batilap",
  "kodepos" : "73762"
}, {
  "kecamatan" : "Dusun Hilir",
  "kelurahan" : "Batampang",
  "kodepos" : "73762"
}, {
  "kecamatan" : "Karau Kuala",
  "kelurahan" : "Teluk Betung",
  "kodepos" : "73761"
}, {
  "kecamatan" : "Karau Kuala",
  "kelurahan" : "Teluk Sampudau",
  "kodepos" : "73761"
}, {
  "kecamatan" : "Karau Kuala",
  "kelurahan" : "Talio",
  "kodepos" : "73761"
}, {
  "kecamatan" : "Karau Kuala",
  "kelurahan" : "Tampijak",
  "kodepos" : "73761"
}, {
  "kecamatan" : "Karau Kuala",
  "kelurahan" : "Malitin",
  "kodepos" : "73761"
}, {
  "kecamatan" : "Karau Kuala",
  "kelurahan" : "Muara Arai",
  "kodepos" : "73761"
}, {
  "kecamatan" : "Karau Kuala",
  "kelurahan" : "Selat Baru",
  "kodepos" : "73761"
}, {
  "kecamatan" : "Karau Kuala",
  "kelurahan" : "Bintang Kurung",
  "kodepos" : "73761"
}, {
  "kecamatan" : "Karau Kuala",
  "kelurahan" : "Janggi",
  "kodepos" : "73761"
}, {
  "kecamatan" : "Karau Kuala",
  "kelurahan" : "Babai",
  "kodepos" : "73761"
}, {
  "kecamatan" : "Karau Kuala",
  "kelurahan" : "Bangkuang",
  "kodepos" : "73761"
}, {
  "kecamatan" : "Gunung Bintang Awai",
  "kelurahan" : "Wungkur Baru",
  "kodepos" : "73753"
}, {
  "kecamatan" : "Gunung Bintang Awai",
  "kelurahan" : "Tabak Kanilan",
  "kodepos" : "73753"
}, {
  "kecamatan" : "Gunung Bintang Awai",
  "kelurahan" : "Ugang Sayu",
  "kodepos" : "73753"
}, {
  "kecamatan" : "Gunung Bintang Awai",
  "kelurahan" : "Wayun",
  "kodepos" : "73753"
}, {
  "kecamatan" : "Gunung Bintang Awai",
  "kelurahan" : "Sei/Sungai Paken",
  "kodepos" : "73753"
}, {
  "kecamatan" : "Gunung Bintang Awai",
  "kelurahan" : "Sire",
  "kodepos" : "73753"
}, {
  "kecamatan" : "Gunung Bintang Awai",
  "kelurahan" : "Ruhing Raya",
  "kodepos" : "73753"
}, {
  "kecamatan" : "Gunung Bintang Awai",
  "kelurahan" : "Sarimbuah",
  "kodepos" : "73753"
}, {
  "kecamatan" : "Gunung Bintang Awai",
  "kelurahan" : "Patas I",
  "kodepos" : "73753"
}, {
  "kecamatan" : "Gunung Bintang Awai",
  "kelurahan" : "Patas II",
  "kodepos" : "73753"
}, {
  "kecamatan" : "Gunung Bintang Awai",
  "kelurahan" : "Ngurit",
  "kodepos" : "73753"
}, {
  "kecamatan" : "Gunung Bintang Awai",
  "kelurahan" : "Palo Rejo",
  "kodepos" : "73753"
}, {
  "kecamatan" : "Gunung Bintang Awai",
  "kelurahan" : "Muka Haji",
  "kodepos" : "73753"
}, {
  "kecamatan" : "Gunung Bintang Awai",
  "kelurahan" : "Marga Jaya",
  "kodepos" : "73753"
}, {
  "kecamatan" : "Gunung Bintang Awai",
  "kelurahan" : "Muara Singan",
  "kodepos" : "73753"
}, {
  "kecamatan" : "Gunung Bintang Awai",
  "kelurahan" : "Kayumban",
  "kodepos" : "73753"
}, {
  "kecamatan" : "Gunung Bintang Awai",
  "kelurahan" : "Malungai Raya",
  "kodepos" : "73753"
}, {
  "kecamatan" : "Gunung Bintang Awai",
  "kelurahan" : "Gagutur",
  "kodepos" : "73753"
}, {
  "kecamatan" : "Gunung Bintang Awai",
  "kelurahan" : "Bipak Kali",
  "kodepos" : "73753"
}, {
  "kecamatan" : "Gunung Bintang Awai",
  "kelurahan" : "Baruang/Ekeng",
  "kodepos" : "73753"
}, {
  "kecamatan" : "Gunung Bintang Awai",
  "kelurahan" : "Bintang Ara",
  "kodepos" : "73753"
}, {
  "kecamatan" : "Dusun Utara",
  "kelurahan" : "Telekoi (Talekoi)",
  "kodepos" : "73752"
}, {
  "kecamatan" : "Dusun Utara",
  "kelurahan" : "Tamparak",
  "kodepos" : "73752"
}, {
  "kecamatan" : "Dusun Utara",
  "kelurahan" : "Tamparak Layung",
  "kodepos" : "73752"
}, {
  "kecamatan" : "Dusun Utara",
  "kelurahan" : "Tarusan",
  "kodepos" : "73752"
}, {
  "kecamatan" : "Dusun Utara",
  "kelurahan" : "Reong",
  "kodepos" : "73752"
}, {
  "kecamatan" : "Dusun Utara",
  "kelurahan" : "Sei/Sungai Telang",
  "kodepos" : "73752"
}, {
  "kecamatan" : "Dusun Utara",
  "kelurahan" : "Panarukan",
  "kodepos" : "73752"
}, {
  "kecamatan" : "Dusun Utara",
  "kelurahan" : "Pendang",
  "kodepos" : "73752"
}, {
  "kecamatan" : "Dusun Utara",
  "kelurahan" : "Rampa Mea",
  "kodepos" : "73752"
}, {
  "kecamatan" : "Dusun Utara",
  "kelurahan" : "Marawan Lama",
  "kodepos" : "73752"
}, {
  "kecamatan" : "Dusun Utara",
  "kelurahan" : "Maruga",
  "kodepos" : "73752"
}, {
  "kecamatan" : "Dusun Utara",
  "kelurahan" : "Majundre",
  "kodepos" : "73752"
}, {
  "kecamatan" : "Dusun Utara",
  "kelurahan" : "Marawan Baru",
  "kodepos" : "73752"
}, {
  "kecamatan" : "Dusun Utara",
  "kelurahan" : "Hingan",
  "kodepos" : "73752"
}, {
  "kecamatan" : "Dusun Utara",
  "kelurahan" : "Hulu Tampang",
  "kodepos" : "73752"
}, {
  "kecamatan" : "Dusun Utara",
  "kelurahan" : "Danau Bambure",
  "kodepos" : "73752"
}, {
  "kecamatan" : "Dusun Utara",
  "kelurahan" : "Gunung Rantau",
  "kodepos" : "73752"
}, {
  "kecamatan" : "Dusun Utara",
  "kelurahan" : "Bantai Bambure",
  "kodepos" : "73752"
}, {
  "kecamatan" : "Dusun Utara",
  "kelurahan" : "Bundar",
  "kodepos" : "73752"
}, {
  "kecamatan" : "Dusun Selatan",
  "kelurahan" : "Sanggu",
  "kodepos" : "73751"
}, {
  "kecamatan" : "Dusun Selatan",
  "kelurahan" : "Tanjung Jawa",
  "kodepos" : "73751"
}, {
  "kecamatan" : "Dusun Selatan",
  "kelurahan" : "Penda Asam",
  "kodepos" : "73751"
}, {
  "kecamatan" : "Dusun Selatan",
  "kelurahan" : "Sababilah",
  "kodepos" : "73751"
}, {
  "kecamatan" : "Dusun Selatan",
  "kelurahan" : "Pararapak",
  "kodepos" : "73751"
}, {
  "kecamatan" : "Dusun Selatan",
  "kelurahan" : "Muara Ripung",
  "kodepos" : "73751"
}, {
  "kecamatan" : "Dusun Selatan",
  "kelurahan" : "Pamait",
  "kodepos" : "73751"
}, {
  "kecamatan" : "Dusun Selatan",
  "kelurahan" : "Kalahien",
  "kodepos" : "73751"
}, {
  "kecamatan" : "Dusun Selatan",
  "kelurahan" : "Mabuan",
  "kodepos" : "73751"
}, {
  "kecamatan" : "Dusun Selatan",
  "kelurahan" : "Teluk Telaga",
  "kodepos" : "73713"
}, {
  "kecamatan" : "Dusun Selatan",
  "kelurahan" : "Tetei Lanan",
  "kodepos" : "73713"
}, {
  "kecamatan" : "Dusun Selatan",
  "kelurahan" : "Telang Andrau",
  "kodepos" : "73713"
}, {
  "kecamatan" : "Dusun Selatan",
  "kelurahan" : "Teluk Mampun",
  "kodepos" : "73713"
}, {
  "kecamatan" : "Dusun Selatan",
  "kelurahan" : "Pamangka",
  "kodepos" : "73713"
}, {
  "kecamatan" : "Dusun Selatan",
  "kelurahan" : "Mangaris",
  "kodepos" : "73713"
}, {
  "kecamatan" : "Dusun Selatan",
  "kelurahan" : "Muara Talang",
  "kodepos" : "73713"
}, {
  "kecamatan" : "Dusun Selatan",
  "kelurahan" : "Murung Paken",
  "kodepos" : "73713"
}, {
  "kecamatan" : "Dusun Selatan",
  "kelurahan" : "Lembeng",
  "kodepos" : "73713"
}, {
  "kecamatan" : "Dusun Selatan",
  "kelurahan" : "Madara",
  "kodepos" : "73713"
}, {
  "kecamatan" : "Dusun Selatan",
  "kelurahan" : "Jelapat",
  "kodepos" : "73713"
}, {
  "kecamatan" : "Dusun Selatan",
  "kelurahan" : "Danau Sadar",
  "kodepos" : "73713"
}, {
  "kecamatan" : "Dusun Selatan",
  "kelurahan" : "Dangka",
  "kodepos" : "73713"
}, {
  "kecamatan" : "Dusun Selatan",
  "kelurahan" : "Danau Ganting",
  "kodepos" : "73713"
}, {
  "kecamatan" : "Dusun Selatan",
  "kelurahan" : "Danau Masura",
  "kodepos" : "73713"
}, {
  "kecamatan" : "Dusun Selatan",
  "kelurahan" : "Hilir Sper",
  "kodepos" : "73712"
}, {
  "kecamatan" : "Dusun Selatan",
  "kelurahan" : "Baru",
  "kodepos" : "73713"
}, {
  "kecamatan" : "Dusun Selatan",
  "kelurahan" : "Buntok Kota",
  "kodepos" : "73711"
} ]
