[ {
  "kecamatan" : "Awang",
  "kelurahan" : "Wungkur Nanakan",
  "kodepos" : "73681"
}, {
  "kecamatan" : "Awang",
  "kelurahan" : "Pianggu",
  "kodepos" : "73681"
}, {
  "kecamatan" : "Awang",
  "kelurahan" : "Tangkan",
  "kodepos" : "73681"
}, {
  "kecamatan" : "Awang",
  "kelurahan" : "Janah Mansiwui",
  "kodepos" : "73681"
}, {
  "kecamatan" : "Awang",
  "kelurahan" : "Danau",
  "kodepos" : "73681"
}, {
  "kecamatan" : "Awang",
  "kelurahan" : "Hayaping",
  "kodepos" : "73681"
}, {
  "kecamatan" : "Awang",
  "kelurahan" : "Janah Jari",
  "kodepos" : "73681"
}, {
  "kecamatan" : "Awang",
  "kelurahan" : "Bangkirayen",
  "kodepos" : "73681"
}, {
  "kecamatan" : "Awang",
  "kelurahan" : "Biwan",
  "kodepos" : "73681"
}, {
  "kecamatan" : "Awang",
  "kelurahan" : "Ampari",
  "kodepos" : "73681"
}, {
  "kecamatan" : "Awang",
  "kelurahan" : "Apar Batu",
  "kodepos" : "73681"
}, {
  "kecamatan" : "Patangkep Tutui",
  "kelurahan" : "Tamiang",
  "kodepos" : "73671"
}, {
  "kecamatan" : "Patangkep Tutui",
  "kelurahan" : "Pulau Padang",
  "kodepos" : "73671"
}, {
  "kecamatan" : "Patangkep Tutui",
  "kelurahan" : "Ramania",
  "kodepos" : "73671"
}, {
  "kecamatan" : "Patangkep Tutui",
  "kelurahan" : "Lalap",
  "kodepos" : "73671"
}, {
  "kecamatan" : "Patangkep Tutui",
  "kelurahan" : "Muani",
  "kodepos" : "73671"
}, {
  "kecamatan" : "Patangkep Tutui",
  "kelurahan" : "Kotam",
  "kodepos" : "73671"
}, {
  "kecamatan" : "Patangkep Tutui",
  "kelurahan" : "Kambitin",
  "kodepos" : "73671"
}, {
  "kecamatan" : "Patangkep Tutui",
  "kelurahan" : "Jango",
  "kodepos" : "73671"
}, {
  "kecamatan" : "Patangkep Tutui",
  "kelurahan" : "Betang Nalong",
  "kodepos" : "73671"
}, {
  "kecamatan" : "Patangkep Tutui",
  "kelurahan" : "Ampari Bora",
  "kodepos" : "73671"
}, {
  "kecamatan" : "Patangkep Tutui",
  "kelurahan" : "Bentot",
  "kodepos" : "73671"
}, {
  "kecamatan" : "Benua Lima",
  "kelurahan" : "Taniran Pasar Panas",
  "kodepos" : "73661"
}, {
  "kecamatan" : "Benua Lima",
  "kelurahan" : "Tewah Pupuh",
  "kodepos" : "73661"
}, {
  "kecamatan" : "Benua Lima",
  "kelurahan" : "Banyu Landas",
  "kodepos" : "73661"
}, {
  "kecamatan" : "Benua Lima",
  "kelurahan" : "Gudang Seng",
  "kodepos" : "73661"
}, {
  "kecamatan" : "Benua Lima",
  "kelurahan" : "Kandris",
  "kodepos" : "73661"
}, {
  "kecamatan" : "Benua Lima",
  "kelurahan" : "Bagok",
  "kodepos" : "73661"
}, {
  "kecamatan" : "Benua Lima",
  "kelurahan" : "Bamban",
  "kodepos" : "73661"
}, {
  "kecamatan" : "Pematang Karau",
  "kelurahan" : "Tumpung Ulung",
  "kodepos" : "73653"
}, {
  "kecamatan" : "Pematang Karau",
  "kelurahan" : "Tuyau",
  "kodepos" : "73653"
}, {
  "kecamatan" : "Pematang Karau",
  "kelurahan" : "Sumberejo",
  "kodepos" : "73653"
}, {
  "kecamatan" : "Pematang Karau",
  "kelurahan" : "Nagaleah",
  "kodepos" : "73653"
}, {
  "kecamatan" : "Pematang Karau",
  "kelurahan" : "Pinang Tunggal",
  "kodepos" : "73653"
}, {
  "kecamatan" : "Pematang Karau",
  "kelurahan" : "Muara Palantau",
  "kodepos" : "73653"
}, {
  "kecamatan" : "Pematang Karau",
  "kelurahan" : "Muru Duyung",
  "kodepos" : "73653"
}, {
  "kecamatan" : "Pematang Karau",
  "kelurahan" : "Kupang Bersih",
  "kodepos" : "73653"
}, {
  "kecamatan" : "Pematang Karau",
  "kelurahan" : "Lampeong",
  "kodepos" : "73653"
}, {
  "kecamatan" : "Pematang Karau",
  "kelurahan" : "Lebo",
  "kodepos" : "73653"
}, {
  "kecamatan" : "Pematang Karau",
  "kelurahan" : "Bararawa",
  "kodepos" : "73653"
}, {
  "kecamatan" : "Pematang Karau",
  "kelurahan" : "Ketap",
  "kodepos" : "73653"
}, {
  "kecamatan" : "Karusen Janang",
  "kelurahan" : "Wuran",
  "kodepos" : "73652"
}, {
  "kecamatan" : "Pematang Karau",
  "kelurahan" : "Bambulung",
  "kodepos" : "73653"
}, {
  "kecamatan" : "Raren Batuah",
  "kelurahan" : "Turan Amis",
  "kodepos" : "73652"
}, {
  "kecamatan" : "Raren Batuah",
  "kelurahan" : "Unsum",
  "kodepos" : "73652"
}, {
  "kecamatan" : "Raren Batuah",
  "kelurahan" : "Tangkum",
  "kodepos" : "73652"
}, {
  "kecamatan" : "Paku",
  "kelurahan" : "Taringsing",
  "kodepos" : "73652"
}, {
  "kecamatan" : "Dusun Tengah",
  "kelurahan" : "Sumber Garonggong",
  "kodepos" : "73652"
}, {
  "kecamatan" : "Paku",
  "kelurahan" : "Tampa",
  "kodepos" : "73652"
}, {
  "kecamatan" : "Karusen Janang",
  "kelurahan" : "Simpang Naneng",
  "kodepos" : "73652"
}, {
  "kecamatan" : "Raren Batuah",
  "kelurahan" : "Sibung",
  "kodepos" : "73652"
}, {
  "kecamatan" : "Paku",
  "kelurahan" : "Simpang Bingkuang/Bangkuang",
  "kodepos" : "73652"
}, {
  "kecamatan" : "Dusun Tengah",
  "kelurahan" : "Saing",
  "kodepos" : "73652"
}, {
  "kecamatan" : "Paku",
  "kelurahan" : "Runggu Raya",
  "kodepos" : "73652"
}, {
  "kecamatan" : "Dusun Tengah",
  "kelurahan" : "Rodok",
  "kodepos" : "73652"
}, {
  "kecamatan" : "Karusen Janang",
  "kelurahan" : "Putut Tawuluh",
  "kodepos" : "73652"
}, {
  "kecamatan" : "Dusun Tengah",
  "kelurahan" : "Putai",
  "kodepos" : "73652"
}, {
  "kecamatan" : "Raren Batuah",
  "kelurahan" : "Puri",
  "kodepos" : "73652"
}, {
  "kecamatan" : "Paku",
  "kelurahan" : "Patung",
  "kodepos" : "73652"
}, {
  "kecamatan" : "Paku",
  "kelurahan" : "Pangkan",
  "kodepos" : "73652"
}, {
  "kecamatan" : "Paku",
  "kelurahan" : "Paku Beto",
  "kodepos" : "73652"
}, {
  "kecamatan" : "Dusun Tengah",
  "kelurahan" : "Muara Awang",
  "kodepos" : "73652"
}, {
  "kecamatan" : "Dusun Tengah",
  "kelurahan" : "Netapin / Netampin",
  "kodepos" : "73652"
}, {
  "kecamatan" : "Raren Batuah",
  "kelurahan" : "Malintot",
  "kodepos" : "73652"
}, {
  "kecamatan" : "Paku",
  "kelurahan" : "Luau Jawuk",
  "kodepos" : "73652"
}, {
  "kecamatan" : "Paku",
  "kelurahan" : "Kupang Baru",
  "kodepos" : "73652"
}, {
  "kecamatan" : "Karusen Janang",
  "kelurahan" : "Lagan",
  "kodepos" : "73652"
}, {
  "kecamatan" : "Raren Batuah",
  "kelurahan" : "Lenggang",
  "kodepos" : "73652"
}, {
  "kecamatan" : "Karusen Janang",
  "kelurahan" : "Kandris",
  "kodepos" : "73652"
}, {
  "kecamatan" : "Paku",
  "kelurahan" : "Kalamus",
  "kodepos" : "73652"
}, {
  "kecamatan" : "Karusen Janang",
  "kelurahan" : "Ipu Mea",
  "kodepos" : "73652"
}, {
  "kecamatan" : "Paku",
  "kelurahan" : "Gandrung",
  "kodepos" : "73652"
}, {
  "kecamatan" : "Karusen Janang",
  "kelurahan" : "Dayu",
  "kodepos" : "73652"
}, {
  "kecamatan" : "Raren Batuah",
  "kelurahan" : "Baruyan",
  "kodepos" : "73652"
}, {
  "kecamatan" : "Raren Batuah",
  "kelurahan" : "Batuah",
  "kodepos" : "73652"
}, {
  "kecamatan" : "Paku",
  "kelurahan" : "Bantai Napu",
  "kodepos" : "73652"
}, {
  "kecamatan" : "Dusun Tengah",
  "kelurahan" : "Ampah Dua",
  "kodepos" : "73652"
}, {
  "kecamatan" : "Dusun Tengah",
  "kelurahan" : "Ampah Kota",
  "kodepos" : "73652"
}, {
  "kecamatan" : "Dusun Timur",
  "kelurahan" : "Sumur",
  "kodepos" : "73618"
}, {
  "kecamatan" : "Dusun Timur",
  "kelurahan" : "Maragut",
  "kodepos" : "73618"
}, {
  "kecamatan" : "Dusun Timur",
  "kelurahan" : "Matarah",
  "kodepos" : "73618"
}, {
  "kecamatan" : "Dusun Timur",
  "kelurahan" : "Gumpa",
  "kodepos" : "73618"
}, {
  "kecamatan" : "Paju Epat",
  "kelurahan" : "Tampulangit",
  "kodepos" : "73617"
}, {
  "kecamatan" : "Dusun Timur",
  "kelurahan" : "Harara",
  "kodepos" : "73618"
}, {
  "kecamatan" : "Paju Epat",
  "kelurahan" : "Telang Baru",
  "kodepos" : "73617"
}, {
  "kecamatan" : "Paju Epat",
  "kelurahan" : "Telang Siong",
  "kodepos" : "73617"
}, {
  "kecamatan" : "Paju Epat",
  "kelurahan" : "Siong",
  "kodepos" : "73617"
}, {
  "kecamatan" : "Dusun Timur",
  "kelurahan" : "angkarap",
  "kodepos" : "73618"
}, {
  "kecamatan" : "Dusun Timur",
  "kelurahan" : "Sarapat (Ex. Harara)",
  "kodepos" : "73617"
}, {
  "kecamatan" : "Dusun Timur",
  "kelurahan" : "Tamiang Layang",
  "kodepos" : "73617"
}, {
  "kecamatan" : "Paju Epat",
  "kelurahan" : "Murutuwu",
  "kodepos" : "73617"
}, {
  "kecamatan" : "Dusun Timur",
  "kelurahan" : "Pulau Patai",
  "kodepos" : "73617"
}, {
  "kecamatan" : "Dusun Timur",
  "kelurahan" : "Karang Langit",
  "kodepos" : "73617"
}, {
  "kecamatan" : "Paju Epat",
  "kelurahan" : "Maipe",
  "kodepos" : "73617"
}, {
  "kecamatan" : "Dusun Timur",
  "kelurahan" : "Jaweten",
  "kodepos" : "73617"
}, {
  "kecamatan" : "Paju Epat",
  "kelurahan" : "Juru Banu",
  "kodepos" : "73617"
}, {
  "kecamatan" : "Paju Epat",
  "kelurahan" : "Kali Napu",
  "kodepos" : "73617"
}, {
  "kecamatan" : "Dusun Timur",
  "kelurahan" : "Jaar",
  "kodepos" : "73617"
}, {
  "kecamatan" : "Dusun Timur",
  "kelurahan" : "Didi",
  "kodepos" : "73617"
}, {
  "kecamatan" : "Paju Epat",
  "kelurahan" : "Balawa",
  "kodepos" : "73617"
}, {
  "kecamatan" : "Dusun Timur",
  "kelurahan" : "Dorong",
  "kodepos" : "73614"
}, {
  "kecamatan" : "Dusun Timur",
  "kelurahan" : "Haringen",
  "kodepos" : "73615"
}, {
  "kecamatan" : "Dusun Timur",
  "kelurahan" : "Magantis",
  "kodepos" : "73612"
}, {
  "kecamatan" : "Dusun Timur",
  "kelurahan" : "Matabu",
  "kodepos" : "73613"
} ]
