[ {
  "kecamatan" : "Rakumpit",
  "kelurahan" : "Petuk Berunai",
  "kodepos" : "73229"
}, {
  "kecamatan" : "Rakumpit",
  "kelurahan" : "Pager",
  "kodepos" : "73229"
}, {
  "kecamatan" : "Rakumpit",
  "kelurahan" : "Mungku Baru",
  "kodepos" : "73229"
}, {
  "kecamatan" : "Rakumpit",
  "kelurahan" : "Bukit Sua",
  "kodepos" : "73229"
}, {
  "kecamatan" : "Rakumpit",
  "kelurahan" : "Gaung Baru",
  "kodepos" : "73229"
}, {
  "kecamatan" : "Rakumpit",
  "kelurahan" : "Petuk Bukit",
  "kodepos" : "73227"
}, {
  "kecamatan" : "Rakumpit",
  "kelurahan" : "Panjehang",
  "kodepos" : "73228"
}, {
  "kecamatan" : "Bukit Batu",
  "kelurahan" : "Kanarakan",
  "kodepos" : "73226"
}, {
  "kecamatan" : "Bukit Batu",
  "kelurahan" : "Banturung",
  "kodepos" : "73224"
}, {
  "kecamatan" : "Bukit Batu",
  "kelurahan" : "Sei/Sungai Gohong",
  "kodepos" : "73225"
}, {
  "kecamatan" : "Bukit Batu",
  "kelurahan" : "Tumbang Tahai",
  "kodepos" : "73223"
}, {
  "kecamatan" : "Bukit Batu",
  "kelurahan" : "Tangkiling",
  "kodepos" : "73221"
}, {
  "kecamatan" : "Bukit Batu",
  "kelurahan" : "Marang",
  "kodepos" : "73222"
}, {
  "kecamatan" : "Bukit Batu",
  "kelurahan" : "Habaring Hurung",
  "kodepos" : "73221"
}, {
  "kecamatan" : "Sebangau",
  "kelurahan" : "Kameloh Baru",
  "kodepos" : "73114"
}, {
  "kecamatan" : "Jekan Raya",
  "kelurahan" : "Petuk Katimpun",
  "kodepos" : "73118"
}, {
  "kecamatan" : "Sebangau",
  "kelurahan" : "Kalampangan",
  "kodepos" : "73114"
}, {
  "kecamatan" : "Sebangau",
  "kelurahan" : "Bereng Bengkel",
  "kodepos" : "73114"
}, {
  "kecamatan" : "Sebangau",
  "kelurahan" : "Danau Tundai",
  "kodepos" : "73114"
}, {
  "kecamatan" : "Sebangau",
  "kelurahan" : "Kereng Bangkirai",
  "kodepos" : "73113"
}, {
  "kecamatan" : "Sebangau",
  "kelurahan" : "Sabaru",
  "kodepos" : "73113"
}, {
  "kecamatan" : "Jekan Raya",
  "kelurahan" : "Palangka",
  "kodepos" : "73112"
}, {
  "kecamatan" : "Pahandut",
  "kelurahan" : "Tumbang Rungan",
  "kodepos" : "73111"
}, {
  "kecamatan" : "Jekan Raya",
  "kelurahan" : "Bukit Tunggal",
  "kodepos" : "73112"
}, {
  "kecamatan" : "Pahandut",
  "kelurahan" : "Panarung",
  "kodepos" : "73111"
}, {
  "kecamatan" : "Pahandut",
  "kelurahan" : "Tanjung Pinang",
  "kodepos" : "73111"
}, {
  "kecamatan" : "Pahandut",
  "kelurahan" : "Pahandut",
  "kodepos" : "73111"
}, {
  "kecamatan" : "Pahandut",
  "kelurahan" : "Pahandut Seberang",
  "kodepos" : "73111"
}, {
  "kecamatan" : "Jekan Raya",
  "kelurahan" : "Menteng",
  "kodepos" : "73111"
}, {
  "kecamatan" : "Pahandut",
  "kelurahan" : "Langkai",
  "kodepos" : "73111"
} ]
