[ {
  "kecamatan" : "Derawan (Pulau Derawan)",
  "kelurahan" : "Teluk Semanting",
  "kodepos" : "77381"
}, {
  "kecamatan" : "Derawan (Pulau Derawan)",
  "kelurahan" : "Pulau Derawan",
  "kodepos" : "77381"
}, {
  "kecamatan" : "Derawan (Pulau Derawan)",
  "kelurahan" : "Tanjung Batu",
  "kodepos" : "77381"
}, {
  "kecamatan" : "Derawan (Pulau Derawan)",
  "kelurahan" : "Pegat Bertumbuk",
  "kodepos" : "77381"
}, {
  "kecamatan" : "Maratua",
  "kelurahan" : "Maratua Teluk Alulu",
  "kodepos" : "77381"
}, {
  "kecamatan" : "Maratua",
  "kelurahan" : "Maratua Teluk Harapan",
  "kodepos" : "77381"
}, {
  "kecamatan" : "Maratua",
  "kelurahan" : "Maratua Payung-Payung",
  "kodepos" : "77381"
}, {
  "kecamatan" : "Maratua",
  "kelurahan" : "Maratua Bohesilian",
  "kodepos" : "77381"
}, {
  "kecamatan" : "Derawan (Pulau Derawan)",
  "kelurahan" : "Kasai",
  "kodepos" : "77381"
}, {
  "kecamatan" : "Biduk-Biduk",
  "kelurahan" : "Teluk Sumbang",
  "kodepos" : "77373"
}, {
  "kecamatan" : "Biduk-Biduk",
  "kelurahan" : "Tanjung Perepat",
  "kodepos" : "77373"
}, {
  "kecamatan" : "Biduk-Biduk",
  "kelurahan" : "Teluk Sulaiman",
  "kodepos" : "77373"
}, {
  "kecamatan" : "Batu Putih",
  "kelurahan" : "Lobang Kelatak",
  "kodepos" : "77373"
}, {
  "kecamatan" : "Biduk-Biduk",
  "kelurahan" : "Pantai Harapan",
  "kodepos" : "77373"
}, {
  "kecamatan" : "Biduk-Biduk",
  "kelurahan" : "Giring-Giring",
  "kodepos" : "77373"
}, {
  "kecamatan" : "Batu Putih",
  "kelurahan" : "Batu Putih",
  "kodepos" : "77373"
}, {
  "kecamatan" : "Biduk-Biduk",
  "kelurahan" : "Biduk-Biduk",
  "kodepos" : "77373"
}, {
  "kecamatan" : "Batu Putih",
  "kelurahan" : "Ampen Medang",
  "kodepos" : "77373"
}, {
  "kecamatan" : "Batu Putih",
  "kelurahan" : "Balik Kukuk (Balikukup)",
  "kodepos" : "77373"
}, {
  "kecamatan" : "Talisayan",
  "kelurahan" : "Tunggal Bumi",
  "kodepos" : "77372"
}, {
  "kecamatan" : "Tabalar",
  "kelurahan" : "Tubaan",
  "kodepos" : "77372"
}, {
  "kecamatan" : "Batu Putih",
  "kelurahan" : "Tembudan",
  "kodepos" : "77372"
}, {
  "kecamatan" : "Tabalar",
  "kelurahan" : "Tabalar Ulu",
  "kodepos" : "77372"
}, {
  "kecamatan" : "Talisayan",
  "kelurahan" : "Talisayan",
  "kodepos" : "77372"
}, {
  "kecamatan" : "Tabalar",
  "kelurahan" : "Tabalar Muara",
  "kodepos" : "77372"
}, {
  "kecamatan" : "Talisayan",
  "kelurahan" : "Sumber Mulia",
  "kodepos" : "77372"
}, {
  "kecamatan" : "Batu Putih",
  "kelurahan" : "Sumber Agung",
  "kodepos" : "77372"
}, {
  "kecamatan" : "Talisayan",
  "kelurahan" : "Suka Murya",
  "kodepos" : "77372"
}, {
  "kecamatan" : "Tabalar",
  "kelurahan" : "Semurut",
  "kodepos" : "77372"
}, {
  "kecamatan" : "Talisayan",
  "kelurahan" : "Purna Sari Jaya",
  "kodepos" : "77372"
}, {
  "kecamatan" : "Biatan",
  "kelurahan" : "Manunggal Jaya",
  "kodepos" : "77372"
}, {
  "kecamatan" : "Batu Putih",
  "kelurahan" : "Kayu Indah",
  "kodepos" : "77372"
}, {
  "kecamatan" : "Tabalar",
  "kelurahan" : "Harapan Maju",
  "kodepos" : "77372"
}, {
  "kecamatan" : "Biatan",
  "kelurahan" : "Karangan",
  "kodepos" : "77372"
}, {
  "kecamatan" : "Talisayan",
  "kelurahan" : "Dumaring",
  "kodepos" : "77372"
}, {
  "kecamatan" : "Talisayan",
  "kelurahan" : "Eka Sapta",
  "kodepos" : "77372"
}, {
  "kecamatan" : "Tabalar",
  "kelurahan" : "Buyung-Buyung (Radak)",
  "kodepos" : "77372"
}, {
  "kecamatan" : "Talisayan",
  "kelurahan" : "Campur Sari",
  "kodepos" : "77372"
}, {
  "kecamatan" : "Talisayan",
  "kelurahan" : "Bumi Jaya",
  "kodepos" : "77372"
}, {
  "kecamatan" : "Biatan",
  "kelurahan" : "Biatan Ulu",
  "kodepos" : "77372"
}, {
  "kecamatan" : "Biatan",
  "kelurahan" : "Bukit Makmur Jaya",
  "kodepos" : "77372"
}, {
  "kecamatan" : "Biatan",
  "kelurahan" : "Biatan Ilir",
  "kodepos" : "77372"
}, {
  "kecamatan" : "Biatan",
  "kelurahan" : "Biatan Lempake",
  "kodepos" : "77372"
}, {
  "kecamatan" : "Biatan",
  "kelurahan" : "Biatan Bapinang",
  "kodepos" : "77372"
}, {
  "kecamatan" : "Biatan",
  "kelurahan" : "Biatan Baru",
  "kodepos" : "77372"
}, {
  "kecamatan" : "Sambaliung",
  "kelurahan" : "Tanjung Perangat",
  "kodepos" : "77371"
}, {
  "kecamatan" : "Sambaliung",
  "kelurahan" : "Tumbit Dayak",
  "kodepos" : "77371"
}, {
  "kecamatan" : "Sambaliung",
  "kelurahan" : "Suaran",
  "kodepos" : "77371"
}, {
  "kecamatan" : "Sambaliung",
  "kelurahan" : "Sukan Tengah",
  "kodepos" : "77371"
}, {
  "kecamatan" : "Sambaliung",
  "kelurahan" : "Sambaliung",
  "kodepos" : "77371"
}, {
  "kecamatan" : "Sambaliung",
  "kelurahan" : "Pesayan",
  "kodepos" : "77371"
}, {
  "kecamatan" : "Sambaliung",
  "kelurahan" : "Pilanjau",
  "kodepos" : "77371"
}, {
  "kecamatan" : "Sambaliung",
  "kelurahan" : "Rantau Panjang",
  "kodepos" : "77371"
}, {
  "kecamatan" : "Sambaliung",
  "kelurahan" : "Long Lanuk",
  "kodepos" : "77371"
}, {
  "kecamatan" : "Sambaliung",
  "kelurahan" : "Pegat Bukur",
  "kodepos" : "77371"
}, {
  "kecamatan" : "Sambaliung",
  "kelurahan" : "Gurimbang",
  "kodepos" : "77371"
}, {
  "kecamatan" : "Sambaliung",
  "kelurahan" : "Inaran",
  "kodepos" : "77371"
}, {
  "kecamatan" : "Sambaliung",
  "kelurahan" : "Bebanir (Sei Bebanir Bangun)",
  "kodepos" : "77371"
}, {
  "kecamatan" : "Sambaliung",
  "kelurahan" : "Bena Baru",
  "kodepos" : "77371"
}, {
  "kecamatan" : "Kelay",
  "kelurahan" : "Panaan",
  "kodepos" : "77362"
}, {
  "kecamatan" : "Kelay",
  "kelurahan" : "Panaan",
  "kodepos" : "77362"
}, {
  "kecamatan" : "Kelay",
  "kelurahan" : "Merasa",
  "kodepos" : "77362"
}, {
  "kecamatan" : "Kelay",
  "kelurahan" : "Muara Lesan",
  "kodepos" : "77362"
}, {
  "kecamatan" : "Kelay",
  "kelurahan" : "Merapun",
  "kodepos" : "77362"
}, {
  "kecamatan" : "Kelay",
  "kelurahan" : "Long Sului",
  "kodepos" : "77362"
}, {
  "kecamatan" : "Kelay",
  "kelurahan" : "Mapulu",
  "kodepos" : "77362"
}, {
  "kecamatan" : "Kelay",
  "kelurahan" : "Merabu",
  "kodepos" : "77362"
}, {
  "kecamatan" : "Kelay",
  "kelurahan" : "Long Lamcin",
  "kodepos" : "77362"
}, {
  "kecamatan" : "Kelay",
  "kelurahan" : "Long Pelay",
  "kodepos" : "77362"
}, {
  "kecamatan" : "Kelay",
  "kelurahan" : "Long Beliu",
  "kodepos" : "77362"
}, {
  "kecamatan" : "Kelay",
  "kelurahan" : "Long Duhung",
  "kodepos" : "77362"
}, {
  "kecamatan" : "Kelay",
  "kelurahan" : "Long Keluh",
  "kodepos" : "77362"
}, {
  "kecamatan" : "Kelay",
  "kelurahan" : "Lesan Dayak",
  "kodepos" : "77362"
}, {
  "kecamatan" : "Segah",
  "kelurahan" : "Punan Malinau",
  "kodepos" : "77361"
}, {
  "kecamatan" : "Segah",
  "kelurahan" : "Punan Segah",
  "kodepos" : "77361"
}, {
  "kecamatan" : "Segah",
  "kelurahan" : "Tepian Buah",
  "kodepos" : "77361"
}, {
  "kecamatan" : "Segah",
  "kelurahan" : "Pandan Sari",
  "kodepos" : "77361"
}, {
  "kecamatan" : "Segah",
  "kelurahan" : "Punan Mahkam",
  "kodepos" : "77361"
}, {
  "kecamatan" : "Segah",
  "kelurahan" : "Long Ayan",
  "kodepos" : "77361"
}, {
  "kecamatan" : "Segah",
  "kelurahan" : "Long Ayap",
  "kodepos" : "77361"
}, {
  "kecamatan" : "Segah",
  "kelurahan" : "Long Laay/Laai",
  "kodepos" : "77361"
}, {
  "kecamatan" : "Segah",
  "kelurahan" : "Gunung Sari",
  "kodepos" : "77361"
}, {
  "kecamatan" : "Segah",
  "kelurahan" : "Harapan Jaya",
  "kodepos" : "77361"
}, {
  "kecamatan" : "Gunung Tabur",
  "kelurahan" : "Tasuk",
  "kodepos" : "77352"
}, {
  "kecamatan" : "Segah",
  "kelurahan" : "Bukit Makmur",
  "kodepos" : "77361"
}, {
  "kecamatan" : "Gunung Tabur",
  "kelurahan" : "Sambakungan",
  "kodepos" : "77352"
}, {
  "kecamatan" : "Gunung Tabur",
  "kelurahan" : "Samburakat",
  "kodepos" : "77352"
}, {
  "kecamatan" : "Gunung Tabur",
  "kelurahan" : "Merancang Ilir",
  "kodepos" : "77352"
}, {
  "kecamatan" : "Gunung Tabur",
  "kelurahan" : "Merancang Ulu",
  "kodepos" : "77352"
}, {
  "kecamatan" : "Gunung Tabur",
  "kelurahan" : "Pulau Besing",
  "kodepos" : "77352"
}, {
  "kecamatan" : "Gunung Tabur",
  "kelurahan" : "Maluang",
  "kodepos" : "77352"
}, {
  "kecamatan" : "Gunung Tabur",
  "kelurahan" : "Melati Jaya",
  "kodepos" : "77352"
}, {
  "kecamatan" : "Teluk Bayur",
  "kelurahan" : "Labanan Jaya",
  "kodepos" : "77352"
}, {
  "kecamatan" : "Teluk Bayur",
  "kelurahan" : "Labanan Makarti",
  "kodepos" : "77352"
}, {
  "kecamatan" : "Teluk Bayur",
  "kelurahan" : "Labanan Makmur",
  "kodepos" : "77352"
}, {
  "kecamatan" : "Gunung Tabur",
  "kelurahan" : "Birang",
  "kodepos" : "77352"
}, {
  "kecamatan" : "Gunung Tabur",
  "kelurahan" : "Gunung Tabur",
  "kodepos" : "77352"
}, {
  "kecamatan" : "Teluk Bayur",
  "kelurahan" : "Tumbit Melayu",
  "kodepos" : "77315"
}, {
  "kecamatan" : "Gunung Tabur",
  "kelurahan" : "Batu-Batu",
  "kodepos" : "77352"
}, {
  "kecamatan" : "Teluk Bayur",
  "kelurahan" : "Teluk Bayur",
  "kodepos" : "77315"
}, {
  "kecamatan" : "Tanjung Redeb",
  "kelurahan" : "Tanjung Redeb",
  "kodepos" : "77315"
}, {
  "kecamatan" : "Tanjung Redeb",
  "kelurahan" : "Karang Ambun",
  "kodepos" : "77315"
}, {
  "kecamatan" : "Tanjung Redeb",
  "kelurahan" : "Sei/Sungai Bedungun",
  "kodepos" : "77315"
}, {
  "kecamatan" : "Tanjung Redeb",
  "kelurahan" : "Gayam",
  "kodepos" : "77315"
}, {
  "kecamatan" : "Tanjung Redeb",
  "kelurahan" : "Bugis",
  "kodepos" : "77312"
}, {
  "kecamatan" : "Teluk Bayur",
  "kelurahan" : "Rinding",
  "kodepos" : "77313"
}, {
  "kecamatan" : "Tanjung Redeb",
  "kelurahan" : "Gunung Panjang",
  "kodepos" : "77311"
} ]
