[ {
  "kecamatan" : "Samarinda Ulu",
  "kelurahan" : "Sidodadi",
  "kodepos" : "77111"
}, {
  "kecamatan" : "Palaran",
  "kelurahan" : "Bantuas",
  "kodepos" : "75253"
}, {
  "kecamatan" : "Palaran",
  "kelurahan" : "Rawa Makmur",
  "kodepos" : "75243"
}, {
  "kecamatan" : "Palaran",
  "kelurahan" : "Simpang Pasir",
  "kodepos" : "75243"
}, {
  "kecamatan" : "Palaran",
  "kelurahan" : "Bukuan",
  "kodepos" : "75241"
}, {
  "kecamatan" : "Palaran",
  "kelurahan" : "Handil Bakti",
  "kodepos" : "75242"
}, {
  "kecamatan" : "Loa Janan Ilir",
  "kelurahan" : "Tani Aman",
  "kodepos" : "75131"
}, {
  "kecamatan" : "Samarinda Seberang",
  "kelurahan" : "Mesjid",
  "kodepos" : "75133"
}, {
  "kecamatan" : "Loa Janan Ilir",
  "kelurahan" : "Sengkotek",
  "kodepos" : "75131"
}, {
  "kecamatan" : "Loa Janan Ilir",
  "kelurahan" : "Simpang Tiga (Loa Janan Ilir)",
  "kodepos" : "75131"
}, {
  "kecamatan" : "Samarinda Seberang",
  "kelurahan" : "Sei/Sungai Keledang",
  "kodepos" : "75131"
}, {
  "kecamatan" : "Loa Janan Ilir",
  "kelurahan" : "Rapak Dalam",
  "kodepos" : "75131"
}, {
  "kecamatan" : "Samarinda Seberang",
  "kelurahan" : "Baqa/Baka/Rapak Dalam",
  "kodepos" : "75131"
}, {
  "kecamatan" : "Loa Janan Ilir",
  "kelurahan" : "Harapan Baru",
  "kodepos" : "75131"
}, {
  "kecamatan" : "Samarinda Ulu",
  "kelurahan" : "Teluk Lerong Ilir",
  "kodepos" : "75128"
}, {
  "kecamatan" : "Sungai Kunjang",
  "kelurahan" : "Loa Buah",
  "kodepos" : "75126"
}, {
  "kecamatan" : "Sungai Kunjang",
  "kelurahan" : "Teluk Lerong Ulu",
  "kodepos" : "75127"
}, {
  "kecamatan" : "Sungai Kunjang",
  "kelurahan" : "Karang Asam Ilir",
  "kodepos" : "75126"
}, {
  "kecamatan" : "Sungai Kunjang",
  "kelurahan" : "Karang Asam Ulu",
  "kodepos" : "75126"
}, {
  "kecamatan" : "Sungai Kunjang",
  "kelurahan" : "Loa Bakung",
  "kodepos" : "75126"
}, {
  "kecamatan" : "Sungai Kunjang",
  "kelurahan" : "Karang Anyar",
  "kodepos" : "75125"
}, {
  "kecamatan" : "Sungai Kunjang",
  "kelurahan" : "Lok Bahu",
  "kodepos" : "75125"
}, {
  "kecamatan" : "Samarinda Ulu",
  "kelurahan" : "Bukit Pinang",
  "kodepos" : "75124"
}, {
  "kecamatan" : "Samarinda Ulu",
  "kelurahan" : "Air Hitam",
  "kodepos" : "75124"
}, {
  "kecamatan" : "Samarinda Ulu",
  "kelurahan" : "Air Putih",
  "kodepos" : "75124"
}, {
  "kecamatan" : "Samarinda Ulu",
  "kelurahan" : "Dadi Mulya",
  "kodepos" : "75123"
}, {
  "kecamatan" : "Samarinda Ulu",
  "kelurahan" : "Gunung Kelua",
  "kodepos" : "75123"
}, {
  "kecamatan" : "Samarinda Ulu",
  "kelurahan" : "Jawa",
  "kodepos" : "75122"
}, {
  "kecamatan" : "Samarinda Kota",
  "kelurahan" : "Bugis",
  "kodepos" : "75121"
}, {
  "kecamatan" : "Samarinda Utara",
  "kelurahan" : "Tanah Merah",
  "kodepos" : "75119"
}, {
  "kecamatan" : "Sungai Pinang",
  "kelurahan" : "Temindung Permai",
  "kodepos" : "75119"
}, {
  "kecamatan" : "Samarinda Utara",
  "kelurahan" : "Sempaja Selatan",
  "kodepos" : "75119"
}, {
  "kecamatan" : "Samarinda Utara",
  "kelurahan" : "Sempaja Utara",
  "kodepos" : "75119"
}, {
  "kecamatan" : "Sungai Pinang",
  "kelurahan" : "Gunung Lingai",
  "kodepos" : "75119"
}, {
  "kecamatan" : "Sungai Pinang",
  "kelurahan" : "Mugirejo",
  "kodepos" : "75119"
}, {
  "kecamatan" : "Sungai Pinang",
  "kelurahan" : "Bandara",
  "kodepos" : "75119"
}, {
  "kecamatan" : "Samarinda Utara",
  "kelurahan" : "Sei/Sungai Siring",
  "kodepos" : "75118"
}, {
  "kecamatan" : "Samarinda Utara",
  "kelurahan" : "Lempake",
  "kodepos" : "75118"
}, {
  "kecamatan" : "Sungai Pinang",
  "kelurahan" : "Sei/Sungai Pinang Dalam",
  "kodepos" : "75117"
}, {
  "kecamatan" : "Samarinda Kota",
  "kelurahan" : "Sei/Sungai Pinang Luar",
  "kodepos" : "75117"
}, {
  "kecamatan" : "Samarinda Ilir",
  "kelurahan" : "Sidomulyo",
  "kodepos" : "75116"
}, {
  "kecamatan" : "Samarinda Ilir",
  "kelurahan" : "Pelita",
  "kodepos" : "75117"
}, {
  "kecamatan" : "Samarinda Ilir",
  "kelurahan" : "Sidodamai",
  "kodepos" : "75116"
}, {
  "kecamatan" : "Samarinda Ilir",
  "kelurahan" : "Sei/Sungai Dama",
  "kodepos" : "75115"
}, {
  "kecamatan" : "Sambutan",
  "kelurahan" : "Makroman",
  "kodepos" : "75115"
}, {
  "kecamatan" : "Sambutan",
  "kelurahan" : "Sambutan",
  "kodepos" : "75115"
}, {
  "kecamatan" : "Sambutan",
  "kelurahan" : "Sindang Sari",
  "kodepos" : "75114"
}, {
  "kecamatan" : "Samarinda Ilir",
  "kelurahan" : "Selili",
  "kodepos" : "75114"
}, {
  "kecamatan" : "Sambutan",
  "kelurahan" : "Pulau Atas",
  "kodepos" : "75114"
}, {
  "kecamatan" : "Sambutan",
  "kelurahan" : "Sei/Sungai Kapih",
  "kodepos" : "75114"
}, {
  "kecamatan" : "Samarinda Kota",
  "kelurahan" : "Karang Mumus",
  "kodepos" : "75113"
}, {
  "kecamatan" : "Samarinda Kota",
  "kelurahan" : "Pasar Pagi",
  "kodepos" : "75111"
}, {
  "kecamatan" : "Samarinda Kota",
  "kelurahan" : "Pelabuhan",
  "kodepos" : "75112"
} ]
