[ {
  "kecamatan" : "Long Kali",
  "kelurahan" : "Sebakung Makmur",
  "kodepos" : "76283"
}, {
  "kecamatan" : "Long Kali",
  "kelurahan" : "Sebakung IV",
  "kodepos" : "76283"
}, {
  "kecamatan" : "Long Kali",
  "kelurahan" : "Sebakung",
  "kodepos" : "76283"
}, {
  "kecamatan" : "Long Kali",
  "kelurahan" : "Pinang Jatus",
  "kodepos" : "76283"
}, {
  "kecamatan" : "Long Kali",
  "kelurahan" : "Putang",
  "kodepos" : "76283"
}, {
  "kecamatan" : "Long Kali",
  "kelurahan" : "Munggu",
  "kodepos" : "76283"
}, {
  "kecamatan" : "Long Kali",
  "kelurahan" : "Perkuwin",
  "kodepos" : "76283"
}, {
  "kecamatan" : "Long Kali",
  "kelurahan" : "Petiku",
  "kodepos" : "76283"
}, {
  "kecamatan" : "Long Kali",
  "kelurahan" : "Muara Toyu",
  "kodepos" : "76283"
}, {
  "kecamatan" : "Long Kali",
  "kelurahan" : "Muaraadang II",
  "kodepos" : "76283"
}, {
  "kecamatan" : "Long Kali",
  "kelurahan" : "Muara Pias",
  "kodepos" : "76283"
}, {
  "kecamatan" : "Long Kali",
  "kelurahan" : "Muara Telake",
  "kodepos" : "76283"
}, {
  "kecamatan" : "Long Kali",
  "kelurahan" : "Mendik Karya",
  "kodepos" : "76283"
}, {
  "kecamatan" : "Long Kali",
  "kelurahan" : "Mendik Makmur",
  "kodepos" : "76283"
}, {
  "kecamatan" : "Long Kali",
  "kelurahan" : "Muara Lambakan",
  "kodepos" : "76283"
}, {
  "kecamatan" : "Long Kali",
  "kelurahan" : "Mendik",
  "kodepos" : "76283"
}, {
  "kecamatan" : "Long Kali",
  "kelurahan" : "Mendik Bhakti",
  "kodepos" : "76283"
}, {
  "kecamatan" : "Long Kali",
  "kelurahan" : "Makmur Jaya",
  "kodepos" : "76283"
}, {
  "kecamatan" : "Long Kali",
  "kelurahan" : "Maruat",
  "kodepos" : "76283"
}, {
  "kecamatan" : "Long Kali",
  "kelurahan" : "Gunungputar",
  "kodepos" : "76283"
}, {
  "kecamatan" : "Long Kali",
  "kelurahan" : "Kepala Telake",
  "kodepos" : "76283"
}, {
  "kecamatan" : "Long Kali",
  "kelurahan" : "Long Kali",
  "kodepos" : "76283"
}, {
  "kecamatan" : "Long Ikis",
  "kelurahan" : "Tiwei",
  "kodepos" : "76282"
}, {
  "kecamatan" : "Long Kali",
  "kelurahan" : "Bente/Tualan",
  "kodepos" : "76283"
}, {
  "kecamatan" : "Long Ikis",
  "kelurahan" : "Tajur",
  "kodepos" : "76282"
}, {
  "kecamatan" : "Long Ikis",
  "kelurahan" : "Teluk Waru",
  "kodepos" : "76282"
}, {
  "kecamatan" : "Long Ikis",
  "kelurahan" : "Sawit Jaya",
  "kodepos" : "76282"
}, {
  "kecamatan" : "Long Ikis",
  "kelurahan" : "Sekurou Jaya",
  "kodepos" : "76282"
}, {
  "kecamatan" : "Long Ikis",
  "kelurahan" : "Tajer Mulya",
  "kodepos" : "76282"
}, {
  "kecamatan" : "Long Ikis",
  "kelurahan" : "Pait",
  "kodepos" : "76282"
}, {
  "kecamatan" : "Long Ikis",
  "kelurahan" : "Samuntai",
  "kodepos" : "76282"
}, {
  "kecamatan" : "Long Ikis",
  "kelurahan" : "Muara Adang I",
  "kodepos" : "76282"
}, {
  "kecamatan" : "Long Ikis",
  "kelurahan" : "Olung",
  "kodepos" : "76282"
}, {
  "kecamatan" : "Long Ikis",
  "kelurahan" : "Muara Adang",
  "kodepos" : "76282"
}, {
  "kecamatan" : "Long Ikis",
  "kelurahan" : "Long Gelang",
  "kodepos" : "76282"
}, {
  "kecamatan" : "Long Ikis",
  "kelurahan" : "Long Ikis",
  "kodepos" : "76282"
}, {
  "kecamatan" : "Long Ikis",
  "kelurahan" : "Krayan Makmur",
  "kodepos" : "76282"
}, {
  "kecamatan" : "Long Ikis",
  "kelurahan" : "Krayan Sentosa",
  "kodepos" : "76282"
}, {
  "kecamatan" : "Long Ikis",
  "kelurahan" : "Lombok",
  "kodepos" : "76282"
}, {
  "kecamatan" : "Long Ikis",
  "kelurahan" : "Kerta Bakti",
  "kodepos" : "76282"
}, {
  "kecamatan" : "Long Ikis",
  "kelurahan" : "Krayan Bahagia",
  "kodepos" : "76282"
}, {
  "kecamatan" : "Long Ikis",
  "kelurahan" : "Krayan Jaya",
  "kodepos" : "76282"
}, {
  "kecamatan" : "Long Ikis",
  "kelurahan" : "Kayungo",
  "kodepos" : "76282"
}, {
  "kecamatan" : "Long Ikis",
  "kelurahan" : "Kayungo Sari",
  "kodepos" : "76282"
}, {
  "kecamatan" : "Long Ikis",
  "kelurahan" : "Brewe",
  "kodepos" : "76282"
}, {
  "kecamatan" : "Long Ikis",
  "kelurahan" : "Bukit Seloka",
  "kodepos" : "76282"
}, {
  "kecamatan" : "Long Ikis",
  "kelurahan" : "Jemparing",
  "kodepos" : "76282"
}, {
  "kecamatan" : "Long Ikis",
  "kelurahan" : "Atang Pait",
  "kodepos" : "76282"
}, {
  "kecamatan" : "Long Ikis",
  "kelurahan" : "Belimbing",
  "kodepos" : "76282"
}, {
  "kecamatan" : "Kuaro",
  "kelurahan" : "Sandeley",
  "kodepos" : "76281"
}, {
  "kecamatan" : "Kuaro",
  "kelurahan" : "Rangan",
  "kodepos" : "76281"
}, {
  "kecamatan" : "Kuaro",
  "kelurahan" : "Pasir Mayang",
  "kodepos" : "76281"
}, {
  "kecamatan" : "Kuaro",
  "kelurahan" : "Pondong Baru",
  "kodepos" : "76281"
}, {
  "kecamatan" : "Kuaro",
  "kelurahan" : "Modang",
  "kodepos" : "76281"
}, {
  "kecamatan" : "Kuaro",
  "kelurahan" : "Padang Jaya",
  "kodepos" : "76281"
}, {
  "kecamatan" : "Kuaro",
  "kelurahan" : "Klempang Sari",
  "kodepos" : "76281"
}, {
  "kecamatan" : "Kuaro",
  "kelurahan" : "Kuaro",
  "kodepos" : "76281"
}, {
  "kecamatan" : "Kuaro",
  "kelurahan" : "Kendarom",
  "kodepos" : "76281"
}, {
  "kecamatan" : "Kuaro",
  "kelurahan" : "Kerta Bumi",
  "kodepos" : "76281"
}, {
  "kecamatan" : "Kuaro",
  "kelurahan" : "Keluang Lolo",
  "kodepos" : "76281"
}, {
  "kecamatan" : "Kuaro",
  "kelurahan" : "Keluang Paser Jaya",
  "kodepos" : "76281"
}, {
  "kecamatan" : "Kuaro",
  "kelurahan" : "Air Mati",
  "kodepos" : "76281"
}, {
  "kecamatan" : "Pasir Belengkong",
  "kelurahan" : "Suliliran Baru",
  "kodepos" : "76271"
}, {
  "kecamatan" : "Pasir Belengkong",
  "kelurahan" : "Sunge Batu",
  "kodepos" : "76271"
}, {
  "kecamatan" : "Pasir Belengkong",
  "kelurahan" : "Suatang Keteban",
  "kodepos" : "76271"
}, {
  "kecamatan" : "Pasir Belengkong",
  "kelurahan" : "Suliliran",
  "kodepos" : "76271"
}, {
  "kecamatan" : "Pasir Belengkong",
  "kelurahan" : "Suatang Baru",
  "kodepos" : "76271"
}, {
  "kecamatan" : "Pasir Belengkong",
  "kelurahan" : "Seniung Jaya",
  "kodepos" : "76271"
}, {
  "kecamatan" : "Pasir Belengkong",
  "kelurahan" : "Suatang",
  "kodepos" : "76271"
}, {
  "kecamatan" : "Pasir Belengkong",
  "kelurahan" : "Pasir Belengkong",
  "kodepos" : "76271"
}, {
  "kecamatan" : "Pasir Belengkong",
  "kelurahan" : "Sangkuriman",
  "kodepos" : "76271"
}, {
  "kecamatan" : "Pasir Belengkong",
  "kelurahan" : "Lempesu",
  "kodepos" : "76271"
}, {
  "kecamatan" : "Pasir Belengkong",
  "kelurahan" : "Olong Pinang",
  "kodepos" : "76271"
}, {
  "kecamatan" : "Pasir Belengkong",
  "kelurahan" : "Damit",
  "kodepos" : "76271"
}, {
  "kecamatan" : "Pasir Belengkong",
  "kelurahan" : "Laburan",
  "kodepos" : "76271"
}, {
  "kecamatan" : "Pasir Belengkong",
  "kelurahan" : "Laburan Baru",
  "kodepos" : "76271"
}, {
  "kecamatan" : "Pasir Belengkong",
  "kelurahan" : "Bekoso",
  "kodepos" : "76271"
}, {
  "kecamatan" : "Tanjung Harapan",
  "kelurahan" : "Tanjung Aru",
  "kodepos" : "76261"
}, {
  "kecamatan" : "Batu Engau",
  "kelurahan" : "Tampakan",
  "kodepos" : "76261"
}, {
  "kecamatan" : "Batu Engau",
  "kelurahan" : "Tebru Paser Damai",
  "kodepos" : "76261"
}, {
  "kecamatan" : "Tanjung Harapan",
  "kelurahan" : "Selengot",
  "kodepos" : "76261"
}, {
  "kecamatan" : "Tanjung Harapan",
  "kelurahan" : "Senipah",
  "kodepos" : "76261"
}, {
  "kecamatan" : "Batu Engau",
  "kelurahan" : "Saing Prupuk",
  "kodepos" : "76261"
}, {
  "kecamatan" : "Batu Engau",
  "kelurahan" : "Segendang",
  "kodepos" : "76261"
}, {
  "kecamatan" : "Tanjung Harapan",
  "kelurahan" : "Random",
  "kodepos" : "76261"
}, {
  "kecamatan" : "Batu Engau",
  "kelurahan" : "Riwang",
  "kodepos" : "76261"
}, {
  "kecamatan" : "Batu Engau",
  "kelurahan" : "Pengguren Jaya",
  "kodepos" : "76261"
}, {
  "kecamatan" : "Batu Engau",
  "kelurahan" : "Petangis",
  "kodepos" : "76261"
}, {
  "kecamatan" : "Tanjung Harapan",
  "kelurahan" : "Lori",
  "kodepos" : "76261"
}, {
  "kecamatan" : "Batu Engau",
  "kelurahan" : "Lomu",
  "kodepos" : "76261"
}, {
  "kecamatan" : "Batu Engau",
  "kelurahan" : "Mengkudu",
  "kodepos" : "76261"
}, {
  "kecamatan" : "Batu Engau",
  "kelurahan" : "Langgai",
  "kodepos" : "76261"
}, {
  "kecamatan" : "Tanjung Harapan",
  "kelurahan" : "Labuangkalo",
  "kodepos" : "76261"
}, {
  "kecamatan" : "Batu Engau",
  "kelurahan" : "Kerang",
  "kodepos" : "76261"
}, {
  "kecamatan" : "Batu Engau",
  "kelurahan" : "Kerang Dayo",
  "kodepos" : "76261"
}, {
  "kecamatan" : "Batu Engau",
  "kelurahan" : "Bai Jaya",
  "kodepos" : "76261"
}, {
  "kecamatan" : "Tanjung Harapan",
  "kelurahan" : "Keladen",
  "kodepos" : "76261"
}, {
  "kecamatan" : "Muara Komam",
  "kelurahan" : "Uko",
  "kodepos" : "76253"
}, {
  "kecamatan" : "Muara Komam",
  "kelurahan" : "Swan Slutung",
  "kodepos" : "76253"
}, {
  "kecamatan" : "Muara Komam",
  "kelurahan" : "Sekuan Makmur",
  "kodepos" : "76253"
}, {
  "kecamatan" : "Muara Komam",
  "kelurahan" : "Selerong",
  "kodepos" : "76253"
}, {
  "kecamatan" : "Muara Komam",
  "kelurahan" : "Muara Payang",
  "kodepos" : "76253"
}, {
  "kecamatan" : "Muara Komam",
  "kelurahan" : "Prayon",
  "kodepos" : "76253"
}, {
  "kecamatan" : "Muara Komam",
  "kelurahan" : "Muara Kuaro",
  "kodepos" : "76253"
}, {
  "kecamatan" : "Muara Komam",
  "kelurahan" : "Muara Langon",
  "kodepos" : "76253"
}, {
  "kecamatan" : "Muara Komam",
  "kelurahan" : "Long Sayo",
  "kodepos" : "76253"
}, {
  "kecamatan" : "Muara Komam",
  "kelurahan" : "Lusan",
  "kodepos" : "76253"
}, {
  "kecamatan" : "Muara Komam",
  "kelurahan" : "Muara Komam",
  "kodepos" : "76253"
}, {
  "kecamatan" : "Muara Komam",
  "kelurahan" : "Binangon",
  "kodepos" : "76253"
}, {
  "kecamatan" : "Muara Samu",
  "kelurahan" : "Tanjung Pinang",
  "kodepos" : "76252"
}, {
  "kecamatan" : "Muara Komam",
  "kelurahan" : "Batu Butok",
  "kodepos" : "76253"
}, {
  "kecamatan" : "Muara Samu",
  "kelurahan" : "Suweto",
  "kodepos" : "76252"
}, {
  "kecamatan" : "Batu Sopang",
  "kelurahan" : "Songka",
  "kodepos" : "76252"
}, {
  "kecamatan" : "Batu Sopang",
  "kelurahan" : "Samurangau",
  "kodepos" : "76252"
}, {
  "kecamatan" : "Batu Sopang",
  "kelurahan" : "Sei/Sungai Terik",
  "kodepos" : "76252"
}, {
  "kecamatan" : "Batu Sopang",
  "kelurahan" : "Rantau Layung",
  "kodepos" : "76252"
}, {
  "kecamatan" : "Batu Sopang",
  "kelurahan" : "Rantau Buta",
  "kodepos" : "76252"
}, {
  "kecamatan" : "Muara Samu",
  "kelurahan" : "Rantau Atas",
  "kodepos" : "76252"
}, {
  "kecamatan" : "Muara Samu",
  "kelurahan" : "Rantau Bintungan",
  "kodepos" : "76252"
}, {
  "kecamatan" : "Muara Samu",
  "kelurahan" : "Muser",
  "kodepos" : "76252"
}, {
  "kecamatan" : "Muara Samu",
  "kelurahan" : "Luan (Dilibinti)",
  "kodepos" : "76252"
}, {
  "kecamatan" : "Muara Samu",
  "kelurahan" : "Muara Andeh",
  "kodepos" : "76252"
}, {
  "kecamatan" : "Muara Samu",
  "kelurahan" : "Libur Dinding",
  "kodepos" : "76252"
}, {
  "kecamatan" : "Batu Sopang",
  "kelurahan" : "Kasungai",
  "kodepos" : "76252"
}, {
  "kecamatan" : "Batu Sopang",
  "kelurahan" : "Legai",
  "kodepos" : "76252"
}, {
  "kecamatan" : "Batu Sopang",
  "kelurahan" : "Busui",
  "kodepos" : "76252"
}, {
  "kecamatan" : "Muara Samu",
  "kelurahan" : "Biu",
  "kodepos" : "76252"
}, {
  "kecamatan" : "Batu Sopang",
  "kelurahan" : "Batu Sopang",
  "kodepos" : "76252"
}, {
  "kecamatan" : "Tanah Grogot",
  "kelurahan" : "Tapis",
  "kodepos" : "76251"
}, {
  "kecamatan" : "Tanah Grogot",
  "kelurahan" : "Tepian Batang",
  "kodepos" : "76251"
}, {
  "kecamatan" : "Tanah Grogot",
  "kelurahan" : "Tanah Grogot",
  "kodepos" : "76251"
}, {
  "kecamatan" : "Tanah Grogot",
  "kelurahan" : "Tanah Periuk",
  "kodepos" : "76251"
}, {
  "kecamatan" : "Tanah Grogot",
  "kelurahan" : "Senaken",
  "kodepos" : "76251"
}, {
  "kecamatan" : "Tanah Grogot",
  "kelurahan" : "Sungai Langir",
  "kodepos" : "76251"
}, {
  "kecamatan" : "Tanah Grogot",
  "kelurahan" : "Sei/Sungai Tuak",
  "kodepos" : "76251"
}, {
  "kecamatan" : "Tanah Grogot",
  "kelurahan" : "Sempulang",
  "kodepos" : "76251"
}, {
  "kecamatan" : "Tanah Grogot",
  "kelurahan" : "Pulau Rantau",
  "kodepos" : "76251"
}, {
  "kecamatan" : "Tanah Grogot",
  "kelurahan" : "Rantau Panjang",
  "kodepos" : "76251"
}, {
  "kecamatan" : "Tanah Grogot",
  "kelurahan" : "Pasir Baru",
  "kodepos" : "76251"
}, {
  "kecamatan" : "Tanah Grogot",
  "kelurahan" : "Pepara",
  "kodepos" : "76251"
}, {
  "kecamatan" : "Tanah Grogot",
  "kelurahan" : "Jone",
  "kodepos" : "76251"
}, {
  "kecamatan" : "Tanah Grogot",
  "kelurahan" : "Muara Pasir",
  "kodepos" : "76251"
}, {
  "kecamatan" : "Tanah Grogot",
  "kelurahan" : "Padang Pengrapat",
  "kodepos" : "76251"
}, {
  "kecamatan" : "Tanah Grogot",
  "kelurahan" : "Janju",
  "kodepos" : "76251"
} ]
