[ {
  "kecamatan" : "Balikpapan Utara",
  "kelurahan" : "Batu Ampar",
  "kodepos" : "76136"
}, {
  "kecamatan" : "Balikpapan Barat",
  "kelurahan" : "Baru Tengah",
  "kodepos" : "76132"
}, {
  "kecamatan" : "Balikpapan Barat",
  "kelurahan" : "Baru Ulu",
  "kodepos" : "76133"
}, {
  "kecamatan" : "Balikpapan Barat",
  "kelurahan" : "Kariangau",
  "kodepos" : "76134"
}, {
  "kecamatan" : "Balikpapan Barat",
  "kelurahan" : "Margo Mulyo",
  "kodepos" : "76131"
}, {
  "kecamatan" : "Balikpapan Barat",
  "kelurahan" : "Baru Ilir",
  "kodepos" : "76131"
}, {
  "kecamatan" : "Balikpapan Barat",
  "kelurahan" : "Marga Sari",
  "kodepos" : "76131"
}, {
  "kecamatan" : "Balikpapan Utara",
  "kelurahan" : "Karang Joang",
  "kodepos" : "76127"
}, {
  "kecamatan" : "Balikpapan Utara",
  "kelurahan" : "Gunung Samarinda Baru",
  "kodepos" : "76128"
}, {
  "kecamatan" : "Balikpapan Utara",
  "kelurahan" : "Graha Indah",
  "kodepos" : "76129"
}, {
  "kecamatan" : "Balikpapan Utara",
  "kelurahan" : "Muara Rapak",
  "kodepos" : "76125"
}, {
  "kecamatan" : "Balikpapan Tengah",
  "kelurahan" : "Karang Jati",
  "kodepos" : "76123"
}, {
  "kecamatan" : "Balikpapan Utara",
  "kelurahan" : "Gunung Samarinda",
  "kodepos" : "76125"
}, {
  "kecamatan" : "Balikpapan Tengah",
  "kelurahan" : "Karang Rejo",
  "kodepos" : "76124"
}, {
  "kecamatan" : "Balikpapan Tengah",
  "kelurahan" : "Sumber Rejo",
  "kodepos" : "76124"
}, {
  "kecamatan" : "Balikpapan Tengah",
  "kelurahan" : "Gunung Sari Ulu",
  "kodepos" : "76122"
}, {
  "kecamatan" : "Balikpapan Tengah",
  "kelurahan" : "Mekar Sari",
  "kodepos" : "76122"
}, {
  "kecamatan" : "Balikpapan Tengah",
  "kelurahan" : "Gunung Sari Ilir",
  "kodepos" : "76121"
}, {
  "kecamatan" : "Balikpapan Timur",
  "kelurahan" : "Lamaru",
  "kodepos" : "76117"
}, {
  "kecamatan" : "Balikpapan Timur",
  "kelurahan" : "Teritip",
  "kodepos" : "76118"
}, {
  "kecamatan" : "Balikpapan Timur",
  "kelurahan" : "Manggar",
  "kodepos" : "76116"
}, {
  "kecamatan" : "Balikpapan Timur",
  "kelurahan" : "Manggar Baru",
  "kodepos" : "76116"
}, {
  "kecamatan" : "Balikpapan Selatan",
  "kelurahan" : "Sepinggan",
  "kodepos" : "76115"
}, {
  "kecamatan" : "Balikpapan Selatan",
  "kelurahan" : "Sepinggan Baru",
  "kodepos" : "76115"
}, {
  "kecamatan" : "Balikpapan Selatan",
  "kelurahan" : "Sepinggan Raya",
  "kodepos" : "76115"
}, {
  "kecamatan" : "Balikpapan Selatan",
  "kelurahan" : "Gunung Bahagia",
  "kodepos" : "76114"
}, {
  "kecamatan" : "Balikpapan Selatan",
  "kelurahan" : "Sungai Nangka",
  "kodepos" : "76114"
}, {
  "kecamatan" : "Balikpapan Selatan",
  "kelurahan" : "Damai Baru",
  "kodepos" : "76114"
}, {
  "kecamatan" : "Balikpapan Selatan",
  "kelurahan" : "Damai Bahagia",
  "kodepos" : "76114"
}, {
  "kecamatan" : "Balikpapan Kota",
  "kelurahan" : "Klandasan Ilir",
  "kodepos" : "76113"
}, {
  "kecamatan" : "Balikpapan Kota",
  "kelurahan" : "Damai",
  "kodepos" : "76114"
}, {
  "kecamatan" : "Balikpapan Kota",
  "kelurahan" : "Telaga Sari",
  "kodepos" : "76111"
}, {
  "kecamatan" : "Balikpapan Kota",
  "kelurahan" : "Klandasan Ulu",
  "kodepos" : "76112"
}, {
  "kecamatan" : "Balikpapan Kota",
  "kelurahan" : "Prapatan",
  "kodepos" : "76111"
} ]
