[ {
  "kecamatan" : "Wanasalam",
  "kelurahan" : "Sukatani",
  "kodepos" : "42396"
}, {
  "kecamatan" : "Wanasalam",
  "kelurahan" : "Wanasalam",
  "kodepos" : "42396"
}, {
  "kecamatan" : "Wanasalam",
  "kelurahan" : "Parungpanjang",
  "kodepos" : "42396"
}, {
  "kecamatan" : "Wanasalam",
  "kelurahan" : "Parungsari",
  "kodepos" : "42396"
}, {
  "kecamatan" : "Wanasalam",
  "kelurahan" : "Muara",
  "kodepos" : "42396"
}, {
  "kecamatan" : "Wanasalam",
  "kelurahan" : "Karangpamindangan",
  "kodepos" : "42396"
}, {
  "kecamatan" : "Wanasalam",
  "kelurahan" : "Ketapang",
  "kodepos" : "42396"
}, {
  "kecamatan" : "Wanasalam",
  "kelurahan" : "Cipeucang",
  "kodepos" : "42396"
}, {
  "kecamatan" : "Wanasalam",
  "kelurahan" : "Cisarap",
  "kodepos" : "42396"
}, {
  "kecamatan" : "Wanasalam",
  "kelurahan" : "Cilangkap",
  "kodepos" : "42396"
}, {
  "kecamatan" : "Wanasalam",
  "kelurahan" : "Cipedang",
  "kodepos" : "42396"
}, {
  "kecamatan" : "Wanasalam",
  "kelurahan" : "Bejod",
  "kodepos" : "42396"
}, {
  "kecamatan" : "Wanasalam",
  "kelurahan" : "Cikeusik",
  "kodepos" : "42396"
}, {
  "kecamatan" : "Cijaku",
  "kelurahan" : "Sukasenang",
  "kodepos" : "42395"
}, {
  "kecamatan" : "Cigemblong",
  "kelurahan" : "Wangunjaya",
  "kodepos" : "42395"
}, {
  "kecamatan" : "Cigemblong",
  "kelurahan" : "Mugijaya",
  "kodepos" : "42395"
}, {
  "kecamatan" : "Cigemblong",
  "kelurahan" : "Peucangpari",
  "kodepos" : "42395"
}, {
  "kecamatan" : "Cijaku",
  "kelurahan" : "Mekarjaya",
  "kodepos" : "42395"
}, {
  "kecamatan" : "Cijaku",
  "kelurahan" : "Kapunduhan",
  "kodepos" : "42395"
}, {
  "kecamatan" : "Cijaku",
  "kelurahan" : "Cimega",
  "kodepos" : "42395"
}, {
  "kecamatan" : "Cijaku",
  "kelurahan" : "Cipalabuh",
  "kodepos" : "42395"
}, {
  "kecamatan" : "Cijaku",
  "kelurahan" : "Kandangsapi",
  "kodepos" : "42395"
}, {
  "kecamatan" : "Cigemblong",
  "kelurahan" : "Cikaret",
  "kodepos" : "42395"
}, {
  "kecamatan" : "Cigemblong",
  "kelurahan" : "Cikate",
  "kodepos" : "42395"
}, {
  "kecamatan" : "Cigemblong",
  "kelurahan" : "Cikadongdong",
  "kodepos" : "42395"
}, {
  "kecamatan" : "Cijaku",
  "kelurahan" : "Cikaratuan",
  "kodepos" : "42395"
}, {
  "kecamatan" : "Cijaku",
  "kelurahan" : "Cihujan",
  "kodepos" : "42395"
}, {
  "kecamatan" : "Cijaku",
  "kelurahan" : "Cijaku",
  "kodepos" : "42395"
}, {
  "kecamatan" : "Cigemblong",
  "kelurahan" : "Cibungur",
  "kodepos" : "42395"
}, {
  "kecamatan" : "Cigemblong",
  "kelurahan" : "Cigemblong",
  "kodepos" : "42395"
}, {
  "kecamatan" : "Cijaku",
  "kelurahan" : "Cibeureum",
  "kodepos" : "42395"
}, {
  "kecamatan" : "Cijaku",
  "kelurahan" : "Ciapus",
  "kodepos" : "42395"
}, {
  "kecamatan" : "Cibeber",
  "kelurahan" : "Warnasari",
  "kodepos" : "42394"
}, {
  "kecamatan" : "Cibeber",
  "kelurahan" : "Warungbanten",
  "kodepos" : "42394"
}, {
  "kecamatan" : "Cibeber",
  "kelurahan" : "Sinargalih",
  "kodepos" : "42394"
}, {
  "kecamatan" : "Cibeber",
  "kelurahan" : "Situmulya",
  "kodepos" : "42394"
}, {
  "kecamatan" : "Cibeber",
  "kelurahan" : "Sukamulya",
  "kodepos" : "42394"
}, {
  "kecamatan" : "Cibeber",
  "kelurahan" : "Mekarsari",
  "kodepos" : "42394"
}, {
  "kecamatan" : "Cibeber",
  "kelurahan" : "Neglasari",
  "kodepos" : "42394"
}, {
  "kecamatan" : "Cibeber",
  "kelurahan" : "Kujangjaya",
  "kodepos" : "42394"
}, {
  "kecamatan" : "Cibeber",
  "kelurahan" : "Kujangsari",
  "kodepos" : "42394"
}, {
  "kecamatan" : "Cibeber",
  "kelurahan" : "Citorek Timur (Ciparay)",
  "kodepos" : "42394"
}, {
  "kecamatan" : "Cibeber",
  "kelurahan" : "Gunungwangun",
  "kodepos" : "42394"
}, {
  "kecamatan" : "Cibeber",
  "kelurahan" : "Hegarmanah",
  "kodepos" : "42394"
}, {
  "kecamatan" : "Cibeber",
  "kelurahan" : "Citorek Kidul (Ciusul)",
  "kodepos" : "42394"
}, {
  "kecamatan" : "Cibeber",
  "kelurahan" : "Citorek Sabrang (Girimukti)",
  "kodepos" : "42394"
}, {
  "kecamatan" : "Cibeber",
  "kelurahan" : "Citorek Tengah",
  "kodepos" : "42394"
}, {
  "kecamatan" : "Cibeber",
  "kelurahan" : "Cisungsang",
  "kodepos" : "42394"
}, {
  "kecamatan" : "Cibeber",
  "kelurahan" : "Citorek Barat",
  "kodepos" : "42394"
}, {
  "kecamatan" : "Cibeber",
  "kelurahan" : "Cikadu",
  "kodepos" : "42394"
}, {
  "kecamatan" : "Cibeber",
  "kelurahan" : "Cikotok",
  "kodepos" : "42394"
}, {
  "kecamatan" : "Cibeber",
  "kelurahan" : "Cihambali",
  "kodepos" : "42394"
}, {
  "kecamatan" : "Cibeber",
  "kelurahan" : "Ciherang",
  "kodepos" : "42394"
}, {
  "kecamatan" : "Cibeber",
  "kelurahan" : "Cibeber",
  "kodepos" : "42394"
}, {
  "kecamatan" : "Bayah",
  "kelurahan" : "Suwakan",
  "kodepos" : "42393"
}, {
  "kecamatan" : "Bayah",
  "kelurahan" : "Sawarna",
  "kodepos" : "42393"
}, {
  "kecamatan" : "Bayah",
  "kelurahan" : "Sawarna Timur",
  "kodepos" : "42393"
}, {
  "kecamatan" : "Cilograng",
  "kelurahan" : "Pasirbungur",
  "kodepos" : "42393"
}, {
  "kecamatan" : "Bayah",
  "kelurahan" : "Pamubulan",
  "kodepos" : "42393"
}, {
  "kecamatan" : "Bayah",
  "kelurahan" : "Pasirgombong",
  "kodepos" : "42393"
}, {
  "kecamatan" : "Cilograng",
  "kelurahan" : "Gunungbatu",
  "kodepos" : "42393"
}, {
  "kecamatan" : "Cilograng",
  "kelurahan" : "Lebaktipar",
  "kodepos" : "42393"
}, {
  "kecamatan" : "Bayah",
  "kelurahan" : "Darmasari",
  "kodepos" : "42393"
}, {
  "kecamatan" : "Cilograng",
  "kelurahan" : "Girimukti",
  "kodepos" : "42393"
}, {
  "kecamatan" : "Bayah",
  "kelurahan" : "Cisuren",
  "kodepos" : "42393"
}, {
  "kecamatan" : "Cilograng",
  "kelurahan" : "Cireundeu",
  "kodepos" : "42393"
}, {
  "kecamatan" : "Cilograng",
  "kelurahan" : "Cilograng",
  "kodepos" : "42393"
}, {
  "kecamatan" : "Bayah",
  "kelurahan" : "Cimancak",
  "kodepos" : "42393"
}, {
  "kecamatan" : "Cilograng",
  "kelurahan" : "Cikamunding",
  "kodepos" : "42393"
}, {
  "kecamatan" : "Cilograng",
  "kelurahan" : "Cikatomas",
  "kodepos" : "42393"
}, {
  "kecamatan" : "Bayah",
  "kelurahan" : "Cidikit",
  "kodepos" : "42393"
}, {
  "kecamatan" : "Cilograng",
  "kelurahan" : "Cijengkol",
  "kodepos" : "42393"
}, {
  "kecamatan" : "Cilograng",
  "kelurahan" : "Cibareno",
  "kodepos" : "42393"
}, {
  "kecamatan" : "Bayah",
  "kelurahan" : "Bayah Barat",
  "kodepos" : "42393"
}, {
  "kecamatan" : "Bayah",
  "kelurahan" : "Bayah Timur",
  "kodepos" : "42393"
}, {
  "kecamatan" : "Panggarangan",
  "kelurahan" : "Sogong",
  "kodepos" : "42392"
}, {
  "kecamatan" : "Panggarangan",
  "kelurahan" : "Sukajadi",
  "kodepos" : "42392"
}, {
  "kecamatan" : "Panggarangan",
  "kelurahan" : "Situragen",
  "kodepos" : "42392"
}, {
  "kecamatan" : "Cihara",
  "kelurahan" : "Pondokpanjang",
  "kodepos" : "42392"
}, {
  "kecamatan" : "Panggarangan",
  "kelurahan" : "Sindangratu",
  "kodepos" : "42392"
}, {
  "kecamatan" : "Cihara",
  "kelurahan" : "Panyaungan",
  "kodepos" : "42392"
}, {
  "kecamatan" : "Panggarangan",
  "kelurahan" : "Panggarangan",
  "kodepos" : "42392"
}, {
  "kecamatan" : "Cihara",
  "kelurahan" : "Mekarsari",
  "kodepos" : "42392"
}, {
  "kecamatan" : "Panggarangan",
  "kelurahan" : "Mekarjaya",
  "kodepos" : "42392"
}, {
  "kecamatan" : "Cihara",
  "kelurahan" : "Karangkamulyan",
  "kodepos" : "42392"
}, {
  "kecamatan" : "Cihara",
  "kelurahan" : "Lebak Peundeuy",
  "kodepos" : "42392"
}, {
  "kecamatan" : "Panggarangan",
  "kelurahan" : "Hegarmanah",
  "kodepos" : "42392"
}, {
  "kecamatan" : "Panggarangan",
  "kelurahan" : "Jatake",
  "kodepos" : "42392"
}, {
  "kecamatan" : "Cihara",
  "kelurahan" : "Citepuseun",
  "kodepos" : "42392"
}, {
  "kecamatan" : "Panggarangan",
  "kelurahan" : "Gunung Gede",
  "kodepos" : "42392"
}, {
  "kecamatan" : "Cihara",
  "kelurahan" : "Ciparahu",
  "kodepos" : "42392"
}, {
  "kecamatan" : "Panggarangan",
  "kelurahan" : "Cimandiri",
  "kodepos" : "42392"
}, {
  "kecamatan" : "Cihara",
  "kelurahan" : "Cihara",
  "kodepos" : "42392"
}, {
  "kecamatan" : "Panggarangan",
  "kelurahan" : "Cibarengkok",
  "kodepos" : "42392"
}, {
  "kecamatan" : "Cihara",
  "kelurahan" : "Barunai",
  "kodepos" : "42392"
}, {
  "kecamatan" : "Malingping",
  "kelurahan" : "Sumber Waras",
  "kodepos" : "42391"
}, {
  "kecamatan" : "Malingping",
  "kelurahan" : "Senanghati",
  "kodepos" : "42391"
}, {
  "kecamatan" : "Malingping",
  "kelurahan" : "Sukamanah",
  "kodepos" : "42391"
}, {
  "kecamatan" : "Malingping",
  "kelurahan" : "Sukaraja",
  "kodepos" : "42391"
}, {
  "kecamatan" : "Malingping",
  "kelurahan" : "Rahong",
  "kodepos" : "42391"
}, {
  "kecamatan" : "Malingping",
  "kelurahan" : "Sanghiang",
  "kodepos" : "42391"
}, {
  "kecamatan" : "Malingping",
  "kelurahan" : "Malingping Utara",
  "kodepos" : "42391"
}, {
  "kecamatan" : "Malingping",
  "kelurahan" : "Pagelaran",
  "kodepos" : "42391"
}, {
  "kecamatan" : "Malingping",
  "kelurahan" : "Kersaratu",
  "kodepos" : "42391"
}, {
  "kecamatan" : "Malingping",
  "kelurahan" : "Malingping Selatan",
  "kodepos" : "42391"
}, {
  "kecamatan" : "Malingping",
  "kelurahan" : "Kadujajar",
  "kodepos" : "42391"
}, {
  "kecamatan" : "Malingping",
  "kelurahan" : "Cilangkahan",
  "kodepos" : "42391"
}, {
  "kecamatan" : "Malingping",
  "kelurahan" : "Kadujajar",
  "kodepos" : "42391"
}, {
  "kecamatan" : "Maja",
  "kelurahan" : "Sindangmulya",
  "kodepos" : "42381"
}, {
  "kecamatan" : "Maja",
  "kelurahan" : "Tanjung Sari",
  "kodepos" : "42381"
}, {
  "kecamatan" : "Maja",
  "kelurahan" : "Pasir Kembang",
  "kodepos" : "42381"
}, {
  "kecamatan" : "Maja",
  "kelurahan" : "Sangiang",
  "kodepos" : "42381"
}, {
  "kecamatan" : "Curugbitung",
  "kelurahan" : "Sekarwangi",
  "kodepos" : "42381"
}, {
  "kecamatan" : "Maja",
  "kelurahan" : "Pasir Kecapi",
  "kodepos" : "42381"
}, {
  "kecamatan" : "Maja",
  "kelurahan" : "Padasuka",
  "kodepos" : "42381"
}, {
  "kecamatan" : "Maja",
  "kelurahan" : "Maja Baru",
  "kodepos" : "42381"
}, {
  "kecamatan" : "Curugbitung",
  "kelurahan" : "Mayak",
  "kodepos" : "42381"
}, {
  "kecamatan" : "Maja",
  "kelurahan" : "Mekarsari",
  "kodepos" : "42381"
}, {
  "kecamatan" : "Maja",
  "kelurahan" : "Maja",
  "kodepos" : "42381"
}, {
  "kecamatan" : "Curugbitung",
  "kelurahan" : "Lebakkasih",
  "kodepos" : "42381"
}, {
  "kecamatan" : "Curugbitung",
  "kelurahan" : "Curugbitung",
  "kodepos" : "42381"
}, {
  "kecamatan" : "Maja",
  "kelurahan" : "Gubugcibeureum",
  "kodepos" : "42381"
}, {
  "kecamatan" : "Curugbitung",
  "kelurahan" : "Guradog",
  "kodepos" : "42381"
}, {
  "kecamatan" : "Curugbitung",
  "kelurahan" : "Cipining",
  "kodepos" : "42381"
}, {
  "kecamatan" : "Maja",
  "kelurahan" : "Curug Badak",
  "kodepos" : "42381"
}, {
  "kecamatan" : "Curugbitung",
  "kelurahan" : "Cidadap",
  "kodepos" : "42381"
}, {
  "kecamatan" : "Curugbitung",
  "kelurahan" : "Cilayang",
  "kodepos" : "42381"
}, {
  "kecamatan" : "Maja",
  "kelurahan" : "Cilangkap",
  "kodepos" : "42381"
}, {
  "kecamatan" : "Curugbitung",
  "kelurahan" : "Ciburuy",
  "kodepos" : "42381"
}, {
  "kecamatan" : "Curugbitung",
  "kelurahan" : "Candi",
  "kodepos" : "42381"
}, {
  "kecamatan" : "Maja",
  "kelurahan" : "Buyut",
  "kodepos" : "42381"
}, {
  "kecamatan" : "Cipanas",
  "kelurahan" : "Talagahiang/Talagahiyang",
  "kodepos" : "42372"
}, {
  "kecamatan" : "Maja",
  "kelurahan" : "Binong",
  "kodepos" : "42381"
}, {
  "kecamatan" : "Cipanas",
  "kelurahan" : "Sipayung",
  "kodepos" : "42372"
}, {
  "kecamatan" : "Cipanas",
  "kelurahan" : "Sukasari",
  "kodepos" : "42372"
}, {
  "kecamatan" : "Cipanas",
  "kelurahan" : "Luhurjaya",
  "kodepos" : "42372"
}, {
  "kecamatan" : "Cipanas",
  "kelurahan" : "Malangsari",
  "kodepos" : "42372"
}, {
  "kecamatan" : "Cipanas",
  "kelurahan" : "Pasirhaur",
  "kodepos" : "42372"
}, {
  "kecamatan" : "Lebakgedong",
  "kelurahan" : "Lebaksangka",
  "kodepos" : "42372"
}, {
  "kecamatan" : "Lebakgedong",
  "kelurahan" : "Lebaksitu",
  "kodepos" : "42372"
}, {
  "kecamatan" : "Cipanas",
  "kelurahan" : "Jayapura",
  "kodepos" : "42372"
}, {
  "kecamatan" : "Lebakgedong",
  "kelurahan" : "Lebakgedong",
  "kodepos" : "42372"
}, {
  "kecamatan" : "Cipanas",
  "kelurahan" : "Haurgajrug",
  "kodepos" : "42372"
}, {
  "kecamatan" : "Cipanas",
  "kelurahan" : "Girilaya",
  "kodepos" : "42372"
}, {
  "kecamatan" : "Cipanas",
  "kelurahan" : "Harumsari",
  "kodepos" : "42372"
}, {
  "kecamatan" : "Cipanas",
  "kelurahan" : "Cipanas",
  "kodepos" : "42372"
}, {
  "kecamatan" : "Cipanas",
  "kelurahan" : "Giriharja",
  "kodepos" : "42372"
}, {
  "kecamatan" : "Lebakgedong",
  "kelurahan" : "Ciladaeun",
  "kodepos" : "42372"
}, {
  "kecamatan" : "Cipanas",
  "kelurahan" : "Bintangsari",
  "kodepos" : "42372"
}, {
  "kecamatan" : "Lebakgedong",
  "kelurahan" : "Banjar Irigasi",
  "kodepos" : "42372"
}, {
  "kecamatan" : "Cipanas",
  "kelurahan" : "Bintangresmi",
  "kodepos" : "42372"
}, {
  "kecamatan" : "Sajira",
  "kelurahan" : "Sukamarga",
  "kodepos" : "42371"
}, {
  "kecamatan" : "Sajira",
  "kelurahan" : "Sukarame",
  "kodepos" : "42371"
}, {
  "kecamatan" : "Sajira",
  "kelurahan" : "Sindangsari",
  "kodepos" : "42371"
}, {
  "kecamatan" : "Sajira",
  "kelurahan" : "Sukajaya",
  "kodepos" : "42371"
}, {
  "kecamatan" : "Sajira",
  "kelurahan" : "Sajira",
  "kodepos" : "42371"
}, {
  "kecamatan" : "Sajira",
  "kelurahan" : "Sajiramekar",
  "kodepos" : "42371"
}, {
  "kecamatan" : "Sajira",
  "kelurahan" : "Paja",
  "kodepos" : "42371"
}, {
  "kecamatan" : "Sajira",
  "kelurahan" : "Pajagan",
  "kodepos" : "42371"
}, {
  "kecamatan" : "Sajira",
  "kelurahan" : "Parungsari",
  "kodepos" : "42371"
}, {
  "kecamatan" : "Sajira",
  "kelurahan" : "Margaluyu",
  "kodepos" : "42371"
}, {
  "kecamatan" : "Sajira",
  "kelurahan" : "Mekarsari",
  "kodepos" : "42371"
}, {
  "kecamatan" : "Sajira",
  "kelurahan" : "Calungbungur",
  "kodepos" : "42371"
}, {
  "kecamatan" : "Sajira",
  "kelurahan" : "Ciuyah",
  "kodepos" : "42371"
}, {
  "kecamatan" : "Sajira",
  "kelurahan" : "Maraya",
  "kodepos" : "42371"
}, {
  "kecamatan" : "Muncang",
  "kelurahan" : "Tanjungwangi",
  "kodepos" : "42364"
}, {
  "kecamatan" : "Sajira",
  "kelurahan" : "Bangunmekar",
  "kodepos" : "42371"
}, {
  "kecamatan" : "Muncang",
  "kelurahan" : "Sindangwangi",
  "kodepos" : "42364"
}, {
  "kecamatan" : "Muncang",
  "kelurahan" : "Sukanagara",
  "kodepos" : "42364"
}, {
  "kecamatan" : "Muncang",
  "kelurahan" : "Muncang",
  "kodepos" : "42364"
}, {
  "kecamatan" : "Muncang",
  "kelurahan" : "Pasirnangka",
  "kodepos" : "42364"
}, {
  "kecamatan" : "Muncang",
  "kelurahan" : "Mekarwangi",
  "kodepos" : "42364"
}, {
  "kecamatan" : "Muncang",
  "kelurahan" : "Karangcombong",
  "kodepos" : "42364"
}, {
  "kecamatan" : "Muncang",
  "kelurahan" : "Leuwicoo",
  "kodepos" : "42364"
}, {
  "kecamatan" : "Muncang",
  "kelurahan" : "Girijagabaya",
  "kodepos" : "42364"
}, {
  "kecamatan" : "Muncang",
  "kelurahan" : "Jagaraksa",
  "kodepos" : "42364"
}, {
  "kecamatan" : "Muncang",
  "kelurahan" : "Cikarang",
  "kodepos" : "42364"
}, {
  "kecamatan" : "Muncang",
  "kelurahan" : "Ciminyak",
  "kodepos" : "42364"
}, {
  "kecamatan" : "Bojongmanik",
  "kelurahan" : "Pasirbitung",
  "kodepos" : "42363"
}, {
  "kecamatan" : "Cirinten",
  "kelurahan" : "Parakanlima",
  "kodepos" : "42363"
}, {
  "kecamatan" : "Bojongmanik",
  "kelurahan" : "Mekarmanik",
  "kodepos" : "42363"
}, {
  "kecamatan" : "Bojongmanik",
  "kelurahan" : "Parakanbeusi",
  "kodepos" : "42363"
}, {
  "kecamatan" : "Cirinten",
  "kelurahan" : "Nangerang",
  "kodepos" : "42363"
}, {
  "kecamatan" : "Bojongmanik",
  "kelurahan" : "Keboncau",
  "kodepos" : "42363"
}, {
  "kecamatan" : "Bojongmanik",
  "kelurahan" : "Mekar Rahayu",
  "kodepos" : "42363"
}, {
  "kecamatan" : "Bojongmanik",
  "kelurahan" : "Kadurahayu",
  "kodepos" : "42363"
}, {
  "kecamatan" : "Cirinten",
  "kelurahan" : "Karoya",
  "kodepos" : "42363"
}, {
  "kecamatan" : "Bojongmanik",
  "kelurahan" : "Kadurahayu",
  "kodepos" : "42363"
}, {
  "kecamatan" : "Cirinten",
  "kelurahan" : "Kadudamas",
  "kodepos" : "42363"
}, {
  "kecamatan" : "Bojongmanik",
  "kelurahan" : "Harjawana",
  "kodepos" : "42363"
}, {
  "kecamatan" : "Bojongmanik",
  "kelurahan" : "Cimayang",
  "kodepos" : "42363"
}, {
  "kecamatan" : "Cirinten",
  "kelurahan" : "Cirinten",
  "kodepos" : "42363"
}, {
  "kecamatan" : "Cirinten",
  "kelurahan" : "Datarcae",
  "kodepos" : "42363"
}, {
  "kecamatan" : "Bojongmanik",
  "kelurahan" : "Bojongmanik",
  "kodepos" : "42363"
}, {
  "kecamatan" : "Cirinten",
  "kelurahan" : "Cempaka",
  "kodepos" : "42363"
}, {
  "kecamatan" : "Cirinten",
  "kelurahan" : "Cibarani",
  "kodepos" : "42363"
}, {
  "kecamatan" : "Cirinten",
  "kelurahan" : "Badur",
  "kodepos" : "42363"
}, {
  "kecamatan" : "Leuwidamar",
  "kelurahan" : "Nayagati",
  "kodepos" : "42362"
}, {
  "kecamatan" : "Leuwidamar",
  "kelurahan" : "Sangkanwangi",
  "kodepos" : "42362"
}, {
  "kecamatan" : "Leuwidamar",
  "kelurahan" : "Wantisari",
  "kodepos" : "42362"
}, {
  "kecamatan" : "Leuwidamar",
  "kelurahan" : "Leuwidamar",
  "kodepos" : "42362"
}, {
  "kecamatan" : "Leuwidamar",
  "kelurahan" : "Margawangi",
  "kodepos" : "42362"
}, {
  "kecamatan" : "Leuwidamar",
  "kelurahan" : "Jalupang Mulya",
  "kodepos" : "42362"
}, {
  "kecamatan" : "Leuwidamar",
  "kelurahan" : "Kanekes",
  "kodepos" : "42362"
}, {
  "kecamatan" : "Leuwidamar",
  "kelurahan" : "Lebak Parahiang",
  "kodepos" : "42362"
}, {
  "kecamatan" : "Leuwidamar",
  "kelurahan" : "Cibungur",
  "kodepos" : "42362"
}, {
  "kecamatan" : "Leuwidamar",
  "kelurahan" : "Cisimeut",
  "kodepos" : "42362"
}, {
  "kecamatan" : "Leuwidamar",
  "kelurahan" : "Cisimeut Raya",
  "kodepos" : "42362"
}, {
  "kecamatan" : "Leuwidamar",
  "kelurahan" : "Bojong Menteng",
  "kodepos" : "42362"
}, {
  "kecamatan" : "Cimarga",
  "kelurahan" : "Tambak",
  "kodepos" : "42361"
}, {
  "kecamatan" : "Cimarga",
  "kelurahan" : "Sangkan Manik",
  "kodepos" : "42361"
}, {
  "kecamatan" : "Cimarga",
  "kelurahan" : "Sarageni",
  "kodepos" : "42361"
}, {
  "kecamatan" : "Cimarga",
  "kelurahan" : "Sudamanik",
  "kodepos" : "42361"
}, {
  "kecamatan" : "Cimarga",
  "kelurahan" : "Mekar Jaya",
  "kodepos" : "42361"
}, {
  "kecamatan" : "Cimarga",
  "kelurahan" : "Mekarmulya",
  "kodepos" : "42361"
}, {
  "kecamatan" : "Cimarga",
  "kelurahan" : "Sangiang Jaya",
  "kodepos" : "42361"
}, {
  "kecamatan" : "Cimarga",
  "kelurahan" : "Margaluyu",
  "kodepos" : "42361"
}, {
  "kecamatan" : "Cimarga",
  "kelurahan" : "Margatirta",
  "kodepos" : "42361"
}, {
  "kecamatan" : "Cimarga",
  "kelurahan" : "Karya Jaya",
  "kodepos" : "42361"
}, {
  "kecamatan" : "Cimarga",
  "kelurahan" : "Marga Jaya",
  "kodepos" : "42361"
}, {
  "kecamatan" : "Cimarga",
  "kelurahan" : "Jayamanik",
  "kodepos" : "42361"
}, {
  "kecamatan" : "Cimarga",
  "kelurahan" : "Jayasari",
  "kodepos" : "42361"
}, {
  "kecamatan" : "Cimarga",
  "kelurahan" : "Girimukti",
  "kodepos" : "42361"
}, {
  "kecamatan" : "Cimarga",
  "kelurahan" : "Gunung Anten",
  "kodepos" : "42361"
}, {
  "kecamatan" : "Cimarga",
  "kelurahan" : "Inten Jaya",
  "kodepos" : "42361"
}, {
  "kecamatan" : "Cimarga",
  "kelurahan" : "Cimarga",
  "kodepos" : "42361"
}, {
  "kecamatan" : "Cibadak",
  "kelurahan" : "Tambakbaya",
  "kodepos" : "42357"
}, {
  "kecamatan" : "Cibadak",
  "kelurahan" : "Pasar Keong",
  "kodepos" : "42357"
}, {
  "kecamatan" : "Cibadak",
  "kelurahan" : "Mekar Agung",
  "kodepos" : "42357"
}, {
  "kecamatan" : "Cibadak",
  "kelurahan" : "Panancangan",
  "kodepos" : "42357"
}, {
  "kecamatan" : "Cibadak",
  "kelurahan" : "Cisangu",
  "kodepos" : "42357"
}, {
  "kecamatan" : "Cibadak",
  "kelurahan" : "Malabar",
  "kodepos" : "42357"
}, {
  "kecamatan" : "Cibadak",
  "kelurahan" : "Cibadak",
  "kodepos" : "42357"
}, {
  "kecamatan" : "Cibadak",
  "kelurahan" : "Cimenteng Jaya",
  "kodepos" : "42357"
}, {
  "kecamatan" : "Cibadak",
  "kelurahan" : "Bojongcae",
  "kodepos" : "42357"
}, {
  "kecamatan" : "Cibadak",
  "kelurahan" : "Bojongleles",
  "kodepos" : "42357"
}, {
  "kecamatan" : "Cibadak",
  "kelurahan" : "Asem Margaluyu",
  "kodepos" : "42357"
}, {
  "kecamatan" : "Cibadak",
  "kelurahan" : "Asem",
  "kodepos" : "42357"
}, {
  "kecamatan" : "Cikulur",
  "kelurahan" : "Taman Jaya",
  "kodepos" : "42356"
}, {
  "kecamatan" : "Cikulur",
  "kelurahan" : "Sukaharja",
  "kodepos" : "42356"
}, {
  "kecamatan" : "Cikulur",
  "kelurahan" : "Sumurbandung",
  "kodepos" : "42356"
}, {
  "kecamatan" : "Cikulur",
  "kelurahan" : "Pasirgintung",
  "kodepos" : "42356"
}, {
  "kecamatan" : "Cikulur",
  "kelurahan" : "Sukadaya",
  "kodepos" : "42356"
}, {
  "kecamatan" : "Cikulur",
  "kelurahan" : "Parage",
  "kodepos" : "42356"
}, {
  "kecamatan" : "Cikulur",
  "kelurahan" : "Muncangkopong",
  "kodepos" : "42356"
}, {
  "kecamatan" : "Cikulur",
  "kelurahan" : "Muaradua",
  "kodepos" : "42356"
}, {
  "kecamatan" : "Cikulur",
  "kelurahan" : "Curugpanjang",
  "kodepos" : "42356"
}, {
  "kecamatan" : "Cikulur",
  "kelurahan" : "Cikulur",
  "kodepos" : "42356"
}, {
  "kecamatan" : "Cikulur",
  "kelurahan" : "Cigoong Utara",
  "kodepos" : "42356"
}, {
  "kecamatan" : "Cikulur",
  "kelurahan" : "Cigoong Selatan",
  "kodepos" : "42356"
}, {
  "kecamatan" : "Cikulur",
  "kelurahan" : "Anggalan",
  "kodepos" : "42356"
}, {
  "kecamatan" : "Banjarsari",
  "kelurahan" : "Umbuljaya",
  "kodepos" : "42355"
}, {
  "kecamatan" : "Banjarsari",
  "kelurahan" : "Leuwiipuh",
  "kodepos" : "42355"
}, {
  "kecamatan" : "Banjarsari",
  "kelurahan" : "Tamansari",
  "kodepos" : "42355"
}, {
  "kecamatan" : "Banjarsari",
  "kelurahan" : "Lebakkeusik",
  "kodepos" : "42355"
}, {
  "kecamatan" : "Banjarsari",
  "kelurahan" : "Labanjaya",
  "kodepos" : "42355"
}, {
  "kecamatan" : "Banjarsari",
  "kelurahan" : "Kumpay",
  "kodepos" : "42355"
}, {
  "kecamatan" : "Banjarsari",
  "kelurahan" : "Keusik",
  "kodepos" : "42355"
}, {
  "kecamatan" : "Banjarsari",
  "kelurahan" : "Kertarahayu",
  "kodepos" : "42355"
}, {
  "kecamatan" : "Banjarsari",
  "kelurahan" : "Kertaraharja",
  "kodepos" : "42355"
}, {
  "kecamatan" : "Banjarsari",
  "kelurahan" : "Kerta",
  "kodepos" : "42355"
}, {
  "kecamatan" : "Banjarsari",
  "kelurahan" : "Kaduhauk",
  "kodepos" : "42355"
}, {
  "kecamatan" : "Banjarsari",
  "kelurahan" : "Jalupang Girang",
  "kodepos" : "42355"
}, {
  "kecamatan" : "Banjarsari",
  "kelurahan" : "Gunungsari",
  "kodepos" : "42355"
}, {
  "kecamatan" : "Banjarsari",
  "kelurahan" : "Ciruji",
  "kodepos" : "42355"
}, {
  "kecamatan" : "Banjarsari",
  "kelurahan" : "Cisampih",
  "kodepos" : "42355"
}, {
  "kecamatan" : "Banjarsari",
  "kelurahan" : "Cilegong Ilir",
  "kodepos" : "42355"
}, {
  "kecamatan" : "Banjarsari",
  "kelurahan" : "Cidahu",
  "kodepos" : "42355"
}, {
  "kecamatan" : "Banjarsari",
  "kelurahan" : "Cibaturkeusik",
  "kodepos" : "42355"
}, {
  "kecamatan" : "Banjarsari",
  "kelurahan" : "Bojongjuruh",
  "kodepos" : "42355"
}, {
  "kecamatan" : "Banjarsari",
  "kelurahan" : "Bendungan",
  "kodepos" : "42355"
}, {
  "kecamatan" : "Lebakgedong",
  "kelurahan" : "Banjarsari",
  "kodepos" : "42355"
}, {
  "kecamatan" : "Gunung Kencana",
  "kelurahan" : "Tanjungsari Indah",
  "kodepos" : "42354"
}, {
  "kecamatan" : "Gunung Kencana",
  "kelurahan" : "Sukanegara",
  "kodepos" : "42354"
}, {
  "kecamatan" : "Gunung Kencana",
  "kelurahan" : "Keramatjaya/Kramatjaya",
  "kodepos" : "42354"
}, {
  "kecamatan" : "Gunung Kencana",
  "kelurahan" : "Gunungkendeng",
  "kodepos" : "42354"
}, {
  "kecamatan" : "Gunung Kencana",
  "kelurahan" : "Cisampang",
  "kodepos" : "42354"
}, {
  "kecamatan" : "Gunung Kencana",
  "kelurahan" : "Gunung Kencana",
  "kodepos" : "42354"
}, {
  "kecamatan" : "Gunung Kencana",
  "kelurahan" : "Cimanyangray",
  "kodepos" : "42354"
}, {
  "kecamatan" : "Gunung Kencana",
  "kelurahan" : "Ciginggang",
  "kodepos" : "42354"
}, {
  "kecamatan" : "Gunung Kencana",
  "kelurahan" : "Cicaringin",
  "kodepos" : "42354"
}, {
  "kecamatan" : "Gunung Kencana",
  "kelurahan" : "Ciakar",
  "kodepos" : "42354"
}, {
  "kecamatan" : "Gunung Kencana",
  "kelurahan" : "Bojongkoneng",
  "kodepos" : "42354"
}, {
  "kecamatan" : "Gunung Kencana",
  "kelurahan" : "Bulakan",
  "kodepos" : "42354"
}, {
  "kecamatan" : "Cileles",
  "kelurahan" : "Pasindangan",
  "kodepos" : "42353"
}, {
  "kecamatan" : "Cileles",
  "kelurahan" : "Prabugantungan",
  "kodepos" : "42353"
}, {
  "kecamatan" : "Cileles",
  "kelurahan" : "Parungkujang",
  "kodepos" : "42353"
}, {
  "kecamatan" : "Cileles",
  "kelurahan" : "Margamulya",
  "kodepos" : "42353"
}, {
  "kecamatan" : "Cileles",
  "kelurahan" : "Mekarjaya",
  "kodepos" : "42353"
}, {
  "kecamatan" : "Cileles",
  "kelurahan" : "Kujangsari",
  "kodepos" : "42353"
}, {
  "kecamatan" : "Cileles",
  "kelurahan" : "Gumuruh",
  "kodepos" : "42353"
}, {
  "kecamatan" : "Cileles",
  "kelurahan" : "Daroyon",
  "kodepos" : "42353"
}, {
  "kecamatan" : "Cileles",
  "kelurahan" : "Cipadang",
  "kodepos" : "42353"
}, {
  "kecamatan" : "Cileles",
  "kelurahan" : "Cikareo",
  "kodepos" : "42353"
}, {
  "kecamatan" : "Cileles",
  "kelurahan" : "Cileles",
  "kodepos" : "42353"
}, {
  "kecamatan" : "Warunggunung",
  "kelurahan" : "Warunggunung",
  "kodepos" : "42352"
}, {
  "kecamatan" : "Cileles",
  "kelurahan" : "Banjarsari",
  "kodepos" : "42353"
}, {
  "kecamatan" : "Warunggunung",
  "kelurahan" : "Sindangsari",
  "kodepos" : "42352"
}, {
  "kecamatan" : "Warunggunung",
  "kelurahan" : "Sukaraja",
  "kodepos" : "42352"
}, {
  "kecamatan" : "Warunggunung",
  "kelurahan" : "Sukarendah",
  "kodepos" : "42352"
}, {
  "kecamatan" : "Warunggunung",
  "kelurahan" : "Padasuka",
  "kodepos" : "42352"
}, {
  "kecamatan" : "Warunggunung",
  "kelurahan" : "Pasirtangkil",
  "kodepos" : "42352"
}, {
  "kecamatan" : "Warunggunung",
  "kelurahan" : "Selaraja",
  "kodepos" : "42352"
}, {
  "kecamatan" : "Warunggunung",
  "kelurahan" : "Cibuah",
  "kodepos" : "42352"
}, {
  "kecamatan" : "Warunggunung",
  "kelurahan" : "Jagabaya",
  "kodepos" : "42352"
}, {
  "kecamatan" : "Warunggunung",
  "kelurahan" : "Cempaka",
  "kodepos" : "42352"
}, {
  "kecamatan" : "Warunggunung",
  "kelurahan" : "Cempaka",
  "kodepos" : "42352"
}, {
  "kecamatan" : "Warunggunung",
  "kelurahan" : "Banjarsari",
  "kodepos" : "42352"
}, {
  "kecamatan" : "Rangkasbitung",
  "kelurahan" : "Narimbang Mulia",
  "kodepos" : "42319"
}, {
  "kecamatan" : "Sobang",
  "kelurahan" : "Sukamaju",
  "kodepos" : "42318"
}, {
  "kecamatan" : "Sobang",
  "kelurahan" : "Sukaresmi",
  "kodepos" : "42318"
}, {
  "kecamatan" : "Sobang",
  "kelurahan" : "Majasari",
  "kodepos" : "42318"
}, {
  "kecamatan" : "Sobang",
  "kelurahan" : "Sobang",
  "kodepos" : "42318"
}, {
  "kecamatan" : "Sobang",
  "kelurahan" : "Sukajaya",
  "kodepos" : "42318"
}, {
  "kecamatan" : "Cibadak",
  "kelurahan" : "Kaduagung Barat",
  "kodepos" : "42318"
}, {
  "kecamatan" : "Cibadak",
  "kelurahan" : "Kaduagung Tengah",
  "kodepos" : "42318"
}, {
  "kecamatan" : "Cibadak",
  "kelurahan" : "Kaduagung Timur",
  "kodepos" : "42318"
}, {
  "kecamatan" : "Sobang",
  "kelurahan" : "Citujah",
  "kodepos" : "42318"
}, {
  "kecamatan" : "Sobang",
  "kelurahan" : "Hariang",
  "kodepos" : "42318"
}, {
  "kecamatan" : "Sobang",
  "kelurahan" : "Cilebang",
  "kodepos" : "42318"
}, {
  "kecamatan" : "Sobang",
  "kelurahan" : "Cirompang",
  "kodepos" : "42318"
}, {
  "kecamatan" : "Rangkasbitung",
  "kelurahan" : "Cijoro Pasir",
  "kodepos" : "42316"
}, {
  "kecamatan" : "Rangkasbitung",
  "kelurahan" : "Cijoro Lebak",
  "kodepos" : "42317"
}, {
  "kecamatan" : "Rangkasbitung",
  "kelurahan" : "Jatimulya",
  "kodepos" : "42315"
}, {
  "kecamatan" : "Sobang",
  "kelurahan" : "Sindanglaya",
  "kodepos" : "42315"
}, {
  "kecamatan" : "Rangkasbitung",
  "kelurahan" : "Rangkasbitung Timur",
  "kodepos" : "42313"
}, {
  "kecamatan" : "Rangkasbitung",
  "kelurahan" : "Muara Ciujung Timur",
  "kodepos" : "42314"
}, {
  "kecamatan" : "Malingping",
  "kelurahan" : "Cipeundeuy",
  "kodepos" : "42313"
}, {
  "kecamatan" : "Kalanganyar",
  "kelurahan" : "Sukamekarsari",
  "kodepos" : "42312"
}, {
  "kecamatan" : "Rangkasbitung",
  "kelurahan" : "Rangkasbitung Barat",
  "kodepos" : "42312"
}, {
  "kecamatan" : "Rangkasbitung",
  "kelurahan" : "Sukamanah",
  "kodepos" : "42312"
}, {
  "kecamatan" : "Kalanganyar",
  "kelurahan" : "Sangiang Tanjung",
  "kodepos" : "42312"
}, {
  "kecamatan" : "Rangkasbitung",
  "kelurahan" : "Pasirtanjung",
  "kodepos" : "42312"
}, {
  "kecamatan" : "Kalanganyar",
  "kelurahan" : "Pasirkupa",
  "kodepos" : "42312"
}, {
  "kecamatan" : "Rangkasbitung",
  "kelurahan" : "Nameng",
  "kodepos" : "42312"
}, {
  "kecamatan" : "Rangkasbitung",
  "kelurahan" : "Pabuaran",
  "kodepos" : "42312"
}, {
  "kecamatan" : "Rangkasbitung",
  "kelurahan" : "Mekarsari",
  "kodepos" : "42312"
}, {
  "kecamatan" : "Kalanganyar",
  "kelurahan" : "Kalanganyar",
  "kodepos" : "42312"
}, {
  "kecamatan" : "Rangkasbitung",
  "kelurahan" : "Kolelet Wetan",
  "kodepos" : "42312"
}, {
  "kecamatan" : "Rangkasbitung",
  "kelurahan" : "Cimangeungteung",
  "kodepos" : "42312"
}, {
  "kecamatan" : "Rangkasbitung",
  "kelurahan" : "Citeras",
  "kodepos" : "42312"
}, {
  "kecamatan" : "Kalanganyar",
  "kelurahan" : "Aweh",
  "kodepos" : "42312"
}, {
  "kecamatan" : "Kalanganyar",
  "kelurahan" : "Cilangkap",
  "kodepos" : "42312"
}, {
  "kecamatan" : "Kalanganyar",
  "kelurahan" : "Cikatapis",
  "kodepos" : "42311"
}, {
  "kecamatan" : "Rangkasbitung",
  "kelurahan" : "Muara Ciujung Barat",
  "kodepos" : "42311"
} ]
