[ {
  "kecamatan" : "Sandaran",
  "kelurahan" : "Tadoan",
  "kodepos" : "75685"
}, {
  "kecamatan" : "Sandaran",
  "kelurahan" : "Tanjung Mangkalihat",
  "kodepos" : "75685"
}, {
  "kecamatan" : "Sandaran",
  "kelurahan" : "Susuk Dalam",
  "kodepos" : "75685"
}, {
  "kecamatan" : "Sandaran",
  "kelurahan" : "Susuk Luar",
  "kodepos" : "75685"
}, {
  "kecamatan" : "Sandaran",
  "kelurahan" : "Sandaran",
  "kodepos" : "75685"
}, {
  "kecamatan" : "Sandaran",
  "kelurahan" : "Marukangan",
  "kodepos" : "75685"
}, {
  "kecamatan" : "Sandaran",
  "kelurahan" : "Manubar",
  "kodepos" : "75685"
}, {
  "kecamatan" : "Sangkulirang",
  "kelurahan" : "Sempuyau (Sempayau)",
  "kodepos" : "75684"
}, {
  "kecamatan" : "Sangkulirang",
  "kelurahan" : "Tanjung Manis",
  "kodepos" : "75684"
}, {
  "kecamatan" : "Sangkulirang",
  "kelurahan" : "Tepian Terap",
  "kodepos" : "75684"
}, {
  "kecamatan" : "Sangkulirang",
  "kelurahan" : "Perupuk",
  "kodepos" : "75684"
}, {
  "kecamatan" : "Sangkulirang",
  "kelurahan" : "Pulau Miang",
  "kodepos" : "75684"
}, {
  "kecamatan" : "Sangkulirang",
  "kelurahan" : "Saka",
  "kodepos" : "75684"
}, {
  "kecamatan" : "Karangan",
  "kelurahan" : "Pengadan (Pengadaan Baru)",
  "kodepos" : "75684"
}, {
  "kecamatan" : "Sangkulirang",
  "kelurahan" : "Peridan",
  "kodepos" : "75684"
}, {
  "kecamatan" : "Karangan",
  "kelurahan" : "Mukti Lestari",
  "kodepos" : "75684"
}, {
  "kecamatan" : "Sangkulirang",
  "kelurahan" : "Mandu Dalam",
  "kodepos" : "75684"
}, {
  "kecamatan" : "Sangkulirang",
  "kelurahan" : "Pelawan",
  "kodepos" : "75684"
}, {
  "kecamatan" : "Sangkulirang",
  "kelurahan" : "Maloy",
  "kodepos" : "75684"
}, {
  "kecamatan" : "Sangkulirang",
  "kelurahan" : "Mandau Pantai Sejahtera",
  "kodepos" : "75684"
}, {
  "kecamatan" : "Karangan",
  "kelurahan" : "Karangan Seberang",
  "kodepos" : "75684"
}, {
  "kecamatan" : "Sangkulirang",
  "kelurahan" : "Kerayaan",
  "kodepos" : "75684"
}, {
  "kecamatan" : "Sangkulirang",
  "kelurahan" : "Kolek",
  "kodepos" : "75684"
}, {
  "kecamatan" : "Karangan",
  "kelurahan" : "Karangan Dalam",
  "kodepos" : "75684"
}, {
  "kecamatan" : "Karangan",
  "kelurahan" : "Karangan Hilir",
  "kodepos" : "75684"
}, {
  "kecamatan" : "Sangkulirang",
  "kelurahan" : "Benua Baru Ulu",
  "kodepos" : "75684"
}, {
  "kecamatan" : "Karangan",
  "kelurahan" : "Batu Lepoq",
  "kodepos" : "75684"
}, {
  "kecamatan" : "Sangkulirang",
  "kelurahan" : "Benua Baru Ilir",
  "kodepos" : "75684"
}, {
  "kecamatan" : "Karangan",
  "kelurahan" : "Baay",
  "kodepos" : "75684"
}, {
  "kecamatan" : "Rantau Pulung",
  "kelurahan" : "Tepian Makmur",
  "kodepos" : "75683"
}, {
  "kecamatan" : "Sangatta Selatan",
  "kelurahan" : "Teluk Singkam / Singkama",
  "kodepos" : "75683"
}, {
  "kecamatan" : "Teluk Pandan",
  "kelurahan" : "Teluk Pandan",
  "kodepos" : "75683"
}, {
  "kecamatan" : "Sangatta Utara",
  "kelurahan" : "Teluk Lingga",
  "kodepos" : "75683"
}, {
  "kecamatan" : "Teluk Pandan",
  "kelurahan" : "Suka Rahmat",
  "kodepos" : "75683"
}, {
  "kecamatan" : "Sangatta Utara",
  "kelurahan" : "Swarga Bara",
  "kodepos" : "75683"
}, {
  "kecamatan" : "Rantau Pulung",
  "kelurahan" : "Tanjung Labu",
  "kodepos" : "75683"
}, {
  "kecamatan" : "Sangatta Selatan",
  "kelurahan" : "Singa Geweh",
  "kodepos" : "75683"
}, {
  "kecamatan" : "Teluk Pandan",
  "kelurahan" : "Suka Damai",
  "kodepos" : "75683"
}, {
  "kecamatan" : "Sangatta Selatan",
  "kelurahan" : "Sangkima",
  "kodepos" : "75683"
}, {
  "kecamatan" : "Sangatta Utara",
  "kelurahan" : "Singa Gembara",
  "kodepos" : "75683"
}, {
  "kecamatan" : "Sangatta Selatan",
  "kelurahan" : "Sangata Selatan",
  "kodepos" : "75683"
}, {
  "kecamatan" : "Sangatta Utara",
  "kelurahan" : "Sangatta Utara",
  "kodepos" : "75683"
}, {
  "kecamatan" : "Rantau Pulung",
  "kelurahan" : "Rantau Makmur",
  "kodepos" : "75683"
}, {
  "kecamatan" : "Rantau Pulung",
  "kelurahan" : "Mukti Jaya",
  "kodepos" : "75683"
}, {
  "kecamatan" : "Rantau Pulung",
  "kelurahan" : "Pulung Sari",
  "kodepos" : "75683"
}, {
  "kecamatan" : "Teluk Pandan",
  "kelurahan" : "Martadinata",
  "kodepos" : "75683"
}, {
  "kecamatan" : "Rantau Pulung",
  "kelurahan" : "Margo Mulyo",
  "kodepos" : "75683"
}, {
  "kecamatan" : "Rantau Pulung",
  "kelurahan" : "Kebon Agung",
  "kodepos" : "75683"
}, {
  "kecamatan" : "Rantau Pulung",
  "kelurahan" : "Manunggal Jaya",
  "kodepos" : "75683"
}, {
  "kecamatan" : "Teluk Pandan",
  "kelurahan" : "Kandolo",
  "kodepos" : "75683"
}, {
  "kecamatan" : "Teluk Pandan",
  "kelurahan" : "Danau Redan",
  "kodepos" : "75683"
}, {
  "kecamatan" : "Long Mesangat (Mesengat)",
  "kelurahan" : "Sika Makmur",
  "kodepos" : "75656"
}, {
  "kecamatan" : "Muara Ancalong",
  "kelurahan" : "Senyiur",
  "kodepos" : "75656"
}, {
  "kecamatan" : "Long Mesangat (Mesengat)",
  "kelurahan" : "Sumber Sari",
  "kodepos" : "75656"
}, {
  "kecamatan" : "Long Mesangat (Mesengat)",
  "kelurahan" : "Segoi Makmur",
  "kodepos" : "75656"
}, {
  "kecamatan" : "Long Mesangat (Mesengat)",
  "kelurahan" : "Mukti Utama",
  "kodepos" : "75656"
}, {
  "kecamatan" : "Muara Ancalong",
  "kelurahan" : "Muara Dun",
  "kodepos" : "75656"
}, {
  "kecamatan" : "Long Mesangat (Mesengat)",
  "kelurahan" : "Melan",
  "kodepos" : "75656"
}, {
  "kecamatan" : "Muara Ancalong",
  "kelurahan" : "Long Nah",
  "kodepos" : "75656"
}, {
  "kecamatan" : "Muara Ancalong",
  "kelurahan" : "Long Tesak",
  "kodepos" : "75656"
}, {
  "kecamatan" : "Muara Ancalong",
  "kelurahan" : "Kelinjau Ilir",
  "kodepos" : "75656"
}, {
  "kecamatan" : "Muara Ancalong",
  "kelurahan" : "Long Faq/Poq Baru",
  "kodepos" : "75656"
}, {
  "kecamatan" : "Muara Ancalong",
  "kelurahan" : "Gemar Baru",
  "kodepos" : "75656"
}, {
  "kecamatan" : "Muara Wahau",
  "kelurahan" : "Wana Sari",
  "kodepos" : "75655"
}, {
  "kecamatan" : "Muara Wahau",
  "kelurahan" : "Nehesliah Bing",
  "kodepos" : "75655"
}, {
  "kecamatan" : "Muara Wahau",
  "kelurahan" : "Wahau Baru",
  "kodepos" : "75655"
}, {
  "kecamatan" : "Muara Wahau",
  "kelurahan" : "Muara Wahau",
  "kodepos" : "75655"
}, {
  "kecamatan" : "Muara Wahau",
  "kelurahan" : "Long Wehea",
  "kodepos" : "75655"
}, {
  "kecamatan" : "Muara Wahau",
  "kelurahan" : "Karya Bakti",
  "kodepos" : "75655"
}, {
  "kecamatan" : "Muara Wahau",
  "kelurahan" : "Diaq Lay",
  "kodepos" : "75655"
}, {
  "kecamatan" : "Muara Wahau",
  "kelurahan" : "Jak Luay",
  "kodepos" : "75655"
}, {
  "kecamatan" : "Muara Wahau",
  "kelurahan" : "Benhes",
  "kodepos" : "75655"
}, {
  "kecamatan" : "Muara Wahau",
  "kelurahan" : "Dabeq",
  "kodepos" : "75655"
}, {
  "kecamatan" : "Batu Ampar",
  "kelurahan" : "Telaga",
  "kodepos" : "75654"
}, {
  "kecamatan" : "Long Mesangat (Mesengat)",
  "kelurahan" : "Tanah Abang",
  "kodepos" : "75654"
}, {
  "kecamatan" : "Long Mesangat (Mesengat)",
  "kelurahan" : "Sumber Agung",
  "kodepos" : "75654"
}, {
  "kecamatan" : "Muara Bengkal",
  "kelurahan" : "Mulupan",
  "kodepos" : "75654"
}, {
  "kecamatan" : "Muara Bengkal",
  "kelurahan" : "Ngayau",
  "kodepos" : "75654"
}, {
  "kecamatan" : "Muara Bengkal",
  "kelurahan" : "Senambah",
  "kodepos" : "75654"
}, {
  "kecamatan" : "Batu Ampar",
  "kelurahan" : "Mugi Rahayu",
  "kodepos" : "75654"
}, {
  "kecamatan" : "Muara Bengkal",
  "kelurahan" : "Muara Bengkal Ilir",
  "kodepos" : "75654"
}, {
  "kecamatan" : "Muara Bengkal",
  "kelurahan" : "Muara Bengkal Ulu",
  "kodepos" : "75654"
}, {
  "kecamatan" : "Batu Ampar",
  "kelurahan" : "Mawai Indah",
  "kodepos" : "75654"
}, {
  "kecamatan" : "Batu Ampar",
  "kelurahan" : "Himba Lestari",
  "kodepos" : "75654"
}, {
  "kecamatan" : "Batu Ampar",
  "kelurahan" : "Benua Harapan",
  "kodepos" : "75654"
}, {
  "kecamatan" : "Muara Bengkal",
  "kelurahan" : "Benua Baru",
  "kodepos" : "75654"
}, {
  "kecamatan" : "Batu Ampar",
  "kelurahan" : "Batu Timbau",
  "kodepos" : "75654"
}, {
  "kecamatan" : "Muara Bengkal",
  "kelurahan" : "Batu Balai",
  "kodepos" : "75654"
}, {
  "kecamatan" : "Kaubun",
  "kelurahan" : "Kadungan Jaya",
  "kodepos" : "75619"
}, {
  "kecamatan" : "Kaubun",
  "kelurahan" : "Mata Air",
  "kodepos" : "75619"
}, {
  "kecamatan" : "Kaubun",
  "kelurahan" : "Pengadan Baru",
  "kodepos" : "75619"
}, {
  "kecamatan" : "Kaubun",
  "kelurahan" : "Bumi Rapak",
  "kodepos" : "75619"
}, {
  "kecamatan" : "Kaubun",
  "kelurahan" : "Cipta Graha",
  "kodepos" : "75619"
}, {
  "kecamatan" : "Kaubun",
  "kelurahan" : "Bumi Etam",
  "kodepos" : "75619"
}, {
  "kecamatan" : "Kaubun",
  "kelurahan" : "Bumi Jaya",
  "kodepos" : "75619"
}, {
  "kecamatan" : "Bengalon",
  "kelurahan" : "Tepian Langsat",
  "kodepos" : "75618"
}, {
  "kecamatan" : "Kaubun",
  "kelurahan" : "Bukit Permata",
  "kodepos" : "75619"
}, {
  "kecamatan" : "Bengalon",
  "kelurahan" : "Tepian Baru",
  "kodepos" : "75618"
}, {
  "kecamatan" : "Bengalon",
  "kelurahan" : "Tepian Indah",
  "kodepos" : "75618"
}, {
  "kecamatan" : "Bengalon",
  "kelurahan" : "Sepaso Timur",
  "kodepos" : "75618"
}, {
  "kecamatan" : "Bengalon",
  "kelurahan" : "Tebangan Lebak/Lembak",
  "kodepos" : "75618"
}, {
  "kecamatan" : "Bengalon",
  "kelurahan" : "Sepaso Induk",
  "kodepos" : "75618"
}, {
  "kecamatan" : "Bengalon",
  "kelurahan" : "Sepaso Selatan",
  "kodepos" : "75618"
}, {
  "kecamatan" : "Bengalon",
  "kelurahan" : "Sepaso Barat",
  "kodepos" : "75618"
}, {
  "kecamatan" : "Kaliorang",
  "kelurahan" : "Selangkau",
  "kodepos" : "75618"
}, {
  "kecamatan" : "Bengalon",
  "kelurahan" : "Sekerat",
  "kodepos" : "75618"
}, {
  "kecamatan" : "Bengalon",
  "kelurahan" : "Keraitan",
  "kodepos" : "75618"
}, {
  "kecamatan" : "Bengalon",
  "kelurahan" : "Muara Bengalon",
  "kodepos" : "75618"
}, {
  "kecamatan" : "Kaliorang",
  "kelurahan" : "Citra Manunggal Jaya",
  "kodepos" : "75618"
}, {
  "kecamatan" : "Kaliorang",
  "kelurahan" : "Kaliorang",
  "kodepos" : "75618"
}, {
  "kecamatan" : "Kaliorang",
  "kelurahan" : "Bukit Makmur",
  "kodepos" : "75618"
}, {
  "kecamatan" : "Kaliorang",
  "kelurahan" : "Bumi Sejahtera",
  "kodepos" : "75618"
}, {
  "kecamatan" : "Kaliorang",
  "kelurahan" : "Bangun Jaya",
  "kodepos" : "75618"
}, {
  "kecamatan" : "Kaliorang",
  "kelurahan" : "Bukit Harapan",
  "kodepos" : "75618"
}, {
  "kecamatan" : "Busang",
  "kelurahan" : "Mekar Baru",
  "kodepos" : "75556"
}, {
  "kecamatan" : "Busang",
  "kelurahan" : "Rantau Sentosa",
  "kodepos" : "75556"
}, {
  "kecamatan" : "Busang",
  "kelurahan" : "Long Nyelong",
  "kodepos" : "75556"
}, {
  "kecamatan" : "Busang",
  "kelurahan" : "Long Pejeng",
  "kodepos" : "75556"
}, {
  "kecamatan" : "Busang",
  "kelurahan" : "Long Bentuk",
  "kodepos" : "75556"
}, {
  "kecamatan" : "Busang",
  "kelurahan" : "Long Lees",
  "kodepos" : "75556"
}, {
  "kecamatan" : "Muara Ancalong",
  "kelurahan" : "Kelinjau Ulu",
  "kodepos" : "75556"
}, {
  "kecamatan" : "Kongbeng",
  "kelurahan" : "Sri Pantun",
  "kodepos" : "75555"
}, {
  "kecamatan" : "Kongbeng",
  "kelurahan" : "Suka Maju",
  "kodepos" : "75555"
}, {
  "kecamatan" : "Telen",
  "kelurahan" : "Rantau Panjang",
  "kodepos" : "75555"
}, {
  "kecamatan" : "Kongbeng",
  "kelurahan" : "Sidomulyo",
  "kodepos" : "75555"
}, {
  "kecamatan" : "Telen",
  "kelurahan" : "Muara Pantun",
  "kodepos" : "75555"
}, {
  "kecamatan" : "Kongbeng",
  "kelurahan" : "Miau Baru",
  "kodepos" : "75555"
}, {
  "kecamatan" : "Telen",
  "kelurahan" : "Marah Haloq",
  "kodepos" : "75555"
}, {
  "kecamatan" : "Telen",
  "kelurahan" : "Marah Kenyah (Long Melah)",
  "kodepos" : "75555"
}, {
  "kecamatan" : "Kongbeng",
  "kelurahan" : "Marga Mulia",
  "kodepos" : "75555"
}, {
  "kecamatan" : "Kongbeng",
  "kelurahan" : "Makmur Jaya",
  "kodepos" : "75555"
}, {
  "kecamatan" : "Telen",
  "kelurahan" : "Long Noran",
  "kodepos" : "75555"
}, {
  "kecamatan" : "Telen",
  "kelurahan" : "Long Segar",
  "kodepos" : "75555"
}, {
  "kecamatan" : "Telen",
  "kelurahan" : "Juk Ayak",
  "kodepos" : "75555"
}, {
  "kecamatan" : "Kongbeng",
  "kelurahan" : "Kongbeng Indah",
  "kodepos" : "75555"
} ]
