[ {
  "kecamatan" : "Bontang Barat",
  "kelurahan" : "Telihan (Gunung Telihan)",
  "kodepos" : "75383"
}, {
  "kecamatan" : "Bontang Barat",
  "kelurahan" : "Kanaan",
  "kodepos" : "75383"
}, {
  "kecamatan" : "Bontang Selatan",
  "kelurahan" : "Tanjung Laut Indah",
  "kodepos" : "75325"
}, {
  "kecamatan" : "Bontang Selatan",
  "kelurahan" : "Berebas Pantai (Berbas Pantai)",
  "kodepos" : "75325"
}, {
  "kecamatan" : "Bontang Selatan",
  "kelurahan" : "Berebas Tengah (Berbas Tengah)",
  "kodepos" : "75325"
}, {
  "kecamatan" : "Bontang Selatan",
  "kelurahan" : "Bontang Lestari",
  "kodepos" : "75325"
}, {
  "kecamatan" : "Bontang Selatan",
  "kelurahan" : "Satimpo",
  "kodepos" : "75324"
}, {
  "kecamatan" : "Bontang Selatan",
  "kelurahan" : "Tanjung Laut",
  "kodepos" : "75321"
}, {
  "kecamatan" : "Bontang Utara",
  "kelurahan" : "Guntung",
  "kodepos" : "75314"
}, {
  "kecamatan" : "Bontang Utara",
  "kelurahan" : "Loktuan (Lok Tuan)",
  "kodepos" : "75314"
}, {
  "kecamatan" : "Bontang Barat",
  "kelurahan" : "Belimbing",
  "kodepos" : "75313"
}, {
  "kecamatan" : "Bontang Utara",
  "kelurahan" : "Bontang Kuala",
  "kodepos" : "75312"
}, {
  "kecamatan" : "Bontang Utara",
  "kelurahan" : "Bontang Baru",
  "kodepos" : "75311"
}, {
  "kecamatan" : "Bontang Utara",
  "kelurahan" : "Gunung Elai",
  "kodepos" : "75311"
}, {
  "kecamatan" : "Bontang Utara",
  "kelurahan" : "Api-Api",
  "kodepos" : "75311"
} ]
