[ {
  "kecamatan" : "Kayan Selatan",
  "kelurahan" : "Metulang",
  "kodepos" : "77573"
}, {
  "kecamatan" : "Kayan Selatan",
  "kelurahan" : "Sungai Barang",
  "kodepos" : "77573"
}, {
  "kecamatan" : "Sungai Boh",
  "kelurahan" : "Mahak Baru",
  "kodepos" : "77573"
}, {
  "kecamatan" : "Kayan Selatan",
  "kelurahan" : "Long Uro",
  "kodepos" : "77573"
}, {
  "kecamatan" : "Sungai Boh",
  "kelurahan" : "Long Lebusan",
  "kodepos" : "77573"
}, {
  "kecamatan" : "Sungai Boh",
  "kelurahan" : "Long Top",
  "kodepos" : "77573"
}, {
  "kecamatan" : "Kayan Selatan",
  "kelurahan" : "Long Ampung",
  "kodepos" : "77573"
}, {
  "kecamatan" : "Kayan Selatan",
  "kelurahan" : "Lidung Payau",
  "kodepos" : "77573"
}, {
  "kecamatan" : "Sungai Boh",
  "kelurahan" : "Data Baru",
  "kodepos" : "77573"
}, {
  "kecamatan" : "Sungai Boh",
  "kelurahan" : "Dumu Mahak",
  "kodepos" : "77573"
}, {
  "kecamatan" : "Sungai Boh",
  "kelurahan" : "Agung Baru",
  "kodepos" : "77573"
}, {
  "kecamatan" : "Kayan Hulu",
  "kelurahan" : "Long Temunyat/Temuyat",
  "kodepos" : "77572"
}, {
  "kecamatan" : "Kayan Hulu",
  "kelurahan" : "Nawang Baru",
  "kodepos" : "77572"
}, {
  "kecamatan" : "Kayan Hulu",
  "kelurahan" : "Long Nawang",
  "kodepos" : "77572"
}, {
  "kecamatan" : "Kayan Hulu",
  "kelurahan" : "Long Payau",
  "kodepos" : "77572"
}, {
  "kecamatan" : "Kayan Hulu",
  "kelurahan" : "Long Betaoh",
  "kodepos" : "77572"
}, {
  "kecamatan" : "Kayan Hilir",
  "kelurahan" : "Metun (Long Metun I)",
  "kodepos" : "77571"
}, {
  "kecamatan" : "Kayan Hilir",
  "kelurahan" : "Sei/Sungai Anai",
  "kodepos" : "77571"
}, {
  "kecamatan" : "Kayan Hilir",
  "kelurahan" : "Long Metun (Long Metun II)",
  "kodepos" : "77571"
}, {
  "kecamatan" : "Kayan Hilir",
  "kelurahan" : "Long Pipa",
  "kodepos" : "77571"
}, {
  "kecamatan" : "Kayan Hilir",
  "kelurahan" : "Data Dian",
  "kodepos" : "77571"
}, {
  "kecamatan" : "Bahau Hulu",
  "kelurahan" : "Long Uli",
  "kodepos" : "77562"
}, {
  "kecamatan" : "Bahau Hulu",
  "kelurahan" : "Long Tabulo/Tebulo",
  "kodepos" : "77562"
}, {
  "kecamatan" : "Pujungan",
  "kelurahan" : "Long Pujungan",
  "kodepos" : "77562"
}, {
  "kecamatan" : "Pujungan",
  "kelurahan" : "Long Paliran",
  "kodepos" : "77562"
}, {
  "kecamatan" : "Pujungan",
  "kelurahan" : "Long Pua",
  "kodepos" : "77562"
}, {
  "kecamatan" : "Bahau Hulu",
  "kelurahan" : "Long Berini Mararian",
  "kodepos" : "77562"
}, {
  "kecamatan" : "Pujungan",
  "kelurahan" : "Long Jelet",
  "kodepos" : "77562"
}, {
  "kecamatan" : "Pujungan",
  "kelurahan" : "Long Ketaman",
  "kodepos" : "77562"
}, {
  "kecamatan" : "Pujungan",
  "kelurahan" : "Long Belaka Pitau",
  "kodepos" : "77562"
}, {
  "kecamatan" : "Pujungan",
  "kelurahan" : "Long Bena",
  "kodepos" : "77562"
}, {
  "kecamatan" : "Bahau Hulu",
  "kelurahan" : "Long Atua/Long Kemuat",
  "kodepos" : "77562"
}, {
  "kecamatan" : "Pujungan",
  "kelurahan" : "Long Aran",
  "kodepos" : "77562"
}, {
  "kecamatan" : "Bahau Hulu",
  "kelurahan" : "Long Alango",
  "kodepos" : "77562"
}, {
  "kecamatan" : "Pujungan",
  "kelurahan" : "Lame",
  "kodepos" : "77562"
}, {
  "kecamatan" : "Bahau Hulu",
  "kelurahan" : "Apau Ping Mading",
  "kodepos" : "77562"
}, {
  "kecamatan" : "Sungai Tubu",
  "kelurahan" : "Rian Tubu",
  "kodepos" : "77555"
}, {
  "kecamatan" : "Mentarang",
  "kelurahan" : "Temalang",
  "kodepos" : "77555"
}, {
  "kecamatan" : "Mentarang",
  "kelurahan" : "Paking",
  "kodepos" : "77555"
}, {
  "kecamatan" : "Mentarang",
  "kelurahan" : "Pulau Sapi",
  "kodepos" : "77555"
}, {
  "kecamatan" : "Sungai Tubu",
  "kelurahan" : "Long Titi",
  "kodepos" : "77555"
}, {
  "kecamatan" : "Mentarang",
  "kelurahan" : "Mentarang Baru",
  "kodepos" : "77555"
}, {
  "kecamatan" : "Sungai Tubu",
  "kelurahan" : "Long Pada",
  "kodepos" : "77555"
}, {
  "kecamatan" : "Sungai Tubu",
  "kelurahan" : "Long Ranau",
  "kodepos" : "77555"
}, {
  "kecamatan" : "Sungai Tubu",
  "kelurahan" : "Long Nyau",
  "kodepos" : "77555"
}, {
  "kecamatan" : "Mentarang",
  "kelurahan" : "Long Liku",
  "kodepos" : "77555"
}, {
  "kecamatan" : "Mentarang",
  "kelurahan" : "Long Bisai",
  "kodepos" : "77555"
}, {
  "kecamatan" : "Mentarang",
  "kelurahan" : "Long Gafid",
  "kodepos" : "77555"
}, {
  "kecamatan" : "Mentarang",
  "kelurahan" : "Lidung Kemenci",
  "kodepos" : "77555"
}, {
  "kecamatan" : "Malinau Barat",
  "kelurahan" : "Taras",
  "kodepos" : "77554"
}, {
  "kecamatan" : "Mentarang",
  "kelurahan" : "Harapan Maju",
  "kodepos" : "77555"
}, {
  "kecamatan" : "Malinau Barat",
  "kelurahan" : "Tanjung Lapang",
  "kodepos" : "77554"
}, {
  "kecamatan" : "Malinau Selatan Hulu",
  "kelurahan" : "Tanjung Nanga",
  "kodepos" : "77554"
}, {
  "kecamatan" : "Malinau Selatan Hilir",
  "kelurahan" : "Setulang",
  "kodepos" : "77554"
}, {
  "kecamatan" : "Malinau Kota",
  "kelurahan" : "Tanjung Keranjang",
  "kodepos" : "77554"
}, {
  "kecamatan" : "Malinau Barat",
  "kelurahan" : "Sesua",
  "kodepos" : "77554"
}, {
  "kecamatan" : "Malinau Selatan Hilir",
  "kelurahan" : "Setarap",
  "kodepos" : "77554"
}, {
  "kecamatan" : "Malinau Utara",
  "kelurahan" : "Seruyung",
  "kodepos" : "77554"
}, {
  "kecamatan" : "Malinau Barat",
  "kelurahan" : "Sentaban",
  "kodepos" : "77554"
}, {
  "kecamatan" : "Malinau Selatan",
  "kelurahan" : "Sengayan",
  "kodepos" : "77554"
}, {
  "kecamatan" : "Malinau Barat",
  "kelurahan" : "Sempayang",
  "kodepos" : "77554"
}, {
  "kecamatan" : "Malinau Utara",
  "kelurahan" : "Sembuak Warot/Warod",
  "kodepos" : "77554"
}, {
  "kecamatan" : "Malinau Utara",
  "kelurahan" : "Respen Tubu",
  "kodepos" : "77554"
}, {
  "kecamatan" : "Malinau Utara",
  "kelurahan" : "Salap",
  "kodepos" : "77554"
}, {
  "kecamatan" : "Malinau Utara",
  "kelurahan" : "Semanggaris",
  "kodepos" : "77554"
}, {
  "kecamatan" : "Malinau Selatan",
  "kelurahan" : "Punan Rian",
  "kodepos" : "77554"
}, {
  "kecamatan" : "Malinau Utara",
  "kelurahan" : "Putat",
  "kodepos" : "77554"
}, {
  "kecamatan" : "Malinau Selatan Hilir",
  "kelurahan" : "Punan Setarap",
  "kodepos" : "77554"
}, {
  "kecamatan" : "Malinau Selatan Hilir",
  "kelurahan" : "Punan Long Adiu",
  "kodepos" : "77554"
}, {
  "kecamatan" : "Malinau Selatan Hulu",
  "kelurahan" : "Punan Mirau",
  "kodepos" : "77554"
}, {
  "kecamatan" : "Malinau Barat",
  "kelurahan" : "Punan Bengalun",
  "kodepos" : "77554"
}, {
  "kecamatan" : "Malinau Selatan Hilir",
  "kelurahan" : "Punan Gong Solok",
  "kodepos" : "77554"
}, {
  "kecamatan" : "Malinau Kota",
  "kelurahan" : "Pelita Kanaan",
  "kodepos" : "77554"
}, {
  "kecamatan" : "Malinau Selatan",
  "kelurahan" : "Pelencau",
  "kodepos" : "77554"
}, {
  "kecamatan" : "Malinau Selatan",
  "kelurahan" : "Nunuk Tanah Kibang",
  "kodepos" : "77554"
}, {
  "kecamatan" : "Malinau Selatan",
  "kelurahan" : "Paya Seturan",
  "kodepos" : "77554"
}, {
  "kecamatan" : "Malinau Selatan Hulu",
  "kelurahan" : "Metut",
  "kodepos" : "77554"
}, {
  "kecamatan" : "Malinau Selatan Hulu",
  "kelurahan" : "Nahakramo Baru",
  "kodepos" : "77554"
}, {
  "kecamatan" : "Malinau Kota",
  "kelurahan" : "Malinau Kota",
  "kodepos" : "77554"
}, {
  "kecamatan" : "Malinau Utara",
  "kelurahan" : "Malinau Seberang",
  "kodepos" : "77554"
}, {
  "kecamatan" : "Malinau Kota",
  "kelurahan" : "Malinau Hilir",
  "kodepos" : "77554"
}, {
  "kecamatan" : "Malinau Kota",
  "kelurahan" : "Malinau Hulu",
  "kodepos" : "77554"
}, {
  "kecamatan" : "Malinau Utara",
  "kelurahan" : "Lubok Manis",
  "kodepos" : "77554"
}, {
  "kecamatan" : "Malinau Utara",
  "kelurahan" : "Luso",
  "kodepos" : "77554"
}, {
  "kecamatan" : "Malinau Selatan",
  "kelurahan" : "Long Loreh",
  "kodepos" : "77554"
}, {
  "kecamatan" : "Malinau Selatan Hulu",
  "kelurahan" : "Long Rat",
  "kodepos" : "77554"
}, {
  "kecamatan" : "Malinau Barat",
  "kelurahan" : "Long Kenipe",
  "kodepos" : "77554"
}, {
  "kecamatan" : "Malinau Selatan Hulu",
  "kelurahan" : "Long Lake",
  "kodepos" : "77554"
}, {
  "kecamatan" : "Malinau Barat",
  "kelurahan" : "Long Bila",
  "kodepos" : "77554"
}, {
  "kecamatan" : "Malinau Selatan Hulu",
  "kelurahan" : "Long Jalan",
  "kodepos" : "77554"
}, {
  "kecamatan" : "Malinau Selatan",
  "kelurahan" : "Laban Nyarit",
  "kodepos" : "77554"
}, {
  "kecamatan" : "Malinau Selatan",
  "kelurahan" : "Langap",
  "kodepos" : "77554"
}, {
  "kecamatan" : "Malinau Selatan Hilir",
  "kelurahan" : "Long Adiu",
  "kodepos" : "77554"
}, {
  "kecamatan" : "Malinau Barat",
  "kelurahan" : "Kuala Lapang",
  "kodepos" : "77554"
}, {
  "kecamatan" : "Malinau Utara",
  "kelurahan" : "Kaliamok",
  "kodepos" : "77554"
}, {
  "kecamatan" : "Malinau Utara",
  "kelurahan" : "Kelapis",
  "kodepos" : "77554"
}, {
  "kecamatan" : "Malinau Selatan Hulu",
  "kelurahan" : "Halanga",
  "kodepos" : "77554"
}, {
  "kecamatan" : "Malinau Selatan",
  "kelurahan" : "Bila Bekayuk",
  "kodepos" : "77554"
}, {
  "kecamatan" : "Malinau Selatan Hilir",
  "kelurahan" : "Gong Solok",
  "kodepos" : "77554"
}, {
  "kecamatan" : "Malinau Utara",
  "kelurahan" : "Belayan",
  "kodepos" : "77554"
}, {
  "kecamatan" : "Malinau Kota",
  "kelurahan" : "Batu Lidung",
  "kodepos" : "77554"
}, {
  "kecamatan" : "Malinau Selatan Hilir",
  "kelurahan" : "Batu Kajang",
  "kodepos" : "77554"
}, {
  "kecamatan" : "Mentarang Hulu",
  "kelurahan" : "Long Sulit",
  "kodepos" : "77155"
}, {
  "kecamatan" : "Mentarang Hulu",
  "kelurahan" : "Long Semamu",
  "kodepos" : "77155"
}, {
  "kecamatan" : "Mentarang Hulu",
  "kelurahan" : "Long Simau",
  "kodepos" : "77155"
}, {
  "kecamatan" : "Mentarang Hulu",
  "kelurahan" : "Long Mekatif",
  "kodepos" : "77155"
}, {
  "kecamatan" : "Mentarang Hulu",
  "kelurahan" : "Long Pala",
  "kodepos" : "77155"
}, {
  "kecamatan" : "Mentarang Hulu",
  "kelurahan" : "Long Berang",
  "kodepos" : "77155"
}, {
  "kecamatan" : "Mentarang Hulu",
  "kelurahan" : "Long Kebinu",
  "kodepos" : "77155"
} ]
