[ {
  "kecamatan" : "Tana Lia (Tanah Lia)",
  "kelurahan" : "Tengku Dacing",
  "kodepos" : "77453"
}, {
  "kecamatan" : "Tana Lia (Tanah Lia)",
  "kelurahan" : "Tanah Merah",
  "kodepos" : "77453"
}, {
  "kecamatan" : "Tana Lia (Tanah Lia)",
  "kelurahan" : "Sambungan",
  "kodepos" : "77453"
}, {
  "kecamatan" : "Sesayap",
  "kelurahan" : "Tideng Pale Timur",
  "kodepos" : "77152"
}, {
  "kecamatan" : "Sesayap",
  "kelurahan" : "Tideng Pale",
  "kodepos" : "77152"
}, {
  "kecamatan" : "Sesayap",
  "kelurahan" : "Seputuk",
  "kodepos" : "77152"
}, {
  "kecamatan" : "Sesayap Hilir",
  "kelurahan" : "Sepala Dalung (Sesayap Dalung)",
  "kodepos" : "77152"
}, {
  "kecamatan" : "Sesayap Hilir",
  "kelurahan" : "Sesayap/Sepala",
  "kodepos" : "77152"
}, {
  "kecamatan" : "Sesayap Hilir",
  "kelurahan" : "Seludau",
  "kodepos" : "77152"
}, {
  "kecamatan" : "Sesayap Hilir",
  "kelurahan" : "Sengkong",
  "kodepos" : "77152"
}, {
  "kecamatan" : "Sesayap",
  "kelurahan" : "Sebidai/Sebiday",
  "kodepos" : "77152"
}, {
  "kecamatan" : "Sesayap",
  "kelurahan" : "Sedulun",
  "kodepos" : "77152"
}, {
  "kecamatan" : "Sesayap",
  "kelurahan" : "Rian",
  "kodepos" : "77152"
}, {
  "kecamatan" : "Sesayap",
  "kelurahan" : "Sebawang",
  "kodepos" : "77152"
}, {
  "kecamatan" : "Betayau",
  "kelurahan" : "Mendupe/Mendopu",
  "kodepos" : "77152"
}, {
  "kecamatan" : "Betayau",
  "kelurahan" : "Periuk",
  "kodepos" : "77152"
}, {
  "kecamatan" : "Betayau",
  "kelurahan" : "Maning",
  "kodepos" : "77152"
}, {
  "kecamatan" : "Sesayap Hilir",
  "kelurahan" : "Mendelutung (Menjelutung)",
  "kodepos" : "77152"
}, {
  "kecamatan" : "Betayau",
  "kelurahan" : "Kujau",
  "kodepos" : "77152"
}, {
  "kecamatan" : "Sesayap",
  "kelurahan" : "Limbu Sedulun/Sidulun",
  "kodepos" : "77152"
}, {
  "kecamatan" : "Betayau",
  "kelurahan" : "Buang Baru (Buong Baru)",
  "kodepos" : "77152"
}, {
  "kecamatan" : "Sesayap",
  "kelurahan" : "Gunawan",
  "kodepos" : "77152"
}, {
  "kecamatan" : "Sesayap Hilir",
  "kelurahan" : "Bebatu",
  "kodepos" : "77152"
}, {
  "kecamatan" : "Betayau",
  "kelurahan" : "Bebakung",
  "kodepos" : "77152"
}, {
  "kecamatan" : "Sesayap Hilir",
  "kelurahan" : "Badan Bikis",
  "kodepos" : "77152"
} ]
