[ {
  "kecamatan" : "Pulau Bunyu",
  "kelurahan" : "Pulau Bunyu Timur",
  "kodepos" : "77281"
}, {
  "kecamatan" : "Pulau Bunyu",
  "kelurahan" : "Pulau Bunyu Barat",
  "kodepos" : "77281"
}, {
  "kecamatan" : "Pulau Bunyu",
  "kelurahan" : "Pulau Bunyu Selatan",
  "kodepos" : "77281"
}, {
  "kecamatan" : "Sekatak",
  "kelurahan" : "Terindak",
  "kodepos" : "77263"
}, {
  "kecamatan" : "Sekatak",
  "kelurahan" : "Turung",
  "kodepos" : "77263"
}, {
  "kecamatan" : "Sekatak",
  "kelurahan" : "Ujang",
  "kodepos" : "77263"
}, {
  "kecamatan" : "Sekatak",
  "kelurahan" : "Sekatak Buji",
  "kodepos" : "77263"
}, {
  "kecamatan" : "Sekatak",
  "kelurahan" : "Tenggiling",
  "kodepos" : "77263"
}, {
  "kecamatan" : "Sekatak",
  "kelurahan" : "Pungit",
  "kodepos" : "77263"
}, {
  "kecamatan" : "Sekatak",
  "kelurahan" : "Sekatak Bengara",
  "kodepos" : "77263"
}, {
  "kecamatan" : "Sekatak",
  "kelurahan" : "Pentian",
  "kodepos" : "77263"
}, {
  "kecamatan" : "Sekatak",
  "kelurahan" : "Punan Dulau",
  "kodepos" : "77263"
}, {
  "kecamatan" : "Sekatak",
  "kelurahan" : "Maritam",
  "kodepos" : "77263"
}, {
  "kecamatan" : "Sekatak",
  "kelurahan" : "Paru Abang",
  "kodepos" : "77263"
}, {
  "kecamatan" : "Sekatak",
  "kelurahan" : "Liu Agu (Liagu)",
  "kodepos" : "77263"
}, {
  "kecamatan" : "Sekatak",
  "kelurahan" : "Liu Agu (Liagu)",
  "kodepos" : "77263"
}, {
  "kecamatan" : "Sekatak",
  "kelurahan" : "Kelising (Keliising)",
  "kodepos" : "77263"
}, {
  "kecamatan" : "Sekatak",
  "kelurahan" : "Kelumbunan (Kelembunan)",
  "kodepos" : "77263"
}, {
  "kecamatan" : "Sekatak",
  "kelurahan" : "Kendari",
  "kodepos" : "77263"
}, {
  "kecamatan" : "Sekatak",
  "kelurahan" : "Kelincawan",
  "kodepos" : "77263"
}, {
  "kecamatan" : "Sekatak",
  "kelurahan" : "Bekiliu",
  "kodepos" : "77263"
}, {
  "kecamatan" : "Sekatak",
  "kelurahan" : "Bunau",
  "kodepos" : "77263"
}, {
  "kecamatan" : "Sekatak",
  "kelurahan" : "Anjar Arip (Anjararef)",
  "kodepos" : "77263"
}, {
  "kecamatan" : "Sekatak",
  "kelurahan" : "Bambang",
  "kodepos" : "77263"
}, {
  "kecamatan" : "Peso Hilir/Ilir",
  "kelurahan" : "Naha Aya",
  "kodepos" : "77261"
}, {
  "kecamatan" : "Sekatak",
  "kelurahan" : "Ambalat",
  "kodepos" : "77263"
}, {
  "kecamatan" : "Peso",
  "kelurahan" : "Long Yiin/Pelaah",
  "kodepos" : "77261"
}, {
  "kecamatan" : "Peso",
  "kelurahan" : "Muara Pengean",
  "kodepos" : "77261"
}, {
  "kecamatan" : "Peso",
  "kelurahan" : "Long Peso",
  "kodepos" : "77261"
}, {
  "kecamatan" : "Peso Hilir/Ilir",
  "kelurahan" : "Long Telenjau",
  "kodepos" : "77261"
}, {
  "kecamatan" : "Peso Hilir/Ilir",
  "kelurahan" : "Long Tungu",
  "kodepos" : "77261"
}, {
  "kecamatan" : "Peso",
  "kelurahan" : "Long Lian",
  "kodepos" : "77261"
}, {
  "kecamatan" : "Peso",
  "kelurahan" : "Long Peleban",
  "kodepos" : "77261"
}, {
  "kecamatan" : "Peso",
  "kelurahan" : "Long Leju",
  "kodepos" : "77261"
}, {
  "kecamatan" : "Peso Hilir/Ilir",
  "kelurahan" : "Long Lembu",
  "kodepos" : "77261"
}, {
  "kecamatan" : "Peso",
  "kelurahan" : "Long Buang",
  "kodepos" : "77261"
}, {
  "kecamatan" : "Peso",
  "kelurahan" : "Long Lasan",
  "kodepos" : "77261"
}, {
  "kecamatan" : "Peso",
  "kelurahan" : "Long Bia",
  "kodepos" : "77261"
}, {
  "kecamatan" : "Peso Hilir/Ilir",
  "kelurahan" : "Long Bang Hulu",
  "kodepos" : "77261"
}, {
  "kecamatan" : "Peso Hilir/Ilir",
  "kelurahan" : "Long Bang",
  "kodepos" : "77261"
}, {
  "kecamatan" : "Tanjung Palas Barat",
  "kelurahan" : "Mara Satu",
  "kodepos" : "77217"
}, {
  "kecamatan" : "Peso",
  "kelurahan" : "Lepak Aru",
  "kodepos" : "77261"
}, {
  "kecamatan" : "Tanjung Palas Barat",
  "kelurahan" : "Long Sam",
  "kodepos" : "77217"
}, {
  "kecamatan" : "Tanjung Palas Barat",
  "kelurahan" : "Mara Hilir",
  "kodepos" : "77217"
}, {
  "kecamatan" : "Tanjung Palas Barat",
  "kelurahan" : "Long Beluah",
  "kodepos" : "77217"
}, {
  "kecamatan" : "Tanjung Palas Barat",
  "kelurahan" : "Long Pari",
  "kodepos" : "77217"
}, {
  "kecamatan" : "Tanjung Palas",
  "kelurahan" : "Tanjung Palas Tengah",
  "kodepos" : "77216"
}, {
  "kecamatan" : "Tanjung Palas Tengah",
  "kelurahan" : "Tanjung Buka",
  "kodepos" : "77216"
}, {
  "kecamatan" : "Tanjung Palas Tengah",
  "kelurahan" : "Salim Batu",
  "kodepos" : "77216"
}, {
  "kecamatan" : "Tanjung Palas Tengah",
  "kelurahan" : "Silva Rahayu",
  "kodepos" : "77216"
}, {
  "kecamatan" : "Tanjung Palas Timur",
  "kelurahan" : "Wono Mulyo",
  "kodepos" : "77215"
}, {
  "kecamatan" : "Tanjung Palas",
  "kelurahan" : "Tanjung Palas Ulu/Hulu",
  "kodepos" : "77215"
}, {
  "kecamatan" : "Tanjung Palas Timur",
  "kelurahan" : "Tanah Kuning",
  "kodepos" : "77215"
}, {
  "kecamatan" : "Tanjung Palas Timur",
  "kelurahan" : "Tanjung Agung",
  "kodepos" : "77215"
}, {
  "kecamatan" : "Tanjung Palas Timur",
  "kelurahan" : "Sajau",
  "kodepos" : "77215"
}, {
  "kecamatan" : "Tanjung Palas Timur",
  "kelurahan" : "Sajau Timur",
  "kodepos" : "77215"
}, {
  "kecamatan" : "Tanjung Palas Utara",
  "kelurahan" : "Ruhui Rahayu",
  "kodepos" : "77215"
}, {
  "kecamatan" : "Tanjung Palas Timur",
  "kelurahan" : "Pura Sajau",
  "kodepos" : "77215"
}, {
  "kecamatan" : "Tanjung Palas Utara",
  "kelurahan" : "Pimping",
  "kodepos" : "77215"
}, {
  "kecamatan" : "Tanjung Palas Utara",
  "kelurahan" : "Panca Agung",
  "kodepos" : "77215"
}, {
  "kecamatan" : "Tanjung Palas Utara",
  "kelurahan" : "Kelubir",
  "kodepos" : "77215"
}, {
  "kecamatan" : "Tanjung Palas Timur",
  "kelurahan" : "Mangkupadi",
  "kodepos" : "77215"
}, {
  "kecamatan" : "Tanjung Palas Utara",
  "kelurahan" : "Karang Agung",
  "kodepos" : "77215"
}, {
  "kecamatan" : "Tanjung Palas Timur",
  "kelurahan" : "Binai",
  "kodepos" : "77215"
}, {
  "kecamatan" : "Tanjung Palas Utara",
  "kelurahan" : "Ardi Mulya",
  "kodepos" : "77215"
}, {
  "kecamatan" : "Tanjung Palas",
  "kelurahan" : "Teras Nawang",
  "kodepos" : "77214"
}, {
  "kecamatan" : "Tanjung Palas",
  "kelurahan" : "Karang Anyar",
  "kodepos" : "77214"
}, {
  "kecamatan" : "Tanjung Palas",
  "kelurahan" : "Teras Baru",
  "kodepos" : "77214"
}, {
  "kecamatan" : "Tanjung Selor",
  "kelurahan" : "Tanjung Selor Timur",
  "kodepos" : "77212"
}, {
  "kecamatan" : "Tanjung Selor",
  "kelurahan" : "Tengkapak",
  "kodepos" : "77212"
}, {
  "kecamatan" : "Tanjung Selor",
  "kelurahan" : "Jelarai Selor",
  "kodepos" : "77212"
}, {
  "kecamatan" : "Tanjung Selor",
  "kelurahan" : "Tanjung Selor Ilir/Hilir",
  "kodepos" : "77212"
}, {
  "kecamatan" : "Tanjung Selor",
  "kelurahan" : "Gunung Sari",
  "kodepos" : "77212"
}, {
  "kecamatan" : "Tanjung Selor",
  "kelurahan" : "Gunung Seriang",
  "kodepos" : "77212"
}, {
  "kecamatan" : "Tanjung Selor",
  "kelurahan" : "Apung",
  "kodepos" : "77212"
}, {
  "kecamatan" : "Tanjung Selor",
  "kelurahan" : "Apung",
  "kodepos" : "77212"
}, {
  "kecamatan" : "Tanjung Selor",
  "kelurahan" : "Tanjung Selor Ulu/Hulu",
  "kodepos" : "77211"
}, {
  "kecamatan" : "Tanjung Palas",
  "kelurahan" : "Pejalin",
  "kodepos" : "77211"
}, {
  "kecamatan" : "Tanjung Palas",
  "kelurahan" : "Tanjung Palas Ilir/Hilir",
  "kodepos" : "77211"
}, {
  "kecamatan" : "Tanjung Palas",
  "kelurahan" : "Antutan",
  "kodepos" : "77211"
}, {
  "kecamatan" : "Tanjung Palas",
  "kelurahan" : "Gunung Putih",
  "kodepos" : "77211"
} ]
