[ {
  "kecamatan" : "Tarakan Timur",
  "kelurahan" : "Mamburungan",
  "kodepos" : "77125"
}, {
  "kecamatan" : "Tarakan Timur",
  "kelurahan" : "Lingkas Ujung",
  "kodepos" : "77126"
}, {
  "kecamatan" : "Tarakan Timur",
  "kelurahan" : "Kampung Enam",
  "kodepos" : "77123"
}, {
  "kecamatan" : "Tarakan Timur",
  "kelurahan" : "Kampung Empat",
  "kodepos" : "77124"
}, {
  "kecamatan" : "Tarakan Utara",
  "kelurahan" : "Juata Laut",
  "kodepos" : "77116"
}, {
  "kecamatan" : "Tarakan Utara",
  "kelurahan" : "Juata Permai",
  "kodepos" : "77116"
}, {
  "kecamatan" : "Tarakan Timur",
  "kelurahan" : "Pantai Amal",
  "kodepos" : "77115"
}, {
  "kecamatan" : "Tarakan Utara",
  "kelurahan" : "Juata Krikil/Kerikil",
  "kodepos" : "77116"
}, {
  "kecamatan" : "Tarakan Timur",
  "kelurahan" : "Gunung Lingkas",
  "kodepos" : "77115"
}, {
  "kecamatan" : "Tarakan Timur",
  "kelurahan" : "Mamburungan Timur",
  "kodepos" : "77115"
}, {
  "kecamatan" : "Tarakan Tengah",
  "kelurahan" : "Sebengkok",
  "kodepos" : "77114"
}, {
  "kecamatan" : "Tarakan Tengah",
  "kelurahan" : "Selumit",
  "kodepos" : "77113"
}, {
  "kecamatan" : "Tarakan Tengah",
  "kelurahan" : "Selumit Pantai",
  "kodepos" : "77113"
}, {
  "kecamatan" : "Tarakan Tengah",
  "kelurahan" : "Pamusian",
  "kodepos" : "77113"
}, {
  "kecamatan" : "Tarakan Barat",
  "kelurahan" : "Karang Rejo",
  "kodepos" : "77112"
}, {
  "kecamatan" : "Tarakan Tengah",
  "kelurahan" : "Kampung Satu (Skip)",
  "kodepos" : "77113"
}, {
  "kecamatan" : "Tarakan Barat",
  "kelurahan" : "Karang Balik",
  "kodepos" : "77112"
}, {
  "kecamatan" : "Tarakan Barat",
  "kelurahan" : "Karang Anyar Pantai",
  "kodepos" : "77111"
}, {
  "kecamatan" : "Tarakan Barat",
  "kelurahan" : "Karang Harapan",
  "kodepos" : "77111"
}, {
  "kecamatan" : "Tarakan Barat",
  "kelurahan" : "Karang Anyar",
  "kodepos" : "77111"
} ]
