[ {
  "kecamatan" : "Jemaja Timur",
  "kelurahan" : "Ulu Maras",
  "kodepos" : "29792"
}, {
  "kecamatan" : "Jemaja",
  "kelurahan" : "Rewak",
  "kodepos" : "29792"
}, {
  "kecamatan" : "Jemaja",
  "kelurahan" : "Sunggak",
  "kodepos" : "29792"
}, {
  "kecamatan" : "Jemaja",
  "kelurahan" : "Mampok",
  "kodepos" : "29792"
}, {
  "kecamatan" : "Jemaja",
  "kelurahan" : "Letung",
  "kodepos" : "29792"
}, {
  "kecamatan" : "Jemaja",
  "kelurahan" : "Landak",
  "kodepos" : "29792"
}, {
  "kecamatan" : "Jemaja Timur",
  "kelurahan" : "Kuala Maras",
  "kodepos" : "29792"
}, {
  "kecamatan" : "Jemaja",
  "kelurahan" : "Keramut",
  "kodepos" : "29792"
}, {
  "kecamatan" : "Jemaja",
  "kelurahan" : "Impol",
  "kodepos" : "29792"
}, {
  "kecamatan" : "Jemaja Timur",
  "kelurahan" : "Genting Pulur",
  "kodepos" : "29792"
}, {
  "kecamatan" : "Jemaja Timur",
  "kelurahan" : "Bukit Padi",
  "kodepos" : "29792"
}, {
  "kecamatan" : "Jemaja",
  "kelurahan" : "Batu Berapit",
  "kodepos" : "29792"
}, {
  "kecamatan" : "Jemaja",
  "kelurahan" : "Air Biru",
  "kodepos" : "29792"
}, {
  "kecamatan" : "Siantan Selatan",
  "kelurahan" : "Tiangau",
  "kodepos" : "29791"
}, {
  "kecamatan" : "Siantan",
  "kelurahan" : "Tiangau",
  "kodepos" : "29791"
}, {
  "kecamatan" : "Siantan Selatan",
  "kelurahan" : "Telaga Kecil",
  "kodepos" : "29791"
}, {
  "kecamatan" : "Siantan Timur",
  "kelurahan" : "Temburun",
  "kodepos" : "29791"
}, {
  "kecamatan" : "Siantan Selatan",
  "kelurahan" : "Telaga",
  "kodepos" : "29791"
}, {
  "kecamatan" : "Siantan",
  "kelurahan" : "Tarempa Selatan",
  "kodepos" : "29791"
}, {
  "kecamatan" : "Siantan",
  "kelurahan" : "Tarempa Barat Daya",
  "kodepos" : "29791"
}, {
  "kecamatan" : "Siantan",
  "kelurahan" : "Tarempa",
  "kodepos" : "29791"
}, {
  "kecamatan" : "Siantan",
  "kelurahan" : "Tarempa Barat",
  "kodepos" : "29791"
}, {
  "kecamatan" : "Siantan Timur",
  "kelurahan" : "Nyamuk",
  "kodepos" : "29791"
}, {
  "kecamatan" : "Siantan Timur",
  "kelurahan" : "Serat",
  "kodepos" : "29791"
}, {
  "kecamatan" : "Siantan",
  "kelurahan" : "Sri Tanjung",
  "kodepos" : "29791"
}, {
  "kecamatan" : "Siantan Timur",
  "kelurahan" : "Munjan",
  "kodepos" : "29791"
}, {
  "kecamatan" : "Siantan",
  "kelurahan" : "Munjan",
  "kodepos" : "29791"
}, {
  "kecamatan" : "Siantan Selatan",
  "kelurahan" : "Linga",
  "kodepos" : "29791"
}, {
  "kecamatan" : "Siantan Selatan",
  "kelurahan" : "Mengkait",
  "kodepos" : "29791"
}, {
  "kecamatan" : "Siantan Selatan",
  "kelurahan" : "Kiabu",
  "kodepos" : "29791"
}, {
  "kecamatan" : "Siantan Timur",
  "kelurahan" : "Air Putih",
  "kodepos" : "29791"
}, {
  "kecamatan" : "Siantan Timur",
  "kelurahan" : "Batu Belah",
  "kodepos" : "29791"
}, {
  "kecamatan" : "Siantan Selatan",
  "kelurahan" : "Air Bini",
  "kodepos" : "29791"
}, {
  "kecamatan" : "Siantan Tengah",
  "kelurahan" : "Teluk Sunting",
  "kodepos" : "29783"
}, {
  "kecamatan" : "Siantan Tengah",
  "kelurahan" : "Teluk Siantan",
  "kodepos" : "29783"
}, {
  "kecamatan" : "Palmatak",
  "kelurahan" : "Tebang",
  "kodepos" : "29783"
}, {
  "kecamatan" : "Palmatak",
  "kelurahan" : "Teluk Bayur",
  "kodepos" : "29783"
}, {
  "kecamatan" : "Palmatak",
  "kelurahan" : "Putik",
  "kodepos" : "29783"
}, {
  "kecamatan" : "Palmatak",
  "kelurahan" : "Piasan",
  "kodepos" : "29783"
}, {
  "kecamatan" : "Palmatak",
  "kelurahan" : "Piabung",
  "kodepos" : "29783"
}, {
  "kecamatan" : "Palmatak",
  "kelurahan" : "Mubur",
  "kodepos" : "29783"
}, {
  "kecamatan" : "Palmatak",
  "kelurahan" : "Payalaman",
  "kodepos" : "29783"
}, {
  "kecamatan" : "Palmatak",
  "kelurahan" : "Payamaram",
  "kodepos" : "29783"
}, {
  "kecamatan" : "Siantan Tengah",
  "kelurahan" : "Liuk",
  "kodepos" : "29783"
}, {
  "kecamatan" : "Palmatak",
  "kelurahan" : "Matak",
  "kodepos" : "29783"
}, {
  "kecamatan" : "Siantan Tengah",
  "kelurahan" : "Lidi",
  "kodepos" : "29783"
}, {
  "kecamatan" : "Palmatak",
  "kelurahan" : "Ladan",
  "kodepos" : "29783"
}, {
  "kecamatan" : "Palmatak",
  "kelurahan" : "Langir",
  "kodepos" : "29783"
}, {
  "kecamatan" : "Palmatak",
  "kelurahan" : "Belibak",
  "kodepos" : "29783"
}, {
  "kecamatan" : "Palmatak",
  "kelurahan" : "Candi",
  "kodepos" : "29783"
}, {
  "kecamatan" : "Palmatak",
  "kelurahan" : "Bayat",
  "kodepos" : "29783"
}, {
  "kecamatan" : "Palmatak",
  "kelurahan" : "Batu Ampar",
  "kodepos" : "29783"
}, {
  "kecamatan" : "Siantan Tengah",
  "kelurahan" : "Air Sena",
  "kodepos" : "29783"
}, {
  "kecamatan" : "Siantan Tengah",
  "kelurahan" : "Air Asuk",
  "kodepos" : "29783"
} ]
