[ {
  "kecamatan" : "Midai",
  "kelurahan" : "Sebelat",
  "kodepos" : "29784"
}, {
  "kecamatan" : "Midai",
  "kelurahan" : "Gunung Jambat",
  "kodepos" : "29784"
}, {
  "kecamatan" : "Midai",
  "kelurahan" : "Sabang Barat",
  "kodepos" : "29784"
}, {
  "kecamatan" : "Midai",
  "kelurahan" : "Air Kumpai",
  "kodepos" : "29784"
}, {
  "kecamatan" : "Midai",
  "kelurahan" : "Air Putih",
  "kodepos" : "29784"
}, {
  "kecamatan" : "Midai",
  "kelurahan" : "Batu Belanak",
  "kodepos" : "29784"
}, {
  "kecamatan" : "Bunguran Utara",
  "kelurahan" : "Teluk Buton",
  "kodepos" : "29783"
}, {
  "kecamatan" : "Pulau Tiga",
  "kelurahan" : "Teluk Labuh",
  "kodepos" : "29783"
}, {
  "kecamatan" : "Bunguran Tengah",
  "kelurahan" : "Tapau",
  "kodepos" : "29783"
}, {
  "kecamatan" : "Pulau Laut",
  "kelurahan" : "Tanjung Pala",
  "kodepos" : "29783"
}, {
  "kecamatan" : "Pulau Tiga",
  "kelurahan" : "Tanjung Kumbik Utara",
  "kodepos" : "29783"
}, {
  "kecamatan" : "Pulau Tiga",
  "kelurahan" : "Tanjung Batang",
  "kodepos" : "29783"
}, {
  "kecamatan" : "Bunguran Timur Laut",
  "kelurahan" : "Tanjung",
  "kodepos" : "29783"
}, {
  "kecamatan" : "Pulau Tiga",
  "kelurahan" : "Setumuk",
  "kodepos" : "29783"
}, {
  "kecamatan" : "Bunguran Timur",
  "kelurahan" : "Sungai Ulu",
  "kodepos" : "29783"
}, {
  "kecamatan" : "Pulau Tiga",
  "kelurahan" : "Serantas",
  "kodepos" : "29783"
}, {
  "kecamatan" : "Bunguran Timur",
  "kelurahan" : "Sepempang",
  "kodepos" : "29783"
}, {
  "kecamatan" : "Bunguran Utara",
  "kelurahan" : "Seluan Barat",
  "kodepos" : "29783"
}, {
  "kecamatan" : "Bunguran Timur Laut",
  "kelurahan" : "Seleman",
  "kodepos" : "29783"
}, {
  "kecamatan" : "Pulau Tiga",
  "kelurahan" : "Sededap",
  "kodepos" : "29783"
}, {
  "kecamatan" : "Pulau Tiga",
  "kelurahan" : "Selading",
  "kodepos" : "29783"
}, {
  "kecamatan" : "Pulau Tiga",
  "kelurahan" : "Sabang Mawang Barat",
  "kodepos" : "29783"
}, {
  "kecamatan" : "Pulau Tiga",
  "kelurahan" : "Sabang Mawang Barat",
  "kodepos" : "29783"
}, {
  "kecamatan" : "Bunguran Timur",
  "kelurahan" : "Ranai Kota",
  "kodepos" : "29783"
}, {
  "kecamatan" : "Pulau Tiga",
  "kelurahan" : "Sabang Mawang",
  "kodepos" : "29783"
}, {
  "kecamatan" : "Bunguran Timur",
  "kelurahan" : "Ranai Darat",
  "kodepos" : "29783"
}, {
  "kecamatan" : "Pulau Tiga",
  "kelurahan" : "Pulau Tiga",
  "kodepos" : "29783"
}, {
  "kecamatan" : "Bunguran Timur Laut",
  "kelurahan" : "Pengadah",
  "kodepos" : "29783"
}, {
  "kecamatan" : "Bunguran Timur Laut",
  "kelurahan" : "Limau Manis",
  "kodepos" : "29783"
}, {
  "kecamatan" : "Bunguran Utara",
  "kelurahan" : "Kelarik Barat",
  "kodepos" : "29783"
}, {
  "kecamatan" : "Bunguran Utara",
  "kelurahan" : "Kelarik Utara",
  "kodepos" : "29783"
}, {
  "kecamatan" : "Bunguran Timur Laut",
  "kelurahan" : "Kelanga",
  "kodepos" : "29783"
}, {
  "kecamatan" : "Bunguran Utara",
  "kelurahan" : "Kelarik",
  "kodepos" : "29783"
}, {
  "kecamatan" : "Bunguran Utara",
  "kelurahan" : "Kelarik Air Mali",
  "kodepos" : "29783"
}, {
  "kecamatan" : "Pulau Laut",
  "kelurahan" : "Kadur",
  "kodepos" : "29783"
}, {
  "kecamatan" : "Bunguran Tengah",
  "kelurahan" : "Harapan Jaya",
  "kodepos" : "29783"
}, {
  "kecamatan" : "Bunguran Timur Laut",
  "kelurahan" : "Ceruk",
  "kodepos" : "29783"
}, {
  "kecamatan" : "Bunguran Utara",
  "kelurahan" : "Gunung Durian",
  "kodepos" : "29783"
}, {
  "kecamatan" : "Bunguran Selatan",
  "kelurahan" : "Cemaga Selatan (Setegar)",
  "kodepos" : "29783"
}, {
  "kecamatan" : "Bunguran Selatan",
  "kelurahan" : "Cemaga Tengah",
  "kodepos" : "29783"
}, {
  "kecamatan" : "Bunguran Selatan",
  "kelurahan" : "Cemaga Utara (Singgang Bbulan)",
  "kodepos" : "29783"
}, {
  "kecamatan" : "Bunguran Selatan",
  "kelurahan" : "Cemaga",
  "kodepos" : "29783"
}, {
  "kecamatan" : "Bunguran Utara",
  "kelurahan" : "Belakang Gunung",
  "kodepos" : "29783"
}, {
  "kecamatan" : "Bunguran Timur",
  "kelurahan" : "Batu Gajah",
  "kodepos" : "29783"
}, {
  "kecamatan" : "Bunguran Timur",
  "kelurahan" : "Bandarsyah",
  "kodepos" : "29783"
}, {
  "kecamatan" : "Pulau Laut",
  "kelurahan" : "Air Payang",
  "kodepos" : "29783"
}, {
  "kecamatan" : "Pulau Laut",
  "kelurahan" : "Air Payang",
  "kodepos" : "29783"
}, {
  "kecamatan" : "Bunguran Barat",
  "kelurahan" : "Selaut",
  "kodepos" : "29782"
}, {
  "kecamatan" : "Bunguran Barat",
  "kelurahan" : "Semedang",
  "kodepos" : "29782"
}, {
  "kecamatan" : "Bunguran Barat",
  "kelurahan" : "Sedanau Timur",
  "kodepos" : "29782"
}, {
  "kecamatan" : "Bunguran Barat",
  "kelurahan" : "Sedarat Baru",
  "kodepos" : "29782"
}, {
  "kecamatan" : "Bunguran Barat",
  "kelurahan" : "Pian Tengah",
  "kodepos" : "29782"
}, {
  "kecamatan" : "Bunguran Barat",
  "kelurahan" : "Sedanau",
  "kodepos" : "29782"
}, {
  "kecamatan" : "Bunguran Barat",
  "kelurahan" : "Gunung Putri",
  "kodepos" : "29782"
}, {
  "kecamatan" : "Bunguran Barat",
  "kelurahan" : "Mekar Jaya",
  "kodepos" : "29782"
}, {
  "kecamatan" : "Bunguran Barat",
  "kelurahan" : "Batubi Jaya",
  "kodepos" : "29782"
}, {
  "kecamatan" : "Bunguran Barat",
  "kelurahan" : "Binjai",
  "kodepos" : "29782"
}, {
  "kecamatan" : "Subi",
  "kelurahan" : "Terayak",
  "kodepos" : "29781"
}, {
  "kecamatan" : "Serasan",
  "kelurahan" : "Tanjung Setelung",
  "kodepos" : "29781"
}, {
  "kecamatan" : "Subi",
  "kelurahan" : "Subi Besar Timur",
  "kodepos" : "29781"
}, {
  "kecamatan" : "Serasan",
  "kelurahan" : "Tanjung Balau",
  "kodepos" : "29781"
}, {
  "kecamatan" : "Subi",
  "kelurahan" : "Subi Besar",
  "kodepos" : "29781"
}, {
  "kecamatan" : "Subi",
  "kelurahan" : "Subi",
  "kodepos" : "29781"
}, {
  "kecamatan" : "Serasan",
  "kelurahan" : "Serasan",
  "kodepos" : "29781"
}, {
  "kecamatan" : "Subi",
  "kelurahan" : "Pulau Panjang",
  "kodepos" : "29781"
}, {
  "kecamatan" : "Serasan Timur",
  "kelurahan" : "Payak (Harapan Baru)",
  "kodepos" : "29781"
}, {
  "kecamatan" : "Subi",
  "kelurahan" : "Pulau Kerdau",
  "kodepos" : "29781"
}, {
  "kecamatan" : "Serasan",
  "kelurahan" : "Pangkalan",
  "kodepos" : "29781"
}, {
  "kecamatan" : "Subi",
  "kelurahan" : "Meliah",
  "kodepos" : "29781"
}, {
  "kecamatan" : "Subi",
  "kelurahan" : "Meliah Selatan",
  "kodepos" : "29781"
}, {
  "kecamatan" : "Serasan",
  "kelurahan" : "Kampung Hilir",
  "kodepos" : "29781"
}, {
  "kecamatan" : "Serasan Timur",
  "kelurahan" : "Arung Ayam",
  "kodepos" : "29781"
}, {
  "kecamatan" : "Serasan",
  "kelurahan" : "Batu Berian",
  "kodepos" : "29781"
}, {
  "kecamatan" : "Serasan",
  "kelurahan" : "Jernalik",
  "kodepos" : "29781"
}, {
  "kecamatan" : "Serasan Timur",
  "kelurahan" : "Air Ringau",
  "kodepos" : "29781"
}, {
  "kecamatan" : "Serasan Timur",
  "kelurahan" : "Air Nusa",
  "kodepos" : "29781"
} ]
