[ {
  "kecamatan" : "Cikeusik",
  "kelurahan" : "Umbulan",
  "kodepos" : "42286"
}, {
  "kecamatan" : "Cikeusik",
  "kelurahan" : "Sumurbatu",
  "kodepos" : "42286"
}, {
  "kecamatan" : "Cikeusik",
  "kelurahan" : "Tanjungan",
  "kodepos" : "42286"
}, {
  "kecamatan" : "Cikeusik",
  "kelurahan" : "Sukaseneng",
  "kodepos" : "42286"
}, {
  "kecamatan" : "Cikeusik",
  "kelurahan" : "Sukawaris",
  "kodepos" : "42286"
}, {
  "kecamatan" : "Cikeusik",
  "kelurahan" : "Sukamulya",
  "kodepos" : "42286"
}, {
  "kecamatan" : "Cikeusik",
  "kelurahan" : "Rancaseneng",
  "kodepos" : "42286"
}, {
  "kecamatan" : "Cikeusik",
  "kelurahan" : "Nanggala",
  "kodepos" : "42286"
}, {
  "kecamatan" : "Cikeusik",
  "kelurahan" : "Parungkokosan",
  "kodepos" : "42286"
}, {
  "kecamatan" : "Cikeusik",
  "kelurahan" : "Cikiruhwetan",
  "kodepos" : "42286"
}, {
  "kecamatan" : "Cikeusik",
  "kelurahan" : "Curugciung",
  "kodepos" : "42286"
}, {
  "kecamatan" : "Cikeusik",
  "kelurahan" : "Leuwibalang",
  "kodepos" : "42286"
}, {
  "kecamatan" : "Cikeusik",
  "kelurahan" : "Cikadongdong",
  "kodepos" : "42286"
}, {
  "kecamatan" : "Cikeusik",
  "kelurahan" : "Cikeusik",
  "kodepos" : "42286"
}, {
  "kecamatan" : "Cibaliung",
  "kelurahan" : "Sukajadi",
  "kodepos" : "42285"
}, {
  "kecamatan" : "Cibaliung",
  "kelurahan" : "Sorongan",
  "kodepos" : "42285"
}, {
  "kecamatan" : "Cibaliung",
  "kelurahan" : "Sudimanik",
  "kodepos" : "42285"
}, {
  "kecamatan" : "Cibitung",
  "kelurahan" : "Manglid",
  "kodepos" : "42285"
}, {
  "kecamatan" : "Cibitung",
  "kelurahan" : "Sindangkerta",
  "kodepos" : "42285"
}, {
  "kecamatan" : "Cibaliung",
  "kelurahan" : "Mendung",
  "kodepos" : "42285"
}, {
  "kecamatan" : "Cibitung",
  "kelurahan" : "Malangnengah",
  "kodepos" : "42285"
}, {
  "kecamatan" : "Cibaliung",
  "kelurahan" : "Mahendra",
  "kodepos" : "42285"
}, {
  "kecamatan" : "Cibitung",
  "kelurahan" : "Kiarajangkung",
  "kodepos" : "42285"
}, {
  "kecamatan" : "Cibitung",
  "kelurahan" : "Kiarapayung",
  "kodepos" : "42285"
}, {
  "kecamatan" : "Cibitung",
  "kelurahan" : "Kutakarang",
  "kodepos" : "42285"
}, {
  "kecamatan" : "Cibaliung",
  "kelurahan" : "Curug",
  "kodepos" : "42285"
}, {
  "kecamatan" : "Cibitung",
  "kelurahan" : "Citeluk",
  "kodepos" : "42285"
}, {
  "kecamatan" : "Cibitung",
  "kelurahan" : "Cikiruh",
  "kodepos" : "42285"
}, {
  "kecamatan" : "Cibitung",
  "kelurahan" : "Cikadu",
  "kodepos" : "42285"
}, {
  "kecamatan" : "Cibitung",
  "kelurahan" : "Cikalong",
  "kodepos" : "42285"
}, {
  "kecamatan" : "Cibaliung",
  "kelurahan" : "Cihanjuang",
  "kodepos" : "42285"
}, {
  "kecamatan" : "Cibaliung",
  "kelurahan" : "Cibingbin",
  "kodepos" : "42285"
}, {
  "kecamatan" : "Cimanggu",
  "kelurahan" : "Waringinkurung",
  "kodepos" : "42284"
}, {
  "kecamatan" : "Cibaliung",
  "kelurahan" : "Cibaliung",
  "kodepos" : "42285"
}, {
  "kecamatan" : "Cimanggu",
  "kelurahan" : "Tangkilsari",
  "kodepos" : "42284"
}, {
  "kecamatan" : "Cimanggu",
  "kelurahan" : "Tugu",
  "kodepos" : "42284"
}, {
  "kecamatan" : "Cimanggu",
  "kelurahan" : "Rancapinang",
  "kodepos" : "42284"
}, {
  "kecamatan" : "Cimanggu",
  "kelurahan" : "Mangkualam",
  "kodepos" : "42284"
}, {
  "kecamatan" : "Cimanggu",
  "kelurahan" : "Padasuka",
  "kodepos" : "42284"
}, {
  "kecamatan" : "Cimanggu",
  "kelurahan" : "Cimanggu",
  "kodepos" : "42284"
}, {
  "kecamatan" : "Cimanggu",
  "kelurahan" : "Kramatjaya",
  "kodepos" : "42284"
}, {
  "kecamatan" : "Cimanggu",
  "kelurahan" : "Ciburial",
  "kodepos" : "42284"
}, {
  "kecamatan" : "Cimanggu",
  "kelurahan" : "Cijaralang",
  "kodepos" : "42284"
}, {
  "kecamatan" : "Cimanggu",
  "kelurahan" : "Batuhideung",
  "kodepos" : "42284"
}, {
  "kecamatan" : "Cimanggu",
  "kelurahan" : "Cibadak",
  "kodepos" : "42284"
}, {
  "kecamatan" : "Sumur",
  "kelurahan" : "Tunggaljaya",
  "kodepos" : "42283"
}, {
  "kecamatan" : "Sumur",
  "kelurahan" : "Ujungjaya",
  "kodepos" : "42283"
}, {
  "kecamatan" : "Sumur",
  "kelurahan" : "Sumberjaya",
  "kodepos" : "42283"
}, {
  "kecamatan" : "Sumur",
  "kelurahan" : "Tamanjaya",
  "kodepos" : "42283"
}, {
  "kecamatan" : "Sumur",
  "kelurahan" : "Kertajaya",
  "kodepos" : "42283"
}, {
  "kecamatan" : "Sumur",
  "kelurahan" : "Kertamukti",
  "kodepos" : "42283"
}, {
  "kecamatan" : "Cigeulis",
  "kelurahan" : "Waringinjaya",
  "kodepos" : "42282"
}, {
  "kecamatan" : "Sumur",
  "kelurahan" : "Cigorondong",
  "kodepos" : "42283"
}, {
  "kecamatan" : "Cigeulis",
  "kelurahan" : "Sinarjaya",
  "kodepos" : "42282"
}, {
  "kecamatan" : "Cigeulis",
  "kelurahan" : "Tarumanagara",
  "kodepos" : "42282"
}, {
  "kecamatan" : "Cigeulis",
  "kelurahan" : "Karyabuana",
  "kodepos" : "42282"
}, {
  "kecamatan" : "Cigeulis",
  "kelurahan" : "Katumbiri",
  "kodepos" : "42282"
}, {
  "kecamatan" : "Cigeulis",
  "kelurahan" : "Ciseureuheun",
  "kodepos" : "42282"
}, {
  "kecamatan" : "Cigeulis",
  "kelurahan" : "Karangbolong",
  "kodepos" : "42282"
}, {
  "kecamatan" : "Cigeulis",
  "kelurahan" : "Banyuasih",
  "kodepos" : "42282"
}, {
  "kecamatan" : "Cigeulis",
  "kelurahan" : "Cigeulis",
  "kodepos" : "42282"
}, {
  "kecamatan" : "Panimbang",
  "kelurahan" : "Tanjungjaya",
  "kodepos" : "42281"
}, {
  "kecamatan" : "Sobang",
  "kelurahan" : "Teluklada",
  "kodepos" : "42281"
}, {
  "kecamatan" : "Panimbang",
  "kelurahan" : "Panimbangjaya",
  "kodepos" : "42281"
}, {
  "kecamatan" : "Sobang",
  "kelurahan" : "Pangkalan",
  "kodepos" : "42281"
}, {
  "kecamatan" : "Sobang",
  "kelurahan" : "Sobang",
  "kodepos" : "42281"
}, {
  "kecamatan" : "Panimbang",
  "kelurahan" : "Mekarjaya",
  "kodepos" : "42281"
}, {
  "kecamatan" : "Panimbang",
  "kelurahan" : "Mekarsari",
  "kodepos" : "42281"
}, {
  "kecamatan" : "Sobang",
  "kelurahan" : "Kertaraharja",
  "kodepos" : "42281"
}, {
  "kecamatan" : "Sobang",
  "kelurahan" : "Kutamekar",
  "kodepos" : "42281"
}, {
  "kecamatan" : "Panimbang",
  "kelurahan" : "Citeureup",
  "kodepos" : "42281"
}, {
  "kecamatan" : "Panimbang",
  "kelurahan" : "Gombong",
  "kodepos" : "42281"
}, {
  "kecamatan" : "Sobang",
  "kelurahan" : "Bojen",
  "kodepos" : "42281"
}, {
  "kecamatan" : "Sobang",
  "kelurahan" : "Cimanis",
  "kodepos" : "42281"
}, {
  "kecamatan" : "Sobang",
  "kelurahan" : "Cimanis",
  "kodepos" : "42281"
}, {
  "kecamatan" : "Angsana",
  "kelurahan" : "Padamulya",
  "kodepos" : "42277"
}, {
  "kecamatan" : "Angsana",
  "kelurahan" : "Sumurlaban",
  "kodepos" : "42277"
}, {
  "kecamatan" : "Angsana",
  "kelurahan" : "Kramatmanik",
  "kodepos" : "42277"
}, {
  "kecamatan" : "Angsana",
  "kelurahan" : "Padaherang",
  "kodepos" : "42277"
}, {
  "kecamatan" : "Munjul",
  "kelurahan" : "Lebak",
  "kodepos" : "42277"
}, {
  "kecamatan" : "Angsana",
  "kelurahan" : "Cipinang",
  "kodepos" : "42277"
}, {
  "kecamatan" : "Angsana",
  "kelurahan" : "Kadubadak",
  "kodepos" : "42277"
}, {
  "kecamatan" : "Angsana",
  "kelurahan" : "Karangsari",
  "kodepos" : "42277"
}, {
  "kecamatan" : "Angsana",
  "kelurahan" : "Angsana",
  "kodepos" : "42277"
}, {
  "kecamatan" : "Angsana",
  "kelurahan" : "Cikayas",
  "kodepos" : "42277"
}, {
  "kecamatan" : "Munjul",
  "kelurahan" : "Sukasaba",
  "kodepos" : "42276"
}, {
  "kecamatan" : "Sindangresmi",
  "kelurahan" : "Pasirtenjo",
  "kodepos" : "42276"
}, {
  "kecamatan" : "Sindangresmi",
  "kelurahan" : "Sindangresmi",
  "kodepos" : "42276"
}, {
  "kecamatan" : "Sindangresmi",
  "kelurahan" : "Pasirlancar",
  "kodepos" : "42276"
}, {
  "kecamatan" : "Sindangresmi",
  "kelurahan" : "Pasirloa",
  "kodepos" : "42276"
}, {
  "kecamatan" : "Sindangresmi",
  "kelurahan" : "Pasirdurung",
  "kodepos" : "42276"
}, {
  "kecamatan" : "Munjul",
  "kelurahan" : "Pasanggrahan",
  "kodepos" : "42276"
}, {
  "kecamatan" : "Munjul",
  "kelurahan" : "Munjul",
  "kodepos" : "42276"
}, {
  "kecamatan" : "Munjul",
  "kelurahan" : "Panacaran",
  "kodepos" : "42276"
}, {
  "kecamatan" : "Sindangresmi",
  "kelurahan" : "Kadumalati",
  "kodepos" : "42276"
}, {
  "kecamatan" : "Munjul",
  "kelurahan" : "Kotadukuh",
  "kodepos" : "42276"
}, {
  "kecamatan" : "Munjul",
  "kelurahan" : "Curuglanglang",
  "kodepos" : "42276"
}, {
  "kecamatan" : "Munjul",
  "kelurahan" : "Gunungbatu",
  "kodepos" : "42276"
}, {
  "kecamatan" : "Sindangresmi",
  "kelurahan" : "Ciodeng",
  "kodepos" : "42276"
}, {
  "kecamatan" : "Munjul",
  "kelurahan" : "Cibitung",
  "kodepos" : "42276"
}, {
  "kecamatan" : "Sindangresmi",
  "kelurahan" : "Bojongmanik",
  "kodepos" : "42276"
}, {
  "kecamatan" : "Sindangresmi",
  "kelurahan" : "Campakawarna",
  "kodepos" : "42276"
}, {
  "kecamatan" : "Picung",
  "kelurahan" : "Pasirpanjang",
  "kodepos" : "42275"
}, {
  "kecamatan" : "Picung",
  "kelurahan" : "Pasirsedang",
  "kodepos" : "42275"
}, {
  "kecamatan" : "Picung",
  "kelurahan" : "Kadubera",
  "kodepos" : "42275"
}, {
  "kecamatan" : "Picung",
  "kelurahan" : "Kolelet",
  "kodepos" : "42275"
}, {
  "kecamatan" : "Picung",
  "kelurahan" : "Bungurcopong",
  "kodepos" : "42275"
}, {
  "kecamatan" : "Picung",
  "kelurahan" : "Cililitan",
  "kodepos" : "42275"
}, {
  "kecamatan" : "Picung",
  "kelurahan" : "Ganggaeng",
  "kodepos" : "42275"
}, {
  "kecamatan" : "Bojong",
  "kelurahan" : "Mekarsari",
  "kodepos" : "42274"
}, {
  "kecamatan" : "Bojong",
  "kelurahan" : "Citumenggung",
  "kodepos" : "42274"
}, {
  "kecamatan" : "Bojong",
  "kelurahan" : "Geredug",
  "kodepos" : "42274"
}, {
  "kecamatan" : "Bojong",
  "kelurahan" : "Manggungjaya",
  "kodepos" : "42274"
}, {
  "kecamatan" : "Bojong",
  "kelurahan" : "Cahayamekar",
  "kodepos" : "42274"
}, {
  "kecamatan" : "Bojong",
  "kelurahan" : "Cijakan",
  "kodepos" : "42274"
}, {
  "kecamatan" : "Bojong",
  "kelurahan" : "Banyumas",
  "kodepos" : "42274"
}, {
  "kecamatan" : "Bojong",
  "kelurahan" : "Bojong",
  "kodepos" : "42274"
}, {
  "kecamatan" : "Saketi",
  "kelurahan" : "Talagasari",
  "kodepos" : "42273"
}, {
  "kecamatan" : "Saketi",
  "kelurahan" : "Wanagiri",
  "kodepos" : "42273"
}, {
  "kecamatan" : "Saketi",
  "kelurahan" : "Sodong",
  "kodepos" : "42273"
}, {
  "kecamatan" : "Saketi",
  "kelurahan" : "Sindanghayu",
  "kodepos" : "42273"
}, {
  "kecamatan" : "Saketi",
  "kelurahan" : "Sukalangu",
  "kodepos" : "42273"
}, {
  "kecamatan" : "Pulosari",
  "kelurahan" : "Sanghiangdengdek",
  "kodepos" : "42273"
}, {
  "kecamatan" : "Saketi",
  "kelurahan" : "Saketi",
  "kodepos" : "42273"
}, {
  "kecamatan" : "Cisata",
  "kelurahan" : "Rawasari",
  "kodepos" : "42273"
}, {
  "kecamatan" : "Saketi",
  "kelurahan" : "Parigi",
  "kodepos" : "42273"
}, {
  "kecamatan" : "Cisata",
  "kelurahan" : "Pasireurih",
  "kodepos" : "42273"
}, {
  "kecamatan" : "Cisata",
  "kelurahan" : "Palembang",
  "kodepos" : "42273"
}, {
  "kecamatan" : "Saketi",
  "kelurahan" : "Medalsari",
  "kodepos" : "42273"
}, {
  "kecamatan" : "Saketi",
  "kelurahan" : "Mekarwangi",
  "kodepos" : "42273"
}, {
  "kecamatan" : "Saketi",
  "kelurahan" : "Langensari",
  "kodepos" : "42273"
}, {
  "kecamatan" : "Saketi",
  "kelurahan" : "Majau",
  "kodepos" : "42273"
}, {
  "kecamatan" : "Cisata",
  "kelurahan" : "Kondangjaya",
  "kodepos" : "42273"
}, {
  "kecamatan" : "Cisata",
  "kelurahan" : "Kubangkondang",
  "kodepos" : "42273"
}, {
  "kecamatan" : "Cisata",
  "kelurahan" : "Kaduronyok",
  "kodepos" : "42273"
}, {
  "kecamatan" : "Saketi",
  "kelurahan" : "Kadudampit",
  "kodepos" : "42273"
}, {
  "kecamatan" : "Saketi",
  "kelurahan" : "Girijaya",
  "kodepos" : "42273"
}, {
  "kecamatan" : "Pulosari",
  "kelurahan" : "Cilentung",
  "kodepos" : "42273"
}, {
  "kecamatan" : "Cisata",
  "kelurahan" : "Cisereh",
  "kodepos" : "42273"
}, {
  "kecamatan" : "Cisata",
  "kelurahan" : "Cibarani",
  "kodepos" : "42273"
}, {
  "kecamatan" : "Cisata",
  "kelurahan" : "Ciherangjaya",
  "kodepos" : "42273"
}, {
  "kecamatan" : "Saketi",
  "kelurahan" : "Ciandur",
  "kodepos" : "42273"
}, {
  "kecamatan" : "Pulosari",
  "kelurahan" : "Banjarnegara",
  "kodepos" : "42273"
}, {
  "kecamatan" : "Cipeucang",
  "kelurahan" : "Pasireurih",
  "kodepos" : "42272"
}, {
  "kecamatan" : "Cipeucang",
  "kelurahan" : "Pasirmae",
  "kodepos" : "42272"
}, {
  "kecamatan" : "Cipeucang",
  "kelurahan" : "Parumasan",
  "kodepos" : "42272"
}, {
  "kecamatan" : "Cipeucang",
  "kelurahan" : "Palanyar",
  "kodepos" : "42272"
}, {
  "kecamatan" : "Cipeucang",
  "kelurahan" : "Kalanggunung",
  "kodepos" : "42272"
}, {
  "kecamatan" : "Cipeucang",
  "kelurahan" : "Koncang",
  "kodepos" : "42272"
}, {
  "kecamatan" : "Cipeucang",
  "kelurahan" : "Cikadueun",
  "kodepos" : "42272"
}, {
  "kecamatan" : "Cipeucang",
  "kelurahan" : "Curugbarang",
  "kodepos" : "42272"
}, {
  "kecamatan" : "Cipeucang",
  "kelurahan" : "Kadugadung",
  "kodepos" : "42272"
}, {
  "kecamatan" : "Cipeucang",
  "kelurahan" : "Baturanjang",
  "kodepos" : "42272"
}, {
  "kecamatan" : "Cikeudal (Cikedal)",
  "kelurahan" : "Tegal",
  "kodepos" : "42271"
}, {
  "kecamatan" : "Mekarjaya",
  "kelurahan" : "Sukamulya",
  "kodepos" : "42271"
}, {
  "kecamatan" : "Mekarjaya",
  "kelurahan" : "Wirasinga",
  "kodepos" : "42271"
}, {
  "kecamatan" : "Mekarjaya",
  "kelurahan" : "Rancabugel",
  "kodepos" : "42271"
}, {
  "kecamatan" : "Cimanuk",
  "kelurahan" : "Rocek",
  "kodepos" : "42271"
}, {
  "kecamatan" : "Cimanuk",
  "kelurahan" : "Sekong",
  "kodepos" : "42271"
}, {
  "kecamatan" : "Cikeudal (Cikedal)",
  "kelurahan" : "Padahayu",
  "kodepos" : "42271"
}, {
  "kecamatan" : "Mekarjaya",
  "kelurahan" : "Pareang",
  "kodepos" : "42271"
}, {
  "kecamatan" : "Cikeudal (Cikedal)",
  "kelurahan" : "Mekarjaya",
  "kodepos" : "42271"
}, {
  "kecamatan" : "Mekarjaya",
  "kelurahan" : "Mekarjaya",
  "kodepos" : "42271"
}, {
  "kecamatan" : "Mekarjaya",
  "kelurahan" : "Medong",
  "kodepos" : "42271"
}, {
  "kecamatan" : "Cimanuk",
  "kelurahan" : "Kupahandap",
  "kodepos" : "42271"
}, {
  "kecamatan" : "Cimanuk",
  "kelurahan" : "Kadumadang",
  "kodepos" : "42271"
}, {
  "kecamatan" : "Cikeudal (Cikedal)",
  "kelurahan" : "Karyasari",
  "kodepos" : "42271"
}, {
  "kecamatan" : "Cikeudal (Cikedal)",
  "kelurahan" : "Karyautama",
  "kodepos" : "42271"
}, {
  "kecamatan" : "Cimanuk",
  "kelurahan" : "Kadudodol",
  "kodepos" : "42271"
}, {
  "kecamatan" : "Mekarjaya",
  "kelurahan" : "Kadujangkung",
  "kodepos" : "42271"
}, {
  "kecamatan" : "Cimanuk",
  "kelurahan" : "Kadubungbang",
  "kodepos" : "42271"
}, {
  "kecamatan" : "Mekarjaya",
  "kelurahan" : "Kadubelang",
  "kodepos" : "42271"
}, {
  "kecamatan" : "Cimanuk",
  "kelurahan" : "Gunungcupu",
  "kodepos" : "42271"
}, {
  "kecamatan" : "Cimanuk",
  "kelurahan" : "Gunungdatar",
  "kodepos" : "42271"
}, {
  "kecamatan" : "Cimanuk",
  "kelurahan" : "Dalembalar",
  "kodepos" : "42271"
}, {
  "kecamatan" : "Cikeudal (Cikedal)",
  "kelurahan" : "Dahu",
  "kodepos" : "42271"
}, {
  "kecamatan" : "Cimanuk",
  "kelurahan" : "Cimanuk",
  "kodepos" : "42271"
}, {
  "kecamatan" : "Cikeudal (Cikedal)",
  "kelurahan" : "Cipicung",
  "kodepos" : "42271"
}, {
  "kecamatan" : "Sukaresmi",
  "kelurahan" : "Weru",
  "kodepos" : "42265"
}, {
  "kecamatan" : "Cimanuk",
  "kelurahan" : "Batubantar",
  "kodepos" : "42271"
}, {
  "kecamatan" : "Cikeudal (Cikedal)",
  "kelurahan" : "Babakanlor",
  "kodepos" : "42271"
}, {
  "kecamatan" : "Cikeudal (Cikedal)",
  "kelurahan" : "Bangkuyung",
  "kodepos" : "42271"
}, {
  "kecamatan" : "Pagelaran",
  "kelurahan" : "Tegalpapak",
  "kodepos" : "42265"
}, {
  "kecamatan" : "Cikeudal (Cikedal)",
  "kelurahan" : "Cening",
  "kodepos" : "42271"
}, {
  "kecamatan" : "Patia",
  "kelurahan" : "Turus",
  "kodepos" : "42265"
}, {
  "kecamatan" : "Pagelaran",
  "kelurahan" : "Surakarta",
  "kodepos" : "42265"
}, {
  "kecamatan" : "Patia",
  "kelurahan" : "Surianeun",
  "kodepos" : "42265"
}, {
  "kecamatan" : "Sukaresmi",
  "kelurahan" : "Sukaresmi",
  "kodepos" : "42265"
}, {
  "kecamatan" : "Pagelaran",
  "kelurahan" : "Sukadame",
  "kodepos" : "42265"
}, {
  "kecamatan" : "Pagelaran",
  "kelurahan" : "Sindanglaya",
  "kodepos" : "42265"
}, {
  "kecamatan" : "Patia",
  "kelurahan" : "Simpangtiga",
  "kodepos" : "42265"
}, {
  "kecamatan" : "Sukaresmi",
  "kelurahan" : "Seuseupan",
  "kodepos" : "42265"
}, {
  "kecamatan" : "Sukaresmi",
  "kelurahan" : "Sidamukti",
  "kodepos" : "42265"
}, {
  "kecamatan" : "Pagelaran",
  "kelurahan" : "Senangsari",
  "kodepos" : "42265"
}, {
  "kecamatan" : "Patia",
  "kelurahan" : "Rahayu",
  "kodepos" : "42265"
}, {
  "kecamatan" : "Sukaresmi",
  "kelurahan" : "Perdana",
  "kodepos" : "42265"
}, {
  "kecamatan" : "Patia",
  "kelurahan" : "Pasirgadung",
  "kodepos" : "42265"
}, {
  "kecamatan" : "Patia",
  "kelurahan" : "Patia",
  "kodepos" : "42265"
}, {
  "kecamatan" : "Sukaresmi",
  "kelurahan" : "Pasirkadu",
  "kodepos" : "42265"
}, {
  "kecamatan" : "Pagelaran",
  "kelurahan" : "Montor",
  "kodepos" : "42265"
}, {
  "kecamatan" : "Pagelaran",
  "kelurahan" : "Pagelaran",
  "kodepos" : "42265"
}, {
  "kecamatan" : "Pagelaran",
  "kelurahan" : "Margagiri",
  "kodepos" : "42265"
}, {
  "kecamatan" : "Pagelaran",
  "kelurahan" : "Margasana",
  "kodepos" : "42265"
}, {
  "kecamatan" : "Pagelaran",
  "kelurahan" : "Kartasana",
  "kodepos" : "42265"
}, {
  "kecamatan" : "Sukaresmi",
  "kelurahan" : "Karyasari",
  "kodepos" : "42265"
}, {
  "kecamatan" : "Sukaresmi",
  "kelurahan" : "Kubangkampil",
  "kodepos" : "42265"
}, {
  "kecamatan" : "Patia",
  "kelurahan" : "Idaman",
  "kodepos" : "42265"
}, {
  "kecamatan" : "Pagelaran",
  "kelurahan" : "Harapankarya",
  "kodepos" : "42265"
}, {
  "kecamatan" : "Patia",
  "kelurahan" : "Cimoyan",
  "kodepos" : "42265"
}, {
  "kecamatan" : "Sukaresmi",
  "kelurahan" : "Cikuya",
  "kodepos" : "42265"
}, {
  "kecamatan" : "Patia",
  "kelurahan" : "Ciawi",
  "kodepos" : "42265"
}, {
  "kecamatan" : "Sukaresmi",
  "kelurahan" : "Cibungur",
  "kodepos" : "42265"
}, {
  "kecamatan" : "Patia",
  "kelurahan" : "Babakankeusik",
  "kodepos" : "42265"
}, {
  "kecamatan" : "Pagelaran",
  "kelurahan" : "Bama",
  "kodepos" : "42265"
}, {
  "kecamatan" : "Pagelaran",
  "kelurahan" : "Bulagor",
  "kodepos" : "42265"
}, {
  "kecamatan" : "Labuan",
  "kelurahan" : "Teluk",
  "kodepos" : "42264"
}, {
  "kecamatan" : "Carita",
  "kelurahan" : "Tembong",
  "kodepos" : "42264"
}, {
  "kecamatan" : "Carita",
  "kelurahan" : "Sukanagara",
  "kodepos" : "42264"
}, {
  "kecamatan" : "Carita",
  "kelurahan" : "Sukarame",
  "kodepos" : "42264"
}, {
  "kecamatan" : "Labuan",
  "kelurahan" : "Sukamaju",
  "kodepos" : "42264"
}, {
  "kecamatan" : "Carita",
  "kelurahan" : "Sukajadi",
  "kodepos" : "42264"
}, {
  "kecamatan" : "Labuan",
  "kelurahan" : "Rancateureup",
  "kodepos" : "42264"
}, {
  "kecamatan" : "Carita",
  "kelurahan" : "Pejamben",
  "kodepos" : "42264"
}, {
  "kecamatan" : "Carita",
  "kelurahan" : "Sindanglaut",
  "kodepos" : "42264"
}, {
  "kecamatan" : "Labuan",
  "kelurahan" : "Labuan",
  "kodepos" : "42264"
}, {
  "kecamatan" : "Carita",
  "kelurahan" : "Kawoyang",
  "kodepos" : "42264"
}, {
  "kecamatan" : "Labuan",
  "kelurahan" : "Cigondang",
  "kodepos" : "42264"
}, {
  "kecamatan" : "Labuan",
  "kelurahan" : "Kalanganyar",
  "kodepos" : "42264"
}, {
  "kecamatan" : "Carita",
  "kelurahan" : "Cinoyong",
  "kodepos" : "42264"
}, {
  "kecamatan" : "Labuan",
  "kelurahan" : "Banyumekar",
  "kodepos" : "42264"
}, {
  "kecamatan" : "Labuan",
  "kelurahan" : "Caringin",
  "kodepos" : "42264"
}, {
  "kecamatan" : "Carita",
  "kelurahan" : "Carita",
  "kodepos" : "42264"
}, {
  "kecamatan" : "Carita",
  "kelurahan" : "Banjarmasin",
  "kodepos" : "42264"
}, {
  "kecamatan" : "Labuan",
  "kelurahan" : "Banyubiru",
  "kodepos" : "42264"
}, {
  "kecamatan" : "Jiput",
  "kelurahan" : "Tenjolahang",
  "kodepos" : "42263"
}, {
  "kecamatan" : "Jiput",
  "kelurahan" : "Sukacai",
  "kodepos" : "42263"
}, {
  "kecamatan" : "Jiput",
  "kelurahan" : "Sukamanah",
  "kodepos" : "42263"
}, {
  "kecamatan" : "Pulosari",
  "kelurahan" : "Sukaraja",
  "kodepos" : "42263"
}, {
  "kecamatan" : "Jiput",
  "kelurahan" : "Sampangbitung",
  "kodepos" : "42263"
}, {
  "kecamatan" : "Jiput",
  "kelurahan" : "Sikulan",
  "kodepos" : "42263"
}, {
  "kecamatan" : "Jiput",
  "kelurahan" : "Pamarayan",
  "kodepos" : "42263"
}, {
  "kecamatan" : "Jiput",
  "kelurahan" : "Salapraya",
  "kodepos" : "42263"
}, {
  "kecamatan" : "Jiput",
  "kelurahan" : "Jayamekar",
  "kodepos" : "42263"
}, {
  "kecamatan" : "Jiput",
  "kelurahan" : "Jiput",
  "kodepos" : "42263"
}, {
  "kecamatan" : "Jiput",
  "kelurahan" : "Banyuresmi",
  "kodepos" : "42263"
}, {
  "kecamatan" : "Jiput",
  "kelurahan" : "Citaman",
  "kodepos" : "42263"
}, {
  "kecamatan" : "Jiput",
  "kelurahan" : "Janaka",
  "kodepos" : "42263"
}, {
  "kecamatan" : "Menes",
  "kelurahan" : "Tegalwangi",
  "kodepos" : "42262"
}, {
  "kecamatan" : "Jiput",
  "kelurahan" : "Babadsari",
  "kodepos" : "42263"
}, {
  "kecamatan" : "Menes",
  "kelurahan" : "Sukamanah",
  "kodepos" : "42262"
}, {
  "kecamatan" : "Pulosari",
  "kelurahan" : "Sukasari",
  "kodepos" : "42262"
}, {
  "kecamatan" : "Menes",
  "kelurahan" : "Ramaya",
  "kodepos" : "42262"
}, {
  "kecamatan" : "Menes",
  "kelurahan" : "Sindangkarya",
  "kodepos" : "42262"
}, {
  "kecamatan" : "Menes",
  "kelurahan" : "Menes",
  "kodepos" : "42262"
}, {
  "kecamatan" : "Menes",
  "kelurahan" : "Muruy",
  "kodepos" : "42262"
}, {
  "kecamatan" : "Menes",
  "kelurahan" : "Purwaraja",
  "kodepos" : "42262"
}, {
  "kecamatan" : "Pulosari",
  "kelurahan" : "Koranji",
  "kodepos" : "42262"
}, {
  "kecamatan" : "Menes",
  "kelurahan" : "Kananga",
  "kodepos" : "42262"
}, {
  "kecamatan" : "Pulosari",
  "kelurahan" : "Karyawangi",
  "kodepos" : "42262"
}, {
  "kecamatan" : "Menes",
  "kelurahan" : "Kadupayung",
  "kodepos" : "42262"
}, {
  "kecamatan" : "Pulosari",
  "kelurahan" : "Banjarwangi",
  "kodepos" : "42262"
}, {
  "kecamatan" : "Menes",
  "kelurahan" : "Cigandeng",
  "kodepos" : "42262"
}, {
  "kecamatan" : "Menes",
  "kelurahan" : "Cilabanbulan",
  "kodepos" : "42262"
}, {
  "kecamatan" : "Menes",
  "kelurahan" : "Alaswangi",
  "kodepos" : "42262"
}, {
  "kecamatan" : "Mandalawangi",
  "kelurahan" : "Sinarjaya",
  "kodepos" : "42261"
}, {
  "kecamatan" : "Mandalawangi",
  "kelurahan" : "Sirnagalih",
  "kodepos" : "42261"
}, {
  "kecamatan" : "Mandalawangi",
  "kelurahan" : "Panjangjaya",
  "kodepos" : "42261"
}, {
  "kecamatan" : "Mandalawangi",
  "kelurahan" : "Pari",
  "kodepos" : "42261"
}, {
  "kecamatan" : "Mandalawangi",
  "kelurahan" : "Ramea",
  "kodepos" : "42261"
}, {
  "kecamatan" : "Mandalawangi",
  "kelurahan" : "Nembol",
  "kodepos" : "42261"
}, {
  "kecamatan" : "Mandalawangi",
  "kelurahan" : "Pandat",
  "kodepos" : "42261"
}, {
  "kecamatan" : "Mandalawangi",
  "kelurahan" : "Kurungkambing",
  "kodepos" : "42261"
}, {
  "kecamatan" : "Mandalawangi",
  "kelurahan" : "Mandalasari",
  "kodepos" : "42261"
}, {
  "kecamatan" : "Mandalawangi",
  "kelurahan" : "Mandalawangi",
  "kodepos" : "42261"
}, {
  "kecamatan" : "Mandalawangi",
  "kelurahan" : "Giripawana",
  "kodepos" : "42261"
}, {
  "kecamatan" : "Mandalawangi",
  "kelurahan" : "Gunungsari",
  "kodepos" : "42261"
}, {
  "kecamatan" : "Mandalawangi",
  "kelurahan" : "Cikumbueun",
  "kodepos" : "42261"
}, {
  "kecamatan" : "Mandalawangi",
  "kelurahan" : "Curuglemo",
  "kodepos" : "42261"
}, {
  "kecamatan" : "Mandalawangi",
  "kelurahan" : "Cikoneng",
  "kodepos" : "42261"
}, {
  "kecamatan" : "Kaduhejo",
  "kelurahan" : "Sukasari",
  "kodepos" : "42253"
}, {
  "kecamatan" : "Kaduhejo",
  "kelurahan" : "Saninten",
  "kodepos" : "42253"
}, {
  "kecamatan" : "Kaduhejo",
  "kelurahan" : "Sukamanah",
  "kodepos" : "42253"
}, {
  "kecamatan" : "Kaduhejo",
  "kelurahan" : "Mandalasari",
  "kodepos" : "42253"
}, {
  "kecamatan" : "Kaduhejo",
  "kelurahan" : "Palurahan",
  "kodepos" : "42253"
}, {
  "kecamatan" : "Kaduhejo",
  "kelurahan" : "Kadugemblo",
  "kodepos" : "42253"
}, {
  "kecamatan" : "Pulosari",
  "kelurahan" : "Kaduhejo",
  "kodepos" : "42253"
}, {
  "kecamatan" : "Kaduhejo",
  "kelurahan" : "Campaka",
  "kodepos" : "42253"
}, {
  "kecamatan" : "Kaduhejo",
  "kelurahan" : "Ciputri",
  "kodepos" : "42253"
}, {
  "kecamatan" : "Kaduhejo",
  "kelurahan" : "Banjarsari",
  "kodepos" : "42253"
}, {
  "kecamatan" : "Kaduhejo",
  "kelurahan" : "Bayumundu",
  "kodepos" : "42253"
}, {
  "kecamatan" : "Banjar",
  "kelurahan" : "Pasirawi",
  "kodepos" : "42252"
}, {
  "kecamatan" : "Banjar",
  "kelurahan" : "Mogana",
  "kodepos" : "42252"
}, {
  "kecamatan" : "Banjar",
  "kelurahan" : "Kadumaneuh",
  "kodepos" : "42252"
}, {
  "kecamatan" : "Banjar",
  "kelurahan" : "Kadulimus",
  "kodepos" : "42252"
}, {
  "kecamatan" : "Banjar",
  "kelurahan" : "Citalahab",
  "kodepos" : "42252"
}, {
  "kecamatan" : "Banjar",
  "kelurahan" : "Gunungputri",
  "kodepos" : "42252"
}, {
  "kecamatan" : "Banjar",
  "kelurahan" : "Kadubale",
  "kodepos" : "42252"
}, {
  "kecamatan" : "Banjar",
  "kelurahan" : "Cibeureum",
  "kodepos" : "42252"
}, {
  "kecamatan" : "Banjar",
  "kelurahan" : "Cibodas",
  "kodepos" : "42252"
}, {
  "kecamatan" : "Banjar",
  "kelurahan" : "Banjar",
  "kodepos" : "42252"
}, {
  "kecamatan" : "Banjar",
  "kelurahan" : "Bandung",
  "kodepos" : "42252"
}, {
  "kecamatan" : "Koroncong",
  "kelurahan" : "Tegalongok",
  "kodepos" : "42251"
}, {
  "kecamatan" : "Cadasari",
  "kelurahan" : "Tapos",
  "kodepos" : "42251"
}, {
  "kecamatan" : "Koroncong",
  "kelurahan" : "Sukajaya",
  "kodepos" : "42251"
}, {
  "kecamatan" : "Cadasari",
  "kelurahan" : "Tanagara",
  "kodepos" : "42251"
}, {
  "kecamatan" : "Koroncong",
  "kelurahan" : "Setrajaya",
  "kodepos" : "42251"
}, {
  "kecamatan" : "Cadasari",
  "kelurahan" : "Pasirpeuteuy",
  "kodepos" : "42251"
}, {
  "kecamatan" : "Koroncong",
  "kelurahan" : "Pasirkarang",
  "kodepos" : "42251"
}, {
  "kecamatan" : "Koroncong",
  "kelurahan" : "Pasirjaksa",
  "kodepos" : "42251"
}, {
  "kecamatan" : "Koroncong",
  "kelurahan" : "Paniis",
  "kodepos" : "42251"
}, {
  "kecamatan" : "Karang Tanjung",
  "kelurahan" : "Pagadungan",
  "kodepos" : "42251"
}, {
  "kecamatan" : "Koroncong",
  "kelurahan" : "Pakuluran",
  "kodepos" : "42251"
}, {
  "kecamatan" : "Cadasari",
  "kelurahan" : "Kurungdahu",
  "kodepos" : "42251"
}, {
  "kecamatan" : "Koroncong",
  "kelurahan" : "Koroncong",
  "kodepos" : "42251"
}, {
  "kecamatan" : "Cadasari",
  "kelurahan" : "Koranji",
  "kodepos" : "42251"
}, {
  "kecamatan" : "Cadasari",
  "kelurahan" : "Kaungcaang",
  "kodepos" : "42251"
}, {
  "kecamatan" : "Karang Tanjung",
  "kelurahan" : "Kadumerak",
  "kodepos" : "42251"
}, {
  "kecamatan" : "Koroncong",
  "kelurahan" : "Karangsetra",
  "kodepos" : "42251"
}, {
  "kecamatan" : "Cadasari",
  "kelurahan" : "Kaduengang",
  "kodepos" : "42251"
}, {
  "kecamatan" : "Cadasari",
  "kelurahan" : "Kaduela",
  "kodepos" : "42251"
}, {
  "kecamatan" : "Koroncong",
  "kelurahan" : "Gerendong",
  "kodepos" : "42251"
}, {
  "kecamatan" : "Cadasari",
  "kelurahan" : "Cikentrung",
  "kodepos" : "42251"
}, {
  "kecamatan" : "Karang Tanjung",
  "kelurahan" : "Cigadung",
  "kodepos" : "42251"
}, {
  "kecamatan" : "Cadasari",
  "kelurahan" : "Ciinjuk",
  "kodepos" : "42251"
}, {
  "kecamatan" : "Cadasari",
  "kelurahan" : "Cadasari",
  "kodepos" : "42251"
}, {
  "kecamatan" : "Koroncong",
  "kelurahan" : "Bangkonol",
  "kodepos" : "42251"
}, {
  "kecamatan" : "Koroncong",
  "kelurahan" : "Awilega",
  "kodepos" : "42251"
}, {
  "kecamatan" : "Pandeglang",
  "kelurahan" : "Babakan Kalang Anyar",
  "kodepos" : "42219"
}, {
  "kecamatan" : "Pandeglang",
  "kelurahan" : "Kadomas",
  "kodepos" : "42218"
}, {
  "kecamatan" : "Majasari",
  "kelurahan" : "Sukaratu",
  "kodepos" : "42217"
}, {
  "kecamatan" : "Majasari",
  "kelurahan" : "Saruni",
  "kodepos" : "42216"
}, {
  "kecamatan" : "Majasari",
  "kelurahan" : "Pagerbatu",
  "kodepos" : "42215"
}, {
  "kecamatan" : "Majasari",
  "kelurahan" : "Cilaja",
  "kodepos" : "42214"
}, {
  "kecamatan" : "Picung",
  "kelurahan" : "Kadupandak",
  "kodepos" : "42213"
}, {
  "kecamatan" : "Karang Tanjung",
  "kelurahan" : "Juhut",
  "kodepos" : "42213"
}, {
  "kecamatan" : "Picung",
  "kelurahan" : "Ciherang",
  "kodepos" : "42213"
}, {
  "kecamatan" : "Pandeglang",
  "kelurahan" : "Kabayan",
  "kodepos" : "42212"
}, {
  "kecamatan" : "Pandeglang",
  "kelurahan" : "Pandeglang",
  "kodepos" : "42211"
}, {
  "kecamatan" : "Majasari",
  "kelurahan" : "Karaton",
  "kodepos" : "42211"
} ]
