[ {
  "kecamatan" : "Durai",
  "kelurahan" : "Tanjung Kilang",
  "kodepos" : "29664"
}, {
  "kecamatan" : "Meral",
  "kelurahan" : "Sungai Pasir",
  "kodepos" : "29664"
}, {
  "kecamatan" : "Buru",
  "kelurahan" : "Tanjung Batu Kecil",
  "kodepos" : "29664"
}, {
  "kecamatan" : "Buru",
  "kelurahan" : "Tanjung Hutan",
  "kodepos" : "29664"
}, {
  "kecamatan" : "Meral",
  "kelurahan" : "Sei/Sungai Raya",
  "kodepos" : "29664"
}, {
  "kecamatan" : "Durai",
  "kelurahan" : "Simembang (Semembang)",
  "kodepos" : "29664"
}, {
  "kecamatan" : "Meral",
  "kelurahan" : "Pasir Benut",
  "kodepos" : "29664"
}, {
  "kecamatan" : "Meral Barat",
  "kelurahan" : "Pasir Panjang",
  "kodepos" : "29664"
}, {
  "kecamatan" : "Durai",
  "kelurahan" : "Sanglar",
  "kodepos" : "29664"
}, {
  "kecamatan" : "Meral Barat",
  "kelurahan" : "Pangke",
  "kodepos" : "29664"
}, {
  "kecamatan" : "Meral Barat",
  "kelurahan" : "Pangke Barat",
  "kodepos" : "29664"
}, {
  "kecamatan" : "Buru",
  "kelurahan" : "Lubuk Puding",
  "kodepos" : "29664"
}, {
  "kecamatan" : "Meral",
  "kelurahan" : "Meral Kota",
  "kodepos" : "29664"
}, {
  "kecamatan" : "Meral Barat",
  "kelurahan" : "Darussalam",
  "kodepos" : "29664"
}, {
  "kecamatan" : "Durai",
  "kelurahan" : "Durai",
  "kodepos" : "29664"
}, {
  "kecamatan" : "Buru",
  "kelurahan" : "Buru",
  "kodepos" : "29664"
}, {
  "kecamatan" : "Meral",
  "kelurahan" : "Baran Barat",
  "kodepos" : "29664"
}, {
  "kecamatan" : "Meral",
  "kelurahan" : "Baran Timur",
  "kodepos" : "29664"
}, {
  "kecamatan" : "Tebing",
  "kelurahan" : "Tebing",
  "kodepos" : "29663"
}, {
  "kecamatan" : "Tebing",
  "kelurahan" : "Teluk Uma",
  "kodepos" : "29663"
}, {
  "kecamatan" : "Moro",
  "kelurahan" : "Sugie",
  "kodepos" : "29663"
}, {
  "kecamatan" : "Moro",
  "kelurahan" : "Tanjung Pelanduk",
  "kodepos" : "29663"
}, {
  "kecamatan" : "Moro",
  "kelurahan" : "Selat Mie",
  "kodepos" : "29663"
}, {
  "kecamatan" : "Moro",
  "kelurahan" : "Pulaumoro",
  "kodepos" : "29663"
}, {
  "kecamatan" : "Moro",
  "kelurahan" : "Rawajaya",
  "kodepos" : "29663"
}, {
  "kecamatan" : "Tebing",
  "kelurahan" : "Pongkar",
  "kodepos" : "29663"
}, {
  "kecamatan" : "Moro",
  "kelurahan" : "Pauh",
  "kodepos" : "29663"
}, {
  "kecamatan" : "Tebing",
  "kelurahan" : "Pamak",
  "kodepos" : "29663"
}, {
  "kecamatan" : "Moro",
  "kelurahan" : "Moro Timur",
  "kodepos" : "29663"
}, {
  "kecamatan" : "Moro",
  "kelurahan" : "Niur Permai",
  "kodepos" : "29663"
}, {
  "kecamatan" : "Moro",
  "kelurahan" : "Keban",
  "kodepos" : "29663"
}, {
  "kecamatan" : "Moro",
  "kelurahan" : "Moro",
  "kodepos" : "29663"
}, {
  "kecamatan" : "Tebing",
  "kelurahan" : "Kapling",
  "kodepos" : "29663"
}, {
  "kecamatan" : "Tebing",
  "kelurahan" : "Harjosari",
  "kodepos" : "29663"
}, {
  "kecamatan" : "Moro",
  "kelurahan" : "Jang (Pulau Jang)",
  "kodepos" : "29663"
}, {
  "kecamatan" : "Kundur Utara",
  "kelurahan" : "Teluk Radang",
  "kodepos" : "29662"
}, {
  "kecamatan" : "Moro",
  "kelurahan" : "Buluh Patah",
  "kodepos" : "29663"
}, {
  "kecamatan" : "Kundur Utara",
  "kelurahan" : "Tanjung Berlian Kota (Urung)",
  "kodepos" : "29662"
}, {
  "kecamatan" : "Belat",
  "kelurahan" : "Tebias",
  "kodepos" : "29662"
}, {
  "kecamatan" : "Kundur Utara",
  "kelurahan" : "Tanjung Berlian Barat (Urung Barat)",
  "kodepos" : "29662"
}, {
  "kecamatan" : "Kundur",
  "kelurahan" : "Tanjung Batu Barat",
  "kodepos" : "29662"
}, {
  "kecamatan" : "Kundur",
  "kelurahan" : "Tanjung Batu Kota",
  "kodepos" : "29662"
}, {
  "kecamatan" : "Ungar",
  "kelurahan" : "Sungai Buluh",
  "kodepos" : "29662"
}, {
  "kecamatan" : "Kundur Utara",
  "kelurahan" : "Sei/Sungai Ungar Utara",
  "kodepos" : "29662"
}, {
  "kecamatan" : "Kundur",
  "kelurahan" : "Sei/Sungai Ungar",
  "kodepos" : "29662"
}, {
  "kecamatan" : "Belat",
  "kelurahan" : "Sei/Sungai Asam",
  "kodepos" : "29662"
}, {
  "kecamatan" : "Kundur",
  "kelurahan" : "Sebesi (Sei Sebesi)",
  "kodepos" : "29662"
}, {
  "kecamatan" : "Kundur Barat",
  "kelurahan" : "Sawang Selatan",
  "kodepos" : "29662"
}, {
  "kecamatan" : "Belat",
  "kelurahan" : "Sebele",
  "kodepos" : "29662"
}, {
  "kecamatan" : "Kundur Barat",
  "kelurahan" : "Sawang",
  "kodepos" : "29662"
}, {
  "kecamatan" : "Kundur Barat",
  "kelurahan" : "Sawang Laut",
  "kodepos" : "29662"
}, {
  "kecamatan" : "Kundur Utara",
  "kelurahan" : "Perayun",
  "kodepos" : "29662"
}, {
  "kecamatan" : "Belat",
  "kelurahan" : "Penarah",
  "kodepos" : "29662"
}, {
  "kecamatan" : "Ungar",
  "kelurahan" : "Ngal",
  "kodepos" : "29662"
}, {
  "kecamatan" : "Belat",
  "kelurahan" : "Lebuh",
  "kodepos" : "29662"
}, {
  "kecamatan" : "Kundur",
  "kelurahan" : "Lubuk",
  "kodepos" : "29662"
}, {
  "kecamatan" : "Kundur Barat",
  "kelurahan" : "Kundur",
  "kodepos" : "29662"
}, {
  "kecamatan" : "Kundur",
  "kelurahan" : "Gading Sari",
  "kodepos" : "29662"
}, {
  "kecamatan" : "Kundur Barat",
  "kelurahan" : "Gemuruh",
  "kodepos" : "29662"
}, {
  "kecamatan" : "Belat",
  "kelurahan" : "Degong",
  "kodepos" : "29662"
}, {
  "kecamatan" : "Ungar",
  "kelurahan" : "Batu Limau",
  "kodepos" : "29662"
}, {
  "kecamatan" : "Ungar",
  "kelurahan" : "Alai",
  "kodepos" : "29662"
}, {
  "kecamatan" : "Karimun",
  "kelurahan" : "Teluk Air",
  "kodepos" : "29661"
}, {
  "kecamatan" : "Karimun",
  "kelurahan" : "Tulang",
  "kodepos" : "29661"
}, {
  "kecamatan" : "Karimun",
  "kelurahan" : "Tanjung Balai",
  "kodepos" : "29661"
}, {
  "kecamatan" : "Karimun",
  "kelurahan" : "Tanjung Balai Kota",
  "kodepos" : "29661"
}, {
  "kecamatan" : "Karimun",
  "kelurahan" : "Selat Mendaun",
  "kodepos" : "29661"
}, {
  "kecamatan" : "Karimun",
  "kelurahan" : "Sungai Lakam Barat",
  "kodepos" : "29661"
}, {
  "kecamatan" : "Karimun",
  "kelurahan" : "Sungai Lakam Timur",
  "kodepos" : "29661"
}, {
  "kecamatan" : "Karimun",
  "kelurahan" : "Lubuk Semut",
  "kodepos" : "29661"
}, {
  "kecamatan" : "Karimun",
  "kelurahan" : "Parit",
  "kodepos" : "29661"
} ]
