[ {
  "kecamatan" : "Galang",
  "kelurahan" : "Pulau Abang",
  "kodepos" : "29487"
}, {
  "kecamatan" : "Galang",
  "kelurahan" : "Sijantung",
  "kodepos" : "29485"
}, {
  "kecamatan" : "Galang",
  "kelurahan" : "Karas (Pulau Karas)",
  "kodepos" : "29486"
}, {
  "kecamatan" : "Galang",
  "kelurahan" : "Subang Mas",
  "kodepos" : "29483"
}, {
  "kecamatan" : "Galang",
  "kelurahan" : "Galang Baru (Pulau)",
  "kodepos" : "29484"
}, {
  "kecamatan" : "Galang",
  "kelurahan" : "Air Raja",
  "kodepos" : "29483"
}, {
  "kecamatan" : "Galang",
  "kelurahan" : "Rempang Cate",
  "kodepos" : "29482"
}, {
  "kecamatan" : "Bulang",
  "kelurahan" : "Pulau Setokok",
  "kodepos" : "29476"
}, {
  "kecamatan" : "Galang",
  "kelurahan" : "Sembulang (Pulau Rempang)",
  "kodepos" : "29481"
}, {
  "kecamatan" : "Bulang",
  "kelurahan" : "Batu Legong",
  "kodepos" : "29474"
}, {
  "kecamatan" : "Bulang",
  "kelurahan" : "Temoyong",
  "kodepos" : "29475"
}, {
  "kecamatan" : "Bulang",
  "kelurahan" : "Pulau Buluh",
  "kodepos" : "29472"
}, {
  "kecamatan" : "Bulang",
  "kelurahan" : "Pantai Gelam",
  "kodepos" : "29473"
}, {
  "kecamatan" : "Nongsa",
  "kelurahan" : "Ngenang",
  "kodepos" : "29468"
}, {
  "kecamatan" : "Bulang",
  "kelurahan" : "Bulang Lintang",
  "kodepos" : "29471"
}, {
  "kecamatan" : "Nongsa",
  "kelurahan" : "Batu Besar",
  "kodepos" : "29466"
}, {
  "kecamatan" : "Nongsa",
  "kelurahan" : "Kabil",
  "kodepos" : "29467"
}, {
  "kecamatan" : "Nongsa",
  "kelurahan" : "Sambau",
  "kodepos" : "29465"
}, {
  "kecamatan" : "Nongsa",
  "kelurahan" : "Sambau",
  "kodepos" : "29465"
}, {
  "kecamatan" : "Batam Kota",
  "kelurahan" : "Teluk Tering",
  "kodepos" : "29461"
}, {
  "kecamatan" : "Bengkong",
  "kelurahan" : "Bengkong Indah",
  "kodepos" : "29458"
}, {
  "kecamatan" : "Bengkong",
  "kelurahan" : "Bengkong Laut",
  "kodepos" : "29458"
}, {
  "kecamatan" : "Batu Ampar",
  "kelurahan" : "Tanjung Sengkuang",
  "kodepos" : "29453"
}, {
  "kecamatan" : "Batu Ampar",
  "kelurahan" : "Kampung Seraya",
  "kodepos" : "29454"
}, {
  "kecamatan" : "Batu Ampar",
  "kelurahan" : "Sungai Jodoh",
  "kodepos" : "29453"
}, {
  "kecamatan" : "Batu Ampar",
  "kelurahan" : "Batu Merah",
  "kodepos" : "29452"
}, {
  "kecamatan" : "Lubuk Baja",
  "kelurahan" : "Tanjung Uma",
  "kodepos" : "29445"
}, {
  "kecamatan" : "Lubuk Baja",
  "kelurahan" : "Kampung Pelita",
  "kodepos" : "29443"
}, {
  "kecamatan" : "Lubuk Baja",
  "kelurahan" : "Lubuk Baja Kota",
  "kodepos" : "29444"
}, {
  "kecamatan" : "Lubuk Baja",
  "kelurahan" : "Batu Selicin",
  "kodepos" : "29441"
}, {
  "kecamatan" : "Sagulung",
  "kelurahan" : "Tembesi",
  "kodepos" : "29439"
}, {
  "kecamatan" : "Sagulung",
  "kelurahan" : "Sungai Langkai",
  "kodepos" : "29439"
}, {
  "kecamatan" : "Sagulung",
  "kelurahan" : "Sungai Lekop",
  "kodepos" : "29439"
}, {
  "kecamatan" : "Sagulung",
  "kelurahan" : "Sungai Pelenggut/Pelunggut",
  "kodepos" : "29439"
}, {
  "kecamatan" : "Sagulung",
  "kelurahan" : "Sagulung Kota",
  "kodepos" : "29439"
}, {
  "kecamatan" : "Sagulung",
  "kelurahan" : "Sungai Binti",
  "kodepos" : "29439"
}, {
  "kecamatan" : "Batu Aji",
  "kelurahan" : "Buliang",
  "kodepos" : "29438"
}, {
  "kecamatan" : "Batu Aji",
  "kelurahan" : "Bukit Tempayan",
  "kodepos" : "29438"
}, {
  "kecamatan" : "Sei/Sungai Beduk",
  "kelurahan" : "Mangsang (Mangsa)",
  "kodepos" : "29437"
}, {
  "kecamatan" : "Sei/Sungai Beduk",
  "kelurahan" : "Tanjung Piayu",
  "kodepos" : "29437"
}, {
  "kecamatan" : "Sei/Sungai Beduk",
  "kelurahan" : "Duriangka",
  "kodepos" : "29437"
}, {
  "kecamatan" : "Batam Kota",
  "kelurahan" : "Sungai Panas",
  "kodepos" : "29433"
}, {
  "kecamatan" : "Bengkong",
  "kelurahan" : "Tanjung Buntung",
  "kodepos" : "29432"
}, {
  "kecamatan" : "Sei/Sungai Beduk",
  "kelurahan" : "Muka Kuning",
  "kodepos" : "29433"
}, {
  "kecamatan" : "Batam Kota",
  "kelurahan" : "Sukajadi",
  "kodepos" : "29432"
}, {
  "kecamatan" : "Batam Kota",
  "kelurahan" : "Taman Baloi",
  "kodepos" : "29432"
}, {
  "kecamatan" : "Lubuk Baja",
  "kelurahan" : "Baloi Indah",
  "kodepos" : "29432"
}, {
  "kecamatan" : "Bengkong",
  "kelurahan" : "Sadai",
  "kodepos" : "29432"
}, {
  "kecamatan" : "Batam Kota",
  "kelurahan" : "Baloi Permai",
  "kodepos" : "29431"
}, {
  "kecamatan" : "Sekupang",
  "kelurahan" : "Sungai Harapan",
  "kodepos" : "29428"
}, {
  "kecamatan" : "Sekupang",
  "kelurahan" : "Tanjung Pinggir",
  "kodepos" : "29428"
}, {
  "kecamatan" : "Sekupang",
  "kelurahan" : "Tiban Indah",
  "kodepos" : "29426"
}, {
  "kecamatan" : "Sekupang",
  "kelurahan" : "Patam Lestari",
  "kodepos" : "29427"
}, {
  "kecamatan" : "Sekupang",
  "kelurahan" : "Tanjung Riau",
  "kodepos" : "29425"
}, {
  "kecamatan" : "Sekupang",
  "kelurahan" : "Tiban Lama",
  "kodepos" : "29425"
}, {
  "kecamatan" : "Sekupang",
  "kelurahan" : "Tiban Baru",
  "kodepos" : "29426"
}, {
  "kecamatan" : "Batu Aji",
  "kelurahan" : "Tanjung Uncang",
  "kodepos" : "29424"
}, {
  "kecamatan" : "Batu Aji",
  "kelurahan" : "Kibing",
  "kodepos" : "29422"
}, {
  "kecamatan" : "Belakang Padang",
  "kelurahan" : "Pulau Terong",
  "kodepos" : "29416"
}, {
  "kecamatan" : "Belakang Padang",
  "kelurahan" : "Sekanak Raya",
  "kodepos" : "29416"
}, {
  "kecamatan" : "Belakang Padang",
  "kelurahan" : "Tanjung Sari",
  "kodepos" : "29416"
}, {
  "kecamatan" : "Belakang Padang",
  "kelurahan" : "Pecong",
  "kodepos" : "29414"
}, {
  "kecamatan" : "Belakang Padang",
  "kelurahan" : "Pemping",
  "kodepos" : "29412"
}, {
  "kecamatan" : "Belakang Padang",
  "kelurahan" : "Kasu",
  "kodepos" : "29413"
} ]
