[ {
  "kecamatan" : "Tambelan",
  "kelurahan" : "Pulau Pinang",
  "kodepos" : "29193"
}, {
  "kecamatan" : "Tambelan",
  "kelurahan" : "Teluk Sekuni",
  "kodepos" : "29193"
}, {
  "kecamatan" : "Tambelan",
  "kelurahan" : "Pengikik",
  "kodepos" : "29193"
}, {
  "kecamatan" : "Tambelan",
  "kelurahan" : "Pulau Mentebung",
  "kodepos" : "29193"
}, {
  "kecamatan" : "Tambelan",
  "kelurahan" : "Kampung Melayu",
  "kodepos" : "29193"
}, {
  "kecamatan" : "Tambelan",
  "kelurahan" : "Kukup",
  "kodepos" : "29193"
}, {
  "kecamatan" : "Tambelan",
  "kelurahan" : "Batu Lepuk",
  "kodepos" : "29193"
}, {
  "kecamatan" : "Tambelan",
  "kelurahan" : "Kampung Hilir",
  "kodepos" : "29193"
}, {
  "kecamatan" : "Seri/Sri Kuala Lobam",
  "kelurahan" : "Teluk Lobam",
  "kodepos" : "29152"
}, {
  "kecamatan" : "Seri/Sri Kuala Lobam",
  "kelurahan" : "Teluk Sasah",
  "kodepos" : "29152"
}, {
  "kecamatan" : "Bintan Utara",
  "kelurahan" : "Tanjung Uban Timur",
  "kodepos" : "29152"
}, {
  "kecamatan" : "Bintan Utara",
  "kelurahan" : "Tanjung Uban Utara",
  "kodepos" : "29152"
}, {
  "kecamatan" : "Seri/Sri Kuala Lobam",
  "kelurahan" : "Tanjung Permai",
  "kodepos" : "29152"
}, {
  "kecamatan" : "Bintan Utara",
  "kelurahan" : "Tanjung Uban Kota",
  "kodepos" : "29152"
}, {
  "kecamatan" : "Bintan Utara",
  "kelurahan" : "Tanjung Uban Selatan",
  "kodepos" : "29152"
}, {
  "kecamatan" : "Teluk Sebong",
  "kelurahan" : "Sebung/Sebong Pereh",
  "kodepos" : "29152"
}, {
  "kecamatan" : "Teluk Sebong",
  "kelurahan" : "Sri Bintan",
  "kodepos" : "29152"
}, {
  "kecamatan" : "Teluk Sebong",
  "kelurahan" : "Pengudang",
  "kodepos" : "29152"
}, {
  "kecamatan" : "Teluk Sebong",
  "kelurahan" : "Sebung/Sebong Lagoi",
  "kodepos" : "29152"
}, {
  "kecamatan" : "Seri/Sri Kuala Lobam",
  "kelurahan" : "Kuala Sempang",
  "kodepos" : "29152"
}, {
  "kecamatan" : "Bintan Utara",
  "kelurahan" : "Lancang Kuning",
  "kodepos" : "29152"
}, {
  "kecamatan" : "Teluk Sebong",
  "kelurahan" : "Ekang Anculai",
  "kodepos" : "29152"
}, {
  "kecamatan" : "Teluk Sebong",
  "kelurahan" : "Kota Baru",
  "kodepos" : "29152"
}, {
  "kecamatan" : "Seri/Sri Kuala Lobam",
  "kelurahan" : "Busung",
  "kodepos" : "29152"
}, {
  "kecamatan" : "Teluk Sebong",
  "kelurahan" : "Berakit",
  "kodepos" : "29152"
}, {
  "kecamatan" : "Toapaya",
  "kelurahan" : "Toapaya Utara",
  "kodepos" : "29151"
}, {
  "kecamatan" : "Toapaya",
  "kelurahan" : "Toapaya Asri",
  "kodepos" : "29151"
}, {
  "kecamatan" : "Toapaya",
  "kelurahan" : "Toapaya Selatan",
  "kodepos" : "29151"
}, {
  "kecamatan" : "Gunung Kijang",
  "kelurahan" : "Teluk Bakau",
  "kodepos" : "29151"
}, {
  "kecamatan" : "Toapaya",
  "kelurahan" : "Toapaya",
  "kodepos" : "29151"
}, {
  "kecamatan" : "Bintan Timur",
  "kelurahan" : "Sungai Enam",
  "kodepos" : "29151"
}, {
  "kecamatan" : "Bintan Timur",
  "kelurahan" : "Sungai Lekop",
  "kodepos" : "29151"
}, {
  "kecamatan" : "Bintan Pesisir",
  "kelurahan" : "Mapur",
  "kodepos" : "29151"
}, {
  "kecamatan" : "Bintan Pesisir",
  "kelurahan" : "Numbing",
  "kodepos" : "29151"
}, {
  "kecamatan" : "Mantang",
  "kelurahan" : "Mantang Besar",
  "kodepos" : "29151"
}, {
  "kecamatan" : "Mantang",
  "kelurahan" : "Mantang Lama",
  "kodepos" : "29151"
}, {
  "kecamatan" : "Mantang",
  "kelurahan" : "Mantang Baru",
  "kodepos" : "29151"
}, {
  "kecamatan" : "Gunung Kijang",
  "kelurahan" : "Malang Rapat",
  "kodepos" : "29151"
}, {
  "kecamatan" : "Gunung Kijang",
  "kelurahan" : "Kawal",
  "kodepos" : "29151"
}, {
  "kecamatan" : "Bintan Timur",
  "kelurahan" : "Kijang Kota",
  "kodepos" : "29151"
}, {
  "kecamatan" : "Bintan Pesisir",
  "kelurahan" : "Kelong",
  "kodepos" : "29151"
}, {
  "kecamatan" : "Bintan Timur",
  "kelurahan" : "Gunung Lengkuas",
  "kodepos" : "29151"
}, {
  "kecamatan" : "Gunung Kijang",
  "kelurahan" : "Gunung Kijang",
  "kodepos" : "29151"
}, {
  "kecamatan" : "Mantang",
  "kelurahan" : "Dendun",
  "kodepos" : "29151"
}, {
  "kecamatan" : "Bintan Pesisir",
  "kelurahan" : "Air Glubi/Gelubi",
  "kodepos" : "29151"
}, {
  "kecamatan" : "Teluk Bintan",
  "kelurahan" : "Pengujan",
  "kodepos" : "29135"
}, {
  "kecamatan" : "Teluk Bintan",
  "kelurahan" : "Pangkil",
  "kodepos" : "29136"
}, {
  "kecamatan" : "Teluk Bintan",
  "kelurahan" : "Bintan Buyu",
  "kodepos" : "29133"
}, {
  "kecamatan" : "Teluk Bintan",
  "kelurahan" : "Penaga",
  "kodepos" : "29134"
}, {
  "kecamatan" : "Teluk Bintan",
  "kelurahan" : "Tembeling",
  "kodepos" : "29132"
}, {
  "kecamatan" : "Teluk Bintan",
  "kelurahan" : "Tembeling Tanjung",
  "kodepos" : "29132"
} ]
