[ {
  "kecamatan" : "Tanjung Pinang Timur",
  "kelurahan" : "Batu IX (Sembilan)",
  "kodepos" : "29125"
}, {
  "kecamatan" : "Bukit Bestari",
  "kelurahan" : "Tanjung Ayun Sakti",
  "kodepos" : "29124"
}, {
  "kecamatan" : "Bukit Bestari",
  "kelurahan" : "Dompak",
  "kodepos" : "29124"
}, {
  "kecamatan" : "Bukit Bestari",
  "kelurahan" : "Sei Jang",
  "kodepos" : "29124"
}, {
  "kecamatan" : "Tanjung Pinang Timur",
  "kelurahan" : "Melayu Kota Piring",
  "kodepos" : "29123"
}, {
  "kecamatan" : "Bukit Bestari",
  "kelurahan" : "Tanjung Unggat",
  "kodepos" : "29122"
}, {
  "kecamatan" : "Bukit Bestari",
  "kelurahan" : "Tanjung Pinang Timur",
  "kodepos" : "29122"
}, {
  "kecamatan" : "Tanjung Pinang Timur",
  "kelurahan" : "Kampung Bulang",
  "kodepos" : "29122"
}, {
  "kecamatan" : "Tanjung Pinang Timur",
  "kelurahan" : "Pinang Kencana",
  "kodepos" : "29122"
}, {
  "kecamatan" : "Tanjung Pinang Kota",
  "kelurahan" : "Kampung Bugis",
  "kodepos" : "29115"
}, {
  "kecamatan" : "Tanjung Pinang Timur",
  "kelurahan" : "Air Raja",
  "kodepos" : "29122"
}, {
  "kecamatan" : "Tanjung Pinang Kota",
  "kelurahan" : "Penyengat",
  "kodepos" : "29114"
}, {
  "kecamatan" : "Tanjung Pinang Barat",
  "kelurahan" : "Kampung Baru",
  "kodepos" : "29113"
}, {
  "kecamatan" : "Tanjung Pinang Barat",
  "kelurahan" : "Tanjung Pinang Barat",
  "kodepos" : "29113"
}, {
  "kecamatan" : "Tanjung Pinang Barat",
  "kelurahan" : "Kemboja",
  "kodepos" : "29112"
}, {
  "kecamatan" : "Tanjung Pinang Kota",
  "kelurahan" : "Tanjung Pinang Kota",
  "kodepos" : "29111"
}, {
  "kecamatan" : "Tanjung Pinang Kota",
  "kelurahan" : "Senggarang",
  "kodepos" : "29111"
}, {
  "kecamatan" : "Tanjung Pinang Barat",
  "kelurahan" : "Bukit Cermin",
  "kodepos" : "29111"
} ]
