[ {
  "kecamatan" : "Pardasuka",
  "kelurahan" : "Wargo/Warga Mulyo",
  "kodepos" : "35682"
}, {
  "kecamatan" : "Pardasuka",
  "kelurahan" : "Tanjung Rusia Timur",
  "kodepos" : "35682"
}, {
  "kecamatan" : "Pardasuka",
  "kelurahan" : "Sukorejo",
  "kodepos" : "35682"
}, {
  "kecamatan" : "Pardasuka",
  "kelurahan" : "Tanjung Rusia",
  "kodepos" : "35682"
}, {
  "kecamatan" : "Pardasuka",
  "kelurahan" : "Sukanegeri (Sukanegara)",
  "kodepos" : "35682"
}, {
  "kecamatan" : "Pardasuka",
  "kelurahan" : "Selapan",
  "kodepos" : "35682"
}, {
  "kecamatan" : "Pardasuka",
  "kelurahan" : "Sidodadi",
  "kodepos" : "35682"
}, {
  "kecamatan" : "Pardasuka",
  "kelurahan" : "Pujodadi",
  "kodepos" : "35682"
}, {
  "kecamatan" : "Pardasuka",
  "kelurahan" : "Rantau Tijang",
  "kodepos" : "35682"
}, {
  "kecamatan" : "Pardasuka",
  "kelurahan" : "Pardasuka Selatan",
  "kodepos" : "35682"
}, {
  "kecamatan" : "Pardasuka",
  "kelurahan" : "Pardasuka Timur",
  "kodepos" : "35682"
}, {
  "kecamatan" : "Pardasuka",
  "kelurahan" : "Pardasuka",
  "kodepos" : "35682"
}, {
  "kecamatan" : "Pardasuka",
  "kelurahan" : "Kedaung",
  "kodepos" : "35682"
}, {
  "kecamatan" : "Adi Luwih",
  "kelurahan" : "Waringinsari Timur",
  "kodepos" : "35674"
}, {
  "kecamatan" : "Sukoharjo",
  "kelurahan" : "Waringin Sari Barat",
  "kodepos" : "35674"
}, {
  "kecamatan" : "Adi Luwih",
  "kelurahan" : "Totokarto",
  "kodepos" : "35674"
}, {
  "kecamatan" : "Adi Luwih",
  "kelurahan" : "Tritunggal Mulya",
  "kodepos" : "35674"
}, {
  "kecamatan" : "Adi Luwih",
  "kelurahan" : "Tunggul Pawenang",
  "kodepos" : "35674"
}, {
  "kecamatan" : "Adi Luwih",
  "kelurahan" : "Sukoharum",
  "kodepos" : "35674"
}, {
  "kecamatan" : "Sukoharjo",
  "kelurahan" : "Sukoyoso",
  "kodepos" : "35674"
}, {
  "kecamatan" : "Sukoharjo",
  "kelurahan" : "Sukoharjo III Barat",
  "kodepos" : "35674"
}, {
  "kecamatan" : "Sukoharjo",
  "kelurahan" : "Sukoharjo IV",
  "kodepos" : "35674"
}, {
  "kecamatan" : "Sukoharjo",
  "kelurahan" : "Sukoharjo I",
  "kodepos" : "35674"
}, {
  "kecamatan" : "Sukoharjo",
  "kelurahan" : "Sukoharjo II",
  "kodepos" : "35674"
}, {
  "kecamatan" : "Sukoharjo",
  "kelurahan" : "Sukoharjo III",
  "kodepos" : "35674"
}, {
  "kecamatan" : "Adi Luwih",
  "kelurahan" : "Sinar Waya",
  "kodepos" : "35674"
}, {
  "kecamatan" : "Adi Luwih",
  "kelurahan" : "Srikaton",
  "kodepos" : "35674"
}, {
  "kecamatan" : "Sukoharjo",
  "kelurahan" : "Sinar Baru",
  "kodepos" : "35674"
}, {
  "kecamatan" : "Sukoharjo",
  "kelurahan" : "Sinar Baru Timur",
  "kodepos" : "35674"
}, {
  "kecamatan" : "Adi Luwih",
  "kelurahan" : "Purwodadi",
  "kodepos" : "35674"
}, {
  "kecamatan" : "Sukoharjo",
  "kelurahan" : "Panggung Rejo Utara",
  "kodepos" : "35674"
}, {
  "kecamatan" : "Sukoharjo",
  "kelurahan" : "Siliwangi",
  "kodepos" : "35674"
}, {
  "kecamatan" : "Sukoharjo",
  "kelurahan" : "Pandan Surat",
  "kodepos" : "35674"
}, {
  "kecamatan" : "Sukoharjo",
  "kelurahan" : "Panggung Rejo",
  "kodepos" : "35674"
}, {
  "kecamatan" : "Sukoharjo",
  "kelurahan" : "Pandan Sari",
  "kodepos" : "35674"
}, {
  "kecamatan" : "Sukoharjo",
  "kelurahan" : "Pandan Sari Selatan",
  "kodepos" : "35674"
}, {
  "kecamatan" : "Sukoharjo",
  "kelurahan" : "Keputran",
  "kodepos" : "35674"
}, {
  "kecamatan" : "Adi Luwih",
  "kelurahan" : "Kuta Waringin",
  "kodepos" : "35674"
}, {
  "kecamatan" : "Adi Luwih",
  "kelurahan" : "Enggal Rejo",
  "kodepos" : "35674"
}, {
  "kecamatan" : "Adi Luwih",
  "kelurahan" : "Bandung Baru",
  "kodepos" : "35674"
}, {
  "kecamatan" : "Adi Luwih",
  "kelurahan" : "Bandung Baru Barat",
  "kodepos" : "35674"
}, {
  "kecamatan" : "Adi Luwih",
  "kelurahan" : "Adi Luwih",
  "kodepos" : "35674"
}, {
  "kecamatan" : "Pagelaran",
  "kelurahan" : "Way Ngisom",
  "kodepos" : "35376"
}, {
  "kecamatan" : "Pagelaran Utara",
  "kelurahan" : "Way Kunir",
  "kodepos" : "35376"
}, {
  "kecamatan" : "Ambarawa",
  "kelurahan" : "Tanjung Anom",
  "kodepos" : "35376"
}, {
  "kecamatan" : "Pagelaran",
  "kelurahan" : "Tanjung Dalam/Dalom",
  "kodepos" : "35376"
}, {
  "kecamatan" : "Pagelaran",
  "kelurahan" : "Sumber Rejo",
  "kodepos" : "35376"
}, {
  "kecamatan" : "Pagelaran Utara",
  "kelurahan" : "Sumber Bandung",
  "kodepos" : "35376"
}, {
  "kecamatan" : "Ambarawa",
  "kelurahan" : "Sumber Agung",
  "kodepos" : "35376"
}, {
  "kecamatan" : "Pagelaran",
  "kelurahan" : "Sukaratu",
  "kodepos" : "35376"
}, {
  "kecamatan" : "Pagelaran",
  "kelurahan" : "Sukawangi",
  "kodepos" : "35376"
}, {
  "kecamatan" : "Pagelaran",
  "kelurahan" : "Puji Harjo",
  "kodepos" : "35376"
}, {
  "kecamatan" : "Pagelaran",
  "kelurahan" : "Sidodadi",
  "kodepos" : "35376"
}, {
  "kecamatan" : "Pagelaran",
  "kelurahan" : "Pasir Ukir",
  "kodepos" : "35376"
}, {
  "kecamatan" : "Pagelaran",
  "kelurahan" : "Patoman",
  "kodepos" : "35376"
}, {
  "kecamatan" : "Pagelaran",
  "kelurahan" : "Pamenang",
  "kodepos" : "35376"
}, {
  "kecamatan" : "Pagelaran",
  "kelurahan" : "Panutan",
  "kodepos" : "35376"
}, {
  "kecamatan" : "Pagelaran",
  "kelurahan" : "Padang Rejo",
  "kodepos" : "35376"
}, {
  "kecamatan" : "Pagelaran",
  "kelurahan" : "Pagelaran",
  "kodepos" : "35376"
}, {
  "kecamatan" : "Pagelaran Utara",
  "kelurahan" : "Margosari",
  "kodepos" : "35376"
}, {
  "kecamatan" : "Pagelaran Utara",
  "kelurahan" : "Neglasari",
  "kodepos" : "35376"
}, {
  "kecamatan" : "Ambarawa",
  "kelurahan" : "Kresnomulyo",
  "kodepos" : "35376"
}, {
  "kecamatan" : "Ambarawa",
  "kelurahan" : "Margodadi",
  "kodepos" : "35376"
}, {
  "kecamatan" : "Pagelaran Utara",
  "kelurahan" : "Madaraya",
  "kodepos" : "35376"
}, {
  "kecamatan" : "Pagelaran Utara",
  "kelurahan" : "Kemilin",
  "kodepos" : "35376"
}, {
  "kecamatan" : "Ambarawa",
  "kelurahan" : "Jati Agung",
  "kodepos" : "35376"
}, {
  "kecamatan" : "Pagelaran",
  "kelurahan" : "Karangsari",
  "kodepos" : "35376"
}, {
  "kecamatan" : "Pagelaran Utara",
  "kelurahan" : "Gunung Raya",
  "kodepos" : "35376"
}, {
  "kecamatan" : "Pagelaran",
  "kelurahan" : "Gumuk Rejo",
  "kodepos" : "35376"
}, {
  "kecamatan" : "Pagelaran Utara",
  "kelurahan" : "Giri Tunggal",
  "kodepos" : "35376"
}, {
  "kecamatan" : "Pagelaran",
  "kelurahan" : "Gumuk Mas",
  "kodepos" : "35376"
}, {
  "kecamatan" : "Pagelaran",
  "kelurahan" : "Ganjaran",
  "kodepos" : "35376"
}, {
  "kecamatan" : "Pagelaran",
  "kelurahan" : "Gemah Ripah",
  "kodepos" : "35376"
}, {
  "kecamatan" : "Pagelaran Utara",
  "kelurahan" : "Fajar Baru",
  "kodepos" : "35376"
}, {
  "kecamatan" : "Pagelaran Utara",
  "kelurahan" : "Fajar Mulya / Mulia",
  "kodepos" : "35376"
}, {
  "kecamatan" : "Pagelaran",
  "kelurahan" : "Bumi Rejo",
  "kodepos" : "35376"
}, {
  "kecamatan" : "Pagelaran",
  "kelurahan" : "Candi Retno",
  "kodepos" : "35376"
}, {
  "kecamatan" : "Ambarawa",
  "kelurahan" : "Ambarawa Timur",
  "kodepos" : "35376"
}, {
  "kecamatan" : "Pagelaran",
  "kelurahan" : "Bumi Ratu",
  "kodepos" : "35376"
}, {
  "kecamatan" : "Ambarawa",
  "kelurahan" : "Ambarawa",
  "kodepos" : "35376"
}, {
  "kecamatan" : "Ambarawa",
  "kelurahan" : "Ambarawa Barat",
  "kodepos" : "35376"
}, {
  "kecamatan" : "Pagelaran",
  "kelurahan" : "Lugusari",
  "kodepos" : "35375"
}, {
  "kecamatan" : "Banyumas",
  "kelurahan" : "Waya Krui",
  "kodepos" : "35373"
}, {
  "kecamatan" : "Banyumas",
  "kelurahan" : "Sukamulya",
  "kodepos" : "35373"
}, {
  "kecamatan" : "Pringsewu",
  "kelurahan" : "Waluyojati",
  "kodepos" : "35373"
}, {
  "kecamatan" : "Banyumas",
  "kelurahan" : "Sinar Mulyo/Mulya",
  "kodepos" : "35373"
}, {
  "kecamatan" : "Banyumas",
  "kelurahan" : "Sri Rahayu",
  "kodepos" : "35373"
}, {
  "kecamatan" : "Banyumas",
  "kelurahan" : "Sriwungu",
  "kodepos" : "35373"
}, {
  "kecamatan" : "Pringsewu",
  "kelurahan" : "Pringsewu Utara",
  "kodepos" : "35373"
}, {
  "kecamatan" : "Pringsewu",
  "kelurahan" : "Rejosari",
  "kodepos" : "35373"
}, {
  "kecamatan" : "Pringsewu",
  "kelurahan" : "Sidoharjo",
  "kodepos" : "35373"
}, {
  "kecamatan" : "Pringsewu",
  "kelurahan" : "Pringsewu Selatan",
  "kodepos" : "35373"
}, {
  "kecamatan" : "Pringsewu",
  "kelurahan" : "Pringsewu Timur",
  "kodepos" : "35373"
}, {
  "kecamatan" : "Pringsewu",
  "kelurahan" : "Podomoro",
  "kodepos" : "35373"
}, {
  "kecamatan" : "Pringsewu",
  "kelurahan" : "Podosari",
  "kodepos" : "35373"
}, {
  "kecamatan" : "Pringsewu",
  "kelurahan" : "Pringsewu Barat",
  "kodepos" : "35373"
}, {
  "kecamatan" : "Pringsewu",
  "kelurahan" : "Pajar/Fajar Agung",
  "kodepos" : "35373"
}, {
  "kecamatan" : "Banyumas",
  "kelurahan" : "Mulyo Rejo",
  "kodepos" : "35373"
}, {
  "kecamatan" : "Banyumas",
  "kelurahan" : "Nusa Wungu",
  "kodepos" : "35373"
}, {
  "kecamatan" : "Pringsewu",
  "kelurahan" : "Margakaya",
  "kodepos" : "35373"
}, {
  "kecamatan" : "Pringsewu",
  "kelurahan" : "Fajaresuk (Pajar Esuk)",
  "kodepos" : "35373"
}, {
  "kecamatan" : "Pringsewu",
  "kelurahan" : "Bumi Arum",
  "kodepos" : "35373"
}, {
  "kecamatan" : "Pringsewu",
  "kelurahan" : "Bumi Ayu",
  "kodepos" : "35373"
}, {
  "kecamatan" : "Pringsewu",
  "kelurahan" : "Fajar Agung Barat",
  "kodepos" : "35373"
}, {
  "kecamatan" : "Banyumas",
  "kelurahan" : "Banyuwangi",
  "kodepos" : "35373"
}, {
  "kecamatan" : "Banyumas",
  "kelurahan" : "Banyumas",
  "kodepos" : "35373"
}, {
  "kecamatan" : "Banyumas",
  "kelurahan" : "Banyu Urip",
  "kodepos" : "35373"
}, {
  "kecamatan" : "Banyumas",
  "kelurahan" : "Banjarejo",
  "kodepos" : "35373"
}, {
  "kecamatan" : "Gading Rejo",
  "kelurahan" : "Yogyakarta Selatan",
  "kodepos" : "35372"
}, {
  "kecamatan" : "Gading Rejo",
  "kelurahan" : "Wonosari",
  "kodepos" : "35372"
}, {
  "kecamatan" : "Gading Rejo",
  "kelurahan" : "Yogyakarta (Jogjakarta)",
  "kodepos" : "35372"
}, {
  "kecamatan" : "Gading Rejo",
  "kelurahan" : "Wates Timur",
  "kodepos" : "35372"
}, {
  "kecamatan" : "Gading Rejo",
  "kelurahan" : "Wonodadi",
  "kodepos" : "35372"
}, {
  "kecamatan" : "Gading Rejo",
  "kelurahan" : "Wonodadi Utara",
  "kodepos" : "35372"
}, {
  "kecamatan" : "Gading Rejo",
  "kelurahan" : "Wates",
  "kodepos" : "35372"
}, {
  "kecamatan" : "Gading Rejo",
  "kelurahan" : "Wates Selatan",
  "kodepos" : "35372"
}, {
  "kecamatan" : "Gading Rejo",
  "kelurahan" : "Tegalsari",
  "kodepos" : "35372"
}, {
  "kecamatan" : "Gading Rejo",
  "kelurahan" : "Tulung Agung",
  "kodepos" : "35372"
}, {
  "kecamatan" : "Gading Rejo",
  "kelurahan" : "Parerejo",
  "kodepos" : "35372"
}, {
  "kecamatan" : "Gading Rejo",
  "kelurahan" : "Tambahrejo Barat",
  "kodepos" : "35372"
}, {
  "kecamatan" : "Gading Rejo",
  "kelurahan" : "Tambak Rejo",
  "kodepos" : "35372"
}, {
  "kecamatan" : "Gading Rejo",
  "kelurahan" : "Klaten",
  "kodepos" : "35372"
}, {
  "kecamatan" : "Gading Rejo",
  "kelurahan" : "Mataram",
  "kodepos" : "35372"
}, {
  "kecamatan" : "Gading Rejo",
  "kelurahan" : "Panjerejo",
  "kodepos" : "35372"
}, {
  "kecamatan" : "Gading Rejo",
  "kelurahan" : "Gadingrejo Utara",
  "kodepos" : "35372"
}, {
  "kecamatan" : "Gading Rejo",
  "kelurahan" : "Kediri",
  "kodepos" : "35372"
}, {
  "kecamatan" : "Gading Rejo",
  "kelurahan" : "Gading Rejo",
  "kodepos" : "35372"
}, {
  "kecamatan" : "Gading Rejo",
  "kelurahan" : "Gadingrejo Timur",
  "kodepos" : "35372"
}, {
  "kecamatan" : "Gading Rejo",
  "kelurahan" : "Bulukarto",
  "kodepos" : "35372"
}, {
  "kecamatan" : "Gading Rejo",
  "kelurahan" : "Bulurejo",
  "kodepos" : "35372"
}, {
  "kecamatan" : "Gading Rejo",
  "kelurahan" : "Blitarejo",
  "kodepos" : "35372"
} ]
