[ {
  "kecamatan" : "Sragi",
  "kelurahan" : "Sumber Sari",
  "kodepos" : "35597"
}, {
  "kecamatan" : "Sragi",
  "kelurahan" : "Sumber Agung",
  "kodepos" : "35597"
}, {
  "kecamatan" : "Sragi",
  "kelurahan" : "Margasari",
  "kodepos" : "35597"
}, {
  "kecamatan" : "Sragi",
  "kelurahan" : "Sukapura",
  "kodepos" : "35597"
}, {
  "kecamatan" : "Sragi",
  "kelurahan" : "Mandalasari",
  "kodepos" : "35597"
}, {
  "kecamatan" : "Sragi",
  "kelurahan" : "Margajasa",
  "kodepos" : "35597"
}, {
  "kecamatan" : "Sragi",
  "kelurahan" : "Bandar Agung",
  "kodepos" : "35597"
}, {
  "kecamatan" : "Sragi",
  "kelurahan" : "Kedaung",
  "kodepos" : "35597"
}, {
  "kecamatan" : "Sragi",
  "kelurahan" : "Kuala Sekampung",
  "kodepos" : "35597"
}, {
  "kecamatan" : "Sragi",
  "kelurahan" : "Bakti Rasa",
  "kodepos" : "35597"
}, {
  "kecamatan" : "Ketapang",
  "kelurahan" : "Tridarmayoga",
  "kodepos" : "35596"
}, {
  "kecamatan" : "Ketapang",
  "kelurahan" : "Wai Sidomukti",
  "kodepos" : "35596"
}, {
  "kecamatan" : "Ketapang",
  "kelurahan" : "Sumbernadi",
  "kodepos" : "35596"
}, {
  "kecamatan" : "Ketapang",
  "kelurahan" : "Sumur",
  "kodepos" : "35596"
}, {
  "kecamatan" : "Ketapang",
  "kelurahan" : "Taman Sari",
  "kodepos" : "35596"
}, {
  "kecamatan" : "Ketapang",
  "kelurahan" : "Sidoasih",
  "kodepos" : "35596"
}, {
  "kecamatan" : "Ketapang",
  "kelurahan" : "Sri Pendowo",
  "kodepos" : "35596"
}, {
  "kecamatan" : "Ketapang",
  "kelurahan" : "Ruguk",
  "kodepos" : "35596"
}, {
  "kecamatan" : "Ketapang",
  "kelurahan" : "Sido Luhur",
  "kodepos" : "35596"
}, {
  "kecamatan" : "Ketapang",
  "kelurahan" : "Pematang Pasir",
  "kodepos" : "35596"
}, {
  "kecamatan" : "Ketapang",
  "kelurahan" : "Lembung Nala",
  "kodepos" : "35596"
}, {
  "kecamatan" : "Ketapang",
  "kelurahan" : "Legundi",
  "kodepos" : "35596"
}, {
  "kecamatan" : "Ketapang",
  "kelurahan" : "Ketapang",
  "kodepos" : "35596"
}, {
  "kecamatan" : "Ketapang",
  "kelurahan" : "Berundung",
  "kodepos" : "35596"
}, {
  "kecamatan" : "Ketapang",
  "kelurahan" : "Karang Sari",
  "kodepos" : "35596"
}, {
  "kecamatan" : "Ketapang",
  "kelurahan" : "Kemukus",
  "kodepos" : "35596"
}, {
  "kecamatan" : "Ketapang",
  "kelurahan" : "Bangun Rejo",
  "kodepos" : "35596"
}, {
  "kecamatan" : "Palas",
  "kelurahan" : "Tanjung Jaya",
  "kodepos" : "35594"
}, {
  "kecamatan" : "Palas",
  "kelurahan" : "Tanjung Sari",
  "kodepos" : "35594"
}, {
  "kecamatan" : "Palas",
  "kelurahan" : "Sukabakti",
  "kodepos" : "35594"
}, {
  "kecamatan" : "Palas",
  "kelurahan" : "Sukaraja",
  "kodepos" : "35594"
}, {
  "kecamatan" : "Palas",
  "kelurahan" : "Rejo Mulyo",
  "kodepos" : "35594"
}, {
  "kecamatan" : "Palas",
  "kelurahan" : "Suka Mulya",
  "kodepos" : "35594"
}, {
  "kecamatan" : "Palas",
  "kelurahan" : "Pematang Baru",
  "kodepos" : "35594"
}, {
  "kecamatan" : "Palas",
  "kelurahan" : "Pulau Jaya",
  "kodepos" : "35594"
}, {
  "kecamatan" : "Palas",
  "kelurahan" : "Pulau Tengah",
  "kodepos" : "35594"
}, {
  "kecamatan" : "Palas",
  "kelurahan" : "Palas Jaya",
  "kodepos" : "35594"
}, {
  "kecamatan" : "Palas",
  "kelurahan" : "Palas Pasemah",
  "kodepos" : "35594"
}, {
  "kecamatan" : "Palas",
  "kelurahan" : "Mekar Mulya",
  "kodepos" : "35594"
}, {
  "kecamatan" : "Palas",
  "kelurahan" : "Palas Aji",
  "kodepos" : "35594"
}, {
  "kecamatan" : "Palas",
  "kelurahan" : "Bumi Restu",
  "kodepos" : "35594"
}, {
  "kecamatan" : "Palas",
  "kelurahan" : "Kalirejo",
  "kodepos" : "35594"
}, {
  "kecamatan" : "Palas",
  "kelurahan" : "Bumi Daya",
  "kodepos" : "35594"
}, {
  "kecamatan" : "Palas",
  "kelurahan" : "Bumi Asih",
  "kodepos" : "35594"
}, {
  "kecamatan" : "Palas",
  "kelurahan" : "Bumi Asri",
  "kodepos" : "35594"
}, {
  "kecamatan" : "Palas",
  "kelurahan" : "Bandan Hurip",
  "kodepos" : "35594"
}, {
  "kecamatan" : "Palas",
  "kelurahan" : "Bangunan",
  "kodepos" : "35594"
}, {
  "kecamatan" : "Penengahan",
  "kelurahan" : "Way Kalam",
  "kodepos" : "35592"
}, {
  "kecamatan" : "Palas",
  "kelurahan" : "Bali Agung",
  "kodepos" : "35594"
}, {
  "kecamatan" : "Bakauheni",
  "kelurahan" : "Totoharjo",
  "kodepos" : "35592"
}, {
  "kecamatan" : "Penengahan",
  "kelurahan" : "Tetaan",
  "kodepos" : "35592"
}, {
  "kecamatan" : "Penengahan",
  "kelurahan" : "Taman Baru",
  "kodepos" : "35592"
}, {
  "kecamatan" : "Penengahan",
  "kelurahan" : "Tanjung Heran",
  "kodepos" : "35592"
}, {
  "kecamatan" : "Bakauheni",
  "kelurahan" : "Semanak",
  "kodepos" : "35592"
}, {
  "kecamatan" : "Penengahan",
  "kelurahan" : "Sukabaru",
  "kodepos" : "35592"
}, {
  "kecamatan" : "Penengahan",
  "kelurahan" : "Sukajaya",
  "kodepos" : "35592"
}, {
  "kecamatan" : "Penengahan",
  "kelurahan" : "Rawi",
  "kodepos" : "35592"
}, {
  "kecamatan" : "Penengahan",
  "kelurahan" : "Ruang Tengah",
  "kodepos" : "35592"
}, {
  "kecamatan" : "Penengahan",
  "kelurahan" : "Pasuruan",
  "kodepos" : "35592"
}, {
  "kecamatan" : "Penengahan",
  "kelurahan" : "Pisang",
  "kodepos" : "35592"
}, {
  "kecamatan" : "Penengahan",
  "kelurahan" : "Panengahan",
  "kodepos" : "35592"
}, {
  "kecamatan" : "Penengahan",
  "kelurahan" : "Kuripan",
  "kodepos" : "35592"
}, {
  "kecamatan" : "Penengahan",
  "kelurahan" : "Padan",
  "kodepos" : "35592"
}, {
  "kecamatan" : "Bakauheni",
  "kelurahan" : "Kelawi",
  "kodepos" : "35592"
}, {
  "kecamatan" : "Penengahan",
  "kelurahan" : "Klaten",
  "kodepos" : "35592"
}, {
  "kecamatan" : "Penengahan",
  "kelurahan" : "Kampungbaru",
  "kodepos" : "35592"
}, {
  "kecamatan" : "Penengahan",
  "kelurahan" : "Kekiling",
  "kodepos" : "35592"
}, {
  "kecamatan" : "Penengahan",
  "kelurahan" : "Kelau",
  "kodepos" : "35592"
}, {
  "kecamatan" : "Bakauheni",
  "kelurahan" : "Hatta (Hata)",
  "kodepos" : "35592"
}, {
  "kecamatan" : "Penengahan",
  "kelurahan" : "Gedungharta",
  "kodepos" : "35592"
}, {
  "kecamatan" : "Penengahan",
  "kelurahan" : "Gandri",
  "kodepos" : "35592"
}, {
  "kecamatan" : "Penengahan",
  "kelurahan" : "Gayam",
  "kodepos" : "35592"
}, {
  "kecamatan" : "Penengahan",
  "kelurahan" : "Banjarmasin",
  "kodepos" : "35592"
}, {
  "kecamatan" : "Penengahan",
  "kelurahan" : "Belambangan",
  "kodepos" : "35592"
}, {
  "kecamatan" : "Bakauheni",
  "kelurahan" : "Bakauheni",
  "kodepos" : "35592"
}, {
  "kecamatan" : "Rajabasa",
  "kelurahan" : "Waymuli",
  "kodepos" : "35552"
}, {
  "kecamatan" : "Rajabasa",
  "kelurahan" : "Tejang Pulau Sebesi",
  "kodepos" : "35552"
}, {
  "kecamatan" : "Rajabasa",
  "kelurahan" : "Wai Muli Timur",
  "kodepos" : "35552"
}, {
  "kecamatan" : "Rajabasa",
  "kelurahan" : "Sukaraja",
  "kodepos" : "35552"
}, {
  "kecamatan" : "Rajabasa",
  "kelurahan" : "Tanjung Gading",
  "kodepos" : "35552"
}, {
  "kecamatan" : "Rajabasa",
  "kelurahan" : "Kota Guring",
  "kodepos" : "35552"
}, {
  "kecamatan" : "Rajabasa",
  "kelurahan" : "Kunyir",
  "kodepos" : "35552"
}, {
  "kecamatan" : "Rajabasa",
  "kelurahan" : "Rajabasa",
  "kodepos" : "35552"
}, {
  "kecamatan" : "Rajabasa",
  "kelurahan" : "Hargo Pancoran",
  "kodepos" : "35552"
}, {
  "kecamatan" : "Rajabasa",
  "kelurahan" : "Kerinjing",
  "kodepos" : "35552"
}, {
  "kecamatan" : "Rajabasa",
  "kelurahan" : "Canti",
  "kodepos" : "35552"
}, {
  "kecamatan" : "Rajabasa",
  "kelurahan" : "Cugung",
  "kodepos" : "35552"
}, {
  "kecamatan" : "Rajabasa",
  "kelurahan" : "Betung",
  "kodepos" : "35552"
}, {
  "kecamatan" : "Rajabasa",
  "kelurahan" : "Canggung",
  "kodepos" : "35552"
}, {
  "kecamatan" : "Rajabasa",
  "kelurahan" : "Banding",
  "kodepos" : "35552"
}, {
  "kecamatan" : "Rajabasa",
  "kelurahan" : "Batu Balak",
  "kodepos" : "35552"
}, {
  "kecamatan" : "Kalianda",
  "kelurahan" : "Tengkujuh",
  "kodepos" : "35551"
}, {
  "kecamatan" : "Kalianda",
  "kelurahan" : "Wai Lubuk",
  "kodepos" : "35551"
}, {
  "kecamatan" : "Kalianda",
  "kelurahan" : "Wayurang",
  "kodepos" : "35551"
}, {
  "kecamatan" : "Kalianda",
  "kelurahan" : "Taman Agung",
  "kodepos" : "35551"
}, {
  "kecamatan" : "Kalianda",
  "kelurahan" : "Tajimalela",
  "kodepos" : "35551"
}, {
  "kecamatan" : "Kalianda",
  "kelurahan" : "Sukaratu",
  "kodepos" : "35551"
}, {
  "kecamatan" : "Kalianda",
  "kelurahan" : "Tajimalela",
  "kodepos" : "35551"
}, {
  "kecamatan" : "Kalianda",
  "kelurahan" : "Pematang",
  "kodepos" : "35551"
}, {
  "kecamatan" : "Kalianda",
  "kelurahan" : "Suka Tani",
  "kodepos" : "35551"
}, {
  "kecamatan" : "Kalianda",
  "kelurahan" : "Palembapang",
  "kodepos" : "35551"
}, {
  "kecamatan" : "Kalianda",
  "kelurahan" : "Pauh Tanjung Iman",
  "kodepos" : "35551"
}, {
  "kecamatan" : "Kalianda",
  "kelurahan" : "Munjuk Sempurna",
  "kodepos" : "35551"
}, {
  "kecamatan" : "Kalianda",
  "kelurahan" : "Negeri Pandan",
  "kodepos" : "35551"
}, {
  "kecamatan" : "Kalianda",
  "kelurahan" : "Marga Catur",
  "kodepos" : "35551"
}, {
  "kecamatan" : "Kalianda",
  "kelurahan" : "Merak Belantung",
  "kodepos" : "35551"
}, {
  "kecamatan" : "Kalianda",
  "kelurahan" : "Kesugihan",
  "kodepos" : "35551"
}, {
  "kecamatan" : "Kalianda",
  "kelurahan" : "Maja",
  "kodepos" : "35551"
}, {
  "kecamatan" : "Kalianda",
  "kelurahan" : "Kalianda",
  "kodepos" : "35551"
}, {
  "kecamatan" : "Kalianda",
  "kelurahan" : "Kecapi",
  "kodepos" : "35551"
}, {
  "kecamatan" : "Kalianda",
  "kelurahan" : "Kedaton",
  "kodepos" : "35551"
}, {
  "kecamatan" : "Kalianda",
  "kelurahan" : "Hara Banjar Manis",
  "kodepos" : "35551"
}, {
  "kecamatan" : "Kalianda",
  "kelurahan" : "Jondong",
  "kodepos" : "35551"
}, {
  "kecamatan" : "Kalianda",
  "kelurahan" : "Gunung Terang",
  "kodepos" : "35551"
}, {
  "kecamatan" : "Kalianda",
  "kelurahan" : "Canggu",
  "kodepos" : "35551"
}, {
  "kecamatan" : "Kalianda",
  "kelurahan" : "Bulok",
  "kodepos" : "35551"
}, {
  "kecamatan" : "Kalianda",
  "kelurahan" : "Bumi Agung",
  "kodepos" : "35551"
}, {
  "kecamatan" : "Kalianda",
  "kelurahan" : "Buah Berak",
  "kodepos" : "35551"
}, {
  "kecamatan" : "Kalianda",
  "kelurahan" : "Babulang",
  "kodepos" : "35551"
}, {
  "kecamatan" : "Kalianda",
  "kelurahan" : "Agom",
  "kodepos" : "35551"
}, {
  "kecamatan" : "Katibung",
  "kelurahan" : "Trans Tanjungan",
  "kodepos" : "35452"
}, {
  "kecamatan" : "Katibung",
  "kelurahan" : "Tarahan",
  "kodepos" : "35452"
}, {
  "kecamatan" : "Katibung",
  "kelurahan" : "Tanjungratu",
  "kodepos" : "35452"
}, {
  "kecamatan" : "Katibung",
  "kelurahan" : "Tanjungan",
  "kodepos" : "35452"
}, {
  "kecamatan" : "Katibung",
  "kelurahan" : "Tanjungagung",
  "kodepos" : "35452"
}, {
  "kecamatan" : "Way Sulan",
  "kelurahan" : "Sumberagung",
  "kodepos" : "35452"
}, {
  "kecamatan" : "Way Sulan",
  "kelurahan" : "Talang Way Sulan",
  "kodepos" : "35452"
}, {
  "kecamatan" : "Way Sulan",
  "kelurahan" : "Sukamaju",
  "kodepos" : "35452"
}, {
  "kecamatan" : "Katibung",
  "kelurahan" : "Sukajaya",
  "kodepos" : "35452"
}, {
  "kecamatan" : "Katibung",
  "kelurahan" : "Sidomekar",
  "kodepos" : "35452"
}, {
  "kecamatan" : "Way Sulan",
  "kelurahan" : "Purwodadi",
  "kodepos" : "35452"
}, {
  "kecamatan" : "Katibung",
  "kelurahan" : "Rangai Tri Tunggal",
  "kodepos" : "35452"
}, {
  "kecamatan" : "Way Sulan",
  "kelurahan" : "Pemulihan",
  "kodepos" : "35452"
}, {
  "kecamatan" : "Katibung",
  "kelurahan" : "Pardasuka",
  "kodepos" : "35452"
}, {
  "kecamatan" : "Katibung",
  "kelurahan" : "Neglasari",
  "kodepos" : "35452"
}, {
  "kecamatan" : "Way Sulan",
  "kelurahan" : "Mekarsari",
  "kodepos" : "35452"
}, {
  "kecamatan" : "Katibung",
  "kelurahan" : "Karya Tunggal",
  "kodepos" : "35452"
}, {
  "kecamatan" : "Way Sulan",
  "kelurahan" : "Karang Pucung",
  "kodepos" : "35452"
}, {
  "kecamatan" : "Way Sulan",
  "kelurahan" : "Banjarsari",
  "kodepos" : "35452"
}, {
  "kecamatan" : "Katibung",
  "kelurahan" : "Babatan",
  "kodepos" : "35452"
}, {
  "kecamatan" : "Jati Agung",
  "kelurahan" : "Sumber Jaya",
  "kodepos" : "35365"
}, {
  "kecamatan" : "Jati Agung",
  "kelurahan" : "Way Huwi",
  "kodepos" : "35365"
}, {
  "kecamatan" : "Jati Agung",
  "kelurahan" : "Sidoharjo",
  "kodepos" : "35365"
}, {
  "kecamatan" : "Jati Agung",
  "kelurahan" : "Sinar Rejeki",
  "kodepos" : "35365"
}, {
  "kecamatan" : "Jati Agung",
  "kelurahan" : "Rejomulyo",
  "kodepos" : "35365"
}, {
  "kecamatan" : "Jati Agung",
  "kelurahan" : "Sidoasri (Sidodadi Asri)",
  "kodepos" : "35365"
}, {
  "kecamatan" : "Jati Agung",
  "kelurahan" : "Margomulyo",
  "kodepos" : "35365"
}, {
  "kecamatan" : "Jati Agung",
  "kelurahan" : "Purwotani",
  "kodepos" : "35365"
}, {
  "kecamatan" : "Jati Agung",
  "kelurahan" : "Margo Lestari",
  "kodepos" : "35365"
}, {
  "kecamatan" : "Jati Agung",
  "kelurahan" : "Margo Rejo",
  "kodepos" : "35365"
}, {
  "kecamatan" : "Jati Agung",
  "kelurahan" : "Marga/Margo Agung",
  "kodepos" : "35365"
}, {
  "kecamatan" : "Jati Agung",
  "kelurahan" : "Margo Dadi/Dari",
  "kodepos" : "35365"
}, {
  "kecamatan" : "Jati Agung",
  "kelurahan" : "Karang Sari",
  "kodepos" : "35365"
}, {
  "kecamatan" : "Jati Agung",
  "kelurahan" : "Marga Kaya",
  "kodepos" : "35365"
}, {
  "kecamatan" : "Jati Agung",
  "kelurahan" : "Karang Rejo",
  "kodepos" : "35365"
}, {
  "kecamatan" : "Jati Agung",
  "kelurahan" : "Jatimulyo",
  "kodepos" : "35365"
}, {
  "kecamatan" : "Jati Agung",
  "kelurahan" : "Karang Anyar",
  "kodepos" : "35365"
}, {
  "kecamatan" : "Jati Agung",
  "kelurahan" : "Gedung Agung",
  "kodepos" : "35365"
}, {
  "kecamatan" : "Jati Agung",
  "kelurahan" : "Gedung Harapan",
  "kodepos" : "35365"
}, {
  "kecamatan" : "Jati Agung",
  "kelurahan" : "Banjar Agung",
  "kodepos" : "35365"
}, {
  "kecamatan" : "Jati Agung",
  "kelurahan" : "Fajar Baru",
  "kodepos" : "35365"
}, {
  "kecamatan" : "Natar",
  "kelurahan" : "Tanjungsari",
  "kodepos" : "35362"
}, {
  "kecamatan" : "Natar",
  "kelurahan" : "Wai Sari",
  "kodepos" : "35362"
}, {
  "kecamatan" : "Natar",
  "kelurahan" : "Sukadamai",
  "kodepos" : "35362"
}, {
  "kecamatan" : "Natar",
  "kelurahan" : "Sidosari",
  "kodepos" : "35362"
}, {
  "kecamatan" : "Natar",
  "kelurahan" : "Rulung Raya",
  "kodepos" : "35362"
}, {
  "kecamatan" : "Natar",
  "kelurahan" : "Rulung Sari",
  "kodepos" : "35362"
}, {
  "kecamatan" : "Natar",
  "kelurahan" : "Rulung Herok/Helok",
  "kodepos" : "35362"
}, {
  "kecamatan" : "Natar",
  "kelurahan" : "Rulung Mulya",
  "kodepos" : "35362"
}, {
  "kecamatan" : "Natar",
  "kelurahan" : "Rejosari",
  "kodepos" : "35362"
}, {
  "kecamatan" : "Natar",
  "kelurahan" : "Pancasila",
  "kodepos" : "35362"
}, {
  "kecamatan" : "Natar",
  "kelurahan" : "Pemanggilan",
  "kodepos" : "35362"
}, {
  "kecamatan" : "Natar",
  "kelurahan" : "Purwosari",
  "kodepos" : "35362"
}, {
  "kecamatan" : "Natar",
  "kelurahan" : "Negara Ratu",
  "kodepos" : "35362"
}, {
  "kecamatan" : "Natar",
  "kelurahan" : "Muara Putih",
  "kodepos" : "35362"
}, {
  "kecamatan" : "Natar",
  "kelurahan" : "Natar",
  "kodepos" : "35362"
}, {
  "kecamatan" : "Natar",
  "kelurahan" : "Merak Batin",
  "kodepos" : "35362"
}, {
  "kecamatan" : "Natar",
  "kelurahan" : "Krawang Sari",
  "kodepos" : "35362"
}, {
  "kecamatan" : "Natar",
  "kelurahan" : "Mandah",
  "kodepos" : "35362"
}, {
  "kecamatan" : "Natar",
  "kelurahan" : "Kali Sari",
  "kodepos" : "35362"
}, {
  "kecamatan" : "Natar",
  "kelurahan" : "Kali Sari",
  "kodepos" : "35362"
}, {
  "kecamatan" : "Natar",
  "kelurahan" : "Haduyang",
  "kodepos" : "35362"
}, {
  "kecamatan" : "Natar",
  "kelurahan" : "Bumisari",
  "kodepos" : "35362"
}, {
  "kecamatan" : "Natar",
  "kelurahan" : "Candi Mas",
  "kodepos" : "35362"
}, {
  "kecamatan" : "Natar",
  "kelurahan" : "Banjarnegeri",
  "kodepos" : "35362"
}, {
  "kecamatan" : "Natar",
  "kelurahan" : "Beranti/Branti Raya",
  "kodepos" : "35362"
}, {
  "kecamatan" : "Natar",
  "kelurahan" : "Bandar Rejo",
  "kodepos" : "35362"
}, {
  "kecamatan" : "Tanjung Sari",
  "kelurahan" : "Wonodadi",
  "kodepos" : "35361"
}, {
  "kecamatan" : "Tanjung Bintang",
  "kelurahan" : "Way Galih",
  "kodepos" : "35361"
}, {
  "kecamatan" : "Tanjung Sari",
  "kelurahan" : "Wawasan",
  "kodepos" : "35361"
}, {
  "kecamatan" : "Tanjung Bintang",
  "kelurahan" : "Trimulyo",
  "kodepos" : "35361"
}, {
  "kecamatan" : "Tanjung Bintang",
  "kelurahan" : "Sri Katon",
  "kodepos" : "35361"
}, {
  "kecamatan" : "Tanjung Bintang",
  "kelurahan" : "Sukanegara",
  "kodepos" : "35361"
}, {
  "kecamatan" : "Tanjung Bintang",
  "kelurahan" : "Sinar Ogan",
  "kodepos" : "35361"
}, {
  "kecamatan" : "Tanjung Bintang",
  "kelurahan" : "Sindang Sari",
  "kodepos" : "35361"
}, {
  "kecamatan" : "Tanjung Bintang",
  "kelurahan" : "Serdang",
  "kodepos" : "35361"
}, {
  "kecamatan" : "Tanjung Sari",
  "kelurahan" : "Sidomukti",
  "kodepos" : "35361"
}, {
  "kecamatan" : "Tanjung Bintang",
  "kelurahan" : "Sabah Balau",
  "kodepos" : "35361"
}, {
  "kecamatan" : "Tanjung Bintang",
  "kelurahan" : "Rejomulyo",
  "kodepos" : "35361"
}, {
  "kecamatan" : "Tanjung Bintang",
  "kelurahan" : "Purwodadi Simpang",
  "kodepos" : "35361"
}, {
  "kecamatan" : "Tanjung Sari",
  "kelurahan" : "Purwodadi Dalam",
  "kodepos" : "35361"
}, {
  "kecamatan" : "Tanjung Sari",
  "kelurahan" : "Mulyo Sari",
  "kodepos" : "35361"
}, {
  "kecamatan" : "Tanjung Sari",
  "kelurahan" : "Malang Sari",
  "kodepos" : "35361"
}, {
  "kecamatan" : "Tanjung Bintang",
  "kelurahan" : "Lematang",
  "kodepos" : "35361"
}, {
  "kecamatan" : "Tanjung Sari",
  "kelurahan" : "Kertosari",
  "kodepos" : "35361"
}, {
  "kecamatan" : "Tanjung Bintang",
  "kelurahan" : "Kali Asin",
  "kodepos" : "35361"
}, {
  "kecamatan" : "Tanjung Bintang",
  "kelurahan" : "Jatibaru",
  "kodepos" : "35361"
}, {
  "kecamatan" : "Tanjung Bintang",
  "kelurahan" : "Jati Indah",
  "kodepos" : "35361"
}, {
  "kecamatan" : "Tanjung Bintang",
  "kelurahan" : "Budi Lestari",
  "kodepos" : "35361"
}, {
  "kecamatan" : "Tanjung Bintang",
  "kelurahan" : "Galih Lunik",
  "kodepos" : "35361"
}, {
  "kecamatan" : "Tanjung Sari",
  "kelurahan" : "Bangunsari",
  "kodepos" : "35361"
}, {
  "kecamatan" : "Merbau Mataram",
  "kelurahan" : "Triharjo",
  "kodepos" : "35357"
}, {
  "kecamatan" : "Merbau Mataram",
  "kelurahan" : "Tanjung Baru",
  "kodepos" : "35357"
}, {
  "kecamatan" : "Merbau Mataram",
  "kelurahan" : "Tanjung Harapan",
  "kodepos" : "35357"
}, {
  "kecamatan" : "Merbau Mataram",
  "kelurahan" : "Talang Jawa",
  "kodepos" : "35357"
}, {
  "kecamatan" : "Merbau Mataram",
  "kelurahan" : "Suban",
  "kodepos" : "35357"
}, {
  "kecamatan" : "Merbau Mataram",
  "kelurahan" : "Sinar Karya",
  "kodepos" : "35357"
}, {
  "kecamatan" : "Merbau Mataram",
  "kelurahan" : "Pujirahayu",
  "kodepos" : "35357"
}, {
  "kecamatan" : "Merbau Mataram",
  "kelurahan" : "Merbau Mataram",
  "kodepos" : "35357"
}, {
  "kecamatan" : "Merbau Mataram",
  "kelurahan" : "Panca Tunggal",
  "kodepos" : "35357"
}, {
  "kecamatan" : "Merbau Mataram",
  "kelurahan" : "Mekar Jaya",
  "kodepos" : "35357"
}, {
  "kecamatan" : "Merbau Mataram",
  "kelurahan" : "Lebungsari",
  "kodepos" : "35357"
}, {
  "kecamatan" : "Merbau Mataram",
  "kelurahan" : "Karang Raja",
  "kodepos" : "35357"
}, {
  "kecamatan" : "Merbau Mataram",
  "kelurahan" : "Karang Jaya",
  "kodepos" : "35357"
}, {
  "kecamatan" : "Merbau Mataram",
  "kelurahan" : "Batuagung",
  "kodepos" : "35357"
}, {
  "kecamatan" : "Merbau Mataram",
  "kelurahan" : "Baru Ranji",
  "kodepos" : "35357"
}, {
  "kecamatan" : "Candipuro",
  "kelurahan" : "Way Gelam",
  "kodepos" : "35356"
}, {
  "kecamatan" : "Candipuro",
  "kelurahan" : "Trimomukti",
  "kodepos" : "35356"
}, {
  "kecamatan" : "Candipuro",
  "kelurahan" : "Titiwangi (Candipuro)",
  "kodepos" : "35356"
}, {
  "kecamatan" : "Candipuro",
  "kelurahan" : "Sinar Pasemah",
  "kodepos" : "35356"
}, {
  "kecamatan" : "Candipuro",
  "kelurahan" : "Sidoasri",
  "kodepos" : "35356"
}, {
  "kecamatan" : "Candipuro",
  "kelurahan" : "Sinar Palembang",
  "kodepos" : "35356"
}, {
  "kecamatan" : "Candipuro",
  "kelurahan" : "Rawa Selapan",
  "kodepos" : "35356"
}, {
  "kecamatan" : "Candipuro",
  "kelurahan" : "Rantau Minyak",
  "kodepos" : "35356"
}, {
  "kecamatan" : "Candipuro",
  "kelurahan" : "Karya Mulya Sari",
  "kodepos" : "35356"
}, {
  "kecamatan" : "Candipuro",
  "kelurahan" : "Bumi Jaya",
  "kodepos" : "35356"
}, {
  "kecamatan" : "Candipuro",
  "kelurahan" : "Cintamulya",
  "kodepos" : "35356"
}, {
  "kecamatan" : "Candipuro",
  "kelurahan" : "Beringin Kencana",
  "kodepos" : "35356"
}, {
  "kecamatan" : "Candipuro",
  "kelurahan" : "Batuliman Indah",
  "kodepos" : "35356"
}, {
  "kecamatan" : "Candipuro",
  "kelurahan" : "Banyumas",
  "kodepos" : "35356"
}, {
  "kecamatan" : "Sidomulyo",
  "kelurahan" : "Talang Baru",
  "kodepos" : "35353"
}, {
  "kecamatan" : "Sidomulyo",
  "kelurahan" : "Sukamarga",
  "kodepos" : "35353"
}, {
  "kecamatan" : "Sidomulyo",
  "kelurahan" : "Sukabanjar",
  "kodepos" : "35353"
}, {
  "kecamatan" : "Sidomulyo",
  "kelurahan" : "Sukamaju",
  "kodepos" : "35353"
}, {
  "kecamatan" : "Sidomulyo",
  "kelurahan" : "Siring Jaha",
  "kodepos" : "35353"
}, {
  "kecamatan" : "Sidomulyo",
  "kelurahan" : "Suak",
  "kodepos" : "35353"
}, {
  "kecamatan" : "Sidomulyo",
  "kelurahan" : "Sidowaluyo",
  "kodepos" : "35353"
}, {
  "kecamatan" : "Sidomulyo",
  "kelurahan" : "Sidomulyo",
  "kodepos" : "35353"
}, {
  "kecamatan" : "Sidomulyo",
  "kelurahan" : "Sidorejo",
  "kodepos" : "35353"
}, {
  "kecamatan" : "Way Panji",
  "kelurahan" : "Sido Reno",
  "kodepos" : "35353"
}, {
  "kecamatan" : "Sidomulyo",
  "kelurahan" : "Sidodadi",
  "kodepos" : "35353"
}, {
  "kecamatan" : "Way Panji",
  "kelurahan" : "Sido Makmur",
  "kodepos" : "35353"
}, {
  "kecamatan" : "Sidomulyo",
  "kelurahan" : "Seleretno (Seloretno)",
  "kodepos" : "35353"
}, {
  "kecamatan" : "Way Panji",
  "kelurahan" : "Sido Harjo",
  "kodepos" : "35353"
}, {
  "kecamatan" : "Sidomulyo",
  "kelurahan" : "Kota Dalam",
  "kodepos" : "35353"
}, {
  "kecamatan" : "Sidomulyo",
  "kelurahan" : "Budi Daya",
  "kodepos" : "35353"
}, {
  "kecamatan" : "Sidomulyo",
  "kelurahan" : "Campang Tiga",
  "kodepos" : "35353"
}, {
  "kecamatan" : "Sidomulyo",
  "kelurahan" : "Banjar Suri",
  "kodepos" : "35353"
}, {
  "kecamatan" : "Sidomulyo",
  "kelurahan" : "Bandar Dalam",
  "kodepos" : "35353"
}, {
  "kecamatan" : "Way Panji",
  "kelurahan" : "Bali Nuraga",
  "kodepos" : "35353"
} ]
