[ {
  "kecamatan" : "Marga Punduh",
  "kelurahan" : "Umbul Limus",
  "kodepos" : "35453"
}, {
  "kecamatan" : "Marga Punduh",
  "kelurahan" : "Tajur",
  "kodepos" : "35453"
}, {
  "kecamatan" : "Punduh Pidada (Pedada)",
  "kelurahan" : "Sukarame",
  "kodepos" : "35453"
}, {
  "kecamatan" : "Punduh Pidada (Pedada)",
  "kelurahan" : "Sukamaju",
  "kodepos" : "35453"
}, {
  "kecamatan" : "Marga Punduh",
  "kelurahan" : "Suka Jaya Punduh",
  "kodepos" : "35453"
}, {
  "kecamatan" : "Punduh Pidada (Pedada)",
  "kelurahan" : "Suka Jaya Pidada",
  "kodepos" : "35453"
}, {
  "kecamatan" : "Punduh Pidada (Pedada)",
  "kelurahan" : "Rusaba",
  "kodepos" : "35453"
}, {
  "kecamatan" : "Marga Punduh",
  "kelurahan" : "Pulau Pahawang",
  "kodepos" : "35453"
}, {
  "kecamatan" : "Punduh Pidada (Pedada)",
  "kelurahan" : "Pulau Legundi",
  "kodepos" : "35453"
}, {
  "kecamatan" : "Marga Punduh",
  "kelurahan" : "Penyandingan",
  "kodepos" : "35453"
}, {
  "kecamatan" : "Marga Punduh",
  "kelurahan" : "Pekon Ampai",
  "kodepos" : "35453"
}, {
  "kecamatan" : "Marga Punduh",
  "kelurahan" : "Pekon Ampai",
  "kodepos" : "35453"
}, {
  "kecamatan" : "Marga Punduh",
  "kelurahan" : "Maja",
  "kodepos" : "35453"
}, {
  "kecamatan" : "Marga Punduh",
  "kelurahan" : "Kunyaian",
  "kodepos" : "35453"
}, {
  "kecamatan" : "Punduh Pidada (Pedada)",
  "kelurahan" : "Kota Jawa",
  "kodepos" : "35453"
}, {
  "kecamatan" : "Marga Punduh",
  "kelurahan" : "Kekatang",
  "kodepos" : "35453"
}, {
  "kecamatan" : "Marga Punduh",
  "kelurahan" : "Kampung Baru",
  "kodepos" : "35453"
}, {
  "kecamatan" : "Punduh Pidada (Pedada)",
  "kelurahan" : "Bawang",
  "kodepos" : "35453"
}, {
  "kecamatan" : "Punduh Pidada (Pedada)",
  "kelurahan" : "Batu Raja",
  "kodepos" : "35453"
}, {
  "kecamatan" : "Punduh Pidada (Pedada)",
  "kelurahan" : "Banding Agung",
  "kodepos" : "35453"
}, {
  "kecamatan" : "Padang Cermin",
  "kelurahan" : "Way Urang",
  "kodepos" : "35451"
}, {
  "kecamatan" : "Padang Cermin",
  "kelurahan" : "Wates Way Ratai",
  "kodepos" : "35451"
}, {
  "kecamatan" : "Padang Cermin",
  "kelurahan" : "Trimulyo",
  "kodepos" : "35451"
}, {
  "kecamatan" : "Padang Cermin",
  "kelurahan" : "Tanjung Agung",
  "kodepos" : "35451"
}, {
  "kecamatan" : "Padang Cermin",
  "kelurahan" : "Tambangan",
  "kodepos" : "35451"
}, {
  "kecamatan" : "Padang Cermin",
  "kelurahan" : "Sumber Jaya",
  "kodepos" : "35451"
}, {
  "kecamatan" : "Padang Cermin",
  "kelurahan" : "Talang Mulyo",
  "kodepos" : "35451"
}, {
  "kecamatan" : "Padang Cermin",
  "kelurahan" : "Sidodadi",
  "kodepos" : "35451"
}, {
  "kecamatan" : "Padang Cermin",
  "kelurahan" : "Sukajaya Lempasing",
  "kodepos" : "35451"
}, {
  "kecamatan" : "Padang Cermin",
  "kelurahan" : "Poncorejo",
  "kodepos" : "35451"
}, {
  "kecamatan" : "Padang Cermin",
  "kelurahan" : "Sanggi",
  "kodepos" : "35451"
}, {
  "kecamatan" : "Padang Cermin",
  "kelurahan" : "Pesawaran Indah",
  "kodepos" : "35451"
}, {
  "kecamatan" : "Padang Cermin",
  "kelurahan" : "Paya",
  "kodepos" : "35451"
}, {
  "kecamatan" : "Padang Cermin",
  "kelurahan" : "Padang Cermin",
  "kodepos" : "35451"
}, {
  "kecamatan" : "Padang Cermin",
  "kelurahan" : "Munca",
  "kodepos" : "35451"
}, {
  "kecamatan" : "Padang Cermin",
  "kelurahan" : "Mulyosari",
  "kodepos" : "35451"
}, {
  "kecamatan" : "Padang Cermin",
  "kelurahan" : "Khepong Jaya",
  "kodepos" : "35451"
}, {
  "kecamatan" : "Padang Cermin",
  "kelurahan" : "Hurun",
  "kodepos" : "35451"
}, {
  "kecamatan" : "Padang Cermin",
  "kelurahan" : "Harapan Jaya",
  "kodepos" : "35451"
}, {
  "kecamatan" : "Padang Cermin",
  "kelurahan" : "Hanura",
  "kodepos" : "35451"
}, {
  "kecamatan" : "Padang Cermin",
  "kelurahan" : "Hanau Berak",
  "kodepos" : "35451"
}, {
  "kecamatan" : "Padang Cermin",
  "kelurahan" : "Gunung Rejo",
  "kodepos" : "35451"
}, {
  "kecamatan" : "Padang Cermin",
  "kelurahan" : "Gebang",
  "kodepos" : "35451"
}, {
  "kecamatan" : "Padang Cermin",
  "kelurahan" : "Durian",
  "kodepos" : "35451"
}, {
  "kecamatan" : "Padang Cermin",
  "kelurahan" : "Cilimus",
  "kodepos" : "35451"
}, {
  "kecamatan" : "Padang Cermin",
  "kelurahan" : "Ceringin Sari",
  "kodepos" : "35451"
}, {
  "kecamatan" : "Padang Cermin",
  "kelurahan" : "Bunut",
  "kodepos" : "35451"
}, {
  "kecamatan" : "Padang Cermin",
  "kelurahan" : "Bunut Seberang",
  "kodepos" : "35451"
}, {
  "kecamatan" : "Padang Cermin",
  "kelurahan" : "Batu Menyan",
  "kodepos" : "35451"
}, {
  "kecamatan" : "Padang Cermin",
  "kelurahan" : "Banjaran",
  "kodepos" : "35451"
}, {
  "kecamatan" : "Kedondong",
  "kelurahan" : "Tebajawa",
  "kodepos" : "35368"
}, {
  "kecamatan" : "Kedondong",
  "kelurahan" : "Tempel Rejo",
  "kodepos" : "35368"
}, {
  "kecamatan" : "Kedondong",
  "kelurahan" : "Way Kepayang",
  "kodepos" : "35368"
}, {
  "kecamatan" : "Way Khilau",
  "kelurahan" : "Tanjung Kerta",
  "kodepos" : "35368"
}, {
  "kecamatan" : "Kedondong",
  "kelurahan" : "Sukamaju",
  "kodepos" : "35368"
}, {
  "kecamatan" : "Way Khilau",
  "kelurahan" : "Sukajaya",
  "kodepos" : "35368"
}, {
  "kecamatan" : "Kedondong",
  "kelurahan" : "Sinar Harapan",
  "kodepos" : "35368"
}, {
  "kecamatan" : "Way Khilau",
  "kelurahan" : "Penengahan",
  "kodepos" : "35368"
}, {
  "kecamatan" : "Kedondong",
  "kelurahan" : "Pesawaran",
  "kodepos" : "35368"
}, {
  "kecamatan" : "Way Khilau",
  "kelurahan" : "Mada Jaya",
  "kodepos" : "35368"
}, {
  "kecamatan" : "Way Khilau",
  "kelurahan" : "Padang Cermin",
  "kodepos" : "35368"
}, {
  "kecamatan" : "Kedondong",
  "kelurahan" : "Pasar Baru",
  "kodepos" : "35368"
}, {
  "kecamatan" : "Way Khilau",
  "kelurahan" : "Kota Jawa",
  "kodepos" : "35368"
}, {
  "kecamatan" : "Way Khilau",
  "kelurahan" : "Kubu Batu",
  "kodepos" : "35368"
}, {
  "kecamatan" : "Kedondong",
  "kelurahan" : "Harapan Jaya",
  "kodepos" : "35368"
}, {
  "kecamatan" : "Kedondong",
  "kelurahan" : "Kedondong",
  "kodepos" : "35368"
}, {
  "kecamatan" : "Kedondong",
  "kelurahan" : "Kerta Sana",
  "kodepos" : "35368"
}, {
  "kecamatan" : "Way Khilau",
  "kelurahan" : "Gunungsari",
  "kodepos" : "35368"
}, {
  "kecamatan" : "Kedondong",
  "kelurahan" : "Gunung Sugih",
  "kodepos" : "35368"
}, {
  "kecamatan" : "Way Khilau",
  "kelurahan" : "Bayas Jaya",
  "kodepos" : "35368"
}, {
  "kecamatan" : "Kedondong",
  "kelurahan" : "Babakan Loa",
  "kodepos" : "35368"
}, {
  "kecamatan" : "Way Lima",
  "kelurahan" : "Sukamandi",
  "kodepos" : "35367"
}, {
  "kecamatan" : "Way Lima",
  "kelurahan" : "Tanjung Agung",
  "kodepos" : "35367"
}, {
  "kecamatan" : "Way Lima",
  "kelurahan" : "Way Harong",
  "kodepos" : "35367"
}, {
  "kecamatan" : "Way Lima",
  "kelurahan" : "Sidodadi",
  "kodepos" : "35367"
}, {
  "kecamatan" : "Way Lima",
  "kelurahan" : "Sindang Garut",
  "kodepos" : "35367"
}, {
  "kecamatan" : "Way Lima",
  "kelurahan" : "Pekondoh",
  "kodepos" : "35367"
}, {
  "kecamatan" : "Way Lima",
  "kelurahan" : "Pekondoh Gedung",
  "kodepos" : "35367"
}, {
  "kecamatan" : "Way Lima",
  "kelurahan" : "Margodadi",
  "kodepos" : "35367"
}, {
  "kecamatan" : "Way Lima",
  "kelurahan" : "Padang Manis",
  "kodepos" : "35367"
}, {
  "kecamatan" : "Way Lima",
  "kelurahan" : "Gedung Dalam/Dalom",
  "kodepos" : "35367"
}, {
  "kecamatan" : "Way Lima",
  "kelurahan" : "Kotadalam",
  "kodepos" : "35367"
}, {
  "kecamatan" : "Way Lima",
  "kelurahan" : "Gedung Dalam/Dalom",
  "kodepos" : "35367"
}, {
  "kecamatan" : "Way Lima",
  "kelurahan" : "Baturaja",
  "kodepos" : "35367"
}, {
  "kecamatan" : "Way Lima",
  "kelurahan" : "Cimanuk",
  "kodepos" : "35367"
}, {
  "kecamatan" : "Way Lima",
  "kelurahan" : "Banjar Negeri",
  "kodepos" : "35367"
}, {
  "kecamatan" : "Gedong Tataan (Gedung Tataan)",
  "kelurahan" : "Way Layap",
  "kodepos" : "35366"
}, {
  "kecamatan" : "Gedong Tataan (Gedung Tataan)",
  "kelurahan" : "Wiyono",
  "kodepos" : "35366"
}, {
  "kecamatan" : "Gedong Tataan (Gedung Tataan)",
  "kelurahan" : "Sungai Langka",
  "kodepos" : "35366"
}, {
  "kecamatan" : "Gedong Tataan (Gedung Tataan)",
  "kelurahan" : "Tamansari",
  "kodepos" : "35366"
}, {
  "kecamatan" : "Gedong Tataan (Gedung Tataan)",
  "kelurahan" : "Sukaraja",
  "kodepos" : "35366"
}, {
  "kecamatan" : "Gedong Tataan (Gedung Tataan)",
  "kelurahan" : "Pampangan",
  "kodepos" : "35366"
}, {
  "kecamatan" : "Gedong Tataan (Gedung Tataan)",
  "kelurahan" : "Sukabanjar",
  "kodepos" : "35366"
}, {
  "kecamatan" : "Gedong Tataan (Gedung Tataan)",
  "kelurahan" : "Sukadadi",
  "kodepos" : "35366"
}, {
  "kecamatan" : "Gedong Tataan (Gedung Tataan)",
  "kelurahan" : "Negeri Sakti",
  "kodepos" : "35366"
}, {
  "kecamatan" : "Gedong Tataan (Gedung Tataan)",
  "kelurahan" : "Padang Ratu",
  "kodepos" : "35366"
}, {
  "kecamatan" : "Gedong Tataan (Gedung Tataan)",
  "kelurahan" : "Kurungan Nyawa",
  "kodepos" : "35366"
}, {
  "kecamatan" : "Gedong Tataan (Gedung Tataan)",
  "kelurahan" : "Kutoarjo",
  "kodepos" : "35366"
}, {
  "kecamatan" : "Gedong Tataan (Gedung Tataan)",
  "kelurahan" : "Gedung Tataan",
  "kodepos" : "35366"
}, {
  "kecamatan" : "Gedong Tataan (Gedung Tataan)",
  "kelurahan" : "Karang Anyar",
  "kodepos" : "35366"
}, {
  "kecamatan" : "Gedong Tataan (Gedung Tataan)",
  "kelurahan" : "Kebagusan",
  "kodepos" : "35366"
}, {
  "kecamatan" : "Gedong Tataan (Gedung Tataan)",
  "kelurahan" : "Bogorejo",
  "kodepos" : "35366"
}, {
  "kecamatan" : "Gedong Tataan (Gedung Tataan)",
  "kelurahan" : "Cipadang",
  "kodepos" : "35366"
}, {
  "kecamatan" : "Gedong Tataan (Gedung Tataan)",
  "kelurahan" : "Bernung",
  "kodepos" : "35366"
}, {
  "kecamatan" : "Gedong Tataan (Gedung Tataan)",
  "kelurahan" : "Bagelen",
  "kodepos" : "35366"
}, {
  "kecamatan" : "Tegineneng",
  "kelurahan" : "Sriwedari",
  "kodepos" : "35363"
}, {
  "kecamatan" : "Tegineneng",
  "kelurahan" : "Trimulyo",
  "kodepos" : "35363"
}, {
  "kecamatan" : "Tegineneng",
  "kelurahan" : "Sinar Jati",
  "kodepos" : "35363"
}, {
  "kecamatan" : "Tegineneng",
  "kelurahan" : "Panca Bakti",
  "kodepos" : "35363"
}, {
  "kecamatan" : "Tegineneng",
  "kelurahan" : "Rejoagung",
  "kodepos" : "35363"
}, {
  "kecamatan" : "Tegineneng",
  "kelurahan" : "Negara Ratuwates",
  "kodepos" : "35363"
}, {
  "kecamatan" : "Tegineneng",
  "kelurahan" : "Margo Rejo",
  "kodepos" : "35363"
}, {
  "kecamatan" : "Tegineneng",
  "kelurahan" : "Kresno Widodo",
  "kodepos" : "35363"
}, {
  "kecamatan" : "Tegineneng",
  "kelurahan" : "Margo Mulyo",
  "kodepos" : "35363"
}, {
  "kecamatan" : "Tegineneng",
  "kelurahan" : "Kota Agung",
  "kodepos" : "35363"
}, {
  "kecamatan" : "Tegineneng",
  "kelurahan" : "Kejadian",
  "kodepos" : "35363"
}, {
  "kecamatan" : "Tegineneng",
  "kelurahan" : "Gerning",
  "kodepos" : "35363"
}, {
  "kecamatan" : "Tegineneng",
  "kelurahan" : "Gunung Sugih Baru",
  "kodepos" : "35363"
}, {
  "kecamatan" : "Tegineneng",
  "kelurahan" : "Bumiagung",
  "kodepos" : "35363"
}, {
  "kecamatan" : "Tegineneng",
  "kelurahan" : "Gedung/Gedong Gumanti",
  "kodepos" : "35363"
}, {
  "kecamatan" : "Tegineneng",
  "kelurahan" : "Batang Hari Ogan",
  "kodepos" : "35363"
}, {
  "kecamatan" : "Negeri Katon",
  "kelurahan" : "Trisno Maju",
  "kodepos" : "35353"
}, {
  "kecamatan" : "Negeri Katon",
  "kelurahan" : "Tri Rahayu",
  "kodepos" : "35353"
}, {
  "kecamatan" : "Negeri Katon",
  "kelurahan" : "Tanjung Rejo",
  "kodepos" : "35353"
}, {
  "kecamatan" : "Negeri Katon",
  "kelurahan" : "Sinarbandung",
  "kodepos" : "35353"
}, {
  "kecamatan" : "Negeri Katon",
  "kelurahan" : "Sidomulyo",
  "kodepos" : "35353"
}, {
  "kecamatan" : "Negeri Katon",
  "kelurahan" : "Purworejo",
  "kodepos" : "35353"
}, {
  "kecamatan" : "Negeri Katon",
  "kelurahan" : "Roworejo",
  "kodepos" : "35353"
}, {
  "kecamatan" : "Negeri Katon",
  "kelurahan" : "Pujorahayu",
  "kodepos" : "35353"
}, {
  "kecamatan" : "Negeri Katon",
  "kelurahan" : "Poncokresno",
  "kodepos" : "35353"
}, {
  "kecamatan" : "Negeri Katon",
  "kelurahan" : "Negeri Katon/Katun",
  "kodepos" : "35353"
}, {
  "kecamatan" : "Negeri Katon",
  "kelurahan" : "Negeri Ulangan Jaya",
  "kodepos" : "35353"
}, {
  "kecamatan" : "Negeri Katon",
  "kelurahan" : "Pejambon",
  "kodepos" : "35353"
}, {
  "kecamatan" : "Negeri Katon",
  "kelurahan" : "Lumbi Rejo",
  "kodepos" : "35353"
}, {
  "kecamatan" : "Negeri Katon",
  "kelurahan" : "Negarasaka",
  "kodepos" : "35353"
}, {
  "kecamatan" : "Negeri Katon",
  "kelurahan" : "Karang Rejo",
  "kodepos" : "35353"
}, {
  "kecamatan" : "Negeri Katon",
  "kelurahan" : "Kalirejo",
  "kodepos" : "35353"
}, {
  "kecamatan" : "Negeri Katon",
  "kelurahan" : "Halangan Ratu",
  "kodepos" : "35353"
}, {
  "kecamatan" : "Negeri Katon",
  "kelurahan" : "Kagungan Ratu",
  "kodepos" : "35353"
}, {
  "kecamatan" : "Negeri Katon",
  "kelurahan" : "Bangun Sari",
  "kodepos" : "35353"
} ]
