[ {
  "kecamatan" : "Bengkunat Belimbing",
  "kelurahan" : "Way Haru",
  "kodepos" : "34883"
}, {
  "kecamatan" : "Bengkunat Belimbing",
  "kelurahan" : "Way Tias",
  "kodepos" : "34883"
}, {
  "kecamatan" : "Ngambur",
  "kelurahan" : "Ulok Mukti",
  "kodepos" : "34883"
}, {
  "kecamatan" : "Bengkunat Belimbing",
  "kelurahan" : "Tanjung Rejo",
  "kodepos" : "34883"
}, {
  "kecamatan" : "Bengkunat Belimbing",
  "kelurahan" : "Sumberejo",
  "kodepos" : "34883"
}, {
  "kecamatan" : "Bengkunat Belimbing",
  "kelurahan" : "Tanjung Kemala",
  "kodepos" : "34883"
}, {
  "kecamatan" : "Ngambur",
  "kelurahan" : "Sumber Agung",
  "kodepos" : "34883"
}, {
  "kecamatan" : "Bengkunat Belimbing",
  "kelurahan" : "Suka Negeri",
  "kodepos" : "34883"
}, {
  "kecamatan" : "Bengkunat",
  "kelurahan" : "Sukarame",
  "kodepos" : "34883"
}, {
  "kecamatan" : "Bengkunat Belimbing",
  "kelurahan" : "Suka Marga",
  "kodepos" : "34883"
}, {
  "kecamatan" : "Lemong",
  "kelurahan" : "Suka Mulya",
  "kodepos" : "34883"
}, {
  "kecamatan" : "Bengkunat",
  "kelurahan" : "Suka Maju",
  "kodepos" : "34883"
}, {
  "kecamatan" : "Ngambur",
  "kelurahan" : "Suka Banjar",
  "kodepos" : "34883"
}, {
  "kecamatan" : "Bengkunat",
  "kelurahan" : "Raja Basa",
  "kodepos" : "34883"
}, {
  "kecamatan" : "Bengkunat Belimbing",
  "kelurahan" : "Penyandingan",
  "kodepos" : "34883"
}, {
  "kecamatan" : "Bengkunat Belimbing",
  "kelurahan" : "Siring Gading",
  "kodepos" : "34883"
}, {
  "kecamatan" : "Bengkunat Belimbing",
  "kelurahan" : "Pemerihan",
  "kodepos" : "34883"
}, {
  "kecamatan" : "Ngambur",
  "kelurahan" : "Pekon Mon",
  "kodepos" : "34883"
}, {
  "kecamatan" : "Bengkunat",
  "kelurahan" : "Parda Suka",
  "kodepos" : "34883"
}, {
  "kecamatan" : "Lemong",
  "kelurahan" : "Parda Haga",
  "kodepos" : "34883"
}, {
  "kecamatan" : "Bengkunat Belimbing",
  "kelurahan" : "Pagar Bukit Induk",
  "kodepos" : "34883"
}, {
  "kecamatan" : "Bengkunat Belimbing",
  "kelurahan" : "Pagar Bukit",
  "kodepos" : "34883"
}, {
  "kecamatan" : "Bengkunat",
  "kelurahan" : "Padang Dalam",
  "kodepos" : "34883"
}, {
  "kecamatan" : "Ngambur",
  "kelurahan" : "Negeri Ratu Ngambur",
  "kodepos" : "34883"
}, {
  "kecamatan" : "Bengkunat",
  "kelurahan" : "Negeri Ratu Ngaras",
  "kodepos" : "34883"
}, {
  "kecamatan" : "Ngambur",
  "kelurahan" : "Negara",
  "kodepos" : "34883"
}, {
  "kecamatan" : "Bengkunat",
  "kelurahan" : "Mulang Maya",
  "kodepos" : "34883"
}, {
  "kecamatan" : "Ngambur",
  "kelurahan" : "Mauara Tembulih",
  "kodepos" : "34883"
}, {
  "kecamatan" : "Bengkunat",
  "kelurahan" : "Kota Batu",
  "kodepos" : "34883"
}, {
  "kecamatan" : "Bengkunat Belimbing",
  "kelurahan" : "Kota Jawa",
  "kodepos" : "34883"
}, {
  "kecamatan" : "Ngambur",
  "kelurahan" : "Gedung Cahya Kuningan",
  "kodepos" : "34883"
}, {
  "kecamatan" : "Ngambur",
  "kelurahan" : "Bumi Ratu",
  "kodepos" : "34883"
}, {
  "kecamatan" : "Bengkunat",
  "kelurahan" : "Bandar Jaya",
  "kodepos" : "34883"
}, {
  "kecamatan" : "Bengkunat Belimbing",
  "kelurahan" : "Bandar Dalam",
  "kodepos" : "34883"
}, {
  "kecamatan" : "Karya Penggawa",
  "kelurahan" : "Way Sindi Utara",
  "kodepos" : "34878"
}, {
  "kecamatan" : "Karya Penggawa",
  "kelurahan" : "Way Sindi",
  "kodepos" : "34878"
}, {
  "kecamatan" : "Karya Penggawa",
  "kelurahan" : "Way Sindi Hanuan",
  "kodepos" : "34878"
}, {
  "kecamatan" : "Karya Penggawa",
  "kelurahan" : "Tebakak Way Sidi",
  "kodepos" : "34878"
}, {
  "kecamatan" : "Karya Penggawa",
  "kelurahan" : "Way Nukak",
  "kodepos" : "34878"
}, {
  "kecamatan" : "Karya Penggawa",
  "kelurahan" : "Penggawa V Tengah",
  "kodepos" : "34878"
}, {
  "kecamatan" : "Karya Penggawa",
  "kelurahan" : "Penggawa V Ulu",
  "kodepos" : "34878"
}, {
  "kecamatan" : "Karya Penggawa",
  "kelurahan" : "Menyancang",
  "kodepos" : "34878"
}, {
  "kecamatan" : "Karya Penggawa",
  "kelurahan" : "Penengahan",
  "kodepos" : "34878"
}, {
  "kecamatan" : "Karya Penggawa",
  "kelurahan" : "Kebuayan",
  "kodepos" : "34878"
}, {
  "kecamatan" : "Karya Penggawa",
  "kelurahan" : "Laay",
  "kodepos" : "34878"
}, {
  "kecamatan" : "Lemong",
  "kelurahan" : "Way Batang",
  "kodepos" : "34877"
}, {
  "kecamatan" : "Karya Penggawa",
  "kelurahan" : "Asahan Way Sindi",
  "kodepos" : "34878"
}, {
  "kecamatan" : "Lemong",
  "kelurahan" : "Tanjung Sakti",
  "kodepos" : "34877"
}, {
  "kecamatan" : "Lemong",
  "kelurahan" : "Rata Agung",
  "kodepos" : "34877"
}, {
  "kecamatan" : "Lemong",
  "kelurahan" : "Tanjung Jati",
  "kodepos" : "34877"
}, {
  "kecamatan" : "Lemong",
  "kelurahan" : "Pagar Dalam",
  "kodepos" : "34877"
}, {
  "kecamatan" : "Lemong",
  "kelurahan" : "Pengehan",
  "kodepos" : "34877"
}, {
  "kecamatan" : "Lemong",
  "kelurahan" : "Lemong",
  "kodepos" : "34877"
}, {
  "kecamatan" : "Lemong",
  "kelurahan" : "Malaya",
  "kodepos" : "34877"
}, {
  "kecamatan" : "Lemong",
  "kelurahan" : "Bandar Pugung",
  "kodepos" : "34877"
}, {
  "kecamatan" : "Lemong",
  "kelurahan" : "Cahaya Negeri",
  "kodepos" : "34877"
}, {
  "kecamatan" : "Lemong",
  "kelurahan" : "Bambang",
  "kodepos" : "34877"
}, {
  "kecamatan" : "Pesisir Utara",
  "kelurahan" : "Walur",
  "kodepos" : "34876"
}, {
  "kecamatan" : "Pesisir Utara",
  "kelurahan" : "Way Narta",
  "kodepos" : "34876"
}, {
  "kecamatan" : "Pulau Pisang",
  "kelurahan" : "Sukamarga",
  "kodepos" : "34876"
}, {
  "kecamatan" : "Pulau Pisang",
  "kelurahan" : "Sukadana",
  "kodepos" : "34876"
}, {
  "kecamatan" : "Pesisir Utara",
  "kelurahan" : "Pemancar",
  "kodepos" : "34876"
}, {
  "kecamatan" : "Pulau Pisang",
  "kelurahan" : "Pekon Lok",
  "kodepos" : "34876"
}, {
  "kecamatan" : "Pesisir Utara",
  "kelurahan" : "Padang Rindu",
  "kodepos" : "34876"
}, {
  "kecamatan" : "Pulau Pisang",
  "kelurahan" : "Pasar Pulau Pisang",
  "kodepos" : "34876"
}, {
  "kecamatan" : "Pesisir Utara",
  "kelurahan" : "Negeri Ratu",
  "kodepos" : "34876"
}, {
  "kecamatan" : "Pulau Pisang",
  "kelurahan" : "Labuhan",
  "kodepos" : "34876"
}, {
  "kecamatan" : "Pesisir Utara",
  "kelurahan" : "Kota Karang",
  "kodepos" : "34876"
}, {
  "kecamatan" : "Pesisir Utara",
  "kelurahan" : "Kuripan",
  "kodepos" : "34876"
}, {
  "kecamatan" : "Pesisir Utara",
  "kelurahan" : "Kerbang Langgar",
  "kodepos" : "34876"
}, {
  "kecamatan" : "Pesisir Utara",
  "kelurahan" : "Kerbang Dalam",
  "kodepos" : "34876"
}, {
  "kecamatan" : "Pesisir Utara",
  "kelurahan" : "Gedau",
  "kodepos" : "34876"
}, {
  "kecamatan" : "Pulau Pisang",
  "kelurahan" : "Bandar Dalam",
  "kodepos" : "34876"
}, {
  "kecamatan" : "Pesisir Utara",
  "kelurahan" : "Batu Raja",
  "kodepos" : "34876"
}, {
  "kecamatan" : "Pesisir Utara",
  "kelurahan" : "Balam",
  "kodepos" : "34876"
}, {
  "kecamatan" : "Pesisir Selatan",
  "kelurahan" : "Tulung Bamban",
  "kodepos" : "34875"
}, {
  "kecamatan" : "Pesisir Selatan",
  "kelurahan" : "Ulok Manik",
  "kodepos" : "34875"
}, {
  "kecamatan" : "Pesisir Selatan",
  "kelurahan" : "Way Jambu",
  "kodepos" : "34875"
}, {
  "kecamatan" : "Pesisir Selatan",
  "kelurahan" : "Tanjung Jati",
  "kodepos" : "34875"
}, {
  "kecamatan" : "Pesisir Selatan",
  "kelurahan" : "Tanjung Raya",
  "kodepos" : "34875"
}, {
  "kecamatan" : "Pesisir Selatan",
  "kelurahan" : "Tanjung Setia",
  "kodepos" : "34875"
}, {
  "kecamatan" : "Pesisir Selatan",
  "kelurahan" : "Sukarame",
  "kodepos" : "34875"
}, {
  "kecamatan" : "Pesisir Selatan",
  "kelurahan" : "Paku Negara",
  "kodepos" : "34875"
}, {
  "kecamatan" : "Pesisir Selatan",
  "kelurahan" : "Pelita Jaya",
  "kodepos" : "34875"
}, {
  "kecamatan" : "Pesisir Selatan",
  "kelurahan" : "Negeri Ratu Tenumbang",
  "kodepos" : "34875"
}, {
  "kecamatan" : "Pesisir Selatan",
  "kelurahan" : "Pagar Alam",
  "kodepos" : "34875"
}, {
  "kecamatan" : "Pesisir Selatan",
  "kelurahan" : "Biha",
  "kodepos" : "34875"
}, {
  "kecamatan" : "Pesisir Selatan",
  "kelurahan" : "Marang",
  "kodepos" : "34875"
}, {
  "kecamatan" : "Pesisir Selatan",
  "kelurahan" : "Bangun Negara",
  "kodepos" : "34875"
}, {
  "kecamatan" : "Krui Selatan",
  "kelurahan" : "Way Suluh",
  "kodepos" : "34874"
}, {
  "kecamatan" : "Pesisir Tengah",
  "kelurahan" : "Way Redak",
  "kodepos" : "34874"
}, {
  "kecamatan" : "Krui Selatan",
  "kelurahan" : "Way Napal",
  "kodepos" : "34874"
}, {
  "kecamatan" : "Way Krui",
  "kelurahan" : "Ulu Krui",
  "kodepos" : "34874"
}, {
  "kecamatan" : "Krui Selatan",
  "kelurahan" : "Walur",
  "kodepos" : "34874"
}, {
  "kecamatan" : "Pesisir Tengah",
  "kelurahan" : "Sukanegara",
  "kodepos" : "34874"
}, {
  "kecamatan" : "Way Krui",
  "kelurahan" : "Sukabaru",
  "kodepos" : "34874"
}, {
  "kecamatan" : "Krui Selatan",
  "kelurahan" : "Suka Jadi",
  "kodepos" : "34874"
}, {
  "kecamatan" : "Pesisir Tengah",
  "kelurahan" : "Serai / Seray",
  "kodepos" : "34874"
}, {
  "kecamatan" : "Pesisir Tengah",
  "kelurahan" : "Rawas",
  "kodepos" : "34874"
}, {
  "kecamatan" : "Way Krui",
  "kelurahan" : "Penggawa V",
  "kodepos" : "34874"
}, {
  "kecamatan" : "Way Krui",
  "kelurahan" : "Penggawa V Ilir",
  "kodepos" : "34874"
}, {
  "kecamatan" : "Krui Selatan",
  "kelurahan" : "Pemerihan",
  "kodepos" : "34874"
}, {
  "kecamatan" : "Pesisir Tengah",
  "kelurahan" : "Pasar Krui",
  "kodepos" : "34874"
}, {
  "kecamatan" : "Way Krui",
  "kelurahan" : "Pajar Bulan",
  "kodepos" : "34874"
}, {
  "kecamatan" : "Pesisir Tengah",
  "kelurahan" : "Pahmungan",
  "kodepos" : "34874"
}, {
  "kecamatan" : "Krui Selatan",
  "kelurahan" : "Padang Raya",
  "kodepos" : "34874"
}, {
  "kecamatan" : "Krui Selatan",
  "kelurahan" : "Padang Haluan",
  "kodepos" : "34874"
}, {
  "kecamatan" : "Krui Selatan",
  "kelurahan" : "Lintik",
  "kodepos" : "34874"
}, {
  "kecamatan" : "Krui Selatan",
  "kelurahan" : "Mandiri Sejati",
  "kodepos" : "34874"
}, {
  "kecamatan" : "Way Krui",
  "kelurahan" : "Labuan",
  "kodepos" : "34874"
}, {
  "kecamatan" : "Pesisir Tengah",
  "kelurahan" : "Kota Pasar Krui",
  "kodepos" : "34874"
}, {
  "kecamatan" : "Pesisir Tengah",
  "kelurahan" : "Kampung Jawa",
  "kodepos" : "34874"
}, {
  "kecamatan" : "Way Krui",
  "kelurahan" : "Gunung Kemala",
  "kodepos" : "34874"
}, {
  "kecamatan" : "Way Krui",
  "kelurahan" : "Gunung Kemala Timur",
  "kodepos" : "34874"
}, {
  "kecamatan" : "Way Krui",
  "kelurahan" : "Banjar Agung",
  "kodepos" : "34874"
}, {
  "kecamatan" : "Way Krui",
  "kelurahan" : "Bumi Waras",
  "kodepos" : "34874"
}, {
  "kecamatan" : "Krui Selatan",
  "kelurahan" : "Balai Kencana",
  "kodepos" : "34874"
}, {
  "kecamatan" : "Pesisir Selatan",
  "kelurahan" : "Sumur Jaya",
  "kodepos" : "34871"
} ]
