[ {
  "kecamatan" : "Negeri Besar",
  "kelurahan" : "Tiuh Baru",
  "kodepos" : "34769"
}, {
  "kecamatan" : "Negeri Agung",
  "kelurahan" : "Way Limau",
  "kodepos" : "34769"
}, {
  "kecamatan" : "Negeri Besar",
  "kelurahan" : "Tanjungmas",
  "kodepos" : "34769"
}, {
  "kecamatan" : "Negeri Besar",
  "kelurahan" : "Tegal Mukti",
  "kodepos" : "34769"
}, {
  "kecamatan" : "Negeri Agung",
  "kelurahan" : "Sungsang",
  "kodepos" : "34769"
}, {
  "kecamatan" : "Negeri Agung",
  "kelurahan" : "Tanjung Rejo",
  "kodepos" : "34769"
}, {
  "kecamatan" : "Negeri Agung",
  "kelurahan" : "Sumber Rejeki",
  "kodepos" : "34769"
}, {
  "kecamatan" : "Negara Batin",
  "kelurahan" : "Sri Menanti",
  "kodepos" : "34769"
}, {
  "kecamatan" : "Negara Batin",
  "kelurahan" : "Sri Mulyo",
  "kodepos" : "34769"
}, {
  "kecamatan" : "Negeri Besar",
  "kelurahan" : "Sri Basuki",
  "kodepos" : "34769"
}, {
  "kecamatan" : "Negara Batin",
  "kelurahan" : "Sari Jaya",
  "kodepos" : "34769"
}, {
  "kecamatan" : "Negara Batin",
  "kelurahan" : "Setia Negara",
  "kodepos" : "34769"
}, {
  "kecamatan" : "Negara Batin",
  "kelurahan" : "Purwa Negara",
  "kodepos" : "34769"
}, {
  "kecamatan" : "Negeri Agung",
  "kelurahan" : "Rejosasi",
  "kodepos" : "34769"
}, {
  "kecamatan" : "Negara Batin",
  "kelurahan" : "Purwa Agung",
  "kodepos" : "34769"
}, {
  "kecamatan" : "Negara Batin",
  "kelurahan" : "Purwa Agung",
  "kodepos" : "34769"
}, {
  "kecamatan" : "Negeri Agung",
  "kelurahan" : "Penengahan",
  "kodepos" : "34769"
}, {
  "kecamatan" : "Negeri Besar",
  "kelurahan" : "Pagar Iman",
  "kodepos" : "34769"
}, {
  "kecamatan" : "Negeri Besar",
  "kelurahan" : "Negeri Kasih",
  "kodepos" : "34769"
}, {
  "kecamatan" : "Negeri Besar",
  "kelurahan" : "Negeri Jaya",
  "kodepos" : "34769"
}, {
  "kecamatan" : "Negeri Besar",
  "kelurahan" : "Negeri Besar",
  "kodepos" : "34769"
}, {
  "kecamatan" : "Negeri Agung",
  "kelurahan" : "Negeri Agung",
  "kodepos" : "34769"
}, {
  "kecamatan" : "Negeri Besar",
  "kelurahan" : "Negara Jaya",
  "kodepos" : "34769"
}, {
  "kecamatan" : "Negara Batin",
  "kelurahan" : "Negara Mulya",
  "kodepos" : "34769"
}, {
  "kecamatan" : "Negara Batin",
  "kelurahan" : "Negara Batin",
  "kodepos" : "34769"
}, {
  "kecamatan" : "Negara Batin",
  "kelurahan" : "Marga Jaya",
  "kodepos" : "34769"
}, {
  "kecamatan" : "Negeri Agung",
  "kelurahan" : "Mulyo/Mulya Sari",
  "kodepos" : "34769"
}, {
  "kecamatan" : "Negeri Agung",
  "kelurahan" : "Kotabumi Way Kanan",
  "kodepos" : "34769"
}, {
  "kecamatan" : "Negara Batin",
  "kelurahan" : "Kota Jawa",
  "kodepos" : "34769"
}, {
  "kecamatan" : "Negeri Agung",
  "kelurahan" : "Kota Baru",
  "kodepos" : "34769"
}, {
  "kecamatan" : "Negeri Besar",
  "kelurahan" : "Kiling Kiling",
  "kodepos" : "34769"
}, {
  "kecamatan" : "Negeri Agung",
  "kelurahan" : "Karya Agung",
  "kodepos" : "34769"
}, {
  "kecamatan" : "Negeri Besar",
  "kelurahan" : "Kaliawi Indah",
  "kodepos" : "34769"
}, {
  "kecamatan" : "Negara Batin",
  "kelurahan" : "Karta Jaya",
  "kodepos" : "34769"
}, {
  "kecamatan" : "Negeri Besar",
  "kelurahan" : "Kaliawi",
  "kodepos" : "34769"
}, {
  "kecamatan" : "Negeri Besar",
  "kelurahan" : "Kaliawi",
  "kodepos" : "34769"
}, {
  "kecamatan" : "Negara Batin",
  "kelurahan" : "Gisting Jaya",
  "kodepos" : "34769"
}, {
  "kecamatan" : "Negeri Agung",
  "kelurahan" : "Gedung Menong",
  "kodepos" : "34769"
}, {
  "kecamatan" : "Negeri Agung",
  "kelurahan" : "Gedung Harapan",
  "kodepos" : "34769"
}, {
  "kecamatan" : "Negeri Agung",
  "kelurahan" : "Gedong/Gedung Jaya",
  "kodepos" : "34769"
}, {
  "kecamatan" : "Negara Batin",
  "kelurahan" : "Gedong/Gedung Jaya",
  "kodepos" : "34769"
}, {
  "kecamatan" : "Negara Batin",
  "kelurahan" : "Bumi Jaya",
  "kodepos" : "34769"
}, {
  "kecamatan" : "Negeri Besar",
  "kelurahan" : "Bima Sakti",
  "kodepos" : "34769"
}, {
  "kecamatan" : "Negeri Agung",
  "kelurahan" : "Bandar Kasih",
  "kodepos" : "34769"
}, {
  "kecamatan" : "Negeri Agung",
  "kelurahan" : "Bandar Dalam",
  "kodepos" : "34769"
}, {
  "kecamatan" : "Gunung Labuhan",
  "kelurahan" : "Way Tuba",
  "kodepos" : "34768"
}, {
  "kecamatan" : "Negara Batin",
  "kelurahan" : "Adi Jaya",
  "kodepos" : "34769"
}, {
  "kecamatan" : "Gunung Labuhan",
  "kelurahan" : "Sukarame",
  "kodepos" : "34768"
}, {
  "kecamatan" : "Gunung Labuhan",
  "kelurahan" : "Tiuh Balak II",
  "kodepos" : "34768"
}, {
  "kecamatan" : "Gunung Labuhan",
  "kelurahan" : "Suka Negeri",
  "kodepos" : "34768"
}, {
  "kecamatan" : "Gunung Labuhan",
  "kelurahan" : "Negeri Sungkai",
  "kodepos" : "34768"
}, {
  "kecamatan" : "Gunung Labuhan",
  "kelurahan" : "Negeri Ujan Mas",
  "kodepos" : "34768"
}, {
  "kecamatan" : "Gunung Labuhan",
  "kelurahan" : "Labuhan Jaya",
  "kodepos" : "34768"
}, {
  "kecamatan" : "Gunung Labuhan",
  "kelurahan" : "Negeri Mulya",
  "kodepos" : "34768"
}, {
  "kecamatan" : "Gunung Labuhan",
  "kelurahan" : "Gunung Sari",
  "kodepos" : "34768"
}, {
  "kecamatan" : "Gunung Labuhan",
  "kelurahan" : "Gunung Sari",
  "kodepos" : "34768"
}, {
  "kecamatan" : "Gunung Labuhan",
  "kelurahan" : "Gunung Labuhan",
  "kodepos" : "34768"
}, {
  "kecamatan" : "Gunung Labuhan",
  "kelurahan" : "Gunung Pekuwon",
  "kodepos" : "34768"
}, {
  "kecamatan" : "Gunung Labuhan",
  "kelurahan" : "Curup Patah",
  "kodepos" : "34768"
}, {
  "kecamatan" : "Gunung Labuhan",
  "kelurahan" : "Gunung Baru",
  "kodepos" : "34768"
}, {
  "kecamatan" : "Gunung Labuhan",
  "kelurahan" : "Bengkulu Tengah",
  "kodepos" : "34768"
}, {
  "kecamatan" : "Gunung Labuhan",
  "kelurahan" : "Bengkulu Rejo",
  "kodepos" : "34768"
}, {
  "kecamatan" : "Gunung Labuhan",
  "kelurahan" : "Bengkulu Raman",
  "kodepos" : "34768"
}, {
  "kecamatan" : "Gunung Labuhan",
  "kelurahan" : "Banjar Sakti",
  "kodepos" : "34768"
}, {
  "kecamatan" : "Gunung Labuhan",
  "kelurahan" : "Bengkulu",
  "kodepos" : "34768"
}, {
  "kecamatan" : "Gunung Labuhan",
  "kelurahan" : "Bengkulu Jaya",
  "kodepos" : "34768"
}, {
  "kecamatan" : "Gunung Labuhan",
  "kelurahan" : "Banjar Ratu",
  "kodepos" : "34768"
}, {
  "kecamatan" : "Way Tuba",
  "kelurahan" : "Way Tuba",
  "kodepos" : "34767"
}, {
  "kecamatan" : "Way Tuba",
  "kelurahan" : "Way Tuba Asri",
  "kodepos" : "34767"
}, {
  "kecamatan" : "Way Tuba",
  "kelurahan" : "Way Pisang",
  "kodepos" : "34767"
}, {
  "kecamatan" : "Buay Bahuga",
  "kelurahan" : "Way Agung",
  "kodepos" : "34767"
}, {
  "kecamatan" : "Way Tuba",
  "kelurahan" : "Way Mencar",
  "kodepos" : "34767"
}, {
  "kecamatan" : "Rebang Tangkas",
  "kelurahan" : "Tanjung Tiga",
  "kodepos" : "34767"
}, {
  "kecamatan" : "Bumi Agung",
  "kelurahan" : "Tanjung Dalam",
  "kodepos" : "34767"
}, {
  "kecamatan" : "Rebang Tangkas",
  "kelurahan" : "Tanjung Raya",
  "kodepos" : "34767"
}, {
  "kecamatan" : "Way Tuba",
  "kelurahan" : "Suma Mukti",
  "kodepos" : "34767"
}, {
  "kecamatan" : "Buay Bahuga",
  "kelurahan" : "Sukadana",
  "kodepos" : "34767"
}, {
  "kecamatan" : "Buay Bahuga",
  "kelurahan" : "Sukabumi",
  "kodepos" : "34767"
}, {
  "kecamatan" : "Buay Bahuga",
  "kelurahan" : "Sri Tunggal",
  "kodepos" : "34767"
}, {
  "kecamatan" : "Buay Bahuga",
  "kelurahan" : "Suka Agung",
  "kodepos" : "34767"
}, {
  "kecamatan" : "Way Tuba",
  "kelurahan" : "Say Umpu",
  "kodepos" : "34767"
}, {
  "kecamatan" : "Rebang Tangkas",
  "kelurahan" : "Simpang Tiga",
  "kodepos" : "34767"
}, {
  "kecamatan" : "Way Tuba",
  "kelurahan" : "Ramsai/Ramsay",
  "kodepos" : "34767"
}, {
  "kecamatan" : "Buay Bahuga",
  "kelurahan" : "Punjul Agung",
  "kodepos" : "34767"
}, {
  "kecamatan" : "Rebang Tangkas",
  "kelurahan" : "Mulya Jaya",
  "kodepos" : "34767"
}, {
  "kecamatan" : "Buay Bahuga",
  "kelurahan" : "Nuar Maju",
  "kodepos" : "34767"
}, {
  "kecamatan" : "Rebang Tangkas",
  "kelurahan" : "Madang Jaya",
  "kodepos" : "34767"
}, {
  "kecamatan" : "Rebang Tangkas",
  "kelurahan" : "Karya Maju",
  "kodepos" : "34767"
}, {
  "kecamatan" : "Rebang Tangkas",
  "kelurahan" : "Lebak Peniangan",
  "kodepos" : "34767"
}, {
  "kecamatan" : "Buay Bahuga",
  "kelurahan" : "Lebung Lawe",
  "kodepos" : "34767"
}, {
  "kecamatan" : "Way Tuba",
  "kelurahan" : "Karya Jaya",
  "kodepos" : "34767"
}, {
  "kecamatan" : "Rebang Tangkas",
  "kelurahan" : "Gunung Sari",
  "kodepos" : "34767"
}, {
  "kecamatan" : "Buay Bahuga",
  "kelurahan" : "Bumiharjo",
  "kodepos" : "34767"
}, {
  "kecamatan" : "Way Tuba",
  "kelurahan" : "Bumi Dana",
  "kodepos" : "34767"
}, {
  "kecamatan" : "Way Tuba",
  "kelurahan" : "Bukit Harapan",
  "kodepos" : "34767"
}, {
  "kecamatan" : "Way Tuba",
  "kelurahan" : "Bukit Gemuruh",
  "kodepos" : "34767"
}, {
  "kecamatan" : "Way Tuba",
  "kelurahan" : "Beringin Jaya",
  "kodepos" : "34767"
}, {
  "kecamatan" : "Rebang Tangkas",
  "kelurahan" : "Beringin Jaya",
  "kodepos" : "34767"
}, {
  "kecamatan" : "Way Tuba",
  "kelurahan" : "Bandar Sari",
  "kodepos" : "34767"
}, {
  "kecamatan" : "Banjit",
  "kelurahan" : "Sumber Sari",
  "kodepos" : "34766"
}, {
  "kecamatan" : "Rebang Tangkas",
  "kelurahan" : "Air Ringkih",
  "kodepos" : "34767"
}, {
  "kecamatan" : "Banjit",
  "kelurahan" : "Simpang Asam",
  "kodepos" : "34766"
}, {
  "kecamatan" : "Banjit",
  "kelurahan" : "Sumber Baru",
  "kodepos" : "34766"
}, {
  "kecamatan" : "Banjit",
  "kelurahan" : "Rantau Temiang",
  "kodepos" : "34766"
}, {
  "kecamatan" : "Banjit",
  "kelurahan" : "Rebang Tinggi",
  "kodepos" : "34766"
}, {
  "kecamatan" : "Banjit",
  "kelurahan" : "Rantau Jaya",
  "kodepos" : "34766"
}, {
  "kecamatan" : "Banjit",
  "kelurahan" : "Neki",
  "kodepos" : "34766"
}, {
  "kecamatan" : "Banjit",
  "kelurahan" : "Pasir Banjit",
  "kodepos" : "34766"
}, {
  "kecamatan" : "Banjit",
  "kelurahan" : "Menanga Jaya",
  "kodepos" : "34766"
}, {
  "kecamatan" : "Banjit",
  "kelurahan" : "Menanga Siamang",
  "kodepos" : "34766"
}, {
  "kecamatan" : "Banjit",
  "kelurahan" : "Kemu",
  "kodepos" : "34766"
}, {
  "kecamatan" : "Banjit",
  "kelurahan" : "Juku Batu",
  "kodepos" : "34766"
}, {
  "kecamatan" : "Banjit",
  "kelurahan" : "Campang Delapan",
  "kodepos" : "34766"
}, {
  "kecamatan" : "Banjit",
  "kelurahan" : "Dono Mulyo",
  "kodepos" : "34766"
}, {
  "kecamatan" : "Banjit",
  "kelurahan" : "Bandar Agung",
  "kodepos" : "34766"
}, {
  "kecamatan" : "Banjit",
  "kelurahan" : "Bonglai",
  "kodepos" : "34766"
}, {
  "kecamatan" : "Banjit",
  "kelurahan" : "Bali Sadar Tengah",
  "kodepos" : "34766"
}, {
  "kecamatan" : "Banjit",
  "kelurahan" : "Bali Sadar Utara",
  "kodepos" : "34766"
}, {
  "kecamatan" : "Banjit",
  "kelurahan" : "Bali Sadar Selatan",
  "kodepos" : "34766"
}, {
  "kecamatan" : "Kasui",
  "kelurahan" : "Tanjung Kurung Lama",
  "kodepos" : "34765"
}, {
  "kecamatan" : "Banjit",
  "kelurahan" : "Argomulyo",
  "kodepos" : "34766"
}, {
  "kecamatan" : "Kasui",
  "kelurahan" : "Tanjung Harapan",
  "kodepos" : "34765"
}, {
  "kecamatan" : "Kasui",
  "kelurahan" : "Tanjung Kurung",
  "kodepos" : "34765"
}, {
  "kecamatan" : "Kasui",
  "kelurahan" : "Tanjung Bulan",
  "kodepos" : "34765"
}, {
  "kecamatan" : "Kasui",
  "kelurahan" : "Tangkas",
  "kodepos" : "34765"
}, {
  "kecamatan" : "Kasui",
  "kelurahan" : "Talang Mangga",
  "kodepos" : "34765"
}, {
  "kecamatan" : "Kasui",
  "kelurahan" : "Sinar Gading",
  "kodepos" : "34765"
}, {
  "kecamatan" : "Kasui",
  "kelurahan" : "Sukajadi",
  "kodepos" : "34765"
}, {
  "kecamatan" : "Kasui",
  "kelurahan" : "Kota Way",
  "kodepos" : "34765"
}, {
  "kecamatan" : "Kasui",
  "kelurahan" : "Kasui Pasar",
  "kodepos" : "34765"
}, {
  "kecamatan" : "Kasui",
  "kelurahan" : "Kedaton",
  "kodepos" : "34765"
}, {
  "kecamatan" : "Kasui",
  "kelurahan" : "Karang Lantang",
  "kodepos" : "34765"
}, {
  "kecamatan" : "Kasui",
  "kelurahan" : "Kasui Lama",
  "kodepos" : "34765"
}, {
  "kecamatan" : "Kasui",
  "kelurahan" : "Kampung Baru",
  "kodepos" : "34765"
}, {
  "kecamatan" : "Kasui",
  "kelurahan" : "Jaya Tinggi",
  "kodepos" : "34765"
}, {
  "kecamatan" : "Kasui",
  "kelurahan" : "Jukuh Kemuning",
  "kodepos" : "34765"
}, {
  "kecamatan" : "Kasui",
  "kelurahan" : "Gelombang Panjang",
  "kodepos" : "34765"
}, {
  "kecamatan" : "Kasui",
  "kelurahan" : "Datar Bancong",
  "kodepos" : "34765"
}, {
  "kecamatan" : "Blambangan Umpu",
  "kelurahan" : "Umpu Kencana",
  "kodepos" : "34764"
}, {
  "kecamatan" : "Kasui",
  "kelurahan" : "Bukitbatu",
  "kodepos" : "34765"
}, {
  "kecamatan" : "Blambangan Umpu",
  "kelurahan" : "Umpu Bakti",
  "kodepos" : "34764"
}, {
  "kecamatan" : "Blambangan Umpu",
  "kelurahan" : "Tanjung Sari",
  "kodepos" : "34764"
}, {
  "kecamatan" : "Blambangan Umpu",
  "kelurahan" : "Tanjung Raya Giham",
  "kodepos" : "34764"
}, {
  "kecamatan" : "Blambangan Umpu",
  "kelurahan" : "Tanjung Raya Sakti",
  "kodepos" : "34764"
}, {
  "kecamatan" : "Blambangan Umpu",
  "kelurahan" : "Sriwijaya",
  "kodepos" : "34764"
}, {
  "kecamatan" : "Blambangan Umpu",
  "kelurahan" : "Sidoarjo",
  "kodepos" : "34764"
}, {
  "kecamatan" : "Blambangan Umpu",
  "kelurahan" : "Sri Rejeki",
  "kodepos" : "34764"
}, {
  "kecamatan" : "Blambangan Umpu",
  "kelurahan" : "Segera Mider",
  "kodepos" : "34764"
}, {
  "kecamatan" : "Blambangan Umpu",
  "kelurahan" : "Sangkaran Bakti",
  "kodepos" : "34764"
}, {
  "kecamatan" : "Blambangan Umpu",
  "kelurahan" : "Rambang Jaya",
  "kodepos" : "34764"
}, {
  "kecamatan" : "Blambangan Umpu",
  "kelurahan" : "Negeri Bumi Putra",
  "kodepos" : "34764"
}, {
  "kecamatan" : "Blambangan Umpu",
  "kelurahan" : "Panca Negeri",
  "kodepos" : "34764"
}, {
  "kecamatan" : "Blambangan Umpu",
  "kelurahan" : "Negeri Baru",
  "kodepos" : "34764"
}, {
  "kecamatan" : "Blambangan Umpu",
  "kelurahan" : "Negeri Batin",
  "kodepos" : "34764"
}, {
  "kecamatan" : "Blambangan Umpu",
  "kelurahan" : "Lembasung",
  "kodepos" : "34764"
}, {
  "kecamatan" : "Blambangan Umpu",
  "kelurahan" : "Karang Umpu",
  "kodepos" : "34764"
}, {
  "kecamatan" : "Blambangan Umpu",
  "kelurahan" : "Gistang",
  "kodepos" : "34764"
}, {
  "kecamatan" : "Blambangan Umpu",
  "kelurahan" : "Gunung Sangkaran",
  "kodepos" : "34764"
}, {
  "kecamatan" : "Blambangan Umpu",
  "kelurahan" : "Gedong Batin",
  "kodepos" : "34764"
}, {
  "kecamatan" : "Blambangan Umpu",
  "kelurahan" : "Gedung Riang",
  "kodepos" : "34764"
}, {
  "kecamatan" : "Blambangan Umpu",
  "kelurahan" : "Bumi Ratu",
  "kodepos" : "34764"
}, {
  "kecamatan" : "Blambangan Umpu",
  "kelurahan" : "Bumi Baru",
  "kodepos" : "34764"
}, {
  "kecamatan" : "Blambangan Umpu",
  "kelurahan" : "Brata Yuda (Bhereta Yuda)",
  "kodepos" : "34764"
}, {
  "kecamatan" : "Bumi Agung",
  "kelurahan" : "Wonoharjo",
  "kodepos" : "34763"
}, {
  "kecamatan" : "Blambangan Umpu",
  "kelurahan" : "Blambangan Umpu",
  "kodepos" : "34764"
}, {
  "kecamatan" : "Bumi Agung",
  "kelurahan" : "Sukamaju",
  "kodepos" : "34763"
}, {
  "kecamatan" : "Bahuga",
  "kelurahan" : "Tulang Bawang",
  "kodepos" : "34763"
}, {
  "kecamatan" : "Bumi Agung",
  "kelurahan" : "Serinumpi",
  "kodepos" : "34763"
}, {
  "kecamatan" : "Bahuga",
  "kelurahan" : "Sapto Renggo",
  "kodepos" : "34763"
}, {
  "kecamatan" : "Bahuga",
  "kelurahan" : "Serdang Kuring",
  "kodepos" : "34763"
}, {
  "kecamatan" : "Bumi Agung",
  "kelurahan" : "Pisang Baru",
  "kodepos" : "34763"
}, {
  "kecamatan" : "Bumi Agung",
  "kelurahan" : "Pisang Indah",
  "kodepos" : "34763"
}, {
  "kecamatan" : "Bumi Agung",
  "kelurahan" : "Mulyo Harjo",
  "kodepos" : "34763"
}, {
  "kecamatan" : "Bahuga",
  "kelurahan" : "Mesir Udik",
  "kodepos" : "34763"
}, {
  "kecamatan" : "Bumi Agung",
  "kelurahan" : "Karangan",
  "kodepos" : "34763"
}, {
  "kecamatan" : "Bumi Agung",
  "kelurahan" : "Karangan",
  "kodepos" : "34763"
}, {
  "kecamatan" : "Bahuga",
  "kelurahan" : "Giri Harjo",
  "kodepos" : "34763"
}, {
  "kecamatan" : "Bumi Agung",
  "kelurahan" : "Bumi Say Agung",
  "kodepos" : "34763"
}, {
  "kecamatan" : "Bahuga",
  "kelurahan" : "Bumi Agung Wates/Watas",
  "kodepos" : "34763"
}, {
  "kecamatan" : "Bahuga",
  "kelurahan" : "Bumi Agung",
  "kodepos" : "34763"
}, {
  "kecamatan" : "Bumi Agung",
  "kelurahan" : "Bumi Agung",
  "kodepos" : "34763"
}, {
  "kecamatan" : "Pakuan Ratu",
  "kelurahan" : "Tanjung Serupa",
  "kodepos" : "34762"
}, {
  "kecamatan" : "Pakuan Ratu",
  "kelurahan" : "Way Tawar",
  "kodepos" : "34762"
}, {
  "kecamatan" : "Pakuan Ratu",
  "kelurahan" : "Tanjung Ratu",
  "kodepos" : "34762"
}, {
  "kecamatan" : "Pakuan Ratu",
  "kelurahan" : "Tanjung Agung",
  "kodepos" : "34762"
}, {
  "kecamatan" : "Pakuan Ratu",
  "kelurahan" : "Serupa Indah",
  "kodepos" : "34762"
}, {
  "kecamatan" : "Pakuan Ratu",
  "kelurahan" : "Sukabumi",
  "kodepos" : "34762"
}, {
  "kecamatan" : "Pakuan Ratu",
  "kelurahan" : "Pakuan Sakti",
  "kodepos" : "34762"
}, {
  "kecamatan" : "Pakuan Ratu",
  "kelurahan" : "Rumbih",
  "kodepos" : "34762"
}, {
  "kecamatan" : "Pakuan Ratu",
  "kelurahan" : "Pakuan Baru",
  "kodepos" : "34762"
}, {
  "kecamatan" : "Pakuan Ratu",
  "kelurahan" : "Pakuan Ratu",
  "kodepos" : "34762"
}, {
  "kecamatan" : "Pakuan Ratu",
  "kelurahan" : "Negara Tama",
  "kodepos" : "34762"
}, {
  "kecamatan" : "Pakuan Ratu",
  "kelurahan" : "Negara Ratu",
  "kodepos" : "34762"
}, {
  "kecamatan" : "Pakuan Ratu",
  "kelurahan" : "Negara Sakti",
  "kodepos" : "34762"
}, {
  "kecamatan" : "Pakuan Ratu",
  "kelurahan" : "Karang Agung",
  "kodepos" : "34762"
}, {
  "kecamatan" : "Pakuan Ratu",
  "kelurahan" : "Negara Harja",
  "kodepos" : "34762"
}, {
  "kecamatan" : "Pakuan Ratu",
  "kelurahan" : "Gunung Cahya",
  "kodepos" : "34762"
}, {
  "kecamatan" : "Pakuan Ratu",
  "kelurahan" : "Gunung Waras",
  "kodepos" : "34762"
}, {
  "kecamatan" : "Pakuan Ratu",
  "kelurahan" : "Bumi Mulya",
  "kodepos" : "34762"
}, {
  "kecamatan" : "Baradatu",
  "kelurahan" : "Tiuh Balak Pasar",
  "kodepos" : "34761"
}, {
  "kecamatan" : "Pakuan Ratu",
  "kelurahan" : "Bhakti Negara",
  "kodepos" : "34762"
}, {
  "kecamatan" : "Baradatu",
  "kelurahan" : "Tiuh Balak I",
  "kodepos" : "34761"
}, {
  "kecamatan" : "Baradatu",
  "kelurahan" : "Taman Asri",
  "kodepos" : "34761"
}, {
  "kecamatan" : "Baradatu",
  "kelurahan" : "Tiuh Balak",
  "kodepos" : "34761"
}, {
  "kecamatan" : "Baradatu",
  "kelurahan" : "Setia Negara",
  "kodepos" : "34761"
}, {
  "kecamatan" : "Baradatu",
  "kelurahan" : "Sukosari",
  "kodepos" : "34761"
}, {
  "kecamatan" : "Baradatu",
  "kelurahan" : "Gunung Katun",
  "kodepos" : "34761"
}, {
  "kecamatan" : "Baradatu",
  "kelurahan" : "Mekar Asri",
  "kodepos" : "34761"
}, {
  "kecamatan" : "Baradatu",
  "kelurahan" : "Gedung Rejo",
  "kodepos" : "34761"
}, {
  "kecamatan" : "Baradatu",
  "kelurahan" : "Gedung Pakuon",
  "kodepos" : "34761"
}, {
  "kecamatan" : "Baradatu",
  "kelurahan" : "Campur Asri",
  "kodepos" : "34761"
}, {
  "kecamatan" : "Baradatu",
  "kelurahan" : "Cugah",
  "kodepos" : "34761"
}, {
  "kecamatan" : "Baradatu",
  "kelurahan" : "Bumi Merapi",
  "kodepos" : "34761"
}, {
  "kecamatan" : "Baradatu",
  "kelurahan" : "Bumi Rejo",
  "kodepos" : "34761"
}, {
  "kecamatan" : "Baradatu",
  "kelurahan" : "Banjarmasin",
  "kodepos" : "34761"
}, {
  "kecamatan" : "Baradatu",
  "kelurahan" : "Banjar Sari",
  "kodepos" : "34761"
}, {
  "kecamatan" : "Baradatu",
  "kelurahan" : "Banjar Setia",
  "kodepos" : "34761"
}, {
  "kecamatan" : "Baradatu",
  "kelurahan" : "Banjar Negara",
  "kodepos" : "34761"
}, {
  "kecamatan" : "Baradatu",
  "kelurahan" : "Banjar Baru",
  "kodepos" : "34761"
}, {
  "kecamatan" : "Baradatu",
  "kelurahan" : "Banjar Mulya",
  "kodepos" : "34761"
}, {
  "kecamatan" : "Baradatu",
  "kelurahan" : "Bakti Negara",
  "kodepos" : "34761"
}, {
  "kecamatan" : "Baradatu",
  "kelurahan" : "Banjar Agung",
  "kodepos" : "34761"
} ]
