[ {
  "kecamatan" : "Simpang Pematang",
  "kelurahan" : "Wira Bangun",
  "kodepos" : "34698"
}, {
  "kecamatan" : "Simpang Pematang",
  "kelurahan" : "Rejo Binangun",
  "kodepos" : "34698"
}, {
  "kecamatan" : "Simpang Pematang",
  "kelurahan" : "Simpang Pematang",
  "kodepos" : "34698"
}, {
  "kecamatan" : "Panca Jaya",
  "kelurahan" : "Mukti Karya",
  "kodepos" : "34698"
}, {
  "kecamatan" : "Simpang Pematang",
  "kelurahan" : "Marga Rahayu",
  "kodepos" : "34698"
}, {
  "kecamatan" : "Simpang Pematang",
  "kelurahan" : "Harapan Jaya",
  "kodepos" : "34698"
}, {
  "kecamatan" : "Simpang Pematang",
  "kelurahan" : "Jaya Sakti",
  "kodepos" : "34698"
}, {
  "kecamatan" : "Panca Jaya",
  "kelurahan" : "Fajar Indah",
  "kodepos" : "34698"
}, {
  "kecamatan" : "Panca Jaya",
  "kelurahan" : "Fajar Asri",
  "kodepos" : "34698"
}, {
  "kecamatan" : "Panca Jaya",
  "kelurahan" : "Fajar Baru",
  "kodepos" : "34698"
}, {
  "kecamatan" : "Simpang Pematang",
  "kelurahan" : "Bangun Mulyo",
  "kodepos" : "34698"
}, {
  "kecamatan" : "Simpang Pematang",
  "kelurahan" : "Budi Aji",
  "kodepos" : "34698"
}, {
  "kecamatan" : "Panca Jaya",
  "kelurahan" : "Adi Mulya / Mulyo",
  "kodepos" : "34698"
}, {
  "kecamatan" : "Panca Jaya",
  "kelurahan" : "Adi Mulya / Mulyo",
  "kodepos" : "34698"
}, {
  "kecamatan" : "Panca Jaya",
  "kelurahan" : "Adi Luhur",
  "kodepos" : "34698"
}, {
  "kecamatan" : "Panca Jaya",
  "kelurahan" : "Adi Karya Mulya",
  "kodepos" : "34698"
}, {
  "kecamatan" : "Mesuji Timur",
  "kelurahan" : "Wonosari",
  "kodepos" : "34697"
}, {
  "kecamatan" : "Mesuji",
  "kelurahan" : "Wiralaga II",
  "kodepos" : "34697"
}, {
  "kecamatan" : "Mesuji",
  "kelurahan" : "Tirtalaga",
  "kodepos" : "34697"
}, {
  "kecamatan" : "Mesuji",
  "kelurahan" : "Wiralaga I",
  "kodepos" : "34697"
}, {
  "kecamatan" : "Mesuji",
  "kelurahan" : "Tanjung Serayan",
  "kodepos" : "34697"
}, {
  "kecamatan" : "Mesuji Timur",
  "kelurahan" : "Tanjung Menang",
  "kodepos" : "34697"
}, {
  "kecamatan" : "Mesuji Timur",
  "kelurahan" : "Tanjung Mas Mulya",
  "kodepos" : "34697"
}, {
  "kecamatan" : "Mesuji Timur",
  "kelurahan" : "Tanjung Mas Jaya",
  "kodepos" : "34697"
}, {
  "kecamatan" : "Mesuji Timur",
  "kelurahan" : "Tanjung Mas Makmur",
  "kodepos" : "34697"
}, {
  "kecamatan" : "Mesuji Timur",
  "kelurahan" : "Talang Batu/T Gunung",
  "kodepos" : "34697"
}, {
  "kecamatan" : "Mesuji",
  "kelurahan" : "Sungai Badak",
  "kodepos" : "34697"
}, {
  "kecamatan" : "Mesuji Timur",
  "kelurahan" : "Sungai Cambai",
  "kodepos" : "34697"
}, {
  "kecamatan" : "Mesuji",
  "kelurahan" : "Sumber Makmur",
  "kodepos" : "34697"
}, {
  "kecamatan" : "Mesuji",
  "kelurahan" : "Sidomulyo",
  "kodepos" : "34697"
}, {
  "kecamatan" : "Mesuji Timur",
  "kelurahan" : "Pangkal Mas Jaya",
  "kodepos" : "34697"
}, {
  "kecamatan" : "Mesuji Timur",
  "kelurahan" : "Pangkal Mas Mulya",
  "kodepos" : "34697"
}, {
  "kecamatan" : "Mesuji",
  "kelurahan" : "Mulya Sari (Mulyosari)",
  "kodepos" : "34697"
}, {
  "kecamatan" : "Mesuji",
  "kelurahan" : "Nipahkuning",
  "kodepos" : "34697"
}, {
  "kecamatan" : "Mesuji Timur",
  "kelurahan" : "Muara Mas",
  "kodepos" : "34697"
}, {
  "kecamatan" : "Mesuji Timur",
  "kelurahan" : "Eka Mulya",
  "kodepos" : "34697"
}, {
  "kecamatan" : "Mesuji Timur",
  "kelurahan" : "Marga/Margo Jadi",
  "kodepos" : "34697"
}, {
  "kecamatan" : "Rawa Jitu Utara",
  "kelurahan" : "Telogo Rejo",
  "kodepos" : "34696"
}, {
  "kecamatan" : "Mesuji Timur",
  "kelurahan" : "Dwi Karya Mustika",
  "kodepos" : "34697"
}, {
  "kecamatan" : "Rawa Jitu Utara",
  "kelurahan" : "Sungai Buaya",
  "kodepos" : "34696"
}, {
  "kecamatan" : "Rawa Jitu Utara",
  "kelurahan" : "Sungai Sidang",
  "kodepos" : "34696"
}, {
  "kecamatan" : "Rawa Jitu Utara",
  "kelurahan" : "Sidang Sido Rahayu",
  "kodepos" : "34696"
}, {
  "kecamatan" : "Rawa Jitu Utara",
  "kelurahan" : "Sidang Way Puji",
  "kodepos" : "34696"
}, {
  "kecamatan" : "Rawa Jitu Utara",
  "kelurahan" : "Sidang Kurnia Agung",
  "kodepos" : "34696"
}, {
  "kecamatan" : "Rawa Jitu Utara",
  "kelurahan" : "Sidang Gunung Tiga",
  "kodepos" : "34696"
}, {
  "kecamatan" : "Rawa Jitu Utara",
  "kelurahan" : "Sidang Iso Mukti",
  "kodepos" : "34696"
}, {
  "kecamatan" : "Rawa Jitu Utara",
  "kelurahan" : "Panggung Jaya",
  "kodepos" : "34696"
}, {
  "kecamatan" : "Rawa Jitu Utara",
  "kelurahan" : "Panggung Rejo",
  "kodepos" : "34696"
}, {
  "kecamatan" : "Rawa Jitu Utara",
  "kelurahan" : "Sidang Bandar Anom",
  "kodepos" : "34696"
}, {
  "kecamatan" : "Way Serdang",
  "kelurahan" : "Sri Gedung Mulya",
  "kodepos" : "34684"
}, {
  "kecamatan" : "Way Serdang",
  "kelurahan" : "Suka Agung",
  "kodepos" : "34684"
}, {
  "kecamatan" : "Way Serdang",
  "kelurahan" : "Labuhan Makmur",
  "kodepos" : "34684"
}, {
  "kecamatan" : "Way Serdang",
  "kelurahan" : "Panca Warna",
  "kodepos" : "34684"
}, {
  "kecamatan" : "Way Serdang",
  "kelurahan" : "Rejo Mulyo",
  "kodepos" : "34684"
}, {
  "kecamatan" : "Way Serdang",
  "kelurahan" : "Labuhan Baru",
  "kodepos" : "34684"
}, {
  "kecamatan" : "Way Serdang",
  "kelurahan" : "Labuhan Batin",
  "kodepos" : "34684"
}, {
  "kecamatan" : "Way Serdang",
  "kelurahan" : "Kebun Dalam",
  "kodepos" : "34684"
}, {
  "kecamatan" : "Way Serdang",
  "kelurahan" : "Kejadian",
  "kodepos" : "34684"
}, {
  "kecamatan" : "Way Serdang",
  "kelurahan" : "Hadi Mulyo",
  "kodepos" : "34684"
}, {
  "kecamatan" : "Way Serdang",
  "kelurahan" : "Gedung Boga/Raja",
  "kodepos" : "34684"
}, {
  "kecamatan" : "Way Serdang",
  "kelurahan" : "Buko Poso",
  "kodepos" : "34684"
}, {
  "kecamatan" : "Way Serdang",
  "kelurahan" : "Bumi Harapan",
  "kodepos" : "34684"
}, {
  "kecamatan" : "Tanjung Raya",
  "kelurahan" : "Wira Jaya",
  "kodepos" : "34598"
}, {
  "kecamatan" : "Tanjung Raya",
  "kelurahan" : "Tri Karya Mulya",
  "kodepos" : "34598"
}, {
  "kecamatan" : "Tanjung Raya",
  "kelurahan" : "Sri/Seri Tanjung",
  "kodepos" : "34598"
}, {
  "kecamatan" : "Tanjung Raya",
  "kelurahan" : "Tanjung Sari",
  "kodepos" : "34598"
}, {
  "kecamatan" : "Tanjung Raya",
  "kelurahan" : "Muara Tenang",
  "kodepos" : "34598"
}, {
  "kecamatan" : "Tanjung Raya",
  "kelurahan" : "Sinar Laga",
  "kodepos" : "34598"
}, {
  "kecamatan" : "Tanjung Raya",
  "kelurahan" : "Kagungan Dalam",
  "kodepos" : "34598"
}, {
  "kecamatan" : "Tanjung Raya",
  "kelurahan" : "Mekar Sari",
  "kodepos" : "34598"
}, {
  "kecamatan" : "Tanjung Raya",
  "kelurahan" : "Harapan Mukti",
  "kodepos" : "34598"
}, {
  "kecamatan" : "Tanjung Raya",
  "kelurahan" : "Brabasan",
  "kodepos" : "34598"
}, {
  "kecamatan" : "Tanjung Raya",
  "kelurahan" : "Bujung Buring",
  "kodepos" : "34598"
}, {
  "kecamatan" : "Tanjung Raya",
  "kelurahan" : "Gedung Ram",
  "kodepos" : "34598"
}, {
  "kecamatan" : "Tanjung Raya",
  "kelurahan" : "Bangun Jaya",
  "kodepos" : "34598"
} ]
