[ {
  "kecamatan" : "Way Jepara",
  "kelurahan" : "Sumur Bandung",
  "kodepos" : "34396"
}, {
  "kecamatan" : "Way Jepara",
  "kelurahan" : "Sumberjo",
  "kodepos" : "34396"
}, {
  "kecamatan" : "Way Jepara",
  "kelurahan" : "Sumber Marga",
  "kodepos" : "34396"
}, {
  "kecamatan" : "Way Jepara",
  "kelurahan" : "Sri Wangi",
  "kodepos" : "34396"
}, {
  "kecamatan" : "Way Jepara",
  "kelurahan" : "Sri Rejosari",
  "kodepos" : "34396"
}, {
  "kecamatan" : "Way Jepara",
  "kelurahan" : "Labuhan Ratu Satu (I)",
  "kodepos" : "34396"
}, {
  "kecamatan" : "Way Jepara",
  "kelurahan" : "Labuhan Ratu Dua (II)",
  "kodepos" : "34396"
}, {
  "kecamatan" : "Way Jepara",
  "kelurahan" : "Labuhan Ratu Danau",
  "kodepos" : "34396"
}, {
  "kecamatan" : "Way Jepara",
  "kelurahan" : "Labuhan Ratu Baru",
  "kodepos" : "34396"
}, {
  "kecamatan" : "Way Jepara",
  "kelurahan" : "Jepara",
  "kodepos" : "34396"
}, {
  "kecamatan" : "Way Jepara",
  "kelurahan" : "Braja Sakti",
  "kodepos" : "34396"
}, {
  "kecamatan" : "Way Jepara",
  "kelurahan" : "Braja Emas",
  "kodepos" : "34396"
}, {
  "kecamatan" : "Way Jepara",
  "kelurahan" : "Braja Fajar",
  "kodepos" : "34396"
}, {
  "kecamatan" : "Way Jepara",
  "kelurahan" : "Braja Dewa",
  "kodepos" : "34396"
}, {
  "kecamatan" : "Way Jepara",
  "kelurahan" : "Braja Caka",
  "kodepos" : "34396"
}, {
  "kecamatan" : "Way Jepara",
  "kelurahan" : "Braja Asri",
  "kodepos" : "34396"
}, {
  "kecamatan" : "Pekalongan",
  "kelurahan" : "Wono Sari",
  "kodepos" : "34391"
}, {
  "kecamatan" : "Pekalongan",
  "kelurahan" : "Tulus Rejo",
  "kodepos" : "34391"
}, {
  "kecamatan" : "Pekalongan",
  "kelurahan" : "Sidodadi",
  "kodepos" : "34391"
}, {
  "kecamatan" : "Pekalongan",
  "kelurahan" : "Siraman",
  "kodepos" : "34391"
}, {
  "kecamatan" : "Pekalongan",
  "kelurahan" : "Kali Bening",
  "kodepos" : "34391"
}, {
  "kecamatan" : "Pekalongan",
  "kelurahan" : "Pekalongan",
  "kodepos" : "34391"
}, {
  "kecamatan" : "Pekalongan",
  "kelurahan" : "Jojog",
  "kodepos" : "34391"
}, {
  "kecamatan" : "Pekalongan",
  "kelurahan" : "Gondang Rejo",
  "kodepos" : "34391"
}, {
  "kecamatan" : "Pekalongan",
  "kelurahan" : "Ganti Warno",
  "kodepos" : "34391"
}, {
  "kecamatan" : "Pekalongan",
  "kelurahan" : "Gantimulyo",
  "kodepos" : "34391"
}, {
  "kecamatan" : "Pekalongan",
  "kelurahan" : "Adijaya",
  "kodepos" : "34391"
}, {
  "kecamatan" : "Pekalongan",
  "kelurahan" : "Adirejo",
  "kodepos" : "34391"
}, {
  "kecamatan" : "Bandar Sribawono",
  "kelurahan" : "Waringin Jaya",
  "kodepos" : "34389"
}, {
  "kecamatan" : "Bandar Sribawono",
  "kelurahan" : "Sri Menanti",
  "kodepos" : "34389"
}, {
  "kecamatan" : "Bandar Sribawono",
  "kelurahan" : "Sri Pendowo",
  "kodepos" : "34389"
}, {
  "kecamatan" : "Bandar Sribawono",
  "kelurahan" : "Sri Bawono (Bhawono)",
  "kodepos" : "34389"
}, {
  "kecamatan" : "Bandar Sribawono",
  "kelurahan" : "Mekar Jaya",
  "kodepos" : "34389"
}, {
  "kecamatan" : "Bandar Sribawono",
  "kelurahan" : "Sadar Sriwijaya",
  "kodepos" : "34389"
}, {
  "kecamatan" : "Bandar Sribawono",
  "kelurahan" : "Bandar Agung",
  "kodepos" : "34389"
}, {
  "kecamatan" : "Gunung Pelindung",
  "kelurahan" : "Wai Mili",
  "kodepos" : "34388"
}, {
  "kecamatan" : "Gunung Pelindung",
  "kelurahan" : "Pelindung Jaya",
  "kodepos" : "34388"
}, {
  "kecamatan" : "Gunung Pelindung",
  "kelurahan" : "Pempen",
  "kodepos" : "34388"
}, {
  "kecamatan" : "Gunung Pelindung",
  "kelurahan" : "Nibung",
  "kodepos" : "34388"
}, {
  "kecamatan" : "Gunung Pelindung",
  "kelurahan" : "Negeri Agung",
  "kodepos" : "34388"
}, {
  "kecamatan" : "Pasir Sakti",
  "kelurahan" : "Sumur Kucing",
  "kodepos" : "34387"
}, {
  "kecamatan" : "Pasir Sakti",
  "kelurahan" : "Rejo Mulyo",
  "kodepos" : "34387"
}, {
  "kecamatan" : "Pasir Sakti",
  "kelurahan" : "Pasir Sakti",
  "kodepos" : "34387"
}, {
  "kecamatan" : "Pasir Sakti",
  "kelurahan" : "Purworejo",
  "kodepos" : "34387"
}, {
  "kecamatan" : "Pasir Sakti",
  "kelurahan" : "Mekar Sari",
  "kodepos" : "34387"
}, {
  "kecamatan" : "Pasir Sakti",
  "kelurahan" : "Mulyo Sari",
  "kodepos" : "34387"
}, {
  "kecamatan" : "Pasir Sakti",
  "kelurahan" : "Kedung Ringin",
  "kodepos" : "34387"
}, {
  "kecamatan" : "Pasir Sakti",
  "kelurahan" : "Labuhan Ratu",
  "kodepos" : "34387"
}, {
  "kecamatan" : "Margatiga",
  "kelurahan" : "Trisinar",
  "kodepos" : "34386"
}, {
  "kecamatan" : "Margatiga",
  "kelurahan" : "Tanjung Harapan",
  "kodepos" : "34386"
}, {
  "kecamatan" : "Margatiga",
  "kelurahan" : "Surya Mataram",
  "kodepos" : "34386"
}, {
  "kecamatan" : "Margatiga",
  "kelurahan" : "Sukaraja Tiga",
  "kodepos" : "34386"
}, {
  "kecamatan" : "Margatiga",
  "kelurahan" : "Sukadana Baru",
  "kodepos" : "34386"
}, {
  "kecamatan" : "Margatiga",
  "kelurahan" : "Negeri Katon",
  "kodepos" : "34386"
}, {
  "kecamatan" : "Margatiga",
  "kelurahan" : "Negeri Tua",
  "kodepos" : "34386"
}, {
  "kecamatan" : "Margatiga",
  "kelurahan" : "Negeri Agung",
  "kodepos" : "34386"
}, {
  "kecamatan" : "Margatiga",
  "kelurahan" : "Negeri Jemanten",
  "kodepos" : "34386"
}, {
  "kecamatan" : "Margatiga",
  "kelurahan" : "Jaya Guna",
  "kodepos" : "34386"
}, {
  "kecamatan" : "Margatiga",
  "kelurahan" : "Nabang Baru",
  "kodepos" : "34386"
}, {
  "kecamatan" : "Margatiga",
  "kelurahan" : "Gedung Wani",
  "kodepos" : "34386"
}, {
  "kecamatan" : "Margatiga",
  "kelurahan" : "Gedung Wani Timur",
  "kodepos" : "34386"
}, {
  "kecamatan" : "Sekampung Udik",
  "kelurahan" : "Toba/Tuba",
  "kodepos" : "34385"
}, {
  "kecamatan" : "Sekampung Udik",
  "kelurahan" : "Sidorejo",
  "kodepos" : "34385"
}, {
  "kecamatan" : "Sekampung Udik",
  "kelurahan" : "Sindang Anom",
  "kodepos" : "34385"
}, {
  "kecamatan" : "Sekampung Udik",
  "kelurahan" : "Purwo Kencono",
  "kodepos" : "34385"
}, {
  "kecamatan" : "Sekampung Udik",
  "kelurahan" : "Pugung Raharjo",
  "kodepos" : "34385"
}, {
  "kecamatan" : "Sekampung Udik",
  "kelurahan" : "Gunung Sugih Besar",
  "kodepos" : "34385"
}, {
  "kecamatan" : "Sekampung Udik",
  "kelurahan" : "Mengandung Sari",
  "kodepos" : "34385"
}, {
  "kecamatan" : "Sekampung Udik",
  "kelurahan" : "Gunung Pasir Jaya",
  "kodepos" : "34385"
}, {
  "kecamatan" : "Sekampung Udik",
  "kelurahan" : "Bumi Mulyo",
  "kodepos" : "34385"
}, {
  "kecamatan" : "Sekampung Udik",
  "kelurahan" : "Gunung Agung",
  "kodepos" : "34385"
}, {
  "kecamatan" : "Sekampung Udik",
  "kelurahan" : "Gunung Mulyo",
  "kodepos" : "34385"
}, {
  "kecamatan" : "Sekampung Udik",
  "kelurahan" : "Brawijaya",
  "kodepos" : "34385"
}, {
  "kecamatan" : "Sekampung Udik",
  "kelurahan" : "Bauh Gunung Sari",
  "kodepos" : "34385"
}, {
  "kecamatan" : "Sekampung Udik",
  "kelurahan" : "Bojong",
  "kodepos" : "34385"
}, {
  "kecamatan" : "Sekampung Udik",
  "kelurahan" : "Banjar Agung",
  "kodepos" : "34385"
}, {
  "kecamatan" : "Jabung",
  "kelurahan" : "Sambi Rejo",
  "kodepos" : "34384"
}, {
  "kecamatan" : "Jabung",
  "kelurahan" : "Tanjung Sari",
  "kodepos" : "34384"
}, {
  "kecamatan" : "Marga Sekampung",
  "kelurahan" : "Peniangan",
  "kodepos" : "34384"
}, {
  "kecamatan" : "Marga Sekampung",
  "kelurahan" : "Purwosari",
  "kodepos" : "34384"
}, {
  "kecamatan" : "Jabung",
  "kelurahan" : "Pematang Tahalo",
  "kodepos" : "34384"
}, {
  "kecamatan" : "Jabung",
  "kelurahan" : "Negara Batin",
  "kodepos" : "34384"
}, {
  "kecamatan" : "Jabung",
  "kelurahan" : "Negara Saka",
  "kodepos" : "34384"
}, {
  "kecamatan" : "Jabung",
  "kelurahan" : "Mekar Jaya",
  "kodepos" : "34384"
}, {
  "kecamatan" : "Jabung",
  "kelurahan" : "Mumbang Jaya",
  "kodepos" : "34384"
}, {
  "kecamatan" : "Jabung",
  "kelurahan" : "Jabung",
  "kodepos" : "34384"
}, {
  "kecamatan" : "Jabung",
  "kelurahan" : "Gunung Sugih Kecil",
  "kodepos" : "34384"
}, {
  "kecamatan" : "Marga Sekampung",
  "kelurahan" : "Gunung Raya",
  "kodepos" : "34384"
}, {
  "kecamatan" : "Jabung",
  "kelurahan" : "Gunung Mekar",
  "kodepos" : "34384"
}, {
  "kecamatan" : "Marga Sekampung",
  "kelurahan" : "Giri Mulyo",
  "kodepos" : "34384"
}, {
  "kecamatan" : "Marga Sekampung",
  "kelurahan" : "Gunung Mas",
  "kodepos" : "34384"
}, {
  "kecamatan" : "Marga Sekampung",
  "kelurahan" : "Bungkuk",
  "kodepos" : "34384"
}, {
  "kecamatan" : "Marga Sekampung",
  "kelurahan" : "Bukit Raya",
  "kodepos" : "34384"
}, {
  "kecamatan" : "Jabung",
  "kelurahan" : "Benteng Sari",
  "kodepos" : "34384"
}, {
  "kecamatan" : "Jabung",
  "kelurahan" : "Belimbing Sari",
  "kodepos" : "34384"
}, {
  "kecamatan" : "Marga Sekampung",
  "kelurahan" : "Batu Badak",
  "kodepos" : "34384"
}, {
  "kecamatan" : "Jabung",
  "kelurahan" : "Adirejo",
  "kodepos" : "34384"
}, {
  "kecamatan" : "Jabung",
  "kelurahan" : "Asahan",
  "kodepos" : "34384"
}, {
  "kecamatan" : "Jabung",
  "kelurahan" : "Adiluhur",
  "kodepos" : "34384"
}, {
  "kecamatan" : "Sekampung",
  "kelurahan" : "Trimulyo",
  "kodepos" : "34382"
}, {
  "kecamatan" : "Sekampung",
  "kelurahan" : "Wonokarto",
  "kodepos" : "34382"
}, {
  "kecamatan" : "Sekampung",
  "kelurahan" : "Sumbersari",
  "kodepos" : "34382"
}, {
  "kecamatan" : "Sekampung",
  "kelurahan" : "Suko Harjo",
  "kodepos" : "34382"
}, {
  "kecamatan" : "Sekampung",
  "kelurahan" : "Sumber Gede",
  "kodepos" : "34382"
}, {
  "kecamatan" : "Sekampung",
  "kelurahan" : "Sidomukti",
  "kodepos" : "34382"
}, {
  "kecamatan" : "Sekampung",
  "kelurahan" : "Sidomulyo",
  "kodepos" : "34382"
}, {
  "kecamatan" : "Sekampung",
  "kelurahan" : "Sidodadi",
  "kodepos" : "34382"
}, {
  "kecamatan" : "Sekampung",
  "kelurahan" : "Sambikarto",
  "kodepos" : "34382"
}, {
  "kecamatan" : "Sekampung",
  "kelurahan" : "Mekar Mulya/Mulyo",
  "kodepos" : "34382"
}, {
  "kecamatan" : "Sekampung",
  "kelurahan" : "Mekar Sari",
  "kodepos" : "34382"
}, {
  "kecamatan" : "Sekampung",
  "kelurahan" : "Karya Mukti",
  "kodepos" : "34382"
}, {
  "kecamatan" : "Sekampung",
  "kelurahan" : "Mekar Mukti",
  "kodepos" : "34382"
}, {
  "kecamatan" : "Sekampung",
  "kelurahan" : "Hargomulyo",
  "kodepos" : "34382"
}, {
  "kecamatan" : "Sekampung",
  "kelurahan" : "Jadimulyo",
  "kodepos" : "34382"
}, {
  "kecamatan" : "Sekampung",
  "kelurahan" : "Giri Klopo/Kelopo Mulyo",
  "kodepos" : "34382"
}, {
  "kecamatan" : "Sekampung",
  "kelurahan" : "Girikarto",
  "kodepos" : "34382"
}, {
  "kecamatan" : "Batanghari",
  "kelurahan" : "Telogo Rejo",
  "kodepos" : "34381"
}, {
  "kecamatan" : "Batanghari",
  "kelurahan" : "Sumber Rejo",
  "kodepos" : "34381"
}, {
  "kecamatan" : "Batanghari",
  "kelurahan" : "Sri Basuki",
  "kodepos" : "34381"
}, {
  "kecamatan" : "Batanghari",
  "kelurahan" : "Sumber Agung",
  "kodepos" : "34381"
}, {
  "kecamatan" : "Batanghari",
  "kelurahan" : "Purwodadi Mekar",
  "kodepos" : "34381"
}, {
  "kecamatan" : "Batanghari",
  "kelurahan" : "Rejo Agung",
  "kodepos" : "34381"
}, {
  "kecamatan" : "Batanghari",
  "kelurahan" : "Selo Rejo",
  "kodepos" : "34381"
}, {
  "kecamatan" : "Batanghari",
  "kelurahan" : "Nampi Rejo",
  "kodepos" : "34381"
}, {
  "kecamatan" : "Batanghari",
  "kelurahan" : "Bumi Harjo",
  "kodepos" : "34381"
}, {
  "kecamatan" : "Batanghari",
  "kelurahan" : "Bumi Mas",
  "kodepos" : "34381"
}, {
  "kecamatan" : "Batanghari",
  "kelurahan" : "Batang Harjo",
  "kodepos" : "34381"
}, {
  "kecamatan" : "Batanghari",
  "kelurahan" : "Buana Sakti",
  "kodepos" : "34381"
}, {
  "kecamatan" : "Batanghari",
  "kelurahan" : "Banjar Rejo",
  "kodepos" : "34381"
}, {
  "kecamatan" : "Batanghari",
  "kelurahan" : "Banar Joyo",
  "kodepos" : "34381"
}, {
  "kecamatan" : "Batanghari",
  "kelurahan" : "Bale Rejo",
  "kodepos" : "34381"
}, {
  "kecamatan" : "Batanghari",
  "kelurahan" : "Adi Warno",
  "kodepos" : "34381"
}, {
  "kecamatan" : "Batanghari",
  "kelurahan" : "Balai Kencono",
  "kodepos" : "34381"
}, {
  "kecamatan" : "Melinting",
  "kelurahan" : "Wana",
  "kodepos" : "34377"
}, {
  "kecamatan" : "Melinting",
  "kelurahan" : "Sumberhadi",
  "kodepos" : "34377"
}, {
  "kecamatan" : "Melinting",
  "kelurahan" : "Tanjung Aji",
  "kodepos" : "34377"
}, {
  "kecamatan" : "Melinting",
  "kelurahan" : "Tebing",
  "kodepos" : "34377"
}, {
  "kecamatan" : "Melinting",
  "kelurahan" : "Sidomakmur",
  "kodepos" : "34377"
}, {
  "kecamatan" : "Melinting",
  "kelurahan" : "Itik Renday (Rendai)",
  "kodepos" : "34377"
}, {
  "kecamatan" : "Waway Karya",
  "kelurahan" : "Tanjung Wangi",
  "kodepos" : "34376"
}, {
  "kecamatan" : "Waway Karya",
  "kelurahan" : "Tri Tunggal",
  "kodepos" : "34376"
}, {
  "kecamatan" : "Waway Karya",
  "kelurahan" : "Sumber Rejo",
  "kodepos" : "34376"
}, {
  "kecamatan" : "Waway Karya",
  "kelurahan" : "Sido Rahayu",
  "kodepos" : "34376"
}, {
  "kecamatan" : "Waway Karya",
  "kelurahan" : "Sumber Jaya",
  "kodepos" : "34376"
}, {
  "kecamatan" : "Waway Karya",
  "kelurahan" : "Mekar Karya",
  "kodepos" : "34376"
}, {
  "kecamatan" : "Waway Karya",
  "kelurahan" : "Ngesti Karya",
  "kodepos" : "34376"
}, {
  "kecamatan" : "Waway Karya",
  "kelurahan" : "Marga Batin",
  "kodepos" : "34376"
}, {
  "kecamatan" : "Waway Karya",
  "kelurahan" : "Karya Basuki",
  "kodepos" : "34376"
}, {
  "kecamatan" : "Waway Karya",
  "kelurahan" : "Jembrana",
  "kodepos" : "34376"
}, {
  "kecamatan" : "Waway Karya",
  "kelurahan" : "Karang Anom",
  "kodepos" : "34376"
}, {
  "kecamatan" : "Labuhan Ratu",
  "kelurahan" : "Raja Basa Lama Dua (II)",
  "kodepos" : "34375"
}, {
  "kecamatan" : "Labuhan Ratu",
  "kelurahan" : "Raja Basa Lama Satu (I)",
  "kodepos" : "34375"
}, {
  "kecamatan" : "Labuhan Ratu",
  "kelurahan" : "Labuhan Ratu Tujuh (VII)",
  "kodepos" : "34375"
}, {
  "kecamatan" : "Labuhan Ratu",
  "kelurahan" : "Raja Basa Lama",
  "kodepos" : "34375"
}, {
  "kecamatan" : "Labuhan Ratu",
  "kelurahan" : "Labuhan Ratu Tiga (III)",
  "kodepos" : "34375"
}, {
  "kecamatan" : "Labuhan Ratu",
  "kelurahan" : "Labuhan Ratu Sembilan (IX)",
  "kodepos" : "34375"
}, {
  "kecamatan" : "Labuhan Ratu",
  "kelurahan" : "Labuhan Ratu Lima (V)",
  "kodepos" : "34375"
}, {
  "kecamatan" : "Labuhan Ratu",
  "kelurahan" : "Labuhan Ratu Delapan (VIII)",
  "kodepos" : "34375"
}, {
  "kecamatan" : "Labuhan Ratu",
  "kelurahan" : "Labuhan Ratu Empat (IV)",
  "kodepos" : "34375"
}, {
  "kecamatan" : "Labuhan Ratu",
  "kelurahan" : "Labuhan Ratu Enam (VI)",
  "kodepos" : "34375"
}, {
  "kecamatan" : "Labuhan Ratu",
  "kelurahan" : "Labuhan Ratu",
  "kodepos" : "34375"
}, {
  "kecamatan" : "Way Bungur (Purbolinggo Utara)",
  "kelurahan" : "Tegal Ombo",
  "kodepos" : "34373"
}, {
  "kecamatan" : "Way Bungur (Purbolinggo Utara)",
  "kelurahan" : "Toto Mulyo",
  "kodepos" : "34373"
}, {
  "kecamatan" : "Way Bungur (Purbolinggo Utara)",
  "kelurahan" : "Toto Projo",
  "kodepos" : "34373"
}, {
  "kecamatan" : "Way Bungur (Purbolinggo Utara)",
  "kelurahan" : "Tanjung Kencono",
  "kodepos" : "34373"
}, {
  "kecamatan" : "Way Bungur (Purbolinggo Utara)",
  "kelurahan" : "Tanjung Tirto",
  "kodepos" : "34373"
}, {
  "kecamatan" : "Way Bungur (Purbolinggo Utara)",
  "kelurahan" : "Tambah Subur",
  "kodepos" : "34373"
}, {
  "kecamatan" : "Way Bungur (Purbolinggo Utara)",
  "kelurahan" : "Kali Pasir",
  "kodepos" : "34373"
}, {
  "kecamatan" : "Way Bungur (Purbolinggo Utara)",
  "kelurahan" : "Taman Negeri",
  "kodepos" : "34373"
}, {
  "kecamatan" : "Batanghari Nuban",
  "kelurahan" : "Tulung Balak",
  "kodepos" : "34372"
}, {
  "kecamatan" : "Batanghari Nuban",
  "kelurahan" : "Sukaraja Nuban",
  "kodepos" : "34372"
}, {
  "kecamatan" : "Batanghari Nuban",
  "kelurahan" : "Trisno Mulyo",
  "kodepos" : "34372"
}, {
  "kecamatan" : "Batanghari Nuban",
  "kelurahan" : "Purwosari",
  "kodepos" : "34372"
}, {
  "kecamatan" : "Batanghari Nuban",
  "kelurahan" : "Sukacari",
  "kodepos" : "34372"
}, {
  "kecamatan" : "Batanghari Nuban",
  "kelurahan" : "Kedaton Induk",
  "kodepos" : "34372"
}, {
  "kecamatan" : "Batanghari Nuban",
  "kelurahan" : "Negara Ratu",
  "kodepos" : "34372"
}, {
  "kecamatan" : "Batanghari Nuban",
  "kelurahan" : "Kedaton II (Dua)",
  "kodepos" : "34372"
}, {
  "kecamatan" : "Batanghari Nuban",
  "kelurahan" : "Kedaton I (Satu)",
  "kodepos" : "34372"
}, {
  "kecamatan" : "Batanghari Nuban",
  "kelurahan" : "Gunung Tiga",
  "kodepos" : "34372"
}, {
  "kecamatan" : "Batanghari Nuban",
  "kelurahan" : "Gedung Dalam",
  "kodepos" : "34372"
}, {
  "kecamatan" : "Batanghari Nuban",
  "kelurahan" : "Bumi Jawa",
  "kodepos" : "34372"
}, {
  "kecamatan" : "Batanghari Nuban",
  "kelurahan" : "Cempaka Nuban",
  "kodepos" : "34372"
}, {
  "kecamatan" : "Raman Utara",
  "kelurahan" : "Rejo Katon",
  "kodepos" : "34371"
}, {
  "kecamatan" : "Raman Utara",
  "kelurahan" : "Restu Rahayu",
  "kodepos" : "34371"
}, {
  "kecamatan" : "Raman Utara",
  "kelurahan" : "Rukti Sudiyo",
  "kodepos" : "34371"
}, {
  "kecamatan" : "Raman Utara",
  "kelurahan" : "Ratna Daya",
  "kodepos" : "34371"
}, {
  "kecamatan" : "Raman Utara",
  "kelurahan" : "Rejo Binangun",
  "kodepos" : "34371"
}, {
  "kecamatan" : "Raman Utara",
  "kelurahan" : "Rantau Fajar",
  "kodepos" : "34371"
}, {
  "kecamatan" : "Raman Utara",
  "kelurahan" : "Raman Fajar",
  "kodepos" : "34371"
}, {
  "kecamatan" : "Raman Utara",
  "kelurahan" : "Raman Aji",
  "kodepos" : "34371"
}, {
  "kecamatan" : "Raman Utara",
  "kelurahan" : "Raman Endra",
  "kodepos" : "34371"
}, {
  "kecamatan" : "Raman Utara",
  "kelurahan" : "Kota Raman",
  "kodepos" : "34371"
}, {
  "kecamatan" : "Raman Utara",
  "kelurahan" : "Rama Puja",
  "kodepos" : "34371"
}, {
  "kecamatan" : "Metro Kibang",
  "kelurahan" : "Margo Toto",
  "kodepos" : "34335"
}, {
  "kecamatan" : "Metro Kibang",
  "kelurahan" : "Margo Jaya (Margajaya)",
  "kodepos" : "34335"
}, {
  "kecamatan" : "Metro Kibang",
  "kelurahan" : "Margo Sari",
  "kodepos" : "34335"
}, {
  "kecamatan" : "Metro Kibang",
  "kelurahan" : "Kibang",
  "kodepos" : "34331"
}, {
  "kecamatan" : "Metro Kibang",
  "kelurahan" : "Sumber Agung",
  "kodepos" : "34332"
}, {
  "kecamatan" : "Metro Kibang",
  "kelurahan" : "Purbo Sembodo",
  "kodepos" : "34333"
}, {
  "kecamatan" : "Metro Kibang",
  "kelurahan" : "Jaya Asri",
  "kodepos" : "34331"
}, {
  "kecamatan" : "Mataram Baru",
  "kelurahan" : "Tulungpasik",
  "kodepos" : "34199"
}, {
  "kecamatan" : "Mataram Baru",
  "kelurahan" : "Way Areng (Wai Arang)",
  "kodepos" : "34199"
}, {
  "kecamatan" : "Mataram Baru",
  "kelurahan" : "Teluk Dalem",
  "kodepos" : "34199"
}, {
  "kecamatan" : "Mataram Baru",
  "kelurahan" : "Mandala Sari",
  "kodepos" : "34199"
}, {
  "kecamatan" : "Mataram Baru",
  "kelurahan" : "Mataram Baru",
  "kodepos" : "34199"
}, {
  "kecamatan" : "Mataram Baru",
  "kelurahan" : "Rajabasa Baru",
  "kodepos" : "34199"
}, {
  "kecamatan" : "Mataram Baru",
  "kelurahan" : "Kebon Damar",
  "kodepos" : "34199"
}, {
  "kecamatan" : "Labuhan Maringgai",
  "kelurahan" : "Sri Minosari",
  "kodepos" : "34198"
}, {
  "kecamatan" : "Labuhan Maringgai",
  "kelurahan" : "Sukorahayu",
  "kodepos" : "34198"
}, {
  "kecamatan" : "Labuhan Maringgai",
  "kelurahan" : "Sri Gading",
  "kodepos" : "34198"
}, {
  "kecamatan" : "Labuhan Maringgai",
  "kelurahan" : "Muara Gading Mas",
  "kodepos" : "34198"
}, {
  "kecamatan" : "Labuhan Maringgai",
  "kelurahan" : "Labuhan Maringai",
  "kodepos" : "34198"
}, {
  "kecamatan" : "Labuhan Maringgai",
  "kelurahan" : "Margasari",
  "kodepos" : "34198"
}, {
  "kecamatan" : "Labuhan Maringgai",
  "kelurahan" : "Maringgai",
  "kodepos" : "34198"
}, {
  "kecamatan" : "Labuhan Maringgai",
  "kelurahan" : "Karya Makmur",
  "kodepos" : "34198"
}, {
  "kecamatan" : "Labuhan Maringgai",
  "kelurahan" : "Karyatani",
  "kodepos" : "34198"
}, {
  "kecamatan" : "Labuhan Maringgai",
  "kelurahan" : "Bandar Negeri",
  "kodepos" : "34198"
}, {
  "kecamatan" : "Labuhan Maringgai",
  "kelurahan" : "Karang Anyar",
  "kodepos" : "34198"
}, {
  "kecamatan" : "Braja Slebah",
  "kelurahan" : "Braja Mulya",
  "kodepos" : "34196"
}, {
  "kecamatan" : "Braja Slebah",
  "kelurahan" : "Braja Yekti",
  "kodepos" : "34196"
}, {
  "kecamatan" : "Braja Slebah",
  "kelurahan" : "Braja Indah",
  "kodepos" : "34196"
}, {
  "kecamatan" : "Braja Slebah",
  "kelurahan" : "Braja Kencana",
  "kodepos" : "34196"
}, {
  "kecamatan" : "Braja Slebah",
  "kelurahan" : "Braja Luhur",
  "kodepos" : "34196"
}, {
  "kecamatan" : "Braja Slebah",
  "kelurahan" : "Braja Gemilang",
  "kodepos" : "34196"
}, {
  "kecamatan" : "Braja Slebah",
  "kelurahan" : "Braja Harjosari",
  "kodepos" : "34196"
}, {
  "kecamatan" : "Sukadana",
  "kelurahan" : "Sukadana Timur",
  "kodepos" : "34194"
}, {
  "kecamatan" : "Sukadana",
  "kelurahan" : "Surabaya Udik",
  "kodepos" : "34194"
}, {
  "kecamatan" : "Sukadana",
  "kelurahan" : "Terbanggi Marga",
  "kodepos" : "34194"
}, {
  "kecamatan" : "Sukadana",
  "kelurahan" : "Sukadana Selatan",
  "kodepos" : "34194"
}, {
  "kecamatan" : "Sukadana",
  "kelurahan" : "Sukadana Tengah",
  "kodepos" : "34194"
}, {
  "kecamatan" : "Sukadana",
  "kelurahan" : "Sukadana Jaya",
  "kodepos" : "34194"
}, {
  "kecamatan" : "Sukadana",
  "kelurahan" : "Sukadana Ilir",
  "kodepos" : "34194"
}, {
  "kecamatan" : "Sukadana",
  "kelurahan" : "Rantau Jaya Udik II",
  "kodepos" : "34194"
}, {
  "kecamatan" : "Sukadana",
  "kelurahan" : "Sukadana",
  "kodepos" : "34194"
}, {
  "kecamatan" : "Sukadana",
  "kelurahan" : "Putra Aji Satu",
  "kodepos" : "34194"
}, {
  "kecamatan" : "Sukadana",
  "kelurahan" : "Raja Basa Batanghari",
  "kodepos" : "34194"
}, {
  "kecamatan" : "Sukadana",
  "kelurahan" : "Rantau Jaya Udik I",
  "kodepos" : "34194"
}, {
  "kecamatan" : "Sukadana",
  "kelurahan" : "Pasar Sukadana",
  "kodepos" : "34194"
}, {
  "kecamatan" : "Sukadana",
  "kelurahan" : "Putra Aji Dua",
  "kodepos" : "34194"
}, {
  "kecamatan" : "Sukadana",
  "kelurahan" : "Negara Nabung",
  "kodepos" : "34194"
}, {
  "kecamatan" : "Sukadana",
  "kelurahan" : "Pakuan Aji",
  "kodepos" : "34194"
}, {
  "kecamatan" : "Sukadana",
  "kelurahan" : "Mataram Marga",
  "kodepos" : "34194"
}, {
  "kecamatan" : "Sukadana",
  "kelurahan" : "Muara Jaya",
  "kodepos" : "34194"
}, {
  "kecamatan" : "Sukadana",
  "kelurahan" : "Bumi Ayu",
  "kodepos" : "34194"
}, {
  "kecamatan" : "Sukadana",
  "kelurahan" : "Bumi Nabung Udik",
  "kodepos" : "34194"
}, {
  "kecamatan" : "Purbolinggo",
  "kelurahan" : "Tegal Yoso",
  "kodepos" : "34192"
}, {
  "kecamatan" : "Purbolinggo",
  "kelurahan" : "Toto Harjo",
  "kodepos" : "34192"
}, {
  "kecamatan" : "Purbolinggo",
  "kelurahan" : "Tanjung Inten",
  "kodepos" : "34192"
}, {
  "kecamatan" : "Purbolinggo",
  "kelurahan" : "Tanjung Kesuma",
  "kodepos" : "34192"
}, {
  "kecamatan" : "Purbolinggo",
  "kelurahan" : "Tegal Gondo",
  "kodepos" : "34192"
}, {
  "kecamatan" : "Purbolinggo",
  "kelurahan" : "Tambah Dadi",
  "kodepos" : "34192"
}, {
  "kecamatan" : "Purbolinggo",
  "kelurahan" : "Tambah Luhur",
  "kodepos" : "34192"
}, {
  "kecamatan" : "Purbolinggo",
  "kelurahan" : "Taman Endah",
  "kodepos" : "34192"
}, {
  "kecamatan" : "Purbolinggo",
  "kelurahan" : "Taman Pajar",
  "kodepos" : "34192"
}, {
  "kecamatan" : "Purbolinggo",
  "kelurahan" : "Taman Cari",
  "kodepos" : "34192"
}, {
  "kecamatan" : "Purbolinggo",
  "kelurahan" : "Taman Bogo",
  "kodepos" : "34192"
}, {
  "kecamatan" : "Purbolinggo",
  "kelurahan" : "Taman Asri",
  "kodepos" : "34192"
}, {
  "kecamatan" : "Bumi Agung",
  "kelurahan" : "Nyampir",
  "kodepos" : "34182"
}, {
  "kecamatan" : "Bumi Agung",
  "kelurahan" : "Lehan",
  "kodepos" : "34182"
}, {
  "kecamatan" : "Bumi Agung",
  "kelurahan" : "Marga Mulya",
  "kodepos" : "34182"
}, {
  "kecamatan" : "Bumi Agung",
  "kelurahan" : "Mulyo Asri",
  "kodepos" : "34182"
}, {
  "kecamatan" : "Bumi Agung",
  "kelurahan" : "Catur Swako",
  "kodepos" : "34182"
}, {
  "kecamatan" : "Bumi Agung",
  "kelurahan" : "Donomulyo",
  "kodepos" : "34182"
}, {
  "kecamatan" : "Bumi Agung",
  "kelurahan" : "Bumi Tinggi",
  "kodepos" : "34182"
} ]
