[ {
  "kecamatan" : "Metro Barat",
  "kelurahan" : "Mulyosari",
  "kodepos" : "34125"
}, {
  "kecamatan" : "Metro Barat",
  "kelurahan" : "Mulyojati",
  "kodepos" : "34125"
}, {
  "kecamatan" : "Metro Barat",
  "kelurahan" : "Ganjar Asri",
  "kodepos" : "34125"
}, {
  "kecamatan" : "Metro Timur",
  "kelurahan" : "Tejo Sari",
  "kodepos" : "34124"
}, {
  "kecamatan" : "Metro Selatan",
  "kelurahan" : "Rejomulyo",
  "kodepos" : "34123"
}, {
  "kecamatan" : "Metro Selatan",
  "kelurahan" : "Sumbersari",
  "kodepos" : "34122"
}, {
  "kecamatan" : "Metro Selatan",
  "kelurahan" : "Margo Rejo",
  "kodepos" : "34121"
}, {
  "kecamatan" : "Metro Selatan",
  "kelurahan" : "Magodadi",
  "kodepos" : "34119"
}, {
  "kecamatan" : "Metro Utara",
  "kelurahan" : "Karang Rejo",
  "kodepos" : "34119"
}, {
  "kecamatan" : "Metro Utara",
  "kelurahan" : "Purwo Sari",
  "kodepos" : "34118"
}, {
  "kecamatan" : "Metro Utara",
  "kelurahan" : "Purwo Asri",
  "kodepos" : "34117"
}, {
  "kecamatan" : "Metro Utara",
  "kelurahan" : "Banjar Sari",
  "kodepos" : "34117"
}, {
  "kecamatan" : "Metro Barat",
  "kelurahan" : "Ganjar Agung",
  "kodepos" : "34114"
}, {
  "kecamatan" : "Metro Timur",
  "kelurahan" : "Yosorejo",
  "kodepos" : "34112"
}, {
  "kecamatan" : "Metro Pusat",
  "kelurahan" : "Hadimulyo Barat",
  "kodepos" : "34113"
}, {
  "kecamatan" : "Metro Pusat",
  "kelurahan" : "Hadimulyo Timur",
  "kodepos" : "34113"
}, {
  "kecamatan" : "Metro Timur",
  "kelurahan" : "Tejo Agung",
  "kodepos" : "34112"
}, {
  "kecamatan" : "Metro Timur",
  "kelurahan" : "Iringmulyo",
  "kodepos" : "34112"
}, {
  "kecamatan" : "Metro Pusat",
  "kelurahan" : "Yosomulyo",
  "kodepos" : "34111"
}, {
  "kecamatan" : "Metro Timur",
  "kelurahan" : "Yosodadi",
  "kodepos" : "34111"
}, {
  "kecamatan" : "Metro Pusat",
  "kelurahan" : "Imopuro",
  "kodepos" : "34111"
}, {
  "kecamatan" : "Metro Pusat",
  "kelurahan" : "Metro",
  "kodepos" : "34111"
} ]
