[ {
  "kecamatan" : "Aru Selatan Utara",
  "kelurahan" : "Rebi",
  "kodepos" : "97668"
}, {
  "kecamatan" : "Aru Selatan Utara",
  "kelurahan" : "Tabarfane",
  "kodepos" : "97668"
}, {
  "kecamatan" : "Aru Selatan Utara",
  "kelurahan" : "Juring",
  "kodepos" : "97668"
}, {
  "kecamatan" : "Aru Selatan Utara",
  "kelurahan" : "Lutur",
  "kodepos" : "97668"
}, {
  "kecamatan" : "Aru Selatan Utara",
  "kelurahan" : "Maekor",
  "kodepos" : "97668"
}, {
  "kecamatan" : "Aru Selatan Utara",
  "kelurahan" : "Erersin",
  "kodepos" : "97668"
}, {
  "kecamatan" : "Aru Selatan Utara",
  "kelurahan" : "Hokmar",
  "kodepos" : "97668"
}, {
  "kecamatan" : "Aru Selatan",
  "kelurahan" : "Popjetur",
  "kodepos" : "97667"
}, {
  "kecamatan" : "Aru Selatan",
  "kelurahan" : "Ngaibor",
  "kodepos" : "97667"
}, {
  "kecamatan" : "Aru Selatan",
  "kelurahan" : "Ngaiguli",
  "kodepos" : "97667"
}, {
  "kecamatan" : "Aru Selatan",
  "kelurahan" : "Lor-lor",
  "kodepos" : "97667"
}, {
  "kecamatan" : "Aru Selatan",
  "kelurahan" : "Marfenfen (Marafenfen)",
  "kodepos" : "97667"
}, {
  "kecamatan" : "Aru Selatan",
  "kelurahan" : "Kalar-Kalar",
  "kodepos" : "97667"
}, {
  "kecamatan" : "Aru Selatan",
  "kelurahan" : "Laininir",
  "kodepos" : "97667"
}, {
  "kecamatan" : "Aru Selatan",
  "kelurahan" : "Jerol",
  "kodepos" : "97667"
}, {
  "kecamatan" : "Aru Selatan",
  "kelurahan" : "Kabalukin",
  "kodepos" : "97667"
}, {
  "kecamatan" : "Aru Selatan",
  "kelurahan" : "Gaimar",
  "kodepos" : "97667"
}, {
  "kecamatan" : "Aru Selatan",
  "kelurahan" : "Jelia",
  "kodepos" : "97667"
}, {
  "kecamatan" : "Aru Selatan",
  "kelurahan" : "Fatural",
  "kodepos" : "97667"
}, {
  "kecamatan" : "Aru Selatan",
  "kelurahan" : "Feruni",
  "kodepos" : "97667"
}, {
  "kecamatan" : "Aru Selatan",
  "kelurahan" : "Doka Barat",
  "kodepos" : "97667"
}, {
  "kecamatan" : "Aru Selatan",
  "kelurahan" : "Doka Timur",
  "kodepos" : "97667"
}, {
  "kecamatan" : "Aru Selatan Timur",
  "kelurahan" : "Siya",
  "kodepos" : "97666"
}, {
  "kecamatan" : "Aru Selatan Timur",
  "kelurahan" : "Meror",
  "kodepos" : "97666"
}, {
  "kecamatan" : "Aru Selatan Timur",
  "kelurahan" : "Salarem",
  "kodepos" : "97666"
}, {
  "kecamatan" : "Aru Selatan Timur",
  "kelurahan" : "Jorang",
  "kodepos" : "97666"
}, {
  "kecamatan" : "Aru Selatan Timur",
  "kelurahan" : "Karey",
  "kodepos" : "97666"
}, {
  "kecamatan" : "Aru Selatan Timur",
  "kelurahan" : "Gomarmeti",
  "kodepos" : "97666"
}, {
  "kecamatan" : "Aru Selatan Timur",
  "kelurahan" : "Gomarsungai",
  "kodepos" : "97666"
}, {
  "kecamatan" : "Aru Selatan Timur",
  "kelurahan" : "Dosimar",
  "kodepos" : "97666"
}, {
  "kecamatan" : "Aru Selatan Timur",
  "kelurahan" : "Beltubur",
  "kodepos" : "97666"
}, {
  "kecamatan" : "Aru Selatan Timur",
  "kelurahan" : "Batugoyang",
  "kodepos" : "97666"
}, {
  "kecamatan" : "Aru Tengah Timur",
  "kelurahan" : "Warloy",
  "kodepos" : "97665"
}, {
  "kecamatan" : "Aru Tengah Timur",
  "kelurahan" : "Warjukur",
  "kodepos" : "97665"
}, {
  "kecamatan" : "Aru Tengah Selatan",
  "kelurahan" : "Warabal",
  "kodepos" : "97665"
}, {
  "kecamatan" : "Aru Tengah",
  "kelurahan" : "Wakua",
  "kodepos" : "97665"
}, {
  "kecamatan" : "Aru Tengah Timur",
  "kelurahan" : "Wailay",
  "kodepos" : "97665"
}, {
  "kecamatan" : "Aru Tengah",
  "kelurahan" : "Tanah Miring",
  "kodepos" : "97665"
}, {
  "kecamatan" : "Aru Tengah",
  "kelurahan" : "Selilau",
  "kodepos" : "97665"
}, {
  "kecamatan" : "Aru Tengah",
  "kelurahan" : "Selibata-Bata",
  "kodepos" : "97665"
}, {
  "kecamatan" : "Aru Tengah Timur",
  "kelurahan" : "Ponom",
  "kodepos" : "97665"
}, {
  "kecamatan" : "Aru Tengah",
  "kelurahan" : "Papakula",
  "kodepos" : "97665"
}, {
  "kecamatan" : "Aru Tengah",
  "kelurahan" : "Namara",
  "kodepos" : "97665"
}, {
  "kecamatan" : "Aru Tengah",
  "kelurahan" : "Murai",
  "kodepos" : "97665"
}, {
  "kecamatan" : "Aru Tengah Selatan",
  "kelurahan" : "Mesiang",
  "kodepos" : "97665"
}, {
  "kecamatan" : "Aru Tengah",
  "kelurahan" : "Maririmar",
  "kodepos" : "97665"
}, {
  "kecamatan" : "Aru Tengah",
  "kelurahan" : "Manjau",
  "kodepos" : "97665"
}, {
  "kecamatan" : "Aru Tengah Timur",
  "kelurahan" : "Mariri",
  "kodepos" : "97665"
}, {
  "kecamatan" : "Aru Tengah",
  "kelurahan" : "Lorang",
  "kodepos" : "97665"
}, {
  "kecamatan" : "Aru Tengah",
  "kelurahan" : "Maijuring",
  "kodepos" : "97665"
}, {
  "kecamatan" : "Aru Tengah",
  "kelurahan" : "Kwarbola",
  "kodepos" : "97665"
}, {
  "kecamatan" : "Aru Tengah Selatan",
  "kelurahan" : "Longgar",
  "kodepos" : "97665"
}, {
  "kecamatan" : "Aru Tengah Timur",
  "kelurahan" : "Lola",
  "kodepos" : "97665"
}, {
  "kecamatan" : "Aru Tengah Timur",
  "kelurahan" : "Koijabi",
  "kodepos" : "97665"
}, {
  "kecamatan" : "Aru Tengah",
  "kelurahan" : "Kobasel Timur",
  "kodepos" : "97665"
}, {
  "kecamatan" : "Aru Tengah Timur",
  "kelurahan" : "Kobror",
  "kodepos" : "97665"
}, {
  "kecamatan" : "Aru Tengah",
  "kelurahan" : "Kobadangar",
  "kodepos" : "97665"
}, {
  "kecamatan" : "Aru Tengah",
  "kelurahan" : "Kobasel Fara",
  "kodepos" : "97665"
}, {
  "kecamatan" : "Aru Tengah Timur",
  "kelurahan" : "Kaiwabar",
  "kodepos" : "97665"
}, {
  "kecamatan" : "Aru Tengah Timur",
  "kelurahan" : "Karawai (Karawain)",
  "kodepos" : "97665"
}, {
  "kecamatan" : "Aru Tengah",
  "kelurahan" : "Jirlay",
  "kodepos" : "97665"
}, {
  "kecamatan" : "Aru Tengah Selatan",
  "kelurahan" : "Jambu Air",
  "kodepos" : "97665"
}, {
  "kecamatan" : "Aru Tengah",
  "kelurahan" : "Irloy",
  "kodepos" : "97665"
}, {
  "kecamatan" : "Aru Tengah",
  "kelurahan" : "Gulili",
  "kodepos" : "97665"
}, {
  "kecamatan" : "Aru Tengah Selatan",
  "kelurahan" : "Gomo Gomo",
  "kodepos" : "97665"
}, {
  "kecamatan" : "Aru Tengah",
  "kelurahan" : "Fatlabata",
  "kodepos" : "97665"
}, {
  "kecamatan" : "Aru Tengah",
  "kelurahan" : "Gardakau",
  "kodepos" : "97665"
}, {
  "kecamatan" : "Aru Tengah Timur",
  "kelurahan" : "Dosinamalau",
  "kodepos" : "97665"
}, {
  "kecamatan" : "Aru Tengah",
  "kelurahan" : "Benjina",
  "kodepos" : "97665"
}, {
  "kecamatan" : "Aru Tengah Selatan",
  "kelurahan" : "Bemun",
  "kodepos" : "97665"
}, {
  "kecamatan" : "Aru Tengah Timur",
  "kelurahan" : "Balatan",
  "kodepos" : "97665"
}, {
  "kecamatan" : "Aru Tengah Timur",
  "kelurahan" : "Basada",
  "kodepos" : "97665"
}, {
  "kecamatan" : "Aru Tengah Selatan",
  "kelurahan" : "Apara",
  "kodepos" : "97665"
}, {
  "kecamatan" : "Aru Tengah",
  "kelurahan" : "Algadang",
  "kodepos" : "97665"
}, {
  "kecamatan" : "Sir-Sir",
  "kelurahan" : "Waiful (Waifual)",
  "kodepos" : "97664"
}, {
  "kecamatan" : "Sir-Sir",
  "kelurahan" : "Mohongsel",
  "kodepos" : "97664"
}, {
  "kecamatan" : "Sir-Sir",
  "kelurahan" : "Wafan",
  "kodepos" : "97664"
}, {
  "kecamatan" : "Sir-Sir",
  "kelurahan" : "Langhalau",
  "kodepos" : "97664"
}, {
  "kecamatan" : "Sir-Sir",
  "kelurahan" : "Leiting",
  "kodepos" : "97664"
}, {
  "kecamatan" : "Sir-Sir",
  "kelurahan" : "Kolaha",
  "kodepos" : "97664"
}, {
  "kecamatan" : "Sir-Sir",
  "kelurahan" : "Gomsey",
  "kodepos" : "97664"
}, {
  "kecamatan" : "Sir-Sir",
  "kelurahan" : "Berdefan",
  "kodepos" : "97664"
}, {
  "kecamatan" : "Sir-Sir",
  "kelurahan" : "Goda Goda",
  "kodepos" : "97664"
}, {
  "kecamatan" : "Aru Utara Timur Batuley",
  "kelurahan" : "Sewer",
  "kodepos" : "97663"
}, {
  "kecamatan" : "Aru Utara Timur Batuley",
  "kelurahan" : "Waria",
  "kodepos" : "97663"
}, {
  "kecamatan" : "Aru Utara Timur Batuley",
  "kelurahan" : "Kompane",
  "kodepos" : "97663"
}, {
  "kecamatan" : "Aru Utara Timur Batuley",
  "kelurahan" : "Kumul",
  "kodepos" : "97663"
}, {
  "kecamatan" : "Aru Utara Timur Batuley",
  "kelurahan" : "Jursiang",
  "kodepos" : "97663"
}, {
  "kecamatan" : "Aru Utara Timur Batuley",
  "kelurahan" : "Kabalsiang",
  "kodepos" : "97663"
}, {
  "kecamatan" : "Aru Utara Timur Batuley",
  "kelurahan" : "Kobamar",
  "kodepos" : "97663"
}, {
  "kecamatan" : "Aru Utara Timur Batuley",
  "kelurahan" : "Batulei (Batuley)",
  "kodepos" : "97663"
}, {
  "kecamatan" : "Aru Utara Timur Batuley",
  "kelurahan" : "Benjuring",
  "kodepos" : "97663"
}, {
  "kecamatan" : "Pulau-Pulau Aru",
  "kelurahan" : "Wokam",
  "kodepos" : "97662"
}, {
  "kecamatan" : "Aru Utara",
  "kelurahan" : "Wahayum / Wahayun",
  "kodepos" : "97662"
}, {
  "kecamatan" : "Aru Utara",
  "kelurahan" : "Warialau",
  "kodepos" : "97662"
}, {
  "kecamatan" : "Pulau-Pulau Aru",
  "kelurahan" : "Wangel",
  "kodepos" : "97662"
}, {
  "kecamatan" : "Aru Utara",
  "kelurahan" : "Wahangulangula",
  "kodepos" : "97662"
}, {
  "kecamatan" : "Pulau-Pulau Aru",
  "kelurahan" : "Ujir",
  "kodepos" : "97662"
}, {
  "kecamatan" : "Aru Utara",
  "kelurahan" : "Tasin Waha",
  "kodepos" : "97662"
}, {
  "kecamatan" : "Pulau-Pulau Aru",
  "kelurahan" : "Tungu",
  "kodepos" : "97662"
}, {
  "kecamatan" : "Pulau-Pulau Aru",
  "kelurahan" : "Tunguwatu",
  "kodepos" : "97662"
}, {
  "kecamatan" : "Pulau-Pulau Aru",
  "kelurahan" : "Siwalima",
  "kodepos" : "97662"
}, {
  "kecamatan" : "Aru Utara",
  "kelurahan" : "Selmona",
  "kodepos" : "97662"
}, {
  "kecamatan" : "Pulau-Pulau Aru",
  "kelurahan" : "Nafar (Napar)",
  "kodepos" : "97662"
}, {
  "kecamatan" : "Pulau-Pulau Aru",
  "kelurahan" : "Samang",
  "kodepos" : "97662"
}, {
  "kecamatan" : "Aru Utara",
  "kelurahan" : "Marlasi",
  "kodepos" : "97662"
}, {
  "kecamatan" : "Aru Utara",
  "kelurahan" : "Mesidang",
  "kodepos" : "97662"
}, {
  "kecamatan" : "Pulau-Pulau Aru",
  "kelurahan" : "Lau-Lau",
  "kodepos" : "97662"
}, {
  "kecamatan" : "Aru Utara",
  "kelurahan" : "Kolamar",
  "kodepos" : "97662"
}, {
  "kecamatan" : "Pulau-Pulau Aru",
  "kelurahan" : "Kobraur",
  "kodepos" : "97662"
}, {
  "kecamatan" : "Aru Utara",
  "kelurahan" : "Kaibolafin",
  "kodepos" : "97662"
}, {
  "kecamatan" : "Pulau-Pulau Aru",
  "kelurahan" : "Karangguli",
  "kodepos" : "97662"
}, {
  "kecamatan" : "Aru Utara",
  "kelurahan" : "Jerwatu",
  "kodepos" : "97662"
}, {
  "kecamatan" : "Aru Utara",
  "kelurahan" : "Kabufin",
  "kodepos" : "97662"
}, {
  "kecamatan" : "Pulau-Pulau Aru",
  "kelurahan" : "Jabulenga",
  "kodepos" : "97662"
}, {
  "kecamatan" : "Pulau-Pulau Aru",
  "kelurahan" : "Galai Dubu",
  "kodepos" : "97662"
}, {
  "kecamatan" : "Pulau-Pulau Aru",
  "kelurahan" : "Gorar",
  "kodepos" : "97662"
}, {
  "kecamatan" : "Aru Utara",
  "kelurahan" : "Foket",
  "kodepos" : "97662"
}, {
  "kecamatan" : "Pulau-Pulau Aru",
  "kelurahan" : "Durjela",
  "kodepos" : "97662"
} ]
