[ {
  "kecamatan" : "Ciputat Timur",
  "kelurahan" : "Pisangan",
  "kodepos" : "15419"
}, {
  "kecamatan" : "Ciputat Timur",
  "kelurahan" : "Cireundeu",
  "kodepos" : "15419"
}, {
  "kecamatan" : "Pamulang",
  "kelurahan" : "Pondok Cabe Udik",
  "kodepos" : "15418"
}, {
  "kecamatan" : "Pamulang",
  "kelurahan" : "Benda Baru",
  "kodepos" : "15418"
}, {
  "kecamatan" : "Ciputat",
  "kelurahan" : "Jombang",
  "kodepos" : "15414"
}, {
  "kecamatan" : "Pamulang",
  "kelurahan" : "Pondok Cabe Ilir",
  "kodepos" : "15418"
}, {
  "kecamatan" : "Ciputat Timur",
  "kelurahan" : "Rempoa",
  "kodepos" : "15412"
}, {
  "kecamatan" : "Pamulang",
  "kelurahan" : "Pamulang Barat",
  "kodepos" : "15417"
}, {
  "kecamatan" : "Ciputat Timur",
  "kelurahan" : "Rengas",
  "kodepos" : "15412"
}, {
  "kecamatan" : "Pamulang",
  "kelurahan" : "Pamulang Timur",
  "kodepos" : "15417"
}, {
  "kecamatan" : "Ciputat Timur",
  "kelurahan" : "Pondok Ranji",
  "kodepos" : "15412"
}, {
  "kecamatan" : "Pamulang",
  "kelurahan" : "Kedaung",
  "kodepos" : "15415"
}, {
  "kecamatan" : "Ciputat",
  "kelurahan" : "Ciputat",
  "kodepos" : "15411"
}, {
  "kecamatan" : "Pamulang",
  "kelurahan" : "Pondok Benda",
  "kodepos" : "15416"
}, {
  "kecamatan" : "Ciputat Timur",
  "kelurahan" : "Cempaka Putih",
  "kodepos" : "15412"
}, {
  "kecamatan" : "Pamulang",
  "kelurahan" : "Bambu Apus",
  "kodepos" : "15415"
}, {
  "kecamatan" : "Ciputat",
  "kelurahan" : "Cipayung",
  "kodepos" : "15411"
}, {
  "kecamatan" : "Ciputat",
  "kelurahan" : "Sarua Indah",
  "kodepos" : "15414"
}, {
  "kecamatan" : "Ciputat",
  "kelurahan" : "Sarua (Serua)",
  "kodepos" : "15414"
}, {
  "kecamatan" : "Ciputat",
  "kelurahan" : "Sawah Baru",
  "kodepos" : "15413"
}, {
  "kecamatan" : "Ciputat",
  "kelurahan" : "Sawah Lama",
  "kodepos" : "15413"
}, {
  "kecamatan" : "Serpong Utara",
  "kelurahan" : "Pondok Jagung",
  "kodepos" : "15326"
}, {
  "kecamatan" : "Serpong Utara",
  "kelurahan" : "Pondok Jagung Timur",
  "kodepos" : "15326"
}, {
  "kecamatan" : "Serpong Utara",
  "kelurahan" : "Pakulonan",
  "kodepos" : "15325"
}, {
  "kecamatan" : "Serpong Utara",
  "kelurahan" : "Jelupang",
  "kodepos" : "15323"
}, {
  "kecamatan" : "Serpong Utara",
  "kelurahan" : "Paku Jaya",
  "kodepos" : "15324"
}, {
  "kecamatan" : "Serpong",
  "kelurahan" : "Lengkong Gudang Timur",
  "kodepos" : "15321"
}, {
  "kecamatan" : "Serpong",
  "kelurahan" : "Lengkong Wetan",
  "kodepos" : "15322"
}, {
  "kecamatan" : "Serpong Utara",
  "kelurahan" : "Pakualam",
  "kodepos" : "15320"
}, {
  "kecamatan" : "Serpong",
  "kelurahan" : "Lengkong Gudang",
  "kodepos" : "15321"
}, {
  "kecamatan" : "Serpong Utara",
  "kelurahan" : "Lengkong Karya",
  "kodepos" : "15320"
}, {
  "kecamatan" : "Serpong",
  "kelurahan" : "Rawa Buntu",
  "kodepos" : "15318"
}, {
  "kecamatan" : "Setu",
  "kelurahan" : "Babakan",
  "kodepos" : "15315"
}, {
  "kecamatan" : "Setu",
  "kelurahan" : "Bakti Jaya",
  "kodepos" : "15315"
}, {
  "kecamatan" : "Setu",
  "kelurahan" : "Setu",
  "kodepos" : "15314"
}, {
  "kecamatan" : "Setu",
  "kelurahan" : "Muncul",
  "kodepos" : "15314"
}, {
  "kecamatan" : "Setu",
  "kelurahan" : "Kranggan",
  "kodepos" : "15312"
}, {
  "kecamatan" : "Setu",
  "kelurahan" : "Kademangan",
  "kodepos" : "15313"
}, {
  "kecamatan" : "Serpong",
  "kelurahan" : "Rawa Mekar Jaya",
  "kodepos" : "15310"
}, {
  "kecamatan" : "Serpong",
  "kelurahan" : "Serpong",
  "kodepos" : "15311"
}, {
  "kecamatan" : "Serpong",
  "kelurahan" : "Buaran",
  "kodepos" : "15310"
}, {
  "kecamatan" : "Serpong",
  "kelurahan" : "Ciater",
  "kodepos" : "15310"
}, {
  "kecamatan" : "Serpong",
  "kelurahan" : "Cilenggang",
  "kodepos" : "15310"
}, {
  "kecamatan" : "Pondok Aren",
  "kelurahan" : "Perigi Lama",
  "kodepos" : "15227"
}, {
  "kecamatan" : "Pondok Aren",
  "kelurahan" : "Perigi Baru",
  "kodepos" : "15228"
}, {
  "kecamatan" : "Pondok Aren",
  "kelurahan" : "Pondok Pucung",
  "kodepos" : "15229"
}, {
  "kecamatan" : "Pondok Aren",
  "kelurahan" : "Pondok Kacang Barat",
  "kodepos" : "15226"
}, {
  "kecamatan" : "Pondok Aren",
  "kelurahan" : "Pondok Kacang Timur",
  "kodepos" : "15226"
}, {
  "kecamatan" : "Pondok Aren",
  "kelurahan" : "Pondok Aren",
  "kodepos" : "15224"
}, {
  "kecamatan" : "Pondok Aren",
  "kelurahan" : "Pondok Karya",
  "kodepos" : "15225"
}, {
  "kecamatan" : "Pondok Aren",
  "kelurahan" : "Jurang Mangu Timur",
  "kodepos" : "15222"
}, {
  "kecamatan" : "Pondok Aren",
  "kelurahan" : "Jurang Mangu Barat",
  "kodepos" : "15223"
}, {
  "kecamatan" : "Pondok Aren",
  "kelurahan" : "Pondok Betung",
  "kodepos" : "15221"
}, {
  "kecamatan" : "Pondok Aren",
  "kelurahan" : "Pondok Jaya",
  "kodepos" : "15220"
} ]
