[ {
  "kecamatan" : "Kei Besar",
  "kelurahan" : "Yamtel",
  "kodepos" : "97661"
}, {
  "kecamatan" : "Kei Besar",
  "kelurahan" : "Yamtel",
  "kodepos" : "97661"
}, {
  "kecamatan" : "Kei Besar",
  "kelurahan" : "Wermaf",
  "kodepos" : "97661"
}, {
  "kecamatan" : "Kei Besar",
  "kelurahan" : "Wulurat",
  "kodepos" : "97661"
}, {
  "kecamatan" : "Kei Besar Utara Barat",
  "kelurahan" : "Weer Ohoiker",
  "kodepos" : "97661"
}, {
  "kecamatan" : "Kei Besar Utara Barat",
  "kelurahan" : "Weer Ohoinam",
  "kodepos" : "97661"
}, {
  "kecamatan" : "Kei Besar",
  "kelurahan" : "Werka",
  "kodepos" : "97661"
}, {
  "kecamatan" : "Kei Besar Utara Barat",
  "kelurahan" : "Weer Frawaf",
  "kodepos" : "97661"
}, {
  "kecamatan" : "Kei Besar",
  "kelurahan" : "Waurtahait",
  "kodepos" : "97661"
}, {
  "kecamatan" : "Kei Besar Selatan Barat",
  "kelurahan" : "Weduar Feer",
  "kodepos" : "97661"
}, {
  "kecamatan" : "Kei Besar Selatan",
  "kelurahan" : "Weduar",
  "kodepos" : "97661"
}, {
  "kecamatan" : "Kei Besar",
  "kelurahan" : "Watuar",
  "kodepos" : "97661"
}, {
  "kecamatan" : "Kei Besar",
  "kelurahan" : "Waur",
  "kodepos" : "97661"
}, {
  "kecamatan" : "Kei Besar",
  "kelurahan" : "Watsin",
  "kodepos" : "97661"
}, {
  "kecamatan" : "Kei Besar Utara Timur",
  "kelurahan" : "Watlar",
  "kodepos" : "97661"
}, {
  "kecamatan" : "Kei Besar Selatan Barat",
  "kelurahan" : "Watkidat",
  "kodepos" : "97661"
}, {
  "kecamatan" : "Kei Besar Selatan Barat",
  "kelurahan" : "Wafol",
  "kodepos" : "97661"
}, {
  "kecamatan" : "Kei Besar",
  "kelurahan" : "Wakol",
  "kodepos" : "97661"
}, {
  "kecamatan" : "Kei Besar Utara Barat",
  "kelurahan" : "Waerat",
  "kodepos" : "97661"
}, {
  "kecamatan" : "Kei Besar Utara Barat",
  "kelurahan" : "Uwat Wear",
  "kodepos" : "97661"
}, {
  "kecamatan" : "Kei Besar Utara Barat",
  "kelurahan" : "Waer",
  "kodepos" : "97661"
}, {
  "kecamatan" : "Kei Besar Utara Barat",
  "kelurahan" : "Uwat",
  "kodepos" : "97661"
}, {
  "kecamatan" : "Kei Besar Utara Barat",
  "kelurahan" : "Uwat Reyaan",
  "kodepos" : "97661"
}, {
  "kecamatan" : "Kei Besar Utara Timur",
  "kelurahan" : "Ur",
  "kodepos" : "97661"
}, {
  "kecamatan" : "Kei Besar Selatan",
  "kelurahan" : "Tutrean",
  "kodepos" : "97661"
}, {
  "kecamatan" : "Kei Besar",
  "kelurahan" : "Udar",
  "kodepos" : "97661"
}, {
  "kecamatan" : "Kei Besar Selatan Barat",
  "kelurahan" : "Uat",
  "kodepos" : "97661"
}, {
  "kecamatan" : "Kei Besar Utara Timur",
  "kelurahan" : "Tuburlay",
  "kodepos" : "97661"
}, {
  "kecamatan" : "Kei Besar Utara Timur",
  "kelurahan" : "Tuburngil",
  "kodepos" : "97661"
}, {
  "kecamatan" : "Kei Besar Selatan",
  "kelurahan" : "Tamangil Nuhuten",
  "kodepos" : "97661"
}, {
  "kecamatan" : "Kei Besar Selatan",
  "kelurahan" : "Tamangil Nuhuyanat",
  "kodepos" : "97661"
}, {
  "kecamatan" : "Kei Besar Utara Timur",
  "kelurahan" : "Soin",
  "kodepos" : "97661"
}, {
  "kecamatan" : "Kei Besar",
  "kelurahan" : "Soinrat",
  "kodepos" : "97661"
}, {
  "kecamatan" : "Kei Besar Selatan",
  "kelurahan" : "Soindat",
  "kodepos" : "97661"
}, {
  "kecamatan" : "Kei Besar",
  "kelurahan" : "Sirbante",
  "kodepos" : "97661"
}, {
  "kecamatan" : "Kei Besar Selatan",
  "kelurahan" : "Sether (Sather)",
  "kodepos" : "97661"
}, {
  "kecamatan" : "Kei Besar",
  "kelurahan" : "Reyamru",
  "kodepos" : "97661"
}, {
  "kecamatan" : "Kei Besar Selatan Barat",
  "kelurahan" : "Rerean",
  "kodepos" : "97661"
}, {
  "kecamatan" : "Kei Besar Utara Timur",
  "kelurahan" : "Renfan (Renfaan)",
  "kodepos" : "97661"
}, {
  "kecamatan" : "Kei Besar Utara Timur",
  "kelurahan" : "Renfaan Islam",
  "kodepos" : "97661"
}, {
  "kecamatan" : "Kei Besar Utara Timur",
  "kelurahan" : "Renfaan GPM",
  "kodepos" : "97661"
}, {
  "kecamatan" : "Kei Besar Utara Timur",
  "kelurahan" : "Renfaan Islam",
  "kodepos" : "97661"
}, {
  "kecamatan" : "Kei Besar",
  "kelurahan" : "Rahareng",
  "kodepos" : "97661"
}, {
  "kecamatan" : "Kei Besar Selatan Barat",
  "kelurahan" : "Rahangiar",
  "kodepos" : "97661"
}, {
  "kecamatan" : "Kei Besar",
  "kelurahan" : "Ohoiwang",
  "kodepos" : "97661"
}, {
  "kecamatan" : "Kei Besar Utara Timur",
  "kelurahan" : "Ohoiwirin",
  "kodepos" : "97661"
}, {
  "kecamatan" : "Kei Besar",
  "kelurahan" : "Ohoiwait",
  "kodepos" : "97661"
}, {
  "kecamatan" : "Kei Besar Utara Barat",
  "kelurahan" : "Ohoituf",
  "kodepos" : "97661"
}, {
  "kecamatan" : "Kei Besar Utara Timur",
  "kelurahan" : "Ohoiraut",
  "kodepos" : "97661"
}, {
  "kecamatan" : "Kei Besar Selatan",
  "kelurahan" : "Ohoirenan",
  "kodepos" : "97661"
}, {
  "kecamatan" : "Kei Besar",
  "kelurahan" : "Ohoinangan",
  "kodepos" : "97661"
}, {
  "kecamatan" : "Kei Besar",
  "kelurahan" : "Ohoinangan",
  "kodepos" : "97661"
}, {
  "kecamatan" : "Kei Besar Utara Timur",
  "kelurahan" : "Ohoimajang",
  "kodepos" : "97661"
}, {
  "kecamatan" : "Kei Besar",
  "kelurahan" : "Ohoilim",
  "kodepos" : "97661"
}, {
  "kecamatan" : "Kei Besar Selatan Barat",
  "kelurahan" : "Ohoilean",
  "kodepos" : "97661"
}, {
  "kecamatan" : "Kei Besar Utara Timur",
  "kelurahan" : "Ohoifaruan",
  "kodepos" : "97661"
}, {
  "kecamatan" : "Kei Besar Utara Timur",
  "kelurahan" : "Ohoifau",
  "kodepos" : "97661"
}, {
  "kecamatan" : "Kei Besar",
  "kelurahan" : "Ohoiel",
  "kodepos" : "97661"
}, {
  "kecamatan" : "Kei Besar Utara Barat",
  "kelurahan" : "Ngurwalek",
  "kodepos" : "97661"
}, {
  "kecamatan" : "Kei Besar",
  "kelurahan" : "Ngurdu",
  "kodepos" : "97661"
}, {
  "kecamatan" : "Kei Besar Selatan Barat",
  "kelurahan" : "Ngurko",
  "kodepos" : "97661"
}, {
  "kecamatan" : "Kei Besar",
  "kelurahan" : "Ngefuit Atas",
  "kodepos" : "97661"
}, {
  "kecamatan" : "Kei Besar",
  "kelurahan" : "Ngat",
  "kodepos" : "97661"
}, {
  "kecamatan" : "Kei Besar",
  "kelurahan" : "Ngefuit",
  "kodepos" : "97661"
}, {
  "kecamatan" : "Kei Besar Selatan Barat",
  "kelurahan" : "Ngan",
  "kodepos" : "97661"
}, {
  "kecamatan" : "Kei Besar Selatan Barat",
  "kelurahan" : "Ngafan",
  "kodepos" : "97661"
}, {
  "kecamatan" : "Kei Besar Selatan",
  "kelurahan" : "Nerong",
  "kodepos" : "97661"
}, {
  "kecamatan" : "Kei Besar Utara Barat",
  "kelurahan" : "Mun Werfan",
  "kodepos" : "97661"
}, {
  "kecamatan" : "Kei Besar",
  "kelurahan" : "Nabaheng",
  "kodepos" : "97661"
}, {
  "kecamatan" : "Kei Besar Utara Barat",
  "kelurahan" : "Mun Ohoitadium",
  "kodepos" : "97661"
}, {
  "kecamatan" : "Kei Besar Utara Barat",
  "kelurahan" : "Mun Ohoiir",
  "kodepos" : "97661"
}, {
  "kecamatan" : "Kei Besar Utara Barat",
  "kelurahan" : "Mun Ngurditwain",
  "kodepos" : "97661"
}, {
  "kecamatan" : "Kei Besar Utara Barat",
  "kelurahan" : "Mun Kahar",
  "kodepos" : "97661"
}, {
  "kecamatan" : "Kei Besar Utara Barat",
  "kelurahan" : "Mun Essoy",
  "kodepos" : "97661"
}, {
  "kecamatan" : "Kei Besar",
  "kelurahan" : "Ler Ohoilim",
  "kodepos" : "97661"
}, {
  "kecamatan" : "Kei Besar",
  "kelurahan" : "Mataholat",
  "kodepos" : "97661"
}, {
  "kecamatan" : "Kei Besar Selatan",
  "kelurahan" : "Larat",
  "kodepos" : "97661"
}, {
  "kecamatan" : "Kei Besar Utara Timur",
  "kelurahan" : "Langgiar Haar",
  "kodepos" : "97661"
}, {
  "kecamatan" : "Kei Besar Utara Barat",
  "kelurahan" : "Laar Perda",
  "kodepos" : "97661"
}, {
  "kecamatan" : "Kei Besar Selatan",
  "kelurahan" : "Kilwat",
  "kodepos" : "97661"
}, {
  "kecamatan" : "Kei Besar Utara Timur",
  "kelurahan" : "Kilwair",
  "kodepos" : "97661"
}, {
  "kecamatan" : "Kei Besar",
  "kelurahan" : "Karkarit",
  "kodepos" : "97661"
}, {
  "kecamatan" : "Kei Besar Utara Barat",
  "kelurahan" : "Hoor Kristen",
  "kodepos" : "97661"
}, {
  "kecamatan" : "Kei Besar Utara Barat",
  "kelurahan" : "Hoor Islam",
  "kodepos" : "97661"
}, {
  "kecamatan" : "Kei Besar Utara Timur",
  "kelurahan" : "Hollay",
  "kodepos" : "97661"
}, {
  "kecamatan" : "Kei Besar Utara Timur",
  "kelurahan" : "Hollat Solair",
  "kodepos" : "97661"
}, {
  "kecamatan" : "Kei Besar Utara Timur",
  "kelurahan" : "Hoko",
  "kodepos" : "97661"
}, {
  "kecamatan" : "Kei Besar Utara Timur",
  "kelurahan" : "Hollat",
  "kodepos" : "97661"
}, {
  "kecamatan" : "Kei Besar Selatan Barat",
  "kelurahan" : "Hoko",
  "kodepos" : "97661"
}, {
  "kecamatan" : "Kei Besar Selatan Barat",
  "kelurahan" : "Hoat",
  "kodepos" : "97661"
}, {
  "kecamatan" : "Kei Besar",
  "kelurahan" : "Harangur",
  "kodepos" : "97661"
}, {
  "kecamatan" : "Kei Besar Utara Barat",
  "kelurahan" : "Hangur",
  "kodepos" : "97661"
}, {
  "kecamatan" : "Kei Besar Utara Timur",
  "kelurahan" : "Haar Wassar",
  "kodepos" : "97661"
}, {
  "kecamatan" : "Kei Besar Utara Timur",
  "kelurahan" : "Haar Renrahantel",
  "kodepos" : "97661"
}, {
  "kecamatan" : "Kei Besar Utara Timur",
  "kelurahan" : "Haar Ohoiwait",
  "kodepos" : "97661"
}, {
  "kecamatan" : "Kei Besar Utara Timur",
  "kelurahan" : "Haar Ohoimur RK",
  "kodepos" : "97661"
}, {
  "kecamatan" : "Kei Besar Utara Timur",
  "kelurahan" : "Haar Ohoimur GPM",
  "kodepos" : "97661"
}, {
  "kecamatan" : "Kei Besar Utara Timur",
  "kelurahan" : "Haar Ohoimel",
  "kodepos" : "97661"
}, {
  "kecamatan" : "Kei Besar Selatan Barat",
  "kelurahan" : "Feer",
  "kodepos" : "97661"
}, {
  "kecamatan" : "Kei Besar Utara Timur",
  "kelurahan" : "Fanwav",
  "kodepos" : "97661"
}, {
  "kecamatan" : "Kei Besar",
  "kelurahan" : "Fako",
  "kodepos" : "97661"
}, {
  "kecamatan" : "Kei Besar",
  "kelurahan" : "Fangamas",
  "kodepos" : "97661"
}, {
  "kecamatan" : "Kei Besar Utara Barat",
  "kelurahan" : "Faa",
  "kodepos" : "97661"
}, {
  "kecamatan" : "Kei Besar",
  "kelurahan" : "Elralang",
  "kodepos" : "97661"
}, {
  "kecamatan" : "Kei Besar Utara Barat",
  "kelurahan" : "Dangarat",
  "kodepos" : "97661"
}, {
  "kecamatan" : "Kei Besar",
  "kelurahan" : "Depur",
  "kodepos" : "97661"
}, {
  "kecamatan" : "Kei Besar",
  "kelurahan" : "Elat",
  "kodepos" : "97661"
}, {
  "kecamatan" : "Kei Besar",
  "kelurahan" : "Bombay",
  "kodepos" : "97661"
}, {
  "kecamatan" : "Kei Besar",
  "kelurahan" : "Daftel",
  "kodepos" : "97661"
}, {
  "kecamatan" : "Kei Besar Utara Timur",
  "kelurahan" : "Banda Suku Tigapuluh",
  "kodepos" : "97661"
}, {
  "kecamatan" : "Kei Besar Utara Timur",
  "kelurahan" : "Banda Efruan",
  "kodepos" : "97661"
}, {
  "kecamatan" : "Kei Besar Utara Timur",
  "kelurahan" : "Banda Eli/Ely",
  "kodepos" : "97661"
}, {
  "kecamatan" : "Kei Besar Utara Barat",
  "kelurahan" : "Ad Ohoiwaf",
  "kodepos" : "97661"
}, {
  "kecamatan" : "Kei Besar Utara Barat",
  "kelurahan" : "Ad Wearaur",
  "kodepos" : "97661"
}, {
  "kecamatan" : "Kei Besar Utara Barat",
  "kelurahan" : "Ad Ngurwul",
  "kodepos" : "97661"
}, {
  "kecamatan" : "Kei Kecil Barat",
  "kelurahan" : "Yatwav",
  "kodepos" : "97615"
}, {
  "kecamatan" : "Kei Kecil Timur",
  "kelurahan" : "Watngon",
  "kodepos" : "97615"
}, {
  "kecamatan" : "Kei Kecil Timur",
  "kelurahan" : "Yafavun",
  "kodepos" : "97615"
}, {
  "kecamatan" : "Kei Kecil Timur",
  "kelurahan" : "Wain Baru",
  "kodepos" : "97615"
}, {
  "kecamatan" : "Kei Kecil Barat",
  "kelurahan" : "Warbal",
  "kodepos" : "97615"
}, {
  "kecamatan" : "Kei Kecil Barat",
  "kelurahan" : "Ur Pulau",
  "kodepos" : "97615"
}, {
  "kecamatan" : "Kei Kecil Timur",
  "kelurahan" : "Wain",
  "kodepos" : "97615"
}, {
  "kecamatan" : "Kei Kecil Timur Selatan",
  "kelurahan" : "Uf",
  "kodepos" : "97615"
}, {
  "kecamatan" : "Kei Kecil Timur",
  "kelurahan" : "Tenbuk",
  "kodepos" : "97615"
}, {
  "kecamatan" : "Kei Kecil Barat",
  "kelurahan" : "Tanimbar Kei",
  "kodepos" : "97615"
}, {
  "kecamatan" : "Kei Kecil Barat",
  "kelurahan" : "Somlain",
  "kodepos" : "97615"
}, {
  "kecamatan" : "Kei Kecil Timur Selatan",
  "kelurahan" : "Sare",
  "kodepos" : "97615"
}, {
  "kecamatan" : "Kei Kecil Timur",
  "kelurahan" : "Semawi",
  "kodepos" : "97615"
}, {
  "kecamatan" : "Kei Kecil Timur",
  "kelurahan" : "Revav (Rewav)",
  "kodepos" : "97615"
}, {
  "kecamatan" : "Kei Kecil Timur",
  "kelurahan" : "Rumat",
  "kodepos" : "97615"
}, {
  "kecamatan" : "Kei Kecil Barat",
  "kelurahan" : "Ohoiren",
  "kodepos" : "97615"
}, {
  "kecamatan" : "Kei Kecil Timur",
  "kelurahan" : "Raat",
  "kodepos" : "97615"
}, {
  "kecamatan" : "Kei Kecil Barat",
  "kelurahan" : "Ohoira",
  "kodepos" : "97615"
}, {
  "kecamatan" : "Kei Kecil Timur",
  "kelurahan" : "Ohoinol",
  "kodepos" : "97615"
}, {
  "kecamatan" : "Kei Kecil Barat",
  "kelurahan" : "Ohoidertutu",
  "kodepos" : "97615"
}, {
  "kecamatan" : "Kei Kecil Timur",
  "kelurahan" : "Ohoilus",
  "kodepos" : "97615"
}, {
  "kecamatan" : "Kei Kecil Timur Selatan",
  "kelurahan" : "Ngurwul",
  "kodepos" : "97615"
}, {
  "kecamatan" : "Kei Kecil Barat",
  "kelurahan" : "Ohoidertom",
  "kodepos" : "97615"
}, {
  "kecamatan" : "Kei Kecil Barat",
  "kelurahan" : "Matwair (Madwaer)",
  "kodepos" : "97615"
}, {
  "kecamatan" : "Kei Kecil Timur",
  "kelurahan" : "Mastur",
  "kodepos" : "97615"
}, {
  "kecamatan" : "Kei Kecil Timur",
  "kelurahan" : "Mastur",
  "kodepos" : "97615"
}, {
  "kecamatan" : "Kei Kecil Timur",
  "kelurahan" : "Marfun",
  "kodepos" : "97615"
}, {
  "kecamatan" : "Kei Kecil Timur Selatan",
  "kelurahan" : "Maar",
  "kodepos" : "97615"
}, {
  "kecamatan" : "Kei Kecil Timur",
  "kelurahan" : "Iso",
  "kodepos" : "97615"
}, {
  "kecamatan" : "Kei Kecil Timur Selatan",
  "kelurahan" : "Garara",
  "kodepos" : "97615"
}, {
  "kecamatan" : "Kei Kecil Timur Selatan",
  "kelurahan" : "Elaar Ngursoin",
  "kodepos" : "97615"
}, {
  "kecamatan" : "Kei Kecil Timur Selatan",
  "kelurahan" : "Elaar Lamagorang",
  "kodepos" : "97615"
}, {
  "kecamatan" : "Kei Kecil Timur Selatan",
  "kelurahan" : "Elaar Let",
  "kodepos" : "97615"
}, {
  "kecamatan" : "Kei Kecil Timur",
  "kelurahan" : "Denwet",
  "kodepos" : "97615"
}, {
  "kecamatan" : "Kei Kecil Timur",
  "kelurahan" : "Disuk",
  "kodepos" : "97615"
}, {
  "kecamatan" : "Kei Kecil Timur Selatan",
  "kelurahan" : "Danar Ohoiseb",
  "kodepos" : "97615"
}, {
  "kecamatan" : "Kei Kecil Timur Selatan",
  "kelurahan" : "Danar Ternate",
  "kodepos" : "97615"
}, {
  "kecamatan" : "Kei Kecil Timur",
  "kelurahan" : "Abean",
  "kodepos" : "97615"
}, {
  "kecamatan" : "Kei Kecil Timur Selatan",
  "kelurahan" : "Danar Lumefar",
  "kodepos" : "97615"
}, {
  "kecamatan" : "Hoat Sorbay",
  "kelurahan" : "Wirin",
  "kodepos" : "97611"
}, {
  "kecamatan" : "Hoat Sorbay",
  "kelurahan" : "Watngil",
  "kodepos" : "97611"
}, {
  "kecamatan" : "Kei Kecil",
  "kelurahan" : "Wearlilir",
  "kodepos" : "97611"
}, {
  "kecamatan" : "Hoat Sorbay",
  "kelurahan" : "Wab",
  "kodepos" : "97611"
}, {
  "kecamatan" : "Hoat Sorbay",
  "kelurahan" : "Warwut",
  "kodepos" : "97611"
}, {
  "kecamatan" : "Hoat Sorbay",
  "kelurahan" : "Tetoat",
  "kodepos" : "97611"
}, {
  "kecamatan" : "Manyeuw",
  "kelurahan" : "Selayar",
  "kodepos" : "97611"
}, {
  "kecamatan" : "Kei Kecil",
  "kelurahan" : "Sitniohoi",
  "kodepos" : "97611"
}, {
  "kecamatan" : "Kei Kecil",
  "kelurahan" : "Sathean",
  "kodepos" : "97611"
}, {
  "kecamatan" : "Manyeuw",
  "kelurahan" : "Rumadian",
  "kodepos" : "97611"
}, {
  "kecamatan" : "Manyeuw",
  "kelurahan" : "Ohoiluk",
  "kodepos" : "97611"
}, {
  "kecamatan" : "Manyeuw",
  "kelurahan" : "Ohoililir",
  "kodepos" : "97611"
}, {
  "kecamatan" : "Kei Kecil",
  "kelurahan" : "Ohoider Atas",
  "kodepos" : "97611"
}, {
  "kecamatan" : "Kei Kecil",
  "kelurahan" : "Ohoijang/Ohoiyong Watdek",
  "kodepos" : "97611"
}, {
  "kecamatan" : "Hoat Sorbay",
  "kelurahan" : "Ohoibadar",
  "kodepos" : "97611"
}, {
  "kecamatan" : "Kei Kecil",
  "kelurahan" : "Ohodertawun",
  "kodepos" : "97611"
}, {
  "kecamatan" : "Hoat Sorbay",
  "kelurahan" : "Ngursit",
  "kodepos" : "97611"
}, {
  "kecamatan" : "Manyeuw",
  "kelurahan" : "Ngilngof",
  "kodepos" : "97611"
}, {
  "kecamatan" : "Manyeuw",
  "kelurahan" : "Ngayub",
  "kodepos" : "97611"
}, {
  "kecamatan" : "Kei Kecil",
  "kelurahan" : "Ngabub",
  "kodepos" : "97611"
}, {
  "kecamatan" : "Manyeuw",
  "kelurahan" : "Namar",
  "kodepos" : "97611"
}, {
  "kecamatan" : "Hoat Sorbay",
  "kelurahan" : "Madwat",
  "kodepos" : "97611"
}, {
  "kecamatan" : "Kei Kecil",
  "kelurahan" : "Loon",
  "kodepos" : "97611"
}, {
  "kecamatan" : "Kei Kecil",
  "kelurahan" : "Letman",
  "kodepos" : "97611"
}, {
  "kecamatan" : "Hoat Sorbay",
  "kelurahan" : "Letvuan",
  "kodepos" : "97611"
}, {
  "kecamatan" : "Kei Kecil",
  "kelurahan" : "Langgur",
  "kodepos" : "97611"
}, {
  "kecamatan" : "Manyeuw",
  "kelurahan" : "Lairngangas",
  "kodepos" : "97611"
}, {
  "kecamatan" : "Kei Kecil",
  "kelurahan" : "Kolser",
  "kodepos" : "97611"
}, {
  "kecamatan" : "Kei Kecil",
  "kelurahan" : "Ibra",
  "kodepos" : "97611"
}, {
  "kecamatan" : "Kei Kecil",
  "kelurahan" : "Kelanit",
  "kodepos" : "97611"
}, {
  "kecamatan" : "Kei Kecil",
  "kelurahan" : "Faan",
  "kodepos" : "97611"
}, {
  "kecamatan" : "Hoat Sorbay",
  "kelurahan" : "Evu",
  "kodepos" : "97611"
}, {
  "kecamatan" : "Kei Kecil",
  "kelurahan" : "Dudunwahan",
  "kodepos" : "97611"
}, {
  "kecamatan" : "Hoat Sorbay",
  "kelurahan" : "Dian Pulau",
  "kodepos" : "97611"
}, {
  "kecamatan" : "Manyeuw",
  "kelurahan" : "Debut",
  "kodepos" : "97611"
}, {
  "kecamatan" : "Hoat Sorbay",
  "kelurahan" : "Dian Darat",
  "kodepos" : "97611"
}, {
  "kecamatan" : "Hoat Sorbay",
  "kelurahan" : "Arso",
  "kodepos" : "97611"
} ]
