[ {
  "kecamatan" : "Pulau-Pulau Babar Timur",
  "kelurahan" : "Yatoke",
  "kodepos" : "97652"
}, {
  "kecamatan" : "Damer",
  "kelurahan" : "Wulur",
  "kodepos" : "97652"
}, {
  "kecamatan" : "Dawelor Dawera",
  "kelurahan" : "Welora",
  "kodepos" : "97652"
}, {
  "kecamatan" : "Dawelor Dawera",
  "kelurahan" : "Watuwey (Watuwei)",
  "kodepos" : "97652"
}, {
  "kecamatan" : "Pulau-Pulau Babar Timur",
  "kelurahan" : "Wakpapapi",
  "kodepos" : "97652"
}, {
  "kecamatan" : "Pulau-Pulau Babar Timur",
  "kelurahan" : "Tutuwawang",
  "kodepos" : "97652"
}, {
  "kecamatan" : "Dawelor Dawera",
  "kelurahan" : "Wairatan (Wiratan/Wiratang)",
  "kodepos" : "97652"
}, {
  "kecamatan" : "Mdona Hyera/Hiera",
  "kelurahan" : "Rotnama",
  "kodepos" : "97652"
}, {
  "kecamatan" : "Pulau Masela",
  "kelurahan" : "Serili",
  "kodepos" : "97652"
}, {
  "kecamatan" : "Pulau Masela",
  "kelurahan" : "Telalora &#8211; Letoda",
  "kodepos" : "97652"
}, {
  "kecamatan" : "Mdona Hyera/Hiera",
  "kelurahan" : "Romkisar",
  "kodepos" : "97652"
}, {
  "kecamatan" : "Mdona Hyera/Hiera",
  "kelurahan" : "Pupioliora",
  "kodepos" : "97652"
}, {
  "kecamatan" : "Mdona Hyera/Hiera",
  "kelurahan" : "Regoha",
  "kodepos" : "97652"
}, {
  "kecamatan" : "Mdona Hyera/Hiera",
  "kelurahan" : "Romdara",
  "kodepos" : "97652"
}, {
  "kecamatan" : "Dawelor Dawera",
  "kelurahan" : "Nurnyaman",
  "kodepos" : "97652"
}, {
  "kecamatan" : "Pulau Masela",
  "kelurahan" : "Nura",
  "kodepos" : "97652"
}, {
  "kecamatan" : "Pulau-Pulau Babar Timur",
  "kelurahan" : "Nakarhamto",
  "kodepos" : "97652"
}, {
  "kecamatan" : "Pulau Masela",
  "kelurahan" : "Marsela",
  "kodepos" : "97652"
}, {
  "kecamatan" : "Pulau-Pulau Babar Timur",
  "kelurahan" : "Manuweri (Manuari)",
  "kodepos" : "97652"
}, {
  "kecamatan" : "Mdona Hyera/Hiera",
  "kelurahan" : "Luang Timur",
  "kodepos" : "97652"
}, {
  "kecamatan" : "Mdona Hyera/Hiera",
  "kelurahan" : "Mahaleta",
  "kodepos" : "97652"
}, {
  "kecamatan" : "Mdona Hyera/Hiera",
  "kelurahan" : "Luang Barat",
  "kodepos" : "97652"
}, {
  "kecamatan" : "Dawelor Dawera",
  "kelurahan" : "Letmasa",
  "kodepos" : "97652"
}, {
  "kecamatan" : "Pulau-Pulau Babar Timur",
  "kelurahan" : "Letwurung",
  "kodepos" : "97652"
}, {
  "kecamatan" : "Mdona Hyera/Hiera",
  "kelurahan" : "Lelang",
  "kodepos" : "97652"
}, {
  "kecamatan" : "Pulau Masela",
  "kelurahan" : "Latalola Kecil",
  "kodepos" : "97652"
}, {
  "kecamatan" : "Pulau Masela",
  "kelurahan" : "Lawawang",
  "kodepos" : "97652"
}, {
  "kecamatan" : "Damer",
  "kelurahan" : "Kumur",
  "kodepos" : "97652"
}, {
  "kecamatan" : "Pulau Masela",
  "kelurahan" : "Latalola Besar",
  "kodepos" : "97652"
}, {
  "kecamatan" : "Damer",
  "kelurahan" : "Kuay Melu",
  "kodepos" : "97652"
}, {
  "kecamatan" : "Pulau-Pulau Babar Timur",
  "kelurahan" : "Kroing",
  "kodepos" : "97652"
}, {
  "kecamatan" : "Damer",
  "kelurahan" : "Kehli",
  "kodepos" : "97652"
}, {
  "kecamatan" : "Pulau-Pulau Babar Timur",
  "kelurahan" : "Kokwari",
  "kodepos" : "97652"
}, {
  "kecamatan" : "Dawelor Dawera",
  "kelurahan" : "Ilmarang",
  "kodepos" : "97652"
}, {
  "kecamatan" : "Damer",
  "kelurahan" : "Ilih",
  "kodepos" : "97652"
}, {
  "kecamatan" : "Pulau Masela",
  "kelurahan" : "Ilbutung",
  "kodepos" : "97652"
}, {
  "kecamatan" : "Pulau Masela",
  "kelurahan" : "Iblatmuntah",
  "kodepos" : "97652"
}, {
  "kecamatan" : "Pulau-Pulau Babar Timur",
  "kelurahan" : "Emplawas (Empalwas)",
  "kodepos" : "97652"
}, {
  "kecamatan" : "Pulau Masela",
  "kelurahan" : "Bululora",
  "kodepos" : "97652"
}, {
  "kecamatan" : "Mdona Hyera/Hiera",
  "kelurahan" : "Elo",
  "kodepos" : "97652"
}, {
  "kecamatan" : "Mdona Hyera/Hiera",
  "kelurahan" : "Batu Gajah",
  "kodepos" : "97652"
}, {
  "kecamatan" : "Damer",
  "kelurahan" : "Bebar Timur",
  "kodepos" : "97652"
}, {
  "kecamatan" : "Pulau Masela",
  "kelurahan" : "Babyotang (Babiotang)",
  "kodepos" : "97652"
}, {
  "kecamatan" : "Pulau-Pulau Babar Timur",
  "kelurahan" : "Ahanari",
  "kodepos" : "97652"
}, {
  "kecamatan" : "Pulau-Pulau Babar Timur",
  "kelurahan" : "Analutur",
  "kodepos" : "97652"
}, {
  "kecamatan" : "Pulau Lakor",
  "kelurahan" : "Yamluli",
  "kodepos" : "97454"
}, {
  "kecamatan" : "Moa Lakor",
  "kelurahan" : "Werwaru",
  "kodepos" : "97454"
}, {
  "kecamatan" : "Pulau Pulau Terselatan",
  "kelurahan" : "Wonreli",
  "kodepos" : "97454"
}, {
  "kecamatan" : "Moa Lakor",
  "kelurahan" : "Wakarleli",
  "kodepos" : "97454"
}, {
  "kecamatan" : "Wetar Barat",
  "kelurahan" : "Ustutun",
  "kodepos" : "97454"
}, {
  "kecamatan" : "Wetar Utara",
  "kelurahan" : "Uhak",
  "kodepos" : "97454"
}, {
  "kecamatan" : "Pulau Letti (Leti Moa Lakor)",
  "kelurahan" : "Tutuwaru",
  "kodepos" : "97454"
}, {
  "kecamatan" : "Pulau Letti (Leti Moa Lakor)",
  "kelurahan" : "Tutukey",
  "kodepos" : "97454"
}, {
  "kecamatan" : "Moa Lakor",
  "kelurahan" : "Tounwawan",
  "kodepos" : "97454"
}, {
  "kecamatan" : "Pulau Letti (Leti Moa Lakor)",
  "kelurahan" : "Tomra",
  "kodepos" : "97454"
}, {
  "kecamatan" : "Wetar Timur",
  "kelurahan" : "Tomliapat",
  "kodepos" : "97454"
}, {
  "kecamatan" : "Wetar Barat",
  "kelurahan" : "Telemar",
  "kodepos" : "97454"
}, {
  "kecamatan" : "Kepulauan Romang",
  "kelurahan" : "Solath",
  "kodepos" : "97454"
}, {
  "kecamatan" : "Pulau Lakor",
  "kelurahan" : "Sera",
  "kodepos" : "97454"
}, {
  "kecamatan" : "Kisar Utara",
  "kelurahan" : "Purpura (Pur-Pura)",
  "kodepos" : "97454"
}, {
  "kecamatan" : "Moa Lakor",
  "kelurahan" : "Patti",
  "kodepos" : "97454"
}, {
  "kecamatan" : "Pulau Pulau Terselatan",
  "kelurahan" : "Oirata Barat",
  "kodepos" : "97454"
}, {
  "kecamatan" : "Pulau Pulau Terselatan",
  "kelurahan" : "Oirata Timur",
  "kodepos" : "97454"
}, {
  "kecamatan" : "Pulau Letti (Leti Moa Lakor)",
  "kelurahan" : "Nuwewang",
  "kodepos" : "97454"
}, {
  "kecamatan" : "Kisar Utara",
  "kelurahan" : "Nomaha",
  "kodepos" : "97454"
}, {
  "kecamatan" : "Wetar Utara",
  "kelurahan" : "Naumatang",
  "kodepos" : "97454"
}, {
  "kecamatan" : "Wetar Utara",
  "kelurahan" : "Nabar",
  "kodepos" : "97454"
}, {
  "kecamatan" : "Moa Lakor",
  "kelurahan" : "Moain",
  "kodepos" : "97454"
}, {
  "kecamatan" : "Wetar Timur",
  "kelurahan" : "Moning",
  "kodepos" : "97454"
}, {
  "kecamatan" : "Wetar",
  "kelurahan" : "Masapun",
  "kodepos" : "97454"
}, {
  "kecamatan" : "Wetar",
  "kelurahan" : "Mahuan",
  "kodepos" : "97454"
}, {
  "kecamatan" : "Wetar Utara",
  "kelurahan" : "Lurang",
  "kodepos" : "97454"
}, {
  "kecamatan" : "Pulau Letti (Leti Moa Lakor)",
  "kelurahan" : "Luhulely (Luhuleli)",
  "kodepos" : "97454"
}, {
  "kecamatan" : "Pulau Lakor",
  "kelurahan" : "Lolotwara (Lolotuara)",
  "kodepos" : "97454"
}, {
  "kecamatan" : "Pulau Pulau Terselatan",
  "kelurahan" : "Lekloor",
  "kodepos" : "97454"
}, {
  "kecamatan" : "Pulau Lakor",
  "kelurahan" : "Letoda",
  "kodepos" : "97454"
}, {
  "kecamatan" : "Kisar Utara",
  "kelurahan" : "Lebelau",
  "kodepos" : "97454"
}, {
  "kecamatan" : "Pulau Letti (Leti Moa Lakor)",
  "kelurahan" : "Laitutun",
  "kodepos" : "97454"
}, {
  "kecamatan" : "Pulau Pulau Terselatan",
  "kelurahan" : "Kota Lama",
  "kodepos" : "97454"
}, {
  "kecamatan" : "Wetar Barat",
  "kelurahan" : "Klishatu",
  "kodepos" : "97454"
}, {
  "kecamatan" : "Moa Lakor",
  "kelurahan" : "Klis",
  "kodepos" : "97454"
}, {
  "kecamatan" : "Pulau Lakor",
  "kelurahan" : "Kety (Ketty)",
  "kodepos" : "97454"
}, {
  "kecamatan" : "Wetar Barat",
  "kelurahan" : "Karbubu",
  "kodepos" : "97454"
}, {
  "kecamatan" : "Moa Lakor",
  "kelurahan" : "Kaiwatu",
  "kodepos" : "97454"
}, {
  "kecamatan" : "Wetar Timur",
  "kelurahan" : "Kahilin",
  "kodepos" : "97454"
}, {
  "kecamatan" : "Kepulauan Romang",
  "kelurahan" : "Jerusu",
  "kodepos" : "97454"
}, {
  "kecamatan" : "Wetar Timur",
  "kelurahan" : "Ilway",
  "kodepos" : "97454"
}, {
  "kecamatan" : "Wetar",
  "kelurahan" : "Ilputih",
  "kodepos" : "97454"
}, {
  "kecamatan" : "Wetar",
  "kelurahan" : "Ilwaki",
  "kodepos" : "97454"
}, {
  "kecamatan" : "Wetar Barat",
  "kelurahan" : "Ilmamau",
  "kodepos" : "97454"
}, {
  "kecamatan" : "Wetar Timur",
  "kelurahan" : "Ilpokil",
  "kodepos" : "97454"
}, {
  "kecamatan" : "Kepulauan Romang",
  "kelurahan" : "Hila",
  "kodepos" : "97454"
}, {
  "kecamatan" : "Wetar",
  "kelurahan" : "Hiay",
  "kodepos" : "97454"
}, {
  "kecamatan" : "Wetar Utara",
  "kelurahan" : "Eray",
  "kodepos" : "97454"
}, {
  "kecamatan" : "Wetar Utara",
  "kelurahan" : "Elsulith",
  "kodepos" : "97454"
}, {
  "kecamatan" : "Pulau Letti (Leti Moa Lakor)",
  "kelurahan" : "Batumiau",
  "kodepos" : "97454"
}, {
  "kecamatan" : "Wetar Timur",
  "kelurahan" : "Arwala",
  "kodepos" : "97454"
}, {
  "kecamatan" : "Wetar",
  "kelurahan" : "Amau",
  "kodepos" : "97454"
}, {
  "kecamatan" : "Pulau Pulau Terselatan",
  "kelurahan" : "Abusur",
  "kodepos" : "97454"
}, {
  "kecamatan" : "Pulau Pulau Babar",
  "kelurahan" : "Yaltubung",
  "kodepos" : "97452"
}, {
  "kecamatan" : "Pulau Pulau Babar",
  "kelurahan" : "Wanuwui (Manuwui)",
  "kodepos" : "97452"
}, {
  "kecamatan" : "Pulau Wetang",
  "kelurahan" : "Upuhupun (Upuhupu)",
  "kodepos" : "97452"
}, {
  "kecamatan" : "Pulau Wetang",
  "kelurahan" : "Wasarili",
  "kodepos" : "97452"
}, {
  "kecamatan" : "Pulau Pulau Babar",
  "kelurahan" : "Tela",
  "kodepos" : "97452"
}, {
  "kecamatan" : "Pulau Pulau Babar",
  "kelurahan" : "Tepa",
  "kodepos" : "97452"
}, {
  "kecamatan" : "Pulau Wetang",
  "kelurahan" : "Rumalewang Kecil (Rumahlewang Kecil)",
  "kodepos" : "97452"
}, {
  "kecamatan" : "Pulau Pulau Babar",
  "kelurahan" : "Sinairusi",
  "kodepos" : "97452"
}, {
  "kecamatan" : "Pulau Wetang",
  "kelurahan" : "Pota Kecil",
  "kodepos" : "97452"
}, {
  "kecamatan" : "Pulau Wetang",
  "kelurahan" : "Rumalewang Besar (Rumahlewang Besar)",
  "kodepos" : "97452"
}, {
  "kecamatan" : "Pulau Wetang",
  "kelurahan" : "Nusiata",
  "kodepos" : "97452"
}, {
  "kecamatan" : "Pulau Wetang",
  "kelurahan" : "Pota Besar",
  "kodepos" : "97452"
}, {
  "kecamatan" : "Pulau Pulau Babar",
  "kelurahan" : "Lewah",
  "kodepos" : "97452"
}, {
  "kecamatan" : "Pulau Pulau Babar",
  "kelurahan" : "Hertuti",
  "kodepos" : "97452"
}, {
  "kecamatan" : "Pulau Pulau Babar",
  "kelurahan" : "Imroing",
  "kodepos" : "97452"
}, {
  "kecamatan" : "Pulau Pulau Babar",
  "kelurahan" : "Letsiara",
  "kodepos" : "97452"
}, {
  "kecamatan" : "Pulau Wetang",
  "kelurahan" : "Herley (Herley Hoka)",
  "kodepos" : "97452"
}, {
  "kecamatan" : "Damer",
  "kelurahan" : "Batumerah",
  "kodepos" : "97128"
} ]
