[ {
  "kecamatan" : "Kur Selatan",
  "kelurahan" : "Yapas",
  "kodepos" : "97652"
}, {
  "kecamatan" : "Kur Selatan",
  "kelurahan" : "Warkar",
  "kodepos" : "97652"
}, {
  "kecamatan" : "Kur Selatan",
  "kelurahan" : "Tiflean",
  "kodepos" : "97652"
}, {
  "kecamatan" : "Pulau-Pulau Kur",
  "kelurahan" : "Tubyal",
  "kodepos" : "97652"
}, {
  "kecamatan" : "Kur Selatan",
  "kelurahan" : "Romoin",
  "kodepos" : "97652"
}, {
  "kecamatan" : "Kur Selatan",
  "kelurahan" : "Mangur Niela",
  "kodepos" : "97652"
}, {
  "kecamatan" : "Pulau-Pulau Kur",
  "kelurahan" : "Lokwirin",
  "kodepos" : "97652"
}, {
  "kecamatan" : "Kur Selatan",
  "kelurahan" : "Kanara",
  "kodepos" : "97652"
}, {
  "kecamatan" : "Pulau-Pulau Kur",
  "kelurahan" : "Kaimear",
  "kodepos" : "97652"
}, {
  "kecamatan" : "Kur Selatan",
  "kelurahan" : "Hirit",
  "kodepos" : "97652"
}, {
  "kecamatan" : "Pulau-Pulau Kur",
  "kelurahan" : "Finualen",
  "kodepos" : "97652"
}, {
  "kecamatan" : "Pulau Dullah Selatan",
  "kelurahan" : "Tual",
  "kodepos" : "97611"
}, {
  "kecamatan" : "Pulau Tayando Tam",
  "kelurahan" : "Tayando Yamru",
  "kodepos" : "97611"
}, {
  "kecamatan" : "Pulau Tayando Tam",
  "kelurahan" : "Tayando Yamtel",
  "kodepos" : "97611"
}, {
  "kecamatan" : "Pulau Tayando Tam",
  "kelurahan" : "Tayando Ohoiel",
  "kodepos" : "97611"
}, {
  "kecamatan" : "Pulau Tayando Tam",
  "kelurahan" : "Tayando Langgiar",
  "kodepos" : "97611"
}, {
  "kecamatan" : "Pulau Dullah Utara",
  "kelurahan" : "Tamedan",
  "kodepos" : "97611"
}, {
  "kecamatan" : "Pulau Tayando Tam",
  "kelurahan" : "Tam Ngurhir",
  "kodepos" : "97611"
}, {
  "kecamatan" : "Pulau Dullah Selatan",
  "kelurahan" : "Taar",
  "kodepos" : "97611"
}, {
  "kecamatan" : "Pulau Dullah Utara",
  "kelurahan" : "Ohoitel",
  "kodepos" : "97611"
}, {
  "kecamatan" : "Pulau Dullah Utara",
  "kelurahan" : "Ohoitahit",
  "kodepos" : "97611"
}, {
  "kecamatan" : "Pulau Dullah Utara",
  "kelurahan" : "Ngadi",
  "kodepos" : "97611"
}, {
  "kecamatan" : "Pulau Dullah Selatan",
  "kelurahan" : "Masrum",
  "kodepos" : "97611"
}, {
  "kecamatan" : "Pulau Dullah Selatan",
  "kelurahan" : "Lodar Ell",
  "kodepos" : "97611"
}, {
  "kecamatan" : "Pulau Dullah Utara",
  "kelurahan" : "Labetawi",
  "kodepos" : "97611"
}, {
  "kecamatan" : "Pulau Dullah Selatan",
  "kelurahan" : "Ketsoblak",
  "kodepos" : "97611"
}, {
  "kecamatan" : "Pulau Dullah Utara",
  "kelurahan" : "Fiditan",
  "kodepos" : "97611"
}, {
  "kecamatan" : "Pulau Dullah Utara",
  "kelurahan" : "Dullah (Darat)",
  "kodepos" : "97611"
}, {
  "kecamatan" : "Pulau Dullah Utara",
  "kelurahan" : "Dullah Laut",
  "kodepos" : "97611"
} ]
