[ {
  "kecamatan" : "Banda",
  "kelurahan" : "Selamon",
  "kodepos" : "97593"
}, {
  "kecamatan" : "Banda",
  "kelurahan" : "Tanah Rata",
  "kodepos" : "97593"
}, {
  "kecamatan" : "Banda",
  "kelurahan" : "Waer",
  "kodepos" : "97593"
}, {
  "kecamatan" : "Banda",
  "kelurahan" : "Pulau Rhum",
  "kodepos" : "97593"
}, {
  "kecamatan" : "Banda",
  "kelurahan" : "Rajawali",
  "kodepos" : "97593"
}, {
  "kecamatan" : "Banda",
  "kelurahan" : "Pulau Ai/Ay",
  "kodepos" : "97593"
}, {
  "kecamatan" : "Banda",
  "kelurahan" : "Pulau Hatta",
  "kodepos" : "97593"
}, {
  "kecamatan" : "Banda",
  "kelurahan" : "Lonthoir",
  "kodepos" : "97593"
}, {
  "kecamatan" : "Banda",
  "kelurahan" : "Merdeka",
  "kodepos" : "97593"
}, {
  "kecamatan" : "Banda",
  "kelurahan" : "Nusantara",
  "kodepos" : "97593"
}, {
  "kecamatan" : "Banda",
  "kelurahan" : "Kampung Baru",
  "kodepos" : "97593"
}, {
  "kecamatan" : "Banda",
  "kelurahan" : "Dwiwarna",
  "kodepos" : "97593"
}, {
  "kecamatan" : "Saparua Timur",
  "kelurahan" : "Tuhaha",
  "kodepos" : "97592"
}, {
  "kecamatan" : "Saparua Timur",
  "kelurahan" : "Ullath",
  "kodepos" : "97592"
}, {
  "kecamatan" : "Saparua",
  "kelurahan" : "Tiouw",
  "kodepos" : "97592"
}, {
  "kecamatan" : "Saparua Timur",
  "kelurahan" : "Siri-Sori Amalatu",
  "kodepos" : "97592"
}, {
  "kecamatan" : "Saparua",
  "kelurahan" : "Saparua",
  "kodepos" : "97592"
}, {
  "kecamatan" : "Saparua Timur",
  "kelurahan" : "Siri Sori",
  "kodepos" : "97592"
}, {
  "kecamatan" : "Saparua",
  "kelurahan" : "Paperu",
  "kodepos" : "97592"
}, {
  "kecamatan" : "Saparua",
  "kelurahan" : "Portho",
  "kodepos" : "97592"
}, {
  "kecamatan" : "Saparua Timur",
  "kelurahan" : "Noloth",
  "kodepos" : "97592"
}, {
  "kecamatan" : "Saparua Timur",
  "kelurahan" : "Ouw",
  "kodepos" : "97592"
}, {
  "kecamatan" : "Saparua",
  "kelurahan" : "Kulur",
  "kodepos" : "97592"
}, {
  "kecamatan" : "Saparua Timur",
  "kelurahan" : "Itawaka",
  "kodepos" : "97592"
}, {
  "kecamatan" : "Saparua Timur",
  "kelurahan" : "Mahu",
  "kodepos" : "97592"
}, {
  "kecamatan" : "Saparua Timur",
  "kelurahan" : "Iha",
  "kodepos" : "97592"
}, {
  "kecamatan" : "Saparua Timur",
  "kelurahan" : "Ihamahu",
  "kodepos" : "97592"
}, {
  "kecamatan" : "Saparua",
  "kelurahan" : "Haria",
  "kodepos" : "97592"
}, {
  "kecamatan" : "Saparua",
  "kelurahan" : "Booi",
  "kodepos" : "97592"
}, {
  "kecamatan" : "Pulau Haruku",
  "kelurahan" : "Wassu",
  "kodepos" : "97591"
}, {
  "kecamatan" : "Pulau Haruku",
  "kelurahan" : "Sameth",
  "kodepos" : "97591"
}, {
  "kecamatan" : "Pulau Haruku",
  "kelurahan" : "Pelauw",
  "kodepos" : "97591"
}, {
  "kecamatan" : "Pulau Haruku",
  "kelurahan" : "Rohomoni",
  "kodepos" : "97591"
}, {
  "kecamatan" : "Pulau Haruku",
  "kelurahan" : "Kariuw",
  "kodepos" : "97591"
}, {
  "kecamatan" : "Pulau Haruku",
  "kelurahan" : "Oma",
  "kodepos" : "97591"
}, {
  "kecamatan" : "Pulau Haruku",
  "kelurahan" : "Hulaliu",
  "kodepos" : "97591"
}, {
  "kecamatan" : "Pulau Haruku",
  "kelurahan" : "Kabau",
  "kodepos" : "97591"
}, {
  "kecamatan" : "Pulau Haruku",
  "kelurahan" : "Kailolo (Kailolopia)",
  "kodepos" : "97591"
}, {
  "kecamatan" : "Pulau Haruku",
  "kelurahan" : "Aboru",
  "kodepos" : "97591"
}, {
  "kecamatan" : "Pulau Haruku",
  "kelurahan" : "Haruku",
  "kodepos" : "97591"
}, {
  "kecamatan" : "Salahutu",
  "kelurahan" : "Waai",
  "kodepos" : "97582"
}, {
  "kecamatan" : "Salahutu",
  "kelurahan" : "Tial",
  "kodepos" : "97582"
}, {
  "kecamatan" : "Salahutu",
  "kelurahan" : "Tulehu",
  "kodepos" : "97582"
}, {
  "kecamatan" : "Salahutu",
  "kelurahan" : "Tengah-Tengah",
  "kodepos" : "97582"
}, {
  "kecamatan" : "Salahutu",
  "kelurahan" : "Liang",
  "kodepos" : "97582"
}, {
  "kecamatan" : "Salahutu",
  "kelurahan" : "Suli",
  "kodepos" : "97582"
}, {
  "kecamatan" : "Leihitu",
  "kelurahan" : "Wakal",
  "kodepos" : "97581"
}, {
  "kecamatan" : "Leihitu Barat",
  "kelurahan" : "Wakasihu",
  "kodepos" : "97581"
}, {
  "kecamatan" : "Leihitu",
  "kelurahan" : "Seith",
  "kodepos" : "97581"
}, {
  "kecamatan" : "Leihitu",
  "kelurahan" : "Ureng",
  "kodepos" : "97581"
}, {
  "kecamatan" : "Leihitu",
  "kelurahan" : "Negeri Lima",
  "kodepos" : "97581"
}, {
  "kecamatan" : "Leihitu",
  "kelurahan" : "Mamala",
  "kodepos" : "97581"
}, {
  "kecamatan" : "Leihitu",
  "kelurahan" : "Morela",
  "kodepos" : "97581"
}, {
  "kecamatan" : "Leihitu Barat",
  "kelurahan" : "Larike",
  "kodepos" : "97581"
}, {
  "kecamatan" : "Leihitu Barat",
  "kelurahan" : "Liliboi",
  "kodepos" : "97581"
}, {
  "kecamatan" : "Leihitu",
  "kelurahan" : "Kaitetu",
  "kodepos" : "97581"
}, {
  "kecamatan" : "Leihitu",
  "kelurahan" : "Hitu Lama",
  "kodepos" : "97581"
}, {
  "kecamatan" : "Leihitu",
  "kelurahan" : "Hitu Mesing",
  "kodepos" : "97581"
}, {
  "kecamatan" : "Leihitu",
  "kelurahan" : "Hila",
  "kodepos" : "97581"
}, {
  "kecamatan" : "Leihitu Barat",
  "kelurahan" : "Hatu",
  "kodepos" : "97581"
}, {
  "kecamatan" : "Leihitu",
  "kelurahan" : "Asilulu",
  "kodepos" : "97581"
}, {
  "kecamatan" : "Leihitu Barat",
  "kelurahan" : "Allang",
  "kodepos" : "97581"
}, {
  "kecamatan" : "Teon Nila Serua",
  "kelurahan" : "Wotay",
  "kodepos" : "97558"
}, {
  "kecamatan" : "Teon Nila Serua",
  "kelurahan" : "Waru",
  "kodepos" : "97558"
}, {
  "kecamatan" : "Teon Nila Serua",
  "kelurahan" : "Watludan",
  "kodepos" : "97558"
}, {
  "kecamatan" : "Teon Nila Serua",
  "kelurahan" : "Trana",
  "kodepos" : "97558"
}, {
  "kecamatan" : "Teon Nila Serua",
  "kelurahan" : "Usliapan",
  "kodepos" : "97558"
}, {
  "kecamatan" : "Teon Nila Serua",
  "kelurahan" : "Nakupia",
  "kodepos" : "97558"
}, {
  "kecamatan" : "Teon Nila Serua",
  "kelurahan" : "Sefluru (Sifluru)",
  "kodepos" : "97558"
}, {
  "kecamatan" : "Teon Nila Serua",
  "kelurahan" : "Layeni",
  "kodepos" : "97558"
}, {
  "kecamatan" : "Teon Nila Serua",
  "kelurahan" : "Lesluru",
  "kodepos" : "97558"
}, {
  "kecamatan" : "Teon Nila Serua",
  "kelurahan" : "Mesa (Messa)",
  "kodepos" : "97558"
}, {
  "kecamatan" : "Teon Nila Serua",
  "kelurahan" : "Kokroman",
  "kodepos" : "97558"
}, {
  "kecamatan" : "Teon Nila Serua",
  "kelurahan" : "Kuralele",
  "kodepos" : "97558"
}, {
  "kecamatan" : "Teon Nila Serua",
  "kelurahan" : "Jerili",
  "kodepos" : "97558"
}, {
  "kecamatan" : "Teon Nila Serua",
  "kelurahan" : "Bumey",
  "kodepos" : "97558"
}, {
  "kecamatan" : "Teon Nila Serua",
  "kelurahan" : "Isu (Issu)",
  "kodepos" : "97558"
}, {
  "kecamatan" : "Teon Nila Serua",
  "kelurahan" : "Ameth",
  "kodepos" : "97558"
}, {
  "kecamatan" : "Seram Utara Timur Kobi",
  "kelurahan" : "Way Asih (Waiasih)",
  "kodepos" : "97557"
}, {
  "kecamatan" : "Seram Utara Barat",
  "kelurahan" : "Warasiwa",
  "kodepos" : "97557"
}, {
  "kecamatan" : "Seram Utara Barat",
  "kelurahan" : "Waiulu",
  "kodepos" : "97557"
}, {
  "kecamatan" : "Seram Utara Timur Kobi",
  "kelurahan" : "Waitonipa",
  "kodepos" : "97557"
}, {
  "kecamatan" : "Seram Utara Timur Seti",
  "kelurahan" : "Waiputih",
  "kodepos" : "97557"
}, {
  "kecamatan" : "Seram Utara Timur Seti",
  "kelurahan" : "Waitila",
  "kodepos" : "97557"
}, {
  "kecamatan" : "Seram Utara Timur Kobi",
  "kelurahan" : "Waimusi",
  "kodepos" : "97557"
}, {
  "kecamatan" : "Seram Utara Timur Seti",
  "kelurahan" : "Wailoping",
  "kodepos" : "97557"
}, {
  "kecamatan" : "Seram Utara Timur Seti",
  "kelurahan" : "Waimusal",
  "kodepos" : "97557"
}, {
  "kecamatan" : "Seram Utara",
  "kelurahan" : "Wahai",
  "kodepos" : "97557"
}, {
  "kecamatan" : "Seram Utara Timur Seti",
  "kelurahan" : "Tanah Merah",
  "kodepos" : "97557"
}, {
  "kecamatan" : "Seram Utara Timur Seti",
  "kelurahan" : "Tihuanaa",
  "kodepos" : "97557"
}, {
  "kecamatan" : "Seram Utara",
  "kelurahan" : "Sawai",
  "kodepos" : "97557"
}, {
  "kecamatan" : "Seram Utara Timur Seti",
  "kelurahan" : "Seti",
  "kodepos" : "97557"
}, {
  "kecamatan" : "Seram Utara Timur Kobi",
  "kelurahan" : "Samai",
  "kodepos" : "97557"
}, {
  "kecamatan" : "Seram Utara Timur Kobi",
  "kelurahan" : "Sariputih",
  "kodepos" : "97557"
}, {
  "kecamatan" : "Seram Utara Barat",
  "kelurahan" : "Saleman",
  "kodepos" : "97557"
}, {
  "kecamatan" : "Seram Utara Barat",
  "kelurahan" : "Rumahwey",
  "kodepos" : "97557"
}, {
  "kecamatan" : "Seram Utara",
  "kelurahan" : "Roho",
  "kodepos" : "97557"
}, {
  "kecamatan" : "Seram Utara",
  "kelurahan" : "Rumah Sokat",
  "kodepos" : "97557"
}, {
  "kecamatan" : "Seram Utara Barat",
  "kelurahan" : "Pasanea",
  "kodepos" : "97557"
}, {
  "kecamatan" : "Seram Utara",
  "kelurahan" : "Pasahari",
  "kodepos" : "97557"
}, {
  "kecamatan" : "Seram Utara Barat",
  "kelurahan" : "Paa",
  "kodepos" : "97557"
}, {
  "kecamatan" : "Seram Utara Timur Seti",
  "kelurahan" : "Namto",
  "kodepos" : "97557"
}, {
  "kecamatan" : "Seram Utara Timur Kobi",
  "kelurahan" : "Marasahua",
  "kodepos" : "97557"
}, {
  "kecamatan" : "Seram Utara Timur Kobi",
  "kelurahan" : "Morokai (Morokay)",
  "kodepos" : "97557"
}, {
  "kecamatan" : "Seram Utara Timur Kobi",
  "kelurahan" : "Maneo Rendah",
  "kodepos" : "97557"
}, {
  "kecamatan" : "Seram Utara",
  "kelurahan" : "Manusela",
  "kodepos" : "97557"
}, {
  "kecamatan" : "Seram Utara Timur Kobi",
  "kelurahan" : "Leaway (Leawai)",
  "kodepos" : "97557"
}, {
  "kecamatan" : "Seram Utara",
  "kelurahan" : "Malaku",
  "kodepos" : "97557"
}, {
  "kecamatan" : "Seram Utara Barat",
  "kelurahan" : "Lisabata Timur",
  "kodepos" : "97557"
}, {
  "kecamatan" : "Seram Utara Barat",
  "kelurahan" : "Labuan",
  "kodepos" : "97557"
}, {
  "kecamatan" : "Seram Utara Barat",
  "kelurahan" : "Latea",
  "kodepos" : "97557"
}, {
  "kecamatan" : "Seram Utara Timur Seti",
  "kelurahan" : "Kobisonta",
  "kodepos" : "97557"
}, {
  "kecamatan" : "Seram Utara Timur Kobi",
  "kelurahan" : "Kobi",
  "kodepos" : "97557"
}, {
  "kecamatan" : "Seram Utara Timur Kobi",
  "kelurahan" : "Kobimukti",
  "kodepos" : "97557"
}, {
  "kecamatan" : "Seram Utara",
  "kelurahan" : "Kanikeh (Kanike)",
  "kodepos" : "97557"
}, {
  "kecamatan" : "Seram Utara Barat",
  "kelurahan" : "Kalutu (Karlutu Kara)",
  "kodepos" : "97557"
}, {
  "kecamatan" : "Seram Utara",
  "kelurahan" : "Huaulu",
  "kodepos" : "97557"
}, {
  "kecamatan" : "Seram Utara",
  "kelurahan" : "Kaloa",
  "kodepos" : "97557"
}, {
  "kecamatan" : "Seram Utara Barat",
  "kelurahan" : "Gale-Gale",
  "kodepos" : "97557"
}, {
  "kecamatan" : "Seram Utara Barat",
  "kelurahan" : "Horale",
  "kodepos" : "97557"
}, {
  "kecamatan" : "Seram Utara Timur Seti",
  "kelurahan" : "Aketernate",
  "kodepos" : "97557"
}, {
  "kecamatan" : "Seram Utara",
  "kelurahan" : "Besi",
  "kodepos" : "97557"
}, {
  "kecamatan" : "Seram Utara",
  "kelurahan" : "Air Besar",
  "kodepos" : "97557"
}, {
  "kecamatan" : "Telutih",
  "kelurahan" : "Wolu",
  "kodepos" : "97553"
}, {
  "kecamatan" : "Telutih",
  "kelurahan" : "Yamalatu",
  "kodepos" : "97553"
}, {
  "kecamatan" : "Tehoru",
  "kelurahan" : "Yaputih",
  "kodepos" : "97553"
}, {
  "kecamatan" : "Telutih",
  "kelurahan" : "Ulahahan",
  "kodepos" : "97553"
}, {
  "kecamatan" : "Telutih",
  "kelurahan" : "Tehua",
  "kodepos" : "97553"
}, {
  "kecamatan" : "Tehoru",
  "kelurahan" : "Tehoru",
  "kodepos" : "97553"
}, {
  "kecamatan" : "Tehoru",
  "kelurahan" : "Teluti Baru",
  "kodepos" : "97553"
}, {
  "kecamatan" : "Tehoru",
  "kelurahan" : "Salamahu",
  "kodepos" : "97553"
}, {
  "kecamatan" : "Tehoru",
  "kelurahan" : "Saunulu",
  "kodepos" : "97553"
}, {
  "kecamatan" : "Telutih",
  "kelurahan" : "Maneo Ratu",
  "kodepos" : "97553"
}, {
  "kecamatan" : "Tehoru",
  "kelurahan" : "Mosso",
  "kodepos" : "97553"
}, {
  "kecamatan" : "Tehoru",
  "kelurahan" : "Piliama (Piliana)",
  "kodepos" : "97553"
}, {
  "kecamatan" : "Telutih",
  "kelurahan" : "Lahakaba",
  "kodepos" : "97553"
}, {
  "kecamatan" : "Telutih",
  "kelurahan" : "Laimu",
  "kodepos" : "97553"
}, {
  "kecamatan" : "Telutih",
  "kelurahan" : "Lafa",
  "kodepos" : "97553"
}, {
  "kecamatan" : "Telutih",
  "kelurahan" : "Laha",
  "kodepos" : "97553"
}, {
  "kecamatan" : "Telutih",
  "kelurahan" : "Hunisi",
  "kodepos" : "97553"
}, {
  "kecamatan" : "Tehoru",
  "kelurahan" : "Haya",
  "kodepos" : "97553"
}, {
  "kecamatan" : "Tehoru",
  "kelurahan" : "Hatu",
  "kodepos" : "97553"
}, {
  "kecamatan" : "Tehoru",
  "kelurahan" : "Hatumete",
  "kodepos" : "97553"
}, {
  "kecamatan" : "Amahai",
  "kelurahan" : "Yafila",
  "kodepos" : "97516"
}, {
  "kecamatan" : "Amahai",
  "kelurahan" : "Yainuelo",
  "kodepos" : "97516"
}, {
  "kecamatan" : "Teluk Elpaputih",
  "kelurahan" : "Tananahu",
  "kodepos" : "97516"
}, {
  "kecamatan" : "Teluk Elpaputih",
  "kelurahan" : "Waraka",
  "kodepos" : "97516"
}, {
  "kecamatan" : "Amahai",
  "kelurahan" : "Tamilouw",
  "kodepos" : "97516"
}, {
  "kecamatan" : "Amahai",
  "kelurahan" : "Soahuku",
  "kodepos" : "97516"
}, {
  "kecamatan" : "Teluk Elpaputih",
  "kelurahan" : "Sahulau",
  "kodepos" : "97516"
}, {
  "kecamatan" : "Amahai",
  "kelurahan" : "Sehati",
  "kodepos" : "97516"
}, {
  "kecamatan" : "Amahai",
  "kelurahan" : "Sepa",
  "kodepos" : "97516"
}, {
  "kecamatan" : "Teluk Elpaputih",
  "kelurahan" : "Liang",
  "kodepos" : "97516"
}, {
  "kecamatan" : "Amahai",
  "kelurahan" : "Makariki",
  "kodepos" : "97516"
}, {
  "kecamatan" : "Amahai",
  "kelurahan" : "Rutah",
  "kodepos" : "97516"
}, {
  "kecamatan" : "Amahai",
  "kelurahan" : "Hollo",
  "kodepos" : "97516"
}, {
  "kecamatan" : "Amahai",
  "kelurahan" : "Amahai (Amaiiai)",
  "kodepos" : "97516"
}, {
  "kecamatan" : "Amahai",
  "kelurahan" : "Banda Baru",
  "kodepos" : "97516"
}, {
  "kecamatan" : "Amahai",
  "kelurahan" : "Haruru",
  "kodepos" : "97516"
}, {
  "kecamatan" : "Masohi Kota",
  "kelurahan" : "Lesane",
  "kodepos" : "97514"
}, {
  "kecamatan" : "Masohi Kota",
  "kelurahan" : "Letwaru",
  "kodepos" : "97515"
}, {
  "kecamatan" : "Masohi Kota",
  "kelurahan" : "Ampera",
  "kodepos" : "97513"
}, {
  "kecamatan" : "Masohi Kota",
  "kelurahan" : "Namasina",
  "kodepos" : "97512"
}, {
  "kecamatan" : "Nusalaut",
  "kelurahan" : "Sila",
  "kodepos" : "97511"
}, {
  "kecamatan" : "Nusalaut",
  "kelurahan" : "Titawai (Titawaai)",
  "kodepos" : "97511"
}, {
  "kecamatan" : "Masohi Kota",
  "kelurahan" : "Namaelo",
  "kodepos" : "97511"
}, {
  "kecamatan" : "Nusalaut",
  "kelurahan" : "Leinitu",
  "kodepos" : "97511"
}, {
  "kecamatan" : "Nusalaut",
  "kelurahan" : "Nalahia",
  "kodepos" : "97511"
}, {
  "kecamatan" : "Nusalaut",
  "kelurahan" : "Akoon",
  "kodepos" : "97511"
}, {
  "kecamatan" : "Nusalaut",
  "kelurahan" : "Ameth",
  "kodepos" : "97511"
}, {
  "kecamatan" : "Nusalaut",
  "kelurahan" : "Abubu",
  "kodepos" : "97511"
} ]
