[ {
  "kecamatan" : "Waelata",
  "kelurahan" : "Widit",
  "kodepos" : "97574"
}, {
  "kecamatan" : "Lolong Guba",
  "kelurahan" : "Wapsalit",
  "kodepos" : "97574"
}, {
  "kecamatan" : "Waeapo",
  "kelurahan" : "Wanareja",
  "kodepos" : "97574"
}, {
  "kecamatan" : "Lolong Guba",
  "kelurahan" : "Wanakarta",
  "kodepos" : "97574"
}, {
  "kecamatan" : "Waelata",
  "kelurahan" : "Waetina",
  "kodepos" : "97574"
}, {
  "kecamatan" : "Waelata",
  "kelurahan" : "Waflan",
  "kodepos" : "97574"
}, {
  "kecamatan" : "Waelata",
  "kelurahan" : "Waflan",
  "kodepos" : "97574"
}, {
  "kecamatan" : "Waeapo",
  "kelurahan" : "Waetele",
  "kodepos" : "97574"
}, {
  "kecamatan" : "Waeapo",
  "kelurahan" : "Waenetat",
  "kodepos" : "97574"
}, {
  "kecamatan" : "Batabual",
  "kelurahan" : "Waemorat",
  "kodepos" : "97574"
}, {
  "kecamatan" : "Waelata",
  "kelurahan" : "Waelo",
  "kodepos" : "97574"
}, {
  "kecamatan" : "Teluk Kaiely",
  "kelurahan" : "Waelapia",
  "kodepos" : "97574"
}, {
  "kecamatan" : "Waelata",
  "kelurahan" : "Waeleman",
  "kodepos" : "97574"
}, {
  "kecamatan" : "Waeapo",
  "kelurahan" : "Waekasar",
  "kodepos" : "97574"
}, {
  "kecamatan" : "Waeapo",
  "kelurahan" : "Waekerta",
  "kodepos" : "97574"
}, {
  "kecamatan" : "Waelata",
  "kelurahan" : "Waehata",
  "kodepos" : "97574"
}, {
  "kecamatan" : "Lolong Guba",
  "kelurahan" : "Wabloy",
  "kodepos" : "97574"
}, {
  "kecamatan" : "Lolong Guba",
  "kelurahan" : "Waegeren",
  "kodepos" : "97574"
}, {
  "kecamatan" : "Teluk Kaiely",
  "kelurahan" : "Seith",
  "kodepos" : "97574"
}, {
  "kecamatan" : "Lolong Guba",
  "kelurahan" : "Tifu",
  "kodepos" : "97574"
}, {
  "kecamatan" : "Waeapo",
  "kelurahan" : "Savana Jaya",
  "kodepos" : "97574"
}, {
  "kecamatan" : "Waelata",
  "kelurahan" : "Parbulu",
  "kodepos" : "97574"
}, {
  "kecamatan" : "Lolong Guba",
  "kelurahan" : "Ohilahin",
  "kodepos" : "97574"
}, {
  "kecamatan" : "Batabual",
  "kelurahan" : "Pela",
  "kodepos" : "97574"
}, {
  "kecamatan" : "Lolong Guba",
  "kelurahan" : "Nafrua",
  "kodepos" : "97574"
}, {
  "kecamatan" : "Batabual",
  "kelurahan" : "Namlea Ilath",
  "kodepos" : "97574"
}, {
  "kecamatan" : "Teluk Kaiely",
  "kelurahan" : "Masarete",
  "kodepos" : "97574"
}, {
  "kecamatan" : "Lolong Guba",
  "kelurahan" : "Kubalahin",
  "kodepos" : "97574"
}, {
  "kecamatan" : "Lolong Guba",
  "kelurahan" : "Lele",
  "kodepos" : "97574"
}, {
  "kecamatan" : "Teluk Kaiely",
  "kelurahan" : "Kaiely (Kayeli)",
  "kodepos" : "97574"
}, {
  "kecamatan" : "Teluk Kaiely",
  "kelurahan" : "Kaki Air",
  "kodepos" : "97574"
}, {
  "kecamatan" : "Batabual",
  "kelurahan" : "Ilath",
  "kodepos" : "97574"
}, {
  "kecamatan" : "Lolong Guba",
  "kelurahan" : "Grandeng",
  "kodepos" : "97574"
}, {
  "kecamatan" : "Waeapo",
  "kelurahan" : "Gogorea",
  "kodepos" : "97574"
}, {
  "kecamatan" : "Waelata",
  "kelurahan" : "Deboway / Debowae",
  "kodepos" : "97574"
}, {
  "kecamatan" : "Waelata",
  "kelurahan" : "Dava",
  "kodepos" : "97574"
}, {
  "kecamatan" : "Batabual",
  "kelurahan" : "Batu Jungku",
  "kodepos" : "97574"
}, {
  "kecamatan" : "Waelata",
  "kelurahan" : "Basalale",
  "kodepos" : "97574"
}, {
  "kecamatan" : "Fena Leisela",
  "kelurahan" : "Wasi",
  "kodepos" : "97572"
}, {
  "kecamatan" : "Fena Leisela",
  "kelurahan" : "Waspait",
  "kodepos" : "97572"
}, {
  "kecamatan" : "Airbuaya",
  "kelurahan" : "Wasbaka",
  "kodepos" : "97572"
}, {
  "kecamatan" : "Fena Leisela",
  "kelurahan" : "Wamlana",
  "kodepos" : "97572"
}, {
  "kecamatan" : "Fena Leisela",
  "kelurahan" : "Wamana Baru",
  "kodepos" : "97572"
}, {
  "kecamatan" : "Fena Leisela",
  "kelurahan" : "Wainibe (Waenibe)",
  "kodepos" : "97572"
}, {
  "kecamatan" : "Airbuaya",
  "kelurahan" : "Waipure (Waepure)",
  "kodepos" : "97572"
}, {
  "kecamatan" : "Fena Leisela",
  "kelurahan" : "Waereman",
  "kodepos" : "97572"
}, {
  "kecamatan" : "Airbuaya",
  "kelurahan" : "Waimangit (Waemangit)",
  "kodepos" : "97572"
}, {
  "kecamatan" : "Fena Leisela",
  "kelurahan" : "Waelana-lana",
  "kodepos" : "97572"
}, {
  "kecamatan" : "Fena Leisela",
  "kelurahan" : "Waemite",
  "kodepos" : "97572"
}, {
  "kecamatan" : "Fena Leisela",
  "kelurahan" : "Waekose",
  "kodepos" : "97572"
}, {
  "kecamatan" : "Airbuaya",
  "kelurahan" : "Tanjung Karang",
  "kodepos" : "97572"
}, {
  "kecamatan" : "Fena Leisela",
  "kelurahan" : "Waedanga",
  "kodepos" : "97572"
}, {
  "kecamatan" : "Airbuaya",
  "kelurahan" : "Selwadu",
  "kodepos" : "97572"
}, {
  "kecamatan" : "Fena Leisela",
  "kelurahan" : "Raheriat",
  "kodepos" : "97572"
}, {
  "kecamatan" : "Fena Leisela",
  "kelurahan" : "Lemanpoli",
  "kodepos" : "97572"
}, {
  "kecamatan" : "Airbuaya",
  "kelurahan" : "Kampung Baru",
  "kodepos" : "97572"
}, {
  "kecamatan" : "Airbuaya",
  "kelurahan" : "Batlale",
  "kodepos" : "97572"
}, {
  "kecamatan" : "Fena Leisela",
  "kelurahan" : "Balbalu",
  "kodepos" : "97572"
}, {
  "kecamatan" : "Airbuaya",
  "kelurahan" : "Awilinan",
  "kodepos" : "97572"
}, {
  "kecamatan" : "Airbuaya",
  "kelurahan" : "Air Buaya",
  "kodepos" : "97572"
}, {
  "kecamatan" : "Waplau",
  "kelurahan" : "Waprea",
  "kodepos" : "97571"
}, {
  "kecamatan" : "Lilialy",
  "kelurahan" : "Waimiting (Waemiting)",
  "kodepos" : "97571"
}, {
  "kecamatan" : "Waplau",
  "kelurahan" : "Waplau",
  "kodepos" : "97571"
}, {
  "kecamatan" : "Waplau",
  "kelurahan" : "Wailihang (Waelihang)",
  "kodepos" : "97571"
}, {
  "kecamatan" : "Waplau",
  "kelurahan" : "Waeura",
  "kodepos" : "97571"
}, {
  "kecamatan" : "Waplau",
  "kelurahan" : "Waepotih",
  "kodepos" : "97571"
}, {
  "kecamatan" : "Lilialy",
  "kelurahan" : "Waeperang",
  "kodepos" : "97571"
}, {
  "kecamatan" : "Lilialy",
  "kelurahan" : "Ubung",
  "kodepos" : "97571"
}, {
  "kecamatan" : "Waplau",
  "kelurahan" : "Skikilale",
  "kodepos" : "97571"
}, {
  "kecamatan" : "Namlea",
  "kelurahan" : "Siahoni",
  "kodepos" : "97571"
}, {
  "kecamatan" : "Lilialy",
  "kelurahan" : "Sawa",
  "kodepos" : "97571"
}, {
  "kecamatan" : "Namlea",
  "kelurahan" : "Sanleko",
  "kodepos" : "97571"
}, {
  "kecamatan" : "Waplau",
  "kelurahan" : "Samalagi",
  "kodepos" : "97571"
}, {
  "kecamatan" : "Namlea",
  "kelurahan" : "Namlea",
  "kodepos" : "97571"
}, {
  "kecamatan" : "Namlea",
  "kelurahan" : "Namlea",
  "kodepos" : "97571"
}, {
  "kecamatan" : "Namlea",
  "kelurahan" : "Lala",
  "kodepos" : "97571"
}, {
  "kecamatan" : "Waplau",
  "kelurahan" : "Lamahang",
  "kodepos" : "97571"
}, {
  "kecamatan" : "Lilialy",
  "kelurahan" : "Jikumarasa (Jikumerasa)",
  "kodepos" : "97571"
}, {
  "kecamatan" : "Namlea",
  "kelurahan" : "Karang Jaya",
  "kodepos" : "97571"
}, {
  "kecamatan" : "Namlea",
  "kelurahan" : "Jamilu",
  "kodepos" : "97571"
}, {
  "kecamatan" : "Waplau",
  "kelurahan" : "Hatawano",
  "kodepos" : "97571"
}, {
  "kecamatan" : "Namlea",
  "kelurahan" : "Batu Boy",
  "kodepos" : "97571"
} ]
