[ {
  "kecamatan" : "Waesama",
  "kelurahan" : "Waeteba (Waetaba)",
  "kodepos" : "97574"
}, {
  "kecamatan" : "Waesama",
  "kelurahan" : "Waesili",
  "kodepos" : "97574"
}, {
  "kecamatan" : "Waesama",
  "kelurahan" : "Waetawa",
  "kodepos" : "97574"
}, {
  "kecamatan" : "Waesama",
  "kelurahan" : "Waemasing",
  "kodepos" : "97574"
}, {
  "kecamatan" : "Waesama",
  "kelurahan" : "Waelikut",
  "kodepos" : "97574"
}, {
  "kecamatan" : "Waesama",
  "kelurahan" : "Simi",
  "kodepos" : "97574"
}, {
  "kecamatan" : "Waesama",
  "kelurahan" : "Pohon Batu",
  "kodepos" : "97574"
}, {
  "kecamatan" : "Waesama",
  "kelurahan" : "Lena",
  "kodepos" : "97574"
}, {
  "kecamatan" : "Waesama",
  "kelurahan" : "Hote",
  "kodepos" : "97574"
}, {
  "kecamatan" : "Waesama",
  "kelurahan" : "Batu Kasa",
  "kodepos" : "97574"
}, {
  "kecamatan" : "Leksula",
  "kelurahan" : "Wewali",
  "kodepos" : "97573"
}, {
  "kecamatan" : "Namrole",
  "kelurahan" : "Wamkana",
  "kodepos" : "97573"
}, {
  "kecamatan" : "Leksula",
  "kelurahan" : "Walunghelat",
  "kodepos" : "97573"
}, {
  "kecamatan" : "Namrole",
  "kelurahan" : "Wali",
  "kodepos" : "97573"
}, {
  "kecamatan" : "Leksula",
  "kelurahan" : "Wahaolon",
  "kodepos" : "97573"
}, {
  "kecamatan" : "Fena Fafan",
  "kelurahan" : "Waereman (Waeraman)",
  "kodepos" : "97573"
}, {
  "kecamatan" : "Leksula",
  "kelurahan" : "Waeturen",
  "kodepos" : "97573"
}, {
  "kecamatan" : "Namrole",
  "kelurahan" : "Waenalut",
  "kodepos" : "97573"
}, {
  "kecamatan" : "Namrole",
  "kelurahan" : "Waenono",
  "kodepos" : "97573"
}, {
  "kecamatan" : "Leksula",
  "kelurahan" : "Waenamaolon",
  "kodepos" : "97573"
}, {
  "kecamatan" : "Leksula",
  "kelurahan" : "Waemala",
  "kodepos" : "97573"
}, {
  "kecamatan" : "Leksula",
  "kelurahan" : "Waemulang",
  "kodepos" : "97573"
}, {
  "kecamatan" : "Fena Fafan",
  "kelurahan" : "Waeken",
  "kodepos" : "97573"
}, {
  "kecamatan" : "Fena Fafan",
  "kelurahan" : "Waelo",
  "kodepos" : "97573"
}, {
  "kecamatan" : "Fena Fafan",
  "kelurahan" : "Waekatin",
  "kodepos" : "97573"
}, {
  "kecamatan" : "Namrole",
  "kelurahan" : "Waefusi",
  "kodepos" : "97573"
}, {
  "kecamatan" : "Leksula",
  "kelurahan" : "Waehaka",
  "kodepos" : "97573"
}, {
  "kecamatan" : "Fena Fafan",
  "kelurahan" : "Trukat",
  "kodepos" : "97573"
}, {
  "kecamatan" : "Fena Fafan",
  "kelurahan" : "Uneth",
  "kodepos" : "97573"
}, {
  "kecamatan" : "Namrole",
  "kelurahan" : "Tikbary",
  "kodepos" : "97573"
}, {
  "kecamatan" : "Leksula",
  "kelurahan" : "Tifu",
  "kodepos" : "97573"
}, {
  "kecamatan" : "Leksula",
  "kelurahan" : "Slealale",
  "kodepos" : "97573"
}, {
  "kecamatan" : "Leksula",
  "kelurahan" : "Terkuri",
  "kodepos" : "97573"
}, {
  "kecamatan" : "Fena Fafan",
  "kelurahan" : "Siwatlahin",
  "kodepos" : "97573"
}, {
  "kecamatan" : "Namrole",
  "kelurahan" : "Oki Baru",
  "kodepos" : "97573"
}, {
  "kecamatan" : "Namrole",
  "kelurahan" : "Oki Lama",
  "kodepos" : "97573"
}, {
  "kecamatan" : "Fena Fafan",
  "kelurahan" : "Nusarua",
  "kodepos" : "97573"
}, {
  "kecamatan" : "Namrole",
  "kelurahan" : "Namrinat",
  "kodepos" : "97573"
}, {
  "kecamatan" : "Leksula",
  "kelurahan" : "Neath",
  "kodepos" : "97573"
}, {
  "kecamatan" : "Leksula",
  "kelurahan" : "Mepa",
  "kodepos" : "97573"
}, {
  "kecamatan" : "Leksula",
  "kelurahan" : "Nalbessy",
  "kodepos" : "97573"
}, {
  "kecamatan" : "Leksula",
  "kelurahan" : "Liang",
  "kodepos" : "97573"
}, {
  "kecamatan" : "Fena Fafan",
  "kelurahan" : "Mangeswaen",
  "kodepos" : "97573"
}, {
  "kecamatan" : "Namrole",
  "kelurahan" : "Masnana",
  "kodepos" : "97573"
}, {
  "kecamatan" : "Namrole",
  "kelurahan" : "Lektama",
  "kodepos" : "97573"
}, {
  "kecamatan" : "Namrole",
  "kelurahan" : "Leku",
  "kodepos" : "97573"
}, {
  "kecamatan" : "Leksula",
  "kelurahan" : "Leksula",
  "kodepos" : "97573"
}, {
  "kecamatan" : "Leksula",
  "kelurahan" : "Kase",
  "kodepos" : "97573"
}, {
  "kecamatan" : "Namrole",
  "kelurahan" : "Labuang",
  "kodepos" : "97573"
}, {
  "kecamatan" : "Namrole",
  "kelurahan" : "Kamlanglale",
  "kodepos" : "97573"
}, {
  "kecamatan" : "Namrole",
  "kelurahan" : "Fatmite",
  "kodepos" : "97573"
}, {
  "kecamatan" : "Leksula",
  "kelurahan" : "Grahwaen",
  "kodepos" : "97573"
}, {
  "kecamatan" : "Fena Fafan",
  "kelurahan" : "Fakal",
  "kodepos" : "97573"
}, {
  "kecamatan" : "Namrole",
  "kelurahan" : "Elfule",
  "kodepos" : "97573"
}, {
  "kecamatan" : "Leksula",
  "kelurahan" : "Ewiri (Erwiri)",
  "kodepos" : "97573"
}, {
  "kecamatan" : "Namrole",
  "kelurahan" : "Batu Tulis",
  "kodepos" : "97573"
}, {
  "kecamatan" : "Kepala Madan",
  "kelurahan" : "Walbele",
  "kodepos" : "97572"
}, {
  "kecamatan" : "Kepala Madan",
  "kelurahan" : "Waepandan",
  "kodepos" : "97572"
}, {
  "kecamatan" : "Kepala Madan",
  "kelurahan" : "Waeha",
  "kodepos" : "97572"
}, {
  "kecamatan" : "Kepala Madan",
  "kelurahan" : "Waekeka",
  "kodepos" : "97572"
}, {
  "kecamatan" : "Kepala Madan",
  "kelurahan" : "Siopot",
  "kodepos" : "97572"
}, {
  "kecamatan" : "Kepala Madan",
  "kelurahan" : "Sekat",
  "kodepos" : "97572"
}, {
  "kecamatan" : "Kepala Madan",
  "kelurahan" : "Nanali",
  "kodepos" : "97572"
}, {
  "kecamatan" : "Kepala Madan",
  "kelurahan" : "Pasir Putih",
  "kodepos" : "97572"
}, {
  "kecamatan" : "Kepala Madan",
  "kelurahan" : "Fogi",
  "kodepos" : "97572"
}, {
  "kecamatan" : "Kepala Madan",
  "kelurahan" : "Biloro",
  "kodepos" : "97572"
}, {
  "kecamatan" : "Kepala Madan",
  "kelurahan" : "Emhugen",
  "kodepos" : "97572"
}, {
  "kecamatan" : "Kepala Madan",
  "kelurahan" : "Batu Layar",
  "kodepos" : "97572"
}, {
  "kecamatan" : "Kepala Madan",
  "kelurahan" : "Balpetu",
  "kodepos" : "97572"
}, {
  "kecamatan" : "Kepala Madan",
  "kelurahan" : "Balpetu",
  "kodepos" : "97572"
}, {
  "kecamatan" : "Kepala Madan",
  "kelurahan" : "Air Ternate",
  "kodepos" : "97572"
}, {
  "kecamatan" : "Kepala Madan",
  "kelurahan" : "Bala-bala",
  "kodepos" : "97572"
}, {
  "kecamatan" : "Ambalau",
  "kelurahan" : "Ulima",
  "kodepos" : "97512"
}, {
  "kecamatan" : "Ambalau",
  "kelurahan" : "Selasi",
  "kodepos" : "97512"
}, {
  "kecamatan" : "Ambalau",
  "kelurahan" : "Siwar",
  "kodepos" : "97512"
}, {
  "kecamatan" : "Ambalau",
  "kelurahan" : "Kampung Baru",
  "kodepos" : "97512"
}, {
  "kecamatan" : "Ambalau",
  "kelurahan" : "Lumoy",
  "kodepos" : "97512"
}, {
  "kecamatan" : "Ambalau",
  "kelurahan" : "Masawoy",
  "kodepos" : "97512"
}, {
  "kecamatan" : "Ambalau",
  "kelurahan" : "Elara",
  "kodepos" : "97512"
} ]
