[ {
  "kecamatan" : "Tanimbar Selatan",
  "kelurahan" : "Wowonda",
  "kodepos" : "97464"
}, {
  "kecamatan" : "Wermakatian (Wer Maktian)",
  "kelurahan" : "Wermatang",
  "kodepos" : "97464"
}, {
  "kecamatan" : "Wermakatian (Wer Maktian)",
  "kelurahan" : "Welutu",
  "kodepos" : "97464"
}, {
  "kecamatan" : "Wermakatian (Wer Maktian)",
  "kelurahan" : "Weratan",
  "kodepos" : "97464"
}, {
  "kecamatan" : "Tanimbar Selatan",
  "kelurahan" : "Sifnana",
  "kodepos" : "97464"
}, {
  "kecamatan" : "Wermakatian (Wer Maktian)",
  "kelurahan" : "Themin",
  "kodepos" : "97464"
}, {
  "kecamatan" : "Wertamrian",
  "kelurahan" : "Tumbur",
  "kodepos" : "97464"
}, {
  "kecamatan" : "Tanimbar Selatan",
  "kelurahan" : "Saumlaki",
  "kodepos" : "97464"
}, {
  "kecamatan" : "Wertamrian",
  "kelurahan" : "Sangliat Dol",
  "kodepos" : "97464"
}, {
  "kecamatan" : "Wertamrian",
  "kelurahan" : "Sangliat Krawain",
  "kodepos" : "97464"
}, {
  "kecamatan" : "Wermakatian (Wer Maktian)",
  "kelurahan" : "Rumasalut",
  "kodepos" : "97464"
}, {
  "kecamatan" : "Tanimbar Selatan",
  "kelurahan" : "Olilit",
  "kodepos" : "97464"
}, {
  "kecamatan" : "Wermakatian (Wer Maktian)",
  "kelurahan" : "Makatiang",
  "kodepos" : "97464"
}, {
  "kecamatan" : "Wermakatian (Wer Maktian)",
  "kelurahan" : "Marantutul",
  "kodepos" : "97464"
}, {
  "kecamatan" : "Tanimbar Selatan",
  "kelurahan" : "Matakus",
  "kodepos" : "97464"
}, {
  "kecamatan" : "Wertamrian",
  "kelurahan" : "Lorulung",
  "kodepos" : "97464"
}, {
  "kecamatan" : "Tanimbar Selatan",
  "kelurahan" : "Lermatang",
  "kodepos" : "97464"
}, {
  "kecamatan" : "Tanimbar Selatan",
  "kelurahan" : "Latdalam",
  "kodepos" : "97464"
}, {
  "kecamatan" : "Tanimbar Selatan",
  "kelurahan" : "Lauran",
  "kodepos" : "97464"
}, {
  "kecamatan" : "Wermakatian (Wer Maktian)",
  "kelurahan" : "Kamatubun",
  "kodepos" : "97464"
}, {
  "kecamatan" : "Tanimbar Selatan",
  "kelurahan" : "Kabiarat Raya",
  "kodepos" : "97464"
}, {
  "kecamatan" : "Tanimbar Selatan",
  "kelurahan" : "Bomaki",
  "kodepos" : "97464"
}, {
  "kecamatan" : "Tanimbar Selatan",
  "kelurahan" : "Ilngei",
  "kodepos" : "97464"
}, {
  "kecamatan" : "Wermakatian (Wer Maktian)",
  "kelurahan" : "Batu Putih",
  "kodepos" : "97464"
}, {
  "kecamatan" : "Wertamrian",
  "kelurahan" : "Arui Das",
  "kodepos" : "97464"
}, {
  "kecamatan" : "Wertamrian",
  "kelurahan" : "Atubul Raya (Atabul Dol)",
  "kodepos" : "97464"
}, {
  "kecamatan" : "Wertamrian",
  "kelurahan" : "Amdasa",
  "kodepos" : "97464"
}, {
  "kecamatan" : "Wertamrian",
  "kelurahan" : "Arui Bab",
  "kodepos" : "97464"
}, {
  "kecamatan" : "Wuarlabobar",
  "kelurahan" : "Wunlah",
  "kodepos" : "97463"
}, {
  "kecamatan" : "Molu Maru",
  "kelurahan" : "Wulmasa",
  "kodepos" : "97463"
}, {
  "kecamatan" : "Nirunmas",
  "kelurahan" : "Watmuri",
  "kodepos" : "97463"
}, {
  "kecamatan" : "Nirunmas",
  "kelurahan" : "Waturu",
  "kodepos" : "97463"
}, {
  "kecamatan" : "Wuarlabobar",
  "kelurahan" : "Watmasa",
  "kodepos" : "97463"
}, {
  "kecamatan" : "Tanimbar Utara",
  "kelurahan" : "Watidal",
  "kodepos" : "97463"
}, {
  "kecamatan" : "Yaru",
  "kelurahan" : "Walerang",
  "kodepos" : "97463"
}, {
  "kecamatan" : "Molu Maru",
  "kelurahan" : "Tutunametal",
  "kodepos" : "97463"
}, {
  "kecamatan" : "Molu Maru",
  "kelurahan" : "Wadankou (Wadankau)",
  "kodepos" : "97463"
}, {
  "kecamatan" : "Wuarlabobar",
  "kelurahan" : "Teineman",
  "kodepos" : "97463"
}, {
  "kecamatan" : "Yaru",
  "kelurahan" : "Sofyanin",
  "kodepos" : "97463"
}, {
  "kecamatan" : "Nirunmas",
  "kelurahan" : "Tutukembong",
  "kodepos" : "97463"
}, {
  "kecamatan" : "Yaru",
  "kelurahan" : "Rumngeur",
  "kodepos" : "97463"
}, {
  "kecamatan" : "Tanimbar Utara",
  "kelurahan" : "Ritabel",
  "kodepos" : "97463"
}, {
  "kecamatan" : "Yaru",
  "kelurahan" : "Romean",
  "kodepos" : "97463"
}, {
  "kecamatan" : "Tanimbar Utara",
  "kelurahan" : "Ridool",
  "kodepos" : "97463"
}, {
  "kecamatan" : "Kormomolin",
  "kelurahan" : "Meyanodas",
  "kodepos" : "97463"
}, {
  "kecamatan" : "Molu Maru",
  "kelurahan" : "Nurkat",
  "kodepos" : "97463"
}, {
  "kecamatan" : "Kormomolin",
  "kelurahan" : "Meyano Raya",
  "kodepos" : "97463"
}, {
  "kecamatan" : "Kormomolin",
  "kelurahan" : "Meyanobab",
  "kodepos" : "97463"
}, {
  "kecamatan" : "Kormomolin",
  "kelurahan" : "Lorwembun",
  "kodepos" : "97463"
}, {
  "kecamatan" : "Kormomolin",
  "kelurahan" : "Lumasebu",
  "kodepos" : "97463"
}, {
  "kecamatan" : "Nirunmas",
  "kelurahan" : "Manglusi",
  "kodepos" : "97463"
}, {
  "kecamatan" : "Wuarlabobar",
  "kelurahan" : "Lingada",
  "kodepos" : "97463"
}, {
  "kecamatan" : "Tanimbar Utara",
  "kelurahan" : "Lelingluan",
  "kodepos" : "97463"
}, {
  "kecamatan" : "Tanimbar Utara",
  "kelurahan" : "Lamdesar Barat",
  "kodepos" : "97463"
}, {
  "kecamatan" : "Tanimbar Utara",
  "kelurahan" : "Lamdesar Timur",
  "kodepos" : "97463"
}, {
  "kecamatan" : "Wuarlabobar",
  "kelurahan" : "Labobar",
  "kodepos" : "97463"
}, {
  "kecamatan" : "Wuarlabobar",
  "kelurahan" : "Kilon",
  "kodepos" : "97463"
}, {
  "kecamatan" : "Tanimbar Utara",
  "kelurahan" : "Kelaan",
  "kodepos" : "97463"
}, {
  "kecamatan" : "Tanimbar Utara",
  "kelurahan" : "Keliober",
  "kodepos" : "97463"
}, {
  "kecamatan" : "Kormomolin",
  "kelurahan" : "Kilmasa",
  "kodepos" : "97463"
}, {
  "kecamatan" : "Wuarlabobar",
  "kelurahan" : "Karatat",
  "kodepos" : "97463"
}, {
  "kecamatan" : "Wuarlabobar",
  "kelurahan" : "Awear Rumngeur",
  "kodepos" : "97463"
}, {
  "kecamatan" : "Yaru",
  "kelurahan" : "Awear",
  "kodepos" : "97463"
}, {
  "kecamatan" : "Nirunmas",
  "kelurahan" : "Arma",
  "kodepos" : "97463"
}, {
  "kecamatan" : "Kormomolin",
  "kelurahan" : "Alusi Tamrian",
  "kodepos" : "97463"
}, {
  "kecamatan" : "Kormomolin",
  "kelurahan" : "Alusi Bukyalin (Bukyalim)",
  "kodepos" : "97463"
}, {
  "kecamatan" : "Kormomolin",
  "kelurahan" : "Alusi Kelaan",
  "kodepos" : "97463"
}, {
  "kecamatan" : "Kormomolin",
  "kelurahan" : "Alusi Krawain",
  "kodepos" : "97463"
}, {
  "kecamatan" : "Kormomolin",
  "kelurahan" : "Alusi Batjas",
  "kodepos" : "97463"
}, {
  "kecamatan" : "Molu Maru",
  "kelurahan" : "Adodo Molo",
  "kodepos" : "97463"
}, {
  "kecamatan" : "Yaru",
  "kelurahan" : "Adodo Fordata",
  "kodepos" : "97463"
}, {
  "kecamatan" : "Wuarlabobar",
  "kelurahan" : "Abat",
  "kodepos" : "97463"
}, {
  "kecamatan" : "Selaru",
  "kelurahan" : "Lingat",
  "kodepos" : "97453"
}, {
  "kecamatan" : "Selaru",
  "kelurahan" : "Namtabung",
  "kodepos" : "97453"
}, {
  "kecamatan" : "Selaru",
  "kelurahan" : "Werain",
  "kodepos" : "97453"
}, {
  "kecamatan" : "Selaru",
  "kelurahan" : "Fursui",
  "kodepos" : "97453"
}, {
  "kecamatan" : "Selaru",
  "kelurahan" : "Kandar",
  "kodepos" : "97453"
}, {
  "kecamatan" : "Selaru",
  "kelurahan" : "Adaut",
  "kodepos" : "97453"
}, {
  "kecamatan" : "Selaru",
  "kelurahan" : "Eliasa",
  "kodepos" : "97453"
} ]
