[ {
  "kecamatan" : "Teluk Ambon",
  "kelurahan" : "Tihu",
  "kodepos" : "97237"
}, {
  "kecamatan" : "Leitimur Selatan",
  "kelurahan" : "Leahari",
  "kodepos" : "97237"
}, {
  "kecamatan" : "Leitimur Selatan",
  "kelurahan" : "Rutong",
  "kodepos" : "97237"
}, {
  "kecamatan" : "Leitimur Selatan",
  "kelurahan" : "Hutumuri",
  "kodepos" : "97237"
}, {
  "kecamatan" : "Teluk Ambon",
  "kelurahan" : "Laha",
  "kodepos" : "97236"
}, {
  "kecamatan" : "Teluk Ambon",
  "kelurahan" : "Wayame",
  "kodepos" : "97234"
}, {
  "kecamatan" : "Teluk Ambon",
  "kelurahan" : "Tawiri",
  "kodepos" : "97235"
}, {
  "kecamatan" : "Teluk Ambon",
  "kelurahan" : "Hative Besar",
  "kodepos" : "97234"
}, {
  "kecamatan" : "Teluk Ambon",
  "kelurahan" : "Rumah Tiga",
  "kodepos" : "97234"
}, {
  "kecamatan" : "Baguala",
  "kelurahan" : "Waiheru",
  "kodepos" : "97233"
}, {
  "kecamatan" : "Teluk Ambon",
  "kelurahan" : "Poka",
  "kodepos" : "97233"
}, {
  "kecamatan" : "Baguala",
  "kelurahan" : "Passo",
  "kodepos" : "97232"
}, {
  "kecamatan" : "Teluk Ambon",
  "kelurahan" : "Hunuth (Durian Patah)",
  "kodepos" : "97233"
}, {
  "kecamatan" : "Baguala",
  "kelurahan" : "Nania",
  "kodepos" : "97232"
}, {
  "kecamatan" : "Baguala",
  "kelurahan" : "Negeri Lama",
  "kodepos" : "97232"
}, {
  "kecamatan" : "Baguala",
  "kelurahan" : "Latta",
  "kodepos" : "97231"
}, {
  "kecamatan" : "Baguala",
  "kelurahan" : "Lateri",
  "kodepos" : "97231"
}, {
  "kecamatan" : "Baguala",
  "kelurahan" : "Halong",
  "kodepos" : "97231"
}, {
  "kecamatan" : "Sirimau",
  "kelurahan" : "Waihoka",
  "kodepos" : "97129"
}, {
  "kecamatan" : "Leitimur Selatan",
  "kelurahan" : "Naku",
  "kodepos" : "97129"
}, {
  "kecamatan" : "Sirimau",
  "kelurahan" : "Soya",
  "kodepos" : "97129"
}, {
  "kecamatan" : "Leitimur Selatan",
  "kelurahan" : "Hatalai",
  "kodepos" : "97129"
}, {
  "kecamatan" : "Leitimur Selatan",
  "kelurahan" : "Hukurila",
  "kodepos" : "97129"
}, {
  "kecamatan" : "Leitimur Selatan",
  "kelurahan" : "Kilang",
  "kodepos" : "97129"
}, {
  "kecamatan" : "Leitimur Selatan",
  "kelurahan" : "Ema",
  "kodepos" : "97129"
}, {
  "kecamatan" : "Sirimau",
  "kelurahan" : "Galala",
  "kodepos" : "97128"
}, {
  "kecamatan" : "Sirimau",
  "kelurahan" : "Hative Kecil",
  "kodepos" : "97128"
}, {
  "kecamatan" : "Sirimau",
  "kelurahan" : "Pandan Kasturi",
  "kodepos" : "97128"
}, {
  "kecamatan" : "Sirimau",
  "kelurahan" : "Batu Merah",
  "kodepos" : "97128"
}, {
  "kecamatan" : "Sirimau",
  "kelurahan" : "Honipopu",
  "kodepos" : "97126"
}, {
  "kecamatan" : "Sirimau",
  "kelurahan" : "Ahusen",
  "kodepos" : "97127"
}, {
  "kecamatan" : "Sirimau",
  "kelurahan" : "Batu Gaja (Batugajah)",
  "kodepos" : "97127"
}, {
  "kecamatan" : "Sirimau",
  "kelurahan" : "Uritetu",
  "kodepos" : "97124"
}, {
  "kecamatan" : "Sirimau",
  "kelurahan" : "Batu Meja",
  "kodepos" : "97125"
}, {
  "kecamatan" : "Sirimau",
  "kelurahan" : "Amantelu",
  "kodepos" : "97122"
}, {
  "kecamatan" : "Sirimau",
  "kelurahan" : "Rijali",
  "kodepos" : "97123"
}, {
  "kecamatan" : "Sirimau",
  "kelurahan" : "Karang Panjang",
  "kodepos" : "97121"
}, {
  "kecamatan" : "Nusaniwe (Nusanive)",
  "kelurahan" : "Nusaniwe I",
  "kodepos" : "97117"
}, {
  "kecamatan" : "Nusaniwe (Nusanive)",
  "kelurahan" : "Latuhalat",
  "kodepos" : "97118"
}, {
  "kecamatan" : "Nusaniwe (Nusanive)",
  "kelurahan" : "Seilale",
  "kodepos" : "97118"
}, {
  "kecamatan" : "Nusaniwe (Nusanive)",
  "kelurahan" : "Benteng",
  "kodepos" : "97117"
}, {
  "kecamatan" : "Nusaniwe (Nusanive)",
  "kelurahan" : "Nusaniwe",
  "kodepos" : "97117"
}, {
  "kecamatan" : "Nusaniwe (Nusanive)",
  "kelurahan" : "Amahusu",
  "kodepos" : "97117"
}, {
  "kecamatan" : "Nusaniwe (Nusanive)",
  "kelurahan" : "Kudamati",
  "kodepos" : "97116"
}, {
  "kecamatan" : "Nusaniwe (Nusanive)",
  "kelurahan" : "Wainitu (Wainatu)",
  "kodepos" : "97115"
}, {
  "kecamatan" : "Nusaniwe (Nusanive)",
  "kelurahan" : "Urimessing (Urimesing) Desa",
  "kodepos" : "97113"
}, {
  "kecamatan" : "Nusaniwe (Nusanive)",
  "kelurahan" : "Urimessing (Urimesing) Kelurahan",
  "kodepos" : "97113"
}, {
  "kecamatan" : "Nusaniwe (Nusanive)",
  "kelurahan" : "Mangga Dua",
  "kodepos" : "97114"
}, {
  "kecamatan" : "Nusaniwe (Nusanive)",
  "kelurahan" : "Silale",
  "kodepos" : "97111"
}, {
  "kecamatan" : "Nusaniwe (Nusanive)",
  "kelurahan" : "Waihaong",
  "kodepos" : "97112"
} ]
