[ {
  "kecamatan" : "Muara Kemumu",
  "kelurahan" : "Warung Pojok",
  "kodepos" : "39374"
}, {
  "kecamatan" : "Seberang Musi",
  "kelurahan" : "Tebat Laut",
  "kodepos" : "39374"
}, {
  "kecamatan" : "Muara Kemumu",
  "kelurahan" : "Warung Pojok",
  "kodepos" : "39374"
}, {
  "kecamatan" : "Muara Kemumu",
  "kelurahan" : "Talang Tige",
  "kodepos" : "39374"
}, {
  "kecamatan" : "Bermani Ilir",
  "kelurahan" : "Talang Sawah",
  "kodepos" : "39374"
}, {
  "kecamatan" : "Bermani Ilir",
  "kelurahan" : "Talang Pito",
  "kodepos" : "39374"
}, {
  "kecamatan" : "Bermani Ilir",
  "kelurahan" : "Taba Baru",
  "kodepos" : "39374"
}, {
  "kecamatan" : "Muara Kemumu",
  "kelurahan" : "Sosokan Baru",
  "kodepos" : "39374"
}, {
  "kecamatan" : "Muara Kemumu",
  "kelurahan" : "Sosokan Tabah",
  "kodepos" : "39374"
}, {
  "kecamatan" : "Bermani Ilir",
  "kelurahan" : "Sosokan Cinta Mandi",
  "kodepos" : "39374"
}, {
  "kecamatan" : "Muara Kemumu",
  "kelurahan" : "Pematang Danau Air Les",
  "kodepos" : "39374"
}, {
  "kecamatan" : "Muara Kemumu",
  "kelurahan" : "Renah Kurung",
  "kodepos" : "39374"
}, {
  "kecamatan" : "Muara Kemumu",
  "kelurahan" : "Limbur/Lembur Baru",
  "kodepos" : "39374"
}, {
  "kecamatan" : "Bermani Ilir",
  "kelurahan" : "Muara Langkap",
  "kodepos" : "39374"
}, {
  "kecamatan" : "Bermani Ilir",
  "kelurahan" : "Pagar Agung",
  "kodepos" : "39374"
}, {
  "kecamatan" : "Bermani Ilir",
  "kelurahan" : "Langgar Jaya",
  "kodepos" : "39374"
}, {
  "kecamatan" : "Bermani Ilir",
  "kelurahan" : "Limbur Lama (Lembur Lama)",
  "kodepos" : "39374"
}, {
  "kecamatan" : "Bermani Ilir",
  "kelurahan" : "Kembang Seri",
  "kodepos" : "39374"
}, {
  "kecamatan" : "Bermani Ilir",
  "kelurahan" : "Kota Agung",
  "kodepos" : "39374"
}, {
  "kecamatan" : "Bermani Ilir",
  "kelurahan" : "Gunung Agung",
  "kodepos" : "39374"
}, {
  "kecamatan" : "Bermani Ilir",
  "kelurahan" : "Keban Agung",
  "kodepos" : "39374"
}, {
  "kecamatan" : "Bermani Ilir",
  "kelurahan" : "Embong Ijuk",
  "kodepos" : "39374"
}, {
  "kecamatan" : "Bermani Ilir",
  "kelurahan" : "Embong Sido",
  "kodepos" : "39374"
}, {
  "kecamatan" : "Bermani Ilir",
  "kelurahan" : "Bukit Menyan",
  "kodepos" : "39374"
}, {
  "kecamatan" : "Bermani Ilir",
  "kelurahan" : "Cinta Mandi Baru",
  "kodepos" : "39374"
}, {
  "kecamatan" : "Bermani Ilir",
  "kelurahan" : "Cinto Mandi (Cinta Mandi)",
  "kodepos" : "39374"
}, {
  "kecamatan" : "Seberang Musi",
  "kelurahan" : "Benuang Galing",
  "kodepos" : "39374"
}, {
  "kecamatan" : "Muara Kemumu",
  "kelurahan" : "Batu Kalung",
  "kodepos" : "39374"
}, {
  "kecamatan" : "Bermani Ilir",
  "kelurahan" : "Batu Belarik",
  "kodepos" : "39374"
}, {
  "kecamatan" : "Muara Kemumu",
  "kelurahan" : "Batu Bandung",
  "kodepos" : "39374"
}, {
  "kecamatan" : "Bermani Ilir",
  "kelurahan" : "Air Raman",
  "kodepos" : "39374"
}, {
  "kecamatan" : "Seberang Musi",
  "kelurahan" : "Air Selimang",
  "kodepos" : "39374"
}, {
  "kecamatan" : "Kebawetan (Kabawetan)",
  "kelurahan" : "Tugurejo",
  "kodepos" : "39373"
}, {
  "kecamatan" : "Muara Kemumu",
  "kelurahan" : "Air Punggur",
  "kodepos" : "39374"
}, {
  "kecamatan" : "Seberang Musi",
  "kelurahan" : "Temedak/Temdak",
  "kodepos" : "39373"
}, {
  "kecamatan" : "Tebat Karai",
  "kelurahan" : "Tertik",
  "kodepos" : "39373"
}, {
  "kecamatan" : "Tebat Karai",
  "kelurahan" : "Tapak Gedung",
  "kodepos" : "39373"
}, {
  "kecamatan" : "Tebat Karai",
  "kelurahan" : "Tebat Karai",
  "kodepos" : "39373"
}, {
  "kecamatan" : "Tebat Karai",
  "kelurahan" : "Tebing Penyamun",
  "kodepos" : "39373"
}, {
  "kecamatan" : "Tebat Karai",
  "kelurahan" : "Talang Karet",
  "kodepos" : "39373"
}, {
  "kecamatan" : "Seberang Musi",
  "kelurahan" : "Talang Gelompok",
  "kodepos" : "39373"
}, {
  "kecamatan" : "Tebat Karai",
  "kelurahan" : "Taba Santing (Tabasating)",
  "kodepos" : "39373"
}, {
  "kecamatan" : "Seberang Musi",
  "kelurahan" : "Talang Babatan",
  "kodepos" : "39373"
}, {
  "kecamatan" : "Tebat Karai",
  "kelurahan" : "Taba Saling",
  "kodepos" : "39373"
}, {
  "kecamatan" : "Seberang Musi",
  "kelurahan" : "Taba Padang",
  "kodepos" : "39373"
}, {
  "kecamatan" : "Seberang Musi",
  "kelurahan" : "Sungai Jernih",
  "kodepos" : "39373"
}, {
  "kecamatan" : "Tebat Karai",
  "kelurahan" : "Taba Air Pauh",
  "kodepos" : "39373"
}, {
  "kecamatan" : "Kebawetan (Kabawetan)",
  "kelurahan" : "Sukasari",
  "kodepos" : "39373"
}, {
  "kecamatan" : "Kebawetan (Kabawetan)",
  "kelurahan" : "Sumber Sari",
  "kodepos" : "39373"
}, {
  "kecamatan" : "Kebawetan (Kabawetan)",
  "kelurahan" : "Sido Rejo",
  "kodepos" : "39373"
}, {
  "kecamatan" : "Tebat Karai",
  "kelurahan" : "Sinar Gunung",
  "kodepos" : "39373"
}, {
  "kecamatan" : "Kebawetan (Kabawetan)",
  "kelurahan" : "Sido Makmur",
  "kodepos" : "39373"
}, {
  "kecamatan" : "Tebat Karai",
  "kelurahan" : "Penanjung Panjang Atas",
  "kodepos" : "39373"
}, {
  "kecamatan" : "Tebat Karai",
  "kelurahan" : "Peraduan Binjai",
  "kodepos" : "39373"
}, {
  "kecamatan" : "Tebat Karai",
  "kelurahan" : "Penanjung Panjang",
  "kodepos" : "39373"
}, {
  "kecamatan" : "Tebat Karai",
  "kelurahan" : "Nanti Agung",
  "kodepos" : "39373"
}, {
  "kecamatan" : "Kebawetan (Kabawetan)",
  "kelurahan" : "Pematang Donok",
  "kodepos" : "39373"
}, {
  "kecamatan" : "Seberang Musi",
  "kelurahan" : "Lubuk Saung",
  "kodepos" : "39373"
}, {
  "kecamatan" : "Kebawetan (Kabawetan)",
  "kelurahan" : "Mekar Sari",
  "kodepos" : "39373"
}, {
  "kecamatan" : "Tebat Karai",
  "kelurahan" : "Karang Tengah",
  "kodepos" : "39373"
}, {
  "kecamatan" : "Seberang Musi",
  "kelurahan" : "Kandang",
  "kodepos" : "39373"
}, {
  "kecamatan" : "Kebawetan (Kabawetan)",
  "kelurahan" : "Bukit Sari",
  "kodepos" : "39373"
}, {
  "kecamatan" : "Seberang Musi",
  "kelurahan" : "Cirebon Baru (Cirbon Baru)",
  "kodepos" : "39373"
}, {
  "kecamatan" : "Kebawetan (Kabawetan)",
  "kelurahan" : "Bandung Jaya",
  "kodepos" : "39373"
}, {
  "kecamatan" : "Seberang Musi",
  "kelurahan" : "Bayung",
  "kodepos" : "39373"
}, {
  "kecamatan" : "Kebawetan (Kabawetan)",
  "kelurahan" : "Bandung Baru",
  "kodepos" : "39373"
}, {
  "kecamatan" : "Seberang Musi",
  "kelurahan" : "Air Pesi",
  "kodepos" : "39373"
}, {
  "kecamatan" : "Kepahiang",
  "kelurahan" : "Tebat Monok",
  "kodepos" : "39372"
}, {
  "kecamatan" : "Kepahiang",
  "kelurahan" : "Weskust (Westkust)",
  "kodepos" : "39372"
}, {
  "kecamatan" : "Kepahiang",
  "kelurahan" : "Taba Tebelet",
  "kodepos" : "39372"
}, {
  "kecamatan" : "Kebawetan (Kabawetan)",
  "kelurahan" : "Tangsi Duren",
  "kodepos" : "39372"
}, {
  "kecamatan" : "Kepahiang",
  "kelurahan" : "Permu bawah",
  "kodepos" : "39372"
}, {
  "kecamatan" : "Kepahiang",
  "kelurahan" : "Sukamerindu",
  "kodepos" : "39372"
}, {
  "kecamatan" : "Kepahiang",
  "kelurahan" : "Pensiunan",
  "kodepos" : "39372"
}, {
  "kecamatan" : "Kepahiang",
  "kelurahan" : "Permu",
  "kodepos" : "39372"
}, {
  "kecamatan" : "Kepahiang",
  "kelurahan" : "Pasar Sejantung",
  "kodepos" : "39372"
}, {
  "kecamatan" : "Kepahiang",
  "kelurahan" : "Pasar Ujung",
  "kodepos" : "39372"
}, {
  "kecamatan" : "Kepahiang",
  "kelurahan" : "Pelangkian",
  "kodepos" : "39372"
}, {
  "kecamatan" : "Kepahiang",
  "kelurahan" : "Pasar Kepahiang",
  "kodepos" : "39372"
}, {
  "kecamatan" : "Kepahiang",
  "kelurahan" : "Pagar Gunung",
  "kodepos" : "39372"
}, {
  "kecamatan" : "Kepahiang",
  "kelurahan" : "Pagar Gunung",
  "kodepos" : "39372"
}, {
  "kecamatan" : "Kepahiang",
  "kelurahan" : "Kuto Rejo (Kuterejo)",
  "kodepos" : "39372"
}, {
  "kecamatan" : "Kepahiang",
  "kelurahan" : "Kelobak",
  "kodepos" : "39372"
}, {
  "kecamatan" : "Kepahiang",
  "kelurahan" : "Kepahiang (Dusun Kepahingan)",
  "kodepos" : "39372"
}, {
  "kecamatan" : "Kepahiang",
  "kelurahan" : "Karang Endah",
  "kodepos" : "39372"
}, {
  "kecamatan" : "Kepahiang",
  "kelurahan" : "Kelilik",
  "kodepos" : "39372"
}, {
  "kecamatan" : "Kepahiang",
  "kelurahan" : "Kampung Bogor",
  "kodepos" : "39372"
}, {
  "kecamatan" : "Kepahiang",
  "kelurahan" : "Kampung Pensiunan",
  "kodepos" : "39372"
}, {
  "kecamatan" : "Kepahiang",
  "kelurahan" : "Karang Anyar",
  "kodepos" : "39372"
}, {
  "kecamatan" : "Kepahiang",
  "kelurahan" : "Imigrasi Permu",
  "kodepos" : "39372"
}, {
  "kecamatan" : "Kebawetan (Kabawetan)",
  "kelurahan" : "Kabawetan/Tangsi Baru",
  "kodepos" : "39372"
}, {
  "kecamatan" : "Kepahiang",
  "kelurahan" : "Bogor Baru",
  "kodepos" : "39372"
}, {
  "kecamatan" : "Kebawetan (Kabawetan)",
  "kelurahan" : "Barat Wetan",
  "kodepos" : "39372"
}, {
  "kecamatan" : "Kebawetan (Kabawetan)",
  "kelurahan" : "Babakan Bogor",
  "kodepos" : "39372"
}, {
  "kecamatan" : "Kebawetan (Kabawetan)",
  "kelurahan" : "Air Sempiang",
  "kodepos" : "39372"
}, {
  "kecamatan" : "Ujan Mas",
  "kelurahan" : "Ujan Mas Bawah",
  "kodepos" : "39371"
}, {
  "kecamatan" : "Ujan Mas",
  "kelurahan" : "Tanjung Alam",
  "kodepos" : "39371"
}, {
  "kecamatan" : "Ujan Mas",
  "kelurahan" : "Ujan Mas Atas",
  "kodepos" : "39371"
}, {
  "kecamatan" : "Merigi",
  "kelurahan" : "Taba Mulan",
  "kodepos" : "39371"
}, {
  "kecamatan" : "Ujan Mas",
  "kelurahan" : "Suro Muncar",
  "kodepos" : "39371"
}, {
  "kecamatan" : "Ujan Mas",
  "kelurahan" : "Suro Ilir",
  "kodepos" : "39371"
}, {
  "kecamatan" : "Ujan Mas",
  "kelurahan" : "Suro Lembak",
  "kodepos" : "39371"
}, {
  "kecamatan" : "Ujan Mas",
  "kelurahan" : "Suro Bali",
  "kodepos" : "39371"
}, {
  "kecamatan" : "Ujan Mas",
  "kelurahan" : "Suro Baru",
  "kodepos" : "39371"
}, {
  "kecamatan" : "Ujan Mas",
  "kelurahan" : "Pungguk Meranti",
  "kodepos" : "39371"
}, {
  "kecamatan" : "Merigi",
  "kelurahan" : "Simpang Kota Bingin",
  "kodepos" : "39371"
}, {
  "kecamatan" : "Ujan Mas",
  "kelurahan" : "Pungguk Meringang",
  "kodepos" : "39371"
}, {
  "kecamatan" : "Merigi",
  "kelurahan" : "Pulo Geto Baru",
  "kodepos" : "39371"
}, {
  "kecamatan" : "Merigi",
  "kelurahan" : "Pulogeto",
  "kodepos" : "39371"
}, {
  "kecamatan" : "Ujan Mas",
  "kelurahan" : "Meranti Jaya",
  "kodepos" : "39371"
}, {
  "kecamatan" : "Ujan Mas",
  "kelurahan" : "Pekalongan",
  "kodepos" : "39371"
}, {
  "kecamatan" : "Merigi",
  "kelurahan" : "Durian Depun",
  "kodepos" : "39371"
}, {
  "kecamatan" : "Ujan Mas",
  "kelurahan" : "Daspetah II",
  "kodepos" : "39371"
}, {
  "kecamatan" : "Merigi",
  "kelurahan" : "Lubuk Penyamun",
  "kodepos" : "39371"
}, {
  "kecamatan" : "Ujan Mas",
  "kelurahan" : "Daspetah",
  "kodepos" : "39371"
}, {
  "kecamatan" : "Ujan Mas",
  "kelurahan" : "Cugung Lalang",
  "kodepos" : "39371"
}, {
  "kecamatan" : "Ujan Mas",
  "kelurahan" : "Bumi Sari",
  "kodepos" : "39371"
}, {
  "kecamatan" : "Merigi",
  "kelurahan" : "Bukit Barisan",
  "kodepos" : "39371"
}, {
  "kecamatan" : "Ujan Mas",
  "kelurahan" : "Air Hitam",
  "kodepos" : "39371"
}, {
  "kecamatan" : "Merigi",
  "kelurahan" : "Batu Ampar",
  "kodepos" : "39371"
} ]
