[ {
  "kecamatan" : "Wasile Timur",
  "kelurahan" : "Woka Jaya",
  "kodepos" : "97863"
}, {
  "kecamatan" : "Wasile Selatan",
  "kelurahan" : "Yawal",
  "kodepos" : "97863"
}, {
  "kecamatan" : "Wasile",
  "kelurahan" : "Waisuba",
  "kodepos" : "97863"
}, {
  "kecamatan" : "Wasile Selatan",
  "kelurahan" : "Waijoi",
  "kodepos" : "97863"
}, {
  "kecamatan" : "Wasile Selatan",
  "kelurahan" : "Wasile",
  "kodepos" : "97863"
}, {
  "kecamatan" : "Wasile Timur",
  "kelurahan" : "Tutuling Jaya",
  "kodepos" : "97863"
}, {
  "kecamatan" : "Wasile Timur",
  "kelurahan" : "Toboino",
  "kodepos" : "97863"
}, {
  "kecamatan" : "Wasile Utara",
  "kelurahan" : "Tatam",
  "kodepos" : "97863"
}, {
  "kecamatan" : "Wasile Selatan",
  "kelurahan" : "Tomares",
  "kodepos" : "97863"
}, {
  "kecamatan" : "Wasile Selatan",
  "kelurahan" : "Tabanalou (Tabanoli)",
  "kodepos" : "97863"
}, {
  "kecamatan" : "Wasile Selatan",
  "kelurahan" : "Talaga Jaya",
  "kodepos" : "97863"
}, {
  "kecamatan" : "Wasile Selatan",
  "kelurahan" : "Tanure",
  "kodepos" : "97863"
}, {
  "kecamatan" : "Wasile",
  "kelurahan" : "Subaim",
  "kodepos" : "97863"
}, {
  "kecamatan" : "Wasile Selatan",
  "kelurahan" : "Sondo-Sondo",
  "kodepos" : "97863"
}, {
  "kecamatan" : "Wasile Timur",
  "kelurahan" : "Sidomulyo",
  "kodepos" : "97863"
}, {
  "kecamatan" : "Wasile Tengah",
  "kelurahan" : "Silalaysang (Silalayang)",
  "kodepos" : "97863"
}, {
  "kecamatan" : "Wasile Selatan",
  "kelurahan" : "Saolat",
  "kodepos" : "97863"
}, {
  "kecamatan" : "Wasile Selatan",
  "kelurahan" : "Saramake (Saramaake)",
  "kodepos" : "97863"
}, {
  "kecamatan" : "Wasile Selatan",
  "kelurahan" : "Pintatu",
  "kodepos" : "97863"
}, {
  "kecamatan" : "Wasile Tengah",
  "kelurahan" : "Puao",
  "kodepos" : "97863"
}, {
  "kecamatan" : "Wasile Selatan",
  "kelurahan" : "Pintatu",
  "kodepos" : "97863"
}, {
  "kecamatan" : "Wasile Selatan",
  "kelurahan" : "Nusa Jaya",
  "kodepos" : "97863"
}, {
  "kecamatan" : "Wasile Tengah",
  "kelurahan" : "Nyaolako",
  "kodepos" : "97863"
}, {
  "kecamatan" : "Wasile Selatan",
  "kelurahan" : "Nanas",
  "kodepos" : "97863"
}, {
  "kecamatan" : "Wasile Selatan",
  "kelurahan" : "Nusa Ambu (Nusa Ambo)",
  "kodepos" : "97863"
}, {
  "kecamatan" : "Wasile Selatan",
  "kelurahan" : "Minamin",
  "kodepos" : "97863"
}, {
  "kecamatan" : "Wasile",
  "kelurahan" : "Mekar Sari",
  "kodepos" : "97863"
}, {
  "kecamatan" : "Wasile Utara",
  "kelurahan" : "Marimoi",
  "kodepos" : "97863"
}, {
  "kecamatan" : "Wasile Utara",
  "kelurahan" : "Majiko Tongone",
  "kodepos" : "97863"
}, {
  "kecamatan" : "Wasile Tengah",
  "kelurahan" : "Lolobata",
  "kodepos" : "97863"
}, {
  "kecamatan" : "Wasile Selatan",
  "kelurahan" : "Loleba",
  "kodepos" : "97863"
}, {
  "kecamatan" : "Wasile Utara",
  "kelurahan" : "Labi Labi",
  "kodepos" : "97863"
}, {
  "kecamatan" : "Wasile Selatan",
  "kelurahan" : "Ino Jaya",
  "kodepos" : "97863"
}, {
  "kecamatan" : "Wasile Selatan",
  "kelurahan" : "Jiko Moi",
  "kodepos" : "97863"
}, {
  "kecamatan" : "Wasile Tengah",
  "kelurahan" : "Kakaraino",
  "kodepos" : "97863"
}, {
  "kecamatan" : "Wasile Utara",
  "kelurahan" : "Helaitetor",
  "kodepos" : "97863"
}, {
  "kecamatan" : "Wasile Utara",
  "kelurahan" : "Iga",
  "kodepos" : "97863"
}, {
  "kecamatan" : "Wasile",
  "kelurahan" : "Gulapapo",
  "kodepos" : "97863"
}, {
  "kecamatan" : "Wasile Tengah",
  "kelurahan" : "Foli (Foly)",
  "kodepos" : "97863"
}, {
  "kecamatan" : "Wasile Tengah",
  "kelurahan" : "Hatetabako",
  "kodepos" : "97863"
}, {
  "kecamatan" : "Wasile Selatan",
  "kelurahan" : "Ekorino",
  "kodepos" : "97863"
}, {
  "kecamatan" : "Wasile Selatan",
  "kelurahan" : "Fayaul",
  "kodepos" : "97863"
}, {
  "kecamatan" : "Wasile Selatan",
  "kelurahan" : "Ekor",
  "kodepos" : "97863"
}, {
  "kecamatan" : "Wasile Utara",
  "kelurahan" : "Dowongi Jaya",
  "kodepos" : "97863"
}, {
  "kecamatan" : "Wasile Timur",
  "kelurahan" : "Dodaga",
  "kodepos" : "97863"
}, {
  "kecamatan" : "Wasile Timur",
  "kelurahan" : "Daka Ino",
  "kodepos" : "97863"
}, {
  "kecamatan" : "Wasile",
  "kelurahan" : "Bumi Restu",
  "kodepos" : "97863"
}, {
  "kecamatan" : "Wasile",
  "kelurahan" : "Cemara Jaya",
  "kodepos" : "97863"
}, {
  "kecamatan" : "Wasile Selatan",
  "kelurahan" : "Bukutio",
  "kodepos" : "97863"
}, {
  "kecamatan" : "Wasile Utara",
  "kelurahan" : "Bololo",
  "kodepos" : "97863"
}, {
  "kecamatan" : "Wasile Tengah",
  "kelurahan" : "Boki Miake (Bokimaake)",
  "kodepos" : "97863"
}, {
  "kecamatan" : "Wasile Selatan",
  "kelurahan" : "Binagara",
  "kodepos" : "97863"
}, {
  "kecamatan" : "Wasile",
  "kelurahan" : "Batu Raja",
  "kodepos" : "97863"
}, {
  "kecamatan" : "Wasile Timur",
  "kelurahan" : "Ake Daga",
  "kodepos" : "97863"
}, {
  "kecamatan" : "Wasile Selatan",
  "kelurahan" : "Ake Jawi",
  "kodepos" : "97863"
}, {
  "kecamatan" : "Maba Tengah",
  "kelurahan" : "Wayamli (Wayamly)",
  "kodepos" : "97862"
}, {
  "kecamatan" : "Maba Tengah",
  "kelurahan" : "Yawanli",
  "kodepos" : "97862"
}, {
  "kecamatan" : "Maba",
  "kelurahan" : "Wayafli (Wayamli)",
  "kodepos" : "97862"
}, {
  "kecamatan" : "Maba Utara",
  "kelurahan" : "Wasileo",
  "kodepos" : "97862"
}, {
  "kecamatan" : "Kota Maba",
  "kelurahan" : "Tewil",
  "kodepos" : "97862"
}, {
  "kecamatan" : "Maba Selatan",
  "kelurahan" : "Waci",
  "kodepos" : "97862"
}, {
  "kecamatan" : "Kota Maba",
  "kelurahan" : "Wailukum",
  "kodepos" : "97862"
}, {
  "kecamatan" : "Maba",
  "kelurahan" : "Teluk Buli",
  "kodepos" : "97862"
}, {
  "kecamatan" : "Maba Tengah",
  "kelurahan" : "Tatangapu",
  "kodepos" : "97862"
}, {
  "kecamatan" : "Maba Selatan",
  "kelurahan" : "Sowoli",
  "kodepos" : "97862"
}, {
  "kecamatan" : "Maba Utara",
  "kelurahan" : "Sosolat",
  "kodepos" : "97862"
}, {
  "kecamatan" : "Kota Maba",
  "kelurahan" : "Soa Laipoh",
  "kodepos" : "97862"
}, {
  "kecamatan" : "Kota Maba",
  "kelurahan" : "Soa Sangaji",
  "kodepos" : "97862"
}, {
  "kecamatan" : "Kota Maba",
  "kelurahan" : "Soa Gimalaha",
  "kodepos" : "97862"
}, {
  "kecamatan" : "Maba Selatan",
  "kelurahan" : "Sil",
  "kodepos" : "97862"
}, {
  "kecamatan" : "Maba Utara",
  "kelurahan" : "Pumlanga",
  "kodepos" : "97862"
}, {
  "kecamatan" : "Maba",
  "kelurahan" : "Pekaulan",
  "kodepos" : "97862"
}, {
  "kecamatan" : "Maba",
  "kelurahan" : "Sailal",
  "kodepos" : "97862"
}, {
  "kecamatan" : "Maba Utara",
  "kelurahan" : "Patlean",
  "kodepos" : "97862"
}, {
  "kecamatan" : "Maba Utara",
  "kelurahan" : "Patlean Jaya",
  "kodepos" : "97862"
}, {
  "kecamatan" : "Maba Selatan",
  "kelurahan" : "Momole",
  "kodepos" : "97862"
}, {
  "kecamatan" : "Maba Selatan",
  "kelurahan" : "Pateley (Petelei)",
  "kodepos" : "97862"
}, {
  "kecamatan" : "Maba Tengah",
  "kelurahan" : "Marasipno",
  "kodepos" : "97862"
}, {
  "kecamatan" : "Maba Tengah",
  "kelurahan" : "Maratana (Marathana Jaya )",
  "kodepos" : "97862"
}, {
  "kecamatan" : "Maba Tengah",
  "kelurahan" : "Miaf",
  "kodepos" : "97862"
}, {
  "kecamatan" : "Kota Maba",
  "kelurahan" : "Maba Sangaji (Gotowasi)",
  "kodepos" : "97862"
}, {
  "kecamatan" : "Maba Selatan",
  "kelurahan" : "Loloelamo",
  "kodepos" : "97862"
}, {
  "kecamatan" : "Maba Utara",
  "kelurahan" : "Lili",
  "kodepos" : "97862"
}, {
  "kecamatan" : "Maba Utara",
  "kelurahan" : "Lolasita",
  "kodepos" : "97862"
}, {
  "kecamatan" : "Maba Utara",
  "kelurahan" : "Jarajara",
  "kodepos" : "97862"
}, {
  "kecamatan" : "Maba Selatan",
  "kelurahan" : "Kasuba",
  "kodepos" : "97862"
}, {
  "kecamatan" : "Maba",
  "kelurahan" : "Gamesan",
  "kodepos" : "97862"
}, {
  "kecamatan" : "Maba",
  "kelurahan" : "Geltoli",
  "kodepos" : "97862"
}, {
  "kecamatan" : "Maba Selatan",
  "kelurahan" : "Gotowasi",
  "kodepos" : "97862"
}, {
  "kecamatan" : "Maba Utara",
  "kelurahan" : "Doromoi",
  "kodepos" : "97862"
}, {
  "kecamatan" : "Maba Utara",
  "kelurahan" : "Dorosago (Dorosagu)",
  "kodepos" : "97862"
}, {
  "kecamatan" : "Maba Tengah",
  "kelurahan" : "Gaifoli",
  "kodepos" : "97862"
}, {
  "kecamatan" : "Maba Tengah",
  "kelurahan" : "Dorolamo",
  "kodepos" : "97862"
}, {
  "kecamatan" : "Maba",
  "kelurahan" : "Buli",
  "kodepos" : "97862"
}, {
  "kecamatan" : "Maba",
  "kelurahan" : "Buli Asal",
  "kodepos" : "97862"
}, {
  "kecamatan" : "Maba",
  "kelurahan" : "Buli Karya",
  "kodepos" : "97862"
}, {
  "kecamatan" : "Maba Tengah",
  "kelurahan" : "Beringin Lamo (Baringin)",
  "kodepos" : "97862"
}, {
  "kecamatan" : "Maba Selatan",
  "kelurahan" : "Bicoli",
  "kodepos" : "97862"
}, {
  "kecamatan" : "Maba Tengah",
  "kelurahan" : "Bangul",
  "kodepos" : "97862"
}, {
  "kecamatan" : "Maba Tengah",
  "kelurahan" : "Bebsili",
  "kodepos" : "97862"
}, {
  "kecamatan" : "Maba",
  "kelurahan" : "Baburino",
  "kodepos" : "97862"
}, {
  "kecamatan" : "Maba Tengah",
  "kelurahan" : "Babasaram",
  "kodepos" : "97862"
} ]
