[ {
  "kecamatan" : "Patani",
  "kelurahan" : "Yondeliu",
  "kodepos" : "97854"
}, {
  "kecamatan" : "Pulau Gebe",
  "kelurahan" : "Yang",
  "kodepos" : "97854"
}, {
  "kecamatan" : "Patani",
  "kelurahan" : "Yeisowo",
  "kodepos" : "97854"
}, {
  "kecamatan" : "Pulau Gebe",
  "kelurahan" : "Umiyal",
  "kodepos" : "97854"
}, {
  "kecamatan" : "Patani",
  "kelurahan" : "Wailegi",
  "kodepos" : "97854"
}, {
  "kecamatan" : "Pulau Gebe",
  "kelurahan" : "Umera",
  "kodepos" : "97854"
}, {
  "kecamatan" : "Patani Utara",
  "kelurahan" : "Tepeleo Batudua",
  "kodepos" : "97854"
}, {
  "kecamatan" : "Patani Utara",
  "kelurahan" : "Tilope (Tepeleo)",
  "kodepos" : "97854"
}, {
  "kecamatan" : "Patani Barat",
  "kelurahan" : "Sibenpopo",
  "kodepos" : "97854"
}, {
  "kecamatan" : "Pulau Gebe",
  "kelurahan" : "Sanafi",
  "kodepos" : "97854"
}, {
  "kecamatan" : "Pulau Gebe",
  "kelurahan" : "Sonof Kacepo",
  "kodepos" : "97854"
}, {
  "kecamatan" : "Patani Utara",
  "kelurahan" : "Peniti",
  "kodepos" : "97854"
}, {
  "kecamatan" : "Patani Utara",
  "kelurahan" : "Sakam",
  "kodepos" : "97854"
}, {
  "kecamatan" : "Patani Utara",
  "kelurahan" : "Palo",
  "kodepos" : "97854"
}, {
  "kecamatan" : "Patani Utara",
  "kelurahan" : "Pantura Jaya",
  "kodepos" : "97854"
}, {
  "kecamatan" : "Patani Utara",
  "kelurahan" : "Nursifa",
  "kodepos" : "97854"
}, {
  "kecamatan" : "Patani Barat",
  "kelurahan" : "Moreala",
  "kodepos" : "97854"
}, {
  "kecamatan" : "Patani Utara",
  "kelurahan" : "Maliforo",
  "kodepos" : "97854"
}, {
  "kecamatan" : "Patani Utara",
  "kelurahan" : "Masure",
  "kodepos" : "97854"
}, {
  "kecamatan" : "Patani",
  "kelurahan" : "Kipai",
  "kodepos" : "97854"
}, {
  "kecamatan" : "Pulau Gebe",
  "kelurahan" : "Kacepi",
  "kodepos" : "97854"
}, {
  "kecamatan" : "Pulau Gebe",
  "kelurahan" : "Kapaleo",
  "kodepos" : "97854"
}, {
  "kecamatan" : "Patani Utara",
  "kelurahan" : "Gemia",
  "kodepos" : "97854"
}, {
  "kecamatan" : "Pulau Gebe",
  "kelurahan" : "Elfanun",
  "kodepos" : "97854"
}, {
  "kecamatan" : "Patani Utara",
  "kelurahan" : "Damuli",
  "kodepos" : "97854"
}, {
  "kecamatan" : "Patani Barat",
  "kelurahan" : "Bobane Jaya",
  "kodepos" : "97854"
}, {
  "kecamatan" : "Patani Utara",
  "kelurahan" : "Bilifitu",
  "kodepos" : "97854"
}, {
  "kecamatan" : "Patani Barat",
  "kelurahan" : "Bobane Indah",
  "kodepos" : "97854"
}, {
  "kecamatan" : "Patani Barat",
  "kelurahan" : "Banemo",
  "kodepos" : "97854"
}, {
  "kecamatan" : "Patani",
  "kelurahan" : "Baka Jaya",
  "kodepos" : "97854"
}, {
  "kecamatan" : "Weda Tengah",
  "kelurahan" : "Woekob",
  "kodepos" : "97853"
}, {
  "kecamatan" : "Weda Utara",
  "kelurahan" : "Yeke",
  "kodepos" : "97853"
}, {
  "kecamatan" : "Weda Tengah",
  "kelurahan" : "Woejerana",
  "kodepos" : "97853"
}, {
  "kecamatan" : "Weda",
  "kelurahan" : "Were",
  "kodepos" : "97853"
}, {
  "kecamatan" : "Weda Utara",
  "kelurahan" : "Waleh",
  "kodepos" : "97853"
}, {
  "kecamatan" : "Weda",
  "kelurahan" : "Weda / Wedana",
  "kodepos" : "97853"
}, {
  "kecamatan" : "Weda Selatan",
  "kelurahan" : "Wairoro Indah",
  "kodepos" : "97853"
}, {
  "kecamatan" : "Weda Selatan",
  "kelurahan" : "Sumber Sari",
  "kodepos" : "97853"
}, {
  "kecamatan" : "Weda Selatan",
  "kelurahan" : "Tilope (Tiloppe)",
  "kodepos" : "97853"
}, {
  "kecamatan" : "Weda Selatan",
  "kelurahan" : "Sosowomo",
  "kodepos" : "97853"
}, {
  "kecamatan" : "Weda",
  "kelurahan" : "Sidanga",
  "kodepos" : "97853"
}, {
  "kecamatan" : "Weda Tengah",
  "kelurahan" : "Sawai Itepo",
  "kodepos" : "97853"
}, {
  "kecamatan" : "Weda",
  "kelurahan" : "Nusliko",
  "kodepos" : "97853"
}, {
  "kecamatan" : "Weda Utara",
  "kelurahan" : "Sagea",
  "kodepos" : "97853"
}, {
  "kecamatan" : "Weda Selatan",
  "kelurahan" : "Loleo",
  "kodepos" : "97853"
}, {
  "kecamatan" : "Weda",
  "kelurahan" : "Nurweda",
  "kodepos" : "97853"
}, {
  "kecamatan" : "Weda Utara",
  "kelurahan" : "Messa",
  "kodepos" : "97853"
}, {
  "kecamatan" : "Weda Selatan",
  "kelurahan" : "Lembah Asri",
  "kodepos" : "97853"
}, {
  "kecamatan" : "Weda Tengah",
  "kelurahan" : "Lelilef Sawai",
  "kodepos" : "97853"
}, {
  "kecamatan" : "Weda Tengah",
  "kelurahan" : "Lelilef Waibulen",
  "kodepos" : "97853"
}, {
  "kecamatan" : "Weda Tengah",
  "kelurahan" : "Kobe",
  "kodepos" : "97853"
}, {
  "kecamatan" : "Weda Tengah",
  "kelurahan" : "Kulo Jaya",
  "kodepos" : "97853"
}, {
  "kecamatan" : "Weda Utara",
  "kelurahan" : "Kotalo",
  "kodepos" : "97853"
}, {
  "kecamatan" : "Weda Selatan",
  "kelurahan" : "Kluting Jaya",
  "kodepos" : "97853"
}, {
  "kecamatan" : "Weda Utara",
  "kelurahan" : "Kiya",
  "kodepos" : "97853"
}, {
  "kecamatan" : "Weda",
  "kelurahan" : "Goeng",
  "kodepos" : "97853"
}, {
  "kecamatan" : "Weda Utara",
  "kelurahan" : "Gemaf",
  "kodepos" : "97853"
}, {
  "kecamatan" : "Weda",
  "kelurahan" : "Fidy Jaya",
  "kodepos" : "97853"
}, {
  "kecamatan" : "Weda Utara",
  "kelurahan" : "Fritu (Sepoh)",
  "kodepos" : "97853"
}, {
  "kecamatan" : "Weda Utara",
  "kelurahan" : "Dotte",
  "kodepos" : "97853"
}, {
  "kecamatan" : "Weda Selatan",
  "kelurahan" : "Air Salobar",
  "kodepos" : "97853"
} ]
