[ {
  "kecamatan" : "Oba",
  "kelurahan" : "Woda",
  "kodepos" : "97852"
}, {
  "kecamatan" : "Oba Selatan",
  "kelurahan" : "Wama",
  "kodepos" : "97852"
}, {
  "kecamatan" : "Oba",
  "kelurahan" : "Toseho",
  "kodepos" : "97852"
}, {
  "kecamatan" : "Oba",
  "kelurahan" : "Tului Talagamori",
  "kodepos" : "97852"
}, {
  "kecamatan" : "Oba Tengah",
  "kelurahan" : "Tadupi",
  "kodepos" : "97852"
}, {
  "kecamatan" : "Oba Tengah",
  "kelurahan" : "Togema",
  "kodepos" : "97852"
}, {
  "kecamatan" : "Oba Selatan",
  "kelurahan" : "Tagalaya",
  "kodepos" : "97852"
}, {
  "kecamatan" : "Oba Utara",
  "kelurahan" : "Sofifi",
  "kodepos" : "97852"
}, {
  "kecamatan" : "Oba Utara",
  "kelurahan" : "Somahode",
  "kodepos" : "97852"
}, {
  "kecamatan" : "Oba",
  "kelurahan" : "Payahe",
  "kodepos" : "97852"
}, {
  "kecamatan" : "Oba Selatan",
  "kelurahan" : "Selamalofo",
  "kodepos" : "97852"
}, {
  "kecamatan" : "Oba Selatan",
  "kelurahan" : "Nuku",
  "kodepos" : "97852"
}, {
  "kecamatan" : "Oba Utara",
  "kelurahan" : "Oba",
  "kodepos" : "97852"
}, {
  "kecamatan" : "Oba Tengah",
  "kelurahan" : "Lola",
  "kodepos" : "97852"
}, {
  "kecamatan" : "Oba Selatan",
  "kelurahan" : "Maidi",
  "kodepos" : "97852"
}, {
  "kecamatan" : "Oba",
  "kelurahan" : "Kusu Sinopa",
  "kodepos" : "97852"
}, {
  "kecamatan" : "Oba Selatan",
  "kelurahan" : "Lifofa",
  "kodepos" : "97852"
}, {
  "kecamatan" : "Oba",
  "kelurahan" : "Kusu Sinopa",
  "kodepos" : "97852"
}, {
  "kecamatan" : "Oba",
  "kelurahan" : "Koli",
  "kodepos" : "97852"
}, {
  "kecamatan" : "Oba",
  "kelurahan" : "Kosa",
  "kodepos" : "97852"
}, {
  "kecamatan" : "Oba Selatan",
  "kelurahan" : "Hager",
  "kodepos" : "97852"
}, {
  "kecamatan" : "Oba Utara",
  "kelurahan" : "Kaiyasa",
  "kodepos" : "97852"
}, {
  "kecamatan" : "Oba Utara",
  "kelurahan" : "Gorojou",
  "kodepos" : "97852"
}, {
  "kecamatan" : "Oba Utara",
  "kelurahan" : "Guraping",
  "kodepos" : "97852"
}, {
  "kecamatan" : "Oba",
  "kelurahan" : "Gita (Gita Raja)",
  "kodepos" : "97852"
}, {
  "kecamatan" : "Oba Utara",
  "kelurahan" : "Galala",
  "kodepos" : "97852"
}, {
  "kecamatan" : "Oba",
  "kelurahan" : "Bale",
  "kodepos" : "97852"
}, {
  "kecamatan" : "Oba Utara",
  "kelurahan" : "Bukit Durian",
  "kodepos" : "97852"
}, {
  "kecamatan" : "Oba Utara",
  "kelurahan" : "Ampera",
  "kodepos" : "97852"
}, {
  "kecamatan" : "Oba Utara",
  "kelurahan" : "Balbar",
  "kodepos" : "97852"
}, {
  "kecamatan" : "Oba Tengah",
  "kelurahan" : "Aketobato",
  "kodepos" : "97852"
}, {
  "kecamatan" : "Oba Tengah",
  "kelurahan" : "Aketobololo",
  "kodepos" : "97852"
}, {
  "kecamatan" : "Oba Tengah",
  "kelurahan" : "Akelamo",
  "kodepos" : "97852"
}, {
  "kecamatan" : "Oba Tengah",
  "kelurahan" : "Akesai",
  "kodepos" : "97852"
}, {
  "kecamatan" : "Oba Utara",
  "kelurahan" : "Akekolano",
  "kodepos" : "97852"
}, {
  "kecamatan" : "Oba Tengah",
  "kelurahan" : "Akeguraci",
  "kodepos" : "97852"
}, {
  "kecamatan" : "Tidore Timur (Pulau Tidore)",
  "kelurahan" : "Tosa",
  "kodepos" : "97813"
}, {
  "kecamatan" : "Oba Tengah",
  "kelurahan" : "Akedotilou",
  "kodepos" : "97852"
}, {
  "kecamatan" : "Tidore Selatan",
  "kelurahan" : "Tuguiha",
  "kodepos" : "97813"
}, {
  "kecamatan" : "Tidore (Pulau Tidore)",
  "kelurahan" : "Topo Tiga",
  "kodepos" : "97813"
}, {
  "kecamatan" : "Tidore (Pulau Tidore)",
  "kelurahan" : "Topo",
  "kodepos" : "97813"
}, {
  "kecamatan" : "Tidore Selatan",
  "kelurahan" : "Tongowai",
  "kodepos" : "97813"
}, {
  "kecamatan" : "Tidore Selatan",
  "kelurahan" : "Tomalou",
  "kodepos" : "97813"
}, {
  "kecamatan" : "Tidore (Pulau Tidore)",
  "kelurahan" : "Tomagoba",
  "kodepos" : "97813"
}, {
  "kecamatan" : "Tidore (Pulau Tidore)",
  "kelurahan" : "Soadara",
  "kodepos" : "97813"
}, {
  "kecamatan" : "Tidore Selatan",
  "kelurahan" : "Toloa",
  "kodepos" : "97813"
}, {
  "kecamatan" : "Tidore Utara",
  "kelurahan" : "Sirongo Folaraha",
  "kodepos" : "97813"
}, {
  "kecamatan" : "Tidore (Pulau Tidore)",
  "kelurahan" : "Seli",
  "kodepos" : "97813"
}, {
  "kecamatan" : "Tidore Utara",
  "kelurahan" : "Rum",
  "kodepos" : "97813"
}, {
  "kecamatan" : "Tidore Utara",
  "kelurahan" : "Rum Balibunga",
  "kodepos" : "97813"
}, {
  "kecamatan" : "Tidore Utara",
  "kelurahan" : "Ome",
  "kodepos" : "97813"
}, {
  "kecamatan" : "Tidore Utara",
  "kelurahan" : "Mareku",
  "kodepos" : "97813"
}, {
  "kecamatan" : "Tidore Selatan",
  "kelurahan" : "Marekofo",
  "kodepos" : "97813"
}, {
  "kecamatan" : "Tidore Selatan",
  "kelurahan" : "Maregam",
  "kodepos" : "97813"
}, {
  "kecamatan" : "Tidore Utara",
  "kelurahan" : "Maitara",
  "kodepos" : "97813"
}, {
  "kecamatan" : "Tidore Utara",
  "kelurahan" : "Maitara Selatan",
  "kodepos" : "97813"
}, {
  "kecamatan" : "Tidore Timur (Pulau Tidore)",
  "kelurahan" : "Mafututu",
  "kodepos" : "97813"
}, {
  "kecamatan" : "Tidore Timur (Pulau Tidore)",
  "kelurahan" : "Kalaodi",
  "kodepos" : "97813"
}, {
  "kecamatan" : "Tidore Utara",
  "kelurahan" : "Jaya",
  "kodepos" : "97813"
}, {
  "kecamatan" : "Tidore (Pulau Tidore)",
  "kelurahan" : "Indonesiana",
  "kodepos" : "97813"
}, {
  "kecamatan" : "Tidore Selatan",
  "kelurahan" : "Gurabati",
  "kodepos" : "97813"
}, {
  "kecamatan" : "Tidore (Pulau Tidore)",
  "kelurahan" : "Gura-Bunga",
  "kodepos" : "97813"
}, {
  "kecamatan" : "Tidore (Pulau Tidore)",
  "kelurahan" : "Goto",
  "kodepos" : "97813"
}, {
  "kecamatan" : "Tidore Utara",
  "kelurahan" : "Gubu Kusuma",
  "kodepos" : "97813"
}, {
  "kecamatan" : "Tidore (Pulau Tidore)",
  "kelurahan" : "Folarora",
  "kodepos" : "97813"
}, {
  "kecamatan" : "Tidore Utara",
  "kelurahan" : "Fobaharu",
  "kodepos" : "97813"
}, {
  "kecamatan" : "Tidore Timur (Pulau Tidore)",
  "kelurahan" : "Dowora",
  "kodepos" : "97813"
}, {
  "kecamatan" : "Tidore Selatan",
  "kelurahan" : "Dokiri",
  "kodepos" : "97813"
}, {
  "kecamatan" : "Tidore Utara",
  "kelurahan" : "Bobo",
  "kodepos" : "97813"
}, {
  "kecamatan" : "Tidore Utara",
  "kelurahan" : "Afa Afa",
  "kodepos" : "97813"
}, {
  "kecamatan" : "Tidore (Pulau Tidore)",
  "kelurahan" : "Gamtufkange",
  "kodepos" : "97812"
}, {
  "kecamatan" : "Tidore (Pulau Tidore)",
  "kelurahan" : "Soa Sio",
  "kodepos" : "97811"
} ]
