[ {
  "kecamatan" : "Sulabesi Timur",
  "kelurahan" : "Waisepa",
  "kodepos" : "97795"
}, {
  "kecamatan" : "Sanana Utara",
  "kelurahan" : "Wainin",
  "kodepos" : "97795"
}, {
  "kecamatan" : "Sulabesi Tengah",
  "kelurahan" : "Waiman",
  "kodepos" : "97795"
}, {
  "kecamatan" : "Sulabesi Selatan",
  "kelurahan" : "Wainib",
  "kodepos" : "97795"
}, {
  "kecamatan" : "Sulabesi Timur",
  "kelurahan" : "Wailia",
  "kodepos" : "97795"
}, {
  "kecamatan" : "Sanana",
  "kelurahan" : "Wailau",
  "kodepos" : "97795"
}, {
  "kecamatan" : "Sulabesi Timur",
  "kelurahan" : "Waigoiyofa",
  "kodepos" : "97795"
}, {
  "kecamatan" : "Sanana",
  "kelurahan" : "Waihama",
  "kodepos" : "97795"
}, {
  "kecamatan" : "Sanana",
  "kelurahan" : "Waibau",
  "kodepos" : "97795"
}, {
  "kecamatan" : "Sulabesi Tengah",
  "kelurahan" : "Waiboga",
  "kodepos" : "97795"
}, {
  "kecamatan" : "Sulabesi Selatan",
  "kelurahan" : "Waigai",
  "kodepos" : "97795"
}, {
  "kecamatan" : "Sanana",
  "kelurahan" : "Wai Ipa",
  "kodepos" : "97795"
}, {
  "kecamatan" : "Sulabesi Selatan",
  "kelurahan" : "Wai Tamua",
  "kodepos" : "97795"
}, {
  "kecamatan" : "Sulabesi Barat",
  "kelurahan" : "Wai Ina",
  "kodepos" : "97795"
}, {
  "kecamatan" : "Sanana",
  "kelurahan" : "Umaloya",
  "kodepos" : "97795"
}, {
  "kecamatan" : "Sulabesi Selatan",
  "kelurahan" : "Skom",
  "kodepos" : "97795"
}, {
  "kecamatan" : "Sulabesi Tengah",
  "kelurahan" : "Soamole",
  "kodepos" : "97795"
}, {
  "kecamatan" : "Sanana Utara",
  "kelurahan" : "Pohea",
  "kodepos" : "97795"
}, {
  "kecamatan" : "Sulabesi Timur",
  "kelurahan" : "Sama",
  "kodepos" : "97795"
}, {
  "kecamatan" : "Sulabesi Barat",
  "kelurahan" : "Paratina",
  "kodepos" : "97795"
}, {
  "kecamatan" : "Sanana",
  "kelurahan" : "Pastina",
  "kodepos" : "97795"
}, {
  "kecamatan" : "Sulabesi Barat",
  "kelurahan" : "Nahi",
  "kodepos" : "97795"
}, {
  "kecamatan" : "Sulabesi Barat",
  "kelurahan" : "Ona",
  "kodepos" : "97795"
}, {
  "kecamatan" : "Sanana",
  "kelurahan" : "Mangon",
  "kodepos" : "97795"
}, {
  "kecamatan" : "Sanana Utara",
  "kelurahan" : "Man-Gega",
  "kodepos" : "97795"
}, {
  "kecamatan" : "Sulabesi Tengah",
  "kelurahan" : "Manaf",
  "kodepos" : "97795"
}, {
  "kecamatan" : "Sanana Utara",
  "kelurahan" : "Malbufa",
  "kodepos" : "97795"
}, {
  "kecamatan" : "Sulabesi Barat",
  "kelurahan" : "Kabau Pantai",
  "kodepos" : "97795"
}, {
  "kecamatan" : "Sulabesi Barat",
  "kelurahan" : "Kabau Darat",
  "kodepos" : "97795"
}, {
  "kecamatan" : "Sanana Utara",
  "kelurahan" : "Fukweu",
  "kodepos" : "97795"
}, {
  "kecamatan" : "Sulabesi Selatan",
  "kelurahan" : "Fuata",
  "kodepos" : "97795"
}, {
  "kecamatan" : "Sanana Utara",
  "kelurahan" : "Fokalik",
  "kodepos" : "97795"
}, {
  "kecamatan" : "Sanana",
  "kelurahan" : "Fogi",
  "kodepos" : "97795"
}, {
  "kecamatan" : "Sulabesi Timur",
  "kelurahan" : "Fatkauyon",
  "kodepos" : "97795"
}, {
  "kecamatan" : "Sanana",
  "kelurahan" : "Fatcei",
  "kodepos" : "97795"
}, {
  "kecamatan" : "Sulabesi Tengah",
  "kelurahan" : "Fat Iba",
  "kodepos" : "97795"
}, {
  "kecamatan" : "Sanana",
  "kelurahan" : "Fagudu",
  "kodepos" : "97795"
}, {
  "kecamatan" : "Sanana",
  "kelurahan" : "Falahu",
  "kodepos" : "97795"
}, {
  "kecamatan" : "Sulabesi Tengah",
  "kelurahan" : "Bega",
  "kodepos" : "97795"
}, {
  "kecamatan" : "Sulabesi Timur",
  "kelurahan" : "Baleha",
  "kodepos" : "97795"
}, {
  "kecamatan" : "Sanana Utara",
  "kelurahan" : "Bajo",
  "kodepos" : "97795"
}, {
  "kecamatan" : "Taliabu Utara",
  "kelurahan" : "Ufung",
  "kodepos" : "97794"
}, {
  "kecamatan" : "Taliabu Barat",
  "kelurahan" : "Timpaus",
  "kodepos" : "97794"
}, {
  "kecamatan" : "Taliabu Barat",
  "kelurahan" : "Wayo",
  "kodepos" : "97794"
}, {
  "kecamatan" : "Taliabu Utara",
  "kelurahan" : "Tanjung Una",
  "kodepos" : "97794"
}, {
  "kecamatan" : "Taliabu Utara",
  "kelurahan" : "Tanjung Una",
  "kodepos" : "97794"
}, {
  "kecamatan" : "Taliabu Utara",
  "kelurahan" : "Tikong",
  "kodepos" : "97794"
}, {
  "kecamatan" : "Taliabu Selatan",
  "kelurahan" : "Sumbong",
  "kodepos" : "97794"
}, {
  "kecamatan" : "Taliabu Selatan",
  "kelurahan" : "Tabona",
  "kodepos" : "97794"
}, {
  "kecamatan" : "Taliabu Barat",
  "kelurahan" : "Pancoran",
  "kodepos" : "97794"
}, {
  "kecamatan" : "Taliabu Barat Laut",
  "kelurahan" : "Salati",
  "kodepos" : "97794"
}, {
  "kecamatan" : "Taliabu Utara",
  "kelurahan" : "Sahu",
  "kodepos" : "97794"
}, {
  "kecamatan" : "Taliabu Selatan",
  "kelurahan" : "Pancado",
  "kodepos" : "97794"
}, {
  "kecamatan" : "Taliabu Utara",
  "kelurahan" : "Padang",
  "kodepos" : "97794"
}, {
  "kecamatan" : "Taliabu Barat Laut",
  "kelurahan" : "Nggele",
  "kodepos" : "97794"
}, {
  "kecamatan" : "Taliabu Utara",
  "kelurahan" : "Nunca",
  "kodepos" : "97794"
}, {
  "kecamatan" : "Taliabu Selatan",
  "kelurahan" : "Nggaki",
  "kodepos" : "97794"
}, {
  "kecamatan" : "Taliabu Utara",
  "kelurahan" : "Mbono",
  "kodepos" : "97794"
}, {
  "kecamatan" : "Taliabu Utara",
  "kelurahan" : "Minton",
  "kodepos" : "97794"
}, {
  "kecamatan" : "Taliabu Barat",
  "kelurahan" : "Masonit",
  "kodepos" : "97794"
}, {
  "kecamatan" : "Taliabu Utara",
  "kelurahan" : "Mananga",
  "kodepos" : "97794"
}, {
  "kecamatan" : "Taliabu Barat",
  "kelurahan" : "Maranti Jaya",
  "kodepos" : "97794"
}, {
  "kecamatan" : "Taliabu Barat",
  "kelurahan" : "Kramat",
  "kodepos" : "97794"
}, {
  "kecamatan" : "Taliabu Barat",
  "kelurahan" : "Limbo",
  "kodepos" : "97794"
}, {
  "kecamatan" : "Taliabu Barat",
  "kelurahan" : "Loho Bubba",
  "kodepos" : "97794"
}, {
  "kecamatan" : "Taliabu Barat",
  "kelurahan" : "Kawalo",
  "kodepos" : "97794"
}, {
  "kecamatan" : "Taliabu Selatan",
  "kelurahan" : "Kilo",
  "kodepos" : "97794"
}, {
  "kecamatan" : "Taliabu Barat Laut",
  "kelurahan" : "Kasong",
  "kodepos" : "97794"
}, {
  "kecamatan" : "Taliabu Barat",
  "kelurahan" : "Kasuari",
  "kodepos" : "97794"
}, {
  "kecamatan" : "Taliabu Utara",
  "kelurahan" : "Hai",
  "kodepos" : "97794"
}, {
  "kecamatan" : "Taliabu Utara",
  "kelurahan" : "Jorjoga",
  "kodepos" : "97794"
}, {
  "kecamatan" : "Taliabu Barat",
  "kelurahan" : "Holbota",
  "kodepos" : "97794"
}, {
  "kecamatan" : "Taliabu Utara",
  "kelurahan" : "Gela",
  "kodepos" : "97794"
}, {
  "kecamatan" : "Taliabu Barat",
  "kelurahan" : "Gurua",
  "kodepos" : "97794"
}, {
  "kecamatan" : "Taliabu Utara",
  "kelurahan" : "Dege",
  "kodepos" : "97794"
}, {
  "kecamatan" : "Taliabu Barat",
  "kelurahan" : "Bobong",
  "kodepos" : "97794"
}, {
  "kecamatan" : "Taliabu Barat Laut",
  "kelurahan" : "Beringin Jaya",
  "kodepos" : "97794"
}, {
  "kecamatan" : "Taliabu Selatan",
  "kelurahan" : "Bapenu",
  "kodepos" : "97794"
}, {
  "kecamatan" : "Taliabu Selatan",
  "kelurahan" : "Bahu",
  "kodepos" : "97794"
}, {
  "kecamatan" : "Taliabu Utara",
  "kelurahan" : "Air Bulan",
  "kodepos" : "97794"
}, {
  "kecamatan" : "Taliabu Utara",
  "kelurahan" : "Air Kalimat",
  "kodepos" : "97794"
}, {
  "kecamatan" : "Mangoli Tengah",
  "kelurahan" : "Waitulia",
  "kodepos" : "97793"
}, {
  "kecamatan" : "Mangoli Timur",
  "kelurahan" : "Waitina",
  "kodepos" : "97793"
}, {
  "kecamatan" : "Mangoli Utara Timur",
  "kelurahan" : "Waisum",
  "kodepos" : "97793"
}, {
  "kecamatan" : "Mangoli Timur",
  "kelurahan" : "Waitamela",
  "kodepos" : "97793"
}, {
  "kecamatan" : "Mangoli Selatan",
  "kelurahan" : "Wailab",
  "kodepos" : "97793"
}, {
  "kecamatan" : "Mangoli Tengah",
  "kelurahan" : "Wailoba",
  "kodepos" : "97793"
}, {
  "kecamatan" : "Mangoli Utara Timur",
  "kelurahan" : "Waisakai",
  "kodepos" : "97793"
}, {
  "kecamatan" : "Taliabu Timur Selatan",
  "kelurahan" : "Waikoka",
  "kodepos" : "97793"
}, {
  "kecamatan" : "Mangoli Selatan",
  "kelurahan" : "Waikafia",
  "kodepos" : "97793"
}, {
  "kecamatan" : "Taliabu Timur Selatan",
  "kelurahan" : "Waikadai",
  "kodepos" : "97793"
}, {
  "kecamatan" : "Taliabu Timur Selatan",
  "kelurahan" : "Waikadai Sula",
  "kodepos" : "97793"
}, {
  "kecamatan" : "Mangoli Tengah",
  "kelurahan" : "Urifola",
  "kodepos" : "97793"
}, {
  "kecamatan" : "Mangoli Tengah",
  "kelurahan" : "Wai U",
  "kodepos" : "97793"
}, {
  "kecamatan" : "Taliabu Timur",
  "kelurahan" : "Tubang",
  "kodepos" : "97793"
}, {
  "kecamatan" : "Lede",
  "kelurahan" : "Todoli",
  "kodepos" : "97793"
}, {
  "kecamatan" : "Lede",
  "kelurahan" : "Tolong",
  "kodepos" : "97793"
}, {
  "kecamatan" : "Taliabu Timur Selatan",
  "kelurahan" : "Sofan",
  "kodepos" : "97793"
}, {
  "kecamatan" : "Mangoli Utara",
  "kelurahan" : "Saniahaya",
  "kodepos" : "97793"
}, {
  "kecamatan" : "Lede",
  "kelurahan" : "Natang Kuning",
  "kodepos" : "97793"
}, {
  "kecamatan" : "Taliabu Timur",
  "kelurahan" : "Samuya",
  "kodepos" : "97793"
}, {
  "kecamatan" : "Mangoli Utara",
  "kelurahan" : "Modapuhi Trans",
  "kodepos" : "97793"
}, {
  "kecamatan" : "Taliabu Timur",
  "kelurahan" : "Penu",
  "kodepos" : "97793"
}, {
  "kecamatan" : "Mangoli Timur",
  "kelurahan" : "Naflo",
  "kodepos" : "97793"
}, {
  "kecamatan" : "Mangoli Utara Timur",
  "kelurahan" : "Pelita Jaya",
  "kodepos" : "97793"
}, {
  "kecamatan" : "Mangoli Utara",
  "kelurahan" : "Modapia",
  "kodepos" : "97793"
}, {
  "kecamatan" : "Mangoli Utara",
  "kelurahan" : "Pastabulu",
  "kodepos" : "97793"
}, {
  "kecamatan" : "Mangoli Utara",
  "kelurahan" : "Modapuhi",
  "kodepos" : "97793"
}, {
  "kecamatan" : "Mangoli Tengah",
  "kelurahan" : "Paslal",
  "kodepos" : "97793"
}, {
  "kecamatan" : "Taliabu Timur Selatan",
  "kelurahan" : "Mantarara",
  "kodepos" : "97793"
}, {
  "kecamatan" : "Taliabu Timur",
  "kelurahan" : "Parigi",
  "kodepos" : "97793"
}, {
  "kecamatan" : "Mangoli Utara",
  "kelurahan" : "Minaluli",
  "kodepos" : "97793"
}, {
  "kecamatan" : "Taliabu Timur Selatan",
  "kelurahan" : "Losseng",
  "kodepos" : "97793"
}, {
  "kecamatan" : "Mangoli Tengah",
  "kelurahan" : "Mangoli",
  "kodepos" : "97793"
}, {
  "kecamatan" : "Lede",
  "kelurahan" : "Lede",
  "kodepos" : "97793"
}, {
  "kecamatan" : "Lede",
  "kelurahan" : "Langganu",
  "kodepos" : "97793"
}, {
  "kecamatan" : "Mangoli Utara Timur",
  "kelurahan" : "Kawata",
  "kodepos" : "97793"
}, {
  "kecamatan" : "Mangoli Timur",
  "kelurahan" : "Kau/Kou (Kow)",
  "kodepos" : "97793"
}, {
  "kecamatan" : "Taliabu Timur Selatan",
  "kelurahan" : "Kawadang",
  "kodepos" : "97793"
}, {
  "kecamatan" : "Mangoli Timur",
  "kelurahan" : "Karamat Titdoy",
  "kodepos" : "97793"
}, {
  "kecamatan" : "Mangoli Selatan",
  "kelurahan" : "Kaporo",
  "kodepos" : "97793"
}, {
  "kecamatan" : "Taliabu Timur Selatan",
  "kelurahan" : "Kabunu",
  "kodepos" : "97793"
}, {
  "kecamatan" : "Taliabu Timur Selatan",
  "kelurahan" : "Kamaya",
  "kodepos" : "97793"
}, {
  "kecamatan" : "Mangoli Utara",
  "kelurahan" : "Falabisahaya",
  "kodepos" : "97793"
}, {
  "kecamatan" : "Mangoli Tengah",
  "kelurahan" : "Buruakol",
  "kodepos" : "97793"
}, {
  "kecamatan" : "Mangoli Tengah",
  "kelurahan" : "Capalulu",
  "kodepos" : "97793"
}, {
  "kecamatan" : "Mangoli Selatan",
  "kelurahan" : "Buya",
  "kodepos" : "97793"
}, {
  "kecamatan" : "Taliabu Timur Selatan",
  "kelurahan" : "Belo",
  "kodepos" : "97793"
}, {
  "kecamatan" : "Mangoli Selatan",
  "kelurahan" : "Auponhia",
  "kodepos" : "97793"
}, {
  "kecamatan" : "Mangoli Barat",
  "kelurahan" : "Pelita",
  "kodepos" : "97792"
}, {
  "kecamatan" : "Mangoli Barat",
  "kelurahan" : "Pas Ipa",
  "kodepos" : "97792"
}, {
  "kecamatan" : "Mangoli Barat",
  "kelurahan" : "Lelyaba",
  "kodepos" : "97792"
}, {
  "kecamatan" : "Mangoli Barat",
  "kelurahan" : "Lekokadai",
  "kodepos" : "97792"
}, {
  "kecamatan" : "Mangoli Barat",
  "kelurahan" : "Lekosula",
  "kodepos" : "97792"
}, {
  "kecamatan" : "Mangoli Barat",
  "kelurahan" : "Johor Perda",
  "kodepos" : "97792"
}, {
  "kecamatan" : "Mangoli Barat",
  "kelurahan" : "Dofa",
  "kodepos" : "97792"
} ]
