[ {
  "kecamatan" : "Morotai Timur",
  "kelurahan" : "Gosoma Maluku",
  "kodepos" : "97775"
}, {
  "kecamatan" : "Morotai Timur",
  "kelurahan" : "Doku Mira",
  "kodepos" : "97777"
}, {
  "kecamatan" : "Morotai Timur",
  "kelurahan" : "Hino",
  "kodepos" : "97774"
}, {
  "kecamatan" : "Morotai Timur",
  "kelurahan" : "Gamlamo",
  "kodepos" : "97776"
}, {
  "kecamatan" : "Morotai Timur",
  "kelurahan" : "Seseli Jaya",
  "kodepos" : "97773"
}, {
  "kecamatan" : "Morotai Utara",
  "kelurahan" : "Yao",
  "kodepos" : "97772"
}, {
  "kecamatan" : "Morotai Timur",
  "kelurahan" : "Wewemo",
  "kodepos" : "97772"
}, {
  "kecamatan" : "Morotai Jaya",
  "kelurahan" : "Titigogoli",
  "kodepos" : "97772"
}, {
  "kecamatan" : "Morotai Jaya",
  "kelurahan" : "Towara",
  "kodepos" : "97772"
}, {
  "kecamatan" : "Morotai Utara",
  "kelurahan" : "Tawakali",
  "kodepos" : "97772"
}, {
  "kecamatan" : "Morotai Utara",
  "kelurahan" : "Tanjung Saleh",
  "kodepos" : "97772"
}, {
  "kecamatan" : "Morotai Jaya",
  "kelurahan" : "Sopi",
  "kodepos" : "97772"
}, {
  "kecamatan" : "Morotai Jaya",
  "kelurahan" : "Sopi Majiko",
  "kodepos" : "97772"
}, {
  "kecamatan" : "Morotai Utara",
  "kelurahan" : "Sakita",
  "kodepos" : "97772"
}, {
  "kecamatan" : "Morotai Timur",
  "kelurahan" : "Rahmat",
  "kodepos" : "97772"
}, {
  "kecamatan" : "Morotai Jaya",
  "kelurahan" : "Podimor Padange",
  "kodepos" : "97772"
}, {
  "kecamatan" : "Morotai Jaya",
  "kelurahan" : "Pangeo",
  "kodepos" : "97772"
}, {
  "kecamatan" : "Morotai Timur",
  "kelurahan" : "Mira",
  "kodepos" : "97772"
}, {
  "kecamatan" : "Morotai Utara",
  "kelurahan" : "Maba",
  "kodepos" : "97772"
}, {
  "kecamatan" : "Morotai Utara",
  "kelurahan" : "Losuo",
  "kodepos" : "97772"
}, {
  "kecamatan" : "Morotai Utara",
  "kelurahan" : "Loleo Jaya",
  "kodepos" : "97772"
}, {
  "kecamatan" : "Morotai Timur",
  "kelurahan" : "Lifao",
  "kodepos" : "97772"
}, {
  "kecamatan" : "Morotai Jaya",
  "kelurahan" : "Loleo",
  "kodepos" : "97772"
}, {
  "kecamatan" : "Morotai Jaya",
  "kelurahan" : "Libano",
  "kodepos" : "97772"
}, {
  "kecamatan" : "Morotai Utara",
  "kelurahan" : "Korago",
  "kodepos" : "97772"
}, {
  "kecamatan" : "Morotai Utara",
  "kelurahan" : "Kenari",
  "kodepos" : "97772"
}, {
  "kecamatan" : "Morotai Jaya",
  "kelurahan" : "Hapo",
  "kodepos" : "97772"
}, {
  "kecamatan" : "Morotai Jaya",
  "kelurahan" : "Gorugo",
  "kodepos" : "97772"
}, {
  "kecamatan" : "Morotai Utara",
  "kelurahan" : "Gorua Selatan",
  "kodepos" : "97772"
}, {
  "kecamatan" : "Morotai Utara",
  "kelurahan" : "Gorua",
  "kodepos" : "97772"
}, {
  "kecamatan" : "Morotai Utara",
  "kelurahan" : "Goa Hira",
  "kodepos" : "97772"
}, {
  "kecamatan" : "Morotai Jaya",
  "kelurahan" : "Cendana",
  "kodepos" : "97772"
}, {
  "kecamatan" : "Morotai Jaya",
  "kelurahan" : "Cempaka",
  "kodepos" : "97772"
}, {
  "kecamatan" : "Morotai Timur",
  "kelurahan" : "Buho Buho",
  "kodepos" : "97772"
}, {
  "kecamatan" : "Morotai Utara",
  "kelurahan" : "Bido",
  "kodepos" : "97772"
}, {
  "kecamatan" : "Morotai Utara",
  "kelurahan" : "Bere Bere",
  "kodepos" : "97772"
}, {
  "kecamatan" : "Morotai Jaya",
  "kelurahan" : "Bere Bere Kecil",
  "kodepos" : "97772"
}, {
  "kecamatan" : "Morotai Jaya",
  "kelurahan" : "Aru",
  "kodepos" : "97772"
}, {
  "kecamatan" : "Morotai Selatan",
  "kelurahan" : "Yayasan",
  "kodepos" : "97771"
}, {
  "kecamatan" : "Morotai Selatan Barat",
  "kelurahan" : "Wayabula",
  "kodepos" : "97771"
}, {
  "kecamatan" : "Morotai Selatan",
  "kelurahan" : "Wawama",
  "kodepos" : "97771"
}, {
  "kecamatan" : "Morotai Selatan Barat",
  "kelurahan" : "Waringin",
  "kodepos" : "97771"
}, {
  "kecamatan" : "Morotai Selatan",
  "kelurahan" : "Totodoku",
  "kodepos" : "97771"
}, {
  "kecamatan" : "Morotai Selatan Barat",
  "kelurahan" : "Tutuhu (Tuthu)",
  "kodepos" : "97771"
}, {
  "kecamatan" : "Morotai Selatan Barat",
  "kelurahan" : "Usbar Pantai",
  "kodepos" : "97771"
}, {
  "kecamatan" : "Morotai Selatan Barat",
  "kelurahan" : "Tiley Pantai",
  "kodepos" : "97771"
}, {
  "kecamatan" : "Morotai Timur",
  "kelurahan" : "Sangowo Timur",
  "kodepos" : "97771"
}, {
  "kecamatan" : "Morotai Selatan Barat",
  "kelurahan" : "Tiley Kusu",
  "kodepos" : "97771"
}, {
  "kecamatan" : "Morotai Timur",
  "kelurahan" : "Sangowo",
  "kodepos" : "97771"
}, {
  "kecamatan" : "Morotai Timur",
  "kelurahan" : "Sangowo Barat",
  "kodepos" : "97771"
}, {
  "kecamatan" : "Morotai Selatan Barat",
  "kelurahan" : "Saminyamau",
  "kodepos" : "97771"
}, {
  "kecamatan" : "Morotai Timur",
  "kelurahan" : "Sambiki",
  "kodepos" : "97771"
}, {
  "kecamatan" : "Morotai Timur",
  "kelurahan" : "Sambiki Baru",
  "kodepos" : "97771"
}, {
  "kecamatan" : "Morotai Selatan",
  "kelurahan" : "Sabatai Baru",
  "kodepos" : "97771"
}, {
  "kecamatan" : "Morotai Selatan",
  "kelurahan" : "Sabatai Tua",
  "kodepos" : "97771"
}, {
  "kecamatan" : "Morotai Selatan",
  "kelurahan" : "Sabala",
  "kodepos" : "97771"
}, {
  "kecamatan" : "Morotai Selatan Barat",
  "kelurahan" : "Raja",
  "kodepos" : "97771"
}, {
  "kecamatan" : "Morotai Selatan",
  "kelurahan" : "Pilowo",
  "kodepos" : "97771"
}, {
  "kecamatan" : "Morotai Selatan Barat",
  "kelurahan" : "Posi Posi Rao",
  "kodepos" : "97771"
}, {
  "kecamatan" : "Morotai Selatan",
  "kelurahan" : "Pandangan",
  "kodepos" : "97771"
}, {
  "kecamatan" : "Morotai Selatan Barat",
  "kelurahan" : "Ngele Ngele Besar",
  "kodepos" : "97771"
}, {
  "kecamatan" : "Morotai Selatan Barat",
  "kelurahan" : "Ngele Ngele Kecil",
  "kodepos" : "97771"
}, {
  "kecamatan" : "Morotai Selatan",
  "kelurahan" : "Muhajirin",
  "kodepos" : "97771"
}, {
  "kecamatan" : "Morotai Selatan",
  "kelurahan" : "Nakamura",
  "kodepos" : "97771"
}, {
  "kecamatan" : "Morotai Selatan",
  "kelurahan" : "Mandiri",
  "kodepos" : "97771"
}, {
  "kecamatan" : "Morotai Selatan",
  "kelurahan" : "Momojiu",
  "kodepos" : "97771"
}, {
  "kecamatan" : "Morotai Selatan",
  "kelurahan" : "Morodadi",
  "kodepos" : "97771"
}, {
  "kecamatan" : "Morotai Selatan Barat",
  "kelurahan" : "Leo Leo",
  "kodepos" : "97771"
}, {
  "kecamatan" : "Morotai Selatan Barat",
  "kelurahan" : "Lou Madoro",
  "kodepos" : "97771"
}, {
  "kecamatan" : "Morotai Selatan",
  "kelurahan" : "Koloray (Kolorai)",
  "kodepos" : "97771"
}, {
  "kecamatan" : "Morotai Selatan",
  "kelurahan" : "Joubela",
  "kodepos" : "97771"
}, {
  "kecamatan" : "Morotai Selatan",
  "kelurahan" : "Juanga",
  "kodepos" : "97771"
}, {
  "kecamatan" : "Morotai Selatan",
  "kelurahan" : "Falila",
  "kodepos" : "97771"
}, {
  "kecamatan" : "Morotai Selatan",
  "kelurahan" : "Galo Galo",
  "kodepos" : "97771"
}, {
  "kecamatan" : "Morotai Selatan",
  "kelurahan" : "Gotalamo",
  "kodepos" : "97771"
}, {
  "kecamatan" : "Morotai Selatan",
  "kelurahan" : "Daruba",
  "kodepos" : "97771"
}, {
  "kecamatan" : "Morotai Selatan",
  "kelurahan" : "Dehegila",
  "kodepos" : "97771"
}, {
  "kecamatan" : "Morotai Selatan",
  "kelurahan" : "Daeo",
  "kodepos" : "97771"
}, {
  "kecamatan" : "Morotai Selatan",
  "kelurahan" : "Daeo Majiko",
  "kodepos" : "97771"
}, {
  "kecamatan" : "Morotai Selatan",
  "kelurahan" : "Darame",
  "kodepos" : "97771"
}, {
  "kecamatan" : "Morotai Selatan Barat",
  "kelurahan" : "Cio Maloleo",
  "kodepos" : "97771"
}, {
  "kecamatan" : "Morotai Selatan Barat",
  "kelurahan" : "Cucumare",
  "kodepos" : "97771"
}, {
  "kecamatan" : "Morotai Selatan Barat",
  "kelurahan" : "Cio Dalam",
  "kodepos" : "97771"
}, {
  "kecamatan" : "Morotai Selatan Barat",
  "kelurahan" : "Cio Gerong",
  "kodepos" : "97771"
}, {
  "kecamatan" : "Morotai Selatan Barat",
  "kelurahan" : "Aru Burung",
  "kodepos" : "97771"
}, {
  "kecamatan" : "Morotai Selatan Barat",
  "kelurahan" : "Aru Irian",
  "kodepos" : "97771"
}, {
  "kecamatan" : "Morotai Selatan Barat",
  "kelurahan" : "Bobula",
  "kodepos" : "97771"
}, {
  "kecamatan" : "Morotai Selatan",
  "kelurahan" : "Aha",
  "kodepos" : "97771"
} ]
