[ {
  "kecamatan" : "Loloda",
  "kelurahan" : "Tuguis",
  "kodepos" : "97755"
}, {
  "kecamatan" : "Loloda",
  "kelurahan" : "Totala Jaya",
  "kodepos" : "97755"
}, {
  "kecamatan" : "Loloda",
  "kelurahan" : "Tuakara",
  "kodepos" : "97755"
}, {
  "kecamatan" : "Loloda",
  "kelurahan" : "Tomodo",
  "kodepos" : "97755"
}, {
  "kecamatan" : "Loloda",
  "kelurahan" : "Tosomolo",
  "kodepos" : "97755"
}, {
  "kecamatan" : "Loloda",
  "kelurahan" : "Totala",
  "kodepos" : "97755"
}, {
  "kecamatan" : "Loloda",
  "kelurahan" : "Tolofuo",
  "kodepos" : "97755"
}, {
  "kecamatan" : "Loloda",
  "kelurahan" : "Tolofuo",
  "kodepos" : "97755"
}, {
  "kecamatan" : "Loloda",
  "kelurahan" : "Tasye",
  "kodepos" : "97755"
}, {
  "kecamatan" : "Loloda",
  "kelurahan" : "Soa-Sio",
  "kodepos" : "97755"
}, {
  "kecamatan" : "Loloda",
  "kelurahan" : "Salu",
  "kodepos" : "97755"
}, {
  "kecamatan" : "Loloda",
  "kelurahan" : "Pumadada",
  "kodepos" : "97755"
}, {
  "kecamatan" : "Loloda",
  "kelurahan" : "Linggua",
  "kodepos" : "97755"
}, {
  "kecamatan" : "Loloda",
  "kelurahan" : "Jano",
  "kodepos" : "97755"
}, {
  "kecamatan" : "Loloda",
  "kelurahan" : "Laba Besar",
  "kodepos" : "97755"
}, {
  "kecamatan" : "Loloda",
  "kelurahan" : "Laba Kecil",
  "kodepos" : "97755"
}, {
  "kecamatan" : "Loloda",
  "kelurahan" : "Jangailulu",
  "kodepos" : "97755"
}, {
  "kecamatan" : "Loloda",
  "kelurahan" : "Kedi",
  "kodepos" : "97755"
}, {
  "kecamatan" : "Loloda",
  "kelurahan" : "Gamkahe",
  "kodepos" : "97755"
}, {
  "kecamatan" : "Loloda",
  "kelurahan" : "Kahatola",
  "kodepos" : "97755"
}, {
  "kecamatan" : "Loloda",
  "kelurahan" : "Bantol",
  "kodepos" : "97755"
}, {
  "kecamatan" : "Loloda",
  "kelurahan" : "Baja",
  "kodepos" : "97755"
}, {
  "kecamatan" : "Loloda",
  "kelurahan" : "Bakun",
  "kodepos" : "97755"
}, {
  "kecamatan" : "Loloda",
  "kelurahan" : "Aruku",
  "kodepos" : "97755"
}, {
  "kecamatan" : "Ibu Utara",
  "kelurahan" : "Tukuoku",
  "kodepos" : "97754"
}, {
  "kecamatan" : "Ibu Selatan",
  "kelurahan" : "Tosoa",
  "kodepos" : "97754"
}, {
  "kecamatan" : "Ibu Utara",
  "kelurahan" : "Todoke",
  "kodepos" : "97754"
}, {
  "kecamatan" : "Ibu Selatan",
  "kelurahan" : "Tuguaer",
  "kodepos" : "97754"
}, {
  "kecamatan" : "Loloda",
  "kelurahan" : "Buo",
  "kodepos" : "97755"
}, {
  "kecamatan" : "Ibu Selatan",
  "kelurahan" : "Tobobol (Tabobol)",
  "kodepos" : "97754"
}, {
  "kecamatan" : "Ibu Utara",
  "kelurahan" : "Tuguis",
  "kodepos" : "97754"
}, {
  "kecamatan" : "Loloda",
  "kelurahan" : "Bosala",
  "kodepos" : "97755"
}, {
  "kecamatan" : "Ibu",
  "kelurahan" : "Tobaol",
  "kodepos" : "97754"
}, {
  "kecamatan" : "Ibu",
  "kelurahan" : "Tongute Ternate Selatan",
  "kodepos" : "97754"
}, {
  "kecamatan" : "Loloda",
  "kelurahan" : "Bilote",
  "kodepos" : "97755"
}, {
  "kecamatan" : "Ibu Selatan",
  "kelurahan" : "Tobelos",
  "kodepos" : "97754"
}, {
  "kecamatan" : "Ibu Utara",
  "kelurahan" : "Tengowango (Teongowango)",
  "kodepos" : "97754"
}, {
  "kecamatan" : "Ibu",
  "kelurahan" : "Tongute Ternate",
  "kodepos" : "97754"
}, {
  "kecamatan" : "Loloda",
  "kelurahan" : "Barataku",
  "kodepos" : "97755"
}, {
  "kecamatan" : "Ibu Selatan",
  "kelurahan" : "Talaga",
  "kodepos" : "97754"
}, {
  "kecamatan" : "Ibu",
  "kelurahan" : "Tongute Goin",
  "kodepos" : "97754"
}, {
  "kecamatan" : "Loloda",
  "kelurahan" : "Bakun Pantai",
  "kodepos" : "97755"
}, {
  "kecamatan" : "Ibu",
  "kelurahan" : "Tongute Sungi",
  "kodepos" : "97754"
}, {
  "kecamatan" : "Ibu Utara",
  "kelurahan" : "Soasangaji",
  "kodepos" : "97754"
}, {
  "kecamatan" : "Ibu Utara",
  "kelurahan" : "Togowo",
  "kodepos" : "97754"
}, {
  "kecamatan" : "Ibu",
  "kelurahan" : "Tahafo",
  "kodepos" : "97754"
}, {
  "kecamatan" : "Ibu Utara",
  "kelurahan" : "Tolisaor",
  "kodepos" : "97754"
}, {
  "kecamatan" : "Ibu",
  "kelurahan" : "Soana Masungi",
  "kodepos" : "97754"
}, {
  "kecamatan" : "Ibu Utara",
  "kelurahan" : "Togoreba Sungi (Tugureba Sungi)",
  "kodepos" : "97754"
}, {
  "kecamatan" : "Ibu Selatan",
  "kelurahan" : "Sarau",
  "kodepos" : "97754"
}, {
  "kecamatan" : "Ibu Utara",
  "kelurahan" : "Togoreba Tua",
  "kodepos" : "97754"
}, {
  "kecamatan" : "Ibu Utara",
  "kelurahan" : "Podol",
  "kodepos" : "97754"
}, {
  "kecamatan" : "Ibu",
  "kelurahan" : "Togola Sanger/Sangir",
  "kodepos" : "97754"
}, {
  "kecamatan" : "Ibu Utara",
  "kelurahan" : "Sangaji Nyeku",
  "kodepos" : "97754"
}, {
  "kecamatan" : "Ibu",
  "kelurahan" : "Togola Wayolo/Wayoli",
  "kodepos" : "97754"
}, {
  "kecamatan" : "Ibu Utara",
  "kelurahan" : "Pasalulu",
  "kodepos" : "97754"
}, {
  "kecamatan" : "Ibu Selatan",
  "kelurahan" : "Ngawet",
  "kodepos" : "97754"
}, {
  "kecamatan" : "Ibu Selatan",
  "kelurahan" : "Ngalo Ngalo",
  "kodepos" : "97754"
}, {
  "kecamatan" : "Ibu Selatan",
  "kelurahan" : "Nanas",
  "kodepos" : "97754"
}, {
  "kecamatan" : "Ibu Selatan",
  "kelurahan" : "Jere",
  "kodepos" : "97754"
}, {
  "kecamatan" : "Ibu",
  "kelurahan" : "Naga",
  "kodepos" : "97754"
}, {
  "kecamatan" : "Ibu Utara",
  "kelurahan" : "Goin",
  "kodepos" : "97754"
}, {
  "kecamatan" : "Ibu",
  "kelurahan" : "Kie Lei (Kie Ici)",
  "kodepos" : "97754"
}, {
  "kecamatan" : "Ibu Selatan",
  "kelurahan" : "Gamsungi",
  "kodepos" : "97754"
}, {
  "kecamatan" : "Ibu",
  "kelurahan" : "Maritango",
  "kodepos" : "97754"
}, {
  "kecamatan" : "Ibu Selatan",
  "kelurahan" : "Gamsida",
  "kodepos" : "97754"
}, {
  "kecamatan" : "Ibu",
  "kelurahan" : "Kampung Baru",
  "kodepos" : "97754"
}, {
  "kecamatan" : "Ibu Selatan",
  "kelurahan" : "Gamkonora",
  "kodepos" : "97754"
}, {
  "kecamatan" : "Ibu",
  "kelurahan" : "Gam Lamo",
  "kodepos" : "97754"
}, {
  "kecamatan" : "Ibu",
  "kelurahan" : "Gam Ici",
  "kodepos" : "97754"
}, {
  "kecamatan" : "Ibu Utara",
  "kelurahan" : "Duono",
  "kodepos" : "97754"
}, {
  "kecamatan" : "Ibu Utara",
  "kelurahan" : "Borona",
  "kodepos" : "97754"
}, {
  "kecamatan" : "Ibu Selatan",
  "kelurahan" : "Bataka",
  "kodepos" : "97754"
}, {
  "kecamatan" : "Ibu Selatan",
  "kelurahan" : "Baru",
  "kodepos" : "97754"
}, {
  "kecamatan" : "Ibu Utara",
  "kelurahan" : "Aru Jaya",
  "kodepos" : "97754"
}, {
  "kecamatan" : "Ibu",
  "kelurahan" : "Akesibu",
  "kodepos" : "97754"
}, {
  "kecamatan" : "Ibu",
  "kelurahan" : "Ake Boso",
  "kodepos" : "97754"
}, {
  "kecamatan" : "Ibu Selatan",
  "kelurahan" : "Adu",
  "kodepos" : "97754"
}, {
  "kecamatan" : "Sahu",
  "kelurahan" : "Worat Worat",
  "kodepos" : "97753"
}, {
  "kecamatan" : "Sahu",
  "kelurahan" : "Taraudu",
  "kodepos" : "97753"
}, {
  "kecamatan" : "Sahu",
  "kelurahan" : "Todahe",
  "kodepos" : "97753"
}, {
  "kecamatan" : "Sahu",
  "kelurahan" : "Tacim",
  "kodepos" : "97753"
}, {
  "kecamatan" : "Sahu Timur",
  "kelurahan" : "Tibobo",
  "kodepos" : "97753"
}, {
  "kecamatan" : "Sahu",
  "kelurahan" : "Tacici",
  "kodepos" : "97753"
}, {
  "kecamatan" : "Sahu Timur",
  "kelurahan" : "Taraudu Kusu",
  "kodepos" : "97753"
}, {
  "kecamatan" : "Sahu",
  "kelurahan" : "Susupu",
  "kodepos" : "97753"
}, {
  "kecamatan" : "Sahu",
  "kelurahan" : "Taruba",
  "kodepos" : "97753"
}, {
  "kecamatan" : "Sahu Timur",
  "kelurahan" : "Taba Campaka",
  "kodepos" : "97753"
}, {
  "kecamatan" : "Sahu",
  "kelurahan" : "Sasur Pantai",
  "kodepos" : "97753"
}, {
  "kecamatan" : "Sahu Timur",
  "kelurahan" : "Sidodadi",
  "kodepos" : "97753"
}, {
  "kecamatan" : "Sahu",
  "kelurahan" : "Sasur",
  "kodepos" : "97753"
}, {
  "kecamatan" : "Sahu",
  "kelurahan" : "Ropu Tengah Hulu",
  "kodepos" : "97753"
}, {
  "kecamatan" : "Sahu Timur",
  "kelurahan" : "Loce",
  "kodepos" : "97753"
}, {
  "kecamatan" : "Sahu Timur",
  "kelurahan" : "Ngaon",
  "kodepos" : "97753"
}, {
  "kecamatan" : "Sahu",
  "kelurahan" : "Peot",
  "kodepos" : "97753"
}, {
  "kecamatan" : "Sahu Timur",
  "kelurahan" : "Golago Kusuma",
  "kodepos" : "97753"
}, {
  "kecamatan" : "Sahu",
  "kelurahan" : "Lako Akediri",
  "kodepos" : "97753"
}, {
  "kecamatan" : "Sahu Timur",
  "kelurahan" : "Gamnyial",
  "kodepos" : "97753"
}, {
  "kecamatan" : "Sahu",
  "kelurahan" : "Lako Akelamo",
  "kodepos" : "97753"
}, {
  "kecamatan" : "Sahu Timur",
  "kelurahan" : "Gamomeng",
  "kodepos" : "97753"
}, {
  "kecamatan" : "Sahu",
  "kelurahan" : "Jaraoke",
  "kodepos" : "97753"
}, {
  "kecamatan" : "Sahu Timur",
  "kelurahan" : "Gamsungi",
  "kodepos" : "97753"
}, {
  "kecamatan" : "Sahu Timur",
  "kelurahan" : "Hoku Hoku Gam",
  "kodepos" : "97753"
}, {
  "kecamatan" : "Sahu Timur",
  "kelurahan" : "Campaka",
  "kodepos" : "97753"
}, {
  "kecamatan" : "Sahu Timur",
  "kelurahan" : "Idamgamlamo",
  "kodepos" : "97753"
}, {
  "kecamatan" : "Sahu",
  "kelurahan" : "Dere",
  "kodepos" : "97753"
}, {
  "kecamatan" : "Sahu",
  "kelurahan" : "Golo",
  "kodepos" : "97753"
}, {
  "kecamatan" : "Sahu",
  "kelurahan" : "Balisoan",
  "kodepos" : "97753"
}, {
  "kecamatan" : "Sahu",
  "kelurahan" : "Goro Goro",
  "kodepos" : "97753"
}, {
  "kecamatan" : "Sahu",
  "kelurahan" : "Balisoan Utara",
  "kodepos" : "97753"
}, {
  "kecamatan" : "Sahu Timur",
  "kelurahan" : "Goal",
  "kodepos" : "97753"
}, {
  "kecamatan" : "Sahu Timur",
  "kelurahan" : "Awer",
  "kodepos" : "97753"
}, {
  "kecamatan" : "Sahu Timur",
  "kelurahan" : "Akelamo",
  "kodepos" : "97753"
}, {
  "kecamatan" : "Sahu Timur",
  "kelurahan" : "Aketola",
  "kodepos" : "97753"
}, {
  "kecamatan" : "Sahu Timur",
  "kelurahan" : "Air Panas",
  "kodepos" : "97753"
}, {
  "kecamatan" : "Jailolo",
  "kelurahan" : "Ulo",
  "kodepos" : "97752"
}, {
  "kecamatan" : "Jailolo Selatan",
  "kelurahan" : "Tuguraci",
  "kodepos" : "97752"
}, {
  "kecamatan" : "Jailolo",
  "kelurahan" : "Tedeng",
  "kodepos" : "97752"
}, {
  "kecamatan" : "Jailolo Selatan",
  "kelurahan" : "Toniku",
  "kodepos" : "97752"
}, {
  "kecamatan" : "Jailolo",
  "kelurahan" : "Taboso (Tobosa/Tabaso)",
  "kodepos" : "97752"
}, {
  "kecamatan" : "Jailolo",
  "kelurahan" : "Todowangi (Todowongi)",
  "kodepos" : "97752"
}, {
  "kecamatan" : "Jailolo Selatan",
  "kelurahan" : "Tataleka",
  "kodepos" : "97752"
}, {
  "kecamatan" : "Jailolo",
  "kelurahan" : "Tuada",
  "kodepos" : "97752"
}, {
  "kecamatan" : "Jailolo Selatan",
  "kelurahan" : "Taba Damai (DB)",
  "kodepos" : "97752"
}, {
  "kecamatan" : "Jailolo Selatan",
  "kelurahan" : "Tewe",
  "kodepos" : "97752"
}, {
  "kecamatan" : "Jailolo",
  "kelurahan" : "Soakonora",
  "kodepos" : "97752"
}, {
  "kecamatan" : "Jailolo Selatan",
  "kelurahan" : "Suka Damai",
  "kodepos" : "97752"
}, {
  "kecamatan" : "Jailolo",
  "kelurahan" : "Tauro",
  "kodepos" : "97752"
}, {
  "kecamatan" : "Jailolo Selatan",
  "kelurahan" : "Sidangoli Dehe",
  "kodepos" : "97752"
}, {
  "kecamatan" : "Jailolo Selatan",
  "kelurahan" : "Sidangoli Gam",
  "kodepos" : "97752"
}, {
  "kecamatan" : "Jailolo",
  "kelurahan" : "Saria",
  "kodepos" : "97752"
}, {
  "kecamatan" : "Jailolo Selatan",
  "kelurahan" : "Rioribati",
  "kodepos" : "97752"
}, {
  "kecamatan" : "Jailolo",
  "kelurahan" : "Pornity (Porniti)",
  "kodepos" : "97752"
}, {
  "kecamatan" : "Jailolo Selatan",
  "kelurahan" : "Ratem",
  "kodepos" : "97752"
}, {
  "kecamatan" : "Jailolo",
  "kelurahan" : "Kuripasai",
  "kodepos" : "97752"
}, {
  "kecamatan" : "Jailolo",
  "kelurahan" : "Payo",
  "kodepos" : "97752"
}, {
  "kecamatan" : "Jailolo",
  "kelurahan" : "Hoku Hoku Kie (Huku-Huku Kie)",
  "kodepos" : "97752"
}, {
  "kecamatan" : "Jailolo",
  "kelurahan" : "Pateng",
  "kodepos" : "97752"
}, {
  "kecamatan" : "Jailolo",
  "kelurahan" : "Idamdehe",
  "kodepos" : "97752"
}, {
  "kecamatan" : "Jailolo",
  "kelurahan" : "Idamdehe Gamsungi",
  "kodepos" : "97752"
}, {
  "kecamatan" : "Jailolo Selatan",
  "kelurahan" : "Moiso",
  "kodepos" : "97752"
}, {
  "kecamatan" : "Jailolo Selatan",
  "kelurahan" : "Hijrah",
  "kodepos" : "97752"
}, {
  "kecamatan" : "Jailolo",
  "kelurahan" : "Matui",
  "kodepos" : "97752"
}, {
  "kecamatan" : "Jailolo",
  "kelurahan" : "Hate Bicara",
  "kodepos" : "97752"
}, {
  "kecamatan" : "Jailolo",
  "kelurahan" : "Loloy (Lolori)",
  "kodepos" : "97752"
}, {
  "kecamatan" : "Jailolo",
  "kelurahan" : "Guaeria",
  "kodepos" : "97752"
}, {
  "kecamatan" : "Jailolo",
  "kelurahan" : "Marmabati (Marimbati)",
  "kodepos" : "97752"
}, {
  "kecamatan" : "Jailolo",
  "kelurahan" : "Gufasa",
  "kodepos" : "97752"
}, {
  "kecamatan" : "Jailolo",
  "kelurahan" : "Jalan Baru",
  "kodepos" : "97752"
}, {
  "kecamatan" : "Jailolo",
  "kelurahan" : "Guaemaadu (Guaimaadu)",
  "kodepos" : "97752"
}, {
  "kecamatan" : "Jailolo",
  "kelurahan" : "Gamtala",
  "kodepos" : "97752"
}, {
  "kecamatan" : "Jailolo Selatan",
  "kelurahan" : "Gamlenge",
  "kodepos" : "97752"
}, {
  "kecamatan" : "Jailolo",
  "kelurahan" : "Galala",
  "kodepos" : "97752"
}, {
  "kecamatan" : "Jailolo Selatan",
  "kelurahan" : "Braha",
  "kodepos" : "97752"
}, {
  "kecamatan" : "Jailolo",
  "kelurahan" : "Gamlamo",
  "kodepos" : "97752"
}, {
  "kecamatan" : "Jailolo",
  "kelurahan" : "Bobanehena",
  "kodepos" : "97752"
}, {
  "kecamatan" : "Jailolo Selatan",
  "kelurahan" : "Dodinga",
  "kodepos" : "97752"
}, {
  "kecamatan" : "Jailolo",
  "kelurahan" : "Bobo",
  "kodepos" : "97752"
}, {
  "kecamatan" : "Jailolo Selatan",
  "kelurahan" : "Domato",
  "kodepos" : "97752"
}, {
  "kecamatan" : "Jailolo",
  "kelurahan" : "Bobo Jiko",
  "kodepos" : "97752"
}, {
  "kecamatan" : "Jailolo",
  "kelurahan" : "Buku Bualawa",
  "kodepos" : "97752"
}, {
  "kecamatan" : "Jailolo Selatan",
  "kelurahan" : "Biamaahi",
  "kodepos" : "97752"
}, {
  "kecamatan" : "Jailolo",
  "kelurahan" : "Buku Maadu",
  "kodepos" : "97752"
}, {
  "kecamatan" : "Jailolo Selatan",
  "kelurahan" : "Bobane Dano",
  "kodepos" : "97752"
}, {
  "kecamatan" : "Jailolo",
  "kelurahan" : "Bukumatiti",
  "kodepos" : "97752"
}, {
  "kecamatan" : "Jailolo Selatan",
  "kelurahan" : "Bangkit Rahmat",
  "kodepos" : "97752"
}, {
  "kecamatan" : "Jailolo Selatan",
  "kelurahan" : "Akelaha",
  "kodepos" : "97752"
}, {
  "kecamatan" : "Jailolo",
  "kelurahan" : "Akediri",
  "kodepos" : "97752"
}, {
  "kecamatan" : "Jailolo Selatan",
  "kelurahan" : "Ake Jailolo",
  "kodepos" : "97752"
}, {
  "kecamatan" : "Jailolo Selatan",
  "kelurahan" : "Akeara",
  "kodepos" : "97752"
}, {
  "kecamatan" : "Jailolo",
  "kelurahan" : "Acango",
  "kodepos" : "97752"
} ]
