[ {
  "kecamatan" : "Pulau Hiri",
  "kelurahan" : "Tomajiko",
  "kodepos" : "97751"
}, {
  "kecamatan" : "Ternate Utara (Kota)",
  "kelurahan" : "Tubo",
  "kodepos" : "97751"
}, {
  "kecamatan" : "Pulau Hiri",
  "kelurahan" : "Togolobe",
  "kodepos" : "97751"
}, {
  "kecamatan" : "Pulau Ternate",
  "kelurahan" : "Tobololo",
  "kodepos" : "97751"
}, {
  "kecamatan" : "Pulau Ternate",
  "kelurahan" : "Togafo",
  "kodepos" : "97751"
}, {
  "kecamatan" : "Pulau Batang Dua",
  "kelurahan" : "Tifure",
  "kodepos" : "97751"
}, {
  "kecamatan" : "Pulau Batang Dua",
  "kelurahan" : "Tifure",
  "kodepos" : "97751"
}, {
  "kecamatan" : "Moti (Pulau Moti)",
  "kelurahan" : "Takofi",
  "kodepos" : "97751"
}, {
  "kecamatan" : "Pulau Hiri",
  "kelurahan" : "Tafraka",
  "kodepos" : "97751"
}, {
  "kecamatan" : "Pulau Ternate",
  "kelurahan" : "Takome",
  "kodepos" : "97751"
}, {
  "kecamatan" : "Moti (Pulau Moti)",
  "kelurahan" : "Tafaga",
  "kodepos" : "97751"
}, {
  "kecamatan" : "Moti (Pulau Moti)",
  "kelurahan" : "Tafamutu",
  "kodepos" : "97751"
}, {
  "kecamatan" : "Pulau Ternate",
  "kelurahan" : "Sulamadaha",
  "kodepos" : "97751"
}, {
  "kecamatan" : "Moti (Pulau Moti)",
  "kelurahan" : "Tadenas",
  "kodepos" : "97751"
}, {
  "kecamatan" : "Ternate Tengah (Kota)",
  "kelurahan" : "Salahuddin",
  "kodepos" : "97751"
}, {
  "kecamatan" : "Ternate Utara (Kota)",
  "kelurahan" : "Sangaji Utara",
  "kodepos" : "97751"
}, {
  "kecamatan" : "Pulau Batang Dua",
  "kelurahan" : "Perum Bersatu",
  "kodepos" : "97751"
}, {
  "kecamatan" : "Pulau Ternate",
  "kelurahan" : "Rua",
  "kodepos" : "97751"
}, {
  "kecamatan" : "Pulau Batang Dua",
  "kelurahan" : "Pantai Sagu",
  "kodepos" : "97751"
}, {
  "kecamatan" : "Moti (Pulau Moti)",
  "kelurahan" : "Moti Kota",
  "kodepos" : "97751"
}, {
  "kecamatan" : "Pulau Batang Dua",
  "kelurahan" : "Mayau",
  "kodepos" : "97751"
}, {
  "kecamatan" : "Ternate Selatan (Kota)",
  "kelurahan" : "Mangga Dua",
  "kodepos" : "97751"
}, {
  "kecamatan" : "Pulau Hiri",
  "kelurahan" : "Mado",
  "kodepos" : "97751"
}, {
  "kecamatan" : "Pulau Batang Dua",
  "kelurahan" : "Lelewi",
  "kodepos" : "97751"
}, {
  "kecamatan" : "Pulau Ternate",
  "kelurahan" : "Loto",
  "kodepos" : "97751"
}, {
  "kecamatan" : "Ternate Tengah (Kota)",
  "kelurahan" : "Kota Baru",
  "kodepos" : "97751"
}, {
  "kecamatan" : "Pulau Ternate",
  "kelurahan" : "Kulaba",
  "kodepos" : "97751"
}, {
  "kecamatan" : "Ternate Selatan (Kota)",
  "kelurahan" : "Kayu Merah",
  "kodepos" : "97751"
}, {
  "kecamatan" : "Pulau Ternate",
  "kelurahan" : "Kastela",
  "kodepos" : "97751"
}, {
  "kecamatan" : "Moti (Pulau Moti)",
  "kelurahan" : "Figur",
  "kodepos" : "97751"
}, {
  "kecamatan" : "Pulau Ternate",
  "kelurahan" : "Foramadiahi",
  "kodepos" : "97751"
}, {
  "kecamatan" : "Pulau Ternate",
  "kelurahan" : "Jambula",
  "kodepos" : "97751"
}, {
  "kecamatan" : "Pulau Hiri",
  "kelurahan" : "Faudu",
  "kodepos" : "97751"
}, {
  "kecamatan" : "Pulau Ternate",
  "kelurahan" : "Dorpedu",
  "kodepos" : "97751"
}, {
  "kecamatan" : "Pulau Hiri",
  "kelurahan" : "Dorari Isa",
  "kodepos" : "97751"
}, {
  "kecamatan" : "Pulau Ternate",
  "kelurahan" : "Bula",
  "kodepos" : "97751"
}, {
  "kecamatan" : "Pulau Batang Dua",
  "kelurahan" : "Bido",
  "kodepos" : "97751"
}, {
  "kecamatan" : "Ternate Utara (Kota)",
  "kelurahan" : "Akehuda",
  "kodepos" : "97751"
}, {
  "kecamatan" : "Pulau Ternate",
  "kelurahan" : "Afe Taduma",
  "kodepos" : "97751"
}, {
  "kecamatan" : "Ternate Utara (Kota)",
  "kelurahan" : "Tafure",
  "kodepos" : "97728"
}, {
  "kecamatan" : "Ternate Utara (Kota)",
  "kelurahan" : "Sango",
  "kodepos" : "97729"
}, {
  "kecamatan" : "Ternate Utara (Kota)",
  "kelurahan" : "Sangaji",
  "kodepos" : "97727"
}, {
  "kecamatan" : "Ternate Utara (Kota)",
  "kelurahan" : "Tabam",
  "kodepos" : "97728"
}, {
  "kecamatan" : "Ternate Utara (Kota)",
  "kelurahan" : "Toboleu",
  "kodepos" : "97726"
}, {
  "kecamatan" : "Ternate Utara (Kota)",
  "kelurahan" : "Dufa Dufa",
  "kodepos" : "97727"
}, {
  "kecamatan" : "Ternate Utara (Kota)",
  "kelurahan" : "Soa",
  "kodepos" : "97725"
}, {
  "kecamatan" : "Ternate Utara (Kota)",
  "kelurahan" : "Kasturian",
  "kodepos" : "97726"
}, {
  "kecamatan" : "Ternate Tengah (Kota)",
  "kelurahan" : "Makasar Timur",
  "kodepos" : "97724"
}, {
  "kecamatan" : "Ternate Utara (Kota)",
  "kelurahan" : "Salero",
  "kodepos" : "97725"
}, {
  "kecamatan" : "Ternate Utara (Kota)",
  "kelurahan" : "Soa Sio",
  "kodepos" : "97723"
}, {
  "kecamatan" : "Ternate Tengah (Kota)",
  "kelurahan" : "Makasar Barat",
  "kodepos" : "97724"
}, {
  "kecamatan" : "Ternate Tengah (Kota)",
  "kelurahan" : "Santiong",
  "kodepos" : "97722"
}, {
  "kecamatan" : "Ternate Tengah (Kota)",
  "kelurahan" : "Moya",
  "kodepos" : "97723"
}, {
  "kecamatan" : "Ternate Tengah (Kota)",
  "kelurahan" : "Kalumpang",
  "kodepos" : "97722"
}, {
  "kecamatan" : "Ternate Selatan (Kota)",
  "kelurahan" : "Sasa",
  "kodepos" : "97719"
}, {
  "kecamatan" : "Ternate Tengah (Kota)",
  "kelurahan" : "Gamalama",
  "kodepos" : "97721"
}, {
  "kecamatan" : "Ternate Selatan (Kota)",
  "kelurahan" : "Gambesi",
  "kodepos" : "97719"
}, {
  "kecamatan" : "Ternate Selatan (Kota)",
  "kelurahan" : "Kalumata",
  "kodepos" : "97718"
}, {
  "kecamatan" : "Ternate Selatan (Kota)",
  "kelurahan" : "Ubo-Ubo",
  "kodepos" : "97717"
}, {
  "kecamatan" : "Ternate Selatan (Kota)",
  "kelurahan" : "Fitu",
  "kodepos" : "97718"
}, {
  "kecamatan" : "Ternate Tengah (Kota)",
  "kelurahan" : "Takoma",
  "kodepos" : "97714"
}, {
  "kecamatan" : "Ternate Selatan (Kota)",
  "kelurahan" : "Bastiong Talangame",
  "kodepos" : "97716"
}, {
  "kecamatan" : "Ternate Selatan (Kota)",
  "kelurahan" : "Ngade",
  "kodepos" : "97713"
}, {
  "kecamatan" : "Ternate Selatan (Kota)",
  "kelurahan" : "Jati",
  "kodepos" : "97716"
}, {
  "kecamatan" : "Ternate Tengah (Kota)",
  "kelurahan" : "Tanah Raja",
  "kodepos" : "97713"
}, {
  "kecamatan" : "Ternate Selatan (Kota)",
  "kelurahan" : "Tanah Tinggi",
  "kodepos" : "97715"
}, {
  "kecamatan" : "Ternate Tengah (Kota)",
  "kelurahan" : "Muhajirin",
  "kodepos" : "97713"
}, {
  "kecamatan" : "Ternate Selatan (Kota)",
  "kelurahan" : "Toboko",
  "kodepos" : "97715"
}, {
  "kecamatan" : "Ternate Selatan (Kota)",
  "kelurahan" : "Mangga Dua Utara",
  "kodepos" : "97713"
}, {
  "kecamatan" : "Ternate Selatan (Kota)",
  "kelurahan" : "Tanah Tinggi Barat",
  "kodepos" : "97713"
}, {
  "kecamatan" : "Ternate Selatan (Kota)",
  "kelurahan" : "Jati Perumnas",
  "kodepos" : "97713"
}, {
  "kecamatan" : "Ternate Selatan (Kota)",
  "kelurahan" : "Tobona (Tabona)",
  "kodepos" : "97713"
}, {
  "kecamatan" : "Ternate Selatan (Kota)",
  "kelurahan" : "Bastiong Karance",
  "kodepos" : "97713"
}, {
  "kecamatan" : "Ternate Tengah (Kota)",
  "kelurahan" : "Kampung Pisang",
  "kodepos" : "97712"
}, {
  "kecamatan" : "Ternate Tengah (Kota)",
  "kelurahan" : "Stadion",
  "kodepos" : "97712"
}, {
  "kecamatan" : "Ternate Tengah (Kota)",
  "kelurahan" : "Maliaro",
  "kodepos" : "97711"
}, {
  "kecamatan" : "Ternate Tengah (Kota)",
  "kelurahan" : "Marikurubu",
  "kodepos" : "97711"
} ]
