[ {
  "kecamatan" : "Rundeng",
  "kelurahan" : "Tualang",
  "kodepos" : "24786"
}, {
  "kecamatan" : "Rundeng",
  "kelurahan" : "Tanah Tumbuh",
  "kodepos" : "24786"
}, {
  "kecamatan" : "Rundeng",
  "kelurahan" : "Teladan Baru",
  "kodepos" : "24786"
}, {
  "kecamatan" : "Rundeng",
  "kelurahan" : "Siperkas",
  "kodepos" : "24786"
}, {
  "kecamatan" : "Rundeng",
  "kelurahan" : "Suaq/Suak Jampak",
  "kodepos" : "24786"
}, {
  "kecamatan" : "Rundeng",
  "kelurahan" : "Sibuasan",
  "kodepos" : "24786"
}, {
  "kecamatan" : "Rundeng",
  "kelurahan" : "Sibungke",
  "kodepos" : "24786"
}, {
  "kecamatan" : "Rundeng",
  "kelurahan" : "Sepadan",
  "kodepos" : "24786"
}, {
  "kecamatan" : "Rundeng",
  "kelurahan" : "Panglima Saman",
  "kodepos" : "24786"
}, {
  "kecamatan" : "Rundeng",
  "kelurahan" : "Pasar Rundeng",
  "kodepos" : "24786"
}, {
  "kecamatan" : "Rundeng",
  "kelurahan" : "Muara Batu-Batu",
  "kodepos" : "24786"
}, {
  "kecamatan" : "Rundeng",
  "kelurahan" : "Oboh",
  "kodepos" : "24786"
}, {
  "kecamatan" : "Rundeng",
  "kelurahan" : "Lae Mate",
  "kodepos" : "24786"
}, {
  "kecamatan" : "Rundeng",
  "kelurahan" : "Mandilam",
  "kodepos" : "24786"
}, {
  "kecamatan" : "Rundeng",
  "kelurahan" : "Lae Mate",
  "kodepos" : "24786"
}, {
  "kecamatan" : "Rundeng",
  "kelurahan" : "Kuala Kepeng (Keupeng)",
  "kodepos" : "24786"
}, {
  "kecamatan" : "Rundeng",
  "kelurahan" : "Kuta Beringin",
  "kodepos" : "24786"
}, {
  "kecamatan" : "Rundeng",
  "kelurahan" : "Dah",
  "kodepos" : "24786"
}, {
  "kecamatan" : "Rundeng",
  "kelurahan" : "Geruguh",
  "kodepos" : "24786"
}, {
  "kecamatan" : "Rundeng",
  "kelurahan" : "Harapan Baru",
  "kodepos" : "24786"
}, {
  "kecamatan" : "Rundeng",
  "kelurahan" : "Binanga",
  "kodepos" : "24786"
}, {
  "kecamatan" : "Rundeng",
  "kelurahan" : "Blukur/Belukur Makmur",
  "kodepos" : "24786"
}, {
  "kecamatan" : "Rundeng",
  "kelurahan" : "Badar",
  "kodepos" : "24786"
}, {
  "kecamatan" : "Simpang Kiri",
  "kelurahan" : "Suka Makmur",
  "kodepos" : "24782"
}, {
  "kecamatan" : "Simpang Kiri",
  "kelurahan" : "Tangga Besi",
  "kodepos" : "24782"
}, {
  "kecamatan" : "Sultan Daulat",
  "kelurahan" : "Suka Maju",
  "kodepos" : "24782"
}, {
  "kecamatan" : "Simpang Kiri",
  "kelurahan" : "Subulussalam Utara",
  "kodepos" : "24782"
}, {
  "kecamatan" : "Simpang Kiri",
  "kelurahan" : "Subulussalam Selatan",
  "kodepos" : "24782"
}, {
  "kecamatan" : "Sultan Daulat",
  "kelurahan" : "Singgersing",
  "kodepos" : "24782"
}, {
  "kecamatan" : "Simpang Kiri",
  "kelurahan" : "Subulussalam",
  "kodepos" : "24782"
}, {
  "kecamatan" : "Simpang Kiri",
  "kelurahan" : "Subulussalam Barat",
  "kodepos" : "24782"
}, {
  "kecamatan" : "Sultan Daulat",
  "kelurahan" : "Sigerun (Sigrun)",
  "kodepos" : "24782"
}, {
  "kecamatan" : "Longkib",
  "kelurahan" : "Sikerabang",
  "kodepos" : "24782"
}, {
  "kecamatan" : "Penanggalan",
  "kelurahan" : "Sikelang",
  "kodepos" : "24782"
}, {
  "kecamatan" : "Longkib",
  "kelurahan" : "Rantau Panjang",
  "kodepos" : "24782"
}, {
  "kecamatan" : "Longkib",
  "kelurahan" : "Sepang",
  "kodepos" : "24782"
}, {
  "kecamatan" : "Simpang Kiri",
  "kelurahan" : "Sekelondang (Sikelondang_",
  "kodepos" : "24782"
}, {
  "kecamatan" : "Sultan Daulat",
  "kelurahan" : "Pulau Belen (Pulo Bellen)",
  "kodepos" : "24782"
}, {
  "kecamatan" : "Sultan Daulat",
  "kelurahan" : "Pulau Kedep (Pulo Kedep)",
  "kodepos" : "24782"
}, {
  "kecamatan" : "Penanggalan",
  "kelurahan" : "Penuntungan",
  "kodepos" : "24782"
}, {
  "kecamatan" : "Penanggalan",
  "kelurahan" : "Penanggalan",
  "kodepos" : "24782"
}, {
  "kecamatan" : "Simpang Kiri",
  "kelurahan" : "Pegayo",
  "kodepos" : "24782"
}, {
  "kecamatan" : "Sultan Daulat",
  "kelurahan" : "Pasir Belo",
  "kodepos" : "24782"
}, {
  "kecamatan" : "Longkib",
  "kelurahan" : "Panji",
  "kodepos" : "24782"
}, {
  "kecamatan" : "Simpang Kiri",
  "kelurahan" : "Pasar Panjang",
  "kodepos" : "24782"
}, {
  "kecamatan" : "Simpang Kiri",
  "kelurahan" : "Makmur Jaya",
  "kodepos" : "24782"
}, {
  "kecamatan" : "Simpang Kiri",
  "kelurahan" : "Mukti Makmur",
  "kodepos" : "24782"
}, {
  "kecamatan" : "Sultan Daulat",
  "kelurahan" : "Namo Buayo",
  "kodepos" : "24782"
}, {
  "kecamatan" : "Sultan Daulat",
  "kelurahan" : "Lae Simolap",
  "kodepos" : "24782"
}, {
  "kecamatan" : "Longkib",
  "kelurahan" : "Lae Saga",
  "kodepos" : "24782"
}, {
  "kecamatan" : "Longkib",
  "kelurahan" : "Longkib",
  "kodepos" : "24782"
}, {
  "kecamatan" : "Simpang Kiri",
  "kelurahan" : "Lae Oram (Aram)",
  "kodepos" : "24782"
}, {
  "kecamatan" : "Penanggalan",
  "kelurahan" : "Lae Motong",
  "kodepos" : "24782"
}, {
  "kecamatan" : "Sultan Daulat",
  "kelurahan" : "Lae Langge",
  "kodepos" : "24782"
}, {
  "kecamatan" : "Penanggalan",
  "kelurahan" : "Kuta Tengah",
  "kodepos" : "24782"
}, {
  "kecamatan" : "Penanggalan",
  "kelurahan" : "Lae Bersih",
  "kodepos" : "24782"
}, {
  "kecamatan" : "Penanggalan",
  "kelurahan" : "Lae Ikan",
  "kodepos" : "24782"
}, {
  "kecamatan" : "Penanggalan",
  "kelurahan" : "Jontor",
  "kodepos" : "24782"
}, {
  "kecamatan" : "Penanggalan",
  "kelurahan" : "Kampung Baru",
  "kodepos" : "24782"
}, {
  "kecamatan" : "Simpang Kiri",
  "kelurahan" : "Kuta Cepu",
  "kodepos" : "24782"
}, {
  "kecamatan" : "Sultan Daulat",
  "kelurahan" : "Jabi-Jabi",
  "kodepos" : "24782"
}, {
  "kecamatan" : "Sultan Daulat",
  "kelurahan" : "Jambi Baru",
  "kodepos" : "24782"
}, {
  "kecamatan" : "Sultan Daulat",
  "kelurahan" : "Darul Makmur",
  "kodepos" : "24782"
}, {
  "kecamatan" : "Sultan Daulat",
  "kelurahan" : "Gunung Bakti",
  "kodepos" : "24782"
}, {
  "kecamatan" : "Longkib",
  "kelurahan" : "Darussalam",
  "kodepos" : "24782"
}, {
  "kecamatan" : "Sultan Daulat",
  "kelurahan" : "Cipar Pari/Pare",
  "kodepos" : "24782"
}, {
  "kecamatan" : "Sultan Daulat",
  "kelurahan" : "Cipar Pari/Pare Timur",
  "kodepos" : "24782"
}, {
  "kecamatan" : "Longkib",
  "kelurahan" : "Darul Aman (Ginasing)",
  "kodepos" : "24782"
}, {
  "kecamatan" : "Penanggalan",
  "kelurahan" : "Cepu",
  "kodepos" : "24782"
}, {
  "kecamatan" : "Sultan Daulat",
  "kelurahan" : "Bunga Tanjung",
  "kodepos" : "24782"
}, {
  "kecamatan" : "Simpang Kiri",
  "kelurahan" : "Buluh Dori (Buluh Besi)",
  "kodepos" : "24782"
}, {
  "kecamatan" : "Sultan Daulat",
  "kelurahan" : "Bawan",
  "kodepos" : "24782"
}, {
  "kecamatan" : "Longkib",
  "kelurahan" : "Bukit Alim",
  "kodepos" : "24782"
}, {
  "kecamatan" : "Longkib",
  "kelurahan" : "Bangun Sari",
  "kodepos" : "24782"
} ]
