[ {
  "kecamatan" : "Semadam",
  "kelurahan" : "Simpang Semadam",
  "kodepos" : "24678"
}, {
  "kecamatan" : "Semadam",
  "kelurahan" : "Suka Makmur",
  "kodepos" : "24678"
}, {
  "kecamatan" : "Semadam",
  "kelurahan" : "Titi Pasir",
  "kodepos" : "24678"
}, {
  "kecamatan" : "Semadam",
  "kelurahan" : "Sepakat Segenep",
  "kodepos" : "24678"
}, {
  "kecamatan" : "Semadam",
  "kelurahan" : "Selamat Indah",
  "kodepos" : "24678"
}, {
  "kecamatan" : "Semadam",
  "kelurahan" : "Semadam Asal",
  "kodepos" : "24678"
}, {
  "kecamatan" : "Semadam",
  "kelurahan" : "Semadam Awal",
  "kodepos" : "24678"
}, {
  "kecamatan" : "Semadam",
  "kelurahan" : "Lawe Petanduk I",
  "kodepos" : "24678"
}, {
  "kecamatan" : "Semadam",
  "kelurahan" : "Ngkeran Alur Buluh",
  "kodepos" : "24678"
}, {
  "kecamatan" : "Semadam",
  "kelurahan" : "Pasar Puntung+P2723",
  "kodepos" : "24678"
}, {
  "kecamatan" : "Semadam",
  "kelurahan" : "Lawe Menjilai",
  "kodepos" : "24678"
}, {
  "kecamatan" : "Semadam",
  "kelurahan" : "Lawe Petanduk",
  "kodepos" : "24678"
}, {
  "kecamatan" : "Semadam",
  "kelurahan" : "Lawe Kinga Lapter",
  "kodepos" : "24678"
}, {
  "kecamatan" : "Semadam",
  "kelurahan" : "Lawe Kinga Tebing Tinggi",
  "kodepos" : "24678"
}, {
  "kecamatan" : "Semadam",
  "kelurahan" : "Lawe Beringin Gayo",
  "kodepos" : "24678"
}, {
  "kecamatan" : "Semadam",
  "kelurahan" : "Lawe Beringin Horas",
  "kodepos" : "24678"
}, {
  "kecamatan" : "Semadam",
  "kelurahan" : "Lawe Kinga Gabungan",
  "kodepos" : "24678"
}, {
  "kecamatan" : "Semadam",
  "kelurahan" : "Kampung Baru",
  "kodepos" : "24678"
}, {
  "kecamatan" : "Semadam",
  "kelurahan" : "Kebun Sere",
  "kodepos" : "24678"
}, {
  "kecamatan" : "Leuser",
  "kelurahan" : "Ukhat Peseluk",
  "kodepos" : "24673"
}, {
  "kecamatan" : "Babul Rahmah",
  "kelurahan" : "Uning Sigugur",
  "kodepos" : "24673"
}, {
  "kecamatan" : "Babul Rahmah",
  "kelurahan" : "Tuhi Jongkat",
  "kodepos" : "24673"
}, {
  "kecamatan" : "Babul Rahmah",
  "kelurahan" : "Ukekh Deleng",
  "kodepos" : "24673"
}, {
  "kecamatan" : "Leuser",
  "kelurahan" : "Tunas Mude",
  "kodepos" : "24673"
}, {
  "kecamatan" : "Babul Rahmah",
  "kelurahan" : "Titi Mas",
  "kodepos" : "24673"
}, {
  "kecamatan" : "Babul Rahmah",
  "kelurahan" : "Tuah Mesade",
  "kodepos" : "24673"
}, {
  "kecamatan" : "Babul Rahmah",
  "kelurahan" : "Titai Hakhapen",
  "kodepos" : "24673"
}, {
  "kecamatan" : "Tanah Alas",
  "kelurahan" : "Tenembak Alas",
  "kodepos" : "24673"
}, {
  "kecamatan" : "Babul Rahmah",
  "kelurahan" : "Tanoh Subukh",
  "kodepos" : "24673"
}, {
  "kecamatan" : "Babul Makmur",
  "kelurahan" : "Tanoh Alas",
  "kodepos" : "24673"
}, {
  "kecamatan" : "Leuser",
  "kelurahan" : "Tanah Khekhine",
  "kodepos" : "24673"
}, {
  "kecamatan" : "Leuser",
  "kelurahan" : "Tanjung Sari",
  "kodepos" : "24673"
}, {
  "kecamatan" : "Babul Rahmah",
  "kelurahan" : "Sumukh Alas",
  "kodepos" : "24673"
}, {
  "kecamatan" : "Lawe Sigala-Gala",
  "kelurahan" : "Tanah Baru",
  "kodepos" : "24673"
}, {
  "kecamatan" : "Leuser",
  "kelurahan" : "Suka Damai",
  "kodepos" : "24673"
}, {
  "kecamatan" : "Lawe Sigala-Gala",
  "kelurahan" : "Suka Jaya",
  "kodepos" : "24673"
}, {
  "kecamatan" : "Lawe Sigala-Gala",
  "kelurahan" : "Suka Maju",
  "kodepos" : "24673"
}, {
  "kecamatan" : "Babul Rahmah",
  "kelurahan" : "Sigai Indah",
  "kodepos" : "24673"
}, {
  "kecamatan" : "Lawe Sigala-Gala",
  "kelurahan" : "Suka Damai",
  "kodepos" : "24673"
}, {
  "kecamatan" : "Babul Rahmah",
  "kelurahan" : "Sepekhinding",
  "kodepos" : "24673"
}, {
  "kecamatan" : "Babul Makmur",
  "kelurahan" : "Sibulussalam",
  "kodepos" : "24673"
}, {
  "kecamatan" : "Leuser",
  "kelurahan" : "Sepakat",
  "kodepos" : "24673"
}, {
  "kecamatan" : "Babul Makmur",
  "kelurahan" : "Sejahtera",
  "kodepos" : "24673"
}, {
  "kecamatan" : "Babul Makmur",
  "kelurahan" : "Sejahtera Baru",
  "kodepos" : "24673"
}, {
  "kecamatan" : "Lawe Sigala-Gala",
  "kelurahan" : "Sebungke",
  "kodepos" : "24673"
}, {
  "kecamatan" : "Babul Rahmah",
  "kelurahan" : "Salim Pipit",
  "kodepos" : "24673"
}, {
  "kecamatan" : "Tanah Alas",
  "kelurahan" : "Salim Pinim",
  "kodepos" : "24673"
}, {
  "kecamatan" : "Leuser",
  "kelurahan" : "Sade Ate",
  "kodepos" : "24673"
}, {
  "kecamatan" : "Leuser",
  "kelurahan" : "Punce Nali",
  "kodepos" : "24673"
}, {
  "kecamatan" : "Babul Makmur",
  "kelurahan" : "Pintu Alas",
  "kodepos" : "24673"
}, {
  "kecamatan" : "Babul Rahmah",
  "kelurahan" : "Pinggan Mbelang",
  "kodepos" : "24673"
}, {
  "kecamatan" : "Leuser",
  "kelurahan" : "Permata Musara",
  "kodepos" : "24673"
}, {
  "kecamatan" : "Babul Rahmah",
  "kelurahan" : "Penguhapan",
  "kodepos" : "24673"
}, {
  "kecamatan" : "Babul Rahmah",
  "kelurahan" : "Perdamean",
  "kodepos" : "24673"
}, {
  "kecamatan" : "Babul Makmur",
  "kelurahan" : "Pardamean",
  "kodepos" : "24673"
}, {
  "kecamatan" : "Babul Makmur",
  "kelurahan" : "Pardomuan I",
  "kodepos" : "24673"
}, {
  "kecamatan" : "Babul Makmur",
  "kelurahan" : "Pardomuan II",
  "kodepos" : "24673"
}, {
  "kecamatan" : "Lawe Sigala-Gala",
  "kelurahan" : "Ndauh Nitenggo",
  "kodepos" : "24673"
}, {
  "kecamatan" : "Leuser",
  "kelurahan" : "Naga Timbul",
  "kodepos" : "24673"
}, {
  "kecamatan" : "Lawe Sigala-Gala",
  "kelurahan" : "Mulie Damai",
  "kodepos" : "24673"
}, {
  "kecamatan" : "Babul Rahmah",
  "kelurahan" : "Mutiara Damai",
  "kodepos" : "24673"
}, {
  "kecamatan" : "Babul Makmur",
  "kelurahan" : "Muara Setia",
  "kodepos" : "24673"
}, {
  "kecamatan" : "Babul Makmur",
  "kelurahan" : "Muara Situlen",
  "kodepos" : "24673"
}, {
  "kecamatan" : "Babul Rahmah",
  "kelurahan" : "Lumban Tua",
  "kodepos" : "24673"
}, {
  "kecamatan" : "Babul Rahmah",
  "kelurahan" : "Meranti",
  "kodepos" : "24673"
}, {
  "kecamatan" : "Babul Rahmah",
  "kelurahan" : "Lingge Alas",
  "kodepos" : "24673"
}, {
  "kecamatan" : "Babul Rahmah",
  "kelurahan" : "Lumban Sitio-Tio",
  "kodepos" : "24673"
}, {
  "kecamatan" : "Lawe Sigala-Gala",
  "kelurahan" : "Lawe Tua Makmur",
  "kodepos" : "24673"
}, {
  "kecamatan" : "Lawe Sigala-Gala",
  "kelurahan" : "Lawe Tua Persatuan",
  "kodepos" : "24673"
}, {
  "kecamatan" : "Lawe Sigala-Gala",
  "kelurahan" : "Lawe Tua Gabungan",
  "kodepos" : "24673"
}, {
  "kecamatan" : "Babul Rahmah",
  "kelurahan" : "Lawe Sumur",
  "kodepos" : "24673"
}, {
  "kecamatan" : "Babul Makmur",
  "kelurahan" : "Lawe Tawakh",
  "kodepos" : "24673"
}, {
  "kecamatan" : "Lawe Sigala-Gala",
  "kelurahan" : "Lawe Sigala Timur",
  "kodepos" : "24673"
}, {
  "kecamatan" : "Lawe Sigala-Gala",
  "kelurahan" : "Lawe Sigala II",
  "kodepos" : "24673"
}, {
  "kecamatan" : "Lawe Sigala-Gala",
  "kelurahan" : "Lawe Sigala Barat Jaya",
  "kodepos" : "24673"
}, {
  "kecamatan" : "Lawe Sigala-Gala",
  "kelurahan" : "Lawe Serke",
  "kodepos" : "24673"
}, {
  "kecamatan" : "Lawe Sigala-Gala",
  "kelurahan" : "Lawe Sigala Barat",
  "kodepos" : "24673"
}, {
  "kecamatan" : "Leuser",
  "kelurahan" : "Lawe Sekhakut",
  "kodepos" : "24673"
}, {
  "kecamatan" : "Lawe Sigala-Gala",
  "kelurahan" : "Lawe Rakat",
  "kodepos" : "24673"
}, {
  "kecamatan" : "Babul Makmur",
  "kelurahan" : "Lawe Perbunga",
  "kodepos" : "24673"
}, {
  "kecamatan" : "Babul Makmur",
  "kelurahan" : "Lawe Mantik",
  "kodepos" : "24673"
}, {
  "kecamatan" : "Lawe Sigala-Gala",
  "kelurahan" : "Lawe Pekhidinen",
  "kodepos" : "24673"
}, {
  "kecamatan" : "Babul Rahmah",
  "kelurahan" : "Lawe Malum",
  "kodepos" : "24673"
}, {
  "kecamatan" : "Lawe Sigala-Gala",
  "kelurahan" : "Lawe Loning Sepakat",
  "kodepos" : "24673"
}, {
  "kecamatan" : "Lawe Sigala-Gala",
  "kelurahan" : "Lawe Loning I",
  "kodepos" : "24673"
}, {
  "kecamatan" : "Lawe Sigala-Gala",
  "kelurahan" : "Lawe Loning Gabungan",
  "kodepos" : "24673"
}, {
  "kecamatan" : "Lawe Sigala-Gala",
  "kelurahan" : "Lawe Loning Aman",
  "kodepos" : "24673"
}, {
  "kecamatan" : "Lawe Sigala-Gala",
  "kelurahan" : "Lawe Kesumpat",
  "kodepos" : "24673"
}, {
  "kecamatan" : "Babul Makmur",
  "kelurahan" : "Lawe Desky Tongah",
  "kodepos" : "24673"
}, {
  "kecamatan" : "Babul Makmur",
  "kelurahan" : "Lawe Desky/Deski I",
  "kodepos" : "24673"
}, {
  "kecamatan" : "Babul Makmur",
  "kelurahan" : "Lawe Desky Sabas",
  "kodepos" : "24673"
}, {
  "kecamatan" : "Leuser",
  "kelurahan" : "Laut Tawar",
  "kodepos" : "24673"
}, {
  "kecamatan" : "Lawe Sigala-Gala",
  "kelurahan" : "Kute/Kuta Tengah",
  "kodepos" : "24673"
}, {
  "kecamatan" : "Lawe Sigala-Gala",
  "kelurahan" : "Kute Serke",
  "kodepos" : "24673"
}, {
  "kecamatan" : "Babul Makmur",
  "kelurahan" : "Kute Makmur",
  "kodepos" : "24673"
}, {
  "kecamatan" : "Babul Makmur",
  "kelurahan" : "Kute Bakti",
  "kodepos" : "24673"
}, {
  "kecamatan" : "Babul Rahmah",
  "kelurahan" : "Kuta/Kute Lang-Lang",
  "kodepos" : "24673"
}, {
  "kecamatan" : "Leuser",
  "kelurahan" : "Kompas",
  "kodepos" : "24673"
}, {
  "kecamatan" : "Babul Rahmah",
  "kelurahan" : "Khambung Tubung",
  "kodepos" : "24673"
}, {
  "kecamatan" : "Lawe Sigala-Gala",
  "kelurahan" : "Kertimbang",
  "kodepos" : "24673"
}, {
  "kecamatan" : "Lawe Sigala-Gala",
  "kelurahan" : "Kedataran Gabungan",
  "kodepos" : "24673"
}, {
  "kecamatan" : "Lawe Sigala-Gala",
  "kelurahan" : "Karya Indah",
  "kodepos" : "24673"
}, {
  "kecamatan" : "Lawe Sigala-Gala",
  "kelurahan" : "Kayu Mbelin",
  "kodepos" : "24673"
}, {
  "kecamatan" : "Leuser",
  "kelurahan" : "Kane Mende",
  "kodepos" : "24673"
}, {
  "kecamatan" : "Tanah Alas",
  "kelurahan" : "Jambur Damar",
  "kodepos" : "24673"
}, {
  "kecamatan" : "Leuser",
  "kelurahan" : "Gunung Pak-Pak",
  "kodepos" : "24673"
}, {
  "kecamatan" : "Leuser",
  "kelurahan" : "Hakhapen",
  "kodepos" : "24673"
}, {
  "kecamatan" : "Lawe Sigala-Gala",
  "kelurahan" : "Gelah Musara",
  "kodepos" : "24673"
}, {
  "kecamatan" : "Leuser",
  "kelurahan" : "Gaye Sendah",
  "kodepos" : "24673"
}, {
  "kecamatan" : "Lawe Sigala-Gala",
  "kelurahan" : "Gaya Jaya",
  "kodepos" : "24673"
}, {
  "kecamatan" : "Lawe Sigala-Gala",
  "kelurahan" : "Gabungan Parsaoran",
  "kodepos" : "24673"
}, {
  "kecamatan" : "Babul Rahmah",
  "kelurahan" : "Dolok Nauli",
  "kodepos" : "24673"
}, {
  "kecamatan" : "Lawe Sigala-Gala",
  "kelurahan" : "Enmya Batu Dua Ratus",
  "kodepos" : "24673"
}, {
  "kecamatan" : "Babul Makmur",
  "kelurahan" : "Desky Jaya",
  "kodepos" : "24673"
}, {
  "kecamatan" : "Lawe Sigala-Gala",
  "kelurahan" : "Darul Aman",
  "kodepos" : "24673"
}, {
  "kecamatan" : "Babul Makmur",
  "kelurahan" : "Cinta Makmur",
  "kodepos" : "24673"
}, {
  "kecamatan" : "Leuser",
  "kelurahan" : "Bunbun Indah War",
  "kodepos" : "24673"
}, {
  "kecamatan" : "Babul Makmur",
  "kelurahan" : "Cinta Damai",
  "kodepos" : "24673"
}, {
  "kecamatan" : "Lawe Sigala-Gala",
  "kelurahan" : "Bukit Sepakat",
  "kodepos" : "24673"
}, {
  "kecamatan" : "Leuser",
  "kelurahan" : "Bunbun Alas",
  "kodepos" : "24673"
}, {
  "kecamatan" : "Lawe Sigala-Gala",
  "kelurahan" : "Bukit Merdeka",
  "kodepos" : "24673"
}, {
  "kecamatan" : "Leuser",
  "kelurahan" : "Bukit Bintang Indah",
  "kodepos" : "24673"
}, {
  "kecamatan" : "Leuser",
  "kelurahan" : "Bukit Mekhiah",
  "kodepos" : "24673"
}, {
  "kecamatan" : "Babul Rahmah",
  "kelurahan" : "Alur Baning",
  "kodepos" : "24673"
}, {
  "kecamatan" : "Leuser",
  "kelurahan" : "Bintang Alga Musara",
  "kodepos" : "24673"
}, {
  "kecamatan" : "Babul Rahmah",
  "kelurahan" : "Alas Mesikhat",
  "kodepos" : "24673"
}, {
  "kecamatan" : "Babul Rahmah",
  "kelurahan" : "Alukh Bakhu",
  "kodepos" : "24673"
}, {
  "kecamatan" : "Bambel",
  "kelurahan" : "Tualang Sembilar",
  "kodepos" : "24671"
}, {
  "kecamatan" : "Leuser",
  "kelurahan" : "Akhih Majile",
  "kodepos" : "24673"
}, {
  "kecamatan" : "Bambel",
  "kelurahan" : "Terutung Seperai",
  "kodepos" : "24671"
}, {
  "kecamatan" : "Bukit Tusam",
  "kelurahan" : "Tualang Baru",
  "kodepos" : "24671"
}, {
  "kecamatan" : "Bambel",
  "kelurahan" : "Terutung Payung Gabungan",
  "kodepos" : "24671"
}, {
  "kecamatan" : "Bambel",
  "kelurahan" : "Terutung Payung Hilir",
  "kodepos" : "24671"
}, {
  "kecamatan" : "Bambel",
  "kelurahan" : "Terutung Payung Hulu",
  "kodepos" : "24671"
}, {
  "kecamatan" : "Bambel",
  "kelurahan" : "Terutung Megara Asli",
  "kodepos" : "24671"
}, {
  "kecamatan" : "Lawe Sumur",
  "kelurahan" : "Terutung Megara Lawe Pasaran",
  "kodepos" : "24671"
}, {
  "kecamatan" : "Lawe Sumur",
  "kelurahan" : "Tengku Mbelin",
  "kodepos" : "24671"
}, {
  "kecamatan" : "Lawe Sumur",
  "kelurahan" : "Terutung Megakhe Bakhu",
  "kodepos" : "24671"
}, {
  "kecamatan" : "Bambel",
  "kelurahan" : "Tembilakh Bakhu",
  "kodepos" : "24671"
}, {
  "kecamatan" : "Bukit Tusam",
  "kelurahan" : "Tenembak Bintang",
  "kodepos" : "24671"
}, {
  "kecamatan" : "Lawe Sumur",
  "kelurahan" : "Teger Miko",
  "kodepos" : "24671"
}, {
  "kecamatan" : "Lawe Sumur",
  "kelurahan" : "Setia Baru",
  "kodepos" : "24671"
}, {
  "kecamatan" : "Bukit Tusam",
  "kelurahan" : "Rikit Bur II",
  "kodepos" : "24671"
}, {
  "kecamatan" : "Bukit Tusam",
  "kelurahan" : "Sebudi Jaya",
  "kodepos" : "24671"
}, {
  "kecamatan" : "Bambel",
  "kelurahan" : "Rikit",
  "kodepos" : "24671"
}, {
  "kecamatan" : "Bukit Tusam",
  "kelurahan" : "Rema",
  "kodepos" : "24671"
}, {
  "kecamatan" : "Bukit Tusam",
  "kelurahan" : "Rikit Bur",
  "kodepos" : "24671"
}, {
  "kecamatan" : "Bambel",
  "kelurahan" : "Pulo Kedondong",
  "kodepos" : "24671"
}, {
  "kecamatan" : "Bambel",
  "kelurahan" : "Pulo Perengge",
  "kodepos" : "24671"
}, {
  "kecamatan" : "Bambel",
  "kelurahan" : "Pinding",
  "kodepos" : "24671"
}, {
  "kecamatan" : "Lawe Sumur",
  "kelurahan" : "Penosan",
  "kodepos" : "24671"
}, {
  "kecamatan" : "Bambel",
  "kelurahan" : "Pedesi",
  "kodepos" : "24671"
}, {
  "kecamatan" : "Bukit Tusam",
  "kelurahan" : "Pejuang",
  "kodepos" : "24671"
}, {
  "kecamatan" : "Bambel",
  "kelurahan" : "Pancakh Iman",
  "kodepos" : "24671"
}, {
  "kecamatan" : "Bukit Tusam",
  "kelurahan" : "Paya Khambung",
  "kodepos" : "24671"
}, {
  "kecamatan" : "Bukit Tusam",
  "kelurahan" : "Maha Singkil",
  "kodepos" : "24671"
}, {
  "kecamatan" : "Bukit Tusam",
  "kelurahan" : "Mbak Sako",
  "kodepos" : "24671"
}, {
  "kecamatan" : "Bambel",
  "kelurahan" : "Lembah Haji",
  "kodepos" : "24671"
}, {
  "kecamatan" : "Bambel",
  "kelurahan" : "Likat",
  "kodepos" : "24671"
}, {
  "kecamatan" : "Lawe Sumur",
  "kelurahan" : "Lawe Sumur Baru",
  "kodepos" : "24671"
}, {
  "kecamatan" : "Lawe Sumur",
  "kelurahan" : "Lawe Sumur Sepakat",
  "kodepos" : "24671"
}, {
  "kecamatan" : "Lawe Sumur",
  "kelurahan" : "Lawe Polak",
  "kodepos" : "24671"
}, {
  "kecamatan" : "Lawe Sumur",
  "kelurahan" : "Lawe Sumur",
  "kodepos" : "24671"
}, {
  "kecamatan" : "Bambel",
  "kelurahan" : "Lawe Hijo Metuah",
  "kodepos" : "24671"
}, {
  "kecamatan" : "Bambel",
  "kelurahan" : "Lawe Hijo",
  "kodepos" : "24671"
}, {
  "kecamatan" : "Bukit Tusam",
  "kelurahan" : "Lawe Dua Gabungan",
  "kodepos" : "24671"
}, {
  "kecamatan" : "Bambel",
  "kelurahan" : "Kute Seri",
  "kodepos" : "24671"
}, {
  "kecamatan" : "Lawe Sumur",
  "kelurahan" : "Kute Lesung",
  "kodepos" : "24671"
}, {
  "kecamatan" : "Bambel",
  "kelurahan" : "Kute Lang Lang Bakhu",
  "kodepos" : "24671"
}, {
  "kecamatan" : "Bukit Tusam",
  "kelurahan" : "Kute Gekhat",
  "kodepos" : "24671"
}, {
  "kecamatan" : "Bukit Tusam",
  "kelurahan" : "Kute Gekhat",
  "kodepos" : "24671"
}, {
  "kecamatan" : "Bambel",
  "kelurahan" : "Kute Buluh",
  "kodepos" : "24671"
}, {
  "kecamatan" : "Lawe Sumur",
  "kelurahan" : "Kute Bunin",
  "kodepos" : "24671"
}, {
  "kecamatan" : "Bambel",
  "kelurahan" : "Kute Antara",
  "kodepos" : "24671"
}, {
  "kecamatan" : "Bukit Tusam",
  "kelurahan" : "Kuta Lingga",
  "kodepos" : "24671"
}, {
  "kecamatan" : "Bukit Tusam",
  "kelurahan" : "Kuta Lengat Pagan",
  "kodepos" : "24671"
}, {
  "kecamatan" : "Bukit Tusam",
  "kelurahan" : "Kuta Lengat Selian",
  "kodepos" : "24671"
}, {
  "kecamatan" : "Bambel",
  "kelurahan" : "Kuning I",
  "kodepos" : "24671"
}, {
  "kecamatan" : "Bambel",
  "kelurahan" : "Kuning II",
  "kodepos" : "24671"
}, {
  "kecamatan" : "Lawe Sumur",
  "kelurahan" : "Kisam Kute Pasir",
  "kodepos" : "24671"
}, {
  "kecamatan" : "Lawe Sumur",
  "kelurahan" : "Kisam Kute Rambe",
  "kodepos" : "24671"
}, {
  "kecamatan" : "Lawe Sumur",
  "kelurahan" : "Kisam Lestari",
  "kodepos" : "24671"
}, {
  "kecamatan" : "Bukit Tusam",
  "kelurahan" : "Kerukunan",
  "kodepos" : "24671"
}, {
  "kecamatan" : "Lawe Sumur",
  "kelurahan" : "Kisam",
  "kodepos" : "24671"
}, {
  "kecamatan" : "Bukit Tusam",
  "kelurahan" : "Empat Lima",
  "kodepos" : "24671"
}, {
  "kecamatan" : "Bukit Tusam",
  "kelurahan" : "Gumpang",
  "kodepos" : "24671"
}, {
  "kecamatan" : "Babussalam",
  "kelurahan" : "Gumpang Jaya",
  "kodepos" : "24671"
}, {
  "kecamatan" : "Bukit Tusam",
  "kelurahan" : "Darussalam",
  "kodepos" : "24671"
}, {
  "kecamatan" : "Bukit Tusam",
  "kelurahan" : "Darul Imami",
  "kodepos" : "24671"
}, {
  "kecamatan" : "Lawe Sumur",
  "kelurahan" : "Buah Pala",
  "kodepos" : "24671"
}, {
  "kecamatan" : "Bambel",
  "kelurahan" : "Cinta Damai",
  "kodepos" : "24671"
}, {
  "kecamatan" : "Bambel",
  "kelurahan" : "Biak Muli Pantai Raja",
  "kodepos" : "24671"
}, {
  "kecamatan" : "Bambel",
  "kelurahan" : "Biak Muli Sejahtera",
  "kodepos" : "24671"
}, {
  "kecamatan" : "Bambel",
  "kelurahan" : "Biak Muli",
  "kodepos" : "24671"
}, {
  "kecamatan" : "Bambel",
  "kelurahan" : "Biak Muli Bakhu",
  "kodepos" : "24671"
}, {
  "kecamatan" : "Lawe Sumur",
  "kelurahan" : "Berandang",
  "kodepos" : "24671"
}, {
  "kecamatan" : "Bambel",
  "kelurahan" : "Bambel Gabungan",
  "kodepos" : "24671"
}, {
  "kecamatan" : "Bukit Tusam",
  "kelurahan" : "Bambel Baru",
  "kodepos" : "24671"
}, {
  "kecamatan" : "Bambel",
  "kelurahan" : "Bambel",
  "kodepos" : "24671"
}, {
  "kecamatan" : "Bukit Tusam",
  "kelurahan" : "Amaliah",
  "kodepos" : "24671"
}, {
  "kecamatan" : "Bambel",
  "kelurahan" : "Ampera",
  "kodepos" : "24671"
}, {
  "kecamatan" : "Tanah Alas",
  "kelurahan" : "Timang Khase",
  "kodepos" : "24661"
}, {
  "kecamatan" : "Bukit Tusam",
  "kelurahan" : "Alur Buluh (Kuta Buluh)",
  "kodepos" : "24671"
}, {
  "kecamatan" : "Tanah Alas",
  "kelurahan" : "Stambul Jaya",
  "kodepos" : "24661"
}, {
  "kecamatan" : "Tanah Alas",
  "kelurahan" : "Rumah Luar",
  "kodepos" : "24661"
}, {
  "kecamatan" : "Tanah Alas",
  "kelurahan" : "Salim Pinim II",
  "kodepos" : "24661"
}, {
  "kecamatan" : "Lawe Alas",
  "kelurahan" : "Rumah Kampung",
  "kodepos" : "24661"
}, {
  "kecamatan" : "Tanah Alas",
  "kelurahan" : "Rambah Sayang",
  "kodepos" : "24661"
}, {
  "kecamatan" : "Lawe Alas",
  "kelurahan" : "Rih Mbelang (Mebelang)",
  "kodepos" : "24661"
}, {
  "kecamatan" : "Lawe Alas",
  "kelurahan" : "Pulo Ndadap",
  "kodepos" : "24661"
}, {
  "kecamatan" : "Lawe Alas",
  "kelurahan" : "Pulo Ndadap",
  "kodepos" : "24661"
}, {
  "kecamatan" : "Lawe Alas",
  "kelurahan" : "Pintu Khimbe",
  "kodepos" : "24661"
}, {
  "kecamatan" : "Lawe Alas",
  "kelurahan" : "Pulo Gadung",
  "kodepos" : "24661"
}, {
  "kecamatan" : "Lawe Alas",
  "kelurahan" : "Paye Munje",
  "kodepos" : "24661"
}, {
  "kecamatan" : "Lawe Alas",
  "kelurahan" : "Perapat Batu Nunggul",
  "kodepos" : "24661"
}, {
  "kecamatan" : "Lawe Alas",
  "kelurahan" : "Pasir Bangun",
  "kodepos" : "24661"
}, {
  "kecamatan" : "Lawe Alas",
  "kelurahan" : "Pasir Nunggul",
  "kodepos" : "24661"
}, {
  "kecamatan" : "Lawe Alas",
  "kelurahan" : "Ngkeran",
  "kodepos" : "24661"
}, {
  "kecamatan" : "Lawe Alas",
  "kelurahan" : "Pasikh Nunang",
  "kodepos" : "24661"
}, {
  "kecamatan" : "Lawe Alas",
  "kelurahan" : "Pasikh Pekhmate",
  "kodepos" : "24661"
}, {
  "kecamatan" : "Lawe Alas",
  "kelurahan" : "Muara Baru",
  "kodepos" : "24661"
}, {
  "kecamatan" : "Tanah Alas",
  "kelurahan" : "Lawe Tungkal",
  "kodepos" : "24661"
}, {
  "kecamatan" : "Lawe Alas",
  "kelurahan" : "Lawe Sempilang",
  "kodepos" : "24661"
}, {
  "kecamatan" : "Lawe Alas",
  "kelurahan" : "Lawe Konker/Kongkir",
  "kodepos" : "24661"
}, {
  "kecamatan" : "Lawe Alas",
  "kelurahan" : "Lawe Lubang Indah",
  "kodepos" : "24661"
}, {
  "kecamatan" : "Lawe Alas",
  "kelurahan" : "Lawe Konker Hilir",
  "kodepos" : "24661"
}, {
  "kecamatan" : "Tanah Alas",
  "kelurahan" : "Kute Mejile",
  "kodepos" : "24661"
}, {
  "kecamatan" : "Lawe Alas",
  "kelurahan" : "Kuta Cingkam II",
  "kodepos" : "24661"
}, {
  "kecamatan" : "Lawe Alas",
  "kelurahan" : "Kuta Batu II",
  "kodepos" : "24661"
}, {
  "kecamatan" : "Lawe Alas",
  "kelurahan" : "Kuta Cingkam I",
  "kodepos" : "24661"
}, {
  "kecamatan" : "Lawe Alas",
  "kelurahan" : "Kuta Batu Baru",
  "kodepos" : "24661"
}, {
  "kecamatan" : "Lawe Alas",
  "kelurahan" : "Kuta Batu I",
  "kodepos" : "24661"
}, {
  "kecamatan" : "Lawe Alas",
  "kelurahan" : "Kubu",
  "kodepos" : "24661"
}, {
  "kecamatan" : "Tanah Alas",
  "kelurahan" : "Khutung Mbelang",
  "kodepos" : "24661"
}, {
  "kecamatan" : "Lawe Alas",
  "kelurahan" : "Engkeran",
  "kodepos" : "24661"
}, {
  "kecamatan" : "Tanah Alas",
  "kelurahan" : "Jambukh Pekhmate",
  "kodepos" : "24661"
}, {
  "kecamatan" : "Lawe Alas",
  "kelurahan" : "Deleng Kukusen",
  "kodepos" : "24661"
}, {
  "kecamatan" : "Lawe Alas",
  "kelurahan" : "Batu Hamparan",
  "kodepos" : "24661"
}, {
  "kecamatan" : "Lawe Alas",
  "kelurahan" : "Darul Amin",
  "kodepos" : "24661"
}, {
  "kecamatan" : "Tanah Alas",
  "kelurahan" : "Alukh Nangke",
  "kodepos" : "24661"
}, {
  "kecamatan" : "Tanah Alas",
  "kelurahan" : "Alur Langsat",
  "kodepos" : "24661"
}, {
  "kecamatan" : "Darul Hasanah",
  "kelurahan" : "Terutung Kute",
  "kodepos" : "24653"
}, {
  "kecamatan" : "Darul Hasanah",
  "kelurahan" : "Ujung Baru",
  "kodepos" : "24653"
}, {
  "kecamatan" : "Darul Hasanah",
  "kelurahan" : "Tanjung Mbakhu",
  "kodepos" : "24653"
}, {
  "kecamatan" : "Darul Hasanah",
  "kelurahan" : "Tanjung Muda",
  "kodepos" : "24653"
}, {
  "kecamatan" : "Darul Hasanah",
  "kelurahan" : "Tanjung Lama",
  "kodepos" : "24653"
}, {
  "kecamatan" : "Darul Hasanah",
  "kelurahan" : "Tanjung Leuser",
  "kodepos" : "24653"
}, {
  "kecamatan" : "Darul Hasanah",
  "kelurahan" : "Tanjung Aman",
  "kodepos" : "24653"
}, {
  "kecamatan" : "Darul Hasanah",
  "kelurahan" : "Serimuda",
  "kodepos" : "24653"
}, {
  "kecamatan" : "Darul Hasanah",
  "kelurahan" : "Simpang Empat Tanjung",
  "kodepos" : "24653"
}, {
  "kecamatan" : "Darul Hasanah",
  "kelurahan" : "Rambung Teldak",
  "kodepos" : "24653"
}, {
  "kecamatan" : "Darul Hasanah",
  "kelurahan" : "Pulo Piku",
  "kodepos" : "24653"
}, {
  "kecamatan" : "Darul Hasanah",
  "kelurahan" : "Rambung Jaya",
  "kodepos" : "24653"
}, {
  "kecamatan" : "Darul Hasanah",
  "kelurahan" : "Pulo Gadung",
  "kodepos" : "24653"
}, {
  "kecamatan" : "Darul Hasanah",
  "kelurahan" : "Mamas Baru",
  "kodepos" : "24653"
}, {
  "kecamatan" : "Darul Hasanah",
  "kelurahan" : "Mamas",
  "kodepos" : "24653"
}, {
  "kecamatan" : "Darul Hasanah",
  "kelurahan" : "Lawe Stul/Setul",
  "kodepos" : "24653"
}, {
  "kecamatan" : "Darul Hasanah",
  "kelurahan" : "Makmur Jaya",
  "kodepos" : "24653"
}, {
  "kecamatan" : "Darul Hasanah",
  "kelurahan" : "Lawe Mamas Indah",
  "kodepos" : "24653"
}, {
  "kecamatan" : "Darul Hasanah",
  "kelurahan" : "Lawe Pinis",
  "kodepos" : "24653"
}, {
  "kecamatan" : "Darul Hasanah",
  "kelurahan" : "Kute Rambe",
  "kodepos" : "24653"
}, {
  "kecamatan" : "Darul Hasanah",
  "kelurahan" : "Kute Ujung",
  "kodepos" : "24653"
}, {
  "kecamatan" : "Darul Hasanah",
  "kelurahan" : "Kuning Abadi",
  "kodepos" : "24653"
}, {
  "kecamatan" : "Darul Hasanah",
  "kelurahan" : "Kitei Meranggun",
  "kodepos" : "24653"
}, {
  "kecamatan" : "Darul Hasanah",
  "kelurahan" : "Kokhtan Jaya",
  "kodepos" : "24653"
}, {
  "kecamatan" : "Darul Hasanah",
  "kelurahan" : "Gulo",
  "kodepos" : "24653"
}, {
  "kecamatan" : "Darul Hasanah",
  "kelurahan" : "Istiqomah",
  "kodepos" : "24653"
}, {
  "kecamatan" : "Darul Hasanah",
  "kelurahan" : "Darul Makmur",
  "kodepos" : "24653"
}, {
  "kecamatan" : "Darul Hasanah",
  "kelurahan" : "Buntul Kendawi",
  "kodepos" : "24653"
}, {
  "kecamatan" : "Badar",
  "kelurahan" : "Tanah Merah",
  "kodepos" : "24652"
}, {
  "kecamatan" : "Badar",
  "kelurahan" : "Tanoh Megakhe",
  "kodepos" : "24652"
}, {
  "kecamatan" : "Ketambe",
  "kelurahan" : "Suka Rimbun",
  "kodepos" : "24652"
}, {
  "kecamatan" : "Ketambe",
  "kelurahan" : "Simpang III Jongar",
  "kodepos" : "24652"
}, {
  "kecamatan" : "Ketambe",
  "kelurahan" : "Simpur Jaya",
  "kodepos" : "24652"
}, {
  "kecamatan" : "Deleng Pokhisen",
  "kelurahan" : "Salang Sigotom",
  "kodepos" : "24652"
}, {
  "kecamatan" : "Deleng Pokhisen",
  "kelurahan" : "Sepakat",
  "kodepos" : "24652"
}, {
  "kecamatan" : "Badar",
  "kelurahan" : "Salang Alas",
  "kodepos" : "24652"
}, {
  "kecamatan" : "Deleng Pokhisen",
  "kelurahan" : "Salang Baru",
  "kodepos" : "24652"
}, {
  "kecamatan" : "Deleng Pokhisen",
  "kelurahan" : "Salang Muara",
  "kodepos" : "24652"
}, {
  "kecamatan" : "Deleng Pokhisen",
  "kelurahan" : "Ranto Dior/Diur",
  "kodepos" : "24652"
}, {
  "kecamatan" : "Ketambe",
  "kelurahan" : "Rumah Bundar",
  "kodepos" : "24652"
}, {
  "kecamatan" : "Badar",
  "kelurahan" : "Peranginan",
  "kodepos" : "24652"
}, {
  "kecamatan" : "Badar",
  "kelurahan" : "Purwodadi",
  "kodepos" : "24652"
}, {
  "kecamatan" : "Ketambe",
  "kelurahan" : "Penungkunen",
  "kodepos" : "24652"
}, {
  "kecamatan" : "Ketambe",
  "kelurahan" : "Penyeberangan Cingkam",
  "kodepos" : "24652"
}, {
  "kecamatan" : "Badar",
  "kelurahan" : "Natam Baru",
  "kodepos" : "24652"
}, {
  "kecamatan" : "Ketambe",
  "kelurahan" : "Louser",
  "kodepos" : "24652"
}, {
  "kecamatan" : "Badar",
  "kelurahan" : "Natam",
  "kodepos" : "24652"
}, {
  "kecamatan" : "Deleng Pokhisen",
  "kelurahan" : "Lembah Alas",
  "kodepos" : "24652"
}, {
  "kecamatan" : "Ketambe",
  "kelurahan" : "Lawe Sembekan",
  "kodepos" : "24652"
}, {
  "kecamatan" : "Badar",
  "kelurahan" : "Lawe Sekekhah",
  "kodepos" : "24652"
}, {
  "kecamatan" : "Ketambe",
  "kelurahan" : "Lawe Mengkudu",
  "kodepos" : "24652"
}, {
  "kecamatan" : "Ketambe",
  "kelurahan" : "Lawe Penanggalan",
  "kodepos" : "24652"
}, {
  "kecamatan" : "Ketambe",
  "kelurahan" : "Lawe Ger Ger",
  "kodepos" : "24652"
}, {
  "kecamatan" : "Badar",
  "kelurahan" : "Lawe Bekung Tampahan",
  "kodepos" : "24652"
}, {
  "kecamatan" : "Ketambe",
  "kelurahan" : "Lawe Bekhingin",
  "kodepos" : "24652"
}, {
  "kecamatan" : "Badar",
  "kelurahan" : "Lawe Bekung",
  "kodepos" : "24652"
}, {
  "kecamatan" : "Ketambe",
  "kelurahan" : "Lawe Aunan",
  "kodepos" : "24652"
}, {
  "kecamatan" : "Badar",
  "kelurahan" : "Kuta/Kute Pasir",
  "kodepos" : "24652"
}, {
  "kecamatan" : "Badar",
  "kelurahan" : "Kuta/Kute Tinggi",
  "kodepos" : "24652"
}, {
  "kecamatan" : "Ketambe",
  "kelurahan" : "Ketambe",
  "kodepos" : "24652"
}, {
  "kecamatan" : "Badar",
  "kelurahan" : "Kumbang Indah",
  "kodepos" : "24652"
}, {
  "kecamatan" : "Badar",
  "kelurahan" : "Kumbang Jaya",
  "kodepos" : "24652"
}, {
  "kecamatan" : "Deleng Pokhisen",
  "kelurahan" : "Kaya Pangur",
  "kodepos" : "24652"
}, {
  "kecamatan" : "Ketambe",
  "kelurahan" : "Kayu Mentangur",
  "kodepos" : "24652"
}, {
  "kecamatan" : "Badar",
  "kelurahan" : "Kampung Baru",
  "kodepos" : "24652"
}, {
  "kecamatan" : "Ketambe",
  "kelurahan" : "Jongar",
  "kodepos" : "24652"
}, {
  "kecamatan" : "Ketambe",
  "kelurahan" : "Kati Maju",
  "kodepos" : "24652"
}, {
  "kecamatan" : "Ketambe",
  "kelurahan" : "Jambur Lak Lak",
  "kodepos" : "24652"
}, {
  "kecamatan" : "Ketambe",
  "kelurahan" : "Jati Rasa",
  "kodepos" : "24652"
}, {
  "kecamatan" : "Badar",
  "kelurahan" : "Deleng Megakhe",
  "kodepos" : "24652"
}, {
  "kecamatan" : "Ketambe",
  "kelurahan" : "Deleng Damar",
  "kodepos" : "24652"
}, {
  "kecamatan" : "Deleng Pokhisen",
  "kelurahan" : "Gusung Batu",
  "kodepos" : "24652"
}, {
  "kecamatan" : "Ketambe",
  "kelurahan" : "Bintang Bener",
  "kodepos" : "24652"
}, {
  "kecamatan" : "Ketambe",
  "kelurahan" : "Bukit Mbakhu",
  "kodepos" : "24652"
}, {
  "kecamatan" : "Ketambe",
  "kelurahan" : "Datok Pining",
  "kodepos" : "24652"
}, {
  "kecamatan" : "Badar",
  "kelurahan" : "Batu Mberong",
  "kodepos" : "24652"
}, {
  "kecamatan" : "Ketambe",
  "kelurahan" : "Bener Mepapah",
  "kodepos" : "24652"
}, {
  "kecamatan" : "Badar",
  "kelurahan" : "Badar Indah",
  "kodepos" : "24652"
}, {
  "kecamatan" : "Ketambe",
  "kelurahan" : "Aunan Sepakat",
  "kodepos" : "24652"
}, {
  "kecamatan" : "Babussalam",
  "kelurahan" : "Ujung Barat",
  "kodepos" : "24651"
}, {
  "kecamatan" : "Deleng Pokhisen",
  "kelurahan" : "Tualang Lama",
  "kodepos" : "24651"
}, {
  "kecamatan" : "Babussalam",
  "kelurahan" : "Terutung Pedi",
  "kodepos" : "24651"
}, {
  "kecamatan" : "Deleng Pokhisen",
  "kelurahan" : "Tenembak/Tenebak Lang-Lang",
  "kodepos" : "24651"
}, {
  "kecamatan" : "Deleng Pokhisen",
  "kelurahan" : "Terutung Mbelang",
  "kodepos" : "24651"
}, {
  "kecamatan" : "Lawe Bulan",
  "kelurahan" : "Tenembak Juhar",
  "kodepos" : "24651"
}, {
  "kecamatan" : "Deleng Pokhisen",
  "kelurahan" : "Tanoh Khukahen",
  "kodepos" : "24651"
}, {
  "kecamatan" : "Lawe Bulan",
  "kelurahan" : "Telaga Mekar",
  "kodepos" : "24651"
}, {
  "kecamatan" : "Deleng Pokhisen",
  "kelurahan" : "Tading Niulihi",
  "kodepos" : "24651"
}, {
  "kecamatan" : "Lawe Bulan",
  "kelurahan" : "Simpang Empat",
  "kodepos" : "24651"
}, {
  "kecamatan" : "Babussalam",
  "kelurahan" : "Pulo Sanggakh",
  "kodepos" : "24651"
}, {
  "kecamatan" : "Babussalam",
  "kelurahan" : "Pulonas",
  "kodepos" : "24651"
}, {
  "kecamatan" : "Lawe Bulan",
  "kelurahan" : "Pulonas Baru",
  "kodepos" : "24651"
}, {
  "kecamatan" : "Babussalam",
  "kelurahan" : "Pulo Latong",
  "kodepos" : "24651"
}, {
  "kecamatan" : "Babussalam",
  "kelurahan" : "Pulo Peding",
  "kodepos" : "24651"
}, {
  "kecamatan" : "Deleng Pokhisen",
  "kelurahan" : "Pesuluk Pesimbe",
  "kodepos" : "24651"
}, {
  "kecamatan" : "Babussalam",
  "kelurahan" : "Perapat Sepakat",
  "kodepos" : "24651"
}, {
  "kecamatan" : "Babussalam",
  "kelurahan" : "Perapat Titi Panjang",
  "kodepos" : "24651"
}, {
  "kecamatan" : "Babussalam",
  "kelurahan" : "Perapat Hulu",
  "kodepos" : "24651"
}, {
  "kecamatan" : "Babussalam",
  "kelurahan" : "Perapat Hilir",
  "kodepos" : "24651"
}, {
  "kecamatan" : "Deleng Pokhisen",
  "kelurahan" : "Penampaan",
  "kodepos" : "24651"
}, {
  "kecamatan" : "Lawe Bulan",
  "kelurahan" : "Pekhapat Timur",
  "kodepos" : "24651"
}, {
  "kecamatan" : "Lawe Bulan",
  "kelurahan" : "Pasir Penjengakan",
  "kodepos" : "24651"
}, {
  "kecamatan" : "Lawe Bulan",
  "kelurahan" : "Pasir Gala",
  "kodepos" : "24651"
}, {
  "kecamatan" : "Deleng Pokhisen",
  "kelurahan" : "Muhajirin",
  "kodepos" : "24651"
}, {
  "kecamatan" : "Babussalam",
  "kelurahan" : "Muara Lawe Bulan",
  "kodepos" : "24651"
}, {
  "kecamatan" : "Babussalam",
  "kelurahan" : "Mendabe",
  "kodepos" : "24651"
}, {
  "kecamatan" : "Babussalam",
  "kelurahan" : "Melayu I",
  "kodepos" : "24651"
}, {
  "kecamatan" : "Babussalam",
  "kelurahan" : "Mburung Datuk Sekhudane",
  "kodepos" : "24651"
}, {
  "kecamatan" : "Babussalam",
  "kelurahan" : "Mbarung",
  "kodepos" : "24651"
}, {
  "kecamatan" : "Lawe Bulan",
  "kelurahan" : "Mbacang Racun",
  "kodepos" : "24651"
}, {
  "kecamatan" : "Lawe Bulan",
  "kelurahan" : "Lawe Sagu Hulu",
  "kodepos" : "24651"
}, {
  "kecamatan" : "Lawe Bulan",
  "kelurahan" : "Lawe Sagu Hilir",
  "kodepos" : "24651"
}, {
  "kecamatan" : "Lawe Bulan",
  "kelurahan" : "Lawe Sagu Baru",
  "kodepos" : "24651"
}, {
  "kecamatan" : "Lawe Bulan",
  "kelurahan" : "Lawe Sagu",
  "kodepos" : "24651"
}, {
  "kecamatan" : "Lawe Bulan",
  "kelurahan" : "Lawe Rutung",
  "kodepos" : "24651"
}, {
  "kecamatan" : "Lawe Bulan",
  "kelurahan" : "Lawe Kolok",
  "kodepos" : "24651"
}, {
  "kecamatan" : "Deleng Pokhisen",
  "kelurahan" : "Lawe Pangkat",
  "kodepos" : "24651"
}, {
  "kecamatan" : "Lawe Bulan",
  "kelurahan" : "Lawe Kinge",
  "kodepos" : "24651"
}, {
  "kecamatan" : "Bambel",
  "kelurahan" : "Lawe Kihing",
  "kodepos" : "24651"
}, {
  "kecamatan" : "Deleng Pokhisen",
  "kelurahan" : "Lawe Hakhum",
  "kodepos" : "24651"
}, {
  "kecamatan" : "Lawe Bulan",
  "kelurahan" : "Kutem Baru",
  "kodepos" : "24651"
}, {
  "kecamatan" : "Babussalam",
  "kelurahan" : "Kute Rih",
  "kodepos" : "24651"
}, {
  "kecamatan" : "Lawe Bulan",
  "kelurahan" : "Kute Bantil",
  "kodepos" : "24651"
}, {
  "kecamatan" : "Babussalam",
  "kelurahan" : "Kutacane Lama",
  "kodepos" : "24651"
}, {
  "kecamatan" : "Lawe Bulan",
  "kelurahan" : "Kuta Genting",
  "kodepos" : "24651"
}, {
  "kecamatan" : "Lawe Bulan",
  "kelurahan" : "Kuta Galuh Asli",
  "kodepos" : "24651"
}, {
  "kecamatan" : "Lawe Bulan",
  "kelurahan" : "Kuta Buluh Botong",
  "kodepos" : "24651"
}, {
  "kecamatan" : "Babussalam",
  "kelurahan" : "Kota Kutacane",
  "kodepos" : "24651"
}, {
  "kecamatan" : "Deleng Pokhisen",
  "kelurahan" : "Kati Jeroh",
  "kodepos" : "24651"
}, {
  "kecamatan" : "Lawe Bulan",
  "kelurahan" : "Katembaru Bencawan",
  "kodepos" : "24651"
}, {
  "kecamatan" : "Deleng Pokhisen",
  "kelurahan" : "Kane Lot",
  "kodepos" : "24651"
}, {
  "kecamatan" : "Lawe Bulan",
  "kelurahan" : "Kandang Mbelang Mandiri",
  "kodepos" : "24651"
}, {
  "kecamatan" : "Babussalam",
  "kelurahan" : "Kampung Raja",
  "kodepos" : "24651"
}, {
  "kecamatan" : "Lawe Bulan",
  "kelurahan" : "Kampung Nangka",
  "kodepos" : "24651"
}, {
  "kecamatan" : "Babussalam",
  "kelurahan" : "Kampung Melayu Gabungan",
  "kodepos" : "24651"
}, {
  "kecamatan" : "Deleng Pokhisen",
  "kelurahan" : "Bunga Melur Gabungan",
  "kodepos" : "24651"
}, {
  "kecamatan" : "Deleng Pokhisen",
  "kelurahan" : "Beriring Naru",
  "kodepos" : "24651"
}, {
  "kecamatan" : "Babussalam",
  "kelurahan" : "Batum Bln Baru",
  "kodepos" : "24651"
}, {
  "kecamatan" : "Babussalam",
  "kelurahan" : "Batu Mbulan Sepakat",
  "kodepos" : "24651"
}, {
  "kecamatan" : "Babussalam",
  "kelurahan" : "Batu Mbulan II",
  "kodepos" : "24651"
}, {
  "kecamatan" : "Babussalam",
  "kelurahan" : "Batu Mbulan Asli",
  "kodepos" : "24651"
}, {
  "kecamatan" : "Babussalam",
  "kelurahan" : "Batu Mbulan I",
  "kodepos" : "24651"
}, {
  "kecamatan" : "Lawe Bulan",
  "kelurahan" : "Bahagia",
  "kodepos" : "24651"
}, {
  "kecamatan" : "Babussalam",
  "kelurahan" : "Alas Memancar",
  "kodepos" : "24651"
} ]
