[ {
  "kecamatan" : "Teripe/Tripe Jaya",
  "kelurahan" : "Uyem Beriring",
  "kodepos" : "24656"
}, {
  "kecamatan" : "Terangun (Terangon)",
  "kelurahan" : "Terlis",
  "kodepos" : "24656"
}, {
  "kecamatan" : "Terangun (Terangon)",
  "kelurahan" : "Telege Jernih",
  "kodepos" : "24656"
}, {
  "kecamatan" : "Terangun (Terangon)",
  "kelurahan" : "Terangon",
  "kodepos" : "24656"
}, {
  "kecamatan" : "Terangun (Terangon)",
  "kelurahan" : "Soyo",
  "kodepos" : "24656"
}, {
  "kecamatan" : "Teripe/Tripe Jaya",
  "kelurahan" : "Setul",
  "kodepos" : "24656"
}, {
  "kecamatan" : "Terangun (Terangon)",
  "kelurahan" : "Rime Jaya",
  "kodepos" : "24656"
}, {
  "kecamatan" : "Terangun (Terangon)",
  "kelurahan" : "Rumpi",
  "kodepos" : "24656"
}, {
  "kecamatan" : "Teripe/Tripe Jaya",
  "kelurahan" : "Rerebe",
  "kodepos" : "24656"
}, {
  "kecamatan" : "Terangun (Terangon)",
  "kelurahan" : "Rempelan Pinang",
  "kodepos" : "24656"
}, {
  "kecamatan" : "Teripe/Tripe Jaya",
  "kelurahan" : "Pulo Gelime",
  "kodepos" : "24656"
}, {
  "kecamatan" : "Terangun (Terangon)",
  "kelurahan" : "Reje Pudung",
  "kodepos" : "24656"
}, {
  "kecamatan" : "Teripe/Tripe Jaya",
  "kelurahan" : "Perlak",
  "kodepos" : "24656"
}, {
  "kecamatan" : "Terangun (Terangon)",
  "kelurahan" : "Persada Tongra",
  "kodepos" : "24656"
}, {
  "kecamatan" : "Teripe/Tripe Jaya",
  "kelurahan" : "Pasir",
  "kodepos" : "24656"
}, {
  "kecamatan" : "Teripe/Tripe Jaya",
  "kelurahan" : "Paya Kumer",
  "kodepos" : "24656"
}, {
  "kecamatan" : "Terangun (Terangon)",
  "kelurahan" : "Pantan Lues",
  "kodepos" : "24656"
}, {
  "kecamatan" : "Terangun (Terangon)",
  "kelurahan" : "Padang",
  "kodepos" : "24656"
}, {
  "kecamatan" : "Teripe/Tripe Jaya",
  "kelurahan" : "Pantan Kela",
  "kodepos" : "24656"
}, {
  "kecamatan" : "Terangun (Terangon)",
  "kelurahan" : "Lestari",
  "kodepos" : "24656"
}, {
  "kecamatan" : "Terangun (Terangon)",
  "kelurahan" : "Makmur Jaya",
  "kodepos" : "24656"
}, {
  "kecamatan" : "Terangun (Terangon)",
  "kelurahan" : "Kutesange",
  "kodepos" : "24656"
}, {
  "kecamatan" : "Terangun (Terangon)",
  "kelurahan" : "Kute Reje",
  "kodepos" : "24656"
}, {
  "kecamatan" : "Teripe/Tripe Jaya",
  "kelurahan" : "Kuala Jernih",
  "kodepos" : "24656"
}, {
  "kecamatan" : "Terangun (Terangon)",
  "kelurahan" : "Gewat",
  "kodepos" : "24656"
}, {
  "kecamatan" : "Terangun (Terangon)",
  "kelurahan" : "Jabo",
  "kodepos" : "24656"
}, {
  "kecamatan" : "Terangun (Terangon)",
  "kelurahan" : "Garut",
  "kodepos" : "24656"
}, {
  "kecamatan" : "Terangun (Terangon)",
  "kelurahan" : "Gawar Belangi",
  "kodepos" : "24656"
}, {
  "kecamatan" : "Terangun (Terangon)",
  "kelurahan" : "Bukut",
  "kodepos" : "24656"
}, {
  "kecamatan" : "Teripe/Tripe Jaya",
  "kelurahan" : "Buntul Musara",
  "kodepos" : "24656"
}, {
  "kecamatan" : "Terangun (Terangon)",
  "kelurahan" : "Blang Kala",
  "kodepos" : "24656"
}, {
  "kecamatan" : "Terangun (Terangon)",
  "kelurahan" : "Blang Kuncir",
  "kodepos" : "24656"
}, {
  "kecamatan" : "Terangun (Terangon)",
  "kelurahan" : "Berhut",
  "kodepos" : "24656"
}, {
  "kecamatan" : "Pining (Pinding)",
  "kelurahan" : "Uring",
  "kodepos" : "24655"
}, {
  "kecamatan" : "Putri Betung",
  "kelurahan" : "Uning Pune",
  "kodepos" : "24655"
}, {
  "kecamatan" : "Kuta Panjang",
  "kelurahan" : "Ulon Tanoh",
  "kodepos" : "24655"
}, {
  "kecamatan" : "Blang Jerango",
  "kelurahan" : "Tingkem",
  "kodepos" : "24655"
}, {
  "kecamatan" : "Kuta Panjang",
  "kelurahan" : "Tampeng",
  "kodepos" : "24655"
}, {
  "kecamatan" : "Kuta Panjang",
  "kelurahan" : "Tampeng Musara",
  "kodepos" : "24655"
}, {
  "kecamatan" : "Putri Betung",
  "kelurahan" : "Singah Mulo",
  "kodepos" : "24655"
}, {
  "kecamatan" : "Blang Kejeren",
  "kelurahan" : "Sepang",
  "kodepos" : "24655"
}, {
  "kecamatan" : "Kuta Panjang",
  "kelurahan" : "Rikit Dekat",
  "kodepos" : "24655"
}, {
  "kecamatan" : "Blang Jerango",
  "kelurahan" : "Sekuelen",
  "kodepos" : "24655"
}, {
  "kecamatan" : "Kuta Panjang",
  "kelurahan" : "Rema",
  "kodepos" : "24655"
}, {
  "kecamatan" : "Kuta Panjang",
  "kelurahan" : "Rema Baru",
  "kodepos" : "24655"
}, {
  "kecamatan" : "Putri Betung",
  "kelurahan" : "Ramung Musara",
  "kodepos" : "24655"
}, {
  "kecamatan" : "Putri Betung",
  "kelurahan" : "Putri Betung",
  "kodepos" : "24655"
}, {
  "kecamatan" : "Blang Kejeren",
  "kelurahan" : "Raklunung",
  "kodepos" : "24655"
}, {
  "kecamatan" : "Blang Kejeren",
  "kelurahan" : "Porang",
  "kodepos" : "24655"
}, {
  "kecamatan" : "Pining (Pinding)",
  "kelurahan" : "Pintu Rime",
  "kodepos" : "24655"
}, {
  "kecamatan" : "Pining (Pinding)",
  "kelurahan" : "Pertik",
  "kodepos" : "24655"
}, {
  "kecamatan" : "Pining (Pinding)",
  "kelurahan" : "Pining (Pinding)",
  "kodepos" : "24655"
}, {
  "kecamatan" : "Blang Jerango",
  "kelurahan" : "Peparik Dekat",
  "kodepos" : "24655"
}, {
  "kecamatan" : "Blang Jerango",
  "kelurahan" : "Peparik Gaib",
  "kodepos" : "24655"
}, {
  "kecamatan" : "Pining (Pinding)",
  "kelurahan" : "Pepelah",
  "kodepos" : "24655"
}, {
  "kecamatan" : "Blang Jerango",
  "kelurahan" : "Penosan",
  "kodepos" : "24655"
}, {
  "kecamatan" : "Blang Jerango",
  "kelurahan" : "Penosan Sepakat",
  "kodepos" : "24655"
}, {
  "kecamatan" : "Blang Kejeren",
  "kelurahan" : "Penggalangan",
  "kodepos" : "24655"
}, {
  "kecamatan" : "Blang Kejeren",
  "kelurahan" : "Penampaan Uken",
  "kodepos" : "24655"
}, {
  "kecamatan" : "Pining (Pinding)",
  "kelurahan" : "Pasir Putih",
  "kodepos" : "24655"
}, {
  "kecamatan" : "Blang Kejeren",
  "kelurahan" : "Penampaan Toa",
  "kodepos" : "24655"
}, {
  "kecamatan" : "Putri Betung",
  "kelurahan" : "Meloak Sepakat",
  "kodepos" : "24655"
}, {
  "kecamatan" : "Blang Kejeren",
  "kelurahan" : "Palok",
  "kodepos" : "24655"
}, {
  "kecamatan" : "Putri Betung",
  "kelurahan" : "Marpunge",
  "kodepos" : "24655"
}, {
  "kecamatan" : "Pining (Pinding)",
  "kelurahan" : "Lesten",
  "kodepos" : "24655"
}, {
  "kecamatan" : "Blang Kejeren",
  "kelurahan" : "Leme",
  "kodepos" : "24655"
}, {
  "kecamatan" : "Blang Kejeren",
  "kelurahan" : "Lempuh",
  "kodepos" : "24655"
}, {
  "kecamatan" : "Putri Betung",
  "kelurahan" : "Kutelengat Sepakat",
  "kodepos" : "24655"
}, {
  "kecamatan" : "Blang Kejeren",
  "kelurahan" : "Kute Sere",
  "kodepos" : "24655"
}, {
  "kecamatan" : "Kuta Panjang",
  "kelurahan" : "Kuta Ujung",
  "kodepos" : "24655"
}, {
  "kecamatan" : "Blang Kejeren",
  "kelurahan" : "Kota Blang Kejeren",
  "kodepos" : "24655"
}, {
  "kecamatan" : "Blang Kejeren",
  "kelurahan" : "Kuta Lintang",
  "kodepos" : "24655"
}, {
  "kecamatan" : "Kuta Panjang",
  "kelurahan" : "Kong Paluh",
  "kodepos" : "24655"
}, {
  "kecamatan" : "Blang Jerango",
  "kelurahan" : "Ketukah",
  "kodepos" : "24655"
}, {
  "kecamatan" : "Kuta Panjang",
  "kelurahan" : "Kerukunan Kota (Kuta Panjang)",
  "kodepos" : "24655"
}, {
  "kecamatan" : "Putri Betung",
  "kelurahan" : "Gumpang Lempuh",
  "kodepos" : "24655"
}, {
  "kecamatan" : "Blang Kejeren",
  "kelurahan" : "Kampung Jawa",
  "kodepos" : "24655"
}, {
  "kecamatan" : "Blang Kejeren",
  "kelurahan" : "Gele",
  "kodepos" : "24655"
}, {
  "kecamatan" : "Putri Betung",
  "kelurahan" : "Gumpang",
  "kodepos" : "24655"
}, {
  "kecamatan" : "Blang Jerango",
  "kelurahan" : "Gegarang",
  "kodepos" : "24655"
}, {
  "kecamatan" : "Pining (Pinding)",
  "kelurahan" : "Gajah",
  "kodepos" : "24655"
}, {
  "kecamatan" : "Blang Kejeren",
  "kelurahan" : "Durin",
  "kodepos" : "24655"
}, {
  "kecamatan" : "Pining (Pinding)",
  "kelurahan" : "Ekan",
  "kodepos" : "24655"
}, {
  "kecamatan" : "Blang Kejeren",
  "kelurahan" : "Cempa",
  "kodepos" : "24655"
}, {
  "kecamatan" : "Kuta Panjang",
  "kelurahan" : "Cike",
  "kodepos" : "24655"
}, {
  "kecamatan" : "Blang Kejeren",
  "kelurahan" : "Bustanussalam",
  "kodepos" : "24655"
}, {
  "kecamatan" : "Blang Jerango",
  "kelurahan" : "Blang Jerango",
  "kodepos" : "24655"
}, {
  "kecamatan" : "Kuta Panjang",
  "kelurahan" : "Beranang",
  "kodepos" : "24655"
}, {
  "kecamatan" : "Blang Kejeren",
  "kelurahan" : "Bukit",
  "kodepos" : "24655"
}, {
  "kecamatan" : "Kuta Panjang",
  "kelurahan" : "Bener",
  "kodepos" : "24655"
}, {
  "kecamatan" : "Blang Kejeren",
  "kelurahan" : "Bacang",
  "kodepos" : "24655"
}, {
  "kecamatan" : "Blang Jerango",
  "kelurahan" : "Akul",
  "kodepos" : "24655"
}, {
  "kecamatan" : "Rikit Gaib",
  "kelurahan" : "Tungel Baru",
  "kodepos" : "24654"
}, {
  "kecamatan" : "Blang Kejeren",
  "kelurahan" : "Agusen",
  "kodepos" : "24655"
}, {
  "kecamatan" : "Rikit Gaib",
  "kelurahan" : "Tungel",
  "kodepos" : "24654"
}, {
  "kecamatan" : "Pantan Cuaca",
  "kelurahan" : "Suri Musara",
  "kodepos" : "24654"
}, {
  "kecamatan" : "Pantan Cuaca",
  "kelurahan" : "Tetinggi",
  "kodepos" : "24654"
}, {
  "kecamatan" : "Pantan Cuaca",
  "kelurahan" : "Remukut",
  "kodepos" : "24654"
}, {
  "kecamatan" : "Pantan Cuaca",
  "kelurahan" : "Seneren",
  "kodepos" : "24654"
}, {
  "kecamatan" : "Rikit Gaib",
  "kelurahan" : "Penomon Jaya",
  "kodepos" : "24654"
}, {
  "kecamatan" : "Rikit Gaib",
  "kelurahan" : "Pinang Rugub",
  "kodepos" : "24654"
}, {
  "kecamatan" : "Rikit Gaib",
  "kelurahan" : "Rempelam",
  "kodepos" : "24654"
}, {
  "kecamatan" : "Rikit Gaib",
  "kelurahan" : "Mangang",
  "kodepos" : "24654"
}, {
  "kecamatan" : "Rikit Gaib",
  "kelurahan" : "Padang Pasir",
  "kodepos" : "24654"
}, {
  "kecamatan" : "Rikit Gaib",
  "kelurahan" : "Lukup Baru",
  "kodepos" : "24654"
}, {
  "kecamatan" : "Pantan Cuaca",
  "kelurahan" : "Kuning Kurnia",
  "kodepos" : "24654"
}, {
  "kecamatan" : "Rikit Gaib",
  "kelurahan" : "Kuning",
  "kodepos" : "24654"
}, {
  "kecamatan" : "Pantan Cuaca",
  "kelurahan" : "Kenyaran",
  "kodepos" : "24654"
}, {
  "kecamatan" : "Rikit Gaib",
  "kelurahan" : "Kota Rikit Gaib",
  "kodepos" : "24654"
}, {
  "kecamatan" : "Rikit Gaib",
  "kelurahan" : "Cane Toa",
  "kodepos" : "24654"
}, {
  "kecamatan" : "Rikit Gaib",
  "kelurahan" : "Cane Uken",
  "kodepos" : "24654"
}, {
  "kecamatan" : "Pantan Cuaca",
  "kelurahan" : "Cane Baru",
  "kodepos" : "24654"
}, {
  "kecamatan" : "Pantan Cuaca",
  "kelurahan" : "Atu Kapur",
  "kodepos" : "24654"
}, {
  "kecamatan" : "Rikit Gaib",
  "kelurahan" : "Ampa Kolak",
  "kodepos" : "24654"
}, {
  "kecamatan" : "Pantan Cuaca",
  "kelurahan" : "Aih Selah",
  "kodepos" : "24654"
}, {
  "kecamatan" : "Blang Pegayon",
  "kelurahan" : "Ume Lah",
  "kodepos" : "24653"
}, {
  "kecamatan" : "Dabun Gelang (Debun Gelang)",
  "kelurahan" : "Uning Gelung",
  "kodepos" : "24653"
}, {
  "kecamatan" : "Dabun Gelang (Debun Gelang)",
  "kelurahan" : "Uning Sepakat",
  "kodepos" : "24653"
}, {
  "kecamatan" : "Blang Pegayon",
  "kelurahan" : "Tetingi",
  "kodepos" : "24653"
}, {
  "kecamatan" : "Dabun Gelang (Debun Gelang)",
  "kelurahan" : "Sangir",
  "kodepos" : "24653"
}, {
  "kecamatan" : "Dabun Gelang (Debun Gelang)",
  "kelurahan" : "Rerebe",
  "kodepos" : "24653"
}, {
  "kecamatan" : "Blang Pegayon",
  "kelurahan" : "Rak Lintang",
  "kodepos" : "24653"
}, {
  "kecamatan" : "Blang Pegayon",
  "kelurahan" : "Porang Ayu",
  "kodepos" : "24653"
}, {
  "kecamatan" : "Dabun Gelang (Debun Gelang)",
  "kelurahan" : "Pangur",
  "kodepos" : "24653"
}, {
  "kecamatan" : "Dabun Gelang (Debun Gelang)",
  "kelurahan" : "Panglima/Panglime Linting",
  "kodepos" : "24653"
}, {
  "kecamatan" : "Blang Pegayon",
  "kelurahan" : "Kute/Kuta Bukit",
  "kodepos" : "24653"
}, {
  "kecamatan" : "Blang Pegayon",
  "kelurahan" : "Kong",
  "kodepos" : "24653"
}, {
  "kecamatan" : "Dabun Gelang (Debun Gelang)",
  "kelurahan" : "Kendawi",
  "kodepos" : "24653"
}, {
  "kecamatan" : "Blang Pegayon",
  "kelurahan" : "Gantung Geluni",
  "kodepos" : "24653"
}, {
  "kecamatan" : "Blang Pegayon",
  "kelurahan" : "Cinta Maju",
  "kodepos" : "24653"
}, {
  "kecamatan" : "Dabun Gelang (Debun Gelang)",
  "kelurahan" : "Blangtemung",
  "kodepos" : "24653"
}, {
  "kecamatan" : "Blang Pegayon",
  "kelurahan" : "Bener Baru",
  "kodepos" : "24653"
}, {
  "kecamatan" : "Blang Pegayon",
  "kelurahan" : "Blangbengkik",
  "kodepos" : "24653"
}, {
  "kecamatan" : "Blang Pegayon",
  "kelurahan" : "Anak Reje",
  "kodepos" : "24653"
}, {
  "kecamatan" : "Dabun Gelang (Debun Gelang)",
  "kelurahan" : "Badak",
  "kodepos" : "24653"
}, {
  "kecamatan" : "Blang Pegayon",
  "kelurahan" : "Akang Siwah",
  "kodepos" : "24653"
} ]
