[ {
  "kecamatan" : "Bintang",
  "kelurahan" : "Wakil Jalil",
  "kodepos" : "24571"
}, {
  "kecamatan" : "Bintang",
  "kelurahan" : "Wihlah Setie",
  "kodepos" : "24571"
}, {
  "kecamatan" : "Bintang",
  "kelurahan" : "Sintep",
  "kodepos" : "24571"
}, {
  "kecamatan" : "Bintang",
  "kelurahan" : "Serule",
  "kodepos" : "24571"
}, {
  "kecamatan" : "Bintang",
  "kelurahan" : "Merodot",
  "kodepos" : "24571"
}, {
  "kecamatan" : "Bintang",
  "kelurahan" : "Mude Nosar",
  "kodepos" : "24571"
}, {
  "kecamatan" : "Bintang",
  "kelurahan" : "Mengaya",
  "kodepos" : "24571"
}, {
  "kecamatan" : "Bintang",
  "kelurahan" : "Linung Bulen II",
  "kodepos" : "24571"
}, {
  "kecamatan" : "Bintang",
  "kelurahan" : "Kuala II",
  "kodepos" : "24571"
}, {
  "kecamatan" : "Bintang",
  "kelurahan" : "Linung Bulen I",
  "kodepos" : "24571"
}, {
  "kecamatan" : "Bintang",
  "kelurahan" : "Kelitu Sintep",
  "kodepos" : "24571"
}, {
  "kecamatan" : "Bintang",
  "kelurahan" : "Kuala I Bintang",
  "kodepos" : "24571"
}, {
  "kecamatan" : "Bintang",
  "kelurahan" : "Kejurun Syiah Utama",
  "kodepos" : "24571"
}, {
  "kecamatan" : "Bintang",
  "kelurahan" : "Kala Bintang",
  "kodepos" : "24571"
}, {
  "kecamatan" : "Bintang",
  "kelurahan" : "Kala Segi Bintang",
  "kodepos" : "24571"
}, {
  "kecamatan" : "Bintang",
  "kelurahan" : "Genuren",
  "kodepos" : "24571"
}, {
  "kecamatan" : "Bintang",
  "kelurahan" : "Jamur Konyel",
  "kodepos" : "24571"
}, {
  "kecamatan" : "Bintang",
  "kelurahan" : "Gegarang",
  "kodepos" : "24571"
}, {
  "kecamatan" : "Bintang",
  "kelurahan" : "Gele Pulo",
  "kodepos" : "24571"
}, {
  "kecamatan" : "Bintang",
  "kelurahan" : "Dedamar",
  "kodepos" : "24571"
}, {
  "kecamatan" : "Bintang",
  "kelurahan" : "Bamil Nosar",
  "kodepos" : "24571"
}, {
  "kecamatan" : "Bintang",
  "kelurahan" : "Bewang",
  "kodepos" : "24571"
}, {
  "kecamatan" : "Bintang",
  "kelurahan" : "Bale Nosar",
  "kodepos" : "24571"
}, {
  "kecamatan" : "Bintang",
  "kelurahan" : "Atu Payung",
  "kodepos" : "24571"
}, {
  "kecamatan" : "Kute Panang",
  "kelurahan" : "Wih Nongkal",
  "kodepos" : "24568"
}, {
  "kecamatan" : "Kute Panang",
  "kelurahan" : "Wih Nongkal Tua",
  "kodepos" : "24568"
}, {
  "kecamatan" : "Kute Panang",
  "kelurahan" : "Tawar Miko",
  "kodepos" : "24568"
}, {
  "kecamatan" : "Kute Panang",
  "kelurahan" : "Tawardi",
  "kodepos" : "24568"
}, {
  "kecamatan" : "Kute Panang",
  "kelurahan" : "Timang Rasa",
  "kodepos" : "24568"
}, {
  "kecamatan" : "Kute Panang",
  "kelurahan" : "Tapak Moge Timur",
  "kodepos" : "24568"
}, {
  "kecamatan" : "Kute Panang",
  "kelurahan" : "Ratawali",
  "kodepos" : "24568"
}, {
  "kecamatan" : "Kute Panang",
  "kelurahan" : "Segene Balik",
  "kodepos" : "24568"
}, {
  "kecamatan" : "Kute Panang",
  "kelurahan" : "Tapak Moge",
  "kodepos" : "24568"
}, {
  "kecamatan" : "Kute Panang",
  "kelurahan" : "Pantan Sile",
  "kodepos" : "24568"
}, {
  "kecamatan" : "Kute Panang",
  "kelurahan" : "Pantan Jerik",
  "kodepos" : "24568"
}, {
  "kecamatan" : "Kute Panang",
  "kelurahan" : "Lukub Sabun Barat",
  "kodepos" : "24568"
}, {
  "kecamatan" : "Kute Panang",
  "kelurahan" : "Lukub Sabun Tengah",
  "kodepos" : "24568"
}, {
  "kecamatan" : "Kute Panang",
  "kelurahan" : "Lukub Sabun Timur",
  "kodepos" : "24568"
}, {
  "kecamatan" : "Kute Panang",
  "kelurahan" : "Kute Panang",
  "kodepos" : "24568"
}, {
  "kecamatan" : "Kute Panang",
  "kelurahan" : "Lukub Sabun",
  "kodepos" : "24568"
}, {
  "kecamatan" : "Kute Panang",
  "kelurahan" : "Empu Balik",
  "kodepos" : "24568"
}, {
  "kecamatan" : "Kute Panang",
  "kelurahan" : "Kala Nongkal",
  "kodepos" : "24568"
}, {
  "kecamatan" : "Kute Panang",
  "kelurahan" : "Buter Balik",
  "kodepos" : "24568"
}, {
  "kecamatan" : "Kute Panang",
  "kelurahan" : "Dedingin",
  "kodepos" : "24568"
}, {
  "kecamatan" : "Kute Panang",
  "kelurahan" : "Balik",
  "kodepos" : "24568"
}, {
  "kecamatan" : "Kute Panang",
  "kelurahan" : "Blang Balik",
  "kodepos" : "24568"
}, {
  "kecamatan" : "Kute Panang",
  "kelurahan" : "Bukit Rata",
  "kodepos" : "24568"
}, {
  "kecamatan" : "Linge",
  "kelurahan" : "Umang",
  "kodepos" : "24563"
}, {
  "kecamatan" : "Kute Panang",
  "kelurahan" : "Atu Gogop",
  "kodepos" : "24568"
}, {
  "kecamatan" : "Jagong Jeget",
  "kelurahan" : "Telege Sari",
  "kodepos" : "24563"
}, {
  "kecamatan" : "Atu Lintang",
  "kelurahan" : "Tanoh Abu",
  "kodepos" : "24563"
}, {
  "kecamatan" : "Linge",
  "kelurahan" : "Simpang III Uning",
  "kodepos" : "24563"
}, {
  "kecamatan" : "Linge",
  "kelurahan" : "Reje Payung",
  "kodepos" : "24563"
}, {
  "kecamatan" : "Jagong Jeget",
  "kelurahan" : "Paya Dedep",
  "kodepos" : "24563"
}, {
  "kecamatan" : "Jagong Jeget",
  "kelurahan" : "Paya Tungel/Tunggal",
  "kodepos" : "24563"
}, {
  "kecamatan" : "Linge",
  "kelurahan" : "Penarun",
  "kodepos" : "24563"
}, {
  "kecamatan" : "Linge",
  "kelurahan" : "Pantan Nangka",
  "kodepos" : "24563"
}, {
  "kecamatan" : "Linge",
  "kelurahan" : "Pantan Reduk",
  "kodepos" : "24563"
}, {
  "kecamatan" : "Linge",
  "kelurahan" : "Owaq",
  "kodepos" : "24563"
}, {
  "kecamatan" : "Atu Lintang",
  "kelurahan" : "Pantan Damar",
  "kodepos" : "24563"
}, {
  "kecamatan" : "Jagong Jeget",
  "kelurahan" : "Merah Said",
  "kodepos" : "24563"
}, {
  "kecamatan" : "Linge",
  "kelurahan" : "Mungkur",
  "kodepos" : "24563"
}, {
  "kecamatan" : "Atu Lintang",
  "kelurahan" : "Merah Mege",
  "kodepos" : "24563"
}, {
  "kecamatan" : "Atu Lintang",
  "kelurahan" : "Merah Muyang/Mayang",
  "kodepos" : "24563"
}, {
  "kecamatan" : "Atu Lintang",
  "kelurahan" : "Merah Pupuk",
  "kodepos" : "24563"
}, {
  "kecamatan" : "Atu Lintang",
  "kelurahan" : "Merah Jernang",
  "kodepos" : "24563"
}, {
  "kecamatan" : "Linge",
  "kelurahan" : "Lumut",
  "kodepos" : "24563"
}, {
  "kecamatan" : "Linge",
  "kelurahan" : "Linge",
  "kodepos" : "24563"
}, {
  "kecamatan" : "Linge",
  "kelurahan" : "Kute Riyem (Meriem)",
  "kodepos" : "24563"
}, {
  "kecamatan" : "Linge",
  "kelurahan" : "Kute Robel",
  "kodepos" : "24563"
}, {
  "kecamatan" : "Linge",
  "kelurahan" : "Kute Reje",
  "kodepos" : "24563"
}, {
  "kecamatan" : "Linge",
  "kelurahan" : "Kute Keramil",
  "kodepos" : "24563"
}, {
  "kecamatan" : "Linge",
  "kelurahan" : "Kute Rayang",
  "kodepos" : "24563"
}, {
  "kecamatan" : "Linge",
  "kelurahan" : "Kute Baru",
  "kodepos" : "24563"
}, {
  "kecamatan" : "Atu Lintang",
  "kelurahan" : "Kepala Akal",
  "kodepos" : "24563"
}, {
  "kecamatan" : "Linge",
  "kelurahan" : "Jamat",
  "kodepos" : "24563"
}, {
  "kecamatan" : "Linge",
  "kelurahan" : "Kemerleng (Air Asin Kemerleng)",
  "kodepos" : "24563"
}, {
  "kecamatan" : "Jagong Jeget",
  "kelurahan" : "Jeget Ayu",
  "kodepos" : "24563"
}, {
  "kecamatan" : "Jagong Jeget",
  "kelurahan" : "Jagong Jeget",
  "kodepos" : "24563"
}, {
  "kecamatan" : "Linge",
  "kelurahan" : "Gewat",
  "kodepos" : "24563"
}, {
  "kecamatan" : "Linge",
  "kelurahan" : "Ise Ise",
  "kodepos" : "24563"
}, {
  "kecamatan" : "Linge",
  "kelurahan" : "Gelampang Gading",
  "kodepos" : "24563"
}, {
  "kecamatan" : "Linge",
  "kelurahan" : "Gemboyah",
  "kodepos" : "24563"
}, {
  "kecamatan" : "Atu Lintang",
  "kelurahan" : "Gayo Murni",
  "kodepos" : "24563"
}, {
  "kecamatan" : "Linge",
  "kelurahan" : "Dispot Linge",
  "kodepos" : "24563"
}, {
  "kecamatan" : "Jagong Jeget",
  "kelurahan" : "Gegarang",
  "kodepos" : "24563"
}, {
  "kecamatan" : "Linge",
  "kelurahan" : "Delung Sekinel",
  "kodepos" : "24563"
}, {
  "kecamatan" : "Jagong Jeget",
  "kelurahan" : "Bukit Sari",
  "kodepos" : "24563"
}, {
  "kecamatan" : "Atu Lintang",
  "kelurahan" : "Damar Mulia",
  "kodepos" : "24563"
}, {
  "kecamatan" : "Jagong Jeget",
  "kelurahan" : "Bukit Kemuning",
  "kodepos" : "24563"
}, {
  "kecamatan" : "Atu Lintang",
  "kelurahan" : "Bintang Kekelip",
  "kodepos" : "24563"
}, {
  "kecamatan" : "Jagong Jeget",
  "kelurahan" : "Berawang Dewal",
  "kodepos" : "24563"
}, {
  "kecamatan" : "Atu Lintang",
  "kelurahan" : "Atu Lintang",
  "kodepos" : "24563"
}, {
  "kecamatan" : "Linge",
  "kelurahan" : "Arul Item",
  "kodepos" : "24563"
}, {
  "kecamatan" : "Linge",
  "kelurahan" : "Antara",
  "kodepos" : "24563"
}, {
  "kecamatan" : "Silih Nara",
  "kelurahan" : "Wihni Durin",
  "kodepos" : "24562"
}, {
  "kecamatan" : "Silih Nara",
  "kelurahan" : "Wih Sagi Indah",
  "kodepos" : "24562"
}, {
  "kecamatan" : "Silih Nara",
  "kelurahan" : "Wihni Bakong",
  "kodepos" : "24562"
}, {
  "kecamatan" : "Silih Nara",
  "kelurahan" : "Wih Bersih",
  "kodepos" : "24562"
}, {
  "kecamatan" : "Silih Nara",
  "kelurahan" : "Wih Pesam",
  "kodepos" : "24562"
}, {
  "kecamatan" : "Silih Nara",
  "kelurahan" : "Wih Porak",
  "kodepos" : "24562"
}, {
  "kecamatan" : "Celala",
  "kelurahan" : "Uning Berawang Ramung",
  "kodepos" : "24562"
}, {
  "kecamatan" : "Rusip Antara",
  "kelurahan" : "Tirmi Ara",
  "kodepos" : "24562"
}, {
  "kecamatan" : "Silih Nara",
  "kelurahan" : "Tenebuk Kampung Baru",
  "kodepos" : "24562"
}, {
  "kecamatan" : "Silih Nara",
  "kelurahan" : "Terang Engon",
  "kodepos" : "24562"
}, {
  "kecamatan" : "Silih Nara",
  "kelurahan" : "Simpang Kemili",
  "kodepos" : "24562"
}, {
  "kecamatan" : "Celala",
  "kelurahan" : "Tanoh Depet",
  "kodepos" : "24562"
}, {
  "kecamatan" : "Rusip Antara",
  "kelurahan" : "Tanjung",
  "kodepos" : "24562"
}, {
  "kecamatan" : "Ketol",
  "kelurahan" : "Serempah",
  "kodepos" : "24562"
}, {
  "kecamatan" : "Ketol",
  "kelurahan" : "Simpang Juli",
  "kodepos" : "24562"
}, {
  "kecamatan" : "Silih Nara",
  "kelurahan" : "Semelit Mutiara",
  "kodepos" : "24562"
}, {
  "kecamatan" : "Celala",
  "kelurahan" : "Sepakat",
  "kodepos" : "24562"
}, {
  "kecamatan" : "Ketol",
  "kelurahan" : "Selon",
  "kodepos" : "24562"
}, {
  "kecamatan" : "Silih Nara",
  "kelurahan" : "Rutih",
  "kodepos" : "24562"
}, {
  "kecamatan" : "Silih Nara",
  "kelurahan" : "Sanehen",
  "kodepos" : "24562"
}, {
  "kecamatan" : "Rusip Antara",
  "kelurahan" : "Rusip",
  "kodepos" : "24562"
}, {
  "kecamatan" : "Silih Nara",
  "kelurahan" : "Reremal",
  "kodepos" : "24562"
}, {
  "kecamatan" : "Silih Nara",
  "kelurahan" : "Remesen",
  "kodepos" : "24562"
}, {
  "kecamatan" : "Silih Nara",
  "kelurahan" : "Rebe Gedung",
  "kodepos" : "24562"
}, {
  "kecamatan" : "Ketol",
  "kelurahan" : "Rejewali",
  "kodepos" : "24562"
}, {
  "kecamatan" : "Ketol",
  "kelurahan" : "Pondok Balik",
  "kodepos" : "24562"
}, {
  "kecamatan" : "Celala",
  "kelurahan" : "Ramung Ara",
  "kodepos" : "24562"
}, {
  "kecamatan" : "Rusip Antara",
  "kelurahan" : "Pilar Wih Kiri",
  "kodepos" : "24562"
}, {
  "kecamatan" : "Rusip Antara",
  "kelurahan" : "Pilar",
  "kodepos" : "24562"
}, {
  "kecamatan" : "Rusip Antara",
  "kelurahan" : "Pilar Jaya",
  "kodepos" : "24562"
}, {
  "kecamatan" : "Rusip Antara",
  "kelurahan" : "Paya Tampu/Tumpu",
  "kodepos" : "24562"
}, {
  "kecamatan" : "Silih Nara",
  "kelurahan" : "Pepayungen Angkup",
  "kodepos" : "24562"
}, {
  "kecamatan" : "Celala",
  "kelurahan" : "Paya Kolak",
  "kodepos" : "24562"
}, {
  "kecamatan" : "Silih Nara",
  "kelurahan" : "Paya Pelu",
  "kodepos" : "24562"
}, {
  "kecamatan" : "Ketol",
  "kelurahan" : "Pantan Reduk",
  "kodepos" : "24562"
}, {
  "kecamatan" : "Rusip Antara",
  "kelurahan" : "Pantan Tengah",
  "kodepos" : "24562"
}, {
  "kecamatan" : "Silih Nara",
  "kelurahan" : "Paya Beke",
  "kodepos" : "24562"
}, {
  "kecamatan" : "Ketol",
  "kelurahan" : "Pantan Penyo",
  "kodepos" : "24562"
}, {
  "kecamatan" : "Rusip Antara",
  "kelurahan" : "Meurandeh/Merandeh Paya",
  "kodepos" : "24562"
}, {
  "kecamatan" : "Rusip Antara",
  "kelurahan" : "Pantan Bener",
  "kodepos" : "24562"
}, {
  "kecamatan" : "Silih Nara",
  "kelurahan" : "Mulie Jadi",
  "kodepos" : "24562"
}, {
  "kecamatan" : "Rusip Antara",
  "kelurahan" : "Mekar Maju",
  "kodepos" : "24562"
}, {
  "kecamatan" : "Celala",
  "kelurahan" : "Melala",
  "kodepos" : "24562"
}, {
  "kecamatan" : "Celala",
  "kelurahan" : "Makmur",
  "kodepos" : "24562"
}, {
  "kecamatan" : "Silih Nara",
  "kelurahan" : "Mekar Indah",
  "kodepos" : "24562"
}, {
  "kecamatan" : "Rusip Antara",
  "kelurahan" : "Lut Jaya",
  "kodepos" : "24562"
}, {
  "kecamatan" : "Celala",
  "kelurahan" : "Kuyun Toa",
  "kodepos" : "24562"
}, {
  "kecamatan" : "Celala",
  "kelurahan" : "Kuyun Uken",
  "kodepos" : "24562"
}, {
  "kecamatan" : "Celala",
  "kelurahan" : "Kuyun",
  "kodepos" : "24562"
}, {
  "kecamatan" : "Ketol",
  "kelurahan" : "Kute Gelime",
  "kodepos" : "24562"
}, {
  "kecamatan" : "Rusip Antara",
  "kelurahan" : "Kuala Rawa",
  "kodepos" : "24562"
}, {
  "kecamatan" : "Ketol",
  "kelurahan" : "Kekuyang",
  "kodepos" : "24562"
}, {
  "kecamatan" : "Rusip Antara",
  "kelurahan" : "Kerawang",
  "kodepos" : "24562"
}, {
  "kecamatan" : "Ketol",
  "kelurahan" : "Kala Ketol",
  "kodepos" : "24562"
}, {
  "kecamatan" : "Ketol",
  "kelurahan" : "Karang Ampar",
  "kodepos" : "24562"
}, {
  "kecamatan" : "Silih Nara",
  "kelurahan" : "Jerata",
  "kodepos" : "24562"
}, {
  "kecamatan" : "Ketol",
  "kelurahan" : "Jaluk",
  "kodepos" : "24562"
}, {
  "kecamatan" : "Ketol",
  "kelurahan" : "Jerata",
  "kodepos" : "24562"
}, {
  "kecamatan" : "Silih Nara",
  "kelurahan" : "Gunung Singit",
  "kodepos" : "24562"
}, {
  "kecamatan" : "Ketol",
  "kelurahan" : "Jalan Tengah",
  "kodepos" : "24562"
}, {
  "kecamatan" : "Silih Nara",
  "kelurahan" : "Genting Gerbang",
  "kodepos" : "24562"
}, {
  "kecamatan" : "Ketol",
  "kelurahan" : "Genting Bulen",
  "kodepos" : "24562"
}, {
  "kecamatan" : "Celala",
  "kelurahan" : "Depet Indah",
  "kodepos" : "24562"
}, {
  "kecamatan" : "Ketol",
  "kelurahan" : "Gelumpang/Glumpang Payung",
  "kodepos" : "24562"
}, {
  "kecamatan" : "Celala",
  "kelurahan" : "Celala",
  "kodepos" : "24562"
}, {
  "kecamatan" : "Celala",
  "kelurahan" : "Cibro",
  "kodepos" : "24562"
}, {
  "kecamatan" : "Ketol",
  "kelurahan" : "Buter",
  "kodepos" : "24562"
}, {
  "kecamatan" : "Ketol",
  "kelurahan" : "Cang Duri",
  "kodepos" : "24562"
}, {
  "kecamatan" : "Silih Nara",
  "kelurahan" : "Burni Bius",
  "kodepos" : "24562"
}, {
  "kecamatan" : "Silih Nara",
  "kelurahan" : "Burni Bius Baru",
  "kodepos" : "24562"
}, {
  "kecamatan" : "Ketol",
  "kelurahan" : "Burlah",
  "kodepos" : "24562"
}, {
  "kecamatan" : "Ketol",
  "kelurahan" : "Buge Ara",
  "kodepos" : "24562"
}, {
  "kecamatan" : "Ketol",
  "kelurahan" : "Blang Mancung",
  "kodepos" : "24562"
}, {
  "kecamatan" : "Ketol",
  "kelurahan" : "Blang Mancung Bawah",
  "kodepos" : "24562"
}, {
  "kecamatan" : "Celala",
  "kelurahan" : "Blang Delem",
  "kodepos" : "24562"
}, {
  "kecamatan" : "Celala",
  "kelurahan" : "Blang Kekumur",
  "kodepos" : "24562"
}, {
  "kecamatan" : "Silih Nara",
  "kelurahan" : "Bius Utama",
  "kodepos" : "24562"
}, {
  "kecamatan" : "Ketol",
  "kelurahan" : "Bintang Pepara",
  "kodepos" : "24562"
}, {
  "kecamatan" : "Celala",
  "kelurahan" : "Berawang Gading",
  "kodepos" : "24562"
}, {
  "kecamatan" : "Ketol",
  "kelurahan" : "Bergang",
  "kodepos" : "24562"
}, {
  "kecamatan" : "Ketol",
  "kelurahan" : "Bah",
  "kodepos" : "24562"
}, {
  "kecamatan" : "Rusip Antara",
  "kelurahan" : "Atu Singkih",
  "kodepos" : "24562"
}, {
  "kecamatan" : "Silih Nara",
  "kelurahan" : "Arul Putih",
  "kodepos" : "24562"
}, {
  "kecamatan" : "Silih Nara",
  "kelurahan" : "Arul Relem",
  "kodepos" : "24562"
}, {
  "kecamatan" : "Rusip Antara",
  "kelurahan" : "Arul Pertik",
  "kodepos" : "24562"
}, {
  "kecamatan" : "Rusip Antara",
  "kelurahan" : "Arul Pertik",
  "kodepos" : "24562"
}, {
  "kecamatan" : "Silih Nara",
  "kelurahan" : "Arul Kumer Barat",
  "kodepos" : "24562"
}, {
  "kecamatan" : "Silih Nara",
  "kelurahan" : "Arul Kumer Selatan",
  "kodepos" : "24562"
}, {
  "kecamatan" : "Silih Nara",
  "kelurahan" : "Arul Kumer",
  "kodepos" : "24562"
}, {
  "kecamatan" : "Silih Nara",
  "kelurahan" : "Arul Gele",
  "kodepos" : "24562"
}, {
  "kecamatan" : "Celala",
  "kelurahan" : "Arul Gading",
  "kodepos" : "24562"
}, {
  "kecamatan" : "Pegasing",
  "kelurahan" : "Wih Terjun",
  "kodepos" : "24561"
}, {
  "kecamatan" : "Pegasing",
  "kelurahan" : "Wih Nareh",
  "kodepos" : "24561"
}, {
  "kecamatan" : "Pegasing",
  "kelurahan" : "Wih Lah",
  "kodepos" : "24561"
}, {
  "kecamatan" : "Pegasing",
  "kelurahan" : "Uring",
  "kodepos" : "24561"
}, {
  "kecamatan" : "Pegasing",
  "kelurahan" : "Wih Ilang",
  "kodepos" : "24561"
}, {
  "kecamatan" : "Bies",
  "kelurahan" : "Uning Pegantungen",
  "kodepos" : "24561"
}, {
  "kecamatan" : "Pegasing",
  "kelurahan" : "Uning",
  "kodepos" : "24561"
}, {
  "kecamatan" : "Pegasing",
  "kelurahan" : "Terang Ulen",
  "kodepos" : "24561"
}, {
  "kecamatan" : "Pegasing",
  "kelurahan" : "Ujung Gele",
  "kodepos" : "24561"
}, {
  "kecamatan" : "Pegasing",
  "kelurahan" : "Tebuk",
  "kodepos" : "24561"
}, {
  "kecamatan" : "Bies",
  "kelurahan" : "Tebes Lues",
  "kodepos" : "24561"
}, {
  "kecamatan" : "Pegasing",
  "kelurahan" : "Suka Damai",
  "kodepos" : "24561"
}, {
  "kecamatan" : "Bies",
  "kelurahan" : "Simpang Lukub Badak",
  "kodepos" : "24561"
}, {
  "kecamatan" : "Bies",
  "kelurahan" : "Simpang Uning Niken",
  "kodepos" : "24561"
}, {
  "kecamatan" : "Pegasing",
  "kelurahan" : "Simpang Kelaping",
  "kodepos" : "24561"
}, {
  "kecamatan" : "Bies",
  "kelurahan" : "Pucuk Deku",
  "kodepos" : "24561"
}, {
  "kecamatan" : "Pegasing",
  "kelurahan" : "Pepalang",
  "kodepos" : "24561"
}, {
  "kecamatan" : "Pegasing",
  "kelurahan" : "Pegasing",
  "kodepos" : "24561"
}, {
  "kecamatan" : "Pegasing",
  "kelurahan" : "Pedekok",
  "kodepos" : "24561"
}, {
  "kecamatan" : "Pegasing",
  "kelurahan" : "Paya Jeget",
  "kodepos" : "24561"
}, {
  "kecamatan" : "Pegasing",
  "kelurahan" : "Pantan Musara",
  "kodepos" : "24561"
}, {
  "kecamatan" : "Pegasing",
  "kelurahan" : "Panangan Mata",
  "kodepos" : "24561"
}, {
  "kecamatan" : "Pegasing",
  "kelurahan" : "Linung Ayu",
  "kodepos" : "24561"
}, {
  "kecamatan" : "Bies",
  "kelurahan" : "Lenga",
  "kodepos" : "24561"
}, {
  "kecamatan" : "Pegasing",
  "kelurahan" : "Lelumu",
  "kodepos" : "24561"
}, {
  "kecamatan" : "Pegasing",
  "kelurahan" : "Kute Lintang",
  "kodepos" : "24561"
}, {
  "kecamatan" : "Pegasing",
  "kelurahan" : "Kung",
  "kodepos" : "24561"
}, {
  "kecamatan" : "Pegasing",
  "kelurahan" : "Kedelah",
  "kodepos" : "24561"
}, {
  "kecamatan" : "Pegasing",
  "kelurahan" : "Kayu Kul",
  "kodepos" : "24561"
}, {
  "kecamatan" : "Bies",
  "kelurahan" : "Karang Bayur",
  "kodepos" : "24561"
}, {
  "kecamatan" : "Pegasing",
  "kelurahan" : "Kala Pegasing",
  "kodepos" : "24561"
}, {
  "kecamatan" : "Pegasing",
  "kelurahan" : "Jejem",
  "kodepos" : "24561"
}, {
  "kecamatan" : "Pegasing",
  "kelurahan" : "Jurusen",
  "kodepos" : "24561"
}, {
  "kecamatan" : "Pegasing",
  "kelurahan" : "Ie Relop",
  "kodepos" : "24561"
}, {
  "kecamatan" : "Pegasing",
  "kelurahan" : "Gele Lungi",
  "kodepos" : "24561"
}, {
  "kecamatan" : "Pegasing",
  "kelurahan" : "Blang Bebangka",
  "kodepos" : "24561"
}, {
  "kecamatan" : "Bies",
  "kelurahan" : "Bies Penentanan",
  "kodepos" : "24561"
}, {
  "kecamatan" : "Bies",
  "kelurahan" : "Bies Baru",
  "kodepos" : "24561"
}, {
  "kecamatan" : "Bies",
  "kelurahan" : "Bies Mulie",
  "kodepos" : "24561"
}, {
  "kecamatan" : "Pegasing",
  "kelurahan" : "Berawang Baro",
  "kodepos" : "24561"
}, {
  "kecamatan" : "Bies",
  "kelurahan" : "Atang Jungket",
  "kodepos" : "24561"
}, {
  "kecamatan" : "Bies",
  "kelurahan" : "Arul Latong",
  "kodepos" : "24561"
}, {
  "kecamatan" : "Pegasing",
  "kelurahan" : "Arul Badak",
  "kodepos" : "24561"
}, {
  "kecamatan" : "Bebesen",
  "kelurahan" : "Umang",
  "kodepos" : "24552"
}, {
  "kecamatan" : "Bebesen",
  "kelurahan" : "Tensaren",
  "kodepos" : "24552"
}, {
  "kecamatan" : "Bebesen",
  "kelurahan" : "Ulu Nuwih/Nuih",
  "kodepos" : "24552"
}, {
  "kecamatan" : "Bebesen",
  "kelurahan" : "Simpang Empat",
  "kodepos" : "24552"
}, {
  "kecamatan" : "Bebesen",
  "kelurahan" : "Tan Saril",
  "kodepos" : "24552"
}, {
  "kecamatan" : "Bebesen",
  "kelurahan" : "Pendere Saril",
  "kodepos" : "24552"
}, {
  "kecamatan" : "Bebesen",
  "kelurahan" : "Sadong Juru Mudi",
  "kodepos" : "24552"
}, {
  "kecamatan" : "Bebesen",
  "kelurahan" : "Mongal",
  "kodepos" : "24552"
}, {
  "kecamatan" : "Bebesen",
  "kelurahan" : "Nunang Antara",
  "kodepos" : "24552"
}, {
  "kecamatan" : "Bebesen",
  "kelurahan" : "Lemah Burbana",
  "kodepos" : "24552"
}, {
  "kecamatan" : "Bebesen",
  "kelurahan" : "Mah Bengi",
  "kodepos" : "24552"
}, {
  "kecamatan" : "Bebesen",
  "kelurahan" : "Keramat Mupakat",
  "kodepos" : "24552"
}, {
  "kecamatan" : "Bebesen",
  "kelurahan" : "Lelabu",
  "kodepos" : "24552"
}, {
  "kecamatan" : "Bebesen",
  "kelurahan" : "Kebet",
  "kodepos" : "24552"
}, {
  "kecamatan" : "Bebesen",
  "kelurahan" : "Kemili",
  "kodepos" : "24552"
}, {
  "kecamatan" : "Bebesen",
  "kelurahan" : "Kala Kemili",
  "kodepos" : "24552"
}, {
  "kecamatan" : "Bebesen",
  "kelurahan" : "Gele Lah",
  "kodepos" : "24552"
}, {
  "kecamatan" : "Bebesen",
  "kelurahan" : "Calo Blang Gele",
  "kodepos" : "24552"
}, {
  "kecamatan" : "Bebesen",
  "kelurahan" : "Daling",
  "kodepos" : "24552"
}, {
  "kecamatan" : "Bebesen",
  "kelurahan" : "Empus Talu",
  "kodepos" : "24552"
}, {
  "kecamatan" : "Bebesen",
  "kelurahan" : "Blang Kolak II",
  "kodepos" : "24552"
}, {
  "kecamatan" : "Bebesen",
  "kelurahan" : "Bur Biah",
  "kodepos" : "24552"
}, {
  "kecamatan" : "Bebesen",
  "kelurahan" : "Blang Gele",
  "kodepos" : "24552"
}, {
  "kecamatan" : "Bebesen",
  "kelurahan" : "Blang Kolak I",
  "kodepos" : "24552"
}, {
  "kecamatan" : "Bebesen",
  "kelurahan" : "Bahgie",
  "kodepos" : "24552"
}, {
  "kecamatan" : "Bebesen",
  "kelurahan" : "Bebesen",
  "kodepos" : "24552"
}, {
  "kecamatan" : "Bebesen",
  "kelurahan" : "Atu Tulu",
  "kodepos" : "24552"
}, {
  "kecamatan" : "Kebayakan",
  "kelurahan" : "Timangan Gading",
  "kodepos" : "24519"
}, {
  "kecamatan" : "Bebesen",
  "kelurahan" : "Atu Gajah Reje Guru",
  "kodepos" : "24552"
}, {
  "kecamatan" : "Kebayakan",
  "kelurahan" : "Telege Atu",
  "kodepos" : "24519"
}, {
  "kecamatan" : "Kebayakan",
  "kelurahan" : "Pinangan",
  "kodepos" : "24519"
}, {
  "kecamatan" : "Kebayakan",
  "kelurahan" : "Paya Tumpi Baru",
  "kodepos" : "24519"
}, {
  "kecamatan" : "Kebayakan",
  "kelurahan" : "Paya Tumpi I",
  "kodepos" : "24519"
}, {
  "kecamatan" : "Kebayakan",
  "kelurahan" : "Paya Reje Tamidelem",
  "kodepos" : "24519"
}, {
  "kecamatan" : "Kebayakan",
  "kelurahan" : "Paya Tumpi",
  "kodepos" : "24519"
}, {
  "kecamatan" : "Kebayakan",
  "kelurahan" : "Kelupak Mata",
  "kodepos" : "24519"
}, {
  "kecamatan" : "Kebayakan",
  "kelurahan" : "Kutelot",
  "kodepos" : "24519"
}, {
  "kecamatan" : "Kebayakan",
  "kelurahan" : "Mendale",
  "kodepos" : "24519"
}, {
  "kecamatan" : "Kebayakan",
  "kelurahan" : "Jongok Bathin",
  "kodepos" : "24519"
}, {
  "kecamatan" : "Kebayakan",
  "kelurahan" : "Kala Lengkio",
  "kodepos" : "24519"
}, {
  "kecamatan" : "Kebayakan",
  "kelurahan" : "Gunung Balohen",
  "kodepos" : "24519"
}, {
  "kecamatan" : "Kebayakan",
  "kelurahan" : "Gunung Bukit",
  "kodepos" : "24519"
}, {
  "kecamatan" : "Kebayakan",
  "kelurahan" : "Gunung Bahgie",
  "kodepos" : "24519"
}, {
  "kecamatan" : "Kebayakan",
  "kelurahan" : "Bukit Iwih Tami Delem",
  "kodepos" : "24519"
}, {
  "kecamatan" : "Kebayakan",
  "kelurahan" : "Bukit Sama",
  "kodepos" : "24519"
}, {
  "kecamatan" : "Kebayakan",
  "kelurahan" : "Bukit",
  "kodepos" : "24519"
}, {
  "kecamatan" : "Kebayakan",
  "kelurahan" : "Jongok Meluem",
  "kodepos" : "24518"
}, {
  "kecamatan" : "Kebayakan",
  "kelurahan" : "Lot Kala",
  "kodepos" : "24517"
}, {
  "kecamatan" : "Lut Tawar",
  "kelurahan" : "Toweren Uken",
  "kodepos" : "24516"
}, {
  "kecamatan" : "Lut Tawar",
  "kelurahan" : "Waq Toweren",
  "kodepos" : "24516"
}, {
  "kecamatan" : "Lut Tawar",
  "kelurahan" : "Rawe",
  "kodepos" : "24516"
}, {
  "kecamatan" : "Lut Tawar",
  "kelurahan" : "Toweren Antara",
  "kodepos" : "24516"
}, {
  "kecamatan" : "Lut Tawar",
  "kelurahan" : "Toweren Toa",
  "kodepos" : "24516"
}, {
  "kecamatan" : "Lut Tawar",
  "kelurahan" : "Merah Mersa",
  "kodepos" : "24516"
}, {
  "kecamatan" : "Lut Tawar",
  "kelurahan" : "Pedemun One-One",
  "kodepos" : "24515"
}, {
  "kecamatan" : "Lut Tawar",
  "kelurahan" : "Teluk One-One",
  "kodepos" : "24515"
}, {
  "kecamatan" : "Lut Tawar",
  "kelurahan" : "Takengon Barat",
  "kodepos" : "24514"
}, {
  "kecamatan" : "Lut Tawar",
  "kelurahan" : "Kenawat",
  "kodepos" : "24515"
}, {
  "kecamatan" : "Lut Tawar",
  "kelurahan" : "Kute Nireje (Kuteni Raja)",
  "kodepos" : "24512"
}, {
  "kecamatan" : "Lut Tawar",
  "kelurahan" : "Asir-Asir",
  "kodepos" : "24513"
}, {
  "kecamatan" : "Lut Tawar",
  "kelurahan" : "Hakim Bale Bujang",
  "kodepos" : "24513"
}, {
  "kecamatan" : "Lut Tawar",
  "kelurahan" : "Bujang",
  "kodepos" : "24512"
}, {
  "kecamatan" : "Lut Tawar",
  "kelurahan" : "Gunung Suku",
  "kodepos" : "24512"
}, {
  "kecamatan" : "Lut Tawar",
  "kelurahan" : "Bale Atu",
  "kodepos" : "24512"
}, {
  "kecamatan" : "Lut Tawar",
  "kelurahan" : "Asir-Asir Asia",
  "kodepos" : "24512"
}, {
  "kecamatan" : "Lut Tawar",
  "kelurahan" : "Takengon Timur",
  "kodepos" : "24511"
} ]
