[ {
  "kecamatan" : "Bandar Pusaka",
  "kelurahan" : "Sunting",
  "kodepos" : "24478"
}, {
  "kecamatan" : "Tamiang Hulu",
  "kelurahan" : "Wono Sari",
  "kodepos" : "24478"
}, {
  "kecamatan" : "Tamiang Hulu",
  "kelurahan" : "Rongoh",
  "kodepos" : "24478"
}, {
  "kecamatan" : "Bandar Pusaka",
  "kelurahan" : "Serba",
  "kodepos" : "24478"
}, {
  "kecamatan" : "Tamiang Hulu",
  "kelurahan" : "Perkebunan Pulau Tiga",
  "kodepos" : "24478"
}, {
  "kecamatan" : "Bandar Pusaka",
  "kelurahan" : "Perupuk",
  "kodepos" : "24478"
}, {
  "kecamatan" : "Bandar Pusaka",
  "kelurahan" : "Rantau Bintang",
  "kodepos" : "24478"
}, {
  "kecamatan" : "Bandar Pusaka",
  "kelurahan" : "Pengidam",
  "kodepos" : "24478"
}, {
  "kecamatan" : "Bandar Pusaka",
  "kelurahan" : "Perkebunan Alur Jambu",
  "kodepos" : "24478"
}, {
  "kecamatan" : "Tamiang Hulu",
  "kelurahan" : "Kaloy",
  "kodepos" : "24478"
}, {
  "kecamatan" : "Bandar Pusaka",
  "kelurahan" : "Jambo/Jambu Rambong",
  "kodepos" : "24478"
}, {
  "kecamatan" : "Bandar Pusaka",
  "kelurahan" : "Pantai Cempa",
  "kodepos" : "24478"
}, {
  "kecamatan" : "Bandar Pusaka",
  "kelurahan" : "Blang Kandis",
  "kodepos" : "24478"
}, {
  "kecamatan" : "Tamiang Hulu",
  "kelurahan" : "Harum Sari",
  "kodepos" : "24478"
}, {
  "kecamatan" : "Bandar Pusaka",
  "kelurahan" : "Batu Bedulang",
  "kodepos" : "24478"
}, {
  "kecamatan" : "Bandar Pusaka",
  "kelurahan" : "Bengkelang",
  "kodepos" : "24478"
}, {
  "kecamatan" : "Tamiang Hulu",
  "kelurahan" : "Bandar Khalifah",
  "kodepos" : "24478"
}, {
  "kecamatan" : "Tamiang Hulu",
  "kelurahan" : "Bandar Setia",
  "kodepos" : "24478"
}, {
  "kecamatan" : "Bandar Pusaka",
  "kelurahan" : "Batang Ara",
  "kodepos" : "24478"
}, {
  "kecamatan" : "Bandar Pusaka",
  "kelurahan" : "Aras Sembilan",
  "kodepos" : "24478"
}, {
  "kecamatan" : "Bandar Pusaka",
  "kelurahan" : "Babo",
  "kodepos" : "24478"
}, {
  "kecamatan" : "Tamiang Hulu",
  "kelurahan" : "Alur Tani II",
  "kodepos" : "24478"
}, {
  "kecamatan" : "Tamiang Hulu",
  "kelurahan" : "Alur Tani I",
  "kodepos" : "24478"
}, {
  "kecamatan" : "Tenggulun",
  "kelurahan" : "Tebing Tinggi",
  "kodepos" : "24477"
}, {
  "kecamatan" : "Tenggulun",
  "kelurahan" : "Tenggulun",
  "kodepos" : "24477"
}, {
  "kecamatan" : "Bandar Pusaka",
  "kelurahan" : "Alur Jambu",
  "kodepos" : "24478"
}, {
  "kecamatan" : "Kejuruan Muda",
  "kelurahan" : "Tanjung Genteng",
  "kodepos" : "24477"
}, {
  "kecamatan" : "Kejuruan Muda",
  "kelurahan" : "Tanjung Mancang",
  "kodepos" : "24477"
}, {
  "kecamatan" : "Kejuruan Muda",
  "kelurahan" : "Suka Makmur",
  "kodepos" : "24477"
}, {
  "kecamatan" : "Kejuruan Muda",
  "kelurahan" : "Sungai Liput",
  "kodepos" : "24477"
}, {
  "kecamatan" : "Tenggulun",
  "kelurahan" : "Simpang Kiri",
  "kodepos" : "24477"
}, {
  "kecamatan" : "Kejuruan Muda",
  "kelurahan" : "Sidodadi",
  "kodepos" : "24477"
}, {
  "kecamatan" : "Kejuruan Muda",
  "kelurahan" : "Simpang Kanan",
  "kodepos" : "24477"
}, {
  "kecamatan" : "Tenggulun",
  "kelurahan" : "Selamat",
  "kodepos" : "24477"
}, {
  "kecamatan" : "Kejuruan Muda",
  "kelurahan" : "Seumadam",
  "kodepos" : "24477"
}, {
  "kecamatan" : "Kejuruan Muda",
  "kelurahan" : "Purwodadi",
  "kodepos" : "24477"
}, {
  "kecamatan" : "Tenggulun",
  "kelurahan" : "Rimba Sawang",
  "kodepos" : "24477"
}, {
  "kecamatan" : "Kejuruan Muda",
  "kelurahan" : "Kebun Sungai Liput",
  "kodepos" : "24477"
}, {
  "kecamatan" : "Kejuruan Muda",
  "kelurahan" : "Pangkalan",
  "kodepos" : "24477"
}, {
  "kecamatan" : "Kejuruan Muda",
  "kelurahan" : "Kampung Jawa",
  "kodepos" : "24477"
}, {
  "kecamatan" : "Kejuruan Muda",
  "kelurahan" : "Karangjadi",
  "kodepos" : "24477"
}, {
  "kecamatan" : "Kejuruan Muda",
  "kelurahan" : "Gerenggam",
  "kodepos" : "24477"
}, {
  "kecamatan" : "Kejuruan Muda",
  "kelurahan" : "Alur Selebu",
  "kodepos" : "24477"
}, {
  "kecamatan" : "Kejuruan Muda",
  "kelurahan" : "Bukit Rata",
  "kodepos" : "24477"
}, {
  "kecamatan" : "Sekerak",
  "kelurahan" : "Tanjung Gelumpang",
  "kodepos" : "24476"
}, {
  "kecamatan" : "Karang Baru",
  "kelurahan" : "Tanjung Karang",
  "kodepos" : "24476"
}, {
  "kecamatan" : "Karang Baru",
  "kelurahan" : "Tanjung Seumantoh",
  "kodepos" : "24476"
}, {
  "kecamatan" : "Sekerak",
  "kelurahan" : "Sulum",
  "kodepos" : "24476"
}, {
  "kecamatan" : "Karang Baru",
  "kelurahan" : "Tanah Terban",
  "kodepos" : "24476"
}, {
  "kecamatan" : "Karang Baru",
  "kelurahan" : "Sukajadi Paya Bujuk",
  "kodepos" : "24476"
}, {
  "kecamatan" : "Sekerak",
  "kelurahan" : "Suka Makmur",
  "kodepos" : "24476"
}, {
  "kecamatan" : "Sekerak",
  "kelurahan" : "Sekerak Kiri",
  "kodepos" : "24476"
}, {
  "kecamatan" : "Sekerak",
  "kelurahan" : "Sekumur",
  "kodepos" : "24476"
}, {
  "kecamatan" : "Karang Baru",
  "kelurahan" : "Simpang Empat",
  "kodepos" : "24476"
}, {
  "kecamatan" : "Sekerak",
  "kelurahan" : "Sekerak Kanan",
  "kodepos" : "24476"
}, {
  "kecamatan" : "Karang Baru",
  "kelurahan" : "Rantau Panjang",
  "kodepos" : "24476"
}, {
  "kecamatan" : "Sekerak",
  "kelurahan" : "Pematang Durian",
  "kodepos" : "24476"
}, {
  "kecamatan" : "Karang Baru",
  "kelurahan" : "Paya Tampah",
  "kodepos" : "24476"
}, {
  "kecamatan" : "Karang Baru",
  "kelurahan" : "Payameta",
  "kodepos" : "24476"
}, {
  "kecamatan" : "Karang Baru",
  "kelurahan" : "Paya Awe",
  "kodepos" : "24476"
}, {
  "kecamatan" : "Sekerak",
  "kelurahan" : "Pantai Tinjau",
  "kodepos" : "24476"
}, {
  "kecamatan" : "Karang Baru",
  "kelurahan" : "Menang Gini",
  "kodepos" : "24476"
}, {
  "kecamatan" : "Karang Baru",
  "kelurahan" : "Paya Kulbi",
  "kodepos" : "24476"
}, {
  "kecamatan" : "Karang Baru",
  "kelurahan" : "Pahlawan",
  "kodepos" : "24476"
}, {
  "kecamatan" : "Sekerak",
  "kelurahan" : "Pantai Perlak",
  "kodepos" : "24476"
}, {
  "kecamatan" : "Karang Baru",
  "kelurahan" : "Medang Ara",
  "kodepos" : "24476"
}, {
  "kecamatan" : "Sekerak",
  "kelurahan" : "Lubuk Sidup",
  "kodepos" : "24476"
}, {
  "kecamatan" : "Karang Baru",
  "kelurahan" : "Kesehatan",
  "kodepos" : "24476"
}, {
  "kecamatan" : "Karang Baru",
  "kelurahan" : "Kebun Tanah Terban",
  "kodepos" : "24476"
}, {
  "kecamatan" : "Karang Baru",
  "kelurahan" : "Kebun Tanjung Seumantoh",
  "kodepos" : "24476"
}, {
  "kecamatan" : "Karang Baru",
  "kelurahan" : "Kebun Medang Ara",
  "kodepos" : "24476"
}, {
  "kecamatan" : "Sekerak",
  "kelurahan" : "Kebun Batang Ara",
  "kodepos" : "24476"
}, {
  "kecamatan" : "Karang Baru",
  "kelurahan" : "Kebun Afdeling Seleleh",
  "kodepos" : "24476"
}, {
  "kecamatan" : "Sekerak",
  "kelurahan" : "Juar",
  "kodepos" : "24476"
}, {
  "kecamatan" : "Karang Baru",
  "kelurahan" : "Gampong Sukajadi",
  "kodepos" : "24476"
}, {
  "kecamatan" : "Karang Baru",
  "kelurahan" : "Gampong Tupah",
  "kodepos" : "24476"
}, {
  "kecamatan" : "Karang Baru",
  "kelurahan" : "Gampong Air Tenang",
  "kodepos" : "24476"
}, {
  "kecamatan" : "Karang Baru",
  "kelurahan" : "Gampong Bundar",
  "kodepos" : "24476"
}, {
  "kecamatan" : "Karang Baru",
  "kelurahan" : "Gampong Johar",
  "kodepos" : "24476"
}, {
  "kecamatan" : "Karang Baru",
  "kelurahan" : "Buket Panjang",
  "kodepos" : "24476"
}, {
  "kecamatan" : "Karang Baru",
  "kelurahan" : "Dalam",
  "kodepos" : "24476"
}, {
  "kecamatan" : "Sekerak",
  "kelurahan" : "Bandar Mahligai",
  "kodepos" : "24476"
}, {
  "kecamatan" : "Sekerak",
  "kelurahan" : "Bandar Mahligai",
  "kodepos" : "24476"
}, {
  "kecamatan" : "Karang Baru",
  "kelurahan" : "Banai",
  "kodepos" : "24476"
}, {
  "kecamatan" : "Sekerak",
  "kelurahan" : "Baling Karang",
  "kodepos" : "24476"
}, {
  "kecamatan" : "Karang Baru",
  "kelurahan" : "Alur Selalas",
  "kodepos" : "24476"
}, {
  "kecamatan" : "Karang Baru",
  "kelurahan" : "Alur Bemban",
  "kodepos" : "24476"
}, {
  "kecamatan" : "Karang Baru",
  "kelurahan" : "Alur Lhok",
  "kodepos" : "24476"
}, {
  "kecamatan" : "Kota Kuala Simpang",
  "kelurahan" : "Sriwijaya",
  "kodepos" : "24475"
}, {
  "kecamatan" : "Karang Baru",
  "kelurahan" : "Alur Baung",
  "kodepos" : "24476"
}, {
  "kecamatan" : "Kota Kuala Simpang",
  "kelurahan" : "Kota Kuala Simpang",
  "kodepos" : "24475"
}, {
  "kecamatan" : "Kota Kuala Simpang",
  "kelurahan" : "Kota Lintang",
  "kodepos" : "24475"
}, {
  "kecamatan" : "Kota Kuala Simpang",
  "kelurahan" : "Perdamaian",
  "kodepos" : "24475"
}, {
  "kecamatan" : "Rantau",
  "kelurahan" : "Sukajadi",
  "kodepos" : "24474"
}, {
  "kecamatan" : "Kota Kuala Simpang",
  "kelurahan" : "Bukit Tempurung",
  "kodepos" : "24475"
}, {
  "kecamatan" : "Rantau",
  "kelurahan" : "Suka Rahmat",
  "kodepos" : "24474"
}, {
  "kecamatan" : "Rantau",
  "kelurahan" : "Suka Rakyat",
  "kodepos" : "24474"
}, {
  "kecamatan" : "Rantau",
  "kelurahan" : "Suka Mulia",
  "kodepos" : "24474"
}, {
  "kecamatan" : "Rantau",
  "kelurahan" : "Paya Bedi",
  "kodepos" : "24474"
}, {
  "kecamatan" : "Rantau",
  "kelurahan" : "Rantau Pauh",
  "kodepos" : "24474"
}, {
  "kecamatan" : "Rantau",
  "kelurahan" : "Landuh",
  "kodepos" : "24474"
}, {
  "kecamatan" : "Rantau",
  "kelurahan" : "Kampung Durian",
  "kodepos" : "24474"
}, {
  "kecamatan" : "Rantau",
  "kelurahan" : "Kebun Rantau",
  "kodepos" : "24474"
}, {
  "kecamatan" : "Rantau",
  "kelurahan" : "Jamur Jelatang",
  "kodepos" : "24474"
}, {
  "kecamatan" : "Rantau",
  "kelurahan" : "Jamur Labu",
  "kodepos" : "24474"
}, {
  "kecamatan" : "Rantau",
  "kelurahan" : "Kamp Pertamina",
  "kodepos" : "24474"
}, {
  "kecamatan" : "Rantau",
  "kelurahan" : "Benua Raja",
  "kodepos" : "24474"
}, {
  "kecamatan" : "Rantau",
  "kelurahan" : "Ingin Jaya",
  "kodepos" : "24474"
}, {
  "kecamatan" : "Rantau",
  "kelurahan" : "Alur Manis",
  "kodepos" : "24474"
}, {
  "kecamatan" : "Rantau",
  "kelurahan" : "Alur Cucur",
  "kodepos" : "24474"
}, {
  "kecamatan" : "Seruway",
  "kelurahan" : "Sukaramai II",
  "kodepos" : "24473"
}, {
  "kecamatan" : "Seruway",
  "kelurahan" : "Tangsi Lama",
  "kodepos" : "24473"
}, {
  "kecamatan" : "Seruway",
  "kelurahan" : "Tualang",
  "kodepos" : "24473"
}, {
  "kecamatan" : "Seruway",
  "kelurahan" : "Sidodadi",
  "kodepos" : "24473"
}, {
  "kecamatan" : "Seruway",
  "kelurahan" : "Sukaramai I",
  "kodepos" : "24473"
}, {
  "kecamatan" : "Seruway",
  "kelurahan" : "Sei Kuruk I",
  "kodepos" : "24473"
}, {
  "kecamatan" : "Seruway",
  "kelurahan" : "Sei Kuruk II",
  "kodepos" : "24473"
}, {
  "kecamatan" : "Seruway",
  "kelurahan" : "Sei Kuruk III",
  "kodepos" : "24473"
}, {
  "kecamatan" : "Seruway",
  "kelurahan" : "Perkebunan Seruway",
  "kodepos" : "24473"
}, {
  "kecamatan" : "Seruway",
  "kelurahan" : "Peukan Seuruway",
  "kodepos" : "24473"
}, {
  "kecamatan" : "Seruway",
  "kelurahan" : "Pantai Balai",
  "kodepos" : "24473"
}, {
  "kecamatan" : "Seruway",
  "kelurahan" : "Paya Udang",
  "kodepos" : "24473"
}, {
  "kecamatan" : "Seruway",
  "kelurahan" : "Perkebunan Gedung Biara",
  "kodepos" : "24473"
}, {
  "kecamatan" : "Seruway",
  "kelurahan" : "Muka Sei Kuruk",
  "kodepos" : "24473"
}, {
  "kecamatan" : "Seruway",
  "kelurahan" : "Padang Langgis",
  "kodepos" : "24473"
}, {
  "kecamatan" : "Seruway",
  "kelurahan" : "Lubuk Damar",
  "kodepos" : "24473"
}, {
  "kecamatan" : "Seruway",
  "kelurahan" : "Matang Sentang",
  "kodepos" : "24473"
}, {
  "kecamatan" : "Seruway",
  "kelurahan" : "Kw Pusung Kapal",
  "kodepos" : "24473"
}, {
  "kecamatan" : "Seruway",
  "kelurahan" : "Gelung",
  "kodepos" : "24473"
}, {
  "kecamatan" : "Seruway",
  "kelurahan" : "Kampung Baru",
  "kodepos" : "24473"
}, {
  "kecamatan" : "Seruway",
  "kelurahan" : "Binjai",
  "kodepos" : "24473"
}, {
  "kecamatan" : "Seruway",
  "kelurahan" : "Gedung Biara",
  "kodepos" : "24473"
}, {
  "kecamatan" : "Seruway",
  "kelurahan" : "Air Masin",
  "kodepos" : "24473"
}, {
  "kecamatan" : "Seruway",
  "kelurahan" : "Alur Alim",
  "kodepos" : "24473"
}, {
  "kecamatan" : "Bendahara",
  "kelurahan" : "Tengku Tinggi",
  "kodepos" : "24472"
}, {
  "kecamatan" : "Bendahara",
  "kelurahan" : "Tumpok Teungoh",
  "kodepos" : "24472"
}, {
  "kecamatan" : "Bendahara",
  "kelurahan" : "Upah",
  "kodepos" : "24472"
}, {
  "kecamatan" : "Bendahara",
  "kelurahan" : "Teluk Kemiri",
  "kodepos" : "24472"
}, {
  "kecamatan" : "Bendahara",
  "kelurahan" : "Teluk Kepayang",
  "kodepos" : "24472"
}, {
  "kecamatan" : "Banda Mulia",
  "kelurahan" : "Telaga Meuku Dua (Muku II)",
  "kodepos" : "24472"
}, {
  "kecamatan" : "Banda Mulia",
  "kelurahan" : "Telaga Meuku Satu (Muku I)",
  "kodepos" : "24472"
}, {
  "kecamatan" : "Bendahara",
  "kelurahan" : "Teluk Halban",
  "kodepos" : "24472"
}, {
  "kecamatan" : "Banda Mulia",
  "kelurahan" : "Tanjung Keramat",
  "kodepos" : "24472"
}, {
  "kecamatan" : "Bendahara",
  "kelurahan" : "Tanjong Parit",
  "kodepos" : "24472"
}, {
  "kecamatan" : "Bendahara",
  "kelurahan" : "Tanjong Lipat II",
  "kodepos" : "24472"
}, {
  "kecamatan" : "Bendahara",
  "kelurahan" : "Tanjong Mulia",
  "kodepos" : "24472"
}, {
  "kecamatan" : "Bendahara",
  "kelurahan" : "Tanjong Binjei",
  "kodepos" : "24472"
}, {
  "kecamatan" : "Bendahara",
  "kelurahan" : "Tanjong Lipat I",
  "kodepos" : "24472"
}, {
  "kecamatan" : "Bendahara",
  "kelurahan" : "Tanjong",
  "kodepos" : "24472"
}, {
  "kecamatan" : "Banda Mulia",
  "kelurahan" : "Sukajadi",
  "kodepos" : "24472"
}, {
  "kecamatan" : "Bendahara",
  "kelurahan" : "Suka Mulia Bendahara",
  "kodepos" : "24472"
}, {
  "kecamatan" : "Banda Mulia",
  "kelurahan" : "Suka Damai",
  "kodepos" : "24472"
}, {
  "kecamatan" : "Banda Mulia",
  "kelurahan" : "Suka Mulia/Mulya (Upah Hulu)",
  "kodepos" : "24472"
}, {
  "kecamatan" : "Bendahara",
  "kelurahan" : "Seuneubok Aceh",
  "kodepos" : "24472"
}, {
  "kecamatan" : "Bendahara",
  "kelurahan" : "Seuneubok Dalam Mesjid",
  "kodepos" : "24472"
}, {
  "kecamatan" : "Bendahara",
  "kelurahan" : "Seuneubok Dalam Upah",
  "kodepos" : "24472"
}, {
  "kecamatan" : "Bendahara",
  "kelurahan" : "Raja",
  "kodepos" : "24472"
}, {
  "kecamatan" : "Bendahara",
  "kelurahan" : "Rantau Pakam",
  "kodepos" : "24472"
}, {
  "kecamatan" : "Bendahara",
  "kelurahan" : "Perkebunan Sungai Iyu",
  "kodepos" : "24472"
}, {
  "kecamatan" : "Bendahara",
  "kelurahan" : "Perkebunan Upah",
  "kodepos" : "24472"
}, {
  "kecamatan" : "Banda Mulia",
  "kelurahan" : "Paya Rahat",
  "kodepos" : "24472"
}, {
  "kecamatan" : "Bendahara",
  "kelurahan" : "Mesjid Bendahara",
  "kodepos" : "24472"
}, {
  "kecamatan" : "Bendahara",
  "kelurahan" : "Mesjid Sungai Iyu",
  "kodepos" : "24472"
}, {
  "kecamatan" : "Banda Mulia",
  "kelurahan" : "Matang Seping/Seuping",
  "kodepos" : "24472"
}, {
  "kecamatan" : "Bendahara",
  "kelurahan" : "Matang Teupah",
  "kodepos" : "24472"
}, {
  "kecamatan" : "Bendahara",
  "kelurahan" : "Lambung Blang",
  "kodepos" : "24472"
}, {
  "kecamatan" : "Bendahara",
  "kelurahan" : "Lubok Bathil",
  "kodepos" : "24472"
}, {
  "kecamatan" : "Bendahara",
  "kelurahan" : "Marlempang",
  "kodepos" : "24472"
}, {
  "kecamatan" : "Bendahara",
  "kelurahan" : "Cinta Raja",
  "kodepos" : "24472"
}, {
  "kecamatan" : "Bendahara",
  "kelurahan" : "Kuala Genting",
  "kodepos" : "24472"
}, {
  "kecamatan" : "Bendahara",
  "kelurahan" : "Kuala Penaga",
  "kodepos" : "24472"
}, {
  "kecamatan" : "Banda Mulia",
  "kelurahan" : "Besar",
  "kodepos" : "24472"
}, {
  "kecamatan" : "Bendahara",
  "kelurahan" : "Bandar Khalifah",
  "kodepos" : "24472"
}, {
  "kecamatan" : "Bendahara",
  "kelurahan" : "Bandar Baru",
  "kodepos" : "24472"
}, {
  "kecamatan" : "Bendahara",
  "kelurahan" : "Balai",
  "kodepos" : "24472"
}, {
  "kecamatan" : "Banda Mulia",
  "kelurahan" : "Alur Nunang (Munang)",
  "kodepos" : "24472"
}, {
  "kecamatan" : "Manyak Payed",
  "kelurahan" : "Ujong Tanjong",
  "kodepos" : "24471"
}, {
  "kecamatan" : "Bendahara",
  "kelurahan" : "Alue Cantek",
  "kodepos" : "24472"
}, {
  "kecamatan" : "Manyak Payed",
  "kelurahan" : "Simpang Lhee",
  "kodepos" : "24471"
}, {
  "kecamatan" : "Manyak Payed",
  "kelurahan" : "Tanjung Neraca",
  "kodepos" : "24471"
}, {
  "kecamatan" : "Manyak Payed",
  "kelurahan" : "Tualang Baru",
  "kodepos" : "24471"
}, {
  "kecamatan" : "Manyak Payed",
  "kelurahan" : "Seuneubok Cantek",
  "kodepos" : "24471"
}, {
  "kecamatan" : "Manyak Payed",
  "kelurahan" : "Seuneubok Pidie",
  "kodepos" : "24471"
}, {
  "kecamatan" : "Manyak Payed",
  "kelurahan" : "Seuneubok Punti",
  "kodepos" : "24471"
}, {
  "kecamatan" : "Manyak Payed",
  "kelurahan" : "Sampaimah",
  "kodepos" : "24471"
}, {
  "kecamatan" : "Manyak Payed",
  "kelurahan" : "Sapta Marga",
  "kodepos" : "24471"
}, {
  "kecamatan" : "Manyak Payed",
  "kelurahan" : "Seuneubok Baru",
  "kodepos" : "24471"
}, {
  "kecamatan" : "Manyak Payed",
  "kelurahan" : "Paya Ketenggar",
  "kodepos" : "24471"
}, {
  "kecamatan" : "Manyak Payed",
  "kelurahan" : "Raja Tuha",
  "kodepos" : "24471"
}, {
  "kecamatan" : "Manyak Payed",
  "kelurahan" : "Pandan Sari",
  "kodepos" : "24471"
}, {
  "kecamatan" : "Manyak Payed",
  "kelurahan" : "Paya Baru",
  "kodepos" : "24471"
}, {
  "kecamatan" : "Manyak Payed",
  "kelurahan" : "Meunasah Paya",
  "kodepos" : "24471"
}, {
  "kecamatan" : "Manyak Payed",
  "kelurahan" : "Meurandeh",
  "kodepos" : "24471"
}, {
  "kecamatan" : "Manyak Payed",
  "kelurahan" : "Pahlawan",
  "kodepos" : "24471"
}, {
  "kecamatan" : "Manyak Payed",
  "kelurahan" : "Matang Ara Jawa",
  "kodepos" : "24471"
}, {
  "kecamatan" : "Manyak Payed",
  "kelurahan" : "Matang Cincin",
  "kodepos" : "24471"
}, {
  "kecamatan" : "Manyak Payed",
  "kelurahan" : "Mesjid",
  "kodepos" : "24471"
}, {
  "kecamatan" : "Manyak Payed",
  "kelurahan" : "Lueng Manyo",
  "kodepos" : "24471"
}, {
  "kecamatan" : "Manyak Payed",
  "kelurahan" : "Matang Ara Aceh",
  "kodepos" : "24471"
}, {
  "kecamatan" : "Manyak Payed",
  "kelurahan" : "Ie Bintah",
  "kodepos" : "24471"
}, {
  "kecamatan" : "Manyak Payed",
  "kelurahan" : "Kasih Sayang",
  "kodepos" : "24471"
}, {
  "kecamatan" : "Manyak Payed",
  "kelurahan" : "Krueng Sikajang",
  "kodepos" : "24471"
}, {
  "kecamatan" : "Manyak Payed",
  "kelurahan" : "Lhok Medang Ara",
  "kodepos" : "24471"
}, {
  "kecamatan" : "Manyak Payed",
  "kelurahan" : "Geudham",
  "kodepos" : "24471"
}, {
  "kecamatan" : "Manyak Payed",
  "kelurahan" : "Gelanggang Merak",
  "kodepos" : "24471"
}, {
  "kecamatan" : "Manyak Payed",
  "kelurahan" : "Buket Paya",
  "kodepos" : "24471"
}, {
  "kecamatan" : "Manyak Payed",
  "kelurahan" : "Bukit Panjang I",
  "kodepos" : "24471"
}, {
  "kecamatan" : "Manyak Payed",
  "kelurahan" : "Dagang Setia",
  "kodepos" : "24471"
}, {
  "kecamatan" : "Manyak Payed",
  "kelurahan" : "Bandung Jaya",
  "kodepos" : "24471"
}, {
  "kecamatan" : "Manyak Payed",
  "kelurahan" : "Benteng Anyer",
  "kodepos" : "24471"
}, {
  "kecamatan" : "Manyak Payed",
  "kelurahan" : "Buket Panjang II",
  "kodepos" : "24471"
}, {
  "kecamatan" : "Manyak Payed",
  "kelurahan" : "Alue Ie Puteh",
  "kodepos" : "24471"
}, {
  "kecamatan" : "Manyak Payed",
  "kelurahan" : "Alue Sentang",
  "kodepos" : "24471"
} ]
