[ {
  "kecamatan" : "Serba Jadi",
  "kelurahan" : "Umah Taring",
  "kodepos" : "24461"
}, {
  "kecamatan" : "Serba Jadi",
  "kelurahan" : "Ujung Karang",
  "kodepos" : "24461"
}, {
  "kecamatan" : "Serba Jadi",
  "kelurahan" : "Tualang",
  "kodepos" : "24461"
}, {
  "kecamatan" : "Peunaron",
  "kelurahan" : "Srimulya",
  "kodepos" : "24461"
}, {
  "kecamatan" : "Serba Jadi",
  "kelurahan" : "Sunti",
  "kodepos" : "24461"
}, {
  "kecamatan" : "Serba Jadi",
  "kelurahan" : "Terujak",
  "kodepos" : "24461"
}, {
  "kecamatan" : "Serba Jadi",
  "kelurahan" : "Sembuang",
  "kodepos" : "24461"
}, {
  "kecamatan" : "Serba Jadi",
  "kelurahan" : "Seuleumak",
  "kodepos" : "24461"
}, {
  "kecamatan" : "Serba Jadi",
  "kelurahan" : "Rampah",
  "kodepos" : "24461"
}, {
  "kecamatan" : "Serba Jadi",
  "kelurahan" : "Sekualan",
  "kodepos" : "24461"
}, {
  "kecamatan" : "Peunaron",
  "kelurahan" : "Peunaron Baru",
  "kodepos" : "24461"
}, {
  "kecamatan" : "Peunaron",
  "kelurahan" : "Peunaron Lama",
  "kodepos" : "24461"
}, {
  "kecamatan" : "Serba Jadi",
  "kelurahan" : "Nalon",
  "kodepos" : "24461"
}, {
  "kecamatan" : "Serba Jadi",
  "kelurahan" : "Loot",
  "kodepos" : "24461"
}, {
  "kecamatan" : "Serba Jadi",
  "kelurahan" : "Mesir",
  "kodepos" : "24461"
}, {
  "kecamatan" : "Serba Jadi",
  "kelurahan" : "Lokop",
  "kodepos" : "24461"
}, {
  "kecamatan" : "Serba Jadi",
  "kelurahan" : "Jering",
  "kodepos" : "24461"
}, {
  "kecamatan" : "Serba Jadi",
  "kelurahan" : "Leles",
  "kodepos" : "24461"
}, {
  "kecamatan" : "Serba Jadi",
  "kelurahan" : "Bunin",
  "kodepos" : "24461"
}, {
  "kecamatan" : "Peunaron",
  "kelurahan" : "Bukit Tiga",
  "kodepos" : "24461"
}, {
  "kecamatan" : "Peunaron",
  "kelurahan" : "Arul Pinang",
  "kodepos" : "24461"
}, {
  "kecamatan" : "Serba Jadi",
  "kelurahan" : "Arul Durin",
  "kodepos" : "24461"
}, {
  "kecamatan" : "Banda Alam",
  "kelurahan" : "Uram Jalan",
  "kodepos" : "24458"
}, {
  "kecamatan" : "Banda Alam",
  "kelurahan" : "Ulee Jalan",
  "kodepos" : "24458"
}, {
  "kecamatan" : "Madat",
  "kelurahan" : "Ulee Ateung",
  "kodepos" : "24458"
}, {
  "kecamatan" : "Simpang Ulim",
  "kelurahan" : "Teupin Mamplam",
  "kodepos" : "24458"
}, {
  "kecamatan" : "Simpang Ulim",
  "kelurahan" : "Titi Barueh/Baroeh",
  "kodepos" : "24458"
}, {
  "kecamatan" : "Simpang Ulim",
  "kelurahan" : "Teupin Breuh",
  "kodepos" : "24458"
}, {
  "kecamatan" : "Madat",
  "kelurahan" : "Tanjung Minjei",
  "kodepos" : "24458"
}, {
  "kecamatan" : "Madat",
  "kelurahan" : "Tanjung Ara",
  "kodepos" : "24458"
}, {
  "kecamatan" : "Simpang Jernih",
  "kelurahan" : "Tampor/Tampur Paloh",
  "kodepos" : "24458"
}, {
  "kecamatan" : "Simpang Jernih",
  "kelurahan" : "Tampor/Tampur Boor",
  "kodepos" : "24458"
}, {
  "kecamatan" : "Sungai Raya",
  "kelurahan" : "Sungai Simpang",
  "kodepos" : "24458"
}, {
  "kecamatan" : "Pante Bidari (Beudari)",
  "kelurahan" : "Suka Damai",
  "kodepos" : "24458"
}, {
  "kecamatan" : "Pante Bidari (Beudari)",
  "kelurahan" : "Seuneubok Tuha",
  "kodepos" : "24458"
}, {
  "kecamatan" : "Simpang Jernih",
  "kelurahan" : "Simpang Jernih",
  "kodepos" : "24458"
}, {
  "kecamatan" : "Pante Bidari (Beudari)",
  "kelurahan" : "Seuneubok Saboh",
  "kodepos" : "24458"
}, {
  "kecamatan" : "Banda Alam",
  "kelurahan" : "Seuneubok Simpang",
  "kodepos" : "24458"
}, {
  "kecamatan" : "Madat",
  "kelurahan" : "Seuneubok Pidie",
  "kodepos" : "24458"
}, {
  "kecamatan" : "Sungai Raya",
  "kelurahan" : "Seuneubok Pase",
  "kodepos" : "24458"
}, {
  "kecamatan" : "Banda Alam",
  "kelurahan" : "Seuneubok Pangou",
  "kodepos" : "24458"
}, {
  "kecamatan" : "Banda Alam",
  "kelurahan" : "Seuneubok Kandang",
  "kodepos" : "24458"
}, {
  "kecamatan" : "Banda Alam",
  "kelurahan" : "Seuneubok Benteng",
  "kodepos" : "24458"
}, {
  "kecamatan" : "Sungai Raya",
  "kelurahan" : "Seuneubok Aceh",
  "kodepos" : "24458"
}, {
  "kecamatan" : "Banda Alam",
  "kelurahan" : "Seuneubok Bayu",
  "kodepos" : "24458"
}, {
  "kecamatan" : "Simpang Jernih",
  "kelurahan" : "Rantau Panjang",
  "kodepos" : "24458"
}, {
  "kecamatan" : "Madat",
  "kelurahan" : "Rambong Lop",
  "kodepos" : "24458"
}, {
  "kecamatan" : "Pante Bidari (Beudari)",
  "kelurahan" : "Putoh Satu",
  "kodepos" : "24458"
}, {
  "kecamatan" : "Pante Bidari (Beudari)",
  "kelurahan" : "Putoh Dua",
  "kodepos" : "24458"
}, {
  "kecamatan" : "Simpang Ulim",
  "kelurahan" : "Pucok Alue Satu",
  "kodepos" : "24458"
}, {
  "kecamatan" : "Simpang Ulim",
  "kelurahan" : "Pucok Alue Dua",
  "kodepos" : "24458"
}, {
  "kecamatan" : "Simpang Ulim",
  "kelurahan" : "Peulalu",
  "kodepos" : "24458"
}, {
  "kecamatan" : "Simpang Ulim",
  "kelurahan" : "Pucok Alue Barat",
  "kodepos" : "24458"
}, {
  "kecamatan" : "Madat",
  "kelurahan" : "Paya Naden",
  "kodepos" : "24458"
}, {
  "kecamatan" : "Banda Alam",
  "kelurahan" : "Paya Laman",
  "kodepos" : "24458"
}, {
  "kecamatan" : "Sungai Raya",
  "kelurahan" : "Paya Keutapang",
  "kodepos" : "24458"
}, {
  "kecamatan" : "Madat",
  "kelurahan" : "Paya Deumam/Demam Peut",
  "kodepos" : "24458"
}, {
  "kecamatan" : "Pante Bidari (Beudari)",
  "kelurahan" : "Paya Demam/Deumam Dua",
  "kodepos" : "24458"
}, {
  "kecamatan" : "Pante Bidari (Beudari)",
  "kelurahan" : "Paya Demam/Deumam Lhee",
  "kodepos" : "24458"
}, {
  "kecamatan" : "Pante Bidari (Beudari)",
  "kelurahan" : "Paya Demam/Deumam Satu",
  "kodepos" : "24458"
}, {
  "kecamatan" : "Banda Alam",
  "kelurahan" : "Panton Rayeuk M",
  "kodepos" : "24458"
}, {
  "kecamatan" : "Banda Alam",
  "kelurahan" : "Panton Rayeuk T",
  "kodepos" : "24458"
}, {
  "kecamatan" : "Pante Bidari (Beudari)",
  "kelurahan" : "Pante Rambong",
  "kodepos" : "24458"
}, {
  "kecamatan" : "Banda Alam",
  "kelurahan" : "Panton Rayeuk A",
  "kodepos" : "24458"
}, {
  "kecamatan" : "Banda Alam",
  "kelurahan" : "Panton Rayeuk B",
  "kodepos" : "24458"
}, {
  "kecamatan" : "Pante Bidari (Beudari)",
  "kelurahan" : "Pante Labu",
  "kodepos" : "24458"
}, {
  "kecamatan" : "Pante Bidari (Beudari)",
  "kelurahan" : "Pante Panah",
  "kodepos" : "24458"
}, {
  "kecamatan" : "Madat",
  "kelurahan" : "Pante Merbo (Meureubo)",
  "kodepos" : "24458"
}, {
  "kecamatan" : "Simpang Jernih",
  "kelurahan" : "Pante Kera",
  "kodepos" : "24458"
}, {
  "kecamatan" : "Simpang Ulim",
  "kelurahan" : "Nicah Awe",
  "kodepos" : "24458"
}, {
  "kecamatan" : "Madat",
  "kelurahan" : "Pante Bayam",
  "kodepos" : "24458"
}, {
  "kecamatan" : "Pante Bidari (Beudari)",
  "kelurahan" : "Meunasah Tunong",
  "kodepos" : "24458"
}, {
  "kecamatan" : "Madat",
  "kelurahan" : "Meunasah Tingkeum",
  "kodepos" : "24458"
}, {
  "kecamatan" : "Pante Bidari (Beudari)",
  "kelurahan" : "Meunasah Leubok",
  "kodepos" : "24458"
}, {
  "kecamatan" : "Pante Bidari (Beudari)",
  "kelurahan" : "Meunasah Teungoh",
  "kodepos" : "24458"
}, {
  "kecamatan" : "Simpang Ulim",
  "kelurahan" : "Matang Weng",
  "kodepos" : "24458"
}, {
  "kecamatan" : "Madat",
  "kelurahan" : "Meunasah Asan",
  "kodepos" : "24458"
}, {
  "kecamatan" : "Simpang Jernih",
  "kelurahan" : "Melidi",
  "kodepos" : "24458"
}, {
  "kecamatan" : "Pante Bidari (Beudari)",
  "kelurahan" : "Matang Pudeng",
  "kodepos" : "24458"
}, {
  "kecamatan" : "Simpang Ulim",
  "kelurahan" : "Matang Rayeuk",
  "kodepos" : "24458"
}, {
  "kecamatan" : "Simpang Ulim",
  "kelurahan" : "Matang Seupeng",
  "kodepos" : "24458"
}, {
  "kecamatan" : "Pante Bidari (Beudari)",
  "kelurahan" : "Matang Perlak (Peureulak)",
  "kodepos" : "24458"
}, {
  "kecamatan" : "Madat",
  "kelurahan" : "Matang Nibong",
  "kodepos" : "24458"
}, {
  "kecamatan" : "Madat",
  "kelurahan" : "Matang Kupula/Keupula Dua",
  "kodepos" : "24458"
}, {
  "kecamatan" : "Madat",
  "kelurahan" : "Matang Kupula/Keupula Lhee",
  "kodepos" : "24458"
}, {
  "kecamatan" : "Madat",
  "kelurahan" : "Matang Kupula/Keupula Satu",
  "kodepos" : "24458"
}, {
  "kecamatan" : "Simpang Ulim",
  "kelurahan" : "Matang Kumbang",
  "kodepos" : "24458"
}, {
  "kecamatan" : "Pante Bidari (Beudari)",
  "kelurahan" : "Matang Kruet",
  "kodepos" : "24458"
}, {
  "kecamatan" : "Madat",
  "kelurahan" : "Madat",
  "kodepos" : "24458"
}, {
  "kecamatan" : "Madat",
  "kelurahan" : "Matang Guru",
  "kodepos" : "24458"
}, {
  "kecamatan" : "Madat",
  "kelurahan" : "Matang Jrok",
  "kodepos" : "24458"
}, {
  "kecamatan" : "Madat",
  "kelurahan" : "Lueng Dua",
  "kodepos" : "24458"
}, {
  "kecamatan" : "Madat",
  "kelurahan" : "Lueng Peut",
  "kodepos" : "24458"
}, {
  "kecamatan" : "Madat",
  "kelurahan" : "Lueng Satu",
  "kodepos" : "24458"
}, {
  "kecamatan" : "Sungai Raya",
  "kelurahan" : "Labuhan Keude",
  "kodepos" : "24458"
}, {
  "kecamatan" : "Simpang Ulim",
  "kelurahan" : "Kuala Simpang Ulim",
  "kodepos" : "24458"
}, {
  "kecamatan" : "Simpang Ulim",
  "kelurahan" : "Lampuh Rayeuk",
  "kodepos" : "24458"
}, {
  "kecamatan" : "Sungai Raya",
  "kelurahan" : "Krueng Lingka",
  "kodepos" : "24458"
}, {
  "kecamatan" : "Sungai Raya",
  "kelurahan" : "Kuala Parek",
  "kodepos" : "24458"
}, {
  "kecamatan" : "Simpang Ulim",
  "kelurahan" : "Keude Tuha",
  "kodepos" : "24458"
}, {
  "kecamatan" : "Pante Bidari (Beudari)",
  "kelurahan" : "Keude Baro",
  "kodepos" : "24458"
}, {
  "kecamatan" : "Banda Alam",
  "kelurahan" : "Jalan Dua",
  "kodepos" : "24458"
}, {
  "kecamatan" : "Banda Alam",
  "kelurahan" : "Jambo Reuhat",
  "kodepos" : "24458"
}, {
  "kecamatan" : "Pante Bidari (Beudari)",
  "kelurahan" : "Grong Grong",
  "kodepos" : "24458"
}, {
  "kecamatan" : "Simpang Jernih",
  "kelurahan" : "Hti Ranto Naro",
  "kodepos" : "24458"
}, {
  "kecamatan" : "Sungai Raya",
  "kelurahan" : "Geulumpang Payong",
  "kodepos" : "24458"
}, {
  "kecamatan" : "Simpang Ulim",
  "kelurahan" : "Gampong Blang",
  "kodepos" : "24458"
}, {
  "kecamatan" : "Sungai Raya",
  "kelurahan" : "Gajah Mentah",
  "kodepos" : "24458"
}, {
  "kecamatan" : "Simpang Ulim",
  "kelurahan" : "Gampong Baro",
  "kodepos" : "24458"
}, {
  "kecamatan" : "Simpang Ulim",
  "kelurahan" : "Gampong Baro",
  "kodepos" : "24458"
}, {
  "kecamatan" : "Sungai Raya",
  "kelurahan" : "Bukit Drien",
  "kodepos" : "24458"
}, {
  "kecamatan" : "Pante Bidari (Beudari)",
  "kelurahan" : "Buket Kareng",
  "kodepos" : "24458"
}, {
  "kecamatan" : "Banda Alam",
  "kelurahan" : "Buket Drien",
  "kodepos" : "24458"
}, {
  "kecamatan" : "Pante Bidari (Beudari)",
  "kelurahan" : "Buket Bata",
  "kodepos" : "24458"
}, {
  "kecamatan" : "Pante Bidari (Beudari)",
  "kelurahan" : "Blang Seunong",
  "kodepos" : "24458"
}, {
  "kecamatan" : "Madat",
  "kelurahan" : "Blang Ubit",
  "kodepos" : "24458"
}, {
  "kecamatan" : "Banda Alam",
  "kelurahan" : "Blang Rambong",
  "kodepos" : "24458"
}, {
  "kecamatan" : "Simpang Ulim",
  "kelurahan" : "Blang Nie/Me",
  "kodepos" : "24458"
}, {
  "kecamatan" : "Madat",
  "kelurahan" : "Blang Andam",
  "kodepos" : "24458"
}, {
  "kecamatan" : "Madat",
  "kelurahan" : "Blang Awe",
  "kodepos" : "24458"
}, {
  "kecamatan" : "Madat",
  "kelurahan" : "Bintah",
  "kodepos" : "24458"
}, {
  "kecamatan" : "Simpang Jernih",
  "kelurahan" : "Batu Sumbang",
  "kodepos" : "24458"
}, {
  "kecamatan" : "Simpang Ulim",
  "kelurahan" : "Ara Kundo",
  "kodepos" : "24458"
}, {
  "kecamatan" : "Simpang Ulim",
  "kelurahan" : "Bantayan",
  "kodepos" : "24458"
}, {
  "kecamatan" : "Sungai Raya",
  "kelurahan" : "Alue Rangan",
  "kodepos" : "24458"
}, {
  "kecamatan" : "Simpang Ulim",
  "kelurahan" : "Alue Mulieng",
  "kodepos" : "24458"
}, {
  "kecamatan" : "Sungai Raya",
  "kelurahan" : "Alue Itam",
  "kodepos" : "24458"
}, {
  "kecamatan" : "Simpang Ulim",
  "kelurahan" : "Alue Buloh Satu",
  "kodepos" : "24458"
}, {
  "kecamatan" : "Pante Bidari (Beudari)",
  "kelurahan" : "Alue Ie Mirah",
  "kodepos" : "24458"
}, {
  "kecamatan" : "Madat",
  "kelurahan" : "Abeuk Geulanteu",
  "kodepos" : "24458"
}, {
  "kecamatan" : "Simpang Ulim",
  "kelurahan" : "Alue Buloh Dua",
  "kodepos" : "24458"
}, {
  "kecamatan" : "Julok",
  "kelurahan" : "Ulee Blang",
  "kodepos" : "24457"
}, {
  "kecamatan" : "Julok",
  "kelurahan" : "Ulee Tanoh",
  "kodepos" : "24457"
}, {
  "kecamatan" : "Julok",
  "kelurahan" : "Tumpok Teungoh",
  "kodepos" : "24457"
}, {
  "kecamatan" : "Julok",
  "kelurahan" : "Ujong Tunong",
  "kodepos" : "24457"
}, {
  "kecamatan" : "Julok",
  "kelurahan" : "Ulee Ateung",
  "kodepos" : "24457"
}, {
  "kecamatan" : "Julok",
  "kelurahan" : "Tanjong Tok Blang",
  "kodepos" : "24457"
}, {
  "kecamatan" : "Julok",
  "kelurahan" : "Teupin Raya",
  "kodepos" : "24457"
}, {
  "kecamatan" : "Indra Makmur",
  "kelurahan" : "Suka Makmur",
  "kodepos" : "24457"
}, {
  "kecamatan" : "Julok",
  "kelurahan" : "Simpang Lhee",
  "kodepos" : "24457"
}, {
  "kecamatan" : "Indra Makmur",
  "kelurahan" : "Seuneubok Bayu",
  "kodepos" : "24457"
}, {
  "kecamatan" : "Indra Makmur",
  "kelurahan" : "Seuneubok Cina",
  "kodepos" : "24457"
}, {
  "kecamatan" : "Julok",
  "kelurahan" : "Seuneubok Rambong",
  "kodepos" : "24457"
}, {
  "kecamatan" : "Julok",
  "kelurahan" : "Seumatang",
  "kodepos" : "24457"
}, {
  "kecamatan" : "Julok",
  "kelurahan" : "Seuneubok Baro",
  "kodepos" : "24457"
}, {
  "kecamatan" : "Indra Makmur",
  "kelurahan" : "Perkebunan Julok Rayeuk Utara",
  "kodepos" : "24457"
}, {
  "kecamatan" : "Indra Makmur",
  "kelurahan" : "Perkebunan Julok Rayeuk Selatan",
  "kodepos" : "24457"
}, {
  "kecamatan" : "Indra Makmur",
  "kelurahan" : "Pelita Sagop Jaya",
  "kodepos" : "24457"
}, {
  "kecamatan" : "Julok",
  "kelurahan" : "Paya Bakong",
  "kodepos" : "24457"
}, {
  "kecamatan" : "Julok",
  "kelurahan" : "Paya Pasi",
  "kodepos" : "24457"
}, {
  "kecamatan" : "Julok",
  "kelurahan" : "Matang",
  "kodepos" : "24457"
}, {
  "kecamatan" : "Julok",
  "kelurahan" : "Naleung",
  "kodepos" : "24457"
}, {
  "kecamatan" : "Julok",
  "kelurahan" : "Lhok Rambong",
  "kodepos" : "24457"
}, {
  "kecamatan" : "Julok",
  "kelurahan" : "Lhok Seuntang",
  "kodepos" : "24457"
}, {
  "kecamatan" : "Julok",
  "kelurahan" : "Mane Rampak",
  "kodepos" : "24457"
}, {
  "kecamatan" : "Julok",
  "kelurahan" : "Labuhan (Labohan)",
  "kodepos" : "24457"
}, {
  "kecamatan" : "Julok",
  "kelurahan" : "Ladang Baro",
  "kodepos" : "24457"
}, {
  "kecamatan" : "Julok",
  "kelurahan" : "Keumuneng",
  "kodepos" : "24457"
}, {
  "kecamatan" : "Julok",
  "kelurahan" : "Kuala Geulumpang",
  "kodepos" : "24457"
}, {
  "kecamatan" : "Indra Makmur",
  "kelurahan" : "Jambo Lubok",
  "kodepos" : "24457"
}, {
  "kecamatan" : "Julok",
  "kelurahan" : "Julok Tunong",
  "kodepos" : "24457"
}, {
  "kecamatan" : "Julok",
  "kelurahan" : "Keude Kuta Binjei",
  "kodepos" : "24457"
}, {
  "kecamatan" : "Indra Makmur",
  "kelurahan" : "Jambo Balee",
  "kodepos" : "24457"
}, {
  "kecamatan" : "Julok",
  "kelurahan" : "Gampong Baro",
  "kodepos" : "24457"
}, {
  "kecamatan" : "Julok",
  "kelurahan" : "Bukit Dindeng",
  "kodepos" : "24457"
}, {
  "kecamatan" : "Julok",
  "kelurahan" : "Bukit Makmur",
  "kodepos" : "24457"
}, {
  "kecamatan" : "Julok",
  "kelurahan" : "Buket Seuraja (Seraja)",
  "kodepos" : "24457"
}, {
  "kecamatan" : "Julok",
  "kelurahan" : "Blang Uyok",
  "kodepos" : "24457"
}, {
  "kecamatan" : "Julok",
  "kelurahan" : "Buket Panyang",
  "kodepos" : "24457"
}, {
  "kecamatan" : "Julok",
  "kelurahan" : "Blang Pauh/Paoh Dua",
  "kodepos" : "24457"
}, {
  "kecamatan" : "Julok",
  "kelurahan" : "Blang Pauh/Paoh Satu",
  "kodepos" : "24457"
}, {
  "kecamatan" : "Julok",
  "kelurahan" : "Blang Mideun",
  "kodepos" : "24457"
}, {
  "kecamatan" : "Indra Makmur",
  "kelurahan" : "Blang Nisam",
  "kodepos" : "24457"
}, {
  "kecamatan" : "Julok",
  "kelurahan" : "Blang Jambee",
  "kodepos" : "24457"
}, {
  "kecamatan" : "Julok",
  "kelurahan" : "Blang Keumuhang",
  "kodepos" : "24457"
}, {
  "kecamatan" : "Julok",
  "kelurahan" : "Blang Gleum",
  "kodepos" : "24457"
}, {
  "kecamatan" : "Indra Makmur",
  "kelurahan" : "Alue Patong",
  "kodepos" : "24457"
}, {
  "kecamatan" : "Indra Makmur",
  "kelurahan" : "Bandar Baro",
  "kodepos" : "24457"
}, {
  "kecamatan" : "Indra Makmur",
  "kelurahan" : "Alue Ie Itam",
  "kodepos" : "24457"
}, {
  "kecamatan" : "Indra Makmur",
  "kelurahan" : "Alue Ie Mirah",
  "kodepos" : "24457"
}, {
  "kecamatan" : "Julok",
  "kelurahan" : "Alue Cek Doi",
  "kodepos" : "24457"
}, {
  "kecamatan" : "Idi Timur",
  "kelurahan" : "Tualang Dalam",
  "kodepos" : "24456"
}, {
  "kecamatan" : "Idi Timur",
  "kelurahan" : "Ulee Glee",
  "kodepos" : "24456"
}, {
  "kecamatan" : "Idi Timur",
  "kelurahan" : "Seuneubok Timur",
  "kodepos" : "24456"
}, {
  "kecamatan" : "Nurussalam",
  "kelurahan" : "Teupin Pukat",
  "kodepos" : "24456"
}, {
  "kecamatan" : "Idi Timur",
  "kelurahan" : "Seuneubok Kuyun",
  "kodepos" : "24456"
}, {
  "kecamatan" : "Idi Timur",
  "kelurahan" : "Seuneubok Teungoh",
  "kodepos" : "24456"
}, {
  "kecamatan" : "Nurussalam",
  "kelurahan" : "Seuneubok Rambong",
  "kodepos" : "24456"
}, {
  "kecamatan" : "Idi Timur",
  "kelurahan" : "Seuneubok Dalam",
  "kodepos" : "24456"
}, {
  "kecamatan" : "Nurussalam",
  "kelurahan" : "Seuneubok Dalam",
  "kodepos" : "24456"
}, {
  "kecamatan" : "Idi Timur",
  "kelurahan" : "Seuneubok Barat",
  "kodepos" : "24456"
}, {
  "kecamatan" : "Nurussalam",
  "kelurahan" : "Seumatang Aron",
  "kodepos" : "24456"
}, {
  "kecamatan" : "Nurussalam",
  "kelurahan" : "Seuleumak Muda",
  "kodepos" : "24456"
}, {
  "kecamatan" : "Nurussalam",
  "kelurahan" : "Paya Enjee",
  "kodepos" : "24456"
}, {
  "kecamatan" : "Nurussalam",
  "kelurahan" : "Peulawi",
  "kodepos" : "24456"
}, {
  "kecamatan" : "Nurussalam",
  "kelurahan" : "Pulo U",
  "kodepos" : "24456"
}, {
  "kecamatan" : "Idi Timur",
  "kelurahan" : "Meunasah Jeumpa",
  "kodepos" : "24456"
}, {
  "kecamatan" : "Nurussalam",
  "kelurahan" : "Meunasah Teungoh",
  "kodepos" : "24456"
}, {
  "kecamatan" : "Nurussalam",
  "kelurahan" : "Medang Ara",
  "kodepos" : "24456"
}, {
  "kecamatan" : "Nurussalam",
  "kelurahan" : "Meunasah Hagu",
  "kodepos" : "24456"
}, {
  "kecamatan" : "Idi Timur",
  "kelurahan" : "Matang Rayeuk (SMK)",
  "kodepos" : "24456"
}, {
  "kecamatan" : "Nurussalam",
  "kelurahan" : "Matang Seuleumak",
  "kodepos" : "24456"
}, {
  "kecamatan" : "Idi Timur",
  "kelurahan" : "Matang Reyeuk PP",
  "kodepos" : "24456"
}, {
  "kecamatan" : "Nurussalam",
  "kelurahan" : "Matang Neuheun",
  "kodepos" : "24456"
}, {
  "kecamatan" : "Nurussalam",
  "kelurahan" : "Matang Panyang",
  "kodepos" : "24456"
}, {
  "kecamatan" : "Nurussalam",
  "kelurahan" : "Matang Kunyet",
  "kodepos" : "24456"
}, {
  "kecamatan" : "Idi Timur",
  "kelurahan" : "Lhok Asahan",
  "kodepos" : "24456"
}, {
  "kecamatan" : "Idi Timur",
  "kelurahan" : "Matang Bungong",
  "kodepos" : "24456"
}, {
  "kecamatan" : "Nurussalam",
  "kelurahan" : "Kuala Bagok",
  "kodepos" : "24456"
}, {
  "kecamatan" : "Idi Timur",
  "kelurahan" : "Keutapang Dua",
  "kodepos" : "24456"
}, {
  "kecamatan" : "Nurussalam",
  "kelurahan" : "Gampong Mesjid",
  "kodepos" : "24456"
}, {
  "kecamatan" : "Nurussalam",
  "kelurahan" : "Keude Bagok Sa",
  "kodepos" : "24456"
}, {
  "kecamatan" : "Nurussalam",
  "kelurahan" : "Gampong Keude Bagok Dua",
  "kodepos" : "24456"
}, {
  "kecamatan" : "Nurussalam",
  "kelurahan" : "Gampong Lhee",
  "kodepos" : "24456"
}, {
  "kecamatan" : "Nurussalam",
  "kelurahan" : "Buket Panyang",
  "kodepos" : "24456"
}, {
  "kecamatan" : "Nurussalam",
  "kelurahan" : "Cot Asan",
  "kodepos" : "24456"
}, {
  "kecamatan" : "Nurussalam",
  "kelurahan" : "Gampong Jalan",
  "kodepos" : "24456"
}, {
  "kecamatan" : "Nurussalam",
  "kelurahan" : "Buket Meurak",
  "kodepos" : "24456"
}, {
  "kecamatan" : "Nurussalam",
  "kelurahan" : "Buket Panjou",
  "kodepos" : "24456"
}, {
  "kecamatan" : "Nurussalam",
  "kelurahan" : "Beurandang",
  "kodepos" : "24456"
}, {
  "kecamatan" : "Nurussalam",
  "kelurahan" : "Blang Panjou",
  "kodepos" : "24456"
}, {
  "kecamatan" : "Nurussalam",
  "kelurahan" : "Bantayan",
  "kodepos" : "24456"
}, {
  "kecamatan" : "Nurussalam",
  "kelurahan" : "Baroh Bugeng",
  "kodepos" : "24456"
}, {
  "kecamatan" : "Nurussalam",
  "kelurahan" : "Alue Siwah Serdang",
  "kodepos" : "24456"
}, {
  "kecamatan" : "Nurussalam",
  "kelurahan" : "Asan Tanjong",
  "kodepos" : "24456"
}, {
  "kecamatan" : "Darul Aman",
  "kelurahan" : "Teupin Drum",
  "kodepos" : "24455"
}, {
  "kecamatan" : "Darul Aman",
  "kelurahan" : "Trieng Gadeng",
  "kodepos" : "24455"
}, {
  "kecamatan" : "Darul Aman",
  "kelurahan" : "Seuneubok Tuha I",
  "kodepos" : "24455"
}, {
  "kecamatan" : "Darul Aman",
  "kelurahan" : "Seuneubok Tuha II",
  "kodepos" : "24455"
}, {
  "kecamatan" : "Darul Aman",
  "kelurahan" : "Seuneubok Simpang",
  "kodepos" : "24455"
}, {
  "kecamatan" : "Darul Aman",
  "kelurahan" : "Seuneubok Teungoh",
  "kodepos" : "24455"
}, {
  "kecamatan" : "Darul Iksan (Ihsan)",
  "kelurahan" : "Seuneubok Teungoh",
  "kodepos" : "24455"
}, {
  "kecamatan" : "Darul Iksan (Ihsan)",
  "kelurahan" : "Seuneubok Kulam",
  "kodepos" : "24455"
}, {
  "kecamatan" : "Darul Iksan (Ihsan)",
  "kelurahan" : "Seuneubok Lapang",
  "kodepos" : "24455"
}, {
  "kecamatan" : "Darul Aman",
  "kelurahan" : "Seuneubok Baroh",
  "kodepos" : "24455"
}, {
  "kecamatan" : "Darul Aman",
  "kelurahan" : "Seuneubok Buloh",
  "kodepos" : "24455"
}, {
  "kecamatan" : "Darul Iksan (Ihsan)",
  "kelurahan" : "Seuneubok Aceh Baro",
  "kodepos" : "24455"
}, {
  "kecamatan" : "Darul Aman",
  "kelurahan" : "Peukan Idi Cut (Keude Idi Cut)",
  "kodepos" : "24455"
}, {
  "kecamatan" : "Darul Aman",
  "kelurahan" : "Seuneubok Aceh",
  "kodepos" : "24455"
}, {
  "kecamatan" : "Darul Iksan (Ihsan)",
  "kelurahan" : "Pulo Blang",
  "kodepos" : "24455"
}, {
  "kecamatan" : "Darul Iksan (Ihsan)",
  "kelurahan" : "Panton Merbo (Meureubo)",
  "kodepos" : "24455"
}, {
  "kecamatan" : "Darul Aman",
  "kelurahan" : "Meunasah Keutapang",
  "kodepos" : "24455"
}, {
  "kecamatan" : "Darul Iksan (Ihsan)",
  "kelurahan" : "Meudang Ara (Medang Ara)",
  "kodepos" : "24455"
}, {
  "kecamatan" : "Darul Iksan (Ihsan)",
  "kelurahan" : "Meunasah Aroen (Aron)",
  "kodepos" : "24455"
}, {
  "kecamatan" : "Darul Aman",
  "kelurahan" : "Meunasah Blang",
  "kodepos" : "24455"
}, {
  "kecamatan" : "Darul Aman",
  "kelurahan" : "Matang Geutou",
  "kodepos" : "24455"
}, {
  "kecamatan" : "Darul Aman",
  "kelurahan" : "Matang Pineung",
  "kodepos" : "24455"
}, {
  "kecamatan" : "Darul Iksan (Ihsan)",
  "kelurahan" : "Lhok Meureu",
  "kodepos" : "24455"
}, {
  "kecamatan" : "Darul Iksan (Ihsan)",
  "kelurahan" : "Lhok Panjou/Panjau",
  "kodepos" : "24455"
}, {
  "kecamatan" : "Darul Iksan (Ihsan)",
  "kelurahan" : "Lhok Panjou/Panjau",
  "kodepos" : "24455"
}, {
  "kecamatan" : "Darul Aman",
  "kelurahan" : "Kuala Idi Cut",
  "kodepos" : "24455"
}, {
  "kecamatan" : "Darul Aman",
  "kelurahan" : "Lhok Geulumpang",
  "kodepos" : "24455"
}, {
  "kecamatan" : "Darul Iksan (Ihsan)",
  "kelurahan" : "Lhok Dalam",
  "kodepos" : "24455"
}, {
  "kecamatan" : "Darul Iksan (Ihsan)",
  "kelurahan" : "Keude Dua",
  "kodepos" : "24455"
}, {
  "kecamatan" : "Darul Aman",
  "kelurahan" : "Kemuning V",
  "kodepos" : "24455"
}, {
  "kecamatan" : "Darul Aman",
  "kelurahan" : "Kemuning II",
  "kodepos" : "24455"
}, {
  "kecamatan" : "Darul Aman",
  "kelurahan" : "Kemuning III",
  "kodepos" : "24455"
}, {
  "kecamatan" : "Darul Aman",
  "kelurahan" : "Kemuning IV",
  "kodepos" : "24455"
}, {
  "kecamatan" : "Darul Aman",
  "kelurahan" : "Kapai Baro",
  "kodepos" : "24455"
}, {
  "kecamatan" : "Darul Aman",
  "kelurahan" : "Kemuning I",
  "kodepos" : "24455"
}, {
  "kecamatan" : "Darul Aman",
  "kelurahan" : "Grong-Grong",
  "kodepos" : "24455"
}, {
  "kecamatan" : "Darul Aman",
  "kelurahan" : "Jungka Gajah",
  "kodepos" : "24455"
}, {
  "kecamatan" : "Darul Iksan (Ihsan)",
  "kelurahan" : "Gunong Putoh",
  "kodepos" : "24455"
}, {
  "kecamatan" : "Darul Aman",
  "kelurahan" : "Gampong Keude (Kampung Keude)",
  "kodepos" : "24455"
}, {
  "kecamatan" : "Darul Aman",
  "kelurahan" : "Gaseh Sayang",
  "kodepos" : "24455"
}, {
  "kecamatan" : "Darul Aman",
  "kelurahan" : "Dama Pulo I",
  "kodepos" : "24455"
}, {
  "kecamatan" : "Darul Aman",
  "kelurahan" : "Gampong Baro )Kampung Baro)",
  "kodepos" : "24455"
}, {
  "kecamatan" : "Darul Aman",
  "kelurahan" : "Gampong Beunot (Kampung Beunot)",
  "kodepos" : "24455"
}, {
  "kecamatan" : "Darul Aman",
  "kelurahan" : "Buket Tualang",
  "kodepos" : "24455"
}, {
  "kecamatan" : "Darul Aman",
  "kelurahan" : "Dama Polo II",
  "kodepos" : "24455"
}, {
  "kecamatan" : "Darul Aman",
  "kelurahan" : "Buket Raya",
  "kodepos" : "24455"
}, {
  "kecamatan" : "Darul Aman",
  "kelurahan" : "Buket Rumia/Rumiya",
  "kodepos" : "24455"
}, {
  "kecamatan" : "Darul Aman",
  "kelurahan" : "Blang Buket",
  "kodepos" : "24455"
}, {
  "kecamatan" : "Darul Aman",
  "kelurahan" : "Buket Kulam",
  "kodepos" : "24455"
}, {
  "kecamatan" : "Darul Iksan (Ihsan)",
  "kelurahan" : "Buket Peulawi",
  "kodepos" : "24455"
}, {
  "kecamatan" : "Darul Aman",
  "kelurahan" : "Bagok Panah III",
  "kodepos" : "24455"
}, {
  "kecamatan" : "Darul Aman",
  "kelurahan" : "Bagok Panah IV",
  "kodepos" : "24455"
}, {
  "kecamatan" : "Darul Aman",
  "kelurahan" : "Bagok Panah II",
  "kodepos" : "24455"
}, {
  "kecamatan" : "Darul Aman",
  "kelurahan" : "Bagok Panah I",
  "kodepos" : "24455"
}, {
  "kecamatan" : "Darul Aman",
  "kelurahan" : "Alur Ludin I (Satu",
  "kodepos" : "24455"
}, {
  "kecamatan" : "Darul Aman",
  "kelurahan" : "Alur Ludin II (Dua)",
  "kodepos" : "24455"
}, {
  "kecamatan" : "Darul Aman",
  "kelurahan" : "Alur Merbo",
  "kodepos" : "24455"
}, {
  "kecamatan" : "Darul Iksan (Ihsan)",
  "kelurahan" : "Alue Jangat",
  "kodepos" : "24455"
}, {
  "kecamatan" : "Darul Aman",
  "kelurahan" : "Alur Lhok",
  "kodepos" : "24455"
}, {
  "kecamatan" : "Darul Aman",
  "kelurahan" : "Alue Dalam",
  "kodepos" : "24455"
}, {
  "kecamatan" : "Darul Aman",
  "kelurahan" : "Alue Gadeng",
  "kodepos" : "24455"
}, {
  "kecamatan" : "Idi Rayeuk",
  "kelurahan" : "Ulee Blang",
  "kodepos" : "24454"
}, {
  "kecamatan" : "Darul Falah",
  "kelurahan" : "Tunong Paya Kruep",
  "kodepos" : "24454"
}, {
  "kecamatan" : "Darul Falah",
  "kelurahan" : "Tunong Ulee Gajah",
  "kodepos" : "24454"
}, {
  "kecamatan" : "Idi Rayeuk",
  "kelurahan" : "Titi Baro",
  "kodepos" : "24454"
}, {
  "kecamatan" : "Darul Falah",
  "kelurahan" : "Tunong Bugeng",
  "kodepos" : "24454"
}, {
  "kecamatan" : "Idi Rayeuk",
  "kelurahan" : "Tanjong Kapai",
  "kodepos" : "24454"
}, {
  "kecamatan" : "Idi Rayeuk",
  "kelurahan" : "Tanoh Anoe",
  "kodepos" : "24454"
}, {
  "kecamatan" : "Idi Rayeuk",
  "kelurahan" : "Teupin Batee",
  "kodepos" : "24454"
}, {
  "kecamatan" : "Idi Rayeuk",
  "kelurahan" : "Seuneubok Tuha",
  "kodepos" : "24454"
}, {
  "kecamatan" : "Idi Rayeuk",
  "kelurahan" : "Seuneubok Tutong",
  "kodepos" : "24454"
}, {
  "kecamatan" : "Idi Rayeuk",
  "kelurahan" : "Seuneubok Teungoh Peudawa Puntong",
  "kodepos" : "24454"
}, {
  "kecamatan" : "Idi Tunong",
  "kelurahan" : "Seuneubok Teupin Panah",
  "kodepos" : "24454"
}, {
  "kecamatan" : "Peudawa",
  "kelurahan" : "Seuneubok Teungoh",
  "kodepos" : "24454"
}, {
  "kecamatan" : "Idi Rayeuk",
  "kelurahan" : "Seuneubok Rambong",
  "kodepos" : "24454"
}, {
  "kecamatan" : "Idi Tunong",
  "kelurahan" : "Seuneubok Punti",
  "kodepos" : "24454"
}, {
  "kecamatan" : "Peudawa",
  "kelurahan" : "Seuneubok Peunteut",
  "kodepos" : "24454"
}, {
  "kecamatan" : "Darul Falah",
  "kelurahan" : "Seuneubok Panton",
  "kodepos" : "24454"
}, {
  "kecamatan" : "Idi Tunong",
  "kelurahan" : "Seuneubok Drien",
  "kodepos" : "24454"
}, {
  "kecamatan" : "Idi Tunong",
  "kelurahan" : "Seuneubok Jalan",
  "kodepos" : "24454"
}, {
  "kecamatan" : "Idi Tunong",
  "kelurahan" : "Seuneubok Meureudu (Meurudu)",
  "kodepos" : "24454"
}, {
  "kecamatan" : "Idi Tunong",
  "kelurahan" : "Seuneubok Buya",
  "kodepos" : "24454"
}, {
  "kecamatan" : "Idi Tunong",
  "kelurahan" : "Seuneubok Dalam",
  "kodepos" : "24454"
}, {
  "kecamatan" : "Idi Tunong",
  "kelurahan" : "Seuneubok Baro",
  "kodepos" : "24454"
}, {
  "kecamatan" : "Idi Tunong",
  "kelurahan" : "Seuneubok Baro",
  "kodepos" : "24454"
}, {
  "kecamatan" : "Idi Rayeuk",
  "kelurahan" : "Sampoimah",
  "kodepos" : "24454"
}, {
  "kecamatan" : "Idi Rayeuk",
  "kelurahan" : "Seuneubok Bacee",
  "kodepos" : "24454"
}, {
  "kecamatan" : "Peudawa",
  "kelurahan" : "Sama Dua",
  "kodepos" : "24454"
}, {
  "kecamatan" : "Idi Tunong",
  "kelurahan" : "Paya Gaboh",
  "kodepos" : "24454"
}, {
  "kecamatan" : "Darul Falah",
  "kelurahan" : "Paya Kruep",
  "kodepos" : "24454"
}, {
  "kecamatan" : "Peudawa",
  "kelurahan" : "Paya Bili Dua",
  "kodepos" : "24454"
}, {
  "kecamatan" : "Peudawa",
  "kelurahan" : "Paya Bili I",
  "kodepos" : "24454"
}, {
  "kecamatan" : "Peudawa",
  "kelurahan" : "Paya Dua",
  "kodepos" : "24454"
}, {
  "kecamatan" : "Idi Tunong",
  "kelurahan" : "Padang Kasah",
  "kodepos" : "24454"
}, {
  "kecamatan" : "Idi Tunong",
  "kelurahan" : "Paya Awe / Awee",
  "kodepos" : "24454"
}, {
  "kecamatan" : "Idi Rayeuk",
  "kelurahan" : "Meunasah Pu&#8217;uk",
  "kodepos" : "24454"
}, {
  "kecamatan" : "Peudawa",
  "kelurahan" : "Meunasah Krueng",
  "kodepos" : "24454"
}, {
  "kecamatan" : "Idi Rayeuk",
  "kelurahan" : "Kuta Blang",
  "kodepos" : "24454"
}, {
  "kecamatan" : "Idi Rayeuk",
  "kelurahan" : "Kuta Lawah",
  "kodepos" : "24454"
}, {
  "kecamatan" : "Peudawa",
  "kelurahan" : "Matang Rayeuk",
  "kodepos" : "24454"
}, {
  "kecamatan" : "Idi Rayeuk",
  "kelurahan" : "Kuala Peudawa Puntong",
  "kodepos" : "24454"
}, {
  "kecamatan" : "Peudawa",
  "kelurahan" : "Kuta Baro",
  "kodepos" : "24454"
}, {
  "kecamatan" : "Idi Rayeuk",
  "kelurahan" : "Keutapang Mameh",
  "kodepos" : "24454"
}, {
  "kecamatan" : "Idi Rayeuk",
  "kelurahan" : "Kuala Idi",
  "kodepos" : "24454"
}, {
  "kecamatan" : "Idi Tunong",
  "kelurahan" : "Keude Keumuneng",
  "kodepos" : "24454"
}, {
  "kecamatan" : "Idi Tunong",
  "kelurahan" : "Keumuneng Lhok",
  "kodepos" : "24454"
}, {
  "kecamatan" : "Darul Falah",
  "kelurahan" : "Keudondong",
  "kodepos" : "24454"
}, {
  "kecamatan" : "Idi Rayeuk",
  "kelurahan" : "Keude Aceh",
  "kodepos" : "24454"
}, {
  "kecamatan" : "Darul Falah",
  "kelurahan" : "Keude Blang",
  "kodepos" : "24454"
}, {
  "kecamatan" : "Idi Rayeuk",
  "kelurahan" : "Keude Blang",
  "kodepos" : "24454"
}, {
  "kecamatan" : "Idi Rayeuk",
  "kelurahan" : "Gureb Blang Gampong Jawa",
  "kodepos" : "24454"
}, {
  "kecamatan" : "Peudawa",
  "kelurahan" : "Gampong/Kampung Kuala",
  "kodepos" : "24454"
}, {
  "kecamatan" : "Idi Tunong",
  "kelurahan" : "Gampong Teupin Panah",
  "kodepos" : "24454"
}, {
  "kecamatan" : "Peudawa",
  "kelurahan" : "Gampong/Kampung Keude",
  "kodepos" : "24454"
}, {
  "kecamatan" : "Idi Tunong",
  "kelurahan" : "Gampong Keumuneng (Keumuning)",
  "kodepos" : "24454"
}, {
  "kecamatan" : "Idi Rayeuk",
  "kelurahan" : "Gampong Tanjong",
  "kodepos" : "24454"
}, {
  "kecamatan" : "Idi Rayeuk",
  "kelurahan" : "Gampong Baro",
  "kodepos" : "24454"
}, {
  "kecamatan" : "Idi Rayeuk",
  "kelurahan" : "Gampong Jalan",
  "kodepos" : "24454"
}, {
  "kecamatan" : "Idi Rayeuk",
  "kelurahan" : "Gampong Jawa",
  "kodepos" : "24454"
}, {
  "kecamatan" : "Idi Rayeuk",
  "kelurahan" : "Gampong Aceh",
  "kodepos" : "24454"
}, {
  "kecamatan" : "Idi Rayeuk",
  "kelurahan" : "Dama pulo",
  "kodepos" : "24454"
}, {
  "kecamatan" : "Darul Falah",
  "kelurahan" : "Buket Teumpeun",
  "kodepos" : "24454"
}, {
  "kecamatan" : "Darul Falah",
  "kelurahan" : "Buket Tufah",
  "kodepos" : "24454"
}, {
  "kecamatan" : "Darul Falah",
  "kelurahan" : "Cempeudak",
  "kodepos" : "24454"
}, {
  "kecamatan" : "Idi Tunong",
  "kelurahan" : "Buket Rumiya",
  "kodepos" : "24454"
}, {
  "kecamatan" : "Idi Tunong",
  "kelurahan" : "Buket Teukuh",
  "kodepos" : "24454"
}, {
  "kecamatan" : "Idi Rayeuk",
  "kelurahan" : "Buket Pala",
  "kodepos" : "24454"
}, {
  "kecamatan" : "Idi Tunong",
  "kelurahan" : "Buket Puuk",
  "kodepos" : "24454"
}, {
  "kecamatan" : "Peudawa",
  "kelurahan" : "Buket Kuta",
  "kodepos" : "24454"
}, {
  "kecamatan" : "Idi Rayeuk",
  "kelurahan" : "Buket Langa",
  "kodepos" : "24454"
}, {
  "kecamatan" : "Idi Rayeuk",
  "kelurahan" : "Buket Meulinteung",
  "kodepos" : "24454"
}, {
  "kecamatan" : "Idi Rayeuk",
  "kelurahan" : "Buket Jok",
  "kodepos" : "24454"
}, {
  "kecamatan" : "Idi Rayeuk",
  "kelurahan" : "Buket Juara",
  "kodepos" : "24454"
}, {
  "kecamatan" : "Idi Tunong",
  "kelurahan" : "Blang Minjei",
  "kodepos" : "24454"
}, {
  "kecamatan" : "Idi Tunong",
  "kelurahan" : "Blang Guci (Seguci)",
  "kodepos" : "24454"
}, {
  "kecamatan" : "Peudawa",
  "kelurahan" : "Blang Kuta",
  "kodepos" : "24454"
}, {
  "kecamatan" : "Idi Rayeuk",
  "kelurahan" : "Blang Geulumpang",
  "kodepos" : "24454"
}, {
  "kecamatan" : "Peudawa",
  "kelurahan" : "Blang Buket",
  "kodepos" : "24454"
}, {
  "kecamatan" : "Idi Rayeuk",
  "kelurahan" : "Bantayan Timu",
  "kodepos" : "24454"
}, {
  "kecamatan" : "Idi Tunong",
  "kelurahan" : "Bantayan Barat",
  "kodepos" : "24454"
}, {
  "kecamatan" : "Darul Falah",
  "kelurahan" : "Alue Siwah",
  "kodepos" : "24454"
}, {
  "kecamatan" : "Peudawa",
  "kelurahan" : "Asan Rampak",
  "kodepos" : "24454"
}, {
  "kecamatan" : "Idi Tunong",
  "kelurahan" : "Alue Kumbang M",
  "kodepos" : "24454"
}, {
  "kecamatan" : "Idi Tunong",
  "kelurahan" : "Alue Lhok",
  "kodepos" : "24454"
}, {
  "kecamatan" : "Peudawa",
  "kelurahan" : "Alue Ie Itam",
  "kodepos" : "24454"
}, {
  "kecamatan" : "Idi Rayeuk",
  "kelurahan" : "Alue Dua Muka S",
  "kodepos" : "24454"
}, {
  "kecamatan" : "Idi Tunong",
  "kelurahan" : "Alue Kumbang A",
  "kodepos" : "24454"
}, {
  "kecamatan" : "Peudawa",
  "kelurahan" : "Alue Batee",
  "kodepos" : "24454"
}, {
  "kecamatan" : "Idi Rayeuk",
  "kelurahan" : "Alue Dua Muka O",
  "kodepos" : "24454"
}, {
  "kecamatan" : "Peureulak",
  "kelurahan" : "Tualang",
  "kodepos" : "24453"
}, {
  "kecamatan" : "Peureulak",
  "kelurahan" : "Uteun Dama",
  "kodepos" : "24453"
}, {
  "kecamatan" : "Peureulak Timur",
  "kelurahan" : "Tualang Pateng",
  "kodepos" : "24453"
}, {
  "kecamatan" : "Peureulak Barat",
  "kelurahan" : "Teumpeun",
  "kodepos" : "24453"
}, {
  "kecamatan" : "Peureulak",
  "kelurahan" : "Tanoh Rata",
  "kodepos" : "24453"
}, {
  "kecamatan" : "Ranto Peureulak",
  "kelurahan" : "Tampak",
  "kodepos" : "24453"
}, {
  "kecamatan" : "Peureulak Barat",
  "kelurahan" : "Tanjung Tualang",
  "kodepos" : "24453"
}, {
  "kecamatan" : "Peureulak Timur",
  "kelurahan" : "Seuneubok Teungoh",
  "kodepos" : "24453"
}, {
  "kecamatan" : "Peureulak Timur",
  "kelurahan" : "Seuneubok Teupin",
  "kodepos" : "24453"
}, {
  "kecamatan" : "Peureulak",
  "kelurahan" : "Seuneubok Pidie",
  "kodepos" : "24453"
}, {
  "kecamatan" : "Peureulak Timur",
  "kelurahan" : "Seuneubok Punti",
  "kodepos" : "24453"
}, {
  "kecamatan" : "Peureulak Timur",
  "kelurahan" : "Seuneubok Rawang",
  "kodepos" : "24453"
}, {
  "kecamatan" : "Peureulak",
  "kelurahan" : "Seuneubok Peusangan",
  "kodepos" : "24453"
}, {
  "kecamatan" : "Peureulak Timur",
  "kelurahan" : "Seuneubok Paya",
  "kodepos" : "24453"
}, {
  "kecamatan" : "Peureulak Timur",
  "kelurahan" : "Seuneubok Lapang",
  "kodepos" : "24453"
}, {
  "kecamatan" : "Ranto Peureulak",
  "kelurahan" : "Seuneubok Johan",
  "kodepos" : "24453"
}, {
  "kecamatan" : "Ranto Peureulak",
  "kelurahan" : "Seuneubok Dalam",
  "kodepos" : "24453"
}, {
  "kecamatan" : "Peureulak Timur",
  "kelurahan" : "Seuneubok Jalan",
  "kodepos" : "24453"
}, {
  "kecamatan" : "Ranto Peureulak",
  "kelurahan" : "Seuneubok Jaya",
  "kodepos" : "24453"
}, {
  "kecamatan" : "Ranto Peureulak",
  "kelurahan" : "Seuneubok Baro",
  "kodepos" : "24453"
}, {
  "kecamatan" : "Peureulak Timur",
  "kelurahan" : "Seuneubok Dalam",
  "kodepos" : "24453"
}, {
  "kecamatan" : "Peureulak",
  "kelurahan" : "Seumatang Muda Itam",
  "kodepos" : "24453"
}, {
  "kecamatan" : "Peureulak",
  "kelurahan" : "Seuneubok Aceh",
  "kodepos" : "24453"
}, {
  "kecamatan" : "Ranto Peureulak",
  "kelurahan" : "Seulemak Muda",
  "kodepos" : "24453"
}, {
  "kecamatan" : "Ranto Peureulak",
  "kelurahan" : "Seumali (Seumaly)",
  "kodepos" : "24453"
}, {
  "kecamatan" : "Peureulak Timur",
  "kelurahan" : "Seumatang Keude",
  "kodepos" : "24453"
}, {
  "kecamatan" : "Ranto Peureulak",
  "kelurahan" : "Pulo Blang",
  "kodepos" : "24453"
}, {
  "kecamatan" : "Ranto Peureulak",
  "kelurahan" : "Punti Payong",
  "kodepos" : "24453"
}, {
  "kecamatan" : "Peureulak",
  "kelurahan" : "Punti",
  "kodepos" : "24453"
}, {
  "kecamatan" : "Ranto Peureulak",
  "kelurahan" : "Paya Unou",
  "kodepos" : "24453"
}, {
  "kecamatan" : "Ranto Peureulak",
  "kelurahan" : "Pertamina",
  "kodepos" : "24453"
}, {
  "kecamatan" : "Ranto Peureulak",
  "kelurahan" : "Paya Palas",
  "kodepos" : "24453"
}, {
  "kecamatan" : "Peureulak Barat",
  "kelurahan" : "Paya Seungat",
  "kodepos" : "24453"
}, {
  "kecamatan" : "Peureulak",
  "kelurahan" : "Paya Meuligou",
  "kodepos" : "24453"
}, {
  "kecamatan" : "Peureulak",
  "kelurahan" : "Paya Kalui",
  "kodepos" : "24453"
}, {
  "kecamatan" : "Peureulak",
  "kelurahan" : "Paya Lipah",
  "kodepos" : "24453"
}, {
  "kecamatan" : "Peureulak Barat",
  "kelurahan" : "Paya Biek",
  "kodepos" : "24453"
}, {
  "kecamatan" : "Peureulak Barat",
  "kelurahan" : "Paya Gajah",
  "kodepos" : "24453"
}, {
  "kecamatan" : "Ranto Peureulak",
  "kelurahan" : "Pasir Putih",
  "kodepos" : "24453"
}, {
  "kecamatan" : "Peureulak Barat",
  "kelurahan" : "Mon Geudong",
  "kodepos" : "24453"
}, {
  "kecamatan" : "Peureulak",
  "kelurahan" : "Pasir Putih",
  "kodepos" : "24453"
}, {
  "kecamatan" : "Peureulak",
  "kelurahan" : "Matang Pelawi",
  "kodepos" : "24453"
}, {
  "kecamatan" : "Peureulak",
  "kelurahan" : "Matang Gleum",
  "kodepos" : "24453"
}, {
  "kecamatan" : "Ranto Peureulak",
  "kelurahan" : "Mata Ie",
  "kodepos" : "24453"
}, {
  "kecamatan" : "Peureulak",
  "kelurahan" : "Lubok Pempeng",
  "kodepos" : "24453"
}, {
  "kecamatan" : "Peureulak",
  "kelurahan" : "Lhok Dalam",
  "kodepos" : "24453"
}, {
  "kecamatan" : "Peureulak",
  "kelurahan" : "Kuala Leuge",
  "kodepos" : "24453"
}, {
  "kecamatan" : "Peureulak",
  "kelurahan" : "Leuge",
  "kodepos" : "24453"
}, {
  "kecamatan" : "Peureulak",
  "kelurahan" : "Kuala Bugak",
  "kodepos" : "24453"
}, {
  "kecamatan" : "Ranto Peureulak",
  "kelurahan" : "Kliet",
  "kodepos" : "24453"
}, {
  "kecamatan" : "Peureulak Timur",
  "kelurahan" : "Krut Lintang",
  "kodepos" : "24453"
}, {
  "kecamatan" : "Peureulak",
  "kelurahan" : "Keumuneng",
  "kodepos" : "24453"
}, {
  "kecamatan" : "Peureulak",
  "kelurahan" : "Keude Peureulak",
  "kodepos" : "24453"
}, {
  "kecamatan" : "Peureulak Barat",
  "kelurahan" : "Kabu",
  "kodepos" : "24453"
}, {
  "kecamatan" : "Peureulak Barat",
  "kelurahan" : "Kebun Teumpeun",
  "kodepos" : "24453"
}, {
  "kecamatan" : "Peureulak Timur",
  "kelurahan" : "Jeungki",
  "kodepos" : "24453"
}, {
  "kecamatan" : "Peureulak Timur",
  "kelurahan" : "Geulanggang Merak",
  "kodepos" : "24453"
}, {
  "kecamatan" : "Peureulak",
  "kelurahan" : "Dama Tutong",
  "kodepos" : "24453"
}, {
  "kecamatan" : "Peureulak",
  "kelurahan" : "Cot Muda Itam",
  "kodepos" : "24453"
}, {
  "kecamatan" : "Peureulak",
  "kelurahan" : "Cot Keh",
  "kodepos" : "24453"
}, {
  "kecamatan" : "Peureulak",
  "kelurahan" : "Cot Geulumpang",
  "kodepos" : "24453"
}, {
  "kecamatan" : "Peureulak",
  "kelurahan" : "Cek Mbon",
  "kodepos" : "24453"
}, {
  "kecamatan" : "Peureulak Timur",
  "kelurahan" : "Bukit Meuriam",
  "kodepos" : "24453"
}, {
  "kecamatan" : "Ranto Peureulak",
  "kelurahan" : "Buket Pala Bsp",
  "kodepos" : "24453"
}, {
  "kecamatan" : "Peureulak",
  "kelurahan" : "Blang Simpo",
  "kodepos" : "24453"
}, {
  "kecamatan" : "Peureulak",
  "kelurahan" : "Buket Pala",
  "kodepos" : "24453"
}, {
  "kecamatan" : "Peureulak",
  "kelurahan" : "Blang Bitra",
  "kodepos" : "24453"
}, {
  "kecamatan" : "Peureulak",
  "kelurahan" : "Blang Batee",
  "kodepos" : "24453"
}, {
  "kecamatan" : "Ranto Peureulak",
  "kelurahan" : "Blang Barom",
  "kodepos" : "24453"
}, {
  "kecamatan" : "Peureulak",
  "kelurahan" : "Blang Balok",
  "kodepos" : "24453"
}, {
  "kecamatan" : "Ranto Peureulak",
  "kelurahan" : "Bhom Lama",
  "kodepos" : "24453"
}, {
  "kecamatan" : "Peureulak Barat",
  "kelurahan" : "Beusa Seberang",
  "kodepos" : "24453"
}, {
  "kecamatan" : "Peureulak",
  "kelurahan" : "Beusa Meuranoe",
  "kodepos" : "24453"
}, {
  "kecamatan" : "Peureulak Barat",
  "kelurahan" : "Beusa Baroh",
  "kodepos" : "24453"
}, {
  "kecamatan" : "Peureulak Barat",
  "kelurahan" : "Beuringin",
  "kodepos" : "24453"
}, {
  "kecamatan" : "Ranto Peureulak",
  "kelurahan" : "Beurandang",
  "kodepos" : "24453"
}, {
  "kecamatan" : "Peureulak",
  "kelurahan" : "Bangka Rimung",
  "kodepos" : "24453"
}, {
  "kecamatan" : "Peureulak",
  "kelurahan" : "Bandrong",
  "kodepos" : "24453"
}, {
  "kecamatan" : "Peureulak",
  "kelurahan" : "Balee Buya",
  "kodepos" : "24453"
}, {
  "kecamatan" : "Peureulak Timur",
  "kelurahan" : "Babah Krueng",
  "kodepos" : "24453"
}, {
  "kecamatan" : "Ranto Peureulak",
  "kelurahan" : "Alue Udep",
  "kodepos" : "24453"
}, {
  "kecamatan" : "Peureulak Timur",
  "kelurahan" : "Alue Tho",
  "kodepos" : "24453"
}, {
  "kecamatan" : "Peureulak",
  "kelurahan" : "Alue Rambong",
  "kodepos" : "24453"
}, {
  "kecamatan" : "Peureulak",
  "kelurahan" : "Alue Nibong",
  "kodepos" : "24453"
}, {
  "kecamatan" : "Peureulak Timur",
  "kelurahan" : "Alue Gurep",
  "kodepos" : "24453"
}, {
  "kecamatan" : "Ranto Peureulak",
  "kelurahan" : "Alue Geunteng",
  "kodepos" : "24453"
}, {
  "kecamatan" : "Peureulak",
  "kelurahan" : "Alue Dua Paya Gajah",
  "kodepos" : "24453"
}, {
  "kecamatan" : "Ranto Peureulak",
  "kelurahan" : "Alue Dua",
  "kodepos" : "24453"
}, {
  "kecamatan" : "Peureulak Timur",
  "kelurahan" : "Alue Bugeng",
  "kodepos" : "24453"
}, {
  "kecamatan" : "Peureulak Barat",
  "kelurahan" : "Alue Bu Tuha",
  "kodepos" : "24453"
}, {
  "kecamatan" : "Peureulak Barat",
  "kelurahan" : "Alue Bu Tunong",
  "kodepos" : "24453"
}, {
  "kecamatan" : "Peureulak Barat",
  "kelurahan" : "Alue Bu Jalan",
  "kodepos" : "24453"
}, {
  "kecamatan" : "Peureulak Barat",
  "kelurahan" : "Alue Bu Jalan Baroh",
  "kodepos" : "24453"
}, {
  "kecamatan" : "Ranto Peureulak",
  "kelurahan" : "Alue Batee",
  "kodepos" : "24453"
}, {
  "kecamatan" : "Peureulak Timur",
  "kelurahan" : "Alue Bu Alue Lhok",
  "kodepos" : "24453"
}, {
  "kecamatan" : "Rantau Selamat",
  "kelurahan" : "Simpang Peut",
  "kodepos" : "24452"
}, {
  "kecamatan" : "Peureulak Timur",
  "kelurahan" : "Alue Bu Alue Nireh",
  "kodepos" : "24453"
}, {
  "kecamatan" : "Rantau Selamat",
  "kelurahan" : "Simpang Aneuh",
  "kodepos" : "24452"
}, {
  "kecamatan" : "Rantau Selamat",
  "kelurahan" : "Sarah Teubee",
  "kodepos" : "24452"
}, {
  "kecamatan" : "Rantau Selamat",
  "kelurahan" : "Seuneubok Dalam",
  "kodepos" : "24452"
}, {
  "kecamatan" : "Rantau Selamat",
  "kelurahan" : "Sarah Kayee",
  "kodepos" : "24452"
}, {
  "kecamatan" : "Rantau Selamat",
  "kelurahan" : "Rantau Panjang",
  "kodepos" : "24452"
}, {
  "kecamatan" : "Birem Bayeun",
  "kelurahan" : "Paya Tampah",
  "kodepos" : "24452"
}, {
  "kecamatan" : "Birem Bayeun",
  "kelurahan" : "Peutow",
  "kodepos" : "24452"
}, {
  "kecamatan" : "Birem Bayeun",
  "kelurahan" : "Paya Peulawi",
  "kodepos" : "24452"
}, {
  "kecamatan" : "Birem Bayeun",
  "kelurahan" : "Paya Rambong",
  "kodepos" : "24452"
}, {
  "kecamatan" : "Birem Bayeun",
  "kelurahan" : "Merbau II (Merbou Dua)",
  "kodepos" : "24452"
}, {
  "kecamatan" : "Birem Bayeun",
  "kelurahan" : "Paya Bili I (Satu)",
  "kodepos" : "24452"
}, {
  "kecamatan" : "Birem Bayeun",
  "kelurahan" : "Paya Bili II (Dua)",
  "kodepos" : "24452"
}, {
  "kecamatan" : "Birem Bayeun",
  "kelurahan" : "Keude Birem",
  "kodepos" : "24452"
}, {
  "kecamatan" : "Birem Bayeun",
  "kelurahan" : "Jambo Labu",
  "kodepos" : "24452"
}, {
  "kecamatan" : "Birem Bayeun",
  "kelurahan" : "Kemuning/Keumuneng Hulu",
  "kodepos" : "24452"
}, {
  "kecamatan" : "Birem Bayeun",
  "kelurahan" : "Buket Seuleumak",
  "kodepos" : "24452"
}, {
  "kecamatan" : "Birem Bayeun",
  "kelurahan" : "Buket Tiga",
  "kodepos" : "24452"
}, {
  "kecamatan" : "Rantau Selamat",
  "kelurahan" : "Damar Siput",
  "kodepos" : "24452"
}, {
  "kecamatan" : "Birem Bayeun",
  "kelurahan" : "Birem Rayeuk",
  "kodepos" : "24452"
}, {
  "kecamatan" : "Birem Bayeun",
  "kelurahan" : "Blang Tualang",
  "kodepos" : "24452"
}, {
  "kecamatan" : "Birem Bayeun",
  "kelurahan" : "Benteng",
  "kodepos" : "24452"
}, {
  "kecamatan" : "Rantau Selamat",
  "kelurahan" : "Bayeun (Gampong Bayeun)",
  "kodepos" : "24452"
}, {
  "kecamatan" : "Birem Bayeun",
  "kelurahan" : "Aramiyah",
  "kodepos" : "24452"
}, {
  "kecamatan" : "Birem Bayeun",
  "kelurahan" : "Bayeun",
  "kodepos" : "24452"
}, {
  "kecamatan" : "Birem Bayeun",
  "kelurahan" : "Alue Teh",
  "kodepos" : "24452"
}, {
  "kecamatan" : "Rantau Selamat",
  "kelurahan" : "Alue Tuwi",
  "kodepos" : "24452"
}, {
  "kecamatan" : "Rantau Selamat",
  "kelurahan" : "Alue Seuleumak",
  "kodepos" : "24452"
}, {
  "kecamatan" : "Birem Bayeun",
  "kelurahan" : "Alue Sentang",
  "kodepos" : "24452"
}, {
  "kecamatan" : "Rantau Selamat",
  "kelurahan" : "Alue Punti",
  "kodepos" : "24452"
}, {
  "kecamatan" : "Rantau Selamat",
  "kelurahan" : "Alue Raya",
  "kodepos" : "24452"
}, {
  "kecamatan" : "Birem Bayeun",
  "kelurahan" : "Alue Nyamuk",
  "kodepos" : "24452"
}, {
  "kecamatan" : "Rantau Selamat",
  "kelurahan" : "Alue Kumba",
  "kodepos" : "24452"
}, {
  "kecamatan" : "Birem Bayeun",
  "kelurahan" : "Alue Gadeng Satu",
  "kodepos" : "24452"
}, {
  "kecamatan" : "Rantau Selamat",
  "kelurahan" : "Alue Kaul/Kaol",
  "kodepos" : "24452"
}, {
  "kecamatan" : "Birem Bayeun",
  "kelurahan" : "Alue Gadeng Dua",
  "kodepos" : "24452"
}, {
  "kecamatan" : "Birem Bayeun",
  "kelurahan" : "Alue Gadeng",
  "kodepos" : "24452"
}, {
  "kecamatan" : "Birem Bayeun",
  "kelurahan" : "Alue Drien",
  "kodepos" : "24452"
}, {
  "kecamatan" : "Birem Bayeun",
  "kelurahan" : "Alue Canang",
  "kodepos" : "24452"
}, {
  "kecamatan" : "Birem Bayeun",
  "kelurahan" : "Alue Buloh/Baloh",
  "kodepos" : "24452"
}, {
  "kecamatan" : "Birem Bayeun",
  "kelurahan" : "Afdeling II Bukit/Buket",
  "kodepos" : "24452"
} ]
