[ {
  "kecamatan" : "Langsa Lama",
  "kelurahan" : "Seulalah Baru",
  "kodepos" : "24416"
}, {
  "kecamatan" : "Langsa Barat",
  "kelurahan" : "Simpang Lhee",
  "kodepos" : "24451"
}, {
  "kecamatan" : "Langsa Lama",
  "kelurahan" : "Seulalah",
  "kodepos" : "24416"
}, {
  "kecamatan" : "Langsa Lama",
  "kelurahan" : "Pondok Keumuning",
  "kodepos" : "24416"
}, {
  "kecamatan" : "Langsa Lama",
  "kelurahan" : "Pondok Pabrik",
  "kodepos" : "24416"
}, {
  "kecamatan" : "Langsa Lama",
  "kelurahan" : "Meurandeh Teungoh",
  "kodepos" : "24416"
}, {
  "kecamatan" : "Langsa Lama",
  "kelurahan" : "Meurandeh Aceh",
  "kodepos" : "24416"
}, {
  "kecamatan" : "Langsa Lama",
  "kelurahan" : "Meurandeh Dayah",
  "kodepos" : "24416"
}, {
  "kecamatan" : "Langsa Lama",
  "kelurahan" : "Meurandeh",
  "kodepos" : "24416"
}, {
  "kecamatan" : "Langsa Kota",
  "kelurahan" : "Gampong Teungoh",
  "kodepos" : "24416"
}, {
  "kecamatan" : "Langsa Kota",
  "kelurahan" : "Gampong Mutia",
  "kodepos" : "24416"
}, {
  "kecamatan" : "Langsa Kota",
  "kelurahan" : "Gampong Daulat",
  "kodepos" : "24416"
}, {
  "kecamatan" : "Langsa Kota",
  "kelurahan" : "Gampong Jawa",
  "kodepos" : "24416"
}, {
  "kecamatan" : "Langsa Lama",
  "kelurahan" : "Gampong Baro",
  "kodepos" : "24416"
}, {
  "kecamatan" : "Langsa Kota",
  "kelurahan" : "Gampong Blang",
  "kodepos" : "24416"
}, {
  "kecamatan" : "Langsa Lama",
  "kelurahan" : "Baroh Langsa Lama",
  "kodepos" : "24416"
}, {
  "kecamatan" : "Langsa Lama",
  "kelurahan" : "Asam Peutek",
  "kodepos" : "24416"
}, {
  "kecamatan" : "Langsa Baro",
  "kelurahan" : "Suka Jadi Makmur",
  "kodepos" : "24415"
}, {
  "kecamatan" : "Langsa Baro",
  "kelurahan" : "Timbang Langsa",
  "kodepos" : "24415"
}, {
  "kecamatan" : "Langsa Baro",
  "kelurahan" : "Pondok Kelapa",
  "kodepos" : "24415"
}, {
  "kecamatan" : "Langsa Barat",
  "kelurahan" : "Seuriget",
  "kodepos" : "24415"
}, {
  "kecamatan" : "Langsa Baro",
  "kelurahan" : "Paya Bujuk Seuleumak",
  "kodepos" : "24415"
}, {
  "kecamatan" : "Langsa Baro",
  "kelurahan" : "Paya Bujuk Tunong",
  "kodepos" : "24415"
}, {
  "kecamatan" : "Langsa Barat",
  "kelurahan" : "Paya Bujok Teungoh",
  "kodepos" : "24415"
}, {
  "kecamatan" : "Langsa Baro",
  "kelurahan" : "Lengkong",
  "kodepos" : "24415"
}, {
  "kecamatan" : "Langsa Barat",
  "kelurahan" : "Lhok Banie",
  "kodepos" : "24415"
}, {
  "kecamatan" : "Langsa Baro",
  "kelurahan" : "Geudubang Jawa",
  "kodepos" : "24415"
}, {
  "kecamatan" : "Langsa Baro",
  "kelurahan" : "Karang Anyar",
  "kodepos" : "24415"
}, {
  "kecamatan" : "Langsa Baro",
  "kelurahan" : "Birem Puntong",
  "kodepos" : "24415"
}, {
  "kecamatan" : "Langsa Baro",
  "kelurahan" : "Gedubang Aceh",
  "kodepos" : "24415"
}, {
  "kecamatan" : "Langsa Baro",
  "kelurahan" : "Alue Dua Bakaran Bate",
  "kodepos" : "24415"
}, {
  "kecamatan" : "Langsa Kota",
  "kelurahan" : "Tualang Teungoh",
  "kodepos" : "24414"
}, {
  "kecamatan" : "Langsa Baro",
  "kelurahan" : "Alue Dua",
  "kodepos" : "24415"
}, {
  "kecamatan" : "Langsa Barat",
  "kelurahan" : "Paya Bujok Beuramo (Beuramoe)",
  "kodepos" : "24414"
}, {
  "kecamatan" : "Langsa Kota",
  "kelurahan" : "Paya Bujok Blang Pase",
  "kodepos" : "24414"
}, {
  "kecamatan" : "Langsa Barat",
  "kelurahan" : "Matang Seulimeng",
  "kodepos" : "24413"
}, {
  "kecamatan" : "Langsa Kota",
  "kelurahan" : "Peukan Langsa",
  "kodepos" : "24412"
}, {
  "kecamatan" : "Langsa Kota",
  "kelurahan" : "Blang Sinibong/Seunibong",
  "kodepos" : "24412"
}, {
  "kecamatan" : "Langsa Kota",
  "kelurahan" : "Blang Sinibong/Seunibong",
  "kodepos" : "24412"
}, {
  "kecamatan" : "Langsa Lama",
  "kelurahan" : "Suka JD KBN Ireng",
  "kodepos" : "24411"
}, {
  "kecamatan" : "Langsa Timur",
  "kelurahan" : "Sukarejo",
  "kodepos" : "24411"
}, {
  "kecamatan" : "Langsa Lama",
  "kelurahan" : "Sidorejo",
  "kodepos" : "24411"
}, {
  "kecamatan" : "Langsa Timur",
  "kelurahan" : "Simpang Wie",
  "kodepos" : "24411"
}, {
  "kecamatan" : "Langsa Lama",
  "kelurahan" : "Sidodadi",
  "kodepos" : "24411"
}, {
  "kecamatan" : "Langsa Timur",
  "kelurahan" : "Seuneubok Antara",
  "kodepos" : "24411"
}, {
  "kecamatan" : "Langsa Timur",
  "kelurahan" : "Matang Panyang",
  "kodepos" : "24411"
}, {
  "kecamatan" : "Langsa Timur",
  "kelurahan" : "Matang Seutui",
  "kodepos" : "24411"
}, {
  "kecamatan" : "Langsa Timur",
  "kelurahan" : "Kapa",
  "kodepos" : "24411"
}, {
  "kecamatan" : "Langsa Timur",
  "kelurahan" : "Matang Ceungai",
  "kodepos" : "24411"
}, {
  "kecamatan" : "Langsa Timur",
  "kelurahan" : "Cinta Raja",
  "kodepos" : "24411"
}, {
  "kecamatan" : "Langsa Timur",
  "kelurahan" : "Buket Pulo",
  "kodepos" : "24411"
}, {
  "kecamatan" : "Langsa Timur",
  "kelurahan" : "Buket Rata",
  "kodepos" : "24411"
}, {
  "kecamatan" : "Langsa Timur",
  "kelurahan" : "Buket Meudang Ara",
  "kodepos" : "24411"
}, {
  "kecamatan" : "Langsa Timur",
  "kelurahan" : "Buket Meutuah",
  "kodepos" : "24411"
}, {
  "kecamatan" : "Langsa Lama",
  "kelurahan" : "Bate Puteh",
  "kodepos" : "24411"
}, {
  "kecamatan" : "Langsa Timur",
  "kelurahan" : "Alue Pineung",
  "kodepos" : "24411"
}, {
  "kecamatan" : "Langsa Timur",
  "kelurahan" : "Alue Pineung Timue",
  "kodepos" : "24411"
}, {
  "kecamatan" : "Langsa Timur",
  "kelurahan" : "Alue Merbau",
  "kodepos" : "24411"
}, {
  "kecamatan" : "Langsa Barat",
  "kelurahan" : "Telaga Tujuh",
  "kodepos" : "24410"
}, {
  "kecamatan" : "Langsa Barat",
  "kelurahan" : "Sungai Paus Tanjong",
  "kodepos" : "24410"
}, {
  "kecamatan" : "Langsa Barat",
  "kelurahan" : "Sungai Pauh",
  "kodepos" : "24410"
}, {
  "kecamatan" : "Langsa Barat",
  "kelurahan" : "Sungai Paus Firdaus",
  "kodepos" : "24410"
}, {
  "kecamatan" : "Langsa Barat",
  "kelurahan" : "Sungai Paus Pusaka",
  "kodepos" : "24410"
}, {
  "kecamatan" : "Langsa Barat",
  "kelurahan" : "Serambi Indah",
  "kodepos" : "24410"
}, {
  "kecamatan" : "Langsa Barat",
  "kelurahan" : "Kuala Langsa",
  "kodepos" : "24410"
}, {
  "kecamatan" : "Langsa Kota",
  "kelurahan" : "Alue Berawe",
  "kodepos" : "24410"
} ]
