[ {
  "kecamatan" : "Tanah Jambo Aye",
  "kelurahan" : "Teupin Bayu",
  "kodepos" : "24394"
}, {
  "kecamatan" : "Tanah Jambo Aye",
  "kelurahan" : "Teupin Gajah",
  "kodepos" : "24394"
}, {
  "kecamatan" : "Tanah Jambo Aye",
  "kelurahan" : "Ulee Gle",
  "kodepos" : "24394"
}, {
  "kecamatan" : "Tanah Jambo Aye",
  "kelurahan" : "Tanjung Ara",
  "kodepos" : "24394"
}, {
  "kecamatan" : "Tanah Jambo Aye",
  "kelurahan" : "Tanjung Punti",
  "kodepos" : "24394"
}, {
  "kecamatan" : "Tanah Jambo Aye",
  "kelurahan" : "Tanjong Menuang",
  "kodepos" : "24394"
}, {
  "kecamatan" : "Tanah Jambo Aye",
  "kelurahan" : "Tanjong Meunye",
  "kodepos" : "24394"
}, {
  "kecamatan" : "Tanah Jambo Aye",
  "kelurahan" : "Tanjong Dalam Utara",
  "kodepos" : "24394"
}, {
  "kecamatan" : "Langkahan",
  "kelurahan" : "Tanjong Jawa",
  "kodepos" : "24394"
}, {
  "kecamatan" : "Langkahan",
  "kelurahan" : "Tanjong Dalam Selatan",
  "kodepos" : "24394"
}, {
  "kecamatan" : "Tanah Jambo Aye",
  "kelurahan" : "Tanjong Ceungai",
  "kodepos" : "24394"
}, {
  "kecamatan" : "Langkahan",
  "kelurahan" : "Seureuke",
  "kodepos" : "24394"
}, {
  "kecamatan" : "Tanah Jambo Aye",
  "kelurahan" : "Tanjong Ceungai",
  "kodepos" : "24394"
}, {
  "kecamatan" : "Tanah Jambo Aye",
  "kelurahan" : "Seuneubok Dhou",
  "kodepos" : "24394"
}, {
  "kecamatan" : "Tanah Jambo Aye",
  "kelurahan" : "Seuneubok Pidie",
  "kodepos" : "24394"
}, {
  "kecamatan" : "Langkahan",
  "kelurahan" : "Rumoh Rayeuk",
  "kodepos" : "24394"
}, {
  "kecamatan" : "Tanah Jambo Aye",
  "kelurahan" : "Samakurok",
  "kodepos" : "24394"
}, {
  "kecamatan" : "Tanah Jambo Aye",
  "kelurahan" : "Pucok Alue",
  "kodepos" : "24394"
}, {
  "kecamatan" : "Tanah Jambo Aye",
  "kelurahan" : "Rantau Panyang",
  "kodepos" : "24394"
}, {
  "kecamatan" : "Tanah Jambo Aye",
  "kelurahan" : "Rawang Itik",
  "kodepos" : "24394"
}, {
  "kecamatan" : "Langkahan",
  "kelurahan" : "Pante Gaki Bale",
  "kodepos" : "24394"
}, {
  "kecamatan" : "Langkahan",
  "kelurahan" : "Paya Tukai",
  "kodepos" : "24394"
}, {
  "kecamatan" : "Langkahan",
  "kelurahan" : "Padang Meuria",
  "kodepos" : "24394"
}, {
  "kecamatan" : "Tanah Jambo Aye",
  "kelurahan" : "Meunasah Panton Labu",
  "kodepos" : "24394"
}, {
  "kecamatan" : "Tanah Jambo Aye",
  "kelurahan" : "Meunasah Geudong",
  "kodepos" : "24394"
}, {
  "kecamatan" : "Tanah Jambo Aye",
  "kelurahan" : "Meunasah Merbo",
  "kodepos" : "24394"
}, {
  "kecamatan" : "Langkahan",
  "kelurahan" : "Meunasah Blang",
  "kodepos" : "24394"
}, {
  "kecamatan" : "Tanah Jambo Aye",
  "kelurahan" : "Meunasah Dayah",
  "kodepos" : "24394"
}, {
  "kecamatan" : "Tanah Jambo Aye",
  "kelurahan" : "Matang Seuke Pulot",
  "kodepos" : "24394"
}, {
  "kecamatan" : "Tanah Jambo Aye",
  "kelurahan" : "Matang Teungoh Teungoh",
  "kodepos" : "24394"
}, {
  "kecamatan" : "Langkahan",
  "kelurahan" : "Matang Teungoh Selatan",
  "kodepos" : "24394"
}, {
  "kecamatan" : "Tanah Jambo Aye",
  "kelurahan" : "Matang Santot",
  "kodepos" : "24394"
}, {
  "kecamatan" : "Tanah Jambo Aye",
  "kelurahan" : "Matang Serdang",
  "kodepos" : "24394"
}, {
  "kecamatan" : "Langkahan",
  "kelurahan" : "Matang Rubek",
  "kodepos" : "24394"
}, {
  "kecamatan" : "Tanah Jambo Aye",
  "kelurahan" : "Matang Maneh",
  "kodepos" : "24394"
}, {
  "kecamatan" : "Tanah Jambo Aye",
  "kelurahan" : "Matang Raya",
  "kodepos" : "24394"
}, {
  "kecamatan" : "Langkahan",
  "kelurahan" : "Matang Keutapang",
  "kodepos" : "24394"
}, {
  "kecamatan" : "Tanah Jambo Aye",
  "kelurahan" : "Matang Jurong",
  "kodepos" : "24394"
}, {
  "kecamatan" : "Tanah Jambo Aye",
  "kelurahan" : "Matang Drien",
  "kodepos" : "24394"
}, {
  "kecamatan" : "Tanah Jambo Aye",
  "kelurahan" : "Matang Arongan",
  "kodepos" : "24394"
}, {
  "kecamatan" : "Tanah Jambo Aye",
  "kelurahan" : "Lhok Reudeup",
  "kodepos" : "24394"
}, {
  "kecamatan" : "Tanah Jambo Aye",
  "kelurahan" : "Lueng Tuha",
  "kodepos" : "24394"
}, {
  "kecamatan" : "Langkahan",
  "kelurahan" : "Lubok Pusaka",
  "kodepos" : "24394"
}, {
  "kecamatan" : "Tanah Jambo Aye",
  "kelurahan" : "Lhok Bintang Hu",
  "kodepos" : "24394"
}, {
  "kecamatan" : "Tanah Jambo Aye",
  "kelurahan" : "Lhok Merbo",
  "kodepos" : "24394"
}, {
  "kecamatan" : "Tanah Jambo Aye",
  "kelurahan" : "Lhok Beuringen",
  "kodepos" : "24394"
}, {
  "kecamatan" : "Langkahan",
  "kelurahan" : "Leubok Mane",
  "kodepos" : "24394"
}, {
  "kecamatan" : "Langkahan",
  "kelurahan" : "Langkahan",
  "kodepos" : "24394"
}, {
  "kecamatan" : "Tanah Jambo Aye",
  "kelurahan" : "Kota Panton Labu",
  "kodepos" : "24394"
}, {
  "kecamatan" : "Langkahan",
  "kelurahan" : "Krueng Lingka",
  "kodepos" : "24394"
}, {
  "kecamatan" : "Langkahan",
  "kelurahan" : "Kampung Blang",
  "kodepos" : "24394"
}, {
  "kecamatan" : "Tanah Jambo Aye",
  "kelurahan" : "Geulumpang Umpung Unou",
  "kodepos" : "24394"
}, {
  "kecamatan" : "Langkahan",
  "kelurahan" : "Geudumbak",
  "kodepos" : "24394"
}, {
  "kecamatan" : "Tanah Jambo Aye",
  "kelurahan" : "Cot Biek",
  "kodepos" : "24394"
}, {
  "kecamatan" : "Tanah Jambo Aye",
  "kelurahan" : "Ceumpeudak",
  "kodepos" : "24394"
}, {
  "kecamatan" : "Langkahan",
  "kelurahan" : "Cot Bada",
  "kodepos" : "24394"
}, {
  "kecamatan" : "Tanah Jambo Aye",
  "kelurahan" : "Bukit Padang",
  "kodepos" : "24394"
}, {
  "kecamatan" : "Langkahan",
  "kelurahan" : "Buket Linteung",
  "kodepos" : "24394"
}, {
  "kecamatan" : "Tanah Jambo Aye",
  "kelurahan" : "Buket Batee Badan",
  "kodepos" : "24394"
}, {
  "kecamatan" : "Tanah Jambo Aye",
  "kelurahan" : "Buket Jeurat Manyang",
  "kodepos" : "24394"
}, {
  "kecamatan" : "Tanah Jambo Aye",
  "kelurahan" : "Biram Rayeuk",
  "kodepos" : "24394"
}, {
  "kecamatan" : "Tanah Jambo Aye",
  "kelurahan" : "Buket Alue Puteh",
  "kodepos" : "24394"
}, {
  "kecamatan" : "Tanah Jambo Aye",
  "kelurahan" : "Biara Timur",
  "kodepos" : "24394"
}, {
  "kecamatan" : "Tanah Jambo Aye",
  "kelurahan" : "Biram Cut",
  "kodepos" : "24394"
}, {
  "kecamatan" : "Langkahan",
  "kelurahan" : "Bantayan",
  "kodepos" : "24394"
}, {
  "kecamatan" : "Tanah Jambo Aye",
  "kelurahan" : "Alue Papeun",
  "kodepos" : "24394"
}, {
  "kecamatan" : "Tanah Jambo Aye",
  "kelurahan" : "Biara Barat",
  "kodepos" : "24394"
}, {
  "kecamatan" : "Langkahan",
  "kelurahan" : "Alue Krak Kayee",
  "kodepos" : "24394"
}, {
  "kecamatan" : "Tanah Jambo Aye",
  "kelurahan" : "Alue Ie Mirah",
  "kodepos" : "24394"
}, {
  "kecamatan" : "Langkahan",
  "kelurahan" : "Alue Dua",
  "kodepos" : "24394"
}, {
  "kecamatan" : "Seunuddon (Seunudon)",
  "kelurahan" : "Ulee Rubek Timur",
  "kodepos" : "24393"
}, {
  "kecamatan" : "Seunuddon (Seunudon)",
  "kelurahan" : "Ulee Titi",
  "kodepos" : "24393"
}, {
  "kecamatan" : "Seunuddon (Seunudon)",
  "kelurahan" : "Ulee Rubek Barat",
  "kodepos" : "24393"
}, {
  "kecamatan" : "Seunuddon (Seunudon)",
  "kelurahan" : "Teupin Kuyun",
  "kodepos" : "24393"
}, {
  "kecamatan" : "Seunuddon (Seunudon)",
  "kelurahan" : "Ulee Matang",
  "kodepos" : "24393"
}, {
  "kecamatan" : "Seunuddon (Seunudon)",
  "kelurahan" : "Tanjong Dama",
  "kodepos" : "24393"
}, {
  "kecamatan" : "Seunuddon (Seunudon)",
  "kelurahan" : "Tanjong Pineung",
  "kodepos" : "24393"
}, {
  "kecamatan" : "Seunuddon (Seunudon)",
  "kelurahan" : "Simpang Peut",
  "kodepos" : "24393"
}, {
  "kecamatan" : "Seunuddon (Seunudon)",
  "kelurahan" : "Paya Dua Ujong",
  "kodepos" : "24393"
}, {
  "kecamatan" : "Seunuddon (Seunudon)",
  "kelurahan" : "Paya Dua Uram",
  "kodepos" : "24393"
}, {
  "kecamatan" : "Seunuddon (Seunudon)",
  "kelurahan" : "Meureubo/Meurebo Puntong",
  "kodepos" : "24393"
}, {
  "kecamatan" : "Seunuddon (Seunudon)",
  "kelurahan" : "Meunasah Sagou/Sagoe",
  "kodepos" : "24393"
}, {
  "kecamatan" : "Seunuddon (Seunudon)",
  "kelurahan" : "Matang Panyang",
  "kodepos" : "24393"
}, {
  "kecamatan" : "Seunuddon (Seunudon)",
  "kelurahan" : "Matang Puntong",
  "kodepos" : "24393"
}, {
  "kecamatan" : "Seunuddon (Seunudon)",
  "kelurahan" : "Matang Karieng",
  "kodepos" : "24393"
}, {
  "kecamatan" : "Seunuddon (Seunudon)",
  "kelurahan" : "Matang Lada",
  "kodepos" : "24393"
}, {
  "kecamatan" : "Seunuddon (Seunudon)",
  "kelurahan" : "Matang Anou",
  "kodepos" : "24393"
}, {
  "kecamatan" : "Seunuddon (Seunudon)",
  "kelurahan" : "Matang Jeulikat",
  "kodepos" : "24393"
}, {
  "kecamatan" : "Seunuddon (Seunudon)",
  "kelurahan" : "Lhok Puuk",
  "kodepos" : "24393"
}, {
  "kecamatan" : "Seunuddon (Seunudon)",
  "kelurahan" : "Lhok Rambideng",
  "kodepos" : "24393"
}, {
  "kecamatan" : "Seunuddon (Seunudon)",
  "kelurahan" : "Mane Kawan",
  "kodepos" : "24393"
}, {
  "kecamatan" : "Seunuddon (Seunudon)",
  "kelurahan" : "Darul Aman",
  "kodepos" : "24393"
}, {
  "kecamatan" : "Seunuddon (Seunudon)",
  "kelurahan" : "Keude Simpang Jalan",
  "kodepos" : "24393"
}, {
  "kecamatan" : "Seunuddon (Seunudon)",
  "kelurahan" : "Lhok Geulituet (Geuletuet)",
  "kodepos" : "24393"
}, {
  "kecamatan" : "Seunuddon (Seunudon)",
  "kelurahan" : "Cot Patisah",
  "kodepos" : "24393"
}, {
  "kecamatan" : "Seunuddon (Seunudon)",
  "kelurahan" : "Cot Trueng",
  "kodepos" : "24393"
}, {
  "kecamatan" : "Seunuddon (Seunudon)",
  "kelurahan" : "Blang Tue",
  "kodepos" : "24393"
}, {
  "kecamatan" : "Seunuddon (Seunudon)",
  "kelurahan" : "Cot Kafiraton (Kapiraton)",
  "kodepos" : "24393"
}, {
  "kecamatan" : "Seunuddon (Seunudon)",
  "kelurahan" : "Bantayan",
  "kodepos" : "24393"
}, {
  "kecamatan" : "Seunuddon (Seunudon)",
  "kelurahan" : "Blang Pha",
  "kodepos" : "24393"
}, {
  "kecamatan" : "Seunuddon (Seunudon)",
  "kelurahan" : "Alue Campli",
  "kodepos" : "24393"
}, {
  "kecamatan" : "Seunuddon (Seunudon)",
  "kelurahan" : "Alue Kiran",
  "kodepos" : "24393"
}, {
  "kecamatan" : "Seunuddon (Seunudon)",
  "kelurahan" : "Alue Baroh",
  "kodepos" : "24393"
}, {
  "kecamatan" : "Baktiya",
  "kelurahan" : "Tanjong Glumpang",
  "kodepos" : "24392"
}, {
  "kecamatan" : "Baktiya",
  "kelurahan" : "Ujong Dama",
  "kodepos" : "24392"
}, {
  "kecamatan" : "Baktiya Barat",
  "kelurahan" : "Singgah Mata",
  "kodepos" : "24392"
}, {
  "kecamatan" : "Baktiya",
  "kelurahan" : "Pulo Seuke",
  "kodepos" : "24392"
}, {
  "kecamatan" : "Baktiya",
  "kelurahan" : "Rambong Dalam",
  "kodepos" : "24392"
}, {
  "kecamatan" : "Baktiya Barat",
  "kelurahan" : "Pucok Alue Buket",
  "kodepos" : "24392"
}, {
  "kecamatan" : "Baktiya",
  "kelurahan" : "Pucok Alue",
  "kodepos" : "24392"
}, {
  "kecamatan" : "Baktiya Barat",
  "kelurahan" : "MPG Raya Blang Sialet",
  "kodepos" : "24392"
}, {
  "kecamatan" : "Baktiya Barat",
  "kelurahan" : "Paya Bateung",
  "kodepos" : "24392"
}, {
  "kecamatan" : "Baktiya",
  "kelurahan" : "Mnsh Alue I Puteh",
  "kodepos" : "24392"
}, {
  "kecamatan" : "Baktiya",
  "kelurahan" : "Mon Sukon",
  "kodepos" : "24392"
}, {
  "kecamatan" : "Baktiya Barat",
  "kelurahan" : "Meurandeh Raya",
  "kodepos" : "24392"
}, {
  "kecamatan" : "Baktiya Barat",
  "kelurahan" : "Meunasah Hagu",
  "kodepos" : "24392"
}, {
  "kecamatan" : "Baktiya Barat",
  "kelurahan" : "Meunasah Pante",
  "kodepos" : "24392"
}, {
  "kecamatan" : "Baktiya",
  "kelurahan" : "Meunasah Bujok",
  "kodepos" : "24392"
}, {
  "kecamatan" : "Baktiya",
  "kelurahan" : "Meunasah Geudong",
  "kodepos" : "24392"
}, {
  "kecamatan" : "Baktiya",
  "kelurahan" : "Matang Ulim",
  "kodepos" : "24392"
}, {
  "kecamatan" : "Baktiya",
  "kelurahan" : "Meudang Ara",
  "kodepos" : "24392"
}, {
  "kecamatan" : "Baktiya Barat",
  "kelurahan" : "Matang Sijuek Teungoh",
  "kodepos" : "24392"
}, {
  "kecamatan" : "Baktiya Barat",
  "kelurahan" : "Matang Sijuek Timu",
  "kodepos" : "24392"
}, {
  "kecamatan" : "Baktiya Barat",
  "kelurahan" : "Matang Teungoh",
  "kodepos" : "24392"
}, {
  "kecamatan" : "Baktiya Barat",
  "kelurahan" : "Matang Sijuek Barat",
  "kodepos" : "24392"
}, {
  "kecamatan" : "Baktiya",
  "kelurahan" : "Matang Reudep",
  "kodepos" : "24392"
}, {
  "kecamatan" : "Baktiya",
  "kelurahan" : "Matang Raya Timu",
  "kodepos" : "24392"
}, {
  "kecamatan" : "Baktiya",
  "kelurahan" : "Matang Pineung",
  "kodepos" : "24392"
}, {
  "kecamatan" : "Baktiya",
  "kelurahan" : "Matang Rawa",
  "kodepos" : "24392"
}, {
  "kecamatan" : "Baktiya",
  "kelurahan" : "Matang Raya Barat",
  "kodepos" : "24392"
}, {
  "kecamatan" : "Baktiya Barat",
  "kelurahan" : "Matang Panyang",
  "kodepos" : "24392"
}, {
  "kecamatan" : "Baktiya Barat",
  "kelurahan" : "Matang Paya",
  "kodepos" : "24392"
}, {
  "kecamatan" : "Baktiya",
  "kelurahan" : "Matang Lawang",
  "kodepos" : "24392"
}, {
  "kecamatan" : "Baktiya",
  "kelurahan" : "Matang Linya",
  "kodepos" : "24392"
}, {
  "kecamatan" : "Baktiya",
  "kelurahan" : "Matang Manyam",
  "kodepos" : "24392"
}, {
  "kecamatan" : "Baktiya",
  "kelurahan" : "Matang Kelayu",
  "kodepos" : "24392"
}, {
  "kecamatan" : "Baktiya",
  "kelurahan" : "Matang Kumbang",
  "kodepos" : "24392"
}, {
  "kecamatan" : "Baktiya",
  "kelurahan" : "Matang Cut",
  "kodepos" : "24392"
}, {
  "kecamatan" : "Baktiya",
  "kelurahan" : "Matang Kareung",
  "kodepos" : "24392"
}, {
  "kecamatan" : "Baktiya Barat",
  "kelurahan" : "Matang Ceubrek",
  "kodepos" : "24392"
}, {
  "kecamatan" : "Baktiya",
  "kelurahan" : "Matang Baro",
  "kodepos" : "24392"
}, {
  "kecamatan" : "Baktiya",
  "kelurahan" : "Matang Beringin",
  "kodepos" : "24392"
}, {
  "kecamatan" : "Baktiya Barat",
  "kelurahan" : "Matang Bayu",
  "kodepos" : "24392"
}, {
  "kecamatan" : "Baktiya",
  "kelurahan" : "Lhok Seutuy",
  "kodepos" : "24392"
}, {
  "kecamatan" : "Baktiya",
  "kelurahan" : "Lueng Bata",
  "kodepos" : "24392"
}, {
  "kecamatan" : "Baktiya Barat",
  "kelurahan" : "Lhok Euncien",
  "kodepos" : "24392"
}, {
  "kecamatan" : "Baktiya Barat",
  "kelurahan" : "Lhok Iboh",
  "kodepos" : "24392"
}, {
  "kecamatan" : "Baktiya",
  "kelurahan" : "Krueng Lingka Timu",
  "kodepos" : "24392"
}, {
  "kecamatan" : "Baktiya Barat",
  "kelurahan" : "Keude Sampoiniet",
  "kodepos" : "24392"
}, {
  "kecamatan" : "Baktiya",
  "kelurahan" : "Krueng Lingka Barat",
  "kodepos" : "24392"
}, {
  "kecamatan" : "Baktiya",
  "kelurahan" : "Keude Alue Ie Puteh",
  "kodepos" : "24392"
}, {
  "kecamatan" : "Baktiya",
  "kelurahan" : "Keude Menyee IV",
  "kodepos" : "24392"
}, {
  "kecamatan" : "Baktiya",
  "kelurahan" : "Keude Panteu Brueh",
  "kodepos" : "24392"
}, {
  "kecamatan" : "Baktiya",
  "kelurahan" : "Glumpang payong",
  "kodepos" : "24392"
}, {
  "kecamatan" : "Baktiya",
  "kelurahan" : "Glumpang Samlakoe",
  "kodepos" : "24392"
}, {
  "kecamatan" : "Baktiya Barat",
  "kelurahan" : "Cot Usen",
  "kodepos" : "24392"
}, {
  "kecamatan" : "Baktiya",
  "kelurahan" : "Geulumpang Bungkok",
  "kodepos" : "24392"
}, {
  "kecamatan" : "Baktiya",
  "kelurahan" : "Cot Ulaya",
  "kodepos" : "24392"
}, {
  "kecamatan" : "Baktiya Barat",
  "kelurahan" : "Cot Murong",
  "kodepos" : "24392"
}, {
  "kecamatan" : "Baktiya Barat",
  "kelurahan" : "Cot Paya",
  "kodepos" : "24392"
}, {
  "kecamatan" : "Baktiya",
  "kelurahan" : "Cot Mane",
  "kodepos" : "24392"
}, {
  "kecamatan" : "Baktiya",
  "kelurahan" : "Cot Manyang",
  "kodepos" : "24392"
}, {
  "kecamatan" : "Baktiya Barat",
  "kelurahan" : "Cot Kupok",
  "kodepos" : "24392"
}, {
  "kecamatan" : "Baktiya Barat",
  "kelurahan" : "Cot Laba",
  "kodepos" : "24392"
}, {
  "kecamatan" : "Baktiya",
  "kelurahan" : "Cinta Makmur",
  "kodepos" : "24392"
}, {
  "kecamatan" : "Baktiya",
  "kelurahan" : "Cot Ara",
  "kodepos" : "24392"
}, {
  "kecamatan" : "Baktiya",
  "kelurahan" : "Cot Kumbang",
  "kodepos" : "24392"
}, {
  "kecamatan" : "Baktiya Barat",
  "kelurahan" : "Blang Seunong",
  "kodepos" : "24392"
}, {
  "kecamatan" : "Baktiya",
  "kelurahan" : "Buket Dara Baro",
  "kodepos" : "24392"
}, {
  "kecamatan" : "Baktiya",
  "kelurahan" : "Ceumpeudak",
  "kodepos" : "24392"
}, {
  "kecamatan" : "Baktiya Barat",
  "kelurahan" : "Blang Nibong",
  "kodepos" : "24392"
}, {
  "kecamatan" : "Baktiya Barat",
  "kelurahan" : "Blang Rheu",
  "kodepos" : "24392"
}, {
  "kecamatan" : "Baktiya",
  "kelurahan" : "Alue Serdang",
  "kodepos" : "24392"
}, {
  "kecamatan" : "Baktiya",
  "kelurahan" : "Arongan Lise",
  "kodepos" : "24392"
}, {
  "kecamatan" : "Baktiya",
  "kelurahan" : "Babussalam",
  "kodepos" : "24392"
}, {
  "kecamatan" : "Baktiya",
  "kelurahan" : "Alue Keutapang",
  "kodepos" : "24392"
}, {
  "kecamatan" : "Baktiya",
  "kelurahan" : "Alue Rambong",
  "kodepos" : "24392"
}, {
  "kecamatan" : "Baktiya",
  "kelurahan" : "Alue Ie Tarek",
  "kodepos" : "24392"
}, {
  "kecamatan" : "Baktiya",
  "kelurahan" : "Alue Jambok",
  "kodepos" : "24392"
}, {
  "kecamatan" : "Baktiya",
  "kelurahan" : "Alue Buya",
  "kodepos" : "24392"
}, {
  "kecamatan" : "Baktiya",
  "kelurahan" : "Alue Dama",
  "kodepos" : "24392"
}, {
  "kecamatan" : "Baktiya",
  "kelurahan" : "Alue Geudong",
  "kodepos" : "24392"
}, {
  "kecamatan" : "Baktiya",
  "kelurahan" : "Alue Bili Geulumpang",
  "kodepos" : "24392"
}, {
  "kecamatan" : "Baktiya",
  "kelurahan" : "Alue Bili Rayeuk",
  "kodepos" : "24392"
}, {
  "kecamatan" : "Baktiya",
  "kelurahan" : "Alue Anou Barat",
  "kodepos" : "24392"
}, {
  "kecamatan" : "Baktiya",
  "kelurahan" : "Alue Anou Timu",
  "kodepos" : "24392"
}, {
  "kecamatan" : "Tanah Pasir",
  "kelurahan" : "Ulee Tanoh",
  "kodepos" : "24391"
}, {
  "kecamatan" : "Lapang",
  "kelurahan" : "Tanjung/Tanjong Dama",
  "kodepos" : "24391"
}, {
  "kecamatan" : "Tanah Pasir",
  "kelurahan" : "Teupin Gapeuh",
  "kodepos" : "24391"
}, {
  "kecamatan" : "Lapang",
  "kelurahan" : "Merbo Lama",
  "kodepos" : "24391"
}, {
  "kecamatan" : "Tanah Pasir",
  "kelurahan" : "Prie (Meunasah Prey)",
  "kodepos" : "24391"
}, {
  "kecamatan" : "Lapang",
  "kelurahan" : "Merbo Jurong",
  "kodepos" : "24391"
}, {
  "kecamatan" : "Lapang",
  "kelurahan" : "Merbo Jurong",
  "kodepos" : "24391"
}, {
  "kecamatan" : "Tanah Pasir",
  "kelurahan" : "Matang Ranub Laseh",
  "kodepos" : "24391"
}, {
  "kecamatan" : "Lapang",
  "kelurahan" : "Matang Tunong",
  "kodepos" : "24391"
}, {
  "kecamatan" : "Tanah Pasir",
  "kelurahan" : "Matang Janeng",
  "kodepos" : "24391"
}, {
  "kecamatan" : "Lapang",
  "kelurahan" : "Lueng Baro",
  "kodepos" : "24391"
}, {
  "kecamatan" : "Lapang",
  "kelurahan" : "Matang Baroh",
  "kodepos" : "24391"
}, {
  "kecamatan" : "Lapang",
  "kelurahan" : "Kuala Kereutou",
  "kodepos" : "24391"
}, {
  "kecamatan" : "Tanah Pasir",
  "kelurahan" : "Kumbang",
  "kodepos" : "24391"
}, {
  "kecamatan" : "Lapang",
  "kelurahan" : "Kuala Cangkoi/Cangkoy",
  "kodepos" : "24391"
}, {
  "kecamatan" : "Tanah Pasir",
  "kelurahan" : "Keutapang",
  "kodepos" : "24391"
}, {
  "kecamatan" : "Tanah Pasir",
  "kelurahan" : "Kuala Keretou Barat",
  "kodepos" : "24391"
}, {
  "kecamatan" : "Lapang",
  "kelurahan" : "Keureutoau",
  "kodepos" : "24391"
}, {
  "kecamatan" : "Tanah Pasir",
  "kelurahan" : "Keude Matang Panyang",
  "kodepos" : "24391"
}, {
  "kecamatan" : "Lapang",
  "kelurahan" : "Keude Lapang",
  "kodepos" : "24391"
}, {
  "kecamatan" : "Tanah Pasir",
  "kelurahan" : "Keude Jrat Manyang",
  "kodepos" : "24391"
}, {
  "kecamatan" : "Lapang",
  "kelurahan" : "Geulanggang Baro",
  "kodepos" : "24391"
}, {
  "kecamatan" : "Tanah Pasir",
  "kelurahan" : "Gampong Pande",
  "kodepos" : "24391"
}, {
  "kecamatan" : "Tanah Pasir",
  "kelurahan" : "Gampong Cibrek (Meunasah Cibrek)",
  "kodepos" : "24391"
}, {
  "kecamatan" : "Tanah Pasir",
  "kelurahan" : "Gampong Me Merbo",
  "kodepos" : "24391"
}, {
  "kecamatan" : "Tanah Pasir",
  "kelurahan" : "Gampong Paloh",
  "kodepos" : "24391"
}, {
  "kecamatan" : "Tanah Pasir",
  "kelurahan" : "Blang",
  "kodepos" : "24391"
}, {
  "kecamatan" : "Tanah Pasir",
  "kelurahan" : "Cangguek (Meunasah Cangguek)",
  "kodepos" : "24391"
}, {
  "kecamatan" : "Pirak Timur",
  "kelurahan" : "Ulee Blang",
  "kodepos" : "24386"
}, {
  "kecamatan" : "Tanah Pasir",
  "kelurahan" : "Alue (Meunasah Alue)",
  "kodepos" : "24391"
}, {
  "kecamatan" : "Matangkuli",
  "kelurahan" : "Tutong",
  "kodepos" : "24386"
}, {
  "kecamatan" : "Matangkuli",
  "kelurahan" : "Ude",
  "kodepos" : "24386"
}, {
  "kecamatan" : "Matangkuli",
  "kelurahan" : "Ujong Kulam",
  "kodepos" : "24386"
}, {
  "kecamatan" : "Paya Bakong",
  "kelurahan" : "Tunong Krueng",
  "kodepos" : "24386"
}, {
  "kecamatan" : "Matangkuli",
  "kelurahan" : "Tumpok Perlak",
  "kodepos" : "24386"
}, {
  "kecamatan" : "Paya Bakong",
  "kelurahan" : "Tumpok Mesjid",
  "kodepos" : "24386"
}, {
  "kecamatan" : "Matangkuli",
  "kelurahan" : "Tumpok Barat",
  "kodepos" : "24386"
}, {
  "kecamatan" : "Pirak Timur",
  "kelurahan" : "Trieng Krueng Kreh",
  "kodepos" : "24386"
}, {
  "kecamatan" : "Matangkuli",
  "kelurahan" : "Tj. Teungku Kari",
  "kodepos" : "24386"
}, {
  "kecamatan" : "Matangkuli",
  "kelurahan" : "Trieng Teupin Keubue",
  "kodepos" : "24386"
}, {
  "kecamatan" : "Matangkuli",
  "kelurahan" : "Teupin Keubue",
  "kodepos" : "24386"
}, {
  "kecamatan" : "Pirak Timur",
  "kelurahan" : "Teupin U",
  "kodepos" : "24386"
}, {
  "kecamatan" : "Matangkuli",
  "kelurahan" : "Teungoh Seuleumak",
  "kodepos" : "24386"
}, {
  "kecamatan" : "Matangkuli",
  "kelurahan" : "Teungoh Glumpang VII",
  "kodepos" : "24386"
}, {
  "kecamatan" : "Matangkuli",
  "kelurahan" : "Teungoh Pirak",
  "kodepos" : "24386"
}, {
  "kecamatan" : "Paya Bakong",
  "kelurahan" : "Teungku Dibanda Pirak",
  "kodepos" : "24386"
}, {
  "kecamatan" : "Paya Bakong",
  "kelurahan" : "Teungku Dibanda Tektek",
  "kodepos" : "24386"
}, {
  "kecamatan" : "Matangkuli",
  "kelurahan" : "Tanjong Teungku Ali",
  "kodepos" : "24386"
}, {
  "kecamatan" : "Pirak Timur",
  "kelurahan" : "Tanjong Seurikui",
  "kodepos" : "24386"
}, {
  "kecamatan" : "Paya Bakong",
  "kelurahan" : "Tanjong Drien",
  "kodepos" : "24386"
}, {
  "kecamatan" : "Matangkuli",
  "kelurahan" : "Tanjong Haji Muda",
  "kodepos" : "24386"
}, {
  "kecamatan" : "Paya Bakong",
  "kelurahan" : "Tanjong Beurunyong",
  "kodepos" : "24386"
}, {
  "kecamatan" : "Matangkuli",
  "kelurahan" : "Tanjong Babah Krueng",
  "kodepos" : "24386"
}, {
  "kecamatan" : "Matangkuli",
  "kelurahan" : "Siren",
  "kodepos" : "24386"
}, {
  "kecamatan" : "Paya Bakong",
  "kelurahan" : "Simpang",
  "kodepos" : "24386"
}, {
  "kecamatan" : "Matangkuli",
  "kelurahan" : "Seuriweuk",
  "kodepos" : "24386"
}, {
  "kecamatan" : "Pirak Timur",
  "kelurahan" : "Serdang",
  "kodepos" : "24386"
}, {
  "kecamatan" : "Matangkuli",
  "kelurahan" : "Rayeuk Pirak",
  "kodepos" : "24386"
}, {
  "kecamatan" : "Pirak Timur",
  "kelurahan" : "Reungkam (Rengkam)",
  "kodepos" : "24386"
}, {
  "kecamatan" : "Pirak Timur",
  "kelurahan" : "Rayeuk Pange",
  "kodepos" : "24386"
}, {
  "kecamatan" : "Matangkuli",
  "kelurahan" : "Rayeuk Matangkuli",
  "kodepos" : "24386"
}, {
  "kecamatan" : "Matangkuli",
  "kelurahan" : "Punti Matangkuli",
  "kodepos" : "24386"
}, {
  "kecamatan" : "Matangkuli",
  "kelurahan" : "Punti Matang Kuli",
  "kodepos" : "24386"
}, {
  "kecamatan" : "Matangkuli",
  "kelurahan" : "Punti Glumpang VII",
  "kodepos" : "24386"
}, {
  "kecamatan" : "Paya Bakong",
  "kelurahan" : "Pucok Alue Seuleumak",
  "kodepos" : "24386"
}, {
  "kecamatan" : "Pirak Timur",
  "kelurahan" : "Pucok Alue Pirak",
  "kodepos" : "24386"
}, {
  "kecamatan" : "Paya Bakong",
  "kelurahan" : "Peureupok",
  "kodepos" : "24386"
}, {
  "kecamatan" : "Paya Bakong",
  "kelurahan" : "Paya Meudru",
  "kodepos" : "24386"
}, {
  "kecamatan" : "Pirak Timur",
  "kelurahan" : "Paya Lueng Jalo",
  "kodepos" : "24386"
}, {
  "kecamatan" : "Matangkuli",
  "kelurahan" : "Parang Sikureung",
  "kodepos" : "24386"
}, {
  "kecamatan" : "Matangkuli",
  "kelurahan" : "Pantee Pirak",
  "kodepos" : "24386"
}, {
  "kecamatan" : "Paya Bakong",
  "kelurahan" : "Pante Seuleumak",
  "kodepos" : "24386"
}, {
  "kecamatan" : "Pirak Timur",
  "kelurahan" : "Munye Tujuh (Meunye Tujoh)",
  "kodepos" : "24386"
}, {
  "kecamatan" : "Matangkuli",
  "kelurahan" : "Munye Pirak",
  "kodepos" : "24386"
}, {
  "kecamatan" : "Matangkuli",
  "kelurahan" : "Meuriya Matangkuli",
  "kodepos" : "24386"
}, {
  "kecamatan" : "Paya Bakong",
  "kelurahan" : "Meuria Seuleumak",
  "kodepos" : "24386"
}, {
  "kecamatan" : "Paya Bakong",
  "kelurahan" : "Meunye Seuleumak",
  "kodepos" : "24386"
}, {
  "kecamatan" : "Matangkuli",
  "kelurahan" : "Mesjid Pirak",
  "kodepos" : "24386"
}, {
  "kecamatan" : "Matangkuli",
  "kelurahan" : "Mee",
  "kodepos" : "24386"
}, {
  "kecamatan" : "Matangkuli",
  "kelurahan" : "Matang Peusangan",
  "kodepos" : "24386"
}, {
  "kecamatan" : "Paya Bakong",
  "kelurahan" : "Matang Panyang",
  "kodepos" : "24386"
}, {
  "kecamatan" : "Matangkuli",
  "kelurahan" : "Matang Menye",
  "kodepos" : "24386"
}, {
  "kecamatan" : "Matangkuli",
  "kelurahan" : "Matang Me",
  "kodepos" : "24386"
}, {
  "kecamatan" : "Pirak Timur",
  "kelurahan" : "Matang Keh",
  "kodepos" : "24386"
}, {
  "kecamatan" : "Paya Bakong",
  "kelurahan" : "Lueng",
  "kodepos" : "24386"
}, {
  "kecamatan" : "Pirak Timur",
  "kelurahan" : "Leupe",
  "kodepos" : "24386"
}, {
  "kecamatan" : "Paya Bakong",
  "kelurahan" : "Leuhong",
  "kodepos" : "24386"
}, {
  "kecamatan" : "Matangkuli",
  "kelurahan" : "Leubok",
  "kodepos" : "24386"
}, {
  "kecamatan" : "Matangkuli",
  "kelurahan" : "Lawang",
  "kodepos" : "24386"
}, {
  "kecamatan" : "Matangkuli",
  "kelurahan" : "Kunyet Mule",
  "kodepos" : "24386"
}, {
  "kecamatan" : "Pirak Timur",
  "kelurahan" : "Krueng Pirak",
  "kodepos" : "24386"
}, {
  "kecamatan" : "Pirak Timur",
  "kelurahan" : "Keutapang",
  "kodepos" : "24386"
}, {
  "kecamatan" : "Paya Bakong",
  "kelurahan" : "Keude Paya Bakong",
  "kodepos" : "24386"
}, {
  "kecamatan" : "Matangkuli",
  "kelurahan" : "Keude Matangkuli",
  "kodepos" : "24386"
}, {
  "kecamatan" : "Paya Bakong",
  "kelurahan" : "Jok",
  "kodepos" : "24386"
}, {
  "kecamatan" : "Paya Bakong",
  "kelurahan" : "Keubon Pirak",
  "kodepos" : "24386"
}, {
  "kecamatan" : "Matangkuli",
  "kelurahan" : "Jeumpa Glumpang VII",
  "kodepos" : "24386"
}, {
  "kecamatan" : "Matangkuli",
  "kelurahan" : "Hagu",
  "kodepos" : "24386"
}, {
  "kecamatan" : "Paya Bakong",
  "kelurahan" : "Glumpang/Geulumpang Pirak",
  "kodepos" : "24386"
}, {
  "kecamatan" : "Matangkuli",
  "kelurahan" : "Glumpang VII",
  "kodepos" : "24386"
}, {
  "kecamatan" : "Pirak Timur",
  "kelurahan" : "Glumpang (Geulumpang)",
  "kodepos" : "24386"
}, {
  "kecamatan" : "Paya Bakong",
  "kelurahan" : "Geureughek",
  "kodepos" : "24386"
}, {
  "kecamatan" : "Paya Bakong",
  "kelurahan" : "Gampong Seuneubok Aceh",
  "kodepos" : "24386"
}, {
  "kecamatan" : "Paya Bakong",
  "kelurahan" : "Gampong Blang Ara",
  "kodepos" : "24386"
}, {
  "kecamatan" : "Paya Bakong",
  "kelurahan" : "Gampong Mampree",
  "kodepos" : "24386"
}, {
  "kecamatan" : "Paya Bakong",
  "kelurahan" : "Gampong Nga",
  "kodepos" : "24386"
}, {
  "kecamatan" : "Paya Bakong",
  "kelurahan" : "Gampong Alue Lhok",
  "kodepos" : "24386"
}, {
  "kecamatan" : "Tanah Luas",
  "kelurahan" : "Gampong Ampeh",
  "kodepos" : "24386"
}, {
  "kecamatan" : "Paya Bakong",
  "kelurahan" : "Cot Tufah",
  "kodepos" : "24386"
}, {
  "kecamatan" : "Paya Bakong",
  "kelurahan" : "Gampong Alue Leukot",
  "kodepos" : "24386"
}, {
  "kecamatan" : "Matangkuli",
  "kelurahan" : "Dayah Baro",
  "kodepos" : "24386"
}, {
  "kecamatan" : "Pirak Timur",
  "kelurahan" : "Ceumeucet",
  "kodepos" : "24386"
}, {
  "kecamatan" : "Matangkuli",
  "kelurahan" : "Ceubreuk Pirak",
  "kodepos" : "24386"
}, {
  "kecamatan" : "Pirak Timur",
  "kelurahan" : "Bungong",
  "kodepos" : "24386"
}, {
  "kecamatan" : "Paya Bakong",
  "kelurahan" : "Cempeudak (Ceumpeudak)",
  "kodepos" : "24386"
}, {
  "kecamatan" : "Paya Bakong",
  "kelurahan" : "Buket Guru",
  "kodepos" : "24386"
}, {
  "kecamatan" : "Paya Bakong",
  "kelurahan" : "Buket Pidie",
  "kodepos" : "24386"
}, {
  "kecamatan" : "Paya Bakong",
  "kelurahan" : "Blang Sialet",
  "kodepos" : "24386"
}, {
  "kecamatan" : "Matangkuli",
  "kelurahan" : "Blang Supeng",
  "kodepos" : "24386"
}, {
  "kecamatan" : "Paya Bakong",
  "kelurahan" : "Blang Paku",
  "kodepos" : "24386"
}, {
  "kecamatan" : "Paya Bakong",
  "kelurahan" : "Blang Pante",
  "kodepos" : "24386"
}, {
  "kecamatan" : "Matangkuli",
  "kelurahan" : "Blang Matangkuli",
  "kodepos" : "24386"
}, {
  "kecamatan" : "Paya Bakong",
  "kelurahan" : "Blang Mane",
  "kodepos" : "24386"
}, {
  "kecamatan" : "Matangkuli",
  "kelurahan" : "Blang Kuta",
  "kodepos" : "24386"
}, {
  "kecamatan" : "Paya Bakong",
  "kelurahan" : "Blang Dalam",
  "kodepos" : "24386"
}, {
  "kecamatan" : "Paya Bakong",
  "kelurahan" : "Blang Gunci",
  "kodepos" : "24386"
}, {
  "kecamatan" : "Pirak Timur",
  "kelurahan" : "Bili Baro",
  "kodepos" : "24386"
}, {
  "kecamatan" : "Matangkuli",
  "kelurahan" : "Beurancan Pirak",
  "kodepos" : "24386"
}, {
  "kecamatan" : "Matangkuli",
  "kelurahan" : "Beuringin",
  "kodepos" : "24386"
}, {
  "kecamatan" : "Matangkuli",
  "kelurahan" : "Baro",
  "kodepos" : "24386"
}, {
  "kecamatan" : "Pirak Timur",
  "kelurahan" : "Beuracan Rata",
  "kodepos" : "24386"
}, {
  "kecamatan" : "Paya Bakong",
  "kelurahan" : "Asan Seuleumak",
  "kodepos" : "24386"
}, {
  "kecamatan" : "Matangkuli",
  "kelurahan" : "Aron Pirak",
  "kodepos" : "24386"
}, {
  "kecamatan" : "Pirak Timur",
  "kelurahan" : "Asan Krueng Kreh",
  "kodepos" : "24386"
}, {
  "kecamatan" : "Matangkuli",
  "kelurahan" : "Aron Glumpang VII",
  "kodepos" : "24386"
}, {
  "kecamatan" : "Pirak Timur",
  "kelurahan" : "Ara Tonton Moncrang",
  "kodepos" : "24386"
}, {
  "kecamatan" : "Matangkuli",
  "kelurahan" : "Alue Tho",
  "kodepos" : "24386"
}, {
  "kecamatan" : "Pirak Timur",
  "kelurahan" : "Alue Rimei",
  "kodepos" : "24386"
}, {
  "kecamatan" : "Matangkuli",
  "kelurahan" : "Alue Entok",
  "kodepos" : "24386"
}, {
  "kecamatan" : "Paya Bakong",
  "kelurahan" : "Alue Bieng",
  "kodepos" : "24386"
}, {
  "kecamatan" : "Pirak Timur",
  "kelurahan" : "Alue Bungkoh",
  "kodepos" : "24386"
}, {
  "kecamatan" : "Tanah Luas",
  "kelurahan" : "Ulee Buket",
  "kodepos" : "24385"
}, {
  "kecamatan" : "Nibong",
  "kelurahan" : "Wakeuh (Nibong Wakheuh)",
  "kodepos" : "24385"
}, {
  "kecamatan" : "Tanah Luas",
  "kelurahan" : "Ujong Baroh B.",
  "kodepos" : "24385"
}, {
  "kecamatan" : "Tanah Luas",
  "kelurahan" : "Ujong Baroh Sb",
  "kodepos" : "24385"
}, {
  "kecamatan" : "Tanah Luas",
  "kelurahan" : "Tutong (Meunasah Tutong)",
  "kodepos" : "24385"
}, {
  "kecamatan" : "Tanah Luas",
  "kelurahan" : "Trieng",
  "kodepos" : "24385"
}, {
  "kecamatan" : "Tanah Luas",
  "kelurahan" : "Tumpok Aceh",
  "kodepos" : "24385"
}, {
  "kecamatan" : "Tanah Luas",
  "kelurahan" : "Tgk Dibale",
  "kodepos" : "24385"
}, {
  "kecamatan" : "Nibong",
  "kelurahan" : "Teupin Jok",
  "kodepos" : "24385"
}, {
  "kecamatan" : "Tanah Luas",
  "kelurahan" : "Teungoh Pa",
  "kodepos" : "24385"
}, {
  "kecamatan" : "Nibong",
  "kelurahan" : "Tanjong Putoh",
  "kodepos" : "24385"
}, {
  "kecamatan" : "Tanah Luas",
  "kelurahan" : "Tanjong Mesjid",
  "kodepos" : "24385"
}, {
  "kecamatan" : "Nibong",
  "kelurahan" : "Sumbok Rayeuk",
  "kodepos" : "24385"
}, {
  "kecamatan" : "Nibong",
  "kelurahan" : "Seulunyok",
  "kodepos" : "24385"
}, {
  "kecamatan" : "Tanah Luas",
  "kelurahan" : "Serba Jaman Baroh",
  "kodepos" : "24385"
}, {
  "kecamatan" : "Tanah Luas",
  "kelurahan" : "Serba Jaman Tunong",
  "kodepos" : "24385"
}, {
  "kecamatan" : "Tanah Luas",
  "kelurahan" : "Rayeuk Meunye",
  "kodepos" : "24385"
}, {
  "kecamatan" : "Tanah Luas",
  "kelurahan" : "Rayeuk Naleung",
  "kodepos" : "24385"
}, {
  "kecamatan" : "Tanah Luas",
  "kelurahan" : "Rawa",
  "kodepos" : "24385"
}, {
  "kecamatan" : "Tanah Luas",
  "kelurahan" : "Rayeuk Kuta",
  "kodepos" : "24385"
}, {
  "kecamatan" : "Tanah Luas",
  "kelurahan" : "Rangkaya",
  "kodepos" : "24385"
}, {
  "kecamatan" : "Nibong",
  "kelurahan" : "Ranto",
  "kodepos" : "24385"
}, {
  "kecamatan" : "Tanah Luas",
  "kelurahan" : "Punti Pa.",
  "kodepos" : "24385"
}, {
  "kecamatan" : "Tanah Luas",
  "kelurahan" : "Punti Sb.",
  "kodepos" : "24385"
}, {
  "kecamatan" : "Tanah Luas",
  "kelurahan" : "Pulo Blang",
  "kodepos" : "24385"
}, {
  "kecamatan" : "Tanah Luas",
  "kelurahan" : "Pulo Blang",
  "kodepos" : "24385"
}, {
  "kecamatan" : "Tanah Luas",
  "kelurahan" : "Plu Pakam",
  "kodepos" : "24385"
}, {
  "kecamatan" : "Nibong",
  "kelurahan" : "Paya Terbang Teureubang)",
  "kodepos" : "24385"
}, {
  "kecamatan" : "Tanah Luas",
  "kelurahan" : "Paya Beurandang",
  "kodepos" : "24385"
}, {
  "kecamatan" : "Nibong",
  "kelurahan" : "Nibong Baroh",
  "kodepos" : "24385"
}, {
  "kecamatan" : "Tanah Luas",
  "kelurahan" : "Pante B",
  "kodepos" : "24385"
}, {
  "kecamatan" : "Nibong",
  "kelurahan" : "Menye Lhee",
  "kodepos" : "24385"
}, {
  "kecamatan" : "Tanah Luas",
  "kelurahan" : "Matang Mane",
  "kodepos" : "24385"
}, {
  "kecamatan" : "Tanah Luas",
  "kelurahan" : "Matang Baloy",
  "kodepos" : "24385"
}, {
  "kecamatan" : "Tanah Luas",
  "kelurahan" : "Matang Ben",
  "kodepos" : "24385"
}, {
  "kecamatan" : "Tanah Luas",
  "kelurahan" : "Matang Ceubrek (Cibrek)",
  "kodepos" : "24385"
}, {
  "kecamatan" : "Tanah Luas",
  "kelurahan" : "Manyang SB",
  "kodepos" : "24385"
}, {
  "kecamatan" : "Tanah Luas",
  "kelurahan" : "Manyang Tunong",
  "kodepos" : "24385"
}, {
  "kecamatan" : "Nibong",
  "kelurahan" : "Maddi",
  "kodepos" : "24385"
}, {
  "kecamatan" : "Nibong",
  "kelurahan" : "Mamplam",
  "kodepos" : "24385"
}, {
  "kecamatan" : "Tanah Luas",
  "kelurahan" : "Leu Hong",
  "kodepos" : "24385"
}, {
  "kecamatan" : "Tanah Luas",
  "kelurahan" : "Leupon Siren",
  "kodepos" : "24385"
}, {
  "kecamatan" : "Tanah Luas",
  "kelurahan" : "Keutapang",
  "kodepos" : "24385"
}, {
  "kecamatan" : "Nibong",
  "kelurahan" : "Keupok Nibong",
  "kodepos" : "24385"
}, {
  "kecamatan" : "Nibong",
  "kelurahan" : "Keulilee",
  "kodepos" : "24385"
}, {
  "kecamatan" : "Nibong",
  "kelurahan" : "Keude Nibong",
  "kodepos" : "24385"
}, {
  "kecamatan" : "Nibong",
  "kelurahan" : "Keh Nibong",
  "kodepos" : "24385"
}, {
  "kecamatan" : "Tanah Luas",
  "kelurahan" : "Jeumpa B",
  "kodepos" : "24385"
}, {
  "kecamatan" : "Tanah Luas",
  "kelurahan" : "Keude Blang Jruen",
  "kodepos" : "24385"
}, {
  "kecamatan" : "Tanah Luas",
  "kelurahan" : "Hueng",
  "kodepos" : "24385"
}, {
  "kecamatan" : "Tanah Luas",
  "kelurahan" : "Gampong Teupin Me",
  "kodepos" : "24385"
}, {
  "kecamatan" : "Tanah Luas",
  "kelurahan" : "Hagu",
  "kodepos" : "24385"
}, {
  "kecamatan" : "Tanah Luas",
  "kelurahan" : "Gampong Serba Jaman",
  "kodepos" : "24385"
}, {
  "kecamatan" : "Tanah Luas",
  "kelurahan" : "Gampong Teungoh B",
  "kodepos" : "24385"
}, {
  "kecamatan" : "Tanah Luas",
  "kelurahan" : "Gampong Blang Trieng",
  "kodepos" : "24385"
}, {
  "kecamatan" : "Tanah Luas",
  "kelurahan" : "Gampong Deng",
  "kodepos" : "24385"
}, {
  "kecamatan" : "Tanah Luas",
  "kelurahan" : "Gampong Paya",
  "kodepos" : "24385"
}, {
  "kecamatan" : "Tanah Luas",
  "kelurahan" : "Gampong Alue",
  "kodepos" : "24385"
}, {
  "kecamatan" : "Nibong",
  "kelurahan" : "Dayah Nibong",
  "kodepos" : "24385"
}, {
  "kecamatan" : "Tanah Luas",
  "kelurahan" : "Ceubrek (Cibrek)",
  "kodepos" : "24385"
}, {
  "kecamatan" : "Tanah Luas",
  "kelurahan" : "Cot Barat",
  "kodepos" : "24385"
}, {
  "kecamatan" : "Tanah Luas",
  "kelurahan" : "Cot Dam/Dah",
  "kodepos" : "24385"
}, {
  "kecamatan" : "Tanah Luas",
  "kelurahan" : "Bukit Makarti",
  "kodepos" : "24385"
}, {
  "kecamatan" : "Tanah Luas",
  "kelurahan" : "Blang Pie",
  "kodepos" : "24385"
}, {
  "kecamatan" : "Tanah Luas",
  "kelurahan" : "Blang Bidok",
  "kodepos" : "24385"
}, {
  "kecamatan" : "Tanah Luas",
  "kelurahan" : "Blang Jruen",
  "kodepos" : "24385"
}, {
  "kecamatan" : "Tanah Luas",
  "kelurahan" : "Blang",
  "kodepos" : "24385"
}, {
  "kecamatan" : "Tanah Luas",
  "kelurahan" : "Bayi",
  "kodepos" : "24385"
}, {
  "kecamatan" : "Nibong",
  "kelurahan" : "Alue Panah",
  "kodepos" : "24385"
}, {
  "kecamatan" : "Tanah Luas",
  "kelurahan" : "Alue Pangkat",
  "kodepos" : "24385"
}, {
  "kecamatan" : "Tanah Luas",
  "kelurahan" : "Alue Sijuek",
  "kodepos" : "24385"
}, {
  "kecamatan" : "Nibong",
  "kelurahan" : "Alue Ngom",
  "kodepos" : "24385"
}, {
  "kecamatan" : "Nibong",
  "kelurahan" : "Alue Ie Mirah",
  "kodepos" : "24385"
}, {
  "kecamatan" : "Tanah Luas",
  "kelurahan" : "Alue Gampong",
  "kodepos" : "24385"
}, {
  "kecamatan" : "Tanah Luas",
  "kelurahan" : "Alue Keujruen",
  "kodepos" : "24385"
}, {
  "kecamatan" : "Nibong",
  "kelurahan" : "Alue Buman",
  "kodepos" : "24385"
}, {
  "kecamatan" : "Lhoksukon",
  "kelurahan" : "Ulee Barat (Meunasah Ulee Barat)",
  "kodepos" : "24382"
}, {
  "kecamatan" : "Lhoksukon",
  "kelurahan" : "Ulee Gunong",
  "kodepos" : "24382"
}, {
  "kecamatan" : "Lhoksukon",
  "kelurahan" : "Trieng Pantang",
  "kodepos" : "24382"
}, {
  "kecamatan" : "Lhoksukon",
  "kelurahan" : "Tualang Tuha",
  "kodepos" : "24382"
}, {
  "kecamatan" : "Lhoksukon",
  "kelurahan" : "Seuneubok Dalam",
  "kodepos" : "24382"
}, {
  "kecamatan" : "Lhoksukon",
  "kelurahan" : "Teupin Keubeu",
  "kodepos" : "24382"
}, {
  "kecamatan" : "Lhoksukon",
  "kelurahan" : "Trieng Matang Ubi",
  "kodepos" : "24382"
}, {
  "kecamatan" : "Lhoksukon",
  "kelurahan" : "Rambot",
  "kodepos" : "24382"
}, {
  "kecamatan" : "Lhoksukon",
  "kelurahan" : "Rawa (Meunasah Rawa)",
  "kodepos" : "24382"
}, {
  "kecamatan" : "Lhoksukon",
  "kelurahan" : "Pante",
  "kodepos" : "24382"
}, {
  "kecamatan" : "Lhoksukon",
  "kelurahan" : "Pulo Dulang (Meunasah Pulo Dolang)",
  "kodepos" : "24382"
}, {
  "kecamatan" : "Lhoksukon",
  "kelurahan" : "Meuye/Munye Matang Ubi",
  "kodepos" : "24382"
}, {
  "kecamatan" : "Lhoksukon",
  "kelurahan" : "Nga Lhoksukon Tengah",
  "kodepos" : "24382"
}, {
  "kecamatan" : "Lhoksukon",
  "kelurahan" : "Nga Matang Ubi",
  "kodepos" : "24382"
}, {
  "kecamatan" : "Lhoksukon",
  "kelurahan" : "Meunasah Tuha",
  "kodepos" : "24382"
}, {
  "kecamatan" : "Lhoksukon",
  "kelurahan" : "Meunasah Tutong",
  "kodepos" : "24382"
}, {
  "kecamatan" : "Lhoksukon",
  "kelurahan" : "Meunasah Teungoh Lb",
  "kodepos" : "24382"
}, {
  "kecamatan" : "Lhoksukon",
  "kelurahan" : "Meunasah Teungoh Lt",
  "kodepos" : "24382"
}, {
  "kecamatan" : "Lhoksukon",
  "kelurahan" : "Meunasah Meuria (Meuriya)",
  "kodepos" : "24382"
}, {
  "kecamatan" : "Lhoksukon",
  "kelurahan" : "Meunasah Nga Lhoksukon Barat",
  "kodepos" : "24382"
}, {
  "kecamatan" : "Lhoksukon",
  "kelurahan" : "Meunasah Rayeuk Lb",
  "kodepos" : "24382"
}, {
  "kecamatan" : "Lhoksukon",
  "kelurahan" : "Meunasah Leubok Ab",
  "kodepos" : "24382"
}, {
  "kecamatan" : "Lhoksukon",
  "kelurahan" : "Meunasah Meurbo (Meureubo)",
  "kodepos" : "24382"
}, {
  "kecamatan" : "Lhoksukon",
  "kelurahan" : "Meunasah Geulinggang",
  "kodepos" : "24382"
}, {
  "kecamatan" : "Lhoksukon",
  "kelurahan" : "Meunasah Jok",
  "kodepos" : "24382"
}, {
  "kecamatan" : "Lhoksukon",
  "kelurahan" : "Meunasah Buloh",
  "kodepos" : "24382"
}, {
  "kecamatan" : "Lhoksukon",
  "kelurahan" : "Meunasah Cot Usibak",
  "kodepos" : "24382"
}, {
  "kecamatan" : "Lhoksukon",
  "kelurahan" : "Meunasah Dayah Lt/Lb",
  "kodepos" : "24382"
}, {
  "kecamatan" : "Lhoksukon",
  "kelurahan" : "Meunasah Asan Lhoksukon Barat",
  "kodepos" : "24382"
}, {
  "kecamatan" : "Lhoksukon",
  "kelurahan" : "Meunasah Asan Lhoksukon Barat",
  "kodepos" : "24382"
}, {
  "kecamatan" : "Lhoksukon",
  "kelurahan" : "Meunasah Arongan Ab",
  "kodepos" : "24382"
}, {
  "kecamatan" : "Lhoksukon",
  "kelurahan" : "Meunasah Asan Ab",
  "kodepos" : "24382"
}, {
  "kecamatan" : "Lhoksukon",
  "kelurahan" : "Matang Teungoh Ab. (Meunasah Matang Teungoh)",
  "kodepos" : "24382"
}, {
  "kecamatan" : "Lhoksukon",
  "kelurahan" : "Meucat",
  "kodepos" : "24382"
}, {
  "kecamatan" : "Lhoksukon",
  "kelurahan" : "Meunasah Alue Drien Lb",
  "kodepos" : "24382"
}, {
  "kecamatan" : "Lhoksukon",
  "kelurahan" : "Mata Ie",
  "kodepos" : "24382"
}, {
  "kecamatan" : "Lhoksukon",
  "kelurahan" : "Mata U",
  "kodepos" : "24382"
}, {
  "kecamatan" : "Lhoksukon",
  "kelurahan" : "Matang Meunye",
  "kodepos" : "24382"
}, {
  "kecamatan" : "Lhoksukon",
  "kelurahan" : "Lhok Sentang",
  "kodepos" : "24382"
}, {
  "kecamatan" : "Lhoksukon",
  "kelurahan" : "Mancang (Meunasah Mancang)",
  "kodepos" : "24382"
}, {
  "kecamatan" : "Lhoksukon",
  "kelurahan" : "Manyang (Meunasah Manyang)",
  "kodepos" : "24382"
}, {
  "kecamatan" : "Lhoksukon",
  "kelurahan" : "Krueng Lt",
  "kodepos" : "24382"
}, {
  "kecamatan" : "Lhoksukon",
  "kelurahan" : "Kumbang Lt",
  "kodepos" : "24382"
}, {
  "kecamatan" : "Lhoksukon",
  "kelurahan" : "Lhok Kareung",
  "kodepos" : "24382"
}, {
  "kecamatan" : "Lhoksukon",
  "kelurahan" : "Kota Lhoksukon",
  "kodepos" : "24382"
}, {
  "kecamatan" : "Lhoksukon",
  "kelurahan" : "Gampong Nga Lt",
  "kodepos" : "24382"
}, {
  "kecamatan" : "Lhoksukon",
  "kelurahan" : "Keutapang",
  "kodepos" : "24382"
}, {
  "kecamatan" : "Lhoksukon",
  "kelurahan" : "Geulumpang",
  "kodepos" : "24382"
}, {
  "kecamatan" : "Lhoksukon",
  "kelurahan" : "Geumata (Meunasah Geumata)",
  "kodepos" : "24382"
}, {
  "kecamatan" : "Lhoksukon",
  "kelurahan" : "Gampong Blang Aman",
  "kodepos" : "24382"
}, {
  "kecamatan" : "Lhoksukon",
  "kelurahan" : "Grong Grong",
  "kodepos" : "24382"
}, {
  "kecamatan" : "Lhoksukon",
  "kelurahan" : "Gampong Cot Ara",
  "kodepos" : "24382"
}, {
  "kecamatan" : "Lhoksukon",
  "kelurahan" : "Gampong Meunasah Ranto",
  "kodepos" : "24382"
}, {
  "kecamatan" : "Lhoksukon",
  "kelurahan" : "Gampong Matang Pupanji Ab",
  "kodepos" : "24382"
}, {
  "kecamatan" : "Lhoksukon",
  "kelurahan" : "Dayah Lb/Lt",
  "kodepos" : "24382"
}, {
  "kecamatan" : "Lhoksukon",
  "kelurahan" : "Cot Asan",
  "kodepos" : "24382"
}, {
  "kecamatan" : "Lhoksukon",
  "kelurahan" : "Cot Geulumpang Ab",
  "kodepos" : "24382"
}, {
  "kecamatan" : "Lhoksukon",
  "kelurahan" : "Buket Sentang",
  "kodepos" : "24382"
}, {
  "kecamatan" : "Lhoksukon",
  "kelurahan" : "Ceubrek (Meunasah Ceubrek)",
  "kodepos" : "24382"
}, {
  "kecamatan" : "Lhoksukon",
  "kelurahan" : "Buket Krueng",
  "kodepos" : "24382"
}, {
  "kecamatan" : "Lhoksukon",
  "kelurahan" : "Buket Mee Lt",
  "kodepos" : "24382"
}, {
  "kecamatan" : "Lhoksukon",
  "kelurahan" : "Bintang Hu",
  "kodepos" : "24382"
}, {
  "kecamatan" : "Lhoksukon",
  "kelurahan" : "Blang Rubek",
  "kodepos" : "24382"
}, {
  "kecamatan" : "Lhoksukon",
  "kelurahan" : "Buket Hagu",
  "kodepos" : "24382"
}, {
  "kecamatan" : "Lhoksukon",
  "kelurahan" : "Arongan Lt",
  "kodepos" : "24382"
}, {
  "kecamatan" : "Lhoksukon",
  "kelurahan" : "Babah Geudubang",
  "kodepos" : "24382"
}, {
  "kecamatan" : "Lhoksukon",
  "kelurahan" : "Beuringin Lb (Meunasah Beuringen)",
  "kodepos" : "24382"
}, {
  "kecamatan" : "Lhoksukon",
  "kelurahan" : "Alue Meudem (Mudem)",
  "kodepos" : "24382"
}, {
  "kecamatan" : "Lhoksukon",
  "kelurahan" : "Ara Ab (Meunasah Ara)",
  "kodepos" : "24382"
}, {
  "kecamatan" : "Lhoksukon",
  "kelurahan" : "Alue Itam Baroh",
  "kodepos" : "24382"
}, {
  "kecamatan" : "Lhoksukon",
  "kelurahan" : "Alue Itam Reudeup",
  "kodepos" : "24382"
}, {
  "kecamatan" : "Lhoksukon",
  "kelurahan" : "Alue Buket",
  "kodepos" : "24382"
}, {
  "kecamatan" : "Lhoksukon",
  "kelurahan" : "Alue Eumpok",
  "kodepos" : "24382"
}, {
  "kecamatan" : "Lhoksukon",
  "kelurahan" : "Abeuk Leupon (Leupen)",
  "kodepos" : "24382"
}, {
  "kecamatan" : "Lhoksukon",
  "kelurahan" : "Alue Abee",
  "kodepos" : "24382"
}, {
  "kecamatan" : "Syamtalira Aron",
  "kelurahan" : "Tanjong Mulieng",
  "kodepos" : "24381"
}, {
  "kecamatan" : "Syamtalira Aron",
  "kelurahan" : "Teungoh",
  "kodepos" : "24381"
}, {
  "kecamatan" : "Syamtalira Aron",
  "kelurahan" : "Tanjong Krueng Pase",
  "kodepos" : "24381"
}, {
  "kecamatan" : "Syamtalira Aron",
  "kelurahan" : "Pante",
  "kodepos" : "24381"
}, {
  "kecamatan" : "Syamtalira Aron",
  "kelurahan" : "Peureupok",
  "kodepos" : "24381"
}, {
  "kecamatan" : "Syamtalira Aron",
  "kelurahan" : "Pulo",
  "kodepos" : "24381"
}, {
  "kecamatan" : "Syamtalira Aron",
  "kelurahan" : "Meuriya/Meuria Aron",
  "kodepos" : "24381"
}, {
  "kecamatan" : "Syamtalira Aron",
  "kelurahan" : "Mon Crang",
  "kodepos" : "24381"
}, {
  "kecamatan" : "Syamtalira Aron",
  "kelurahan" : "Mesjid",
  "kodepos" : "24381"
}, {
  "kecamatan" : "Syamtalira Aron",
  "kelurahan" : "Meucat",
  "kodepos" : "24381"
}, {
  "kecamatan" : "Syamtalira Aron",
  "kelurahan" : "Manyang Baroh",
  "kodepos" : "24381"
}, {
  "kecamatan" : "Syamtalira Aron",
  "kelurahan" : "Matang Meunye",
  "kodepos" : "24381"
}, {
  "kecamatan" : "Syamtalira Aron",
  "kelurahan" : "Me Aron",
  "kodepos" : "24381"
}, {
  "kecamatan" : "Syamtalira Aron",
  "kelurahan" : "Kumbang",
  "kodepos" : "24381"
}, {
  "kecamatan" : "Syamtalira Aron",
  "kelurahan" : "Mampree",
  "kodepos" : "24381"
}, {
  "kecamatan" : "Syamtalira Aron",
  "kelurahan" : "Keude Aron",
  "kodepos" : "24381"
}, {
  "kecamatan" : "Syamtalira Aron",
  "kelurahan" : "Keude Teupin Punti",
  "kodepos" : "24381"
}, {
  "kecamatan" : "Syamtalira Aron",
  "kelurahan" : "Keutapang",
  "kodepos" : "24381"
}, {
  "kecamatan" : "Syamtalira Aron",
  "kelurahan" : "Gampong U (Meunasah U)",
  "kodepos" : "24381"
}, {
  "kecamatan" : "Syamtalira Aron",
  "kelurahan" : "Hagu",
  "kodepos" : "24381"
}, {
  "kecamatan" : "Syamtalira Aron",
  "kelurahan" : "Kanot",
  "kodepos" : "24381"
}, {
  "kecamatan" : "Syamtalira Aron",
  "kelurahan" : "Gampong Glok",
  "kodepos" : "24381"
}, {
  "kecamatan" : "Syamtalira Aron",
  "kelurahan" : "Gampong Kulam",
  "kodepos" : "24381"
}, {
  "kecamatan" : "Syamtalira Aron",
  "kelurahan" : "Gampong Blang",
  "kodepos" : "24381"
}, {
  "kecamatan" : "Syamtalira Aron",
  "kelurahan" : "Gampong Ampeh",
  "kodepos" : "24381"
}, {
  "kecamatan" : "Syamtalira Aron",
  "kelurahan" : "Gampong Awe",
  "kodepos" : "24381"
}, {
  "kecamatan" : "Syamtalira Aron",
  "kelurahan" : "Dayah Meuriya/Meuria",
  "kodepos" : "24381"
}, {
  "kecamatan" : "Syamtalira Aron",
  "kelurahan" : "Dayah Teungku",
  "kodepos" : "24381"
}, {
  "kecamatan" : "Syamtalira Aron",
  "kelurahan" : "Cibrek Tunong",
  "kodepos" : "24381"
}, {
  "kecamatan" : "Syamtalira Aron",
  "kelurahan" : "Dayah Aron",
  "kodepos" : "24381"
}, {
  "kecamatan" : "Syamtalira Aron",
  "kelurahan" : "Ara (Meunasah Ara)",
  "kodepos" : "24381"
}, {
  "kecamatan" : "Syamtalira Aron",
  "kelurahan" : "Calong",
  "kodepos" : "24381"
}, {
  "kecamatan" : "Syamtalira Aron",
  "kelurahan" : "Cibrek Baroh",
  "kodepos" : "24381"
}, {
  "kecamatan" : "Syamtalira Aron",
  "kelurahan" : "Alue Gunto",
  "kodepos" : "24381"
}, {
  "kecamatan" : "Sawang",
  "kelurahan" : "Tanjong Keumala",
  "kodepos" : "24377"
}, {
  "kecamatan" : "Sawang",
  "kelurahan" : "Teupin Rusep/Reusep",
  "kodepos" : "24377"
}, {
  "kecamatan" : "Sawang",
  "kelurahan" : "Ulee Geudong",
  "kodepos" : "24377"
}, {
  "kecamatan" : "Sawang",
  "kelurahan" : "Riseh Teungoh",
  "kodepos" : "24377"
}, {
  "kecamatan" : "Sawang",
  "kelurahan" : "Riseh Tunong",
  "kodepos" : "24377"
}, {
  "kecamatan" : "Sawang",
  "kelurahan" : "Rambong Payong",
  "kodepos" : "24377"
}, {
  "kecamatan" : "Sawang",
  "kelurahan" : "Riseh Baroh",
  "kodepos" : "24377"
}, {
  "kecamatan" : "Sawang",
  "kelurahan" : "Paya Rabo Timur",
  "kodepos" : "24377"
}, {
  "kecamatan" : "Sawang",
  "kelurahan" : "Punteuet (Punteut)",
  "kodepos" : "24377"
}, {
  "kecamatan" : "Sawang",
  "kelurahan" : "Paya Rabo Lhok",
  "kodepos" : "24377"
}, {
  "kecamatan" : "Sawang",
  "kelurahan" : "Pante Jaloh",
  "kodepos" : "24377"
}, {
  "kecamatan" : "Sawang",
  "kelurahan" : "Paya Gaboh",
  "kodepos" : "24377"
}, {
  "kecamatan" : "Sawang",
  "kelurahan" : "Lhok Kuyun",
  "kodepos" : "24377"
}, {
  "kecamatan" : "Sawang",
  "kelurahan" : "Lhok Merbo (Meureubo)",
  "kodepos" : "24377"
}, {
  "kecamatan" : "Sawang",
  "kelurahan" : "Meunasah Pulo",
  "kodepos" : "24377"
}, {
  "kecamatan" : "Sawang",
  "kelurahan" : "Lhok Krek",
  "kodepos" : "24377"
}, {
  "kecamatan" : "Sawang",
  "kelurahan" : "Lhok Jok",
  "kodepos" : "24377"
}, {
  "kecamatan" : "Sawang",
  "kelurahan" : "Lhok Cut",
  "kodepos" : "24377"
}, {
  "kecamatan" : "Sawang",
  "kelurahan" : "Lhok Gajah",
  "kodepos" : "24377"
}, {
  "kecamatan" : "Sawang",
  "kelurahan" : "Lancok",
  "kodepos" : "24377"
}, {
  "kecamatan" : "Sawang",
  "kelurahan" : "Lhok Bayu",
  "kodepos" : "24377"
}, {
  "kecamatan" : "Sawang",
  "kelurahan" : "Kuta Meuligoe",
  "kodepos" : "24377"
}, {
  "kecamatan" : "Sawang",
  "kelurahan" : "Lagang",
  "kodepos" : "24377"
}, {
  "kecamatan" : "Sawang",
  "kelurahan" : "Jurong",
  "kodepos" : "24377"
}, {
  "kecamatan" : "Sawang",
  "kelurahan" : "Krueng Baro",
  "kodepos" : "24377"
}, {
  "kecamatan" : "Sawang",
  "kelurahan" : "Kubu",
  "kodepos" : "24377"
}, {
  "kecamatan" : "Sawang",
  "kelurahan" : "Glee Dagang",
  "kodepos" : "24377"
}, {
  "kecamatan" : "Sawang",
  "kelurahan" : "Gunci",
  "kodepos" : "24377"
}, {
  "kecamatan" : "Sawang",
  "kelurahan" : "Cot Lambideng",
  "kodepos" : "24377"
}, {
  "kecamatan" : "Sawang",
  "kelurahan" : "Gampong Sawang",
  "kodepos" : "24377"
}, {
  "kecamatan" : "Sawang",
  "kelurahan" : "Gampong Teungoh",
  "kodepos" : "24377"
}, {
  "kecamatan" : "Sawang",
  "kelurahan" : "Blang Teurakan",
  "kodepos" : "24377"
}, {
  "kecamatan" : "Sawang",
  "kelurahan" : "Cot Kumuneng/Keumuning",
  "kodepos" : "24377"
}, {
  "kecamatan" : "Sawang",
  "kelurahan" : "Blang Cut",
  "kodepos" : "24377"
}, {
  "kecamatan" : "Sawang",
  "kelurahan" : "Blang Manyak",
  "kodepos" : "24377"
}, {
  "kecamatan" : "Sawang",
  "kelurahan" : "Blang Reuling",
  "kodepos" : "24377"
}, {
  "kecamatan" : "Sawang",
  "kelurahan" : "Babah Buloh",
  "kodepos" : "24377"
}, {
  "kecamatan" : "Sawang",
  "kelurahan" : "Babah Krueng",
  "kodepos" : "24377"
}, {
  "kecamatan" : "Sawang",
  "kelurahan" : "Abeuk Reuling",
  "kodepos" : "24377"
}, {
  "kecamatan" : "Banda Baro",
  "kelurahan" : "Ulee Nyeu",
  "kodepos" : "24376"
}, {
  "kecamatan" : "Nisam",
  "kelurahan" : "Tingkeum",
  "kodepos" : "24376"
}, {
  "kecamatan" : "Nisam",
  "kelurahan" : "Ulee Blang",
  "kodepos" : "24376"
}, {
  "kecamatan" : "Banda Baro",
  "kelurahan" : "Paya Uleue",
  "kodepos" : "24376"
}, {
  "kecamatan" : "Banda Baro",
  "kelurahan" : "Sangkelan",
  "kodepos" : "24376"
}, {
  "kecamatan" : "Nisam",
  "kelurahan" : "Seuneubok",
  "kodepos" : "24376"
}, {
  "kecamatan" : "Banda Baro",
  "kelurahan" : "Paya Beunyot",
  "kodepos" : "24376"
}, {
  "kecamatan" : "Banda Baro",
  "kelurahan" : "Paya Dua",
  "kodepos" : "24376"
}, {
  "kecamatan" : "Nisam",
  "kelurahan" : "Panton",
  "kodepos" : "24376"
}, {
  "kecamatan" : "Nisam",
  "kelurahan" : "Paloh Mambu",
  "kodepos" : "24376"
}, {
  "kecamatan" : "Nisam",
  "kelurahan" : "Paloh Mamprei/Mampree",
  "kodepos" : "24376"
}, {
  "kecamatan" : "Nisam",
  "kelurahan" : "Meunasah Krueng",
  "kodepos" : "24376"
}, {
  "kecamatan" : "Nisam",
  "kelurahan" : "Meunasah Meucat",
  "kodepos" : "24376"
}, {
  "kecamatan" : "Nisam",
  "kelurahan" : "Paloh Kayee Kunyet",
  "kodepos" : "24376"
}, {
  "kecamatan" : "Nisam",
  "kelurahan" : "Jeulikat",
  "kodepos" : "24376"
}, {
  "kecamatan" : "Nisam",
  "kelurahan" : "Meunasah Alue",
  "kodepos" : "24376"
}, {
  "kecamatan" : "Nisam",
  "kelurahan" : "Meunasah Cut",
  "kodepos" : "24376"
}, {
  "kecamatan" : "Nisam",
  "kelurahan" : "Gampong Teungoh",
  "kodepos" : "24376"
}, {
  "kecamatan" : "Banda Baro",
  "kelurahan" : "Jamuan",
  "kodepos" : "24376"
}, {
  "kecamatan" : "Nisam Antara",
  "kelurahan" : "Gampong Seumirah",
  "kodepos" : "24376"
}, {
  "kecamatan" : "Nisam",
  "kelurahan" : "Gampong Keutapang",
  "kodepos" : "24376"
}, {
  "kecamatan" : "Nisam",
  "kelurahan" : "Gampong Meunasah Rayeuk",
  "kodepos" : "24376"
}, {
  "kecamatan" : "Nisam",
  "kelurahan" : "Gampong Peunayan",
  "kodepos" : "24376"
}, {
  "kecamatan" : "Nisam Antara",
  "kelurahan" : "Gampong Blang Pohroh",
  "kodepos" : "24376"
}, {
  "kecamatan" : "Nisam Antara",
  "kelurahan" : "Gampong Darussalam",
  "kodepos" : "24376"
}, {
  "kecamatan" : "Nisam Antara",
  "kelurahan" : "Gampong Blang Jrat",
  "kodepos" : "24376"
}, {
  "kecamatan" : "Nisam",
  "kelurahan" : "Gampong Barat",
  "kodepos" : "24376"
}, {
  "kecamatan" : "Nisam Antara",
  "kelurahan" : "Gampong Alue Papeun",
  "kodepos" : "24376"
}, {
  "kecamatan" : "Nisam",
  "kelurahan" : "Cot Me",
  "kodepos" : "24376"
}, {
  "kecamatan" : "Nisam Antara",
  "kelurahan" : "Gampong Alue Dua",
  "kodepos" : "24376"
}, {
  "kecamatan" : "Nisam",
  "kelurahan" : "Cot Leupee",
  "kodepos" : "24376"
}, {
  "kecamatan" : "Nisam",
  "kelurahan" : "Cot Mambong",
  "kodepos" : "24376"
}, {
  "kecamatan" : "Banda Baro",
  "kelurahan" : "Cot Jabet",
  "kodepos" : "24376"
}, {
  "kecamatan" : "Banda Baro",
  "kelurahan" : "Blang Pala",
  "kodepos" : "24376"
}, {
  "kecamatan" : "Nisam",
  "kelurahan" : "Blang Karieng",
  "kodepos" : "24376"
}, {
  "kecamatan" : "Nisam",
  "kelurahan" : "Cot Entung",
  "kodepos" : "24376"
}, {
  "kecamatan" : "Nisam",
  "kelurahan" : "Blang Dalam Baroh",
  "kodepos" : "24376"
}, {
  "kecamatan" : "Nisam",
  "kelurahan" : "Blang Dalam Geunteng",
  "kodepos" : "24376"
}, {
  "kecamatan" : "Nisam",
  "kelurahan" : "Blang Dalam Tunong",
  "kodepos" : "24376"
}, {
  "kecamatan" : "Nisam",
  "kelurahan" : "Binjee",
  "kodepos" : "24376"
}, {
  "kecamatan" : "Nisam",
  "kelurahan" : "Blang Crok",
  "kodepos" : "24376"
}, {
  "kecamatan" : "Banda Baro",
  "kelurahan" : "Alue Keureunyai",
  "kodepos" : "24376"
}, {
  "kecamatan" : "Nisam",
  "kelurahan" : "Beunot (Meunasah Beunot)",
  "kodepos" : "24376"
}, {
  "kecamatan" : "Nisam",
  "kelurahan" : "Alue Bili",
  "kodepos" : "24376"
}, {
  "kecamatan" : "Samudera",
  "kelurahan" : "Teupin Beulangan",
  "kodepos" : "24374"
}, {
  "kecamatan" : "Samudera",
  "kelurahan" : "Ujong",
  "kodepos" : "24374"
}, {
  "kecamatan" : "Samudera",
  "kelurahan" : "Tanjung/Tanjong Mesjid",
  "kodepos" : "24374"
}, {
  "kecamatan" : "Samudera",
  "kelurahan" : "Teupin Ara",
  "kodepos" : "24374"
}, {
  "kecamatan" : "Samudera",
  "kelurahan" : "Tanjong Rengkam",
  "kodepos" : "24374"
}, {
  "kecamatan" : "Samudera",
  "kelurahan" : "Tanjung/Tanjong Hagu",
  "kodepos" : "24374"
}, {
  "kecamatan" : "Samudera",
  "kelurahan" : "Puuk",
  "kodepos" : "24374"
}, {
  "kecamatan" : "Samudera",
  "kelurahan" : "Sawang",
  "kodepos" : "24374"
}, {
  "kecamatan" : "Samudera",
  "kelurahan" : "Tanjong Kleng",
  "kodepos" : "24374"
}, {
  "kecamatan" : "Samudera",
  "kelurahan" : "Pulo",
  "kodepos" : "24374"
}, {
  "kecamatan" : "Samudera",
  "kelurahan" : "Pusong",
  "kodepos" : "24374"
}, {
  "kecamatan" : "Samudera",
  "kelurahan" : "Murong",
  "kodepos" : "24374"
}, {
  "kecamatan" : "Samudera",
  "kelurahan" : "Paya Terbang",
  "kodepos" : "24374"
}, {
  "kecamatan" : "Samudera",
  "kelurahan" : "Meunasah Asan",
  "kodepos" : "24374"
}, {
  "kecamatan" : "Samudera",
  "kelurahan" : "Matang Ulim",
  "kodepos" : "24374"
}, {
  "kecamatan" : "Samudera",
  "kelurahan" : "Meucat",
  "kodepos" : "24374"
}, {
  "kecamatan" : "Samudera",
  "kelurahan" : "Matang Puntong",
  "kodepos" : "24374"
}, {
  "kecamatan" : "Samudera",
  "kelurahan" : "Matang Tunong",
  "kodepos" : "24374"
}, {
  "kecamatan" : "Samudera",
  "kelurahan" : "Mancang",
  "kodepos" : "24374"
}, {
  "kecamatan" : "Samudera",
  "kelurahan" : "Madan",
  "kodepos" : "24374"
}, {
  "kecamatan" : "Samudera",
  "kelurahan" : "Laga Baro",
  "kodepos" : "24374"
}, {
  "kecamatan" : "Samudera",
  "kelurahan" : "Lancang",
  "kodepos" : "24374"
}, {
  "kecamatan" : "Samudera",
  "kelurahan" : "Kuta Krueng",
  "kodepos" : "24374"
}, {
  "kecamatan" : "Samudera",
  "kelurahan" : "Krueng Mate",
  "kodepos" : "24374"
}, {
  "kecamatan" : "Samudera",
  "kelurahan" : "Kuta Glumpang",
  "kodepos" : "24374"
}, {
  "kecamatan" : "Samudera",
  "kelurahan" : "Krueng Baro Lgh",
  "kodepos" : "24374"
}, {
  "kecamatan" : "Samudera",
  "kelurahan" : "Krueng Baro Blang Me",
  "kodepos" : "24374"
}, {
  "kecamatan" : "Samudera",
  "kelurahan" : "Kitou",
  "kodepos" : "24374"
}, {
  "kecamatan" : "Samudera",
  "kelurahan" : "Keude Geudong",
  "kodepos" : "24374"
}, {
  "kecamatan" : "Samudera",
  "kelurahan" : "Keude Blangmee Pulokat",
  "kodepos" : "24374"
}, {
  "kecamatan" : "Samudera",
  "kelurahan" : "Gampong Teungoh",
  "kodepos" : "24374"
}, {
  "kecamatan" : "Samudera",
  "kelurahan" : "Gampong Tanjung Baroh",
  "kodepos" : "24374"
}, {
  "kecamatan" : "Samudera",
  "kelurahan" : "Gampong Pie",
  "kodepos" : "24374"
}, {
  "kecamatan" : "Samudera",
  "kelurahan" : "Gampong Tanjong Awe",
  "kodepos" : "24374"
}, {
  "kecamatan" : "Samudera",
  "kelurahan" : "Gampong Mesjid",
  "kodepos" : "24374"
}, {
  "kecamatan" : "Samudera",
  "kelurahan" : "Gampong Baro",
  "kodepos" : "24374"
}, {
  "kecamatan" : "Samudera",
  "kelurahan" : "Blang Nibong",
  "kodepos" : "24374"
}, {
  "kecamatan" : "Samudera",
  "kelurahan" : "Blang Peuria",
  "kodepos" : "24374"
}, {
  "kecamatan" : "Samudera",
  "kelurahan" : "Blang Kabu",
  "kodepos" : "24374"
}, {
  "kecamatan" : "Samudera",
  "kelurahan" : "Beuringen",
  "kodepos" : "24374"
}, {
  "kecamatan" : "Geuredong Pase",
  "kelurahan" : "Uram Jalan",
  "kodepos" : "24373"
}, {
  "kecamatan" : "Syamtalira Bayu",
  "kelurahan" : "Ulee Gampong",
  "kodepos" : "24373"
}, {
  "kecamatan" : "Syamtalira Bayu",
  "kelurahan" : "Ulee Meuria",
  "kodepos" : "24373"
}, {
  "kecamatan" : "Syamtalira Bayu",
  "kelurahan" : "Tumpeun (Gampong Tumpeun)",
  "kodepos" : "24373"
}, {
  "kecamatan" : "Syamtalira Bayu",
  "kelurahan" : "Trieng Meudurou",
  "kodepos" : "24373"
}, {
  "kecamatan" : "Geuredong Pase",
  "kelurahan" : "Sukadamai",
  "kodepos" : "24373"
}, {
  "kecamatan" : "Syamtalira Bayu",
  "kelurahan" : "Siren Tujoh",
  "kodepos" : "24373"
}, {
  "kecamatan" : "Syamtalira Bayu",
  "kelurahan" : "Seunebok Baro",
  "kodepos" : "24373"
}, {
  "kecamatan" : "Syamtalira Bayu",
  "kelurahan" : "Rheng",
  "kodepos" : "24373"
}, {
  "kecamatan" : "Syamtalira Bayu",
  "kelurahan" : "Punti",
  "kodepos" : "24373"
}, {
  "kecamatan" : "Geuredong Pase",
  "kelurahan" : "Rayeuk Jawa",
  "kodepos" : "24373"
}, {
  "kecamatan" : "Geuredong Pase",
  "kelurahan" : "Pulo Meuria",
  "kodepos" : "24373"
}, {
  "kecamatan" : "Syamtalira Bayu",
  "kelurahan" : "Pulo Blang Trieng",
  "kodepos" : "24373"
}, {
  "kecamatan" : "Syamtalira Bayu",
  "kelurahan" : "Pulo Blang Mangat",
  "kodepos" : "24373"
}, {
  "kecamatan" : "Geuredong Pase",
  "kelurahan" : "Peudari",
  "kodepos" : "24373"
}, {
  "kecamatan" : "Syamtalira Bayu",
  "kelurahan" : "Nibong",
  "kodepos" : "24373"
}, {
  "kecamatan" : "Syamtalira Bayu",
  "kelurahan" : "Meudang Ara",
  "kodepos" : "24373"
}, {
  "kecamatan" : "Geuredong Pase",
  "kelurahan" : "Lhok Asan",
  "kodepos" : "24373"
}, {
  "kecamatan" : "Syamtalira Bayu",
  "kelurahan" : "Langa (Meunasah Langa)",
  "kodepos" : "24373"
}, {
  "kecamatan" : "Syamtalira Bayu",
  "kelurahan" : "Lancok",
  "kodepos" : "24373"
}, {
  "kecamatan" : "Geuredong Pase",
  "kelurahan" : "Krueng Mbang",
  "kodepos" : "24373"
}, {
  "kecamatan" : "Syamtalira Bayu",
  "kelurahan" : "Kayee Panyang",
  "kodepos" : "24373"
}, {
  "kecamatan" : "Syamtalira Bayu",
  "kelurahan" : "Keude Bayu",
  "kodepos" : "24373"
}, {
  "kecamatan" : "Syamtalira Bayu",
  "kelurahan" : "Dayah Tuha",
  "kodepos" : "24373"
}, {
  "kecamatan" : "Syamtalira Bayu",
  "kelurahan" : "Garot",
  "kodepos" : "24373"
}, {
  "kecamatan" : "Syamtalira Bayu",
  "kelurahan" : "Glong (Meunasah Glong)",
  "kodepos" : "24373"
}, {
  "kecamatan" : "Geuredong Pase",
  "kelurahan" : "Dayah Seupeng",
  "kodepos" : "24373"
}, {
  "kecamatan" : "Syamtalira Bayu",
  "kelurahan" : "Dayah Blang Seureukuy",
  "kodepos" : "24373"
}, {
  "kecamatan" : "Geuredong Pase",
  "kelurahan" : "Darul Aman",
  "kodepos" : "24373"
}, {
  "kecamatan" : "Geuredong Pase",
  "kelurahan" : "Darussalam",
  "kodepos" : "24373"
}, {
  "kecamatan" : "Syamtalira Bayu",
  "kelurahan" : "Dayah Baro",
  "kodepos" : "24373"
}, {
  "kecamatan" : "Syamtalira Bayu",
  "kelurahan" : "Cut Neuheun",
  "kodepos" : "24373"
}, {
  "kecamatan" : "Syamtalira Bayu",
  "kelurahan" : "Cibrek",
  "kodepos" : "24373"
}, {
  "kecamatan" : "Syamtalira Bayu",
  "kelurahan" : "Bungong",
  "kodepos" : "24373"
}, {
  "kecamatan" : "Syamtalira Bayu",
  "kelurahan" : "Buket Glumpang",
  "kodepos" : "24373"
}, {
  "kecamatan" : "Syamtalira Bayu",
  "kelurahan" : "Blang Seureukuy / Blang Serikuy",
  "kodepos" : "24373"
}, {
  "kecamatan" : "Syamtalira Bayu",
  "kelurahan" : "Blang Patra",
  "kodepos" : "24373"
}, {
  "kecamatan" : "Syamtalira Bayu",
  "kelurahan" : "Blang Majron",
  "kodepos" : "24373"
}, {
  "kecamatan" : "Syamtalira Bayu",
  "kelurahan" : "Blang Awe",
  "kodepos" : "24373"
}, {
  "kecamatan" : "Syamtalira Bayu",
  "kelurahan" : "Blang Bayu",
  "kodepos" : "24373"
}, {
  "kecamatan" : "Syamtalira Bayu",
  "kelurahan" : "Beurandang",
  "kodepos" : "24373"
}, {
  "kecamatan" : "Syamtalira Bayu",
  "kelurahan" : "Bie",
  "kodepos" : "24373"
}, {
  "kecamatan" : "Syamtalira Bayu",
  "kelurahan" : "Baro Kulam Gajah",
  "kodepos" : "24373"
}, {
  "kecamatan" : "Syamtalira Bayu",
  "kelurahan" : "Baroh Blang Rimueng",
  "kodepos" : "24373"
}, {
  "kecamatan" : "Syamtalira Bayu",
  "kelurahan" : "Beunot (Meunasah Beunot)",
  "kodepos" : "24373"
}, {
  "kecamatan" : "Syamtalira Bayu",
  "kelurahan" : "Alue Majron",
  "kodepos" : "24373"
}, {
  "kecamatan" : "Syamtalira Bayu",
  "kelurahan" : "Bale",
  "kodepos" : "24373"
}, {
  "kecamatan" : "Syamtalira Bayu",
  "kelurahan" : "Alen",
  "kodepos" : "24373"
}, {
  "kecamatan" : "Geuredong Pase",
  "kelurahan" : "Alue Awe",
  "kodepos" : "24373"
}, {
  "kecamatan" : "Meurah Mulia",
  "kelurahan" : "Ulee Meuria",
  "kodepos" : "24372"
}, {
  "kecamatan" : "Meurah Mulia",
  "kelurahan" : "Ujung Kuta Batee",
  "kodepos" : "24372"
}, {
  "kecamatan" : "Meurah Mulia",
  "kelurahan" : "Ulee Ceubrek",
  "kodepos" : "24372"
}, {
  "kecamatan" : "Meurah Mulia",
  "kelurahan" : "Ujong Reuba",
  "kodepos" : "24372"
}, {
  "kecamatan" : "Meurah Mulia",
  "kelurahan" : "Ujong Reuba",
  "kodepos" : "24372"
}, {
  "kecamatan" : "Meurah Mulia",
  "kelurahan" : "Ubit Paya Itek",
  "kodepos" : "24372"
}, {
  "kecamatan" : "Meurah Mulia",
  "kelurahan" : "Tumpok Teungku",
  "kodepos" : "24372"
}, {
  "kecamatan" : "Meurah Mulia",
  "kelurahan" : "Teungoh Kuta Batee",
  "kodepos" : "24372"
}, {
  "kecamatan" : "Meurah Mulia",
  "kelurahan" : "Teungoh Reuba",
  "kodepos" : "24372"
}, {
  "kecamatan" : "Meurah Mulia",
  "kelurahan" : "Tualang",
  "kodepos" : "24372"
}, {
  "kecamatan" : "Meurah Mulia",
  "kelurahan" : "Saramaba",
  "kodepos" : "24372"
}, {
  "kecamatan" : "Meurah Mulia",
  "kelurahan" : "Tanjong",
  "kodepos" : "24372"
}, {
  "kecamatan" : "Meurah Mulia",
  "kelurahan" : "Rheng Bluek",
  "kodepos" : "24372"
}, {
  "kecamatan" : "Meurah Mulia",
  "kelurahan" : "Rheng Bluek",
  "kodepos" : "24372"
}, {
  "kecamatan" : "Meurah Mulia",
  "kelurahan" : "Rayeuk Paya Itek",
  "kodepos" : "24372"
}, {
  "kecamatan" : "Meurah Mulia",
  "kelurahan" : "Reudeup",
  "kodepos" : "24372"
}, {
  "kecamatan" : "Meurah Mulia",
  "kelurahan" : "Rangkileh",
  "kodepos" : "24372"
}, {
  "kecamatan" : "Meurah Mulia",
  "kelurahan" : "Ranto",
  "kodepos" : "24372"
}, {
  "kecamatan" : "Meurah Mulia",
  "kelurahan" : "Rayeuk Matang",
  "kodepos" : "24372"
}, {
  "kecamatan" : "Meurah Mulia",
  "kelurahan" : "Pulo Kiton",
  "kodepos" : "24372"
}, {
  "kecamatan" : "Meurah Mulia",
  "kelurahan" : "Pulo Drien Beukah",
  "kodepos" : "24372"
}, {
  "kecamatan" : "Meurah Mulia",
  "kelurahan" : "Pulo Blang",
  "kodepos" : "24372"
}, {
  "kecamatan" : "Meurah Mulia",
  "kelurahan" : "Pulo Bluek",
  "kodepos" : "24372"
}, {
  "kecamatan" : "Meurah Mulia",
  "kelurahan" : "Paya Sutra",
  "kodepos" : "24372"
}, {
  "kecamatan" : "Meurah Mulia",
  "kelurahan" : "Pri Keutapang",
  "kodepos" : "24372"
}, {
  "kecamatan" : "Meurah Mulia",
  "kelurahan" : "Nibong",
  "kodepos" : "24372"
}, {
  "kecamatan" : "Meurah Mulia",
  "kelurahan" : "Nibong",
  "kodepos" : "24372"
}, {
  "kecamatan" : "Meurah Mulia",
  "kelurahan" : "Paya Bili",
  "kodepos" : "24372"
}, {
  "kecamatan" : "Meurah Mulia",
  "kelurahan" : "Meuria Bluek",
  "kodepos" : "24372"
}, {
  "kecamatan" : "Meurah Mulia",
  "kelurahan" : "Nga",
  "kodepos" : "24372"
}, {
  "kecamatan" : "Meurah Mulia",
  "kelurahan" : "Meunye Peut",
  "kodepos" : "24372"
}, {
  "kecamatan" : "Meurah Mulia",
  "kelurahan" : "Mesjid Bluek",
  "kodepos" : "24372"
}, {
  "kecamatan" : "Meurah Mulia",
  "kelurahan" : "Meunye Payong",
  "kodepos" : "24372"
}, {
  "kecamatan" : "Meurah Mulia",
  "kelurahan" : "Manyang",
  "kodepos" : "24372"
}, {
  "kecamatan" : "Meurah Mulia",
  "kelurahan" : "Mee",
  "kodepos" : "24372"
}, {
  "kecamatan" : "Meurah Mulia",
  "kelurahan" : "Mesjid",
  "kodepos" : "24372"
}, {
  "kecamatan" : "Meurah Mulia",
  "kelurahan" : "Kumbang",
  "kodepos" : "24372"
}, {
  "kecamatan" : "Meurah Mulia",
  "kelurahan" : "Leubeuk Tuwe",
  "kodepos" : "24372"
}, {
  "kecamatan" : "Meurah Mulia",
  "kelurahan" : "Keh",
  "kodepos" : "24372"
}, {
  "kecamatan" : "Meurah Mulia",
  "kelurahan" : "Keude Jungka Gajah",
  "kodepos" : "24372"
}, {
  "kecamatan" : "Meurah Mulia",
  "kelurahan" : "Keude Karieng",
  "kodepos" : "24372"
}, {
  "kecamatan" : "Meurah Mulia",
  "kelurahan" : "Geulumpang",
  "kodepos" : "24372"
}, {
  "kecamatan" : "Meurah Mulia",
  "kelurahan" : "Gampong Teungoh",
  "kodepos" : "24372"
}, {
  "kecamatan" : "Meurah Mulia",
  "kelurahan" : "Cibrek",
  "kodepos" : "24372"
}, {
  "kecamatan" : "Meurah Mulia",
  "kelurahan" : "Drien Puntong",
  "kodepos" : "24372"
}, {
  "kecamatan" : "Meurah Mulia",
  "kelurahan" : "Beuringen",
  "kodepos" : "24372"
}, {
  "kecamatan" : "Meurah Mulia",
  "kelurahan" : "Blang Cut",
  "kodepos" : "24372"
}, {
  "kecamatan" : "Meurah Mulia",
  "kelurahan" : "Bare Blang",
  "kodepos" : "24372"
}, {
  "kecamatan" : "Meurah Mulia",
  "kelurahan" : "Baroh Kuta Batee",
  "kodepos" : "24372"
}, {
  "kecamatan" : "Kuta Makmur",
  "kelurahan" : "Sido Mulyo",
  "kodepos" : "24371"
}, {
  "kecamatan" : "Meurah Mulia",
  "kelurahan" : "Barat Paya Itek",
  "kodepos" : "24372"
}, {
  "kecamatan" : "Kuta Makmur",
  "kelurahan" : "Seuneubok Drien",
  "kodepos" : "24371"
}, {
  "kecamatan" : "Kuta Makmur",
  "kelurahan" : "Pulo Rayeuk/Rayek",
  "kodepos" : "24371"
}, {
  "kecamatan" : "Kuta Makmur",
  "kelurahan" : "Saweuk",
  "kodepos" : "24371"
}, {
  "kecamatan" : "Kuta Makmur",
  "kelurahan" : "Pulo Iboh/Iboih",
  "kodepos" : "24371"
}, {
  "kecamatan" : "Kuta Makmur",
  "kelurahan" : "Panton Rayeuk II",
  "kodepos" : "24371"
}, {
  "kecamatan" : "Kuta Makmur",
  "kelurahan" : "Pulo Barat",
  "kodepos" : "24371"
}, {
  "kecamatan" : "Kuta Makmur",
  "kelurahan" : "Mulieng/Muling Meucat",
  "kodepos" : "24371"
}, {
  "kecamatan" : "Kuta Makmur",
  "kelurahan" : "Panton Rayeuk I",
  "kodepos" : "24371"
}, {
  "kecamatan" : "Kuta Makmur",
  "kelurahan" : "Meuria (Meuriya)",
  "kodepos" : "24371"
}, {
  "kecamatan" : "Kuta Makmur",
  "kelurahan" : "Mulieng/Muling Manyang",
  "kodepos" : "24371"
}, {
  "kecamatan" : "Kuta Makmur",
  "kelurahan" : "Meunasah Kulam",
  "kodepos" : "24371"
}, {
  "kecamatan" : "Kuta Makmur",
  "kelurahan" : "Meunasah Kumbang",
  "kodepos" : "24371"
}, {
  "kecamatan" : "Kuta Makmur",
  "kelurahan" : "Meunyecut Bahagia",
  "kodepos" : "24371"
}, {
  "kecamatan" : "Kuta Makmur",
  "kelurahan" : "Meunasah Buket/Bukit",
  "kodepos" : "24371"
}, {
  "kecamatan" : "Kuta Makmur",
  "kelurahan" : "Meunasah Dayah Meunara (Mon Ara)",
  "kodepos" : "24371"
}, {
  "kecamatan" : "Kuta Makmur",
  "kelurahan" : "Lhok Jok",
  "kodepos" : "24371"
}, {
  "kecamatan" : "Kuta Makmur",
  "kelurahan" : "Meunasah Blang Ara",
  "kodepos" : "24371"
}, {
  "kecamatan" : "Kuta Makmur",
  "kelurahan" : "Krueng Seupeng",
  "kodepos" : "24371"
}, {
  "kecamatan" : "Kuta Makmur",
  "kelurahan" : "Lang Kuta",
  "kodepos" : "24371"
}, {
  "kecamatan" : "Kuta Makmur",
  "kelurahan" : "Krueng Manyang",
  "kodepos" : "24371"
}, {
  "kecamatan" : "Kuta Makmur",
  "kelurahan" : "Krueng Seunong",
  "kodepos" : "24371"
}, {
  "kecamatan" : "Kuta Makmur",
  "kelurahan" : "Keude Krueng",
  "kodepos" : "24371"
}, {
  "kecamatan" : "Kuta Makmur",
  "kelurahan" : "Keureusek",
  "kodepos" : "24371"
}, {
  "kecamatan" : "Kuta Makmur",
  "kelurahan" : "Guha Uleue",
  "kodepos" : "24371"
}, {
  "kecamatan" : "Kuta Makmur",
  "kelurahan" : "Keude Blang Ara",
  "kodepos" : "24371"
}, {
  "kecamatan" : "Kuta Makmur",
  "kelurahan" : "Cot Seuminyong (Sumiyong)",
  "kodepos" : "24371"
}, {
  "kecamatan" : "Kuta Makmur",
  "kelurahan" : "Cot Seutui",
  "kodepos" : "24371"
}, {
  "kecamatan" : "Kuta Makmur",
  "kelurahan" : "Cot Meunye Cut",
  "kodepos" : "24371"
}, {
  "kecamatan" : "Kuta Makmur",
  "kelurahan" : "Cot Rheue",
  "kodepos" : "24371"
}, {
  "kecamatan" : "Kuta Makmur",
  "kelurahan" : "Cempeudak (Ceumpeudak)",
  "kodepos" : "24371"
}, {
  "kecamatan" : "Kuta Makmur",
  "kelurahan" : "Cot Merbo/Meureubo",
  "kodepos" : "24371"
}, {
  "kecamatan" : "Kuta Makmur",
  "kelurahan" : "Blang Riek",
  "kodepos" : "24371"
}, {
  "kecamatan" : "Kuta Makmur",
  "kelurahan" : "Blang Talon",
  "kodepos" : "24371"
}, {
  "kecamatan" : "Kuta Makmur",
  "kelurahan" : "Bayu",
  "kodepos" : "24371"
}, {
  "kecamatan" : "Kuta Makmur",
  "kelurahan" : "Blang Ado",
  "kodepos" : "24371"
}, {
  "kecamatan" : "Kuta Makmur",
  "kelurahan" : "Blang Gurah",
  "kodepos" : "24371"
}, {
  "kecamatan" : "Kuta Makmur",
  "kelurahan" : "Babah Lueng",
  "kodepos" : "24371"
}, {
  "kecamatan" : "Kuta Makmur",
  "kelurahan" : "Alue Rambe",
  "kodepos" : "24371"
}, {
  "kecamatan" : "Muara Batu",
  "kelurahan" : "Tumpok Beurandang",
  "kodepos" : "24355"
}, {
  "kecamatan" : "Muara Batu",
  "kelurahan" : "Ulee Madon",
  "kodepos" : "24355"
}, {
  "kecamatan" : "Muara Batu",
  "kelurahan" : "Reuleut Timur",
  "kodepos" : "24355"
}, {
  "kecamatan" : "Muara Batu",
  "kelurahan" : "Tanoh Anoe/Anoue",
  "kodepos" : "24355"
}, {
  "kecamatan" : "Muara Batu",
  "kelurahan" : "Teupin Banja",
  "kodepos" : "24355"
}, {
  "kecamatan" : "Muara Batu",
  "kelurahan" : "Pante Gurah",
  "kodepos" : "24355"
}, {
  "kecamatan" : "Muara Batu",
  "kelurahan" : "Pinto Makmur",
  "kodepos" : "24355"
}, {
  "kecamatan" : "Muara Batu",
  "kelurahan" : "Reuleut Barat",
  "kodepos" : "24355"
}, {
  "kecamatan" : "Muara Batu",
  "kelurahan" : "Paloh Awe",
  "kodepos" : "24355"
}, {
  "kecamatan" : "Muara Batu",
  "kelurahan" : "Paloh Raya",
  "kodepos" : "24355"
}, {
  "kecamatan" : "Muara Batu",
  "kelurahan" : "Panigah",
  "kodepos" : "24355"
}, {
  "kecamatan" : "Muara Batu",
  "kelurahan" : "Meunasah Lhok",
  "kodepos" : "24355"
}, {
  "kecamatan" : "Muara Batu",
  "kelurahan" : "Meunasah Pinto",
  "kodepos" : "24355"
}, {
  "kecamatan" : "Muara Batu",
  "kelurahan" : "Meunasah Aron",
  "kodepos" : "24355"
}, {
  "kecamatan" : "Muara Batu",
  "kelurahan" : "Meunasah Baro",
  "kodepos" : "24355"
}, {
  "kecamatan" : "Muara Batu",
  "kelurahan" : "Meunasah Drang",
  "kodepos" : "24355"
}, {
  "kecamatan" : "Muara Batu",
  "kelurahan" : "Mane Tunong",
  "kodepos" : "24355"
}, {
  "kecamatan" : "Muara Batu",
  "kelurahan" : "Keude Mane",
  "kodepos" : "24355"
}, {
  "kecamatan" : "Muara Batu",
  "kelurahan" : "Kuala Dua (Dewa)",
  "kodepos" : "24355"
}, {
  "kecamatan" : "Muara Batu",
  "kelurahan" : "Keude Bungkaih",
  "kodepos" : "24355"
}, {
  "kecamatan" : "Muara Batu",
  "kelurahan" : "Dakuta",
  "kodepos" : "24355"
}, {
  "kecamatan" : "Muara Batu",
  "kelurahan" : "Kambam",
  "kodepos" : "24355"
}, {
  "kecamatan" : "Muara Batu",
  "kelurahan" : "Cot Seurani",
  "kodepos" : "24355"
}, {
  "kecamatan" : "Muara Batu",
  "kelurahan" : "Cot Trueng",
  "kodepos" : "24355"
}, {
  "kecamatan" : "Dewantara",
  "kelurahan" : "Ulee Reuleung",
  "kodepos" : "24354"
}, {
  "kecamatan" : "Dewantara",
  "kelurahan" : "Uteun Geulinggang",
  "kodepos" : "24354"
}, {
  "kecamatan" : "Dewantara",
  "kelurahan" : "Tambon Baroh",
  "kodepos" : "24354"
}, {
  "kecamatan" : "Dewantara",
  "kelurahan" : "Tambon Tunong",
  "kodepos" : "24354"
}, {
  "kecamatan" : "Dewantara",
  "kelurahan" : "Ulee Pulo",
  "kodepos" : "24354"
}, {
  "kecamatan" : "Dewantara",
  "kelurahan" : "Paloh Lada",
  "kodepos" : "24354"
}, {
  "kecamatan" : "Dewantara",
  "kelurahan" : "Pulo Rungkom",
  "kodepos" : "24354"
}, {
  "kecamatan" : "Dewantara",
  "kelurahan" : "Lancang Barat",
  "kodepos" : "24354"
}, {
  "kecamatan" : "Dewantara",
  "kelurahan" : "Paloh Gadeng",
  "kodepos" : "24354"
}, {
  "kecamatan" : "Dewantara",
  "kelurahan" : "Paloh Igeuh",
  "kodepos" : "24354"
}, {
  "kecamatan" : "Dewantara",
  "kelurahan" : "Geulumpang Sulu Timur",
  "kodepos" : "24354"
}, {
  "kecamatan" : "Dewantara",
  "kelurahan" : "Keude Krueng Geukueh",
  "kodepos" : "24354"
}, {
  "kecamatan" : "Dewantara",
  "kelurahan" : "Bluka Teubai",
  "kodepos" : "24354"
}, {
  "kecamatan" : "Dewantara",
  "kelurahan" : "Geulumpang Sulu Barat",
  "kodepos" : "24354"
}, {
  "kecamatan" : "Dewantara",
  "kelurahan" : "Bangka Jaya",
  "kodepos" : "24354"
}, {
  "kecamatan" : "Cot Girek",
  "kelurahan" : "Ulee Gampong",
  "kodepos" : "24352"
}, {
  "kecamatan" : "Cot Girek",
  "kelurahan" : "Trieng Lhoksukon Selatan",
  "kodepos" : "24352"
}, {
  "kecamatan" : "Cot Girek",
  "kelurahan" : "U Baro (Meunasah U Baro)",
  "kodepos" : "24352"
}, {
  "kecamatan" : "Cot Girek",
  "kelurahan" : "Pucok Alue",
  "kodepos" : "24352"
}, {
  "kecamatan" : "Cot Girek",
  "kelurahan" : "Seuneubok Baro",
  "kodepos" : "24352"
}, {
  "kecamatan" : "Cot Girek",
  "kelurahan" : "Seupeng",
  "kodepos" : "24352"
}, {
  "kecamatan" : "Cot Girek",
  "kelurahan" : "Meurebo",
  "kodepos" : "24352"
}, {
  "kecamatan" : "Cot Girek",
  "kelurahan" : "Matang Teungoh L",
  "kodepos" : "24352"
}, {
  "kecamatan" : "Cot Girek",
  "kelurahan" : "Lhok Reuhat",
  "kodepos" : "24352"
}, {
  "kecamatan" : "Cot Girek",
  "kelurahan" : "Lueng Baro",
  "kodepos" : "24352"
}, {
  "kecamatan" : "Cot Girek",
  "kelurahan" : "Kampung Tempel",
  "kodepos" : "24352"
}, {
  "kecamatan" : "Cot Girek",
  "kelurahan" : "Jeulikat",
  "kodepos" : "24352"
}, {
  "kecamatan" : "Cot Girek",
  "kelurahan" : "Kampung Bantan",
  "kodepos" : "24352"
}, {
  "kecamatan" : "Cot Girek",
  "kelurahan" : "Drien Dua",
  "kodepos" : "24352"
}, {
  "kecamatan" : "Cot Girek",
  "kelurahan" : "Cot Girek",
  "kodepos" : "24352"
}, {
  "kecamatan" : "Cot Girek",
  "kelurahan" : "Ceumpeudak",
  "kodepos" : "24352"
}, {
  "kecamatan" : "Cot Girek",
  "kelurahan" : "Beurandang Krueng",
  "kodepos" : "24352"
}, {
  "kecamatan" : "Cot Girek",
  "kelurahan" : "Batu XII",
  "kodepos" : "24352"
}, {
  "kecamatan" : "Cot Girek",
  "kelurahan" : "Beurandang Asan",
  "kodepos" : "24352"
}, {
  "kecamatan" : "Cot Girek",
  "kelurahan" : "Beurandang Dayah",
  "kodepos" : "24352"
}, {
  "kecamatan" : "Cot Girek",
  "kelurahan" : "Ara Lkoksukon Selatan",
  "kodepos" : "24352"
}, {
  "kecamatan" : "Cot Girek",
  "kelurahan" : "Alue Leuhob",
  "kodepos" : "24352"
}, {
  "kecamatan" : "Cot Girek",
  "kelurahan" : "Alue Seumambu",
  "kodepos" : "24352"
}, {
  "kecamatan" : "Cot Girek",
  "kelurahan" : "Alue Drien LS",
  "kodepos" : "24352"
}, {
  "kecamatan" : "Simpang Kramat (Keramat)",
  "kelurahan" : "Paya Teungoh",
  "kodepos" : "24313"
}, {
  "kecamatan" : "Simpang Kramat (Keramat)",
  "kelurahan" : "Seunebok Punti",
  "kodepos" : "24313"
}, {
  "kecamatan" : "Simpang Kramat (Keramat)",
  "kelurahan" : "Pase Sentosa/Sentausa",
  "kodepos" : "24313"
}, {
  "kecamatan" : "Simpang Kramat (Keramat)",
  "kelurahan" : "Paya Leupah",
  "kodepos" : "24313"
}, {
  "kecamatan" : "Simpang Kramat (Keramat)",
  "kelurahan" : "Meunasah Teungoh",
  "kodepos" : "24313"
}, {
  "kecamatan" : "Simpang Kramat (Keramat)",
  "kelurahan" : "Mancang",
  "kodepos" : "24313"
}, {
  "kecamatan" : "Simpang Kramat (Keramat)",
  "kelurahan" : "Meunasah Baroh",
  "kodepos" : "24313"
}, {
  "kecamatan" : "Simpang Kramat (Keramat)",
  "kelurahan" : "Meunasah Dayah Spk",
  "kodepos" : "24313"
}, {
  "kecamatan" : "Simpang Kramat (Keramat)",
  "kelurahan" : "Keude Simpang Empat (IV)",
  "kodepos" : "24313"
}, {
  "kecamatan" : "Simpang Kramat (Keramat)",
  "kelurahan" : "Kilo Meter VI",
  "kodepos" : "24313"
}, {
  "kecamatan" : "Simpang Kramat (Keramat)",
  "kelurahan" : "Kilo Meter VIII",
  "kodepos" : "24313"
}, {
  "kecamatan" : "Simpang Kramat (Keramat)",
  "kelurahan" : "Ie Tarek I",
  "kodepos" : "24313"
}, {
  "kecamatan" : "Simpang Kramat (Keramat)",
  "kelurahan" : "Ie Tarek II",
  "kodepos" : "24313"
}, {
  "kecamatan" : "Simpang Kramat (Keramat)",
  "kelurahan" : "Kebon Baru/Baro",
  "kodepos" : "24313"
}, {
  "kecamatan" : "Simpang Kramat (Keramat)",
  "kelurahan" : "Alue Badee",
  "kodepos" : "24313"
}, {
  "kecamatan" : "Simpang Kramat (Keramat)",
  "kelurahan" : "Blang Raleue",
  "kodepos" : "24313"
} ]
