[ {
  "kecamatan" : "Blang Mangat",
  "kelurahan" : "Teungoh",
  "kodepos" : "24375"
}, {
  "kecamatan" : "Blang Mangat",
  "kelurahan" : "Tunong",
  "kodepos" : "24375"
}, {
  "kecamatan" : "Blang Mangat",
  "kelurahan" : "Ulee Blang Mane",
  "kodepos" : "24375"
}, {
  "kecamatan" : "Blang Mangat",
  "kelurahan" : "Rayeuk Kareung",
  "kodepos" : "24375"
}, {
  "kecamatan" : "Blang Mangat",
  "kelurahan" : "Seuneubok",
  "kodepos" : "24375"
}, {
  "kecamatan" : "Blang Mangat",
  "kelurahan" : "Mesjid Meuraya",
  "kodepos" : "24375"
}, {
  "kecamatan" : "Blang Mangat",
  "kelurahan" : "Mesjid Punteuet",
  "kodepos" : "24375"
}, {
  "kecamatan" : "Blang Mangat",
  "kelurahan" : "Mane Kareung",
  "kodepos" : "24375"
}, {
  "kecamatan" : "Blang Mangat",
  "kelurahan" : "Kuala",
  "kodepos" : "24375"
}, {
  "kecamatan" : "Blang Mangat",
  "kelurahan" : "Kumbang Punteuet",
  "kodepos" : "24375"
}, {
  "kecamatan" : "Blang Mangat",
  "kelurahan" : "Jeulikat",
  "kodepos" : "24375"
}, {
  "kecamatan" : "Blang Mangat",
  "kelurahan" : "Keude Panteuet",
  "kodepos" : "24375"
}, {
  "kecamatan" : "Blang Mangat",
  "kelurahan" : "Blang Weu Panjou",
  "kodepos" : "24375"
}, {
  "kecamatan" : "Blang Mangat",
  "kelurahan" : "Jambo Timu",
  "kodepos" : "24375"
}, {
  "kecamatan" : "Blang Mangat",
  "kelurahan" : "Blang Punteuet",
  "kodepos" : "24375"
}, {
  "kecamatan" : "Blang Mangat",
  "kelurahan" : "Blang Teue",
  "kodepos" : "24375"
}, {
  "kecamatan" : "Blang Mangat",
  "kelurahan" : "Blang Weu Baroh",
  "kodepos" : "24375"
}, {
  "kecamatan" : "Blang Mangat",
  "kelurahan" : "Blang Buloh",
  "kodepos" : "24375"
}, {
  "kecamatan" : "Blang Mangat",
  "kelurahan" : "Blang Cut",
  "kodepos" : "24375"
}, {
  "kecamatan" : "Blang Mangat",
  "kelurahan" : "Alue Lim",
  "kodepos" : "24375"
}, {
  "kecamatan" : "Blang Mangat",
  "kelurahan" : "Asan Kareung",
  "kodepos" : "24375"
}, {
  "kecamatan" : "Blang Mangat",
  "kelurahan" : "Baloy",
  "kodepos" : "24375"
}, {
  "kecamatan" : "Muara Dua",
  "kelurahan" : "Uteun Kot",
  "kodepos" : "24352"
}, {
  "kecamatan" : "Muara Satu",
  "kelurahan" : "Ujong Pacu",
  "kodepos" : "24352"
}, {
  "kecamatan" : "Muara Dua",
  "kelurahan" : "Paya Bili",
  "kodepos" : "24352"
}, {
  "kecamatan" : "Muara Dua",
  "kelurahan" : "Paya Punteut (Punteuet)",
  "kodepos" : "24352"
}, {
  "kecamatan" : "Muara Dua",
  "kelurahan" : "Paloh Batee",
  "kodepos" : "24352"
}, {
  "kecamatan" : "Muara Dua",
  "kelurahan" : "Panggoi",
  "kodepos" : "24352"
}, {
  "kecamatan" : "Muara Satu",
  "kelurahan" : "Paloh Punti",
  "kodepos" : "24352"
}, {
  "kecamatan" : "Muara Satu",
  "kelurahan" : "Meuria Paloh",
  "kodepos" : "24352"
}, {
  "kecamatan" : "Muara Satu",
  "kelurahan" : "Padang Sakti",
  "kodepos" : "24352"
}, {
  "kecamatan" : "Muara Dua",
  "kelurahan" : "Meunasah Mee",
  "kodepos" : "24352"
}, {
  "kecamatan" : "Muara Dua",
  "kelurahan" : "Meunasah Mesjid",
  "kodepos" : "24352"
}, {
  "kecamatan" : "Muara Dua",
  "kelurahan" : "Meunasah Blang /Blt",
  "kodepos" : "24352"
}, {
  "kecamatan" : "Muara Dua",
  "kelurahan" : "Meunasah Manyang",
  "kodepos" : "24352"
}, {
  "kecamatan" : "Muara Satu",
  "kelurahan" : "Meunasah Dayah",
  "kodepos" : "24352"
}, {
  "kecamatan" : "Muara Dua",
  "kelurahan" : "Meunasah Alue",
  "kodepos" : "24352"
}, {
  "kecamatan" : "Muara Dua",
  "kelurahan" : "Lhok Mon Puteh",
  "kodepos" : "24352"
}, {
  "kecamatan" : "Muara Dua",
  "kelurahan" : "Keude Cunda",
  "kodepos" : "24352"
}, {
  "kecamatan" : "Muara Satu",
  "kelurahan" : "Cot Trieng",
  "kodepos" : "24352"
}, {
  "kecamatan" : "Muara Dua",
  "kelurahan" : "Cut Mamplam",
  "kodepos" : "24352"
}, {
  "kecamatan" : "Muara Dua",
  "kelurahan" : "Cot Girek Kandang",
  "kodepos" : "24352"
}, {
  "kecamatan" : "Muara Satu",
  "kelurahan" : "Blang Pulo",
  "kodepos" : "24352"
}, {
  "kecamatan" : "Muara Satu",
  "kelurahan" : "Blang Panyang",
  "kodepos" : "24352"
}, {
  "kecamatan" : "Muara Dua",
  "kelurahan" : "Blang Pohroh",
  "kodepos" : "24352"
}, {
  "kecamatan" : "Muara Satu",
  "kelurahan" : "Blang Naleung Mameh",
  "kodepos" : "24352"
}, {
  "kecamatan" : "Muara Dua",
  "kelurahan" : "Blang Crum",
  "kodepos" : "24352"
}, {
  "kecamatan" : "Muara Satu",
  "kelurahan" : "Batu Phat Barat",
  "kodepos" : "24352"
}, {
  "kecamatan" : "Muara Satu",
  "kelurahan" : "Batu Phat Timur",
  "kodepos" : "24352"
}, {
  "kecamatan" : "Muara Dua",
  "kelurahan" : "Alue Awe",
  "kodepos" : "24352"
}, {
  "kecamatan" : "Banda Sakti",
  "kelurahan" : "Ujong Blang",
  "kodepos" : "24351"
}, {
  "kecamatan" : "Banda Sakti",
  "kelurahan" : "Ulee Jalan",
  "kodepos" : "24351"
}, {
  "kecamatan" : "Banda Sakti",
  "kelurahan" : "Uteun Bayi",
  "kodepos" : "24351"
}, {
  "kecamatan" : "Banda Sakti",
  "kelurahan" : "Lancang Garam",
  "kodepos" : "24351"
}, {
  "kecamatan" : "Banda Sakti",
  "kelurahan" : "Mon Geudong",
  "kodepos" : "24351"
}, {
  "kecamatan" : "Banda Sakti",
  "kelurahan" : "Pusong Lama",
  "kodepos" : "24351"
}, {
  "kecamatan" : "Banda Sakti",
  "kelurahan" : "Kampung Jawa Lama",
  "kodepos" : "24351"
}, {
  "kecamatan" : "Banda Sakti",
  "kelurahan" : "Keude Aceh",
  "kodepos" : "24351"
}, {
  "kecamatan" : "Banda Sakti",
  "kelurahan" : "Kuta Blang",
  "kodepos" : "24351"
}, {
  "kecamatan" : "Banda Sakti",
  "kelurahan" : "Hagu Teungoh",
  "kodepos" : "24351"
}, {
  "kecamatan" : "Banda Sakti",
  "kelurahan" : "Hagu Selatan",
  "kodepos" : "24351"
}, {
  "kecamatan" : "Banda Sakti",
  "kelurahan" : "Kampung Jawa Baru",
  "kodepos" : "24315"
}, {
  "kecamatan" : "Banda Sakti",
  "kelurahan" : "Banda Masem",
  "kodepos" : "24351"
}, {
  "kecamatan" : "Banda Sakti",
  "kelurahan" : "Hagu Barat Laut",
  "kodepos" : "24351"
}, {
  "kecamatan" : "Banda Sakti",
  "kelurahan" : "Lhokseumawe",
  "kodepos" : "24314"
}, {
  "kecamatan" : "Banda Sakti",
  "kelurahan" : "Pusong Baru",
  "kodepos" : "24314"
}, {
  "kecamatan" : "Banda Sakti",
  "kelurahan" : "Simpang Empat",
  "kodepos" : "24313"
}, {
  "kecamatan" : "Banda Sakti",
  "kelurahan" : "Tumpok Teungoh",
  "kodepos" : "24311"
} ]
