[ {
  "kecamatan" : "Kota Padang",
  "kelurahan" : "Taba Anyar",
  "kodepos" : "39183"
}, {
  "kecamatan" : "Kota Padang",
  "kelurahan" : "Tanjung Gelang",
  "kodepos" : "39183"
}, {
  "kecamatan" : "Sindang Beliti Ilir",
  "kelurahan" : "Sukakarya",
  "kodepos" : "39183"
}, {
  "kecamatan" : "Kota Padang",
  "kelurahan" : "Suka Rami",
  "kodepos" : "39183"
}, {
  "kecamatan" : "Sindang Beliti Ilir",
  "kelurahan" : "Suka Merindu",
  "kodepos" : "39183"
}, {
  "kecamatan" : "Sindang Beliti Ilir",
  "kelurahan" : "Sari Pulau",
  "kodepos" : "39183"
}, {
  "kecamatan" : "Sindang Beliti Ilir",
  "kelurahan" : "Periang",
  "kodepos" : "39183"
}, {
  "kecamatan" : "Sindang Beliti Ilir",
  "kelurahan" : "Merantau",
  "kodepos" : "39183"
}, {
  "kecamatan" : "Kota Padang",
  "kelurahan" : "Lubuk Mumpo",
  "kodepos" : "39183"
}, {
  "kecamatan" : "Sindang Beliti Ilir",
  "kelurahan" : "Lubuk Tanjung/Tunjung",
  "kodepos" : "39183"
}, {
  "kecamatan" : "Sindang Beliti Ilir",
  "kelurahan" : "Lubuk Bingin Baru",
  "kodepos" : "39183"
}, {
  "kecamatan" : "Sindang Beliti Ilir",
  "kelurahan" : "Lubuk Belimbing II",
  "kodepos" : "39183"
}, {
  "kecamatan" : "Kota Padang",
  "kelurahan" : "Kota Padang Baru",
  "kodepos" : "39183"
}, {
  "kecamatan" : "Sindang Beliti Ilir",
  "kelurahan" : "Lubuk Belimbing I",
  "kodepos" : "39183"
}, {
  "kecamatan" : "Kota Padang",
  "kelurahan" : "Kota Padang",
  "kodepos" : "39183"
}, {
  "kecamatan" : "Kota Padang",
  "kelurahan" : "Dusun Baru",
  "kodepos" : "39183"
}, {
  "kecamatan" : "Kota Padang",
  "kelurahan" : "Durian Mas",
  "kodepos" : "39183"
}, {
  "kecamatan" : "Kota Padang",
  "kelurahan" : "Derati",
  "kodepos" : "39183"
}, {
  "kecamatan" : "Kota Padang",
  "kelurahan" : "Bedeng SS",
  "kodepos" : "39183"
}, {
  "kecamatan" : "Sindang Beliti Ilir",
  "kelurahan" : "Balai Buntar/Butar",
  "kodepos" : "39183"
}, {
  "kecamatan" : "Padang Ulak Tanding",
  "kelurahan" : "Ulak Tanding",
  "kodepos" : "39182"
}, {
  "kecamatan" : "Padang Ulak Tanding",
  "kelurahan" : "Ujan Panas",
  "kodepos" : "39182"
}, {
  "kecamatan" : "Padang Ulak Tanding",
  "kelurahan" : "Tanjung Sanai II",
  "kodepos" : "39182"
}, {
  "kecamatan" : "Padang Ulak Tanding",
  "kelurahan" : "Tanjung Sanai I",
  "kodepos" : "39182"
}, {
  "kecamatan" : "Sindang Beliti Ulu",
  "kelurahan" : "Tanjung Agung",
  "kodepos" : "39182"
}, {
  "kecamatan" : "Sindang Beliti Ulu",
  "kelurahan" : "Tanjung Heran",
  "kodepos" : "39182"
}, {
  "kecamatan" : "Padang Ulak Tanding",
  "kelurahan" : "Taktoi",
  "kodepos" : "39182"
}, {
  "kecamatan" : "Padang Ulak Tanding",
  "kelurahan" : "Taba Tinggi",
  "kodepos" : "39182"
}, {
  "kecamatan" : "Binduriang",
  "kelurahan" : "Taba Padang",
  "kodepos" : "39182"
}, {
  "kecamatan" : "Binduriang",
  "kelurahan" : "Simpang Beliti",
  "kodepos" : "39182"
}, {
  "kecamatan" : "Sindang Beliti Ulu",
  "kelurahan" : "Pengambang",
  "kodepos" : "39182"
}, {
  "kecamatan" : "Padang Ulak Tanding",
  "kelurahan" : "Pasar Padang Ulak Tanding",
  "kodepos" : "39182"
}, {
  "kecamatan" : "Padang Ulak Tanding",
  "kelurahan" : "Muara Telita",
  "kodepos" : "39182"
}, {
  "kecamatan" : "Sindang Beliti Ulu",
  "kelurahan" : "Lubuk Alai",
  "kodepos" : "39182"
}, {
  "kecamatan" : "Sindang Beliti Ulu",
  "kelurahan" : "Lawang Agung",
  "kodepos" : "39182"
}, {
  "kecamatan" : "Binduriang",
  "kelurahan" : "Kepala Curup",
  "kodepos" : "39182"
}, {
  "kecamatan" : "Padang Ulak Tanding",
  "kelurahan" : "Kasie Kasubun",
  "kodepos" : "39182"
}, {
  "kecamatan" : "Sindang Beliti Ulu",
  "kelurahan" : "Karang Pinang",
  "kodepos" : "39182"
}, {
  "kecamatan" : "Padang Ulak Tanding",
  "kelurahan" : "Karang Baru",
  "kodepos" : "39182"
}, {
  "kecamatan" : "Binduriang",
  "kelurahan" : "Kampung Jeruk",
  "kodepos" : "39182"
}, {
  "kecamatan" : "Sindang Beliti Ulu",
  "kelurahan" : "Jabi",
  "kodepos" : "39182"
}, {
  "kecamatan" : "Padang Ulak Tanding",
  "kelurahan" : "Guru Agung",
  "kodepos" : "39182"
}, {
  "kecamatan" : "Padang Ulak Tanding",
  "kelurahan" : "Bukit Batu",
  "kodepos" : "39182"
}, {
  "kecamatan" : "Padang Ulak Tanding",
  "kelurahan" : "Belumai II",
  "kodepos" : "39182"
}, {
  "kecamatan" : "Sindang Beliti Ulu",
  "kelurahan" : "Apur",
  "kodepos" : "39182"
}, {
  "kecamatan" : "Padang Ulak Tanding",
  "kelurahan" : "Belumai I",
  "kodepos" : "39182"
}, {
  "kecamatan" : "Sindang Beliti Ulu",
  "kelurahan" : "Air Nau",
  "kodepos" : "39182"
}, {
  "kecamatan" : "Binduriang",
  "kelurahan" : "Air Apo",
  "kodepos" : "39182"
}, {
  "kecamatan" : "Padang Ulak Tanding",
  "kelurahan" : "Air Kati",
  "kodepos" : "39182"
}, {
  "kecamatan" : "Sindang Daratan",
  "kelurahan" : "Warung Pojok",
  "kodepos" : "39153"
}, {
  "kecamatan" : "Sindang Kelingi",
  "kelurahan" : "Tanjung Aur",
  "kodepos" : "39153"
}, {
  "kecamatan" : "Sindang Kelingi",
  "kelurahan" : "Talang Lahat",
  "kodepos" : "39153"
}, {
  "kecamatan" : "Sindang Daratan",
  "kelurahan" : "Talang Belitar",
  "kodepos" : "39153"
}, {
  "kecamatan" : "Selupu Rejang",
  "kelurahan" : "Sumber Bening",
  "kodepos" : "39153"
}, {
  "kecamatan" : "Selupu Rejang",
  "kelurahan" : "Sumber Urip",
  "kodepos" : "39153"
}, {
  "kecamatan" : "Selupu Rejang",
  "kelurahan" : "Suban Ayam",
  "kodepos" : "39153"
}, {
  "kecamatan" : "Sindang Kelingi",
  "kelurahan" : "Sindang Jaya",
  "kodepos" : "39153"
}, {
  "kecamatan" : "Sindang Kelingi",
  "kelurahan" : "Sindang Jati",
  "kodepos" : "39153"
}, {
  "kecamatan" : "Sindang Daratan",
  "kelurahan" : "Sinar Gunung",
  "kodepos" : "39153"
}, {
  "kecamatan" : "Selupu Rejang",
  "kelurahan" : "Simpang Nangka",
  "kodepos" : "39153"
}, {
  "kecamatan" : "Selupu Rejang",
  "kelurahan" : "Sambirejo",
  "kodepos" : "39153"
}, {
  "kecamatan" : "Sindang Kelingi",
  "kelurahan" : "Mojorejo",
  "kodepos" : "39153"
}, {
  "kecamatan" : "Sindang Kelingi",
  "kelurahan" : "Pelalo",
  "kodepos" : "39153"
}, {
  "kecamatan" : "Selupu Rejang",
  "kelurahan" : "Kayu Manis",
  "kodepos" : "39153"
}, {
  "kecamatan" : "Sindang Kelingi",
  "kelurahan" : "Kayu Manis",
  "kodepos" : "39153"
}, {
  "kecamatan" : "Selupu Rejang",
  "kelurahan" : "Kampung Baru",
  "kodepos" : "39153"
}, {
  "kecamatan" : "Selupu Rejang",
  "kelurahan" : "Karang Jaya",
  "kodepos" : "39153"
}, {
  "kecamatan" : "Sindang Daratan",
  "kelurahan" : "IV/Empat Suku Menanti",
  "kodepos" : "39153"
}, {
  "kecamatan" : "Selupu Rejang",
  "kelurahan" : "Kali Padang",
  "kodepos" : "39153"
}, {
  "kecamatan" : "Selupu Rejang",
  "kelurahan" : "Cawang Baru",
  "kodepos" : "39153"
}, {
  "kecamatan" : "Selupu Rejang",
  "kelurahan" : "Cawang Lama",
  "kodepos" : "39153"
}, {
  "kecamatan" : "Sindang Daratan",
  "kelurahan" : "Bengko",
  "kodepos" : "39153"
}, {
  "kecamatan" : "Sindang Kelingi",
  "kelurahan" : "Beringin Tiga",
  "kodepos" : "39153"
}, {
  "kecamatan" : "Sindang Kelingi",
  "kelurahan" : "Cahaya Negeri",
  "kodepos" : "39153"
}, {
  "kecamatan" : "Sindang Kelingi",
  "kelurahan" : "Belitar Muka",
  "kodepos" : "39153"
}, {
  "kecamatan" : "Sindang Kelingi",
  "kelurahan" : "Belitar Seberang",
  "kodepos" : "39153"
}, {
  "kecamatan" : "Selupu Rejang",
  "kelurahan" : "Air Putih Kali Bandung",
  "kodepos" : "39153"
}, {
  "kecamatan" : "Sindang Daratan",
  "kelurahan" : "Air Rusa",
  "kodepos" : "39153"
}, {
  "kecamatan" : "Selupu Rejang",
  "kelurahan" : "Air Duku",
  "kodepos" : "39153"
}, {
  "kecamatan" : "Selupu Rejang",
  "kelurahan" : "Air Meles Atas",
  "kodepos" : "39153"
}, {
  "kecamatan" : "Sindang Kelingi",
  "kelurahan" : "Air Dingin",
  "kodepos" : "39153"
}, {
  "kecamatan" : "Bermani Ulu",
  "kelurahan" : "Tebat Tenong Dalam",
  "kodepos" : "39152"
}, {
  "kecamatan" : "Bermani Ulu Raya",
  "kelurahan" : "Tebat Tenong Luar",
  "kodepos" : "39152"
}, {
  "kecamatan" : "Bermani Ulu",
  "kelurahan" : "Tebat Pulau",
  "kodepos" : "39152"
}, {
  "kecamatan" : "Bermani Ulu Raya",
  "kelurahan" : "Sumber Rejo Transad",
  "kodepos" : "39152"
}, {
  "kecamatan" : "Bermani Ulu",
  "kelurahan" : "Sentral Baru",
  "kodepos" : "39152"
}, {
  "kecamatan" : "Bermani Ulu",
  "kelurahan" : "Suka Rami",
  "kodepos" : "39152"
}, {
  "kecamatan" : "Bermani Ulu",
  "kelurahan" : "Purwodadi",
  "kodepos" : "39152"
}, {
  "kecamatan" : "Bermani Ulu",
  "kelurahan" : "Selamat Sudiarjo",
  "kodepos" : "39152"
}, {
  "kecamatan" : "Bermani Ulu Raya",
  "kelurahan" : "Pal VIII/Delapan",
  "kodepos" : "39152"
}, {
  "kecamatan" : "Bermani Ulu Raya",
  "kelurahan" : "Pal Seratus/100",
  "kodepos" : "39152"
}, {
  "kecamatan" : "Bermani Ulu Raya",
  "kelurahan" : "Pal VII/Tujuh",
  "kodepos" : "39152"
}, {
  "kecamatan" : "Bermani Ulu",
  "kelurahan" : "Kampung Sajad",
  "kodepos" : "39152"
}, {
  "kecamatan" : "Bermani Ulu",
  "kelurahan" : "Pagar Gunung",
  "kodepos" : "39152"
}, {
  "kecamatan" : "Bermani Ulu",
  "kelurahan" : "Kampung Melayu",
  "kodepos" : "39152"
}, {
  "kecamatan" : "Bermani Ulu Raya",
  "kelurahan" : "Dataran Tapus",
  "kodepos" : "39152"
}, {
  "kecamatan" : "Bermani Ulu",
  "kelurahan" : "Baru Manis",
  "kodepos" : "39152"
}, {
  "kecamatan" : "Bermani Ulu Raya",
  "kelurahan" : "Bangun Jaya",
  "kodepos" : "39152"
}, {
  "kecamatan" : "Bermani Ulu Raya",
  "kelurahan" : "Babakan Baru",
  "kodepos" : "39152"
}, {
  "kecamatan" : "Bermani Ulu Raya",
  "kelurahan" : "Bandung Marga",
  "kodepos" : "39152"
}, {
  "kecamatan" : "Bermani Ulu",
  "kelurahan" : "Air Mundu",
  "kodepos" : "39152"
}, {
  "kecamatan" : "Bermani Ulu",
  "kelurahan" : "Air Pikat",
  "kodepos" : "39152"
}, {
  "kecamatan" : "Bermani Ulu Raya",
  "kelurahan" : "Air Bening",
  "kodepos" : "39152"
}, {
  "kecamatan" : "Curup Selatan",
  "kelurahan" : "Turan Baru",
  "kodepos" : "39125"
}, {
  "kecamatan" : "Curup Selatan",
  "kelurahan" : "Watas Marga",
  "kodepos" : "39125"
}, {
  "kecamatan" : "Curup Selatan",
  "kelurahan" : "Teladan (Desa Teladan)",
  "kodepos" : "39125"
}, {
  "kecamatan" : "Curup",
  "kelurahan" : "Timbul Rejo",
  "kodepos" : "39125"
}, {
  "kecamatan" : "Curup Selatan",
  "kelurahan" : "Tanjung Dalam",
  "kodepos" : "39125"
}, {
  "kecamatan" : "Curup Utara",
  "kelurahan" : "Tasikmalaya",
  "kodepos" : "39125"
}, {
  "kecamatan" : "Curup Utara",
  "kelurahan" : "Tabarenah",
  "kodepos" : "39125"
}, {
  "kecamatan" : "Curup Utara",
  "kelurahan" : "Tanjung Beringin",
  "kodepos" : "39125"
}, {
  "kecamatan" : "Curup Timur",
  "kelurahan" : "Talang Ulu",
  "kodepos" : "39125"
}, {
  "kecamatan" : "Curup Selatan",
  "kelurahan" : "Suka Marga",
  "kodepos" : "39125"
}, {
  "kecamatan" : "Curup Utara",
  "kelurahan" : "Suka Datang",
  "kodepos" : "39125"
}, {
  "kecamatan" : "Curup Selatan",
  "kelurahan" : "Pungguk Lalang",
  "kodepos" : "39125"
}, {
  "kecamatan" : "Curup Selatan",
  "kelurahan" : "Rimbo Recap",
  "kodepos" : "39125"
}, {
  "kecamatan" : "Curup Utara",
  "kelurahan" : "Seguring",
  "kodepos" : "39125"
}, {
  "kecamatan" : "Curup Selatan",
  "kelurahan" : "Lubuk Ubar",
  "kodepos" : "39125"
}, {
  "kecamatan" : "Curup Utara",
  "kelurahan" : "Perbo",
  "kodepos" : "39125"
}, {
  "kecamatan" : "Curup Utara",
  "kelurahan" : "Kota Pagu",
  "kodepos" : "39125"
}, {
  "kecamatan" : "Curup Utara",
  "kelurahan" : "Lubuk Kembang",
  "kodepos" : "39125"
}, {
  "kecamatan" : "Curup Timur",
  "kelurahan" : "Kesambe Baru",
  "kodepos" : "39125"
}, {
  "kecamatan" : "Curup Timur",
  "kelurahan" : "Kesambe Lama",
  "kodepos" : "39125"
}, {
  "kecamatan" : "Curup Utara",
  "kelurahan" : "Dusun Sawah",
  "kodepos" : "39125"
}, {
  "kecamatan" : "Curup Timur",
  "kelurahan" : "Kampung Delima",
  "kodepos" : "39125"
}, {
  "kecamatan" : "Curup Timur",
  "kelurahan" : "Duku Ilir",
  "kodepos" : "39125"
}, {
  "kecamatan" : "Curup Timur",
  "kelurahan" : "Duku Ulu",
  "kodepos" : "39125"
}, {
  "kecamatan" : "Curup Utara",
  "kelurahan" : "Desa Pahlawan",
  "kodepos" : "39125"
}, {
  "kecamatan" : "Curup Utara",
  "kelurahan" : "Batu Dewa",
  "kodepos" : "39125"
}, {
  "kecamatan" : "Curup Utara",
  "kelurahan" : "Batu Panco",
  "kodepos" : "39125"
}, {
  "kecamatan" : "Curup Tengah",
  "kelurahan" : "Batu Galing",
  "kodepos" : "39125"
}, {
  "kecamatan" : "Curup Tengah",
  "kelurahan" : "Air Merah",
  "kodepos" : "39125"
}, {
  "kecamatan" : "Curup Tengah",
  "kelurahan" : "Banyumas",
  "kodepos" : "39125"
}, {
  "kecamatan" : "Curup Tengah",
  "kelurahan" : "Air Bang",
  "kodepos" : "39125"
}, {
  "kecamatan" : "Curup Selatan",
  "kelurahan" : "Air Lanang",
  "kodepos" : "39125"
}, {
  "kecamatan" : "Curup",
  "kelurahan" : "Adirejo",
  "kodepos" : "39125"
}, {
  "kecamatan" : "Curup Selatan",
  "kelurahan" : "Tempel Rejo",
  "kodepos" : "39124"
}, {
  "kecamatan" : "Curup Utara",
  "kelurahan" : "Tunas Harapan",
  "kodepos" : "39123"
}, {
  "kecamatan" : "Curup Timur",
  "kelurahan" : "Sukaraja",
  "kodepos" : "39121"
}, {
  "kecamatan" : "Curup Utara",
  "kelurahan" : "Dusun Curup",
  "kodepos" : "39119"
}, {
  "kecamatan" : "Curup Tengah",
  "kelurahan" : "Sidorejo/Siderejo",
  "kodepos" : "39119"
}, {
  "kecamatan" : "Curup",
  "kelurahan" : "Pasar Tengah",
  "kodepos" : "39117"
}, {
  "kecamatan" : "Curup",
  "kelurahan" : "Talang Benih",
  "kodepos" : "39118"
}, {
  "kecamatan" : "Curup",
  "kelurahan" : "Jalan Baru",
  "kodepos" : "39117"
}, {
  "kecamatan" : "Curup Tengah",
  "kelurahan" : "Kepala Siring",
  "kodepos" : "39116"
}, {
  "kecamatan" : "Curup Tengah",
  "kelurahan" : "Pelabuhan Baru",
  "kodepos" : "39115"
}, {
  "kecamatan" : "Curup Timur",
  "kelurahan" : "Karang Anyar",
  "kodepos" : "39116"
}, {
  "kecamatan" : "Curup Tengah",
  "kelurahan" : "Kampung Jawa",
  "kodepos" : "39115"
}, {
  "kecamatan" : "Curup Timur",
  "kelurahan" : "Air Meles Bawah",
  "kodepos" : "39115"
}, {
  "kecamatan" : "Curup Tengah",
  "kelurahan" : "Talang Rimbo Lama",
  "kodepos" : "39114"
}, {
  "kecamatan" : "Curup",
  "kelurahan" : "Pasar Baru",
  "kodepos" : "39113"
}, {
  "kecamatan" : "Curup Tengah",
  "kelurahan" : "Talang Rimbo Baru",
  "kodepos" : "39113"
}, {
  "kecamatan" : "Curup",
  "kelurahan" : "Dwi Tunggal",
  "kodepos" : "39112"
}, {
  "kecamatan" : "Curup Selatan",
  "kelurahan" : "Air Putih Baru",
  "kodepos" : "39112"
}, {
  "kecamatan" : "Curup",
  "kelurahan" : "Air Putih Lama",
  "kodepos" : "39112"
}, {
  "kecamatan" : "Curup",
  "kelurahan" : "Air Rambai",
  "kodepos" : "39111"
} ]
