[ {
  "kecamatan" : "Makmur",
  "kelurahan" : "Ulee Gle",
  "kodepos" : "24357"
}, {
  "kecamatan" : "Makmur",
  "kelurahan" : "Trienggadeng",
  "kodepos" : "24357"
}, {
  "kecamatan" : "Makmur",
  "kelurahan" : "Sukarame",
  "kodepos" : "24357"
}, {
  "kecamatan" : "Makmur",
  "kelurahan" : "Tanjong Mulia",
  "kodepos" : "24357"
}, {
  "kecamatan" : "Makmur",
  "kelurahan" : "Pulo Teungoh",
  "kodepos" : "24357"
}, {
  "kecamatan" : "Makmur",
  "kelurahan" : "Seuneubok Baro",
  "kodepos" : "24357"
}, {
  "kecamatan" : "Makmur",
  "kelurahan" : "Panton Mesjid",
  "kodepos" : "24357"
}, {
  "kecamatan" : "Makmur",
  "kelurahan" : "Paya Dua",
  "kodepos" : "24357"
}, {
  "kecamatan" : "Makmur",
  "kelurahan" : "Pandak",
  "kodepos" : "24357"
}, {
  "kecamatan" : "Makmur",
  "kelurahan" : "Pante Breuh",
  "kodepos" : "24357"
}, {
  "kecamatan" : "Makmur",
  "kelurahan" : "Meureubo",
  "kodepos" : "24357"
}, {
  "kecamatan" : "Makmur",
  "kelurahan" : "Mon Ara",
  "kodepos" : "24357"
}, {
  "kecamatan" : "Makmur",
  "kelurahan" : "Leubu Mesjid",
  "kodepos" : "24357"
}, {
  "kecamatan" : "Makmur",
  "kelurahan" : "Matang Kumbang",
  "kodepos" : "24357"
}, {
  "kecamatan" : "Makmur",
  "kelurahan" : "Leubu Cot",
  "kodepos" : "24357"
}, {
  "kecamatan" : "Makmur",
  "kelurahan" : "Leubu Me",
  "kodepos" : "24357"
}, {
  "kecamatan" : "Makmur",
  "kelurahan" : "Lapehan Mesjid",
  "kodepos" : "24357"
}, {
  "kecamatan" : "Makmur",
  "kelurahan" : "Kuta Barat",
  "kodepos" : "24357"
}, {
  "kecamatan" : "Makmur",
  "kelurahan" : "Lapehan Mesjid",
  "kodepos" : "24357"
}, {
  "kecamatan" : "Makmur",
  "kelurahan" : "Blang Perlak",
  "kodepos" : "24357"
}, {
  "kecamatan" : "Makmur",
  "kelurahan" : "Buket Selamat",
  "kodepos" : "24357"
}, {
  "kecamatan" : "Makmur",
  "kelurahan" : "Blang Kutang",
  "kodepos" : "24357"
}, {
  "kecamatan" : "Makmur",
  "kelurahan" : "Blang Mane",
  "kodepos" : "24357"
}, {
  "kecamatan" : "Makmur",
  "kelurahan" : "Batee Dabai",
  "kodepos" : "24357"
}, {
  "kecamatan" : "Makmur",
  "kelurahan" : "Blang Dalam",
  "kodepos" : "24357"
}, {
  "kecamatan" : "Makmur",
  "kelurahan" : "Alue Dua",
  "kodepos" : "24357"
}, {
  "kecamatan" : "Makmur",
  "kelurahan" : "Ara Lipeh",
  "kodepos" : "24357"
}, {
  "kecamatan" : "Kuta Blang",
  "kelurahan" : "Ujong Blang",
  "kodepos" : "24356"
}, {
  "kecamatan" : "Kuta Blang",
  "kelurahan" : "Ulee Pusong",
  "kodepos" : "24356"
}, {
  "kecamatan" : "Kuta Blang",
  "kelurahan" : "Tingkeum Baro",
  "kodepos" : "24356"
}, {
  "kecamatan" : "Kuta Blang",
  "kelurahan" : "Tingkeum Manyang",
  "kodepos" : "24356"
}, {
  "kecamatan" : "Ganda Pura",
  "kelurahan" : "Ujong Bayu",
  "kodepos" : "24356"
}, {
  "kecamatan" : "Ganda Pura",
  "kelurahan" : "Teupin Siron",
  "kodepos" : "24356"
}, {
  "kecamatan" : "Kuta Blang",
  "kelurahan" : "Tanjong Siron",
  "kodepos" : "24356"
}, {
  "kecamatan" : "Ganda Pura",
  "kelurahan" : "Tanjong Mesjid",
  "kodepos" : "24356"
}, {
  "kecamatan" : "Ganda Pura",
  "kelurahan" : "Tanjong Raya",
  "kodepos" : "24356"
}, {
  "kecamatan" : "Ganda Pura",
  "kelurahan" : "Samuti Makmur",
  "kodepos" : "24356"
}, {
  "kecamatan" : "Ganda Pura",
  "kelurahan" : "Samuti Rayeuk",
  "kodepos" : "24356"
}, {
  "kecamatan" : "Ganda Pura",
  "kelurahan" : "Tanjong Bungong",
  "kodepos" : "24356"
}, {
  "kecamatan" : "Ganda Pura",
  "kelurahan" : "Samuti Aman",
  "kodepos" : "24356"
}, {
  "kecamatan" : "Ganda Pura",
  "kelurahan" : "Samuti Krueng",
  "kodepos" : "24356"
}, {
  "kecamatan" : "Kuta Blang",
  "kelurahan" : "Pulo Reudeup",
  "kodepos" : "24356"
}, {
  "kecamatan" : "Kuta Blang",
  "kelurahan" : "Pulo Siron/Siren",
  "kodepos" : "24356"
}, {
  "kecamatan" : "Kuta Blang",
  "kelurahan" : "Rancong",
  "kodepos" : "24356"
}, {
  "kecamatan" : "Kuta Blang",
  "kelurahan" : "Pulo Nga",
  "kodepos" : "24356"
}, {
  "kecamatan" : "Ganda Pura",
  "kelurahan" : "Pulo Gisa",
  "kodepos" : "24356"
}, {
  "kecamatan" : "Kuta Blang",
  "kelurahan" : "Pulo Awe",
  "kodepos" : "24356"
}, {
  "kecamatan" : "Kuta Blang",
  "kelurahan" : "Pulo Blang",
  "kodepos" : "24356"
}, {
  "kecamatan" : "Ganda Pura",
  "kelurahan" : "Paya Seupat",
  "kodepos" : "24356"
}, {
  "kecamatan" : "Kuta Blang",
  "kelurahan" : "Paya Rangkuluh",
  "kodepos" : "24356"
}, {
  "kecamatan" : "Ganda Pura",
  "kelurahan" : "Paya Baro",
  "kodepos" : "24356"
}, {
  "kecamatan" : "Ganda Pura",
  "kelurahan" : "Paya Kareung",
  "kodepos" : "24356"
}, {
  "kecamatan" : "Kuta Blang",
  "kelurahan" : "Parang Sikureung",
  "kodepos" : "24356"
}, {
  "kecamatan" : "Ganda Pura",
  "kelurahan" : "Pante Sikeumbong (Sikumbong)",
  "kodepos" : "24356"
}, {
  "kecamatan" : "Kuta Blang",
  "kelurahan" : "Paloh Peuradi",
  "kodepos" : "24356"
}, {
  "kecamatan" : "Kuta Blang",
  "kelurahan" : "Paloh Raya",
  "kodepos" : "24356"
}, {
  "kecamatan" : "Ganda Pura",
  "kelurahan" : "Paloh Me",
  "kodepos" : "24356"
}, {
  "kecamatan" : "Ganda Pura",
  "kelurahan" : "Paloh Kayee Kunyet",
  "kodepos" : "24356"
}, {
  "kecamatan" : "Kuta Blang",
  "kelurahan" : "Paloh Dama",
  "kodepos" : "24356"
}, {
  "kecamatan" : "Ganda Pura",
  "kelurahan" : "Mon Jeureujak",
  "kodepos" : "24356"
}, {
  "kecamatan" : "Ganda Pura",
  "kelurahan" : "Mon Keulayu",
  "kodepos" : "24356"
}, {
  "kecamatan" : "Ganda Pura",
  "kelurahan" : "Lingka Kuta",
  "kodepos" : "24356"
}, {
  "kecamatan" : "Ganda Pura",
  "kelurahan" : "Mon Jambee",
  "kodepos" : "24356"
}, {
  "kecamatan" : "Kuta Blang",
  "kelurahan" : "Meuse",
  "kodepos" : "24356"
}, {
  "kecamatan" : "Ganda Pura",
  "kelurahan" : "Lhok Mambang",
  "kodepos" : "24356"
}, {
  "kecamatan" : "Kuta Blang",
  "kelurahan" : "Lhok Nga",
  "kodepos" : "24356"
}, {
  "kecamatan" : "Ganda Pura",
  "kelurahan" : "Lapang Barat",
  "kodepos" : "24356"
}, {
  "kecamatan" : "Ganda Pura",
  "kelurahan" : "Lapang Timur",
  "kodepos" : "24356"
}, {
  "kecamatan" : "Kuta Blang",
  "kelurahan" : "Kulu Kuta",
  "kodepos" : "24356"
}, {
  "kecamatan" : "Kuta Blang",
  "kelurahan" : "Keurumbok",
  "kodepos" : "24356"
}, {
  "kecamatan" : "Kuta Blang",
  "kelurahan" : "Kulu",
  "kodepos" : "24356"
}, {
  "kecamatan" : "Ganda Pura",
  "kelurahan" : "Keude Lapang",
  "kodepos" : "24356"
}, {
  "kecamatan" : "Kuta Blang",
  "kelurahan" : "Jambo Kajeung",
  "kodepos" : "24356"
}, {
  "kecamatan" : "Kuta Blang",
  "kelurahan" : "Jarommah Baroh (Jarummah Baroh)",
  "kodepos" : "24356"
}, {
  "kecamatan" : "Kuta Blang",
  "kelurahan" : "Jarommah Me (Jarummahme)",
  "kodepos" : "24356"
}, {
  "kecamatan" : "Kuta Blang",
  "kelurahan" : "Imbudee (Iembudee)",
  "kodepos" : "24356"
}, {
  "kecamatan" : "Kuta Blang",
  "kelurahan" : "Gle Putoh",
  "kodepos" : "24356"
}, {
  "kecamatan" : "Kuta Blang",
  "kelurahan" : "Gle Putoh",
  "kodepos" : "24356"
}, {
  "kecamatan" : "Ganda Pura",
  "kelurahan" : "Geurugok",
  "kodepos" : "24356"
}, {
  "kecamatan" : "Kuta Blang",
  "kelurahan" : "Geulanggang Panah",
  "kodepos" : "24356"
}, {
  "kecamatan" : "Kuta Blang",
  "kelurahan" : "Geulanggang Rayeuk",
  "kodepos" : "24356"
}, {
  "kecamatan" : "Kuta Blang",
  "kelurahan" : "Dayah Panjoe",
  "kodepos" : "24356"
}, {
  "kecamatan" : "Kuta Blang",
  "kelurahan" : "Geulanggang Meunjee",
  "kodepos" : "24356"
}, {
  "kecamatan" : "Ganda Pura",
  "kelurahan" : "Dama Kawan",
  "kodepos" : "24356"
}, {
  "kecamatan" : "Kuta Blang",
  "kelurahan" : "Dayah Mesjid",
  "kodepos" : "24356"
}, {
  "kecamatan" : "Ganda Pura",
  "kelurahan" : "Cot Tunong",
  "kodepos" : "24356"
}, {
  "kecamatan" : "Kuta Blang",
  "kelurahan" : "Crung/Crueng Kumbang",
  "kodepos" : "24356"
}, {
  "kecamatan" : "Ganda Pura",
  "kelurahan" : "Cot Rambat",
  "kodepos" : "24356"
}, {
  "kecamatan" : "Ganda Pura",
  "kelurahan" : "Cot Tube/Teubee",
  "kodepos" : "24356"
}, {
  "kecamatan" : "Ganda Pura",
  "kelurahan" : "Cot Tufah/Tupah",
  "kodepos" : "24356"
}, {
  "kecamatan" : "Kuta Blang",
  "kelurahan" : "Cot Me",
  "kodepos" : "24356"
}, {
  "kecamatan" : "Ganda Pura",
  "kelurahan" : "Cot Puuk",
  "kodepos" : "24356"
}, {
  "kecamatan" : "Kuta Blang",
  "kelurahan" : "Cot Baroh",
  "kodepos" : "24356"
}, {
  "kecamatan" : "Ganda Pura",
  "kelurahan" : "Cot Jabet",
  "kodepos" : "24356"
}, {
  "kecamatan" : "Ganda Pura",
  "kelurahan" : "Cot Mane",
  "kodepos" : "24356"
}, {
  "kecamatan" : "Kuta Blang",
  "kelurahan" : "Cot Ara",
  "kodepos" : "24356"
}, {
  "kecamatan" : "Ganda Pura",
  "kelurahan" : "Ceubo",
  "kodepos" : "24356"
}, {
  "kecamatan" : "Kuta Blang",
  "kelurahan" : "Bukit/Buket Dalam",
  "kodepos" : "24356"
}, {
  "kecamatan" : "Ganda Pura",
  "kelurahan" : "Blang Rheue",
  "kodepos" : "24356"
}, {
  "kecamatan" : "Kuta Blang",
  "kelurahan" : "Blang Mee",
  "kodepos" : "24356"
}, {
  "kecamatan" : "Kuta Blang",
  "kelurahan" : "Blang Panjoe",
  "kodepos" : "24356"
}, {
  "kecamatan" : "Ganda Pura",
  "kelurahan" : "Blang Guron",
  "kodepos" : "24356"
}, {
  "kecamatan" : "Ganda Pura",
  "kelurahan" : "Blang Keude",
  "kodepos" : "24356"
}, {
  "kecamatan" : "Ganda Pura",
  "kelurahan" : "Blang Kubu",
  "kodepos" : "24356"
}, {
  "kecamatan" : "Kuta Blang",
  "kelurahan" : "Babah Suak",
  "kodepos" : "24356"
}, {
  "kecamatan" : "Kuta Blang",
  "kelurahan" : "Balee Me",
  "kodepos" : "24356"
}, {
  "kecamatan" : "Ganda Pura",
  "kelurahan" : "Alue Mangki",
  "kodepos" : "24356"
}, {
  "kecamatan" : "Kuta Blang",
  "kelurahan" : "Babah Jurong",
  "kodepos" : "24356"
}, {
  "kecamatan" : "Samalanga",
  "kelurahan" : "Ulee Jeumatan",
  "kodepos" : "24264"
}, {
  "kecamatan" : "Samalanga",
  "kelurahan" : "Ulee Ue",
  "kodepos" : "24264"
}, {
  "kecamatan" : "Samalanga",
  "kelurahan" : "Tanjongan Idem",
  "kodepos" : "24264"
}, {
  "kecamatan" : "Samalanga",
  "kelurahan" : "Ulee Alue",
  "kodepos" : "24264"
}, {
  "kecamatan" : "Samalanga",
  "kelurahan" : "Sangso",
  "kodepos" : "24264"
}, {
  "kecamatan" : "Samalanga",
  "kelurahan" : "Tanjong Baro",
  "kodepos" : "24264"
}, {
  "kecamatan" : "Samalanga",
  "kelurahan" : "Pulo Baroh",
  "kodepos" : "24264"
}, {
  "kecamatan" : "Samalanga",
  "kelurahan" : "Pineung Siri Bee",
  "kodepos" : "24264"
}, {
  "kecamatan" : "Samalanga",
  "kelurahan" : "Pante Rheeng/Rheng",
  "kodepos" : "24264"
}, {
  "kecamatan" : "Samalanga",
  "kelurahan" : "Paloh",
  "kodepos" : "24264"
}, {
  "kecamatan" : "Samalanga",
  "kelurahan" : "Namploh Papeuen",
  "kodepos" : "24264"
}, {
  "kecamatan" : "Samalanga",
  "kelurahan" : "Namploh Manyang",
  "kodepos" : "24264"
}, {
  "kecamatan" : "Samalanga",
  "kelurahan" : "Namploh Krueng",
  "kodepos" : "24264"
}, {
  "kecamatan" : "Samalanga",
  "kelurahan" : "Namploh Blang Garang",
  "kodepos" : "24264"
}, {
  "kecamatan" : "Samalanga",
  "kelurahan" : "Mideun Jok",
  "kodepos" : "24264"
}, {
  "kecamatan" : "Samalanga",
  "kelurahan" : "Namploh Baro",
  "kodepos" : "24264"
}, {
  "kecamatan" : "Samalanga",
  "kelurahan" : "Mideun Geudong",
  "kodepos" : "24264"
}, {
  "kecamatan" : "Samalanga",
  "kelurahan" : "Meurah",
  "kodepos" : "24264"
}, {
  "kecamatan" : "Samalanga",
  "kelurahan" : "Meunasah Puuk",
  "kodepos" : "24264"
}, {
  "kecamatan" : "Samalanga",
  "kelurahan" : "Meunasah Lueng",
  "kodepos" : "24264"
}, {
  "kecamatan" : "Samalanga",
  "kelurahan" : "Meunasah Lancok",
  "kodepos" : "24264"
}, {
  "kecamatan" : "Samalanga",
  "kelurahan" : "Meunasah Lincah",
  "kodepos" : "24264"
}, {
  "kecamatan" : "Samalanga",
  "kelurahan" : "Meuliek",
  "kodepos" : "24264"
}, {
  "kecamatan" : "Samalanga",
  "kelurahan" : "Mesjid Baro",
  "kodepos" : "24264"
}, {
  "kecamatan" : "Samalanga",
  "kelurahan" : "Matang Wakeuh",
  "kodepos" : "24264"
}, {
  "kecamatan" : "Samalanga",
  "kelurahan" : "Matang Teungoh",
  "kodepos" : "24264"
}, {
  "kecamatan" : "Samalanga",
  "kelurahan" : "Matang Jareung",
  "kodepos" : "24264"
}, {
  "kecamatan" : "Samalanga",
  "kelurahan" : "Matang",
  "kodepos" : "24264"
}, {
  "kecamatan" : "Samalanga",
  "kelurahan" : "Lueng Keubeu",
  "kodepos" : "24264"
}, {
  "kecamatan" : "Samalanga",
  "kelurahan" : "Lhok Seumira",
  "kodepos" : "24264"
}, {
  "kecamatan" : "Samalanga",
  "kelurahan" : "Lancok",
  "kodepos" : "24264"
}, {
  "kecamatan" : "Samalanga",
  "kelurahan" : "Kandang",
  "kodepos" : "24264"
}, {
  "kecamatan" : "Samalanga",
  "kelurahan" : "Keude Aceh",
  "kodepos" : "24264"
}, {
  "kecamatan" : "Samalanga",
  "kelurahan" : "Geulumpang/Glumpang Payong",
  "kodepos" : "24264"
}, {
  "kecamatan" : "Samalanga",
  "kelurahan" : "Geulumpang/Glumpang Bungkok",
  "kodepos" : "24264"
}, {
  "kecamatan" : "Samalanga",
  "kelurahan" : "Gampong Putoh",
  "kodepos" : "24264"
}, {
  "kecamatan" : "Samalanga",
  "kelurahan" : "Gampong Meulum",
  "kodepos" : "24264"
}, {
  "kecamatan" : "Samalanga",
  "kelurahan" : "Gampong Baro",
  "kodepos" : "24264"
}, {
  "kecamatan" : "Samalanga",
  "kelurahan" : "Darussalam",
  "kodepos" : "24264"
}, {
  "kecamatan" : "Samalanga",
  "kelurahan" : "Cot Siren",
  "kodepos" : "24264"
}, {
  "kecamatan" : "Samalanga",
  "kelurahan" : "Cot Meurak Blang",
  "kodepos" : "24264"
}, {
  "kecamatan" : "Samalanga",
  "kelurahan" : "Cot Meurak Baroh",
  "kodepos" : "24264"
}, {
  "kecamatan" : "Samalanga",
  "kelurahan" : "Cot Mane",
  "kodepos" : "24264"
}, {
  "kecamatan" : "Samalanga",
  "kelurahan" : "Ankieng Barat",
  "kodepos" : "24264"
}, {
  "kecamatan" : "Samalanga",
  "kelurahan" : "Batee Iliek",
  "kodepos" : "24264"
}, {
  "kecamatan" : "Samalanga",
  "kelurahan" : "Alue Barat",
  "kodepos" : "24264"
}, {
  "kecamatan" : "Peulimbang (Plimbang)",
  "kelurahan" : "Uteun Sikumbong",
  "kodepos" : "24263"
}, {
  "kecamatan" : "Peulimbang (Plimbang)",
  "kelurahan" : "Uteun Rungkom",
  "kodepos" : "24263"
}, {
  "kecamatan" : "Jeunieb",
  "kelurahan" : "Uteun Pupaleh",
  "kodepos" : "24263"
}, {
  "kecamatan" : "Pandrah",
  "kelurahan" : "Uteun Kruet",
  "kodepos" : "24263"
}, {
  "kecamatan" : "Jeunieb",
  "kelurahan" : "Ulee Rabo",
  "kodepos" : "24263"
}, {
  "kecamatan" : "Jeunieb",
  "kelurahan" : "Ulee Blang",
  "kodepos" : "24263"
}, {
  "kecamatan" : "Jeunieb",
  "kelurahan" : "Ulee Gajah",
  "kodepos" : "24263"
}, {
  "kecamatan" : "Jeunieb",
  "kelurahan" : "Tufah",
  "kodepos" : "24263"
}, {
  "kecamatan" : "Peulimbang (Plimbang)",
  "kelurahan" : "Teupin Panah",
  "kodepos" : "24263"
}, {
  "kecamatan" : "Jeunieb",
  "kelurahan" : "Teupin Keupula",
  "kodepos" : "24263"
}, {
  "kecamatan" : "Peulimbang (Plimbang)",
  "kelurahan" : "Seuneubok Seumawe",
  "kodepos" : "24263"
}, {
  "kecamatan" : "Peulimbang (Plimbang)",
  "kelurahan" : "Seuneubok Teungoh",
  "kodepos" : "24263"
}, {
  "kecamatan" : "Jeunieb",
  "kelurahan" : "Tanjong Bungong",
  "kodepos" : "24263"
}, {
  "kecamatan" : "Peulimbang (Plimbang)",
  "kelurahan" : "Seuneubok Nalan",
  "kodepos" : "24263"
}, {
  "kecamatan" : "Peulimbang (Plimbang)",
  "kelurahan" : "Seuneubok Plimbang",
  "kodepos" : "24263"
}, {
  "kecamatan" : "Peulimbang (Plimbang)",
  "kelurahan" : "Seuneubok Punti",
  "kodepos" : "24263"
}, {
  "kecamatan" : "Peulimbang (Plimbang)",
  "kelurahan" : "Seuneubok Aceh",
  "kodepos" : "24263"
}, {
  "kecamatan" : "Pandrah",
  "kelurahan" : "Seuneubok Baro",
  "kodepos" : "24263"
}, {
  "kecamatan" : "Peulimbang (Plimbang)",
  "kelurahan" : "Puuek (Pu Uk)",
  "kodepos" : "24263"
}, {
  "kecamatan" : "Peulimbang (Plimbang)",
  "kelurahan" : "Rambong Payong",
  "kodepos" : "24263"
}, {
  "kecamatan" : "Jeunieb",
  "kelurahan" : "Sampo Ajad (Sampoi Ajat)",
  "kodepos" : "24263"
}, {
  "kecamatan" : "Jeunieb",
  "kelurahan" : "Paya Bili",
  "kodepos" : "24263"
}, {
  "kecamatan" : "Jeunieb",
  "kelurahan" : "Pulo Rangkileh",
  "kodepos" : "24263"
}, {
  "kecamatan" : "Pandrah",
  "kelurahan" : "Pandrah Kandeh",
  "kodepos" : "24263"
}, {
  "kecamatan" : "Pandrah",
  "kelurahan" : "Panton",
  "kodepos" : "24263"
}, {
  "kecamatan" : "Pandrah",
  "kelurahan" : "Panton Bili",
  "kodepos" : "24263"
}, {
  "kecamatan" : "Peulimbang (Plimbang)",
  "kelurahan" : "Padang Kasab",
  "kodepos" : "24263"
}, {
  "kecamatan" : "Peulimbang (Plimbang)",
  "kelurahan" : "Paloh Pupu",
  "kodepos" : "24263"
}, {
  "kecamatan" : "Pandrah",
  "kelurahan" : "Pandrah Janeng",
  "kodepos" : "24263"
}, {
  "kecamatan" : "Pandrah",
  "kelurahan" : "Nase Barat",
  "kodepos" : "24263"
}, {
  "kecamatan" : "Pandrah",
  "kelurahan" : "Nase Me",
  "kodepos" : "24263"
}, {
  "kecamatan" : "Jeunieb",
  "kelurahan" : "Meunasah Tunong Lueng",
  "kodepos" : "24263"
}, {
  "kecamatan" : "Pandrah",
  "kelurahan" : "Meunasah Reudeup",
  "kodepos" : "24263"
}, {
  "kecamatan" : "Pandrah",
  "kelurahan" : "Meunasah Teungoh",
  "kodepos" : "24263"
}, {
  "kecamatan" : "Jeunieb",
  "kelurahan" : "Meunasah Tambo",
  "kodepos" : "24263"
}, {
  "kecamatan" : "Jeunieb",
  "kelurahan" : "Meunasah Kota",
  "kodepos" : "24263"
}, {
  "kecamatan" : "Jeunieb",
  "kelurahan" : "Meunasah Lueng",
  "kodepos" : "24263"
}, {
  "kecamatan" : "Jeunieb",
  "kelurahan" : "Meunasah Dayah",
  "kodepos" : "24263"
}, {
  "kecamatan" : "Jeunieb",
  "kelurahan" : "Meunasah Keupula",
  "kodepos" : "24263"
}, {
  "kecamatan" : "Jeunieb",
  "kelurahan" : "Meunasah Keutapang",
  "kodepos" : "24263"
}, {
  "kecamatan" : "Jeunieb",
  "kelurahan" : "Meunasah Alue",
  "kodepos" : "24263"
}, {
  "kecamatan" : "Jeunieb",
  "kelurahan" : "Meunasah Blang",
  "kodepos" : "24263"
}, {
  "kecamatan" : "Jeunieb",
  "kelurahan" : "Matang Teungoh",
  "kodepos" : "24263"
}, {
  "kecamatan" : "Jeunieb",
  "kelurahan" : "Matang Nibong",
  "kodepos" : "24263"
}, {
  "kecamatan" : "Peulimbang (Plimbang)",
  "kelurahan" : "Matang Kulee",
  "kodepos" : "24263"
}, {
  "kecamatan" : "Jeunieb",
  "kelurahan" : "Lhueng Tengoh",
  "kodepos" : "24263"
}, {
  "kecamatan" : "Jeunieb",
  "kelurahan" : "Matang Bangka",
  "kodepos" : "24263"
}, {
  "kecamatan" : "Jeunieb",
  "kelurahan" : "Lhok Kulam",
  "kodepos" : "24263"
}, {
  "kecamatan" : "Pandrah",
  "kelurahan" : "Lhok Dagang",
  "kodepos" : "24263"
}, {
  "kecamatan" : "Jeunieb",
  "kelurahan" : "Lheue Barat",
  "kodepos" : "24263"
}, {
  "kecamatan" : "Jeunieb",
  "kelurahan" : "Lheue Simpang",
  "kodepos" : "24263"
}, {
  "kecamatan" : "Pandrah",
  "kelurahan" : "Lancok Ulim",
  "kodepos" : "24263"
}, {
  "kecamatan" : "Peulimbang (Plimbang)",
  "kelurahan" : "Lancok Bungo",
  "kodepos" : "24263"
}, {
  "kecamatan" : "Jeunieb",
  "kelurahan" : "Lampoh Oe",
  "kodepos" : "24263"
}, {
  "kecamatan" : "Jeunieb",
  "kelurahan" : "Lancang",
  "kodepos" : "24263"
}, {
  "kecamatan" : "Peulimbang (Plimbang)",
  "kelurahan" : "Kuta Trieng",
  "kodepos" : "24263"
}, {
  "kecamatan" : "Pandrah",
  "kelurahan" : "Kuta Reusep/Rusep",
  "kodepos" : "24263"
}, {
  "kecamatan" : "Jeunieb",
  "kelurahan" : "Keude Jeunieb",
  "kodepos" : "24263"
}, {
  "kecamatan" : "Peulimbang (Plimbang)",
  "kelurahan" : "Keude Plimbang",
  "kodepos" : "24263"
}, {
  "kecamatan" : "Peulimbang (Plimbang)",
  "kelurahan" : "Krueng Baro/Baru",
  "kodepos" : "24263"
}, {
  "kecamatan" : "Jeunieb",
  "kelurahan" : "Janggot Seungko",
  "kodepos" : "24263"
}, {
  "kecamatan" : "Jeunieb",
  "kelurahan" : "Jeumpa Sikureung",
  "kodepos" : "24263"
}, {
  "kecamatan" : "Peulimbang (Plimbang)",
  "kelurahan" : "Jambo Dalam",
  "kodepos" : "24263"
}, {
  "kecamatan" : "Pandrah",
  "kelurahan" : "Garot",
  "kodepos" : "24263"
}, {
  "kecamatan" : "Jeunieb",
  "kelurahan" : "Dayah Blang Raleu",
  "kodepos" : "24263"
}, {
  "kecamatan" : "Peulimbang (Plimbang)",
  "kelurahan" : "Garab",
  "kodepos" : "24263"
}, {
  "kecamatan" : "Pandrah",
  "kelurahan" : "Gampong Blang",
  "kodepos" : "24263"
}, {
  "kecamatan" : "Jeunieb",
  "kelurahan" : "Darul Aman",
  "kodepos" : "24263"
}, {
  "kecamatan" : "Jeunieb",
  "kelurahan" : "Dayah Baro",
  "kodepos" : "24263"
}, {
  "kecamatan" : "Pandrah",
  "kelurahan" : "Cot Leubeng",
  "kodepos" : "24263"
}, {
  "kecamatan" : "Jeunieb",
  "kelurahan" : "Cot Geulumpang Baroh",
  "kodepos" : "24263"
}, {
  "kecamatan" : "Jeunieb",
  "kelurahan" : "Cot Geulumpang Tunong",
  "kodepos" : "24263"
}, {
  "kecamatan" : "Peulimbang (Plimbang)",
  "kelurahan" : "Cot Geulumpang",
  "kodepos" : "24263"
}, {
  "kecamatan" : "Pandrah",
  "kelurahan" : "Blang Sama Gadeng",
  "kodepos" : "24263"
}, {
  "kecamatan" : "Jeunieb",
  "kelurahan" : "Blang Mee Timur",
  "kodepos" : "24263"
}, {
  "kecamatan" : "Jeunieb",
  "kelurahan" : "Blang Neubok",
  "kodepos" : "24263"
}, {
  "kecamatan" : "Jeunieb",
  "kelurahan" : "Blang Poroh",
  "kodepos" : "24263"
}, {
  "kecamatan" : "Jeunieb",
  "kelurahan" : "Blang Lancang",
  "kodepos" : "24263"
}, {
  "kecamatan" : "Jeunieb",
  "kelurahan" : "Blang Mee Barat",
  "kodepos" : "24263"
}, {
  "kecamatan" : "Pandrah",
  "kelurahan" : "Bantayan",
  "kodepos" : "24263"
}, {
  "kecamatan" : "Peulimbang (Plimbang)",
  "kelurahan" : "Balee Daka",
  "kodepos" : "24263"
}, {
  "kecamatan" : "Jeunieb",
  "kelurahan" : "Alue Seutui",
  "kodepos" : "24263"
}, {
  "kecamatan" : "Pandrah",
  "kelurahan" : "Alue Igeueh",
  "kodepos" : "24263"
}, {
  "kecamatan" : "Jeunieb",
  "kelurahan" : "Alue Lamsaba",
  "kodepos" : "24263"
}, {
  "kecamatan" : "Peudada",
  "kelurahan" : "Tanjong Seulamat",
  "kodepos" : "24262"
}, {
  "kecamatan" : "Peudada",
  "kelurahan" : "Teungku Di Bathon",
  "kodepos" : "24262"
}, {
  "kecamatan" : "Peudada",
  "kelurahan" : "Sawang",
  "kodepos" : "24262"
}, {
  "kecamatan" : "Peudada",
  "kelurahan" : "Seuneubok Paya",
  "kodepos" : "24262"
}, {
  "kecamatan" : "Peudada",
  "kelurahan" : "Pinto Rimba",
  "kodepos" : "24262"
}, {
  "kecamatan" : "Peudada",
  "kelurahan" : "Pulo Ara",
  "kodepos" : "24262"
}, {
  "kecamatan" : "Peudada",
  "kelurahan" : "Pulo Lawang",
  "kodepos" : "24262"
}, {
  "kecamatan" : "Peudada",
  "kelurahan" : "Paya Bunot",
  "kodepos" : "24262"
}, {
  "kecamatan" : "Peudada",
  "kelurahan" : "Paya Timur",
  "kodepos" : "24262"
}, {
  "kecamatan" : "Peudada",
  "kelurahan" : "Paya",
  "kodepos" : "24262"
}, {
  "kecamatan" : "Peudada",
  "kelurahan" : "Paya Barat",
  "kodepos" : "24262"
}, {
  "kecamatan" : "Peudada",
  "kelurahan" : "Mulia",
  "kodepos" : "24262"
}, {
  "kecamatan" : "Peudada",
  "kelurahan" : "Neubok Naleung",
  "kodepos" : "24262"
}, {
  "kecamatan" : "Peudada",
  "kelurahan" : "Meunasah Teungoh",
  "kodepos" : "24262"
}, {
  "kecamatan" : "Peudada",
  "kelurahan" : "Meunasah Tunong",
  "kodepos" : "24262"
}, {
  "kecamatan" : "Peudada",
  "kelurahan" : "Meunasah Tambo",
  "kodepos" : "24262"
}, {
  "kecamatan" : "Peudada",
  "kelurahan" : "Meunasah Rabo",
  "kodepos" : "24262"
}, {
  "kecamatan" : "Peudada",
  "kelurahan" : "Meunasah Mesjid",
  "kodepos" : "24262"
}, {
  "kecamatan" : "Peudada",
  "kelurahan" : "Meunasah Pulo",
  "kodepos" : "24262"
}, {
  "kecamatan" : "Peudada",
  "kelurahan" : "Meunasah Cut",
  "kodepos" : "24262"
}, {
  "kecamatan" : "Peudada",
  "kelurahan" : "Meunasah Krueng",
  "kodepos" : "24262"
}, {
  "kecamatan" : "Peudada",
  "kelurahan" : "Meunasah Blang",
  "kodepos" : "24262"
}, {
  "kecamatan" : "Peudada",
  "kelurahan" : "Meunasah Bungo",
  "kodepos" : "24262"
}, {
  "kecamatan" : "Peudada",
  "kelurahan" : "Meunasah Alue",
  "kodepos" : "24262"
}, {
  "kecamatan" : "Peudada",
  "kelurahan" : "Meunasah Baroh",
  "kodepos" : "24262"
}, {
  "kecamatan" : "Peudada",
  "kelurahan" : "Lawang",
  "kodepos" : "24262"
}, {
  "kecamatan" : "Peudada",
  "kelurahan" : "Matang Pasi",
  "kodepos" : "24262"
}, {
  "kecamatan" : "Peudada",
  "kelurahan" : "Matang Reuleut",
  "kodepos" : "24262"
}, {
  "kecamatan" : "Peudada",
  "kelurahan" : "Keude Alue Rheing",
  "kodepos" : "24262"
}, {
  "kecamatan" : "Peudada",
  "kelurahan" : "Kukue",
  "kodepos" : "24262"
}, {
  "kecamatan" : "Peudada",
  "kelurahan" : "Kampong Baro",
  "kodepos" : "24262"
}, {
  "kecamatan" : "Peudada",
  "kelurahan" : "Karieng",
  "kodepos" : "24262"
}, {
  "kecamatan" : "Peudada",
  "kelurahan" : "Jabet",
  "kodepos" : "24262"
}, {
  "kecamatan" : "Peudada",
  "kelurahan" : "Hagu",
  "kodepos" : "24262"
}, {
  "kecamatan" : "Peudada",
  "kelurahan" : "Jaba",
  "kodepos" : "24262"
}, {
  "kecamatan" : "Peudada",
  "kelurahan" : "Dayah Mon Ara",
  "kodepos" : "24262"
}, {
  "kecamatan" : "Peudada",
  "kelurahan" : "Garot",
  "kodepos" : "24262"
}, {
  "kecamatan" : "Peudada",
  "kelurahan" : "Cot Kruet",
  "kodepos" : "24262"
}, {
  "kecamatan" : "Peudada",
  "kelurahan" : "Cot Laot",
  "kodepos" : "24262"
}, {
  "kecamatan" : "Peudada",
  "kelurahan" : "Calok",
  "kodepos" : "24262"
}, {
  "kecamatan" : "Peudada",
  "kelurahan" : "Cot Keutapang",
  "kodepos" : "24262"
}, {
  "kecamatan" : "Peudada",
  "kelurahan" : "Buket Paya",
  "kodepos" : "24262"
}, {
  "kecamatan" : "Peudada",
  "kelurahan" : "Blang Matang",
  "kodepos" : "24262"
}, {
  "kecamatan" : "Peudada",
  "kelurahan" : "Blang Rangkuluh",
  "kodepos" : "24262"
}, {
  "kecamatan" : "Peudada",
  "kelurahan" : "Blang Beururu",
  "kodepos" : "24262"
}, {
  "kecamatan" : "Peudada",
  "kelurahan" : "Blang Glumpang",
  "kodepos" : "24262"
}, {
  "kecamatan" : "Peudada",
  "kelurahan" : "Blang Kubu",
  "kodepos" : "24262"
}, {
  "kecamatan" : "Peudada",
  "kelurahan" : "Blang Bati",
  "kodepos" : "24262"
}, {
  "kecamatan" : "Peudada",
  "kelurahan" : "Ara Bungong",
  "kodepos" : "24262"
}, {
  "kecamatan" : "Peudada",
  "kelurahan" : "Alue Keutapang",
  "kodepos" : "24262"
}, {
  "kecamatan" : "Peudada",
  "kelurahan" : "Alue Sijuek",
  "kodepos" : "24262"
}, {
  "kecamatan" : "Kuala",
  "kelurahan" : "Weu Jangka",
  "kodepos" : "24261"
}, {
  "kecamatan" : "Peudada",
  "kelurahan" : "Alue Gandai",
  "kodepos" : "24262"
}, {
  "kecamatan" : "Peusangan Selatan",
  "kelurahan" : "Uteun Ghatom",
  "kodepos" : "24261"
}, {
  "kecamatan" : "Peusangan Selatan",
  "kelurahan" : "Uteun Raya",
  "kodepos" : "24261"
}, {
  "kecamatan" : "Peusangan",
  "kelurahan" : "Uteun Bunta",
  "kodepos" : "24261"
}, {
  "kecamatan" : "Jangka",
  "kelurahan" : "Ulee Ceue",
  "kodepos" : "24261"
}, {
  "kecamatan" : "Peusangan Selatan",
  "kelurahan" : "Ulee Jalan",
  "kodepos" : "24261"
}, {
  "kecamatan" : "Kuala",
  "kelurahan" : "Ujong Blang",
  "kodepos" : "24261"
}, {
  "kecamatan" : "Kuala",
  "kelurahan" : "Ujong Blang Mesjid",
  "kodepos" : "24261"
}, {
  "kecamatan" : "Peusangan Siblah Krueng",
  "kelurahan" : "Teupin Raya",
  "kodepos" : "24261"
}, {
  "kecamatan" : "Peusangan Selatan",
  "kelurahan" : "Teupin Reudeup",
  "kodepos" : "24261"
}, {
  "kecamatan" : "Peusangan",
  "kelurahan" : "Tanoh Mirah",
  "kodepos" : "24261"
}, {
  "kecamatan" : "Jangka",
  "kelurahan" : "Tanoh Anoe",
  "kodepos" : "24261"
}, {
  "kecamatan" : "Peusangan",
  "kelurahan" : "Tanjong Paya",
  "kodepos" : "24261"
}, {
  "kecamatan" : "Jangka",
  "kelurahan" : "Tanjongan",
  "kodepos" : "24261"
}, {
  "kecamatan" : "Peusangan",
  "kelurahan" : "Tanjong Nie",
  "kodepos" : "24261"
}, {
  "kecamatan" : "Peusangan",
  "kelurahan" : "Tanjong Mesjid",
  "kodepos" : "24261"
}, {
  "kecamatan" : "Peusangan Selatan",
  "kelurahan" : "Suwak",
  "kodepos" : "24261"
}, {
  "kecamatan" : "Peusangan Selatan",
  "kelurahan" : "Tanjong Beuridi",
  "kodepos" : "24261"
}, {
  "kecamatan" : "Peusangan",
  "kelurahan" : "Seuneubok Rawa",
  "kodepos" : "24261"
}, {
  "kecamatan" : "Peusangan",
  "kelurahan" : "Sagoe",
  "kodepos" : "24261"
}, {
  "kecamatan" : "Peusangan",
  "kelurahan" : "Seuneubok Aceh",
  "kodepos" : "24261"
}, {
  "kecamatan" : "Peusangan Siblah Krueng",
  "kelurahan" : "Rambong Payong",
  "kodepos" : "24261"
}, {
  "kecamatan" : "Jangka",
  "kelurahan" : "Ruseb Ara",
  "kodepos" : "24261"
}, {
  "kecamatan" : "Jangka",
  "kelurahan" : "Ruseb Dayah",
  "kodepos" : "24261"
}, {
  "kecamatan" : "Jangka",
  "kelurahan" : "Punjot",
  "kodepos" : "24261"
}, {
  "kecamatan" : "Peusangan",
  "kelurahan" : "Pulo Ue Baroe",
  "kodepos" : "24261"
}, {
  "kecamatan" : "Jangka",
  "kelurahan" : "Pulo Seuna",
  "kodepos" : "24261"
}, {
  "kecamatan" : "Jangka",
  "kelurahan" : "Pulo U",
  "kodepos" : "24261"
}, {
  "kecamatan" : "Jangka",
  "kelurahan" : "Pulo Reudeup",
  "kodepos" : "24261"
}, {
  "kecamatan" : "Peusangan",
  "kelurahan" : "Pulo Pisang",
  "kodepos" : "24261"
}, {
  "kecamatan" : "Jangka",
  "kelurahan" : "Pulo Pineung Meunasah II",
  "kodepos" : "24261"
}, {
  "kecamatan" : "Peusangan",
  "kelurahan" : "Pulo Naleung",
  "kodepos" : "24261"
}, {
  "kecamatan" : "Peusangan Selatan",
  "kelurahan" : "Pulo Panyang",
  "kodepos" : "24261"
}, {
  "kecamatan" : "Jangka",
  "kelurahan" : "Pulo Iboh/Iboeh",
  "kodepos" : "24261"
}, {
  "kecamatan" : "Peusangan Selatan",
  "kelurahan" : "Pulo Harapan",
  "kodepos" : "24261"
}, {
  "kecamatan" : "Jangka",
  "kelurahan" : "Pulo Blang",
  "kodepos" : "24261"
}, {
  "kecamatan" : "Peusangan",
  "kelurahan" : "Paya Meuneng",
  "kodepos" : "24261"
}, {
  "kecamatan" : "Peusangan",
  "kelurahan" : "Paya Reuhat",
  "kodepos" : "24261"
}, {
  "kecamatan" : "Peusangan",
  "kelurahan" : "Paya Cut",
  "kodepos" : "24261"
}, {
  "kecamatan" : "Peusangan",
  "kelurahan" : "Paya Lipah",
  "kodepos" : "24261"
}, {
  "kecamatan" : "Jangka",
  "kelurahan" : "Paya Bieng",
  "kodepos" : "24261"
}, {
  "kecamatan" : "Peusangan",
  "kelurahan" : "Paya Aboe",
  "kodepos" : "24261"
}, {
  "kecamatan" : "Peusangan",
  "kelurahan" : "Paya Aboe",
  "kodepos" : "24261"
}, {
  "kecamatan" : "Jangka",
  "kelurahan" : "Pante Sukon",
  "kodepos" : "24261"
}, {
  "kecamatan" : "Peusangan",
  "kelurahan" : "Panton Geulima",
  "kodepos" : "24261"
}, {
  "kecamatan" : "Jangka",
  "kelurahan" : "Pante Ranub",
  "kodepos" : "24261"
}, {
  "kecamatan" : "Peusangan",
  "kelurahan" : "Pante Pisang",
  "kodepos" : "24261"
}, {
  "kecamatan" : "Peusangan",
  "kelurahan" : "Pante Piyeu",
  "kodepos" : "24261"
}, {
  "kecamatan" : "Jangka",
  "kelurahan" : "Pante Paku",
  "kodepos" : "24261"
}, {
  "kecamatan" : "Jangka",
  "kelurahan" : "Pante Peusangan",
  "kodepos" : "24261"
}, {
  "kecamatan" : "Peusangan Siblah Krueng",
  "kelurahan" : "Pante Karya",
  "kodepos" : "24261"
}, {
  "kecamatan" : "Peusangan",
  "kelurahan" : "Pante Lhong",
  "kodepos" : "24261"
}, {
  "kecamatan" : "Peusangan",
  "kelurahan" : "Pante Cut",
  "kodepos" : "24261"
}, {
  "kecamatan" : "Peusangan",
  "kelurahan" : "Pante Gajah",
  "kodepos" : "24261"
}, {
  "kecamatan" : "Peusangan Siblah Krueng",
  "kelurahan" : "Pante Baro Kumbang",
  "kodepos" : "24261"
}, {
  "kecamatan" : "Peusangan Siblah Krueng",
  "kelurahan" : "Pante Baro Bukit Panyang",
  "kodepos" : "24261"
}, {
  "kecamatan" : "Peusangan Siblah Krueng",
  "kelurahan" : "Pante Baro Glee Siblah",
  "kodepos" : "24261"
}, {
  "kecamatan" : "Peusangan",
  "kelurahan" : "Pante Ara",
  "kodepos" : "24261"
}, {
  "kecamatan" : "Peusangan Siblah Krueng",
  "kelurahan" : "Paloh Mampree",
  "kodepos" : "24261"
}, {
  "kecamatan" : "Peusangan",
  "kelurahan" : "Neuheuen",
  "kodepos" : "24261"
}, {
  "kecamatan" : "Peusangan",
  "kelurahan" : "Nicah",
  "kodepos" : "24261"
}, {
  "kecamatan" : "Peusangan",
  "kelurahan" : "Paloh",
  "kodepos" : "24261"
}, {
  "kecamatan" : "Peusangan",
  "kelurahan" : "Meunasah Meucap",
  "kodepos" : "24261"
}, {
  "kecamatan" : "Peusangan",
  "kelurahan" : "Meunasah Nibong",
  "kodepos" : "24261"
}, {
  "kecamatan" : "Jangka",
  "kelurahan" : "Meunasah Krueng",
  "kodepos" : "24261"
}, {
  "kecamatan" : "Peusangan",
  "kelurahan" : "Matang Sagoe",
  "kodepos" : "24261"
}, {
  "kecamatan" : "Peusangan Selatan",
  "kelurahan" : "Me Rayeuk",
  "kodepos" : "24261"
}, {
  "kecamatan" : "Peusangan",
  "kelurahan" : "Matang Mesjid",
  "kodepos" : "24261"
}, {
  "kecamatan" : "Peusangan",
  "kelurahan" : "Matang Glumpang II Meunasah Timur",
  "kodepos" : "24261"
}, {
  "kecamatan" : "Peusangan",
  "kelurahan" : "Matang Glumpang II Meunasah Dayah",
  "kodepos" : "24261"
}, {
  "kecamatan" : "Peusangan",
  "kelurahan" : "Mata Mamplam",
  "kodepos" : "24261"
}, {
  "kecamatan" : "Peusangan",
  "kelurahan" : "Matang Cot Paseh",
  "kodepos" : "24261"
}, {
  "kecamatan" : "Peusangan Selatan",
  "kelurahan" : "Mata Ie",
  "kodepos" : "24261"
}, {
  "kecamatan" : "Peusangan Siblah Krueng",
  "kelurahan" : "Lueng Daneun",
  "kodepos" : "24261"
}, {
  "kecamatan" : "Peusangan Selatan",
  "kelurahan" : "Lueng Kuli",
  "kodepos" : "24261"
}, {
  "kecamatan" : "Peusangan Selatan",
  "kelurahan" : "Lueng Baro",
  "kodepos" : "24261"
}, {
  "kecamatan" : "Jangka",
  "kelurahan" : "Linggong",
  "kodepos" : "24261"
}, {
  "kecamatan" : "Jangka",
  "kelurahan" : "Lueng",
  "kodepos" : "24261"
}, {
  "kecamatan" : "Kuala",
  "kelurahan" : "Lancok Pante Ara",
  "kodepos" : "24261"
}, {
  "kecamatan" : "Kuala",
  "kelurahan" : "Lhok Awe Awe",
  "kodepos" : "24261"
}, {
  "kecamatan" : "Jangka",
  "kelurahan" : "Lhok Bugeng",
  "kodepos" : "24261"
}, {
  "kecamatan" : "Kuala",
  "kelurahan" : "Lancok Lancok",
  "kodepos" : "24261"
}, {
  "kecamatan" : "Jangka",
  "kelurahan" : "Lampoh Rayeuk",
  "kodepos" : "24261"
}, {
  "kecamatan" : "Kuala",
  "kelurahan" : "Kuta Baro",
  "kodepos" : "24261"
}, {
  "kecamatan" : "Jangka",
  "kelurahan" : "Lamkuta",
  "kodepos" : "24261"
}, {
  "kecamatan" : "Peusangan Siblah Krueng",
  "kelurahan" : "Kubu Raya",
  "kodepos" : "24261"
}, {
  "kecamatan" : "Peusangan Siblah Krueng",
  "kelurahan" : "Kubu",
  "kodepos" : "24261"
}, {
  "kecamatan" : "Kuala",
  "kelurahan" : "Kuala Raja",
  "kodepos" : "24261"
}, {
  "kecamatan" : "Jangka",
  "kelurahan" : "Kuala Ceurape",
  "kodepos" : "24261"
}, {
  "kecamatan" : "Kuala",
  "kelurahan" : "Krueng Juli Timur",
  "kodepos" : "24261"
}, {
  "kecamatan" : "Peusangan",
  "kelurahan" : "Krueng Dheue",
  "kodepos" : "24261"
}, {
  "kecamatan" : "Kuala",
  "kelurahan" : "Krueng Juli Barat",
  "kodepos" : "24261"
}, {
  "kecamatan" : "Peusangan Selatan",
  "kelurahan" : "Krueng Beukah",
  "kodepos" : "24261"
}, {
  "kecamatan" : "Peusangan",
  "kelurahan" : "Krueng Baro Mesjid",
  "kodepos" : "24261"
}, {
  "kecamatan" : "Peusangan",
  "kelurahan" : "Keude Tanjong",
  "kodepos" : "24261"
}, {
  "kecamatan" : "Peusangan",
  "kelurahan" : "Krueng Baro Babah Krueng",
  "kodepos" : "24261"
}, {
  "kecamatan" : "Peusangan",
  "kelurahan" : "Karieng",
  "kodepos" : "24261"
}, {
  "kecamatan" : "Peusangan",
  "kelurahan" : "Keude Matang Glumpang II",
  "kodepos" : "24261"
}, {
  "kecamatan" : "Kuala",
  "kelurahan" : "Kareung (Kareueng)",
  "kodepos" : "24261"
}, {
  "kecamatan" : "Jangka",
  "kelurahan" : "Kambuk (Kambuek)",
  "kodepos" : "24261"
}, {
  "kecamatan" : "Peusangan",
  "kelurahan" : "Kapa",
  "kodepos" : "24261"
}, {
  "kecamatan" : "Jangka",
  "kelurahan" : "Jangka Alue U",
  "kodepos" : "24261"
}, {
  "kecamatan" : "Jangka",
  "kelurahan" : "Jangka Keutapang",
  "kodepos" : "24261"
}, {
  "kecamatan" : "Jangka",
  "kelurahan" : "Jangka Mesjid",
  "kodepos" : "24261"
}, {
  "kecamatan" : "Jangka",
  "kelurahan" : "Jangka Alue Bie",
  "kodepos" : "24261"
}, {
  "kecamatan" : "Jangka",
  "kelurahan" : "Jangka Alue",
  "kodepos" : "24261"
}, {
  "kecamatan" : "Peusangan Selatan",
  "kelurahan" : "Geulanggang Labu",
  "kodepos" : "24261"
}, {
  "kecamatan" : "Jangka",
  "kelurahan" : "Geundot",
  "kodepos" : "24261"
}, {
  "kecamatan" : "Kuala",
  "kelurahan" : "Glumpang Baroh",
  "kodepos" : "24261"
}, {
  "kecamatan" : "Peusangan",
  "kelurahan" : "Gampong Putoh",
  "kodepos" : "24261"
}, {
  "kecamatan" : "Peusangan",
  "kelurahan" : "Gampong Raya Dagang",
  "kodepos" : "24261"
}, {
  "kecamatan" : "Peusangan",
  "kelurahan" : "Gampong Raya Tambo",
  "kodepos" : "24261"
}, {
  "kecamatan" : "Peusangan",
  "kelurahan" : "Gampong Baroh",
  "kodepos" : "24261"
}, {
  "kecamatan" : "Jangka",
  "kelurahan" : "Gampong Meulinteung",
  "kodepos" : "24261"
}, {
  "kecamatan" : "Peusangan Selatan",
  "kelurahan" : "Darussalam",
  "kodepos" : "24261"
}, {
  "kecamatan" : "Peusangan Siblah Krueng",
  "kelurahan" : "Dayah Baroe",
  "kodepos" : "24261"
}, {
  "kecamatan" : "Kuala",
  "kelurahan" : "Cot U Sibak",
  "kodepos" : "24261"
}, {
  "kecamatan" : "Kuala",
  "kelurahan" : "Cot Unoe",
  "kodepos" : "24261"
}, {
  "kecamatan" : "Peusangan Selatan",
  "kelurahan" : "Darul Aman",
  "kodepos" : "24261"
}, {
  "kecamatan" : "Peusangan Siblah Krueng",
  "kelurahan" : "Cot Saleut",
  "kodepos" : "24261"
}, {
  "kecamatan" : "Kuala",
  "kelurahan" : "Cot Trieng",
  "kodepos" : "24261"
}, {
  "kecamatan" : "Peusangan",
  "kelurahan" : "Cot Puuk",
  "kodepos" : "24261"
}, {
  "kecamatan" : "Peusangan",
  "kelurahan" : "Cot Puuk",
  "kodepos" : "24261"
}, {
  "kecamatan" : "Peusangan",
  "kelurahan" : "Cot Rabo Baroh",
  "kodepos" : "24261"
}, {
  "kecamatan" : "Peusangan",
  "kelurahan" : "Cot Nga",
  "kodepos" : "24261"
}, {
  "kecamatan" : "Peusangan",
  "kelurahan" : "Cot Panjoe",
  "kodepos" : "24261"
}, {
  "kecamatan" : "Kuala",
  "kelurahan" : "Cot Kuta",
  "kodepos" : "24261"
}, {
  "kecamatan" : "Kuala",
  "kelurahan" : "Cot Lagasawa",
  "kodepos" : "24261"
}, {
  "kecamatan" : "Peusangan",
  "kelurahan" : "Cot Keuranji",
  "kodepos" : "24261"
}, {
  "kecamatan" : "Peusangan",
  "kelurahan" : "Cot Ijue (Ieju)",
  "kodepos" : "24261"
}, {
  "kecamatan" : "Peusangan",
  "kelurahan" : "Cot Keumudee",
  "kodepos" : "24261"
}, {
  "kecamatan" : "Kuala",
  "kelurahan" : "Cot Glumpang",
  "kodepos" : "24261"
}, {
  "kecamatan" : "Peusangan",
  "kelurahan" : "Cot Buket",
  "kodepos" : "24261"
}, {
  "kecamatan" : "Peusangan",
  "kelurahan" : "Cot Girek",
  "kodepos" : "24261"
}, {
  "kecamatan" : "Kuala",
  "kelurahan" : "Cot Batee",
  "kodepos" : "24261"
}, {
  "kecamatan" : "Peusangan",
  "kelurahan" : "Cot Bada Baroh",
  "kodepos" : "24261"
}, {
  "kecamatan" : "Peusangan",
  "kelurahan" : "Cot Bada Tunong",
  "kodepos" : "24261"
}, {
  "kecamatan" : "Peusangan",
  "kelurahan" : "Cot Bada Barat",
  "kodepos" : "24261"
}, {
  "kecamatan" : "Peusangan Siblah Krueng",
  "kelurahan" : "Cot Aneuk Batee",
  "kodepos" : "24261"
}, {
  "kecamatan" : "Peusangan Selatan",
  "kelurahan" : "Ceubrek",
  "kodepos" : "24261"
}, {
  "kecamatan" : "Peusangan Siblah Krueng",
  "kelurahan" : "Buket Sudan",
  "kodepos" : "24261"
}, {
  "kecamatan" : "Jangka",
  "kelurahan" : "Bugak Mesjid",
  "kodepos" : "24261"
}, {
  "kecamatan" : "Jangka",
  "kelurahan" : "Bugeng",
  "kodepos" : "24261"
}, {
  "kecamatan" : "Jangka",
  "kelurahan" : "Bugak Krueng",
  "kodepos" : "24261"
}, {
  "kecamatan" : "Jangka",
  "kelurahan" : "Bugak Krueng Mate",
  "kodepos" : "24261"
}, {
  "kecamatan" : "Peusangan",
  "kelurahan" : "Blang Panjoe",
  "kodepos" : "24261"
}, {
  "kecamatan" : "Peusangan",
  "kelurahan" : "Blang Rambong",
  "kodepos" : "24261"
}, {
  "kecamatan" : "Jangka",
  "kelurahan" : "Bugak Blang",
  "kodepos" : "24261"
}, {
  "kecamatan" : "Peusangan",
  "kelurahan" : "Blang Geulanggang",
  "kodepos" : "24261"
}, {
  "kecamatan" : "Peusangan Selatan",
  "kelurahan" : "Blang Mane",
  "kodepos" : "24261"
}, {
  "kecamatan" : "Peusangan Selatan",
  "kelurahan" : "Blang Pala",
  "kodepos" : "24261"
}, {
  "kecamatan" : "Peusangan",
  "kelurahan" : "Blang Dalam",
  "kodepos" : "24261"
}, {
  "kecamatan" : "Peusangan Selatan",
  "kelurahan" : "Blang Cut",
  "kodepos" : "24261"
}, {
  "kecamatan" : "Peusangan",
  "kelurahan" : "Blang Asan",
  "kodepos" : "24261"
}, {
  "kecamatan" : "Peusangan",
  "kelurahan" : "Blang Cut",
  "kodepos" : "24261"
}, {
  "kecamatan" : "Peusangan Siblah Krueng",
  "kelurahan" : "Blang Cirih",
  "kodepos" : "24261"
}, {
  "kecamatan" : "Peusangan",
  "kelurahan" : "Bayu",
  "kodepos" : "24261"
}, {
  "kecamatan" : "Jangka",
  "kelurahan" : "Barat Lanyan",
  "kodepos" : "24261"
}, {
  "kecamatan" : "Kuala",
  "kelurahan" : "Balee Kuyun",
  "kodepos" : "24261"
}, {
  "kecamatan" : "Jangka",
  "kelurahan" : "Bada Barat",
  "kodepos" : "24261"
}, {
  "kecamatan" : "Jangka",
  "kelurahan" : "Bada Timur",
  "kodepos" : "24261"
}, {
  "kecamatan" : "Peusangan Siblah Krueng",
  "kelurahan" : "Awe Geutah Paya",
  "kodepos" : "24261"
}, {
  "kecamatan" : "Peusangan Siblah Krueng",
  "kelurahan" : "Awe Geutah",
  "kodepos" : "24261"
}, {
  "kecamatan" : "Peusangan",
  "kelurahan" : "Alue Udeung",
  "kodepos" : "24261"
}, {
  "kecamatan" : "Peusangan",
  "kelurahan" : "Asan Bideun",
  "kodepos" : "24261"
}, {
  "kecamatan" : "Jangka",
  "kelurahan" : "Alue Kuta",
  "kodepos" : "24261"
}, {
  "kecamatan" : "Peusangan Siblah Krueng",
  "kelurahan" : "Alue Krueb",
  "kodepos" : "24261"
}, {
  "kecamatan" : "Peusangan",
  "kelurahan" : "Alue Peuno",
  "kodepos" : "24261"
}, {
  "kecamatan" : "Peusangan Siblah Krueng",
  "kelurahan" : "Alue Keupula (Kupula)",
  "kodepos" : "24261"
}, {
  "kecamatan" : "Peusangan Siblah Krueng",
  "kelurahan" : "Alue Glumpang Sbl.K",
  "kodepos" : "24261"
}, {
  "kecamatan" : "Peusangan Siblah Krueng",
  "kelurahan" : "Alue Iet",
  "kodepos" : "24261"
}, {
  "kecamatan" : "Peusangan",
  "kelurahan" : "Alue Glumpang Ba",
  "kodepos" : "24261"
}, {
  "kecamatan" : "Jangka",
  "kelurahan" : "Alue Buya Pasi",
  "kodepos" : "24261"
}, {
  "kecamatan" : "Jangka",
  "kelurahan" : "Alue Bie Pusong",
  "kodepos" : "24261"
}, {
  "kecamatan" : "Jangka",
  "kelurahan" : "Alue Buya",
  "kodepos" : "24261"
}, {
  "kecamatan" : "Jangka",
  "kelurahan" : "Abeuk Jaloh",
  "kodepos" : "24261"
}, {
  "kecamatan" : "Jangka",
  "kelurahan" : "Alue Bayeu Utang",
  "kodepos" : "24261"
}, {
  "kecamatan" : "Simpang Mamplam",
  "kelurahan" : "Ulee Kareung",
  "kodepos" : "24251"
}, {
  "kecamatan" : "Jeumpa",
  "kelurahan" : "Teupok Tunong",
  "kodepos" : "24251"
}, {
  "kecamatan" : "Kota Juang",
  "kelurahan" : "Uteun Reutoh",
  "kodepos" : "24251"
}, {
  "kecamatan" : "Juli",
  "kelurahan" : "Teupin Manee",
  "kodepos" : "24251"
}, {
  "kecamatan" : "Simpang Mamplam",
  "kelurahan" : "Tambue Barat",
  "kodepos" : "24251"
}, {
  "kecamatan" : "Jeumpa",
  "kelurahan" : "Teupok Baroh",
  "kodepos" : "24251"
}, {
  "kecamatan" : "Juli",
  "kelurahan" : "Simpang Jaya",
  "kodepos" : "24251"
}, {
  "kecamatan" : "Juli",
  "kelurahan" : "Suka Tani",
  "kodepos" : "24251"
}, {
  "kecamatan" : "Juli",
  "kelurahan" : "Tamboi Tanjong",
  "kodepos" : "24251"
}, {
  "kecamatan" : "Juli",
  "kelurahan" : "Seuneubok Peuraden",
  "kodepos" : "24251"
}, {
  "kecamatan" : "Jeumpa",
  "kelurahan" : "Seuneubok Lhong",
  "kodepos" : "24251"
}, {
  "kecamatan" : "Juli",
  "kelurahan" : "Seuneubok Gunci",
  "kodepos" : "24251"
}, {
  "kecamatan" : "Jeumpa",
  "kelurahan" : "Seuleumbah",
  "kodepos" : "24251"
}, {
  "kecamatan" : "Juli",
  "kelurahan" : "Seuneubok Dalam",
  "kodepos" : "24251"
}, {
  "kecamatan" : "Simpang Mamplam",
  "kelurahan" : "Rheum Barouh/Baroh",
  "kodepos" : "24251"
}, {
  "kecamatan" : "Simpang Mamplam",
  "kelurahan" : "Rheum Timur",
  "kodepos" : "24251"
}, {
  "kecamatan" : "Jeumpa",
  "kelurahan" : "Salah Sirong Jaya",
  "kodepos" : "24251"
}, {
  "kecamatan" : "Simpang Mamplam",
  "kelurahan" : "Rheum Barat",
  "kodepos" : "24251"
}, {
  "kecamatan" : "Juli",
  "kelurahan" : "Ranto Panyang",
  "kodepos" : "24251"
}, {
  "kecamatan" : "Simpang Mamplam",
  "kelurahan" : "Pulo Drien",
  "kodepos" : "24251"
}, {
  "kecamatan" : "Jeumpa",
  "kelurahan" : "Pulo Lawang",
  "kodepos" : "24251"
}, {
  "kecamatan" : "Kota Juang",
  "kelurahan" : "Pulo Kiton",
  "kodepos" : "24251"
}, {
  "kecamatan" : "Simpang Mamplam",
  "kelurahan" : "Pulo Dapong",
  "kodepos" : "24251"
}, {
  "kecamatan" : "Kota Juang",
  "kelurahan" : "Pulo Ara Geudong Teungoh",
  "kodepos" : "24251"
}, {
  "kecamatan" : "Simpang Mamplam",
  "kelurahan" : "Peuneulet Tunong",
  "kodepos" : "24251"
}, {
  "kecamatan" : "Simpang Mamplam",
  "kelurahan" : "Peuneulet Tunong",
  "kodepos" : "24251"
}, {
  "kecamatan" : "Juli",
  "kelurahan" : "Paseh",
  "kodepos" : "24251"
}, {
  "kecamatan" : "Juli",
  "kelurahan" : "Paya Cut",
  "kodepos" : "24251"
}, {
  "kecamatan" : "Juli",
  "kelurahan" : "Pante Peusangan",
  "kodepos" : "24251"
}, {
  "kecamatan" : "Jeumpa",
  "kelurahan" : "Paloh Seulimeng",
  "kodepos" : "24251"
}, {
  "kecamatan" : "Juli",
  "kelurahan" : "Pante Baro",
  "kodepos" : "24251"
}, {
  "kecamatan" : "Simpang Mamplam",
  "kelurahan" : "Paku",
  "kodepos" : "24251"
}, {
  "kecamatan" : "Jeumpa",
  "kelurahan" : "Paloh Panyang",
  "kodepos" : "24251"
}, {
  "kecamatan" : "Jeumpa",
  "kelurahan" : "Mon Jambee",
  "kodepos" : "24251"
}, {
  "kecamatan" : "Jeumpa",
  "kelurahan" : "Mon Mane",
  "kodepos" : "24251"
}, {
  "kecamatan" : "Simpang Mamplam",
  "kelurahan" : "Meunasah Mamplam",
  "kodepos" : "24251"
}, {
  "kecamatan" : "Simpang Mamplam",
  "kelurahan" : "Meunasah Mesjid",
  "kodepos" : "24251"
}, {
  "kecamatan" : "Simpang Mamplam",
  "kelurahan" : "Meunasah Dayah",
  "kodepos" : "24251"
}, {
  "kecamatan" : "Simpang Mamplam",
  "kelurahan" : "Meunasah Asan",
  "kodepos" : "24251"
}, {
  "kecamatan" : "Simpang Mamplam",
  "kelurahan" : "Meunasah Barat",
  "kodepos" : "24251"
}, {
  "kecamatan" : "Jeumpa",
  "kelurahan" : "Lipah Rayeuk",
  "kodepos" : "24251"
}, {
  "kecamatan" : "Juli",
  "kelurahan" : "Mane Meujingki",
  "kodepos" : "24251"
}, {
  "kecamatan" : "Jeumpa",
  "kelurahan" : "Lipah Cut",
  "kodepos" : "24251"
}, {
  "kecamatan" : "Simpang Mamplam",
  "kelurahan" : "Lhok Tanoh",
  "kodepos" : "24251"
}, {
  "kecamatan" : "Simpang Mamplam",
  "kelurahan" : "Lhok Mane",
  "kodepos" : "24251"
}, {
  "kecamatan" : "Jeumpa",
  "kelurahan" : "Lhaksamana",
  "kodepos" : "24251"
}, {
  "kecamatan" : "Kota Juang",
  "kelurahan" : "Lhok Awe Teungoh",
  "kodepos" : "24251"
}, {
  "kecamatan" : "Simpang Mamplam",
  "kelurahan" : "Lancang",
  "kodepos" : "24251"
}, {
  "kecamatan" : "Jeumpa",
  "kelurahan" : "Kuta Meuligoe",
  "kodepos" : "24251"
}, {
  "kecamatan" : "Jeumpa",
  "kelurahan" : "Kuala Jeumpa",
  "kodepos" : "24251"
}, {
  "kecamatan" : "Simpang Mamplam",
  "kelurahan" : "Krueng Meuseugob",
  "kodepos" : "24251"
}, {
  "kecamatan" : "Juli",
  "kelurahan" : "Krueng Simpo",
  "kodepos" : "24251"
}, {
  "kecamatan" : "Kota Juang",
  "kelurahan" : "Kota Bireun (Bireuen)",
  "kodepos" : "24251"
}, {
  "kecamatan" : "Simpang Mamplam",
  "kelurahan" : "Jurong Binjee",
  "kodepos" : "24251"
}, {
  "kecamatan" : "Simpang Mamplam",
  "kelurahan" : "Keude Tambue",
  "kodepos" : "24251"
}, {
  "kecamatan" : "Juli",
  "kelurahan" : "Juli Uruek Anoe",
  "kodepos" : "24251"
}, {
  "kecamatan" : "Juli",
  "kelurahan" : "Juli Teungku Dilampoh",
  "kodepos" : "24251"
}, {
  "kecamatan" : "Juli",
  "kelurahan" : "Juli Tambo Tanjong",
  "kodepos" : "24251"
}, {
  "kecamatan" : "Juli",
  "kelurahan" : "Juli Paya Ru",
  "kodepos" : "24251"
}, {
  "kecamatan" : "Juli",
  "kelurahan" : "Juli Seupeng/Lampoh",
  "kodepos" : "24251"
}, {
  "kecamatan" : "Juli",
  "kelurahan" : "Juli Meunasah Teungoh",
  "kodepos" : "24251"
}, {
  "kecamatan" : "Juli",
  "kelurahan" : "Juli Meunasah Tambo",
  "kodepos" : "24251"
}, {
  "kecamatan" : "Juli",
  "kelurahan" : "Juli Meunasah Seutuy",
  "kodepos" : "24251"
}, {
  "kecamatan" : "Juli",
  "kelurahan" : "Juli Meunasah Jok",
  "kodepos" : "24251"
}, {
  "kecamatan" : "Juli",
  "kelurahan" : "Juli Mee Teungoh",
  "kodepos" : "24251"
}, {
  "kecamatan" : "Juli",
  "kelurahan" : "Juli Cot Meurak",
  "kodepos" : "24251"
}, {
  "kecamatan" : "Juli",
  "kelurahan" : "Juli Keudee Dua",
  "kodepos" : "24251"
}, {
  "kecamatan" : "Juli",
  "kelurahan" : "Juli Cot Mesjid",
  "kodepos" : "24251"
}, {
  "kecamatan" : "Simpang Mamplam",
  "kelurahan" : "Ie Rhob Timur",
  "kodepos" : "24251"
}, {
  "kecamatan" : "Simpang Mamplam",
  "kelurahan" : "Ie Rhob Barat",
  "kodepos" : "24251"
}, {
  "kecamatan" : "Simpang Mamplam",
  "kelurahan" : "Ie Rhob Geulumpang/Glumpang",
  "kodepos" : "24251"
}, {
  "kecamatan" : "Simpang Mamplam",
  "kelurahan" : "Ie Rhob Babah Lueng",
  "kodepos" : "24251"
}, {
  "kecamatan" : "Simpang Mamplam",
  "kelurahan" : "Gle Meundong",
  "kodepos" : "24251"
}, {
  "kecamatan" : "Jeumpa",
  "kelurahan" : "Geulumpang Payong",
  "kodepos" : "24251"
}, {
  "kecamatan" : "Juli",
  "kelurahan" : "Geulumpang Meu Jimjim",
  "kodepos" : "24251"
}, {
  "kecamatan" : "Kota Juang",
  "kelurahan" : "Geulanggang Kulam",
  "kodepos" : "24251"
}, {
  "kecamatan" : "Kota Juang",
  "kelurahan" : "Geulanggang Teungoh",
  "kodepos" : "24251"
}, {
  "kecamatan" : "Kota Juang",
  "kelurahan" : "Geulanggang Gampong",
  "kodepos" : "24251"
}, {
  "kecamatan" : "Kota Juang",
  "kelurahan" : "Geulanggang Baro",
  "kodepos" : "24251"
}, {
  "kecamatan" : "Jeumpa",
  "kelurahan" : "Geudong Tampu",
  "kodepos" : "24251"
}, {
  "kecamatan" : "Kota Juang",
  "kelurahan" : "Geudong Alue",
  "kodepos" : "24251"
}, {
  "kecamatan" : "Kota Juang",
  "kelurahan" : "Geudong Geudong",
  "kodepos" : "24251"
}, {
  "kecamatan" : "Kota Juang",
  "kelurahan" : "Gampong Baro",
  "kodepos" : "24251"
}, {
  "kecamatan" : "Simpang Mamplam",
  "kelurahan" : "Cure Tunong",
  "kodepos" : "24251"
}, {
  "kecamatan" : "Simpang Mamplam",
  "kelurahan" : "Cure Baroh",
  "kodepos" : "24251"
}, {
  "kecamatan" : "Jeumpa",
  "kelurahan" : "Cot Ulim",
  "kodepos" : "24251"
}, {
  "kecamatan" : "Simpang Mamplam",
  "kelurahan" : "Cot Trieng",
  "kodepos" : "24251"
}, {
  "kecamatan" : "Jeumpa",
  "kelurahan" : "Cot Tarom Tunong",
  "kodepos" : "24251"
}, {
  "kecamatan" : "Jeumpa",
  "kelurahan" : "Cot Tarom Baroh",
  "kodepos" : "24251"
}, {
  "kecamatan" : "Kota Juang",
  "kelurahan" : "Cot Peutek",
  "kodepos" : "24251"
}, {
  "kecamatan" : "Jeumpa",
  "kelurahan" : "Cot Meugoe",
  "kodepos" : "24251"
}, {
  "kecamatan" : "Jeumpa",
  "kelurahan" : "Cot Leusong",
  "kodepos" : "24251"
}, {
  "kecamatan" : "Jeumpa",
  "kelurahan" : "Cot Keutapang",
  "kodepos" : "24251"
}, {
  "kecamatan" : "Kota Juang",
  "kelurahan" : "Cot Jrat",
  "kodepos" : "24251"
}, {
  "kecamatan" : "Jeumpa",
  "kelurahan" : "Cot Iboh",
  "kodepos" : "24251"
}, {
  "kecamatan" : "Kota Juang",
  "kelurahan" : "Cot Gapu",
  "kodepos" : "24251"
}, {
  "kecamatan" : "Jeumpa",
  "kelurahan" : "Cot Geurundong",
  "kodepos" : "24251"
}, {
  "kecamatan" : "Jeumpa",
  "kelurahan" : "Cot Iboeh Timu",
  "kodepos" : "24251"
}, {
  "kecamatan" : "Jeumpa",
  "kelurahan" : "Cot Bada",
  "kodepos" : "24251"
}, {
  "kecamatan" : "Jeumpa",
  "kelurahan" : "Cot Gadong",
  "kodepos" : "24251"
}, {
  "kecamatan" : "Juli",
  "kelurahan" : "Bunyot (Beunyot)",
  "kodepos" : "24251"
}, {
  "kecamatan" : "Simpang Mamplam",
  "kelurahan" : "Calok",
  "kodepos" : "24251"
}, {
  "kecamatan" : "Simpang Mamplam",
  "kelurahan" : "Ceureucok",
  "kodepos" : "24251"
}, {
  "kecamatan" : "Juli",
  "kelurahan" : "Buket Mulia",
  "kodepos" : "24251"
}, {
  "kecamatan" : "Kota Juang",
  "kelurahan" : "Buket Teukueh",
  "kodepos" : "24251"
}, {
  "kecamatan" : "Kota Juang",
  "kelurahan" : "Blang Tingkeum",
  "kodepos" : "24251"
}, {
  "kecamatan" : "Simpang Mamplam",
  "kelurahan" : "Blang Teumulek",
  "kodepos" : "24251"
}, {
  "kecamatan" : "Jeumpa",
  "kelurahan" : "Blang Seupeng",
  "kodepos" : "24251"
}, {
  "kecamatan" : "Simpang Mamplam",
  "kelurahan" : "Blang Tambue",
  "kodepos" : "24251"
}, {
  "kecamatan" : "Jeumpa",
  "kelurahan" : "Blang Rheum",
  "kodepos" : "24251"
}, {
  "kecamatan" : "Jeumpa",
  "kelurahan" : "Blang Seunong",
  "kodepos" : "24251"
}, {
  "kecamatan" : "Kota Juang",
  "kelurahan" : "Blang Reulieng (Reuling)",
  "kodepos" : "24251"
}, {
  "kecamatan" : "Simpang Mamplam",
  "kelurahan" : "Blang Panyang",
  "kodepos" : "24251"
}, {
  "kecamatan" : "Jeumpa",
  "kelurahan" : "Blang Me",
  "kodepos" : "24251"
}, {
  "kecamatan" : "Simpang Mamplam",
  "kelurahan" : "Blang Mane Dua Meunasah",
  "kodepos" : "24251"
}, {
  "kecamatan" : "Simpang Mamplam",
  "kelurahan" : "Blang Kuta Dua Meunasah",
  "kodepos" : "24251"
}, {
  "kecamatan" : "Simpang Mamplam",
  "kelurahan" : "Blang Mane Barat",
  "kodepos" : "24251"
}, {
  "kecamatan" : "Simpang Mamplam",
  "kelurahan" : "Blang Kuta Coh",
  "kodepos" : "24251"
}, {
  "kecamatan" : "Juli",
  "kelurahan" : "Blang Keutumba (Ketumba)",
  "kodepos" : "24251"
}, {
  "kecamatan" : "Jeumpa",
  "kelurahan" : "Blang Dalam",
  "kodepos" : "24251"
}, {
  "kecamatan" : "Jeumpa",
  "kelurahan" : "Blang Gandai",
  "kodepos" : "24251"
}, {
  "kecamatan" : "Jeumpa",
  "kelurahan" : "Blang Cot Baroh",
  "kodepos" : "24251"
}, {
  "kecamatan" : "Jeumpa",
  "kelurahan" : "Blang Cot Tunong",
  "kodepos" : "24251"
}, {
  "kecamatan" : "Jeumpa",
  "kelurahan" : "Blang Bladeh",
  "kodepos" : "24251"
}, {
  "kecamatan" : "Kota Juang",
  "kelurahan" : "Bireun Meunasah Reuleut",
  "kodepos" : "24251"
}, {
  "kecamatan" : "Kota Juang",
  "kelurahan" : "Bireun Meunasah Teungku Digadong",
  "kodepos" : "24251"
}, {
  "kecamatan" : "Kota Juang",
  "kelurahan" : "Bireun Meunasah Capa",
  "kodepos" : "24251"
}, {
  "kecamatan" : "Kota Juang",
  "kelurahan" : "Bireun Meunasah Dayah",
  "kodepos" : "24251"
}, {
  "kecamatan" : "Kota Juang",
  "kelurahan" : "Bireun Meunasah Blang",
  "kodepos" : "24251"
}, {
  "kecamatan" : "Jeumpa",
  "kelurahan" : "Beurawang",
  "kodepos" : "24251"
}, {
  "kecamatan" : "Juli",
  "kelurahan" : "Batee Raya",
  "kodepos" : "24251"
}, {
  "kecamatan" : "Jeumpa",
  "kelurahan" : "Batee Timoh",
  "kodepos" : "24251"
}, {
  "kecamatan" : "Simpang Mamplam",
  "kelurahan" : "Balee",
  "kodepos" : "24251"
}, {
  "kecamatan" : "Juli",
  "kelurahan" : "Balee Panah",
  "kodepos" : "24251"
}, {
  "kecamatan" : "Simpang Mamplam",
  "kelurahan" : "Arongan",
  "kodepos" : "24251"
}, {
  "kecamatan" : "Juli",
  "kelurahan" : "Alue Unou/Unoe",
  "kodepos" : "24251"
}, {
  "kecamatan" : "Jeumpa",
  "kelurahan" : "Alue Limeng",
  "kodepos" : "24251"
}, {
  "kecamatan" : "Simpang Mamplam",
  "kelurahan" : "Alue Leuhob",
  "kodepos" : "24251"
}, {
  "kecamatan" : "Juli",
  "kelurahan" : "Aleu Rambong",
  "kodepos" : "24251"
}, {
  "kecamatan" : "Jeumpa",
  "kelurahan" : "Abeuk Usong",
  "kodepos" : "24251"
}, {
  "kecamatan" : "Juli",
  "kelurahan" : "Abeuk Budi",
  "kodepos" : "24251"
}, {
  "kecamatan" : "Jeumpa",
  "kelurahan" : "Abeuk Tingkeum",
  "kodepos" : "24251"
} ]
