[ {
  "kecamatan" : "Bandar Dua",
  "kelurahan" : "Seunong",
  "kodepos" : "24188"
}, {
  "kecamatan" : "Bandar Dua",
  "kelurahan" : "Uteun Bayu",
  "kodepos" : "24188"
}, {
  "kecamatan" : "Bandar Dua",
  "kelurahan" : "Reudeup Melayu",
  "kodepos" : "24188"
}, {
  "kecamatan" : "Bandar Dua",
  "kelurahan" : "Pulo Gapu",
  "kodepos" : "24188"
}, {
  "kecamatan" : "Bandar Dua",
  "kelurahan" : "Reudeup Melayu",
  "kodepos" : "24188"
}, {
  "kecamatan" : "Bandar Dua",
  "kelurahan" : "Peulakan Tunong",
  "kodepos" : "24188"
}, {
  "kecamatan" : "Bandar Dua",
  "kelurahan" : "Pohroh",
  "kodepos" : "24188"
}, {
  "kecamatan" : "Bandar Dua",
  "kelurahan" : "Peulakan Tambo",
  "kodepos" : "24188"
}, {
  "kecamatan" : "Bandar Dua",
  "kelurahan" : "Paya Pisang Klat",
  "kodepos" : "24188"
}, {
  "kecamatan" : "Bandar Dua",
  "kelurahan" : "Paya Tunong",
  "kodepos" : "24188"
}, {
  "kecamatan" : "Bandar Dua",
  "kelurahan" : "Peulakan Cebrek",
  "kodepos" : "24188"
}, {
  "kecamatan" : "Bandar Dua",
  "kelurahan" : "Muko Buloh",
  "kodepos" : "24188"
}, {
  "kecamatan" : "Bandar Dua",
  "kelurahan" : "Paya Baroh",
  "kodepos" : "24188"
}, {
  "kecamatan" : "Bandar Dua",
  "kelurahan" : "Meunasah Paku",
  "kodepos" : "24188"
}, {
  "kecamatan" : "Bandar Dua",
  "kelurahan" : "Meurandeh Alue",
  "kodepos" : "24188"
}, {
  "kecamatan" : "Bandar Dua",
  "kelurahan" : "Meuko Dayah",
  "kodepos" : "24188"
}, {
  "kecamatan" : "Bandar Dua",
  "kelurahan" : "Meuko Kuthang",
  "kodepos" : "24188"
}, {
  "kecamatan" : "Bandar Dua",
  "kelurahan" : "Meuko Baroh",
  "kodepos" : "24188"
}, {
  "kecamatan" : "Bandar Dua",
  "kelurahan" : "Lhok Pusong",
  "kodepos" : "24188"
}, {
  "kecamatan" : "Bandar Dua",
  "kelurahan" : "Meugit Kayei Panyang",
  "kodepos" : "24188"
}, {
  "kecamatan" : "Bandar Dua",
  "kelurahan" : "Meugit Sagoe",
  "kodepos" : "24188"
}, {
  "kecamatan" : "Bandar Dua",
  "kelurahan" : "Kumba",
  "kodepos" : "24188"
}, {
  "kecamatan" : "Bandar Dua",
  "kelurahan" : "Kuta Krueng",
  "kodepos" : "24188"
}, {
  "kecamatan" : "Bandar Dua",
  "kelurahan" : "Keude Ulee Glee",
  "kodepos" : "24188"
}, {
  "kecamatan" : "Bandar Dua",
  "kelurahan" : "Krueng Kiran",
  "kodepos" : "24188"
}, {
  "kecamatan" : "Bandar Dua",
  "kelurahan" : "Jeulanga Mata Ie",
  "kodepos" : "24188"
}, {
  "kecamatan" : "Bandar Dua",
  "kelurahan" : "Jeulanga Mesjid",
  "kodepos" : "24188"
}, {
  "kecamatan" : "Bandar Dua",
  "kelurahan" : "Kampung Baro",
  "kodepos" : "24188"
}, {
  "kecamatan" : "Bandar Dua",
  "kelurahan" : "Gampong Ulee Glee",
  "kodepos" : "24188"
}, {
  "kecamatan" : "Bandar Dua",
  "kelurahan" : "Jeulanga Barat",
  "kodepos" : "24188"
}, {
  "kecamatan" : "Bandar Dua",
  "kelurahan" : "Drien Tujoh",
  "kodepos" : "24188"
}, {
  "kecamatan" : "Bandar Dua",
  "kelurahan" : "Gaharu",
  "kodepos" : "24188"
}, {
  "kecamatan" : "Bandar Dua",
  "kelurahan" : "Drien Bungong",
  "kodepos" : "24188"
}, {
  "kecamatan" : "Bandar Dua",
  "kelurahan" : "Cot Keng",
  "kodepos" : "24188"
}, {
  "kecamatan" : "Bandar Dua",
  "kelurahan" : "Blang Mirou",
  "kodepos" : "24188"
}, {
  "kecamatan" : "Bandar Dua",
  "kelurahan" : "Cot Geurufai",
  "kodepos" : "24188"
}, {
  "kecamatan" : "Bandar Dua",
  "kelurahan" : "Blang Dalam",
  "kodepos" : "24188"
}, {
  "kecamatan" : "Bandar Dua",
  "kelurahan" : "Blang Kuta",
  "kodepos" : "24188"
}, {
  "kecamatan" : "Bandar Dua",
  "kelurahan" : "Asan Kumbang",
  "kodepos" : "24188"
}, {
  "kecamatan" : "Bandar Dua",
  "kelurahan" : "Babah Krueng",
  "kodepos" : "24188"
}, {
  "kecamatan" : "Bandar Dua",
  "kelurahan" : "Beurasan",
  "kodepos" : "24188"
}, {
  "kecamatan" : "Bandar Dua",
  "kelurahan" : "Alue Sane",
  "kodepos" : "24188"
}, {
  "kecamatan" : "Bandar Dua",
  "kelurahan" : "Alue Keutapang",
  "kodepos" : "24188"
}, {
  "kecamatan" : "Bandar Dua",
  "kelurahan" : "Alue Me",
  "kodepos" : "24188"
}, {
  "kecamatan" : "Ulim",
  "kelurahan" : "Tijin Husen",
  "kodepos" : "24187"
}, {
  "kecamatan" : "Bandar Dua",
  "kelurahan" : "Adan",
  "kodepos" : "24188"
}, {
  "kecamatan" : "Ulim",
  "kelurahan" : "Tanjong Ulim",
  "kodepos" : "24187"
}, {
  "kecamatan" : "Ulim",
  "kelurahan" : "Tijin Daboh",
  "kodepos" : "24187"
}, {
  "kecamatan" : "Ulim",
  "kelurahan" : "Reuleut",
  "kodepos" : "24187"
}, {
  "kecamatan" : "Ulim",
  "kelurahan" : "Sambongan Baro",
  "kodepos" : "24187"
}, {
  "kecamatan" : "Ulim",
  "kelurahan" : "Siblah Coh",
  "kodepos" : "24187"
}, {
  "kecamatan" : "Ulim",
  "kelurahan" : "Pulo Ulim",
  "kodepos" : "24187"
}, {
  "kecamatan" : "Ulim",
  "kelurahan" : "Pulo Lhok",
  "kodepos" : "24187"
}, {
  "kecamatan" : "Ulim",
  "kelurahan" : "Nangrhou Barat",
  "kodepos" : "24187"
}, {
  "kecamatan" : "Ulim",
  "kelurahan" : "Pantang Cot Baloi",
  "kodepos" : "24187"
}, {
  "kecamatan" : "Ulim",
  "kelurahan" : "Meunasah Pupu",
  "kodepos" : "24187"
}, {
  "kecamatan" : "Ulim",
  "kelurahan" : "Nanggroe Timur",
  "kodepos" : "24187"
}, {
  "kecamatan" : "Ulim",
  "kelurahan" : "Meunasah Kumbang",
  "kodepos" : "24187"
}, {
  "kecamatan" : "Ulim",
  "kelurahan" : "Meunasah Mesjid",
  "kodepos" : "24187"
}, {
  "kecamatan" : "Ulim",
  "kelurahan" : "Mesjid Ulim Baroh",
  "kodepos" : "24187"
}, {
  "kecamatan" : "Ulim",
  "kelurahan" : "Mesjid Ulim Tunong",
  "kodepos" : "24187"
}, {
  "kecamatan" : "Ulim",
  "kelurahan" : "Meunasah Bueng",
  "kodepos" : "24187"
}, {
  "kecamatan" : "Ulim",
  "kelurahan" : "Lhok Gajah",
  "kodepos" : "24187"
}, {
  "kecamatan" : "Ulim",
  "kelurahan" : "Keude Ulim",
  "kodepos" : "24187"
}, {
  "kecamatan" : "Ulim",
  "kelurahan" : "Krueng",
  "kodepos" : "24187"
}, {
  "kecamatan" : "Ulim",
  "kelurahan" : "Geulanggang",
  "kodepos" : "24187"
}, {
  "kecamatan" : "Ulim",
  "kelurahan" : "Grong Grong Capa",
  "kodepos" : "24187"
}, {
  "kecamatan" : "Ulim",
  "kelurahan" : "Cot Seutuy",
  "kodepos" : "24187"
}, {
  "kecamatan" : "Ulim",
  "kelurahan" : "Dayah Baroh",
  "kodepos" : "24187"
}, {
  "kecamatan" : "Ulim",
  "kelurahan" : "Dayah Leubue",
  "kodepos" : "24187"
}, {
  "kecamatan" : "Ulim",
  "kelurahan" : "Blang Cari",
  "kodepos" : "24187"
}, {
  "kecamatan" : "Ulim",
  "kelurahan" : "Blang Rheue",
  "kodepos" : "24187"
}, {
  "kecamatan" : "Ulim",
  "kelurahan" : "Bale Ulim",
  "kodepos" : "24187"
}, {
  "kecamatan" : "Ulim",
  "kelurahan" : "Bidok",
  "kodepos" : "24187"
}, {
  "kecamatan" : "Ulim",
  "kelurahan" : "Alue Keumiki",
  "kodepos" : "24187"
}, {
  "kecamatan" : "Meureudu",
  "kelurahan" : "Teupin Peuraho",
  "kodepos" : "24186"
}, {
  "kecamatan" : "Meurah Dua",
  "kelurahan" : "Seunong",
  "kodepos" : "24186"
}, {
  "kecamatan" : "Meureudu",
  "kelurahan" : "Rungkom",
  "kodepos" : "24186"
}, {
  "kecamatan" : "Meurah Dua",
  "kelurahan" : "Sarahmane",
  "kodepos" : "24186"
}, {
  "kecamatan" : "Meureudu",
  "kelurahan" : "Rhing Mancang",
  "kodepos" : "24186"
}, {
  "kecamatan" : "Meureudu",
  "kelurahan" : "Rumpuen",
  "kodepos" : "24186"
}, {
  "kecamatan" : "Jangka Buya",
  "kelurahan" : "Reului Mangat",
  "kodepos" : "24186"
}, {
  "kecamatan" : "Meureudu",
  "kelurahan" : "Rhing Blang",
  "kodepos" : "24186"
}, {
  "kecamatan" : "Meureudu",
  "kelurahan" : "Rhing Krueng",
  "kodepos" : "24186"
}, {
  "kecamatan" : "Meureudu",
  "kelurahan" : "Rambong",
  "kodepos" : "24186"
}, {
  "kecamatan" : "Meureudu",
  "kelurahan" : "Pohroh",
  "kodepos" : "24186"
}, {
  "kecamatan" : "Meureudu",
  "kelurahan" : "Pulo U",
  "kodepos" : "24186"
}, {
  "kecamatan" : "Jangka Buya",
  "kelurahan" : "Muko Jurong",
  "kodepos" : "24186"
}, {
  "kecamatan" : "Meurah Dua",
  "kelurahan" : "Pante Beureune",
  "kodepos" : "24186"
}, {
  "kecamatan" : "Meureudu",
  "kelurahan" : "Ms Kulam Beuracan",
  "kodepos" : "24186"
}, {
  "kecamatan" : "Meurah Dua",
  "kelurahan" : "Meunasah Teungoh",
  "kodepos" : "24186"
}, {
  "kecamatan" : "Meureudu",
  "kelurahan" : "Meuraksa",
  "kodepos" : "24186"
}, {
  "kecamatan" : "Meurah Dua",
  "kelurahan" : "Meunasah Raya",
  "kodepos" : "24186"
}, {
  "kecamatan" : "Meureudu",
  "kelurahan" : "Meunasah Mulieng",
  "kodepos" : "24186"
}, {
  "kecamatan" : "Meurah Dua",
  "kelurahan" : "Meunasah Mancang",
  "kodepos" : "24186"
}, {
  "kecamatan" : "Jangka Buya",
  "kelurahan" : "Meunasah Me",
  "kodepos" : "24186"
}, {
  "kecamatan" : "Meurah Dua",
  "kelurahan" : "Meunasah Kulam Rentang",
  "kodepos" : "24186"
}, {
  "kecamatan" : "Meureudu",
  "kelurahan" : "Meunasah Lhok",
  "kodepos" : "24186"
}, {
  "kecamatan" : "Jangka Buya",
  "kelurahan" : "Meunasah Kumbang",
  "kodepos" : "24186"
}, {
  "kecamatan" : "Meurah Dua",
  "kelurahan" : "Meunasah Jurong",
  "kodepos" : "24186"
}, {
  "kecamatan" : "Meureudu",
  "kelurahan" : "Meunasah Hagu",
  "kodepos" : "24186"
}, {
  "kecamatan" : "Meurah Dua",
  "kelurahan" : "Meunasah Bie",
  "kodepos" : "24186"
}, {
  "kecamatan" : "Meurah Dua",
  "kelurahan" : "Meunasah Bie",
  "kodepos" : "24186"
}, {
  "kecamatan" : "Jangka Buya",
  "kelurahan" : "Meuko Meugit",
  "kodepos" : "24186"
}, {
  "kecamatan" : "Meureudu",
  "kelurahan" : "Meunasah Balek",
  "kodepos" : "24186"
}, {
  "kecamatan" : "Meureudu",
  "kelurahan" : "Manyang Lamcok",
  "kodepos" : "24186"
}, {
  "kecamatan" : "Meureudu",
  "kelurahan" : "Mesjid Tuha",
  "kodepos" : "24186"
}, {
  "kecamatan" : "Meureudu",
  "kelurahan" : "Manyang Cut",
  "kodepos" : "24186"
}, {
  "kecamatan" : "Meurah Dua",
  "kelurahan" : "Lueng Bimba",
  "kodepos" : "24186"
}, {
  "kecamatan" : "Meurah Dua",
  "kelurahan" : "Lancok",
  "kodepos" : "24186"
}, {
  "kecamatan" : "Meurah Dua",
  "kelurahan" : "Lhok Sandeng",
  "kodepos" : "24186"
}, {
  "kecamatan" : "Meureudu",
  "kelurahan" : "Kuta Trieng",
  "kodepos" : "24186"
}, {
  "kecamatan" : "Meureudu",
  "kelurahan" : "Lampoh Lada",
  "kodepos" : "24186"
}, {
  "kecamatan" : "Meureudu",
  "kelurahan" : "Kota Meureudu",
  "kodepos" : "24186"
}, {
  "kecamatan" : "Meureudu",
  "kelurahan" : "Kudrang",
  "kodepos" : "24186"
}, {
  "kecamatan" : "Jangka Buya",
  "kelurahan" : "Kuta Baroh",
  "kodepos" : "24186"
}, {
  "kecamatan" : "Jangka Buya",
  "kelurahan" : "Kiran Dayah",
  "kodepos" : "24186"
}, {
  "kecamatan" : "Jangka Buya",
  "kelurahan" : "Kiran Krueng",
  "kodepos" : "24186"
}, {
  "kecamatan" : "Jangka Buya",
  "kelurahan" : "Keurisi Meunasah Raya",
  "kodepos" : "24186"
}, {
  "kecamatan" : "Jangka Buya",
  "kelurahan" : "Kiran Baroh",
  "kodepos" : "24186"
}, {
  "kecamatan" : "Jangka Buya",
  "kelurahan" : "Keudee Jangka Buya",
  "kodepos" : "24186"
}, {
  "kecamatan" : "Jangka Buya",
  "kelurahan" : "Keurisi Meunasah Lueng",
  "kodepos" : "24186"
}, {
  "kecamatan" : "Jangka Buya",
  "kelurahan" : "Jurong Ara",
  "kodepos" : "24186"
}, {
  "kecamatan" : "Jangka Buya",
  "kelurahan" : "Jurong Binje",
  "kodepos" : "24186"
}, {
  "kecamatan" : "Jangka Buya",
  "kelurahan" : "Jurong Teungoh",
  "kodepos" : "24186"
}, {
  "kecamatan" : "Meureudu",
  "kelurahan" : "Glumpang Tutong",
  "kodepos" : "24186"
}, {
  "kecamatan" : "Meureudu",
  "kelurahan" : "Grong Grong",
  "kodepos" : "24186"
}, {
  "kecamatan" : "Meureudu",
  "kelurahan" : "Geulidah",
  "kodepos" : "24186"
}, {
  "kecamatan" : "Jangka Buya",
  "kelurahan" : "Gampong Cot",
  "kodepos" : "24186"
}, {
  "kecamatan" : "Meurah Dua",
  "kelurahan" : "Geunteng",
  "kodepos" : "24186"
}, {
  "kecamatan" : "Meurah Dua",
  "kelurahan" : "Gampong Blang",
  "kodepos" : "24186"
}, {
  "kecamatan" : "Meureudu",
  "kelurahan" : "Dayah Tuha",
  "kodepos" : "24186"
}, {
  "kecamatan" : "Meurah Dua",
  "kelurahan" : "Dayah Kruet",
  "kodepos" : "24186"
}, {
  "kecamatan" : "Meureudu",
  "kelurahan" : "Dayah Timu",
  "kodepos" : "24186"
}, {
  "kecamatan" : "Jangka Buya",
  "kelurahan" : "Buket Teungoh",
  "kodepos" : "24186"
}, {
  "kecamatan" : "Meurah Dua",
  "kelurahan" : "Dayah Husen (Usien)",
  "kodepos" : "24186"
}, {
  "kecamatan" : "Meureudu",
  "kelurahan" : "Bunot",
  "kodepos" : "24186"
}, {
  "kecamatan" : "Meurah Dua",
  "kelurahan" : "Buangan",
  "kodepos" : "24186"
}, {
  "kecamatan" : "Meurah Dua",
  "kelurahan" : "Blang Cut",
  "kodepos" : "24186"
}, {
  "kecamatan" : "Meureudu",
  "kelurahan" : "Blang Awe",
  "kodepos" : "24186"
}, {
  "kecamatan" : "Meurah Dua",
  "kelurahan" : "Beuringen (Beringin)",
  "kodepos" : "24186"
}, {
  "kecamatan" : "Panteraja",
  "kelurahan" : "Tunong Pantee Raja",
  "kodepos" : "24185"
}, {
  "kecamatan" : "Meureudu",
  "kelurahan" : "Beurawang",
  "kodepos" : "24186"
}, {
  "kecamatan" : "Trienggadeng",
  "kelurahan" : "Tungkluet (Tung Kleut)",
  "kodepos" : "24185"
}, {
  "kecamatan" : "Trienggadeng",
  "kelurahan" : "Tuha",
  "kodepos" : "24185"
}, {
  "kecamatan" : "Panteraja",
  "kelurahan" : "Teungoh Pantee Raja",
  "kodepos" : "24185"
}, {
  "kecamatan" : "Panteraja",
  "kelurahan" : "Tu",
  "kodepos" : "24185"
}, {
  "kecamatan" : "Trienggadeng",
  "kelurahan" : "Sagou",
  "kodepos" : "24185"
}, {
  "kecamatan" : "Trienggadeng",
  "kelurahan" : "Tampui",
  "kodepos" : "24185"
}, {
  "kecamatan" : "Trienggadeng",
  "kelurahan" : "Reuseb",
  "kodepos" : "24185"
}, {
  "kecamatan" : "Panteraja",
  "kelurahan" : "Reudeup",
  "kodepos" : "24185"
}, {
  "kecamatan" : "Trienggadeng",
  "kelurahan" : "Rawasari",
  "kodepos" : "24185"
}, {
  "kecamatan" : "Trienggadeng",
  "kelurahan" : "Raya",
  "kodepos" : "24185"
}, {
  "kecamatan" : "Panteraja",
  "kelurahan" : "Peuradeu",
  "kodepos" : "24185"
}, {
  "kecamatan" : "Trienggadeng",
  "kelurahan" : "Peulandok Tunong",
  "kodepos" : "24185"
}, {
  "kecamatan" : "Trienggadeng",
  "kelurahan" : "Paya",
  "kodepos" : "24185"
}, {
  "kecamatan" : "Trienggadeng",
  "kelurahan" : "Peulandok Teungoh",
  "kodepos" : "24185"
}, {
  "kecamatan" : "Panteraja",
  "kelurahan" : "Muka Blang",
  "kodepos" : "24185"
}, {
  "kecamatan" : "Trienggadeng",
  "kelurahan" : "Panton Raya",
  "kodepos" : "24185"
}, {
  "kecamatan" : "Trienggadeng",
  "kelurahan" : "Meucat Pangwa",
  "kodepos" : "24185"
}, {
  "kecamatan" : "Trienggadeng",
  "kelurahan" : "Meue",
  "kodepos" : "24185"
}, {
  "kecamatan" : "Trienggadeng",
  "kelurahan" : "Mesjid Trienggadeng",
  "kodepos" : "24185"
}, {
  "kecamatan" : "Trienggadeng",
  "kelurahan" : "Me Peuduek (Peudok Baroh)",
  "kodepos" : "24185"
}, {
  "kecamatan" : "Trienggadeng",
  "kelurahan" : "Mesjid Peuduek",
  "kodepos" : "24185"
}, {
  "kecamatan" : "Panteraja",
  "kelurahan" : "Mesjid Pante Raja",
  "kodepos" : "24185"
}, {
  "kecamatan" : "Trienggadeng",
  "kelurahan" : "Matang",
  "kodepos" : "24185"
}, {
  "kecamatan" : "Trienggadeng",
  "kelurahan" : "Me Pangwa",
  "kodepos" : "24185"
}, {
  "kecamatan" : "Trienggadeng",
  "kelurahan" : "Kuta Pangwa",
  "kodepos" : "24185"
}, {
  "kecamatan" : "Panteraja",
  "kelurahan" : "Keudee Pante Raja",
  "kodepos" : "24185"
}, {
  "kecamatan" : "Panteraja",
  "kelurahan" : "Lhok Puuk",
  "kodepos" : "24185"
}, {
  "kecamatan" : "Trienggadeng",
  "kelurahan" : "Keude Trienggadeng",
  "kodepos" : "24185"
}, {
  "kecamatan" : "Panteraja",
  "kelurahan" : "Hagu",
  "kodepos" : "24185"
}, {
  "kecamatan" : "Trienggadeng",
  "kelurahan" : "De (Gampong Dee)",
  "kodepos" : "24185"
}, {
  "kecamatan" : "Trienggadeng",
  "kelurahan" : "Dayah Pangwa",
  "kodepos" : "24185"
}, {
  "kecamatan" : "Trienggadeng",
  "kelurahan" : "Dayah Teumanah",
  "kodepos" : "24185"
}, {
  "kecamatan" : "Trienggadeng",
  "kelurahan" : "Dayah Ujong Baroh",
  "kodepos" : "24185"
}, {
  "kecamatan" : "Trienggadeng",
  "kelurahan" : "Cot Lheu Rheng",
  "kodepos" : "24185"
}, {
  "kecamatan" : "Trienggadeng",
  "kelurahan" : "Cot Makaso",
  "kodepos" : "24185"
}, {
  "kecamatan" : "Bandar Baru",
  "kelurahan" : "Ujong Leubat",
  "kodepos" : "24184"
}, {
  "kecamatan" : "Trienggadeng",
  "kelurahan" : "Buloh",
  "kodepos" : "24185"
}, {
  "kecamatan" : "Bandar Baru",
  "kelurahan" : "Tutong",
  "kodepos" : "24184"
}, {
  "kecamatan" : "Bandar Baru",
  "kelurahan" : "Udeung",
  "kodepos" : "24184"
}, {
  "kecamatan" : "Bandar Baru",
  "kelurahan" : "Teungoh Musa",
  "kodepos" : "24184"
}, {
  "kecamatan" : "Bandar Baru",
  "kelurahan" : "Tualada",
  "kodepos" : "24184"
}, {
  "kecamatan" : "Bandar Baru",
  "kelurahan" : "Tanoh Mirah",
  "kodepos" : "24184"
}, {
  "kecamatan" : "Bandar Baru",
  "kelurahan" : "Siren",
  "kodepos" : "24184"
}, {
  "kecamatan" : "Bandar Baru",
  "kelurahan" : "Sarah Panyang",
  "kodepos" : "24184"
}, {
  "kecamatan" : "Bandar Baru",
  "kelurahan" : "Sawang",
  "kodepos" : "24184"
}, {
  "kecamatan" : "Bandar Baru",
  "kelurahan" : "Pulo Rheng",
  "kodepos" : "24184"
}, {
  "kecamatan" : "Bandar Baru",
  "kelurahan" : "Sagoe",
  "kodepos" : "24184"
}, {
  "kecamatan" : "Bandar Baru",
  "kelurahan" : "Pueb Lueng Nibong",
  "kodepos" : "24184"
}, {
  "kecamatan" : "Bandar Baru",
  "kelurahan" : "Pulo Pueb",
  "kodepos" : "24184"
}, {
  "kecamatan" : "Bandar Baru",
  "kelurahan" : "Paru Cot",
  "kodepos" : "24184"
}, {
  "kecamatan" : "Bandar Baru",
  "kelurahan" : "Paru Keude",
  "kodepos" : "24184"
}, {
  "kecamatan" : "Bandar Baru",
  "kelurahan" : "Manyang",
  "kodepos" : "24184"
}, {
  "kecamatan" : "Bandar Baru",
  "kelurahan" : "Mesjid Lancok",
  "kodepos" : "24184"
}, {
  "kecamatan" : "Bandar Baru",
  "kelurahan" : "Kayee Raya",
  "kodepos" : "24184"
}, {
  "kecamatan" : "Bandar Baru",
  "kelurahan" : "Keude Lueng Putu",
  "kodepos" : "24184"
}, {
  "kecamatan" : "Bandar Baru",
  "kelurahan" : "Lancang Paru",
  "kodepos" : "24184"
}, {
  "kecamatan" : "Bandar Baru",
  "kelurahan" : "Kayee Jatoe",
  "kodepos" : "24184"
}, {
  "kecamatan" : "Bandar Baru",
  "kelurahan" : "Gampong Nyong",
  "kodepos" : "24184"
}, {
  "kecamatan" : "Bandar Baru",
  "kelurahan" : "Jijiem",
  "kodepos" : "24184"
}, {
  "kecamatan" : "Bandar Baru",
  "kelurahan" : "Gampong Meunasah Baro (Baro Nyong)",
  "kodepos" : "24184"
}, {
  "kecamatan" : "Bandar Baru",
  "kelurahan" : "Dayah Nyong",
  "kodepos" : "24184"
}, {
  "kecamatan" : "Bandar Baru",
  "kelurahan" : "Gampong Cut Nyong",
  "kodepos" : "24184"
}, {
  "kecamatan" : "Bandar Baru",
  "kelurahan" : "Daboih",
  "kodepos" : "24184"
}, {
  "kecamatan" : "Bandar Baru",
  "kelurahan" : "Dayah Langien",
  "kodepos" : "24184"
}, {
  "kecamatan" : "Bandar Baru",
  "kelurahan" : "Blang Sukon",
  "kodepos" : "24184"
}, {
  "kecamatan" : "Bandar Baru",
  "kelurahan" : "Cut Langien",
  "kodepos" : "24184"
}, {
  "kecamatan" : "Bandar Baru",
  "kelurahan" : "Blang Iboih",
  "kodepos" : "24184"
}, {
  "kecamatan" : "Bandar Baru",
  "kelurahan" : "Blang Krueng",
  "kodepos" : "24184"
}, {
  "kecamatan" : "Bandar Baru",
  "kelurahan" : "Blang Baro",
  "kodepos" : "24184"
}, {
  "kecamatan" : "Bandar Baru",
  "kelurahan" : "Blang Glong",
  "kodepos" : "24184"
}, {
  "kecamatan" : "Bandar Baru",
  "kelurahan" : "Beurandeh",
  "kodepos" : "24184"
}, {
  "kecamatan" : "Bandar Baru",
  "kelurahan" : "Baroh Lancok",
  "kodepos" : "24184"
}, {
  "kecamatan" : "Bandar Baru",
  "kelurahan" : "Baroh Musa",
  "kodepos" : "24184"
}, {
  "kecamatan" : "Bandar Baru",
  "kelurahan" : "Balee",
  "kodepos" : "24184"
}, {
  "kecamatan" : "Bandar Baru",
  "kelurahan" : "Baroh Cot",
  "kodepos" : "24184"
}, {
  "kecamatan" : "Bandar Baru",
  "kelurahan" : "Aki Neungoh",
  "kodepos" : "24184"
}, {
  "kecamatan" : "Bandar Baru",
  "kelurahan" : "Alue",
  "kodepos" : "24184"
}, {
  "kecamatan" : "Bandar Baru",
  "kelurahan" : "Ara",
  "kodepos" : "24184"
}, {
  "kecamatan" : "Bandar Baru",
  "kelurahan" : "Abah Lueng",
  "kodepos" : "24184"
} ]
