[ {
  "kecamatan" : "Mane",
  "kelurahan" : "Turue Cut",
  "kodepos" : "24186"
}, {
  "kecamatan" : "Mane",
  "kelurahan" : "Mane",
  "kodepos" : "24186"
}, {
  "kecamatan" : "Mane",
  "kelurahan" : "Leuteung",
  "kodepos" : "24186"
}, {
  "kecamatan" : "Mane",
  "kelurahan" : "Blang Dalam",
  "kodepos" : "24186"
}, {
  "kecamatan" : "Glumpang Baro",
  "kelurahan" : "Ukee",
  "kodepos" : "24183"
}, {
  "kecamatan" : "Glumpang Tiga (Geulumpang Tiga)",
  "kelurahan" : "Ude Gampong",
  "kodepos" : "24183"
}, {
  "kecamatan" : "Glumpang Baro",
  "kelurahan" : "U Bungkok (U Bangkok)",
  "kodepos" : "24183"
}, {
  "kecamatan" : "Glumpang Tiga (Geulumpang Tiga)",
  "kelurahan" : "Sukon Mesjid",
  "kodepos" : "24183"
}, {
  "kecamatan" : "Glumpang Tiga (Geulumpang Tiga)",
  "kelurahan" : "Tufah Jeulatang",
  "kodepos" : "24183"
}, {
  "kecamatan" : "Glumpang Baro",
  "kelurahan" : "Sukon Paku",
  "kodepos" : "24183"
}, {
  "kecamatan" : "Glumpang Tiga (Geulumpang Tiga)",
  "kelurahan" : "Simpang",
  "kodepos" : "24183"
}, {
  "kecamatan" : "Glumpang Tiga (Geulumpang Tiga)",
  "kelurahan" : "Sukon Baroh",
  "kodepos" : "24183"
}, {
  "kecamatan" : "Glumpang Baro",
  "kelurahan" : "Seukee",
  "kodepos" : "24183"
}, {
  "kecamatan" : "Glumpang Baro",
  "kelurahan" : "Seureukui Cebrek",
  "kodepos" : "24183"
}, {
  "kecamatan" : "Glumpang Baro",
  "kelurahan" : "Sagoe",
  "kodepos" : "24183"
}, {
  "kecamatan" : "Glumpang Baro",
  "kelurahan" : "Sangget (Sanget)",
  "kodepos" : "24183"
}, {
  "kecamatan" : "Glumpang Tiga (Geulumpang Tiga)",
  "kelurahan" : "Reudeup Meulayu",
  "kodepos" : "24183"
}, {
  "kecamatan" : "Glumpang Baro",
  "kelurahan" : "Pulo Panjoe",
  "kodepos" : "24183"
}, {
  "kecamatan" : "Glumpang Tiga (Geulumpang Tiga)",
  "kelurahan" : "Pulo Lueng Teuga",
  "kodepos" : "24183"
}, {
  "kecamatan" : "Glumpang Tiga (Geulumpang Tiga)",
  "kelurahan" : "Pulo Dayah/Pulo Lon",
  "kodepos" : "24183"
}, {
  "kecamatan" : "Glumpang Baro",
  "kelurahan" : "Pulo Iboih",
  "kodepos" : "24183"
}, {
  "kecamatan" : "Glumpang Tiga (Geulumpang Tiga)",
  "kelurahan" : "Pulo Gajah Mate",
  "kodepos" : "24183"
}, {
  "kecamatan" : "Glumpang Tiga (Geulumpang Tiga)",
  "kelurahan" : "Panjou",
  "kodepos" : "24183"
}, {
  "kecamatan" : "Glumpang Tiga (Geulumpang Tiga)",
  "kelurahan" : "Pulo Batee",
  "kodepos" : "24183"
}, {
  "kecamatan" : "Glumpang Baro",
  "kelurahan" : "Palong",
  "kodepos" : "24183"
}, {
  "kecamatan" : "Glumpang Tiga (Geulumpang Tiga)",
  "kelurahan" : "Neurok",
  "kodepos" : "24183"
}, {
  "kecamatan" : "Glumpang Tiga (Geulumpang Tiga)",
  "kelurahan" : "Meunjee",
  "kodepos" : "24183"
}, {
  "kecamatan" : "Glumpang Baro",
  "kelurahan" : "Mee Teumpen (Meu Teumpeun)",
  "kodepos" : "24183"
}, {
  "kecamatan" : "Glumpang Baro",
  "kelurahan" : "Manyang",
  "kodepos" : "24183"
}, {
  "kecamatan" : "Glumpang Tiga (Geulumpang Tiga)",
  "kelurahan" : "Lambaro",
  "kodepos" : "24183"
}, {
  "kecamatan" : "Glumpang Tiga (Geulumpang Tiga)",
  "kelurahan" : "Mamplam",
  "kodepos" : "24183"
}, {
  "kecamatan" : "Glumpang Baro",
  "kelurahan" : "Kumbang Unoe",
  "kodepos" : "24183"
}, {
  "kecamatan" : "Glumpang Tiga (Geulumpang Tiga)",
  "kelurahan" : "Kumbang Keupula",
  "kodepos" : "24183"
}, {
  "kecamatan" : "Glumpang Baro",
  "kelurahan" : "Kumbang Trueung Campli",
  "kodepos" : "24183"
}, {
  "kecamatan" : "Glumpang Tiga (Geulumpang Tiga)",
  "kelurahan" : "Kruet Teumpeun",
  "kodepos" : "24183"
}, {
  "kecamatan" : "Glumpang Tiga (Geulumpang Tiga)",
  "kelurahan" : "Krueng Nyong",
  "kodepos" : "24183"
}, {
  "kecamatan" : "Glumpang Tiga (Geulumpang Tiga)",
  "kelurahan" : "Keutapang Mesjid",
  "kodepos" : "24183"
}, {
  "kecamatan" : "Glumpang Tiga (Geulumpang Tiga)",
  "kelurahan" : "Krueng Jangko",
  "kodepos" : "24183"
}, {
  "kecamatan" : "Glumpang Tiga (Geulumpang Tiga)",
  "kelurahan" : "Kayee Jatoe",
  "kodepos" : "24183"
}, {
  "kecamatan" : "Glumpang Tiga (Geulumpang Tiga)",
  "kelurahan" : "Keupula",
  "kodepos" : "24183"
}, {
  "kecamatan" : "Glumpang Baro",
  "kelurahan" : "Jurong Baro",
  "kodepos" : "24183"
}, {
  "kecamatan" : "Glumpang Tiga (Geulumpang Tiga)",
  "kelurahan" : "Jurong Pande",
  "kodepos" : "24183"
}, {
  "kecamatan" : "Glumpang Baro",
  "kelurahan" : "Geunteng",
  "kodepos" : "24183"
}, {
  "kecamatan" : "Glumpang Baro",
  "kelurahan" : "Glumpang Bungkok",
  "kodepos" : "24183"
}, {
  "kecamatan" : "Glumpang Tiga (Geulumpang Tiga)",
  "kelurahan" : "Dayah Tanoh",
  "kodepos" : "24183"
}, {
  "kecamatan" : "Glumpang Tiga (Geulumpang Tiga)",
  "kelurahan" : "Gampong Jeumpa",
  "kodepos" : "24183"
}, {
  "kecamatan" : "Glumpang Tiga (Geulumpang Tiga)",
  "kelurahan" : "Dayah Gampong Pisang",
  "kodepos" : "24183"
}, {
  "kecamatan" : "Glumpang Baro",
  "kelurahan" : "Daboih",
  "kodepos" : "24183"
}, {
  "kecamatan" : "Glumpang Tiga (Geulumpang Tiga)",
  "kelurahan" : "Cot Tunong",
  "kodepos" : "24183"
}, {
  "kecamatan" : "Glumpang Baro",
  "kelurahan" : "Bungong",
  "kodepos" : "24183"
}, {
  "kecamatan" : "Glumpang Tiga (Geulumpang Tiga)",
  "kelurahan" : "Blang Tunong",
  "kodepos" : "24183"
}, {
  "kecamatan" : "Glumpang Tiga (Geulumpang Tiga)",
  "kelurahan" : "Cot Baroh",
  "kodepos" : "24183"
}, {
  "kecamatan" : "Glumpang Tiga (Geulumpang Tiga)",
  "kelurahan" : "Blang Drang",
  "kodepos" : "24183"
}, {
  "kecamatan" : "Glumpang Baro",
  "kelurahan" : "Blang Baroh",
  "kodepos" : "24183"
}, {
  "kecamatan" : "Glumpang Tiga (Geulumpang Tiga)",
  "kelurahan" : "Blang Pueb",
  "kodepos" : "24183"
}, {
  "kecamatan" : "Glumpang Tiga (Geulumpang Tiga)",
  "kelurahan" : "Bili",
  "kodepos" : "24183"
}, {
  "kecamatan" : "Glumpang Tiga (Geulumpang Tiga)",
  "kelurahan" : "Balee",
  "kodepos" : "24183"
}, {
  "kecamatan" : "Glumpang Baro",
  "kelurahan" : "Balee Gantung",
  "kodepos" : "24183"
}, {
  "kecamatan" : "Kembang Tanjong (Tanjung)",
  "kelurahan" : "Tanjong Krueng",
  "kodepos" : "24182"
}, {
  "kecamatan" : "Kembang Tanjong (Tanjung)",
  "kelurahan" : "Sukon",
  "kodepos" : "24182"
}, {
  "kecamatan" : "Kembang Tanjong (Tanjung)",
  "kelurahan" : "Teumpeun",
  "kodepos" : "24182"
}, {
  "kecamatan" : "Kembang Tanjong (Tanjung)",
  "kelurahan" : "Tanjong",
  "kodepos" : "24182"
}, {
  "kecamatan" : "Glumpang Tiga (Geulumpang Tiga)",
  "kelurahan" : "Amut Mesjid",
  "kodepos" : "24183"
}, {
  "kecamatan" : "Kembang Tanjong (Tanjung)",
  "kelurahan" : "Reung Reung",
  "kodepos" : "24182"
}, {
  "kecamatan" : "Kembang Tanjong (Tanjung)",
  "kelurahan" : "Puuk",
  "kodepos" : "24182"
}, {
  "kecamatan" : "Kembang Tanjong (Tanjung)",
  "kelurahan" : "Pasi Ie Leubeue",
  "kodepos" : "24182"
}, {
  "kecamatan" : "Kembang Tanjong (Tanjung)",
  "kelurahan" : "Pasi Lhok",
  "kodepos" : "24182"
}, {
  "kecamatan" : "Kembang Tanjong (Tanjung)",
  "kelurahan" : "Pusong",
  "kodepos" : "24182"
}, {
  "kecamatan" : "Kembang Tanjong (Tanjung)",
  "kelurahan" : "Meunasah Teungoh",
  "kodepos" : "24182"
}, {
  "kecamatan" : "Kembang Tanjong (Tanjung)",
  "kelurahan" : "Meuraksa",
  "kodepos" : "24182"
}, {
  "kecamatan" : "Kembang Tanjong (Tanjung)",
  "kelurahan" : "Meunasah Kandang",
  "kodepos" : "24182"
}, {
  "kecamatan" : "Kembang Tanjong (Tanjung)",
  "kelurahan" : "Meunasah Krueng",
  "kodepos" : "24182"
}, {
  "kecamatan" : "Kembang Tanjong (Tanjung)",
  "kelurahan" : "Meunasah Mee",
  "kodepos" : "24182"
}, {
  "kecamatan" : "Kembang Tanjong (Tanjung)",
  "kelurahan" : "Meunasah Mesjid",
  "kodepos" : "24182"
}, {
  "kecamatan" : "Kembang Tanjong (Tanjung)",
  "kelurahan" : "Meunasah Baro",
  "kodepos" : "24182"
}, {
  "kecamatan" : "Kembang Tanjong (Tanjung)",
  "kelurahan" : "Meunasah Gantung",
  "kodepos" : "24182"
}, {
  "kecamatan" : "Kembang Tanjong (Tanjung)",
  "kelurahan" : "Meunasah Jareng (Jareing)",
  "kodepos" : "24182"
}, {
  "kecamatan" : "Kembang Tanjong (Tanjung)",
  "kelurahan" : "Manyang",
  "kodepos" : "24182"
}, {
  "kecamatan" : "Kembang Tanjong (Tanjung)",
  "kelurahan" : "Meunasah",
  "kodepos" : "24182"
}, {
  "kecamatan" : "Kembang Tanjong (Tanjung)",
  "kelurahan" : "Lamkawe",
  "kodepos" : "24182"
}, {
  "kecamatan" : "Kembang Tanjong (Tanjung)",
  "kelurahan" : "Matang Kuli",
  "kodepos" : "24182"
}, {
  "kecamatan" : "Kembang Tanjong (Tanjung)",
  "kelurahan" : "Keupula (Kupula)",
  "kodepos" : "24182"
}, {
  "kecamatan" : "Kembang Tanjong (Tanjung)",
  "kelurahan" : "Meunasah",
  "kodepos" : "24182"
}, {
  "kecamatan" : "Kembang Tanjong (Tanjung)",
  "kelurahan" : "Keude Ie Leubeue",
  "kodepos" : "24182"
}, {
  "kecamatan" : "Kembang Tanjong (Tanjung)",
  "kelurahan" : "Lancang",
  "kodepos" : "24182"
}, {
  "kecamatan" : "Kembang Tanjong (Tanjung)",
  "kelurahan" : "Kayee Panyang",
  "kodepos" : "24182"
}, {
  "kecamatan" : "Kembang Tanjong (Tanjung)",
  "kelurahan" : "Kampung Araih",
  "kodepos" : "24182"
}, {
  "kecamatan" : "Kembang Tanjong (Tanjung)",
  "kelurahan" : "Jurong Mesjid",
  "kodepos" : "24182"
}, {
  "kecamatan" : "Kembang Tanjong (Tanjung)",
  "kelurahan" : "Jurong Bale",
  "kodepos" : "24182"
}, {
  "kecamatan" : "Kembang Tanjong (Tanjung)",
  "kelurahan" : "Jemeurang",
  "kodepos" : "24182"
}, {
  "kecamatan" : "Kembang Tanjong (Tanjung)",
  "kelurahan" : "Dayah Mon Ara (Deah Monara)",
  "kodepos" : "24182"
}, {
  "kecamatan" : "Kembang Tanjong (Tanjung)",
  "kelurahan" : "Gampong Panjou (Gantung)",
  "kodepos" : "24182"
}, {
  "kecamatan" : "Kembang Tanjong (Tanjung)",
  "kelurahan" : "Dayah Blang (Deah Blang)",
  "kodepos" : "24182"
}, {
  "kecamatan" : "Kembang Tanjong (Tanjung)",
  "kelurahan" : "Cebrek",
  "kodepos" : "24182"
}, {
  "kecamatan" : "Kembang Tanjong (Tanjung)",
  "kelurahan" : "Blang Cut",
  "kodepos" : "24182"
}, {
  "kecamatan" : "Kembang Tanjong (Tanjung)",
  "kelurahan" : "Bentayan",
  "kodepos" : "24182"
}, {
  "kecamatan" : "Kembang Tanjong (Tanjung)",
  "kelurahan" : "Barat",
  "kodepos" : "24182"
}, {
  "kecamatan" : "Kembang Tanjong (Tanjung)",
  "kelurahan" : "Babah Jurong",
  "kodepos" : "24182"
}, {
  "kecamatan" : "Kembang Tanjong (Tanjung)",
  "kelurahan" : "Asan",
  "kodepos" : "24182"
}, {
  "kecamatan" : "Kembang Tanjong (Tanjung)",
  "kelurahan" : "Aron Kuta Baro",
  "kodepos" : "24182"
}, {
  "kecamatan" : "Kembang Tanjong (Tanjung)",
  "kelurahan" : "Aron Asan Kumbang",
  "kodepos" : "24182"
}, {
  "kecamatan" : "Kembang Tanjong (Tanjung)",
  "kelurahan" : "Arusan",
  "kodepos" : "24182"
}, {
  "kecamatan" : "Kembang Tanjong (Tanjung)",
  "kelurahan" : "Ara",
  "kodepos" : "24182"
}, {
  "kecamatan" : "Simpang Tiga",
  "kelurahan" : "Ulee Barat",
  "kodepos" : "24181"
}, {
  "kecamatan" : "Simpang Tiga",
  "kelurahan" : "Ujong Gampong",
  "kodepos" : "24181"
}, {
  "kecamatan" : "Simpang Tiga",
  "kelurahan" : "Ujong Baroh",
  "kodepos" : "24181"
}, {
  "kecamatan" : "Simpang Tiga",
  "kelurahan" : "Sukon",
  "kodepos" : "24181"
}, {
  "kecamatan" : "Simpang Tiga",
  "kelurahan" : "Teungoh Mangki",
  "kodepos" : "24181"
}, {
  "kecamatan" : "Simpang Tiga",
  "kelurahan" : "Seukee",
  "kodepos" : "24181"
}, {
  "kecamatan" : "Simpang Tiga",
  "kelurahan" : "Seuk Cukok",
  "kodepos" : "24181"
}, {
  "kecamatan" : "Simpang Tiga",
  "kelurahan" : "Sagoe",
  "kodepos" : "24181"
}, {
  "kecamatan" : "Simpang Tiga",
  "kelurahan" : "Raya Paleue",
  "kodepos" : "24181"
}, {
  "kecamatan" : "Simpang Tiga",
  "kelurahan" : "Pulo Raya",
  "kodepos" : "24181"
}, {
  "kecamatan" : "Simpang Tiga",
  "kelurahan" : "Pulo Tu",
  "kodepos" : "24181"
}, {
  "kecamatan" : "Simpang Tiga",
  "kelurahan" : "Pulo Gajah Mate",
  "kodepos" : "24181"
}, {
  "kecamatan" : "Simpang Tiga",
  "kelurahan" : "Pulo Blang",
  "kodepos" : "24181"
}, {
  "kecamatan" : "Simpang Tiga",
  "kelurahan" : "Padang",
  "kodepos" : "24181"
}, {
  "kecamatan" : "Simpang Tiga",
  "kelurahan" : "Peukan Tuha",
  "kodepos" : "24181"
}, {
  "kecamatan" : "Simpang Tiga",
  "kelurahan" : "Meunasah Raya Paya",
  "kodepos" : "24181"
}, {
  "kecamatan" : "Simpang Tiga",
  "kelurahan" : "Peukan Sot",
  "kodepos" : "24181"
}, {
  "kecamatan" : "Simpang Tiga",
  "kelurahan" : "Meunasah Lhee",
  "kodepos" : "24181"
}, {
  "kecamatan" : "Simpang Tiga",
  "kelurahan" : "Pante",
  "kodepos" : "24181"
}, {
  "kecamatan" : "Simpang Tiga",
  "kelurahan" : "Meunasah Jurong",
  "kodepos" : "24181"
}, {
  "kecamatan" : "Simpang Tiga",
  "kelurahan" : "Paloh Tok Dhue",
  "kodepos" : "24181"
}, {
  "kecamatan" : "Simpang Tiga",
  "kelurahan" : "Meunasah Gong",
  "kodepos" : "24181"
}, {
  "kecamatan" : "Simpang Tiga",
  "kelurahan" : "Nien",
  "kodepos" : "24181"
}, {
  "kecamatan" : "Simpang Tiga",
  "kelurahan" : "Meunasah Empeh",
  "kodepos" : "24181"
}, {
  "kecamatan" : "Simpang Tiga",
  "kelurahan" : "Mesjid Gigieng",
  "kodepos" : "24181"
}, {
  "kecamatan" : "Simpang Tiga",
  "kelurahan" : "Mesjid Tungue",
  "kodepos" : "24181"
}, {
  "kecamatan" : "Simpang Tiga",
  "kelurahan" : "Meunasah Blang",
  "kodepos" : "24181"
}, {
  "kecamatan" : "Simpang Tiga",
  "kelurahan" : "Mantak Raya",
  "kodepos" : "24181"
}, {
  "kecamatan" : "Simpang Tiga",
  "kelurahan" : "Mesjid Bungie",
  "kodepos" : "24181"
}, {
  "kecamatan" : "Simpang Tiga",
  "kelurahan" : "Madika",
  "kodepos" : "24181"
}, {
  "kecamatan" : "Simpang Tiga",
  "kelurahan" : "Mamplam",
  "kodepos" : "24181"
}, {
  "kecamatan" : "Simpang Tiga",
  "kelurahan" : "Liliep Bungie",
  "kodepos" : "24181"
}, {
  "kecamatan" : "Simpang Tiga",
  "kelurahan" : "Linggong Sagoe",
  "kodepos" : "24181"
}, {
  "kecamatan" : "Simpang Tiga",
  "kelurahan" : "Kupula",
  "kodepos" : "24181"
}, {
  "kecamatan" : "Simpang Tiga",
  "kelurahan" : "Jaja Baroh",
  "kodepos" : "24181"
}, {
  "kecamatan" : "Simpang Tiga",
  "kelurahan" : "Lambideng",
  "kodepos" : "24181"
}, {
  "kecamatan" : "Simpang Tiga",
  "kelurahan" : "Jaja Tunong",
  "kodepos" : "24181"
}, {
  "kecamatan" : "Simpang Tiga",
  "kelurahan" : "Lheue",
  "kodepos" : "24181"
}, {
  "kecamatan" : "Simpang Tiga",
  "kelurahan" : "Dayah Lampoh Awe",
  "kodepos" : "24181"
}, {
  "kecamatan" : "Simpang Tiga",
  "kelurahan" : "Kampung Blang",
  "kodepos" : "24181"
}, {
  "kecamatan" : "Simpang Tiga",
  "kelurahan" : "Dayah Blang",
  "kodepos" : "24181"
}, {
  "kecamatan" : "Simpang Tiga",
  "kelurahan" : "Kulam Baro",
  "kodepos" : "24181"
}, {
  "kecamatan" : "Simpang Tiga",
  "kelurahan" : "Dayah Blang Cut",
  "kodepos" : "24181"
}, {
  "kecamatan" : "Simpang Tiga",
  "kelurahan" : "Curucok Sagoe",
  "kodepos" : "24181"
}, {
  "kecamatan" : "Simpang Tiga",
  "kelurahan" : "Curucok Timur",
  "kodepos" : "24181"
}, {
  "kecamatan" : "Simpang Tiga",
  "kelurahan" : "Curucok Barat",
  "kodepos" : "24181"
}, {
  "kecamatan" : "Simpang Tiga",
  "kelurahan" : "Cot Ara",
  "kodepos" : "24181"
}, {
  "kecamatan" : "Simpang Tiga",
  "kelurahan" : "Cot Jaja",
  "kodepos" : "24181"
}, {
  "kecamatan" : "Simpang Tiga",
  "kelurahan" : "Cot Paleue",
  "kodepos" : "24181"
}, {
  "kecamatan" : "Simpang Tiga",
  "kelurahan" : "Blang Leuen",
  "kodepos" : "24181"
}, {
  "kecamatan" : "Tiro/Truseb",
  "kelurahan" : "Pulo Glumpang",
  "kodepos" : "24174"
}, {
  "kecamatan" : "Simpang Tiga",
  "kelurahan" : "Bunien",
  "kodepos" : "24181"
}, {
  "kecamatan" : "Tiro/Truseb",
  "kelurahan" : "Pulo Keunari",
  "kodepos" : "24174"
}, {
  "kecamatan" : "Simpang Tiga",
  "kelurahan" : "Cebrek",
  "kodepos" : "24181"
}, {
  "kecamatan" : "Tiro/Truseb",
  "kelurahan" : "Panah",
  "kodepos" : "24174"
}, {
  "kecamatan" : "Tiro/Truseb",
  "kelurahan" : "Trieng Cudo Baroh",
  "kodepos" : "24174"
}, {
  "kecamatan" : "Tiro/Truseb",
  "kelurahan" : "Panton Beunot",
  "kodepos" : "24174"
}, {
  "kecamatan" : "Tiro/Truseb",
  "kelurahan" : "Trieng Cudo Tunong",
  "kodepos" : "24174"
}, {
  "kecamatan" : "Tiro/Truseb",
  "kelurahan" : "Peunadok",
  "kodepos" : "24174"
}, {
  "kecamatan" : "Tiro/Truseb",
  "kelurahan" : "Pulo Tambo",
  "kodepos" : "24174"
}, {
  "kecamatan" : "Tiro/Truseb",
  "kelurahan" : "Lhok Igeuh",
  "kodepos" : "24174"
}, {
  "kecamatan" : "Tiro/Truseb",
  "kelurahan" : "Rabo",
  "kodepos" : "24174"
}, {
  "kecamatan" : "Tiro/Truseb",
  "kelurahan" : "Mamprei",
  "kodepos" : "24174"
}, {
  "kecamatan" : "Tiro/Truseb",
  "kelurahan" : "Pulo Mesjid",
  "kodepos" : "24174"
}, {
  "kecamatan" : "Tiro/Truseb",
  "kelurahan" : "Mancang",
  "kodepos" : "24174"
}, {
  "kecamatan" : "Tiro/Truseb",
  "kelurahan" : "Pulo Siblah",
  "kodepos" : "24174"
}, {
  "kecamatan" : "Tiro/Truseb",
  "kelurahan" : "Dayah Gampong Baro",
  "kodepos" : "24174"
}, {
  "kecamatan" : "Tiro/Truseb",
  "kelurahan" : "Dayah Teungoh",
  "kodepos" : "24174"
}, {
  "kecamatan" : "Tiro/Truseb",
  "kelurahan" : "Dayah Cot",
  "kodepos" : "24174"
}, {
  "kecamatan" : "Tiro/Truseb",
  "kelurahan" : "Dayah Baroh",
  "kodepos" : "24174"
}, {
  "kecamatan" : "Tiro/Truseb",
  "kelurahan" : "Blang Reukui",
  "kodepos" : "24174"
}, {
  "kecamatan" : "Mutiara Timur",
  "kelurahan" : "Ulee Tutue",
  "kodepos" : "24173"
}, {
  "kecamatan" : "Mutiara",
  "kelurahan" : "Tuha Kp/Gp Gajah",
  "kodepos" : "24173"
}, {
  "kecamatan" : "Mutiara Timur",
  "kelurahan" : "Ulee Gampong",
  "kodepos" : "24173"
}, {
  "kecamatan" : "Mutiara Timur",
  "kelurahan" : "Tong Pria",
  "kodepos" : "24173"
}, {
  "kecamatan" : "Mutiara Timur",
  "kelurahan" : "Tong Weng",
  "kodepos" : "24173"
}, {
  "kecamatan" : "Mutiara Timur",
  "kelurahan" : "Simbee (Blang Simbee)",
  "kodepos" : "24173"
}, {
  "kecamatan" : "Mutiara Timur",
  "kelurahan" : "Tiba Raya",
  "kodepos" : "24173"
}, {
  "kecamatan" : "Mutiara Timur",
  "kelurahan" : "Sagoe Teumpeun",
  "kodepos" : "24173"
}, {
  "kecamatan" : "Mutiara",
  "kelurahan" : "Sentosa",
  "kodepos" : "24173"
}, {
  "kecamatan" : "Mutiara Timur",
  "kelurahan" : "Rinti",
  "kodepos" : "24173"
}, {
  "kecamatan" : "Mutiara",
  "kelurahan" : "Ribeun Busu",
  "kodepos" : "24173"
}, {
  "kecamatan" : "Mutiara",
  "kelurahan" : "Reului Busu",
  "kodepos" : "24173"
}, {
  "kecamatan" : "Mutiara Timur",
  "kelurahan" : "Reubat",
  "kodepos" : "24173"
}, {
  "kecamatan" : "Mutiara",
  "kelurahan" : "Rapana",
  "kodepos" : "24173"
}, {
  "kecamatan" : "Mutiara Timur",
  "kelurahan" : "Rambong",
  "kodepos" : "24173"
}, {
  "kecamatan" : "Mutiara Timur",
  "kelurahan" : "Rambot Adan",
  "kodepos" : "24173"
}, {
  "kecamatan" : "Mutiara Timur",
  "kelurahan" : "Pulo Drien",
  "kodepos" : "24173"
}, {
  "kecamatan" : "Mutiara",
  "kelurahan" : "Peureulak Busu",
  "kodepos" : "24173"
}, {
  "kecamatan" : "Mutiara",
  "kelurahan" : "Pante Beureueh",
  "kodepos" : "24173"
}, {
  "kecamatan" : "Mutiara",
  "kelurahan" : "Paya Tiba",
  "kodepos" : "24173"
}, {
  "kecamatan" : "Mutiara Timur",
  "kelurahan" : "Paloh Raya",
  "kodepos" : "24173"
}, {
  "kecamatan" : "Mutiara Timur",
  "kelurahan" : "Paloh Tinggi",
  "kodepos" : "24173"
}, {
  "kecamatan" : "Mutiara Timur",
  "kelurahan" : "Paloh Lhok Usi",
  "kodepos" : "24173"
}, {
  "kecamatan" : "Mutiara",
  "kelurahan" : "Paloh Kambueh",
  "kodepos" : "24173"
}, {
  "kecamatan" : "Mutiara Timur",
  "kelurahan" : "Meucat Adan",
  "kodepos" : "24173"
}, {
  "kecamatan" : "Mutiara Timur",
  "kelurahan" : "Nibong",
  "kodepos" : "24173"
}, {
  "kecamatan" : "Mutiara",
  "kelurahan" : "Mesjid Yaman",
  "kodepos" : "24173"
}, {
  "kecamatan" : "Mutiara Timur",
  "kelurahan" : "Meugit",
  "kodepos" : "24173"
}, {
  "kecamatan" : "Mutiara Timur",
  "kelurahan" : "Mesjid Tiba",
  "kodepos" : "24173"
}, {
  "kecamatan" : "Mutiara Timur",
  "kelurahan" : "Mon Ara",
  "kodepos" : "24173"
}, {
  "kecamatan" : "Mutiara Timur",
  "kelurahan" : "Mesjid Usi",
  "kodepos" : "24173"
}, {
  "kecamatan" : "Mutiara Timur",
  "kelurahan" : "Mesjid Jeurat Manyang",
  "kodepos" : "24173"
}, {
  "kecamatan" : "Mutiara",
  "kelurahan" : "Mesjid Keumangan",
  "kodepos" : "24173"
}, {
  "kecamatan" : "Mutiara Timur",
  "kelurahan" : "Mee Tanjong",
  "kodepos" : "24173"
}, {
  "kecamatan" : "Mutiara Timur",
  "kelurahan" : "Mesjid Gumpueng",
  "kodepos" : "24173"
}, {
  "kecamatan" : "Mutiara",
  "kelurahan" : "Mee Panyang Busu",
  "kodepos" : "24173"
}, {
  "kecamatan" : "Mutiara",
  "kelurahan" : "Me Teungoh",
  "kodepos" : "24173"
}, {
  "kecamatan" : "Mutiara Timur",
  "kelurahan" : "Me Adan",
  "kodepos" : "24173"
}, {
  "kecamatan" : "Mutiara",
  "kelurahan" : "Lingkok Busu",
  "kodepos" : "24173"
}, {
  "kecamatan" : "Mutiara",
  "kelurahan" : "Lueng Sagoe",
  "kodepos" : "24173"
}, {
  "kecamatan" : "Mutiara",
  "kelurahan" : "Kumbang Busu",
  "kodepos" : "24173"
}, {
  "kecamatan" : "Mutiara",
  "kelurahan" : "Lampoh Sirong Adan",
  "kodepos" : "24173"
}, {
  "kecamatan" : "Mutiara Timur",
  "kelurahan" : "Kulam Ara",
  "kodepos" : "24173"
}, {
  "kecamatan" : "Mutiara Timur",
  "kelurahan" : "Gampong Lada",
  "kodepos" : "24173"
}, {
  "kecamatan" : "Mutiara",
  "kelurahan" : "Keumangan Cut",
  "kodepos" : "24173"
}, {
  "kecamatan" : "Mutiara Timur",
  "kelurahan" : "Jiem",
  "kodepos" : "24173"
}, {
  "kecamatan" : "Mutiara Timur",
  "kelurahan" : "Karieng",
  "kodepos" : "24173"
}, {
  "kecamatan" : "Mutiara",
  "kelurahan" : "Gampong Jadan",
  "kodepos" : "24173"
}, {
  "kecamatan" : "Mutiara Timur",
  "kelurahan" : "Jojo",
  "kodepos" : "24173"
}, {
  "kecamatan" : "Mutiara Timur",
  "kelurahan" : "Gampong Cot Usi",
  "kodepos" : "24173"
}, {
  "kecamatan" : "Mutiara Timur",
  "kelurahan" : "Jumphoi Adan",
  "kodepos" : "24173"
}, {
  "kecamatan" : "Mutiara Timur",
  "kelurahan" : "Empeh",
  "kodepos" : "24173"
}, {
  "kecamatan" : "Mutiara Timur",
  "kelurahan" : "Dayah Usi",
  "kodepos" : "24173"
}, {
  "kecamatan" : "Mutiara Timur",
  "kelurahan" : "Didoh",
  "kodepos" : "24173"
}, {
  "kecamatan" : "Mutiara",
  "kelurahan" : "Dayah Tidiek",
  "kodepos" : "24173"
}, {
  "kecamatan" : "Mutiara",
  "kelurahan" : "Dayah Syarif",
  "kodepos" : "24173"
}, {
  "kecamatan" : "Mutiara Timur",
  "kelurahan" : "Dayah Kumba",
  "kodepos" : "24173"
}, {
  "kecamatan" : "Mutiara Timur",
  "kelurahan" : "Dayah Tanoh",
  "kodepos" : "24173"
}, {
  "kecamatan" : "Mutiara",
  "kelurahan" : "Dayah Beureueh",
  "kodepos" : "24173"
}, {
  "kecamatan" : "Mutiara Timur",
  "kelurahan" : "Dayah Adan",
  "kodepos" : "24173"
}, {
  "kecamatan" : "Mutiara Timur",
  "kelurahan" : "Blangong Basah",
  "kodepos" : "24173"
}, {
  "kecamatan" : "Mutiara Timur",
  "kelurahan" : "Campli Usi",
  "kodepos" : "24173"
}, {
  "kecamatan" : "Mutiara Timur",
  "kelurahan" : "Cot Kuthang",
  "kodepos" : "24173"
}, {
  "kecamatan" : "Mutiara Timur",
  "kelurahan" : "Blang Riek",
  "kodepos" : "24173"
}, {
  "kecamatan" : "Mutiara",
  "kelurahan" : "Blang Tidiek",
  "kodepos" : "24173"
}, {
  "kecamatan" : "Mutiara",
  "kelurahan" : "Blang Beureueh",
  "kodepos" : "24173"
}, {
  "kecamatan" : "Mutiara Timur",
  "kelurahan" : "Baroh Ujong Rimba",
  "kodepos" : "24173"
}, {
  "kecamatan" : "Mutiara",
  "kelurahan" : "Blang Lileue",
  "kodepos" : "24173"
}, {
  "kecamatan" : "Mutiara Timur",
  "kelurahan" : "Beureueh II",
  "kodepos" : "24173"
}, {
  "kecamatan" : "Mutiara Timur",
  "kelurahan" : "Baro Ujong Rimba",
  "kodepos" : "24173"
}, {
  "kecamatan" : "Mutiara",
  "kelurahan" : "Baro Yaman",
  "kodepos" : "24173"
}, {
  "kecamatan" : "Mutiara",
  "kelurahan" : "Balee Baro Keumangan",
  "kodepos" : "24173"
}, {
  "kecamatan" : "Mutiara Timur",
  "kelurahan" : "Barieh",
  "kodepos" : "24173"
}, {
  "kecamatan" : "Mutiara",
  "kelurahan" : "Baro Barat Yaman",
  "kodepos" : "24173"
}, {
  "kecamatan" : "Mutiara Timur",
  "kelurahan" : "Bale Ujong Rimba",
  "kodepos" : "24173"
}, {
  "kecamatan" : "Mutiara Timur",
  "kelurahan" : "Alue Adan",
  "kodepos" : "24173"
}, {
  "kecamatan" : "Mutiara",
  "kelurahan" : "Bale Busu",
  "kodepos" : "24173"
}, {
  "kecamatan" : "Peukan Baro",
  "kelurahan" : "Ulee Tutue",
  "kodepos" : "24172"
}, {
  "kecamatan" : "Peukan Baro",
  "kelurahan" : "Tanjong Hagu",
  "kodepos" : "24172"
}, {
  "kecamatan" : "Peukan Baro",
  "kelurahan" : "Teungoh Baroh",
  "kodepos" : "24172"
}, {
  "kecamatan" : "Peukan Baro",
  "kelurahan" : "Ulee Cot Seupeng",
  "kodepos" : "24172"
}, {
  "kecamatan" : "Peukan Baro",
  "kelurahan" : "Sialet-Alet",
  "kodepos" : "24172"
}, {
  "kecamatan" : "Peukan Baro",
  "kelurahan" : "Sumboe Buga",
  "kodepos" : "24172"
}, {
  "kecamatan" : "Peukan Baro",
  "kelurahan" : "Reuba Waido",
  "kodepos" : "24172"
}, {
  "kecamatan" : "Peukan Baro",
  "kelurahan" : "Sawiet",
  "kodepos" : "24172"
}, {
  "kecamatan" : "Peukan Baro",
  "kelurahan" : "Rambayan Kupula",
  "kodepos" : "24172"
}, {
  "kecamatan" : "Peukan Baro",
  "kelurahan" : "Rambayan Lueng",
  "kodepos" : "24172"
}, {
  "kecamatan" : "Peukan Baro",
  "kelurahan" : "Puuk",
  "kodepos" : "24172"
}, {
  "kecamatan" : "Peukan Baro",
  "kelurahan" : "Peunayong",
  "kodepos" : "24172"
}, {
  "kecamatan" : "Peukan Baro",
  "kelurahan" : "Meunasah Raya",
  "kodepos" : "24172"
}, {
  "kecamatan" : "Peukan Baro",
  "kelurahan" : "Meunasah Sukon",
  "kodepos" : "24172"
}, {
  "kecamatan" : "Peukan Baro",
  "kelurahan" : "Meunasah Krumbok",
  "kodepos" : "24172"
}, {
  "kecamatan" : "Peukan Baro",
  "kelurahan" : "Meunasah Lueng",
  "kodepos" : "24172"
}, {
  "kecamatan" : "Peukan Baro",
  "kelurahan" : "Meuleuweuk",
  "kodepos" : "24172"
}, {
  "kecamatan" : "Peukan Baro",
  "kelurahan" : "Meunasah Blang",
  "kodepos" : "24172"
}, {
  "kecamatan" : "Peukan Baro",
  "kelurahan" : "Meunasah Kabat",
  "kodepos" : "24172"
}, {
  "kecamatan" : "Peukan Baro",
  "kelurahan" : "Mesjid Rumpong",
  "kodepos" : "24172"
}, {
  "kecamatan" : "Peukan Baro",
  "kelurahan" : "Mee Lampoh Saka",
  "kodepos" : "24172"
}, {
  "kecamatan" : "Peukan Baro",
  "kelurahan" : "Menje Mesjid",
  "kodepos" : "24172"
}, {
  "kecamatan" : "Peukan Baro",
  "kelurahan" : "Mee Krueng Seumideun",
  "kodepos" : "24172"
}, {
  "kecamatan" : "Peukan Baro",
  "kelurahan" : "Mee Krukon",
  "kodepos" : "24172"
}, {
  "kecamatan" : "Peukan Baro",
  "kelurahan" : "Me Tanoh",
  "kodepos" : "24172"
}, {
  "kecamatan" : "Peukan Baro",
  "kelurahan" : "Mee Hagu",
  "kodepos" : "24172"
}, {
  "kecamatan" : "Peukan Baro",
  "kelurahan" : "Lueng Mesjid",
  "kodepos" : "24172"
}, {
  "kecamatan" : "Peukan Baro",
  "kelurahan" : "Kumbang waido",
  "kodepos" : "24172"
}, {
  "kecamatan" : "Peukan Baro",
  "kelurahan" : "Leuhop",
  "kodepos" : "24172"
}, {
  "kecamatan" : "Peukan Baro",
  "kelurahan" : "Kampong Blang Seupeng",
  "kodepos" : "24172"
}, {
  "kecamatan" : "Peukan Baro",
  "kelurahan" : "Keutapang",
  "kodepos" : "24172"
}, {
  "kecamatan" : "Peukan Baro",
  "kelurahan" : "Jurong",
  "kodepos" : "24172"
}, {
  "kecamatan" : "Peukan Baro",
  "kelurahan" : "Jurong Raya",
  "kodepos" : "24172"
}, {
  "kecamatan" : "Peukan Baro",
  "kelurahan" : "Kabat",
  "kodepos" : "24172"
}, {
  "kecamatan" : "Peukan Baro",
  "kelurahan" : "Gampong waido",
  "kodepos" : "24172"
}, {
  "kecamatan" : "Peukan Baro",
  "kelurahan" : "Jim",
  "kodepos" : "24172"
}, {
  "kecamatan" : "Peukan Baro",
  "kelurahan" : "Dayah Tungku",
  "kodepos" : "24172"
}, {
  "kecamatan" : "Peukan Baro",
  "kelurahan" : "Dua Paya",
  "kodepos" : "24172"
}, {
  "kecamatan" : "Peukan Baro",
  "kelurahan" : "Dayah Muara",
  "kodepos" : "24172"
}, {
  "kecamatan" : "Peukan Baro",
  "kelurahan" : "Dayah Seumideun",
  "kodepos" : "24172"
}, {
  "kecamatan" : "Peukan Baro",
  "kelurahan" : "Dayah Sukon",
  "kodepos" : "24172"
}, {
  "kecamatan" : "Peukan Baro",
  "kelurahan" : "Dayah Bubue",
  "kodepos" : "24172"
}, {
  "kecamatan" : "Peukan Baro",
  "kelurahan" : "Cempala Kuneng",
  "kodepos" : "24172"
}, {
  "kecamatan" : "Peukan Baro",
  "kelurahan" : "Cot Meulu",
  "kodepos" : "24172"
}, {
  "kecamatan" : "Peukan Baro",
  "kelurahan" : "Blang Raya",
  "kodepos" : "24172"
}, {
  "kecamatan" : "Peukan Baro",
  "kelurahan" : "Bluk Arab",
  "kodepos" : "24172"
}, {
  "kecamatan" : "Peukan Baro",
  "kelurahan" : "Balee",
  "kodepos" : "24172"
}, {
  "kecamatan" : "Peukan Baro",
  "kelurahan" : "Balee Restong",
  "kodepos" : "24172"
}, {
  "kecamatan" : "Indrajaya",
  "kelurahan" : "Wakeueh",
  "kodepos" : "24171"
}, {
  "kecamatan" : "Indrajaya",
  "kelurahan" : "Yub Mee",
  "kodepos" : "24171"
}, {
  "kecamatan" : "Indrajaya",
  "kelurahan" : "Tungkop Cut",
  "kodepos" : "24171"
}, {
  "kecamatan" : "Indrajaya",
  "kelurahan" : "Ulee Birah",
  "kodepos" : "24171"
}, {
  "kecamatan" : "Indrajaya",
  "kelurahan" : "Tuha Suwiek",
  "kodepos" : "24171"
}, {
  "kecamatan" : "Indrajaya",
  "kelurahan" : "Teungoh Blang",
  "kodepos" : "24171"
}, {
  "kecamatan" : "Indrajaya",
  "kelurahan" : "Teungoh Suwiek",
  "kodepos" : "24171"
}, {
  "kecamatan" : "Indrajaya",
  "kelurahan" : "Tampieng Baroh",
  "kodepos" : "24171"
}, {
  "kecamatan" : "Indrajaya",
  "kelurahan" : "Tamping/Tampieng Tunong",
  "kodepos" : "24171"
}, {
  "kecamatan" : "Indrajaya",
  "kelurahan" : "Rumia",
  "kodepos" : "24171"
}, {
  "kecamatan" : "Indrajaya",
  "kelurahan" : "Sukon Tungkop",
  "kodepos" : "24171"
}, {
  "kecamatan" : "Indrajaya",
  "kelurahan" : "Sukon Ulee Gampong",
  "kodepos" : "24171"
}, {
  "kecamatan" : "Indrajaya",
  "kelurahan" : "Rawa Tungkop",
  "kodepos" : "24171"
}, {
  "kecamatan" : "Indrajaya",
  "kelurahan" : "Raya Lhok Kaju",
  "kodepos" : "24171"
}, {
  "kecamatan" : "Indrajaya",
  "kelurahan" : "Peutou",
  "kodepos" : "24171"
}, {
  "kecamatan" : "Indrajaya",
  "kelurahan" : "Pulo Gampong U",
  "kodepos" : "24171"
}, {
  "kecamatan" : "Indrajaya",
  "kelurahan" : "Pante Garot",
  "kodepos" : "24171"
}, {
  "kecamatan" : "Indrajaya",
  "kelurahan" : "Pante Lhok Kaju",
  "kodepos" : "24171"
}, {
  "kecamatan" : "Indrajaya",
  "kelurahan" : "Meulayu",
  "kodepos" : "24171"
}, {
  "kecamatan" : "Indrajaya",
  "kelurahan" : "Neulop II",
  "kodepos" : "24171"
}, {
  "kecamatan" : "Indrajaya",
  "kelurahan" : "Mesjid Tungkop",
  "kodepos" : "24171"
}, {
  "kecamatan" : "Indrajaya",
  "kelurahan" : "Mesjid Ulee Gampong",
  "kodepos" : "24171"
}, {
  "kecamatan" : "Indrajaya",
  "kelurahan" : "Mesjid Lam Ujong",
  "kodepos" : "24171"
}, {
  "kecamatan" : "Indrajaya",
  "kelurahan" : "Mesjid Suwiek",
  "kodepos" : "24171"
}, {
  "kecamatan" : "Indrajaya",
  "kelurahan" : "Mesjid Dijiem",
  "kodepos" : "24171"
}, {
  "kecamatan" : "Indrajaya",
  "kelurahan" : "Lamkabu",
  "kodepos" : "24171"
}, {
  "kecamatan" : "Indrajaya",
  "kelurahan" : "Lamreuneung",
  "kodepos" : "24171"
}, {
  "kecamatan" : "Indrajaya",
  "kelurahan" : "Mesjid Baro",
  "kodepos" : "24171"
}, {
  "kecamatan" : "Indrajaya",
  "kelurahan" : "Keubang",
  "kodepos" : "24171"
}, {
  "kecamatan" : "Indrajaya",
  "kelurahan" : "Keutapang",
  "kodepos" : "24171"
}, {
  "kecamatan" : "Indrajaya",
  "kelurahan" : "Glee Gapui",
  "kodepos" : "24171"
}, {
  "kecamatan" : "Indrajaya",
  "kelurahan" : "Guci",
  "kodepos" : "24171"
}, {
  "kecamatan" : "Indrajaya",
  "kelurahan" : "Gampong Jurong",
  "kodepos" : "24171"
}, {
  "kecamatan" : "Indrajaya",
  "kelurahan" : "Garot Cut",
  "kodepos" : "24171"
}, {
  "kecamatan" : "Indrajaya",
  "kelurahan" : "Drien",
  "kodepos" : "24171"
}, {
  "kecamatan" : "Indrajaya",
  "kelurahan" : "Dayah Muara Garot",
  "kodepos" : "24171"
}, {
  "kecamatan" : "Indrajaya",
  "kelurahan" : "Dayah Caleue",
  "kodepos" : "24171"
}, {
  "kecamatan" : "Indrajaya",
  "kelurahan" : "Dayah Keurako",
  "kodepos" : "24171"
}, {
  "kecamatan" : "Indrajaya",
  "kelurahan" : "Dayah Bie",
  "kodepos" : "24171"
}, {
  "kecamatan" : "Indrajaya",
  "kelurahan" : "Blang Rapai Gapui",
  "kodepos" : "24171"
}, {
  "kecamatan" : "Indrajaya",
  "kelurahan" : "Cot Seukee",
  "kodepos" : "24171"
}, {
  "kecamatan" : "Indrajaya",
  "kelurahan" : "Beureudeup",
  "kodepos" : "24171"
}, {
  "kecamatan" : "Indrajaya",
  "kelurahan" : "Blang Lhok Kaju",
  "kodepos" : "24171"
}, {
  "kecamatan" : "Indrajaya",
  "kelurahan" : "Beureudeup",
  "kodepos" : "24171"
}, {
  "kecamatan" : "Indrajaya",
  "kelurahan" : "Baro Bluek",
  "kodepos" : "24171"
}, {
  "kecamatan" : "Indrajaya",
  "kelurahan" : "Baro Gapui",
  "kodepos" : "24171"
}, {
  "kecamatan" : "Indrajaya",
  "kelurahan" : "Baro Jruek",
  "kodepos" : "24171"
}, {
  "kecamatan" : "Indrajaya",
  "kelurahan" : "Balee Baroh Bluek",
  "kodepos" : "24171"
}, {
  "kecamatan" : "Indrajaya",
  "kelurahan" : "Balee Baroh Gapui",
  "kodepos" : "24171"
}, {
  "kecamatan" : "Padang Tiji",
  "kelurahan" : "Tuha",
  "kodepos" : "24167"
}, {
  "kecamatan" : "Geumpang",
  "kelurahan" : "Pulo Loih/Lhoh",
  "kodepos" : "24167"
}, {
  "kecamatan" : "Geumpang",
  "kelurahan" : "Leupu",
  "kodepos" : "24167"
}, {
  "kecamatan" : "Geumpang",
  "kelurahan" : "Pucok",
  "kodepos" : "24167"
}, {
  "kecamatan" : "Geumpang",
  "kelurahan" : "Keune",
  "kodepos" : "24167"
}, {
  "kecamatan" : "Kembang Tanjong (Tanjung)",
  "kelurahan" : "Glumpang (Geulumpang)",
  "kodepos" : "24167"
}, {
  "kecamatan" : "Tangse",
  "kelurahan" : "T. Blang Beungoh",
  "kodepos" : "24166"
}, {
  "kecamatan" : "Tangse",
  "kelurahan" : "Ulee Gunong",
  "kodepos" : "24166"
}, {
  "kecamatan" : "Geumpang",
  "kelurahan" : "Bangkeh",
  "kodepos" : "24167"
}, {
  "kecamatan" : "Tangse",
  "kelurahan" : "Pulo Seunong",
  "kodepos" : "24166"
}, {
  "kecamatan" : "Tangse",
  "kelurahan" : "Rantau Panyang",
  "kodepos" : "24166"
}, {
  "kecamatan" : "Tangse",
  "kelurahan" : "Pulo Mesjid II",
  "kodepos" : "24166"
}, {
  "kecamatan" : "Tangse",
  "kelurahan" : "Pulo Sejahtera",
  "kodepos" : "24166"
}, {
  "kecamatan" : "Tangse",
  "kelurahan" : "Pulo Kawa",
  "kodepos" : "24166"
}, {
  "kecamatan" : "Tangse",
  "kelurahan" : "Pulo Lhok",
  "kodepos" : "24166"
}, {
  "kecamatan" : "Tangse",
  "kelurahan" : "Pulo Mesjid I",
  "kodepos" : "24166"
}, {
  "kecamatan" : "Tangse",
  "kelurahan" : "Peunalon II",
  "kodepos" : "24166"
}, {
  "kecamatan" : "Tangse",
  "kelurahan" : "Pulo Baro",
  "kodepos" : "24166"
}, {
  "kecamatan" : "Tangse",
  "kelurahan" : "Paya Guci",
  "kodepos" : "24166"
}, {
  "kecamatan" : "Tangse",
  "kelurahan" : "Peunalon I",
  "kodepos" : "24166"
}, {
  "kecamatan" : "Tangse",
  "kelurahan" : "Nubok Badeuk",
  "kodepos" : "24166"
}, {
  "kecamatan" : "Tangse",
  "kelurahan" : "Layan",
  "kodepos" : "24166"
}, {
  "kecamatan" : "Tangse",
  "kelurahan" : "Lhok Keutapang",
  "kodepos" : "24166"
}, {
  "kecamatan" : "Tangse",
  "kelurahan" : "Krueng Meuriyam",
  "kodepos" : "24166"
}, {
  "kecamatan" : "Tangse",
  "kelurahan" : "Krueng Sikeuek",
  "kodepos" : "24166"
}, {
  "kecamatan" : "Tangse",
  "kelurahan" : "Keubon Nilam",
  "kodepos" : "24166"
}, {
  "kecamatan" : "Tangse",
  "kelurahan" : "Keudee",
  "kodepos" : "24166"
}, {
  "kecamatan" : "Tangse",
  "kelurahan" : "Blang Dhot",
  "kodepos" : "24166"
}, {
  "kecamatan" : "Tangse",
  "kelurahan" : "Blang Jeurat",
  "kodepos" : "24166"
}, {
  "kecamatan" : "Tangse",
  "kelurahan" : "Blang Malo",
  "kodepos" : "24166"
}, {
  "kecamatan" : "Tangse",
  "kelurahan" : "Blang Bungong",
  "kodepos" : "24166"
}, {
  "kecamatan" : "Tangse",
  "kelurahan" : "Blang Dalam",
  "kodepos" : "24166"
}, {
  "kecamatan" : "Tangse",
  "kelurahan" : "Alue Calong",
  "kodepos" : "24166"
}, {
  "kecamatan" : "Tangse",
  "kelurahan" : "Alue Calong",
  "kodepos" : "24166"
}, {
  "kecamatan" : "Tangse",
  "kelurahan" : "Beungga",
  "kodepos" : "24166"
}, {
  "kecamatan" : "Keumala",
  "kelurahan" : "Tunong",
  "kodepos" : "24165"
}, {
  "kecamatan" : "Keumala",
  "kelurahan" : "U Gadeng",
  "kodepos" : "24165"
}, {
  "kecamatan" : "Keumala",
  "kelurahan" : "Pulo Seupeng",
  "kodepos" : "24165"
}, {
  "kecamatan" : "Keumala",
  "kelurahan" : "Rheng",
  "kodepos" : "24165"
}, {
  "kecamatan" : "Keumala",
  "kelurahan" : "Sagoe",
  "kodepos" : "24165"
}, {
  "kecamatan" : "Keumala",
  "kelurahan" : "Pulo Pante",
  "kodepos" : "24165"
}, {
  "kecamatan" : "Titeue",
  "kelurahan" : "Pulo Raya",
  "kodepos" : "24165"
}, {
  "kecamatan" : "Titeue",
  "kelurahan" : "Pulo Loh/Loih",
  "kodepos" : "24165"
}, {
  "kecamatan" : "Keumala",
  "kelurahan" : "Pulo Baro",
  "kodepos" : "24165"
}, {
  "kecamatan" : "Keumala",
  "kelurahan" : "Pulo Cahi (Pecahi)",
  "kodepos" : "24165"
}, {
  "kecamatan" : "Titeue",
  "kelurahan" : "Pante Siren",
  "kodepos" : "24165"
}, {
  "kecamatan" : "Keumala",
  "kelurahan" : "Papeuen Nicah",
  "kodepos" : "24165"
}, {
  "kecamatan" : "Keumala",
  "kelurahan" : "Paloh Teungoh",
  "kodepos" : "24165"
}, {
  "kecamatan" : "Titeue",
  "kelurahan" : "Pante Kulu",
  "kodepos" : "24165"
}, {
  "kecamatan" : "Keumala",
  "kelurahan" : "Paku",
  "kodepos" : "24165"
}, {
  "kecamatan" : "Titeue",
  "kelurahan" : "Paloh Naleueng",
  "kodepos" : "24165"
}, {
  "kecamatan" : "Keumala",
  "kelurahan" : "Mesjid Nicah",
  "kodepos" : "24165"
}, {
  "kecamatan" : "Titeue",
  "kelurahan" : "Mesjid Tumpeudeng",
  "kodepos" : "24165"
}, {
  "kecamatan" : "Keumala",
  "kelurahan" : "Jijiem",
  "kodepos" : "24165"
}, {
  "kecamatan" : "Keumala",
  "kelurahan" : "Kumbang",
  "kodepos" : "24165"
}, {
  "kecamatan" : "Titeue",
  "kelurahan" : "Lingkok",
  "kodepos" : "24165"
}, {
  "kecamatan" : "Keumala",
  "kelurahan" : "Dayah Keumala",
  "kodepos" : "24165"
}, {
  "kecamatan" : "Titeue",
  "kelurahan" : "Dayah Menara",
  "kodepos" : "24165"
}, {
  "kecamatan" : "Keumala",
  "kelurahan" : "Cot Kreh",
  "kodepos" : "24165"
}, {
  "kecamatan" : "Keumala",
  "kelurahan" : "Cot Nuran",
  "kodepos" : "24165"
}, {
  "kecamatan" : "Titeue",
  "kelurahan" : "Cut",
  "kodepos" : "24165"
}, {
  "kecamatan" : "Titeue",
  "kelurahan" : "Asan Tumpeudeng",
  "kodepos" : "24165"
}, {
  "kecamatan" : "Titeue",
  "kelurahan" : "Blang Tho",
  "kodepos" : "24165"
}, {
  "kecamatan" : "Keumala",
  "kelurahan" : "Asan Nicah",
  "kodepos" : "24165"
}, {
  "kecamatan" : "Titeue",
  "kelurahan" : "Alue",
  "kodepos" : "24165"
}, {
  "kecamatan" : "Sakti",
  "kelurahan" : "Riweuk",
  "kodepos" : "24164"
}, {
  "kecamatan" : "Sakti",
  "kelurahan" : "Tang Kueng",
  "kodepos" : "24164"
}, {
  "kecamatan" : "Sakti",
  "kelurahan" : "Perlak Baroh",
  "kodepos" : "24164"
}, {
  "kecamatan" : "Sakti",
  "kelurahan" : "Pulo Jeumpa",
  "kodepos" : "24164"
}, {
  "kecamatan" : "Sakti",
  "kelurahan" : "Pulo Kerumbok",
  "kodepos" : "24164"
}, {
  "kecamatan" : "Sakti",
  "kelurahan" : "Pasar Kota Bakti",
  "kodepos" : "24164"
}, {
  "kecamatan" : "Sakti",
  "kelurahan" : "Perlak Asan",
  "kodepos" : "24164"
}, {
  "kecamatan" : "Sakti",
  "kelurahan" : "Paloh Jeureula",
  "kodepos" : "24164"
}, {
  "kecamatan" : "Sakti",
  "kelurahan" : "Pante Krueng",
  "kodepos" : "24164"
}, {
  "kecamatan" : "Sakti",
  "kelurahan" : "Murong Cot",
  "kodepos" : "24164"
}, {
  "kecamatan" : "Sakti",
  "kelurahan" : "Murong Lhok",
  "kodepos" : "24164"
}, {
  "kecamatan" : "Sakti",
  "kelurahan" : "Meunasah Lueng",
  "kodepos" : "24164"
}, {
  "kecamatan" : "Sakti",
  "kelurahan" : "Meunasah Raya",
  "kodepos" : "24164"
}, {
  "kecamatan" : "Sakti",
  "kelurahan" : "Meunasah Uke",
  "kodepos" : "24164"
}, {
  "kecamatan" : "Sakti",
  "kelurahan" : "Meunasah Blang",
  "kodepos" : "24164"
}, {
  "kecamatan" : "Sakti",
  "kelurahan" : "Meunasah Blang Guyui",
  "kodepos" : "24164"
}, {
  "kecamatan" : "Sakti",
  "kelurahan" : "Mali Mesjid",
  "kodepos" : "24164"
}, {
  "kecamatan" : "Sakti",
  "kelurahan" : "Mancang",
  "kodepos" : "24164"
}, {
  "kecamatan" : "Sakti",
  "kelurahan" : "Meunasah Bale",
  "kodepos" : "24164"
}, {
  "kecamatan" : "Sakti",
  "kelurahan" : "Lingkok",
  "kodepos" : "24164"
}, {
  "kecamatan" : "Sakti",
  "kelurahan" : "Mali Cot",
  "kodepos" : "24164"
}, {
  "kecamatan" : "Sakti",
  "kelurahan" : "Mali Guyui",
  "kodepos" : "24164"
}, {
  "kecamatan" : "Sakti",
  "kelurahan" : "Lhok Me",
  "kodepos" : "24164"
}, {
  "kecamatan" : "Sakti",
  "kelurahan" : "Lhok Panah",
  "kodepos" : "24164"
}, {
  "kecamatan" : "Sakti",
  "kelurahan" : "Lhok Empeh",
  "kodepos" : "24164"
}, {
  "kecamatan" : "Sakti",
  "kelurahan" : "Leupeum Mesjid",
  "kodepos" : "24164"
}, {
  "kecamatan" : "Sakti",
  "kelurahan" : "Lam Ujong",
  "kodepos" : "24164"
}, {
  "kecamatan" : "Sakti",
  "kelurahan" : "Lameue Meunasah Baro",
  "kodepos" : "24164"
}, {
  "kecamatan" : "Sakti",
  "kelurahan" : "Lamkuta",
  "kodepos" : "24164"
}, {
  "kecamatan" : "Sakti",
  "kelurahan" : "Kandang",
  "kodepos" : "24164"
}, {
  "kecamatan" : "Sakti",
  "kelurahan" : "Kp Pisang Bucue",
  "kodepos" : "24164"
}, {
  "kecamatan" : "Sakti",
  "kelurahan" : "Kampong Cot",
  "kodepos" : "24164"
}, {
  "kecamatan" : "Sakti",
  "kelurahan" : "Kampong Jeumpa",
  "kodepos" : "24164"
}, {
  "kecamatan" : "Sakti",
  "kelurahan" : "Jurong Pante",
  "kodepos" : "24164"
}, {
  "kecamatan" : "Sakti",
  "kelurahan" : "Kampong Baro",
  "kodepos" : "24164"
}, {
  "kecamatan" : "Sakti",
  "kelurahan" : "Dayah Kp Pisang",
  "kodepos" : "24164"
}, {
  "kecamatan" : "Sakti",
  "kelurahan" : "Dayah Tuha",
  "kodepos" : "24164"
}, {
  "kecamatan" : "Sakti",
  "kelurahan" : "Cumbok Lie",
  "kodepos" : "24164"
}, {
  "kecamatan" : "Sakti",
  "kelurahan" : "Cumbok Niwa",
  "kodepos" : "24164"
}, {
  "kecamatan" : "Sakti",
  "kelurahan" : "Cot Cantek",
  "kodepos" : "24164"
}, {
  "kecamatan" : "Sakti",
  "kelurahan" : "Cot Sukon",
  "kodepos" : "24164"
}, {
  "kecamatan" : "Sakti",
  "kelurahan" : "Blang Kumot Baroh",
  "kodepos" : "24164"
}, {
  "kecamatan" : "Sakti",
  "kelurahan" : "Blang Kumot Tunong",
  "kodepos" : "24164"
}, {
  "kecamatan" : "Sakti",
  "kelurahan" : "Bucue",
  "kodepos" : "24164"
}, {
  "kecamatan" : "Sakti",
  "kelurahan" : "Beutong Perlak",
  "kodepos" : "24164"
}, {
  "kecamatan" : "Sakti",
  "kelurahan" : "Beutong Pocut",
  "kodepos" : "24164"
}, {
  "kecamatan" : "Sakti",
  "kelurahan" : "Balue Kulu",
  "kodepos" : "24164"
}, {
  "kecamatan" : "Sakti",
  "kelurahan" : "Balue Tanoh",
  "kodepos" : "24164"
}, {
  "kecamatan" : "Sakti",
  "kelurahan" : "Barieh",
  "kodepos" : "24164"
}, {
  "kecamatan" : "Mila",
  "kelurahan" : "Tuha Lala",
  "kodepos" : "24163"
}, {
  "kecamatan" : "Mila",
  "kelurahan" : "Tunong",
  "kodepos" : "24163"
}, {
  "kecamatan" : "Mila",
  "kelurahan" : "Teumeucet",
  "kodepos" : "24163"
}, {
  "kecamatan" : "Mila",
  "kelurahan" : "Teungoh Ilot",
  "kodepos" : "24163"
}, {
  "kecamatan" : "Mila",
  "kelurahan" : "Meuyub Lala",
  "kodepos" : "24163"
}, {
  "kecamatan" : "Mila",
  "kelurahan" : "Pulo Tanjong",
  "kodepos" : "24163"
}, {
  "kecamatan" : "Mila",
  "kelurahan" : "Mesjid Andeue",
  "kodepos" : "24163"
}, {
  "kecamatan" : "Mila",
  "kelurahan" : "Mesjid Ilot",
  "kodepos" : "24163"
}, {
  "kecamatan" : "Mila",
  "kelurahan" : "Meunasah Blang",
  "kodepos" : "24163"
}, {
  "kecamatan" : "Mila",
  "kelurahan" : "Lhok Lubu",
  "kodepos" : "24163"
}, {
  "kecamatan" : "Mila",
  "kelurahan" : "Kulu",
  "kodepos" : "24163"
}, {
  "kecamatan" : "Mila",
  "kelurahan" : "Kumbang",
  "kodepos" : "24163"
}, {
  "kecamatan" : "Mila",
  "kelurahan" : "Lagang",
  "kodepos" : "24163"
}, {
  "kecamatan" : "Mila",
  "kelurahan" : "Dayah Sinthop",
  "kodepos" : "24163"
}, {
  "kecamatan" : "Mila",
  "kelurahan" : "Krueng Lala",
  "kodepos" : "24163"
}, {
  "kecamatan" : "Mila",
  "kelurahan" : "Blang Cut",
  "kodepos" : "24163"
}, {
  "kecamatan" : "Mila",
  "kelurahan" : "Dayah Andeue",
  "kodepos" : "24163"
}, {
  "kecamatan" : "Mila",
  "kelurahan" : "Baroh Ilot",
  "kodepos" : "24163"
}, {
  "kecamatan" : "Mila",
  "kelurahan" : "Babah Jurong",
  "kodepos" : "24163"
}, {
  "kecamatan" : "Delima",
  "kelurahan" : "Ulee Tutue Raya",
  "kodepos" : "24162"
}, {
  "kecamatan" : "Mila",
  "kelurahan" : "Ara Bungkok",
  "kodepos" : "24163"
}, {
  "kecamatan" : "Delima",
  "kelurahan" : "Tunong",
  "kodepos" : "24162"
}, {
  "kecamatan" : "Delima",
  "kelurahan" : "Sukon Lhong",
  "kodepos" : "24162"
}, {
  "kecamatan" : "Delima",
  "kelurahan" : "Tanjong",
  "kodepos" : "24162"
}, {
  "kecamatan" : "Delima",
  "kelurahan" : "Seupeung",
  "kodepos" : "24162"
}, {
  "kecamatan" : "Delima",
  "kelurahan" : "Sagoe",
  "kodepos" : "24162"
}, {
  "kecamatan" : "Delima",
  "kelurahan" : "Seukeum",
  "kodepos" : "24162"
}, {
  "kecamatan" : "Delima",
  "kelurahan" : "Runtoh",
  "kodepos" : "24162"
}, {
  "kecamatan" : "Delima",
  "kelurahan" : "Reusep",
  "kodepos" : "24162"
}, {
  "kecamatan" : "Delima",
  "kelurahan" : "Raya",
  "kodepos" : "24162"
}, {
  "kecamatan" : "Delima",
  "kelurahan" : "Reuba",
  "kodepos" : "24162"
}, {
  "kecamatan" : "Delima",
  "kelurahan" : "Puuk",
  "kodepos" : "24162"
}, {
  "kecamatan" : "Delima",
  "kelurahan" : "Pulo Baroh",
  "kodepos" : "24162"
}, {
  "kecamatan" : "Delima",
  "kelurahan" : "Pulo Tunong",
  "kodepos" : "24162"
}, {
  "kecamatan" : "Delima",
  "kelurahan" : "Pante Aree",
  "kodepos" : "24162"
}, {
  "kecamatan" : "Delima",
  "kelurahan" : "Pangoe",
  "kodepos" : "24162"
}, {
  "kecamatan" : "Delima",
  "kelurahan" : "Metareum",
  "kodepos" : "24162"
}, {
  "kecamatan" : "Delima",
  "kelurahan" : "Neulop",
  "kodepos" : "24162"
}, {
  "kecamatan" : "Delima",
  "kelurahan" : "Mesjid Reubee",
  "kodepos" : "24162"
}, {
  "kecamatan" : "Delima",
  "kelurahan" : "Mesjid Bambong",
  "kodepos" : "24162"
}, {
  "kecamatan" : "Delima",
  "kelurahan" : "Mesjid Beuah",
  "kodepos" : "24162"
}, {
  "kecamatan" : "Delima",
  "kelurahan" : "Mesjid Aree",
  "kodepos" : "24162"
}, {
  "kecamatan" : "Delima",
  "kelurahan" : "Lhee Meunasah",
  "kodepos" : "24162"
}, {
  "kecamatan" : "Delima",
  "kelurahan" : "Lueng Dama",
  "kodepos" : "24162"
}, {
  "kecamatan" : "Delima",
  "kelurahan" : "Krumbok",
  "kodepos" : "24162"
}, {
  "kecamatan" : "Delima",
  "kelurahan" : "Kumbang",
  "kodepos" : "24162"
}, {
  "kecamatan" : "Delima",
  "kelurahan" : "Krueng Cot",
  "kodepos" : "24162"
}, {
  "kecamatan" : "Delima",
  "kelurahan" : "Keutapang Bambong",
  "kodepos" : "24162"
}, {
  "kecamatan" : "Delima",
  "kelurahan" : "Krueng",
  "kodepos" : "24162"
}, {
  "kecamatan" : "Delima",
  "kelurahan" : "Keutapang Aree",
  "kodepos" : "24162"
}, {
  "kecamatan" : "Delima",
  "kelurahan" : "Jambee",
  "kodepos" : "24162"
}, {
  "kecamatan" : "Delima",
  "kelurahan" : "Glee",
  "kodepos" : "24162"
}, {
  "kecamatan" : "Delima",
  "kelurahan" : "Geudong",
  "kodepos" : "24162"
}, {
  "kecamatan" : "Delima",
  "kelurahan" : "Dayah Reubee",
  "kodepos" : "24162"
}, {
  "kecamatan" : "Delima",
  "kelurahan" : "Gampong Cut (Meunasah Cut)",
  "kodepos" : "24162"
}, {
  "kecamatan" : "Delima",
  "kelurahan" : "Dayah Beuah",
  "kodepos" : "24162"
}, {
  "kecamatan" : "Delima",
  "kelurahan" : "Dayah Baro",
  "kodepos" : "24162"
}, {
  "kecamatan" : "Delima",
  "kelurahan" : "Daboh",
  "kodepos" : "24162"
}, {
  "kecamatan" : "Delima",
  "kelurahan" : "Ceurih Keupula",
  "kodepos" : "24162"
}, {
  "kecamatan" : "Delima",
  "kelurahan" : "Ceurih Cot",
  "kodepos" : "24162"
}, {
  "kecamatan" : "Delima",
  "kelurahan" : "Ceurih Blang Mee",
  "kodepos" : "24162"
}, {
  "kecamatan" : "Delima",
  "kelurahan" : "Bungo",
  "kodepos" : "24162"
}, {
  "kecamatan" : "Delima",
  "kelurahan" : "Ceurih Alue",
  "kodepos" : "24162"
}, {
  "kecamatan" : "Delima",
  "kelurahan" : "Buloh",
  "kodepos" : "24162"
}, {
  "kecamatan" : "Padang Tiji",
  "kelurahan" : "Tunong",
  "kodepos" : "24161"
}, {
  "kecamatan" : "Padang Tiji",
  "kelurahan" : "Tunong",
  "kodepos" : "24161"
}, {
  "kecamatan" : "Padang Tiji",
  "kelurahan" : "Trieng",
  "kodepos" : "24161"
}, {
  "kecamatan" : "Padang Tiji",
  "kelurahan" : "Tuha Gogo",
  "kodepos" : "24161"
}, {
  "kecamatan" : "Padang Tiji",
  "kelurahan" : "Teungoh",
  "kodepos" : "24161"
}, {
  "kecamatan" : "Padang Tiji",
  "kelurahan" : "Teungoh Drien",
  "kodepos" : "24161"
}, {
  "kecamatan" : "Padang Tiji",
  "kelurahan" : "Suyo",
  "kodepos" : "24161"
}, {
  "kecamatan" : "Padang Tiji",
  "kelurahan" : "Siron Tanjong",
  "kodepos" : "24161"
}, {
  "kecamatan" : "Padang Tiji",
  "kelurahan" : "Sukon",
  "kodepos" : "24161"
}, {
  "kecamatan" : "Padang Tiji",
  "kelurahan" : "Seunadeu",
  "kodepos" : "24161"
}, {
  "kecamatan" : "Padang Tiji",
  "kelurahan" : "Siron",
  "kodepos" : "24161"
}, {
  "kecamatan" : "Padang Tiji",
  "kelurahan" : "Sekeumbrok",
  "kodepos" : "24161"
}, {
  "kecamatan" : "Padang Tiji",
  "kelurahan" : "Seuleunggieng",
  "kodepos" : "24161"
}, {
  "kecamatan" : "Padang Tiji",
  "kelurahan" : "Raya",
  "kodepos" : "24161"
}, {
  "kecamatan" : "Padang Tiji",
  "kelurahan" : "Piala Kunyet",
  "kodepos" : "24161"
}, {
  "kecamatan" : "Padang Tiji",
  "kelurahan" : "Pulo Hagu",
  "kodepos" : "24161"
}, {
  "kecamatan" : "Padang Tiji",
  "kelurahan" : "Pante Cermen",
  "kodepos" : "24161"
}, {
  "kecamatan" : "Padang Tiji",
  "kelurahan" : "Pasar",
  "kodepos" : "24161"
}, {
  "kecamatan" : "Padang Tiji",
  "kelurahan" : "Perlak",
  "kodepos" : "24161"
}, {
  "kecamatan" : "Padang Tiji",
  "kelurahan" : "Muko",
  "kodepos" : "24161"
}, {
  "kecamatan" : "Padang Tiji",
  "kelurahan" : "Paloh Jeurat",
  "kodepos" : "24161"
}, {
  "kecamatan" : "Padang Tiji",
  "kelurahan" : "Mesjid Tanjong",
  "kodepos" : "24161"
}, {
  "kecamatan" : "Padang Tiji",
  "kelurahan" : "Meurinya",
  "kodepos" : "24161"
}, {
  "kecamatan" : "Padang Tiji",
  "kelurahan" : "Mukee",
  "kodepos" : "24161"
}, {
  "kecamatan" : "Padang Tiji",
  "kelurahan" : "Mesjid Paloh",
  "kodepos" : "24161"
}, {
  "kecamatan" : "Padang Tiji",
  "kelurahan" : "Mesjid Peudaya",
  "kodepos" : "24161"
}, {
  "kecamatan" : "Padang Tiji",
  "kelurahan" : "Mesjid Gogo",
  "kodepos" : "24161"
}, {
  "kecamatan" : "Padang Tiji",
  "kelurahan" : "Mesjid Kunyet",
  "kodepos" : "24161"
}, {
  "kecamatan" : "Padang Tiji",
  "kelurahan" : "Mesjid Beurabo",
  "kodepos" : "24161"
}, {
  "kecamatan" : "Padang Tiji",
  "kelurahan" : "Mesjid Geuleudieng",
  "kodepos" : "24161"
}, {
  "kecamatan" : "Padang Tiji",
  "kelurahan" : "Kumbang",
  "kodepos" : "24161"
}, {
  "kecamatan" : "Padang Tiji",
  "kelurahan" : "Leuen",
  "kodepos" : "24161"
}, {
  "kecamatan" : "Padang Tiji",
  "kelurahan" : "Leuhob",
  "kodepos" : "24161"
}, {
  "kecamatan" : "Padang Tiji",
  "kelurahan" : "Keupula",
  "kodepos" : "24161"
}, {
  "kecamatan" : "Padang Tiji",
  "kelurahan" : "Khang Tanjong",
  "kodepos" : "24161"
}, {
  "kecamatan" : "Padang Tiji",
  "kelurahan" : "Kret",
  "kodepos" : "24161"
}, {
  "kecamatan" : "Padang Tiji",
  "kelurahan" : "Kambuk Payapi",
  "kodepos" : "24161"
}, {
  "kecamatan" : "Padang Tiji",
  "kelurahan" : "Jurong Anoe",
  "kodepos" : "24161"
}, {
  "kecamatan" : "Padang Tiji",
  "kelurahan" : "Kambuk Nicah",
  "kodepos" : "24161"
}, {
  "kecamatan" : "Padang Tiji",
  "kelurahan" : "Gurong Cot",
  "kodepos" : "24161"
}, {
  "kecamatan" : "Padang Tiji",
  "kelurahan" : "Hagu",
  "kodepos" : "24161"
}, {
  "kecamatan" : "Padang Tiji",
  "kelurahan" : "Jok",
  "kodepos" : "24161"
}, {
  "kecamatan" : "Padang Tiji",
  "kelurahan" : "Geulumpang",
  "kodepos" : "24161"
}, {
  "kecamatan" : "Padang Tiji",
  "kelurahan" : "Gle",
  "kodepos" : "24161"
}, {
  "kecamatan" : "Padang Tiji",
  "kelurahan" : "Grong Grong",
  "kodepos" : "24161"
}, {
  "kecamatan" : "Padang Tiji",
  "kelurahan" : "Dayah Baroh",
  "kodepos" : "24161"
}, {
  "kecamatan" : "Padang Tiji",
  "kelurahan" : "Dayah Tanoh",
  "kodepos" : "24161"
}, {
  "kecamatan" : "Padang Tiji",
  "kelurahan" : "Gampong Cut",
  "kodepos" : "24161"
}, {
  "kecamatan" : "Padang Tiji",
  "kelurahan" : "Dayah Baroh",
  "kodepos" : "24161"
}, {
  "kecamatan" : "Padang Tiji",
  "kelurahan" : "Crueng",
  "kodepos" : "24161"
}, {
  "kecamatan" : "Padang Tiji",
  "kelurahan" : "Cut",
  "kodepos" : "24161"
}, {
  "kecamatan" : "Padang Tiji",
  "kelurahan" : "Buni Reuleung",
  "kodepos" : "24161"
}, {
  "kecamatan" : "Padang Tiji",
  "kelurahan" : "Capa",
  "kodepos" : "24161"
}, {
  "kecamatan" : "Padang Tiji",
  "kelurahan" : "Cot Keutapang",
  "kodepos" : "24161"
}, {
  "kecamatan" : "Padang Tiji",
  "kelurahan" : "Buloh",
  "kodepos" : "24161"
}, {
  "kecamatan" : "Padang Tiji",
  "kelurahan" : "Buloh Buni",
  "kodepos" : "24161"
}, {
  "kecamatan" : "Padang Tiji",
  "kelurahan" : "Baro",
  "kodepos" : "24161"
}, {
  "kecamatan" : "Padang Tiji",
  "kelurahan" : "Blang Geuleudieng",
  "kodepos" : "24161"
}, {
  "kecamatan" : "Padang Tiji",
  "kelurahan" : "Blang Guci",
  "kodepos" : "24161"
}, {
  "kecamatan" : "Padang Tiji",
  "kelurahan" : "Aron Beunot",
  "kodepos" : "24161"
}, {
  "kecamatan" : "Padang Tiji",
  "kelurahan" : "Balee",
  "kodepos" : "24161"
}, {
  "kecamatan" : "Padang Tiji",
  "kelurahan" : "Baro",
  "kodepos" : "24161"
}, {
  "kecamatan" : "Muara Tiga",
  "kelurahan" : "Ujong Pie",
  "kodepos" : "24153"
}, {
  "kecamatan" : "Padang Tiji",
  "kelurahan" : "Adang",
  "kodepos" : "24161"
}, {
  "kecamatan" : "Muara Tiga",
  "kelurahan" : "Tuha Biheue",
  "kodepos" : "24153"
}, {
  "kecamatan" : "Muara Tiga",
  "kelurahan" : "Teungku Di Laweung",
  "kodepos" : "24153"
}, {
  "kecamatan" : "Muara Tiga",
  "kelurahan" : "Pawod",
  "kodepos" : "24153"
}, {
  "kecamatan" : "Muara Tiga",
  "kelurahan" : "Sagoe",
  "kodepos" : "24153"
}, {
  "kecamatan" : "Muara Tiga",
  "kelurahan" : "Suka Jaya",
  "kodepos" : "24153"
}, {
  "kecamatan" : "Muara Tiga",
  "kelurahan" : "Mesjid",
  "kodepos" : "24153"
}, {
  "kecamatan" : "Muara Tiga",
  "kelurahan" : "Papeun",
  "kodepos" : "24153"
}, {
  "kecamatan" : "Muara Tiga",
  "kelurahan" : "Ingin Jaya",
  "kodepos" : "24153"
}, {
  "kecamatan" : "Muara Tiga",
  "kelurahan" : "Keupula",
  "kodepos" : "24153"
}, {
  "kecamatan" : "Muara Tiga",
  "kelurahan" : "Krueng",
  "kodepos" : "24153"
}, {
  "kecamatan" : "Muara Tiga",
  "kelurahan" : "Dayah",
  "kodepos" : "24153"
}, {
  "kecamatan" : "Muara Tiga",
  "kelurahan" : "Gle Cut",
  "kodepos" : "24153"
}, {
  "kecamatan" : "Muara Tiga",
  "kelurahan" : "IE Masen",
  "kodepos" : "24153"
}, {
  "kecamatan" : "Muara Tiga",
  "kelurahan" : "Batee",
  "kodepos" : "24153"
}, {
  "kecamatan" : "Muara Tiga",
  "kelurahan" : "Blang Raya",
  "kodepos" : "24153"
}, {
  "kecamatan" : "Batee",
  "kelurahan" : "Teupin Raya",
  "kodepos" : "24152"
}, {
  "kecamatan" : "Batee",
  "kelurahan" : "Tuha",
  "kodepos" : "24152"
}, {
  "kecamatan" : "Batee",
  "kelurahan" : "Teupin Jeue",
  "kodepos" : "24152"
}, {
  "kecamatan" : "Grong Grong",
  "kelurahan" : "Teungoh",
  "kodepos" : "24152"
}, {
  "kecamatan" : "Grong Grong",
  "kelurahan" : "Sukon",
  "kodepos" : "24152"
}, {
  "kecamatan" : "Batee",
  "kelurahan" : "Seulatan",
  "kodepos" : "24152"
}, {
  "kecamatan" : "Grong Grong",
  "kelurahan" : "Sentosa",
  "kodepos" : "24152"
}, {
  "kecamatan" : "Batee",
  "kelurahan" : "Pulo Pande",
  "kodepos" : "24152"
}, {
  "kecamatan" : "Batee",
  "kelurahan" : "Pulo Tukok",
  "kodepos" : "24152"
}, {
  "kecamatan" : "Batee",
  "kelurahan" : "Rungkom",
  "kodepos" : "24152"
}, {
  "kecamatan" : "Batee",
  "kelurahan" : "Pulo Bungong",
  "kodepos" : "24152"
}, {
  "kecamatan" : "Grong Grong",
  "kelurahan" : "Nicah Meuaneuk",
  "kodepos" : "24152"
}, {
  "kecamatan" : "Grong Grong",
  "kelurahan" : "Pangge/Pilok",
  "kodepos" : "24152"
}, {
  "kecamatan" : "Grong Grong",
  "kelurahan" : "Paya",
  "kodepos" : "24152"
}, {
  "kecamatan" : "Batee",
  "kelurahan" : "Meunasah Mee",
  "kodepos" : "24152"
}, {
  "kecamatan" : "Batee",
  "kelurahan" : "Neuheun",
  "kodepos" : "24152"
}, {
  "kecamatan" : "Grong Grong",
  "kelurahan" : "Mesjid Meuaneuk",
  "kodepos" : "24152"
}, {
  "kecamatan" : "Batee",
  "kelurahan" : "Meucat",
  "kodepos" : "24152"
}, {
  "kecamatan" : "Batee",
  "kelurahan" : "Mesjid Calong",
  "kodepos" : "24152"
}, {
  "kecamatan" : "Grong Grong",
  "kelurahan" : "Mesjid Beureuleung",
  "kodepos" : "24152"
}, {
  "kecamatan" : "Batee",
  "kelurahan" : "Kule",
  "kodepos" : "24152"
}, {
  "kecamatan" : "Grong Grong",
  "kelurahan" : "Mee Beureuleung (Meunasah Mee)",
  "kodepos" : "24152"
}, {
  "kecamatan" : "Batee",
  "kelurahan" : "Kareung",
  "kodepos" : "24152"
}, {
  "kecamatan" : "Batee",
  "kelurahan" : "Kulam",
  "kodepos" : "24152"
}, {
  "kecamatan" : "Grong Grong",
  "kelurahan" : "Karieng",
  "kodepos" : "24152"
}, {
  "kecamatan" : "Grong Grong",
  "kelurahan" : "Gintong",
  "kodepos" : "24152"
}, {
  "kecamatan" : "Grong Grong",
  "kelurahan" : "Grong Grong",
  "kodepos" : "24152"
}, {
  "kecamatan" : "Batee",
  "kelurahan" : "Geunteng Barat",
  "kodepos" : "24152"
}, {
  "kecamatan" : "Batee",
  "kelurahan" : "Geunteng Timur",
  "kodepos" : "24152"
}, {
  "kecamatan" : "Batee",
  "kelurahan" : "Dayah Baroh",
  "kodepos" : "24152"
}, {
  "kecamatan" : "Batee",
  "kelurahan" : "Dayah Tua",
  "kodepos" : "24152"
}, {
  "kecamatan" : "Batee",
  "kelurahan" : "Geulumpang Lhee",
  "kodepos" : "24152"
}, {
  "kecamatan" : "Batee",
  "kelurahan" : "Dayah",
  "kodepos" : "24152"
}, {
  "kecamatan" : "Batee",
  "kelurahan" : "Crueng",
  "kodepos" : "24152"
}, {
  "kecamatan" : "Grong Grong",
  "kelurahan" : "Daka",
  "kodepos" : "24152"
}, {
  "kecamatan" : "Batee",
  "kelurahan" : "Calong Cut",
  "kodepos" : "24152"
}, {
  "kecamatan" : "Batee",
  "kelurahan" : "Calong Cut",
  "kodepos" : "24152"
}, {
  "kecamatan" : "Grong Grong",
  "kelurahan" : "Beureuleung",
  "kodepos" : "24152"
}, {
  "kecamatan" : "Batee",
  "kelurahan" : "Bintang Hu",
  "kodepos" : "24152"
}, {
  "kecamatan" : "Grong Grong",
  "kelurahan" : "Baroh",
  "kodepos" : "24152"
}, {
  "kecamatan" : "Batee",
  "kelurahan" : "Awee",
  "kodepos" : "24152"
}, {
  "kecamatan" : "Batee",
  "kelurahan" : "Alue Lada",
  "kodepos" : "24152"
}, {
  "kecamatan" : "Batee",
  "kelurahan" : "Aron",
  "kodepos" : "24152"
}, {
  "kecamatan" : "Pidie",
  "kelurahan" : "Ulee Ceueteubeng",
  "kodepos" : "24151"
}, {
  "kecamatan" : "Pidie",
  "kelurahan" : "Ulee Tutue",
  "kodepos" : "24151"
}, {
  "kecamatan" : "Pidie",
  "kelurahan" : "Tumpok Laweung",
  "kodepos" : "24151"
}, {
  "kecamatan" : "Pidie",
  "kelurahan" : "Ujong Langgo",
  "kodepos" : "24151"
}, {
  "kecamatan" : "Pidie",
  "kelurahan" : "Ulee Ceu Keulibeut",
  "kodepos" : "24151"
}, {
  "kecamatan" : "Pidie",
  "kelurahan" : "Tijue",
  "kodepos" : "24151"
}, {
  "kecamatan" : "Pidie",
  "kelurahan" : "Tumpok 40",
  "kodepos" : "24151"
}, {
  "kecamatan" : "Pidie",
  "kelurahan" : "Sirong",
  "kodepos" : "24151"
}, {
  "kecamatan" : "Pidie",
  "kelurahan" : "Teubeng Tanjong",
  "kodepos" : "24151"
}, {
  "kecamatan" : "Pidie",
  "kelurahan" : "Tibang",
  "kodepos" : "24151"
}, {
  "kecamatan" : "Pidie",
  "kelurahan" : "Seuri Weuk",
  "kodepos" : "24151"
}, {
  "kecamatan" : "Pidie",
  "kelurahan" : "Seukeumbrok",
  "kodepos" : "24151"
}, {
  "kecamatan" : "Pidie",
  "kelurahan" : "Seuke",
  "kodepos" : "24151"
}, {
  "kecamatan" : "Pidie",
  "kelurahan" : "Rawa",
  "kodepos" : "24151"
}, {
  "kecamatan" : "Pidie",
  "kelurahan" : "Raya Sanggeue",
  "kodepos" : "24151"
}, {
  "kecamatan" : "Pidie",
  "kelurahan" : "Raya Utue",
  "kodepos" : "24151"
}, {
  "kecamatan" : "Pidie",
  "kelurahan" : "Pulo Pisang",
  "kodepos" : "24151"
}, {
  "kecamatan" : "Pidie",
  "kelurahan" : "Puuk",
  "kodepos" : "24151"
}, {
  "kecamatan" : "Pidie",
  "kelurahan" : "Puli",
  "kodepos" : "24151"
}, {
  "kecamatan" : "Pidie",
  "kelurahan" : "Pulo Bubee",
  "kodepos" : "24151"
}, {
  "kecamatan" : "Pidie",
  "kelurahan" : "Paya",
  "kodepos" : "24151"
}, {
  "kecamatan" : "Pidie",
  "kelurahan" : "Paya Linteung",
  "kodepos" : "24151"
}, {
  "kecamatan" : "Pidie",
  "kelurahan" : "Peukan Baro",
  "kodepos" : "24151"
}, {
  "kecamatan" : "Pidie",
  "kelurahan" : "Meucat Teubeng",
  "kodepos" : "24151"
}, {
  "kecamatan" : "Pidie",
  "kelurahan" : "Paloh",
  "kodepos" : "24151"
}, {
  "kecamatan" : "Pidie",
  "kelurahan" : "Mancang",
  "kodepos" : "24151"
}, {
  "kecamatan" : "Pidie",
  "kelurahan" : "Mesjid Runtoh",
  "kodepos" : "24151"
}, {
  "kecamatan" : "Pidie",
  "kelurahan" : "Mesjid Utue",
  "kodepos" : "24151"
}, {
  "kecamatan" : "Pidie",
  "kelurahan" : "Leu Bue",
  "kodepos" : "24151"
}, {
  "kecamatan" : "Pidie",
  "kelurahan" : "Lhok Keutapang",
  "kodepos" : "24151"
}, {
  "kecamatan" : "Pidie",
  "kelurahan" : "Lampeudeu Tunong",
  "kodepos" : "24151"
}, {
  "kecamatan" : "Pidie",
  "kelurahan" : "Lampoh Lada",
  "kodepos" : "24151"
}, {
  "kecamatan" : "Pidie",
  "kelurahan" : "Labui",
  "kodepos" : "24151"
}, {
  "kecamatan" : "Pidie",
  "kelurahan" : "Lamkuta",
  "kodepos" : "24151"
}, {
  "kecamatan" : "Pidie",
  "kelurahan" : "Lampeudeu Baroh",
  "kodepos" : "24151"
}, {
  "kecamatan" : "Pidie",
  "kelurahan" : "Keutumbu",
  "kodepos" : "24151"
}, {
  "kecamatan" : "Pidie",
  "kelurahan" : "Krueng Dhoe",
  "kodepos" : "24151"
}, {
  "kecamatan" : "Pidie",
  "kelurahan" : "Keunire",
  "kodepos" : "24151"
}, {
  "kecamatan" : "Pidie",
  "kelurahan" : "Keutapang",
  "kodepos" : "24151"
}, {
  "kecamatan" : "Pidie",
  "kelurahan" : "Kampong Baro",
  "kodepos" : "24151"
}, {
  "kecamatan" : "Pidie",
  "kelurahan" : "Keudee Keulibeut",
  "kodepos" : "24151"
}, {
  "kecamatan" : "Pidie",
  "kelurahan" : "Jawa Teubeng",
  "kodepos" : "24151"
}, {
  "kecamatan" : "Pidie",
  "kelurahan" : "Jeumpa",
  "kodepos" : "24151"
}, {
  "kecamatan" : "Pidie",
  "kelurahan" : "Gampong Barat",
  "kodepos" : "24151"
}, {
  "kecamatan" : "Pidie",
  "kelurahan" : "Gampong Pukat",
  "kodepos" : "24151"
}, {
  "kecamatan" : "Pidie",
  "kelurahan" : "Gajah Ayee",
  "kodepos" : "24151"
}, {
  "kecamatan" : "Pidie",
  "kelurahan" : "Gampong",
  "kodepos" : "24151"
}, {
  "kecamatan" : "Pidie",
  "kelurahan" : "Dayah Teubeng",
  "kodepos" : "24151"
}, {
  "kecamatan" : "Pidie",
  "kelurahan" : "Dayah Teungoh",
  "kodepos" : "24151"
}, {
  "kecamatan" : "Pidie",
  "kelurahan" : "Dayah Tutong",
  "kodepos" : "24151"
}, {
  "kecamatan" : "Pidie",
  "kelurahan" : "Dalueng",
  "kodepos" : "24151"
}, {
  "kecamatan" : "Pidie",
  "kelurahan" : "Dayah Jeuleupe",
  "kodepos" : "24151"
}, {
  "kecamatan" : "Pidie",
  "kelurahan" : "Dayah Tanoh",
  "kodepos" : "24151"
}, {
  "kecamatan" : "Pidie",
  "kelurahan" : "Cot Geunduek",
  "kodepos" : "24151"
}, {
  "kecamatan" : "Pidie",
  "kelurahan" : "Cot Rheng",
  "kodepos" : "24151"
}, {
  "kecamatan" : "Pidie",
  "kelurahan" : "Cot Teungoh",
  "kodepos" : "24151"
}, {
  "kecamatan" : "Pidie",
  "kelurahan" : "Cot Geulumpang",
  "kodepos" : "24151"
}, {
  "kecamatan" : "Pidie",
  "kelurahan" : "Bie",
  "kodepos" : "24151"
}, {
  "kecamatan" : "Pidie",
  "kelurahan" : "Blangkula",
  "kodepos" : "24151"
}, {
  "kecamatan" : "Pidie",
  "kelurahan" : "Bayu Teubeng",
  "kodepos" : "24151"
}, {
  "kecamatan" : "Pidie",
  "kelurahan" : "Baroh",
  "kodepos" : "24151"
}, {
  "kecamatan" : "Pidie",
  "kelurahan" : "Batee",
  "kodepos" : "24151"
}, {
  "kecamatan" : "Pidie",
  "kelurahan" : "Abo Teubeng",
  "kodepos" : "24151"
}, {
  "kecamatan" : "Pidie",
  "kelurahan" : "Alue",
  "kodepos" : "24151"
}, {
  "kecamatan" : "Kota Sigli",
  "kelurahan" : "Blang Paseh",
  "kodepos" : "24119"
}, {
  "kecamatan" : "Kota Sigli",
  "kelurahan" : "Lampoh Krueng",
  "kodepos" : "24119"
}, {
  "kecamatan" : "Kota Sigli",
  "kelurahan" : "Tanjong Krueng",
  "kodepos" : "24116"
}, {
  "kecamatan" : "Kota Sigli",
  "kelurahan" : "Blok Bengkel",
  "kodepos" : "24118"
}, {
  "kecamatan" : "Kota Sigli",
  "kelurahan" : "Keramat Dalam",
  "kodepos" : "24115"
}, {
  "kecamatan" : "Kota Sigli",
  "kelurahan" : "Pasi Rawa",
  "kodepos" : "24116"
}, {
  "kecamatan" : "Kota Sigli",
  "kelurahan" : "Pante Teungoh",
  "kodepos" : "24114"
}, {
  "kecamatan" : "Kota Sigli",
  "kelurahan" : "Kampong Asan",
  "kodepos" : "24115"
}, {
  "kecamatan" : "Kota Sigli",
  "kelurahan" : "Pasi Peukan Baro",
  "kodepos" : "24113"
}, {
  "kecamatan" : "Kota Sigli",
  "kelurahan" : "Blok Sawah",
  "kodepos" : "24114"
}, {
  "kecamatan" : "Kota Sigli",
  "kelurahan" : "Meunasah Peukan",
  "kodepos" : "24111"
}, {
  "kecamatan" : "Kota Sigli",
  "kelurahan" : "Benteng",
  "kodepos" : "24112"
}, {
  "kecamatan" : "Kota Sigli",
  "kelurahan" : "Kuala Pidie",
  "kodepos" : "24112"
}, {
  "kecamatan" : "Kota Sigli",
  "kelurahan" : "Blang Asan",
  "kodepos" : "24111"
}, {
  "kecamatan" : "Kota Sigli",
  "kelurahan" : "Keramat Luar",
  "kodepos" : "24111"
} ]
