[ {
  "kecamatan" : "Lembah Seulawah",
  "kelurahan" : "Teuladan",
  "kodepos" : "23952"
}, {
  "kecamatan" : "Lembah Seulawah",
  "kelurahan" : "Suka Mulya (Sukamulia)",
  "kodepos" : "23952"
}, {
  "kecamatan" : "Lembah Seulawah",
  "kelurahan" : "Sukadamai",
  "kodepos" : "23952"
}, {
  "kecamatan" : "Lembah Seulawah",
  "kelurahan" : "Panca Kubu",
  "kodepos" : "23952"
}, {
  "kecamatan" : "Lembah Seulawah",
  "kelurahan" : "Paya Keureuleh",
  "kodepos" : "23952"
}, {
  "kecamatan" : "Lembah Seulawah",
  "kelurahan" : "Saree Aceh",
  "kodepos" : "23952"
}, {
  "kecamatan" : "Lembah Seulawah",
  "kelurahan" : "Lon Baroh",
  "kodepos" : "23952"
}, {
  "kecamatan" : "Lembah Seulawah",
  "kelurahan" : "Panca",
  "kodepos" : "23952"
}, {
  "kecamatan" : "Lembah Seulawah",
  "kelurahan" : "Lon Asan",
  "kodepos" : "23952"
}, {
  "kecamatan" : "Lembah Seulawah",
  "kelurahan" : "Lam Kubu",
  "kodepos" : "23952"
}, {
  "kecamatan" : "Lembah Seulawah",
  "kelurahan" : "Lambaro Tunong",
  "kodepos" : "23952"
}, {
  "kecamatan" : "Lembah Seulawah",
  "kelurahan" : "Lamtamot",
  "kodepos" : "23952"
}, {
  "kecamatan" : "Seulimeum",
  "kelurahan" : "Ujong Keupula",
  "kodepos" : "23951"
}, {
  "kecamatan" : "Seulimeum",
  "kelurahan" : "Ujong Mesjid Lampanah",
  "kodepos" : "23951"
}, {
  "kecamatan" : "Seulimeum",
  "kelurahan" : "Ujong Mesjid T. Abee",
  "kodepos" : "23951"
}, {
  "kecamatan" : "Seulimeum",
  "kelurahan" : "Seuneubok",
  "kodepos" : "23951"
}, {
  "kecamatan" : "Seulimeum",
  "kelurahan" : "Pulo",
  "kodepos" : "23951"
}, {
  "kecamatan" : "Seulimeum",
  "kelurahan" : "Rabo",
  "kodepos" : "23951"
}, {
  "kecamatan" : "Seulimeum",
  "kelurahan" : "Seulimeum",
  "kodepos" : "23951"
}, {
  "kecamatan" : "Seulimeum",
  "kelurahan" : "Pasar Seulimeum",
  "kodepos" : "23951"
}, {
  "kecamatan" : "Seulimeum",
  "kelurahan" : "Pinto Khop",
  "kodepos" : "23951"
}, {
  "kecamatan" : "Seulimeum",
  "kelurahan" : "Meunasah Baro",
  "kodepos" : "23951"
}, {
  "kecamatan" : "Seulimeum",
  "kelurahan" : "Meunasah Tunong",
  "kodepos" : "23951"
}, {
  "kecamatan" : "Seulimeum",
  "kelurahan" : "Meurah",
  "kodepos" : "23951"
}, {
  "kecamatan" : "Seulimeum",
  "kelurahan" : "Lhieb",
  "kodepos" : "23951"
}, {
  "kecamatan" : "Seulimeum",
  "kelurahan" : "Mangeu",
  "kodepos" : "23951"
}, {
  "kecamatan" : "Seulimeum",
  "kelurahan" : "Lampisang Tunong",
  "kodepos" : "23951"
}, {
  "kecamatan" : "Seulimeum",
  "kelurahan" : "Lamteuba Droi",
  "kodepos" : "23951"
}, {
  "kecamatan" : "Seulimeum",
  "kelurahan" : "Leungah",
  "kodepos" : "23951"
}, {
  "kecamatan" : "Seulimeum",
  "kelurahan" : "Lampisang Dayah",
  "kodepos" : "23951"
}, {
  "kecamatan" : "Seulimeum",
  "kelurahan" : "Lampisang Teungoh",
  "kodepos" : "23951"
}, {
  "kecamatan" : "Seulimeum",
  "kelurahan" : "Lamkuk",
  "kodepos" : "23951"
}, {
  "kecamatan" : "Seulimeum",
  "kelurahan" : "Lampanah",
  "kodepos" : "23951"
}, {
  "kecamatan" : "Seulimeum",
  "kelurahan" : "Lampante",
  "kodepos" : "23951"
}, {
  "kecamatan" : "Seulimeum",
  "kelurahan" : "Lamcarak",
  "kodepos" : "23951"
}, {
  "kecamatan" : "Seulimeum",
  "kelurahan" : "Lamjruen",
  "kodepos" : "23951"
}, {
  "kecamatan" : "Seulimeum",
  "kelurahan" : "Keunaloi",
  "kodepos" : "23951"
}, {
  "kecamatan" : "Seulimeum",
  "kelurahan" : "Lam Apeng",
  "kodepos" : "23951"
}, {
  "kecamatan" : "Seulimeum",
  "kelurahan" : "Lambada",
  "kodepos" : "23951"
}, {
  "kecamatan" : "Seulimeum",
  "kelurahan" : "Jeumpa",
  "kodepos" : "23951"
}, {
  "kecamatan" : "Seulimeum",
  "kelurahan" : "Kampong/Gampong Raya",
  "kodepos" : "23951"
}, {
  "kecamatan" : "Seulimeum",
  "kelurahan" : "Kayee Adang",
  "kodepos" : "23951"
}, {
  "kecamatan" : "Seulimeum",
  "kelurahan" : "Jawie",
  "kodepos" : "23951"
}, {
  "kecamatan" : "Seulimeum",
  "kelurahan" : "Iboih/Iboh Tunong",
  "kodepos" : "23951"
}, {
  "kecamatan" : "Seulimeum",
  "kelurahan" : "Data Gaseu/Gaseue",
  "kodepos" : "23951"
}, {
  "kecamatan" : "Seulimeum",
  "kelurahan" : "Iboih/Iboh Tanjong",
  "kodepos" : "23951"
}, {
  "kecamatan" : "Seulimeum",
  "kelurahan" : "Capeung Baroh",
  "kodepos" : "23951"
}, {
  "kecamatan" : "Seulimeum",
  "kelurahan" : "Capeung Dayah",
  "kodepos" : "23951"
}, {
  "kecamatan" : "Seulimeum",
  "kelurahan" : "Beureunut",
  "kodepos" : "23951"
}, {
  "kecamatan" : "Seulimeum",
  "kelurahan" : "Blang Tingkeum",
  "kodepos" : "23951"
}, {
  "kecamatan" : "Seulimeum",
  "kelurahan" : "Buga",
  "kodepos" : "23951"
}, {
  "kecamatan" : "Seulimeum",
  "kelurahan" : "Bak Seutui",
  "kodepos" : "23951"
}, {
  "kecamatan" : "Seulimeum",
  "kelurahan" : "Batee Lhee",
  "kodepos" : "23951"
}, {
  "kecamatan" : "Seulimeum",
  "kelurahan" : "Bayu",
  "kodepos" : "23951"
}, {
  "kecamatan" : "Seulimeum",
  "kelurahan" : "Ayon",
  "kodepos" : "23951"
}, {
  "kecamatan" : "Seulimeum",
  "kelurahan" : "Bak Aghu",
  "kodepos" : "23951"
}, {
  "kecamatan" : "Seulimeum",
  "kelurahan" : "Alue Rindang",
  "kodepos" : "23951"
}, {
  "kecamatan" : "Seulimeum",
  "kelurahan" : "Ateuk",
  "kodepos" : "23951"
}, {
  "kecamatan" : "Kota Jantho",
  "kelurahan" : "Bukit Meusara",
  "kodepos" : "23919"
}, {
  "kecamatan" : "Seulimeum",
  "kelurahan" : "Alue Gintong",
  "kodepos" : "23951"
}, {
  "kecamatan" : "Kota Jantho",
  "kelurahan" : "Suka Tani",
  "kodepos" : "23917"
}, {
  "kecamatan" : "Kota Jantho",
  "kelurahan" : "Weu",
  "kodepos" : "23917"
}, {
  "kecamatan" : "Kota Jantho",
  "kelurahan" : "Cucum",
  "kodepos" : "23918"
}, {
  "kecamatan" : "Kota Jantho",
  "kelurahan" : "Jantho Baru",
  "kodepos" : "23917"
}, {
  "kecamatan" : "Kota Jantho",
  "kelurahan" : "Jantho Makmur",
  "kodepos" : "23917"
}, {
  "kecamatan" : "Kota Jantho",
  "kelurahan" : "Beung",
  "kodepos" : "23917"
}, {
  "kecamatan" : "Kota Jantho",
  "kelurahan" : "Data Cut",
  "kodepos" : "23917"
}, {
  "kecamatan" : "Kota Jantho",
  "kelurahan" : "Awee",
  "kodepos" : "23917"
}, {
  "kecamatan" : "Kota Jantho",
  "kelurahan" : "Jantho",
  "kodepos" : "23912"
}, {
  "kecamatan" : "Kota Jantho",
  "kelurahan" : "Teureubeh",
  "kodepos" : "23913"
}, {
  "kecamatan" : "Kota Jantho",
  "kelurahan" : "Jalin",
  "kodepos" : "23915"
}, {
  "kecamatan" : "Kota Jantho",
  "kelurahan" : "Barueh",
  "kodepos" : "23911"
}, {
  "kecamatan" : "Pulo Aceh",
  "kelurahan" : "Teunom",
  "kodepos" : "23391"
}, {
  "kecamatan" : "Pulo Aceh",
  "kelurahan" : "Ulee Paya",
  "kodepos" : "23391"
}, {
  "kecamatan" : "Pulo Aceh",
  "kelurahan" : "Rinon",
  "kodepos" : "23391"
}, {
  "kecamatan" : "Pulo Aceh",
  "kelurahan" : "Seurapong",
  "kodepos" : "23391"
}, {
  "kecamatan" : "Pulo Aceh",
  "kelurahan" : "Pasi Janeng",
  "kodepos" : "23391"
}, {
  "kecamatan" : "Pulo Aceh",
  "kelurahan" : "Rabo",
  "kodepos" : "23391"
}, {
  "kecamatan" : "Pulo Aceh",
  "kelurahan" : "Paloh",
  "kodepos" : "23391"
}, {
  "kecamatan" : "Pulo Aceh",
  "kelurahan" : "Lhoh",
  "kodepos" : "23391"
}, {
  "kecamatan" : "Pulo Aceh",
  "kelurahan" : "Melingge",
  "kodepos" : "23391"
}, {
  "kecamatan" : "Pulo Aceh",
  "kelurahan" : "Lamteng",
  "kodepos" : "23391"
}, {
  "kecamatan" : "Pulo Aceh",
  "kelurahan" : "Lapeng",
  "kodepos" : "23391"
}, {
  "kecamatan" : "Pulo Aceh",
  "kelurahan" : "Deudap",
  "kodepos" : "23391"
}, {
  "kecamatan" : "Pulo Aceh",
  "kelurahan" : "Gugob",
  "kodepos" : "23391"
}, {
  "kecamatan" : "Pulo Aceh",
  "kelurahan" : "Lampuyang",
  "kodepos" : "23391"
}, {
  "kecamatan" : "Pulo Aceh",
  "kelurahan" : "Alue Reuyeueng (Riyeung)",
  "kodepos" : "23391"
}, {
  "kecamatan" : "Pulo Aceh",
  "kelurahan" : "Blang Situngkoh",
  "kodepos" : "23391"
}, {
  "kecamatan" : "Pulo Aceh",
  "kelurahan" : "Alue Raya",
  "kodepos" : "23391"
}, {
  "kecamatan" : "Mesjid Raya",
  "kelurahan" : "Ruyung",
  "kodepos" : "23381"
}, {
  "kecamatan" : "Mesjid Raya",
  "kelurahan" : "Paya Kameng",
  "kodepos" : "23381"
}, {
  "kecamatan" : "Mesjid Raya",
  "kelurahan" : "Neuheun",
  "kodepos" : "23381"
}, {
  "kecamatan" : "Mesjid Raya",
  "kelurahan" : "Meunasah Mon",
  "kodepos" : "23381"
}, {
  "kecamatan" : "Mesjid Raya",
  "kelurahan" : "Meunasah Kulam",
  "kodepos" : "23381"
}, {
  "kecamatan" : "Mesjid Raya",
  "kelurahan" : "Meunasah Keudee",
  "kodepos" : "23381"
}, {
  "kecamatan" : "Mesjid Raya",
  "kelurahan" : "Lamnga",
  "kodepos" : "23381"
}, {
  "kecamatan" : "Mesjid Raya",
  "kelurahan" : "Lam Reh",
  "kodepos" : "23381"
}, {
  "kecamatan" : "Mesjid Raya",
  "kelurahan" : "Ladong",
  "kodepos" : "23381"
}, {
  "kecamatan" : "Mesjid Raya",
  "kelurahan" : "Gampong Baro",
  "kodepos" : "23381"
}, {
  "kecamatan" : "Mesjid Raya",
  "kelurahan" : "Ie Seu Um",
  "kodepos" : "23381"
}, {
  "kecamatan" : "Mesjid Raya",
  "kelurahan" : "Durung",
  "kodepos" : "23381"
}, {
  "kecamatan" : "Mesjid Raya",
  "kelurahan" : "Beurandeh",
  "kodepos" : "23381"
}, {
  "kecamatan" : "Darussalam",
  "kelurahan" : "Tungkop",
  "kodepos" : "23373"
}, {
  "kecamatan" : "Darussalam",
  "kelurahan" : "Tanjung Deyah",
  "kodepos" : "23373"
}, {
  "kecamatan" : "Darussalam",
  "kelurahan" : "Siem",
  "kodepos" : "23373"
}, {
  "kecamatan" : "Darussalam",
  "kelurahan" : "Tanjong Seulamat",
  "kodepos" : "23373"
}, {
  "kecamatan" : "Darussalam",
  "kelurahan" : "Seuleu",
  "kodepos" : "23373"
}, {
  "kecamatan" : "Baitussalam",
  "kelurahan" : "Miruk Lam Reudeup",
  "kodepos" : "23373"
}, {
  "kecamatan" : "Darussalam",
  "kelurahan" : "Limpok",
  "kodepos" : "23373"
}, {
  "kecamatan" : "Darussalam",
  "kelurahan" : "Miruek Taman",
  "kodepos" : "23373"
}, {
  "kecamatan" : "Darussalam",
  "kelurahan" : "Lie Eue",
  "kodepos" : "23373"
}, {
  "kecamatan" : "Baitussalam",
  "kelurahan" : "Lampineung",
  "kodepos" : "23373"
}, {
  "kecamatan" : "Darussalam",
  "kelurahan" : "Lambaro Sukon",
  "kodepos" : "23373"
}, {
  "kecamatan" : "Darussalam",
  "kelurahan" : "Lambiheu Siem",
  "kodepos" : "23373"
}, {
  "kecamatan" : "Darussalam",
  "kelurahan" : "Lambada Peukan",
  "kodepos" : "23373"
}, {
  "kecamatan" : "Darussalam",
  "kelurahan" : "Lam Ujong",
  "kodepos" : "23373"
}, {
  "kecamatan" : "Baitussalam",
  "kelurahan" : "Lam Ujong",
  "kodepos" : "23373"
}, {
  "kecamatan" : "Darussalam",
  "kelurahan" : "Lam Reh",
  "kodepos" : "23373"
}, {
  "kecamatan" : "Darussalam",
  "kelurahan" : "Lam Timpeung",
  "kodepos" : "23373"
}, {
  "kecamatan" : "Darussalam",
  "kelurahan" : "Lam Puuk",
  "kodepos" : "23373"
}, {
  "kecamatan" : "Darussalam",
  "kelurahan" : "Lam Puja",
  "kodepos" : "23373"
}, {
  "kecamatan" : "Darussalam",
  "kelurahan" : "Lam Klat",
  "kodepos" : "23373"
}, {
  "kecamatan" : "Darussalam",
  "kelurahan" : "Lam Peudaya",
  "kodepos" : "23373"
}, {
  "kecamatan" : "Darussalam",
  "kelurahan" : "Lam Keunung",
  "kodepos" : "23373"
}, {
  "kecamatan" : "Darussalam",
  "kelurahan" : "Lam Duroy",
  "kodepos" : "23373"
}, {
  "kecamatan" : "Darussalam",
  "kelurahan" : "Lam Gawee",
  "kodepos" : "23373"
}, {
  "kecamatan" : "Darussalam",
  "kelurahan" : "Lam Bitra",
  "kodepos" : "23373"
}, {
  "kecamatan" : "Darussalam",
  "kelurahan" : "Lam Biheu",
  "kodepos" : "23373"
}, {
  "kecamatan" : "Darussalam",
  "kelurahan" : "Lam Asan",
  "kodepos" : "23373"
}, {
  "kecamatan" : "Baitussalam",
  "kelurahan" : "Lam Bada Lhok",
  "kodepos" : "23373"
}, {
  "kecamatan" : "Baitussalam",
  "kelurahan" : "Lam Asan",
  "kodepos" : "23373"
}, {
  "kecamatan" : "Darussalam",
  "kelurahan" : "Krueng Kalee",
  "kodepos" : "23373"
}, {
  "kecamatan" : "Baitussalam",
  "kelurahan" : "Labui",
  "kodepos" : "23373"
}, {
  "kecamatan" : "Baitussalam",
  "kelurahan" : "Klieng Meuria",
  "kodepos" : "23373"
}, {
  "kecamatan" : "Baitussalam",
  "kelurahan" : "Klieng Cot Aron",
  "kodepos" : "23373"
}, {
  "kecamatan" : "Baitussalam",
  "kelurahan" : "Kajhu",
  "kodepos" : "23373"
}, {
  "kecamatan" : "Darussalam",
  "kelurahan" : "Gampong Blang",
  "kodepos" : "23373"
}, {
  "kecamatan" : "Darussalam",
  "kelurahan" : "Gampong Cot",
  "kodepos" : "23373"
}, {
  "kecamatan" : "Baitussalam",
  "kelurahan" : "Cadek",
  "kodepos" : "23373"
}, {
  "kecamatan" : "Baitussalam",
  "kelurahan" : "Cot Paya",
  "kodepos" : "23373"
}, {
  "kecamatan" : "Baitussalam",
  "kelurahan" : "Blang Krueng",
  "kodepos" : "23373"
}, {
  "kecamatan" : "Darussalam",
  "kelurahan" : "Beurabung",
  "kodepos" : "23373"
}, {
  "kecamatan" : "Baitussalam",
  "kelurahan" : "Baet",
  "kodepos" : "23373"
}, {
  "kecamatan" : "Darussalam",
  "kelurahan" : "Angan",
  "kodepos" : "23373"
}, {
  "kecamatan" : "Kuta Baro",
  "kelurahan" : "Tumpok Lampoh",
  "kodepos" : "23372"
}, {
  "kecamatan" : "Kuta Baro",
  "kelurahan" : "Ujong Blang",
  "kodepos" : "23372"
}, {
  "kecamatan" : "Kuta Baro",
  "kelurahan" : "Puuk",
  "kodepos" : "23372"
}, {
  "kecamatan" : "Kuta Baro",
  "kelurahan" : "Rabeu",
  "kodepos" : "23372"
}, {
  "kecamatan" : "Kuta Baro",
  "kelurahan" : "Seupeu",
  "kodepos" : "23372"
}, {
  "kecamatan" : "Kuta Baro",
  "kelurahan" : "Meunasah Bak Trieng",
  "kodepos" : "23372"
}, {
  "kecamatan" : "Blank Bintang",
  "kelurahan" : "Paya Ue (Paya U)",
  "kodepos" : "23372"
}, {
  "kecamatan" : "Kuta Baro",
  "kelurahan" : "Leupung Ulee Alue",
  "kodepos" : "23372"
}, {
  "kecamatan" : "Blank Bintang",
  "kelurahan" : "Meulayo (Melayo)",
  "kodepos" : "23372"
}, {
  "kecamatan" : "Kuta Baro",
  "kelurahan" : "Leupung Mesjid",
  "kodepos" : "23372"
}, {
  "kecamatan" : "Kuta Baro",
  "kelurahan" : "Lamteubee Mon Ara",
  "kodepos" : "23372"
}, {
  "kecamatan" : "Kuta Baro",
  "kelurahan" : "Lamteubee Geupula",
  "kodepos" : "23372"
}, {
  "kecamatan" : "Kota Cot Glie (Kuta Cot Glie)",
  "kelurahan" : "Lamsie (Lamsiem)",
  "kodepos" : "23372"
}, {
  "kecamatan" : "Kuta Baro",
  "kelurahan" : "Lamroh",
  "kodepos" : "23372"
}, {
  "kecamatan" : "Kuta Baro",
  "kelurahan" : "Lampoh Keudee",
  "kodepos" : "23372"
}, {
  "kecamatan" : "Kuta Baro",
  "kelurahan" : "Lampoh Tarom",
  "kodepos" : "23372"
}, {
  "kecamatan" : "Kuta Baro",
  "kelurahan" : "Lampuuk",
  "kodepos" : "23372"
}, {
  "kecamatan" : "Blank Bintang",
  "kelurahan" : "Lamme",
  "kodepos" : "23372"
}, {
  "kecamatan" : "Kuta Baro",
  "kelurahan" : "Lambro Deyah",
  "kodepos" : "23372"
}, {
  "kecamatan" : "Kuta Baro",
  "kelurahan" : "Lamceu",
  "kodepos" : "23372"
}, {
  "kecamatan" : "Kuta Baro",
  "kelurahan" : "Lam Trieng",
  "kodepos" : "23372"
}, {
  "kecamatan" : "Kuta Baro",
  "kelurahan" : "Lambro Bileu",
  "kodepos" : "23372"
}, {
  "kecamatan" : "Kuta Baro",
  "kelurahan" : "Lam Raya",
  "kodepos" : "23372"
}, {
  "kecamatan" : "Kuta Baro",
  "kelurahan" : "Lam Sabang",
  "kodepos" : "23372"
}, {
  "kecamatan" : "Kuta Baro",
  "kelurahan" : "Lam Seunong",
  "kodepos" : "23372"
}, {
  "kecamatan" : "Kuta Baro",
  "kelurahan" : "Lam Glumpang/Geulumpang",
  "kodepos" : "23372"
}, {
  "kecamatan" : "Kuta Baro",
  "kelurahan" : "Lam Neuheun",
  "kodepos" : "23372"
}, {
  "kecamatan" : "Kuta Baro",
  "kelurahan" : "Lam Baet",
  "kodepos" : "23372"
}, {
  "kecamatan" : "Kuta Baro",
  "kelurahan" : "Lam Bunot Paya",
  "kodepos" : "23372"
}, {
  "kecamatan" : "Kuta Baro",
  "kelurahan" : "Lam Bunot Tanoh",
  "kodepos" : "23372"
}, {
  "kecamatan" : "Kuta Baro",
  "kelurahan" : "Lam Asan",
  "kodepos" : "23372"
}, {
  "kecamatan" : "Kuta Baro",
  "kelurahan" : "Lam Alue Cut",
  "kodepos" : "23372"
}, {
  "kecamatan" : "Kuta Baro",
  "kelurahan" : "Lam Alue Raya",
  "kodepos" : "23372"
}, {
  "kecamatan" : "Kuta Baro",
  "kelurahan" : "Gue",
  "kodepos" : "23372"
}, {
  "kecamatan" : "Kuta Baro",
  "kelurahan" : "Krueng Anoi",
  "kodepos" : "23372"
}, {
  "kecamatan" : "Kuta Baro",
  "kelurahan" : "Cucum",
  "kodepos" : "23372"
}, {
  "kecamatan" : "Kuta Baro",
  "kelurahan" : "Deyah",
  "kodepos" : "23372"
}, {
  "kecamatan" : "Kuta Baro",
  "kelurahan" : "Cot Raya",
  "kodepos" : "23372"
}, {
  "kecamatan" : "Kuta Baro",
  "kelurahan" : "Cot Yang",
  "kodepos" : "23372"
}, {
  "kecamatan" : "Blank Bintang",
  "kelurahan" : "Cot Puklat",
  "kodepos" : "23372"
}, {
  "kecamatan" : "Kuta Baro",
  "kelurahan" : "Cot Preh",
  "kodepos" : "23372"
}, {
  "kecamatan" : "Blank Bintang",
  "kelurahan" : "Cot Mon Raya",
  "kodepos" : "23372"
}, {
  "kecamatan" : "Kuta Baro",
  "kelurahan" : "Cot Peutano",
  "kodepos" : "23372"
}, {
  "kecamatan" : "Kuta Baro",
  "kelurahan" : "Cot Mancang",
  "kodepos" : "23372"
}, {
  "kecamatan" : "Kuta Baro",
  "kelurahan" : "Cot Masam",
  "kodepos" : "23372"
}, {
  "kecamatan" : "Blank Bintang",
  "kelurahan" : "Cot Geundreut",
  "kodepos" : "23372"
}, {
  "kecamatan" : "Kuta Baro",
  "kelurahan" : "Cot Lamme",
  "kodepos" : "23372"
}, {
  "kecamatan" : "Kuta Baro",
  "kelurahan" : "Cot Beut",
  "kodepos" : "23372"
}, {
  "kecamatan" : "Kuta Baro",
  "kelurahan" : "Cot Cut",
  "kodepos" : "23372"
}, {
  "kecamatan" : "Kuta Baro",
  "kelurahan" : "Beurangong",
  "kodepos" : "23372"
}, {
  "kecamatan" : "Kuta Baro",
  "kelurahan" : "Bueng Bak Jok",
  "kodepos" : "23372"
}, {
  "kecamatan" : "Kuta Baro",
  "kelurahan" : "Bak Buloh",
  "kodepos" : "23372"
}, {
  "kecamatan" : "Kuta Baro",
  "kelurahan" : "Aron",
  "kodepos" : "23372"
}, {
  "kecamatan" : "Kuta Baro",
  "kelurahan" : "Babah Jurong",
  "kodepos" : "23372"
}, {
  "kecamatan" : "Ingin Jaya",
  "kelurahan" : "Teubang Phui",
  "kodepos" : "23371"
}, {
  "kecamatan" : "Ingin Jaya",
  "kelurahan" : "Ujong XII",
  "kodepos" : "23371"
}, {
  "kecamatan" : "Simpang Tiga",
  "kelurahan" : "Tantuha",
  "kodepos" : "23371"
}, {
  "kecamatan" : "Ingin Jaya",
  "kelurahan" : "Tanjong",
  "kodepos" : "23371"
}, {
  "kecamatan" : "Ingin Jaya",
  "kelurahan" : "Santan",
  "kodepos" : "23371"
}, {
  "kecamatan" : "Ingin Jaya",
  "kelurahan" : "Siron",
  "kodepos" : "23371"
}, {
  "kecamatan" : "Ingin Jaya",
  "kelurahan" : "Pasie Lubok",
  "kodepos" : "23371"
}, {
  "kecamatan" : "Ingin Jaya",
  "kelurahan" : "Reuloh",
  "kodepos" : "23371"
}, {
  "kecamatan" : "Krueng Barona Jaya",
  "kelurahan" : "Rumpet",
  "kodepos" : "23371"
}, {
  "kecamatan" : "Ingin Jaya",
  "kelurahan" : "Pantee",
  "kodepos" : "23371"
}, {
  "kecamatan" : "Ingin Jaya",
  "kelurahan" : "Pasie LG",
  "kodepos" : "23371"
}, {
  "kecamatan" : "Simpang Tiga",
  "kelurahan" : "Nya",
  "kodepos" : "23371"
}, {
  "kecamatan" : "Ingin Jaya",
  "kelurahan" : "Paleuh Pulo",
  "kodepos" : "23371"
}, {
  "kecamatan" : "Simpang Tiga",
  "kelurahan" : "Nya",
  "kodepos" : "23371"
}, {
  "kecamatan" : "Krueng Barona Jaya",
  "kelurahan" : "Miruk",
  "kodepos" : "23371"
}, {
  "kecamatan" : "Ingin Jaya",
  "kelurahan" : "Meunasah Teutong",
  "kodepos" : "23371"
}, {
  "kecamatan" : "Krueng Barona Jaya",
  "kelurahan" : "Meunasah Papeun",
  "kodepos" : "23371"
}, {
  "kecamatan" : "Ingin Jaya",
  "kelurahan" : "Meunasah Manyet",
  "kodepos" : "23371"
}, {
  "kecamatan" : "Krueng Barona Jaya",
  "kelurahan" : "Meunasah Manyang",
  "kodepos" : "23371"
}, {
  "kecamatan" : "Ingin Jaya",
  "kelurahan" : "Meunasah Manyang LG",
  "kodepos" : "23371"
}, {
  "kecamatan" : "Ingin Jaya",
  "kelurahan" : "Meunasah Manyang Pagar Air",
  "kodepos" : "23371"
}, {
  "kecamatan" : "Krueng Barona Jaya",
  "kelurahan" : "Meunasah Intan",
  "kodepos" : "23371"
}, {
  "kecamatan" : "Ingin Jaya",
  "kelurahan" : "Meunasah Krueng",
  "kodepos" : "23371"
}, {
  "kecamatan" : "Ingin Jaya",
  "kelurahan" : "Meunasah Baro",
  "kodepos" : "23371"
}, {
  "kecamatan" : "Ingin Jaya",
  "kelurahan" : "Meunasah Dayah",
  "kodepos" : "23371"
}, {
  "kecamatan" : "Krueng Barona Jaya",
  "kelurahan" : "Lueng Ie",
  "kodepos" : "23371"
}, {
  "kecamatan" : "Krueng Barona Jaya",
  "kelurahan" : "Meunasah Baet",
  "kodepos" : "23371"
}, {
  "kecamatan" : "Krueng Barona Jaya",
  "kelurahan" : "Meunasah Baktrieng",
  "kodepos" : "23371"
}, {
  "kecamatan" : "Ingin Jaya",
  "kelurahan" : "Lhok Sukon",
  "kodepos" : "23371"
}, {
  "kecamatan" : "Ingin Jaya",
  "kelurahan" : "Lubok Gapuy",
  "kodepos" : "23371"
}, {
  "kecamatan" : "Ingin Jaya",
  "kelurahan" : "Lubuk Batee",
  "kodepos" : "23371"
}, {
  "kecamatan" : "Ingin Jaya",
  "kelurahan" : "Lampreh L. Teungoh",
  "kodepos" : "23371"
}, {
  "kecamatan" : "Ingin Jaya",
  "kelurahan" : "Lampreh Lam Jamprok",
  "kodepos" : "23371"
}, {
  "kecamatan" : "Krueng Barona Jaya",
  "kelurahan" : "Lampermei (Lampermee)",
  "kodepos" : "23371"
}, {
  "kecamatan" : "Simpang Tiga",
  "kelurahan" : "Lamjamee Dayah",
  "kodepos" : "23371"
}, {
  "kecamatan" : "Simpang Tiga",
  "kelurahan" : "Lamjamee Lamkrak",
  "kodepos" : "23371"
}, {
  "kecamatan" : "Ingin Jaya",
  "kelurahan" : "Lambaro",
  "kodepos" : "23371"
}, {
  "kecamatan" : "Ingin Jaya",
  "kelurahan" : "Lamdaya",
  "kodepos" : "23371"
}, {
  "kecamatan" : "Simpang Tiga",
  "kelurahan" : "Lambunot",
  "kodepos" : "23371"
}, {
  "kecamatan" : "Ingin Jaya",
  "kelurahan" : "Lambada",
  "kodepos" : "23371"
}, {
  "kecamatan" : "Simpang Tiga",
  "kelurahan" : "Lam Urit",
  "kodepos" : "23371"
}, {
  "kecamatan" : "Ingin Jaya",
  "kelurahan" : "Lam Ue",
  "kodepos" : "23371"
}, {
  "kecamatan" : "Ingin Jaya",
  "kelurahan" : "Lam Sinyeu",
  "kodepos" : "23371"
}, {
  "kecamatan" : "Ingin Jaya",
  "kelurahan" : "Lam Teungoh",
  "kodepos" : "23371"
}, {
  "kecamatan" : "Ingin Jaya",
  "kelurahan" : "lam Cot",
  "kodepos" : "23371"
}, {
  "kecamatan" : "Krueng Barona Jaya",
  "kelurahan" : "Lam Gapang",
  "kodepos" : "23371"
}, {
  "kecamatan" : "Simpang Tiga",
  "kelurahan" : "Krueng Mak",
  "kodepos" : "23371"
}, {
  "kecamatan" : "Simpang Tiga",
  "kelurahan" : "Lam Batee",
  "kodepos" : "23371"
}, {
  "kecamatan" : "Ingin Jaya",
  "kelurahan" : "Kayee Lee",
  "kodepos" : "23371"
}, {
  "kecamatan" : "Ingin Jaya",
  "kelurahan" : "Jurong Peujeura",
  "kodepos" : "23371"
}, {
  "kecamatan" : "Ingin Jaya",
  "kelurahan" : "Kalut",
  "kodepos" : "23371"
}, {
  "kecamatan" : "Ingin Jaya",
  "kelurahan" : "Gani",
  "kodepos" : "23371"
}, {
  "kecamatan" : "Krueng Barona Jaya",
  "kelurahan" : "Gla Deyah",
  "kodepos" : "23371"
}, {
  "kecamatan" : "Krueng Barona Jaya",
  "kelurahan" : "Gla Meunasah Baro",
  "kodepos" : "23371"
}, {
  "kecamatan" : "Ingin Jaya",
  "kelurahan" : "Dham Ceukok",
  "kodepos" : "23371"
}, {
  "kecamatan" : "Ingin Jaya",
  "kelurahan" : "Dham Pulo",
  "kodepos" : "23371"
}, {
  "kecamatan" : "Ingin Jaya",
  "kelurahan" : "Cot Montiwan",
  "kodepos" : "23371"
}, {
  "kecamatan" : "Ingin Jaya",
  "kelurahan" : "Cot Suruy",
  "kodepos" : "23371"
}, {
  "kecamatan" : "Blank Bintang",
  "kelurahan" : "Cot Madhi/Madi",
  "kodepos" : "23371"
}, {
  "kecamatan" : "Blank Bintang",
  "kelurahan" : "Cot Malem",
  "kodepos" : "23371"
}, {
  "kecamatan" : "Ingin Jaya",
  "kelurahan" : "Cot Bada",
  "kodepos" : "23371"
}, {
  "kecamatan" : "Ingin Jaya",
  "kelurahan" : "Cot Got",
  "kodepos" : "23371"
}, {
  "kecamatan" : "Blank Bintang",
  "kelurahan" : "Cot Karieng",
  "kodepos" : "23371"
}, {
  "kecamatan" : "Ingin Jaya",
  "kelurahan" : "Bung Ceukok",
  "kodepos" : "23371"
}, {
  "kecamatan" : "Ingin Jaya",
  "kelurahan" : "Cot Alue",
  "kodepos" : "23371"
}, {
  "kecamatan" : "Blank Bintang",
  "kelurahan" : "Bueng Sidom",
  "kodepos" : "23371"
}, {
  "kecamatan" : "Simpang Tiga",
  "kelurahan" : "Blang Miro",
  "kodepos" : "23371"
}, {
  "kecamatan" : "Simpang Tiga",
  "kelurahan" : "Blang Preh",
  "kodepos" : "23371"
}, {
  "kecamatan" : "Ingin Jaya",
  "kelurahan" : "Bineeh Blang",
  "kodepos" : "23371"
}, {
  "kecamatan" : "Simpang Tiga",
  "kelurahan" : "Bantee Linteung",
  "kodepos" : "23371"
}, {
  "kecamatan" : "Simpang Tiga",
  "kelurahan" : "Bha Ulee Tutu",
  "kodepos" : "23371"
}, {
  "kecamatan" : "Ingin Jaya",
  "kelurahan" : "Bada",
  "kodepos" : "23371"
}, {
  "kecamatan" : "Ingin Jaya",
  "kelurahan" : "Bakoy",
  "kodepos" : "23371"
}, {
  "kecamatan" : "Ingin Jaya",
  "kelurahan" : "Ateuk Lueng Ie",
  "kodepos" : "23371"
}, {
  "kecamatan" : "Simpang Tiga",
  "kelurahan" : "Ateuk Mon Panah",
  "kodepos" : "23371"
}, {
  "kecamatan" : "Simpang Tiga",
  "kelurahan" : "Ateuk Lam Puot",
  "kodepos" : "23371"
}, {
  "kecamatan" : "Simpang Tiga",
  "kelurahan" : "Ateuk Lam Ura",
  "kodepos" : "23371"
}, {
  "kecamatan" : "Simpang Tiga",
  "kelurahan" : "Ateuk Lamphang",
  "kodepos" : "23371"
}, {
  "kecamatan" : "Simpang Tiga",
  "kelurahan" : "Ateuk Blang Asan",
  "kodepos" : "23371"
}, {
  "kecamatan" : "Simpang Tiga",
  "kelurahan" : "Ateuk Cut",
  "kodepos" : "23371"
}, {
  "kecamatan" : "Ingin Jaya",
  "kelurahan" : "Ajee Rayeuk",
  "kodepos" : "23371"
}, {
  "kecamatan" : "Ingin Jaya",
  "kelurahan" : "Ateuk Anggok",
  "kodepos" : "23371"
}, {
  "kecamatan" : "Ingin Jaya",
  "kelurahan" : "Ajee Pagar Air",
  "kodepos" : "23371"
}, {
  "kecamatan" : "Indrapuri",
  "kelurahan" : "Ulee Oe",
  "kodepos" : "23363"
}, {
  "kecamatan" : "Ingin Jaya",
  "kelurahan" : "Ajee Cut",
  "kodepos" : "23371"
}, {
  "kecamatan" : "Indrapuri",
  "kelurahan" : "Ulee Kareung",
  "kodepos" : "23363"
}, {
  "kecamatan" : "Kota Cot Glie (Kuta Cot Glie)",
  "kelurahan" : "Tutui/Tutue",
  "kodepos" : "23363"
}, {
  "kecamatan" : "Kota Malaka (Kuta Malaka)",
  "kelurahan" : "Teudayah",
  "kodepos" : "23363"
}, {
  "kecamatan" : "Kota Malaka (Kuta Malaka)",
  "kelurahan" : "Tumbo Baro",
  "kodepos" : "23363"
}, {
  "kecamatan" : "Kota Cot Glie (Kuta Cot Glie)",
  "kelurahan" : "Siron Blang",
  "kodepos" : "23363"
}, {
  "kecamatan" : "Kota Cot Glie (Kuta Cot Glie)",
  "kelurahan" : "Siron Krueng",
  "kodepos" : "23363"
}, {
  "kecamatan" : "Indrapuri",
  "kelurahan" : "Sihom Cot",
  "kodepos" : "23363"
}, {
  "kecamatan" : "Indrapuri",
  "kelurahan" : "Sihom Lhok",
  "kodepos" : "23363"
}, {
  "kecamatan" : "Indrapuri",
  "kelurahan" : "Sinyeu",
  "kodepos" : "23363"
}, {
  "kecamatan" : "Kota Cot Glie (Kuta Cot Glie)",
  "kelurahan" : "Sigapang",
  "kodepos" : "23363"
}, {
  "kecamatan" : "Indrapuri",
  "kelurahan" : "Seulangai",
  "kodepos" : "23363"
}, {
  "kecamatan" : "Indrapuri",
  "kelurahan" : "Seureumo",
  "kodepos" : "23363"
}, {
  "kecamatan" : "Indrapuri",
  "kelurahan" : "Seot/Seuot Baroh",
  "kodepos" : "23363"
}, {
  "kecamatan" : "Indrapuri",
  "kelurahan" : "Seot/Seuot Tunong",
  "kodepos" : "23363"
}, {
  "kecamatan" : "Indrapuri",
  "kelurahan" : "Riting",
  "kodepos" : "23363"
}, {
  "kecamatan" : "Kota Malaka (Kuta Malaka)",
  "kelurahan" : "Reuleung Geulumpang",
  "kodepos" : "23363"
}, {
  "kecamatan" : "Kota Malaka (Kuta Malaka)",
  "kelurahan" : "Reuleung Karieng",
  "kodepos" : "23363"
}, {
  "kecamatan" : "Indrapuri",
  "kelurahan" : "Reukih Dayah",
  "kodepos" : "23363"
}, {
  "kecamatan" : "Indrapuri",
  "kelurahan" : "Reukih Keupula",
  "kodepos" : "23363"
}, {
  "kecamatan" : "Kota Cot Glie (Kuta Cot Glie)",
  "kelurahan" : "Pasar Lampakuk",
  "kodepos" : "23363"
}, {
  "kecamatan" : "Indrapuri",
  "kelurahan" : "Pasar Indrapuri",
  "kodepos" : "23363"
}, {
  "kecamatan" : "Kota Cot Glie (Kuta Cot Glie)",
  "kelurahan" : "Pakuk",
  "kodepos" : "23363"
}, {
  "kecamatan" : "Indrapuri",
  "kelurahan" : "Mureu Ulee Titi",
  "kodepos" : "23363"
}, {
  "kecamatan" : "Indrapuri",
  "kelurahan" : "Mureu Baro",
  "kodepos" : "23363"
}, {
  "kecamatan" : "Indrapuri",
  "kelurahan" : "Mureu Bueng-Ue",
  "kodepos" : "23363"
}, {
  "kecamatan" : "Indrapuri",
  "kelurahan" : "Mureu Lam Glumpang",
  "kodepos" : "23363"
}, {
  "kecamatan" : "Indrapuri",
  "kelurahan" : "Meusalee Lhok",
  "kodepos" : "23363"
}, {
  "kecamatan" : "Indrapuri",
  "kelurahan" : "Mon Alue",
  "kodepos" : "23363"
}, {
  "kecamatan" : "Indrapuri",
  "kelurahan" : "Meunara",
  "kodepos" : "23363"
}, {
  "kecamatan" : "Indrapuri",
  "kelurahan" : "Manggra",
  "kodepos" : "23363"
}, {
  "kecamatan" : "Kota Cot Glie (Kuta Cot Glie)",
  "kelurahan" : "Maheng",
  "kodepos" : "23363"
}, {
  "kecamatan" : "Kota Malaka (Kuta Malaka)",
  "kelurahan" : "Lubok Batee",
  "kodepos" : "23363"
}, {
  "kecamatan" : "Kota Malaka (Kuta Malaka)",
  "kelurahan" : "Lubok Buni",
  "kodepos" : "23363"
}, {
  "kecamatan" : "Indrapuri",
  "kelurahan" : "Lingom",
  "kodepos" : "23363"
}, {
  "kecamatan" : "Indrapuri",
  "kelurahan" : "Limo Lamluweung (Lamlueng)",
  "kodepos" : "23363"
}, {
  "kecamatan" : "Indrapuri",
  "kelurahan" : "Limo Mesjid",
  "kodepos" : "23363"
}, {
  "kecamatan" : "Indrapuri",
  "kelurahan" : "Lheue Jeumpa",
  "kodepos" : "23363"
}, {
  "kecamatan" : "Indrapuri",
  "kelurahan" : "Limo Blang",
  "kodepos" : "23363"
}, {
  "kecamatan" : "Kota Malaka (Kuta Malaka)",
  "kelurahan" : "Leupung Riwat",
  "kodepos" : "23363"
}, {
  "kecamatan" : "Kota Malaka (Kuta Malaka)",
  "kelurahan" : "Leupung Cut",
  "kodepos" : "23363"
}, {
  "kecamatan" : "Kota Malaka (Kuta Malaka)",
  "kelurahan" : "Leupung Rayeuk",
  "kodepos" : "23363"
}, {
  "kecamatan" : "Kota Cot Glie (Kuta Cot Glie)",
  "kelurahan" : "Leupung Baleu/Balee",
  "kodepos" : "23363"
}, {
  "kecamatan" : "Kota Cot Glie (Kuta Cot Glie)",
  "kelurahan" : "Leupung Bruk/Bruek",
  "kodepos" : "23363"
}, {
  "kecamatan" : "Kota Cot Glie (Kuta Cot Glie)",
  "kelurahan" : "Lamtui",
  "kodepos" : "23363"
}, {
  "kecamatan" : "Indrapuri",
  "kelurahan" : "Lampupok Baro",
  "kodepos" : "23363"
}, {
  "kecamatan" : "Indrapuri",
  "kelurahan" : "Lampupok Raya",
  "kodepos" : "23363"
}, {
  "kecamatan" : "Kota Malaka (Kuta Malaka)",
  "kelurahan" : "Lamsiteh Cot",
  "kodepos" : "23363"
}, {
  "kecamatan" : "Kota Cot Glie (Kuta Cot Glie)",
  "kelurahan" : "Lampoh Raja",
  "kodepos" : "23363"
}, {
  "kecamatan" : "Indrapuri",
  "kelurahan" : "Lampanah Teungoh",
  "kodepos" : "23363"
}, {
  "kecamatan" : "Indrapuri",
  "kelurahan" : "Lampanah Tunong",
  "kodepos" : "23363"
}, {
  "kecamatan" : "Indrapuri",
  "kelurahan" : "Lampanah Ranjo",
  "kodepos" : "23363"
}, {
  "kecamatan" : "Indrapuri",
  "kelurahan" : "Lampanah Baro",
  "kodepos" : "23363"
}, {
  "kecamatan" : "Indrapuri",
  "kelurahan" : "Lampanah Dayah",
  "kodepos" : "23363"
}, {
  "kecamatan" : "Kota Cot Glie (Kuta Cot Glie)",
  "kelurahan" : "Lampakuk",
  "kodepos" : "23363"
}, {
  "kecamatan" : "Indrapuri",
  "kelurahan" : "Lamleubok",
  "kodepos" : "23363"
}, {
  "kecamatan" : "Kota Malaka (Kuta Malaka)",
  "kelurahan" : "Lambaro Samahani",
  "kodepos" : "23363"
}, {
  "kecamatan" : "Indrapuri",
  "kelurahan" : "Lam Siot",
  "kodepos" : "23363"
}, {
  "kecamatan" : "Indrapuri",
  "kelurahan" : "Lambunot",
  "kodepos" : "23363"
}, {
  "kecamatan" : "Kota Cot Glie (Kuta Cot Glie)",
  "kelurahan" : "Lam Leupung",
  "kodepos" : "23363"
}, {
  "kecamatan" : "Indrapuri",
  "kelurahan" : "Lam Lueng",
  "kodepos" : "23363"
}, {
  "kecamatan" : "Kota Cot Glie (Kuta Cot Glie)",
  "kelurahan" : "Lam Kleng/Kleeng",
  "kodepos" : "23363"
}, {
  "kecamatan" : "Kota Cot Glie (Kuta Cot Glie)",
  "kelurahan" : "Lam Leuot",
  "kodepos" : "23363"
}, {
  "kecamatan" : "Indrapuri",
  "kelurahan" : "Lam Ilie Teungoh",
  "kodepos" : "23363"
}, {
  "kecamatan" : "Indrapuri",
  "kelurahan" : "Lam Beutong",
  "kodepos" : "23363"
}, {
  "kecamatan" : "Indrapuri",
  "kelurahan" : "Lam Ilie Ganto",
  "kodepos" : "23363"
}, {
  "kecamatan" : "Indrapuri",
  "kelurahan" : "Lam Ilie Mesjid",
  "kodepos" : "23363"
}, {
  "kecamatan" : "Kota Cot Glie (Kuta Cot Glie)",
  "kelurahan" : "Lam Beugak",
  "kodepos" : "23363"
}, {
  "kecamatan" : "Kota Malaka (Kuta Malaka)",
  "kelurahan" : "Lam Ara Tunong",
  "kodepos" : "23363"
}, {
  "kecamatan" : "Kota Malaka (Kuta Malaka)",
  "kelurahan" : "Lam Ara Cut",
  "kodepos" : "23363"
}, {
  "kecamatan" : "Kota Malaka (Kuta Malaka)",
  "kelurahan" : "Lam Ara Engkit",
  "kodepos" : "23363"
}, {
  "kecamatan" : "Indrapuri",
  "kelurahan" : "Krueng Lamkareung",
  "kodepos" : "23363"
}, {
  "kecamatan" : "Kota Cot Glie (Kuta Cot Glie)",
  "kelurahan" : "Lam Aling/Alieng",
  "kodepos" : "23363"
}, {
  "kecamatan" : "Kota Cot Glie (Kuta Cot Glie)",
  "kelurahan" : "Keumireu",
  "kodepos" : "23363"
}, {
  "kecamatan" : "Kota Cot Glie (Kuta Cot Glie)",
  "kelurahan" : "Keuruweung Blang",
  "kodepos" : "23363"
}, {
  "kecamatan" : "Kota Cot Glie (Kuta Cot Glie)",
  "kelurahan" : "Keuruweung Krueng",
  "kodepos" : "23363"
}, {
  "kecamatan" : "Indrapuri",
  "kelurahan" : "Jruek Bak Kreh",
  "kodepos" : "23363"
}, {
  "kecamatan" : "Indrapuri",
  "kelurahan" : "Jruek Balee",
  "kodepos" : "23363"
}, {
  "kecamatan" : "Kota Cot Glie (Kuta Cot Glie)",
  "kelurahan" : "Ie Alang Lam Kreumeuh (Keureumeun)",
  "kodepos" : "23363"
}, {
  "kecamatan" : "Kota Cot Glie (Kuta Cot Glie)",
  "kelurahan" : "Ie Alang Mesjid",
  "kodepos" : "23363"
}, {
  "kecamatan" : "Indrapuri",
  "kelurahan" : "Indrapuri",
  "kodepos" : "23363"
}, {
  "kecamatan" : "Kota Cot Glie (Kuta Cot Glie)",
  "kelurahan" : "Ie Alang Dayah",
  "kodepos" : "23363"
}, {
  "kecamatan" : "Kota Cot Glie (Kuta Cot Glie)",
  "kelurahan" : "Ie Alang Lam Ghui",
  "kodepos" : "23363"
}, {
  "kecamatan" : "Indrapuri",
  "kelurahan" : "Grot Meunasah Baro",
  "kodepos" : "23363"
}, {
  "kecamatan" : "Indrapuri",
  "kelurahan" : "Grot Meunasah Blang",
  "kodepos" : "23363"
}, {
  "kecamatan" : "Indrapuri",
  "kelurahan" : "Grot Meunasah Manyang",
  "kodepos" : "23363"
}, {
  "kecamatan" : "Kota Cot Glie (Kuta Cot Glie)",
  "kelurahan" : "Glee Jai",
  "kodepos" : "23363"
}, {
  "kecamatan" : "Indrapuri",
  "kelurahan" : "Empee Ara",
  "kodepos" : "23363"
}, {
  "kecamatan" : "Indrapuri",
  "kelurahan" : "Cot Kareung",
  "kodepos" : "23363"
}, {
  "kecamatan" : "Indrapuri",
  "kelurahan" : "Cureh",
  "kodepos" : "23363"
}, {
  "kecamatan" : "Kota Cot Glie (Kuta Cot Glie)",
  "kelurahan" : "Bueng Simek",
  "kodepos" : "23363"
}, {
  "kecamatan" : "Kota Cot Glie (Kuta Cot Glie)",
  "kelurahan" : "Cot Bayu",
  "kodepos" : "23363"
}, {
  "kecamatan" : "Kota Malaka (Kuta Malaka)",
  "kelurahan" : "Bughu",
  "kodepos" : "23363"
}, {
  "kecamatan" : "Kota Cot Glie (Kuta Cot Glie)",
  "kelurahan" : "Bandasafa",
  "kodepos" : "23363"
}, {
  "kecamatan" : "Kota Cot Glie (Kuta Cot Glie)",
  "kelurahan" : "Barih Lhok",
  "kodepos" : "23363"
}, {
  "kecamatan" : "Kota Cot Glie (Kuta Cot Glie)",
  "kelurahan" : "Bithak",
  "kodepos" : "23363"
}, {
  "kecamatan" : "Indrapuri",
  "kelurahan" : "Aneuk Glee",
  "kodepos" : "23363"
}, {
  "kecamatan" : "Kota Cot Glie (Kuta Cot Glie)",
  "kelurahan" : "Bak Sukon",
  "kodepos" : "23363"
}, {
  "kecamatan" : "Mantasiek (Montasik)",
  "kelurahan" : "Wue Lhok",
  "kodepos" : "23362"
}, {
  "kecamatan" : "Mantasiek (Montasik)",
  "kelurahan" : "Warabo",
  "kodepos" : "23362"
}, {
  "kecamatan" : "Mantasiek (Montasik)",
  "kelurahan" : "Weu Bada",
  "kodepos" : "23362"
}, {
  "kecamatan" : "Mantasiek (Montasik)",
  "kelurahan" : "Weu Krueng",
  "kodepos" : "23362"
}, {
  "kecamatan" : "Mantasiek (Montasik)",
  "kelurahan" : "Teubang Phui Mesjid",
  "kodepos" : "23362"
}, {
  "kecamatan" : "Mantasiek (Montasik)",
  "kelurahan" : "Ulee Lhat",
  "kodepos" : "23362"
}, {
  "kecamatan" : "Blank Bintang",
  "kelurahan" : "Teupin Batee",
  "kodepos" : "23362"
}, {
  "kecamatan" : "Mantasiek (Montasik)",
  "kelurahan" : "Seuban Lhok",
  "kodepos" : "23362"
}, {
  "kecamatan" : "Mantasiek (Montasik)",
  "kelurahan" : "Seumeut",
  "kodepos" : "23362"
}, {
  "kecamatan" : "Mantasiek (Montasik)",
  "kelurahan" : "Teubang Phui Baro",
  "kodepos" : "23362"
}, {
  "kecamatan" : "Mantasiek (Montasik)",
  "kelurahan" : "Piyeung Manee",
  "kodepos" : "23362"
}, {
  "kecamatan" : "Mantasiek (Montasik)",
  "kelurahan" : "Reudeup",
  "kodepos" : "23362"
}, {
  "kecamatan" : "Mantasiek (Montasik)",
  "kelurahan" : "Seuban Cot",
  "kodepos" : "23362"
}, {
  "kecamatan" : "Mantasiek (Montasik)",
  "kelurahan" : "Peyeung Datu",
  "kodepos" : "23362"
}, {
  "kecamatan" : "Mantasiek (Montasik)",
  "kelurahan" : "Piyeng Kuweu",
  "kodepos" : "23362"
}, {
  "kecamatan" : "Mantasiek (Montasik)",
  "kelurahan" : "Piyeung Lhang",
  "kodepos" : "23362"
}, {
  "kecamatan" : "Mantasiek (Montasik)",
  "kelurahan" : "Meunasah Tutong",
  "kodepos" : "23362"
}, {
  "kecamatan" : "Mantasiek (Montasik)",
  "kelurahan" : "Mon Ara",
  "kodepos" : "23362"
}, {
  "kecamatan" : "Mantasiek (Montasik)",
  "kelurahan" : "Peurumping",
  "kodepos" : "23362"
}, {
  "kecamatan" : "Mantasiek (Montasik)",
  "kelurahan" : "Mata Ie",
  "kodepos" : "23362"
}, {
  "kecamatan" : "Mantasiek (Montasik)",
  "kelurahan" : "Lampaseh Krueng",
  "kodepos" : "23362"
}, {
  "kecamatan" : "Mantasiek (Montasik)",
  "kelurahan" : "Lampaseh Lhok",
  "kodepos" : "23362"
}, {
  "kecamatan" : "Blank Bintang",
  "kelurahan" : "Lam Siem",
  "kodepos" : "23362"
}, {
  "kecamatan" : "Mantasiek (Montasik)",
  "kelurahan" : "Lam Raya",
  "kodepos" : "23362"
}, {
  "kecamatan" : "Mantasiek (Montasik)",
  "kelurahan" : "Lamme Garot",
  "kodepos" : "23362"
}, {
  "kecamatan" : "Blank Bintang",
  "kelurahan" : "Kayee Kunyet",
  "kodepos" : "23362"
}, {
  "kecamatan" : "Mantasiek (Montasik)",
  "kelurahan" : "Lam Nga",
  "kodepos" : "23362"
}, {
  "kecamatan" : "Blank Bintang",
  "kelurahan" : "Kampung Blang",
  "kodepos" : "23362"
}, {
  "kecamatan" : "Mantasiek (Montasik)",
  "kelurahan" : "Empee Tunong",
  "kodepos" : "23362"
}, {
  "kecamatan" : "Mantasiek (Montasik)",
  "kelurahan" : "Gampong Baroh",
  "kodepos" : "23362"
}, {
  "kecamatan" : "Blank Bintang",
  "kelurahan" : "Empee Bata",
  "kodepos" : "23362"
}, {
  "kecamatan" : "Mantasiek (Montasik)",
  "kelurahan" : "Cot Seunong",
  "kodepos" : "23362"
}, {
  "kecamatan" : "Mantasiek (Montasik)",
  "kelurahan" : "Dayah Daboh",
  "kodepos" : "23362"
}, {
  "kecamatan" : "Blank Bintang",
  "kelurahan" : "Data Makmur",
  "kodepos" : "23362"
}, {
  "kecamatan" : "Blank Bintang",
  "kelurahan" : "Cot Rumpun",
  "kodepos" : "23362"
}, {
  "kecamatan" : "Blank Bintang",
  "kelurahan" : "Cot Sayun",
  "kodepos" : "23362"
}, {
  "kecamatan" : "Blank Bintang",
  "kelurahan" : "Cot Mancang",
  "kodepos" : "23362"
}, {
  "kecamatan" : "Blank Bintang",
  "kelurahan" : "Cot Meulangen",
  "kodepos" : "23362"
}, {
  "kecamatan" : "Blank Bintang",
  "kelurahan" : "Cot Nambak",
  "kodepos" : "23362"
}, {
  "kecamatan" : "Blank Bintang",
  "kelurahan" : "Cot Leu-Ot",
  "kodepos" : "23362"
}, {
  "kecamatan" : "Mantasiek (Montasik)",
  "kelurahan" : "Cot Lampoh Soh",
  "kodepos" : "23362"
}, {
  "kecamatan" : "Mantasiek (Montasik)",
  "kelurahan" : "Cot Lhok",
  "kodepos" : "23362"
}, {
  "kecamatan" : "Blank Bintang",
  "kelurahan" : "Cot Bagie",
  "kodepos" : "23362"
}, {
  "kecamatan" : "Blank Bintang",
  "kelurahan" : "Cot Ho-Ho",
  "kodepos" : "23362"
}, {
  "kecamatan" : "Blank Bintang",
  "kelurahan" : "Cot Jambo",
  "kodepos" : "23362"
}, {
  "kecamatan" : "Mantasiek (Montasik)",
  "kelurahan" : "Bung Raya",
  "kodepos" : "23362"
}, {
  "kecamatan" : "Mantasiek (Montasik)",
  "kelurahan" : "Bung Tujuh",
  "kodepos" : "23362"
}, {
  "kecamatan" : "Mantasiek (Montasik)",
  "kelurahan" : "Bira Lhok",
  "kodepos" : "23362"
}, {
  "kecamatan" : "Mantasiek (Montasik)",
  "kelurahan" : "Bung Daroh",
  "kodepos" : "23362"
}, {
  "kecamatan" : "Blank Bintang",
  "kelurahan" : "Bueng Pageu",
  "kodepos" : "23362"
}, {
  "kecamatan" : "Mantasiek (Montasik)",
  "kelurahan" : "Bak Cirih",
  "kodepos" : "23362"
}, {
  "kecamatan" : "Mantasiek (Montasik)",
  "kelurahan" : "Bak Dilib",
  "kodepos" : "23362"
}, {
  "kecamatan" : "Mantasiek (Montasik)",
  "kelurahan" : "Bira Cot",
  "kodepos" : "23362"
}, {
  "kecamatan" : "Mantasiek (Montasik)",
  "kelurahan" : "Alue",
  "kodepos" : "23362"
}, {
  "kecamatan" : "Mantasiek (Montasik)",
  "kelurahan" : "Atong",
  "kodepos" : "23362"
}, {
  "kecamatan" : "Suka Makmur",
  "kelurahan" : "Tampok Jeurat Raya",
  "kodepos" : "23361"
}, {
  "kecamatan" : "Suka Makmur",
  "kelurahan" : "Weusiteh",
  "kodepos" : "23361"
}, {
  "kecamatan" : "Suka Makmur",
  "kelurahan" : "Sibreh Keumudee",
  "kodepos" : "23361"
}, {
  "kecamatan" : "Suka Makmur",
  "kelurahan" : "Tampok Blang",
  "kodepos" : "23361"
}, {
  "kecamatan" : "Suka Makmur",
  "kelurahan" : "Reuhat Tuha",
  "kodepos" : "23361"
}, {
  "kecamatan" : "Suka Makmur",
  "kelurahan" : "Seumeureung",
  "kodepos" : "23361"
}, {
  "kecamatan" : "Suka Makmur",
  "kelurahan" : "Panterawa",
  "kodepos" : "23361"
}, {
  "kecamatan" : "Suka Makmur",
  "kelurahan" : "Niron",
  "kodepos" : "23361"
}, {
  "kecamatan" : "Suka Makmur",
  "kelurahan" : "Luthu Lamweu",
  "kodepos" : "23361"
}, {
  "kecamatan" : "Suka Makmur",
  "kelurahan" : "Meunasah Bakthu",
  "kodepos" : "23361"
}, {
  "kecamatan" : "Suka Makmur",
  "kelurahan" : "Meunasah Tuha",
  "kodepos" : "23361"
}, {
  "kecamatan" : "Suka Makmur",
  "kelurahan" : "Lamteh Dayah",
  "kodepos" : "23361"
}, {
  "kecamatan" : "Suka Makmur",
  "kelurahan" : "Luthu Dayah Krueng",
  "kodepos" : "23361"
}, {
  "kecamatan" : "Suka Makmur",
  "kelurahan" : "Lampanah Ineu",
  "kodepos" : "23361"
}, {
  "kecamatan" : "Suka Makmur",
  "kelurahan" : "Lampisang",
  "kodepos" : "23361"
}, {
  "kecamatan" : "Suka Makmur",
  "kelurahan" : "Lamgeu Baro",
  "kodepos" : "23361"
}, {
  "kecamatan" : "Suka Makmur",
  "kelurahan" : "Lamgeu Tuha",
  "kodepos" : "23361"
}, {
  "kecamatan" : "Suka Makmur",
  "kelurahan" : "Lambarih Jurong Raya",
  "kodepos" : "23361"
}, {
  "kecamatan" : "Suka Makmur",
  "kelurahan" : "Lambaro Sibreh",
  "kodepos" : "23361"
}, {
  "kecamatan" : "Suka Makmur",
  "kelurahan" : "Lambirah",
  "kodepos" : "23361"
}, {
  "kecamatan" : "Suka Makmur",
  "kelurahan" : "Lambarih Bak Mee",
  "kodepos" : "23361"
}, {
  "kecamatan" : "Suka Makmur",
  "kelurahan" : "Lam Tanjong",
  "kodepos" : "23361"
}, {
  "kecamatan" : "Suka Makmur",
  "kelurahan" : "Kayee Adang",
  "kodepos" : "23361"
}, {
  "kecamatan" : "Suka Makmur",
  "kelurahan" : "Klieng Manyang",
  "kodepos" : "23361"
}, {
  "kecamatan" : "Suka Makmur",
  "kelurahan" : "Lam Lheu",
  "kodepos" : "23361"
}, {
  "kecamatan" : "Suka Makmur",
  "kelurahan" : "Dilib Lamteungoh",
  "kodepos" : "23361"
}, {
  "kecamatan" : "Suka Makmur",
  "kelurahan" : "Blang Cot/Cut",
  "kodepos" : "23361"
}, {
  "kecamatan" : "Suka Makmur",
  "kelurahan" : "Bukloh",
  "kodepos" : "23361"
}, {
  "kecamatan" : "Suka Makmur",
  "kelurahan" : "Dilib Bukti",
  "kodepos" : "23361"
}, {
  "kecamatan" : "Suka Makmur",
  "kelurahan" : "Baet Mesjid",
  "kodepos" : "23361"
}, {
  "kecamatan" : "Suka Makmur",
  "kelurahan" : "Baet Meusugo",
  "kodepos" : "23361"
}, {
  "kecamatan" : "Suka Makmur",
  "kelurahan" : "Aneuk Galong Baro",
  "kodepos" : "23361"
}, {
  "kecamatan" : "Suka Makmur",
  "kelurahan" : "Aneuk Galong Titi",
  "kodepos" : "23361"
}, {
  "kecamatan" : "Suka Makmur",
  "kelurahan" : "Baet Lampuot",
  "kodepos" : "23361"
}, {
  "kecamatan" : "Lhoong",
  "kelurahan" : "Utamong",
  "kodepos" : "23354"
}, {
  "kecamatan" : "Suka Makmur",
  "kelurahan" : "Aneuk Batee",
  "kodepos" : "23361"
}, {
  "kecamatan" : "Lhoong",
  "kelurahan" : "Umong Seurebee",
  "kodepos" : "23354"
}, {
  "kecamatan" : "Lhoong",
  "kelurahan" : "Tunong Krueng Kala",
  "kodepos" : "23354"
}, {
  "kecamatan" : "Lhoong",
  "kelurahan" : "Sengko Meulat",
  "kodepos" : "23354"
}, {
  "kecamatan" : "Lhoong",
  "kelurahan" : "Teungoh Blang Mee",
  "kodepos" : "23354"
}, {
  "kecamatan" : "Lhoong",
  "kelurahan" : "Teungoh Geunteut",
  "kodepos" : "23354"
}, {
  "kecamatan" : "Lhoong",
  "kelurahan" : "Pudeng",
  "kodepos" : "23354"
}, {
  "kecamatan" : "Lhoong",
  "kelurahan" : "Saney",
  "kodepos" : "23354"
}, {
  "kecamatan" : "Lhoong",
  "kelurahan" : "Mon Mata",
  "kodepos" : "23354"
}, {
  "kecamatan" : "Lhoong",
  "kelurahan" : "Paroy",
  "kodepos" : "23354"
}, {
  "kecamatan" : "Lhoong",
  "kelurahan" : "Pasie",
  "kodepos" : "23354"
}, {
  "kecamatan" : "Lhoong",
  "kelurahan" : "Meunasah Krueng Kala",
  "kodepos" : "23354"
}, {
  "kecamatan" : "Lhoong",
  "kelurahan" : "Meunasah Lhok",
  "kodepos" : "23354"
}, {
  "kecamatan" : "Lhoknga (Lho'nga)",
  "kelurahan" : "Lampaya",
  "kodepos" : "23354"
}, {
  "kecamatan" : "Lhoong",
  "kelurahan" : "Lam Kuta Blang Mee",
  "kodepos" : "23354"
}, {
  "kecamatan" : "Lhoong",
  "kelurahan" : "Lam Sujen",
  "kodepos" : "23354"
}, {
  "kecamatan" : "Lhoong",
  "kelurahan" : "Lam Juhang",
  "kodepos" : "23354"
}, {
  "kecamatan" : "Lhoong",
  "kelurahan" : "Keutapang",
  "kodepos" : "23354"
}, {
  "kecamatan" : "Lhoong",
  "kelurahan" : "Lam Griheu",
  "kodepos" : "23354"
}, {
  "kecamatan" : "Lhoong",
  "kelurahan" : "Jantang",
  "kodepos" : "23354"
}, {
  "kecamatan" : "Lhoong",
  "kelurahan" : "Kareung",
  "kodepos" : "23354"
}, {
  "kecamatan" : "Lhoong",
  "kelurahan" : "Gapuy",
  "kodepos" : "23354"
}, {
  "kecamatan" : "Lhoong",
  "kelurahan" : "Glee Bruek",
  "kodepos" : "23354"
}, {
  "kecamatan" : "Lhoong",
  "kelurahan" : "Cot",
  "kodepos" : "23354"
}, {
  "kecamatan" : "Lhoong",
  "kelurahan" : "Cundin",
  "kodepos" : "23354"
}, {
  "kecamatan" : "Lhoong",
  "kelurahan" : "Birek",
  "kodepos" : "23354"
}, {
  "kecamatan" : "Lhoong",
  "kelurahan" : "Baroh Krueng Kala",
  "kodepos" : "23354"
}, {
  "kecamatan" : "Lhoong",
  "kelurahan" : "Baroh Genteut",
  "kodepos" : "23354"
}, {
  "kecamatan" : "Lhoong",
  "kelurahan" : "Baroh Blang Mee",
  "kodepos" : "23354"
}, {
  "kecamatan" : "Lhoknga (Lho'nga)",
  "kelurahan" : "Weu Raya",
  "kodepos" : "23353"
}, {
  "kecamatan" : "Lhoknga (Lho'nga)",
  "kelurahan" : "Seubun Keutapang",
  "kodepos" : "23353"
}, {
  "kecamatan" : "Lhoknga (Lho'nga)",
  "kelurahan" : "Tanjong",
  "kodepos" : "23353"
}, {
  "kecamatan" : "Lhoknga (Lho'nga)",
  "kelurahan" : "Seubun Ayon",
  "kodepos" : "23353"
}, {
  "kecamatan" : "Leupung",
  "kelurahan" : "Pulot",
  "kodepos" : "23353"
}, {
  "kecamatan" : "Lhoknga (Lho'nga)",
  "kelurahan" : "Naga Umbang",
  "kodepos" : "23353"
}, {
  "kecamatan" : "Lhoknga (Lho'nga)",
  "kelurahan" : "Nusa",
  "kodepos" : "23353"
}, {
  "kecamatan" : "Lhoknga (Lho'nga)",
  "kelurahan" : "Mon Ikeun",
  "kodepos" : "23353"
}, {
  "kecamatan" : "Lhoknga (Lho'nga)",
  "kelurahan" : "Mnsh Mesjid Lam Puuk",
  "kodepos" : "23353"
}, {
  "kecamatan" : "Lhoknga (Lho'nga)",
  "kelurahan" : "Meunasah Mon Cut",
  "kodepos" : "23353"
}, {
  "kecamatan" : "Lhoknga (Lho'nga)",
  "kelurahan" : "Meunasah Mesjid Lamlhom",
  "kodepos" : "23353"
}, {
  "kecamatan" : "Leupung",
  "kelurahan" : "Meunasah Mesjid (Mesjid Leupung)",
  "kodepos" : "23353"
}, {
  "kecamatan" : "Lhoknga (Lho'nga)",
  "kelurahan" : "Meunasah Manyang",
  "kodepos" : "23353"
}, {
  "kecamatan" : "Lhoknga (Lho'nga)",
  "kelurahan" : "Meunasah Lam Girek",
  "kodepos" : "23353"
}, {
  "kecamatan" : "Lhoknga (Lho'nga)",
  "kelurahan" : "Meunasah Karieng",
  "kodepos" : "23353"
}, {
  "kecamatan" : "Lhoknga (Lho'nga)",
  "kelurahan" : "Meunasah Cut",
  "kodepos" : "23353"
}, {
  "kecamatan" : "Lhoknga (Lho'nga)",
  "kelurahan" : "Meunasah Beutong",
  "kodepos" : "23353"
}, {
  "kecamatan" : "Lhoknga (Lho'nga)",
  "kelurahan" : "Meunasah Blang",
  "kodepos" : "23353"
}, {
  "kecamatan" : "Lhoknga (Lho'nga)",
  "kelurahan" : "Meunasah Baro Lamlhom",
  "kodepos" : "23353"
}, {
  "kecamatan" : "Lhoknga (Lho'nga)",
  "kelurahan" : "Meunasah Baro Lam Puuk",
  "kodepos" : "23353"
}, {
  "kecamatan" : "Lhoknga (Lho'nga)",
  "kelurahan" : "Meunasah Balee Lamlhom",
  "kodepos" : "23353"
}, {
  "kecamatan" : "Leupung",
  "kelurahan" : "Meunasah Bak Ue",
  "kodepos" : "23353"
}, {
  "kecamatan" : "Leupung",
  "kelurahan" : "Layeun",
  "kodepos" : "23353"
}, {
  "kecamatan" : "Lhoknga (Lho'nga)",
  "kelurahan" : "Lambaro Seubun",
  "kodepos" : "23353"
}, {
  "kecamatan" : "Leupung",
  "kelurahan" : "Lamsenia (Lamseunia)",
  "kodepos" : "23353"
}, {
  "kecamatan" : "Lhoknga (Lho'nga)",
  "kelurahan" : "Lambaro Kueh",
  "kodepos" : "23353"
}, {
  "kecamatan" : "Lhoknga (Lho'nga)",
  "kelurahan" : "Lam Kruet",
  "kodepos" : "23353"
}, {
  "kecamatan" : "Lhoknga (Lho'nga)",
  "kelurahan" : "Lam Gaboh",
  "kodepos" : "23353"
}, {
  "kecamatan" : "Lhoknga (Lho'nga)",
  "kelurahan" : "Lam Cok",
  "kodepos" : "23353"
}, {
  "kecamatan" : "Lhoknga (Lho'nga)",
  "kelurahan" : "Kueh",
  "kodepos" : "23353"
}, {
  "kecamatan" : "Lhoknga (Lho'nga)",
  "kelurahan" : "Lam Ateuk",
  "kodepos" : "23353"
}, {
  "kecamatan" : "Leupung",
  "kelurahan" : "Deah Mamplam",
  "kodepos" : "23353"
}, {
  "kecamatan" : "Lhoknga (Lho'nga)",
  "kelurahan" : "Ateuk Paya",
  "kodepos" : "23353"
}, {
  "kecamatan" : "Darul Imarah",
  "kelurahan" : "Ulee Tui/Thui",
  "kodepos" : "23352"
}, {
  "kecamatan" : "Darul Imarah",
  "kelurahan" : "Ulee Lueng",
  "kodepos" : "23352"
}, {
  "kecamatan" : "Darul Kamal",
  "kelurahan" : "Turam",
  "kodepos" : "23352"
}, {
  "kecamatan" : "Darul Imarah",
  "kelurahan" : "Tingkeum",
  "kodepos" : "23352"
}, {
  "kecamatan" : "Darul Kamal",
  "kelurahan" : "Teubalui",
  "kodepos" : "23352"
}, {
  "kecamatan" : "Darul Imarah",
  "kelurahan" : "Payaroh",
  "kodepos" : "23352"
}, {
  "kecamatan" : "Darul Imarah",
  "kelurahan" : "Punie",
  "kodepos" : "23352"
}, {
  "kecamatan" : "Darul Imarah",
  "kelurahan" : "Pasheu Beutong",
  "kodepos" : "23352"
}, {
  "kecamatan" : "Darul Kamal",
  "kelurahan" : "Neusok",
  "kodepos" : "23352"
}, {
  "kecamatan" : "Darul Imarah",
  "kelurahan" : "Lheu Blang",
  "kodepos" : "23352"
}, {
  "kecamatan" : "Darul Kamal",
  "kelurahan" : "Manee Dayah",
  "kodepos" : "23352"
}, {
  "kecamatan" : "Darul Kamal",
  "kelurahan" : "Lhang",
  "kodepos" : "23352"
}, {
  "kecamatan" : "Darul Imarah",
  "kelurahan" : "Leu Ue (Mata Ie)",
  "kodepos" : "23352"
}, {
  "kecamatan" : "Darul Imarah",
  "kelurahan" : "Leugeu",
  "kodepos" : "23352"
}, {
  "kecamatan" : "Darul Imarah",
  "kelurahan" : "Lamtheun",
  "kodepos" : "23352"
}, {
  "kecamatan" : "Darul Kamal",
  "kelurahan" : "Lamtadok",
  "kodepos" : "23352"
}, {
  "kecamatan" : "Darul Imarah",
  "kelurahan" : "Lamsiteh",
  "kodepos" : "23352"
}, {
  "kecamatan" : "Darul Kamal",
  "kelurahan" : "Lamsod",
  "kodepos" : "23352"
}, {
  "kecamatan" : "Darul Imarah",
  "kelurahan" : "Lamreung",
  "kodepos" : "23352"
}, {
  "kecamatan" : "Darul Imarah",
  "kelurahan" : "Lamsidaya",
  "kodepos" : "23352"
}, {
  "kecamatan" : "Darul Imarah",
  "kelurahan" : "Lampeuneurut Gampong",
  "kodepos" : "23352"
}, {
  "kecamatan" : "Darul Imarah",
  "kelurahan" : "Lampeuneurut Ujong Blang",
  "kodepos" : "23352"
}, {
  "kecamatan" : "Darul Imarah",
  "kelurahan" : "Lampasi Engking",
  "kodepos" : "23352"
}, {
  "kecamatan" : "Darul Imarah",
  "kelurahan" : "Lampeuneuen",
  "kodepos" : "23352"
}, {
  "kecamatan" : "Darul Kamal",
  "kelurahan" : "Lamkunyet",
  "kodepos" : "23352"
}, {
  "kecamatan" : "Darul Imarah",
  "kelurahan" : "Lamcot",
  "kodepos" : "23352"
}, {
  "kecamatan" : "Darul Kamal",
  "kelurahan" : "Lambatee",
  "kodepos" : "23352"
}, {
  "kecamatan" : "Darul Imarah",
  "kelurahan" : "Lam Kawe",
  "kodepos" : "23352"
}, {
  "kecamatan" : "Darul Kamal",
  "kelurahan" : "Lambaro Biluy",
  "kodepos" : "23352"
}, {
  "kecamatan" : "Darul Imarah",
  "kelurahan" : "Lam Blang Manyang",
  "kodepos" : "23352"
}, {
  "kecamatan" : "Darul Imarah",
  "kelurahan" : "Lam Blang Trieng",
  "kodepos" : "23352"
}, {
  "kecamatan" : "Darul Kamal",
  "kelurahan" : "Lam Bleut",
  "kodepos" : "23352"
}, {
  "kecamatan" : "Darul Imarah",
  "kelurahan" : "Lam Bheu",
  "kodepos" : "23352"
}, {
  "kecamatan" : "Darul Imarah",
  "kelurahan" : "Lagang",
  "kodepos" : "23352"
}, {
  "kecamatan" : "Darul Imarah",
  "kelurahan" : "Kandang",
  "kodepos" : "23352"
}, {
  "kecamatan" : "Darul Imarah",
  "kelurahan" : "Kuta Karang",
  "kodepos" : "23352"
}, {
  "kecamatan" : "Darul Imarah",
  "kelurahan" : "Geundrieng",
  "kodepos" : "23352"
}, {
  "kecamatan" : "Darul Imarah",
  "kelurahan" : "Gue Gajah",
  "kodepos" : "23352"
}, {
  "kecamatan" : "Darul Imarah",
  "kelurahan" : "Jeumpet Ajuen/Ajun",
  "kodepos" : "23352"
}, {
  "kecamatan" : "Darul Kamal",
  "kelurahan" : "Empetring (Empee Trieng)",
  "kodepos" : "23352"
}, {
  "kecamatan" : "Darul Imarah",
  "kelurahan" : "Garot Geuceu",
  "kodepos" : "23352"
}, {
  "kecamatan" : "Darul Imarah",
  "kelurahan" : "Deunong",
  "kodepos" : "23352"
}, {
  "kecamatan" : "Darul Imarah",
  "kelurahan" : "Daroy Kameu",
  "kodepos" : "23352"
}, {
  "kecamatan" : "Darul Kamal",
  "kelurahan" : "Blang Kiree",
  "kodepos" : "23352"
}, {
  "kecamatan" : "Darul Imarah",
  "kelurahan" : "Bayu",
  "kodepos" : "23352"
}, {
  "kecamatan" : "Darul Kamal",
  "kelurahan" : "Bilui/Biluy",
  "kodepos" : "23352"
}, {
  "kecamatan" : "Peukan Bada",
  "kelurahan" : "Rima Jeuneu",
  "kodepos" : "23351"
}, {
  "kecamatan" : "Peukan Bada",
  "kelurahan" : "Rima Keuneurom",
  "kodepos" : "23351"
}, {
  "kecamatan" : "Peukan Bada",
  "kelurahan" : "Meunasah Tuha",
  "kodepos" : "23351"
}, {
  "kecamatan" : "Peukan Bada",
  "kelurahan" : "Paya Tieng",
  "kodepos" : "23351"
}, {
  "kecamatan" : "Peukan Bada",
  "kelurahan" : "Pulo Bunta",
  "kodepos" : "23351"
}, {
  "kecamatan" : "Peukan Bada",
  "kelurahan" : "Lamteungoh",
  "kodepos" : "23351"
}, {
  "kecamatan" : "Peukan Bada",
  "kelurahan" : "Lamtutui",
  "kodepos" : "23351"
}, {
  "kecamatan" : "Peukan Bada",
  "kelurahan" : "Lampisang",
  "kodepos" : "23351"
}, {
  "kecamatan" : "Peukan Bada",
  "kelurahan" : "Lamteh",
  "kodepos" : "23351"
}, {
  "kecamatan" : "Peukan Bada",
  "kelurahan" : "Lamguron",
  "kodepos" : "23351"
}, {
  "kecamatan" : "Peukan Bada",
  "kelurahan" : "Lamkeumok",
  "kodepos" : "23351"
}, {
  "kecamatan" : "Peukan Bada",
  "kelurahan" : "Lampageu",
  "kodepos" : "23351"
}, {
  "kecamatan" : "Peukan Bada",
  "kelurahan" : "Lambadeuk",
  "kodepos" : "23351"
}, {
  "kecamatan" : "Peukan Bada",
  "kelurahan" : "Lambaro Nejid",
  "kodepos" : "23351"
}, {
  "kecamatan" : "Peukan Bada",
  "kelurahan" : "Lam Manyang",
  "kodepos" : "23351"
}, {
  "kecamatan" : "Peukan Bada",
  "kelurahan" : "Lam Rukam",
  "kodepos" : "23351"
}, {
  "kecamatan" : "Peukan Bada",
  "kelurahan" : "Lam Hasan",
  "kodepos" : "23351"
}, {
  "kecamatan" : "Peukan Bada",
  "kelurahan" : "Lam Isek",
  "kodepos" : "23351"
}, {
  "kecamatan" : "Peukan Bada",
  "kelurahan" : "Lam Lumpu",
  "kodepos" : "23351"
}, {
  "kecamatan" : "Peukan Bada",
  "kelurahan" : "Lam Awe",
  "kodepos" : "23351"
}, {
  "kecamatan" : "Peukan Bada",
  "kelurahan" : "Lam Geu Eu",
  "kodepos" : "23351"
}, {
  "kecamatan" : "Peukan Bada",
  "kelurahan" : "Gurah",
  "kodepos" : "23351"
}, {
  "kecamatan" : "Peukan Bada",
  "kelurahan" : "Keuneu Ue",
  "kodepos" : "23351"
}, {
  "kecamatan" : "Peukan Bada",
  "kelurahan" : "Gampong Baro",
  "kodepos" : "23351"
}, {
  "kecamatan" : "Peukan Bada",
  "kelurahan" : "Ajuen",
  "kodepos" : "23351"
}, {
  "kecamatan" : "Peukan Bada",
  "kelurahan" : "Beuradeun",
  "kodepos" : "23351"
} ]
