[ {
  "kecamatan" : "Simeuleu Tengah",
  "kelurahan" : "Wellang Kum (Wel Langkom)",
  "kodepos" : "23894"
}, {
  "kecamatan" : "Simeuleu Tengah",
  "kelurahan" : "Suak Baru",
  "kodepos" : "23894"
}, {
  "kecamatan" : "Simeuleu Tengah",
  "kelurahan" : "Wel Wel",
  "kodepos" : "23894"
}, {
  "kecamatan" : "Simeulue Cut",
  "kelurahan" : "Ujung Pandang / Padang",
  "kodepos" : "23894"
}, {
  "kecamatan" : "Simeuleu Tengah",
  "kelurahan" : "Sebbe",
  "kodepos" : "23894"
}, {
  "kecamatan" : "Simeuleu Tengah",
  "kelurahan" : "Situfa Jaya",
  "kodepos" : "23894"
}, {
  "kecamatan" : "Simeulue Cut",
  "kelurahan" : "Sibuluh",
  "kodepos" : "23894"
}, {
  "kecamatan" : "Simeuleu Tengah",
  "kelurahan" : "Luan Sorip",
  "kodepos" : "23894"
}, {
  "kecamatan" : "Simeuleu Tengah",
  "kelurahan" : "Putra Jaya",
  "kodepos" : "23894"
}, {
  "kecamatan" : "Simeuleu Tengah",
  "kelurahan" : "Latitik",
  "kodepos" : "23894"
}, {
  "kecamatan" : "Simeuleu Tengah",
  "kelurahan" : "Lauke",
  "kodepos" : "23894"
}, {
  "kecamatan" : "Simeuleu Tengah",
  "kelurahan" : "Laure-E",
  "kodepos" : "23894"
}, {
  "kecamatan" : "Simeuleu Tengah",
  "kelurahan" : "Lambaya",
  "kodepos" : "23894"
}, {
  "kecamatan" : "Simeulue Cut",
  "kelurahan" : "Latak Ayah",
  "kodepos" : "23894"
}, {
  "kecamatan" : "Simeulue Cut",
  "kelurahan" : "Kuta Padang",
  "kodepos" : "23894"
}, {
  "kecamatan" : "Simeuleu Tengah",
  "kelurahan" : "Lakubang",
  "kodepos" : "23894"
}, {
  "kecamatan" : "Simeuleu Tengah",
  "kelurahan" : "Lamayang",
  "kodepos" : "23894"
}, {
  "kecamatan" : "Simeulue Cut",
  "kelurahan" : "Kuta Inang",
  "kodepos" : "23894"
}, {
  "kecamatan" : "Simeuleu Tengah",
  "kelurahan" : "Kuta Batu",
  "kodepos" : "23894"
}, {
  "kecamatan" : "Simeuleu Tengah",
  "kelurahan" : "Dihit",
  "kodepos" : "23894"
}, {
  "kecamatan" : "Simeuleu Tengah",
  "kelurahan" : "Kampung Aie",
  "kodepos" : "23894"
}, {
  "kecamatan" : "Simeulue Cut",
  "kelurahan" : "Borengan",
  "kodepos" : "23894"
}, {
  "kecamatan" : "Simeulue Cut",
  "kelurahan" : "Bubuhan",
  "kodepos" : "23894"
}, {
  "kecamatan" : "Salang",
  "kelurahan" : "Ujung Salang",
  "kodepos" : "23893"
}, {
  "kecamatan" : "Simeulue Cut",
  "kelurahan" : "Amarabu",
  "kodepos" : "23894"
}, {
  "kecamatan" : "Salang",
  "kelurahan" : "Tameng",
  "kodepos" : "23893"
}, {
  "kecamatan" : "Salang",
  "kelurahan" : "Tamon",
  "kodepos" : "23893"
}, {
  "kecamatan" : "Salang",
  "kelurahan" : "Suak Manang",
  "kodepos" : "23893"
}, {
  "kecamatan" : "Alapan (Alafan)",
  "kelurahan" : "Serafon",
  "kodepos" : "23893"
}, {
  "kecamatan" : "Salang",
  "kelurahan" : "Panton Lawe",
  "kodepos" : "23893"
}, {
  "kecamatan" : "Salang",
  "kelurahan" : "Nasreuhe",
  "kodepos" : "23893"
}, {
  "kecamatan" : "Salang",
  "kelurahan" : "Padang Unoi",
  "kodepos" : "23893"
}, {
  "kecamatan" : "Salang",
  "kelurahan" : "Meunafah",
  "kodepos" : "23893"
}, {
  "kecamatan" : "Salang",
  "kelurahan" : "Mutiara",
  "kodepos" : "23893"
}, {
  "kecamatan" : "Alapan (Alafan)",
  "kelurahan" : "Lhok Paoh",
  "kodepos" : "23893"
}, {
  "kecamatan" : "Alapan (Alafan)",
  "kelurahan" : "Lubuk Baik",
  "kodepos" : "23893"
}, {
  "kecamatan" : "Alapan (Alafan)",
  "kelurahan" : "Lewak",
  "kodepos" : "23893"
}, {
  "kecamatan" : "Alapan (Alafan)",
  "kelurahan" : "Lhok Dalam",
  "kodepos" : "23893"
}, {
  "kecamatan" : "Alapan (Alafan)",
  "kelurahan" : "Lamerem",
  "kodepos" : "23893"
}, {
  "kecamatan" : "Alapan (Alafan)",
  "kelurahan" : "Langi",
  "kodepos" : "23893"
}, {
  "kecamatan" : "Salang",
  "kelurahan" : "Lalla Bahagia",
  "kodepos" : "23893"
}, {
  "kecamatan" : "Alapan (Alafan)",
  "kelurahan" : "Lafakha",
  "kodepos" : "23893"
}, {
  "kecamatan" : "Salang",
  "kelurahan" : "Kenangan Jaya",
  "kodepos" : "23893"
}, {
  "kecamatan" : "Salang",
  "kelurahan" : "Karya Bakti",
  "kodepos" : "23893"
}, {
  "kecamatan" : "Salang",
  "kelurahan" : "Bunga",
  "kodepos" : "23893"
}, {
  "kecamatan" : "Salang",
  "kelurahan" : "Ganang Pusako",
  "kodepos" : "23893"
}, {
  "kecamatan" : "Salang",
  "kelurahan" : "Jaya Baru",
  "kodepos" : "23893"
}, {
  "kecamatan" : "Simeuleu Barat",
  "kelurahan" : "Ujung Harapan",
  "kodepos" : "23892"
}, {
  "kecamatan" : "Salang",
  "kelurahan" : "Along Jaya",
  "kodepos" : "23893"
}, {
  "kecamatan" : "Simeuleu Barat",
  "kelurahan" : "Sinar Bahagia",
  "kodepos" : "23892"
}, {
  "kecamatan" : "Teupah Barat",
  "kelurahan" : "Sital",
  "kodepos" : "23892"
}, {
  "kecamatan" : "Teupah Barat",
  "kelurahan" : "Silengas",
  "kodepos" : "23892"
}, {
  "kecamatan" : "Simeuleu Barat",
  "kelurahan" : "Sembilan",
  "kodepos" : "23892"
}, {
  "kecamatan" : "Simeuleu Barat",
  "kelurahan" : "Sigulai",
  "kodepos" : "23892"
}, {
  "kecamatan" : "Teupah Barat",
  "kelurahan" : "Salur Latun",
  "kodepos" : "23892"
}, {
  "kecamatan" : "Simeuleu Barat",
  "kelurahan" : "Sanggiran",
  "kodepos" : "23892"
}, {
  "kecamatan" : "Teupah Barat",
  "kelurahan" : "Salur Lasengalu",
  "kodepos" : "23892"
}, {
  "kecamatan" : "Teupah Barat",
  "kelurahan" : "Pulau Teupah",
  "kodepos" : "23892"
}, {
  "kecamatan" : "Teupah Barat",
  "kelurahan" : "Salur",
  "kodepos" : "23892"
}, {
  "kecamatan" : "Simeuleu Barat",
  "kelurahan" : "Miteum",
  "kodepos" : "23892"
}, {
  "kecamatan" : "Teupah Barat",
  "kelurahan" : "Naibos",
  "kodepos" : "23892"
}, {
  "kecamatan" : "Teupah Barat",
  "kelurahan" : "Nancala",
  "kodepos" : "23892"
}, {
  "kecamatan" : "Simeuleu Barat",
  "kelurahan" : "Malasin",
  "kodepos" : "23892"
}, {
  "kecamatan" : "Teupah Barat",
  "kelurahan" : "Maudil",
  "kodepos" : "23892"
}, {
  "kecamatan" : "Simeuleu Barat",
  "kelurahan" : "Lhok Bikhao",
  "kodepos" : "23892"
}, {
  "kecamatan" : "Simeuleu Barat",
  "kelurahan" : "Lhok Makmur",
  "kodepos" : "23892"
}, {
  "kecamatan" : "Simeuleu Barat",
  "kelurahan" : "Layabaung",
  "kodepos" : "23892"
}, {
  "kecamatan" : "Teupah Barat",
  "kelurahan" : "Leubang Hulu",
  "kodepos" : "23892"
}, {
  "kecamatan" : "Teupah Barat",
  "kelurahan" : "Lantik",
  "kodepos" : "23892"
}, {
  "kecamatan" : "Teupah Barat",
  "kelurahan" : "Laubang (Leubang)",
  "kodepos" : "23892"
}, {
  "kecamatan" : "Teupah Barat",
  "kelurahan" : "Inor",
  "kodepos" : "23892"
}, {
  "kecamatan" : "Simeuleu Barat",
  "kelurahan" : "Lamamek",
  "kodepos" : "23892"
}, {
  "kecamatan" : "Teupah Barat",
  "kelurahan" : "Laayon",
  "kodepos" : "23892"
}, {
  "kecamatan" : "Teupah Barat",
  "kelurahan" : "Bunon",
  "kodepos" : "23892"
}, {
  "kecamatan" : "Simeuleu Barat",
  "kelurahan" : "Batu Ragi",
  "kodepos" : "23892"
}, {
  "kecamatan" : "Teupah Barat",
  "kelurahan" : "Awe Seubal",
  "kodepos" : "23892"
}, {
  "kecamatan" : "Simeuleu Barat",
  "kelurahan" : "Babul Makmur",
  "kodepos" : "23892"
}, {
  "kecamatan" : "Teupah Barat",
  "kelurahan" : "Angkeo",
  "kodepos" : "23892"
}, {
  "kecamatan" : "Teupah Barat",
  "kelurahan" : "Awe Kecil",
  "kodepos" : "23892"
}, {
  "kecamatan" : "Simeuleu Barat",
  "kelurahan" : "Amabaan",
  "kodepos" : "23892"
}, {
  "kecamatan" : "Teupah Selatan",
  "kelurahan" : "Ulul Mayang (Manyang)",
  "kodepos" : "23891"
}, {
  "kecamatan" : "Simeuleu Timur",
  "kelurahan" : "Ujung Tinggi",
  "kodepos" : "23891"
}, {
  "kecamatan" : "Teupah Selatan",
  "kelurahan" : "Trans Maranti",
  "kodepos" : "23891"
}, {
  "kecamatan" : "Teupah Selatan",
  "kelurahan" : "Trans Baru",
  "kodepos" : "23891"
}, {
  "kecamatan" : "Teupah Selatan",
  "kelurahan" : "Trans Jernge",
  "kodepos" : "23891"
}, {
  "kecamatan" : "Teluk Dalam",
  "kelurahan" : "Tanjung Raya",
  "kodepos" : "23891"
}, {
  "kecamatan" : "Simeuleu Timur",
  "kelurahan" : "Suka Maju",
  "kodepos" : "23891"
}, {
  "kecamatan" : "Simeuleu Timur",
  "kelurahan" : "Suka Karya",
  "kodepos" : "23891"
}, {
  "kecamatan" : "Simeuleu Timur",
  "kelurahan" : "Suka Jaya",
  "kodepos" : "23891"
}, {
  "kecamatan" : "Teupah Selatan",
  "kelurahan" : "Suak Lamatan",
  "kodepos" : "23891"
}, {
  "kecamatan" : "Teupah Tengah",
  "kelurahan" : "Sua-Sua",
  "kodepos" : "23891"
}, {
  "kecamatan" : "Simeuleu Timur",
  "kelurahan" : "Suak Buluh",
  "kodepos" : "23891"
}, {
  "kecamatan" : "Teupah Tengah",
  "kelurahan" : "Situbuk",
  "kodepos" : "23891"
}, {
  "kecamatan" : "Simeuleu Timur",
  "kelurahan" : "Sinabang",
  "kodepos" : "23891"
}, {
  "kecamatan" : "Teupah Tengah",
  "kelurahan" : "Simpang Abail",
  "kodepos" : "23891"
}, {
  "kecamatan" : "Teupah Selatan",
  "kelurahan" : "Seuneubok",
  "kodepos" : "23891"
}, {
  "kecamatan" : "Simeuleu Timur",
  "kelurahan" : "Sefoyan",
  "kodepos" : "23891"
}, {
  "kecamatan" : "Simeuleu Timur",
  "kelurahan" : "Pulau Siumat",
  "kodepos" : "23891"
}, {
  "kecamatan" : "Teluk Dalam",
  "kelurahan" : "Sambay",
  "kodepos" : "23891"
}, {
  "kecamatan" : "Teupah Selatan",
  "kelurahan" : "Pulau Bengkalak",
  "kodepos" : "23891"
}, {
  "kecamatan" : "Teupah Selatan",
  "kelurahan" : "Pasir Tinggi",
  "kodepos" : "23891"
}, {
  "kecamatan" : "Teluk Dalam",
  "kelurahan" : "Muara Aman",
  "kodepos" : "23891"
}, {
  "kecamatan" : "Teupah Tengah",
  "kelurahan" : "Nancawa",
  "kodepos" : "23891"
}, {
  "kecamatan" : "Teupah Tengah",
  "kelurahan" : "Matan Urung",
  "kodepos" : "23891"
}, {
  "kecamatan" : "Simeuleu Timur",
  "kelurahan" : "Lugu",
  "kodepos" : "23891"
}, {
  "kecamatan" : "Teluk Dalam",
  "kelurahan" : "Lugu Sek Bahak (Sebahak)",
  "kodepos" : "23891"
}, {
  "kecamatan" : "Teluk Dalam",
  "kelurahan" : "Luan Balu",
  "kodepos" : "23891"
}, {
  "kecamatan" : "Simeuleu Timur",
  "kelurahan" : "Linggi",
  "kodepos" : "23891"
}, {
  "kecamatan" : "Teupah Selatan",
  "kelurahan" : "Lataling",
  "kodepos" : "23891"
}, {
  "kecamatan" : "Teupah Selatan",
  "kelurahan" : "Latiung",
  "kodepos" : "23891"
}, {
  "kecamatan" : "Teupah Tengah",
  "kelurahan" : "Lasikin",
  "kodepos" : "23891"
}, {
  "kecamatan" : "Teupah Tengah",
  "kelurahan" : "Lanting",
  "kodepos" : "23891"
}, {
  "kecamatan" : "Teupah Selatan",
  "kelurahan" : "Labuhan Jaya",
  "kodepos" : "23891"
}, {
  "kecamatan" : "Teupah Selatan",
  "kelurahan" : "Labuhan Bakti",
  "kodepos" : "23891"
}, {
  "kecamatan" : "Teupah Selatan",
  "kelurahan" : "Labuhan Bajau",
  "kodepos" : "23891"
}, {
  "kecamatan" : "Teupah Tengah",
  "kelurahan" : "Labuah",
  "kodepos" : "23891"
}, {
  "kecamatan" : "Simeuleu Timur",
  "kelurahan" : "Kuala Makmur",
  "kodepos" : "23891"
}, {
  "kecamatan" : "Teluk Dalam",
  "kelurahan" : "Kuala Baru",
  "kodepos" : "23891"
}, {
  "kecamatan" : "Simeuleu Timur",
  "kelurahan" : "Kota Batu",
  "kodepos" : "23891"
}, {
  "kecamatan" : "Teluk Dalam",
  "kelurahan" : "Kuala Bakti",
  "kodepos" : "23891"
}, {
  "kecamatan" : "Teupah Selatan",
  "kelurahan" : "Kebun Baru",
  "kodepos" : "23891"
}, {
  "kecamatan" : "Teupah Tengah",
  "kelurahan" : "Kahat",
  "kodepos" : "23891"
}, {
  "kecamatan" : "Teluk Dalam",
  "kelurahan" : "Gunung Putih",
  "kodepos" : "23891"
}, {
  "kecamatan" : "Simeuleu Timur",
  "kelurahan" : "Ganting",
  "kodepos" : "23891"
}, {
  "kecamatan" : "Teupah Tengah",
  "kelurahan" : "Busung Indah",
  "kodepos" : "23891"
}, {
  "kecamatan" : "Teluk Dalam",
  "kelurahan" : "Bulu Hadik",
  "kodepos" : "23891"
}, {
  "kecamatan" : "Teupah Tengah",
  "kelurahan" : "Batu-Batu",
  "kodepos" : "23891"
}, {
  "kecamatan" : "Teupah Selatan",
  "kelurahan" : "Blang Sebel",
  "kodepos" : "23891"
}, {
  "kecamatan" : "Teupah Selatan",
  "kelurahan" : "Badegong",
  "kodepos" : "23891"
}, {
  "kecamatan" : "Teupah Selatan",
  "kelurahan" : "Batu Ralang",
  "kodepos" : "23891"
}, {
  "kecamatan" : "Teluk Dalam",
  "kelurahan" : "Babussalam",
  "kodepos" : "23891"
}, {
  "kecamatan" : "Simeuleu Timur",
  "kelurahan" : "Amaiteng Mulia",
  "kodepos" : "23891"
}, {
  "kecamatan" : "Teupah Selatan",
  "kelurahan" : "Ana Ao",
  "kodepos" : "23891"
}, {
  "kecamatan" : "Simeuleu Timur",
  "kelurahan" : "Ameria Bahagia",
  "kodepos" : "23891"
}, {
  "kecamatan" : "Teupah Selatan",
  "kelurahan" : "Alus Alus",
  "kodepos" : "23891"
}, {
  "kecamatan" : "Simeuleu Timur",
  "kelurahan" : "Air Dingin",
  "kodepos" : "23891"
}, {
  "kecamatan" : "Simeuleu Timur",
  "kelurahan" : "Air Pinang",
  "kodepos" : "23891"
}, {
  "kecamatan" : "Teupah Tengah",
  "kelurahan" : "Abail",
  "kodepos" : "23891"
} ]
