[ {
  "kecamatan" : "Sungai Mas",
  "kelurahan" : "Tuwi Saya",
  "kodepos" : "23683"
}, {
  "kecamatan" : "Sungai Mas",
  "kelurahan" : "Tungkop",
  "kodepos" : "23683"
}, {
  "kecamatan" : "Sungai Mas",
  "kelurahan" : "Tutut",
  "kodepos" : "23683"
}, {
  "kecamatan" : "Sungai Mas",
  "kelurahan" : "Sipot",
  "kodepos" : "23683"
}, {
  "kecamatan" : "Sungai Mas",
  "kelurahan" : "Tanoh Mirah",
  "kodepos" : "23683"
}, {
  "kecamatan" : "Sungai Mas",
  "kelurahan" : "Sakuy",
  "kodepos" : "23683"
}, {
  "kecamatan" : "Sungai Mas",
  "kelurahan" : "Sarah Perlak",
  "kodepos" : "23683"
}, {
  "kecamatan" : "Sungai Mas",
  "kelurahan" : "Pungkie",
  "kodepos" : "23683"
}, {
  "kecamatan" : "Sungai Mas",
  "kelurahan" : "Ramitie",
  "kodepos" : "23683"
}, {
  "kecamatan" : "Sungai Mas",
  "kelurahan" : "Leubok Beutong",
  "kodepos" : "23683"
}, {
  "kecamatan" : "Sungai Mas",
  "kelurahan" : "Lueng Baro",
  "kodepos" : "23683"
}, {
  "kecamatan" : "Sungai Mas",
  "kelurahan" : "Lancong",
  "kodepos" : "23683"
}, {
  "kecamatan" : "Sungai Mas",
  "kelurahan" : "Lancong",
  "kodepos" : "23683"
}, {
  "kecamatan" : "Sungai Mas",
  "kelurahan" : "Gaseu",
  "kodepos" : "23683"
}, {
  "kecamatan" : "Sungai Mas",
  "kelurahan" : "Gleung",
  "kodepos" : "23683"
}, {
  "kecamatan" : "Sungai Mas",
  "kelurahan" : "Gunong Buloh",
  "kodepos" : "23683"
}, {
  "kecamatan" : "Woyla Barat",
  "kelurahan" : "Ulee Pasi Ara",
  "kodepos" : "23682"
}, {
  "kecamatan" : "Woyla Barat",
  "kelurahan" : "Ulee Pulo",
  "kodepos" : "23682"
}, {
  "kecamatan" : "Woyla Timur",
  "kelurahan" : "Tuwi Empeuk",
  "kodepos" : "23682"
}, {
  "kecamatan" : "Woyla Timur",
  "kelurahan" : "Tangkeh",
  "kodepos" : "23682"
}, {
  "kecamatan" : "Woyla Timur",
  "kelurahan" : "Teumiket Ranom",
  "kodepos" : "23682"
}, {
  "kecamatan" : "Woyla Barat",
  "kelurahan" : "Simpang Teumarom",
  "kodepos" : "23682"
}, {
  "kecamatan" : "Woyla Timur",
  "kelurahan" : "Seuneubok Dalam",
  "kodepos" : "23682"
}, {
  "kecamatan" : "Woyla Timur",
  "kelurahan" : "Seuradeuk",
  "kodepos" : "23682"
}, {
  "kecamatan" : "Woyla Timur",
  "kelurahan" : "Rambong",
  "kodepos" : "23682"
}, {
  "kecamatan" : "Woyla Timur",
  "kelurahan" : "Rambong Pinto",
  "kodepos" : "23682"
}, {
  "kecamatan" : "Woyla Barat",
  "kelurahan" : "Peuluekung",
  "kodepos" : "23682"
}, {
  "kecamatan" : "Woyla Timur",
  "kelurahan" : "Paya Baro",
  "kodepos" : "23682"
}, {
  "kecamatan" : "Woyla Timur",
  "kelurahan" : "Paya Meugeundrang",
  "kodepos" : "23682"
}, {
  "kecamatan" : "Woyla Barat",
  "kelurahan" : "Pasi Panyang",
  "kodepos" : "23682"
}, {
  "kecamatan" : "Woyla Barat",
  "kelurahan" : "Pasi Malee",
  "kodepos" : "23682"
}, {
  "kecamatan" : "Woyla Barat",
  "kelurahan" : "Pasi Mali",
  "kodepos" : "23682"
}, {
  "kecamatan" : "Woyla Barat",
  "kelurahan" : "Pasi Jeut",
  "kodepos" : "23682"
}, {
  "kecamatan" : "Woyla Barat",
  "kelurahan" : "Napai",
  "kodepos" : "23682"
}, {
  "kecamatan" : "Woyla Timur",
  "kelurahan" : "Pasi Ara Wt",
  "kodepos" : "23682"
}, {
  "kecamatan" : "Woyla Timur",
  "kelurahan" : "Pasi Janeng",
  "kodepos" : "23682"
}, {
  "kecamatan" : "Woyla Barat",
  "kelurahan" : "Lueng Baro",
  "kodepos" : "23682"
}, {
  "kecamatan" : "Woyla Barat",
  "kelurahan" : "Mon Pasong",
  "kodepos" : "23682"
}, {
  "kecamatan" : "Woyla Barat",
  "kelurahan" : "Leubok Pasi Ara",
  "kodepos" : "23682"
}, {
  "kecamatan" : "Woyla Barat",
  "kelurahan" : "Lhok Malee",
  "kodepos" : "23682"
}, {
  "kecamatan" : "Woyla Timur",
  "kelurahan" : "Leubok/Lubok Panyang",
  "kodepos" : "23682"
}, {
  "kecamatan" : "Woyla Barat",
  "kelurahan" : "Kulam Kaju",
  "kodepos" : "23682"
}, {
  "kecamatan" : "Woyla Timur",
  "kelurahan" : "Kubu Capang (Keubeu Capang)",
  "kodepos" : "23682"
}, {
  "kecamatan" : "Woyla Timur",
  "kelurahan" : "Gunong Panyang",
  "kodepos" : "23682"
}, {
  "kecamatan" : "Woyla Barat",
  "kelurahan" : "Ie Sayang",
  "kodepos" : "23682"
}, {
  "kecamatan" : "Woyla Barat",
  "kelurahan" : "Karak",
  "kodepos" : "23682"
}, {
  "kecamatan" : "Woyla Timur",
  "kelurahan" : "Gampong Baro Kb",
  "kodepos" : "23682"
}, {
  "kecamatan" : "Woyla Timur",
  "kelurahan" : "Gampong Baro Wt",
  "kodepos" : "23682"
}, {
  "kecamatan" : "Woyla Timur",
  "kelurahan" : "Cot Punti",
  "kodepos" : "23682"
}, {
  "kecamatan" : "Woyla Barat",
  "kelurahan" : "Cot Lagan Lm",
  "kodepos" : "23682"
}, {
  "kecamatan" : "Woyla Barat",
  "kelurahan" : "Cot Rambong",
  "kodepos" : "23682"
}, {
  "kecamatan" : "Woyla Timur",
  "kelurahan" : "Blang Makmur",
  "kodepos" : "23682"
}, {
  "kecamatan" : "Woyla Timur",
  "kelurahan" : "Buket Meugajah (Bukit Megajah)",
  "kodepos" : "23682"
}, {
  "kecamatan" : "Woyla Timur",
  "kelurahan" : "Blang Luah Kb",
  "kodepos" : "23682"
}, {
  "kecamatan" : "Woyla Barat",
  "kelurahan" : "Blang Luah",
  "kodepos" : "23682"
}, {
  "kecamatan" : "Woyla Timur",
  "kelurahan" : "Blang Dalam",
  "kodepos" : "23682"
}, {
  "kecamatan" : "Woyla Barat",
  "kelurahan" : "Blang Cot Rubek",
  "kodepos" : "23682"
}, {
  "kecamatan" : "Woyla Barat",
  "kelurahan" : "Blang Cot Mameh",
  "kodepos" : "23682"
}, {
  "kecamatan" : "Woyla Timur",
  "kelurahan" : "Alue Meuganda",
  "kodepos" : "23682"
}, {
  "kecamatan" : "Woyla Timur",
  "kelurahan" : "Alue Seuralen",
  "kodepos" : "23682"
}, {
  "kecamatan" : "Woyla Barat",
  "kelurahan" : "Alue Perman",
  "kodepos" : "23682"
}, {
  "kecamatan" : "Woyla Timur",
  "kelurahan" : "Alue Kuyuen",
  "kodepos" : "23682"
}, {
  "kecamatan" : "Woyla Barat",
  "kelurahan" : "Alue Keumuneng",
  "kodepos" : "23682"
}, {
  "kecamatan" : "Woyla Barat",
  "kelurahan" : "Alue Leuhob",
  "kodepos" : "23682"
}, {
  "kecamatan" : "Woyla Timur",
  "kelurahan" : "Alue Empeuk",
  "kodepos" : "23682"
}, {
  "kecamatan" : "Panton Reu",
  "kelurahan" : "Ujong Raja",
  "kodepos" : "23681"
}, {
  "kecamatan" : "Woyla Timur",
  "kelurahan" : "Alue Bilie",
  "kodepos" : "23682"
}, {
  "kecamatan" : "Kaway XVI",
  "kelurahan" : "Tumpok Ladang",
  "kodepos" : "23681"
}, {
  "kecamatan" : "Panton Reu",
  "kelurahan" : "Tuwi Buya",
  "kodepos" : "23681"
}, {
  "kecamatan" : "Kaway XVI",
  "kelurahan" : "Teuladan",
  "kodepos" : "23681"
}, {
  "kecamatan" : "Kaway XVI",
  "kelurahan" : "Teupin Panah",
  "kodepos" : "23681"
}, {
  "kecamatan" : "Pante Ceureumen (Pantai Ceuremen)",
  "kelurahan" : "Tegal Sari",
  "kodepos" : "23681"
}, {
  "kecamatan" : "Kaway XVI",
  "kelurahan" : "Tanjong Bunga",
  "kodepos" : "23681"
}, {
  "kecamatan" : "Kaway XVI",
  "kelurahan" : "Tanjong Meulaboh",
  "kodepos" : "23681"
}, {
  "kecamatan" : "Panton Reu",
  "kelurahan" : "Tamping",
  "kodepos" : "23681"
}, {
  "kecamatan" : "Pante Ceureumen (Pantai Ceuremen)",
  "kelurahan" : "Suwak Awe",
  "kodepos" : "23681"
}, {
  "kecamatan" : "Kaway XVI",
  "kelurahan" : "Simpang",
  "kodepos" : "23681"
}, {
  "kecamatan" : "Pante Ceureumen (Pantai Ceuremen)",
  "kelurahan" : "Sikundo",
  "kodepos" : "23681"
}, {
  "kecamatan" : "Panton Reu",
  "kelurahan" : "Sibintang",
  "kodepos" : "23681"
}, {
  "kecamatan" : "Pante Ceureumen (Pantai Ceuremen)",
  "kelurahan" : "Seumantok",
  "kodepos" : "23681"
}, {
  "kecamatan" : "Pante Ceureumen (Pantai Ceuremen)",
  "kelurahan" : "Seumara",
  "kodepos" : "23681"
}, {
  "kecamatan" : "Kaway XVI",
  "kelurahan" : "Sawang Teubee",
  "kodepos" : "23681"
}, {
  "kecamatan" : "Pante Ceureumen (Pantai Ceuremen)",
  "kelurahan" : "Sawang Rambot",
  "kodepos" : "23681"
}, {
  "kecamatan" : "Kaway XVI",
  "kelurahan" : "Putim",
  "kodepos" : "23681"
}, {
  "kecamatan" : "Kaway XVI",
  "kelurahan" : "Puuk",
  "kodepos" : "23681"
}, {
  "kecamatan" : "Pante Ceureumen (Pantai Ceuremen)",
  "kelurahan" : "Pulo Teungoh Manyeng",
  "kodepos" : "23681"
}, {
  "kecamatan" : "Kaway XVI",
  "kelurahan" : "Pucok Pungkie",
  "kodepos" : "23681"
}, {
  "kecamatan" : "Kaway XVI",
  "kelurahan" : "Pungkie",
  "kodepos" : "23681"
}, {
  "kecamatan" : "Panton Reu",
  "kelurahan" : "Paya Baro Meuko",
  "kodepos" : "23681"
}, {
  "kecamatan" : "Kaway XVI",
  "kelurahan" : "Pasi Teungoh",
  "kodepos" : "23681"
}, {
  "kecamatan" : "Kaway XVI",
  "kelurahan" : "Peunia",
  "kodepos" : "23681"
}, {
  "kecamatan" : "Kaway XVI",
  "kelurahan" : "Pasi Kumbang",
  "kodepos" : "23681"
}, {
  "kecamatan" : "Kaway XVI",
  "kelurahan" : "Pasi Meugat",
  "kodepos" : "23681"
}, {
  "kecamatan" : "Kaway XVI",
  "kelurahan" : "Pasi Jambu",
  "kodepos" : "23681"
}, {
  "kecamatan" : "Kaway XVI",
  "kelurahan" : "Pasi Jeumpa",
  "kodepos" : "23681"
}, {
  "kecamatan" : "Pante Ceureumen (Pantai Ceuremen)",
  "kelurahan" : "Pante Ceureumen (Pante Cermin)",
  "kodepos" : "23681"
}, {
  "kecamatan" : "Kaway XVI",
  "kelurahan" : "Pasi Ara",
  "kodepos" : "23681"
}, {
  "kecamatan" : "Kaway XVI",
  "kelurahan" : "Padang Mancang",
  "kodepos" : "23681"
}, {
  "kecamatan" : "Kaway XVI",
  "kelurahan" : "Padang Sikabu",
  "kodepos" : "23681"
}, {
  "kecamatan" : "Kaway XVI",
  "kelurahan" : "Palimbungan",
  "kodepos" : "23681"
}, {
  "kecamatan" : "Kaway XVI",
  "kelurahan" : "Muko",
  "kodepos" : "23681"
}, {
  "kecamatan" : "Panton Reu",
  "kelurahan" : "Mugo Rayeuk",
  "kodepos" : "23681"
}, {
  "kecamatan" : "Panton Reu",
  "kelurahan" : "Mugo Cut",
  "kodepos" : "23681"
}, {
  "kecamatan" : "Kaway XVI",
  "kelurahan" : "Meunasah Rayeuk",
  "kodepos" : "23681"
}, {
  "kecamatan" : "Panton Reu",
  "kelurahan" : "Meutulang",
  "kodepos" : "23681"
}, {
  "kecamatan" : "Kaway XVI",
  "kelurahan" : "Meunasah Buloh",
  "kodepos" : "23681"
}, {
  "kecamatan" : "Kaway XVI",
  "kelurahan" : "Meunasah Gantung",
  "kodepos" : "23681"
}, {
  "kecamatan" : "Kaway XVI",
  "kelurahan" : "Meunasah Rambot",
  "kodepos" : "23681"
}, {
  "kecamatan" : "Kaway XVI",
  "kelurahan" : "Mesjid",
  "kodepos" : "23681"
}, {
  "kecamatan" : "Kaway XVI",
  "kelurahan" : "Meunasah Ara",
  "kodepos" : "23681"
}, {
  "kecamatan" : "Pante Ceureumen (Pantai Ceuremen)",
  "kelurahan" : "Menuang Kinco",
  "kodepos" : "23681"
}, {
  "kecamatan" : "Kaway XVI",
  "kelurahan" : "Menuang Tanjong",
  "kodepos" : "23681"
}, {
  "kecamatan" : "Pante Ceureumen (Pantai Ceuremen)",
  "kelurahan" : "Manjeng",
  "kodepos" : "23681"
}, {
  "kecamatan" : "Kaway XVI",
  "kelurahan" : "Marek",
  "kodepos" : "23681"
}, {
  "kecamatan" : "Pante Ceureumen (Pantai Ceuremen)",
  "kelurahan" : "Lhok Sari",
  "kodepos" : "23681"
}, {
  "kecamatan" : "Panton Reu",
  "kelurahan" : "Manggie",
  "kodepos" : "23681"
}, {
  "kecamatan" : "Panton Reu",
  "kelurahan" : "Lek Lek",
  "kodepos" : "23681"
}, {
  "kecamatan" : "Pante Ceureumen (Pantai Ceuremen)",
  "kelurahan" : "Lawet",
  "kodepos" : "23681"
}, {
  "kecamatan" : "Pante Ceureumen (Pantai Ceuremen)",
  "kelurahan" : "Lhok Guci",
  "kodepos" : "23681"
}, {
  "kecamatan" : "Pante Ceureumen (Pantai Ceuremen)",
  "kelurahan" : "Lango",
  "kodepos" : "23681"
}, {
  "kecamatan" : "Panton Reu",
  "kelurahan" : "Kuala Manye",
  "kodepos" : "23681"
}, {
  "kecamatan" : "Pante Ceureumen (Pantai Ceuremen)",
  "kelurahan" : "Keutambang",
  "kodepos" : "23681"
}, {
  "kecamatan" : "Pante Ceureumen (Pantai Ceuremen)",
  "kelurahan" : "Krueng Beukah",
  "kodepos" : "23681"
}, {
  "kecamatan" : "Kaway XVI",
  "kelurahan" : "Keude Tanjong",
  "kodepos" : "23681"
}, {
  "kecamatan" : "Kaway XVI",
  "kelurahan" : "Keuramat",
  "kodepos" : "23681"
}, {
  "kecamatan" : "Kaway XVI",
  "kelurahan" : "Keude Aron",
  "kodepos" : "23681"
}, {
  "kecamatan" : "Pante Ceureumen (Pantai Ceuremen)",
  "kelurahan" : "Keude Suwak Awe",
  "kodepos" : "23681"
}, {
  "kecamatan" : "Pante Ceureumen (Pantai Ceuremen)",
  "kelurahan" : "Jambak",
  "kodepos" : "23681"
}, {
  "kecamatan" : "Panton Reu",
  "kelurahan" : "Gunung Mata Ie",
  "kodepos" : "23681"
}, {
  "kecamatan" : "Pante Ceureumen (Pantai Ceuremen)",
  "kelurahan" : "Gunong Tarok",
  "kodepos" : "23681"
}, {
  "kecamatan" : "Sungai Mas",
  "kelurahan" : "Geudong",
  "kodepos" : "23681"
}, {
  "kecamatan" : "Sungai Mas",
  "kelurahan" : "Drien Sibak",
  "kodepos" : "23681"
}, {
  "kecamatan" : "Panton Reu",
  "kelurahan" : "Gampong Baro",
  "kodepos" : "23681"
}, {
  "kecamatan" : "Panton Reu",
  "kelurahan" : "Cot Manggie",
  "kodepos" : "23681"
}, {
  "kecamatan" : "Kaway XVI",
  "kelurahan" : "Drien Calee",
  "kodepos" : "23681"
}, {
  "kecamatan" : "Pante Ceureumen (Pantai Ceuremen)",
  "kelurahan" : "Canggai",
  "kodepos" : "23681"
}, {
  "kecamatan" : "Panton Reu",
  "kelurahan" : "Blang Teungoh",
  "kodepos" : "23681"
}, {
  "kecamatan" : "Kaway XVI",
  "kelurahan" : "Blang Geunang",
  "kodepos" : "23681"
}, {
  "kecamatan" : "Panton Reu",
  "kelurahan" : "Blang Balee",
  "kodepos" : "23681"
}, {
  "kecamatan" : "Kaway XVI",
  "kelurahan" : "Blang Dalam",
  "kodepos" : "23681"
}, {
  "kecamatan" : "Kaway XVI",
  "kelurahan" : "Batu Jaya",
  "kodepos" : "23681"
}, {
  "kecamatan" : "Kaway XVI",
  "kelurahan" : "Beureugang",
  "kodepos" : "23681"
}, {
  "kecamatan" : "Pante Ceureumen (Pantai Ceuremen)",
  "kelurahan" : "Berdikari",
  "kodepos" : "23681"
}, {
  "kecamatan" : "Panton Reu",
  "kelurahan" : "Baro Paya",
  "kodepos" : "23681"
}, {
  "kecamatan" : "Kaway XVI",
  "kelurahan" : "Babah Meulaboh",
  "kodepos" : "23681"
}, {
  "kecamatan" : "Pante Ceureumen (Pantai Ceuremen)",
  "kelurahan" : "Babah Krueng Teklep",
  "kodepos" : "23681"
}, {
  "kecamatan" : "Pante Ceureumen (Pantai Ceuremen)",
  "kelurahan" : "Babah Lueng",
  "kodepos" : "23681"
}, {
  "kecamatan" : "Panton Reu",
  "kelurahan" : "Babah Krueng Manggie",
  "kodepos" : "23681"
}, {
  "kecamatan" : "Pante Ceureumen (Pantai Ceuremen)",
  "kelurahan" : "Babah Iseung",
  "kodepos" : "23681"
}, {
  "kecamatan" : "Kaway XVI",
  "kelurahan" : "Alue Tampak",
  "kodepos" : "23681"
}, {
  "kecamatan" : "Panton Reu",
  "kelurahan" : "Antong",
  "kodepos" : "23681"
}, {
  "kecamatan" : "Kaway XVI",
  "kelurahan" : "Alue On",
  "kodepos" : "23681"
}, {
  "kecamatan" : "Kaway XVI",
  "kelurahan" : "Alue Peudeung",
  "kodepos" : "23681"
}, {
  "kecamatan" : "Kaway XVI",
  "kelurahan" : "Alue Lhok",
  "kodepos" : "23681"
}, {
  "kecamatan" : "Kaway XVI",
  "kelurahan" : "Alue Lhee",
  "kodepos" : "23681"
}, {
  "kecamatan" : "Pante Ceureumen (Pantai Ceuremen)",
  "kelurahan" : "Alue Keumang",
  "kodepos" : "23681"
}, {
  "kecamatan" : "Woyla",
  "kelurahan" : "Tingkeum Panyang",
  "kodepos" : "23654"
}, {
  "kecamatan" : "Woyla",
  "kelurahan" : "Suak Tring",
  "kodepos" : "23654"
}, {
  "kecamatan" : "Woyla",
  "kelurahan" : "Teumarom",
  "kodepos" : "23654"
}, {
  "kecamatan" : "Woyla",
  "kelurahan" : "Ranto Panyang",
  "kodepos" : "23654"
}, {
  "kecamatan" : "Woyla",
  "kelurahan" : "Seumantok",
  "kodepos" : "23654"
}, {
  "kecamatan" : "Woyla",
  "kelurahan" : "Pulo Ie",
  "kodepos" : "23654"
}, {
  "kecamatan" : "Woyla",
  "kelurahan" : "Paya Luah",
  "kodepos" : "23654"
}, {
  "kecamatan" : "Woyla",
  "kelurahan" : "Paya Dua",
  "kodepos" : "23654"
}, {
  "kecamatan" : "Woyla",
  "kelurahan" : "Pasi Lunak",
  "kodepos" : "23654"
}, {
  "kecamatan" : "Woyla",
  "kelurahan" : "Pasi Pandan",
  "kodepos" : "23654"
}, {
  "kecamatan" : "Woyla",
  "kelurahan" : "Pasi Birah",
  "kodepos" : "23654"
}, {
  "kecamatan" : "Woyla",
  "kelurahan" : "Pasi Aceh",
  "kodepos" : "23654"
}, {
  "kecamatan" : "Woyla",
  "kelurahan" : "Panton",
  "kodepos" : "23654"
}, {
  "kecamatan" : "Woyla",
  "kelurahan" : "Padang Jawa",
  "kodepos" : "23654"
}, {
  "kecamatan" : "Woyla",
  "kelurahan" : "Lueng Tanoh Tho",
  "kodepos" : "23654"
}, {
  "kecamatan" : "Woyla",
  "kelurahan" : "Lueng Jawa",
  "kodepos" : "23654"
}, {
  "kecamatan" : "Woyla",
  "kelurahan" : "Lueng Buloh",
  "kodepos" : "23654"
}, {
  "kecamatan" : "Woyla",
  "kelurahan" : "Kuala Bhee",
  "kodepos" : "23654"
}, {
  "kecamatan" : "Woyla",
  "kelurahan" : "Lhung Tgk Yah",
  "kodepos" : "23654"
}, {
  "kecamatan" : "Woyla",
  "kelurahan" : "Keuleumbah",
  "kodepos" : "23654"
}, {
  "kecamatan" : "Woyla",
  "kelurahan" : "Jawi",
  "kodepos" : "23654"
}, {
  "kecamatan" : "Woyla",
  "kelurahan" : "Ie Itam Baroh",
  "kodepos" : "23654"
}, {
  "kecamatan" : "Woyla",
  "kelurahan" : "Ie Itam Tunong",
  "kodepos" : "23654"
}, {
  "kecamatan" : "Woyla",
  "kelurahan" : "Jawa",
  "kodepos" : "23654"
}, {
  "kecamatan" : "Woyla",
  "kelurahan" : "Gunong/Gunung Rambong",
  "kodepos" : "23654"
}, {
  "kecamatan" : "Woyla",
  "kelurahan" : "Gunung Hampa",
  "kodepos" : "23654"
}, {
  "kecamatan" : "Woyla",
  "kelurahan" : "Gempa Raya",
  "kodepos" : "23654"
}, {
  "kecamatan" : "Woyla",
  "kelurahan" : "Glee Siblah",
  "kodepos" : "23654"
}, {
  "kecamatan" : "Woyla",
  "kelurahan" : "Drin Mangko",
  "kodepos" : "23654"
}, {
  "kecamatan" : "Woyla",
  "kelurahan" : "Darul Huda",
  "kodepos" : "23654"
}, {
  "kecamatan" : "Woyla",
  "kelurahan" : "Cot Lagan BB/Cm",
  "kodepos" : "23654"
}, {
  "kecamatan" : "Woyla",
  "kelurahan" : "Cot Murong",
  "kodepos" : "23654"
}, {
  "kecamatan" : "Woyla",
  "kelurahan" : "Cot Situah",
  "kodepos" : "23654"
}, {
  "kecamatan" : "Woyla",
  "kelurahan" : "Cot Keumudee",
  "kodepos" : "23654"
}, {
  "kecamatan" : "Woyla",
  "kelurahan" : "Bakat",
  "kodepos" : "23654"
}, {
  "kecamatan" : "Woyla",
  "kelurahan" : "Blang Mee",
  "kodepos" : "23654"
}, {
  "kecamatan" : "Woyla",
  "kelurahan" : "Aron Tunong",
  "kodepos" : "23654"
}, {
  "kecamatan" : "Woyla",
  "kelurahan" : "Aron Baroh",
  "kodepos" : "23654"
}, {
  "kecamatan" : "Woyla",
  "kelurahan" : "Alue Sundak",
  "kodepos" : "23654"
}, {
  "kecamatan" : "Woyla",
  "kelurahan" : "Alue Blang",
  "kodepos" : "23654"
}, {
  "kecamatan" : "Woyla",
  "kelurahan" : "Alue Panyang",
  "kodepos" : "23654"
}, {
  "kecamatan" : "Woyla",
  "kelurahan" : "Alue Sikaya",
  "kodepos" : "23654"
}, {
  "kecamatan" : "Bubon",
  "kelurahan" : "Ulee Blang",
  "kodepos" : "23652"
}, {
  "kecamatan" : "Arongan Lambalek",
  "kelurahan" : "Ujong Simpang",
  "kodepos" : "23652"
}, {
  "kecamatan" : "Samatiga",
  "kelurahan" : "Ujong Nga",
  "kodepos" : "23652"
}, {
  "kecamatan" : "Arongan Lambalek",
  "kelurahan" : "Teupin Peuraho",
  "kodepos" : "23652"
}, {
  "kecamatan" : "Arongan Lambalek",
  "kelurahan" : "Ujong Beusa",
  "kodepos" : "23652"
}, {
  "kecamatan" : "Samatiga",
  "kelurahan" : "Suak Seukee",
  "kodepos" : "23652"
}, {
  "kecamatan" : "Samatiga",
  "kelurahan" : "Suak Seumaseh",
  "kodepos" : "23652"
}, {
  "kecamatan" : "Samatiga",
  "kelurahan" : "Suak Timah",
  "kodepos" : "23652"
}, {
  "kecamatan" : "Samatiga",
  "kelurahan" : "Suak Pante Breuh",
  "kodepos" : "23652"
}, {
  "kecamatan" : "Bubon",
  "kelurahan" : "Suak Pangkat",
  "kodepos" : "23652"
}, {
  "kecamatan" : "Arongan Lambalek",
  "kelurahan" : "Suak Ie Beusou",
  "kodepos" : "23652"
}, {
  "kecamatan" : "Samatiga",
  "kelurahan" : "Suak Pandan",
  "kodepos" : "23652"
}, {
  "kecamatan" : "Arongan Lambalek",
  "kelurahan" : "Suak Keumudee",
  "kodepos" : "23652"
}, {
  "kecamatan" : "Arongan Lambalek",
  "kelurahan" : "Suak Bidok",
  "kodepos" : "23652"
}, {
  "kecamatan" : "Samatiga",
  "kelurahan" : "Suak Geudubang",
  "kodepos" : "23652"
}, {
  "kecamatan" : "Arongan Lambalek",
  "kelurahan" : "Simpang Peut",
  "kodepos" : "23652"
}, {
  "kecamatan" : "Bubon",
  "kelurahan" : "Seuneubok Trap",
  "kodepos" : "23652"
}, {
  "kecamatan" : "Arongan Lambalek",
  "kelurahan" : "Seuneubok Lueng",
  "kodepos" : "23652"
}, {
  "kecamatan" : "Arongan Lambalek",
  "kelurahan" : "Seuneubok Teungoh",
  "kodepos" : "23652"
}, {
  "kecamatan" : "Bubon",
  "kelurahan" : "Seumuleng",
  "kodepos" : "23652"
}, {
  "kecamatan" : "Arongan Lambalek",
  "kelurahan" : "Rimba Langgeh",
  "kodepos" : "23652"
}, {
  "kecamatan" : "Samatiga",
  "kelurahan" : "Reusak",
  "kodepos" : "23652"
}, {
  "kecamatan" : "Samatiga",
  "kelurahan" : "Pucok Lueng",
  "kodepos" : "23652"
}, {
  "kecamatan" : "Samatiga",
  "kelurahan" : "Rangkileh",
  "kodepos" : "23652"
}, {
  "kecamatan" : "Bubon",
  "kelurahan" : "Rambong",
  "kodepos" : "23652"
}, {
  "kecamatan" : "Arongan Lambalek",
  "kelurahan" : "Peuribu",
  "kodepos" : "23652"
}, {
  "kecamatan" : "Samatiga",
  "kelurahan" : "Pinem",
  "kodepos" : "23652"
}, {
  "kecamatan" : "Bubon",
  "kelurahan" : "Peulanteu Sp",
  "kodepos" : "23652"
}, {
  "kecamatan" : "Arongan Lambalek",
  "kelurahan" : "Panton Makmur",
  "kodepos" : "23652"
}, {
  "kecamatan" : "Arongan Lambalek",
  "kelurahan" : "Peulanteu Lb",
  "kodepos" : "23652"
}, {
  "kecamatan" : "Samatiga",
  "kelurahan" : "Paya Lumpat",
  "kodepos" : "23652"
}, {
  "kecamatan" : "Arongan Lambalek",
  "kelurahan" : "Pante Meutia",
  "kodepos" : "23652"
}, {
  "kecamatan" : "Arongan Lambalek",
  "kelurahan" : "Panton Bahagia",
  "kodepos" : "23652"
}, {
  "kecamatan" : "Samatiga",
  "kelurahan" : "Pange",
  "kodepos" : "23652"
}, {
  "kecamatan" : "Samatiga",
  "kelurahan" : "Lubok",
  "kodepos" : "23652"
}, {
  "kecamatan" : "Samatiga",
  "kelurahan" : "Mesjid Baro",
  "kodepos" : "23652"
}, {
  "kecamatan" : "Samatiga",
  "kelurahan" : "Leukeun",
  "kodepos" : "23652"
}, {
  "kecamatan" : "Samatiga",
  "kelurahan" : "Lhok Bubon",
  "kodepos" : "23652"
}, {
  "kecamatan" : "Bubon",
  "kelurahan" : "Liceh",
  "kodepos" : "23652"
}, {
  "kecamatan" : "Bubon",
  "kelurahan" : "Kuta Padang",
  "kodepos" : "23652"
}, {
  "kecamatan" : "Bubon",
  "kelurahan" : "Layung",
  "kodepos" : "23652"
}, {
  "kecamatan" : "Arongan Lambalek",
  "kelurahan" : "Kubu",
  "kodepos" : "23652"
}, {
  "kecamatan" : "Bubon",
  "kelurahan" : "Kuala Pling",
  "kodepos" : "23652"
}, {
  "kecamatan" : "Samatiga",
  "kelurahan" : "Krueng Tinggai",
  "kodepos" : "23652"
}, {
  "kecamatan" : "Samatiga",
  "kelurahan" : "Kuala Bubon",
  "kodepos" : "23652"
}, {
  "kecamatan" : "Samatiga",
  "kelurahan" : "Keureuseng",
  "kodepos" : "23652"
}, {
  "kecamatan" : "Arongan Lambalek",
  "kelurahan" : "Keub",
  "kodepos" : "23652"
}, {
  "kecamatan" : "Bubon",
  "kelurahan" : "Gunong Panah",
  "kodepos" : "23652"
}, {
  "kecamatan" : "Arongan Lambalek",
  "kelurahan" : "Gunong Pulo",
  "kodepos" : "23652"
}, {
  "kecamatan" : "Arongan Lambalek",
  "kelurahan" : "Karang Hampa",
  "kodepos" : "23652"
}, {
  "kecamatan" : "Samatiga",
  "kelurahan" : "Gampong Cot",
  "kodepos" : "23652"
}, {
  "kecamatan" : "Samatiga",
  "kelurahan" : "Gampong Ladang",
  "kodepos" : "23652"
}, {
  "kecamatan" : "Samatiga",
  "kelurahan" : "Gampong Teungoh",
  "kodepos" : "23652"
}, {
  "kecamatan" : "Samatiga",
  "kelurahan" : "Cot Seumeureng",
  "kodepos" : "23652"
}, {
  "kecamatan" : "Samatiga",
  "kelurahan" : "Deuah",
  "kodepos" : "23652"
}, {
  "kecamatan" : "Arongan Lambalek",
  "kelurahan" : "Drien Rampak",
  "kodepos" : "23652"
}, {
  "kecamatan" : "Samatiga",
  "kelurahan" : "Cot Mesjid",
  "kodepos" : "23652"
}, {
  "kecamatan" : "Samatiga",
  "kelurahan" : "Cot Pluh",
  "kodepos" : "23652"
}, {
  "kecamatan" : "Samatiga",
  "kelurahan" : "Cot Seulamat",
  "kodepos" : "23652"
}, {
  "kecamatan" : "Samatiga",
  "kelurahan" : "Cot Lampise",
  "kodepos" : "23652"
}, {
  "kecamatan" : "Bubon",
  "kelurahan" : "Cot Lada",
  "kodepos" : "23652"
}, {
  "kecamatan" : "Bubon",
  "kelurahan" : "Cot Keumuneng",
  "kodepos" : "23652"
}, {
  "kecamatan" : "Arongan Lambalek",
  "kelurahan" : "Cot Kumbang",
  "kodepos" : "23652"
}, {
  "kecamatan" : "Samatiga",
  "kelurahan" : "Cot Darat",
  "kodepos" : "23652"
}, {
  "kecamatan" : "Arongan Lambalek",
  "kelurahan" : "Cot Buloh",
  "kodepos" : "23652"
}, {
  "kecamatan" : "Arongan Lambalek",
  "kelurahan" : "Cot Jurumudi",
  "kodepos" : "23652"
}, {
  "kecamatan" : "Samatiga",
  "kelurahan" : "Cot Amun",
  "kodepos" : "23652"
}, {
  "kecamatan" : "Bubon",
  "kelurahan" : "Blang Sibeutong",
  "kodepos" : "23652"
}, {
  "kecamatan" : "Bubon",
  "kelurahan" : "Beurawang",
  "kodepos" : "23652"
}, {
  "kecamatan" : "Arongan Lambalek",
  "kelurahan" : "Alue Sundak",
  "kodepos" : "23652"
}, {
  "kecamatan" : "Arongan Lambalek",
  "kelurahan" : "Arongan",
  "kodepos" : "23652"
}, {
  "kecamatan" : "Arongan Lambalek",
  "kelurahan" : "Alue Batee",
  "kodepos" : "23652"
}, {
  "kecamatan" : "Bubon",
  "kelurahan" : "Alue Lhok",
  "kodepos" : "23652"
}, {
  "kecamatan" : "Samatiga",
  "kelurahan" : "Alue Raya",
  "kodepos" : "23652"
}, {
  "kecamatan" : "Bubon",
  "kelurahan" : "Alue Bakong",
  "kodepos" : "23652"
}, {
  "kecamatan" : "Arongan Lambalek",
  "kelurahan" : "Alue Bagok",
  "kodepos" : "23652"
}, {
  "kecamatan" : "Johan Pahlawan",
  "kelurahan" : "Lapang",
  "kodepos" : "23618"
}, {
  "kecamatan" : "Johan Pahlawan",
  "kelurahan" : "Drien Rampak",
  "kodepos" : "23617"
}, {
  "kecamatan" : "Johan Pahlawan",
  "kelurahan" : "Blang Berandang",
  "kodepos" : "23618"
}, {
  "kecamatan" : "Meureubo",
  "kelurahan" : "Ujong Tanoh Darat",
  "kodepos" : "23615"
}, {
  "kecamatan" : "Johan Pahlawan",
  "kelurahan" : "Rundeng",
  "kodepos" : "23616"
}, {
  "kecamatan" : "Johan Pahlawan",
  "kelurahan" : "Ujong Baroh",
  "kodepos" : "23615"
}, {
  "kecamatan" : "Meureubo",
  "kelurahan" : "Ujong Drien",
  "kodepos" : "23615"
}, {
  "kecamatan" : "Meureubo",
  "kelurahan" : "Ujong Tanjong",
  "kodepos" : "23615"
}, {
  "kecamatan" : "Meureubo",
  "kelurahan" : "Reudeup",
  "kodepos" : "23615"
}, {
  "kecamatan" : "Meureubo",
  "kelurahan" : "Sumber Batu",
  "kodepos" : "23615"
}, {
  "kecamatan" : "Meureubo",
  "kelurahan" : "Ranto Panyang Barat",
  "kodepos" : "23615"
}, {
  "kecamatan" : "Meureubo",
  "kelurahan" : "Ranto Panyang Timur",
  "kodepos" : "23615"
}, {
  "kecamatan" : "Meureubo",
  "kelurahan" : "Ranub Dong",
  "kodepos" : "23615"
}, {
  "kecamatan" : "Meureubo",
  "kelurahan" : "Pucok Reudeup",
  "kodepos" : "23615"
}, {
  "kecamatan" : "Meureubo",
  "kelurahan" : "Pulo Teungoh Ranto",
  "kodepos" : "23615"
}, {
  "kecamatan" : "Meureubo",
  "kelurahan" : "Peunaga Pasi",
  "kodepos" : "23615"
}, {
  "kecamatan" : "Meureubo",
  "kelurahan" : "Peunaga Rayeuk",
  "kodepos" : "23615"
}, {
  "kecamatan" : "Meureubo",
  "kelurahan" : "Paya Peunaga",
  "kodepos" : "23615"
}, {
  "kecamatan" : "Meureubo",
  "kelurahan" : "Peunaga Cut Ujong",
  "kodepos" : "23615"
}, {
  "kecamatan" : "Meureubo",
  "kelurahan" : "Pasi Mesjid",
  "kodepos" : "23615"
}, {
  "kecamatan" : "Meureubo",
  "kelurahan" : "Pasi Pinang",
  "kodepos" : "23615"
}, {
  "kecamatan" : "Meureubo",
  "kelurahan" : "Paya Baro Rp.",
  "kodepos" : "23615"
}, {
  "kecamatan" : "Meureubo",
  "kelurahan" : "Pasi Aceh Baroh",
  "kodepos" : "23615"
}, {
  "kecamatan" : "Meureubo",
  "kelurahan" : "Pasi Aceh Tunong",
  "kodepos" : "23615"
}, {
  "kecamatan" : "Meureubo",
  "kelurahan" : "Mesjid Tuha",
  "kodepos" : "23615"
}, {
  "kecamatan" : "Meureubo",
  "kelurahan" : "Meureubo",
  "kodepos" : "23615"
}, {
  "kecamatan" : "Meureubo",
  "kelurahan" : "Buloh",
  "kodepos" : "23615"
}, {
  "kecamatan" : "Meureubo",
  "kelurahan" : "Gunong Kleng",
  "kodepos" : "23615"
}, {
  "kecamatan" : "Meureubo",
  "kelurahan" : "Langung",
  "kodepos" : "23615"
}, {
  "kecamatan" : "Meureubo",
  "kelurahan" : "Balee",
  "kodepos" : "23615"
}, {
  "kecamatan" : "Meureubo",
  "kelurahan" : "Bukit Jaya",
  "kodepos" : "23615"
}, {
  "kecamatan" : "Johan Pahlawan",
  "kelurahan" : "Ujung Kalak",
  "kodepos" : "23613"
}, {
  "kecamatan" : "Johan Pahlawan",
  "kelurahan" : "Kuta Padang",
  "kodepos" : "23614"
}, {
  "kecamatan" : "Johan Pahlawan",
  "kelurahan" : "Panggong",
  "kodepos" : "23612"
}, {
  "kecamatan" : "Johan Pahlawan",
  "kelurahan" : "Pasar Aceh",
  "kodepos" : "23612"
}, {
  "kecamatan" : "Johan Pahlawan",
  "kelurahan" : "Suwak Indrapuri",
  "kodepos" : "23611"
}, {
  "kecamatan" : "Johan Pahlawan",
  "kelurahan" : "Suak Ribee",
  "kodepos" : "23611"
}, {
  "kecamatan" : "Johan Pahlawan",
  "kelurahan" : "Suak Sigadeng",
  "kodepos" : "23611"
}, {
  "kecamatan" : "Johan Pahlawan",
  "kelurahan" : "Suak Nie",
  "kodepos" : "23611"
}, {
  "kecamatan" : "Johan Pahlawan",
  "kelurahan" : "Suak Raya",
  "kodepos" : "23611"
}, {
  "kecamatan" : "Johan Pahlawan",
  "kelurahan" : "Padang Seurahet",
  "kodepos" : "23611"
}, {
  "kecamatan" : "Johan Pahlawan",
  "kelurahan" : "Seuneubok",
  "kodepos" : "23611"
}, {
  "kecamatan" : "Johan Pahlawan",
  "kelurahan" : "Kampung Darat",
  "kodepos" : "23611"
}, {
  "kecamatan" : "Johan Pahlawan",
  "kelurahan" : "Kampung Pasir",
  "kodepos" : "23611"
}, {
  "kecamatan" : "Johan Pahlawan",
  "kelurahan" : "Leuhan",
  "kodepos" : "23611"
}, {
  "kecamatan" : "Johan Pahlawan",
  "kelurahan" : "Kampung Belakang",
  "kodepos" : "23611"
}, {
  "kecamatan" : "Johan Pahlawan",
  "kelurahan" : "Gampa",
  "kodepos" : "23611"
} ]
