[ {
  "kecamatan" : "Jaya",
  "kelurahan" : "Ujong Sudeun",
  "kodepos" : "23657"
}, {
  "kecamatan" : "Indra Jaya",
  "kelurahan" : "Teumareum",
  "kodepos" : "23657"
}, {
  "kecamatan" : "Indra Jaya",
  "kelurahan" : "Ujong Muloh",
  "kodepos" : "23657"
}, {
  "kecamatan" : "Jaya",
  "kelurahan" : "Sapek",
  "kodepos" : "23657"
}, {
  "kecamatan" : "Jaya",
  "kelurahan" : "Sango",
  "kodepos" : "23657"
}, {
  "kecamatan" : "Jaya",
  "kelurahan" : "Sabet",
  "kodepos" : "23657"
}, {
  "kecamatan" : "Jaya",
  "kelurahan" : "Putue",
  "kodepos" : "23657"
}, {
  "kecamatan" : "Jaya",
  "kelurahan" : "Rumpet",
  "kodepos" : "23657"
}, {
  "kecamatan" : "Jaya",
  "kelurahan" : "Pasar Lamno",
  "kodepos" : "23657"
}, {
  "kecamatan" : "Jaya",
  "kelurahan" : "Panton Makmur",
  "kodepos" : "23657"
}, {
  "kecamatan" : "Jaya",
  "kelurahan" : "Pante Cermin",
  "kodepos" : "23657"
}, {
  "kecamatan" : "Jaya",
  "kelurahan" : "Pante Keutapang",
  "kodepos" : "23657"
}, {
  "kecamatan" : "Jaya",
  "kelurahan" : "Nusa",
  "kodepos" : "23657"
}, {
  "kecamatan" : "Indra Jaya",
  "kelurahan" : "Mukhan",
  "kodepos" : "23657"
}, {
  "kecamatan" : "Indra Jaya",
  "kelurahan" : "Mukhan",
  "kodepos" : "23657"
}, {
  "kecamatan" : "Jaya",
  "kelurahan" : "Meunasah Weh",
  "kodepos" : "23657"
}, {
  "kecamatan" : "Indra Jaya",
  "kelurahan" : "Meunasah Tutong",
  "kodepos" : "23657"
}, {
  "kecamatan" : "Indra Jaya",
  "kelurahan" : "Meunasah Teungoh",
  "kodepos" : "23657"
}, {
  "kecamatan" : "Jaya",
  "kelurahan" : "Meunasah Serba",
  "kodepos" : "23657"
}, {
  "kecamatan" : "Indra Jaya",
  "kelurahan" : "Meunasah Rayeuk",
  "kodepos" : "23657"
}, {
  "kecamatan" : "Jaya",
  "kelurahan" : "Meudheun",
  "kodepos" : "23657"
}, {
  "kecamatan" : "Indra Jaya",
  "kelurahan" : "Meudang Ghon",
  "kodepos" : "23657"
}, {
  "kecamatan" : "Jaya",
  "kelurahan" : "Lhuet",
  "kodepos" : "23657"
}, {
  "kecamatan" : "Jaya",
  "kelurahan" : "Mareu",
  "kodepos" : "23657"
}, {
  "kecamatan" : "Jaya",
  "kelurahan" : "Lamme",
  "kodepos" : "23657"
}, {
  "kecamatan" : "Jaya",
  "kelurahan" : "Lamtui",
  "kodepos" : "23657"
}, {
  "kecamatan" : "Jaya",
  "kelurahan" : "Leupe",
  "kodepos" : "23657"
}, {
  "kecamatan" : "Jaya",
  "kelurahan" : "Lamasan",
  "kodepos" : "23657"
}, {
  "kecamatan" : "Jaya",
  "kelurahan" : "Lambaroh",
  "kodepos" : "23657"
}, {
  "kecamatan" : "Indra Jaya",
  "kelurahan" : "Kuala",
  "kodepos" : "23657"
}, {
  "kecamatan" : "Jaya",
  "kelurahan" : "Lam Durian",
  "kodepos" : "23657"
}, {
  "kecamatan" : "Indra Jaya",
  "kelurahan" : "Kareng Ateuh",
  "kodepos" : "23657"
}, {
  "kecamatan" : "Indra Jaya",
  "kelurahan" : "Keude Unga",
  "kodepos" : "23657"
}, {
  "kecamatan" : "Jaya",
  "kelurahan" : "Krueng Tunong",
  "kodepos" : "23657"
}, {
  "kecamatan" : "Indra Jaya",
  "kelurahan" : "Jangeut",
  "kodepos" : "23657"
}, {
  "kecamatan" : "Jaya",
  "kelurahan" : "Jambo Masi",
  "kodepos" : "23657"
}, {
  "kecamatan" : "Jaya",
  "kelurahan" : "Gle Jong",
  "kodepos" : "23657"
}, {
  "kecamatan" : "Jaya",
  "kelurahan" : "Gle Putoh",
  "kodepos" : "23657"
}, {
  "kecamatan" : "Jaya",
  "kelurahan" : "Gampong Baro",
  "kodepos" : "23657"
}, {
  "kecamatan" : "Jaya",
  "kelurahan" : "Cot Dulang",
  "kodepos" : "23657"
}, {
  "kecamatan" : "Jaya",
  "kelurahan" : "Darat",
  "kodepos" : "23657"
}, {
  "kecamatan" : "Jaya",
  "kelurahan" : "Babah Krueng",
  "kodepos" : "23657"
}, {
  "kecamatan" : "Jaya",
  "kelurahan" : "Bak Paoh",
  "kodepos" : "23657"
}, {
  "kecamatan" : "Indra Jaya",
  "kelurahan" : "Ceunamprong",
  "kodepos" : "23657"
}, {
  "kecamatan" : "Jaya",
  "kelurahan" : "Babah Ie",
  "kodepos" : "23657"
}, {
  "kecamatan" : "Indra Jaya",
  "kelurahan" : "Babah Dua",
  "kodepos" : "23657"
}, {
  "kecamatan" : "Jaya",
  "kelurahan" : "Alue Rayeuk",
  "kodepos" : "23657"
}, {
  "kecamatan" : "Indra Jaya",
  "kelurahan" : "Alue Mie",
  "kodepos" : "23657"
}, {
  "kecamatan" : "Darul Hikmah",
  "kelurahan" : "Ujong Rimba",
  "kodepos" : "23656"
}, {
  "kecamatan" : "Sampoiniet",
  "kelurahan" : "Seumantok",
  "kodepos" : "23656"
}, {
  "kecamatan" : "Darul Hikmah",
  "kelurahan" : "Reuntang",
  "kodepos" : "23656"
}, {
  "kecamatan" : "Darul Hikmah",
  "kelurahan" : "Sayeung",
  "kodepos" : "23656"
}, {
  "kecamatan" : "Sampoiniet",
  "kelurahan" : "Ranto Sabon",
  "kodepos" : "23656"
}, {
  "kecamatan" : "Sampoiniet",
  "kelurahan" : "Pulo Raya",
  "kodepos" : "23656"
}, {
  "kecamatan" : "Sampoiniet",
  "kelurahan" : "Pulo Raya",
  "kodepos" : "23656"
}, {
  "kecamatan" : "Darul Hikmah",
  "kelurahan" : "Panton Krueng",
  "kodepos" : "23656"
}, {
  "kecamatan" : "Darul Hikmah",
  "kelurahan" : "Patek",
  "kodepos" : "23656"
}, {
  "kecamatan" : "Darul Hikmah",
  "kelurahan" : "Pajar",
  "kodepos" : "23656"
}, {
  "kecamatan" : "Sampoiniet",
  "kelurahan" : "Meunasah Kulam",
  "kodepos" : "23656"
}, {
  "kecamatan" : "Darul Hikmah",
  "kelurahan" : "Masen",
  "kodepos" : "23656"
}, {
  "kecamatan" : "Sampoiniet",
  "kelurahan" : "Mataie (Mata IE)",
  "kodepos" : "23656"
}, {
  "kecamatan" : "Darul Hikmah",
  "kelurahan" : "Lam Teungoh",
  "kodepos" : "23656"
}, {
  "kecamatan" : "Sampoiniet",
  "kelurahan" : "Lhok Kruet",
  "kodepos" : "23656"
}, {
  "kecamatan" : "Sampoiniet",
  "kelurahan" : "Ligan",
  "kodepos" : "23656"
}, {
  "kecamatan" : "Sampoiniet",
  "kelurahan" : "Kuala Bakong",
  "kodepos" : "23656"
}, {
  "kecamatan" : "Sampoiniet",
  "kelurahan" : "Kuala Ligan",
  "kodepos" : "23656"
}, {
  "kecamatan" : "Darul Hikmah",
  "kelurahan" : "Krueng Tho",
  "kodepos" : "23656"
}, {
  "kecamatan" : "Sampoiniet",
  "kelurahan" : "Krueng Ayon",
  "kodepos" : "23656"
}, {
  "kecamatan" : "Sampoiniet",
  "kelurahan" : "Krueng No",
  "kodepos" : "23656"
}, {
  "kecamatan" : "Darul Hikmah",
  "kelurahan" : "Gunung Cut",
  "kodepos" : "23656"
}, {
  "kecamatan" : "Sampoiniet",
  "kelurahan" : "Ie Jeureungeh",
  "kodepos" : "23656"
}, {
  "kecamatan" : "Sampoiniet",
  "kelurahan" : "Jeumpheuk",
  "kodepos" : "23656"
}, {
  "kecamatan" : "Darul Hikmah",
  "kelurahan" : "Gampong Baro L",
  "kodepos" : "23656"
}, {
  "kecamatan" : "Darul Hikmah",
  "kelurahan" : "Gampong Baro P",
  "kodepos" : "23656"
}, {
  "kecamatan" : "Darul Hikmah",
  "kelurahan" : "Cot Pange",
  "kodepos" : "23656"
}, {
  "kecamatan" : "Sampoiniet",
  "kelurahan" : "Cot Punti (Ex Upt V Patek)",
  "kodepos" : "23656"
}, {
  "kecamatan" : "Sampoiniet",
  "kelurahan" : "Crak Mong",
  "kodepos" : "23656"
}, {
  "kecamatan" : "Darul Hikmah",
  "kelurahan" : "Blang Luah",
  "kodepos" : "23656"
}, {
  "kecamatan" : "Sampoiniet",
  "kelurahan" : "Blang Monlung",
  "kodepos" : "23656"
}, {
  "kecamatan" : "Sampoiniet",
  "kelurahan" : "Cot Langsat",
  "kodepos" : "23656"
}, {
  "kecamatan" : "Darul Hikmah",
  "kelurahan" : "Blang Dalam",
  "kodepos" : "23656"
}, {
  "kecamatan" : "Sampoiniet",
  "kelurahan" : "Babah Nipah",
  "kodepos" : "23656"
}, {
  "kecamatan" : "Darul Hikmah",
  "kelurahan" : "Arongan",
  "kodepos" : "23656"
}, {
  "kecamatan" : "Darul Hikmah",
  "kelurahan" : "Babah Dua",
  "kodepos" : "23656"
}, {
  "kecamatan" : "Sampoiniet",
  "kelurahan" : "Alue Gro",
  "kodepos" : "23656"
}, {
  "kecamatan" : "Darul Hikmah",
  "kelurahan" : "Alue Gajah",
  "kodepos" : "23656"
}, {
  "kecamatan" : "Setia Bakti",
  "kelurahan" : "Sapek",
  "kodepos" : "23655"
}, {
  "kecamatan" : "Setia Bakti",
  "kelurahan" : "Sawang",
  "kodepos" : "23655"
}, {
  "kecamatan" : "Setia Bakti",
  "kelurahan" : "Pante Kuyun",
  "kodepos" : "23655"
}, {
  "kecamatan" : "Setia Bakti",
  "kelurahan" : "Paya Laut",
  "kodepos" : "23655"
}, {
  "kecamatan" : "Setia Bakti",
  "kelurahan" : "Padang",
  "kodepos" : "23655"
}, {
  "kecamatan" : "Setia Bakti",
  "kelurahan" : "Lhok Geulumpang",
  "kodepos" : "23655"
}, {
  "kecamatan" : "Setia Bakti",
  "kelurahan" : "Lhok Timon",
  "kodepos" : "23655"
}, {
  "kecamatan" : "Setia Bakti",
  "kelurahan" : "Lhok Bot",
  "kodepos" : "23655"
}, {
  "kecamatan" : "Setia Bakti",
  "kelurahan" : "Lhok Buya",
  "kodepos" : "23655"
}, {
  "kecamatan" : "Setia Bakti",
  "kelurahan" : "Gampong Baroh",
  "kodepos" : "23655"
}, {
  "kecamatan" : "Setia Bakti",
  "kelurahan" : "Gle Subak",
  "kodepos" : "23655"
}, {
  "kecamatan" : "Setia Bakti",
  "kelurahan" : "Gunong Meunasah",
  "kodepos" : "23655"
}, {
  "kecamatan" : "Setia Bakti",
  "kelurahan" : "Gampong Baro",
  "kodepos" : "23655"
}, {
  "kecamatan" : "Krueng Sabee",
  "kelurahan" : "Sentosa",
  "kodepos" : "23654"
}, {
  "kecamatan" : "Krueng Sabee",
  "kelurahan" : "Ranto Panyang",
  "kodepos" : "23654"
}, {
  "kecamatan" : "Krueng Sabee",
  "kelurahan" : "Panton Makmur",
  "kodepos" : "23654"
}, {
  "kecamatan" : "Krueng Sabee",
  "kelurahan" : "Panton Makmur",
  "kodepos" : "23654"
}, {
  "kecamatan" : "Krueng Sabee",
  "kelurahan" : "Panggong",
  "kodepos" : "23654"
}, {
  "kecamatan" : "Krueng Sabee",
  "kelurahan" : "Padang Datar",
  "kodepos" : "23654"
}, {
  "kecamatan" : "Krueng Sabee",
  "kelurahan" : "Mon Mata",
  "kodepos" : "23654"
}, {
  "kecamatan" : "Krueng Sabee",
  "kelurahan" : "Keutapang",
  "kodepos" : "23654"
}, {
  "kecamatan" : "Krueng Sabee",
  "kelurahan" : "Keude Krueng Sabee",
  "kodepos" : "23654"
}, {
  "kecamatan" : "Krueng Sabee",
  "kelurahan" : "Kabong",
  "kodepos" : "23654"
}, {
  "kecamatan" : "Krueng Sabee",
  "kelurahan" : "Kampung Blang (Gampong Blang)",
  "kodepos" : "23654"
}, {
  "kecamatan" : "Krueng Sabee",
  "kelurahan" : "Dayah Baro",
  "kodepos" : "23654"
}, {
  "kecamatan" : "Krueng Sabee",
  "kelurahan" : "Datar Luas",
  "kodepos" : "23654"
}, {
  "kecamatan" : "Krueng Sabee",
  "kelurahan" : "Curek",
  "kodepos" : "23654"
}, {
  "kecamatan" : "Krueng Sabee",
  "kelurahan" : "Buntha",
  "kodepos" : "23654"
}, {
  "kecamatan" : "Krueng Sabee",
  "kelurahan" : "Bahagia",
  "kodepos" : "23654"
}, {
  "kecamatan" : "Krueng Sabee",
  "kelurahan" : "Alue Tho",
  "kodepos" : "23654"
}, {
  "kecamatan" : "Pasie Raya",
  "kelurahan" : "Tuwi Perya",
  "kodepos" : "23653"
}, {
  "kecamatan" : "Teunom",
  "kelurahan" : "Weu / Weue Gajah",
  "kodepos" : "23653"
}, {
  "kecamatan" : "Keude Panga",
  "kelurahan" : "Tuwi Kareung Panga",
  "kodepos" : "23653"
}, {
  "kecamatan" : "Keude Panga",
  "kelurahan" : "Tuwi Kayee",
  "kodepos" : "23653"
}, {
  "kecamatan" : "Pasie Raya",
  "kelurahan" : "Tuwi Kareung I",
  "kodepos" : "23653"
}, {
  "kecamatan" : "Keude Panga",
  "kelurahan" : "Tuwi Empeuk",
  "kodepos" : "23653"
}, {
  "kecamatan" : "Pasie Raya",
  "kelurahan" : "Tim Pleung",
  "kodepos" : "23653"
}, {
  "kecamatan" : "Teunom",
  "kelurahan" : "Teupin Ara",
  "kodepos" : "23653"
}, {
  "kecamatan" : "Teunom",
  "kelurahan" : "Tanoh Anou / Anoe",
  "kodepos" : "23653"
}, {
  "kecamatan" : "Teunom",
  "kelurahan" : "Tanoh Manyang",
  "kodepos" : "23653"
}, {
  "kecamatan" : "Teunom",
  "kelurahan" : "Seumira",
  "kodepos" : "23653"
}, {
  "kecamatan" : "Pasie Raya",
  "kelurahan" : "Sarah Raya",
  "kodepos" : "23653"
}, {
  "kecamatan" : "Teunom",
  "kelurahan" : "Seuneubok Padang",
  "kodepos" : "23653"
}, {
  "kecamatan" : "Teunom",
  "kelurahan" : "Rambong Payong",
  "kodepos" : "23653"
}, {
  "kecamatan" : "Pasie Raya",
  "kelurahan" : "Pulo Tinggi",
  "kodepos" : "23653"
}, {
  "kecamatan" : "Teunom",
  "kelurahan" : "Pasi Tulak Bala",
  "kodepos" : "23653"
}, {
  "kecamatan" : "Teunom",
  "kelurahan" : "Pasi Tulak Bala",
  "kodepos" : "23653"
}, {
  "kecamatan" : "Pasie Raya",
  "kelurahan" : "Pasi Teubee",
  "kodepos" : "23653"
}, {
  "kecamatan" : "Teunom",
  "kelurahan" : "Pasi Timon",
  "kodepos" : "23653"
}, {
  "kecamatan" : "Teunom",
  "kelurahan" : "Pasi Pawang",
  "kodepos" : "23653"
}, {
  "kecamatan" : "Keude Panga",
  "kelurahan" : "Panton Kabu",
  "kodepos" : "23653"
}, {
  "kecamatan" : "Keude Panga",
  "kelurahan" : "Panton Krueng",
  "kodepos" : "23653"
}, {
  "kecamatan" : "Teunom",
  "kelurahan" : "Pasi Geulima",
  "kodepos" : "23653"
}, {
  "kecamatan" : "Teunom",
  "kelurahan" : "Padang Kleng",
  "kodepos" : "23653"
}, {
  "kecamatan" : "Teunom",
  "kelurahan" : "Panton",
  "kodepos" : "23653"
}, {
  "kecamatan" : "Teunom",
  "kelurahan" : "Lueng Gayo",
  "kodepos" : "23653"
}, {
  "kecamatan" : "Pasie Raya",
  "kelurahan" : "Lhok Guci",
  "kodepos" : "23653"
}, {
  "kecamatan" : "Teunom",
  "kelurahan" : "Kubu",
  "kodepos" : "23653"
}, {
  "kecamatan" : "Keude Panga",
  "kelurahan" : "Kuta Tuha",
  "kodepos" : "23653"
}, {
  "kecamatan" : "Keude Panga",
  "kelurahan" : "Ladang Baro",
  "kodepos" : "23653"
}, {
  "kecamatan" : "Teunom",
  "kelurahan" : "Keude Teunom",
  "kodepos" : "23653"
}, {
  "kecamatan" : "Pasie Raya",
  "kelurahan" : "Krueng Beukah",
  "kodepos" : "23653"
}, {
  "kecamatan" : "Keude Panga",
  "kelurahan" : "Gunong Meulinteung",
  "kodepos" : "23653"
}, {
  "kecamatan" : "Keude Panga",
  "kelurahan" : "Keude Panga",
  "kodepos" : "23653"
}, {
  "kecamatan" : "Keude Panga",
  "kelurahan" : "Gleputoh",
  "kodepos" : "23653"
}, {
  "kecamatan" : "Keude Panga",
  "kelurahan" : "Gunong Buloh",
  "kodepos" : "23653"
}, {
  "kecamatan" : "Keude Panga",
  "kelurahan" : "Gunong Mantok",
  "kodepos" : "23653"
}, {
  "kecamatan" : "Keude Panga",
  "kelurahan" : "Gampong Harapan",
  "kodepos" : "23653"
}, {
  "kecamatan" : "Teunom",
  "kelurahan" : "Gampong Baro",
  "kodepos" : "23653"
}, {
  "kecamatan" : "Teunom",
  "kelurahan" : "Cot Trap",
  "kodepos" : "23653"
}, {
  "kecamatan" : "Pasie Raya",
  "kelurahan" : "Ceuraceu",
  "kodepos" : "23653"
}, {
  "kecamatan" : "Teunom",
  "kelurahan" : "Blang Baro",
  "kodepos" : "23653"
}, {
  "kecamatan" : "Teunom",
  "kelurahan" : "Blang Rame",
  "kodepos" : "23653"
}, {
  "kecamatan" : "Pasie Raya",
  "kelurahan" : "Buket Keumuneng",
  "kodepos" : "23653"
}, {
  "kecamatan" : "Pasie Raya",
  "kelurahan" : "Bintah",
  "kodepos" : "23653"
}, {
  "kecamatan" : "Keude Panga",
  "kelurahan" : "Batee Meutudong",
  "kodepos" : "23653"
}, {
  "kecamatan" : "Teunom",
  "kelurahan" : "Batee-Roo",
  "kodepos" : "23653"
}, {
  "kecamatan" : "Keude Panga",
  "kelurahan" : "Alue Teungoh",
  "kodepos" : "23653"
}, {
  "kecamatan" : "Keude Panga",
  "kelurahan" : "Babah Ceupan",
  "kodepos" : "23653"
}, {
  "kecamatan" : "Keude Panga",
  "kelurahan" : "Alue Raya",
  "kodepos" : "23653"
}, {
  "kecamatan" : "Pasie Raya",
  "kelurahan" : "Alue Punti",
  "kodepos" : "23653"
}, {
  "kecamatan" : "Teunom",
  "kelurahan" : "Alue Meuraksa / Meurasa",
  "kodepos" : "23653"
}, {
  "kecamatan" : "Pasie Raya",
  "kelurahan" : "Alue Krueng",
  "kodepos" : "23653"
}, {
  "kecamatan" : "Keude Panga",
  "kelurahan" : "Alue Pande",
  "kodepos" : "23653"
}, {
  "kecamatan" : "Teunom",
  "kelurahan" : "Alue Ambang",
  "kodepos" : "23653"
}, {
  "kecamatan" : "Pasie Raya",
  "kelurahan" : "Alue Jang",
  "kodepos" : "23653"
}, {
  "kecamatan" : "Keude Panga",
  "kelurahan" : "Alue Abet",
  "kodepos" : "23653"
} ]
