[ {
  "kecamatan" : "Maje",
  "kelurahan" : "Way Hawang",
  "kodepos" : "38965"
}, {
  "kecamatan" : "Maje",
  "kelurahan" : "Tanjung Beringin",
  "kodepos" : "38965"
}, {
  "kecamatan" : "Maje",
  "kelurahan" : "Tanjung Ganti",
  "kodepos" : "38965"
}, {
  "kecamatan" : "Maje",
  "kelurahan" : "Tanjung Aur",
  "kodepos" : "38965"
}, {
  "kecamatan" : "Maje",
  "kelurahan" : "Tanjung Baru",
  "kodepos" : "38965"
}, {
  "kecamatan" : "Maje",
  "kelurahan" : "Suka Menanti",
  "kodepos" : "38965"
}, {
  "kecamatan" : "Maje",
  "kelurahan" : "Sumber Harapan",
  "kodepos" : "38965"
}, {
  "kecamatan" : "Maje",
  "kelurahan" : "Tanjung Agung",
  "kodepos" : "38965"
}, {
  "kecamatan" : "Maje",
  "kelurahan" : "Pematang Danau",
  "kodepos" : "38965"
}, {
  "kecamatan" : "Maje",
  "kelurahan" : "Penyandingan",
  "kodepos" : "38965"
}, {
  "kecamatan" : "Maje",
  "kelurahan" : "Muara Jaya",
  "kodepos" : "38965"
}, {
  "kecamatan" : "Maje",
  "kelurahan" : "Parda Suka",
  "kodepos" : "38965"
}, {
  "kecamatan" : "Maje",
  "kelurahan" : "Kedataran",
  "kodepos" : "38965"
}, {
  "kecamatan" : "Maje",
  "kelurahan" : "Linau",
  "kodepos" : "38965"
}, {
  "kecamatan" : "Maje",
  "kelurahan" : "Arga Mulya",
  "kodepos" : "38965"
}, {
  "kecamatan" : "Maje",
  "kelurahan" : "Bakal Makmur",
  "kodepos" : "38965"
}, {
  "kecamatan" : "Maje",
  "kelurahan" : "Benteng Harapan",
  "kodepos" : "38965"
}, {
  "kecamatan" : "Maje",
  "kelurahan" : "Air Jelatang",
  "kodepos" : "38965"
}, {
  "kecamatan" : "Maje",
  "kelurahan" : "Air Long",
  "kodepos" : "38965"
}, {
  "kecamatan" : "Maje",
  "kelurahan" : "Air Bacang",
  "kodepos" : "38965"
}, {
  "kecamatan" : "Nasal",
  "kelurahan" : "Tebing Rambutan",
  "kodepos" : "38964"
}, {
  "kecamatan" : "Nasal",
  "kelurahan" : "Tri Jaya",
  "kodepos" : "38964"
}, {
  "kecamatan" : "Nasal",
  "kelurahan" : "Ulak Pandan",
  "kodepos" : "38964"
}, {
  "kecamatan" : "Nasal",
  "kelurahan" : "Suku Tiga",
  "kodepos" : "38964"
}, {
  "kecamatan" : "Nasal",
  "kelurahan" : "Sumber Harapan",
  "kodepos" : "38964"
}, {
  "kecamatan" : "Nasal",
  "kelurahan" : "Tanjung Betuah",
  "kodepos" : "38964"
}, {
  "kecamatan" : "Nasal",
  "kelurahan" : "Sinar Banten",
  "kodepos" : "38964"
}, {
  "kecamatan" : "Nasal",
  "kelurahan" : "Suka Jaya",
  "kodepos" : "38964"
}, {
  "kecamatan" : "Nasal",
  "kelurahan" : "Pasar Baru",
  "kodepos" : "38964"
}, {
  "kecamatan" : "Nasal",
  "kelurahan" : "Pasar Jumat",
  "kodepos" : "38964"
}, {
  "kecamatan" : "Nasal",
  "kelurahan" : "Merpas",
  "kodepos" : "38964"
}, {
  "kecamatan" : "Nasal",
  "kelurahan" : "Muara Dua",
  "kodepos" : "38964"
}, {
  "kecamatan" : "Nasal",
  "kelurahan" : "Gedung Menung",
  "kodepos" : "38964"
}, {
  "kecamatan" : "Nasal",
  "kelurahan" : "Burni",
  "kodepos" : "38964"
}, {
  "kecamatan" : "Nasal",
  "kelurahan" : "Batu Lungun",
  "kodepos" : "38964"
}, {
  "kecamatan" : "Nasal",
  "kelurahan" : "Bukit Indah",
  "kodepos" : "38964"
}, {
  "kecamatan" : "Tetap (Muara Tetap)",
  "kelurahan" : "Tanjung Dalam",
  "kodepos" : "38963"
}, {
  "kecamatan" : "Nasal",
  "kelurahan" : "Air Batang",
  "kodepos" : "38964"
}, {
  "kecamatan" : "Tetap (Muara Tetap)",
  "kelurahan" : "Tanjung Bunga",
  "kodepos" : "38963"
}, {
  "kecamatan" : "Kaur Selatan",
  "kelurahan" : "Tanjung Besar",
  "kodepos" : "38963"
}, {
  "kecamatan" : "Tetap (Muara Tetap)",
  "kelurahan" : "Suka Raja",
  "kodepos" : "38963"
}, {
  "kecamatan" : "Tetap (Muara Tetap)",
  "kelurahan" : "Tanjung Agung",
  "kodepos" : "38963"
}, {
  "kecamatan" : "Tetap (Muara Tetap)",
  "kelurahan" : "Suka Banjar",
  "kodepos" : "38963"
}, {
  "kecamatan" : "Kaur Selatan",
  "kelurahan" : "Suka Bandung",
  "kodepos" : "38963"
}, {
  "kecamatan" : "Kaur Selatan",
  "kelurahan" : "Selasih",
  "kodepos" : "38963"
}, {
  "kecamatan" : "Kaur Selatan",
  "kelurahan" : "Sinar Pagi",
  "kodepos" : "38963"
}, {
  "kecamatan" : "Kaur Selatan",
  "kelurahan" : "Sawah Jangkung",
  "kodepos" : "38963"
}, {
  "kecamatan" : "Kaur Selatan",
  "kelurahan" : "Sekunyit",
  "kodepos" : "38963"
}, {
  "kecamatan" : "Kaur Selatan",
  "kelurahan" : "Pasar Saoh",
  "kodepos" : "38963"
}, {
  "kecamatan" : "Kaur Selatan",
  "kelurahan" : "Pengubaian",
  "kodepos" : "38963"
}, {
  "kecamatan" : "Kaur Selatan",
  "kelurahan" : "Pahlawan Ratu",
  "kodepos" : "38963"
}, {
  "kecamatan" : "Kaur Selatan",
  "kelurahan" : "Pasar Baru",
  "kodepos" : "38963"
}, {
  "kecamatan" : "Kaur Selatan",
  "kelurahan" : "Pasar Lama",
  "kodepos" : "38963"
}, {
  "kecamatan" : "Kaur Selatan",
  "kelurahan" : "Padang Petron",
  "kodepos" : "38963"
}, {
  "kecamatan" : "Tetap (Muara Tetap)",
  "kelurahan" : "Pagar Dewa",
  "kodepos" : "38963"
}, {
  "kecamatan" : "Kaur Selatan",
  "kelurahan" : "Padang Genting",
  "kodepos" : "38963"
}, {
  "kecamatan" : "Tetap (Muara Tetap)",
  "kelurahan" : "Padang Binjai",
  "kodepos" : "38963"
}, {
  "kecamatan" : "Kaur Selatan",
  "kelurahan" : "Kepala Pasar",
  "kodepos" : "38963"
}, {
  "kecamatan" : "Tetap (Muara Tetap)",
  "kelurahan" : "Muara Tetap",
  "kodepos" : "38963"
}, {
  "kecamatan" : "Tetap (Muara Tetap)",
  "kelurahan" : "Kepahyang",
  "kodepos" : "38963"
}, {
  "kecamatan" : "Kaur Selatan",
  "kelurahan" : "Gedung Sako II",
  "kodepos" : "38963"
}, {
  "kecamatan" : "Kaur Selatan",
  "kelurahan" : "Jembatan Dua",
  "kodepos" : "38963"
}, {
  "kecamatan" : "Tetap (Muara Tetap)",
  "kelurahan" : "Kasuk Baru",
  "kodepos" : "38963"
}, {
  "kecamatan" : "Tetap (Muara Tetap)",
  "kelurahan" : "Cucupan",
  "kodepos" : "38963"
}, {
  "kecamatan" : "Kaur Selatan",
  "kelurahan" : "Gedung Sako",
  "kodepos" : "38963"
}, {
  "kecamatan" : "Tetap (Muara Tetap)",
  "kelurahan" : "Babat",
  "kodepos" : "38963"
}, {
  "kecamatan" : "Kaur Selatan",
  "kelurahan" : "Bandar Bintuhan",
  "kodepos" : "38963"
}, {
  "kecamatan" : "Kaur Selatan",
  "kelurahan" : "Air Dingin",
  "kodepos" : "38963"
}, {
  "kecamatan" : "Semidang Gumai (Gumay)",
  "kelurahan" : "Tanjung Harapan",
  "kodepos" : "38962"
}, {
  "kecamatan" : "Kinal",
  "kelurahan" : "Tanjung Baru",
  "kodepos" : "38962"
}, {
  "kecamatan" : "Kinal",
  "kelurahan" : "Talang Padang",
  "kodepos" : "38962"
}, {
  "kecamatan" : "Kinal",
  "kelurahan" : "Tanjung Alam",
  "kodepos" : "38962"
}, {
  "kecamatan" : "Semidang Gumai (Gumay)",
  "kelurahan" : "Suka Merindu",
  "kodepos" : "38962"
}, {
  "kecamatan" : "Kinal",
  "kelurahan" : "Pinang Jawa II",
  "kodepos" : "38962"
}, {
  "kecamatan" : "Kinal",
  "kelurahan" : "Talang Beringin",
  "kodepos" : "38962"
}, {
  "kecamatan" : "Kinal",
  "kelurahan" : "Pinang Jawa",
  "kodepos" : "38962"
}, {
  "kecamatan" : "Kinal",
  "kelurahan" : "Penandingan",
  "kodepos" : "38962"
}, {
  "kecamatan" : "Kinal",
  "kelurahan" : "Pengurung",
  "kodepos" : "38962"
}, {
  "kecamatan" : "Semidang Gumai (Gumay)",
  "kelurahan" : "Padang Panjang",
  "kodepos" : "38962"
}, {
  "kecamatan" : "Kinal",
  "kelurahan" : "Papahan",
  "kodepos" : "38962"
}, {
  "kecamatan" : "Semidang Gumai (Gumay)",
  "kelurahan" : "Mentiring",
  "kodepos" : "38962"
}, {
  "kecamatan" : "Semidang Gumai (Gumay)",
  "kelurahan" : "Nusuk",
  "kodepos" : "38962"
}, {
  "kecamatan" : "Semidang Gumai (Gumay)",
  "kelurahan" : "Lubuk Gung",
  "kodepos" : "38962"
}, {
  "kecamatan" : "Semidang Gumai (Gumay)",
  "kelurahan" : "Masria Baru",
  "kodepos" : "38962"
}, {
  "kecamatan" : "Kinal",
  "kelurahan" : "Jawi",
  "kodepos" : "38962"
}, {
  "kecamatan" : "Semidang Gumai (Gumay)",
  "kelurahan" : "Gunung Tiga II",
  "kodepos" : "38962"
}, {
  "kecamatan" : "Semidang Gumai (Gumay)",
  "kelurahan" : "Karang Dapo",
  "kodepos" : "38962"
}, {
  "kecamatan" : "Semidang Gumai (Gumay)",
  "kelurahan" : "Gunung Tiga",
  "kodepos" : "38962"
}, {
  "kecamatan" : "Kinal",
  "kelurahan" : "Gunung Megang",
  "kodepos" : "38962"
}, {
  "kecamatan" : "Kinal",
  "kelurahan" : "Gunung Terang",
  "kodepos" : "38962"
}, {
  "kecamatan" : "Kinal",
  "kelurahan" : "Geramat",
  "kodepos" : "38962"
}, {
  "kecamatan" : "Kinal",
  "kelurahan" : "Gedung Wani",
  "kodepos" : "38962"
}, {
  "kecamatan" : "Semidang Gumai (Gumay)",
  "kelurahan" : "Bunga Melur",
  "kodepos" : "38962"
}, {
  "kecamatan" : "Semidang Gumai (Gumay)",
  "kelurahan" : "Cahaya Batin",
  "kodepos" : "38962"
}, {
  "kecamatan" : "Semidang Gumai (Gumay)",
  "kelurahan" : "Awat Mata",
  "kodepos" : "38962"
}, {
  "kecamatan" : "Luas",
  "kelurahan" : "Umbul",
  "kodepos" : "38961"
}, {
  "kecamatan" : "Muara Sahung",
  "kelurahan" : "Ulak Lebar",
  "kodepos" : "38961"
}, {
  "kecamatan" : "Luas",
  "kelurahan" : "Tuguk (Puguk)",
  "kodepos" : "38961"
}, {
  "kecamatan" : "Muara Sahung",
  "kelurahan" : "Ulak Bandung",
  "kodepos" : "38961"
}, {
  "kecamatan" : "Kaur Tengah",
  "kelurahan" : "Tanjung Pandan",
  "kodepos" : "38961"
}, {
  "kecamatan" : "Muara Sahung",
  "kelurahan" : "Tri Tunggal Bhakti",
  "kodepos" : "38961"
}, {
  "kecamatan" : "Luas",
  "kelurahan" : "Tanjung Beringin",
  "kodepos" : "38961"
}, {
  "kecamatan" : "Kaur Tengah",
  "kelurahan" : "Tanjung Iman",
  "kodepos" : "38961"
}, {
  "kecamatan" : "Muara Sahung",
  "kelurahan" : "Sumber Makmur",
  "kodepos" : "38961"
}, {
  "kecamatan" : "Kaur Tengah",
  "kelurahan" : "Sukarami",
  "kodepos" : "38961"
}, {
  "kecamatan" : "Luas",
  "kelurahan" : "Pulang Panggung",
  "kodepos" : "38961"
}, {
  "kecamatan" : "Kaur Tengah",
  "kelurahan" : "Sinar Jaya",
  "kodepos" : "38961"
}, {
  "kecamatan" : "Kaur Tengah",
  "kelurahan" : "Pajar Bulan",
  "kodepos" : "38961"
}, {
  "kecamatan" : "Kaur Tengah",
  "kelurahan" : "Penyandingan",
  "kodepos" : "38961"
}, {
  "kecamatan" : "Kaur Tengah",
  "kelurahan" : "Padang Hangat",
  "kodepos" : "38961"
}, {
  "kecamatan" : "Luas",
  "kelurahan" : "Padang Jati",
  "kodepos" : "38961"
}, {
  "kecamatan" : "Muara Sahung",
  "kelurahan" : "Muara Sahung",
  "kodepos" : "38961"
}, {
  "kecamatan" : "Kaur Tengah",
  "kelurahan" : "Padang Baru",
  "kodepos" : "38961"
}, {
  "kecamatan" : "Kaur Tengah",
  "kelurahan" : "Kemang Manis",
  "kodepos" : "38961"
}, {
  "kecamatan" : "Luas",
  "kelurahan" : "Kepahyang",
  "kodepos" : "38961"
}, {
  "kecamatan" : "Luas",
  "kelurahan" : "Durian Besar",
  "kodepos" : "38961"
}, {
  "kecamatan" : "Luas",
  "kelurahan" : "Ganda Suli (Gindo Suli)",
  "kodepos" : "38961"
}, {
  "kecamatan" : "Muara Sahung",
  "kelurahan" : "Cinta Makmur",
  "kodepos" : "38961"
}, {
  "kecamatan" : "Luas",
  "kelurahan" : "Cahaya Negeri/Negri",
  "kodepos" : "38961"
}, {
  "kecamatan" : "Muara Sahung",
  "kelurahan" : "Bukit Makmur",
  "kodepos" : "38961"
}, {
  "kecamatan" : "Luas",
  "kelurahan" : "Bangun Jiwa",
  "kodepos" : "38961"
}, {
  "kecamatan" : "Luas",
  "kelurahan" : "Benua Ratu",
  "kodepos" : "38961"
}, {
  "kecamatan" : "Padang Guci Hilir",
  "kelurahan" : "Ulak Agung",
  "kodepos" : "38956"
}, {
  "kecamatan" : "Lungkang Kule",
  "kelurahan" : "Tanjung Kurung",
  "kodepos" : "38956"
}, {
  "kecamatan" : "Kelam Tengah",
  "kelurahan" : "Tanjung Ganti I",
  "kodepos" : "38956"
}, {
  "kecamatan" : "Kelam Tengah",
  "kelurahan" : "Tanjung Ganti II",
  "kodepos" : "38956"
}, {
  "kecamatan" : "Kaur Utara",
  "kelurahan" : "Tanjung Betung I",
  "kodepos" : "38956"
}, {
  "kecamatan" : "Kaur Utara",
  "kelurahan" : "Tanjung Betung II",
  "kodepos" : "38956"
}, {
  "kecamatan" : "Lungkang Kule",
  "kelurahan" : "Tanjung Bunian",
  "kodepos" : "38956"
}, {
  "kecamatan" : "Kelam Tengah",
  "kelurahan" : "Talang Marap",
  "kodepos" : "38956"
}, {
  "kecamatan" : "Padang Guci Hilir",
  "kelurahan" : "Talang Padang",
  "kodepos" : "38956"
}, {
  "kecamatan" : "Padang Guci Hilir",
  "kelurahan" : "Talang Besar",
  "kodepos" : "38956"
}, {
  "kecamatan" : "Padang Guci Hilir",
  "kelurahan" : "Talang Jawi I",
  "kodepos" : "38956"
}, {
  "kecamatan" : "Padang Guci Hilir",
  "kelurahan" : "Talang Jawi II",
  "kodepos" : "38956"
}, {
  "kecamatan" : "Kelam Tengah",
  "kelurahan" : "Suka Rami II",
  "kodepos" : "38956"
}, {
  "kecamatan" : "Kelam Tengah",
  "kelurahan" : "Sukarami",
  "kodepos" : "38956"
}, {
  "kecamatan" : "Lungkang Kule",
  "kelurahan" : "Suka Nanti",
  "kodepos" : "38956"
}, {
  "kecamatan" : "Kaur Utara",
  "kelurahan" : "Simpang Tiga",
  "kodepos" : "38956"
}, {
  "kecamatan" : "Lungkang Kule",
  "kelurahan" : "Sinar Bulan",
  "kodepos" : "38956"
}, {
  "kecamatan" : "Lungkang Kule",
  "kelurahan" : "Senak Perda",
  "kodepos" : "38956"
}, {
  "kecamatan" : "Kelam Tengah",
  "kelurahan" : "Rigangan II",
  "kodepos" : "38956"
}, {
  "kecamatan" : "Kelam Tengah",
  "kelurahan" : "Rigangan III",
  "kodepos" : "38956"
}, {
  "kecamatan" : "Padang Guci Hilir",
  "kelurahan" : "Pulau Panggung",
  "kodepos" : "38956"
}, {
  "kecamatan" : "Kelam Tengah",
  "kelurahan" : "Rigangan I",
  "kodepos" : "38956"
}, {
  "kecamatan" : "Kaur Utara",
  "kelurahan" : "Perugian",
  "kodepos" : "38956"
}, {
  "kecamatan" : "Padang Guci Hulu",
  "kelurahan" : "Pagar Gunung",
  "kodepos" : "38956"
}, {
  "kecamatan" : "Kaur Utara",
  "kelurahan" : "Pancur Negara",
  "kodepos" : "38956"
}, {
  "kecamatan" : "Padang Guci Hulu",
  "kelurahan" : "Naga Rantai",
  "kodepos" : "38956"
}, {
  "kecamatan" : "Padang Guci Hulu",
  "kelurahan" : "Pagar Alam",
  "kodepos" : "38956"
}, {
  "kecamatan" : "Kaur Utara",
  "kelurahan" : "Padang Manis",
  "kodepos" : "38956"
}, {
  "kecamatan" : "Padang Guci Hilir",
  "kelurahan" : "Marga Mulyo",
  "kodepos" : "38956"
}, {
  "kecamatan" : "Padang Guci Hulu",
  "kelurahan" : "Manau Sembilan I",
  "kodepos" : "38956"
}, {
  "kecamatan" : "Padang Guci Hulu",
  "kelurahan" : "Manau Sembilan II",
  "kodepos" : "38956"
}, {
  "kecamatan" : "Padang Guci Hulu",
  "kelurahan" : "Jati Mulyo",
  "kodepos" : "38956"
}, {
  "kecamatan" : "Lungkang Kule",
  "kelurahan" : "Lawang Agung",
  "kodepos" : "38956"
}, {
  "kecamatan" : "Padang Guci Hilir",
  "kelurahan" : "Gunung Kaya",
  "kodepos" : "38956"
}, {
  "kecamatan" : "Kaur Utara",
  "kelurahan" : "Guru Agung",
  "kodepos" : "38956"
}, {
  "kecamatan" : "Kaur Utara",
  "kelurahan" : "Guru Agung II",
  "kodepos" : "38956"
}, {
  "kecamatan" : "Kaur Utara",
  "kelurahan" : "Gunung Agung",
  "kodepos" : "38956"
}, {
  "kecamatan" : "Lungkang Kule",
  "kelurahan" : "Datar Lebar",
  "kodepos" : "38956"
}, {
  "kecamatan" : "Lungkang Kule",
  "kelurahan" : "Datar Lebar II",
  "kodepos" : "38956"
}, {
  "kecamatan" : "Padang Guci Hulu",
  "kelurahan" : "Coko Betung",
  "kodepos" : "38956"
}, {
  "kecamatan" : "Kaur Utara",
  "kelurahan" : "Coko Enau",
  "kodepos" : "38956"
}, {
  "kecamatan" : "Padang Guci Hulu",
  "kelurahan" : "Bungin Tambun III",
  "kodepos" : "38956"
}, {
  "kecamatan" : "Padang Guci Hulu",
  "kelurahan" : "Bungin Tambun I",
  "kodepos" : "38956"
}, {
  "kecamatan" : "Padang Guci Hulu",
  "kelurahan" : "Bungin Tambun II",
  "kodepos" : "38956"
}, {
  "kecamatan" : "Kaur Utara",
  "kelurahan" : "Bandu Agung",
  "kodepos" : "38956"
}, {
  "kecamatan" : "Lungkang Kule",
  "kelurahan" : "Aur Gading",
  "kodepos" : "38956"
}, {
  "kecamatan" : "Padang Guci Hilir",
  "kelurahan" : "Air Kering II",
  "kodepos" : "38956"
}, {
  "kecamatan" : "Padang Guci Hilir",
  "kelurahan" : "Air Kering II",
  "kodepos" : "38956"
}, {
  "kecamatan" : "Tanjung Kemuning",
  "kelurahan" : "Tanjung Kemuning III",
  "kodepos" : "38955"
}, {
  "kecamatan" : "Tanjung Kemuning",
  "kelurahan" : "Tinggi Ari",
  "kodepos" : "38955"
}, {
  "kecamatan" : "Tanjung Kemuning",
  "kelurahan" : "Tanjung Iman II",
  "kodepos" : "38955"
}, {
  "kecamatan" : "Tanjung Kemuning",
  "kelurahan" : "Tanjung Kemuning",
  "kodepos" : "38955"
}, {
  "kecamatan" : "Tanjung Kemuning",
  "kelurahan" : "Tanjung Kemuning II",
  "kodepos" : "38955"
}, {
  "kecamatan" : "Tanjung Kemuning",
  "kelurahan" : "Tanjung Bulan",
  "kodepos" : "38955"
}, {
  "kecamatan" : "Tanjung Kemuning",
  "kelurahan" : "Tanjung Iman",
  "kodepos" : "38955"
}, {
  "kecamatan" : "Tanjung Kemuning",
  "kelurahan" : "Tanjung Aur",
  "kodepos" : "38955"
}, {
  "kecamatan" : "Tanjung Kemuning",
  "kelurahan" : "Tanjung Aur II",
  "kodepos" : "38955"
}, {
  "kecamatan" : "Kelam Tengah",
  "kelurahan" : "Talang Tais",
  "kodepos" : "38955"
}, {
  "kecamatan" : "Tanjung Kemuning",
  "kelurahan" : "Sulauwangi (Sula Wangi)",
  "kodepos" : "38955"
}, {
  "kecamatan" : "Kelam Tengah",
  "kelurahan" : "Siring Agung",
  "kodepos" : "38955"
}, {
  "kecamatan" : "Tanjung Kemuning",
  "kelurahan" : "Selika III",
  "kodepos" : "38955"
}, {
  "kecamatan" : "Kelam Tengah",
  "kelurahan" : "Penantian",
  "kodepos" : "38955"
}, {
  "kecamatan" : "Tanjung Kemuning",
  "kelurahan" : "Selika I",
  "kodepos" : "38955"
}, {
  "kecamatan" : "Tanjung Kemuning",
  "kelurahan" : "Selika II",
  "kodepos" : "38955"
}, {
  "kecamatan" : "Tanjung Kemuning",
  "kelurahan" : "Pelajaran I",
  "kodepos" : "38955"
}, {
  "kecamatan" : "Tanjung Kemuning",
  "kelurahan" : "Pelajaran II",
  "kodepos" : "38955"
}, {
  "kecamatan" : "Kelam Tengah",
  "kelurahan" : "Pagar Dewa",
  "kodepos" : "38955"
}, {
  "kecamatan" : "Kelam Tengah",
  "kelurahan" : "Pagar Dewa",
  "kodepos" : "38955"
}, {
  "kecamatan" : "Tanjung Kemuning",
  "kelurahan" : "Padang Kedondong",
  "kodepos" : "38955"
}, {
  "kecamatan" : "Tanjung Kemuning",
  "kelurahan" : "Padang Leban",
  "kodepos" : "38955"
}, {
  "kecamatan" : "Kelam Tengah",
  "kelurahan" : "Darat Sawah",
  "kodepos" : "38955"
}, {
  "kecamatan" : "Tanjung Kemuning",
  "kelurahan" : "Aur Ringit",
  "kodepos" : "38955"
}, {
  "kecamatan" : "Tanjung Kemuning",
  "kelurahan" : "Beriang Tinggi",
  "kodepos" : "38955"
} ]
