[ {
  "kecamatan" : "Sukajaya",
  "kelurahan" : "Beurawang",
  "kodepos" : "23527"
}, {
  "kecamatan" : "Sukajaya",
  "kelurahan" : "Keunekai",
  "kodepos" : "23528"
}, {
  "kecamatan" : "Sukajaya",
  "kelurahan" : "Paya",
  "kodepos" : "23529"
}, {
  "kecamatan" : "Sukajaya",
  "kelurahan" : "Balohan",
  "kodepos" : "23525"
}, {
  "kecamatan" : "Sukajaya",
  "kelurahan" : "Jaboi",
  "kodepos" : "23526"
}, {
  "kecamatan" : "Sukajaya",
  "kelurahan" : "Cot Ba&#8217;U",
  "kodepos" : "23522"
}, {
  "kecamatan" : "Sukajaya",
  "kelurahan" : "Cot Abeuk",
  "kodepos" : "23523"
}, {
  "kecamatan" : "Sukajaya",
  "kelurahan" : "Anoi Itam",
  "kodepos" : "23524"
}, {
  "kecamatan" : "Sukajaya",
  "kelurahan" : "Ujong Kareung (Kareueng)",
  "kodepos" : "23521"
}, {
  "kecamatan" : "Sukajaya",
  "kelurahan" : "Ie Meulee",
  "kodepos" : "23521"
}, {
  "kecamatan" : "Sukakarya",
  "kelurahan" : "Batee Shok",
  "kodepos" : "23517"
}, {
  "kecamatan" : "Sukakarya",
  "kelurahan" : "Iboih",
  "kodepos" : "23518"
}, {
  "kecamatan" : "Sukakarya",
  "kelurahan" : "Krueng Raya",
  "kodepos" : "23515"
}, {
  "kecamatan" : "Sukakarya",
  "kelurahan" : "Paya Seunara",
  "kodepos" : "23516"
}, {
  "kecamatan" : "Sukakarya",
  "kelurahan" : "Kota Bawah Timur",
  "kodepos" : "23513"
}, {
  "kecamatan" : "Sukakarya",
  "kelurahan" : "Aneuk Laot",
  "kodepos" : "23514"
}, {
  "kecamatan" : "Sukakarya",
  "kelurahan" : "Kota Atas",
  "kodepos" : "23511"
}, {
  "kecamatan" : "Sukakarya",
  "kelurahan" : "Kota Bawah Barat",
  "kodepos" : "23512"
} ]
