[ {
  "kecamatan" : "Lueng Bata",
  "kelurahan" : "Lampaloh",
  "kodepos" : "23248"
}, {
  "kecamatan" : "Lueng Bata",
  "kelurahan" : "Sukadamai",
  "kodepos" : "23249"
}, {
  "kecamatan" : "Lueng Bata",
  "kelurahan" : "Panteriek",
  "kodepos" : "23247"
}, {
  "kecamatan" : "Lueng Bata",
  "kelurahan" : "Blang Cut",
  "kodepos" : "23248"
}, {
  "kecamatan" : "Lueng Bata",
  "kelurahan" : "Cot Mesjid",
  "kodepos" : "23246"
}, {
  "kecamatan" : "Lueng Bata",
  "kelurahan" : "Lamseupeung",
  "kodepos" : "23247"
}, {
  "kecamatan" : "Lueng Bata",
  "kelurahan" : "Lueng Bata",
  "kodepos" : "23247"
}, {
  "kecamatan" : "Baiturrahman",
  "kelurahan" : "Ateuk Jawo",
  "kodepos" : "23245"
}, {
  "kecamatan" : "Lueng Bata",
  "kelurahan" : "Batoh",
  "kodepos" : "23245"
}, {
  "kecamatan" : "Baiturrahman",
  "kelurahan" : "Ateuk Munjeng",
  "kodepos" : "23244"
}, {
  "kecamatan" : "Baiturrahman",
  "kelurahan" : "Neusu Aceh",
  "kodepos" : "23244"
}, {
  "kecamatan" : "Lueng Bata",
  "kelurahan" : "Lam Dom (Landom)",
  "kodepos" : "23244"
}, {
  "kecamatan" : "Baiturrahman",
  "kelurahan" : "Ateuk Deah Tanoh",
  "kodepos" : "23244"
}, {
  "kecamatan" : "Baiturrahman",
  "kelurahan" : "Sukaramai",
  "kodepos" : "23243"
}, {
  "kecamatan" : "Baiturrahman",
  "kelurahan" : "Neusu Jaya",
  "kodepos" : "23243"
}, {
  "kecamatan" : "Baiturrahman",
  "kelurahan" : "Seutui",
  "kodepos" : "23243"
}, {
  "kecamatan" : "Kuta Raja",
  "kelurahan" : "Merduati",
  "kodepos" : "23242"
}, {
  "kecamatan" : "Baiturrahman",
  "kelurahan" : "Kampung Baru",
  "kodepos" : "23242"
}, {
  "kecamatan" : "Jaya Baru",
  "kelurahan" : "Geuceu Meunara",
  "kodepos" : "23241"
}, {
  "kecamatan" : "Baiturrahman",
  "kelurahan" : "Peuniti",
  "kodepos" : "23241"
}, {
  "kecamatan" : "Banda Raya",
  "kelurahan" : "Lam Lagang",
  "kodepos" : "23239"
}, {
  "kecamatan" : "Baiturrahman",
  "kelurahan" : "Ateuk Pahlawan",
  "kodepos" : "23241"
}, {
  "kecamatan" : "Banda Raya",
  "kelurahan" : "Geuceu Iniem",
  "kodepos" : "23239"
}, {
  "kecamatan" : "Banda Raya",
  "kelurahan" : "Geuceu Kayee Jato",
  "kodepos" : "23239"
}, {
  "kecamatan" : "Banda Raya",
  "kelurahan" : "Geuceu Komplek",
  "kodepos" : "23239"
}, {
  "kecamatan" : "Banda Raya",
  "kelurahan" : "Mibo",
  "kodepos" : "23238"
}, {
  "kecamatan" : "Banda Raya",
  "kelurahan" : "Lhong Raya",
  "kodepos" : "23238"
}, {
  "kecamatan" : "Banda Raya",
  "kelurahan" : "Peunyeurat",
  "kodepos" : "23238"
}, {
  "kecamatan" : "Banda Raya",
  "kelurahan" : "Lampuot",
  "kodepos" : "23238"
}, {
  "kecamatan" : "Banda Raya",
  "kelurahan" : "Lhong Cut",
  "kodepos" : "23238"
}, {
  "kecamatan" : "Jaya Baru",
  "kelurahan" : "Emperom",
  "kodepos" : "23236"
}, {
  "kecamatan" : "Banda Raya",
  "kelurahan" : "Lam Ara",
  "kodepos" : "23238"
}, {
  "kecamatan" : "Jaya Baru",
  "kelurahan" : "Lamjamee",
  "kodepos" : "23235"
}, {
  "kecamatan" : "Jaya Baru",
  "kelurahan" : "Lampoh Daya",
  "kodepos" : "23235"
}, {
  "kecamatan" : "Jaya Baru",
  "kelurahan" : "Ulee Pata",
  "kodepos" : "23235"
}, {
  "kecamatan" : "Jaya Baru",
  "kelurahan" : "Bitai",
  "kodepos" : "23235"
}, {
  "kecamatan" : "Meuraxa",
  "kelurahan" : "Ulee Lheue",
  "kodepos" : "23234"
}, {
  "kecamatan" : "Jaya Baru",
  "kelurahan" : "Punge Blang Cut",
  "kodepos" : "23234"
}, {
  "kecamatan" : "Meuraxa",
  "kelurahan" : "Surien",
  "kodepos" : "23234"
}, {
  "kecamatan" : "Meuraxa",
  "kelurahan" : "Lamjabat",
  "kodepos" : "23234"
}, {
  "kecamatan" : "Meuraxa",
  "kelurahan" : "Asoi Nanggro",
  "kodepos" : "23234"
}, {
  "kecamatan" : "Meuraxa",
  "kelurahan" : "Gampong Baro",
  "kodepos" : "23234"
}, {
  "kecamatan" : "Meuraxa",
  "kelurahan" : "Gampong Blang",
  "kodepos" : "23234"
}, {
  "kecamatan" : "Meuraxa",
  "kelurahan" : "Lambung",
  "kodepos" : "23233"
}, {
  "kecamatan" : "Meuraxa",
  "kelurahan" : "Punge Ujong",
  "kodepos" : "23233"
}, {
  "kecamatan" : "Meuraxa",
  "kelurahan" : "Cot Lamkuweueh",
  "kodepos" : "23233"
}, {
  "kecamatan" : "Meuraxa",
  "kelurahan" : "Cot Lamkuweueh",
  "kodepos" : "23233"
}, {
  "kecamatan" : "Meuraxa",
  "kelurahan" : "Deyah Gelumpang (Deah Glumpang)",
  "kodepos" : "23232"
}, {
  "kecamatan" : "Meuraxa",
  "kelurahan" : "Blang Oi",
  "kodepos" : "23233"
}, {
  "kecamatan" : "Meuraxa",
  "kelurahan" : "Alue Deah Teungoh (Alue Deyah Tengoh)",
  "kodepos" : "23232"
}, {
  "kecamatan" : "Meuraxa",
  "kelurahan" : "Deyah Baro (Deah Baro)",
  "kodepos" : "23232"
}, {
  "kecamatan" : "Meuraxa",
  "kelurahan" : "Punge Jurong",
  "kodepos" : "23231"
}, {
  "kecamatan" : "Kuta Raja",
  "kelurahan" : "Lampaseh Kota",
  "kodepos" : "23231"
}, {
  "kecamatan" : "Jaya Baru",
  "kelurahan" : "Lamtemen Timur",
  "kodepos" : "23230"
}, {
  "kecamatan" : "Meuraxa",
  "kelurahan" : "Lampaseh Aceh",
  "kodepos" : "23231"
}, {
  "kecamatan" : "Jaya Baru",
  "kelurahan" : "Lamtemen Barat",
  "kodepos" : "23230"
}, {
  "kecamatan" : "Kuta Raja",
  "kelurahan" : "Peulanggahan",
  "kodepos" : "23129"
}, {
  "kecamatan" : "Kuta Raja",
  "kelurahan" : "Gampong Pande",
  "kodepos" : "23128"
}, {
  "kecamatan" : "Kuta Raja",
  "kelurahan" : "Keudah",
  "kodepos" : "23129"
}, {
  "kecamatan" : "Kuta Alam",
  "kelurahan" : "Lampula / Lampulo",
  "kodepos" : "23127"
}, {
  "kecamatan" : "Kuta Raja",
  "kelurahan" : "Gampong Jawa",
  "kodepos" : "23128"
}, {
  "kecamatan" : "Kuta Alam",
  "kelurahan" : "Lambaro Skep",
  "kodepos" : "23127"
}, {
  "kecamatan" : "Kuta Alam",
  "kelurahan" : "Lamdingin",
  "kodepos" : "23127"
}, {
  "kecamatan" : "Kuta Alam",
  "kelurahan" : "Bandar Baru",
  "kodepos" : "23126"
}, {
  "kecamatan" : "Kuta Alam",
  "kelurahan" : "Keuramat (Kramat)",
  "kodepos" : "23126"
}, {
  "kecamatan" : "Kuta Alam",
  "kelurahan" : "Beurawe",
  "kodepos" : "23124"
}, {
  "kecamatan" : "Kuta Alam",
  "kelurahan" : "Kota Baru",
  "kodepos" : "23125"
}, {
  "kecamatan" : "Kuta Alam",
  "kelurahan" : "Peunayong",
  "kodepos" : "23122"
}, {
  "kecamatan" : "Kuta Alam",
  "kelurahan" : "Mulia",
  "kodepos" : "23123"
}, {
  "kecamatan" : "Kuta Alam",
  "kelurahan" : "Kuta Alam",
  "kodepos" : "23121"
}, {
  "kecamatan" : "Kuta Alam",
  "kelurahan" : "Laksana",
  "kodepos" : "23122"
}, {
  "kecamatan" : "Ulee Kareng",
  "kelurahan" : "Pango Deah",
  "kodepos" : "23119"
}, {
  "kecamatan" : "Ulee Kareng",
  "kelurahan" : "Pango Raya",
  "kodepos" : "23119"
}, {
  "kecamatan" : "Ulee Kareng",
  "kelurahan" : "Lamteh",
  "kodepos" : "23118"
}, {
  "kecamatan" : "Ulee Kareng",
  "kelurahan" : "Ilie",
  "kodepos" : "23119"
}, {
  "kecamatan" : "Ulee Kareng",
  "kelurahan" : "Lamglumpang",
  "kodepos" : "23117"
}, {
  "kecamatan" : "Ulee Kareng",
  "kelurahan" : "Lambhuk",
  "kodepos" : "23118"
}, {
  "kecamatan" : "Ulee Kareng",
  "kelurahan" : "Doi/Doy",
  "kodepos" : "23117"
}, {
  "kecamatan" : "Ulee Kareng",
  "kelurahan" : "Iemasen Ulee Kareng",
  "kodepos" : "23117"
}, {
  "kecamatan" : "Syiah Kuala",
  "kelurahan" : "Iemasen Kaye Adang",
  "kodepos" : "23116"
}, {
  "kecamatan" : "Syiah Kuala",
  "kelurahan" : "Pineung",
  "kodepos" : "23116"
}, {
  "kecamatan" : "Ulee Kareng",
  "kelurahan" : "Ceurih",
  "kodepos" : "23117"
}, {
  "kecamatan" : "Syiah Kuala",
  "kelurahan" : "Gampong Peurada",
  "kodepos" : "23116"
}, {
  "kecamatan" : "Syiah Kuala",
  "kelurahan" : "Alue Naga",
  "kodepos" : "23116"
}, {
  "kecamatan" : "Syiah Kuala",
  "kelurahan" : "Deah Raya",
  "kodepos" : "23116"
}, {
  "kecamatan" : "Syiah Kuala",
  "kelurahan" : "Tibang",
  "kodepos" : "23114"
}, {
  "kecamatan" : "Syiah Kuala",
  "kelurahan" : "Lamgugob",
  "kodepos" : "23115"
}, {
  "kecamatan" : "Syiah Kuala",
  "kelurahan" : "Rukoh",
  "kodepos" : "23112"
}, {
  "kecamatan" : "Syiah Kuala",
  "kelurahan" : "Jeulingke",
  "kodepos" : "23114"
}, {
  "kecamatan" : "Syiah Kuala",
  "kelurahan" : "Kopelma Darussalam",
  "kodepos" : "23111"
} ]
