[ {
  "kecamatan" : "Brang Rea",
  "kelurahan" : "Sapugara Bree",
  "kodepos" : "84458"
}, {
  "kecamatan" : "Brang Rea",
  "kelurahan" : "Tepas",
  "kodepos" : "84458"
}, {
  "kecamatan" : "Brang Rea",
  "kelurahan" : "Bangkat Monte",
  "kodepos" : "84458"
}, {
  "kecamatan" : "Brang Rea",
  "kelurahan" : "Desa Beru",
  "kodepos" : "84458"
}, {
  "kecamatan" : "Sekongkang",
  "kelurahan" : "Tongo",
  "kodepos" : "84457"
}, {
  "kecamatan" : "Sekongkang",
  "kelurahan" : "Sekongkang Bawah",
  "kodepos" : "84457"
}, {
  "kecamatan" : "Sekongkang",
  "kelurahan" : "Talonang",
  "kodepos" : "84457"
}, {
  "kecamatan" : "Sekongkang",
  "kelurahan" : "Tatar",
  "kodepos" : "84457"
}, {
  "kecamatan" : "Sekongkang",
  "kelurahan" : "Kemuning",
  "kodepos" : "84457"
}, {
  "kecamatan" : "Sekongkang",
  "kelurahan" : "Sekongkang Atas",
  "kodepos" : "84457"
}, {
  "kecamatan" : "Sekongkang",
  "kelurahan" : "Ai Kangkung",
  "kodepos" : "84457"
}, {
  "kecamatan" : "Maluk",
  "kelurahan" : "Pasir Putih",
  "kodepos" : "84456"
}, {
  "kecamatan" : "Maluk",
  "kelurahan" : "Mantun",
  "kodepos" : "84456"
}, {
  "kecamatan" : "Maluk",
  "kelurahan" : "Maluk",
  "kodepos" : "84456"
}, {
  "kecamatan" : "Jereweh",
  "kelurahan" : "Dasan Anyar",
  "kodepos" : "84456"
}, {
  "kecamatan" : "Jereweh",
  "kelurahan" : "Goa",
  "kodepos" : "84456"
}, {
  "kecamatan" : "Jereweh",
  "kelurahan" : "Beru",
  "kodepos" : "84456"
}, {
  "kecamatan" : "Maluk",
  "kelurahan" : "Bukit Damai",
  "kodepos" : "84456"
}, {
  "kecamatan" : "Jereweh",
  "kelurahan" : "Belo",
  "kodepos" : "84456"
}, {
  "kecamatan" : "Maluk",
  "kelurahan" : "Benete",
  "kodepos" : "84456"
}, {
  "kecamatan" : "Brang Ene",
  "kelurahan" : "Tepas Sepakat",
  "kodepos" : "84455"
}, {
  "kecamatan" : "Taliwang",
  "kelurahan" : "Sermong",
  "kodepos" : "84455"
}, {
  "kecamatan" : "Taliwang",
  "kelurahan" : "Tamekan",
  "kodepos" : "84455"
}, {
  "kecamatan" : "Taliwang",
  "kelurahan" : "Telaga Bertong",
  "kodepos" : "84455"
}, {
  "kecamatan" : "Brang Ene",
  "kelurahan" : "Seminar Salit",
  "kodepos" : "84455"
}, {
  "kecamatan" : "Taliwang",
  "kelurahan" : "Seloto",
  "kodepos" : "84455"
}, {
  "kecamatan" : "Taliwang",
  "kelurahan" : "Sampir",
  "kodepos" : "84455"
}, {
  "kecamatan" : "Brang Ene",
  "kelurahan" : "Mujahiddin",
  "kodepos" : "84455"
}, {
  "kecamatan" : "Brang Ene",
  "kelurahan" : "Mura",
  "kodepos" : "84455"
}, {
  "kecamatan" : "Brang Ene",
  "kelurahan" : "Rarak Ronges",
  "kodepos" : "84455"
}, {
  "kecamatan" : "Brang Ene",
  "kelurahan" : "Moteng",
  "kodepos" : "84455"
}, {
  "kecamatan" : "Brang Ene",
  "kelurahan" : "Mataiyang",
  "kodepos" : "84455"
}, {
  "kecamatan" : "Taliwang",
  "kelurahan" : "Menala",
  "kodepos" : "84455"
}, {
  "kecamatan" : "Brang Ene",
  "kelurahan" : "Manemeng",
  "kodepos" : "84455"
}, {
  "kecamatan" : "Brang Ene",
  "kelurahan" : "Lampok",
  "kodepos" : "84455"
}, {
  "kecamatan" : "Brang Ene",
  "kelurahan" : "Lamuntet",
  "kodepos" : "84455"
}, {
  "kecamatan" : "Taliwang",
  "kelurahan" : "Labuan Lalar",
  "kodepos" : "84455"
}, {
  "kecamatan" : "Taliwang",
  "kelurahan" : "Lalang Liang (Lalar Liang)",
  "kodepos" : "84455"
}, {
  "kecamatan" : "Taliwang",
  "kelurahan" : "Kertasari (Labuan Kertasari)",
  "kodepos" : "84455"
}, {
  "kecamatan" : "Taliwang",
  "kelurahan" : "Kuang",
  "kodepos" : "84455"
}, {
  "kecamatan" : "Brang Ene",
  "kelurahan" : "Kalimantong",
  "kodepos" : "84455"
}, {
  "kecamatan" : "Taliwang",
  "kelurahan" : "Dalam",
  "kodepos" : "84455"
}, {
  "kecamatan" : "Taliwang",
  "kelurahan" : "Bugis",
  "kodepos" : "84455"
}, {
  "kecamatan" : "Taliwang",
  "kelurahan" : "Banjar",
  "kodepos" : "84455"
}, {
  "kecamatan" : "Taliwang",
  "kelurahan" : "Batu Putih",
  "kodepos" : "84455"
}, {
  "kecamatan" : "Taliwang",
  "kelurahan" : "Arab Kenangan",
  "kodepos" : "84455"
}, {
  "kecamatan" : "Poto Tano",
  "kelurahan" : "Tebo",
  "kodepos" : "84454"
}, {
  "kecamatan" : "Poto Tano",
  "kelurahan" : "Tuananga",
  "kodepos" : "84454"
}, {
  "kecamatan" : "Sateluk (Seteluk)",
  "kelurahan" : "Tapir",
  "kodepos" : "84454"
}, {
  "kecamatan" : "Poto Tano",
  "kelurahan" : "Tambak Sari",
  "kodepos" : "84454"
}, {
  "kecamatan" : "Sateluk (Seteluk)",
  "kelurahan" : "Seteluk Tengah",
  "kodepos" : "84454"
}, {
  "kecamatan" : "Sateluk (Seteluk)",
  "kelurahan" : "Seteluk Atas",
  "kodepos" : "84454"
}, {
  "kecamatan" : "Sateluk (Seteluk)",
  "kelurahan" : "Seran",
  "kodepos" : "84454"
}, {
  "kecamatan" : "Poto Tano",
  "kelurahan" : "Senayan",
  "kodepos" : "84454"
}, {
  "kecamatan" : "Sateluk (Seteluk)",
  "kelurahan" : "Rempe",
  "kodepos" : "84454"
}, {
  "kecamatan" : "Poto Tano",
  "kelurahan" : "Poto Tano",
  "kodepos" : "84454"
}, {
  "kecamatan" : "Sateluk (Seteluk)",
  "kelurahan" : "Meraran",
  "kodepos" : "84454"
}, {
  "kecamatan" : "Poto Tano",
  "kelurahan" : "Mantar",
  "kodepos" : "84454"
}, {
  "kecamatan" : "Sateluk (Seteluk)",
  "kelurahan" : "Lamusung",
  "kodepos" : "84454"
}, {
  "kecamatan" : "Poto Tano",
  "kelurahan" : "Kiantar",
  "kodepos" : "84454"
}, {
  "kecamatan" : "Poto Tano",
  "kelurahan" : "Kokarlian",
  "kodepos" : "84454"
}, {
  "kecamatan" : "Sateluk (Seteluk)",
  "kelurahan" : "Kelanir",
  "kodepos" : "84454"
}, {
  "kecamatan" : "Sateluk (Seteluk)",
  "kelurahan" : "Air Suning",
  "kodepos" : "84454"
}, {
  "kecamatan" : "Sateluk (Seteluk)",
  "kelurahan" : "Desaloka",
  "kodepos" : "84454"
} ]
