[ {
  "kecamatan" : "Jerowaru",
  "kelurahan" : "Wakan",
  "kodepos" : "83672"
}, {
  "kecamatan" : "Keruak",
  "kelurahan" : "Tanjung Luar",
  "kodepos" : "83672"
}, {
  "kecamatan" : "Jerowaru",
  "kelurahan" : "Sukadamai",
  "kodepos" : "83672"
}, {
  "kecamatan" : "Jerowaru",
  "kelurahan" : "Sukaraja",
  "kodepos" : "83672"
}, {
  "kecamatan" : "Keruak",
  "kelurahan" : "Setungkep Lingsar",
  "kodepos" : "83672"
}, {
  "kecamatan" : "Jerowaru",
  "kelurahan" : "Seriwe",
  "kodepos" : "83672"
}, {
  "kecamatan" : "Jerowaru",
  "kelurahan" : "Sepapan",
  "kodepos" : "83672"
}, {
  "kecamatan" : "Keruak",
  "kelurahan" : "Senyiur",
  "kodepos" : "83672"
}, {
  "kecamatan" : "Keruak",
  "kelurahan" : "Sepit",
  "kodepos" : "83672"
}, {
  "kecamatan" : "Jerowaru",
  "kelurahan" : "Sekaroh",
  "kodepos" : "83672"
}, {
  "kecamatan" : "Keruak",
  "kelurahan" : "Selebung Ketangga",
  "kodepos" : "83672"
}, {
  "kecamatan" : "Keruak",
  "kelurahan" : "Pijot Utara",
  "kodepos" : "83672"
}, {
  "kecamatan" : "Keruak",
  "kelurahan" : "Pulau Maringkik",
  "kodepos" : "83672"
}, {
  "kecamatan" : "Keruak",
  "kelurahan" : "Pijot",
  "kodepos" : "83672"
}, {
  "kecamatan" : "Jerowaru",
  "kelurahan" : "Pemongkong",
  "kodepos" : "83672"
}, {
  "kecamatan" : "Jerowaru",
  "kelurahan" : "Pene",
  "kodepos" : "83672"
}, {
  "kecamatan" : "Jerowaru",
  "kelurahan" : "Pandan Wangi",
  "kodepos" : "83672"
}, {
  "kecamatan" : "Jerowaru",
  "kelurahan" : "Pare Mas",
  "kodepos" : "83672"
}, {
  "kecamatan" : "Keruak",
  "kelurahan" : "Montong Belae",
  "kodepos" : "83672"
}, {
  "kecamatan" : "Jerowaru",
  "kelurahan" : "Kwang Rundun",
  "kodepos" : "83672"
}, {
  "kecamatan" : "Keruak",
  "kelurahan" : "Mendana Raya",
  "kodepos" : "83672"
}, {
  "kecamatan" : "Keruak",
  "kelurahan" : "Ketangga Jeraeng",
  "kodepos" : "83672"
}, {
  "kecamatan" : "Keruak",
  "kelurahan" : "Ketapang Raya",
  "kodepos" : "83672"
}, {
  "kecamatan" : "Jerowaru",
  "kelurahan" : "Ekas Buana",
  "kodepos" : "83672"
}, {
  "kecamatan" : "Keruak",
  "kelurahan" : "Keruak",
  "kodepos" : "83672"
}, {
  "kecamatan" : "Jerowaru",
  "kelurahan" : "Jerowaru",
  "kodepos" : "83672"
}, {
  "kecamatan" : "Jerowaru",
  "kelurahan" : "Batunampar Selatan",
  "kodepos" : "83672"
}, {
  "kecamatan" : "Keruak",
  "kelurahan" : "Dane Rase",
  "kodepos" : "83672"
}, {
  "kecamatan" : "Jerowaru",
  "kelurahan" : "Batunampar",
  "kodepos" : "83672"
}, {
  "kecamatan" : "Keruak",
  "kelurahan" : "Batu Putik",
  "kodepos" : "83672"
}, {
  "kecamatan" : "Sakra Barat",
  "kelurahan" : "Tanak Kaken",
  "kodepos" : "83671"
}, {
  "kecamatan" : "Sakra",
  "kelurahan" : "Suwangi Timur",
  "kodepos" : "83671"
}, {
  "kecamatan" : "Sakra Timur",
  "kelurahan" : "Surabaya Utara",
  "kodepos" : "83671"
}, {
  "kecamatan" : "Sakra Barat",
  "kelurahan" : "Sukarara",
  "kodepos" : "83671"
}, {
  "kecamatan" : "Sakra",
  "kelurahan" : "Suangi",
  "kodepos" : "83671"
}, {
  "kecamatan" : "Sakra Timur",
  "kelurahan" : "Surabaya",
  "kodepos" : "83671"
}, {
  "kecamatan" : "Sakra",
  "kelurahan" : "Songak",
  "kodepos" : "83671"
}, {
  "kecamatan" : "Sakra",
  "kelurahan" : "Sakra",
  "kodepos" : "83671"
}, {
  "kecamatan" : "Sakra",
  "kelurahan" : "Sakra Selatan",
  "kodepos" : "83671"
}, {
  "kecamatan" : "Sakra",
  "kelurahan" : "Rumbuk",
  "kodepos" : "83671"
}, {
  "kecamatan" : "Sakra",
  "kelurahan" : "Rumbuk Timur",
  "kodepos" : "83671"
}, {
  "kecamatan" : "Sakra Barat",
  "kelurahan" : "Rensing Bat",
  "kodepos" : "83671"
}, {
  "kecamatan" : "Sakra Barat",
  "kelurahan" : "Rensing Raya",
  "kodepos" : "83671"
}, {
  "kecamatan" : "Sakra Barat",
  "kelurahan" : "Rensing",
  "kodepos" : "83671"
}, {
  "kecamatan" : "Sakra",
  "kelurahan" : "Peresak",
  "kodepos" : "83671"
}, {
  "kecamatan" : "Sakra Barat",
  "kelurahan" : "Pematung",
  "kodepos" : "83671"
}, {
  "kecamatan" : "Sakra Barat",
  "kelurahan" : "Pengkelakmas",
  "kodepos" : "83671"
}, {
  "kecamatan" : "Sakra Barat",
  "kelurahan" : "Pejaring",
  "kodepos" : "83671"
}, {
  "kecamatan" : "Sakra",
  "kelurahan" : "Moyot",
  "kodepos" : "83671"
}, {
  "kecamatan" : "Sakra Barat",
  "kelurahan" : "Montong Beter",
  "kodepos" : "83671"
}, {
  "kecamatan" : "Sakra Timur",
  "kelurahan" : "Montongtangi",
  "kodepos" : "83671"
}, {
  "kecamatan" : "Sakra Barat",
  "kelurahan" : "Mengkuru",
  "kodepos" : "83671"
}, {
  "kecamatan" : "Sakra Timur",
  "kelurahan" : "Lepak Timur",
  "kodepos" : "83671"
}, {
  "kecamatan" : "Sakra Timur",
  "kelurahan" : "Menceh",
  "kodepos" : "83671"
}, {
  "kecamatan" : "Sakra Timur",
  "kelurahan" : "Lepak",
  "kodepos" : "83671"
}, {
  "kecamatan" : "Sakra",
  "kelurahan" : "Keselet",
  "kodepos" : "83671"
}, {
  "kecamatan" : "Sakra",
  "kelurahan" : "Kuang Baru",
  "kodepos" : "83671"
}, {
  "kecamatan" : "Sakra Timur",
  "kelurahan" : "Lenting",
  "kodepos" : "83671"
}, {
  "kecamatan" : "Sakra Barat",
  "kelurahan" : "Kembang Are Sampai",
  "kodepos" : "83671"
}, {
  "kecamatan" : "Sakra Barat",
  "kelurahan" : "Jerogunung",
  "kodepos" : "83671"
}, {
  "kecamatan" : "Sakra",
  "kelurahan" : "Kabar",
  "kodepos" : "83671"
}, {
  "kecamatan" : "Sakra Barat",
  "kelurahan" : "Gunung Rajak",
  "kodepos" : "83671"
}, {
  "kecamatan" : "Sakra Barat",
  "kelurahan" : "Gerisak Semanggelen",
  "kodepos" : "83671"
}, {
  "kecamatan" : "Sakra Timur",
  "kelurahan" : "Gelanggang",
  "kodepos" : "83671"
}, {
  "kecamatan" : "Sakra Timur",
  "kelurahan" : "Gereneng",
  "kodepos" : "83671"
}, {
  "kecamatan" : "Sakra Timur",
  "kelurahan" : "Gereneng Timur",
  "kodepos" : "83671"
}, {
  "kecamatan" : "Sakra Barat",
  "kelurahan" : "Bungtiang",
  "kodepos" : "83671"
}, {
  "kecamatan" : "Sakra Barat",
  "kelurahan" : "Gadungmas",
  "kodepos" : "83671"
}, {
  "kecamatan" : "Sakra Barat",
  "kelurahan" : "Borok Toyang",
  "kodepos" : "83671"
}, {
  "kecamatan" : "Sakra Barat",
  "kelurahan" : "Boyemare",
  "kodepos" : "83671"
}, {
  "kecamatan" : "Terara",
  "kelurahan" : "Suradadi",
  "kodepos" : "83663"
}, {
  "kecamatan" : "Terara",
  "kelurahan" : "Terara",
  "kodepos" : "83663"
}, {
  "kecamatan" : "Terara",
  "kelurahan" : "Sukadana",
  "kodepos" : "83663"
}, {
  "kecamatan" : "Terara",
  "kelurahan" : "Selagik",
  "kodepos" : "83663"
}, {
  "kecamatan" : "Terara",
  "kelurahan" : "Rarang Tengah",
  "kodepos" : "83663"
}, {
  "kecamatan" : "Terara",
  "kelurahan" : "Santong",
  "kodepos" : "83663"
}, {
  "kecamatan" : "Terara",
  "kelurahan" : "Rarang",
  "kodepos" : "83663"
}, {
  "kecamatan" : "Terara",
  "kelurahan" : "Rarang Batas",
  "kodepos" : "83663"
}, {
  "kecamatan" : "Terara",
  "kelurahan" : "Rarang Selatan",
  "kodepos" : "83663"
}, {
  "kecamatan" : "Montong Gading",
  "kelurahan" : "Pringgajurang Utara",
  "kodepos" : "83663"
}, {
  "kecamatan" : "Montong Gading",
  "kelurahan" : "Pringga Jurang",
  "kodepos" : "83663"
}, {
  "kecamatan" : "Montong Gading",
  "kelurahan" : "Perian",
  "kodepos" : "83663"
}, {
  "kecamatan" : "Montong Gading",
  "kelurahan" : "Pesanggrahan",
  "kodepos" : "83663"
}, {
  "kecamatan" : "Montong Gading",
  "kelurahan" : "Montong Betok",
  "kodepos" : "83663"
}, {
  "kecamatan" : "Terara",
  "kelurahan" : "Pandan Duri",
  "kodepos" : "83663"
}, {
  "kecamatan" : "Montong Gading",
  "kelurahan" : "Lendang Belo",
  "kodepos" : "83663"
}, {
  "kecamatan" : "Terara",
  "kelurahan" : "Leming",
  "kodepos" : "83663"
}, {
  "kecamatan" : "Montong Gading",
  "kelurahan" : "Kilang",
  "kodepos" : "83663"
}, {
  "kecamatan" : "Terara",
  "kelurahan" : "Lando",
  "kodepos" : "83663"
}, {
  "kecamatan" : "Montong Gading",
  "kelurahan" : "Jenggik Utara",
  "kodepos" : "83663"
}, {
  "kecamatan" : "Terara",
  "kelurahan" : "Kalianyar",
  "kodepos" : "83663"
}, {
  "kecamatan" : "Terara",
  "kelurahan" : "Embung Raja",
  "kodepos" : "83663"
}, {
  "kecamatan" : "Terara",
  "kelurahan" : "Jenggik",
  "kodepos" : "83663"
}, {
  "kecamatan" : "Sikur",
  "kelurahan" : "Tetebatu Selatan",
  "kodepos" : "83662"
}, {
  "kecamatan" : "Terara",
  "kelurahan" : "Embung Kandong",
  "kodepos" : "83663"
}, {
  "kecamatan" : "Sikur",
  "kelurahan" : "Sikur Selatan",
  "kodepos" : "83662"
}, {
  "kecamatan" : "Sikur",
  "kelurahan" : "Tetebatu",
  "kodepos" : "83662"
}, {
  "kecamatan" : "Sikur",
  "kelurahan" : "Sikur",
  "kodepos" : "83662"
}, {
  "kecamatan" : "Sikur",
  "kelurahan" : "Sikur Barat",
  "kodepos" : "83662"
}, {
  "kecamatan" : "Sikur",
  "kelurahan" : "Montongbaan",
  "kodepos" : "83662"
}, {
  "kecamatan" : "Sikur",
  "kelurahan" : "Semaya",
  "kodepos" : "83662"
}, {
  "kecamatan" : "Sikur",
  "kelurahan" : "Montong Baan Selatan",
  "kodepos" : "83662"
}, {
  "kecamatan" : "Sikur",
  "kelurahan" : "Kembang Kuning",
  "kodepos" : "83662"
}, {
  "kecamatan" : "Sikur",
  "kelurahan" : "Kotaraja",
  "kodepos" : "83662"
}, {
  "kecamatan" : "Sikur",
  "kelurahan" : "Loyok",
  "kodepos" : "83662"
}, {
  "kecamatan" : "Sikur",
  "kelurahan" : "Gelora",
  "kodepos" : "83662"
}, {
  "kecamatan" : "Sikur",
  "kelurahan" : "Jeruk Manis",
  "kodepos" : "83662"
}, {
  "kecamatan" : "Sikur",
  "kelurahan" : "Darmasari",
  "kodepos" : "83662"
}, {
  "kecamatan" : "Pringgasela",
  "kelurahan" : "Rempung",
  "kodepos" : "83661"
}, {
  "kecamatan" : "Pringgasela",
  "kelurahan" : "Timbanuh",
  "kodepos" : "83661"
}, {
  "kecamatan" : "Pringgasela",
  "kelurahan" : "Pringgasela Selatan",
  "kodepos" : "83661"
}, {
  "kecamatan" : "Pringgasela",
  "kelurahan" : "Pringgasela Timur",
  "kodepos" : "83661"
}, {
  "kecamatan" : "Pringgasela",
  "kelurahan" : "Pengadangan",
  "kodepos" : "83661"
}, {
  "kecamatan" : "Pringgasela",
  "kelurahan" : "Pengadangan Barat",
  "kodepos" : "83661"
}, {
  "kecamatan" : "Pringgasela",
  "kelurahan" : "Pringgasela",
  "kodepos" : "83661"
}, {
  "kecamatan" : "Masbagik",
  "kelurahan" : "Masbagik Utara Baru",
  "kodepos" : "83661"
}, {
  "kecamatan" : "Masbagik",
  "kelurahan" : "Paok Motong",
  "kodepos" : "83661"
}, {
  "kecamatan" : "Masbagik",
  "kelurahan" : "Masbagik Timur",
  "kodepos" : "83661"
}, {
  "kecamatan" : "Masbagik",
  "kelurahan" : "Masbagik Utara",
  "kodepos" : "83661"
}, {
  "kecamatan" : "Masbagik",
  "kelurahan" : "Lendang Nangka Utara",
  "kodepos" : "83661"
}, {
  "kecamatan" : "Masbagik",
  "kelurahan" : "Masbagik Selatan",
  "kodepos" : "83661"
}, {
  "kecamatan" : "Masbagik",
  "kelurahan" : "Kumbang",
  "kodepos" : "83661"
}, {
  "kecamatan" : "Masbagik",
  "kelurahan" : "Lendang Nangka",
  "kodepos" : "83661"
}, {
  "kecamatan" : "Masbagik",
  "kelurahan" : "Kesik",
  "kodepos" : "83661"
}, {
  "kecamatan" : "Pringgasela",
  "kelurahan" : "Jurit Baru",
  "kodepos" : "83661"
}, {
  "kecamatan" : "Masbagik",
  "kelurahan" : "Danger",
  "kodepos" : "83661"
}, {
  "kecamatan" : "Pringgasela",
  "kelurahan" : "Jurit",
  "kodepos" : "83661"
}, {
  "kecamatan" : "Pringgasela",
  "kelurahan" : "Aik Dewa",
  "kodepos" : "83661"
}, {
  "kecamatan" : "Sambalia (Sambelia)",
  "kelurahan" : "Sugian",
  "kodepos" : "83656"
}, {
  "kecamatan" : "Sambalia (Sambelia)",
  "kelurahan" : "Senanggalih",
  "kodepos" : "83656"
}, {
  "kecamatan" : "Sembalun",
  "kelurahan" : "Sembalun Bumbung",
  "kodepos" : "83656"
}, {
  "kecamatan" : "Sembalun",
  "kelurahan" : "Sembalun Lawang",
  "kodepos" : "83656"
}, {
  "kecamatan" : "Sembalun",
  "kelurahan" : "Sembalun Timba Gading",
  "kodepos" : "83656"
}, {
  "kecamatan" : "Sembalun",
  "kelurahan" : "Sembalun",
  "kodepos" : "83656"
}, {
  "kecamatan" : "Sambalia (Sambelia)",
  "kelurahan" : "Sambelia",
  "kodepos" : "83656"
}, {
  "kecamatan" : "Sembalun",
  "kelurahan" : "Sajang",
  "kodepos" : "83656"
}, {
  "kecamatan" : "Sambalia (Sambelia)",
  "kelurahan" : "Madayin",
  "kodepos" : "83656"
}, {
  "kecamatan" : "Sambalia (Sambelia)",
  "kelurahan" : "Obel Obel",
  "kodepos" : "83656"
}, {
  "kecamatan" : "Sambalia (Sambelia)",
  "kelurahan" : "Padak Guar",
  "kodepos" : "83656"
}, {
  "kecamatan" : "Sambalia (Sambelia)",
  "kelurahan" : "Labuhan Pandan",
  "kodepos" : "83656"
}, {
  "kecamatan" : "Sambalia (Sambelia)",
  "kelurahan" : "Darakunci",
  "kodepos" : "83656"
}, {
  "kecamatan" : "Sembalun",
  "kelurahan" : "Bilok Petung",
  "kodepos" : "83656"
}, {
  "kecamatan" : "Sambalia (Sambelia)",
  "kelurahan" : "Dadap",
  "kodepos" : "83656"
}, {
  "kecamatan" : "Sambalia (Sambelia)",
  "kelurahan" : "Belanting",
  "kodepos" : "83656"
}, {
  "kecamatan" : "Pringgabaya",
  "kelurahan" : "Telaga Waru",
  "kodepos" : "83654"
}, {
  "kecamatan" : "Sambalia (Sambelia)",
  "kelurahan" : "Bagik Manis",
  "kodepos" : "83656"
}, {
  "kecamatan" : "Pringgabaya",
  "kelurahan" : "Tanak Gadang",
  "kodepos" : "83654"
}, {
  "kecamatan" : "Pringgabaya",
  "kelurahan" : "Teko",
  "kodepos" : "83654"
}, {
  "kecamatan" : "Suela (Suwela)",
  "kelurahan" : "Suntalangu",
  "kodepos" : "83654"
}, {
  "kecamatan" : "Pringgabaya",
  "kelurahan" : "Seruni Mumbul",
  "kodepos" : "83654"
}, {
  "kecamatan" : "Suela (Suwela)",
  "kelurahan" : "Suela (Suwela)",
  "kodepos" : "83654"
}, {
  "kecamatan" : "Suela (Suwela)",
  "kelurahan" : "Puncak Jeringo",
  "kodepos" : "83654"
}, {
  "kecamatan" : "Suela (Suwela)",
  "kelurahan" : "Sapit",
  "kodepos" : "83654"
}, {
  "kecamatan" : "Suela (Suwela)",
  "kelurahan" : "Selaparang",
  "kodepos" : "83654"
}, {
  "kecamatan" : "Pringgabaya",
  "kelurahan" : "Pohgading Timur",
  "kodepos" : "83654"
}, {
  "kecamatan" : "Pringgabaya",
  "kelurahan" : "Pringgabaya",
  "kodepos" : "83654"
}, {
  "kecamatan" : "Pringgabaya",
  "kelurahan" : "Pringgabaya Utara",
  "kodepos" : "83654"
}, {
  "kecamatan" : "Suela (Suwela)",
  "kelurahan" : "Perigi",
  "kodepos" : "83654"
}, {
  "kecamatan" : "Suela (Suwela)",
  "kelurahan" : "Ketangga",
  "kodepos" : "83654"
}, {
  "kecamatan" : "Pringgabaya",
  "kelurahan" : "Pohgading",
  "kodepos" : "83654"
}, {
  "kecamatan" : "Suela (Suwela)",
  "kelurahan" : "Mekar Sari",
  "kodepos" : "83654"
}, {
  "kecamatan" : "Pringgabaya",
  "kelurahan" : "Labuhan Lombok",
  "kodepos" : "83654"
}, {
  "kecamatan" : "Pringgabaya",
  "kelurahan" : "Gunung Malang",
  "kodepos" : "83654"
}, {
  "kecamatan" : "Pringgabaya",
  "kelurahan" : "Kerumut",
  "kodepos" : "83654"
}, {
  "kecamatan" : "Pringgabaya",
  "kelurahan" : "Bagik Papan",
  "kodepos" : "83654"
}, {
  "kecamatan" : "Pringgabaya",
  "kelurahan" : "Batuyang",
  "kodepos" : "83654"
}, {
  "kecamatan" : "Pringgabaya",
  "kelurahan" : "Anggaraksa",
  "kodepos" : "83654"
}, {
  "kecamatan" : "Pringgabaya",
  "kelurahan" : "Apitaik",
  "kodepos" : "83654"
}, {
  "kecamatan" : "Wanasaba",
  "kelurahan" : "Wanasaba Daya",
  "kodepos" : "83653"
}, {
  "kecamatan" : "Wanasaba",
  "kelurahan" : "Wanasaba Lauk",
  "kodepos" : "83653"
}, {
  "kecamatan" : "Aikmel",
  "kelurahan" : "Toya",
  "kodepos" : "83653"
}, {
  "kecamatan" : "Wanasaba",
  "kelurahan" : "Wanasaba",
  "kodepos" : "83653"
}, {
  "kecamatan" : "Aikmel",
  "kelurahan" : "Sukarema",
  "kodepos" : "83653"
}, {
  "kecamatan" : "Wanasaba",
  "kelurahan" : "Otak Rarangan",
  "kodepos" : "83653"
}, {
  "kecamatan" : "Wanasaba",
  "kelurahan" : "Tembeng Putik",
  "kodepos" : "83653"
}, {
  "kecamatan" : "Wanasaba",
  "kelurahan" : "Mamben Daya",
  "kodepos" : "83653"
}, {
  "kecamatan" : "Wanasaba",
  "kelurahan" : "Mamben Lauk/Lauq",
  "kodepos" : "83653"
}, {
  "kecamatan" : "Aikmel",
  "kelurahan" : "Lenek Ramban Biak",
  "kodepos" : "83653"
}, {
  "kecamatan" : "Wanasaba",
  "kelurahan" : "Mamben Baru",
  "kodepos" : "83653"
}, {
  "kecamatan" : "Aikmel",
  "kelurahan" : "Lenek Lauq",
  "kodepos" : "83653"
}, {
  "kecamatan" : "Aikmel",
  "kelurahan" : "Lenek Pesiraman",
  "kodepos" : "83653"
}, {
  "kecamatan" : "Aikmel",
  "kelurahan" : "Lenek Daya",
  "kodepos" : "83653"
}, {
  "kecamatan" : "Aikmel",
  "kelurahan" : "Lenek Duren",
  "kodepos" : "83653"
}, {
  "kecamatan" : "Aikmel",
  "kelurahan" : "Lenek Kali Bambang",
  "kodepos" : "83653"
}, {
  "kecamatan" : "Aikmel",
  "kelurahan" : "Lenek",
  "kodepos" : "83653"
}, {
  "kecamatan" : "Aikmel",
  "kelurahan" : "Lenek Baru",
  "kodepos" : "83653"
}, {
  "kecamatan" : "Aikmel",
  "kelurahan" : "Kembang Kerang Daya",
  "kodepos" : "83653"
}, {
  "kecamatan" : "Aikmel",
  "kelurahan" : "Keroya",
  "kodepos" : "83653"
}, {
  "kecamatan" : "Aikmel",
  "kelurahan" : "Kembang Kerang",
  "kodepos" : "83653"
}, {
  "kecamatan" : "Wanasaba",
  "kelurahan" : "Karang Baru Timur",
  "kodepos" : "83653"
}, {
  "kecamatan" : "Wanasaba",
  "kelurahan" : "Karang Baru",
  "kodepos" : "83653"
}, {
  "kecamatan" : "Aikmel",
  "kelurahan" : "Kalijaga Tengah",
  "kodepos" : "83653"
}, {
  "kecamatan" : "Aikmel",
  "kelurahan" : "Kalijaga Timur",
  "kodepos" : "83653"
}, {
  "kecamatan" : "Aikmel",
  "kelurahan" : "Kalijaga Baru",
  "kodepos" : "83653"
}, {
  "kecamatan" : "Aikmel",
  "kelurahan" : "Kalijaga Selatan",
  "kodepos" : "83653"
}, {
  "kecamatan" : "Aikmel",
  "kelurahan" : "Kalijaga",
  "kodepos" : "83653"
}, {
  "kecamatan" : "Wanasaba",
  "kelurahan" : "Beriri Jarak",
  "kodepos" : "83653"
}, {
  "kecamatan" : "Wanasaba",
  "kelurahan" : "Jineng",
  "kodepos" : "83653"
}, {
  "kecamatan" : "Wanasaba",
  "kelurahan" : "Bandok",
  "kodepos" : "83653"
}, {
  "kecamatan" : "Wanasaba",
  "kelurahan" : "Bebidas",
  "kodepos" : "83653"
}, {
  "kecamatan" : "Aikmel",
  "kelurahan" : "Aikmel Timur",
  "kodepos" : "83653"
}, {
  "kecamatan" : "Aikmel",
  "kelurahan" : "Aikmel Utara",
  "kodepos" : "83653"
}, {
  "kecamatan" : "Aikmel",
  "kelurahan" : "Bagik Nyaka Santri",
  "kodepos" : "83653"
}, {
  "kecamatan" : "Aikmel",
  "kelurahan" : "Aikmel",
  "kodepos" : "83653"
}, {
  "kecamatan" : "Aikmel",
  "kelurahan" : "Aikmel Barat",
  "kodepos" : "83653"
}, {
  "kecamatan" : "Aikmel",
  "kelurahan" : "Aik Prapa",
  "kodepos" : "83653"
}, {
  "kecamatan" : "Suralaga",
  "kelurahan" : "Tumbuh Mulia",
  "kodepos" : "83652"
}, {
  "kecamatan" : "Suralaga",
  "kelurahan" : "Waringin",
  "kodepos" : "83652"
}, {
  "kecamatan" : "Suralaga",
  "kelurahan" : "Suralaga",
  "kodepos" : "83652"
}, {
  "kecamatan" : "Suralaga",
  "kelurahan" : "Tebaban",
  "kodepos" : "83652"
}, {
  "kecamatan" : "Sukamulia",
  "kelurahan" : "Sukamulia",
  "kodepos" : "83652"
}, {
  "kecamatan" : "Sukamulia",
  "kelurahan" : "Sukamulia Timur",
  "kodepos" : "83652"
}, {
  "kecamatan" : "Sukamulia",
  "kelurahan" : "Paok Pampang",
  "kodepos" : "83652"
}, {
  "kecamatan" : "Sukamulia",
  "kelurahan" : "Setanggor",
  "kodepos" : "83652"
}, {
  "kecamatan" : "Sukamulia",
  "kelurahan" : "Setanggor Selatan",
  "kodepos" : "83652"
}, {
  "kecamatan" : "Suralaga",
  "kelurahan" : "Paok Lombok",
  "kodepos" : "83652"
}, {
  "kecamatan" : "Sukamulia",
  "kelurahan" : "Padamara",
  "kodepos" : "83652"
}, {
  "kecamatan" : "Suralaga",
  "kelurahan" : "Kerongkong",
  "kodepos" : "83652"
}, {
  "kecamatan" : "Sukamulia",
  "kelurahan" : "Nyiur Tebel",
  "kodepos" : "83652"
}, {
  "kecamatan" : "Suralaga",
  "kelurahan" : "Gapuk",
  "kodepos" : "83652"
}, {
  "kecamatan" : "Suralaga",
  "kelurahan" : "Gerung Permai",
  "kodepos" : "83652"
}, {
  "kecamatan" : "Sukamulia",
  "kelurahan" : "Jantuk",
  "kodepos" : "83652"
}, {
  "kecamatan" : "Sukamulia",
  "kelurahan" : "Dasan Lekong",
  "kodepos" : "83652"
}, {
  "kecamatan" : "Suralaga",
  "kelurahan" : "Dames Damai",
  "kodepos" : "83652"
}, {
  "kecamatan" : "Suralaga",
  "kelurahan" : "Dasan Borok",
  "kodepos" : "83652"
}, {
  "kecamatan" : "Suralaga",
  "kelurahan" : "Bagik Payung Timur",
  "kodepos" : "83652"
}, {
  "kecamatan" : "Suralaga",
  "kelurahan" : "Bintang Rinjani",
  "kodepos" : "83652"
}, {
  "kecamatan" : "Suralaga",
  "kelurahan" : "Bagik Payung",
  "kodepos" : "83652"
}, {
  "kecamatan" : "Suralaga",
  "kelurahan" : "Bagik Payung Selatan",
  "kodepos" : "83652"
}, {
  "kecamatan" : "Suralaga",
  "kelurahan" : "Anjani",
  "kodepos" : "83652"
}, {
  "kecamatan" : "Selong",
  "kelurahan" : "Rakam",
  "kodepos" : "83619"
}, {
  "kecamatan" : "Selong",
  "kelurahan" : "Selong Kota",
  "kodepos" : "83619"
}, {
  "kecamatan" : "Selong",
  "kelurahan" : "Kelayu Utara",
  "kodepos" : "83619"
}, {
  "kecamatan" : "Selong",
  "kelurahan" : "Majidi",
  "kodepos" : "83619"
}, {
  "kecamatan" : "Selong",
  "kelurahan" : "Denggen",
  "kodepos" : "83618"
}, {
  "kecamatan" : "Selong",
  "kelurahan" : "Kembang Sari",
  "kodepos" : "83618"
}, {
  "kecamatan" : "Selong",
  "kelurahan" : "Danggen Timur",
  "kodepos" : "83618"
}, {
  "kecamatan" : "Labuhan Haji",
  "kelurahan" : "Penedagandor",
  "kodepos" : "83617"
}, {
  "kecamatan" : "Selong",
  "kelurahan" : "Jorong",
  "kodepos" : "83617"
}, {
  "kecamatan" : "Labuhan Haji",
  "kelurahan" : "Kertasari",
  "kodepos" : "83617"
}, {
  "kecamatan" : "Labuhan Haji",
  "kelurahan" : "Labuhan Haji",
  "kodepos" : "83616"
}, {
  "kecamatan" : "Labuhan Haji",
  "kelurahan" : "Surya Wangi",
  "kodepos" : "83616"
}, {
  "kecamatan" : "Labuhan Haji",
  "kelurahan" : "Korleko Selatan",
  "kodepos" : "83615"
}, {
  "kecamatan" : "Labuhan Haji",
  "kelurahan" : "Tirtanadi",
  "kodepos" : "83615"
}, {
  "kecamatan" : "Labuhan Haji",
  "kelurahan" : "Geres",
  "kodepos" : "83615"
}, {
  "kecamatan" : "Labuhan Haji",
  "kelurahan" : "Ijobalit",
  "kodepos" : "83615"
}, {
  "kecamatan" : "Labuhan Haji",
  "kelurahan" : "Korleko",
  "kodepos" : "83615"
}, {
  "kecamatan" : "Labuhan Haji",
  "kelurahan" : "Teros",
  "kodepos" : "83614"
}, {
  "kecamatan" : "Labuhan Haji",
  "kelurahan" : "Tanjung",
  "kodepos" : "83614"
}, {
  "kecamatan" : "Labuhan Haji",
  "kelurahan" : "Banjarsari",
  "kodepos" : "83614"
}, {
  "kecamatan" : "Selong",
  "kelurahan" : "Sandubaya",
  "kodepos" : "83612"
}, {
  "kecamatan" : "Selong",
  "kelurahan" : "Kelayu Selatan",
  "kodepos" : "83613"
}, {
  "kecamatan" : "Selong",
  "kelurahan" : "Pancor",
  "kodepos" : "83611"
}, {
  "kecamatan" : "Selong",
  "kelurahan" : "Sekarteja",
  "kodepos" : "83611"
} ]
