[ {
  "kecamatan" : "Praya Tengah",
  "kelurahan" : "Sasake",
  "kodepos" : "83582"
}, {
  "kecamatan" : "Praya Tengah",
  "kelurahan" : "Pejanggik",
  "kodepos" : "83582"
}, {
  "kecamatan" : "Praya Tengah",
  "kelurahan" : "Pengadang",
  "kodepos" : "83582"
}, {
  "kecamatan" : "Praya Tengah",
  "kelurahan" : "Kelebuh",
  "kodepos" : "83582"
}, {
  "kecamatan" : "Praya Tengah",
  "kelurahan" : "Lajut",
  "kodepos" : "83582"
}, {
  "kecamatan" : "Praya Tengah",
  "kelurahan" : "Batunyala",
  "kodepos" : "83582"
}, {
  "kecamatan" : "Praya Tengah",
  "kelurahan" : "Beraim",
  "kodepos" : "83582"
}, {
  "kecamatan" : "Praya Tengah",
  "kelurahan" : "Jurang Jaler",
  "kodepos" : "83582"
}, {
  "kecamatan" : "Praya Timur",
  "kelurahan" : "Semoyang",
  "kodepos" : "83581"
}, {
  "kecamatan" : "Praya Timur",
  "kelurahan" : "Sengkerang",
  "kodepos" : "83581"
}, {
  "kecamatan" : "Praya Timur",
  "kelurahan" : "Sukaraja",
  "kodepos" : "83581"
}, {
  "kecamatan" : "Praya Timur",
  "kelurahan" : "Landah",
  "kodepos" : "83581"
}, {
  "kecamatan" : "Praya Timur",
  "kelurahan" : "Marong",
  "kodepos" : "83581"
}, {
  "kecamatan" : "Praya Timur",
  "kelurahan" : "Mujur",
  "kodepos" : "83581"
}, {
  "kecamatan" : "Praya Timur",
  "kelurahan" : "Ganti",
  "kodepos" : "83581"
}, {
  "kecamatan" : "Praya Timur",
  "kelurahan" : "Kidang",
  "kodepos" : "83581"
}, {
  "kecamatan" : "Praya Timur",
  "kelurahan" : "Bilelando",
  "kodepos" : "83581"
}, {
  "kecamatan" : "Pujut",
  "kelurahan" : "Tumpak",
  "kodepos" : "83573"
}, {
  "kecamatan" : "Praya Timur",
  "kelurahan" : "Beleka",
  "kodepos" : "83581"
}, {
  "kecamatan" : "Pujut",
  "kelurahan" : "Tanak Awu",
  "kodepos" : "83573"
}, {
  "kecamatan" : "Pujut",
  "kelurahan" : "Teruwai",
  "kodepos" : "83573"
}, {
  "kecamatan" : "Pujut",
  "kelurahan" : "Segale Anyar",
  "kodepos" : "83573"
}, {
  "kecamatan" : "Pujut",
  "kelurahan" : "Sengkol",
  "kodepos" : "83573"
}, {
  "kecamatan" : "Pujut",
  "kelurahan" : "Sukadana",
  "kodepos" : "83573"
}, {
  "kecamatan" : "Pujut",
  "kelurahan" : "Prabu",
  "kodepos" : "83573"
}, {
  "kecamatan" : "Pujut",
  "kelurahan" : "Rembitan",
  "kodepos" : "83573"
}, {
  "kecamatan" : "Pujut",
  "kelurahan" : "Pengembur",
  "kodepos" : "83573"
}, {
  "kecamatan" : "Pujut",
  "kelurahan" : "Pengengat",
  "kodepos" : "83573"
}, {
  "kecamatan" : "Pujut",
  "kelurahan" : "Kuta (Kute)",
  "kodepos" : "83573"
}, {
  "kecamatan" : "Pujut",
  "kelurahan" : "Mertak",
  "kodepos" : "83573"
}, {
  "kecamatan" : "Pujut",
  "kelurahan" : "Kawo",
  "kodepos" : "83573"
}, {
  "kecamatan" : "Pujut",
  "kelurahan" : "Ketara",
  "kodepos" : "83573"
}, {
  "kecamatan" : "Pujut",
  "kelurahan" : "Gapura",
  "kodepos" : "83573"
}, {
  "kecamatan" : "Praya Barat",
  "kelurahan" : "Setanggor",
  "kodepos" : "83572"
}, {
  "kecamatan" : "Praya Barat",
  "kelurahan" : "Penujak",
  "kodepos" : "83572"
}, {
  "kecamatan" : "Praya Barat",
  "kelurahan" : "Selong Belanak",
  "kodepos" : "83572"
}, {
  "kecamatan" : "Praya Barat",
  "kelurahan" : "Mangkung",
  "kodepos" : "83572"
}, {
  "kecamatan" : "Praya Barat",
  "kelurahan" : "Mekar Sari",
  "kodepos" : "83572"
}, {
  "kecamatan" : "Praya Barat",
  "kelurahan" : "Bonder (Bondir)",
  "kodepos" : "83572"
}, {
  "kecamatan" : "Praya Barat",
  "kelurahan" : "Kateng",
  "kodepos" : "83572"
}, {
  "kecamatan" : "Praya Barat",
  "kelurahan" : "Banyu Urip",
  "kodepos" : "83572"
}, {
  "kecamatan" : "Praya Barat",
  "kelurahan" : "Batujai",
  "kodepos" : "83572"
}, {
  "kecamatan" : "Praya Barat Daya",
  "kelurahan" : "Ungga",
  "kodepos" : "83571"
}, {
  "kecamatan" : "Praya Barat Daya",
  "kelurahan" : "Ranggagata",
  "kodepos" : "83571"
}, {
  "kecamatan" : "Praya Barat Daya",
  "kelurahan" : "Serage",
  "kodepos" : "83571"
}, {
  "kecamatan" : "Praya Barat Daya",
  "kelurahan" : "Pandan Indah",
  "kodepos" : "83571"
}, {
  "kecamatan" : "Praya Barat Daya",
  "kelurahan" : "Pelambik (Plambik)",
  "kodepos" : "83571"
}, {
  "kecamatan" : "Praya Barat Daya",
  "kelurahan" : "Kabul (Kabol)",
  "kodepos" : "83571"
}, {
  "kecamatan" : "Praya Barat Daya",
  "kelurahan" : "Montong Ajan",
  "kodepos" : "83571"
}, {
  "kecamatan" : "Praya Barat Daya",
  "kelurahan" : "Montong Sapah",
  "kodepos" : "83571"
}, {
  "kecamatan" : "Praya Barat Daya",
  "kelurahan" : "Batu Jangkih",
  "kodepos" : "83571"
}, {
  "kecamatan" : "Praya Barat Daya",
  "kelurahan" : "Darek",
  "kodepos" : "83571"
}, {
  "kecamatan" : "Pringgarata",
  "kelurahan" : "Sintung",
  "kodepos" : "83562"
}, {
  "kecamatan" : "Pringgarata",
  "kelurahan" : "Pringgarata",
  "kodepos" : "83562"
}, {
  "kecamatan" : "Pringgarata",
  "kelurahan" : "Sepakek",
  "kodepos" : "83562"
}, {
  "kecamatan" : "Pringgarata",
  "kelurahan" : "Murbaya",
  "kodepos" : "83562"
}, {
  "kecamatan" : "Pringgarata",
  "kelurahan" : "Pemepek",
  "kodepos" : "83562"
}, {
  "kecamatan" : "Pringgarata",
  "kelurahan" : "Bagu",
  "kodepos" : "83562"
}, {
  "kecamatan" : "Pringgarata",
  "kelurahan" : "Bilebante",
  "kodepos" : "83562"
}, {
  "kecamatan" : "Jonggat",
  "kelurahan" : "Sukarara",
  "kodepos" : "83561"
}, {
  "kecamatan" : "Jonggat",
  "kelurahan" : "Ubung",
  "kodepos" : "83561"
}, {
  "kecamatan" : "Jonggat",
  "kelurahan" : "Pengenjek",
  "kodepos" : "83561"
}, {
  "kecamatan" : "Jonggat",
  "kelurahan" : "Perina",
  "kodepos" : "83561"
}, {
  "kecamatan" : "Jonggat",
  "kelurahan" : "Puyung",
  "kodepos" : "83561"
}, {
  "kecamatan" : "Jonggat",
  "kelurahan" : "Labulia",
  "kodepos" : "83561"
}, {
  "kecamatan" : "Jonggat",
  "kelurahan" : "Labulia",
  "kodepos" : "83561"
}, {
  "kecamatan" : "Jonggat",
  "kelurahan" : "Gemel",
  "kodepos" : "83561"
}, {
  "kecamatan" : "Jonggat",
  "kelurahan" : "Jelantik",
  "kodepos" : "83561"
}, {
  "kecamatan" : "Jonggat",
  "kelurahan" : "Bonjeruk",
  "kodepos" : "83561"
}, {
  "kecamatan" : "Jonggat",
  "kelurahan" : "Bunkate",
  "kodepos" : "83561"
}, {
  "kecamatan" : "Jonggat",
  "kelurahan" : "Barejulat",
  "kodepos" : "83561"
}, {
  "kecamatan" : "Jonggat",
  "kelurahan" : "Batutulis",
  "kodepos" : "83561"
}, {
  "kecamatan" : "Janapria",
  "kelurahan" : "Saba",
  "kodepos" : "83554"
}, {
  "kecamatan" : "Janapria",
  "kelurahan" : "Selebung Rembiga",
  "kodepos" : "83554"
}, {
  "kecamatan" : "Janapria",
  "kelurahan" : "Loangmaka",
  "kodepos" : "83554"
}, {
  "kecamatan" : "Janapria",
  "kelurahan" : "Pendem",
  "kodepos" : "83554"
}, {
  "kecamatan" : "Janapria",
  "kelurahan" : "Langko",
  "kodepos" : "83554"
}, {
  "kecamatan" : "Janapria",
  "kelurahan" : "Lekor",
  "kodepos" : "83554"
}, {
  "kecamatan" : "Janapria",
  "kelurahan" : "Janapria",
  "kodepos" : "83554"
}, {
  "kecamatan" : "Janapria",
  "kelurahan" : "Kerembong",
  "kodepos" : "83554"
}, {
  "kecamatan" : "Janapria",
  "kelurahan" : "Durian",
  "kodepos" : "83554"
}, {
  "kecamatan" : "Janapria",
  "kelurahan" : "Bakan",
  "kodepos" : "83554"
}, {
  "kecamatan" : "Kopang",
  "kelurahan" : "Waja Geseng",
  "kodepos" : "83553"
}, {
  "kecamatan" : "Kopang",
  "kelurahan" : "Montong Gamang",
  "kodepos" : "83553"
}, {
  "kecamatan" : "Kopang",
  "kelurahan" : "Muncan",
  "kodepos" : "83553"
}, {
  "kecamatan" : "Kopang",
  "kelurahan" : "Kopang Rembiga",
  "kodepos" : "83553"
}, {
  "kecamatan" : "Kopang",
  "kelurahan" : "Lendang Ara",
  "kodepos" : "83553"
}, {
  "kecamatan" : "Kopang",
  "kelurahan" : "Monggas",
  "kodepos" : "83553"
}, {
  "kecamatan" : "Kopang",
  "kelurahan" : "Darmaji",
  "kodepos" : "83553"
}, {
  "kecamatan" : "Kopang",
  "kelurahan" : "Dasan Baru",
  "kodepos" : "83553"
}, {
  "kecamatan" : "Kopang",
  "kelurahan" : "Bebuak",
  "kodepos" : "83553"
}, {
  "kecamatan" : "Batukliang Utara",
  "kelurahan" : "Tanak Beak",
  "kodepos" : "83552"
}, {
  "kecamatan" : "Batukliang Utara",
  "kelurahan" : "Teratak",
  "kodepos" : "83552"
}, {
  "kecamatan" : "Batukliang",
  "kelurahan" : "Tampak Siring",
  "kodepos" : "83552"
}, {
  "kecamatan" : "Batukliang Utara",
  "kelurahan" : "Setiling",
  "kodepos" : "83552"
}, {
  "kecamatan" : "Batukliang",
  "kelurahan" : "Peresak",
  "kodepos" : "83552"
}, {
  "kecamatan" : "Batukliang",
  "kelurahan" : "Selebung",
  "kodepos" : "83552"
}, {
  "kecamatan" : "Batukliang",
  "kelurahan" : "Pagutan",
  "kodepos" : "83552"
}, {
  "kecamatan" : "Batukliang Utara",
  "kelurahan" : "Mas-Mas",
  "kodepos" : "83552"
}, {
  "kecamatan" : "Batukliang",
  "kelurahan" : "Mantang",
  "kodepos" : "83552"
}, {
  "kecamatan" : "Batukliang Utara",
  "kelurahan" : "Lantan",
  "kodepos" : "83552"
}, {
  "kecamatan" : "Batukliang Utara",
  "kelurahan" : "Karang Sidemen",
  "kodepos" : "83552"
}, {
  "kecamatan" : "Batukliang",
  "kelurahan" : "Bujak",
  "kodepos" : "83552"
}, {
  "kecamatan" : "Batukliang",
  "kelurahan" : "Barabali",
  "kodepos" : "83552"
}, {
  "kecamatan" : "Batukliang",
  "kelurahan" : "Beber",
  "kodepos" : "83552"
}, {
  "kecamatan" : "Batukliang",
  "kelurahan" : "Aik Darek (Aiq Dareq)",
  "kodepos" : "83552"
}, {
  "kecamatan" : "Batukliang Utara",
  "kelurahan" : "Aik Berik",
  "kodepos" : "83552"
}, {
  "kecamatan" : "Batukliang Utara",
  "kelurahan" : "Aik Bukak (Bukaq)",
  "kodepos" : "83552"
}, {
  "kecamatan" : "Praya",
  "kelurahan" : "Gonjak",
  "kodepos" : "83522"
}, {
  "kecamatan" : "Praya Tengah",
  "kelurahan" : "Gerantung",
  "kodepos" : "83523"
}, {
  "kecamatan" : "Praya",
  "kelurahan" : "Renteng",
  "kodepos" : "83521"
}, {
  "kecamatan" : "Praya",
  "kelurahan" : "Tiwugalih",
  "kodepos" : "83518"
}, {
  "kecamatan" : "Praya",
  "kelurahan" : "Prapen",
  "kodepos" : "83519"
}, {
  "kecamatan" : "Praya",
  "kelurahan" : "Leneng",
  "kodepos" : "83515"
}, {
  "kecamatan" : "Praya",
  "kelurahan" : "Panjisari",
  "kodepos" : "83516"
}, {
  "kecamatan" : "Praya",
  "kelurahan" : "Gerunung",
  "kodepos" : "83514"
}, {
  "kecamatan" : "Praya Tengah",
  "kelurahan" : "Jontlak",
  "kodepos" : "83513"
}, {
  "kecamatan" : "Praya",
  "kelurahan" : "Semayan",
  "kodepos" : "83512"
}, {
  "kecamatan" : "Praya",
  "kelurahan" : "Mertak Tombok",
  "kodepos" : "83511"
}, {
  "kecamatan" : "Praya",
  "kelurahan" : "Montong Terep",
  "kodepos" : "83511"
}, {
  "kecamatan" : "Praya",
  "kelurahan" : "Praya",
  "kodepos" : "83511"
}, {
  "kecamatan" : "Praya",
  "kelurahan" : "Bunut Baok",
  "kodepos" : "83511"
}, {
  "kecamatan" : "Praya",
  "kelurahan" : "Jago",
  "kodepos" : "83511"
}, {
  "kecamatan" : "Praya",
  "kelurahan" : "Aik Mual",
  "kodepos" : "83511"
} ]
