[ {
  "kecamatan" : "Ampenan",
  "kelurahan" : "Ampenan Utara",
  "kodepos" : "83511"
}, {
  "kecamatan" : "Cakranegara",
  "kelurahan" : "Cakranegara Utara",
  "kodepos" : "83239"
}, {
  "kecamatan" : "Cakranegara",
  "kelurahan" : "Sayang Sayang",
  "kodepos" : "83239"
}, {
  "kecamatan" : "Cakranegara",
  "kelurahan" : "Cakranegara Selatan Baru",
  "kodepos" : "83239"
}, {
  "kecamatan" : "Cakranegara",
  "kelurahan" : "Cakranegara Timur",
  "kodepos" : "83239"
}, {
  "kecamatan" : "Cakranegara",
  "kelurahan" : "Cakranegara Barat",
  "kodepos" : "83239"
}, {
  "kecamatan" : "Cakranegara",
  "kelurahan" : "Cakranegara Selatan",
  "kodepos" : "83239"
}, {
  "kecamatan" : "Cakranegara",
  "kelurahan" : "Mayura",
  "kodepos" : "83238"
}, {
  "kecamatan" : "Cakranegara",
  "kelurahan" : "Sapta Marga",
  "kodepos" : "83238"
}, {
  "kecamatan" : "Cakranegara",
  "kelurahan" : "Cilinaya",
  "kodepos" : "83238"
}, {
  "kecamatan" : "Cakranegara",
  "kelurahan" : "Karang Taliwang",
  "kodepos" : "83238"
}, {
  "kecamatan" : "Sandubaya (Sandujaya)",
  "kelurahan" : "Turida",
  "kodepos" : "83237"
}, {
  "kecamatan" : "Sandubaya (Sandujaya)",
  "kelurahan" : "Mandalika",
  "kodepos" : "83237"
}, {
  "kecamatan" : "Sandubaya (Sandujaya)",
  "kelurahan" : "Selagalas",
  "kodepos" : "83237"
}, {
  "kecamatan" : "Sandubaya (Sandujaya)",
  "kelurahan" : "Bertais",
  "kodepos" : "83236"
}, {
  "kecamatan" : "Sandubaya (Sandujaya)",
  "kelurahan" : "Abian Tubuh Baru",
  "kodepos" : "83237"
}, {
  "kecamatan" : "Sandubaya (Sandujaya)",
  "kelurahan" : "Babakan",
  "kodepos" : "83233"
}, {
  "kecamatan" : "Sandubaya (Sandujaya)",
  "kelurahan" : "Dasan Cermen",
  "kodepos" : "83232"
}, {
  "kecamatan" : "Mataram",
  "kelurahan" : "Pejanggik",
  "kodepos" : "83127"
}, {
  "kecamatan" : "Mataram",
  "kelurahan" : "Punia",
  "kodepos" : "83127"
}, {
  "kecamatan" : "Mataram",
  "kelurahan" : "Pagutan Barat",
  "kodepos" : "83127"
}, {
  "kecamatan" : "Mataram",
  "kelurahan" : "Pagutan Timur",
  "kodepos" : "83127"
}, {
  "kecamatan" : "Mataram",
  "kelurahan" : "Pagesangan Barat",
  "kodepos" : "83127"
}, {
  "kecamatan" : "Mataram",
  "kelurahan" : "Pagesangan Timur",
  "kodepos" : "83127"
}, {
  "kecamatan" : "Selaparang (Selaprang)",
  "kelurahan" : "Mataram Barat",
  "kodepos" : "83126"
}, {
  "kecamatan" : "Mataram",
  "kelurahan" : "Pagesangan",
  "kodepos" : "83127"
}, {
  "kecamatan" : "Selaparang (Selaprang)",
  "kelurahan" : "Dasan Agung Baru",
  "kodepos" : "83125"
}, {
  "kecamatan" : "Selaparang (Selaprang)",
  "kelurahan" : "Gomong",
  "kodepos" : "83126"
}, {
  "kecamatan" : "Selaparang (Selaprang)",
  "kelurahan" : "Rembiga",
  "kodepos" : "83124"
}, {
  "kecamatan" : "Selaparang (Selaprang)",
  "kelurahan" : "Dasan Agung",
  "kodepos" : "83125"
}, {
  "kecamatan" : "Selaparang (Selaprang)",
  "kelurahan" : "Monjok Timur",
  "kodepos" : "83122"
}, {
  "kecamatan" : "Selaparang (Selaprang)",
  "kelurahan" : "Karang Baru",
  "kodepos" : "83123"
}, {
  "kecamatan" : "Selaparang (Selaprang)",
  "kelurahan" : "Monjok",
  "kodepos" : "83122"
}, {
  "kecamatan" : "Selaparang (Selaprang)",
  "kelurahan" : "Monjok Barat",
  "kodepos" : "83122"
}, {
  "kecamatan" : "Mataram",
  "kelurahan" : "Mataram Timur",
  "kodepos" : "83121"
}, {
  "kecamatan" : "Ampenan",
  "kelurahan" : "Pajarakan Karya",
  "kodepos" : "83118"
}, {
  "kecamatan" : "Ampenan",
  "kelurahan" : "Tamansari",
  "kodepos" : "83118"
}, {
  "kecamatan" : "Ampenan",
  "kelurahan" : "Doyan Peken",
  "kodepos" : "83118"
}, {
  "kecamatan" : "Ampenan",
  "kelurahan" : "Kebunsari",
  "kodepos" : "83118"
}, {
  "kecamatan" : "Ampenan",
  "kelurahan" : "Banjar",
  "kodepos" : "83118"
}, {
  "kecamatan" : "Ampenan",
  "kelurahan" : "Bintaro",
  "kodepos" : "83118"
}, {
  "kecamatan" : "Mataram",
  "kelurahan" : "Pagutan",
  "kodepos" : "83117"
}, {
  "kecamatan" : "Sekarbela",
  "kelurahan" : "Kekalik Jaya",
  "kodepos" : "83116"
}, {
  "kecamatan" : "Sekarbela",
  "kelurahan" : "Tanjung Karang Permai",
  "kodepos" : "83116"
}, {
  "kecamatan" : "Sekarbela",
  "kelurahan" : "Jempang Baru",
  "kodepos" : "83116"
}, {
  "kecamatan" : "Sekarbela",
  "kelurahan" : "Karang Pule",
  "kodepos" : "83116"
}, {
  "kecamatan" : "Sekarbela",
  "kelurahan" : "Tanjung Karang",
  "kodepos" : "83115"
}, {
  "kecamatan" : "Ampenan",
  "kelurahan" : "Pejeruk",
  "kodepos" : "83113"
}, {
  "kecamatan" : "Ampenan",
  "kelurahan" : "Ampenan Selatan",
  "kodepos" : "83114"
}, {
  "kecamatan" : "Ampenan",
  "kelurahan" : "Ampenan Tengah",
  "kodepos" : "83112"
} ]
