[ {
  "kecamatan" : "Narmada",
  "kelurahan" : "Suranadi",
  "kodepos" : "83371"
}, {
  "kecamatan" : "Narmada",
  "kelurahan" : "Tanah/Tanak Beak",
  "kodepos" : "83371"
}, {
  "kecamatan" : "Narmada",
  "kelurahan" : "Sesaot",
  "kodepos" : "83371"
}, {
  "kecamatan" : "Lingsar",
  "kelurahan" : "Sigerongan",
  "kodepos" : "83371"
}, {
  "kecamatan" : "Narmada",
  "kelurahan" : "Selat",
  "kodepos" : "83371"
}, {
  "kecamatan" : "Narmada",
  "kelurahan" : "Sembung",
  "kodepos" : "83371"
}, {
  "kecamatan" : "Narmada",
  "kelurahan" : "Sedau",
  "kodepos" : "83371"
}, {
  "kecamatan" : "Lingsar",
  "kelurahan" : "Saribaye",
  "kodepos" : "83371"
}, {
  "kecamatan" : "Narmada",
  "kelurahan" : "Peru (Keru)",
  "kodepos" : "83371"
}, {
  "kecamatan" : "Lingsar",
  "kelurahan" : "Peteluan Indah",
  "kodepos" : "83371"
}, {
  "kecamatan" : "Narmada",
  "kelurahan" : "Peresak",
  "kodepos" : "83371"
}, {
  "kecamatan" : "Narmada",
  "kelurahan" : "Nyur Lembang",
  "kodepos" : "83371"
}, {
  "kecamatan" : "Narmada",
  "kelurahan" : "Pakuan",
  "kodepos" : "83371"
}, {
  "kecamatan" : "Narmada",
  "kelurahan" : "Mekarsari",
  "kodepos" : "83371"
}, {
  "kecamatan" : "Narmada",
  "kelurahan" : "Narmada",
  "kodepos" : "83371"
}, {
  "kecamatan" : "Lingsar",
  "kelurahan" : "Lingsar",
  "kodepos" : "83371"
}, {
  "kecamatan" : "Narmada",
  "kelurahan" : "Lebah Sempaga",
  "kodepos" : "83371"
}, {
  "kecamatan" : "Narmada",
  "kelurahan" : "Lembuak",
  "kodepos" : "83371"
}, {
  "kecamatan" : "Lingsar",
  "kelurahan" : "Gontoran",
  "kodepos" : "83371"
}, {
  "kecamatan" : "Lingsar",
  "kelurahan" : "Karang Bayan",
  "kodepos" : "83371"
}, {
  "kecamatan" : "Lingsar",
  "kelurahan" : "Langko",
  "kodepos" : "83371"
}, {
  "kecamatan" : "Narmada",
  "kelurahan" : "Krama Jaya",
  "kodepos" : "83371"
}, {
  "kecamatan" : "Narmada",
  "kelurahan" : "Golong",
  "kodepos" : "83371"
}, {
  "kecamatan" : "Lingsar",
  "kelurahan" : "Gegerung",
  "kodepos" : "83371"
}, {
  "kecamatan" : "Lingsar",
  "kelurahan" : "Giri Madia",
  "kodepos" : "83371"
}, {
  "kecamatan" : "Narmada",
  "kelurahan" : "Gerimak Indah",
  "kodepos" : "83371"
}, {
  "kecamatan" : "Lingsar",
  "kelurahan" : "Gegelang",
  "kodepos" : "83371"
}, {
  "kecamatan" : "Narmada",
  "kelurahan" : "Dasan Tereng",
  "kodepos" : "83371"
}, {
  "kecamatan" : "Lingsar",
  "kelurahan" : "Duman",
  "kodepos" : "83371"
}, {
  "kecamatan" : "Narmada",
  "kelurahan" : "Buwun Sejati",
  "kodepos" : "83371"
}, {
  "kecamatan" : "Lingsar",
  "kelurahan" : "Dasan Geria",
  "kodepos" : "83371"
}, {
  "kecamatan" : "Lingsar",
  "kelurahan" : "Batu Mekar",
  "kodepos" : "83371"
}, {
  "kecamatan" : "Lingsar",
  "kelurahan" : "Bug-Bug",
  "kodepos" : "83371"
}, {
  "kecamatan" : "Narmada",
  "kelurahan" : "Batu Kuta",
  "kodepos" : "83371"
}, {
  "kecamatan" : "Lingsar",
  "kelurahan" : "Batu Kumbung",
  "kodepos" : "83371"
}, {
  "kecamatan" : "Sekotong",
  "kelurahan" : "Sekotong Tengah",
  "kodepos" : "83365"
}, {
  "kecamatan" : "Narmada",
  "kelurahan" : "Badrain",
  "kodepos" : "83371"
}, {
  "kecamatan" : "Sekotong",
  "kelurahan" : "Pelangan",
  "kodepos" : "83365"
}, {
  "kecamatan" : "Sekotong",
  "kelurahan" : "Sekotong Barat",
  "kodepos" : "83365"
}, {
  "kecamatan" : "Sekotong",
  "kelurahan" : "Gili Gede Indah",
  "kodepos" : "83365"
}, {
  "kecamatan" : "Sekotong",
  "kelurahan" : "Kedaro",
  "kodepos" : "83365"
}, {
  "kecamatan" : "Sekotong",
  "kelurahan" : "Buwun Mas",
  "kodepos" : "83365"
}, {
  "kecamatan" : "Sekotong",
  "kelurahan" : "Cendi Manik",
  "kodepos" : "83365"
}, {
  "kecamatan" : "Lembar",
  "kelurahan" : "Sekotong Timur",
  "kodepos" : "83364"
}, {
  "kecamatan" : "Sekotong",
  "kelurahan" : "Batu Putih",
  "kodepos" : "83365"
}, {
  "kecamatan" : "Lembar",
  "kelurahan" : "Mareje",
  "kodepos" : "83364"
}, {
  "kecamatan" : "Lembar",
  "kelurahan" : "Mareje Timur",
  "kodepos" : "83364"
}, {
  "kecamatan" : "Lembar",
  "kelurahan" : "Labuan Tereng",
  "kodepos" : "83364"
}, {
  "kecamatan" : "Lembar",
  "kelurahan" : "Lembar",
  "kodepos" : "83364"
}, {
  "kecamatan" : "Lembar",
  "kelurahan" : "Lembar Selatan",
  "kodepos" : "83364"
}, {
  "kecamatan" : "Lembar",
  "kelurahan" : "Jembatan Gantung",
  "kodepos" : "83364"
}, {
  "kecamatan" : "Lembar",
  "kelurahan" : "Jembatan Kembar",
  "kodepos" : "83364"
}, {
  "kecamatan" : "Gerung",
  "kelurahan" : "Tempos",
  "kodepos" : "83363"
}, {
  "kecamatan" : "Gerung",
  "kelurahan" : "Sukamakmur",
  "kodepos" : "83363"
}, {
  "kecamatan" : "Gerung",
  "kelurahan" : "Taman Ayu",
  "kodepos" : "83363"
}, {
  "kecamatan" : "Gerung",
  "kelurahan" : "Kebunayu",
  "kodepos" : "83363"
}, {
  "kecamatan" : "Gerung",
  "kelurahan" : "Mesanggok",
  "kodepos" : "83363"
}, {
  "kecamatan" : "Gerung",
  "kelurahan" : "Gerung Utara",
  "kodepos" : "83363"
}, {
  "kecamatan" : "Gerung",
  "kelurahan" : "Giri Tembesi",
  "kodepos" : "83363"
}, {
  "kecamatan" : "Gerung",
  "kelurahan" : "Gapuk",
  "kodepos" : "83363"
}, {
  "kecamatan" : "Gerung",
  "kelurahan" : "Gerung Selatan",
  "kodepos" : "83363"
}, {
  "kecamatan" : "Gerung",
  "kelurahan" : "Dasan Geres",
  "kodepos" : "83363"
}, {
  "kecamatan" : "Gerung",
  "kelurahan" : "Dasan Tapen",
  "kodepos" : "83363"
}, {
  "kecamatan" : "Gerung",
  "kelurahan" : "Banyu Urip",
  "kodepos" : "83363"
}, {
  "kecamatan" : "Gerung",
  "kelurahan" : "Beleke",
  "kodepos" : "83363"
}, {
  "kecamatan" : "Gerung",
  "kelurahan" : "Babussalam",
  "kodepos" : "83363"
}, {
  "kecamatan" : "Kediri",
  "kelurahan" : "Ombe Baru",
  "kodepos" : "83362"
}, {
  "kecamatan" : "Kediri",
  "kelurahan" : "Rumak",
  "kodepos" : "83362"
}, {
  "kecamatan" : "Kediri",
  "kelurahan" : "Lelede",
  "kodepos" : "83362"
}, {
  "kecamatan" : "Kediri",
  "kelurahan" : "Montong Are",
  "kodepos" : "83362"
}, {
  "kecamatan" : "Kuripan",
  "kelurahan" : "Kuripan Timur",
  "kodepos" : "83362"
}, {
  "kecamatan" : "Kuripan",
  "kelurahan" : "Kuripan Utara",
  "kodepos" : "83362"
}, {
  "kecamatan" : "Kuripan",
  "kelurahan" : "Kuripan",
  "kodepos" : "83362"
}, {
  "kecamatan" : "Kuripan",
  "kelurahan" : "Kuripan Selatan",
  "kodepos" : "83362"
}, {
  "kecamatan" : "Kediri",
  "kelurahan" : "Kediri Selatan",
  "kodepos" : "83362"
}, {
  "kecamatan" : "Kediri",
  "kelurahan" : "Jagaraga Indah",
  "kodepos" : "83362"
}, {
  "kecamatan" : "Kediri",
  "kelurahan" : "Kediri",
  "kodepos" : "83362"
}, {
  "kecamatan" : "Kuripan",
  "kelurahan" : "Giri Sasak",
  "kodepos" : "83362"
}, {
  "kecamatan" : "Kuripan",
  "kelurahan" : "Jagaraga",
  "kodepos" : "83362"
}, {
  "kecamatan" : "Kediri",
  "kelurahan" : "Dasan Baru",
  "kodepos" : "83362"
}, {
  "kecamatan" : "Kediri",
  "kelurahan" : "Gelogor",
  "kodepos" : "83362"
}, {
  "kecamatan" : "Kediri",
  "kelurahan" : "Banyumulek",
  "kodepos" : "83362"
}, {
  "kecamatan" : "Labuapi",
  "kelurahan" : "Terong Tawah",
  "kodepos" : "83361"
}, {
  "kecamatan" : "Labuapi",
  "kelurahan" : "Telagawaru",
  "kodepos" : "83361"
}, {
  "kecamatan" : "Labuapi",
  "kelurahan" : "Merembu",
  "kodepos" : "83361"
}, {
  "kecamatan" : "Labuapi",
  "kelurahan" : "Perampuan",
  "kodepos" : "83361"
}, {
  "kecamatan" : "Labuapi",
  "kelurahan" : "Kuranji Dalang",
  "kodepos" : "83361"
}, {
  "kecamatan" : "Labuapi",
  "kelurahan" : "Labuapi",
  "kodepos" : "83361"
}, {
  "kecamatan" : "Labuapi",
  "kelurahan" : "Bengkel",
  "kodepos" : "83361"
}, {
  "kecamatan" : "Labuapi",
  "kelurahan" : "Karang Bongkot",
  "kodepos" : "83361"
}, {
  "kecamatan" : "Labuapi",
  "kelurahan" : "Kuranji",
  "kodepos" : "83361"
}, {
  "kecamatan" : "Labuapi",
  "kelurahan" : "Bagik Polak Barat",
  "kodepos" : "83361"
}, {
  "kecamatan" : "Labuapi",
  "kelurahan" : "Bajur",
  "kodepos" : "83361"
}, {
  "kecamatan" : "Labuapi",
  "kelurahan" : "Bagik Polak",
  "kodepos" : "83361"
}, {
  "kecamatan" : "Batu Layar",
  "kelurahan" : "Senggigi",
  "kodepos" : "83355"
}, {
  "kecamatan" : "Batu Layar",
  "kelurahan" : "Senteluk",
  "kodepos" : "83355"
}, {
  "kecamatan" : "Batu Layar",
  "kelurahan" : "Pusuk Lestari",
  "kodepos" : "83355"
}, {
  "kecamatan" : "Batu Layar",
  "kelurahan" : "Sandik",
  "kodepos" : "83355"
}, {
  "kecamatan" : "Batu Layar",
  "kelurahan" : "Meninting",
  "kodepos" : "83355"
}, {
  "kecamatan" : "Batu Layar",
  "kelurahan" : "Lembah Sari",
  "kodepos" : "83355"
}, {
  "kecamatan" : "Batu Layar",
  "kelurahan" : "Batu Layar",
  "kodepos" : "83355"
}, {
  "kecamatan" : "Batu Layar",
  "kelurahan" : "Bengkaung",
  "kodepos" : "83355"
}, {
  "kecamatan" : "Gunungsari",
  "kelurahan" : "Taman Sari",
  "kodepos" : "83351"
}, {
  "kecamatan" : "Gunungsari",
  "kelurahan" : "Sesela",
  "kodepos" : "83351"
}, {
  "kecamatan" : "Gunungsari",
  "kelurahan" : "Ranjok",
  "kodepos" : "83351"
}, {
  "kecamatan" : "Gunungsari",
  "kelurahan" : "Nambalan (Mambalan)",
  "kodepos" : "83351"
}, {
  "kecamatan" : "Gunungsari",
  "kelurahan" : "Penimbung",
  "kodepos" : "83351"
}, {
  "kecamatan" : "Gunungsari",
  "kelurahan" : "Midang",
  "kodepos" : "83351"
}, {
  "kecamatan" : "Gunungsari",
  "kelurahan" : "Kekait",
  "kodepos" : "83351"
}, {
  "kecamatan" : "Gunungsari",
  "kelurahan" : "Kekeri",
  "kodepos" : "83351"
}, {
  "kecamatan" : "Gunungsari",
  "kelurahan" : "Mekarsari",
  "kodepos" : "83351"
}, {
  "kecamatan" : "Gunungsari",
  "kelurahan" : "Jatisela",
  "kodepos" : "83351"
}, {
  "kecamatan" : "Gunungsari",
  "kelurahan" : "Jeringgo",
  "kodepos" : "83351"
}, {
  "kecamatan" : "Gunungsari",
  "kelurahan" : "Gunung Sari",
  "kodepos" : "83351"
}, {
  "kecamatan" : "Gunungsari",
  "kelurahan" : "Guntur Macan",
  "kodepos" : "83351"
}, {
  "kecamatan" : "Gunungsari",
  "kelurahan" : "Dopang",
  "kodepos" : "83351"
}, {
  "kecamatan" : "Gunungsari",
  "kelurahan" : "Gelangsar",
  "kodepos" : "83351"
}, {
  "kecamatan" : "Gunungsari",
  "kelurahan" : "Bukittinggi",
  "kodepos" : "83351"
} ]
