[ {
  "kecamatan" : "Bayan",
  "kelurahan" : "Senaru",
  "kodepos" : "83354"
}, {
  "kecamatan" : "Bayan",
  "kelurahan" : "Sukadana",
  "kodepos" : "83354"
}, {
  "kecamatan" : "Bayan",
  "kelurahan" : "Loloan",
  "kodepos" : "83354"
}, {
  "kecamatan" : "Bayan",
  "kelurahan" : "Mumbul Sari",
  "kodepos" : "83354"
}, {
  "kecamatan" : "Bayan",
  "kelurahan" : "Sambik Elen",
  "kodepos" : "83354"
}, {
  "kecamatan" : "Bayan",
  "kelurahan" : "Bayan",
  "kodepos" : "83354"
}, {
  "kecamatan" : "Bayan",
  "kelurahan" : "Karang Bajo",
  "kodepos" : "83354"
}, {
  "kecamatan" : "Bayan",
  "kelurahan" : "Anyar",
  "kodepos" : "83354"
}, {
  "kecamatan" : "Bayan",
  "kelurahan" : "Akar Akar",
  "kodepos" : "83354"
}, {
  "kecamatan" : "Kayangan",
  "kelurahan" : "Selengen",
  "kodepos" : "83353"
}, {
  "kecamatan" : "Kayangan",
  "kelurahan" : "Sesait",
  "kodepos" : "83353"
}, {
  "kecamatan" : "Gangga",
  "kelurahan" : "Sambik Bangkol",
  "kodepos" : "83353"
}, {
  "kecamatan" : "Kayangan",
  "kelurahan" : "Santong",
  "kodepos" : "83353"
}, {
  "kecamatan" : "Gangga",
  "kelurahan" : "Rempek",
  "kodepos" : "83353"
}, {
  "kecamatan" : "Kayangan",
  "kelurahan" : "Salut",
  "kodepos" : "83353"
}, {
  "kecamatan" : "Kayangan",
  "kelurahan" : "Kayangan",
  "kodepos" : "83353"
}, {
  "kecamatan" : "Kayangan",
  "kelurahan" : "Pendua",
  "kodepos" : "83353"
}, {
  "kecamatan" : "Gangga",
  "kelurahan" : "Gondang",
  "kodepos" : "83353"
}, {
  "kecamatan" : "Kayangan",
  "kelurahan" : "Gumantar",
  "kodepos" : "83353"
}, {
  "kecamatan" : "Kayangan",
  "kelurahan" : "Dangiang",
  "kodepos" : "83353"
}, {
  "kecamatan" : "Gangga",
  "kelurahan" : "Genggelang",
  "kodepos" : "83353"
}, {
  "kecamatan" : "Gangga",
  "kelurahan" : "Bentek",
  "kodepos" : "83353"
}, {
  "kecamatan" : "Tanjung",
  "kelurahan" : "Tegal Maja",
  "kodepos" : "83352"
}, {
  "kecamatan" : "Tanjung",
  "kelurahan" : "Teniga",
  "kodepos" : "83352"
}, {
  "kecamatan" : "Tanjung",
  "kelurahan" : "Tanjung",
  "kodepos" : "83352"
}, {
  "kecamatan" : "Pemenang",
  "kelurahan" : "Pemenang Timur",
  "kodepos" : "83352"
}, {
  "kecamatan" : "Tanjung",
  "kelurahan" : "Sigar Penjalin (Pinjalin)",
  "kodepos" : "83352"
}, {
  "kecamatan" : "Tanjung",
  "kelurahan" : "Sokong",
  "kodepos" : "83352"
}, {
  "kecamatan" : "Pemenang",
  "kelurahan" : "Pemenang Barat",
  "kodepos" : "83352"
}, {
  "kecamatan" : "Tanjung",
  "kelurahan" : "Medana",
  "kodepos" : "83352"
}, {
  "kecamatan" : "Pemenang",
  "kelurahan" : "Malaka",
  "kodepos" : "83352"
}, {
  "kecamatan" : "Tanjung",
  "kelurahan" : "Jenggala",
  "kodepos" : "83352"
}, {
  "kecamatan" : "Pemenang",
  "kelurahan" : "Gili Indah",
  "kodepos" : "83352"
} ]
