[ {
  "kecamatan" : "Loli",
  "kelurahan" : "Wee Dabo",
  "kodepos" : "87284"
}, {
  "kecamatan" : "Loli",
  "kelurahan" : "Wee Karou",
  "kodepos" : "87284"
}, {
  "kecamatan" : "Loli",
  "kelurahan" : "Ubu Pede",
  "kodepos" : "87284"
}, {
  "kecamatan" : "Loli",
  "kelurahan" : "Ubu Raya",
  "kodepos" : "87284"
}, {
  "kecamatan" : "Loli",
  "kelurahan" : "Tana Rara",
  "kodepos" : "87284"
}, {
  "kecamatan" : "Loli",
  "kelurahan" : "Tema Tana",
  "kodepos" : "87284"
}, {
  "kecamatan" : "Loli",
  "kelurahan" : "Manola",
  "kodepos" : "87284"
}, {
  "kecamatan" : "Loli",
  "kelurahan" : "Soba Wawi",
  "kodepos" : "87284"
}, {
  "kecamatan" : "Loli",
  "kelurahan" : "Doka Kaka",
  "kodepos" : "87284"
}, {
  "kecamatan" : "Loli",
  "kelurahan" : "Loda Pare",
  "kodepos" : "87284"
}, {
  "kecamatan" : "Loli",
  "kelurahan" : "Dira Tana",
  "kodepos" : "87284"
}, {
  "kecamatan" : "Loli",
  "kelurahan" : "Dede Kadu",
  "kodepos" : "87284"
}, {
  "kecamatan" : "Loli",
  "kelurahan" : "Bali Ledo",
  "kodepos" : "87284"
}, {
  "kecamatan" : "Loli",
  "kelurahan" : "Bera Dolu",
  "kodepos" : "87284"
}, {
  "kecamatan" : "Wanokaka",
  "kelurahan" : "Tara Manu",
  "kodepos" : "87272"
}, {
  "kecamatan" : "Wanokaka",
  "kelurahan" : "Wai Hura",
  "kodepos" : "87272"
}, {
  "kecamatan" : "Wanokaka",
  "kelurahan" : "Wei Mangoma",
  "kodepos" : "87272"
}, {
  "kecamatan" : "Wanokaka",
  "kelurahan" : "Rua",
  "kodepos" : "87272"
}, {
  "kecamatan" : "Wanokaka",
  "kelurahan" : "Prai Bakul",
  "kodepos" : "87272"
}, {
  "kecamatan" : "Wanokaka",
  "kelurahan" : "Rewa Rara",
  "kodepos" : "87272"
}, {
  "kecamatan" : "Wanokaka",
  "kelurahan" : "Pari Rara",
  "kodepos" : "87272"
}, {
  "kecamatan" : "Wanokaka",
  "kelurahan" : "Pahola",
  "kodepos" : "87272"
}, {
  "kecamatan" : "Wanokaka",
  "kelurahan" : "Katiku Loku",
  "kodepos" : "87272"
}, {
  "kecamatan" : "Wanokaka",
  "kelurahan" : "Mamodu",
  "kodepos" : "87272"
}, {
  "kecamatan" : "Wanokaka",
  "kelurahan" : "Hoba Wawi",
  "kodepos" : "87272"
}, {
  "kecamatan" : "Wanokaka",
  "kelurahan" : "Hupu Mada",
  "kodepos" : "87272"
}, {
  "kecamatan" : "Wanokaka",
  "kelurahan" : "Ana Wolu",
  "kodepos" : "87272"
}, {
  "kecamatan" : "Wanokaka",
  "kelurahan" : "Bali Loku",
  "kodepos" : "87272"
}, {
  "kecamatan" : "Lamboya Barat",
  "kelurahan" : "Wee Tana",
  "kodepos" : "87271"
}, {
  "kecamatan" : "Lamboya",
  "kelurahan" : "Watu Karere",
  "kodepos" : "87271"
}, {
  "kecamatan" : "Lamboya",
  "kelurahan" : "Wailibo (Welibo)",
  "kodepos" : "87271"
}, {
  "kecamatan" : "Lamboya",
  "kelurahan" : "Sodan (Sodana)",
  "kodepos" : "87271"
}, {
  "kecamatan" : "Lamboya",
  "kelurahan" : "Rajak (Rajaka)",
  "kodepos" : "87271"
}, {
  "kecamatan" : "Lamboya",
  "kelurahan" : "Ringu Rara",
  "kodepos" : "87271"
}, {
  "kecamatan" : "Lamboya",
  "kelurahan" : "Patiala Bawa",
  "kodepos" : "87271"
}, {
  "kecamatan" : "Lamboya Barat",
  "kelurahan" : "Patiala Dete",
  "kodepos" : "87271"
}, {
  "kecamatan" : "Lamboya",
  "kelurahan" : "Laboya Dete",
  "kodepos" : "87271"
}, {
  "kecamatan" : "Lamboya",
  "kelurahan" : "Pala Moko",
  "kodepos" : "87271"
}, {
  "kecamatan" : "Lamboya",
  "kelurahan" : "Kabu Karudi",
  "kodepos" : "87271"
}, {
  "kecamatan" : "Lamboya",
  "kelurahan" : "Laboya Bawa",
  "kodepos" : "87271"
}, {
  "kecamatan" : "Lamboya Barat",
  "kelurahan" : "Gaura",
  "kodepos" : "87271"
}, {
  "kecamatan" : "Lamboya Barat",
  "kelurahan" : "Harona Kala",
  "kodepos" : "87271"
}, {
  "kecamatan" : "Lamboya",
  "kelurahan" : "Bodo Hula",
  "kodepos" : "87271"
}, {
  "kecamatan" : "Tana Righu",
  "kelurahan" : "Zala Kadu",
  "kodepos" : "87257"
}, {
  "kecamatan" : "Tana Righu",
  "kelurahan" : "Wanokaza",
  "kodepos" : "87257"
}, {
  "kecamatan" : "Tana Righu",
  "kelurahan" : "Wee Patola",
  "kodepos" : "87257"
}, {
  "kecamatan" : "Tana Righu",
  "kelurahan" : "Ngadu Pada",
  "kodepos" : "87257"
}, {
  "kecamatan" : "Tana Righu",
  "kelurahan" : "Tarona",
  "kodepos" : "87257"
}, {
  "kecamatan" : "Tana Righu",
  "kelurahan" : "Malata",
  "kodepos" : "87257"
}, {
  "kecamatan" : "Tana Righu",
  "kelurahan" : "Manu Kuku",
  "kodepos" : "87257"
}, {
  "kecamatan" : "Tana Righu",
  "kelurahan" : "Manu Mada Pemekaran",
  "kodepos" : "87257"
}, {
  "kecamatan" : "Tana Righu",
  "kelurahan" : "Lolo Tana",
  "kodepos" : "87257"
}, {
  "kecamatan" : "Tana Righu",
  "kelurahan" : "Lolo Wano",
  "kodepos" : "87257"
}, {
  "kecamatan" : "Tana Righu",
  "kelurahan" : "Lingu Lango",
  "kodepos" : "87257"
}, {
  "kecamatan" : "Tana Righu",
  "kelurahan" : "Loko Ri (Ry)",
  "kodepos" : "87257"
}, {
  "kecamatan" : "Tana Righu",
  "kelurahan" : "Kareka Nduku Selatan",
  "kodepos" : "87257"
}, {
  "kecamatan" : "Tana Righu",
  "kelurahan" : "Kareka Nduku Utara",
  "kodepos" : "87257"
}, {
  "kecamatan" : "Tana Righu",
  "kelurahan" : "Kalebu Ana Kaka",
  "kodepos" : "87257"
}, {
  "kecamatan" : "Tana Righu",
  "kelurahan" : "Kareka Nduku",
  "kodepos" : "87257"
}, {
  "kecamatan" : "Tana Righu",
  "kelurahan" : "Bondo Tera",
  "kodepos" : "87257"
}, {
  "kecamatan" : "Tana Righu",
  "kelurahan" : "Elu Loda",
  "kodepos" : "87257"
}, {
  "kecamatan" : "Kota Waikabubak",
  "kelurahan" : "Soba Rade",
  "kodepos" : "87217"
}, {
  "kecamatan" : "Kota Waikabubak",
  "kelurahan" : "Maliti",
  "kodepos" : "87217"
}, {
  "kecamatan" : "Kota Waikabubak",
  "kelurahan" : "Pada Eweta",
  "kodepos" : "87217"
}, {
  "kecamatan" : "Kota Waikabubak",
  "kelurahan" : "Kalembu Kuni",
  "kodepos" : "87217"
}, {
  "kecamatan" : "Kota Waikabubak",
  "kelurahan" : "Lapale",
  "kodepos" : "87217"
}, {
  "kecamatan" : "Kota Waikabubak",
  "kelurahan" : "Kodaka",
  "kodepos" : "87215"
}, {
  "kecamatan" : "Kota Waikabubak",
  "kelurahan" : "Tebara",
  "kodepos" : "87216"
}, {
  "kecamatan" : "Kota Waikabubak",
  "kelurahan" : "Kampung Baru",
  "kodepos" : "87214"
}, {
  "kecamatan" : "Kota Waikabubak",
  "kelurahan" : "Puu Mawo",
  "kodepos" : "87212"
}, {
  "kecamatan" : "Kota Waikabubak",
  "kelurahan" : "Wailiang",
  "kodepos" : "87212"
}, {
  "kecamatan" : "Kota Waikabubak",
  "kelurahan" : "Kampung Sawah",
  "kodepos" : "87213"
}, {
  "kecamatan" : "Kota Waikabubak",
  "kelurahan" : "Komerda",
  "kodepos" : "87211"
}, {
  "kecamatan" : "Kota Waikabubak",
  "kelurahan" : "Modu Waimaringu",
  "kodepos" : "87212"
} ]
