[ {
  "kecamatan" : "Umbu Ratu Nggay",
  "kelurahan" : "Tana Mbanas Selatan",
  "kodepos" : "87283"
}, {
  "kecamatan" : "Umbu Ratu Nggay",
  "kelurahan" : "Weluk Prai Memang",
  "kodepos" : "87283"
}, {
  "kecamatan" : "Umbu Ratu Nggay",
  "kelurahan" : "Tana Mbanas",
  "kodepos" : "87283"
}, {
  "kecamatan" : "Umbu Ratu Nggay",
  "kelurahan" : "Tana Mbanas Barat",
  "kodepos" : "87283"
}, {
  "kecamatan" : "Umbu Ratu Nggay",
  "kelurahan" : "Prai Karoku Jangga",
  "kodepos" : "87283"
}, {
  "kecamatan" : "Umbu Ratu Nggay",
  "kelurahan" : "Soru",
  "kodepos" : "87283"
}, {
  "kecamatan" : "Umbu Ratu Nggay",
  "kelurahan" : "Ngadu Olu",
  "kodepos" : "87283"
}, {
  "kecamatan" : "Umbu Ratu Nggay",
  "kelurahan" : "Padira Tana",
  "kodepos" : "87283"
}, {
  "kecamatan" : "Umbu Ratu Nggay",
  "kelurahan" : "Mbilur Pangadu",
  "kodepos" : "87283"
}, {
  "kecamatan" : "Umbu Ratu Nggay",
  "kelurahan" : "Ngadu Bolu",
  "kodepos" : "87283"
}, {
  "kecamatan" : "Umbu Ratu Nggay",
  "kelurahan" : "Maradesa Selatan",
  "kodepos" : "87283"
}, {
  "kecamatan" : "Umbu Ratu Nggay",
  "kelurahan" : "Maradesa Timur",
  "kodepos" : "87283"
}, {
  "kecamatan" : "Umbu Ratu Nggay",
  "kelurahan" : "Lenang Selatan",
  "kodepos" : "87283"
}, {
  "kecamatan" : "Umbu Ratu Nggay",
  "kelurahan" : "Mara Desa",
  "kodepos" : "87283"
}, {
  "kecamatan" : "Umbu Ratu Nggay",
  "kelurahan" : "Bulu Bokat Utara",
  "kodepos" : "87283"
}, {
  "kecamatan" : "Umbu Ratu Nggay",
  "kelurahan" : "Lenang",
  "kodepos" : "87283"
}, {
  "kecamatan" : "Umbu Ratu Nggay",
  "kelurahan" : "Bolubokat Barat",
  "kodepos" : "87283"
}, {
  "kecamatan" : "Umbu Ratu Nggay",
  "kelurahan" : "Bulu Bokat (Bolu Bokat)",
  "kodepos" : "87283"
}, {
  "kecamatan" : "Umbu Ratu Nggay Barat",
  "kelurahan" : "Wangga Waiyengu I",
  "kodepos" : "87282"
}, {
  "kecamatan" : "Katikutana Selatan",
  "kelurahan" : "Waimanu",
  "kodepos" : "87282"
}, {
  "kecamatan" : "Umbu Ratu Nggay Barat",
  "kelurahan" : "Wangga Wainyengu",
  "kodepos" : "87282"
}, {
  "kecamatan" : "Umbu Ratu Nggay Barat",
  "kelurahan" : "Wai Rasa",
  "kodepos" : "87282"
}, {
  "kecamatan" : "Katikutana Selatan",
  "kelurahan" : "Wailawa",
  "kodepos" : "87282"
}, {
  "kecamatan" : "Katikutana",
  "kelurahan" : "Umbu Riri",
  "kodepos" : "87282"
}, {
  "kecamatan" : "Umbu Ratu Nggay Barat",
  "kelurahan" : "Umbu Pabal Selatan",
  "kodepos" : "87282"
}, {
  "kecamatan" : "Umbu Ratu Nggay Barat",
  "kelurahan" : "Umbu Mamijuk",
  "kodepos" : "87282"
}, {
  "kecamatan" : "Umbu Ratu Nggay Barat",
  "kelurahan" : "Umbu Pabal",
  "kodepos" : "87282"
}, {
  "kecamatan" : "Umbu Ratu Nggay Barat",
  "kelurahan" : "Umbu Kawolu",
  "kodepos" : "87282"
}, {
  "kecamatan" : "Umbu Ratu Nggay Barat",
  "kelurahan" : "Umbu Langgang",
  "kodepos" : "87282"
}, {
  "kecamatan" : "Umbu Ratu Nggay Barat",
  "kelurahan" : "Umbu Jodu",
  "kodepos" : "87282"
}, {
  "kecamatan" : "Katikutana Selatan",
  "kelurahan" : "Tana Modu",
  "kodepos" : "87282"
}, {
  "kecamatan" : "Umbu Ratu Nggay Barat",
  "kelurahan" : "Prai Madeta",
  "kodepos" : "87282"
}, {
  "kecamatan" : "Umbu Ratu Nggay Barat",
  "kelurahan" : "Sambali Loku",
  "kodepos" : "87282"
}, {
  "kecamatan" : "Umbu Ratu Nggay Barat",
  "kelurahan" : "Pondok",
  "kodepos" : "87282"
}, {
  "kecamatan" : "Katikutana Selatan",
  "kelurahan" : "Oka Wacu",
  "kodepos" : "87282"
}, {
  "kecamatan" : "Umbu Ratu Nggay Barat",
  "kelurahan" : "Mata Waikajawi",
  "kodepos" : "87282"
}, {
  "kecamatan" : "Katikutana",
  "kelurahan" : "Mata Redi",
  "kodepos" : "87282"
}, {
  "kecamatan" : "Katikutana",
  "kelurahan" : "Mata Woga",
  "kodepos" : "87282"
}, {
  "kecamatan" : "Katikutana",
  "kelurahan" : "Makata Keri",
  "kodepos" : "87282"
}, {
  "kecamatan" : "Katikutana Selatan",
  "kelurahan" : "Malinjak",
  "kodepos" : "87282"
}, {
  "kecamatan" : "Katikutana Selatan",
  "kelurahan" : "Manurara",
  "kodepos" : "87282"
}, {
  "kecamatan" : "Umbu Ratu Nggay Barat",
  "kelurahan" : "Maderi",
  "kodepos" : "87282"
}, {
  "kecamatan" : "Katikutana Selatan",
  "kelurahan" : "Konda Maloba",
  "kodepos" : "87282"
}, {
  "kecamatan" : "Umbu Ratu Nggay Barat",
  "kelurahan" : "Holur Kambata",
  "kodepos" : "87282"
}, {
  "kecamatan" : "Katikutana",
  "kelurahan" : "Kabela Wuntu",
  "kodepos" : "87282"
}, {
  "kecamatan" : "Katikutana Selatan",
  "kelurahan" : "Elu",
  "kodepos" : "87282"
}, {
  "kecamatan" : "Umbu Ratu Nggay Barat",
  "kelurahan" : "Dewa Tana",
  "kodepos" : "87282"
}, {
  "kecamatan" : "Katikutana Selatan",
  "kelurahan" : "Dameka",
  "kodepos" : "87282"
}, {
  "kecamatan" : "Katikutana",
  "kelurahan" : "Dewa Jara",
  "kodepos" : "87282"
}, {
  "kecamatan" : "Umbu Ratu Nggay Barat",
  "kelurahan" : "Daha Elu",
  "kodepos" : "87282"
}, {
  "kecamatan" : "Umbu Ratu Nggay Barat",
  "kelurahan" : "Anapalu",
  "kodepos" : "87282"
}, {
  "kecamatan" : "Katikutana",
  "kelurahan" : "Anakalang",
  "kodepos" : "87282"
}, {
  "kecamatan" : "Umbu Ratu Nggay Barat",
  "kelurahan" : "Anajiaka",
  "kodepos" : "87282"
}, {
  "kecamatan" : "Mamboro",
  "kelurahan" : "Wendewa Timur",
  "kodepos" : "87258"
}, {
  "kecamatan" : "Mamboro",
  "kelurahan" : "Wendewa Utara",
  "kodepos" : "87258"
}, {
  "kecamatan" : "Mamboro",
  "kelurahan" : "Wendewa Barat",
  "kodepos" : "87258"
}, {
  "kecamatan" : "Mamboro",
  "kelurahan" : "Wendewa Selatan",
  "kodepos" : "87258"
}, {
  "kecamatan" : "Mamboro",
  "kelurahan" : "Watu Asa",
  "kodepos" : "87258"
}, {
  "kecamatan" : "Mamboro",
  "kelurahan" : "Wee Luri",
  "kodepos" : "87258"
}, {
  "kecamatan" : "Mamboro",
  "kelurahan" : "Ole Dewa",
  "kodepos" : "87258"
}, {
  "kecamatan" : "Mamboro",
  "kelurahan" : "Susu Wendewa",
  "kodepos" : "87258"
}, {
  "kecamatan" : "Mamboro",
  "kelurahan" : "Cendana Barat",
  "kodepos" : "87258"
}, {
  "kecamatan" : "Mamboro",
  "kelurahan" : "Manu Wolu",
  "kodepos" : "87258"
}, {
  "kecamatan" : "Mamboro",
  "kelurahan" : "Ole Ate",
  "kodepos" : "87258"
}, {
  "kecamatan" : "Mamboro",
  "kelurahan" : "Bondo Sulla",
  "kodepos" : "87258"
}, {
  "kecamatan" : "Mamboro",
  "kelurahan" : "Cendana",
  "kodepos" : "87258"
} ]
