[ {
  "kecamatan" : "Wewewa Selatan",
  "kelurahan" : "Weri Lolo",
  "kodepos" : "87263"
}, {
  "kecamatan" : "Wewewa Selatan",
  "kelurahan" : "Umbu Wangu",
  "kodepos" : "87263"
}, {
  "kecamatan" : "Wewewa Selatan",
  "kelurahan" : "Milla Ate",
  "kodepos" : "87263"
}, {
  "kecamatan" : "Wewewa Selatan",
  "kelurahan" : "Rita Baru",
  "kodepos" : "87263"
}, {
  "kecamatan" : "Wewewa Selatan",
  "kelurahan" : "Tena Teke",
  "kodepos" : "87263"
}, {
  "kecamatan" : "Wewewa Selatan",
  "kelurahan" : "Denduka",
  "kodepos" : "87263"
}, {
  "kecamatan" : "Wewewa Selatan",
  "kelurahan" : "Mandungo",
  "kodepos" : "87263"
}, {
  "kecamatan" : "Wewewa Selatan",
  "kelurahan" : "Buru Kaghu",
  "kodepos" : "87263"
}, {
  "kecamatan" : "Wewewa Selatan",
  "kelurahan" : "Delo",
  "kodepos" : "87263"
}, {
  "kecamatan" : "Wewewa Selatan",
  "kelurahan" : "Bondo Ukka",
  "kodepos" : "87263"
}, {
  "kecamatan" : "Wewewa Selatan",
  "kelurahan" : "Buru Deilo",
  "kodepos" : "87263"
}, {
  "kecamatan" : "Wewewa Selatan",
  "kelurahan" : "Bondo Bela",
  "kodepos" : "87263"
}, {
  "kecamatan" : "Kodi Balaghar",
  "kelurahan" : "Wainyapu",
  "kodepos" : "87262"
}, {
  "kecamatan" : "Kodi Bangedo",
  "kelurahan" : "Waipaddi",
  "kodepos" : "87262"
}, {
  "kecamatan" : "Kodi Bangedo",
  "kelurahan" : "Walla Ndimu",
  "kodepos" : "87262"
}, {
  "kecamatan" : "Kodi Bangedo",
  "kelurahan" : "Waimahaka",
  "kodepos" : "87262"
}, {
  "kecamatan" : "Kodi Bangedo",
  "kelurahan" : "Waimaringi",
  "kodepos" : "87262"
}, {
  "kecamatan" : "Kodi Balaghar",
  "kelurahan" : "Wailangira",
  "kodepos" : "87262"
}, {
  "kecamatan" : "Kodi Balaghar",
  "kelurahan" : "Waikarara",
  "kodepos" : "87262"
}, {
  "kecamatan" : "Kodi Bangedo",
  "kelurahan" : "Waikadada",
  "kodepos" : "87262"
}, {
  "kecamatan" : "Kodi Bangedo",
  "kelurahan" : "Waikaninyo",
  "kodepos" : "87262"
}, {
  "kecamatan" : "Kodi Bangedo",
  "kelurahan" : "Umbu Ngedo",
  "kodepos" : "87262"
}, {
  "kecamatan" : "Kodi Balaghar",
  "kelurahan" : "Waiha",
  "kodepos" : "87262"
}, {
  "kecamatan" : "Kodi Bangedo",
  "kelurahan" : "Rada Loko",
  "kodepos" : "87262"
}, {
  "kecamatan" : "Kodi Bangedo",
  "kelurahan" : "Tana Mete",
  "kodepos" : "87262"
}, {
  "kecamatan" : "Kodi Bangedo",
  "kelurahan" : "Rada Loko",
  "kodepos" : "87262"
}, {
  "kecamatan" : "Kodi Balaghar",
  "kelurahan" : "Panenggo Ede",
  "kodepos" : "87262"
}, {
  "kecamatan" : "Kodi Bangedo",
  "kelurahan" : "Mata Kapore",
  "kodepos" : "87262"
}, {
  "kecamatan" : "Kodi Bangedo",
  "kelurahan" : "Mere Kehe",
  "kodepos" : "87262"
}, {
  "kecamatan" : "Kodi Bangedo",
  "kelurahan" : "Lete Loko",
  "kodepos" : "87262"
}, {
  "kecamatan" : "Kodi Bangedo",
  "kelurahan" : "Manu Toghi",
  "kodepos" : "87262"
}, {
  "kecamatan" : "Kodi Balaghar",
  "kelurahan" : "Kahale",
  "kodepos" : "87262"
}, {
  "kecamatan" : "Kodi Bangedo",
  "kelurahan" : "Karang Indah",
  "kodepos" : "87262"
}, {
  "kecamatan" : "Kodi Bangedo",
  "kelurahan" : "Ana Gogka",
  "kodepos" : "87262"
}, {
  "kecamatan" : "Kodi Bangedo",
  "kelurahan" : "Delu Depa",
  "kodepos" : "87262"
}, {
  "kecamatan" : "Kodi Bangedo",
  "kelurahan" : "Dinjo",
  "kodepos" : "87262"
}, {
  "kecamatan" : "Kodi",
  "kelurahan" : "Wura Homba",
  "kodepos" : "87261"
}, {
  "kecamatan" : "Kodi",
  "kelurahan" : "Watu Wona",
  "kodepos" : "87261"
}, {
  "kecamatan" : "Kodi Utara",
  "kelurahan" : "Waitaru",
  "kodepos" : "87261"
}, {
  "kecamatan" : "Kodi Utara",
  "kelurahan" : "Wee Wella",
  "kodepos" : "87261"
}, {
  "kecamatan" : "Kodi Utara",
  "kelurahan" : "Wailabubur",
  "kodepos" : "87261"
}, {
  "kecamatan" : "Kodi",
  "kelurahan" : "Tanjung Karoso",
  "kodepos" : "87261"
}, {
  "kecamatan" : "Kodi Utara",
  "kelurahan" : "Waiholo",
  "kodepos" : "87261"
}, {
  "kecamatan" : "Kodi",
  "kelurahan" : "Pero Batang",
  "kodepos" : "87261"
}, {
  "kecamatan" : "Kodi",
  "kelurahan" : "Pero Konda",
  "kodepos" : "87261"
}, {
  "kecamatan" : "Kodi",
  "kelurahan" : "Onggol",
  "kodepos" : "87261"
}, {
  "kecamatan" : "Kodi Utara",
  "kelurahan" : "Mangganipi",
  "kodepos" : "87261"
}, {
  "kecamatan" : "Kodi Utara",
  "kelurahan" : "Noha",
  "kodepos" : "87261"
}, {
  "kecamatan" : "Kodi",
  "kelurahan" : "Mali Iha",
  "kodepos" : "87261"
}, {
  "kecamatan" : "Kodi Utara",
  "kelurahan" : "Magho Linyo",
  "kodepos" : "87261"
}, {
  "kecamatan" : "Kodi",
  "kelurahan" : "Koki",
  "kodepos" : "87261"
}, {
  "kecamatan" : "Kodi Utara",
  "kelurahan" : "Kori",
  "kodepos" : "87261"
}, {
  "kecamatan" : "Kodi",
  "kelurahan" : "Kawango Hari",
  "kodepos" : "87261"
}, {
  "kecamatan" : "Kodi",
  "kelurahan" : "Kapaka Madeta",
  "kodepos" : "87261"
}, {
  "kecamatan" : "Kodi Utara",
  "kelurahan" : "Kadu Eta",
  "kodepos" : "87261"
}, {
  "kecamatan" : "Kodi Utara",
  "kelurahan" : "Kalena Rongo",
  "kodepos" : "87261"
}, {
  "kecamatan" : "Kodi Utara",
  "kelurahan" : "Kandu Wela",
  "kodepos" : "87261"
}, {
  "kecamatan" : "Kodi",
  "kelurahan" : "Homba Rande",
  "kodepos" : "87261"
}, {
  "kecamatan" : "Kodi Utara",
  "kelurahan" : "Kadaghu Tana",
  "kodepos" : "87261"
}, {
  "kecamatan" : "Kodi Utara",
  "kelurahan" : "Homba Karipit",
  "kodepos" : "87261"
}, {
  "kecamatan" : "Kodi Utara",
  "kelurahan" : "Homba Pare",
  "kodepos" : "87261"
}, {
  "kecamatan" : "Kodi Utara",
  "kelurahan" : "Hoha Wungo",
  "kodepos" : "87261"
}, {
  "kecamatan" : "Kodi",
  "kelurahan" : "Hamonggo Lele",
  "kodepos" : "87261"
}, {
  "kecamatan" : "Kodi Utara",
  "kelurahan" : "Hameli Ate",
  "kodepos" : "87261"
}, {
  "kecamatan" : "Kodi Utara",
  "kelurahan" : "Bila Cenge",
  "kodepos" : "87261"
}, {
  "kecamatan" : "Kodi Utara",
  "kelurahan" : "Bukambero",
  "kodepos" : "87261"
}, {
  "kecamatan" : "Kodi",
  "kelurahan" : "Bondo Kodi",
  "kodepos" : "87261"
}, {
  "kecamatan" : "Kodi",
  "kelurahan" : "Ate Dalo",
  "kodepos" : "87261"
}, {
  "kecamatan" : "Kota Tambolaka",
  "kelurahan" : "Wee Rena",
  "kodepos" : "87255"
}, {
  "kecamatan" : "Kota Tambolaka",
  "kelurahan" : "Watu Kawula",
  "kodepos" : "87255"
}, {
  "kecamatan" : "Kota Tambolaka",
  "kelurahan" : "Wee Londa",
  "kodepos" : "87255"
}, {
  "kecamatan" : "Kota Tambolaka",
  "kelurahan" : "Wee Pangali",
  "kodepos" : "87255"
}, {
  "kecamatan" : "Kota Tambolaka",
  "kelurahan" : "Rada Mata",
  "kodepos" : "87255"
}, {
  "kecamatan" : "Kota Tambolaka",
  "kelurahan" : "Waitabula",
  "kodepos" : "87255"
}, {
  "kecamatan" : "Kota Tambolaka",
  "kelurahan" : "Kalena Wano",
  "kodepos" : "87255"
}, {
  "kecamatan" : "Kota Tambolaka",
  "kelurahan" : "Langga Lero",
  "kodepos" : "87255"
}, {
  "kecamatan" : "Kota Tambolaka",
  "kelurahan" : "Kadi Pada",
  "kodepos" : "87255"
}, {
  "kecamatan" : "Kota Tambolaka",
  "kelurahan" : "Kalembu Kaha",
  "kodepos" : "87255"
}, {
  "kecamatan" : "Loura (Laura)",
  "kelurahan" : "Wee Kambala",
  "kodepos" : "87254"
}, {
  "kecamatan" : "Loura (Laura)",
  "kelurahan" : "Wee Mananda",
  "kodepos" : "87254"
}, {
  "kecamatan" : "Loura (Laura)",
  "kelurahan" : "Rama Dana",
  "kodepos" : "87254"
}, {
  "kecamatan" : "Loura (Laura)",
  "kelurahan" : "Totok",
  "kodepos" : "87254"
}, {
  "kecamatan" : "Loura (Laura)",
  "kelurahan" : "Loko Kalada",
  "kodepos" : "87254"
}, {
  "kecamatan" : "Loura (Laura)",
  "kelurahan" : "Payola Umbu",
  "kodepos" : "87254"
}, {
  "kecamatan" : "Loura (Laura)",
  "kelurahan" : "Pogo Tena",
  "kodepos" : "87254"
}, {
  "kecamatan" : "Loura (Laura)",
  "kelurahan" : "Karuni",
  "kodepos" : "87254"
}, {
  "kecamatan" : "Loura (Laura)",
  "kelurahan" : "Lete Konda",
  "kodepos" : "87254"
}, {
  "kecamatan" : "Wewewa Barat",
  "kelurahan" : "Wee Kura",
  "kodepos" : "87253"
}, {
  "kecamatan" : "Loura (Laura)",
  "kelurahan" : "Bondo Boghila",
  "kodepos" : "87254"
}, {
  "kecamatan" : "Wewewa Barat",
  "kelurahan" : "Watu Labara",
  "kodepos" : "87253"
}, {
  "kecamatan" : "Wewewa Barat",
  "kelurahan" : "Wee Kombaka",
  "kodepos" : "87253"
}, {
  "kecamatan" : "Wewewa Barat",
  "kelurahan" : "Tawo Rara",
  "kodepos" : "87253"
}, {
  "kecamatan" : "Wewewa Barat",
  "kelurahan" : "Waimangura",
  "kodepos" : "87253"
}, {
  "kecamatan" : "Wewewa Barat",
  "kelurahan" : "Wali Ate",
  "kodepos" : "87253"
}, {
  "kecamatan" : "Wewewa Barat",
  "kelurahan" : "Raba Ege",
  "kodepos" : "87253"
}, {
  "kecamatan" : "Wewewa Barat",
  "kelurahan" : "Reda Pada",
  "kodepos" : "87253"
}, {
  "kecamatan" : "Wewewa Barat",
  "kelurahan" : "Lua Koba",
  "kodepos" : "87253"
}, {
  "kecamatan" : "Wewewa Barat",
  "kelurahan" : "Marokota",
  "kodepos" : "87253"
}, {
  "kecamatan" : "Wewewa Barat",
  "kelurahan" : "Menne Ate",
  "kodepos" : "87253"
}, {
  "kecamatan" : "Wewewa Barat",
  "kelurahan" : "Laga Lete",
  "kodepos" : "87253"
}, {
  "kecamatan" : "Wewewa Barat",
  "kelurahan" : "Kalembu Kanaika",
  "kodepos" : "87253"
}, {
  "kecamatan" : "Wewewa Barat",
  "kelurahan" : "Kalembu Weri",
  "kodepos" : "87253"
}, {
  "kecamatan" : "Wewewa Barat",
  "kelurahan" : "Kalimbu Tilu",
  "kodepos" : "87253"
}, {
  "kecamatan" : "Wewewa Barat",
  "kelurahan" : "Kabali Dana",
  "kodepos" : "87253"
}, {
  "kecamatan" : "Wewewa Barat",
  "kelurahan" : "Kalaki Kambe",
  "kodepos" : "87253"
}, {
  "kecamatan" : "Wewewa Tengah (Wewera Tengah)",
  "kelurahan" : "Wee Rame",
  "kodepos" : "87252"
}, {
  "kecamatan" : "Wewewa Tengah (Wewera Tengah)",
  "kelurahan" : "Wee Patando",
  "kodepos" : "87252"
}, {
  "kecamatan" : "Wewewa Utara",
  "kelurahan" : "Wee Paboba",
  "kodepos" : "87252"
}, {
  "kecamatan" : "Wewewa Timur",
  "kelurahan" : "Wee Limbu",
  "kodepos" : "87252"
}, {
  "kecamatan" : "Wewewa Utara",
  "kelurahan" : "Wee Namba",
  "kodepos" : "87252"
}, {
  "kecamatan" : "Wewewa Timur",
  "kelurahan" : "Wee Lima",
  "kodepos" : "87252"
}, {
  "kecamatan" : "Wewewa Tengah (Wewera Tengah)",
  "kelurahan" : "Wee Kokora",
  "kodepos" : "87252"
}, {
  "kecamatan" : "Wewewa Utara",
  "kelurahan" : "Wano Talla",
  "kodepos" : "87252"
}, {
  "kecamatan" : "Wewewa Timur",
  "kelurahan" : "Tema Tana",
  "kodepos" : "87252"
}, {
  "kecamatan" : "Wewewa Tengah (Wewera Tengah)",
  "kelurahan" : "Tanggaba",
  "kodepos" : "87252"
}, {
  "kecamatan" : "Wewewa Utara",
  "kelurahan" : "Puu Potto",
  "kodepos" : "87252"
}, {
  "kecamatan" : "Wewewa Timur",
  "kelurahan" : "Pada Eweta",
  "kodepos" : "87252"
}, {
  "kecamatan" : "Wewewa Tengah (Wewera Tengah)",
  "kelurahan" : "Omba Rade",
  "kodepos" : "87252"
}, {
  "kecamatan" : "Wewewa Timur",
  "kelurahan" : "Mata Pyawu",
  "kodepos" : "87252"
}, {
  "kecamatan" : "Wewewa Utara",
  "kelurahan" : "Mataloko",
  "kodepos" : "87252"
}, {
  "kecamatan" : "Wewewa Timur",
  "kelurahan" : "Mareda Kalada",
  "kodepos" : "87252"
}, {
  "kecamatan" : "Wewewa Utara",
  "kelurahan" : "Mali Mada",
  "kodepos" : "87252"
}, {
  "kecamatan" : "Wewewa Tengah (Wewera Tengah)",
  "kelurahan" : "Lombu",
  "kodepos" : "87252"
}, {
  "kecamatan" : "Wewewa Timur",
  "kelurahan" : "Lete Komouna",
  "kodepos" : "87252"
}, {
  "kecamatan" : "Wewewa Tengah (Wewera Tengah)",
  "kelurahan" : "Kanelu",
  "kodepos" : "87252"
}, {
  "kecamatan" : "Wewewa Timur",
  "kelurahan" : "Kalembu Ndara Mane",
  "kodepos" : "87252"
}, {
  "kecamatan" : "Wewewa Tengah (Wewera Tengah)",
  "kelurahan" : "Eka Pata",
  "kodepos" : "87252"
}, {
  "kecamatan" : "Wewewa Tengah (Wewera Tengah)",
  "kelurahan" : "Kalingara",
  "kodepos" : "87252"
}, {
  "kecamatan" : "Wewewa Timur",
  "kelurahan" : "Dangga Mangu",
  "kodepos" : "87252"
}, {
  "kecamatan" : "Wewewa Timur",
  "kelurahan" : "Dikira",
  "kodepos" : "87252"
}, {
  "kecamatan" : "Wewewa Tengah (Wewera Tengah)",
  "kelurahan" : "Bolora",
  "kodepos" : "87252"
} ]
