[ {
  "kecamatan" : "Pahunga Lodu",
  "kelurahan" : "Tanamanang",
  "kodepos" : "87182"
}, {
  "kecamatan" : "Wula Waijelu",
  "kelurahan" : "Wulla (Wula)",
  "kodepos" : "87182"
}, {
  "kecamatan" : "Pahunga Lodu",
  "kelurahan" : "Tamma",
  "kodepos" : "87182"
}, {
  "kecamatan" : "Wula Waijelu",
  "kelurahan" : "Paranda",
  "kodepos" : "87182"
}, {
  "kecamatan" : "Pahunga Lodu",
  "kelurahan" : "Pamburu",
  "kodepos" : "87182"
}, {
  "kecamatan" : "Pahunga Lodu",
  "kelurahan" : "Mburukulu",
  "kodepos" : "87182"
}, {
  "kecamatan" : "Pahunga Lodu",
  "kelurahan" : "Palanggai",
  "kodepos" : "87182"
}, {
  "kecamatan" : "Wula Waijelu",
  "kelurahan" : "Lumbu Manggit",
  "kodepos" : "87182"
}, {
  "kecamatan" : "Pahunga Lodu",
  "kelurahan" : "Lambakara",
  "kodepos" : "87182"
}, {
  "kecamatan" : "Wula Waijelu",
  "kelurahan" : "Lainjanji",
  "kodepos" : "87182"
}, {
  "kecamatan" : "Wula Waijelu",
  "kelurahan" : "Laipandak",
  "kodepos" : "87182"
}, {
  "kecamatan" : "Wula Waijelu",
  "kelurahan" : "La Tena",
  "kodepos" : "87182"
}, {
  "kecamatan" : "Pahunga Lodu",
  "kelurahan" : "Kuruwaki",
  "kodepos" : "87182"
}, {
  "kecamatan" : "Pahunga Lodu",
  "kelurahan" : "Kaliuda",
  "kodepos" : "87182"
}, {
  "kecamatan" : "Wula Waijelu",
  "kelurahan" : "Hadakamali",
  "kodepos" : "87182"
}, {
  "kecamatan" : "Umalulu",
  "kelurahan" : "Watukuda (Watu Puda)",
  "kodepos" : "87181"
}, {
  "kecamatan" : "Umalulu",
  "kelurahan" : "Watu Hadang",
  "kodepos" : "87181"
}, {
  "kecamatan" : "Umalulu",
  "kelurahan" : "Umalulu",
  "kodepos" : "87181"
}, {
  "kecamatan" : "Umalulu",
  "kelurahan" : "Wanga",
  "kodepos" : "87181"
}, {
  "kecamatan" : "Rindi",
  "kelurahan" : "Tanaraing",
  "kodepos" : "87181"
}, {
  "kecamatan" : "Rindi",
  "kelurahan" : "Rindi",
  "kodepos" : "87181"
}, {
  "kecamatan" : "Rindi",
  "kelurahan" : "Tamburi",
  "kodepos" : "87181"
}, {
  "kecamatan" : "Umalulu",
  "kelurahan" : "Ngaru Kanoru",
  "kodepos" : "87181"
}, {
  "kecamatan" : "Umalulu",
  "kelurahan" : "Patawang",
  "kodepos" : "87181"
}, {
  "kecamatan" : "Umalulu",
  "kelurahan" : "Mutunggeding",
  "kodepos" : "87181"
}, {
  "kecamatan" : "Umalulu",
  "kelurahan" : "Lumbukore",
  "kodepos" : "87181"
}, {
  "kecamatan" : "Umalulu",
  "kelurahan" : "Matawai Atu",
  "kodepos" : "87181"
}, {
  "kecamatan" : "Umalulu",
  "kelurahan" : "Lairuru",
  "kodepos" : "87181"
}, {
  "kecamatan" : "Rindi",
  "kelurahan" : "Kayuri",
  "kodepos" : "87181"
}, {
  "kecamatan" : "Rindi",
  "kelurahan" : "Kayuri",
  "kodepos" : "87181"
}, {
  "kecamatan" : "Rindi",
  "kelurahan" : "Hanggaroru",
  "kodepos" : "87181"
}, {
  "kecamatan" : "Rindi",
  "kelurahan" : "Kabaru",
  "kodepos" : "87181"
}, {
  "kecamatan" : "Rindi",
  "kelurahan" : "Haikatapu (Heikatapu)",
  "kodepos" : "87181"
}, {
  "kecamatan" : "Karera",
  "kelurahan" : "Tandula Jangga",
  "kodepos" : "87172"
}, {
  "kecamatan" : "Karera",
  "kelurahan" : "Praisalura",
  "kodepos" : "87172"
}, {
  "kecamatan" : "Ngadu Ngala",
  "kelurahan" : "Prauraming",
  "kodepos" : "87172"
}, {
  "kecamatan" : "Karera",
  "kelurahan" : "Nggongi",
  "kodepos" : "87172"
}, {
  "kecamatan" : "Karera",
  "kelurahan" : "Praimadita",
  "kodepos" : "87172"
}, {
  "kecamatan" : "Ngadu Ngala",
  "kelurahan" : "Prai Witu",
  "kodepos" : "87172"
}, {
  "kecamatan" : "Karera",
  "kelurahan" : "Nangga",
  "kodepos" : "87172"
}, {
  "kecamatan" : "Ngadu Ngala",
  "kelurahan" : "Kabanda",
  "kodepos" : "87172"
}, {
  "kecamatan" : "Ngadu Ngala",
  "kelurahan" : "Kakaha",
  "kodepos" : "87172"
}, {
  "kecamatan" : "Karera",
  "kelurahan" : "Jangga Mangu",
  "kodepos" : "87172"
}, {
  "kecamatan" : "Karera",
  "kelurahan" : "Ananjaki",
  "kodepos" : "87172"
}, {
  "kecamatan" : "Ngadu Ngala",
  "kelurahan" : "Hambautang (Hamba Wutang)",
  "kodepos" : "87172"
}, {
  "kecamatan" : "Pandawai",
  "kelurahan" : "Watumbaka",
  "kodepos" : "87171"
}, {
  "kecamatan" : "Paberiwai",
  "kelurahan" : "Winumuru",
  "kodepos" : "87171"
}, {
  "kecamatan" : "Matawai Lappau (La Pawu)",
  "kelurahan" : "Wangga Meti",
  "kodepos" : "87171"
}, {
  "kecamatan" : "Mahu",
  "kelurahan" : "Wairara",
  "kodepos" : "87171"
}, {
  "kecamatan" : "Kambata Mapambuhang",
  "kelurahan" : "Waibidi (Waimbidi)",
  "kodepos" : "87171"
}, {
  "kecamatan" : "Mahu",
  "kelurahan" : "Praikalala",
  "kodepos" : "87171"
}, {
  "kecamatan" : "Paberiwai",
  "kelurahan" : "Prai Mbana",
  "kodepos" : "87171"
}, {
  "kecamatan" : "Matawai Lappau (La Pawu)",
  "kelurahan" : "Prai Bokul/Bakul",
  "kodepos" : "87171"
}, {
  "kecamatan" : "Pandawai",
  "kelurahan" : "Palakahembi",
  "kodepos" : "87171"
}, {
  "kecamatan" : "Mahu",
  "kelurahan" : "Patamawai",
  "kodepos" : "87171"
}, {
  "kecamatan" : "Kahaunguweti (Kahaungu Eti)",
  "kelurahan" : "Meurumba (Meorumba)",
  "kodepos" : "87171"
}, {
  "kecamatan" : "Paberiwai",
  "kelurahan" : "Pabera Tanera/Manera",
  "kodepos" : "87171"
}, {
  "kecamatan" : "Kahaunguweti (Kahaungu Eti)",
  "kelurahan" : "Mau Ramba",
  "kodepos" : "87171"
}, {
  "kecamatan" : "Pandawai",
  "kelurahan" : "Maubokul",
  "kodepos" : "87171"
}, {
  "kecamatan" : "Kahaunguweti (Kahaungu Eti)",
  "kelurahan" : "Matawai Katingga",
  "kodepos" : "87171"
}, {
  "kecamatan" : "Kahaunguweti (Kahaungu Eti)",
  "kelurahan" : "Matawai Maringu",
  "kodepos" : "87171"
}, {
  "kecamatan" : "Kambata Mapambuhang",
  "kelurahan" : "Maidang",
  "kodepos" : "87171"
}, {
  "kecamatan" : "Kambata Mapambuhang",
  "kelurahan" : "Marada Mundi",
  "kodepos" : "87171"
}, {
  "kecamatan" : "Kambata Mapambuhang",
  "kelurahan" : "Mahu Bokul",
  "kodepos" : "87171"
}, {
  "kecamatan" : "Paberiwai",
  "kelurahan" : "Mahangwatu (Mehang Mata)",
  "kodepos" : "87171"
}, {
  "kecamatan" : "Paberiwai",
  "kelurahan" : "Laitaku",
  "kodepos" : "87171"
}, {
  "kecamatan" : "Mahu",
  "kelurahan" : "Lujundilu",
  "kodepos" : "87171"
}, {
  "kecamatan" : "Kambata Mapambuhang",
  "kelurahan" : "Lai Meta",
  "kodepos" : "87171"
}, {
  "kecamatan" : "Pandawai",
  "kelurahan" : "Laindeha",
  "kodepos" : "87171"
}, {
  "kecamatan" : "Kahaunguweti (Kahaungu Eti)",
  "kelurahan" : "Lai Mbonga",
  "kodepos" : "87171"
}, {
  "kecamatan" : "Kahaunguweti (Kahaungu Eti)",
  "kelurahan" : "Kotak Kawau",
  "kodepos" : "87171"
}, {
  "kecamatan" : "Mahu",
  "kelurahan" : "La Hiru",
  "kodepos" : "87171"
}, {
  "kecamatan" : "Pandawai",
  "kelurahan" : "Kawangu",
  "kodepos" : "87171"
}, {
  "kecamatan" : "Matawai Lappau (La Pawu)",
  "kelurahan" : "Katiku Wai",
  "kodepos" : "87171"
}, {
  "kecamatan" : "Matawai Lappau (La Pawu)",
  "kelurahan" : "Katiku Tana",
  "kodepos" : "87171"
}, {
  "kecamatan" : "Matawai Lappau (La Pawu)",
  "kelurahan" : "Karipi",
  "kodepos" : "87171"
}, {
  "kecamatan" : "Matawai Lappau (La Pawu)",
  "kelurahan" : "Katiku Luku",
  "kodepos" : "87171"
}, {
  "kecamatan" : "Kahaunguweti (Kahaungu Eti)",
  "kelurahan" : "Kataka",
  "kodepos" : "87171"
}, {
  "kecamatan" : "Paberiwai",
  "kelurahan" : "Karera Jangga",
  "kodepos" : "87171"
}, {
  "kecamatan" : "Paberiwai",
  "kelurahan" : "Kananggar",
  "kodepos" : "87171"
}, {
  "kecamatan" : "Pandawai",
  "kelurahan" : "Kambata Tana",
  "kodepos" : "87171"
}, {
  "kecamatan" : "Kahaunguweti (Kahaungu Eti)",
  "kelurahan" : "Kamanggih",
  "kodepos" : "87171"
}, {
  "kecamatan" : "Kahaunguweti (Kahaungu Eti)",
  "kelurahan" : "Kambata Bundung",
  "kodepos" : "87171"
}, {
  "kecamatan" : "Pandawai",
  "kelurahan" : "Kadumbul",
  "kodepos" : "87171"
}, {
  "kecamatan" : "Tabundung",
  "kelurahan" : "Wudi Pandak",
  "kodepos" : "87161"
}, {
  "kecamatan" : "Mahu",
  "kelurahan" : "Haray (Harai)",
  "kodepos" : "87171"
}, {
  "kecamatan" : "Tabundung",
  "kelurahan" : "Waikanabu",
  "kodepos" : "87161"
}, {
  "kecamatan" : "Pinupahar (Pirapahar)",
  "kelurahan" : "Wangga Mbewa",
  "kodepos" : "87161"
}, {
  "kecamatan" : "Pinupahar (Pirapahar)",
  "kelurahan" : "Tawui",
  "kodepos" : "87161"
}, {
  "kecamatan" : "Pinupahar (Pirapahar)",
  "kelurahan" : "Tawui",
  "kodepos" : "87161"
}, {
  "kecamatan" : "Tabundung",
  "kelurahan" : "Tapil",
  "kodepos" : "87161"
}, {
  "kecamatan" : "Tabundung",
  "kelurahan" : "Tarimbang",
  "kodepos" : "87161"
}, {
  "kecamatan" : "Tabundung",
  "kelurahan" : "Praing Kareha",
  "kodepos" : "87161"
}, {
  "kecamatan" : "Pinupahar (Pirapahar)",
  "kelurahan" : "Ramuk",
  "kodepos" : "87161"
}, {
  "kecamatan" : "Tabundung",
  "kelurahan" : "Pindu Horomi (Hurani)",
  "kodepos" : "87161"
}, {
  "kecamatan" : "Pinupahar (Pirapahar)",
  "kelurahan" : "Mahaniwa",
  "kodepos" : "87161"
}, {
  "kecamatan" : "Pinupahar (Pirapahar)",
  "kelurahan" : "Lailunggi",
  "kodepos" : "87161"
}, {
  "kecamatan" : "Tabundung",
  "kelurahan" : "Billa",
  "kodepos" : "87161"
}, {
  "kecamatan" : "Tabundung",
  "kelurahan" : "Karita",
  "kodepos" : "87161"
}, {
  "kecamatan" : "Tabundung",
  "kelurahan" : "Kuki Talu",
  "kodepos" : "87161"
}, {
  "kecamatan" : "Tabundung",
  "kelurahan" : "Bangga Watu",
  "kodepos" : "87161"
}, {
  "kecamatan" : "Haharu",
  "kelurahan" : "Wunga",
  "kodepos" : "87153"
}, {
  "kecamatan" : "Kanatang",
  "kelurahan" : "Temu",
  "kodepos" : "87153"
}, {
  "kecamatan" : "Haharu",
  "kelurahan" : "Rambangaru",
  "kodepos" : "87153"
}, {
  "kecamatan" : "Haharu",
  "kelurahan" : "Praibakul",
  "kodepos" : "87153"
}, {
  "kecamatan" : "Kanatang",
  "kelurahan" : "Mondu",
  "kodepos" : "87153"
}, {
  "kecamatan" : "Kanatang",
  "kelurahan" : "Ndapayami",
  "kodepos" : "87153"
}, {
  "kecamatan" : "Haharu",
  "kelurahan" : "Napu",
  "kodepos" : "87153"
}, {
  "kecamatan" : "Kanatang",
  "kelurahan" : "Kuta",
  "kodepos" : "87153"
}, {
  "kecamatan" : "Haharu",
  "kelurahan" : "Mbata Puhu",
  "kodepos" : "87153"
}, {
  "kecamatan" : "Haharu",
  "kelurahan" : "Kadahang",
  "kodepos" : "87153"
}, {
  "kecamatan" : "Haharu",
  "kelurahan" : "Kalamba",
  "kodepos" : "87153"
}, {
  "kecamatan" : "Kanatang",
  "kelurahan" : "Hamba Praing",
  "kodepos" : "87153"
}, {
  "kecamatan" : "Lewa Tidahu",
  "kelurahan" : "Watumbelar",
  "kodepos" : "87152"
}, {
  "kecamatan" : "Lewa Tidahu",
  "kelurahan" : "Umamanu",
  "kodepos" : "87152"
}, {
  "kecamatan" : "Nggaha Oriangu",
  "kelurahan" : "Tanatuku",
  "kodepos" : "87152"
}, {
  "kecamatan" : "Nggaha Oriangu",
  "kelurahan" : "Tandula Jangga",
  "kodepos" : "87152"
}, {
  "kecamatan" : "Lewa",
  "kelurahan" : "Tanarara",
  "kodepos" : "87152"
}, {
  "kecamatan" : "Nggaha Oriangu",
  "kelurahan" : "Prai Paha",
  "kodepos" : "87152"
}, {
  "kecamatan" : "Nggaha Oriangu",
  "kelurahan" : "Pulu Panjang",
  "kodepos" : "87152"
}, {
  "kecamatan" : "Lewa",
  "kelurahan" : "Rakawatu",
  "kodepos" : "87152"
}, {
  "kecamatan" : "Katala Hamu Lingu",
  "kelurahan" : "Prai Bakul",
  "kodepos" : "87152"
}, {
  "kecamatan" : "Nggaha Oriangu",
  "kelurahan" : "Prai Karang",
  "kodepos" : "87152"
}, {
  "kecamatan" : "Lewa Tidahu",
  "kelurahan" : "Mondu Lambi",
  "kodepos" : "87152"
}, {
  "kecamatan" : "Nggaha Oriangu",
  "kelurahan" : "Ngadulangi",
  "kodepos" : "87152"
}, {
  "kecamatan" : "Lewa",
  "kelurahan" : "Matawai Pawali",
  "kodepos" : "87152"
}, {
  "kecamatan" : "Katala Hamu Lingu",
  "kelurahan" : "Matawai Amahu",
  "kodepos" : "87152"
}, {
  "kecamatan" : "Nggaha Oriangu",
  "kelurahan" : "Makamenggit",
  "kodepos" : "87152"
}, {
  "kecamatan" : "Katala Hamu Lingu",
  "kelurahan" : "Mandahu",
  "kodepos" : "87152"
}, {
  "kecamatan" : "Lewa",
  "kelurahan" : "Lewapaku",
  "kodepos" : "87152"
}, {
  "kecamatan" : "Lewa Tidahu",
  "kelurahan" : "Laihawu",
  "kodepos" : "87152"
}, {
  "kecamatan" : "Lewa",
  "kelurahan" : "Kondamara",
  "kodepos" : "87152"
}, {
  "kecamatan" : "Katala Hamu Lingu",
  "kelurahan" : "Lai Lara",
  "kodepos" : "87152"
}, {
  "kecamatan" : "Katala Hamu Lingu",
  "kelurahan" : "Kompa Pari (Kombapari)",
  "kodepos" : "87152"
}, {
  "kecamatan" : "Lewa",
  "kelurahan" : "Kambu Hapang",
  "kodepos" : "87152"
}, {
  "kecamatan" : "Lewa Tidahu",
  "kelurahan" : "Kangeli",
  "kodepos" : "87152"
}, {
  "kecamatan" : "Nggaha Oriangu",
  "kelurahan" : "Kahiri",
  "kodepos" : "87152"
}, {
  "kecamatan" : "Lewa",
  "kelurahan" : "Kambata Wundut",
  "kodepos" : "87152"
}, {
  "kecamatan" : "Lewa Tidahu",
  "kelurahan" : "BidiPraing",
  "kodepos" : "87152"
}, {
  "kecamatan" : "Lewa",
  "kelurahan" : "Bidi Hunga",
  "kodepos" : "87152"
}, {
  "kecamatan" : "Kambera",
  "kelurahan" : "Wangga",
  "kodepos" : "87116"
}, {
  "kecamatan" : "Kota Waingapu",
  "kelurahan" : "Mbata Kapidu",
  "kodepos" : "87116"
}, {
  "kecamatan" : "Kota Waingapu",
  "kelurahan" : "Pambola Njara (Pambotanjara)",
  "kodepos" : "87116"
}, {
  "kecamatan" : "Kambera",
  "kelurahan" : "Mauliru",
  "kodepos" : "87116"
}, {
  "kecamatan" : "Kota Waingapu",
  "kelurahan" : "Matawai",
  "kodepos" : "87116"
}, {
  "kecamatan" : "Kambera",
  "kelurahan" : "Mauhau",
  "kodepos" : "87116"
}, {
  "kecamatan" : "Kota Waingapu",
  "kelurahan" : "Lukukamaru",
  "kodepos" : "87116"
}, {
  "kecamatan" : "Kambera",
  "kelurahan" : "Malumbi",
  "kodepos" : "87116"
}, {
  "kecamatan" : "Kambata Mapambuhang",
  "kelurahan" : "Luku Wingir (Wikir)",
  "kodepos" : "87116"
}, {
  "kecamatan" : "Kota Waingapu",
  "kelurahan" : "Kambajawa",
  "kodepos" : "87116"
}, {
  "kecamatan" : "Kambera",
  "kelurahan" : "Kiri Tana (Kiritana)",
  "kodepos" : "87114"
}, {
  "kecamatan" : "Kambera",
  "kelurahan" : "Lambanapu",
  "kodepos" : "87115"
}, {
  "kecamatan" : "Kambera",
  "kelurahan" : "Prailiu",
  "kodepos" : "87113"
}, {
  "kecamatan" : "Kambera",
  "kelurahan" : "Kambaniru",
  "kodepos" : "87114"
}, {
  "kecamatan" : "Kota Waingapu",
  "kelurahan" : "Kamalaputi",
  "kodepos" : "87111"
}, {
  "kecamatan" : "Kota Waingapu",
  "kelurahan" : "Hambala",
  "kodepos" : "87112"
} ]
