[ {
  "kecamatan" : "Sambi Rampas",
  "kelurahan" : "Wea",
  "kodepos" : "86584"
}, {
  "kecamatan" : "Sambi Rampas",
  "kelurahan" : "Wela Lada",
  "kodepos" : "86584"
}, {
  "kecamatan" : "Sambi Rampas",
  "kelurahan" : "Satar Nawang",
  "kodepos" : "86584"
}, {
  "kecamatan" : "Sambi Rampas",
  "kelurahan" : "Ulung Baras",
  "kodepos" : "86584"
}, {
  "kecamatan" : "Sambi Rampas",
  "kelurahan" : "Pota",
  "kodepos" : "86584"
}, {
  "kecamatan" : "Sambi Rampas",
  "kelurahan" : "Rana Mese",
  "kodepos" : "86584"
}, {
  "kecamatan" : "Sambi Rampas",
  "kelurahan" : "Nanga Mbaling",
  "kodepos" : "86584"
}, {
  "kecamatan" : "Sambi Rampas",
  "kelurahan" : "Nanga Mbaur",
  "kodepos" : "86584"
}, {
  "kecamatan" : "Sambi Rampas",
  "kelurahan" : "Lada Mese",
  "kodepos" : "86584"
}, {
  "kecamatan" : "Sambi Rampas",
  "kelurahan" : "Nampar Sepang",
  "kodepos" : "86584"
}, {
  "kecamatan" : "Sambi Rampas",
  "kelurahan" : "Nanga Baras",
  "kodepos" : "86584"
}, {
  "kecamatan" : "Sambi Rampas",
  "kelurahan" : "Kembang Mekar",
  "kodepos" : "86584"
}, {
  "kecamatan" : "Sambi Rampas",
  "kelurahan" : "Golo Wangkung Utara",
  "kodepos" : "86584"
}, {
  "kecamatan" : "Sambi Rampas",
  "kelurahan" : "Golo Wangkung",
  "kodepos" : "86584"
}, {
  "kecamatan" : "Sambi Rampas",
  "kelurahan" : "Golo Wangkung Barat",
  "kodepos" : "86584"
}, {
  "kecamatan" : "Sambi Rampas",
  "kelurahan" : "Golo Ngawan",
  "kodepos" : "86584"
}, {
  "kecamatan" : "Sambi Rampas",
  "kelurahan" : "Golo Pari",
  "kodepos" : "86584"
}, {
  "kecamatan" : "Sambi Rampas",
  "kelurahan" : "Buti",
  "kodepos" : "86584"
}, {
  "kecamatan" : "Sambi Rampas",
  "kelurahan" : "Compang Congkar",
  "kodepos" : "86584"
}, {
  "kecamatan" : "Sambi Rampas",
  "kelurahan" : "Compang Lawi",
  "kodepos" : "86584"
}, {
  "kecamatan" : "Poco Ranaka Timur",
  "kelurahan" : "Wejang Wae",
  "kodepos" : "86583"
}, {
  "kecamatan" : "Poco Ranaka",
  "kelurahan" : "Watu Lanur",
  "kodepos" : "86583"
}, {
  "kecamatan" : "Poco Ranaka Timur",
  "kelurahan" : "Wejang Mali",
  "kodepos" : "86583"
}, {
  "kecamatan" : "Poco Ranaka Timur",
  "kelurahan" : "Ulu Wae",
  "kodepos" : "86583"
}, {
  "kecamatan" : "Poco Ranaka Timur",
  "kelurahan" : "Urung Dora",
  "kodepos" : "86583"
}, {
  "kecamatan" : "Poco Ranaka Timur",
  "kelurahan" : "Watu Arus",
  "kodepos" : "86583"
}, {
  "kecamatan" : "Poco Ranaka Timur",
  "kelurahan" : "Tango Molas",
  "kodepos" : "86583"
}, {
  "kecamatan" : "Poco Ranaka Timur",
  "kelurahan" : "Tango Molas",
  "kodepos" : "86583"
}, {
  "kecamatan" : "Poco Ranaka",
  "kelurahan" : "Satar Tesem",
  "kodepos" : "86583"
}, {
  "kecamatan" : "Poco Ranaka Timur",
  "kelurahan" : "Rengkam",
  "kodepos" : "86583"
}, {
  "kecamatan" : "Poco Ranaka",
  "kelurahan" : "Poco Lia",
  "kodepos" : "86583"
}, {
  "kecamatan" : "Poco Ranaka",
  "kelurahan" : "Pocong",
  "kodepos" : "86583"
}, {
  "kecamatan" : "Poco Ranaka Timur",
  "kelurahan" : "Rende Nao",
  "kodepos" : "86583"
}, {
  "kecamatan" : "Poco Ranaka",
  "kelurahan" : "Nggalak Leleng",
  "kodepos" : "86583"
}, {
  "kecamatan" : "Poco Ranaka Timur",
  "kelurahan" : "Ngkiong Dora",
  "kodepos" : "86583"
}, {
  "kecamatan" : "Poco Ranaka",
  "kelurahan" : "Mando Sawu",
  "kodepos" : "86583"
}, {
  "kecamatan" : "Poco Ranaka",
  "kelurahan" : "Melo",
  "kodepos" : "86583"
}, {
  "kecamatan" : "Poco Ranaka",
  "kelurahan" : "Leong",
  "kodepos" : "86583"
}, {
  "kecamatan" : "Poco Ranaka",
  "kelurahan" : "Lento",
  "kodepos" : "86583"
}, {
  "kecamatan" : "Poco Ranaka",
  "kelurahan" : "Golo Wune",
  "kodepos" : "86583"
}, {
  "kecamatan" : "Poco Ranaka",
  "kelurahan" : "Gurung Turi",
  "kodepos" : "86583"
}, {
  "kecamatan" : "Poco Ranaka",
  "kelurahan" : "Lenang",
  "kodepos" : "86583"
}, {
  "kecamatan" : "Poco Ranaka",
  "kelurahan" : "Golo Nderu",
  "kodepos" : "86583"
}, {
  "kecamatan" : "Poco Ranaka",
  "kelurahan" : "Golo Rengket",
  "kodepos" : "86583"
}, {
  "kecamatan" : "Poco Ranaka",
  "kelurahan" : "Golo Ndari",
  "kodepos" : "86583"
}, {
  "kecamatan" : "Poco Ranaka Timur",
  "kelurahan" : "Golo Lero",
  "kodepos" : "86583"
}, {
  "kecamatan" : "Poco Ranaka",
  "kelurahan" : "Golo Lobos",
  "kodepos" : "86583"
}, {
  "kecamatan" : "Poco Ranaka",
  "kelurahan" : "Deno",
  "kodepos" : "86583"
}, {
  "kecamatan" : "Poco Ranaka Timur",
  "kelurahan" : "Compang Wunis",
  "kodepos" : "86583"
}, {
  "kecamatan" : "Poco Ranaka",
  "kelurahan" : "Compang Weluk",
  "kodepos" : "86583"
}, {
  "kecamatan" : "Poco Ranaka",
  "kelurahan" : "Compang Wesang",
  "kodepos" : "86583"
}, {
  "kecamatan" : "Poco Ranaka Timur",
  "kelurahan" : "Compang Raci",
  "kodepos" : "86583"
}, {
  "kecamatan" : "Poco Ranaka Timur",
  "kelurahan" : "Colol",
  "kodepos" : "86583"
}, {
  "kecamatan" : "Poco Ranaka",
  "kelurahan" : "Compang Laho",
  "kodepos" : "86583"
}, {
  "kecamatan" : "Poco Ranaka Timur",
  "kelurahan" : "Benteng Rampas",
  "kodepos" : "86583"
}, {
  "kecamatan" : "Poco Ranaka Timur",
  "kelurahan" : "Benteng Wunis",
  "kodepos" : "86583"
}, {
  "kecamatan" : "Poco Ranaka",
  "kelurahan" : "Bangka Pau",
  "kodepos" : "86583"
}, {
  "kecamatan" : "Poco Ranaka",
  "kelurahan" : "Bea Waek",
  "kodepos" : "86583"
}, {
  "kecamatan" : "Poco Ranaka",
  "kelurahan" : "Bangka Kuleng",
  "kodepos" : "86583"
}, {
  "kecamatan" : "Poco Ranaka",
  "kelurahan" : "Bangka Leleng",
  "kodepos" : "86583"
}, {
  "kecamatan" : "Poco Ranaka Timur",
  "kelurahan" : "Arus",
  "kodepos" : "86583"
}, {
  "kecamatan" : "Poco Ranaka Timur",
  "kelurahan" : "Bangka Arus",
  "kodepos" : "86583"
}, {
  "kecamatan" : "Lamba Leda",
  "kelurahan" : "Tengkulawar",
  "kodepos" : "86582"
}, {
  "kecamatan" : "Lamba Leda",
  "kelurahan" : "Satar Punda",
  "kodepos" : "86582"
}, {
  "kecamatan" : "Lamba Leda",
  "kelurahan" : "Satar Punda Barat",
  "kodepos" : "86582"
}, {
  "kecamatan" : "Lamba Leda",
  "kelurahan" : "Tengku Leda",
  "kodepos" : "86582"
}, {
  "kecamatan" : "Lamba Leda",
  "kelurahan" : "Nampar Tabang",
  "kodepos" : "86582"
}, {
  "kecamatan" : "Lamba Leda",
  "kelurahan" : "Satar Kampas",
  "kodepos" : "86582"
}, {
  "kecamatan" : "Lamba Leda",
  "kelurahan" : "Satar Padut",
  "kodepos" : "86582"
}, {
  "kecamatan" : "Lamba Leda",
  "kelurahan" : "Keli",
  "kodepos" : "86582"
}, {
  "kecamatan" : "Lamba Leda",
  "kelurahan" : "Lencur",
  "kodepos" : "86582"
}, {
  "kecamatan" : "Lamba Leda",
  "kelurahan" : "Liang Deruk",
  "kodepos" : "86582"
}, {
  "kecamatan" : "Lamba Leda",
  "kelurahan" : "Goreng Meni",
  "kodepos" : "86582"
}, {
  "kecamatan" : "Lamba Leda",
  "kelurahan" : "Goreng Meni Utara",
  "kodepos" : "86582"
}, {
  "kecamatan" : "Lamba Leda",
  "kelurahan" : "Haju Wangi",
  "kodepos" : "86582"
}, {
  "kecamatan" : "Lamba Leda",
  "kelurahan" : "Golo Rentung",
  "kodepos" : "86582"
}, {
  "kecamatan" : "Lamba Leda",
  "kelurahan" : "Golo Wontong",
  "kodepos" : "86582"
}, {
  "kecamatan" : "Lamba Leda",
  "kelurahan" : "Golo Munga Barat",
  "kodepos" : "86582"
}, {
  "kecamatan" : "Lamba Leda",
  "kelurahan" : "Golo Nimbung",
  "kodepos" : "86582"
}, {
  "kecamatan" : "Lamba Leda",
  "kelurahan" : "Golo Paleng",
  "kodepos" : "86582"
}, {
  "kecamatan" : "Lamba Leda",
  "kelurahan" : "Golo Lembur",
  "kodepos" : "86582"
}, {
  "kecamatan" : "Lamba Leda",
  "kelurahan" : "Golo Mangung",
  "kodepos" : "86582"
}, {
  "kecamatan" : "Lamba Leda",
  "kelurahan" : "Golo Munga",
  "kodepos" : "86582"
}, {
  "kecamatan" : "Lamba Leda",
  "kelurahan" : "Compang Mekar",
  "kodepos" : "86582"
}, {
  "kecamatan" : "Lamba Leda",
  "kelurahan" : "Compang Necak",
  "kodepos" : "86582"
}, {
  "kecamatan" : "Lamba Leda",
  "kelurahan" : "Compang Deru",
  "kodepos" : "86582"
}, {
  "kecamatan" : "Elar Selatan",
  "kelurahan" : "Teno Mese",
  "kodepos" : "86581"
}, {
  "kecamatan" : "Elar",
  "kelurahan" : "Tiwu Kondo",
  "kodepos" : "86581"
}, {
  "kecamatan" : "Elar Selatan",
  "kelurahan" : "Wae Rasan",
  "kodepos" : "86581"
}, {
  "kecamatan" : "Elar",
  "kelurahan" : "Sisir",
  "kodepos" : "86581"
}, {
  "kecamatan" : "Elar Selatan",
  "kelurahan" : "Sangan Kalo",
  "kodepos" : "86581"
}, {
  "kecamatan" : "Elar Selatan",
  "kelurahan" : "Sipi",
  "kodepos" : "86581"
}, {
  "kecamatan" : "Elar",
  "kelurahan" : "Rana Gapang",
  "kodepos" : "86581"
}, {
  "kecamatan" : "Elar",
  "kelurahan" : "Rana Kulan",
  "kodepos" : "86581"
}, {
  "kecamatan" : "Elar Selatan",
  "kelurahan" : "Nanga Meje",
  "kodepos" : "86581"
}, {
  "kecamatan" : "Elar Selatan",
  "kelurahan" : "Nanga Puun",
  "kodepos" : "86581"
}, {
  "kecamatan" : "Elar Selatan",
  "kelurahan" : "Paan Waru",
  "kodepos" : "86581"
}, {
  "kecamatan" : "Elar Selatan",
  "kelurahan" : "Lempang Paji",
  "kodepos" : "86581"
}, {
  "kecamatan" : "Elar Selatan",
  "kelurahan" : "Mosi Ngaran",
  "kodepos" : "86581"
}, {
  "kecamatan" : "Elar",
  "kelurahan" : "Lengko Namut",
  "kodepos" : "86581"
}, {
  "kecamatan" : "Elar",
  "kelurahan" : "Langgasai",
  "kodepos" : "86581"
}, {
  "kecamatan" : "Elar",
  "kelurahan" : "Legur Lai",
  "kodepos" : "86581"
}, {
  "kecamatan" : "Elar Selatan",
  "kelurahan" : "Langga Sai",
  "kodepos" : "86581"
}, {
  "kecamatan" : "Elar",
  "kelurahan" : "Haju Ngendong",
  "kodepos" : "86581"
}, {
  "kecamatan" : "Elar Selatan",
  "kelurahan" : "Golo Wuas",
  "kodepos" : "86581"
}, {
  "kecamatan" : "Elar",
  "kelurahan" : "Golo Wuas",
  "kodepos" : "86581"
}, {
  "kecamatan" : "Elar Selatan",
  "kelurahan" : "Golo Linus",
  "kodepos" : "86581"
}, {
  "kecamatan" : "Elar",
  "kelurahan" : "Golo Munde",
  "kodepos" : "86581"
}, {
  "kecamatan" : "Elar",
  "kelurahan" : "Golo Lebo",
  "kodepos" : "86581"
}, {
  "kecamatan" : "Elar",
  "kelurahan" : "Golo Lijun",
  "kodepos" : "86581"
}, {
  "kecamatan" : "Elar",
  "kelurahan" : "Golo Linus",
  "kodepos" : "86581"
}, {
  "kecamatan" : "Elar",
  "kelurahan" : "Gising",
  "kodepos" : "86581"
}, {
  "kecamatan" : "Elar Selatan",
  "kelurahan" : "Gising",
  "kodepos" : "86581"
}, {
  "kecamatan" : "Elar",
  "kelurahan" : "Biting",
  "kodepos" : "86581"
}, {
  "kecamatan" : "Elar Selatan",
  "kelurahan" : "Benteng Pau",
  "kodepos" : "86581"
}, {
  "kecamatan" : "Kota Komba",
  "kelurahan" : "Ruan",
  "kodepos" : "86572"
}, {
  "kecamatan" : "Kota Komba",
  "kelurahan" : "Tanah Rata",
  "kodepos" : "86572"
}, {
  "kecamatan" : "Kota Komba",
  "kelurahan" : "Watu Nggene",
  "kodepos" : "86572"
}, {
  "kecamatan" : "Kota Komba",
  "kelurahan" : "Rana Mbeling",
  "kodepos" : "86572"
}, {
  "kecamatan" : "Kota Komba",
  "kelurahan" : "Rongga Koe",
  "kodepos" : "86572"
}, {
  "kecamatan" : "Kota Komba",
  "kelurahan" : "Pong Ruan",
  "kodepos" : "86572"
}, {
  "kecamatan" : "Kota Komba",
  "kelurahan" : "Rana Kolong",
  "kodepos" : "86572"
}, {
  "kecamatan" : "Kota Komba",
  "kelurahan" : "Rana Mbata",
  "kodepos" : "86572"
}, {
  "kecamatan" : "Kota Komba",
  "kelurahan" : "Pari",
  "kodepos" : "86572"
}, {
  "kecamatan" : "Kota Komba",
  "kelurahan" : "Paan Leleng",
  "kodepos" : "86572"
}, {
  "kecamatan" : "Kota Komba",
  "kelurahan" : "Mokel Morid",
  "kodepos" : "86572"
}, {
  "kecamatan" : "Kota Komba",
  "kelurahan" : "Mbengan",
  "kodepos" : "86572"
}, {
  "kecamatan" : "Kota Komba",
  "kelurahan" : "Mokel",
  "kodepos" : "86572"
}, {
  "kecamatan" : "Kota Komba",
  "kelurahan" : "Lembur",
  "kodepos" : "86572"
}, {
  "kecamatan" : "Kota Komba",
  "kelurahan" : "Gunung Mute",
  "kodepos" : "86572"
}, {
  "kecamatan" : "Kota Komba",
  "kelurahan" : "Komba",
  "kodepos" : "86572"
}, {
  "kecamatan" : "Kota Komba",
  "kelurahan" : "Golomeni",
  "kodepos" : "86572"
}, {
  "kecamatan" : "Kota Komba",
  "kelurahan" : "Gunung Baru",
  "kodepos" : "86572"
}, {
  "kecamatan" : "Kota Komba",
  "kelurahan" : "Golo Tolang",
  "kodepos" : "86572"
}, {
  "kecamatan" : "Kota Komba",
  "kelurahan" : "Golo Ndele",
  "kodepos" : "86572"
}, {
  "kecamatan" : "Kota Komba",
  "kelurahan" : "Golo Nderu",
  "kodepos" : "86572"
}, {
  "kecamatan" : "Kota Komba",
  "kelurahan" : "Bamo",
  "kodepos" : "86572"
}, {
  "kecamatan" : "Rana Mese",
  "kelurahan" : "Watu Mori",
  "kodepos" : "86571"
}, {
  "kecamatan" : "Rana Mese",
  "kelurahan" : "Torok Golo",
  "kodepos" : "86571"
}, {
  "kecamatan" : "Rana Mese",
  "kelurahan" : "Wae Nggori",
  "kodepos" : "86571"
}, {
  "kecamatan" : "Rana Mese",
  "kelurahan" : "Sita",
  "kodepos" : "86571"
}, {
  "kecamatan" : "Rana Mese",
  "kelurahan" : "Satar Lahing",
  "kodepos" : "86571"
}, {
  "kecamatan" : "Rana Mese",
  "kelurahan" : "Satar Lenda",
  "kodepos" : "86571"
}, {
  "kecamatan" : "Borong",
  "kelurahan" : "Sano Lokom/Lokon",
  "kodepos" : "86571"
}, {
  "kecamatan" : "Rana Mese",
  "kelurahan" : "Sano Lokom/Lokon",
  "kodepos" : "86571"
}, {
  "kecamatan" : "Borong",
  "kelurahan" : "Rondo Woing",
  "kodepos" : "86571"
}, {
  "kecamatan" : "Rana Mese",
  "kelurahan" : "Rondo Woing",
  "kodepos" : "86571"
}, {
  "kecamatan" : "Borong",
  "kelurahan" : "Rana Loba",
  "kodepos" : "86571"
}, {
  "kecamatan" : "Borong",
  "kelurahan" : "Rana Masak",
  "kodepos" : "86571"
}, {
  "kecamatan" : "Borong",
  "kelurahan" : "Ngampang Mas",
  "kodepos" : "86571"
}, {
  "kecamatan" : "Borong",
  "kelurahan" : "Poco Rii",
  "kodepos" : "86571"
}, {
  "kecamatan" : "Borong",
  "kelurahan" : "Nanga Labang",
  "kodepos" : "86571"
}, {
  "kecamatan" : "Rana Mese",
  "kelurahan" : "Lalang",
  "kodepos" : "86571"
}, {
  "kecamatan" : "Rana Mese",
  "kelurahan" : "Lidi",
  "kodepos" : "86571"
}, {
  "kecamatan" : "Borong",
  "kelurahan" : "Gurung Liwut",
  "kodepos" : "86571"
}, {
  "kecamatan" : "Borong",
  "kelurahan" : "Kota Ndora",
  "kodepos" : "86571"
}, {
  "kecamatan" : "Rana Mese",
  "kelurahan" : "Golo Rutuk",
  "kodepos" : "86571"
}, {
  "kecamatan" : "Borong",
  "kelurahan" : "Golo Rutuk",
  "kodepos" : "86571"
}, {
  "kecamatan" : "Rana Mese",
  "kelurahan" : "Golo Ros",
  "kodepos" : "86571"
}, {
  "kecamatan" : "Borong",
  "kelurahan" : "Golo Ros",
  "kodepos" : "86571"
}, {
  "kecamatan" : "Rana Mese",
  "kelurahan" : "Golo Meleng",
  "kodepos" : "86571"
}, {
  "kecamatan" : "Borong",
  "kelurahan" : "Golo Meleng",
  "kodepos" : "86571"
}, {
  "kecamatan" : "Rana Mese",
  "kelurahan" : "Golo Loni",
  "kodepos" : "86571"
}, {
  "kecamatan" : "Borong",
  "kelurahan" : "Golo Lalong",
  "kodepos" : "86571"
}, {
  "kecamatan" : "Borong",
  "kelurahan" : "Golo Loni",
  "kodepos" : "86571"
}, {
  "kecamatan" : "Borong",
  "kelurahan" : "Golo Kantar",
  "kodepos" : "86571"
}, {
  "kecamatan" : "Rana Mese",
  "kelurahan" : "Compang Loni",
  "kodepos" : "86571"
}, {
  "kecamatan" : "Rana Mese",
  "kelurahan" : "Compang Teber",
  "kodepos" : "86571"
}, {
  "kecamatan" : "Rana Mese",
  "kelurahan" : "Compang Kempo",
  "kodepos" : "86571"
}, {
  "kecamatan" : "Rana Mese",
  "kelurahan" : "Compang Kantar",
  "kodepos" : "86571"
}, {
  "kecamatan" : "Borong",
  "kelurahan" : "Benteng Raja",
  "kodepos" : "86571"
}, {
  "kecamatan" : "Borong",
  "kelurahan" : "Benteng Riwu",
  "kodepos" : "86571"
}, {
  "kecamatan" : "Rana Mese",
  "kelurahan" : "Bea Ngencung",
  "kodepos" : "86571"
}, {
  "kecamatan" : "Borong",
  "kelurahan" : "Bea Ngencung",
  "kodepos" : "86571"
}, {
  "kecamatan" : "Rana Mese",
  "kelurahan" : "Bangka Kempo",
  "kodepos" : "86571"
}, {
  "kecamatan" : "Rana Mese",
  "kelurahan" : "Bangka Masa",
  "kodepos" : "86571"
} ]
