[ {
  "kecamatan" : "Aesesa Selatan",
  "kelurahan" : "Wajomara",
  "kodepos" : "86472"
}, {
  "kecamatan" : "Aesesa",
  "kelurahan" : "Waekokak",
  "kodepos" : "86472"
}, {
  "kecamatan" : "Wolowae",
  "kelurahan" : "Totomala",
  "kodepos" : "86472"
}, {
  "kecamatan" : "Aesesa",
  "kelurahan" : "Towak",
  "kodepos" : "86472"
}, {
  "kecamatan" : "Aesesa",
  "kelurahan" : "Tonggu Rambang",
  "kodepos" : "86472"
}, {
  "kecamatan" : "Wolowae",
  "kelurahan" : "Tenda Kinde",
  "kodepos" : "86472"
}, {
  "kecamatan" : "Wolowae",
  "kelurahan" : "Tendatoto",
  "kodepos" : "86472"
}, {
  "kecamatan" : "Aesesa Selatan",
  "kelurahan" : "Tengatiba",
  "kodepos" : "86472"
}, {
  "kecamatan" : "Aesesa Selatan",
  "kelurahan" : "Renduwawo",
  "kodepos" : "86472"
}, {
  "kecamatan" : "Aesesa",
  "kelurahan" : "Tedakisa",
  "kodepos" : "86472"
}, {
  "kecamatan" : "Aesesa",
  "kelurahan" : "Tedamude",
  "kodepos" : "86472"
}, {
  "kecamatan" : "Aesesa Selatan",
  "kelurahan" : "Rendut Tutubhada",
  "kodepos" : "86472"
}, {
  "kecamatan" : "Aesesa Selatan",
  "kelurahan" : "Rendutenoe",
  "kodepos" : "86472"
}, {
  "kecamatan" : "Aesesa Selatan",
  "kelurahan" : "Rendu Butowe",
  "kodepos" : "86472"
}, {
  "kecamatan" : "Aesesa",
  "kelurahan" : "Olaia",
  "kodepos" : "86472"
}, {
  "kecamatan" : "Aesesa",
  "kelurahan" : "Nggolonio",
  "kodepos" : "86472"
}, {
  "kecamatan" : "Aesesa",
  "kelurahan" : "Nggolo Mbay",
  "kodepos" : "86472"
}, {
  "kecamatan" : "Aesesa",
  "kelurahan" : "Nangadhero",
  "kodepos" : "86472"
}, {
  "kecamatan" : "Aesesa",
  "kelurahan" : "Ngegedhawe",
  "kodepos" : "86472"
}, {
  "kecamatan" : "Wolowae",
  "kelurahan" : "Natatoto",
  "kodepos" : "86472"
}, {
  "kecamatan" : "Aesesa",
  "kelurahan" : "Mbay I",
  "kodepos" : "86472"
}, {
  "kecamatan" : "Aesesa",
  "kelurahan" : "Mbay II",
  "kodepos" : "86472"
}, {
  "kecamatan" : "Aesesa",
  "kelurahan" : "Lape",
  "kodepos" : "86472"
}, {
  "kecamatan" : "Aesesa",
  "kelurahan" : "Marapokot",
  "kodepos" : "86472"
}, {
  "kecamatan" : "Aesesa Selatan",
  "kelurahan" : "Langedhawe",
  "kodepos" : "86472"
}, {
  "kecamatan" : "Aesesa",
  "kelurahan" : "Dhawe",
  "kodepos" : "86472"
}, {
  "kecamatan" : "Aesesa",
  "kelurahan" : "Labolewa",
  "kodepos" : "86472"
}, {
  "kecamatan" : "Aesesa",
  "kelurahan" : "Danga",
  "kodepos" : "86472"
}, {
  "kecamatan" : "Wolowae",
  "kelurahan" : "Anakoli",
  "kodepos" : "86472"
}, {
  "kecamatan" : "Aesesa",
  "kelurahan" : "Aeramo",
  "kodepos" : "86472"
}, {
  "kecamatan" : "Nangaroro",
  "kelurahan" : "Wokodekororo",
  "kodepos" : "86464"
}, {
  "kecamatan" : "Nangaroro",
  "kelurahan" : "Wokowoe",
  "kodepos" : "86464"
}, {
  "kecamatan" : "Nangaroro",
  "kelurahan" : "Woedoa",
  "kodepos" : "86464"
}, {
  "kecamatan" : "Nangaroro",
  "kelurahan" : "Woewutu",
  "kodepos" : "86464"
}, {
  "kecamatan" : "Keo Tengah",
  "kelurahan" : "Wajo Timur",
  "kodepos" : "86464"
}, {
  "kecamatan" : "Keo Tengah",
  "kelurahan" : "Witurombaua",
  "kodepos" : "86464"
}, {
  "kecamatan" : "Nangaroro",
  "kelurahan" : "Ulupulu I",
  "kodepos" : "86464"
}, {
  "kecamatan" : "Nangaroro",
  "kelurahan" : "Utetoto",
  "kodepos" : "86464"
}, {
  "kecamatan" : "Keo Tengah",
  "kelurahan" : "Wajo",
  "kodepos" : "86464"
}, {
  "kecamatan" : "Nangaroro",
  "kelurahan" : "Ulupulu",
  "kodepos" : "86464"
}, {
  "kecamatan" : "Keo Tengah",
  "kelurahan" : "Udiworowatu",
  "kodepos" : "86464"
}, {
  "kecamatan" : "Nangaroro",
  "kelurahan" : "Tonggo",
  "kodepos" : "86464"
}, {
  "kecamatan" : "Nangaroro",
  "kelurahan" : "Podenura",
  "kodepos" : "86464"
}, {
  "kecamatan" : "Nangaroro",
  "kelurahan" : "Riti",
  "kodepos" : "86464"
}, {
  "kecamatan" : "Keo Tengah",
  "kelurahan" : "Paumali",
  "kodepos" : "86464"
}, {
  "kecamatan" : "Keo Tengah",
  "kelurahan" : "Pautola",
  "kodepos" : "86464"
}, {
  "kecamatan" : "Nangaroro",
  "kelurahan" : "Pagomogo",
  "kodepos" : "86464"
}, {
  "kecamatan" : "Keo Tengah",
  "kelurahan" : "Ngera",
  "kodepos" : "86464"
}, {
  "kecamatan" : "Nangaroro",
  "kelurahan" : "Nangaroro",
  "kodepos" : "86464"
}, {
  "kecamatan" : "Nangaroro",
  "kelurahan" : "Nataute",
  "kodepos" : "86464"
}, {
  "kecamatan" : "Keo Tengah",
  "kelurahan" : "Mbaenuamuri",
  "kodepos" : "86464"
}, {
  "kecamatan" : "Keo Tengah",
  "kelurahan" : "Lewangera",
  "kodepos" : "86464"
}, {
  "kecamatan" : "Keo Tengah",
  "kelurahan" : "Ladolima Barat",
  "kodepos" : "86464"
}, {
  "kecamatan" : "Keo Tengah",
  "kelurahan" : "Ladolima Timur",
  "kodepos" : "86464"
}, {
  "kecamatan" : "Keo Tengah",
  "kelurahan" : "Ladolima",
  "kodepos" : "86464"
}, {
  "kecamatan" : "Nangaroro",
  "kelurahan" : "Kotakeo Satu",
  "kodepos" : "86464"
}, {
  "kecamatan" : "Keo Tengah",
  "kelurahan" : "Kotawuji Barat",
  "kodepos" : "86464"
}, {
  "kecamatan" : "Keo Tengah",
  "kelurahan" : "Kotawuji Timur",
  "kodepos" : "86464"
}, {
  "kecamatan" : "Nangaroro",
  "kelurahan" : "Kotakeo",
  "kodepos" : "86464"
}, {
  "kecamatan" : "Nangaroro",
  "kelurahan" : "Kotakeo Dua",
  "kodepos" : "86464"
}, {
  "kecamatan" : "Keo Tengah",
  "kelurahan" : "Kotadirumali",
  "kodepos" : "86464"
}, {
  "kecamatan" : "Nangaroro",
  "kelurahan" : "Kodaute",
  "kodepos" : "86464"
}, {
  "kecamatan" : "Keo Tengah",
  "kelurahan" : "Keli",
  "kodepos" : "86464"
}, {
  "kecamatan" : "Nangaroro",
  "kelurahan" : "Degalea",
  "kodepos" : "86464"
}, {
  "kecamatan" : "Nangaroro",
  "kelurahan" : "Bidoa",
  "kodepos" : "86464"
}, {
  "kecamatan" : "Mauponggo",
  "kelurahan" : "Wuliwalo",
  "kodepos" : "86463"
}, {
  "kecamatan" : "Mauponggo",
  "kelurahan" : "Wololelu",
  "kodepos" : "86463"
}, {
  "kecamatan" : "Mauponggo",
  "kelurahan" : "Wolotelu",
  "kodepos" : "86463"
}, {
  "kecamatan" : "Mauponggo",
  "kelurahan" : "Wolokisa",
  "kodepos" : "86463"
}, {
  "kecamatan" : "Mauponggo",
  "kelurahan" : "Woloede",
  "kodepos" : "86463"
}, {
  "kecamatan" : "Mauponggo",
  "kelurahan" : "Woewolo",
  "kodepos" : "86463"
}, {
  "kecamatan" : "Mauponggo",
  "kelurahan" : "Ua",
  "kodepos" : "86463"
}, {
  "kecamatan" : "Mauponggo",
  "kelurahan" : "Ululoga",
  "kodepos" : "86463"
}, {
  "kecamatan" : "Mauponggo",
  "kelurahan" : "Selalejo Timur",
  "kodepos" : "86463"
}, {
  "kecamatan" : "Mauponggo",
  "kelurahan" : "Sawu",
  "kodepos" : "86463"
}, {
  "kecamatan" : "Mauponggo",
  "kelurahan" : "Selalejo",
  "kodepos" : "86463"
}, {
  "kecamatan" : "Mauponggo",
  "kelurahan" : "Maukeli",
  "kodepos" : "86463"
}, {
  "kecamatan" : "Mauponggo",
  "kelurahan" : "Mau Ponggo",
  "kodepos" : "86463"
}, {
  "kecamatan" : "Mauponggo",
  "kelurahan" : "Lokalaba",
  "kodepos" : "86463"
}, {
  "kecamatan" : "Mauponggo",
  "kelurahan" : "Lajawajo",
  "kodepos" : "86463"
}, {
  "kecamatan" : "Mauponggo",
  "kelurahan" : "Lodaolo",
  "kodepos" : "86463"
}, {
  "kecamatan" : "Mauponggo",
  "kelurahan" : "Kotagana",
  "kodepos" : "86463"
}, {
  "kecamatan" : "Mauponggo",
  "kelurahan" : "Jawapogo",
  "kodepos" : "86463"
}, {
  "kecamatan" : "Mauponggo",
  "kelurahan" : "Keliwatulewa",
  "kodepos" : "86463"
}, {
  "kecamatan" : "Mauponggo",
  "kelurahan" : "Bela",
  "kodepos" : "86463"
}, {
  "kecamatan" : "Mauponggo",
  "kelurahan" : "Aewoe",
  "kodepos" : "86463"
}, {
  "kecamatan" : "Boawae",
  "kelurahan" : "Wolowea Timur",
  "kodepos" : "86462"
}, {
  "kecamatan" : "Boawae",
  "kelurahan" : "Wolopogo",
  "kodepos" : "86462"
}, {
  "kecamatan" : "Boawae",
  "kelurahan" : "Wolowea",
  "kodepos" : "86462"
}, {
  "kecamatan" : "Boawae",
  "kelurahan" : "Wolowea Barat",
  "kodepos" : "86462"
}, {
  "kecamatan" : "Boawae",
  "kelurahan" : "Solo",
  "kodepos" : "86462"
}, {
  "kecamatan" : "Boawae",
  "kelurahan" : "Wea Au",
  "kodepos" : "86462"
}, {
  "kecamatan" : "Boawae",
  "kelurahan" : "Rega",
  "kodepos" : "86462"
}, {
  "kecamatan" : "Boawae",
  "kelurahan" : "Rigi",
  "kodepos" : "86462"
}, {
  "kecamatan" : "Boawae",
  "kelurahan" : "Rowa",
  "kodepos" : "86462"
}, {
  "kecamatan" : "Boawae",
  "kelurahan" : "Raja Selatan",
  "kodepos" : "86462"
}, {
  "kecamatan" : "Boawae",
  "kelurahan" : "Raja Timur",
  "kodepos" : "86462"
}, {
  "kecamatan" : "Boawae",
  "kelurahan" : "Ratongamobo",
  "kodepos" : "86462"
}, {
  "kecamatan" : "Boawae",
  "kelurahan" : "Olakile",
  "kodepos" : "86462"
}, {
  "kecamatan" : "Boawae",
  "kelurahan" : "Raja",
  "kodepos" : "86462"
}, {
  "kecamatan" : "Boawae",
  "kelurahan" : "Natanage",
  "kodepos" : "86462"
}, {
  "kecamatan" : "Boawae",
  "kelurahan" : "Natanage Timur",
  "kodepos" : "86462"
}, {
  "kecamatan" : "Boawae",
  "kelurahan" : "Nagerawe",
  "kodepos" : "86462"
}, {
  "kecamatan" : "Boawae",
  "kelurahan" : "Nagesapadhi",
  "kodepos" : "86462"
}, {
  "kecamatan" : "Boawae",
  "kelurahan" : "Nageoga",
  "kodepos" : "86462"
}, {
  "kecamatan" : "Boawae",
  "kelurahan" : "Kelimado",
  "kodepos" : "86462"
}, {
  "kecamatan" : "Boawae",
  "kelurahan" : "Leguderu",
  "kodepos" : "86462"
}, {
  "kecamatan" : "Boawae",
  "kelurahan" : "Mulakoli",
  "kodepos" : "86462"
}, {
  "kecamatan" : "Boawae",
  "kelurahan" : "Focolodorawe",
  "kodepos" : "86462"
}, {
  "kecamatan" : "Boawae",
  "kelurahan" : "Gerodhere",
  "kodepos" : "86462"
}, {
  "kecamatan" : "Boawae",
  "kelurahan" : "Kelewae",
  "kodepos" : "86462"
}, {
  "kecamatan" : "Boawae",
  "kelurahan" : "Dhereisa",
  "kodepos" : "86462"
}, {
  "kecamatan" : "Boawae",
  "kelurahan" : "Alorawe",
  "kodepos" : "86462"
} ]
