[ {
  "kecamatan" : "Teras Terunjam",
  "kelurahan" : "Wonosobo",
  "kodepos" : "38768"
}, {
  "kecamatan" : "Penarik",
  "kelurahan" : "Wonosobo",
  "kodepos" : "38768"
}, {
  "kecamatan" : "Teras Terunjam",
  "kelurahan" : "Teruntung",
  "kodepos" : "38768"
}, {
  "kecamatan" : "Teras Terunjam",
  "kelurahan" : "Tunggal Jaya",
  "kodepos" : "38768"
}, {
  "kecamatan" : "Teras Terunjam",
  "kelurahan" : "Teras Terunjam",
  "kodepos" : "38768"
}, {
  "kecamatan" : "Teras Terunjam",
  "kelurahan" : "Talang Medan",
  "kodepos" : "38768"
}, {
  "kecamatan" : "Teras Terunjam",
  "kelurahan" : "Talang Buai",
  "kodepos" : "38768"
}, {
  "kecamatan" : "Teras Terunjam",
  "kelurahan" : "Talang Kuning",
  "kodepos" : "38768"
}, {
  "kecamatan" : "Selagan Raya",
  "kelurahan" : "Sungai Jerinjing",
  "kodepos" : "38768"
}, {
  "kecamatan" : "Selagan Raya",
  "kelurahan" : "Surian Bungkal",
  "kodepos" : "38768"
}, {
  "kecamatan" : "Selagan Raya",
  "kelurahan" : "Sungai Ipuh",
  "kodepos" : "38768"
}, {
  "kecamatan" : "Teras Terunjam",
  "kelurahan" : "Sungai Ipuh Dua",
  "kodepos" : "38768"
}, {
  "kecamatan" : "Teras Terunjam",
  "kelurahan" : "Sungai Ipuh Satu",
  "kodepos" : "38768"
}, {
  "kecamatan" : "Selagan Raya",
  "kelurahan" : "Sungai Gading",
  "kodepos" : "38768"
}, {
  "kecamatan" : "Penarik",
  "kelurahan" : "Sumber Mulya",
  "kodepos" : "38768"
}, {
  "kecamatan" : "Penarik",
  "kelurahan" : "Suka Maju",
  "kodepos" : "38768"
}, {
  "kecamatan" : "Teras Terunjam",
  "kelurahan" : "Sido Mulyo",
  "kodepos" : "38768"
}, {
  "kecamatan" : "Penarik",
  "kelurahan" : "Sido Mulya",
  "kodepos" : "38768"
}, {
  "kecamatan" : "Teras Terunjam",
  "kelurahan" : "Pondok Kopi",
  "kodepos" : "38768"
}, {
  "kecamatan" : "Teras Terunjam",
  "kelurahan" : "Setia Budi",
  "kodepos" : "38768"
}, {
  "kecamatan" : "Selagan Raya",
  "kelurahan" : "Pondok Baru",
  "kodepos" : "38768"
}, {
  "kecamatan" : "Teras Terunjam",
  "kelurahan" : "Mekar Mulya",
  "kodepos" : "38768"
}, {
  "kecamatan" : "Penarik",
  "kelurahan" : "Penarik",
  "kodepos" : "38768"
}, {
  "kecamatan" : "Teras Terunjam",
  "kelurahan" : "Mekar Jaya",
  "kodepos" : "38768"
}, {
  "kecamatan" : "Penarik",
  "kelurahan" : "Mekar Mulya",
  "kodepos" : "38768"
}, {
  "kecamatan" : "Teras Terunjam",
  "kelurahan" : "Marga Mukti",
  "kodepos" : "38768"
}, {
  "kecamatan" : "Penarik",
  "kelurahan" : "Marga Mukti",
  "kodepos" : "38768"
}, {
  "kecamatan" : "Selagan Raya",
  "kelurahan" : "Lubuk Sahung",
  "kodepos" : "38768"
}, {
  "kecamatan" : "Penarik",
  "kelurahan" : "Lubuk Mukti",
  "kodepos" : "38768"
}, {
  "kecamatan" : "Teras Terunjam",
  "kelurahan" : "Karang Jaya",
  "kodepos" : "38768"
}, {
  "kecamatan" : "Teras Terunjam",
  "kelurahan" : "Lubuk Bangko",
  "kodepos" : "38768"
}, {
  "kecamatan" : "Penarik",
  "kelurahan" : "Bumi Mulya",
  "kodepos" : "38768"
}, {
  "kecamatan" : "Penarik",
  "kelurahan" : "Bukit Makmur",
  "kodepos" : "38768"
}, {
  "kecamatan" : "Teras Terunjam",
  "kelurahan" : "Aur Cina",
  "kodepos" : "38768"
}, {
  "kecamatan" : "Lubuk Pinang",
  "kelurahan" : "Tirta Mulya",
  "kodepos" : "38767"
}, {
  "kecamatan" : "Lubuk Pinang",
  "kelurahan" : "Tanjung Alai",
  "kodepos" : "38767"
}, {
  "kecamatan" : "Air Majunto",
  "kelurahan" : "Tirta Mulya",
  "kodepos" : "38767"
}, {
  "kecamatan" : "V Koto",
  "kelurahan" : "Talang Sepakat",
  "kodepos" : "38767"
}, {
  "kecamatan" : "V Koto",
  "kelurahan" : "Sungai Rengas",
  "kodepos" : "38767"
}, {
  "kecamatan" : "V Koto",
  "kelurahan" : "Talang Petai",
  "kodepos" : "38767"
}, {
  "kecamatan" : "V Koto",
  "kelurahan" : "Talang Sakti",
  "kodepos" : "38767"
}, {
  "kecamatan" : "Lubuk Pinang",
  "kelurahan" : "Sumber Makmur",
  "kodepos" : "38767"
}, {
  "kecamatan" : "V Koto",
  "kelurahan" : "Sungai Lintang",
  "kodepos" : "38767"
}, {
  "kecamatan" : "Lubuk Pinang",
  "kelurahan" : "Sinar Jaya",
  "kodepos" : "38767"
}, {
  "kecamatan" : "Lubuk Pinang",
  "kelurahan" : "Suka Pindah",
  "kodepos" : "38767"
}, {
  "kecamatan" : "Lubuk Pinang",
  "kelurahan" : "Sido Makmur",
  "kodepos" : "38767"
}, {
  "kecamatan" : "V Koto",
  "kelurahan" : "Rasno",
  "kodepos" : "38767"
}, {
  "kecamatan" : "Lubuk Pinang",
  "kelurahan" : "Ranah Karya",
  "kodepos" : "38767"
}, {
  "kecamatan" : "V Koto",
  "kelurahan" : "Pondok Panjang",
  "kodepos" : "38767"
}, {
  "kecamatan" : "V Koto",
  "kelurahan" : "Pondok Tengah",
  "kodepos" : "38767"
}, {
  "kecamatan" : "Air Majunto",
  "kelurahan" : "Manjunto Jaya",
  "kodepos" : "38767"
}, {
  "kecamatan" : "Air Majunto",
  "kelurahan" : "Pondok Makmur",
  "kodepos" : "38767"
}, {
  "kecamatan" : "Lubuk Pinang",
  "kelurahan" : "Lubuk Gedang",
  "kodepos" : "38767"
}, {
  "kecamatan" : "Lubuk Pinang",
  "kelurahan" : "Lubuk Pinang",
  "kodepos" : "38767"
}, {
  "kecamatan" : "V Koto",
  "kelurahan" : "Lalang Luas",
  "kodepos" : "38767"
}, {
  "kecamatan" : "V Koto",
  "kelurahan" : "Lubuk Cabau",
  "kodepos" : "38767"
}, {
  "kecamatan" : "Lubuk Pinang",
  "kelurahan" : "Arah Tiga",
  "kodepos" : "38767"
}, {
  "kecamatan" : "Lubuk Pinang",
  "kelurahan" : "Kota Praja",
  "kodepos" : "38767"
}, {
  "kecamatan" : "Air Majunto",
  "kelurahan" : "Agung Jaya",
  "kodepos" : "38767"
}, {
  "kecamatan" : "Pondok Suguh",
  "kelurahan" : "Teluk Bakung",
  "kodepos" : "38766"
}, {
  "kecamatan" : "Pondok Suguh",
  "kelurahan" : "Tunggang (Dusun Tunggang)",
  "kodepos" : "38766"
}, {
  "kecamatan" : "Teramang Jaya",
  "kelurahan" : "Teramang Jaya",
  "kodepos" : "38766"
}, {
  "kecamatan" : "Sungai Rumbai",
  "kelurahan" : "Sumber Makmur",
  "kodepos" : "38766"
}, {
  "kecamatan" : "Sungai Rumbai",
  "kelurahan" : "Talang Gading",
  "kodepos" : "38766"
}, {
  "kecamatan" : "Pondok Suguh",
  "kelurahan" : "Sinar Laut",
  "kodepos" : "38766"
}, {
  "kecamatan" : "Sungai Rumbai",
  "kelurahan" : "Sidodadi",
  "kodepos" : "38766"
}, {
  "kecamatan" : "Pondok Suguh",
  "kelurahan" : "Sido Makmur",
  "kodepos" : "38766"
}, {
  "kecamatan" : "Sungai Rumbai",
  "kelurahan" : "Retak Mudik",
  "kodepos" : "38766"
}, {
  "kecamatan" : "Pondok Suguh",
  "kelurahan" : "Pondok Kandang",
  "kodepos" : "38766"
}, {
  "kecamatan" : "Pondok Suguh",
  "kelurahan" : "Pondok Suguh",
  "kodepos" : "38766"
}, {
  "kecamatan" : "Pondok Suguh",
  "kelurahan" : "Pernyah",
  "kodepos" : "38766"
}, {
  "kecamatan" : "Teramang Jaya",
  "kelurahan" : "Pondok Baru",
  "kodepos" : "38766"
}, {
  "kecamatan" : "Sungai Rumbai",
  "kelurahan" : "Padang Gading",
  "kodepos" : "38766"
}, {
  "kecamatan" : "Sungai Rumbai",
  "kelurahan" : "Mekar Sari",
  "kodepos" : "38766"
}, {
  "kecamatan" : "Teramang Jaya",
  "kelurahan" : "Pasar Bantal",
  "kodepos" : "38766"
}, {
  "kecamatan" : "Teramang Jaya",
  "kelurahan" : "Nenggalo",
  "kodepos" : "38766"
}, {
  "kecamatan" : "Pondok Suguh",
  "kelurahan" : "Nelan Indah",
  "kodepos" : "38766"
}, {
  "kecamatan" : "Pondok Suguh",
  "kelurahan" : "Mandi Angin Jaya",
  "kodepos" : "38766"
}, {
  "kecamatan" : "Pondok Suguh",
  "kelurahan" : "Lubuk Selandak",
  "kodepos" : "38766"
}, {
  "kecamatan" : "Pondok Suguh",
  "kelurahan" : "Lubuk Bento",
  "kodepos" : "38766"
}, {
  "kecamatan" : "Sungai Rumbai",
  "kelurahan" : "Gajah Mati",
  "kodepos" : "38766"
}, {
  "kecamatan" : "Pondok Suguh",
  "kelurahan" : "Karya Mulya",
  "kodepos" : "38766"
}, {
  "kecamatan" : "Sungai Rumbai",
  "kelurahan" : "Gading Jaya",
  "kodepos" : "38766"
}, {
  "kecamatan" : "Teramang Jaya",
  "kelurahan" : "Bunga Tanjung",
  "kodepos" : "38766"
}, {
  "kecamatan" : "Pondok Suguh",
  "kelurahan" : "Bumi Mekar Jaya",
  "kodepos" : "38766"
}, {
  "kecamatan" : "Teramang Jaya",
  "kelurahan" : "Brangan Mulya",
  "kodepos" : "38766"
}, {
  "kecamatan" : "Pondok Suguh",
  "kelurahan" : "Batu Ejung",
  "kodepos" : "38766"
}, {
  "kecamatan" : "Sungai Rumbai",
  "kelurahan" : "Banjar Sari",
  "kodepos" : "38766"
}, {
  "kecamatan" : "Teramang Jaya",
  "kelurahan" : "Bandar Jaya",
  "kodepos" : "38766"
}, {
  "kecamatan" : "Pondok Suguh",
  "kelurahan" : "Air Bikuk",
  "kodepos" : "38766"
}, {
  "kecamatan" : "Pondok Suguh",
  "kelurahan" : "Air Hitam",
  "kodepos" : "38766"
}, {
  "kecamatan" : "XIV Koto",
  "kelurahan" : "Tanjung Mulya",
  "kodepos" : "38765"
}, {
  "kecamatan" : "Air Dikit",
  "kelurahan" : "Sumber Sari",
  "kodepos" : "38765"
}, {
  "kecamatan" : "Pondok Suguh",
  "kelurahan" : "Air Berau",
  "kodepos" : "38766"
}, {
  "kecamatan" : "Kota Mukomuko (Mukomuko Utara)",
  "kelurahan" : "Selagan Jaya",
  "kodepos" : "38765"
}, {
  "kecamatan" : "Kota Mukomuko (Mukomuko Utara)",
  "kelurahan" : "Tanah Harapan",
  "kodepos" : "38765"
}, {
  "kecamatan" : "Air Dikit",
  "kelurahan" : "Sari Bulan",
  "kodepos" : "38765"
}, {
  "kecamatan" : "Kota Mukomuko (Mukomuko Utara)",
  "kelurahan" : "Tanah Rekah",
  "kodepos" : "38765"
}, {
  "kecamatan" : "Air Dikit",
  "kelurahan" : "Sari Makmur",
  "kodepos" : "38765"
}, {
  "kecamatan" : "XIV Koto",
  "kelurahan" : "Rawa Bangun",
  "kodepos" : "38765"
}, {
  "kecamatan" : "XIV Koto",
  "kelurahan" : "Rawa Mulya",
  "kodepos" : "38765"
}, {
  "kecamatan" : "XIV Koto",
  "kelurahan" : "Pauh Terenjah",
  "kodepos" : "38765"
}, {
  "kecamatan" : "Air Dikit",
  "kelurahan" : "Pondok Lunang",
  "kodepos" : "38765"
}, {
  "kecamatan" : "Kota Mukomuko (Mukomuko Utara)",
  "kelurahan" : "Pasar Sebelah",
  "kodepos" : "38765"
}, {
  "kecamatan" : "XIV Koto",
  "kelurahan" : "Lubuk Sanai III",
  "kodepos" : "38765"
}, {
  "kecamatan" : "Kota Mukomuko (Mukomuko Utara)",
  "kelurahan" : "Koto Jaya",
  "kodepos" : "38765"
}, {
  "kecamatan" : "XIV Koto",
  "kelurahan" : "Lubuk Sanai",
  "kodepos" : "38765"
}, {
  "kecamatan" : "XIV Koto",
  "kelurahan" : "Lubuk Sanai II",
  "kodepos" : "38765"
}, {
  "kecamatan" : "XIV Koto",
  "kelurahan" : "Dusun Baru Pelokan",
  "kodepos" : "38765"
}, {
  "kecamatan" : "Air Dikit",
  "kelurahan" : "Dusun Baru V Koto",
  "kodepos" : "38765"
}, {
  "kecamatan" : "Kota Mukomuko (Mukomuko Utara)",
  "kelurahan" : "Bandar Ratu",
  "kodepos" : "38765"
}, {
  "kecamatan" : "Air Dikit",
  "kelurahan" : "Air Kasai",
  "kodepos" : "38765"
}, {
  "kecamatan" : "Ipuh (Muko-Muko Selatan)",
  "kelurahan" : "Tirta Mulya",
  "kodepos" : "38764"
}, {
  "kecamatan" : "Air Dikit",
  "kelurahan" : "Air Dikit",
  "kodepos" : "38765"
}, {
  "kecamatan" : "Ipuh (Muko-Muko Selatan)",
  "kelurahan" : "Tanjung Jaya",
  "kodepos" : "38764"
}, {
  "kecamatan" : "Ipuh (Muko-Muko Selatan)",
  "kelurahan" : "Tanjung Medan",
  "kodepos" : "38764"
}, {
  "kecamatan" : "Ipuh (Muko-Muko Selatan)",
  "kelurahan" : "Tirta Kencana",
  "kodepos" : "38764"
}, {
  "kecamatan" : "Air Rami",
  "kelurahan" : "Talang Rio",
  "kodepos" : "38764"
}, {
  "kecamatan" : "Ipuh (Muko-Muko Selatan)",
  "kelurahan" : "Tanjung Harapan",
  "kodepos" : "38764"
}, {
  "kecamatan" : "Malin Deman",
  "kelurahan" : "Talang Baru",
  "kodepos" : "38764"
}, {
  "kecamatan" : "Ipuh (Muko-Muko Selatan)",
  "kelurahan" : "Sibak (Dusun Sibak)",
  "kodepos" : "38764"
}, {
  "kecamatan" : "Malin Deman",
  "kelurahan" : "Talang Arah",
  "kodepos" : "38764"
}, {
  "kecamatan" : "Ipuh (Muko-Muko Selatan)",
  "kelurahan" : "Semundam",
  "kodepos" : "38764"
}, {
  "kecamatan" : "Malin Deman",
  "kelurahan" : "Serami Baru",
  "kodepos" : "38764"
}, {
  "kecamatan" : "Ipuh (Muko-Muko Selatan)",
  "kelurahan" : "Retak Hilir",
  "kodepos" : "38764"
}, {
  "kecamatan" : "Malin Deman",
  "kelurahan" : "Semambang Makmur (Semambung)",
  "kodepos" : "38764"
}, {
  "kecamatan" : "Ipuh (Muko-Muko Selatan)",
  "kelurahan" : "Pulau Payung (Pulai Payung)",
  "kodepos" : "38764"
}, {
  "kecamatan" : "Air Rami",
  "kelurahan" : "Rami Mulia",
  "kodepos" : "38764"
}, {
  "kecamatan" : "Ipuh (Muko-Muko Selatan)",
  "kelurahan" : "Pulau Makmur",
  "kodepos" : "38764"
}, {
  "kecamatan" : "Ipuh (Muko-Muko Selatan)",
  "kelurahan" : "Pulau Baru",
  "kodepos" : "38764"
}, {
  "kecamatan" : "Ipuh (Muko-Muko Selatan)",
  "kelurahan" : "Mundam Marap",
  "kodepos" : "38764"
}, {
  "kecamatan" : "Ipuh (Muko-Muko Selatan)",
  "kelurahan" : "Pasar Baru",
  "kodepos" : "38764"
}, {
  "kecamatan" : "Ipuh (Muko-Muko Selatan)",
  "kelurahan" : "Pasar Ipuh",
  "kodepos" : "38764"
}, {
  "kecamatan" : "Air Rami",
  "kelurahan" : "Mekar Jaya",
  "kodepos" : "38764"
}, {
  "kecamatan" : "Ipuh (Muko-Muko Selatan)",
  "kelurahan" : "Medan Jaya",
  "kodepos" : "38764"
}, {
  "kecamatan" : "Ipuh (Muko-Muko Selatan)",
  "kelurahan" : "Manunggal Jaya",
  "kodepos" : "38764"
}, {
  "kecamatan" : "Air Rami",
  "kelurahan" : "Marga Mulia",
  "kodepos" : "38764"
}, {
  "kecamatan" : "Malin Deman",
  "kelurahan" : "Gajah Makmur",
  "kodepos" : "38764"
}, {
  "kecamatan" : "Malin Deman",
  "kelurahan" : "Lubuk Talang",
  "kodepos" : "38764"
}, {
  "kecamatan" : "Air Rami",
  "kelurahan" : "Makmur Jaya",
  "kodepos" : "38764"
}, {
  "kecamatan" : "Air Rami",
  "kelurahan" : "Dusun Pulau",
  "kodepos" : "38764"
}, {
  "kecamatan" : "Ipuh (Muko-Muko Selatan)",
  "kelurahan" : "Bukit Mulya",
  "kodepos" : "38764"
}, {
  "kecamatan" : "Ipuh (Muko-Muko Selatan)",
  "kelurahan" : "Cinta Asih",
  "kodepos" : "38764"
}, {
  "kecamatan" : "Air Rami",
  "kelurahan" : "Bukit Harapan",
  "kodepos" : "38764"
}, {
  "kecamatan" : "Air Rami",
  "kelurahan" : "Air Rami",
  "kodepos" : "38764"
}, {
  "kecamatan" : "Air Rami",
  "kelurahan" : "Arga Jaya",
  "kodepos" : "38764"
}, {
  "kecamatan" : "Ipuh (Muko-Muko Selatan)",
  "kelurahan" : "Air Buluh",
  "kodepos" : "38764"
}, {
  "kecamatan" : "Ipuh (Muko-Muko Selatan)",
  "kelurahan" : "Air Mera",
  "kodepos" : "38764"
}, {
  "kecamatan" : "Kota Mukomuko (Mukomuko Utara)",
  "kelurahan" : "Pondok Batu",
  "kodepos" : "38713"
}, {
  "kecamatan" : "Kota Mukomuko (Mukomuko Utara)",
  "kelurahan" : "Ujung Padang",
  "kodepos" : "38714"
}, {
  "kecamatan" : "Kota Mukomuko (Mukomuko Utara)",
  "kelurahan" : "Pasar Mukomuko",
  "kodepos" : "38711"
} ]
