[ {
  "kecamatan" : "Solor Barat",
  "kelurahan" : "Titehena",
  "kodepos" : "86272"
}, {
  "kecamatan" : "Solor Barat",
  "kelurahan" : "Tanah Lein",
  "kodepos" : "86272"
}, {
  "kecamatan" : "Solor Selatan",
  "kelurahan" : "Sulengwaseng",
  "kodepos" : "86272"
}, {
  "kecamatan" : "Solor Barat",
  "kelurahan" : "Ongalereng",
  "kodepos" : "86272"
}, {
  "kecamatan" : "Solor Barat",
  "kelurahan" : "Pamakayo",
  "kodepos" : "86272"
}, {
  "kecamatan" : "Solor Barat",
  "kelurahan" : "Ritaebang",
  "kodepos" : "86272"
}, {
  "kecamatan" : "Solor Barat",
  "kelurahan" : "Lewotanah Ole",
  "kodepos" : "86272"
}, {
  "kecamatan" : "Solor Barat",
  "kelurahan" : "Nusadani",
  "kodepos" : "86272"
}, {
  "kecamatan" : "Solor Barat",
  "kelurahan" : "Lewonama",
  "kodepos" : "86272"
}, {
  "kecamatan" : "Solor Selatan",
  "kelurahan" : "Lemanu",
  "kodepos" : "86272"
}, {
  "kecamatan" : "Solor Barat",
  "kelurahan" : "Lamaole",
  "kodepos" : "86272"
}, {
  "kecamatan" : "Solor Barat",
  "kelurahan" : "Lamawalang (Lamawohong)",
  "kodepos" : "86272"
}, {
  "kecamatan" : "Solor Selatan",
  "kelurahan" : "Kenere",
  "kodepos" : "86272"
}, {
  "kecamatan" : "Solor Barat",
  "kelurahan" : "Karawatung",
  "kodepos" : "86272"
}, {
  "kecamatan" : "Solor Selatan",
  "kelurahan" : "Kalike / Kelike",
  "kodepos" : "86272"
}, {
  "kecamatan" : "Solor Selatan",
  "kelurahan" : "Kalike / Kelike Aimatan",
  "kodepos" : "86272"
}, {
  "kecamatan" : "Solor Barat",
  "kelurahan" : "Kalelu",
  "kodepos" : "86272"
}, {
  "kecamatan" : "Solor Barat",
  "kelurahan" : "Balaweling II",
  "kodepos" : "86272"
}, {
  "kecamatan" : "Solor Barat",
  "kelurahan" : "Dani Wato",
  "kodepos" : "86272"
}, {
  "kecamatan" : "Solor Timur",
  "kelurahan" : "Wulublolong",
  "kodepos" : "86271"
}, {
  "kecamatan" : "Solor Barat",
  "kelurahan" : "Balaweling I",
  "kodepos" : "86272"
}, {
  "kecamatan" : "Solor Timur",
  "kelurahan" : "Watanhura II",
  "kodepos" : "86271"
}, {
  "kecamatan" : "Solor Timur",
  "kelurahan" : "Watobuku",
  "kodepos" : "86271"
}, {
  "kecamatan" : "Solor Timur",
  "kelurahan" : "Watohari",
  "kodepos" : "86271"
}, {
  "kecamatan" : "Solor Timur",
  "kelurahan" : "Tanah Werang",
  "kodepos" : "86271"
}, {
  "kecamatan" : "Solor Timur",
  "kelurahan" : "Watanhura",
  "kodepos" : "86271"
}, {
  "kecamatan" : "Solor Timur",
  "kelurahan" : "Menanga",
  "kodepos" : "86271"
}, {
  "kecamatan" : "Solor Timur",
  "kelurahan" : "Motonwutun",
  "kodepos" : "86271"
}, {
  "kecamatan" : "Solor Timur",
  "kelurahan" : "Liwo",
  "kodepos" : "86271"
}, {
  "kecamatan" : "Solor Timur",
  "kelurahan" : "Lohayong I",
  "kodepos" : "86271"
}, {
  "kecamatan" : "Solor Timur",
  "kelurahan" : "Lohayong II",
  "kodepos" : "86271"
}, {
  "kecamatan" : "Solor Timur",
  "kelurahan" : "Lewohedo",
  "kodepos" : "86271"
}, {
  "kecamatan" : "Solor Selatan",
  "kelurahan" : "Lewograran",
  "kodepos" : "86271"
}, {
  "kecamatan" : "Solor Timur",
  "kelurahan" : "Lamawai",
  "kodepos" : "86271"
}, {
  "kecamatan" : "Solor Timur",
  "kelurahan" : "Lebao",
  "kodepos" : "86271"
}, {
  "kecamatan" : "Solor Timur",
  "kelurahan" : "Lewogeka",
  "kodepos" : "86271"
}, {
  "kecamatan" : "Solor Timur",
  "kelurahan" : "Kwuta (Kawuta)",
  "kodepos" : "86271"
}, {
  "kecamatan" : "Solor Timur",
  "kelurahan" : "Labelen",
  "kodepos" : "86271"
}, {
  "kecamatan" : "Solor Selatan",
  "kelurahan" : "Bubu Atagamu",
  "kodepos" : "86271"
}, {
  "kecamatan" : "Adonara Barat",
  "kelurahan" : "Wolokibang",
  "kodepos" : "86262"
}, {
  "kecamatan" : "Adonara Barat",
  "kelurahan" : "Wureh",
  "kodepos" : "86262"
}, {
  "kecamatan" : "Witihama (Watihama)",
  "kelurahan" : "Watololong",
  "kodepos" : "86262"
}, {
  "kecamatan" : "Adonara Tengah",
  "kelurahan" : "Wewit",
  "kodepos" : "86262"
}, {
  "kecamatan" : "Witihama (Watihama)",
  "kelurahan" : "Waiwuring",
  "kodepos" : "86262"
}, {
  "kecamatan" : "Witihama (Watihama)",
  "kelurahan" : "Weranggere",
  "kodepos" : "86262"
}, {
  "kecamatan" : "Adonara Barat",
  "kelurahan" : "Wai Tukan",
  "kodepos" : "86262"
}, {
  "kecamatan" : "Adonara Barat",
  "kelurahan" : "Wato Baya",
  "kodepos" : "86262"
}, {
  "kecamatan" : "Adonara Barat",
  "kelurahan" : "Waiwadan",
  "kodepos" : "86262"
}, {
  "kecamatan" : "Witihama (Watihama)",
  "kelurahan" : "Watololong",
  "kodepos" : "86262"
}, {
  "kecamatan" : "Adonara Barat",
  "kelurahan" : "Tonuwotan",
  "kodepos" : "86262"
}, {
  "kecamatan" : "Witihama (Watihama)",
  "kelurahan" : "Tuwagoetobi",
  "kodepos" : "86262"
}, {
  "kecamatan" : "Adonara",
  "kelurahan" : "Tikatukang",
  "kodepos" : "86262"
}, {
  "kecamatan" : "Witihama (Watihama)",
  "kelurahan" : "Tobitika",
  "kodepos" : "86262"
}, {
  "kecamatan" : "Kelubagolit (Klubagolit)",
  "kelurahan" : "Sukutokan",
  "kodepos" : "86262"
}, {
  "kecamatan" : "Adonara Tengah",
  "kelurahan" : "Nubalema",
  "kodepos" : "86262"
}, {
  "kecamatan" : "Witihama (Watihama)",
  "kelurahan" : "Sandosi",
  "kodepos" : "86262"
}, {
  "kecamatan" : "Adonara",
  "kelurahan" : "Nisanulan",
  "kodepos" : "86262"
}, {
  "kecamatan" : "Adonara",
  "kelurahan" : "Sagu",
  "kodepos" : "86262"
}, {
  "kecamatan" : "Kelubagolit (Klubagolit)",
  "kelurahan" : "Nisakarang",
  "kodepos" : "86262"
}, {
  "kecamatan" : "Witihama (Watihama)",
  "kelurahan" : "Riangduli",
  "kodepos" : "86262"
}, {
  "kecamatan" : "Adonara Barat",
  "kelurahan" : "Nimun Dani Bao",
  "kodepos" : "86262"
}, {
  "kecamatan" : "Adonara Barat",
  "kelurahan" : "Riangpadu",
  "kodepos" : "86262"
}, {
  "kecamatan" : "Kelubagolit (Klubagolit)",
  "kelurahan" : "Mangaaleng",
  "kodepos" : "86262"
}, {
  "kecamatan" : "Kelubagolit (Klubagolit)",
  "kelurahan" : "Redontena",
  "kodepos" : "86262"
}, {
  "kecamatan" : "Kelubagolit (Klubagolit)",
  "kelurahan" : "Muda",
  "kodepos" : "86262"
}, {
  "kecamatan" : "Witihama (Watihama)",
  "kelurahan" : "Pledo",
  "kodepos" : "86262"
}, {
  "kecamatan" : "Adonara Tengah",
  "kelurahan" : "Lite",
  "kodepos" : "86262"
}, {
  "kecamatan" : "Kelubagolit (Klubagolit)",
  "kelurahan" : "Pepak Kelu",
  "kodepos" : "86262"
}, {
  "kecamatan" : "Witihama (Watihama)",
  "kelurahan" : "Lewopulo",
  "kodepos" : "86262"
}, {
  "kecamatan" : "Witihama (Watihama)",
  "kelurahan" : "Oringbele",
  "kodepos" : "86262"
}, {
  "kecamatan" : "Adonara Tengah",
  "kelurahan" : "Kenotan",
  "kodepos" : "86262"
}, {
  "kecamatan" : "Adonara Tengah",
  "kelurahan" : "Lewopao",
  "kodepos" : "86262"
}, {
  "kecamatan" : "Adonara Barat",
  "kelurahan" : "Pajinian",
  "kodepos" : "86262"
}, {
  "kecamatan" : "Kelubagolit (Klubagolit)",
  "kelurahan" : "Keluwain",
  "kodepos" : "86262"
}, {
  "kecamatan" : "Kelubagolit (Klubagolit)",
  "kelurahan" : "Lamapaha",
  "kodepos" : "86262"
}, {
  "kecamatan" : "Adonara Tengah",
  "kelurahan" : "Nubalema Dua",
  "kodepos" : "86262"
}, {
  "kecamatan" : "Adonara Barat",
  "kelurahan" : "Ilepati",
  "kodepos" : "86262"
}, {
  "kecamatan" : "Witihama (Watihama)",
  "kelurahan" : "Lamaleka",
  "kodepos" : "86262"
}, {
  "kecamatan" : "Adonara Tengah",
  "kelurahan" : "Oe Sayang",
  "kodepos" : "86262"
}, {
  "kecamatan" : "Adonara Barat",
  "kelurahan" : "Hurung",
  "kodepos" : "86262"
}, {
  "kecamatan" : "Adonara Tengah",
  "kelurahan" : "Lewobele",
  "kodepos" : "86262"
}, {
  "kecamatan" : "Kelubagolit (Klubagolit)",
  "kelurahan" : "Horinara",
  "kodepos" : "86262"
}, {
  "kecamatan" : "Kelubagolit (Klubagolit)",
  "kelurahan" : "Lamabunga",
  "kodepos" : "86262"
}, {
  "kecamatan" : "Adonara Barat",
  "kelurahan" : "Homa",
  "kodepos" : "86262"
}, {
  "kecamatan" : "Adonara",
  "kelurahan" : "Lamahoda",
  "kodepos" : "86262"
}, {
  "kecamatan" : "Adonara Tengah",
  "kelurahan" : "Horowura",
  "kodepos" : "86262"
}, {
  "kecamatan" : "Witihama (Watihama)",
  "kelurahan" : "Lamablawa",
  "kodepos" : "86262"
}, {
  "kecamatan" : "Adonara Tengah",
  "kelurahan" : "Hoko Horowura",
  "kodepos" : "86262"
}, {
  "kecamatan" : "Adonara",
  "kelurahan" : "Kolipetung",
  "kodepos" : "86262"
}, {
  "kecamatan" : "Kelubagolit (Klubagolit)",
  "kelurahan" : "Hinga",
  "kodepos" : "86262"
}, {
  "kecamatan" : "Adonara",
  "kelurahan" : "Kolilanang",
  "kodepos" : "86262"
}, {
  "kecamatan" : "Adonara Barat",
  "kelurahan" : "Duanur (Duwanur)",
  "kodepos" : "86262"
}, {
  "kecamatan" : "Adonara",
  "kelurahan" : "Kolimasang",
  "kodepos" : "86262"
}, {
  "kecamatan" : "Adonara Barat",
  "kelurahan" : "Bukit Seburi II",
  "kodepos" : "86262"
}, {
  "kecamatan" : "Adonara Tengah",
  "kelurahan" : "Kokotobo",
  "kodepos" : "86262"
}, {
  "kecamatan" : "Adonara Barat",
  "kelurahan" : "Danibao",
  "kodepos" : "86262"
}, {
  "kecamatan" : "Adonara Barat",
  "kelurahan" : "Kima Kamak",
  "kodepos" : "86262"
}, {
  "kecamatan" : "Adonara Barat",
  "kelurahan" : "Bugalima",
  "kodepos" : "86262"
}, {
  "kecamatan" : "Adonara Barat",
  "kelurahan" : "Bukit Seburi I",
  "kodepos" : "86262"
}, {
  "kecamatan" : "Adonara Tengah",
  "kelurahan" : "Bidara",
  "kodepos" : "86262"
}, {
  "kecamatan" : "Adonara Tengah",
  "kelurahan" : "Baya",
  "kodepos" : "86262"
}, {
  "kecamatan" : "Witihama (Watihama)",
  "kelurahan" : "Balaweling Noten",
  "kodepos" : "86262"
}, {
  "kecamatan" : "Witihama (Watihama)",
  "kelurahan" : "Baobage",
  "kodepos" : "86262"
}, {
  "kecamatan" : "Witihama (Watihama)",
  "kelurahan" : "Balaweling",
  "kodepos" : "86262"
}, {
  "kecamatan" : "Adonara",
  "kelurahan" : "Adonara",
  "kodepos" : "86262"
}, {
  "kecamatan" : "Kelubagolit (Klubagolit)",
  "kelurahan" : "Adobala",
  "kodepos" : "86262"
}, {
  "kecamatan" : "Wotan Ulumado",
  "kelurahan" : "Wotanulumado",
  "kodepos" : "86261"
}, {
  "kecamatan" : "Adonara Timur",
  "kelurahan" : "Waiwerang Kota",
  "kodepos" : "86261"
}, {
  "kecamatan" : "Adonara Timur",
  "kelurahan" : "Watanpao",
  "kodepos" : "86261"
}, {
  "kecamatan" : "Wotan Ulumado",
  "kelurahan" : "Wailebe",
  "kodepos" : "86261"
}, {
  "kecamatan" : "Adonara Timur",
  "kelurahan" : "Waiburak",
  "kodepos" : "86261"
}, {
  "kecamatan" : "Wotan Ulumado",
  "kelurahan" : "Tobilota",
  "kodepos" : "86261"
}, {
  "kecamatan" : "Adonara Timur",
  "kelurahan" : "Tuawolo",
  "kodepos" : "86261"
}, {
  "kecamatan" : "Adonara Timur",
  "kelurahan" : "Tapobali",
  "kodepos" : "86261"
}, {
  "kecamatan" : "Adonara Timur",
  "kelurahan" : "Terong",
  "kodepos" : "86261"
}, {
  "kecamatan" : "Wotan Ulumado",
  "kelurahan" : "Samasoge",
  "kodepos" : "86261"
}, {
  "kecamatan" : "Wotan Ulumado",
  "kelurahan" : "Tanah Tukan",
  "kodepos" : "86261"
}, {
  "kecamatan" : "Wotan Ulumado",
  "kelurahan" : "Pandai",
  "kodepos" : "86261"
}, {
  "kecamatan" : "Adonara Timur",
  "kelurahan" : "Puhu",
  "kodepos" : "86261"
}, {
  "kecamatan" : "Wotan Ulumado",
  "kelurahan" : "Nayubaya",
  "kodepos" : "86261"
}, {
  "kecamatan" : "Wotan Ulumado",
  "kelurahan" : "Oyangbarang",
  "kodepos" : "86261"
}, {
  "kecamatan" : "Adonara Timur",
  "kelurahan" : "Narasaosina",
  "kodepos" : "86261"
}, {
  "kecamatan" : "Adonara Timur",
  "kelurahan" : "Lewobunga",
  "kodepos" : "86261"
}, {
  "kecamatan" : "Adonara Timur",
  "kelurahan" : "Libubaru",
  "kodepos" : "86261"
}, {
  "kecamatan" : "Adonara Timur",
  "kelurahan" : "Lamalata",
  "kodepos" : "86261"
}, {
  "kecamatan" : "Adonara Timur",
  "kelurahan" : "Lamatewelu",
  "kodepos" : "86261"
}, {
  "kecamatan" : "Adonara Timur",
  "kelurahan" : "Kwaelaga Lamawato",
  "kodepos" : "86261"
}, {
  "kecamatan" : "Adonara Timur",
  "kelurahan" : "Lamahala Jaya",
  "kodepos" : "86261"
}, {
  "kecamatan" : "Wotan Ulumado",
  "kelurahan" : "Klukengnuking",
  "kodepos" : "86261"
}, {
  "kecamatan" : "Adonara Timur",
  "kelurahan" : "Kiwang Ona",
  "kodepos" : "86261"
}, {
  "kecamatan" : "Wotan Ulumado",
  "kelurahan" : "Kawela",
  "kodepos" : "86261"
}, {
  "kecamatan" : "Adonara Timur",
  "kelurahan" : "Gelong",
  "kodepos" : "86261"
}, {
  "kecamatan" : "Adonara Timur",
  "kelurahan" : "Ipiebang",
  "kodepos" : "86261"
}, {
  "kecamatan" : "Adonara Timur",
  "kelurahan" : "Karinglamalouk",
  "kodepos" : "86261"
}, {
  "kecamatan" : "Adonara Timur",
  "kelurahan" : "Bilal",
  "kodepos" : "86261"
}, {
  "kecamatan" : "Adonara Timur",
  "kelurahan" : "Dawataa",
  "kodepos" : "86261"
}, {
  "kecamatan" : "Adonara Timur",
  "kelurahan" : "Belota",
  "kodepos" : "86261"
}, {
  "kecamatan" : "Wotan Ulumado",
  "kelurahan" : "Beliko (Bliko)",
  "kodepos" : "86261"
}, {
  "kecamatan" : "Titehena",
  "kelurahan" : "Tuakepa",
  "kodepos" : "86253"
}, {
  "kecamatan" : "Titehena",
  "kelurahan" : "Watowara",
  "kodepos" : "86253"
}, {
  "kecamatan" : "Wulanggitang",
  "kelurahan" : "Waiula",
  "kodepos" : "86253"
}, {
  "kecamatan" : "Titehena",
  "kelurahan" : "Tenawahang",
  "kodepos" : "86253"
}, {
  "kecamatan" : "Titehena",
  "kelurahan" : "Serinuho",
  "kodepos" : "86253"
}, {
  "kecamatan" : "Ile Boleng",
  "kelurahan" : "Riawale/Rianwale",
  "kodepos" : "86253"
}, {
  "kecamatan" : "Ile Bura",
  "kelurahan" : "Riangbura",
  "kodepos" : "86253"
}, {
  "kecamatan" : "Ile Bura",
  "kelurahan" : "Riang Rita",
  "kodepos" : "86253"
}, {
  "kecamatan" : "Wulanggitang",
  "kelurahan" : "Pululera",
  "kodepos" : "86253"
}, {
  "kecamatan" : "Ile Bura",
  "kelurahan" : "Nurri",
  "kodepos" : "86253"
}, {
  "kecamatan" : "Wulanggitang",
  "kelurahan" : "Ojandetun",
  "kodepos" : "86253"
}, {
  "kecamatan" : "Wulanggitang",
  "kelurahan" : "Pantai Oa",
  "kodepos" : "86253"
}, {
  "kecamatan" : "Ile Bura",
  "kelurahan" : "Nobokonga",
  "kodepos" : "86253"
}, {
  "kecamatan" : "Wulanggitang",
  "kelurahan" : "Nileknoheng",
  "kodepos" : "86253"
}, {
  "kecamatan" : "Wulanggitang",
  "kelurahan" : "Nobo",
  "kodepos" : "86253"
}, {
  "kecamatan" : "Ile Boleng",
  "kelurahan" : "Nobo",
  "kodepos" : "86253"
}, {
  "kecamatan" : "Ile Boleng",
  "kelurahan" : "Nelelamawangi Dua",
  "kodepos" : "86253"
}, {
  "kecamatan" : "Ile Boleng",
  "kelurahan" : "Nelerereng",
  "kodepos" : "86253"
}, {
  "kecamatan" : "Ile Boleng",
  "kelurahan" : "Neleblolong",
  "kodepos" : "86253"
}, {
  "kecamatan" : "Ile Boleng",
  "kelurahan" : "Nelelamadiken",
  "kodepos" : "86253"
}, {
  "kecamatan" : "Ile Boleng",
  "kelurahan" : "Nele Lamawangi",
  "kodepos" : "86253"
}, {
  "kecamatan" : "Ile Boleng",
  "kelurahan" : "Lewopao",
  "kodepos" : "86253"
}, {
  "kecamatan" : "Wulanggitang",
  "kelurahan" : "Nawokote",
  "kodepos" : "86253"
}, {
  "kecamatan" : "Titehena",
  "kelurahan" : "Lewoingu",
  "kodepos" : "86253"
}, {
  "kecamatan" : "Titehena",
  "kelurahan" : "Lewolaga",
  "kodepos" : "86253"
}, {
  "kecamatan" : "Ile Bura",
  "kelurahan" : "Lewoawang",
  "kodepos" : "86253"
}, {
  "kecamatan" : "Ile Boleng",
  "kelurahan" : "Lewat",
  "kodepos" : "86253"
}, {
  "kecamatan" : "Ile Boleng",
  "kelurahan" : "Lewo Keleng",
  "kodepos" : "86253"
}, {
  "kecamatan" : "Wulanggitang",
  "kelurahan" : "Lewat",
  "kodepos" : "86253"
}, {
  "kecamatan" : "Titehena",
  "kelurahan" : "Leraboleng",
  "kodepos" : "86253"
}, {
  "kecamatan" : "Ile Boleng",
  "kelurahan" : "Lebanuba",
  "kodepos" : "86253"
}, {
  "kecamatan" : "Ile Boleng",
  "kelurahan" : "Lamabayung",
  "kodepos" : "86253"
}, {
  "kecamatan" : "Ile Boleng",
  "kelurahan" : "Lamawolo",
  "kodepos" : "86253"
}, {
  "kecamatan" : "Titehena",
  "kelurahan" : "Kobasoma",
  "kodepos" : "86253"
}, {
  "kecamatan" : "Titehena",
  "kelurahan" : "Konga",
  "kodepos" : "86253"
}, {
  "kecamatan" : "Wulanggitang",
  "kelurahan" : "Klatanlo",
  "kodepos" : "86253"
}, {
  "kecamatan" : "Titehena",
  "kelurahan" : "Ile Gerong",
  "kodepos" : "86253"
}, {
  "kecamatan" : "Wulanggitang",
  "kelurahan" : "Hokeng Jaya",
  "kodepos" : "86253"
}, {
  "kecamatan" : "Ile Boleng",
  "kelurahan" : "Helanlangowuyo",
  "kodepos" : "86253"
}, {
  "kecamatan" : "Wulanggitang",
  "kelurahan" : "Hewa",
  "kodepos" : "86253"
}, {
  "kecamatan" : "Titehena",
  "kelurahan" : "Dun Tana Lewoingu",
  "kodepos" : "86253"
}, {
  "kecamatan" : "Ile Boleng",
  "kelurahan" : "Harubala",
  "kodepos" : "86253"
}, {
  "kecamatan" : "Titehena",
  "kelurahan" : "Duli Jaya",
  "kodepos" : "86253"
}, {
  "kecamatan" : "Ile Bura",
  "kelurahan" : "Dulipali",
  "kodepos" : "86253"
}, {
  "kecamatan" : "Ile Boleng",
  "kelurahan" : "Duablolong",
  "kodepos" : "86253"
}, {
  "kecamatan" : "Wulanggitang",
  "kelurahan" : "Dokeng",
  "kodepos" : "86253"
}, {
  "kecamatan" : "Ile Boleng",
  "kelurahan" : "Dokeng",
  "kodepos" : "86253"
}, {
  "kecamatan" : "Ile Boleng",
  "kelurahan" : "Bungalawan",
  "kodepos" : "86253"
}, {
  "kecamatan" : "Wulanggitang",
  "kelurahan" : "Boru Kedang",
  "kodepos" : "86253"
}, {
  "kecamatan" : "Ile Boleng",
  "kelurahan" : "Boleng",
  "kodepos" : "86253"
}, {
  "kecamatan" : "Titehena",
  "kelurahan" : "Bokang Wolomatang",
  "kodepos" : "86253"
}, {
  "kecamatan" : "Wulanggitang",
  "kelurahan" : "Boru",
  "kodepos" : "86253"
}, {
  "kecamatan" : "Ile Boleng",
  "kelurahan" : "Bedalewun",
  "kodepos" : "86253"
}, {
  "kecamatan" : "Ile Bura",
  "kelurahan" : "Birawan",
  "kodepos" : "86253"
}, {
  "kecamatan" : "Ile Boleng",
  "kelurahan" : "Bayuntaa",
  "kodepos" : "86253"
}, {
  "kecamatan" : "Wulanggitang",
  "kelurahan" : "Bayuntaa",
  "kodepos" : "86253"
}, {
  "kecamatan" : "Titehena",
  "kelurahan" : "Adabang",
  "kodepos" : "86253"
}, {
  "kecamatan" : "Lewolema",
  "kelurahan" : "Sinar Hading",
  "kodepos" : "86252"
}, {
  "kecamatan" : "Tanjung Bunga",
  "kelurahan" : "Waibao",
  "kodepos" : "86252"
}, {
  "kecamatan" : "Tanjung Bunga",
  "kelurahan" : "Sina Hadigala",
  "kodepos" : "86252"
}, {
  "kecamatan" : "Tanjung Bunga",
  "kelurahan" : "Sinamalaka",
  "kodepos" : "86252"
}, {
  "kecamatan" : "Lewolema",
  "kelurahan" : "Riangkotek",
  "kodepos" : "86252"
}, {
  "kecamatan" : "Tanjung Bunga",
  "kelurahan" : "Ratu Lodong",
  "kodepos" : "86252"
}, {
  "kecamatan" : "Lewolema",
  "kelurahan" : "Painapang",
  "kodepos" : "86252"
}, {
  "kecamatan" : "Tanjung Bunga",
  "kelurahan" : "Patisirawalang",
  "kodepos" : "86252"
}, {
  "kecamatan" : "Tanjung Bunga",
  "kelurahan" : "Lewobunga",
  "kodepos" : "86252"
}, {
  "kecamatan" : "Tanjung Bunga",
  "kelurahan" : "Nusanipa",
  "kodepos" : "86252"
}, {
  "kecamatan" : "Lewolema",
  "kelurahan" : "Lewobelen",
  "kodepos" : "86252"
}, {
  "kecamatan" : "Tanjung Bunga",
  "kelurahan" : "Latonliwo Dua",
  "kodepos" : "86252"
}, {
  "kecamatan" : "Tanjung Bunga",
  "kelurahan" : "Lamatutu",
  "kodepos" : "86252"
}, {
  "kecamatan" : "Tanjung Bunga",
  "kelurahan" : "Laton Liwo",
  "kodepos" : "86252"
}, {
  "kecamatan" : "Tanjung Bunga",
  "kelurahan" : "Kolaka",
  "kodepos" : "86252"
}, {
  "kecamatan" : "Tanjung Bunga",
  "kelurahan" : "Lamanabi",
  "kodepos" : "86252"
}, {
  "kecamatan" : "Lewolema",
  "kelurahan" : "Bantala",
  "kodepos" : "86252"
}, {
  "kecamatan" : "Lewolema",
  "kelurahan" : "Ile Padung",
  "kodepos" : "86252"
}, {
  "kecamatan" : "Tanjung Bunga",
  "kelurahan" : "Gekengderan",
  "kodepos" : "86252"
}, {
  "kecamatan" : "Lewolema",
  "kelurahan" : "Balukhering",
  "kodepos" : "86252"
}, {
  "kecamatan" : "Tanjung Bunga",
  "kelurahan" : "Bandona",
  "kodepos" : "86252"
}, {
  "kecamatan" : "Tanjung Bunga",
  "kelurahan" : "Aransina",
  "kodepos" : "86252"
}, {
  "kecamatan" : "Tanjung Bunga",
  "kelurahan" : "Bahinga",
  "kodepos" : "86252"
}, {
  "kecamatan" : "Larantuka",
  "kelurahan" : "Weri",
  "kodepos" : "86219"
}, {
  "kecamatan" : "Demon Pagong",
  "kelurahan" : "Watotika Ile",
  "kodepos" : "86219"
}, {
  "kecamatan" : "Larantuka",
  "kelurahan" : "Sarotari Timur",
  "kodepos" : "86219"
}, {
  "kecamatan" : "Larantuka",
  "kelurahan" : "Waihali",
  "kodepos" : "86219"
}, {
  "kecamatan" : "Larantuka",
  "kelurahan" : "Sarotari",
  "kodepos" : "86219"
}, {
  "kecamatan" : "Larantuka",
  "kelurahan" : "Sarotari Tengah",
  "kodepos" : "86219"
}, {
  "kecamatan" : "Larantuka",
  "kelurahan" : "Puken Tobi Wangi Bao",
  "kodepos" : "86219"
}, {
  "kecamatan" : "Larantuka",
  "kelurahan" : "Mokantarak",
  "kodepos" : "86219"
}, {
  "kecamatan" : "Larantuka",
  "kelurahan" : "Pohon Bao",
  "kodepos" : "86219"
}, {
  "kecamatan" : "Demon Pagong",
  "kelurahan" : "Lewokluok",
  "kodepos" : "86219"
}, {
  "kecamatan" : "Demon Pagong",
  "kelurahan" : "Lewomuda",
  "kodepos" : "86219"
}, {
  "kecamatan" : "Demon Pagong",
  "kelurahan" : "Lamika",
  "kodepos" : "86219"
}, {
  "kecamatan" : "Larantuka",
  "kelurahan" : "Lamawalang",
  "kodepos" : "86219"
}, {
  "kecamatan" : "Demon Pagong",
  "kelurahan" : "Kawalelo",
  "kodepos" : "86219"
}, {
  "kecamatan" : "Demon Pagong",
  "kelurahan" : "Bama",
  "kodepos" : "86219"
}, {
  "kecamatan" : "Demon Pagong",
  "kelurahan" : "Blepanawa",
  "kodepos" : "86219"
}, {
  "kecamatan" : "Larantuka",
  "kelurahan" : "Amagarapati",
  "kodepos" : "86219"
}, {
  "kecamatan" : "Larantuka",
  "kelurahan" : "Ekasapta",
  "kodepos" : "86217"
}, {
  "kecamatan" : "Larantuka",
  "kelurahan" : "Lokea",
  "kodepos" : "86215"
}, {
  "kecamatan" : "Larantuka",
  "kelurahan" : "Postoh",
  "kodepos" : "86216"
}, {
  "kecamatan" : "Larantuka",
  "kelurahan" : "Lohayong",
  "kodepos" : "86215"
}, {
  "kecamatan" : "Larantuka",
  "kelurahan" : "Pohon Sirih",
  "kodepos" : "86214"
}, {
  "kecamatan" : "Larantuka",
  "kelurahan" : "Balela",
  "kodepos" : "86214"
}, {
  "kecamatan" : "Larantuka",
  "kelurahan" : "Waibalun",
  "kodepos" : "86212"
}, {
  "kecamatan" : "Larantuka",
  "kelurahan" : "Larantuka",
  "kodepos" : "86213"
}, {
  "kecamatan" : "Larantuka",
  "kelurahan" : "Lewolere",
  "kodepos" : "86212"
}, {
  "kecamatan" : "Larantuka",
  "kelurahan" : "Pantai Besar",
  "kodepos" : "86213"
}, {
  "kecamatan" : "Ile Mandiri",
  "kelurahan" : "Watotutu",
  "kodepos" : "86211"
}, {
  "kecamatan" : "Ile Mandiri",
  "kelurahan" : "Tiwatobi",
  "kodepos" : "86211"
}, {
  "kecamatan" : "Ile Mandiri",
  "kelurahan" : "Wailolong",
  "kodepos" : "86211"
}, {
  "kecamatan" : "Ile Mandiri",
  "kelurahan" : "Mudakeputu",
  "kodepos" : "86211"
}, {
  "kecamatan" : "Ile Mandiri",
  "kelurahan" : "Riang Kemie",
  "kodepos" : "86211"
}, {
  "kecamatan" : "Ile Mandiri",
  "kelurahan" : "Halakodanuan",
  "kodepos" : "86211"
}, {
  "kecamatan" : "Ile Mandiri",
  "kelurahan" : "Lewohala",
  "kodepos" : "86211"
}, {
  "kecamatan" : "Ile Mandiri",
  "kelurahan" : "Lewoloba",
  "kodepos" : "86211"
} ]
