[ {
  "kecamatan" : "Ndao Nuse",
  "kelurahan" : "Nuse",
  "kodepos" : "85983"
}, {
  "kecamatan" : "Ndao Nuse",
  "kelurahan" : "Mbiu Lombo",
  "kodepos" : "85983"
}, {
  "kecamatan" : "Ndao Nuse",
  "kelurahan" : "Ndaonuse",
  "kodepos" : "85983"
}, {
  "kecamatan" : "Ndao Nuse",
  "kelurahan" : "Anarae",
  "kodepos" : "85983"
}, {
  "kecamatan" : "Ndao Nuse",
  "kelurahan" : "Mbali Lendeiki",
  "kodepos" : "85983"
}, {
  "kecamatan" : "Rote Barat Daya",
  "kelurahan" : "Oeteffu",
  "kodepos" : "85982"
}, {
  "kecamatan" : "Rote Barat",
  "kelurahan" : "Sedeoen",
  "kodepos" : "85982"
}, {
  "kecamatan" : "Rote Barat Daya",
  "kelurahan" : "Oeseli",
  "kodepos" : "85982"
}, {
  "kecamatan" : "Rote Barat Daya",
  "kelurahan" : "Oelasin",
  "kodepos" : "85982"
}, {
  "kecamatan" : "Rote Barat",
  "kelurahan" : "Oenggaut",
  "kodepos" : "85982"
}, {
  "kecamatan" : "Rote Barat Daya",
  "kelurahan" : "Oebatu",
  "kodepos" : "85982"
}, {
  "kecamatan" : "Rote Barat Daya",
  "kelurahan" : "Oebou",
  "kodepos" : "85982"
}, {
  "kecamatan" : "Rote Barat Daya",
  "kelurahan" : "Oehandi",
  "kodepos" : "85982"
}, {
  "kecamatan" : "Rote Barat Daya",
  "kelurahan" : "Oebaffok",
  "kodepos" : "85982"
}, {
  "kecamatan" : "Rote Barat",
  "kelurahan" : "Nemberala",
  "kodepos" : "85982"
}, {
  "kecamatan" : "Rote Barat Daya",
  "kelurahan" : "Mbokak",
  "kodepos" : "85982"
}, {
  "kecamatan" : "Rote Barat Daya",
  "kelurahan" : "Meoain",
  "kodepos" : "85982"
}, {
  "kecamatan" : "Rote Barat Daya",
  "kelurahan" : "Lekik",
  "kodepos" : "85982"
}, {
  "kecamatan" : "Rote Barat Daya",
  "kelurahan" : "Lalukoen",
  "kodepos" : "85982"
}, {
  "kecamatan" : "Rote Barat Daya",
  "kelurahan" : "Landu",
  "kodepos" : "85982"
}, {
  "kecamatan" : "Rote Barat Daya",
  "kelurahan" : "Dolasi",
  "kodepos" : "85982"
}, {
  "kecamatan" : "Rote Barat",
  "kelurahan" : "Bo&#8217;a (Boa)",
  "kodepos" : "85982"
}, {
  "kecamatan" : "Rote Barat Daya",
  "kelurahan" : "Batutua",
  "kodepos" : "85982"
}, {
  "kecamatan" : "Rote Barat Laut",
  "kelurahan" : "Tualima",
  "kodepos" : "85981"
}, {
  "kecamatan" : "Rote Barat Laut",
  "kelurahan" : "Temas",
  "kodepos" : "85981"
}, {
  "kecamatan" : "Rote Barat Laut",
  "kelurahan" : "Tolama",
  "kodepos" : "85981"
}, {
  "kecamatan" : "Rote Barat",
  "kelurahan" : "Oenitas",
  "kodepos" : "85981"
}, {
  "kecamatan" : "Rote Barat Laut",
  "kelurahan" : "Oetutulu",
  "kodepos" : "85981"
}, {
  "kecamatan" : "Rote Barat Laut",
  "kelurahan" : "Oelua",
  "kodepos" : "85981"
}, {
  "kecamatan" : "Rote Barat",
  "kelurahan" : "Oelolot",
  "kodepos" : "85981"
}, {
  "kecamatan" : "Rote Barat Laut",
  "kelurahan" : "Netenaen",
  "kodepos" : "85981"
}, {
  "kecamatan" : "Rote Barat Laut",
  "kelurahan" : "Oebela",
  "kodepos" : "85981"
}, {
  "kecamatan" : "Rote Barat Laut",
  "kelurahan" : "Modosinal",
  "kodepos" : "85981"
}, {
  "kecamatan" : "Rote Barat",
  "kelurahan" : "Mbueain",
  "kodepos" : "85981"
}, {
  "kecamatan" : "Rote Barat Laut",
  "kelurahan" : "Ingguinak",
  "kodepos" : "85981"
}, {
  "kecamatan" : "Rote Barat Laut",
  "kelurahan" : "Lidor",
  "kodepos" : "85981"
}, {
  "kecamatan" : "Rote Barat Laut",
  "kelurahan" : "Busalangga",
  "kodepos" : "85981"
}, {
  "kecamatan" : "Rote Barat Laut",
  "kelurahan" : "Daudolu",
  "kodepos" : "85981"
}, {
  "kecamatan" : "Rote Barat Laut",
  "kelurahan" : "Boni",
  "kodepos" : "85981"
}, {
  "kecamatan" : "Rote Timur",
  "kelurahan" : "Serubeba",
  "kodepos" : "85974"
}, {
  "kecamatan" : "Landu Leko",
  "kelurahan" : "Pukuafu",
  "kodepos" : "85974"
}, {
  "kecamatan" : "Landu Leko",
  "kelurahan" : "Sotimori",
  "kodepos" : "85974"
}, {
  "kecamatan" : "Rote Timur",
  "kelurahan" : "Matasio",
  "kodepos" : "85974"
}, {
  "kecamatan" : "Rote Timur",
  "kelurahan" : "Mukekuku",
  "kodepos" : "85974"
}, {
  "kecamatan" : "Landu Leko",
  "kelurahan" : "Lifuleo",
  "kodepos" : "85974"
}, {
  "kecamatan" : "Rote Timur",
  "kelurahan" : "Londalusi",
  "kodepos" : "85974"
}, {
  "kecamatan" : "Rote Timur",
  "kelurahan" : "Hundi Hopo",
  "kodepos" : "85974"
}, {
  "kecamatan" : "Rote Timur",
  "kelurahan" : "Lakamola",
  "kodepos" : "85974"
}, {
  "kecamatan" : "Rote Timur",
  "kelurahan" : "Faifua",
  "kodepos" : "85974"
}, {
  "kecamatan" : "Landu Leko",
  "kelurahan" : "Daeurendale",
  "kodepos" : "85974"
}, {
  "kecamatan" : "Landu Leko",
  "kelurahan" : "Daiama",
  "kodepos" : "85974"
}, {
  "kecamatan" : "Pantai Baru",
  "kelurahan" : "Tunganamo",
  "kodepos" : "85973"
}, {
  "kecamatan" : "Landu Leko",
  "kelurahan" : "Bolatena",
  "kodepos" : "85974"
}, {
  "kecamatan" : "Pantai Baru",
  "kelurahan" : "Sonimanu",
  "kodepos" : "85973"
}, {
  "kecamatan" : "Pantai Baru",
  "kelurahan" : "Tesabela",
  "kodepos" : "85973"
}, {
  "kecamatan" : "Pantai Baru",
  "kelurahan" : "Oeledo",
  "kodepos" : "85973"
}, {
  "kecamatan" : "Pantai Baru",
  "kelurahan" : "Olafulihaa",
  "kodepos" : "85973"
}, {
  "kecamatan" : "Pantai Baru",
  "kelurahan" : "Lenupetu",
  "kodepos" : "85973"
}, {
  "kecamatan" : "Pantai Baru",
  "kelurahan" : "Nusakdale",
  "kodepos" : "85973"
}, {
  "kecamatan" : "Pantai Baru",
  "kelurahan" : "Oebau",
  "kodepos" : "85973"
}, {
  "kecamatan" : "Pantai Baru",
  "kelurahan" : "Edalode",
  "kodepos" : "85973"
}, {
  "kecamatan" : "Pantai Baru",
  "kelurahan" : "Keoen",
  "kodepos" : "85973"
}, {
  "kecamatan" : "Pantai Baru",
  "kelurahan" : "Batulilok",
  "kodepos" : "85973"
}, {
  "kecamatan" : "Rote Selatan",
  "kelurahan" : "Tebole",
  "kodepos" : "85972"
}, {
  "kecamatan" : "Rote Tengah",
  "kelurahan" : "Onotali",
  "kodepos" : "85972"
}, {
  "kecamatan" : "Rote Tengah",
  "kelurahan" : "Suebela",
  "kodepos" : "85972"
}, {
  "kecamatan" : "Rote Tengah",
  "kelurahan" : "Maubesi",
  "kodepos" : "85972"
}, {
  "kecamatan" : "Rote Tengah",
  "kelurahan" : "Nggodimeda",
  "kodepos" : "85972"
}, {
  "kecamatan" : "Rote Tengah",
  "kelurahan" : "Lidamanu",
  "kodepos" : "85972"
}, {
  "kecamatan" : "Rote Tengah",
  "kelurahan" : "Limakoli",
  "kodepos" : "85972"
}, {
  "kecamatan" : "Rote Tengah",
  "kelurahan" : "Lidabesi",
  "kodepos" : "85972"
}, {
  "kecamatan" : "Rote Selatan",
  "kelurahan" : "Inaoe",
  "kodepos" : "85972"
}, {
  "kecamatan" : "Rote Selatan",
  "kelurahan" : "Lenguselu",
  "kodepos" : "85972"
}, {
  "kecamatan" : "Rote Selatan",
  "kelurahan" : "Daleholu",
  "kodepos" : "85972"
}, {
  "kecamatan" : "Rote Selatan",
  "kelurahan" : "Dodaek",
  "kodepos" : "85972"
}, {
  "kecamatan" : "Lobalain",
  "kelurahan" : "Suelain",
  "kodepos" : "85918"
}, {
  "kecamatan" : "Lobalain",
  "kelurahan" : "Namodale",
  "kodepos" : "85918"
}, {
  "kecamatan" : "Lobalain",
  "kelurahan" : "Oematamboli",
  "kodepos" : "85918"
}, {
  "kecamatan" : "Lobalain",
  "kelurahan" : "Kolobolon",
  "kodepos" : "85918"
}, {
  "kecamatan" : "Lobalain",
  "kelurahan" : "Kuli",
  "kodepos" : "85918"
}, {
  "kecamatan" : "Lobalain",
  "kelurahan" : "Metina",
  "kodepos" : "85918"
}, {
  "kecamatan" : "Lobalain",
  "kelurahan" : "Helebeik",
  "kodepos" : "85918"
}, {
  "kecamatan" : "Lobalain",
  "kelurahan" : "Holoama",
  "kodepos" : "85918"
}, {
  "kecamatan" : "Lobalain",
  "kelurahan" : "Oelunggu",
  "kodepos" : "85917"
}, {
  "kecamatan" : "Lobalain",
  "kelurahan" : "Bebalain",
  "kodepos" : "85918"
}, {
  "kecamatan" : "Lobalain",
  "kelurahan" : "Mokdale",
  "kodepos" : "85914"
}, {
  "kecamatan" : "Lobalain",
  "kelurahan" : "Sanggaoen",
  "kodepos" : "85916"
}, {
  "kecamatan" : "Lobalain",
  "kelurahan" : "Tuanatuk",
  "kodepos" : "85913"
}, {
  "kecamatan" : "Lobalain",
  "kelurahan" : "Baadale",
  "kodepos" : "85912"
} ]
