[ {
  "kecamatan" : "Raihat",
  "kelurahan" : "Toheleten",
  "kodepos" : "85773"
}, {
  "kecamatan" : "Raihat",
  "kelurahan" : "Raifatus",
  "kodepos" : "85773"
}, {
  "kecamatan" : "Raihat",
  "kelurahan" : "Tohe",
  "kodepos" : "85773"
}, {
  "kecamatan" : "Raihat",
  "kelurahan" : "Asumanu",
  "kodepos" : "85773"
}, {
  "kecamatan" : "Raihat",
  "kelurahan" : "Maumutin",
  "kodepos" : "85773"
}, {
  "kecamatan" : "Lamaknen Selatan",
  "kelurahan" : "Sisi Fatuberal",
  "kodepos" : "85772"
}, {
  "kecamatan" : "Raihat",
  "kelurahan" : "Aitoun",
  "kodepos" : "85773"
}, {
  "kecamatan" : "Lamaknen",
  "kelurahan" : "Makir",
  "kodepos" : "85772"
}, {
  "kecamatan" : "Lamaknen",
  "kelurahan" : "Maudemu",
  "kodepos" : "85772"
}, {
  "kecamatan" : "Lamaknen Selatan",
  "kelurahan" : "Nualain",
  "kodepos" : "85772"
}, {
  "kecamatan" : "Lamaknen",
  "kelurahan" : "Mahuitas",
  "kodepos" : "85772"
}, {
  "kecamatan" : "Lamaknen Selatan",
  "kelurahan" : "Loonuna",
  "kodepos" : "85772"
}, {
  "kecamatan" : "Lamaknen Selatan",
  "kelurahan" : "Lutarato",
  "kodepos" : "85772"
}, {
  "kecamatan" : "Lamaknen",
  "kelurahan" : "Lamaksenulu",
  "kodepos" : "85772"
}, {
  "kecamatan" : "Lamaknen",
  "kelurahan" : "Leowalu",
  "kodepos" : "85772"
}, {
  "kecamatan" : "Lamaknen",
  "kelurahan" : "Kewar",
  "kodepos" : "85772"
}, {
  "kecamatan" : "Lamaknen Selatan",
  "kelurahan" : "Henes",
  "kodepos" : "85772"
}, {
  "kecamatan" : "Lamaknen Selatan",
  "kelurahan" : "Lakmaras",
  "kodepos" : "85772"
}, {
  "kecamatan" : "Lamaknen Selatan",
  "kelurahan" : "Ekin",
  "kodepos" : "85772"
}, {
  "kecamatan" : "Lamaknen",
  "kelurahan" : "Fulur",
  "kodepos" : "85772"
}, {
  "kecamatan" : "Lamaknen",
  "kelurahan" : "Dirun",
  "kodepos" : "85772"
}, {
  "kecamatan" : "Lamaknen",
  "kelurahan" : "Duarato",
  "kodepos" : "85772"
}, {
  "kecamatan" : "Lamaknen Selatan",
  "kelurahan" : "Debululik",
  "kodepos" : "85772"
}, {
  "kecamatan" : "Tasifeto Timur",
  "kelurahan" : "Tulakadi",
  "kodepos" : "85771"
}, {
  "kecamatan" : "Tasifeto Timur",
  "kelurahan" : "Umaklaran",
  "kodepos" : "85771"
}, {
  "kecamatan" : "Tasifeto Timur",
  "kelurahan" : "Takirin",
  "kodepos" : "85771"
}, {
  "kecamatan" : "Tasifeto Timur",
  "kelurahan" : "Tialai",
  "kodepos" : "85771"
}, {
  "kecamatan" : "Tasifeto Timur",
  "kelurahan" : "Sabarau/Saraban",
  "kodepos" : "85771"
}, {
  "kecamatan" : "Tasifeto Timur",
  "kelurahan" : "Silawan",
  "kodepos" : "85771"
}, {
  "kecamatan" : "Lasiolat",
  "kelurahan" : "Raiulun",
  "kodepos" : "85771"
}, {
  "kecamatan" : "Tasifeto Timur",
  "kelurahan" : "Manleten",
  "kodepos" : "85771"
}, {
  "kecamatan" : "Lasiolat",
  "kelurahan" : "Maneikun",
  "kodepos" : "85771"
}, {
  "kecamatan" : "Lasiolat",
  "kelurahan" : "Lasiolat",
  "kodepos" : "85771"
}, {
  "kecamatan" : "Tasifeto Timur",
  "kelurahan" : "Halimodok",
  "kodepos" : "85771"
}, {
  "kecamatan" : "Lasiolat",
  "kelurahan" : "Lakanmau",
  "kodepos" : "85771"
}, {
  "kecamatan" : "Tasifeto Timur",
  "kelurahan" : "Fatuba&#8217;a",
  "kodepos" : "85771"
}, {
  "kecamatan" : "Lasiolat",
  "kelurahan" : "Dualasi",
  "kodepos" : "85771"
}, {
  "kecamatan" : "Lasiolat",
  "kelurahan" : "Fatulotu",
  "kodepos" : "85771"
}, {
  "kecamatan" : "Tasifeto Timur",
  "kelurahan" : "Bauho",
  "kodepos" : "85771"
}, {
  "kecamatan" : "Tasifeto Timur",
  "kelurahan" : "Dafala",
  "kodepos" : "85771"
}, {
  "kecamatan" : "Lasiolat",
  "kelurahan" : "Baudaok",
  "kodepos" : "85771"
}, {
  "kecamatan" : "Kobalima",
  "kelurahan" : "Sisi",
  "kodepos" : "85766"
}, {
  "kecamatan" : "Kobalima",
  "kelurahan" : "Rainawe",
  "kodepos" : "85766"
}, {
  "kecamatan" : "Kobalima",
  "kelurahan" : "Lakekun Barat",
  "kodepos" : "85766"
}, {
  "kecamatan" : "Kobalima",
  "kelurahan" : "Lakekun Utara",
  "kodepos" : "85766"
}, {
  "kecamatan" : "Kobalima",
  "kelurahan" : "Litamali",
  "kodepos" : "85766"
}, {
  "kecamatan" : "Kobalima Timur",
  "kelurahan" : "Kotabiru",
  "kodepos" : "85766"
}, {
  "kecamatan" : "Kobalima",
  "kelurahan" : "Lakekun",
  "kodepos" : "85766"
}, {
  "kecamatan" : "Kobalima",
  "kelurahan" : "Babulu",
  "kodepos" : "85766"
}, {
  "kecamatan" : "Kobalima",
  "kelurahan" : "Babulu Selatan",
  "kodepos" : "85766"
}, {
  "kecamatan" : "Kobalima Timur",
  "kelurahan" : "Alas Utara",
  "kodepos" : "85766"
}, {
  "kecamatan" : "Kobalima Timur",
  "kelurahan" : "Alas Selatan",
  "kodepos" : "85766"
}, {
  "kecamatan" : "Kobalima Timur",
  "kelurahan" : "Alas",
  "kodepos" : "85766"
}, {
  "kecamatan" : "Sasitamean",
  "kelurahan" : "Umutnana",
  "kodepos" : "85765"
}, {
  "kecamatan" : "Io Kufeu",
  "kelurahan" : "Tunmat",
  "kodepos" : "85765"
}, {
  "kecamatan" : "Botin Leo Bele",
  "kelurahan" : "Takarai",
  "kodepos" : "85765"
}, {
  "kecamatan" : "Io Kufeu",
  "kelurahan" : "Tunabesi",
  "kodepos" : "85765"
}, {
  "kecamatan" : "Sasitamean",
  "kelurahan" : "Naibone",
  "kodepos" : "85765"
}, {
  "kecamatan" : "Sasitamean",
  "kelurahan" : "Naisau",
  "kodepos" : "85765"
}, {
  "kecamatan" : "Sasitamean",
  "kelurahan" : "Manumutin Silole",
  "kodepos" : "85765"
}, {
  "kecamatan" : "Sasitamean",
  "kelurahan" : "Manulea",
  "kodepos" : "85765"
}, {
  "kecamatan" : "Botin Leo Bele",
  "kelurahan" : "Kereana",
  "kodepos" : "85765"
}, {
  "kecamatan" : "Io Kufeu",
  "kelurahan" : "Kufeu",
  "kodepos" : "85765"
}, {
  "kecamatan" : "Io Kufeu",
  "kelurahan" : "Ikan Tuanbeis",
  "kodepos" : "85765"
}, {
  "kecamatan" : "Sasitamean",
  "kelurahan" : "Fatuaruin",
  "kodepos" : "85765"
}, {
  "kecamatan" : "Io Kufeu",
  "kelurahan" : "Fatoin",
  "kodepos" : "85765"
}, {
  "kecamatan" : "Sasitamean",
  "kelurahan" : "Builaran",
  "kodepos" : "85765"
}, {
  "kecamatan" : "Io Kufeu",
  "kelurahan" : "Biau",
  "kodepos" : "85765"
}, {
  "kecamatan" : "Sasitamean",
  "kelurahan" : "Beaneno",
  "kodepos" : "85765"
}, {
  "kecamatan" : "Io Kufeu",
  "kelurahan" : "Bani Bani",
  "kodepos" : "85765"
}, {
  "kecamatan" : "Botin Leo Bele",
  "kelurahan" : "Babotin Selatan",
  "kodepos" : "85765"
}, {
  "kecamatan" : "Botin Leo Bele",
  "kelurahan" : "Babotin Maemina",
  "kodepos" : "85765"
}, {
  "kecamatan" : "Botin Leo Bele",
  "kelurahan" : "Babotin",
  "kodepos" : "85765"
}, {
  "kecamatan" : "Sasitamean",
  "kelurahan" : "As Manulea",
  "kodepos" : "85765"
}, {
  "kecamatan" : "Rinhat",
  "kelurahan" : "Wekmidar",
  "kodepos" : "85764"
}, {
  "kecamatan" : "Rinhat",
  "kelurahan" : "Webetun",
  "kodepos" : "85764"
}, {
  "kecamatan" : "Rinhat",
  "kelurahan" : "Wekeke",
  "kodepos" : "85764"
}, {
  "kecamatan" : "Rinhat",
  "kelurahan" : "Weain",
  "kodepos" : "85764"
}, {
  "kecamatan" : "Rinhat",
  "kelurahan" : "Tatuli",
  "kodepos" : "85764"
}, {
  "kecamatan" : "Rinhat",
  "kelurahan" : "Saenama",
  "kodepos" : "85764"
}, {
  "kecamatan" : "Rinhat",
  "kelurahan" : "Tafuli I",
  "kodepos" : "85764"
}, {
  "kecamatan" : "Rinhat",
  "kelurahan" : "Oekmurak",
  "kodepos" : "85764"
}, {
  "kecamatan" : "Rinhat",
  "kelurahan" : "Raisamane",
  "kodepos" : "85764"
}, {
  "kecamatan" : "Rinhat",
  "kelurahan" : "Nanin",
  "kodepos" : "85764"
}, {
  "kecamatan" : "Rinhat",
  "kelurahan" : "Niti",
  "kodepos" : "85764"
}, {
  "kecamatan" : "Rinhat",
  "kelurahan" : "Naet",
  "kodepos" : "85764"
}, {
  "kecamatan" : "Rinhat",
  "kelurahan" : "Naiusu",
  "kodepos" : "85764"
}, {
  "kecamatan" : "Rinhat",
  "kelurahan" : "Nanebot",
  "kodepos" : "85764"
}, {
  "kecamatan" : "Rinhat",
  "kelurahan" : "Muke",
  "kodepos" : "85764"
}, {
  "kecamatan" : "Rinhat",
  "kelurahan" : "Nabutaek",
  "kodepos" : "85764"
}, {
  "kecamatan" : "Rinhat",
  "kelurahan" : "Biudukfoho",
  "kodepos" : "85764"
}, {
  "kecamatan" : "Rinhat",
  "kelurahan" : "Boen",
  "kodepos" : "85764"
}, {
  "kecamatan" : "Rinhat",
  "kelurahan" : "Lotas",
  "kodepos" : "85764"
}, {
  "kecamatan" : "Rinhat",
  "kelurahan" : "Alala",
  "kodepos" : "85764"
}, {
  "kecamatan" : "Wewiku",
  "kelurahan" : "Weulun",
  "kodepos" : "85763"
}, {
  "kecamatan" : "Weliman",
  "kelurahan" : "Wesey",
  "kodepos" : "85763"
}, {
  "kecamatan" : "Weliman",
  "kelurahan" : "Wederok",
  "kodepos" : "85763"
}, {
  "kecamatan" : "Wewiku",
  "kelurahan" : "Weoe",
  "kodepos" : "85763"
}, {
  "kecamatan" : "Wewiku",
  "kelurahan" : "Weseben",
  "kodepos" : "85763"
}, {
  "kecamatan" : "Wewiku",
  "kelurahan" : "Webriamata",
  "kodepos" : "85763"
}, {
  "kecamatan" : "Malaka Barat",
  "kelurahan" : "Umalor",
  "kodepos" : "85763"
}, {
  "kecamatan" : "Malaka Barat",
  "kelurahan" : "Umatoos",
  "kodepos" : "85763"
}, {
  "kecamatan" : "Weliman",
  "kelurahan" : "Umalawain",
  "kodepos" : "85763"
}, {
  "kecamatan" : "Weliman",
  "kelurahan" : "Taaba",
  "kodepos" : "85763"
}, {
  "kecamatan" : "Malaka Barat",
  "kelurahan" : "Sikun",
  "kodepos" : "85763"
}, {
  "kecamatan" : "Malaka Barat",
  "kelurahan" : "Raimataus",
  "kodepos" : "85763"
}, {
  "kecamatan" : "Wewiku",
  "kelurahan" : "Seserai",
  "kodepos" : "85763"
}, {
  "kecamatan" : "Malaka Barat",
  "kelurahan" : "Rabasahain",
  "kodepos" : "85763"
}, {
  "kecamatan" : "Malaka Barat",
  "kelurahan" : "Rabasa Haerain",
  "kodepos" : "85763"
}, {
  "kecamatan" : "Wewiku",
  "kelurahan" : "Rabasa Biris",
  "kodepos" : "85763"
}, {
  "kecamatan" : "Malaka Barat",
  "kelurahan" : "Rabasa",
  "kodepos" : "85763"
}, {
  "kecamatan" : "Malaka Barat",
  "kelurahan" : "Motaulun",
  "kodepos" : "85763"
}, {
  "kecamatan" : "Malaka Barat",
  "kelurahan" : "Naas",
  "kodepos" : "85763"
}, {
  "kecamatan" : "Malaka Barat",
  "kelurahan" : "Oan Mane",
  "kodepos" : "85763"
}, {
  "kecamatan" : "Malaka Barat",
  "kelurahan" : "Maktihan",
  "kodepos" : "85763"
}, {
  "kecamatan" : "Malaka Barat",
  "kelurahan" : "Motaain",
  "kodepos" : "85763"
}, {
  "kecamatan" : "Wewiku",
  "kelurahan" : "Lorotolus",
  "kodepos" : "85763"
}, {
  "kecamatan" : "Malaka Barat",
  "kelurahan" : "Loofoun",
  "kodepos" : "85763"
}, {
  "kecamatan" : "Weliman",
  "kelurahan" : "Lamudur",
  "kodepos" : "85763"
}, {
  "kecamatan" : "Weliman",
  "kelurahan" : "Leunklot",
  "kodepos" : "85763"
}, {
  "kecamatan" : "Malaka Barat",
  "kelurahan" : "Lasaen",
  "kodepos" : "85763"
}, {
  "kecamatan" : "Weliman",
  "kelurahan" : "Laleten",
  "kodepos" : "85763"
}, {
  "kecamatan" : "Wewiku",
  "kelurahan" : "Lamea",
  "kodepos" : "85763"
}, {
  "kecamatan" : "Weliman",
  "kelurahan" : "Kleseleon",
  "kodepos" : "85763"
}, {
  "kecamatan" : "Weliman",
  "kelurahan" : "Lakulo",
  "kodepos" : "85763"
}, {
  "kecamatan" : "Weliman",
  "kelurahan" : "Haliklaran (Hauklaran)",
  "kodepos" : "85763"
}, {
  "kecamatan" : "Weliman",
  "kelurahan" : "Forekmodok",
  "kodepos" : "85763"
}, {
  "kecamatan" : "Weliman",
  "kelurahan" : "Haitimuk",
  "kodepos" : "85763"
}, {
  "kecamatan" : "Wewiku",
  "kelurahan" : "Halibasar",
  "kodepos" : "85763"
}, {
  "kecamatan" : "Weliman",
  "kelurahan" : "Bone Tasea",
  "kodepos" : "85763"
}, {
  "kecamatan" : "Malaka Barat",
  "kelurahan" : "Fafoe",
  "kodepos" : "85763"
}, {
  "kecamatan" : "Wewiku",
  "kelurahan" : "Biris",
  "kodepos" : "85763"
}, {
  "kecamatan" : "Malaka Barat",
  "kelurahan" : "Besikama",
  "kodepos" : "85763"
}, {
  "kecamatan" : "Wewiku",
  "kelurahan" : "Badarai",
  "kodepos" : "85763"
}, {
  "kecamatan" : "Weliman",
  "kelurahan" : "Angkaes",
  "kodepos" : "85763"
}, {
  "kecamatan" : "Wewiku",
  "kelurahan" : "Alkani",
  "kodepos" : "85763"
}, {
  "kecamatan" : "Malaka Tengah",
  "kelurahan" : "Umanenlawalu",
  "kodepos" : "85762"
}, {
  "kecamatan" : "Malaka Tengah",
  "kelurahan" : "Wehali",
  "kodepos" : "85762"
}, {
  "kecamatan" : "Malaka Tengah",
  "kelurahan" : "Suai",
  "kodepos" : "85762"
}, {
  "kecamatan" : "Malaka Tengah",
  "kelurahan" : "Umakatahan",
  "kodepos" : "85762"
}, {
  "kecamatan" : "Malaka Tengah",
  "kelurahan" : "Naimana",
  "kodepos" : "85762"
}, {
  "kecamatan" : "Malaka Tengah",
  "kelurahan" : "Railor Tahak",
  "kodepos" : "85762"
}, {
  "kecamatan" : "Malaka Tengah",
  "kelurahan" : "Kletek",
  "kodepos" : "85762"
}, {
  "kecamatan" : "Malaka Tengah",
  "kelurahan" : "Lawalu",
  "kodepos" : "85762"
}, {
  "kecamatan" : "Malaka Tengah",
  "kelurahan" : "Kakaniuk",
  "kodepos" : "85762"
}, {
  "kecamatan" : "Malaka Tengah",
  "kelurahan" : "Kamanasa",
  "kodepos" : "85762"
}, {
  "kecamatan" : "Malaka Tengah",
  "kelurahan" : "Kateri",
  "kodepos" : "85762"
}, {
  "kecamatan" : "Malaka Tengah",
  "kelurahan" : "Harekakae",
  "kodepos" : "85762"
}, {
  "kecamatan" : "Malaka Tengah",
  "kelurahan" : "Bereliku",
  "kodepos" : "85762"
}, {
  "kecamatan" : "Malaka Tengah",
  "kelurahan" : "Fahiluka",
  "kodepos" : "85762"
}, {
  "kecamatan" : "Malaka Tengah",
  "kelurahan" : "Barada",
  "kodepos" : "85762"
}, {
  "kecamatan" : "Malaka Tengah",
  "kelurahan" : "Barene",
  "kodepos" : "85762"
}, {
  "kecamatan" : "Malaka Timur",
  "kelurahan" : "Wemeda",
  "kodepos" : "85761"
}, {
  "kecamatan" : "Malaka Tengah",
  "kelurahan" : "Bakiruk",
  "kodepos" : "85762"
}, {
  "kecamatan" : "Raimanuk",
  "kelurahan" : "Tasain",
  "kodepos" : "85761"
}, {
  "kecamatan" : "Raimanuk",
  "kelurahan" : "Teun",
  "kodepos" : "85761"
}, {
  "kecamatan" : "Malaka Timur",
  "kelurahan" : "Sanleo",
  "kodepos" : "85761"
}, {
  "kecamatan" : "Raimanuk",
  "kelurahan" : "Renrua",
  "kodepos" : "85761"
}, {
  "kecamatan" : "Raimanuk",
  "kelurahan" : "Raimanus",
  "kodepos" : "85761"
}, {
  "kecamatan" : "Malaka Timur",
  "kelurahan" : "Raiulun",
  "kodepos" : "85761"
}, {
  "kecamatan" : "Raimanuk",
  "kelurahan" : "Rafae",
  "kodepos" : "85761"
}, {
  "kecamatan" : "Malaka Timur",
  "kelurahan" : "Numponi",
  "kodepos" : "85761"
}, {
  "kecamatan" : "Raimanuk",
  "kelurahan" : "Leuntolu",
  "kodepos" : "85761"
}, {
  "kecamatan" : "Raimanuk",
  "kelurahan" : "Mandeu",
  "kodepos" : "85761"
}, {
  "kecamatan" : "Malaka Timur",
  "kelurahan" : "Kusa",
  "kodepos" : "85761"
}, {
  "kecamatan" : "Raimanuk",
  "kelurahan" : "Duakoran",
  "kodepos" : "85761"
}, {
  "kecamatan" : "Raimanuk",
  "kelurahan" : "Faturika",
  "kodepos" : "85761"
}, {
  "kecamatan" : "Malaka Timur",
  "kelurahan" : "Dirma",
  "kodepos" : "85761"
}, {
  "kecamatan" : "Tasifeto Barat",
  "kelurahan" : "Tukuneno",
  "kodepos" : "85752"
}, {
  "kecamatan" : "Tasifeto Barat",
  "kelurahan" : "Rinbesihat",
  "kodepos" : "85752"
}, {
  "kecamatan" : "Nanaet Duabesi",
  "kelurahan" : "Nanaet",
  "kodepos" : "85752"
}, {
  "kecamatan" : "Nanaet Duabesi",
  "kelurahan" : "Nanaenoe",
  "kodepos" : "85752"
}, {
  "kecamatan" : "Tasifeto Barat",
  "kelurahan" : "Naekasa",
  "kodepos" : "85752"
}, {
  "kecamatan" : "Tasifeto Barat",
  "kelurahan" : "Naitimu",
  "kodepos" : "85752"
}, {
  "kecamatan" : "Kakuluk Mesak",
  "kelurahan" : "Leosama",
  "kodepos" : "85752"
}, {
  "kecamatan" : "Tasifeto Barat",
  "kelurahan" : "Lookeu",
  "kodepos" : "85752"
}, {
  "kecamatan" : "Kakuluk Mesak",
  "kelurahan" : "Kabuna",
  "kodepos" : "85752"
}, {
  "kecamatan" : "Kakuluk Mesak",
  "kelurahan" : "Kenebibi",
  "kodepos" : "85752"
}, {
  "kecamatan" : "Tasifeto Barat",
  "kelurahan" : "Lawalutolus",
  "kodepos" : "85752"
}, {
  "kecamatan" : "Kakuluk Mesak",
  "kelurahan" : "Jenilu",
  "kodepos" : "85752"
}, {
  "kecamatan" : "Nanaet Duabesi",
  "kelurahan" : "Fohoeka",
  "kodepos" : "85752"
}, {
  "kecamatan" : "Kakuluk Mesak",
  "kelurahan" : "Fatuketi",
  "kodepos" : "85752"
}, {
  "kecamatan" : "Nanaet Duabesi",
  "kelurahan" : "Dubesi",
  "kodepos" : "85752"
}, {
  "kecamatan" : "Kakuluk Mesak",
  "kelurahan" : "Dua Laus",
  "kodepos" : "85752"
}, {
  "kecamatan" : "Tasifeto Barat",
  "kelurahan" : "Bakustulama",
  "kodepos" : "85752"
}, {
  "kecamatan" : "Tasifeto Barat",
  "kelurahan" : "Derok Faturene",
  "kodepos" : "85752"
}, {
  "kecamatan" : "Laen Manen",
  "kelurahan" : "Tniumanu",
  "kodepos" : "85718"
}, {
  "kecamatan" : "Laen Manen",
  "kelurahan" : "Uabau",
  "kodepos" : "85718"
}, {
  "kecamatan" : "Atambua Selatan",
  "kelurahan" : "Rinbesi",
  "kodepos" : "85718"
}, {
  "kecamatan" : "Laen Manen",
  "kelurahan" : "Tesa",
  "kodepos" : "85718"
}, {
  "kecamatan" : "Laen Manen",
  "kelurahan" : "Naekekusa",
  "kodepos" : "85718"
}, {
  "kecamatan" : "Laen Manen",
  "kelurahan" : "Oenaek",
  "kodepos" : "85718"
}, {
  "kecamatan" : "Laen Manen",
  "kelurahan" : "Meotroy",
  "kodepos" : "85718"
}, {
  "kecamatan" : "Atambua Selatan",
  "kelurahan" : "Manuaman",
  "kodepos" : "85718"
}, {
  "kecamatan" : "Laen Manen",
  "kelurahan" : "Kapitanmeo",
  "kodepos" : "85718"
}, {
  "kecamatan" : "Laen Manen",
  "kelurahan" : "Bonibais",
  "kodepos" : "85718"
}, {
  "kecamatan" : "Atambua Kota",
  "kelurahan" : "Fatubenao",
  "kodepos" : "85718"
}, {
  "kecamatan" : "Laen Manen",
  "kelurahan" : "Besesmus/Bisesmus",
  "kodepos" : "85718"
}, {
  "kecamatan" : "Laen Manen",
  "kelurahan" : "Besesmus/Bisesmus",
  "kodepos" : "85718"
}, {
  "kecamatan" : "Atambua Selatan",
  "kelurahan" : "Lidak",
  "kodepos" : "85716"
}, {
  "kecamatan" : "Atambua Selatan",
  "kelurahan" : "Fatukbot",
  "kodepos" : "85717"
}, {
  "kecamatan" : "Atambua Barat",
  "kelurahan" : "Bardao (Berdao)",
  "kodepos" : "85715"
}, {
  "kecamatan" : "Atambua Barat",
  "kelurahan" : "Umanen",
  "kodepos" : "85713"
}, {
  "kecamatan" : "Atambua Barat",
  "kelurahan" : "Tulamalae",
  "kodepos" : "85714"
}, {
  "kecamatan" : "Atambua Kota",
  "kelurahan" : "Manumutin",
  "kodepos" : "85712"
}, {
  "kecamatan" : "Atambua Kota",
  "kelurahan" : "Tenukiik",
  "kodepos" : "85711"
}, {
  "kecamatan" : "Tasifeto Timur",
  "kelurahan" : "Sadi",
  "kodepos" : "85711"
}, {
  "kecamatan" : "Atambua Kota",
  "kelurahan" : "Atambua kota",
  "kodepos" : "85711"
} ]
