[ {
  "kecamatan" : "Biboki Utara",
  "kelurahan" : "Tualene/Tualena",
  "kodepos" : "85682"
}, {
  "kecamatan" : "Biboki Utara",
  "kelurahan" : "Sapaen",
  "kodepos" : "85682"
}, {
  "kecamatan" : "Biboki Utara",
  "kelurahan" : "Taunbaen",
  "kodepos" : "85682"
}, {
  "kecamatan" : "Biboki Feotleu",
  "kelurahan" : "Manumean",
  "kodepos" : "85682"
}, {
  "kecamatan" : "Biboki Feotleu",
  "kelurahan" : "Naku",
  "kodepos" : "85682"
}, {
  "kecamatan" : "Biboki Utara",
  "kelurahan" : "Lokomea",
  "kodepos" : "85682"
}, {
  "kecamatan" : "Biboki Feotleu",
  "kelurahan" : "Makun",
  "kodepos" : "85682"
}, {
  "kecamatan" : "Biboki Utara",
  "kelurahan" : "Hauteas",
  "kodepos" : "85682"
}, {
  "kecamatan" : "Biboki Feotleu",
  "kelurahan" : "Kuluan",
  "kodepos" : "85682"
}, {
  "kecamatan" : "Biboki Utara",
  "kelurahan" : "Boronubaen",
  "kodepos" : "85682"
}, {
  "kecamatan" : "Biboki Utara",
  "kelurahan" : "Boronubaen",
  "kodepos" : "85682"
}, {
  "kecamatan" : "Biboki Selatan",
  "kelurahan" : "Upfaon",
  "kodepos" : "85681"
}, {
  "kecamatan" : "Biboki Utara",
  "kelurahan" : "Biloe",
  "kodepos" : "85682"
}, {
  "kecamatan" : "Biboki Moenleu",
  "kelurahan" : "Tunbes",
  "kodepos" : "85681"
}, {
  "kecamatan" : "Biboki Selatan",
  "kelurahan" : "Tunbaen",
  "kodepos" : "85681"
}, {
  "kecamatan" : "Biboki Tan Pah",
  "kelurahan" : "Teba Timur",
  "kodepos" : "85681"
}, {
  "kecamatan" : "Biboki Selatan",
  "kelurahan" : "Tokbesi",
  "kodepos" : "85681"
}, {
  "kecamatan" : "Biboki Tan Pah",
  "kelurahan" : "Teba",
  "kodepos" : "85681"
}, {
  "kecamatan" : "Biboki Selatan",
  "kelurahan" : "Tautpah",
  "kodepos" : "85681"
}, {
  "kecamatan" : "Biboki Selatan",
  "kelurahan" : "Sainiup",
  "kodepos" : "85681"
}, {
  "kecamatan" : "Biboki Selatan",
  "kelurahan" : "Supun",
  "kodepos" : "85681"
}, {
  "kecamatan" : "Biboki Tan Pah",
  "kelurahan" : "Oerinbesi",
  "kodepos" : "85681"
}, {
  "kecamatan" : "Biboki Selatan",
  "kelurahan" : "Pantae",
  "kodepos" : "85681"
}, {
  "kecamatan" : "Biboki Moenleu",
  "kelurahan" : "Oepuah Selatan",
  "kodepos" : "85681"
}, {
  "kecamatan" : "Biboki Moenleu",
  "kelurahan" : "Oepuah Utara",
  "kodepos" : "85681"
}, {
  "kecamatan" : "Biboki Selatan",
  "kelurahan" : "Oenaem",
  "kodepos" : "85681"
}, {
  "kecamatan" : "Biboki Moenleu",
  "kelurahan" : "Oepuah",
  "kodepos" : "85681"
}, {
  "kecamatan" : "Biboki Tan Pah",
  "kelurahan" : "Oekopa",
  "kodepos" : "85681"
}, {
  "kecamatan" : "Biboki Moenleu",
  "kelurahan" : "Matabesi",
  "kodepos" : "85681"
}, {
  "kecamatan" : "Biboki Moenleu",
  "kelurahan" : "Kaubele",
  "kodepos" : "85681"
}, {
  "kecamatan" : "Biboki Moenleu",
  "kelurahan" : "Luniup",
  "kodepos" : "85681"
}, {
  "kecamatan" : "Insana Barat",
  "kelurahan" : "Usapinonot",
  "kodepos" : "85671"
}, {
  "kecamatan" : "Insana",
  "kelurahan" : "Tapenpah",
  "kodepos" : "85671"
}, {
  "kecamatan" : "Insana Tengah",
  "kelurahan" : "Tainsala",
  "kodepos" : "85671"
}, {
  "kecamatan" : "Insana",
  "kelurahan" : "Susulaku A",
  "kodepos" : "85671"
}, {
  "kecamatan" : "Insana",
  "kelurahan" : "Susulaku B",
  "kodepos" : "85671"
}, {
  "kecamatan" : "Insana Barat",
  "kelurahan" : "Subun",
  "kodepos" : "85671"
}, {
  "kecamatan" : "Insana Tengah",
  "kelurahan" : "Sone",
  "kodepos" : "85671"
}, {
  "kecamatan" : "Insana",
  "kelurahan" : "Sekon",
  "kodepos" : "85671"
}, {
  "kecamatan" : "Insana",
  "kelurahan" : "Oinbit",
  "kodepos" : "85671"
}, {
  "kecamatan" : "Insana Fafinesu",
  "kelurahan" : "Oenain",
  "kodepos" : "85671"
}, {
  "kecamatan" : "Insana Utara",
  "kelurahan" : "Oesoko",
  "kodepos" : "85671"
}, {
  "kecamatan" : "Insana",
  "kelurahan" : "Nunmafo",
  "kodepos" : "85671"
}, {
  "kecamatan" : "Insana Tengah",
  "kelurahan" : "Maubesi",
  "kodepos" : "85671"
}, {
  "kecamatan" : "Insana",
  "kelurahan" : "Nansean",
  "kodepos" : "85671"
}, {
  "kecamatan" : "Insana",
  "kelurahan" : "Manunain A",
  "kodepos" : "85671"
}, {
  "kecamatan" : "Insana",
  "kelurahan" : "Manunain B",
  "kodepos" : "85671"
}, {
  "kecamatan" : "Insana",
  "kelurahan" : "Loeram",
  "kodepos" : "85671"
}, {
  "kecamatan" : "Insana Tengah",
  "kelurahan" : "Letmafo",
  "kodepos" : "85671"
}, {
  "kecamatan" : "Insana Barat",
  "kelurahan" : "Letneo",
  "kodepos" : "85671"
}, {
  "kecamatan" : "Insana Tengah",
  "kelurahan" : "Lanaus",
  "kodepos" : "85671"
}, {
  "kecamatan" : "Insana Barat",
  "kelurahan" : "Lapeom",
  "kodepos" : "85671"
}, {
  "kecamatan" : "Insana Utara",
  "kelurahan" : "Humusu C",
  "kodepos" : "85671"
}, {
  "kecamatan" : "Insana",
  "kelurahan" : "Keun",
  "kodepos" : "85671"
}, {
  "kecamatan" : "Insana Utara",
  "kelurahan" : "Humusu A",
  "kodepos" : "85671"
}, {
  "kecamatan" : "Insana Utara",
  "kelurahan" : "Humusu B",
  "kodepos" : "85671"
}, {
  "kecamatan" : "Insana Utara",
  "kelurahan" : "Fatumtasa",
  "kodepos" : "85671"
}, {
  "kecamatan" : "Insana",
  "kelurahan" : "Fatoin",
  "kodepos" : "85671"
}, {
  "kecamatan" : "Insana Fafinesu",
  "kelurahan" : "Fafinesu B",
  "kodepos" : "85671"
}, {
  "kecamatan" : "Insana Fafinesu",
  "kelurahan" : "Fafinesu C",
  "kodepos" : "85671"
}, {
  "kecamatan" : "Insana Fafinesu",
  "kelurahan" : "Fafinesu",
  "kodepos" : "85671"
}, {
  "kecamatan" : "Insana Fafinesu",
  "kelurahan" : "Fafinesu A",
  "kodepos" : "85671"
}, {
  "kecamatan" : "Insana Barat",
  "kelurahan" : "Banae/Bannae",
  "kodepos" : "85671"
}, {
  "kecamatan" : "Insana Fafinesu",
  "kelurahan" : "Banuan/Baunuan",
  "kodepos" : "85671"
}, {
  "kecamatan" : "Insana Barat",
  "kelurahan" : "Atmen",
  "kodepos" : "85671"
}, {
  "kecamatan" : "Insana Barat",
  "kelurahan" : "Atmen I",
  "kodepos" : "85671"
}, {
  "kecamatan" : "Insana",
  "kelurahan" : "Ainiut",
  "kodepos" : "85671"
}, {
  "kecamatan" : "Miomaffo Tengah",
  "kelurahan" : "Tuabatan",
  "kodepos" : "85661"
}, {
  "kecamatan" : "Noemuti",
  "kelurahan" : "Seo",
  "kodepos" : "85661"
}, {
  "kecamatan" : "Mutis",
  "kelurahan" : "Tasinifu",
  "kodepos" : "85661"
}, {
  "kecamatan" : "Miomaffo Barat",
  "kelurahan" : "Suanae",
  "kodepos" : "85661"
}, {
  "kecamatan" : "Miomaffo Barat",
  "kelurahan" : "Saenam",
  "kodepos" : "85661"
}, {
  "kecamatan" : "Miomaffo Barat",
  "kelurahan" : "Sallu",
  "kodepos" : "85661"
}, {
  "kecamatan" : "Musi",
  "kelurahan" : "Oetulu",
  "kodepos" : "85661"
}, {
  "kecamatan" : "Noemuti",
  "kelurahan" : "Popnam",
  "kodepos" : "85661"
}, {
  "kecamatan" : "Musi",
  "kelurahan" : "Oeolo",
  "kodepos" : "85661"
}, {
  "kecamatan" : "Noemuti",
  "kelurahan" : "Oeperigi",
  "kodepos" : "85661"
}, {
  "kecamatan" : "Musi",
  "kelurahan" : "Oelneke",
  "kodepos" : "85661"
}, {
  "kecamatan" : "Noemuti",
  "kelurahan" : "Oenak",
  "kodepos" : "85661"
}, {
  "kecamatan" : "Miomaffo Tengah",
  "kelurahan" : "Noenasi",
  "kodepos" : "85661"
}, {
  "kecamatan" : "Miomaffo Barat",
  "kelurahan" : "Noepesu",
  "kodepos" : "85661"
}, {
  "kecamatan" : "Noemuti",
  "kelurahan" : "Noemuti",
  "kodepos" : "85661"
}, {
  "kecamatan" : "Mutis",
  "kelurahan" : "Noelelo",
  "kodepos" : "85661"
}, {
  "kecamatan" : "Miomaffo Barat",
  "kelurahan" : "Noeltoko",
  "kodepos" : "85661"
}, {
  "kecamatan" : "Noemuti",
  "kelurahan" : "Nifuboke",
  "kodepos" : "85661"
}, {
  "kecamatan" : "Noemuti",
  "kelurahan" : "Noebaun",
  "kodepos" : "85661"
}, {
  "kecamatan" : "Miomaffo Tengah",
  "kelurahan" : "Nian",
  "kodepos" : "85661"
}, {
  "kecamatan" : "Noemuti",
  "kelurahan" : "Nibaaf",
  "kodepos" : "85661"
}, {
  "kecamatan" : "Noemuti Timur",
  "kelurahan" : "Naob",
  "kodepos" : "85661"
}, {
  "kecamatan" : "Mutis",
  "kelurahan" : "Naekake B",
  "kodepos" : "85661"
}, {
  "kecamatan" : "Mutis",
  "kelurahan" : "Naekake A",
  "kodepos" : "85661"
}, {
  "kecamatan" : "Noemuti Timur",
  "kelurahan" : "Manikin",
  "kodepos" : "85661"
}, {
  "kecamatan" : "Miomaffo Barat",
  "kelurahan" : "Manusasi",
  "kodepos" : "85661"
}, {
  "kecamatan" : "Miomaffo Barat",
  "kelurahan" : "Lemon",
  "kodepos" : "85661"
}, {
  "kecamatan" : "Noemuti Timur",
  "kelurahan" : "Kuaken",
  "kodepos" : "85661"
}, {
  "kecamatan" : "Miomaffo Barat",
  "kelurahan" : "Haulasi",
  "kodepos" : "85661"
}, {
  "kecamatan" : "Noemuti",
  "kelurahan" : "Kiuola",
  "kodepos" : "85661"
}, {
  "kecamatan" : "Miomaffo Barat",
  "kelurahan" : "Fatutasu",
  "kodepos" : "85661"
}, {
  "kecamatan" : "Noemuti Timur",
  "kelurahan" : "Haekto",
  "kodepos" : "85661"
}, {
  "kecamatan" : "Miomaffo Barat",
  "kelurahan" : "Fatunisuan",
  "kodepos" : "85661"
}, {
  "kecamatan" : "Miomaffo Barat",
  "kelurahan" : "Eban",
  "kodepos" : "85661"
}, {
  "kecamatan" : "Miomaffo Barat",
  "kelurahan" : "Fatuneno",
  "kodepos" : "85661"
}, {
  "kecamatan" : "Noemuti",
  "kelurahan" : "Fatumuti",
  "kodepos" : "85661"
}, {
  "kecamatan" : "Noemuti",
  "kelurahan" : "Bijeli",
  "kodepos" : "85661"
}, {
  "kecamatan" : "Musi",
  "kelurahan" : "Bisafe",
  "kodepos" : "85661"
}, {
  "kecamatan" : "Miomaffo Tengah",
  "kelurahan" : "Bijaepasu",
  "kodepos" : "85661"
}, {
  "kecamatan" : "Noemuti",
  "kelurahan" : "Banfanu",
  "kodepos" : "85661"
}, {
  "kecamatan" : "Musi",
  "kelurahan" : "Batnes",
  "kodepos" : "85661"
}, {
  "kecamatan" : "Miomaffo Tengah",
  "kelurahan" : "Akomi",
  "kodepos" : "85661"
}, {
  "kecamatan" : "Musi",
  "kelurahan" : "Ainan",
  "kodepos" : "85661"
}, {
  "kecamatan" : "Miomaffo Timur",
  "kelurahan" : "Tuntun",
  "kodepos" : "85651"
}, {
  "kecamatan" : "Miomaffo Timur",
  "kelurahan" : "Tunoe",
  "kodepos" : "85651"
}, {
  "kecamatan" : "Bikomi Utara",
  "kelurahan" : "Tes",
  "kodepos" : "85651"
}, {
  "kecamatan" : "Bikomi Nilulat",
  "kelurahan" : "Tubu",
  "kodepos" : "85651"
}, {
  "kecamatan" : "Naibenu",
  "kelurahan" : "Sunsea",
  "kodepos" : "85651"
}, {
  "kecamatan" : "Miomaffo Timur",
  "kelurahan" : "Taekas",
  "kodepos" : "85651"
}, {
  "kecamatan" : "Bikomi Utara",
  "kelurahan" : "Sainoni",
  "kodepos" : "85651"
}, {
  "kecamatan" : "Bikomi Nilulat",
  "kelurahan" : "Sunkaen",
  "kodepos" : "85651"
}, {
  "kecamatan" : "Bikomi Selatan",
  "kelurahan" : "Oetalus",
  "kodepos" : "85651"
}, {
  "kecamatan" : "Miomaffo Timur",
  "kelurahan" : "Oesena",
  "kodepos" : "85651"
}, {
  "kecamatan" : "Bikomi Tengah",
  "kelurahan" : "Oenenu Utara",
  "kodepos" : "85651"
}, {
  "kecamatan" : "Bikomi Tengah",
  "kelurahan" : "Oenino",
  "kodepos" : "85651"
}, {
  "kecamatan" : "Bikomi Tengah",
  "kelurahan" : "Oenenu",
  "kodepos" : "85651"
}, {
  "kecamatan" : "Bikomi Tengah",
  "kelurahan" : "Oenenu Selatan",
  "kodepos" : "85651"
}, {
  "kecamatan" : "Bikomi Tengah",
  "kelurahan" : "Oelbonak",
  "kodepos" : "85651"
}, {
  "kecamatan" : "Bikomi Selatan",
  "kelurahan" : "Oelami",
  "kodepos" : "85651"
}, {
  "kecamatan" : "Bikomi Tengah",
  "kelurahan" : "Nimasi",
  "kodepos" : "85651"
}, {
  "kecamatan" : "Bikomi Utara",
  "kelurahan" : "Napan",
  "kodepos" : "85651"
}, {
  "kecamatan" : "Bikomi Nilulat",
  "kelurahan" : "Nilulat",
  "kodepos" : "85651"
}, {
  "kecamatan" : "Bikomi Selatan",
  "kelurahan" : "Naiola",
  "kodepos" : "85651"
}, {
  "kecamatan" : "Bikomi Selatan",
  "kelurahan" : "Maurisu Selatan",
  "kodepos" : "85651"
}, {
  "kecamatan" : "Bikomi Selatan",
  "kelurahan" : "Maurisu Utara",
  "kodepos" : "85651"
}, {
  "kecamatan" : "Bikomi Nilulat",
  "kelurahan" : "Nainaban",
  "kodepos" : "85651"
}, {
  "kecamatan" : "Naibenu",
  "kelurahan" : "Manamas",
  "kodepos" : "85651"
}, {
  "kecamatan" : "Bikomi Selatan",
  "kelurahan" : "Maurisu",
  "kodepos" : "85651"
}, {
  "kecamatan" : "Miomaffo Timur",
  "kelurahan" : "Kaenbaun",
  "kodepos" : "85651"
}, {
  "kecamatan" : "Bikomi Selatan",
  "kelurahan" : "Kiusili",
  "kodepos" : "85651"
}, {
  "kecamatan" : "Bikomi Tengah",
  "kelurahan" : "Kuanek/Kuenak",
  "kodepos" : "85651"
}, {
  "kecamatan" : "Miomaffo Timur",
  "kelurahan" : "Jak",
  "kodepos" : "85651"
}, {
  "kecamatan" : "Bikomi Nilulat",
  "kelurahan" : "Haumeni Ana",
  "kodepos" : "85651"
}, {
  "kecamatan" : "Bikomi Nilulat",
  "kelurahan" : "Inbate",
  "kodepos" : "85651"
}, {
  "kecamatan" : "Bikomi Utara",
  "kelurahan" : "Haumeni",
  "kodepos" : "85651"
}, {
  "kecamatan" : "Miomaffo Timur",
  "kelurahan" : "Femnasi",
  "kodepos" : "85651"
}, {
  "kecamatan" : "Bikomi Utara",
  "kelurahan" : "Faennake",
  "kodepos" : "85651"
}, {
  "kecamatan" : "Miomaffo Timur",
  "kelurahan" : "Fatusene",
  "kodepos" : "85651"
}, {
  "kecamatan" : "Bikomi Tengah",
  "kelurahan" : "Buk",
  "kodepos" : "85651"
}, {
  "kecamatan" : "Naibenu",
  "kelurahan" : "Benus",
  "kodepos" : "85651"
}, {
  "kecamatan" : "Miomaffo Timur",
  "kelurahan" : "Bitefa",
  "kodepos" : "85651"
}, {
  "kecamatan" : "Miomaffo Timur",
  "kelurahan" : "Bokon",
  "kodepos" : "85651"
}, {
  "kecamatan" : "Bikomi Utara",
  "kelurahan" : "Banain B",
  "kodepos" : "85651"
}, {
  "kecamatan" : "Bikomi Utara",
  "kelurahan" : "Banain C",
  "kodepos" : "85651"
}, {
  "kecamatan" : "Bikomi Utara",
  "kelurahan" : "Banain A",
  "kodepos" : "85651"
}, {
  "kecamatan" : "Naibenu",
  "kelurahan" : "Bakitolas",
  "kodepos" : "85651"
}, {
  "kecamatan" : "Bikomi Utara",
  "kelurahan" : "Baas",
  "kodepos" : "85651"
}, {
  "kecamatan" : "Miomaffo Timur",
  "kelurahan" : "Amol",
  "kodepos" : "85651"
}, {
  "kecamatan" : "Kota Kefamenanu",
  "kelurahan" : "Tubuhue",
  "kodepos" : "85617"
}, {
  "kecamatan" : "Bikomi Selatan",
  "kelurahan" : "Tublopo",
  "kodepos" : "85617"
}, {
  "kecamatan" : "Kota Kefamenanu",
  "kelurahan" : "Maubeli",
  "kodepos" : "85617"
}, {
  "kecamatan" : "Kota Kefamenanu",
  "kelurahan" : "Bansone",
  "kodepos" : "85615"
}, {
  "kecamatan" : "Kota Kefamenanu",
  "kelurahan" : "Sasi",
  "kodepos" : "85616"
}, {
  "kecamatan" : "Kota Kefamenanu",
  "kelurahan" : "Aplasi",
  "kodepos" : "85614"
}, {
  "kecamatan" : "Biboki Anleu",
  "kelurahan" : "Tuamese",
  "kodepos" : "85613"
}, {
  "kecamatan" : "Biboki Anleu",
  "kelurahan" : "Ponu",
  "kodepos" : "85613"
}, {
  "kecamatan" : "Biboki Anleu",
  "kelurahan" : "Sifaniha",
  "kodepos" : "85613"
}, {
  "kecamatan" : "Biboki Anleu",
  "kelurahan" : "Nonatbatan",
  "kodepos" : "85613"
}, {
  "kecamatan" : "Biboki Anleu",
  "kelurahan" : "Oemanu",
  "kodepos" : "85613"
}, {
  "kecamatan" : "Biboki Anleu",
  "kelurahan" : "Motadik",
  "kodepos" : "85613"
}, {
  "kecamatan" : "Biboki Anleu",
  "kelurahan" : "Nifutasi",
  "kodepos" : "85613"
}, {
  "kecamatan" : "Biboki Anleu",
  "kelurahan" : "Kotafoun",
  "kodepos" : "85613"
}, {
  "kecamatan" : "Kota Kefamenanu",
  "kelurahan" : "Benpasi",
  "kodepos" : "85613"
}, {
  "kecamatan" : "Biboki Anleu",
  "kelurahan" : "Maukabatan",
  "kodepos" : "85613"
}, {
  "kecamatan" : "Kota Kefamenanu",
  "kelurahan" : "Kefamenanu Selatan",
  "kodepos" : "85613"
}, {
  "kecamatan" : "Kota Kefamenanu",
  "kelurahan" : "Kefamenanu Tengah",
  "kodepos" : "85612"
}, {
  "kecamatan" : "Kota Kefamenanu",
  "kelurahan" : "Kefamenanu Utara",
  "kodepos" : "85611"
} ]
