[ {
  "kecamatan" : "Kie (Ki'e)",
  "kelurahan" : "Pili",
  "kodepos" : "85575"
}, {
  "kecamatan" : "Kie (Ki'e)",
  "kelurahan" : "Tesi Ayofanu",
  "kodepos" : "85575"
}, {
  "kecamatan" : "Kot Olin",
  "kelurahan" : "Panite",
  "kodepos" : "85575"
}, {
  "kecamatan" : "Kie (Ki'e)",
  "kelurahan" : "Oinlasi",
  "kodepos" : "85575"
}, {
  "kecamatan" : "Kot Olin",
  "kelurahan" : "O Obibi",
  "kodepos" : "85575"
}, {
  "kecamatan" : "Kie (Ki'e)",
  "kelurahan" : "Oenai",
  "kodepos" : "85575"
}, {
  "kecamatan" : "Kot Olin",
  "kelurahan" : "Nualunat",
  "kodepos" : "85575"
}, {
  "kecamatan" : "Kot Olin",
  "kelurahan" : "Nunbena",
  "kodepos" : "85575"
}, {
  "kecamatan" : "Kie (Ki'e)",
  "kelurahan" : "Napi",
  "kodepos" : "85575"
}, {
  "kecamatan" : "Kie (Ki'e)",
  "kelurahan" : "Nekmese",
  "kodepos" : "85575"
}, {
  "kecamatan" : "Kie (Ki'e)",
  "kelurahan" : "Naile&#8217;u",
  "kodepos" : "85575"
}, {
  "kecamatan" : "Kot Olin",
  "kelurahan" : "Kot Olin",
  "kodepos" : "85575"
}, {
  "kecamatan" : "Kie (Ki'e)",
  "kelurahan" : "Fatuulan",
  "kodepos" : "85575"
}, {
  "kecamatan" : "Kot Olin",
  "kelurahan" : "Hoibeti",
  "kodepos" : "85575"
}, {
  "kecamatan" : "Kie (Ki'e)",
  "kelurahan" : "Fallas",
  "kodepos" : "85575"
}, {
  "kecamatan" : "Kie (Ki'e)",
  "kelurahan" : "Fatukusi",
  "kodepos" : "85575"
}, {
  "kecamatan" : "Kie (Ki'e)",
  "kelurahan" : "Fatukusi",
  "kodepos" : "85575"
}, {
  "kecamatan" : "Kie (Ki'e)",
  "kelurahan" : "Boti",
  "kodepos" : "85575"
}, {
  "kecamatan" : "Kie (Ki'e)",
  "kelurahan" : "Enonapi",
  "kodepos" : "85575"
}, {
  "kecamatan" : "Kot Olin",
  "kelurahan" : "Binenok",
  "kodepos" : "85575"
}, {
  "kecamatan" : "Kie (Ki'e)",
  "kelurahan" : "Belle",
  "kodepos" : "85575"
}, {
  "kecamatan" : "Amanatun Utara",
  "kelurahan" : "Tumu",
  "kodepos" : "85574"
}, {
  "kecamatan" : "Toianas",
  "kelurahan" : "Toianas",
  "kodepos" : "85574"
}, {
  "kecamatan" : "Toianas",
  "kelurahan" : "Tuataum",
  "kodepos" : "85574"
}, {
  "kecamatan" : "Amanatun Utara",
  "kelurahan" : "Sono",
  "kodepos" : "85574"
}, {
  "kecamatan" : "Amanatun Utara",
  "kelurahan" : "Tauanas",
  "kodepos" : "85574"
}, {
  "kecamatan" : "Amanatun Utara",
  "kelurahan" : "Snok",
  "kodepos" : "85574"
}, {
  "kecamatan" : "Toianas",
  "kelurahan" : "Skinu",
  "kodepos" : "85574"
}, {
  "kecamatan" : "Kok Baun",
  "kelurahan" : "Sapnala",
  "kodepos" : "85574"
}, {
  "kecamatan" : "Toianas",
  "kelurahan" : "Oeleu",
  "kodepos" : "85574"
}, {
  "kecamatan" : "Toianas",
  "kelurahan" : "Sambet",
  "kodepos" : "85574"
}, {
  "kecamatan" : "Kok Baun",
  "kelurahan" : "Obaki",
  "kodepos" : "85574"
}, {
  "kecamatan" : "Toianas",
  "kelurahan" : "Noeolin",
  "kodepos" : "85574"
}, {
  "kecamatan" : "Kok Baun",
  "kelurahan" : "Niti",
  "kodepos" : "85574"
}, {
  "kecamatan" : "Amanatun Utara",
  "kelurahan" : "Nasi",
  "kodepos" : "85574"
}, {
  "kecamatan" : "Kok Baun",
  "kelurahan" : "Lotas",
  "kodepos" : "85574"
}, {
  "kecamatan" : "Amanatun Utara",
  "kelurahan" : "Muna",
  "kodepos" : "85574"
}, {
  "kecamatan" : "Toianas",
  "kelurahan" : "Milli",
  "kodepos" : "85574"
}, {
  "kecamatan" : "Amanatun Utara",
  "kelurahan" : "Lilo",
  "kodepos" : "85574"
}, {
  "kecamatan" : "Toianas",
  "kelurahan" : "Lobus",
  "kodepos" : "85574"
}, {
  "kecamatan" : "Amanatun Utara",
  "kelurahan" : "Fatuoni",
  "kodepos" : "85574"
}, {
  "kecamatan" : "Kok Baun",
  "kelurahan" : "Koloto",
  "kodepos" : "85574"
}, {
  "kecamatan" : "Amanatun Utara",
  "kelurahan" : "Fatilo",
  "kodepos" : "85574"
}, {
  "kecamatan" : "Toianas",
  "kelurahan" : "Bokong",
  "kodepos" : "85574"
}, {
  "kecamatan" : "Kok Baun",
  "kelurahan" : "Benahe (Benehe)",
  "kodepos" : "85574"
}, {
  "kecamatan" : "Amanatun Selatan",
  "kelurahan" : "Toi",
  "kodepos" : "85573"
}, {
  "kecamatan" : "Amanatun Selatan",
  "kelurahan" : "Sunu",
  "kodepos" : "85573"
}, {
  "kecamatan" : "Noebana",
  "kelurahan" : "Suni",
  "kodepos" : "85573"
}, {
  "kecamatan" : "Santian",
  "kelurahan" : "Santian",
  "kodepos" : "85573"
}, {
  "kecamatan" : "Nunkolo",
  "kelurahan" : "Saenam",
  "kodepos" : "85573"
}, {
  "kecamatan" : "Nunkolo",
  "kelurahan" : "Sahan",
  "kodepos" : "85573"
}, {
  "kecamatan" : "Boking",
  "kelurahan" : "Sabun",
  "kodepos" : "85573"
}, {
  "kecamatan" : "Nunkolo",
  "kelurahan" : "Putun",
  "kodepos" : "85573"
}, {
  "kecamatan" : "Santian",
  "kelurahan" : "Poli",
  "kodepos" : "85573"
}, {
  "kecamatan" : "Nunkolo",
  "kelurahan" : "Op",
  "kodepos" : "85573"
}, {
  "kecamatan" : "Amanatun Selatan",
  "kelurahan" : "Nunleu",
  "kodepos" : "85573"
}, {
  "kecamatan" : "Amanatun Selatan",
  "kelurahan" : "Oinlasi",
  "kodepos" : "85573"
}, {
  "kecamatan" : "Noebana",
  "kelurahan" : "Noebana",
  "kodepos" : "85573"
}, {
  "kecamatan" : "Nunkolo",
  "kelurahan" : "Nunkolo",
  "kodepos" : "85573"
}, {
  "kecamatan" : "Amanatun Selatan",
  "kelurahan" : "Nifuleo",
  "kodepos" : "85573"
}, {
  "kecamatan" : "Amanatun Selatan",
  "kelurahan" : "Netutnana",
  "kodepos" : "85573"
}, {
  "kecamatan" : "Santian",
  "kelurahan" : "Nenotes",
  "kodepos" : "85573"
}, {
  "kecamatan" : "Nunkolo",
  "kelurahan" : "Nenoat",
  "kodepos" : "85573"
}, {
  "kecamatan" : "Boking",
  "kelurahan" : "Nano",
  "kodepos" : "85573"
}, {
  "kecamatan" : "Santian",
  "kelurahan" : "Naifatu",
  "kodepos" : "85573"
}, {
  "kecamatan" : "Noebana",
  "kelurahan" : "Mnelapetu",
  "kodepos" : "85573"
}, {
  "kecamatan" : "Boking",
  "kelurahan" : "Meusin",
  "kodepos" : "85573"
}, {
  "kecamatan" : "Santian",
  "kelurahan" : "Manufui",
  "kodepos" : "85573"
}, {
  "kecamatan" : "Noebana",
  "kelurahan" : "Mella",
  "kodepos" : "85573"
}, {
  "kecamatan" : "Boking",
  "kelurahan" : "Leonani (Leonmeni)",
  "kodepos" : "85573"
}, {
  "kecamatan" : "Amanatun Selatan",
  "kelurahan" : "Lanu",
  "kodepos" : "85573"
}, {
  "kecamatan" : "Amanatun Selatan",
  "kelurahan" : "Kualeu",
  "kodepos" : "85573"
}, {
  "kecamatan" : "Amanatun Selatan",
  "kelurahan" : "Kokoi",
  "kodepos" : "85573"
}, {
  "kecamatan" : "Nunkolo",
  "kelurahan" : "Hoineno",
  "kodepos" : "85573"
}, {
  "kecamatan" : "Nunkolo",
  "kelurahan" : "Haumeni",
  "kodepos" : "85573"
}, {
  "kecamatan" : "Amanatun Selatan",
  "kelurahan" : "Fenun",
  "kodepos" : "85573"
}, {
  "kecamatan" : "Noebana",
  "kelurahan" : "Fatumnasi",
  "kodepos" : "85573"
}, {
  "kecamatan" : "Boking",
  "kelurahan" : "Fatu Manufui",
  "kodepos" : "85573"
}, {
  "kecamatan" : "Amanatun Selatan",
  "kelurahan" : "Fatulunu",
  "kodepos" : "85573"
}, {
  "kecamatan" : "Nunkolo",
  "kelurahan" : "Fat",
  "kodepos" : "85573"
}, {
  "kecamatan" : "Boking",
  "kelurahan" : "Boking",
  "kodepos" : "85573"
}, {
  "kecamatan" : "Amanatun Selatan",
  "kelurahan" : "Fae",
  "kodepos" : "85573"
}, {
  "kecamatan" : "Boking",
  "kelurahan" : "Baus",
  "kodepos" : "85573"
}, {
  "kecamatan" : "Amanatun Selatan",
  "kelurahan" : "Anin",
  "kodepos" : "85573"
}, {
  "kecamatan" : "Fautmolo",
  "kelurahan" : "Tunis",
  "kodepos" : "85572"
}, {
  "kecamatan" : "Amanuban Timur",
  "kelurahan" : "Telukh",
  "kodepos" : "85572"
}, {
  "kecamatan" : "Amanuban Timur",
  "kelurahan" : "Tliu",
  "kodepos" : "85572"
}, {
  "kecamatan" : "Fatukopa",
  "kelurahan" : "Taebone",
  "kodepos" : "85572"
}, {
  "kecamatan" : "Fautmolo",
  "kelurahan" : "Sillu",
  "kodepos" : "85572"
}, {
  "kecamatan" : "Amanuban Timur",
  "kelurahan" : "Sini",
  "kodepos" : "85572"
}, {
  "kecamatan" : "Amanuban Timur",
  "kelurahan" : "Pisan",
  "kodepos" : "85572"
}, {
  "kecamatan" : "Oenino",
  "kelurahan" : "Pene Utara",
  "kodepos" : "85572"
}, {
  "kecamatan" : "Amanuban Timur",
  "kelurahan" : "Oelet",
  "kodepos" : "85572"
}, {
  "kecamatan" : "Oenino",
  "kelurahan" : "Oenino",
  "kodepos" : "85572"
}, {
  "kecamatan" : "Amanuban Timur",
  "kelurahan" : "Oe Ekam",
  "kodepos" : "85572"
}, {
  "kecamatan" : "Fautmolo",
  "kelurahan" : "Oeleon",
  "kodepos" : "85572"
}, {
  "kecamatan" : "Fautmolo",
  "kelurahan" : "Nunuhakniti",
  "kodepos" : "85572"
}, {
  "kecamatan" : "Fatukopa",
  "kelurahan" : "Nunfutu",
  "kodepos" : "85572"
}, {
  "kecamatan" : "Oenino",
  "kelurahan" : "Noe Noni",
  "kodepos" : "85572"
}, {
  "kecamatan" : "Fatukopa",
  "kelurahan" : "Nifulinah",
  "kodepos" : "85572"
}, {
  "kecamatan" : "Oenino",
  "kelurahan" : "Niki Niki Un",
  "kodepos" : "85572"
}, {
  "kecamatan" : "Amanuban Timur",
  "kelurahan" : "Nifukiu",
  "kodepos" : "85572"
}, {
  "kecamatan" : "Oenino",
  "kelurahan" : "Neke",
  "kodepos" : "85572"
}, {
  "kecamatan" : "Amanuban Timur",
  "kelurahan" : "Mauleum",
  "kodepos" : "85572"
}, {
  "kecamatan" : "Amanuban Timur",
  "kelurahan" : "Mnelaanen",
  "kodepos" : "85572"
}, {
  "kecamatan" : "Fautmolo",
  "kelurahan" : "Kaeneno",
  "kodepos" : "85572"
}, {
  "kecamatan" : "Oenino",
  "kelurahan" : "Hoi",
  "kodepos" : "85572"
}, {
  "kecamatan" : "Fatukopa",
  "kelurahan" : "Kiki",
  "kodepos" : "85572"
}, {
  "kecamatan" : "Fatukopa",
  "kelurahan" : "Ello",
  "kodepos" : "85572"
}, {
  "kecamatan" : "Fatukopa",
  "kelurahan" : "Fatukopa",
  "kodepos" : "85572"
}, {
  "kecamatan" : "Amanuban Timur",
  "kelurahan" : "Billa",
  "kodepos" : "85572"
}, {
  "kecamatan" : "Fautmolo",
  "kelurahan" : "Bileon",
  "kodepos" : "85572"
}, {
  "kecamatan" : "Fatukopa",
  "kelurahan" : "Besnam",
  "kodepos" : "85572"
}, {
  "kecamatan" : "Fautmolo",
  "kelurahan" : "Besle&#8217;u",
  "kodepos" : "85572"
}, {
  "kecamatan" : "Oenino",
  "kelurahan" : "Abi",
  "kodepos" : "85572"
}, {
  "kecamatan" : "Amanuban Tengah",
  "kelurahan" : "Tumu",
  "kodepos" : "85571"
}, {
  "kecamatan" : "Amanuban Tengah",
  "kelurahan" : "Sopo",
  "kodepos" : "85571"
}, {
  "kecamatan" : "Amanuban Tengah",
  "kelurahan" : "Taebesa",
  "kodepos" : "85571"
}, {
  "kecamatan" : "Amanuban Tengah",
  "kelurahan" : "Noebesa",
  "kodepos" : "85571"
}, {
  "kecamatan" : "Amanuban Tengah",
  "kelurahan" : "Oeekam",
  "kodepos" : "85571"
}, {
  "kecamatan" : "Amanuban Tengah",
  "kelurahan" : "Niki Niki",
  "kodepos" : "85571"
}, {
  "kecamatan" : "Amanuban Tengah",
  "kelurahan" : "Nobi Nobi",
  "kodepos" : "85571"
}, {
  "kecamatan" : "Amanuban Tengah",
  "kelurahan" : "Nakfunu",
  "kodepos" : "85571"
}, {
  "kecamatan" : "Amanuban Tengah",
  "kelurahan" : "Maunum Niki Niki",
  "kodepos" : "85571"
}, {
  "kecamatan" : "Amanuban Tengah",
  "kelurahan" : "Baki",
  "kodepos" : "85571"
}, {
  "kecamatan" : "Amanuban Tengah",
  "kelurahan" : "Bone",
  "kodepos" : "85571"
}, {
  "kecamatan" : "Kuanfatu",
  "kelurahan" : "Taupi",
  "kodepos" : "85563"
}, {
  "kecamatan" : "Kolbano",
  "kelurahan" : "Spaha",
  "kodepos" : "85563"
}, {
  "kecamatan" : "Kolbano",
  "kelurahan" : "Pene Selatan",
  "kodepos" : "85563"
}, {
  "kecamatan" : "Kolbano",
  "kelurahan" : "Sei",
  "kodepos" : "85563"
}, {
  "kecamatan" : "Kolbano",
  "kelurahan" : "Ofu",
  "kodepos" : "85563"
}, {
  "kecamatan" : "Kuanfatu",
  "kelurahan" : "Olais",
  "kodepos" : "85563"
}, {
  "kecamatan" : "Kuanfatu",
  "kelurahan" : "Oebo",
  "kodepos" : "85563"
}, {
  "kecamatan" : "Kolbano",
  "kelurahan" : "Pana",
  "kodepos" : "85563"
}, {
  "kecamatan" : "Kuanfatu",
  "kelurahan" : "Oehan",
  "kodepos" : "85563"
}, {
  "kecamatan" : "Kolbano",
  "kelurahan" : "Oeleu",
  "kodepos" : "85563"
}, {
  "kecamatan" : "Kolbano",
  "kelurahan" : "Noesiu",
  "kodepos" : "85563"
}, {
  "kecamatan" : "Kolbano",
  "kelurahan" : "Oetuke",
  "kodepos" : "85563"
}, {
  "kecamatan" : "Kuanfatu",
  "kelurahan" : "Lasi",
  "kodepos" : "85563"
}, {
  "kecamatan" : "Kolbano",
  "kelurahan" : "Nununamat",
  "kodepos" : "85563"
}, {
  "kecamatan" : "Kuanfatu",
  "kelurahan" : "Noebeba",
  "kodepos" : "85563"
}, {
  "kecamatan" : "Kuanfatu",
  "kelurahan" : "Kusi",
  "kodepos" : "85563"
}, {
  "kecamatan" : "Kuanfatu",
  "kelurahan" : "Kusi Utara",
  "kodepos" : "85563"
}, {
  "kecamatan" : "Kuanfatu",
  "kelurahan" : "Kuanfatu",
  "kodepos" : "85563"
}, {
  "kecamatan" : "Kolbano",
  "kelurahan" : "Kolbano",
  "kodepos" : "85563"
}, {
  "kecamatan" : "Kuanfatu",
  "kelurahan" : "Kelle",
  "kodepos" : "85563"
}, {
  "kecamatan" : "Kuanfatu",
  "kelurahan" : "Kelle Tunan",
  "kodepos" : "85563"
}, {
  "kecamatan" : "Kuanfatu",
  "kelurahan" : "Kakan",
  "kodepos" : "85563"
}, {
  "kecamatan" : "Kolbano",
  "kelurahan" : "Haunobenak",
  "kodepos" : "85563"
}, {
  "kecamatan" : "Kuanfatu",
  "kelurahan" : "Basmuti",
  "kodepos" : "85563"
}, {
  "kecamatan" : "Kolbano",
  "kelurahan" : "Babuin",
  "kodepos" : "85563"
}, {
  "kecamatan" : "Batu Putih",
  "kelurahan" : "Tuppan",
  "kodepos" : "85562"
}, {
  "kecamatan" : "Batu Putih",
  "kelurahan" : "Tuakole",
  "kodepos" : "85562"
}, {
  "kecamatan" : "Kualin",
  "kelurahan" : "Tuapakas",
  "kodepos" : "85562"
}, {
  "kecamatan" : "Kualin",
  "kelurahan" : "Toineke",
  "kodepos" : "85562"
}, {
  "kecamatan" : "Kualin",
  "kelurahan" : "Tuafanu",
  "kodepos" : "85562"
}, {
  "kecamatan" : "Noebeba",
  "kelurahan" : "Teas",
  "kodepos" : "85562"
}, {
  "kecamatan" : "Amanuban Selatan",
  "kelurahan" : "Pollo",
  "kodepos" : "85562"
}, {
  "kecamatan" : "Kualin",
  "kelurahan" : "Oni",
  "kodepos" : "85562"
}, {
  "kecamatan" : "Noebeba",
  "kelurahan" : "Oepliki",
  "kodepos" : "85562"
}, {
  "kecamatan" : "Amanuban Selatan",
  "kelurahan" : "Oekiu",
  "kodepos" : "85562"
}, {
  "kecamatan" : "Kualin",
  "kelurahan" : "Oemaman",
  "kodepos" : "85562"
}, {
  "kecamatan" : "Batu Putih",
  "kelurahan" : "Oebobo",
  "kodepos" : "85562"
}, {
  "kecamatan" : "Batu Putih",
  "kelurahan" : "Oehela",
  "kodepos" : "85562"
}, {
  "kecamatan" : "Amanuban Selatan",
  "kelurahan" : "Oebelo",
  "kodepos" : "85562"
}, {
  "kecamatan" : "Noebeba",
  "kelurahan" : "Oe Ekam (Oelekam)",
  "kodepos" : "85562"
}, {
  "kecamatan" : "Noebeba",
  "kelurahan" : "Oebaki",
  "kodepos" : "85562"
}, {
  "kecamatan" : "Amanuban Selatan",
  "kelurahan" : "Noemuke",
  "kodepos" : "85562"
}, {
  "kecamatan" : "Kualin",
  "kelurahan" : "Nunusunu",
  "kodepos" : "85562"
}, {
  "kecamatan" : "Noebeba",
  "kelurahan" : "Naip",
  "kodepos" : "85562"
}, {
  "kecamatan" : "Amanuban Selatan",
  "kelurahan" : "Mio",
  "kodepos" : "85562"
}, {
  "kecamatan" : "Amanuban Selatan",
  "kelurahan" : "Linamnutu",
  "kodepos" : "85562"
}, {
  "kecamatan" : "Kualin",
  "kelurahan" : "Kualin",
  "kodepos" : "85562"
}, {
  "kecamatan" : "Amanuban Selatan",
  "kelurahan" : "Kiubaat",
  "kodepos" : "85562"
}, {
  "kecamatan" : "Kualin",
  "kelurahan" : "Kiufatu",
  "kodepos" : "85562"
}, {
  "kecamatan" : "Batu Putih",
  "kelurahan" : "Hane",
  "kodepos" : "85562"
}, {
  "kecamatan" : "Noebeba",
  "kelurahan" : "Fatutnana",
  "kodepos" : "85562"
}, {
  "kecamatan" : "Noebeba",
  "kelurahan" : "Eno Nabuasa",
  "kodepos" : "85562"
}, {
  "kecamatan" : "Amanuban Selatan",
  "kelurahan" : "Enoneten",
  "kodepos" : "85562"
}, {
  "kecamatan" : "Batu Putih",
  "kelurahan" : "Benlutu",
  "kodepos" : "85562"
}, {
  "kecamatan" : "Batu Putih",
  "kelurahan" : "Boentuka",
  "kodepos" : "85562"
}, {
  "kecamatan" : "Amanuban Selatan",
  "kelurahan" : "Batnun",
  "kodepos" : "85562"
}, {
  "kecamatan" : "Amanuban Selatan",
  "kelurahan" : "Bena",
  "kodepos" : "85562"
}, {
  "kecamatan" : "Polen",
  "kelurahan" : "Usapimnasi",
  "kodepos" : "85561"
}, {
  "kecamatan" : "Mollo Selatan",
  "kelurahan" : "Tuasene",
  "kodepos" : "85561"
}, {
  "kecamatan" : "Nunbena",
  "kelurahan" : "Tunbes",
  "kodepos" : "85561"
}, {
  "kecamatan" : "Tobu",
  "kelurahan" : "Tune",
  "kodepos" : "85561"
}, {
  "kecamatan" : "Nunbena",
  "kelurahan" : "Taneotob",
  "kodepos" : "85561"
}, {
  "kecamatan" : "Mollo Barat",
  "kelurahan" : "Salbait",
  "kodepos" : "85561"
}, {
  "kecamatan" : "Polen",
  "kelurahan" : "Puna",
  "kodepos" : "85561"
}, {
  "kecamatan" : "Polen",
  "kelurahan" : "Sainoni",
  "kodepos" : "85561"
}, {
  "kecamatan" : "Mollo Tengah",
  "kelurahan" : "Pika",
  "kodepos" : "85561"
}, {
  "kecamatan" : "Mollo Selatan",
  "kelurahan" : "Oinlasi",
  "kodepos" : "85561"
}, {
  "kecamatan" : "Polen",
  "kelurahan" : "Oelnunuh",
  "kodepos" : "85561"
}, {
  "kecamatan" : "Mollo Tengah",
  "kelurahan" : "Oel&#8217;ekam",
  "kodepos" : "85561"
}, {
  "kecamatan" : "Mollo Tengah",
  "kelurahan" : "Oelbubuk",
  "kodepos" : "85561"
}, {
  "kecamatan" : "Nunbena",
  "kelurahan" : "Nunbena",
  "kodepos" : "85561"
}, {
  "kecamatan" : "Mollo Barat",
  "kelurahan" : "Oel Uban (Oeuban)",
  "kodepos" : "85561"
}, {
  "kecamatan" : "Fatumnasi",
  "kelurahan" : "Nuapin",
  "kodepos" : "85561"
}, {
  "kecamatan" : "Mollo Selatan",
  "kelurahan" : "Noinbila",
  "kodepos" : "85561"
}, {
  "kecamatan" : "Nunbena",
  "kelurahan" : "Noebesi",
  "kodepos" : "85561"
}, {
  "kecamatan" : "Mollo Tengah",
  "kelurahan" : "Neke Manifeto",
  "kodepos" : "85561"
}, {
  "kecamatan" : "Fatumnasi",
  "kelurahan" : "Nenas",
  "kodepos" : "85561"
}, {
  "kecamatan" : "Polen",
  "kelurahan" : "Mnesatbubak",
  "kodepos" : "85561"
}, {
  "kecamatan" : "Fatumnasi",
  "kelurahan" : "Mutis",
  "kodepos" : "85561"
}, {
  "kecamatan" : "Polen",
  "kelurahan" : "Loli",
  "kodepos" : "85561"
}, {
  "kecamatan" : "Nunbena",
  "kelurahan" : "Liliana",
  "kodepos" : "85561"
}, {
  "kecamatan" : "Polen",
  "kelurahan" : "Laob",
  "kodepos" : "85561"
}, {
  "kecamatan" : "Fatumnasi",
  "kelurahan" : "Kuanoel",
  "kodepos" : "85561"
}, {
  "kecamatan" : "Mollo Tengah",
  "kelurahan" : "Kualeu",
  "kodepos" : "85561"
}, {
  "kecamatan" : "Mollo Barat",
  "kelurahan" : "Koa",
  "kodepos" : "85561"
}, {
  "kecamatan" : "Polen",
  "kelurahan" : "Konbaki",
  "kodepos" : "85561"
}, {
  "kecamatan" : "Nunbena",
  "kelurahan" : "Feto Mone",
  "kodepos" : "85561"
}, {
  "kecamatan" : "Mollo Selatan",
  "kelurahan" : "Kesetnana",
  "kodepos" : "85561"
}, {
  "kecamatan" : "Fatumnasi",
  "kelurahan" : "Fatumnasi",
  "kodepos" : "85561"
}, {
  "kecamatan" : "Polen",
  "kelurahan" : "Fatumnutu",
  "kodepos" : "85561"
}, {
  "kecamatan" : "Mollo Barat",
  "kelurahan" : "Fatukoko",
  "kodepos" : "85561"
}, {
  "kecamatan" : "Tobu",
  "kelurahan" : "Bonleu",
  "kodepos" : "85561"
}, {
  "kecamatan" : "Mollo Selatan",
  "kelurahan" : "Bisene",
  "kodepos" : "85561"
}, {
  "kecamatan" : "Mollo Tengah",
  "kelurahan" : "Binaus",
  "kodepos" : "85561"
}, {
  "kecamatan" : "Mollo Selatan",
  "kelurahan" : "Biloto",
  "kodepos" : "85561"
}, {
  "kecamatan" : "Mollo Selatan",
  "kelurahan" : "Bikekneno",
  "kodepos" : "85561"
}, {
  "kecamatan" : "Polen",
  "kelurahan" : "Bijeli",
  "kodepos" : "85561"
}, {
  "kecamatan" : "Mollo Barat",
  "kelurahan" : "Besana",
  "kodepos" : "85561"
}, {
  "kecamatan" : "Polen",
  "kelurahan" : "Balu",
  "kodepos" : "85561"
}, {
  "kecamatan" : "Tobu",
  "kelurahan" : "Tutem",
  "kodepos" : "85552"
}, {
  "kecamatan" : "Mollo Utara",
  "kelurahan" : "To&#8217;manat",
  "kodepos" : "85552"
}, {
  "kecamatan" : "Mollo Utara",
  "kelurahan" : "Tunua",
  "kodepos" : "85552"
}, {
  "kecamatan" : "Tobu",
  "kelurahan" : "Tobu",
  "kodepos" : "85552"
}, {
  "kecamatan" : "Mollo Utara",
  "kelurahan" : "Taiftob",
  "kodepos" : "85552"
}, {
  "kecamatan" : "Mollo Utara",
  "kelurahan" : "To&#8217;fen",
  "kodepos" : "85552"
}, {
  "kecamatan" : "Mollo Utara",
  "kelurahan" : "Sebot",
  "kodepos" : "85552"
}, {
  "kecamatan" : "Tobu",
  "kelurahan" : "Saubalan",
  "kodepos" : "85552"
}, {
  "kecamatan" : "Tobu",
  "kelurahan" : "Pubasu",
  "kodepos" : "85552"
}, {
  "kecamatan" : "Mollo Utara",
  "kelurahan" : "Obesi",
  "kodepos" : "85552"
}, {
  "kecamatan" : "Mollo Utara",
  "kelurahan" : "Nefokoko",
  "kodepos" : "85552"
}, {
  "kecamatan" : "Mollo Utara",
  "kelurahan" : "Netpala",
  "kodepos" : "85552"
}, {
  "kecamatan" : "Mollo Utara",
  "kelurahan" : "Lelobatan",
  "kodepos" : "85552"
}, {
  "kecamatan" : "Mollo Utara",
  "kelurahan" : "Leloboko",
  "kodepos" : "85552"
}, {
  "kecamatan" : "Mollo Utara",
  "kelurahan" : "Iusmolo",
  "kodepos" : "85552"
}, {
  "kecamatan" : "Mollo Utara",
  "kelurahan" : "Kokfe&#8217;u",
  "kodepos" : "85552"
}, {
  "kecamatan" : "Tobu",
  "kelurahan" : "Huetalan",
  "kodepos" : "85552"
}, {
  "kecamatan" : "Mollo Utara",
  "kelurahan" : "Halme",
  "kodepos" : "85552"
}, {
  "kecamatan" : "Mollo Utara",
  "kelurahan" : "Eon Besi",
  "kodepos" : "85552"
}, {
  "kecamatan" : "Mollo Utara",
  "kelurahan" : "Fatukoto",
  "kodepos" : "85552"
}, {
  "kecamatan" : "Mollo Utara",
  "kelurahan" : "Bijaepunu",
  "kodepos" : "85552"
}, {
  "kecamatan" : "Mollo Utara",
  "kelurahan" : "Bosen",
  "kodepos" : "85552"
}, {
  "kecamatan" : "Tobu",
  "kelurahan" : "Bestobe",
  "kodepos" : "85552"
}, {
  "kecamatan" : "Mollo Utara",
  "kelurahan" : "Ajaobaki",
  "kodepos" : "85552"
}, {
  "kecamatan" : "Amanuban Barat",
  "kelurahan" : "Tubuhue",
  "kodepos" : "85551"
}, {
  "kecamatan" : "Kuatnana",
  "kelurahan" : "Tubmonas",
  "kodepos" : "85551"
}, {
  "kecamatan" : "Amanuban Barat",
  "kelurahan" : "Tublopo (Meometan)",
  "kodepos" : "85551"
}, {
  "kecamatan" : "Kuatnana",
  "kelurahan" : "Tetaf",
  "kodepos" : "85551"
}, {
  "kecamatan" : "Kuatnana",
  "kelurahan" : "Supul",
  "kodepos" : "85551"
}, {
  "kecamatan" : "Amanuban Barat",
  "kelurahan" : "Pusu",
  "kodepos" : "85551"
}, {
  "kecamatan" : "Kuatnana",
  "kelurahan" : "Oof",
  "kodepos" : "85551"
}, {
  "kecamatan" : "Amanuban Barat",
  "kelurahan" : "Nusa",
  "kodepos" : "85551"
}, {
  "kecamatan" : "Kuatnana",
  "kelurahan" : "Oe Oe",
  "kodepos" : "85551"
}, {
  "kecamatan" : "Amanuban Barat",
  "kelurahan" : "Nulle",
  "kodepos" : "85551"
}, {
  "kecamatan" : "Amanuban Barat",
  "kelurahan" : "Nifukani",
  "kodepos" : "85551"
}, {
  "kecamatan" : "Kuatnana",
  "kelurahan" : "Naukae",
  "kodepos" : "85551"
}, {
  "kecamatan" : "Amanuban Barat",
  "kelurahan" : "Haumenibaki",
  "kodepos" : "85551"
}, {
  "kecamatan" : "Kuatnana",
  "kelurahan" : "Enoneontes",
  "kodepos" : "85551"
}, {
  "kecamatan" : "Kuatnana",
  "kelurahan" : "Lakat",
  "kodepos" : "85551"
}, {
  "kecamatan" : "Kota Soe",
  "kelurahan" : "Oekefan",
  "kodepos" : "85519"
}, {
  "kecamatan" : "Kota Soe",
  "kelurahan" : "So E (Soe)",
  "kodepos" : "85519"
}, {
  "kecamatan" : "Kota Soe",
  "kelurahan" : "Noemeto",
  "kodepos" : "85519"
}, {
  "kecamatan" : "Kota Soe",
  "kelurahan" : "Kuatae",
  "kodepos" : "85519"
}, {
  "kecamatan" : "Kota Soe",
  "kelurahan" : "Kota Baru",
  "kodepos" : "85519"
}, {
  "kecamatan" : "Kota Soe",
  "kelurahan" : "Kampung Baru",
  "kodepos" : "85519"
}, {
  "kecamatan" : "Kota Soe",
  "kelurahan" : "Karang Siri",
  "kodepos" : "85519"
}, {
  "kecamatan" : "Kota Soe",
  "kelurahan" : "Nonohonis",
  "kodepos" : "85517"
}, {
  "kecamatan" : "Kota Soe",
  "kelurahan" : "Cendana",
  "kodepos" : "85519"
}, {
  "kecamatan" : "Kota Soe",
  "kelurahan" : "Oebesa",
  "kodepos" : "85515"
}, {
  "kecamatan" : "Kota Soe",
  "kelurahan" : "Nunumeu",
  "kodepos" : "85516"
}, {
  "kecamatan" : "Kota Soe",
  "kelurahan" : "Kobekamusa",
  "kodepos" : "85515"
}, {
  "kecamatan" : "Amanuban Barat",
  "kelurahan" : "Mnelalete",
  "kodepos" : "85514"
}, {
  "kecamatan" : "Kota Soe",
  "kelurahan" : "Taubneno",
  "kodepos" : "85511"
} ]
