[ {
  "kecamatan" : "Raijua",
  "kelurahan" : "Ledeunu",
  "kodepos" : "85393"
}, {
  "kecamatan" : "Raijua",
  "kelurahan" : "Kolorae",
  "kodepos" : "85393"
}, {
  "kecamatan" : "Raijua",
  "kelurahan" : "Ledeke",
  "kodepos" : "85393"
}, {
  "kecamatan" : "Raijua",
  "kelurahan" : "Ballu",
  "kodepos" : "85393"
}, {
  "kecamatan" : "Raijua",
  "kelurahan" : "Bolua",
  "kodepos" : "85393"
}, {
  "kecamatan" : "Sabu Tengah",
  "kelurahan" : "Tada",
  "kodepos" : "85392"
}, {
  "kecamatan" : "Sabu Timur",
  "kelurahan" : "Loborai",
  "kodepos" : "85392"
}, {
  "kecamatan" : "Sabu Tengah",
  "kelurahan" : "Matei",
  "kodepos" : "85392"
}, {
  "kecamatan" : "Sabu Timur",
  "kelurahan" : "Lobodei",
  "kodepos" : "85392"
}, {
  "kecamatan" : "Sabu Tengah",
  "kelurahan" : "Loboaju",
  "kodepos" : "85392"
}, {
  "kecamatan" : "Sabu Timur",
  "kelurahan" : "Kujiratu",
  "kodepos" : "85392"
}, {
  "kecamatan" : "Sabu Timur",
  "kelurahan" : "Limagu (Limaggu)",
  "kodepos" : "85392"
}, {
  "kecamatan" : "Sabu Timur",
  "kelurahan" : "Keduru",
  "kodepos" : "85392"
}, {
  "kecamatan" : "Sabu Timur",
  "kelurahan" : "Keliha",
  "kodepos" : "85392"
}, {
  "kecamatan" : "Sabu Tengah",
  "kelurahan" : "Jiwuwu",
  "kodepos" : "85392"
}, {
  "kecamatan" : "Sabu Tengah",
  "kelurahan" : "Eimau",
  "kodepos" : "85392"
}, {
  "kecamatan" : "Sabu Timur",
  "kelurahan" : "Huwaga",
  "kodepos" : "85392"
}, {
  "kecamatan" : "Sabu Tengah",
  "kelurahan" : "Eilode",
  "kodepos" : "85392"
}, {
  "kecamatan" : "Sabu Tengah",
  "kelurahan" : "Eimadake (Eimmadake)",
  "kodepos" : "85392"
}, {
  "kecamatan" : "Sabu Timur",
  "kelurahan" : "Bodae",
  "kodepos" : "85392"
}, {
  "kecamatan" : "Sabu Timur",
  "kelurahan" : "Bolou",
  "kodepos" : "85392"
}, {
  "kecamatan" : "Sabu Timur",
  "kelurahan" : "Eiada",
  "kodepos" : "85392"
}, {
  "kecamatan" : "Sabu Tengah",
  "kelurahan" : "Bebae",
  "kodepos" : "85392"
}, {
  "kecamatan" : "Hawu Mehara",
  "kelurahan" : "Wadumedi (Wadumeddi)",
  "kodepos" : "85391"
}, {
  "kecamatan" : "Sabu Liae",
  "kelurahan" : "Waduwala",
  "kodepos" : "85391"
}, {
  "kecamatan" : "Sabu Barat",
  "kelurahan" : "Teriwu",
  "kodepos" : "85391"
}, {
  "kecamatan" : "Sabu Barat",
  "kelurahan" : "Titinalede",
  "kodepos" : "85391"
}, {
  "kecamatan" : "Hawu Mehara",
  "kelurahan" : "Tanajawa",
  "kodepos" : "85391"
}, {
  "kecamatan" : "Sabu Liae",
  "kelurahan" : "Raerobo",
  "kodepos" : "85391"
}, {
  "kecamatan" : "Sabu Barat",
  "kelurahan" : "Roboaba",
  "kodepos" : "85391"
}, {
  "kecamatan" : "Sabu Barat",
  "kelurahan" : "Raemude",
  "kodepos" : "85391"
}, {
  "kecamatan" : "Sabu Barat",
  "kelurahan" : "Raenalulu",
  "kodepos" : "85391"
}, {
  "kecamatan" : "Sabu Barat",
  "kelurahan" : "Raenyale",
  "kodepos" : "85391"
}, {
  "kecamatan" : "Sabu Barat",
  "kelurahan" : "Raemadia",
  "kodepos" : "85391"
}, {
  "kecamatan" : "Sabu Barat",
  "kelurahan" : "Raemadia",
  "kodepos" : "85391"
}, {
  "kecamatan" : "Sabu Barat",
  "kelurahan" : "Raedewa",
  "kodepos" : "85391"
}, {
  "kecamatan" : "Sabu Barat",
  "kelurahan" : "Raeloro",
  "kodepos" : "85391"
}, {
  "kecamatan" : "Sabu Barat",
  "kelurahan" : "Raeloro",
  "kodepos" : "85391"
}, {
  "kecamatan" : "Hawu Mehara",
  "kelurahan" : "Pedarro (Pedaro)",
  "kodepos" : "85391"
}, {
  "kecamatan" : "Sabu Barat",
  "kelurahan" : "Naawawi",
  "kodepos" : "85391"
}, {
  "kecamatan" : "Hawu Mehara",
  "kelurahan" : "Molie (Mole)",
  "kodepos" : "85391"
}, {
  "kecamatan" : "Sabu Barat",
  "kelurahan" : "Menia",
  "kodepos" : "85391"
}, {
  "kecamatan" : "Sabu Barat",
  "kelurahan" : "Mebba",
  "kodepos" : "85391"
}, {
  "kecamatan" : "Sabu Liae",
  "kelurahan" : "Loboroi",
  "kodepos" : "85391"
}, {
  "kecamatan" : "Sabu Liae",
  "kelurahan" : "Mehona",
  "kodepos" : "85391"
}, {
  "kecamatan" : "Hawu Mehara",
  "kelurahan" : "Lobohede",
  "kodepos" : "85391"
}, {
  "kecamatan" : "Sabu Barat",
  "kelurahan" : "Ledekepaka",
  "kodepos" : "85391"
}, {
  "kecamatan" : "Hawu Mehara",
  "kelurahan" : "Lederaga",
  "kodepos" : "85391"
}, {
  "kecamatan" : "Sabu Liae",
  "kelurahan" : "Ledeke",
  "kodepos" : "85391"
}, {
  "kecamatan" : "Hawu Mehara",
  "kelurahan" : "Ledeae",
  "kodepos" : "85391"
}, {
  "kecamatan" : "Sabu Barat",
  "kelurahan" : "Ledeana",
  "kodepos" : "85391"
}, {
  "kecamatan" : "Sabu Liae",
  "kelurahan" : "Halapadji",
  "kodepos" : "85391"
}, {
  "kecamatan" : "Sabu Liae",
  "kelurahan" : "Kotahawu",
  "kodepos" : "85391"
}, {
  "kecamatan" : "Sabu Liae",
  "kelurahan" : "Lede Talo",
  "kodepos" : "85391"
}, {
  "kecamatan" : "Sabu Liae",
  "kelurahan" : "Eilogo",
  "kodepos" : "85391"
}, {
  "kecamatan" : "Hawu Mehara",
  "kelurahan" : "Gurimonearu",
  "kodepos" : "85391"
}, {
  "kecamatan" : "Sabu Liae",
  "kelurahan" : "Eikare",
  "kodepos" : "85391"
}, {
  "kecamatan" : "Sabu Barat",
  "kelurahan" : "Depe",
  "kodepos" : "85391"
}, {
  "kecamatan" : "Sabu Barat",
  "kelurahan" : "Djadu",
  "kodepos" : "85391"
}, {
  "kecamatan" : "Sabu Liae",
  "kelurahan" : "Deme",
  "kodepos" : "85391"
}, {
  "kecamatan" : "Sabu Barat",
  "kelurahan" : "Delo",
  "kodepos" : "85391"
}, {
  "kecamatan" : "Sabu Liae",
  "kelurahan" : "Dainao",
  "kodepos" : "85391"
}, {
  "kecamatan" : "Hawu Mehara",
  "kelurahan" : "Daieko",
  "kodepos" : "85391"
} ]
