[ {
  "kecamatan" : "Padang Jaya",
  "kelurahan" : "Tanjung Harapan",
  "kodepos" : "38657"
}, {
  "kecamatan" : "Padang Jaya",
  "kelurahan" : "Tambak Rejo",
  "kodepos" : "38657"
}, {
  "kecamatan" : "Padang Jaya",
  "kelurahan" : "Tanah Hitam",
  "kodepos" : "38657"
}, {
  "kecamatan" : "Padang Jaya",
  "kelurahan" : "Tanah Tinggi",
  "kodepos" : "38657"
}, {
  "kecamatan" : "Padang Jaya",
  "kelurahan" : "Sido Mukti",
  "kodepos" : "38657"
}, {
  "kecamatan" : "Padang Jaya",
  "kelurahan" : "Talang Tua/Tuo",
  "kodepos" : "38657"
}, {
  "kecamatan" : "Padang Jaya",
  "kelurahan" : "Marga Sakti",
  "kodepos" : "38657"
}, {
  "kecamatan" : "Padang Jaya",
  "kelurahan" : "Padang Jaya",
  "kodepos" : "38657"
}, {
  "kecamatan" : "Padang Jaya",
  "kelurahan" : "Sido Luhur",
  "kodepos" : "38657"
}, {
  "kecamatan" : "Padang Jaya",
  "kelurahan" : "Lubuk Banyau",
  "kodepos" : "38657"
}, {
  "kecamatan" : "Padang Jaya",
  "kelurahan" : "Marga Jaya",
  "kodepos" : "38657"
}, {
  "kecamatan" : "Batik Nau",
  "kelurahan" : "Ulak Tanding",
  "kodepos" : "38656"
}, {
  "kecamatan" : "Padang Jaya",
  "kelurahan" : "Arga Mulya",
  "kodepos" : "38657"
}, {
  "kecamatan" : "Batik Nau",
  "kelurahan" : "Sukamarga",
  "kodepos" : "38656"
}, {
  "kecamatan" : "Batik Nau",
  "kelurahan" : "Taba Kelintang",
  "kodepos" : "38656"
}, {
  "kecamatan" : "Batik Nau",
  "kelurahan" : "Sekiau",
  "kodepos" : "38656"
}, {
  "kecamatan" : "Batik Nau",
  "kelurahan" : "Selolong",
  "kodepos" : "38656"
}, {
  "kecamatan" : "Batik Nau",
  "kelurahan" : "Serangai",
  "kodepos" : "38656"
}, {
  "kecamatan" : "Batik Nau",
  "kelurahan" : "Samban Jaya",
  "kodepos" : "38656"
}, {
  "kecamatan" : "Batik Nau",
  "kelurahan" : "Seberang Tunggal",
  "kodepos" : "38656"
}, {
  "kecamatan" : "Batik Nau",
  "kelurahan" : "Pagar Ruyung",
  "kodepos" : "38656"
}, {
  "kecamatan" : "Batik Nau",
  "kelurahan" : "Peninjau (Maninjau)",
  "kodepos" : "38656"
}, {
  "kecamatan" : "Batik Nau",
  "kelurahan" : "Bintunan",
  "kodepos" : "38656"
}, {
  "kecamatan" : "Batik Nau",
  "kelurahan" : "Durian Amparan",
  "kodepos" : "38656"
}, {
  "kecamatan" : "Batik Nau",
  "kelurahan" : "Airlakok",
  "kodepos" : "38656"
}, {
  "kecamatan" : "Batik Nau",
  "kelurahan" : "Batik Nau",
  "kodepos" : "38656"
}, {
  "kecamatan" : "Giri Mulia",
  "kelurahan" : "Wonoharjo",
  "kodepos" : "38655"
}, {
  "kecamatan" : "Batik Nau",
  "kelurahan" : "Air Menganyau",
  "kodepos" : "38656"
}, {
  "kecamatan" : "Giri Mulia",
  "kelurahan" : "Sukamakmur",
  "kodepos" : "38655"
}, {
  "kecamatan" : "Giri Mulia",
  "kelurahan" : "Tanjung Anom",
  "kodepos" : "38655"
}, {
  "kecamatan" : "Giri Mulia",
  "kelurahan" : "Rena Jaya",
  "kodepos" : "38655"
}, {
  "kecamatan" : "Giri Mulia",
  "kelurahan" : "Suka Mulya",
  "kodepos" : "38655"
}, {
  "kecamatan" : "Giri Mulia",
  "kelurahan" : "Giri Mulya",
  "kodepos" : "38655"
}, {
  "kecamatan" : "Air Padang",
  "kelurahan" : "Tanjung Aur",
  "kodepos" : "38653"
}, {
  "kecamatan" : "Air Padang",
  "kelurahan" : "Teluk Ajang",
  "kodepos" : "38653"
}, {
  "kecamatan" : "Lais",
  "kelurahan" : "Taba Baru",
  "kodepos" : "38653"
}, {
  "kecamatan" : "Lais",
  "kelurahan" : "Talang Rasau",
  "kodepos" : "38653"
}, {
  "kecamatan" : "Air Padang",
  "kelurahan" : "Talang Ulu",
  "kodepos" : "38653"
}, {
  "kecamatan" : "Lais",
  "kelurahan" : "Suka Langu",
  "kodepos" : "38653"
}, {
  "kecamatan" : "Air Padang",
  "kelurahan" : "Retes",
  "kodepos" : "38653"
}, {
  "kecamatan" : "Air Padang",
  "kelurahan" : "Sukarami",
  "kodepos" : "38653"
}, {
  "kecamatan" : "Air Padang",
  "kelurahan" : "Padang Kala",
  "kodepos" : "38653"
}, {
  "kecamatan" : "Lais",
  "kelurahan" : "Pal Tiga Puluh",
  "kodepos" : "38653"
}, {
  "kecamatan" : "Lais",
  "kelurahan" : "Pasar Lais",
  "kodepos" : "38653"
}, {
  "kecamatan" : "Air Padang",
  "kelurahan" : "Lubuk Mumpo",
  "kodepos" : "38653"
}, {
  "kecamatan" : "Air Padang",
  "kelurahan" : "Mesigit",
  "kodepos" : "38653"
}, {
  "kecamatan" : "Air Padang",
  "kelurahan" : "Kembang Manis",
  "kodepos" : "38653"
}, {
  "kecamatan" : "Lais",
  "kelurahan" : "Lubuk Gedang",
  "kodepos" : "38653"
}, {
  "kecamatan" : "Lais",
  "kelurahan" : "Lubuk Lesung",
  "kodepos" : "38653"
}, {
  "kecamatan" : "Lais",
  "kelurahan" : "Jago Bayo",
  "kodepos" : "38653"
}, {
  "kecamatan" : "Lais",
  "kelurahan" : "Kalbang",
  "kodepos" : "38653"
}, {
  "kecamatan" : "Lais",
  "kelurahan" : "Durian Daun",
  "kodepos" : "38653"
}, {
  "kecamatan" : "Lais",
  "kelurahan" : "Dusun Rajo/Raja",
  "kodepos" : "38653"
}, {
  "kecamatan" : "Air Padang",
  "kelurahan" : "Balam",
  "kodepos" : "38653"
}, {
  "kecamatan" : "Lais",
  "kelurahan" : "Datar Lebar",
  "kodepos" : "38653"
}, {
  "kecamatan" : "Arga Makmur",
  "kelurahan" : "Karang Suci",
  "kodepos" : "38619"
}, {
  "kecamatan" : "Lais",
  "kelurahan" : "Air Padang",
  "kodepos" : "38653"
}, {
  "kecamatan" : "Arga Makmur",
  "kelurahan" : "Lubuk Saung/Sahung",
  "kodepos" : "38618"
}, {
  "kecamatan" : "Arga Makmur",
  "kelurahan" : "Datar Ruyung",
  "kodepos" : "38617"
}, {
  "kecamatan" : "Arga Makmur",
  "kelurahan" : "Tanjung Raman",
  "kodepos" : "38617"
}, {
  "kecamatan" : "Arga Makmur",
  "kelurahan" : "Talang Denau",
  "kodepos" : "38611"
}, {
  "kecamatan" : "Arga Makmur",
  "kelurahan" : "Rama Agung",
  "kodepos" : "38614"
}, {
  "kecamatan" : "Arma Jaya",
  "kelurahan" : "Sidodadi",
  "kodepos" : "38611"
}, {
  "kecamatan" : "Arga Makmur",
  "kelurahan" : "Purwodadi",
  "kodepos" : "38612"
}, {
  "kecamatan" : "Arma Jaya",
  "kelurahan" : "Sumber Agung",
  "kodepos" : "38611"
}, {
  "kecamatan" : "Arma Jaya",
  "kelurahan" : "Tebing Kaning",
  "kodepos" : "38611"
}, {
  "kecamatan" : "Arga Makmur",
  "kelurahan" : "Senali",
  "kodepos" : "38611"
}, {
  "kecamatan" : "Arga Makmur",
  "kelurahan" : "Taba Tembilang",
  "kodepos" : "38611"
}, {
  "kecamatan" : "Arga Makmur",
  "kelurahan" : "Sido Urip",
  "kodepos" : "38611"
}, {
  "kecamatan" : "Arma Jaya",
  "kelurahan" : "Pematang Sapang",
  "kodepos" : "38611"
}, {
  "kecamatan" : "Arma Jaya",
  "kelurahan" : "Pagar Banyu",
  "kodepos" : "38611"
}, {
  "kecamatan" : "Arma Jaya",
  "kelurahan" : "Pagar Ruyung",
  "kodepos" : "38611"
}, {
  "kecamatan" : "Arga Makmur",
  "kelurahan" : "Kuro Tidur",
  "kodepos" : "38611"
}, {
  "kecamatan" : "Arma Jaya",
  "kelurahan" : "Kemumu",
  "kodepos" : "38611"
}, {
  "kecamatan" : "Arga Makmur",
  "kelurahan" : "Karang Anyar",
  "kodepos" : "38611"
}, {
  "kecamatan" : "Arga Makmur",
  "kelurahan" : "Karang Anyar Ilir",
  "kodepos" : "38611"
}, {
  "kecamatan" : "Arga Makmur",
  "kelurahan" : "Gunung Selam / Selan",
  "kodepos" : "38611"
}, {
  "kecamatan" : "Arma Jaya",
  "kelurahan" : "Kalai Duai",
  "kodepos" : "38611"
}, {
  "kecamatan" : "Arma Jaya",
  "kelurahan" : "Kali",
  "kodepos" : "38611"
}, {
  "kecamatan" : "Arga Makmur",
  "kelurahan" : "Gunung Alam",
  "kodepos" : "38611"
}, {
  "kecamatan" : "Arma Jaya",
  "kelurahan" : "Gunung Besar",
  "kodepos" : "38611"
}, {
  "kecamatan" : "Arga Makmur",
  "kelurahan" : "Gunung Agung",
  "kodepos" : "38611"
}, {
  "kecamatan" : "Arma Jaya",
  "kelurahan" : "Gardu",
  "kodepos" : "38611"
}, {
  "kecamatan" : "Arma Jaya",
  "kelurahan" : "Air Merah",
  "kodepos" : "38611"
}, {
  "kecamatan" : "Air Besi",
  "kelurahan" : "Tanjung Genting",
  "kodepos" : "38575"
}, {
  "kecamatan" : "Air Besi",
  "kelurahan" : "Tanjung Karet",
  "kodepos" : "38575"
}, {
  "kecamatan" : "Tanjung Agung Palik",
  "kelurahan" : "Tanjung Agung",
  "kodepos" : "38575"
}, {
  "kecamatan" : "Air Besi",
  "kelurahan" : "Talang Renah",
  "kodepos" : "38575"
}, {
  "kecamatan" : "Air Besi",
  "kelurahan" : "Talang Pungguk",
  "kodepos" : "38575"
}, {
  "kecamatan" : "Air Besi",
  "kelurahan" : "Talang Lembak",
  "kodepos" : "38575"
}, {
  "kecamatan" : "Air Besi",
  "kelurahan" : "Talang Ginting",
  "kodepos" : "38575"
}, {
  "kecamatan" : "Air Besi",
  "kelurahan" : "Sungai Pura",
  "kodepos" : "38575"
}, {
  "kecamatan" : "Air Besi",
  "kelurahan" : "Talang Baru Ginting",
  "kodepos" : "38575"
}, {
  "kecamatan" : "Tanjung Agung Palik",
  "kelurahan" : "Sawang Lebar Ilir",
  "kodepos" : "38575"
}, {
  "kecamatan" : "Air Besi",
  "kelurahan" : "Penyangkak",
  "kodepos" : "38575"
}, {
  "kecamatan" : "Tanjung Agung Palik",
  "kelurahan" : "Padang Sepan",
  "kodepos" : "38575"
}, {
  "kecamatan" : "Air Besi",
  "kelurahan" : "Lubuk Balam",
  "kodepos" : "38575"
}, {
  "kecamatan" : "Air Besi",
  "kelurahan" : "Kota Agung",
  "kodepos" : "38575"
}, {
  "kecamatan" : "Air Besi",
  "kelurahan" : "Kertapati",
  "kodepos" : "38575"
}, {
  "kecamatan" : "Air Besi",
  "kelurahan" : "Datar Macang",
  "kodepos" : "38575"
}, {
  "kecamatan" : "Air Besi",
  "kelurahan" : "Genting Perangkap",
  "kodepos" : "38575"
}, {
  "kecamatan" : "Air Besi",
  "kelurahan" : "Curup (Dusun Curup)",
  "kodepos" : "38575"
}, {
  "kecamatan" : "Enggano",
  "kelurahan" : "Kaana",
  "kodepos" : "38387"
}, {
  "kecamatan" : "Enggano",
  "kelurahan" : "Apoho",
  "kodepos" : "38387"
}, {
  "kecamatan" : "Enggano",
  "kelurahan" : "Malakoni",
  "kodepos" : "38387"
}, {
  "kecamatan" : "Enggano",
  "kelurahan" : "Meok",
  "kodepos" : "38387"
}, {
  "kecamatan" : "Enggano",
  "kelurahan" : "Khayapu",
  "kodepos" : "38387"
}, {
  "kecamatan" : "Enggano",
  "kelurahan" : "Banjar Sari",
  "kodepos" : "38387"
}, {
  "kecamatan" : "Kerkap",
  "kelurahan" : "Tebat Pacur",
  "kodepos" : "38374"
}, {
  "kecamatan" : "Hulu Palik",
  "kelurahan" : "Talang Rendah",
  "kodepos" : "38374"
}, {
  "kecamatan" : "Kerkap",
  "kelurahan" : "Tanjung Putus",
  "kodepos" : "38374"
}, {
  "kecamatan" : "Kerkap",
  "kelurahan" : "Talang Curup",
  "kodepos" : "38374"
}, {
  "kecamatan" : "Kerkap",
  "kelurahan" : "Talang Jambu",
  "kodepos" : "38374"
}, {
  "kecamatan" : "Kerkap",
  "kelurahan" : "Talang Pasak",
  "kodepos" : "38374"
}, {
  "kecamatan" : "Hulu Palik",
  "kelurahan" : "Taba Padang Kol",
  "kodepos" : "38374"
}, {
  "kecamatan" : "Hulu Palik",
  "kelurahan" : "Taba Padang Rejang",
  "kodepos" : "38374"
}, {
  "kecamatan" : "Hulu Palik",
  "kelurahan" : "Sumberejo",
  "kodepos" : "38374"
}, {
  "kecamatan" : "Kerkap",
  "kelurahan" : "Simpang Ketenong",
  "kodepos" : "38374"
}, {
  "kecamatan" : "Kerkap",
  "kelurahan" : "Serumbung",
  "kodepos" : "38374"
}, {
  "kecamatan" : "Tanjung Agung Palik",
  "kelurahan" : "Lubuk Pendam",
  "kodepos" : "38374"
}, {
  "kecamatan" : "Tanjung Agung Palik",
  "kelurahan" : "Sengkuang",
  "kodepos" : "38374"
}, {
  "kecamatan" : "Kerkap",
  "kelurahan" : "Magelang",
  "kodepos" : "38374"
}, {
  "kecamatan" : "Kerkap",
  "kelurahan" : "Perbo",
  "kodepos" : "38374"
}, {
  "kecamatan" : "Kerkap",
  "kelurahan" : "Lubuk Durian",
  "kodepos" : "38374"
}, {
  "kecamatan" : "Kerkap",
  "kelurahan" : "Salam Harjo",
  "kodepos" : "38374"
}, {
  "kecamatan" : "Kerkap",
  "kelurahan" : "Lubuk Jale",
  "kodepos" : "38374"
}, {
  "kecamatan" : "Kerkap",
  "kelurahan" : "Penyangkak",
  "kodepos" : "38374"
}, {
  "kecamatan" : "Hulu Palik",
  "kelurahan" : "Kota Lekat Ilir",
  "kodepos" : "38374"
}, {
  "kecamatan" : "Hulu Palik",
  "kelurahan" : "Padang Bendar",
  "kodepos" : "38374"
}, {
  "kecamatan" : "Hulu Palik",
  "kelurahan" : "Kota Lekat Mudik",
  "kodepos" : "38374"
}, {
  "kecamatan" : "Hulu Palik",
  "kelurahan" : "Pematang Dalam",
  "kodepos" : "38374"
}, {
  "kecamatan" : "Kerkap",
  "kelurahan" : "Kedu Baru",
  "kodepos" : "38374"
}, {
  "kecamatan" : "Kerkap",
  "kelurahan" : "Jogya Baru",
  "kodepos" : "38374"
}, {
  "kecamatan" : "Hulu Palik",
  "kelurahan" : "Batu Roto",
  "kodepos" : "38374"
}, {
  "kecamatan" : "Hulu Palik",
  "kelurahan" : "Batu Layang",
  "kodepos" : "38374"
}, {
  "kecamatan" : "Hulu Palik",
  "kelurahan" : "Batu Raja Kol",
  "kodepos" : "38374"
}, {
  "kecamatan" : "Air Napal",
  "kelurahan" : "Tebing Kandang",
  "kodepos" : "38373"
}, {
  "kecamatan" : "Hulu Palik",
  "kelurahan" : "Batu Raja Rejang",
  "kodepos" : "38374"
}, {
  "kecamatan" : "Air Napal",
  "kelurahan" : "Tepi Laut (Tepian Laut)",
  "kodepos" : "38373"
}, {
  "kecamatan" : "Kerkap",
  "kelurahan" : "Banyumas",
  "kodepos" : "38374"
}, {
  "kecamatan" : "Air Napal",
  "kelurahan" : "Selubuk",
  "kodepos" : "38373"
}, {
  "kecamatan" : "Kerkap",
  "kelurahan" : "Banyumas Baru",
  "kodepos" : "38374"
}, {
  "kecamatan" : "Air Napal",
  "kelurahan" : "Talang Jarang",
  "kodepos" : "38373"
}, {
  "kecamatan" : "Tanjung Agung Palik",
  "kelurahan" : "Alun Dua",
  "kodepos" : "38374"
}, {
  "kecamatan" : "Tanjung Agung Palik",
  "kelurahan" : "Sawang Lebar",
  "kodepos" : "38373"
}, {
  "kecamatan" : "Kerkap",
  "kelurahan" : "Aur Gading",
  "kodepos" : "38374"
}, {
  "kecamatan" : "Air Napal",
  "kelurahan" : "Pasar Palik",
  "kodepos" : "38373"
}, {
  "kecamatan" : "Hulu Palik",
  "kelurahan" : "Air Baus I",
  "kodepos" : "38374"
}, {
  "kecamatan" : "Air Napal",
  "kelurahan" : "Pasar Tebat",
  "kodepos" : "38373"
}, {
  "kecamatan" : "Hulu Palik",
  "kelurahan" : "Air Baus II",
  "kodepos" : "38374"
}, {
  "kecamatan" : "Air Napal",
  "kelurahan" : "Pasar Bemba",
  "kodepos" : "38373"
}, {
  "kecamatan" : "Hulu Palik",
  "kelurahan" : "Air Banai",
  "kodepos" : "38374"
}, {
  "kecamatan" : "Air Napal",
  "kelurahan" : "Pasar Kerkap",
  "kodepos" : "38373"
}, {
  "kecamatan" : "Air Napal",
  "kelurahan" : "Talang Kering",
  "kodepos" : "38373"
}, {
  "kecamatan" : "Tanjung Agung Palik",
  "kelurahan" : "Lubuk Sematung",
  "kodepos" : "38373"
}, {
  "kecamatan" : "Air Napal",
  "kelurahan" : "Lubuk Tanjung",
  "kodepos" : "38373"
}, {
  "kecamatan" : "Tanjung Agung Palik",
  "kelurahan" : "Lubuk Gading",
  "kodepos" : "38373"
}, {
  "kecamatan" : "Air Napal",
  "kelurahan" : "Dusun Pukur",
  "kodepos" : "38373"
}, {
  "kecamatan" : "Tanjung Agung Palik",
  "kelurahan" : "Ketapi",
  "kodepos" : "38373"
}, {
  "kecamatan" : "Air Napal",
  "kelurahan" : "Air Napal",
  "kodepos" : "38373"
}, {
  "kecamatan" : "Napal Putih",
  "kelurahan" : "Teluk Anggung",
  "kodepos" : "38363"
}, {
  "kecamatan" : "Ulok Kupai",
  "kelurahan" : "Tanjung Sari",
  "kodepos" : "38363"
}, {
  "kecamatan" : "Napal Putih",
  "kelurahan" : "Tanjung Kemayan (Kemenyan)",
  "kodepos" : "38363"
}, {
  "kecamatan" : "Ulok Kupai",
  "kelurahan" : "Tanjung Dalam",
  "kodepos" : "38363"
}, {
  "kecamatan" : "Ulok Kupai",
  "kelurahan" : "Tanjung Harapan",
  "kodepos" : "38363"
}, {
  "kecamatan" : "Napal Putih",
  "kelurahan" : "Tanjung Alai",
  "kodepos" : "38363"
}, {
  "kecamatan" : "Ulok Kupai",
  "kelurahan" : "Talang Berantai",
  "kodepos" : "38363"
}, {
  "kecamatan" : "Ulok Kupai",
  "kelurahan" : "Pondok Bakil",
  "kodepos" : "38363"
}, {
  "kecamatan" : "Napal Putih",
  "kelurahan" : "Muara Santan",
  "kodepos" : "38363"
}, {
  "kecamatan" : "Napal Putih",
  "kelurahan" : "Napal Putih",
  "kodepos" : "38363"
}, {
  "kecamatan" : "Ulok Kupai",
  "kelurahan" : "Pagar Din",
  "kodepos" : "38363"
}, {
  "kecamatan" : "Napal Putih",
  "kelurahan" : "Kinal Jaya",
  "kodepos" : "38363"
}, {
  "kecamatan" : "Napal Putih",
  "kelurahan" : "Lebong Tandai",
  "kodepos" : "38363"
}, {
  "kecamatan" : "Napal Putih",
  "kelurahan" : "Gembung Raya",
  "kodepos" : "38363"
}, {
  "kecamatan" : "Napal Putih",
  "kelurahan" : "Jabi (Dusun Jabi)",
  "kodepos" : "38363"
}, {
  "kecamatan" : "Ulok Kupai",
  "kelurahan" : "Bukit Berlian",
  "kodepos" : "38363"
}, {
  "kecamatan" : "Ulok Kupai",
  "kelurahan" : "Bukit Sari",
  "kodepos" : "38363"
}, {
  "kecamatan" : "Napal Putih",
  "kelurahan" : "Air Tenang",
  "kodepos" : "38363"
}, {
  "kecamatan" : "Ulok Kupai",
  "kelurahan" : "Bangun Karya",
  "kodepos" : "38363"
}, {
  "kecamatan" : "Ketahun",
  "kelurahan" : "Urai",
  "kodepos" : "38361"
}, {
  "kecamatan" : "Ulok Kupai",
  "kelurahan" : "Air Lelangi",
  "kodepos" : "38363"
}, {
  "kecamatan" : "Ketahun",
  "kelurahan" : "Tanjung Muara",
  "kodepos" : "38361"
}, {
  "kecamatan" : "Ketahun",
  "kelurahan" : "Tanjung Muara 1",
  "kodepos" : "38361"
}, {
  "kecamatan" : "Ketahun",
  "kelurahan" : "Sumber Mulya",
  "kodepos" : "38361"
}, {
  "kecamatan" : "Ketahun",
  "kelurahan" : "Talang Baru",
  "kodepos" : "38361"
}, {
  "kecamatan" : "Ketahun",
  "kelurahan" : "Pasar Ketahun",
  "kodepos" : "38361"
}, {
  "kecamatan" : "Ketahun",
  "kelurahan" : "Lubuk Mindai",
  "kodepos" : "38361"
}, {
  "kecamatan" : "Ketahun",
  "kelurahan" : "Marga Bakti",
  "kodepos" : "38361"
}, {
  "kecamatan" : "Ketahun",
  "kelurahan" : "Gunung Payung",
  "kodepos" : "38361"
}, {
  "kecamatan" : "Ketahun",
  "kelurahan" : "Kuala Langi/Lelangi",
  "kodepos" : "38361"
}, {
  "kecamatan" : "Ketahun",
  "kelurahan" : "Dusun Raja",
  "kodepos" : "38361"
}, {
  "kecamatan" : "Ketahun",
  "kelurahan" : "Fajar Baru",
  "kodepos" : "38361"
}, {
  "kecamatan" : "Ketahun",
  "kelurahan" : "Giri Kencana",
  "kodepos" : "38361"
}, {
  "kecamatan" : "Ketahun",
  "kelurahan" : "Bumi Harjo",
  "kodepos" : "38361"
}, {
  "kecamatan" : "Ketahun",
  "kelurahan" : "Bukit Makmur",
  "kodepos" : "38361"
}, {
  "kecamatan" : "Ketahun",
  "kelurahan" : "Bukit Tinggi",
  "kodepos" : "38361"
}, {
  "kecamatan" : "Ketahun",
  "kelurahan" : "Bukit Harapan",
  "kodepos" : "38361"
}, {
  "kecamatan" : "Ketahun",
  "kelurahan" : "Bukit Indah",
  "kodepos" : "38361"
}, {
  "kecamatan" : "Ketahun",
  "kelurahan" : "Air Sekamanak",
  "kodepos" : "38361"
}, {
  "kecamatan" : "Ketahun",
  "kelurahan" : "Air Simpang",
  "kodepos" : "38361"
}, {
  "kecamatan" : "Ketahun",
  "kelurahan" : "Air Sebayur",
  "kodepos" : "38361"
}, {
  "kecamatan" : "Putri Hijau",
  "kelurahan" : "Talang Arah",
  "kodepos" : "38326"
}, {
  "kecamatan" : "Putri Hijau",
  "kelurahan" : "Suka Merindu",
  "kodepos" : "38326"
}, {
  "kecamatan" : "Putri Hijau",
  "kelurahan" : "Suka Negara",
  "kodepos" : "38326"
}, {
  "kecamatan" : "Putri Hijau",
  "kelurahan" : "Suka Medan",
  "kodepos" : "38326"
}, {
  "kecamatan" : "Putri Hijau",
  "kelurahan" : "Suka Makmur",
  "kodepos" : "38326"
}, {
  "kecamatan" : "Putri Hijau",
  "kelurahan" : "Suka Maju",
  "kodepos" : "38326"
}, {
  "kecamatan" : "Putri Hijau",
  "kelurahan" : "Suka Baru",
  "kodepos" : "38326"
}, {
  "kecamatan" : "Putri Hijau",
  "kelurahan" : "Pasar Sebelat",
  "kodepos" : "38326"
}, {
  "kecamatan" : "Putri Hijau",
  "kelurahan" : "Pasar Baru Kota Bani",
  "kodepos" : "38326"
}, {
  "kecamatan" : "Putri Hijau",
  "kelurahan" : "Karya Pelita",
  "kodepos" : "38326"
}, {
  "kecamatan" : "Putri Hijau",
  "kelurahan" : "Karya Bakti",
  "kodepos" : "38326"
}, {
  "kecamatan" : "Putri Hijau",
  "kelurahan" : "Karya Jaya",
  "kodepos" : "38326"
}, {
  "kecamatan" : "Putri Hijau",
  "kelurahan" : "Karang Tengah",
  "kodepos" : "38326"
}, {
  "kecamatan" : "Putri Hijau",
  "kelurahan" : "Karang Pulau",
  "kodepos" : "38326"
}, {
  "kecamatan" : "Putri Hijau",
  "kelurahan" : "Cipta Mulya",
  "kodepos" : "38326"
}, {
  "kecamatan" : "Putri Hijau",
  "kelurahan" : "Air Putih",
  "kodepos" : "38326"
}, {
  "kecamatan" : "Putri Hijau",
  "kelurahan" : "Air Petai",
  "kodepos" : "38326"
}, {
  "kecamatan" : "Putri Hijau",
  "kelurahan" : "Air Pandan",
  "kodepos" : "38326"
}, {
  "kecamatan" : "Putri Hijau",
  "kelurahan" : "Air Muring",
  "kodepos" : "38326"
} ]
