[ {
  "kecamatan" : "Mimika Barat Jauh",
  "kelurahan" : "Umar",
  "kodepos" : "99974"
}, {
  "kecamatan" : "Mimika Barat Jauh",
  "kelurahan" : "Yapakopa",
  "kodepos" : "99974"
}, {
  "kecamatan" : "Mimika Barat Jauh",
  "kelurahan" : "Potowayburu (Potowaiburu)",
  "kodepos" : "99974"
}, {
  "kecamatan" : "Mimika Barat Jauh",
  "kelurahan" : "Tapormai",
  "kodepos" : "99974"
}, {
  "kecamatan" : "Mimika Barat Jauh",
  "kelurahan" : "Aiduna (Aindua)",
  "kodepos" : "99974"
}, {
  "kecamatan" : "Mimika Barat (Mibar)",
  "kelurahan" : "Yaraya",
  "kodepos" : "99973"
}, {
  "kecamatan" : "Mimika Barat Tengah",
  "kelurahan" : "Wakia",
  "kodepos" : "99973"
}, {
  "kecamatan" : "Mimika Barat Tengah",
  "kelurahan" : "Wumuka",
  "kodepos" : "99973"
}, {
  "kecamatan" : "Mimika Barat Tengah",
  "kelurahan" : "Uta",
  "kodepos" : "99973"
}, {
  "kecamatan" : "Mimika Barat Tengah",
  "kelurahan" : "Pronggo",
  "kodepos" : "99973"
}, {
  "kecamatan" : "Mimika Barat (Mibar)",
  "kelurahan" : "Paripi",
  "kodepos" : "99973"
}, {
  "kecamatan" : "Mimika Barat (Mibar)",
  "kelurahan" : "Mimika",
  "kodepos" : "99973"
}, {
  "kecamatan" : "Mimika Barat (Mibar)",
  "kelurahan" : "Migiwia",
  "kodepos" : "99973"
}, {
  "kecamatan" : "Mimika Barat Tengah",
  "kelurahan" : "Mapuruku (Mapuruka/Mupuruka)",
  "kodepos" : "99973"
}, {
  "kecamatan" : "Mimika Barat Tengah",
  "kelurahan" : "Mapar",
  "kodepos" : "99973"
}, {
  "kecamatan" : "Mimika Barat (Mibar)",
  "kelurahan" : "Manaware (Manuare)",
  "kodepos" : "99973"
}, {
  "kecamatan" : "Mimika Barat (Mibar)",
  "kelurahan" : "Kokonao",
  "kodepos" : "99973"
}, {
  "kecamatan" : "Mimika Barat (Mibar)",
  "kelurahan" : "Kiyura",
  "kodepos" : "99973"
}, {
  "kecamatan" : "Mimika Barat (Mibar)",
  "kelurahan" : "Kawar (Kauar)",
  "kodepos" : "99973"
}, {
  "kecamatan" : "Mimika Barat Tengah",
  "kelurahan" : "Kipia",
  "kodepos" : "99973"
}, {
  "kecamatan" : "Mimika Barat Tengah",
  "kelurahan" : "Kapiraya",
  "kodepos" : "99973"
}, {
  "kecamatan" : "Mimika Barat (Mibar)",
  "kelurahan" : "Apiri (Ipiri)",
  "kodepos" : "99973"
}, {
  "kecamatan" : "Mimika Barat (Mibar)",
  "kelurahan" : "Amar",
  "kodepos" : "99973"
}, {
  "kecamatan" : "Mimika Barat Tengah",
  "kelurahan" : "Akar",
  "kodepos" : "99973"
}, {
  "kecamatan" : "Mimika Timur Tengah",
  "kelurahan" : "Tiwaka",
  "kodepos" : "99972"
}, {
  "kecamatan" : "Mimika Timur Tengah",
  "kelurahan" : "Keakwa",
  "kodepos" : "99972"
}, {
  "kecamatan" : "Mimika Timur Tengah",
  "kelurahan" : "Kamora",
  "kodepos" : "99972"
}, {
  "kecamatan" : "Mimika Timur Tengah",
  "kelurahan" : "Atuka",
  "kodepos" : "99972"
}, {
  "kecamatan" : "Mimika Timur Tengah",
  "kelurahan" : "Aikawapuka",
  "kodepos" : "99972"
}, {
  "kecamatan" : "Mimika Timur Jauh",
  "kelurahan" : "Ohotya",
  "kodepos" : "99971"
}, {
  "kecamatan" : "Mimika Timur Jauh",
  "kelurahan" : "Omawita",
  "kodepos" : "99971"
}, {
  "kecamatan" : "Mimika Timur Jauh",
  "kelurahan" : "Fanamo",
  "kodepos" : "99971"
}, {
  "kecamatan" : "Mimika Timur Jauh",
  "kelurahan" : "Ayuka",
  "kodepos" : "99971"
}, {
  "kecamatan" : "Mimika Timur Jauh",
  "kelurahan" : "Amamapare",
  "kodepos" : "99971"
}, {
  "kecamatan" : "Kuala Kencana",
  "kelurahan" : "Utikini Baru",
  "kodepos" : "99968"
}, {
  "kecamatan" : "Kuala Kencana",
  "kelurahan" : "Naena Muktipura",
  "kodepos" : "99968"
}, {
  "kecamatan" : "Kuala Kencana",
  "kelurahan" : "Kuala Kencana",
  "kodepos" : "99968"
}, {
  "kecamatan" : "Kuala Kencana",
  "kelurahan" : "Mulia Kencana",
  "kodepos" : "99968"
}, {
  "kecamatan" : "Kuala Kencana",
  "kelurahan" : "Karang Senang",
  "kodepos" : "99968"
}, {
  "kecamatan" : "Kuala Kencana",
  "kelurahan" : "Iwaka",
  "kodepos" : "99968"
}, {
  "kecamatan" : "Kuala Kencana",
  "kelurahan" : "Bhintuka",
  "kodepos" : "99968"
}, {
  "kecamatan" : "Tembagapura",
  "kelurahan" : "Waa",
  "kodepos" : "99967"
}, {
  "kecamatan" : "Tembagapura",
  "kelurahan" : "Tembagapura",
  "kodepos" : "99967"
}, {
  "kecamatan" : "Tembagapura",
  "kelurahan" : "Singa (T&#8217;Singa)",
  "kodepos" : "99967"
}, {
  "kecamatan" : "Tembagapura",
  "kelurahan" : "Puti",
  "kodepos" : "99967"
}, {
  "kecamatan" : "Tembagapura",
  "kelurahan" : "Opitawak",
  "kodepos" : "99967"
}, {
  "kecamatan" : "Tembagapura",
  "kelurahan" : "Jinoni (Jinonin)",
  "kodepos" : "99967"
}, {
  "kecamatan" : "Tembagapura",
  "kelurahan" : "Jagamin",
  "kodepos" : "99967"
}, {
  "kecamatan" : "Tembagapura",
  "kelurahan" : "Hoya",
  "kodepos" : "99967"
}, {
  "kecamatan" : "Tembagapura",
  "kelurahan" : "Ilaga",
  "kodepos" : "99967"
}, {
  "kecamatan" : "Tembagapura",
  "kelurahan" : "Banigogom",
  "kodepos" : "99967"
}, {
  "kecamatan" : "Tembagapura",
  "kelurahan" : "Doliningokngin",
  "kodepos" : "99967"
}, {
  "kecamatan" : "Tembagapura",
  "kelurahan" : "Arwandop (Arwanop)",
  "kodepos" : "99967"
}, {
  "kecamatan" : "Jila",
  "kelurahan" : "Jila",
  "kodepos" : "99966"
}, {
  "kecamatan" : "Jila",
  "kelurahan" : "Noemun",
  "kodepos" : "99966"
}, {
  "kecamatan" : "Jila",
  "kelurahan" : "Enggin",
  "kodepos" : "99966"
}, {
  "kecamatan" : "Jila",
  "kelurahan" : "Geselama",
  "kodepos" : "99966"
}, {
  "kecamatan" : "Jita",
  "kelurahan" : "Wenin",
  "kodepos" : "99965"
}, {
  "kecamatan" : "Jila",
  "kelurahan" : "Diloa",
  "kodepos" : "99966"
}, {
  "kecamatan" : "Jita",
  "kelurahan" : "Wapu",
  "kodepos" : "99965"
}, {
  "kecamatan" : "Jita",
  "kelurahan" : "Sempan Timur",
  "kodepos" : "99965"
}, {
  "kecamatan" : "Jita",
  "kelurahan" : "Sumapro",
  "kodepos" : "99965"
}, {
  "kecamatan" : "Jita",
  "kelurahan" : "Noema (Nerva)",
  "kodepos" : "99965"
}, {
  "kecamatan" : "Agimuga",
  "kelurahan" : "Fakafuku",
  "kodepos" : "99964"
}, {
  "kecamatan" : "Agimuga",
  "kelurahan" : "Kiliarma",
  "kodepos" : "99964"
}, {
  "kecamatan" : "Agimuga",
  "kelurahan" : "Amungun",
  "kodepos" : "99964"
}, {
  "kecamatan" : "Agimuga",
  "kelurahan" : "Aramsolki",
  "kodepos" : "99964"
}, {
  "kecamatan" : "Mimika Timur",
  "kelurahan" : "Wania",
  "kodepos" : "99963"
}, {
  "kecamatan" : "Mimika Timur",
  "kelurahan" : "Pigapu",
  "kodepos" : "99963"
}, {
  "kecamatan" : "Mimika Timur",
  "kelurahan" : "Pomako (Paumako)",
  "kodepos" : "99963"
}, {
  "kecamatan" : "Mimika Timur",
  "kelurahan" : "Tipuka",
  "kodepos" : "99963"
}, {
  "kecamatan" : "Mimika Timur",
  "kelurahan" : "Kaugapu",
  "kodepos" : "99963"
}, {
  "kecamatan" : "Mimika Timur",
  "kelurahan" : "Mwapi",
  "kodepos" : "99963"
}, {
  "kecamatan" : "Mimika Timur",
  "kelurahan" : "Hiripau",
  "kodepos" : "99963"
}, {
  "kecamatan" : "Mimika Timur",
  "kelurahan" : "Kadun Jaya",
  "kodepos" : "99963"
}, {
  "kecamatan" : "Mimika Baru",
  "kelurahan" : "Wangirja",
  "kodepos" : "99910"
}, {
  "kecamatan" : "Mimika Baru",
  "kelurahan" : "Wonosari Jaya",
  "kodepos" : "99910"
}, {
  "kecamatan" : "Mimika Baru",
  "kelurahan" : "Timika Jaya",
  "kodepos" : "99910"
}, {
  "kecamatan" : "Mimika Baru",
  "kelurahan" : "Nayaro",
  "kodepos" : "99910"
}, {
  "kecamatan" : "Mimika Baru",
  "kelurahan" : "Nawaripi",
  "kodepos" : "99910"
}, {
  "kecamatan" : "Mimika Baru",
  "kelurahan" : "Kwamki",
  "kodepos" : "99910"
}, {
  "kecamatan" : "Mimika Baru",
  "kelurahan" : "Limau Asri",
  "kodepos" : "99910"
}, {
  "kecamatan" : "Mimika Baru",
  "kelurahan" : "Kamoro Jaya",
  "kodepos" : "99910"
}, {
  "kecamatan" : "Mimika Baru",
  "kelurahan" : "Koperapoka",
  "kodepos" : "99910"
}, {
  "kecamatan" : "Mimika Baru",
  "kelurahan" : "Harapan",
  "kodepos" : "99910"
}, {
  "kecamatan" : "Mimika Baru",
  "kelurahan" : "Inaoga (Inauga)",
  "kodepos" : "99910"
} ]
