[ {
  "kecamatan" : "Kawagit",
  "kelurahan" : "Wanggom",
  "kodepos" : "99665"
}, {
  "kecamatan" : "Firiwage",
  "kelurahan" : "Waliburu",
  "kodepos" : "99665"
}, {
  "kecamatan" : "Kawagit",
  "kelurahan" : "Niop",
  "kodepos" : "99665"
}, {
  "kecamatan" : "Manggelum",
  "kelurahan" : "Mangga Tiga",
  "kodepos" : "99665"
}, {
  "kecamatan" : "Manggelum",
  "kelurahan" : "Manggelum",
  "kodepos" : "99665"
}, {
  "kecamatan" : "Kouh",
  "kelurahan" : "Kouh",
  "kodepos" : "99665"
}, {
  "kecamatan" : "Manggelum",
  "kelurahan" : "Kewam",
  "kodepos" : "99665"
}, {
  "kecamatan" : "Kawagit",
  "kelurahan" : "Kombai",
  "kodepos" : "99665"
}, {
  "kecamatan" : "Firiwage",
  "kelurahan" : "Karuwage",
  "kodepos" : "99665"
}, {
  "kecamatan" : "Firiwage",
  "kelurahan" : "Karuwage",
  "kodepos" : "99665"
}, {
  "kecamatan" : "Manggelum",
  "kelurahan" : "Gaguop",
  "kodepos" : "99665"
}, {
  "kecamatan" : "Firiwage",
  "kelurahan" : "Firiwage",
  "kodepos" : "99665"
}, {
  "kecamatan" : "Firiwage",
  "kelurahan" : "Kabuwage",
  "kodepos" : "99665"
}, {
  "kecamatan" : "Manggelum",
  "kelurahan" : "Burunggop",
  "kodepos" : "99665"
}, {
  "kecamatan" : "Kawagit",
  "kelurahan" : "Biwage",
  "kodepos" : "99665"
}, {
  "kecamatan" : "Kawagit",
  "kelurahan" : "Biwage Dua",
  "kodepos" : "99665"
}, {
  "kecamatan" : "Manggelum",
  "kelurahan" : "Bayanggop",
  "kodepos" : "99665"
}, {
  "kecamatan" : "Yaniruma",
  "kelurahan" : "Yaniruma",
  "kodepos" : "99664"
}, {
  "kecamatan" : "Waropko",
  "kelurahan" : "Winiktit",
  "kodepos" : "99664"
}, {
  "kecamatan" : "Waropko",
  "kelurahan" : "Wombon",
  "kodepos" : "99664"
}, {
  "kecamatan" : "Kombay",
  "kelurahan" : "Yafufla",
  "kodepos" : "99664"
}, {
  "kecamatan" : "Waropko",
  "kelurahan" : "Waropko",
  "kodepos" : "99664"
}, {
  "kecamatan" : "Kombay",
  "kelurahan" : "Wanggemalo",
  "kodepos" : "99664"
}, {
  "kecamatan" : "Waropko",
  "kelurahan" : "Wametkapa",
  "kodepos" : "99664"
}, {
  "kecamatan" : "Ninati",
  "kelurahan" : "Upyetetko",
  "kodepos" : "99664"
}, {
  "kecamatan" : "Waropko",
  "kelurahan" : "Upkim",
  "kodepos" : "99664"
}, {
  "kecamatan" : "Kombay",
  "kelurahan" : "Ugo",
  "kodepos" : "99664"
}, {
  "kecamatan" : "Ninati",
  "kelurahan" : "Tembutka",
  "kodepos" : "99664"
}, {
  "kecamatan" : "Ninati",
  "kelurahan" : "Timka",
  "kodepos" : "99664"
}, {
  "kecamatan" : "Kombay",
  "kelurahan" : "Sinimburu",
  "kodepos" : "99664"
}, {
  "kecamatan" : "Ambatkwi (Ambatkui)",
  "kelurahan" : "Kuken",
  "kodepos" : "99664"
}, {
  "kecamatan" : "Ninati",
  "kelurahan" : "Ninati",
  "kodepos" : "99664"
}, {
  "kecamatan" : "Yaniruma",
  "kelurahan" : "Manggemakhe (Manggemahe)",
  "kodepos" : "99664"
}, {
  "kecamatan" : "Ambatkwi (Ambatkui)",
  "kelurahan" : "Klofkamp (Kolopkam)",
  "kodepos" : "99664"
}, {
  "kecamatan" : "Ninati",
  "kelurahan" : "Kawaktembut",
  "kodepos" : "99664"
}, {
  "kecamatan" : "Waropko",
  "kelurahan" : "Kanggewot",
  "kodepos" : "99664"
}, {
  "kecamatan" : "Waropko",
  "kelurahan" : "Ikcan",
  "kodepos" : "99664"
}, {
  "kecamatan" : "Waropko",
  "kelurahan" : "Inggembit (Enggembit)",
  "kodepos" : "99664"
}, {
  "kecamatan" : "Waropko",
  "kelurahan" : "Jetetkun / Yetetkun",
  "kodepos" : "99664"
}, {
  "kecamatan" : "Yaniruma",
  "kelurahan" : "Fefero (Fefeko)",
  "kodepos" : "99664"
}, {
  "kecamatan" : "Kombay",
  "kelurahan" : "Dema",
  "kodepos" : "99664"
}, {
  "kecamatan" : "Ambatkwi (Ambatkui)",
  "kelurahan" : "Awaken (Nyum)",
  "kodepos" : "99664"
}, {
  "kecamatan" : "Ambatkwi (Ambatkui)",
  "kelurahan" : "Anyumka",
  "kodepos" : "99664"
}, {
  "kecamatan" : "Ambatkwi (Ambatkui)",
  "kelurahan" : "Arimbit",
  "kodepos" : "99664"
}, {
  "kecamatan" : "Bomakia",
  "kelurahan" : "Uni",
  "kodepos" : "99663"
}, {
  "kecamatan" : "Arimop",
  "kelurahan" : "Ujung",
  "kodepos" : "99663"
}, {
  "kecamatan" : "Bomakia",
  "kelurahan" : "Somi",
  "kodepos" : "99663"
}, {
  "kecamatan" : "Mandobo",
  "kelurahan" : "Sohokanggo (Sokanggo)",
  "kodepos" : "99663"
}, {
  "kecamatan" : "Fofi",
  "kelurahan" : "Sadar",
  "kodepos" : "99663"
}, {
  "kecamatan" : "Fofi",
  "kelurahan" : "Sohokanggo",
  "kodepos" : "99663"
}, {
  "kecamatan" : "Fofi",
  "kelurahan" : "Navini",
  "kodepos" : "99663"
}, {
  "kecamatan" : "Mandobo",
  "kelurahan" : "Persatuan",
  "kodepos" : "99663"
}, {
  "kecamatan" : "Arimop",
  "kelurahan" : "Patriot",
  "kodepos" : "99663"
}, {
  "kecamatan" : "Mandobo",
  "kelurahan" : "Mariam",
  "kodepos" : "99663"
}, {
  "kecamatan" : "Mandobo",
  "kelurahan" : "Mawan",
  "kodepos" : "99663"
}, {
  "kecamatan" : "Fofi",
  "kelurahan" : "Makmur",
  "kodepos" : "99663"
}, {
  "kecamatan" : "Kouh",
  "kelurahan" : "Mandobo",
  "kodepos" : "99663"
}, {
  "kecamatan" : "Fofi",
  "kelurahan" : "Hello",
  "kodepos" : "99663"
}, {
  "kecamatan" : "Arimop",
  "kelurahan" : "Maju",
  "kodepos" : "99663"
}, {
  "kecamatan" : "Fofi",
  "kelurahan" : "Hamkhu",
  "kodepos" : "99663"
}, {
  "kecamatan" : "Arimop",
  "kelurahan" : "Ginggimop (Ginggimob)",
  "kodepos" : "99663"
}, {
  "kecamatan" : "Bomakia",
  "kelurahan" : "Bomakia Satu (I)",
  "kodepos" : "99663"
}, {
  "kecamatan" : "Fofi",
  "kelurahan" : "Domo",
  "kodepos" : "99663"
}, {
  "kecamatan" : "Arimop",
  "kelurahan" : "Bukit",
  "kodepos" : "99663"
}, {
  "kecamatan" : "Bomakia",
  "kelurahan" : "Bomakia Dua (II)",
  "kodepos" : "99663"
}, {
  "kecamatan" : "Fofi",
  "kelurahan" : "Bangun",
  "kodepos" : "99663"
}, {
  "kecamatan" : "Arimop",
  "kelurahan" : "Aroa",
  "kodepos" : "99663"
}, {
  "kecamatan" : "Arimop",
  "kelurahan" : "Arimbet",
  "kodepos" : "99663"
}, {
  "kecamatan" : "Mandobo",
  "kelurahan" : "Ampera",
  "kodepos" : "99663"
}, {
  "kecamatan" : "Bomakia",
  "kelurahan" : "Aifo",
  "kodepos" : "99663"
}, {
  "kecamatan" : "Sesnuk",
  "kelurahan" : "Yomkondo",
  "kodepos" : "99662"
}, {
  "kecamatan" : "Iniyandit",
  "kelurahan" : "Wariktop (Wariktoop)",
  "kodepos" : "99662"
}, {
  "kecamatan" : "Mindiptana",
  "kelurahan" : "Umap",
  "kodepos" : "99662"
}, {
  "kecamatan" : "Mindiptana",
  "kelurahan" : "Wanggat Kibi",
  "kodepos" : "99662"
}, {
  "kecamatan" : "Sesnuk",
  "kelurahan" : "Sesnuk",
  "kodepos" : "99662"
}, {
  "kecamatan" : "Mindiptana",
  "kelurahan" : "Tinggam",
  "kodepos" : "99662"
}, {
  "kecamatan" : "Iniyandit",
  "kelurahan" : "Tetop",
  "kodepos" : "99662"
}, {
  "kecamatan" : "Mindiptana",
  "kelurahan" : "Osso",
  "kodepos" : "99662"
}, {
  "kecamatan" : "Iniyandit",
  "kelurahan" : "Ogenetan (Ogenathan)",
  "kodepos" : "99662"
}, {
  "kecamatan" : "Mindiptana",
  "kelurahan" : "Niyimbang",
  "kodepos" : "99662"
}, {
  "kecamatan" : "Kombut",
  "kelurahan" : "Mokbiran",
  "kodepos" : "99662"
}, {
  "kecamatan" : "Mindiptana",
  "kelurahan" : "Mindiptana",
  "kodepos" : "99662"
}, {
  "kecamatan" : "Iniyandit",
  "kelurahan" : "Langgoan",
  "kodepos" : "99662"
}, {
  "kecamatan" : "Kombut",
  "kelurahan" : "Kawangtet",
  "kodepos" : "99662"
}, {
  "kecamatan" : "Mindiptana",
  "kelurahan" : "Kamka",
  "kodepos" : "99662"
}, {
  "kecamatan" : "Sesnuk",
  "kelurahan" : "Kanggup",
  "kodepos" : "99662"
}, {
  "kecamatan" : "Mindiptana",
  "kelurahan" : "Epsembit",
  "kodepos" : "99662"
}, {
  "kecamatan" : "Mindiptana",
  "kelurahan" : "Imko",
  "kodepos" : "99662"
}, {
  "kecamatan" : "Mindiptana",
  "kelurahan" : "Kakuna",
  "kodepos" : "99662"
}, {
  "kecamatan" : "Kombut",
  "kelurahan" : "Awayanka",
  "kodepos" : "99662"
}, {
  "kecamatan" : "Mindiptana",
  "kelurahan" : "Awayanka",
  "kodepos" : "99662"
}, {
  "kecamatan" : "Iniyandit",
  "kelurahan" : "Autriop",
  "kodepos" : "99662"
}, {
  "kecamatan" : "Sesnuk",
  "kelurahan" : "Anggamburan",
  "kodepos" : "99662"
}, {
  "kecamatan" : "Mindiptana",
  "kelurahan" : "Anggumbit",
  "kodepos" : "99662"
}, {
  "kecamatan" : "Mindiptana",
  "kelurahan" : "Andopbit",
  "kodepos" : "99662"
}, {
  "kecamatan" : "Kombut",
  "kelurahan" : "Amuan",
  "kodepos" : "99662"
}, {
  "kecamatan" : "Sesnuk",
  "kelurahan" : "Amboran",
  "kodepos" : "99662"
}, {
  "kecamatan" : "Ki",
  "kelurahan" : "Watemu",
  "kodepos" : "99661"
}, {
  "kecamatan" : "Subur",
  "kelurahan" : "Waghai (Bhakti)",
  "kodepos" : "99661"
}, {
  "kecamatan" : "Ki",
  "kelurahan" : "Ujungkia",
  "kodepos" : "99661"
}, {
  "kecamatan" : "Ki",
  "kelurahan" : "Obinangge",
  "kodepos" : "99661"
}, {
  "kecamatan" : "Subur",
  "kelurahan" : "Subur",
  "kodepos" : "99661"
}, {
  "kecamatan" : "Jair",
  "kelurahan" : "Miri",
  "kodepos" : "99661"
}, {
  "kecamatan" : "Ki",
  "kelurahan" : "Metto",
  "kodepos" : "99661"
}, {
  "kecamatan" : "Jair",
  "kelurahan" : "Kapogu",
  "kodepos" : "99661"
}, {
  "kecamatan" : "Subur",
  "kelurahan" : "Kaisa (Kaisah)",
  "kodepos" : "99661"
}, {
  "kecamatan" : "Kouh",
  "kelurahan" : "Jair",
  "kodepos" : "99661"
}, {
  "kecamatan" : "Jair",
  "kelurahan" : "Butiptiri",
  "kodepos" : "99661"
}, {
  "kecamatan" : "Jair",
  "kelurahan" : "Getentiri",
  "kodepos" : "99661"
}, {
  "kecamatan" : "Jair",
  "kelurahan" : "Anggai",
  "kodepos" : "99661"
}, {
  "kecamatan" : "Jair",
  "kelurahan" : "Asiki",
  "kodepos" : "99661"
}, {
  "kecamatan" : "Subur",
  "kelurahan" : "Aiwat",
  "kodepos" : "99661"
} ]
