[ {
  "kecamatan" : "Jagebob",
  "kelurahan" : "Wenda Asri",
  "kodepos" : "99656"
}, {
  "kecamatan" : "Sota",
  "kelurahan" : "Yanggandur",
  "kodepos" : "99656"
}, {
  "kecamatan" : "Animha",
  "kelurahan" : "Wayau (Wayao/Wajau)",
  "kodepos" : "99656"
}, {
  "kecamatan" : "Kurik",
  "kelurahan" : "Telaga Sari",
  "kodepos" : "99656"
}, {
  "kecamatan" : "Sota",
  "kelurahan" : "Toray (Torray)",
  "kodepos" : "99656"
}, {
  "kecamatan" : "Kurik",
  "kelurahan" : "Sumber Mulia",
  "kodepos" : "99656"
}, {
  "kecamatan" : "Kurik",
  "kelurahan" : "Sumber Rejeki",
  "kodepos" : "99656"
}, {
  "kecamatan" : "Malind",
  "kelurahan" : "Suka Maju",
  "kodepos" : "99656"
}, {
  "kecamatan" : "Sota",
  "kelurahan" : "Sota",
  "kodepos" : "99656"
}, {
  "kecamatan" : "Animha",
  "kelurahan" : "Senegi",
  "kodepos" : "99656"
}, {
  "kecamatan" : "Malind",
  "kelurahan" : "Rawasari",
  "kodepos" : "99656"
}, {
  "kecamatan" : "Kurik",
  "kelurahan" : "Salor Indah",
  "kodepos" : "99656"
}, {
  "kecamatan" : "Sota",
  "kelurahan" : "Rawa Biru",
  "kodepos" : "99656"
}, {
  "kecamatan" : "Jagebob",
  "kelurahan" : "Poo",
  "kodepos" : "99656"
}, {
  "kecamatan" : "Malind",
  "kelurahan" : "Onggari",
  "kodepos" : "99656"
}, {
  "kecamatan" : "Malind",
  "kelurahan" : "Padang Raharja",
  "kodepos" : "99656"
}, {
  "kecamatan" : "Jagebob",
  "kelurahan" : "Nalkin",
  "kodepos" : "99656"
}, {
  "kecamatan" : "Jagebob",
  "kelurahan" : "Obathrow",
  "kodepos" : "99656"
}, {
  "kecamatan" : "Jagebob",
  "kelurahan" : "Melin Megikar",
  "kodepos" : "99656"
}, {
  "kecamatan" : "Jagebob",
  "kelurahan" : "Mimi Baru",
  "kodepos" : "99656"
}, {
  "kecamatan" : "Jagebob",
  "kelurahan" : "Makarti Jaya",
  "kodepos" : "99656"
}, {
  "kecamatan" : "Kurik",
  "kelurahan" : "Kurik",
  "kodepos" : "99656"
}, {
  "kecamatan" : "Malind",
  "kelurahan" : "Kumbe",
  "kodepos" : "99656"
}, {
  "kecamatan" : "Animha",
  "kelurahan" : "Koa",
  "kodepos" : "99656"
}, {
  "kecamatan" : "Jagebob",
  "kelurahan" : "Kamno Sari",
  "kodepos" : "99656"
}, {
  "kecamatan" : "Jagebob",
  "kelurahan" : "Kartini",
  "kodepos" : "99656"
}, {
  "kecamatan" : "Kurik",
  "kelurahan" : "Kaliki",
  "kodepos" : "99656"
}, {
  "kecamatan" : "Malind",
  "kelurahan" : "Kaiburse (Kaliburse)",
  "kodepos" : "99656"
}, {
  "kecamatan" : "Animha",
  "kelurahan" : "Kaisah",
  "kodepos" : "99656"
}, {
  "kecamatan" : "Jagebob",
  "kelurahan" : "Jemunaen Jaya (Jemunaim Jaya)",
  "kodepos" : "99656"
}, {
  "kecamatan" : "Kurik",
  "kelurahan" : "Jaya Makmur",
  "kodepos" : "99656"
}, {
  "kecamatan" : "Kurik",
  "kelurahan" : "Ivi Mahad",
  "kodepos" : "99656"
}, {
  "kecamatan" : "Jagebob",
  "kelurahan" : "Jagebob Raya",
  "kodepos" : "99656"
}, {
  "kecamatan" : "Kurik",
  "kelurahan" : "Harapan Makmur",
  "kodepos" : "99656"
}, {
  "kecamatan" : "Sota",
  "kelurahan" : "Erambu",
  "kodepos" : "99656"
}, {
  "kecamatan" : "Jagebob",
  "kelurahan" : "Gurinda Jaya",
  "kodepos" : "99656"
}, {
  "kecamatan" : "Malind",
  "kelurahan" : "Domande",
  "kodepos" : "99656"
}, {
  "kecamatan" : "Animha",
  "kelurahan" : "Baad",
  "kodepos" : "99656"
}, {
  "kecamatan" : "Jagebob",
  "kelurahan" : "Blandin Kakayo",
  "kodepos" : "99656"
}, {
  "kecamatan" : "Jagebob",
  "kelurahan" : "Angger Parmegi (Permegi)",
  "kodepos" : "99656"
}, {
  "kecamatan" : "Tabonji",
  "kelurahan" : "Yamuka",
  "kodepos" : "99655"
}, {
  "kecamatan" : "Tabonji",
  "kelurahan" : "Yeraha",
  "kodepos" : "99655"
}, {
  "kecamatan" : "Ilyawab",
  "kelurahan" : "Wogekel (Wogikel)",
  "kodepos" : "99655"
}, {
  "kecamatan" : "Kimaam",
  "kelurahan" : "Woner",
  "kodepos" : "99655"
}, {
  "kecamatan" : "Waan",
  "kelurahan" : "Wetau",
  "kodepos" : "99655"
}, {
  "kecamatan" : "Tabonji",
  "kelurahan" : "Wanggambi",
  "kodepos" : "99655"
}, {
  "kecamatan" : "Ilyawab",
  "kelurahan" : "Wanam",
  "kodepos" : "99655"
}, {
  "kecamatan" : "Kimaam",
  "kelurahan" : "Wanam Kem",
  "kodepos" : "99655"
}, {
  "kecamatan" : "Waan",
  "kelurahan" : "Waan (Wan)",
  "kodepos" : "99655"
}, {
  "kecamatan" : "Kimaam",
  "kelurahan" : "Turiram",
  "kodepos" : "99655"
}, {
  "kecamatan" : "Waan",
  "kelurahan" : "Tor",
  "kodepos" : "99655"
}, {
  "kecamatan" : "Kimaam",
  "kelurahan" : "Teri",
  "kodepos" : "99655"
}, {
  "kecamatan" : "Tabonji",
  "kelurahan" : "Tabonji",
  "kodepos" : "99655"
}, {
  "kecamatan" : "Waan",
  "kelurahan" : "Sibenda",
  "kodepos" : "99655"
}, {
  "kecamatan" : "Tabonji",
  "kelurahan" : "Suam",
  "kodepos" : "99655"
}, {
  "kecamatan" : "Kimaam",
  "kelurahan" : "Sabudom (Sabudon)",
  "kodepos" : "99655"
}, {
  "kecamatan" : "Waan",
  "kelurahan" : "Sabon",
  "kodepos" : "99655"
}, {
  "kecamatan" : "Ilyawab",
  "kelurahan" : "Padua",
  "kodepos" : "99655"
}, {
  "kecamatan" : "Kimaam",
  "kelurahan" : "Mambum (Mambai)",
  "kodepos" : "99655"
}, {
  "kecamatan" : "Waan",
  "kelurahan" : "Konorau",
  "kodepos" : "99655"
}, {
  "kecamatan" : "Kimaam",
  "kelurahan" : "Kumbis",
  "kodepos" : "99655"
}, {
  "kecamatan" : "Tabonji",
  "kelurahan" : "Konjombando",
  "kodepos" : "99655"
}, {
  "kecamatan" : "Kimaam",
  "kelurahan" : "Komolom",
  "kodepos" : "99655"
}, {
  "kecamatan" : "Waan",
  "kelurahan" : "Kladar",
  "kodepos" : "99655"
}, {
  "kecamatan" : "Kimaam",
  "kelurahan" : "Kiworo",
  "kodepos" : "99655"
}, {
  "kecamatan" : "Waan",
  "kelurahan" : "Kawe",
  "kodepos" : "99655"
}, {
  "kecamatan" : "Kimaam",
  "kelurahan" : "Kalilam",
  "kodepos" : "99655"
}, {
  "kecamatan" : "Kimaam",
  "kelurahan" : "Kaimaan (Kimaam)",
  "kodepos" : "99655"
}, {
  "kecamatan" : "Tabonji",
  "kelurahan" : "Iromoro",
  "kodepos" : "99655"
}, {
  "kecamatan" : "Kimaam",
  "kelurahan" : "Deka",
  "kodepos" : "99655"
}, {
  "kecamatan" : "Ilyawab",
  "kelurahan" : "Bibikem",
  "kodepos" : "99655"
}, {
  "kecamatan" : "Kimaam",
  "kelurahan" : "Banli",
  "kodepos" : "99655"
}, {
  "kecamatan" : "Tabonji",
  "kelurahan" : "Bamol Satu (I)",
  "kodepos" : "99655"
}, {
  "kecamatan" : "Tubang",
  "kelurahan" : "Yowit (Yowied)",
  "kodepos" : "99654"
}, {
  "kecamatan" : "Tabonji",
  "kelurahan" : "Bamol Dua (II)",
  "kodepos" : "99655"
}, {
  "kecamatan" : "Tubang",
  "kelurahan" : "Woboyo",
  "kodepos" : "99654"
}, {
  "kecamatan" : "Ngguti (Nggunti)",
  "kelurahan" : "Yawimu",
  "kodepos" : "99654"
}, {
  "kecamatan" : "Okaba",
  "kelurahan" : "Wambi",
  "kodepos" : "99654"
}, {
  "kecamatan" : "Tubang",
  "kelurahan" : "Wamal",
  "kodepos" : "99654"
}, {
  "kecamatan" : "Tubang",
  "kelurahan" : "Welbuti",
  "kodepos" : "99654"
}, {
  "kecamatan" : "Ngguti (Nggunti)",
  "kelurahan" : "Taga Epe",
  "kodepos" : "99654"
}, {
  "kecamatan" : "Okaba",
  "kelurahan" : "Sanggase",
  "kodepos" : "99654"
}, {
  "kecamatan" : "Ngguti (Nggunti)",
  "kelurahan" : "Po Epe",
  "kodepos" : "99654"
}, {
  "kecamatan" : "Ngguti (Nggunti)",
  "kelurahan" : "Salamepe (Salam-Epe)",
  "kodepos" : "99654"
}, {
  "kecamatan" : "Okaba",
  "kelurahan" : "Okaba",
  "kodepos" : "99654"
}, {
  "kecamatan" : "Ngguti (Nggunti)",
  "kelurahan" : "Nakias",
  "kodepos" : "99654"
}, {
  "kecamatan" : "Kaptel",
  "kelurahan" : "Kanis Kobat",
  "kodepos" : "99654"
}, {
  "kecamatan" : "Kaptel",
  "kelurahan" : "Kaptel",
  "kodepos" : "99654"
}, {
  "kecamatan" : "Kaptel",
  "kelurahan" : "Kwemzied (Kwemzid)",
  "kodepos" : "99654"
}, {
  "kecamatan" : "Okaba",
  "kelurahan" : "Makaling",
  "kodepos" : "99654"
}, {
  "kecamatan" : "Kaptel",
  "kelurahan" : "Ihalik",
  "kodepos" : "99654"
}, {
  "kecamatan" : "Okaba",
  "kelurahan" : "Iwol",
  "kodepos" : "99654"
}, {
  "kecamatan" : "Okaba",
  "kelurahan" : "Dufmira (Dufmiraf)",
  "kodepos" : "99654"
}, {
  "kecamatan" : "Tubang",
  "kelurahan" : "Dokib",
  "kodepos" : "99654"
}, {
  "kecamatan" : "Tubang",
  "kelurahan" : "Dodalim",
  "kodepos" : "99654"
}, {
  "kecamatan" : "Okaba",
  "kelurahan" : "Alaku",
  "kodepos" : "99654"
}, {
  "kecamatan" : "Okaba",
  "kelurahan" : "Alatep (Alatepi)",
  "kodepos" : "99654"
}, {
  "kecamatan" : "Eligobel",
  "kelurahan" : "Tof-Tof (Taftof)",
  "kodepos" : "99652"
}, {
  "kecamatan" : "Muting",
  "kelurahan" : "Wan (Waan)",
  "kodepos" : "99652"
}, {
  "kecamatan" : "Eligobel",
  "kelurahan" : "Tanas (Tanaas)",
  "kodepos" : "99652"
}, {
  "kecamatan" : "Ulilin",
  "kelurahan" : "Selil",
  "kodepos" : "99652"
}, {
  "kecamatan" : "Muting",
  "kelurahan" : "Sigabel Jaya",
  "kodepos" : "99652"
}, {
  "kecamatan" : "Eligobel",
  "kelurahan" : "Sipias",
  "kodepos" : "99652"
}, {
  "kecamatan" : "Muting",
  "kelurahan" : "Seed Agung (Sedayu Agung Prasasti)",
  "kodepos" : "99652"
}, {
  "kecamatan" : "Muting",
  "kelurahan" : "Selauw",
  "kodepos" : "99652"
}, {
  "kecamatan" : "Ulilin",
  "kelurahan" : "Nggayu",
  "kodepos" : "99652"
}, {
  "kecamatan" : "Ulilin",
  "kelurahan" : "Rawahayu",
  "kodepos" : "99652"
}, {
  "kecamatan" : "Muting",
  "kelurahan" : "Pachas",
  "kodepos" : "99652"
}, {
  "kecamatan" : "Muting",
  "kelurahan" : "Muting",
  "kodepos" : "99652"
}, {
  "kecamatan" : "Muting",
  "kelurahan" : "Manway Bob (Man Wai Bob)",
  "kodepos" : "99652"
}, {
  "kecamatan" : "Eligobel",
  "kelurahan" : "Metaat Makmur (Mantaat Makmur)",
  "kodepos" : "99652"
}, {
  "kecamatan" : "Ulilin",
  "kelurahan" : "Mandekman",
  "kodepos" : "99652"
}, {
  "kecamatan" : "Eligobel",
  "kelurahan" : "Kweel",
  "kodepos" : "99652"
}, {
  "kecamatan" : "Ulilin",
  "kelurahan" : "Kumaaf",
  "kodepos" : "99652"
}, {
  "kecamatan" : "Ulilin",
  "kelurahan" : "Kireli",
  "kodepos" : "99652"
}, {
  "kecamatan" : "Muting",
  "kelurahan" : "Kolam",
  "kodepos" : "99652"
}, {
  "kecamatan" : "Ulilin",
  "kelurahan" : "Kandrakai",
  "kodepos" : "99652"
}, {
  "kecamatan" : "Ulilin",
  "kelurahan" : "Kandrakai",
  "kodepos" : "99652"
}, {
  "kecamatan" : "Eligobel",
  "kelurahan" : "Geriser (Gerisar)",
  "kodepos" : "99652"
}, {
  "kecamatan" : "Ulilin",
  "kelurahan" : "Kafyamke",
  "kodepos" : "99652"
}, {
  "kecamatan" : "Muting",
  "kelurahan" : "Enggol Jaya (Elanggol Jaya)",
  "kodepos" : "99652"
}, {
  "kecamatan" : "Eligobel",
  "kelurahan" : "Enggal Jaya",
  "kodepos" : "99652"
}, {
  "kecamatan" : "Muting",
  "kelurahan" : "Efkab Makmur (Metaat Makmur)",
  "kodepos" : "99652"
}, {
  "kecamatan" : "Eligobel",
  "kelurahan" : "Bupul",
  "kodepos" : "99652"
}, {
  "kecamatan" : "Eligobel",
  "kelurahan" : "Bupul Indah",
  "kodepos" : "99652"
}, {
  "kecamatan" : "Eligobel",
  "kelurahan" : "Bunggay",
  "kodepos" : "99652"
}, {
  "kecamatan" : "Eligobel",
  "kelurahan" : "Bouwer",
  "kodepos" : "99652"
}, {
  "kecamatan" : "Eligobel",
  "kelurahan" : "Bumun",
  "kodepos" : "99652"
}, {
  "kecamatan" : "Muting",
  "kelurahan" : "Boha",
  "kodepos" : "99652"
}, {
  "kecamatan" : "Ulilin",
  "kelurahan" : "Baidub",
  "kodepos" : "99652"
}, {
  "kecamatan" : "Ulilin",
  "kelurahan" : "Belbeland",
  "kodepos" : "99652"
}, {
  "kecamatan" : "Muting",
  "kelurahan" : "Andaito",
  "kodepos" : "99652"
}, {
  "kecamatan" : "Tanah Miring",
  "kelurahan" : "Yabamaru",
  "kodepos" : "99651"
}, {
  "kecamatan" : "Tanah Miring",
  "kelurahan" : "Yasa Mulya (Joso Mulia)",
  "kodepos" : "99651"
}, {
  "kecamatan" : "Tanah Miring",
  "kelurahan" : "Waninggap Say",
  "kodepos" : "99651"
}, {
  "kecamatan" : "Semangga",
  "kelurahan" : "Waninggap Nanggo",
  "kodepos" : "99651"
}, {
  "kecamatan" : "Tanah Miring",
  "kelurahan" : "Waninggap Miraf",
  "kodepos" : "99651"
}, {
  "kecamatan" : "Semangga",
  "kelurahan" : "Urumb",
  "kodepos" : "99651"
}, {
  "kecamatan" : "Semangga",
  "kelurahan" : "Waninggap Kay/Kai",
  "kodepos" : "99651"
}, {
  "kecamatan" : "Tanah Miring",
  "kelurahan" : "Soa",
  "kodepos" : "99651"
}, {
  "kecamatan" : "Tanah Miring",
  "kelurahan" : "Sumber Harapan",
  "kodepos" : "99651"
}, {
  "kecamatan" : "Tanah Miring",
  "kelurahan" : "Tambat",
  "kodepos" : "99651"
}, {
  "kecamatan" : "Semangga",
  "kelurahan" : "Semangga Jaya (Semanggi Jaya)",
  "kodepos" : "99651"
}, {
  "kecamatan" : "Semangga",
  "kelurahan" : "Sidomulyo",
  "kodepos" : "99651"
}, {
  "kecamatan" : "Tanah Miring",
  "kelurahan" : "Nggutibob (Ngunti Bob)",
  "kodepos" : "99651"
}, {
  "kecamatan" : "Tanah Miring",
  "kelurahan" : "Sarmayam Indah (Sermayam)",
  "kodepos" : "99651"
}, {
  "kecamatan" : "Semangga",
  "kelurahan" : "Matara",
  "kodepos" : "99651"
}, {
  "kecamatan" : "Semangga",
  "kelurahan" : "Muramsari",
  "kodepos" : "99651"
}, {
  "kecamatan" : "Semangga",
  "kelurahan" : "Kuprik",
  "kodepos" : "99651"
}, {
  "kecamatan" : "Semangga",
  "kelurahan" : "Marga Mulya",
  "kodepos" : "99651"
}, {
  "kecamatan" : "Semangga",
  "kelurahan" : "Kuper",
  "kodepos" : "99651"
}, {
  "kecamatan" : "Tanah Miring",
  "kelurahan" : "Hidup Baru",
  "kodepos" : "99651"
}, {
  "kecamatan" : "Tanah Miring",
  "kelurahan" : "Isanombias",
  "kodepos" : "99651"
}, {
  "kecamatan" : "Tanah Miring",
  "kelurahan" : "Amunkai (Amun Kay)",
  "kodepos" : "99651"
}, {
  "kecamatan" : "Tanah Miring",
  "kelurahan" : "Bersehati",
  "kodepos" : "99651"
}, {
  "kecamatan" : "Naukenjerai",
  "kelurahan" : "Tomerau",
  "kodepos" : "99616"
}, {
  "kecamatan" : "Naukenjerai",
  "kelurahan" : "Tomer",
  "kodepos" : "99616"
}, {
  "kecamatan" : "Naukenjerai",
  "kelurahan" : "Tomer",
  "kodepos" : "99616"
}, {
  "kecamatan" : "Merauke",
  "kelurahan" : "Nasem",
  "kodepos" : "99616"
}, {
  "kecamatan" : "Naukenjerai",
  "kelurahan" : "Onggaya",
  "kodepos" : "99616"
}, {
  "kecamatan" : "Merauke",
  "kelurahan" : "Mandala",
  "kodepos" : "99616"
}, {
  "kecamatan" : "Naukenjerai",
  "kelurahan" : "Kuler (Tunas Baru)",
  "kodepos" : "99616"
}, {
  "kecamatan" : "Naukenjerai",
  "kelurahan" : "Kondo",
  "kodepos" : "99616"
}, {
  "kecamatan" : "Merauke",
  "kelurahan" : "Bambu Pemali",
  "kodepos" : "99616"
}, {
  "kecamatan" : "Merauke",
  "kelurahan" : "Samkai (Karang Samkai)",
  "kodepos" : "99615"
}, {
  "kecamatan" : "Merauke",
  "kelurahan" : "Maro",
  "kodepos" : "99613"
}, {
  "kecamatan" : "Merauke",
  "kelurahan" : "Karang Indah",
  "kodepos" : "99614"
}, {
  "kecamatan" : "Merauke",
  "kelurahan" : "Kelapa Lima",
  "kodepos" : "99612"
}, {
  "kecamatan" : "Merauke",
  "kelurahan" : "Rimba Jaya",
  "kodepos" : "99611"
}, {
  "kecamatan" : "Merauke",
  "kelurahan" : "Wasur",
  "kodepos" : "99611"
} ]
