[ {
  "kecamatan" : "Abenaho",
  "kelurahan" : "Yawan",
  "kodepos" : "99587"
}, {
  "kecamatan" : "Abenaho",
  "kelurahan" : "Yutanggo",
  "kodepos" : "99587"
}, {
  "kecamatan" : "Abenaho",
  "kelurahan" : "Yanamik",
  "kodepos" : "99587"
}, {
  "kecamatan" : "Abenaho",
  "kelurahan" : "Yangkikalma",
  "kodepos" : "99587"
}, {
  "kecamatan" : "Abenaho",
  "kelurahan" : "Yambaikma",
  "kodepos" : "99587"
}, {
  "kecamatan" : "Abenaho",
  "kelurahan" : "Yahatma",
  "kodepos" : "99587"
}, {
  "kecamatan" : "Abenaho",
  "kelurahan" : "Yama",
  "kodepos" : "99587"
}, {
  "kecamatan" : "Abenaho",
  "kelurahan" : "Yabusup",
  "kodepos" : "99587"
}, {
  "kecamatan" : "Abenaho",
  "kelurahan" : "Wurupikma",
  "kodepos" : "99587"
}, {
  "kecamatan" : "Abenaho",
  "kelurahan" : "Wutlarin",
  "kodepos" : "99587"
}, {
  "kecamatan" : "Abenaho",
  "kelurahan" : "Worol",
  "kodepos" : "99587"
}, {
  "kecamatan" : "Abenaho",
  "kelurahan" : "Wileroma",
  "kodepos" : "99587"
}, {
  "kecamatan" : "Abenaho",
  "kelurahan" : "Wiltlanggo",
  "kodepos" : "99587"
}, {
  "kecamatan" : "Abenaho",
  "kelurahan" : "Wenemikma",
  "kodepos" : "99587"
}, {
  "kecamatan" : "Abenaho",
  "kelurahan" : "Wilak",
  "kodepos" : "99587"
}, {
  "kecamatan" : "Abenaho",
  "kelurahan" : "Waroham",
  "kodepos" : "99587"
}, {
  "kecamatan" : "Abenaho",
  "kelurahan" : "Wanggibo",
  "kodepos" : "99587"
}, {
  "kecamatan" : "Abenaho",
  "kelurahan" : "Wangkun",
  "kodepos" : "99587"
}, {
  "kecamatan" : "Abenaho",
  "kelurahan" : "Wamhor",
  "kodepos" : "99587"
}, {
  "kecamatan" : "Abenaho",
  "kelurahan" : "Wandikbongkion",
  "kodepos" : "99587"
}, {
  "kecamatan" : "Abenaho",
  "kelurahan" : "Wambo",
  "kodepos" : "99587"
}, {
  "kecamatan" : "Abenaho",
  "kelurahan" : "Wambal",
  "kodepos" : "99587"
}, {
  "kecamatan" : "Abenaho",
  "kelurahan" : "Wambalfak",
  "kodepos" : "99587"
}, {
  "kecamatan" : "Abenaho",
  "kelurahan" : "Walagima",
  "kodepos" : "99587"
}, {
  "kecamatan" : "Abenaho",
  "kelurahan" : "Wabuhuk",
  "kodepos" : "99587"
}, {
  "kecamatan" : "Abenaho",
  "kelurahan" : "Waghasilimo",
  "kodepos" : "99587"
}, {
  "kecamatan" : "Abenaho",
  "kelurahan" : "Uwambo Satu",
  "kodepos" : "99587"
}, {
  "kecamatan" : "Abenaho",
  "kelurahan" : "Ulusi",
  "kodepos" : "99587"
}, {
  "kecamatan" : "Abenaho",
  "kelurahan" : "Usabiye",
  "kodepos" : "99587"
}, {
  "kecamatan" : "Abenaho",
  "kelurahan" : "Ulun",
  "kodepos" : "99587"
}, {
  "kecamatan" : "Abenaho",
  "kelurahan" : "Tagabaga",
  "kodepos" : "99587"
}, {
  "kecamatan" : "Abenaho",
  "kelurahan" : "Uluhufuk",
  "kodepos" : "99587"
}, {
  "kecamatan" : "Abenaho",
  "kelurahan" : "Suminaikma",
  "kodepos" : "99587"
}, {
  "kecamatan" : "Abenaho",
  "kelurahan" : "Suahe",
  "kodepos" : "99587"
}, {
  "kecamatan" : "Abenaho",
  "kelurahan" : "Suele",
  "kodepos" : "99587"
}, {
  "kecamatan" : "Abenaho",
  "kelurahan" : "Sumbule Satu",
  "kodepos" : "99587"
}, {
  "kecamatan" : "Abenaho",
  "kelurahan" : "Sombule",
  "kodepos" : "99587"
}, {
  "kecamatan" : "Abenaho",
  "kelurahan" : "Sohi",
  "kodepos" : "99587"
}, {
  "kecamatan" : "Abenaho",
  "kelurahan" : "Sohombunu",
  "kodepos" : "99587"
}, {
  "kecamatan" : "Abenaho",
  "kelurahan" : "Sengikma",
  "kodepos" : "99587"
}, {
  "kecamatan" : "Abenaho",
  "kelurahan" : "Sebi",
  "kodepos" : "99587"
}, {
  "kecamatan" : "Abenaho",
  "kelurahan" : "Salohe",
  "kodepos" : "99587"
}, {
  "kecamatan" : "Abenaho",
  "kelurahan" : "Sapiwarek",
  "kodepos" : "99587"
}, {
  "kecamatan" : "Abenaho",
  "kelurahan" : "Salo",
  "kodepos" : "99587"
}, {
  "kecamatan" : "Abenaho",
  "kelurahan" : "Sabilironggo",
  "kodepos" : "99587"
}, {
  "kecamatan" : "Abenaho",
  "kelurahan" : "Sahikma",
  "kodepos" : "99587"
}, {
  "kecamatan" : "Abenaho",
  "kelurahan" : "Pirikalem",
  "kodepos" : "99587"
}, {
  "kecamatan" : "Abenaho",
  "kelurahan" : "Pamumu",
  "kodepos" : "99587"
}, {
  "kecamatan" : "Abenaho",
  "kelurahan" : "Obabin Satu",
  "kodepos" : "99587"
}, {
  "kecamatan" : "Abenaho",
  "kelurahan" : "Obabin",
  "kodepos" : "99587"
}, {
  "kecamatan" : "Abenaho",
  "kelurahan" : "Noholuok",
  "kodepos" : "99587"
}, {
  "kecamatan" : "Abenaho",
  "kelurahan" : "Nilbo",
  "kodepos" : "99587"
}, {
  "kecamatan" : "Abenaho",
  "kelurahan" : "Nofualma",
  "kodepos" : "99587"
}, {
  "kecamatan" : "Abenaho",
  "kelurahan" : "Nenomani",
  "kodepos" : "99587"
}, {
  "kecamatan" : "Abenaho",
  "kelurahan" : "Musanahikma",
  "kodepos" : "99587"
}, {
  "kecamatan" : "Abenaho",
  "kelurahan" : "Mulip",
  "kodepos" : "99587"
}, {
  "kecamatan" : "Abenaho",
  "kelurahan" : "Moban",
  "kodepos" : "99587"
}, {
  "kecamatan" : "Abenaho",
  "kelurahan" : "Maleo",
  "kodepos" : "99587"
}, {
  "kecamatan" : "Abenaho",
  "kelurahan" : "Mahial",
  "kodepos" : "99587"
}, {
  "kecamatan" : "Abenaho",
  "kelurahan" : "Lilukikma",
  "kodepos" : "99587"
}, {
  "kecamatan" : "Abenaho",
  "kelurahan" : "Lohomabel",
  "kodepos" : "99587"
}, {
  "kecamatan" : "Abenaho",
  "kelurahan" : "Lilinmuhuk",
  "kodepos" : "99587"
}, {
  "kecamatan" : "Abenaho",
  "kelurahan" : "Lasikma",
  "kodepos" : "99587"
}, {
  "kecamatan" : "Abenaho",
  "kelurahan" : "Langongkok",
  "kodepos" : "99587"
}, {
  "kecamatan" : "Abenaho",
  "kelurahan" : "Kolaima",
  "kodepos" : "99587"
}, {
  "kecamatan" : "Abenaho",
  "kelurahan" : "Landikma",
  "kodepos" : "99587"
}, {
  "kecamatan" : "Abenaho",
  "kelurahan" : "Klesu",
  "kodepos" : "99587"
}, {
  "kecamatan" : "Abenaho",
  "kelurahan" : "Kesuwi",
  "kodepos" : "99587"
}, {
  "kecamatan" : "Abenaho",
  "kelurahan" : "Kewi",
  "kodepos" : "99587"
}, {
  "kecamatan" : "Abenaho",
  "kelurahan" : "Kawokholik",
  "kodepos" : "99587"
}, {
  "kecamatan" : "Abenaho",
  "kelurahan" : "Kandibung",
  "kodepos" : "99587"
}, {
  "kecamatan" : "Abenaho",
  "kelurahan" : "Jinggiwi",
  "kodepos" : "99587"
}, {
  "kecamatan" : "Abenaho",
  "kelurahan" : "Hurualma",
  "kodepos" : "99587"
}, {
  "kecamatan" : "Abenaho",
  "kelurahan" : "Iwim",
  "kodepos" : "99587"
}, {
  "kecamatan" : "Abenaho",
  "kelurahan" : "Hundilip",
  "kodepos" : "99587"
}, {
  "kecamatan" : "Abenaho",
  "kelurahan" : "Humalma",
  "kodepos" : "99587"
}, {
  "kecamatan" : "Abenaho",
  "kelurahan" : "Hulikma",
  "kodepos" : "99587"
}, {
  "kecamatan" : "Abenaho",
  "kelurahan" : "Hulhule",
  "kodepos" : "99587"
}, {
  "kecamatan" : "Abenaho",
  "kelurahan" : "Hubliki",
  "kodepos" : "99587"
}, {
  "kecamatan" : "Abenaho",
  "kelurahan" : "Horenikma",
  "kodepos" : "99587"
}, {
  "kecamatan" : "Abenaho",
  "kelurahan" : "Hombanman",
  "kodepos" : "99587"
}, {
  "kecamatan" : "Abenaho",
  "kelurahan" : "Horakia",
  "kodepos" : "99587"
}, {
  "kecamatan" : "Abenaho",
  "kelurahan" : "Helaksili",
  "kodepos" : "99587"
}, {
  "kecamatan" : "Abenaho",
  "kelurahan" : "Heahobak",
  "kodepos" : "99587"
}, {
  "kecamatan" : "Abenaho",
  "kelurahan" : "Halisek",
  "kodepos" : "99587"
}, {
  "kecamatan" : "Abenaho",
  "kelurahan" : "Fuahe",
  "kodepos" : "99587"
}, {
  "kecamatan" : "Abenaho",
  "kelurahan" : "Fialem",
  "kodepos" : "99587"
}, {
  "kecamatan" : "Abenaho",
  "kelurahan" : "Fabulik",
  "kodepos" : "99587"
}, {
  "kecamatan" : "Abenaho",
  "kelurahan" : "Eliekma",
  "kodepos" : "99587"
}, {
  "kecamatan" : "Abenaho",
  "kelurahan" : "Elesim",
  "kodepos" : "99587"
}, {
  "kecamatan" : "Abenaho",
  "kelurahan" : "Dombomi",
  "kodepos" : "99587"
}, {
  "kecamatan" : "Abenaho",
  "kelurahan" : "Dosumo",
  "kodepos" : "99587"
}, {
  "kecamatan" : "Abenaho",
  "kelurahan" : "Detpagado",
  "kodepos" : "99587"
}, {
  "kecamatan" : "Abenaho",
  "kelurahan" : "Dahonaikma",
  "kodepos" : "99587"
}, {
  "kecamatan" : "Abenaho",
  "kelurahan" : "Burim",
  "kodepos" : "99587"
}, {
  "kecamatan" : "Abenaho",
  "kelurahan" : "Bumbum",
  "kodepos" : "99587"
}, {
  "kecamatan" : "Abenaho",
  "kelurahan" : "Bonggi",
  "kodepos" : "99587"
}, {
  "kecamatan" : "Abenaho",
  "kelurahan" : "Bukurik",
  "kodepos" : "99587"
}, {
  "kecamatan" : "Abenaho",
  "kelurahan" : "Bonahik",
  "kodepos" : "99587"
}, {
  "kecamatan" : "Abenaho",
  "kelurahan" : "Arikbalek",
  "kodepos" : "99587"
}, {
  "kecamatan" : "Abenaho",
  "kelurahan" : "Beim",
  "kodepos" : "99587"
}, {
  "kecamatan" : "Abenaho",
  "kelurahan" : "Beyam",
  "kodepos" : "99587"
}, {
  "kecamatan" : "Abenaho",
  "kelurahan" : "Alugi",
  "kodepos" : "99587"
}, {
  "kecamatan" : "Abenaho",
  "kelurahan" : "Amuki",
  "kodepos" : "99587"
}, {
  "kecamatan" : "Abenaho",
  "kelurahan" : "Abagima",
  "kodepos" : "99587"
}, {
  "kecamatan" : "Abenaho",
  "kelurahan" : "Abenaho",
  "kodepos" : "99587"
}, {
  "kecamatan" : "Apalapsili",
  "kelurahan" : "Yarema",
  "kodepos" : "99586"
}, {
  "kecamatan" : "Apalapsili",
  "kelurahan" : "Yarema Satu",
  "kodepos" : "99586"
}, {
  "kecamatan" : "Apalapsili",
  "kelurahan" : "Wiyukwilik",
  "kodepos" : "99586"
}, {
  "kecamatan" : "Apalapsili",
  "kelurahan" : "Wiralesili",
  "kodepos" : "99586"
}, {
  "kecamatan" : "Apalapsili",
  "kelurahan" : "Wanamalo",
  "kodepos" : "99586"
}, {
  "kecamatan" : "Apalapsili",
  "kelurahan" : "Wasalalo",
  "kodepos" : "99586"
}, {
  "kecamatan" : "Apalapsili",
  "kelurahan" : "Tembut",
  "kodepos" : "99586"
}, {
  "kecamatan" : "Apalapsili",
  "kelurahan" : "Tikano",
  "kodepos" : "99586"
}, {
  "kecamatan" : "Apalapsili",
  "kelurahan" : "Sobikambut",
  "kodepos" : "99586"
}, {
  "kecamatan" : "Apalapsili",
  "kelurahan" : "Suerelihim",
  "kodepos" : "99586"
}, {
  "kecamatan" : "Apalapsili",
  "kelurahan" : "Sabilikalem",
  "kodepos" : "99586"
}, {
  "kecamatan" : "Apalapsili",
  "kelurahan" : "Sabualo",
  "kodepos" : "99586"
}, {
  "kecamatan" : "Apalapsili",
  "kelurahan" : "Sien",
  "kodepos" : "99586"
}, {
  "kecamatan" : "Apalapsili",
  "kelurahan" : "Pong",
  "kodepos" : "99586"
}, {
  "kecamatan" : "Apalapsili",
  "kelurahan" : "Pipisim",
  "kodepos" : "99586"
}, {
  "kecamatan" : "Apalapsili",
  "kelurahan" : "Naswer",
  "kodepos" : "99586"
}, {
  "kecamatan" : "Apalapsili",
  "kelurahan" : "Natoksili",
  "kodepos" : "99586"
}, {
  "kecamatan" : "Apalapsili",
  "kelurahan" : "Nohonil",
  "kodepos" : "99586"
}, {
  "kecamatan" : "Apalapsili",
  "kelurahan" : "Nasinena",
  "kodepos" : "99586"
}, {
  "kecamatan" : "Apalapsili",
  "kelurahan" : "Nanahoruk",
  "kodepos" : "99586"
}, {
  "kecamatan" : "Apalapsili",
  "kelurahan" : "Malinwarek",
  "kodepos" : "99586"
}, {
  "kecamatan" : "Apalapsili",
  "kelurahan" : "Makrig",
  "kodepos" : "99586"
}, {
  "kecamatan" : "Apalapsili",
  "kelurahan" : "Moliyinggi",
  "kodepos" : "99586"
}, {
  "kecamatan" : "Apalapsili",
  "kelurahan" : "Lambukmu",
  "kodepos" : "99586"
}, {
  "kecamatan" : "Apalapsili",
  "kelurahan" : "Lilinsaluk",
  "kodepos" : "99586"
}, {
  "kecamatan" : "Apalapsili",
  "kelurahan" : "Kulet",
  "kodepos" : "99586"
}, {
  "kecamatan" : "Apalapsili",
  "kelurahan" : "Kundikele",
  "kodepos" : "99586"
}, {
  "kecamatan" : "Apalapsili",
  "kelurahan" : "Kengggembun",
  "kodepos" : "99586"
}, {
  "kecamatan" : "Apalapsili",
  "kelurahan" : "Kilal",
  "kodepos" : "99586"
}, {
  "kecamatan" : "Apalapsili",
  "kelurahan" : "Kinhe",
  "kodepos" : "99586"
}, {
  "kecamatan" : "Apalapsili",
  "kelurahan" : "Kayoma",
  "kodepos" : "99586"
}, {
  "kecamatan" : "Apalapsili",
  "kelurahan" : "Kelampurim",
  "kodepos" : "99586"
}, {
  "kecamatan" : "Apalapsili",
  "kelurahan" : "Humalen",
  "kodepos" : "99586"
}, {
  "kecamatan" : "Apalapsili",
  "kelurahan" : "Ifkindi",
  "kodepos" : "99586"
}, {
  "kecamatan" : "Apalapsili",
  "kelurahan" : "Holuokalem",
  "kodepos" : "99586"
}, {
  "kecamatan" : "Apalapsili",
  "kelurahan" : "Hubliki",
  "kodepos" : "99586"
}, {
  "kecamatan" : "Apalapsili",
  "kelurahan" : "Hukalopunu",
  "kodepos" : "99586"
}, {
  "kecamatan" : "Apalapsili",
  "kelurahan" : "Holik",
  "kodepos" : "99586"
}, {
  "kecamatan" : "Apalapsili",
  "kelurahan" : "Holuaogalma",
  "kodepos" : "99586"
}, {
  "kecamatan" : "Apalapsili",
  "kelurahan" : "Hinongkoambut",
  "kodepos" : "99586"
}, {
  "kecamatan" : "Apalapsili",
  "kelurahan" : "Fari",
  "kodepos" : "99586"
}, {
  "kecamatan" : "Apalapsili",
  "kelurahan" : "Filiyahik",
  "kodepos" : "99586"
}, {
  "kecamatan" : "Apalapsili",
  "kelurahan" : "Habalo",
  "kodepos" : "99586"
}, {
  "kecamatan" : "Apalapsili",
  "kelurahan" : "Eal",
  "kodepos" : "99586"
}, {
  "kecamatan" : "Apalapsili",
  "kelurahan" : "Falukwalilo",
  "kodepos" : "99586"
}, {
  "kecamatan" : "Apalapsili",
  "kelurahan" : "Bablik",
  "kodepos" : "99586"
}, {
  "kecamatan" : "Apalapsili",
  "kelurahan" : "Benyam",
  "kodepos" : "99586"
}, {
  "kecamatan" : "Apalapsili",
  "kelurahan" : "Apalapsili",
  "kodepos" : "99586"
}, {
  "kecamatan" : "Apalapsili",
  "kelurahan" : "Asilikma",
  "kodepos" : "99586"
}, {
  "kecamatan" : "Welarek",
  "kelurahan" : "Yahamer",
  "kodepos" : "99585"
}, {
  "kecamatan" : "Apalapsili",
  "kelurahan" : "Alimuhuk",
  "kodepos" : "99586"
}, {
  "kecamatan" : "Welarek",
  "kelurahan" : "Werenggik",
  "kodepos" : "99585"
}, {
  "kecamatan" : "Welarek",
  "kelurahan" : "Wompoli",
  "kodepos" : "99585"
}, {
  "kecamatan" : "Welarek",
  "kelurahan" : "Welarek",
  "kodepos" : "99585"
}, {
  "kecamatan" : "Welarek",
  "kelurahan" : "Welearekpunu",
  "kodepos" : "99585"
}, {
  "kecamatan" : "Welarek",
  "kelurahan" : "Wasupahik",
  "kodepos" : "99585"
}, {
  "kecamatan" : "Welarek",
  "kelurahan" : "Ulum",
  "kodepos" : "99585"
}, {
  "kecamatan" : "Welarek",
  "kelurahan" : "Walingkapma",
  "kodepos" : "99585"
}, {
  "kecamatan" : "Welarek",
  "kelurahan" : "Wangkulamsafiang",
  "kodepos" : "99585"
}, {
  "kecamatan" : "Welarek",
  "kelurahan" : "Ubalihi",
  "kodepos" : "99585"
}, {
  "kecamatan" : "Welarek",
  "kelurahan" : "Suntam",
  "kodepos" : "99585"
}, {
  "kecamatan" : "Welarek",
  "kelurahan" : "Tinmuhuk",
  "kodepos" : "99585"
}, {
  "kecamatan" : "Welarek",
  "kelurahan" : "Suntam",
  "kodepos" : "99585"
}, {
  "kecamatan" : "Welarek",
  "kelurahan" : "Soharam",
  "kodepos" : "99585"
}, {
  "kecamatan" : "Welarek",
  "kelurahan" : "Sukalimi",
  "kodepos" : "99585"
}, {
  "kecamatan" : "Welarek",
  "kelurahan" : "Selek",
  "kodepos" : "99585"
}, {
  "kecamatan" : "Welarek",
  "kelurahan" : "Silfal",
  "kodepos" : "99585"
}, {
  "kecamatan" : "Welarek",
  "kelurahan" : "Sinahal",
  "kodepos" : "99585"
}, {
  "kecamatan" : "Welarek",
  "kelurahan" : "Seherek",
  "kodepos" : "99585"
}, {
  "kecamatan" : "Welarek",
  "kelurahan" : "Selebi",
  "kodepos" : "99585"
}, {
  "kecamatan" : "Welarek",
  "kelurahan" : "Saly",
  "kodepos" : "99585"
}, {
  "kecamatan" : "Welarek",
  "kelurahan" : "Samaria",
  "kodepos" : "99585"
}, {
  "kecamatan" : "Welarek",
  "kelurahan" : "Sakam",
  "kodepos" : "99585"
}, {
  "kecamatan" : "Welarek",
  "kelurahan" : "Salema",
  "kodepos" : "99585"
}, {
  "kecamatan" : "Welarek",
  "kelurahan" : "Poholanggen",
  "kodepos" : "99585"
}, {
  "kecamatan" : "Welarek",
  "kelurahan" : "Poik",
  "kodepos" : "99585"
}, {
  "kecamatan" : "Welarek",
  "kelurahan" : "Poik Satu",
  "kodepos" : "99585"
}, {
  "kecamatan" : "Welarek",
  "kelurahan" : "Pisanggo",
  "kodepos" : "99585"
}, {
  "kecamatan" : "Welarek",
  "kelurahan" : "Panalulun",
  "kodepos" : "99585"
}, {
  "kecamatan" : "Welarek",
  "kelurahan" : "Pirang",
  "kodepos" : "99585"
}, {
  "kecamatan" : "Welarek",
  "kelurahan" : "Pami",
  "kodepos" : "99585"
}, {
  "kecamatan" : "Welarek",
  "kelurahan" : "Panal",
  "kodepos" : "99585"
}, {
  "kecamatan" : "Welarek",
  "kelurahan" : "Mohonu",
  "kodepos" : "99585"
}, {
  "kecamatan" : "Welarek",
  "kelurahan" : "Montek",
  "kodepos" : "99585"
}, {
  "kecamatan" : "Welarek",
  "kelurahan" : "Nohonil",
  "kodepos" : "99585"
}, {
  "kecamatan" : "Welarek",
  "kelurahan" : "Menepini",
  "kodepos" : "99585"
}, {
  "kecamatan" : "Welarek",
  "kelurahan" : "Mohobiye",
  "kodepos" : "99585"
}, {
  "kecamatan" : "Welarek",
  "kelurahan" : "Loholan",
  "kodepos" : "99585"
}, {
  "kecamatan" : "Welarek",
  "kelurahan" : "Mabualem",
  "kodepos" : "99585"
}, {
  "kecamatan" : "Welarek",
  "kelurahan" : "Mamioan",
  "kodepos" : "99585"
}, {
  "kecamatan" : "Welarek",
  "kelurahan" : "Koum",
  "kodepos" : "99585"
}, {
  "kecamatan" : "Welarek",
  "kelurahan" : "Langam",
  "kodepos" : "99585"
}, {
  "kecamatan" : "Welarek",
  "kelurahan" : "Lasik",
  "kodepos" : "99585"
}, {
  "kecamatan" : "Welarek",
  "kelurahan" : "Kayalem",
  "kodepos" : "99585"
}, {
  "kecamatan" : "Welarek",
  "kelurahan" : "Kayo",
  "kodepos" : "99585"
}, {
  "kecamatan" : "Welarek",
  "kelurahan" : "Kampol",
  "kodepos" : "99585"
}, {
  "kecamatan" : "Welarek",
  "kelurahan" : "Hobut",
  "kodepos" : "99585"
}, {
  "kecamatan" : "Welarek",
  "kelurahan" : "Holowi",
  "kodepos" : "99585"
}, {
  "kecamatan" : "Welarek",
  "kelurahan" : "Irarek",
  "kodepos" : "99585"
}, {
  "kecamatan" : "Welarek",
  "kelurahan" : "Hilariki",
  "kodepos" : "99585"
}, {
  "kecamatan" : "Welarek",
  "kelurahan" : "Hindalimukuk",
  "kodepos" : "99585"
}, {
  "kecamatan" : "Welarek",
  "kelurahan" : "Halialo",
  "kodepos" : "99585"
}, {
  "kecamatan" : "Welarek",
  "kelurahan" : "Halisek",
  "kodepos" : "99585"
}, {
  "kecamatan" : "Welarek",
  "kelurahan" : "Helebol",
  "kodepos" : "99585"
}, {
  "kecamatan" : "Welarek",
  "kelurahan" : "Fikfak",
  "kodepos" : "99585"
}, {
  "kecamatan" : "Welarek",
  "kelurahan" : "Folongsili",
  "kodepos" : "99585"
}, {
  "kecamatan" : "Welarek",
  "kelurahan" : "Funui",
  "kodepos" : "99585"
}, {
  "kecamatan" : "Welarek",
  "kelurahan" : "Amuluk",
  "kodepos" : "99585"
}, {
  "kecamatan" : "Welarek",
  "kelurahan" : "Dikohobari",
  "kodepos" : "99585"
}, {
  "kecamatan" : "Welarek",
  "kelurahan" : "Feingkama",
  "kodepos" : "99585"
}, {
  "kecamatan" : "Welarek",
  "kelurahan" : "Ambiliki",
  "kodepos" : "99585"
}, {
  "kecamatan" : "Welarek",
  "kelurahan" : "Ampolongsili",
  "kodepos" : "99585"
}, {
  "kecamatan" : "Elelim",
  "kelurahan" : "Yabema",
  "kodepos" : "99584"
}, {
  "kecamatan" : "Elelim",
  "kelurahan" : "Yakikma",
  "kodepos" : "99584"
}, {
  "kecamatan" : "Elelim",
  "kelurahan" : "Werekma",
  "kodepos" : "99584"
}, {
  "kecamatan" : "Elelim",
  "kelurahan" : "Wara",
  "kodepos" : "99584"
}, {
  "kecamatan" : "Elelim",
  "kelurahan" : "Warikma",
  "kodepos" : "99584"
}, {
  "kecamatan" : "Elelim",
  "kelurahan" : "Wasua",
  "kodepos" : "99584"
}, {
  "kecamatan" : "Elelim",
  "kelurahan" : "Wagagu",
  "kodepos" : "99584"
}, {
  "kecamatan" : "Elelim",
  "kelurahan" : "Walkep",
  "kodepos" : "99584"
}, {
  "kecamatan" : "Elelim",
  "kelurahan" : "Tanabasi",
  "kodepos" : "99584"
}, {
  "kecamatan" : "Elelim",
  "kelurahan" : "Ubi",
  "kodepos" : "99584"
}, {
  "kecamatan" : "Elelim",
  "kelurahan" : "Ulo",
  "kodepos" : "99584"
}, {
  "kecamatan" : "Elelim",
  "kelurahan" : "Sira",
  "kodepos" : "99584"
}, {
  "kecamatan" : "Elelim",
  "kelurahan" : "Sowi",
  "kodepos" : "99584"
}, {
  "kecamatan" : "Elelim",
  "kelurahan" : "Subuiruinggama",
  "kodepos" : "99584"
}, {
  "kecamatan" : "Elelim",
  "kelurahan" : "Sipsoi",
  "kodepos" : "99584"
}, {
  "kecamatan" : "Elelim",
  "kelurahan" : "Sipson",
  "kodepos" : "99584"
}, {
  "kecamatan" : "Elelim",
  "kelurahan" : "Pungkahik",
  "kodepos" : "99584"
}, {
  "kecamatan" : "Elelim",
  "kelurahan" : "Sili",
  "kodepos" : "99584"
}, {
  "kecamatan" : "Elelim",
  "kelurahan" : "Pisireg",
  "kodepos" : "99584"
}, {
  "kecamatan" : "Elelim",
  "kelurahan" : "Pihel",
  "kodepos" : "99584"
}, {
  "kecamatan" : "Elelim",
  "kelurahan" : "Pirip",
  "kodepos" : "99584"
}, {
  "kecamatan" : "Elelim",
  "kelurahan" : "Pangkik",
  "kodepos" : "99584"
}, {
  "kecamatan" : "Elelim",
  "kelurahan" : "Pasimbolo",
  "kodepos" : "99584"
}, {
  "kecamatan" : "Elelim",
  "kelurahan" : "Ohobam",
  "kodepos" : "99584"
}, {
  "kecamatan" : "Elelim",
  "kelurahan" : "Ohoniam",
  "kodepos" : "99584"
}, {
  "kecamatan" : "Elelim",
  "kelurahan" : "Momonhusi",
  "kodepos" : "99584"
}, {
  "kecamatan" : "Elelim",
  "kelurahan" : "Lapora",
  "kodepos" : "99584"
}, {
  "kecamatan" : "Elelim",
  "kelurahan" : "Maribu",
  "kodepos" : "99584"
}, {
  "kecamatan" : "Elelim",
  "kelurahan" : "Molinggi",
  "kodepos" : "99584"
}, {
  "kecamatan" : "Elelim",
  "kelurahan" : "Keron",
  "kodepos" : "99584"
}, {
  "kecamatan" : "Elelim",
  "kelurahan" : "Kwikma",
  "kodepos" : "99584"
}, {
  "kecamatan" : "Elelim",
  "kelurahan" : "Honita",
  "kodepos" : "99584"
}, {
  "kecamatan" : "Elelim",
  "kelurahan" : "Isila",
  "kodepos" : "99584"
}, {
  "kecamatan" : "Elelim",
  "kelurahan" : "Hobakma",
  "kodepos" : "99584"
}, {
  "kecamatan" : "Elelim",
  "kelurahan" : "Holani",
  "kodepos" : "99584"
}, {
  "kecamatan" : "Elelim",
  "kelurahan" : "Habiyeambut",
  "kodepos" : "99584"
}, {
  "kecamatan" : "Elelim",
  "kelurahan" : "Helabu",
  "kodepos" : "99584"
}, {
  "kecamatan" : "Elelim",
  "kelurahan" : "Hesmat",
  "kodepos" : "99584"
}, {
  "kecamatan" : "Elelim",
  "kelurahan" : "Emon",
  "kodepos" : "99584"
}, {
  "kecamatan" : "Elelim",
  "kelurahan" : "Eregi",
  "kodepos" : "99584"
}, {
  "kecamatan" : "Elelim",
  "kelurahan" : "Elelim Satu",
  "kodepos" : "99584"
}, {
  "kecamatan" : "Elelim",
  "kelurahan" : "Elilem",
  "kodepos" : "99584"
}, {
  "kecamatan" : "Elelim",
  "kelurahan" : "Duwong",
  "kodepos" : "99584"
}, {
  "kecamatan" : "Elelim",
  "kelurahan" : "Aluis",
  "kodepos" : "99584"
}, {
  "kecamatan" : "Benawa",
  "kelurahan" : "Wirsa",
  "kodepos" : "99583"
}, {
  "kecamatan" : "Benawa",
  "kelurahan" : "Yakwa",
  "kodepos" : "99583"
}, {
  "kecamatan" : "Benawa",
  "kelurahan" : "Wermas",
  "kodepos" : "99583"
}, {
  "kecamatan" : "Benawa",
  "kelurahan" : "Wibi",
  "kodepos" : "99583"
}, {
  "kecamatan" : "Benawa",
  "kelurahan" : "Welap",
  "kodepos" : "99583"
}, {
  "kecamatan" : "Benawa",
  "kelurahan" : "Thamaksin",
  "kodepos" : "99583"
}, {
  "kecamatan" : "Benawa",
  "kelurahan" : "Trikora",
  "kodepos" : "99583"
}, {
  "kecamatan" : "Benawa",
  "kelurahan" : "Prititi",
  "kodepos" : "99583"
}, {
  "kecamatan" : "Benawa",
  "kelurahan" : "Siwa",
  "kodepos" : "99583"
}, {
  "kecamatan" : "Benawa",
  "kelurahan" : "Pepera",
  "kodepos" : "99583"
}, {
  "kecamatan" : "Benawa",
  "kelurahan" : "Pinampi",
  "kodepos" : "99583"
}, {
  "kecamatan" : "Benawa",
  "kelurahan" : "Pisol",
  "kodepos" : "99583"
}, {
  "kecamatan" : "Benawa",
  "kelurahan" : "Paluke",
  "kodepos" : "99583"
}, {
  "kecamatan" : "Benawa",
  "kelurahan" : "Pensale",
  "kodepos" : "99583"
}, {
  "kecamatan" : "Benawa",
  "kelurahan" : "Narau",
  "kodepos" : "99583"
}, {
  "kecamatan" : "Benawa",
  "kelurahan" : "Niyawi",
  "kodepos" : "99583"
}, {
  "kecamatan" : "Benawa",
  "kelurahan" : "Naira",
  "kodepos" : "99583"
}, {
  "kecamatan" : "Benawa",
  "kelurahan" : "Merseng",
  "kodepos" : "99583"
}, {
  "kecamatan" : "Benawa",
  "kelurahan" : "Maksaram",
  "kodepos" : "99583"
}, {
  "kecamatan" : "Benawa",
  "kelurahan" : "Makrip",
  "kodepos" : "99583"
}, {
  "kecamatan" : "Benawa",
  "kelurahan" : "Lulum",
  "kodepos" : "99583"
}, {
  "kecamatan" : "Benawa",
  "kelurahan" : "Lawe",
  "kodepos" : "99583"
}, {
  "kecamatan" : "Benawa",
  "kelurahan" : "Kutakuruk",
  "kodepos" : "99583"
}, {
  "kecamatan" : "Benawa",
  "kelurahan" : "Kukdomol",
  "kodepos" : "99583"
}, {
  "kecamatan" : "Benawa",
  "kelurahan" : "Konobun",
  "kodepos" : "99583"
}, {
  "kecamatan" : "Benawa",
  "kelurahan" : "Key",
  "kodepos" : "99583"
}, {
  "kecamatan" : "Benawa",
  "kelurahan" : "Karamina",
  "kodepos" : "99583"
}, {
  "kecamatan" : "Benawa",
  "kelurahan" : "Kapawa",
  "kodepos" : "99583"
}, {
  "kecamatan" : "Benawa",
  "kelurahan" : "Kamika",
  "kodepos" : "99583"
}, {
  "kecamatan" : "Benawa",
  "kelurahan" : "Iyap",
  "kodepos" : "99583"
}, {
  "kecamatan" : "Benawa",
  "kelurahan" : "Himi",
  "kodepos" : "99583"
}, {
  "kecamatan" : "Benawa",
  "kelurahan" : "Ikon",
  "kodepos" : "99583"
}, {
  "kecamatan" : "Benawa",
  "kelurahan" : "Dukunasi",
  "kodepos" : "99583"
}, {
  "kecamatan" : "Benawa",
  "kelurahan" : "Gilika",
  "kodepos" : "99583"
}, {
  "kecamatan" : "Benawa",
  "kelurahan" : "Benawa Satu",
  "kodepos" : "99583"
}, {
  "kecamatan" : "Benawa",
  "kelurahan" : "Burukuku",
  "kodepos" : "99583"
}, {
  "kecamatan" : "Benawa",
  "kelurahan" : "Ampera",
  "kodepos" : "99583"
} ]
