[ {
  "kecamatan" : "Walma",
  "kelurahan" : "Yetehup",
  "kodepos" : "99582"
}, {
  "kecamatan" : "Duram",
  "kelurahan" : "Yaminikma",
  "kodepos" : "99582"
}, {
  "kecamatan" : "Panggema",
  "kelurahan" : "Yangkali",
  "kodepos" : "99582"
}, {
  "kecamatan" : "Nipsan",
  "kelurahan" : "Yalmun",
  "kodepos" : "99582"
}, {
  "kecamatan" : "Ubalihi",
  "kelurahan" : "Wisomy (Wisomi)",
  "kodepos" : "99582"
}, {
  "kecamatan" : "Talambo",
  "kelurahan" : "Wubri",
  "kodepos" : "99582"
}, {
  "kecamatan" : "Anggruk",
  "kelurahan" : "Yaholikma",
  "kodepos" : "99582"
}, {
  "kecamatan" : "Walma",
  "kelurahan" : "Wewasi",
  "kodepos" : "99582"
}, {
  "kecamatan" : "Walma",
  "kelurahan" : "Wewasi",
  "kodepos" : "99582"
}, {
  "kecamatan" : "Walma",
  "kelurahan" : "Werene",
  "kodepos" : "99582"
}, {
  "kecamatan" : "Walma",
  "kelurahan" : "Weri",
  "kodepos" : "99582"
}, {
  "kecamatan" : "Panggema",
  "kelurahan" : "Weresili",
  "kodepos" : "99582"
}, {
  "kecamatan" : "Nipsan",
  "kelurahan" : "Walmak",
  "kodepos" : "99582"
}, {
  "kecamatan" : "Ubalihi",
  "kelurahan" : "Wanan (Wanam)",
  "kodepos" : "99582"
}, {
  "kecamatan" : "Ubahak",
  "kelurahan" : "Welile",
  "kodepos" : "99582"
}, {
  "kecamatan" : "Walma",
  "kelurahan" : "Walma",
  "kodepos" : "99582"
}, {
  "kecamatan" : "Ubalihi",
  "kelurahan" : "Walahan",
  "kodepos" : "99582"
}, {
  "kecamatan" : "Anggruk",
  "kelurahan" : "Vuno",
  "kodepos" : "99582"
}, {
  "kecamatan" : "Kosarek",
  "kelurahan" : "Wahe",
  "kodepos" : "99582"
}, {
  "kecamatan" : "Ubalihi",
  "kelurahan" : "Ubalihion",
  "kodepos" : "99582"
}, {
  "kecamatan" : "Ubahak",
  "kelurahan" : "Ubahak",
  "kodepos" : "99582"
}, {
  "kecamatan" : "Kosarek",
  "kelurahan" : "Uldam",
  "kodepos" : "99582"
}, {
  "kecamatan" : "Anggruk",
  "kelurahan" : "Tulpa",
  "kodepos" : "99582"
}, {
  "kecamatan" : "Panggema",
  "kelurahan" : "Tonggoi",
  "kodepos" : "99582"
}, {
  "kecamatan" : "Panggema",
  "kelurahan" : "Tukam",
  "kodepos" : "99582"
}, {
  "kecamatan" : "Anggruk",
  "kelurahan" : "Tohong",
  "kodepos" : "99582"
}, {
  "kecamatan" : "Ubahak",
  "kelurahan" : "Tolombing",
  "kodepos" : "99582"
}, {
  "kecamatan" : "Kosarek",
  "kelurahan" : "Tiple",
  "kodepos" : "99582"
}, {
  "kecamatan" : "Nipsan",
  "kelurahan" : "Tapla",
  "kodepos" : "99582"
}, {
  "kecamatan" : "Ubalihi",
  "kelurahan" : "Talambela (Talempela)",
  "kodepos" : "99582"
}, {
  "kecamatan" : "Talambo",
  "kelurahan" : "Tibul (Timbul)",
  "kodepos" : "99582"
}, {
  "kecamatan" : "Endomen",
  "kelurahan" : "Suron",
  "kodepos" : "99582"
}, {
  "kecamatan" : "Panggema",
  "kelurahan" : "Susek",
  "kodepos" : "99582"
}, {
  "kecamatan" : "Anggruk",
  "kelurahan" : "Suahi",
  "kodepos" : "99582"
}, {
  "kecamatan" : "Ubahak",
  "kelurahan" : "Sosonikma (Sosomikma)",
  "kodepos" : "99582"
}, {
  "kecamatan" : "Ubahak",
  "kelurahan" : "Suhuntek",
  "kodepos" : "99582"
}, {
  "kecamatan" : "Pronggoli (Proggoli)",
  "kelurahan" : "Siwikma",
  "kodepos" : "99582"
}, {
  "kecamatan" : "Walma",
  "kelurahan" : "Solinggul (Solingul)",
  "kodepos" : "99582"
}, {
  "kecamatan" : "Ubahak",
  "kelurahan" : "Silong",
  "kodepos" : "99582"
}, {
  "kecamatan" : "Kosarek",
  "kelurahan" : "Silkom",
  "kodepos" : "99582"
}, {
  "kecamatan" : "Nipsan",
  "kelurahan" : "Serengan",
  "kodepos" : "99582"
}, {
  "kecamatan" : "Dirwemna (Diruwena)",
  "kelurahan" : "Silion",
  "kodepos" : "99582"
}, {
  "kecamatan" : "Endomen",
  "kelurahan" : "Sentul",
  "kodepos" : "99582"
}, {
  "kecamatan" : "Ubalihi",
  "kelurahan" : "Sehelu",
  "kodepos" : "99582"
}, {
  "kecamatan" : "Puldama",
  "kelurahan" : "Semlu",
  "kodepos" : "99582"
}, {
  "kecamatan" : "Ubalihi",
  "kelurahan" : "Samiyul",
  "kodepos" : "99582"
}, {
  "kecamatan" : "Ubahak",
  "kelurahan" : "Saruk",
  "kodepos" : "99582"
}, {
  "kecamatan" : "Dirwemna (Diruwena)",
  "kelurahan" : "Salengkomo",
  "kodepos" : "99582"
}, {
  "kecamatan" : "Ubalihi",
  "kelurahan" : "Salakma",
  "kodepos" : "99582"
}, {
  "kecamatan" : "Puldama",
  "kelurahan" : "Puldama",
  "kodepos" : "99582"
}, {
  "kecamatan" : "Hereapini (Hereanini)",
  "kelurahan" : "Pue",
  "kodepos" : "99582"
}, {
  "kecamatan" : "Pronggoli (Proggoli)",
  "kelurahan" : "Pontempilik (Pontenpelek)",
  "kodepos" : "99582"
}, {
  "kecamatan" : "Pronggoli (Proggoli)",
  "kelurahan" : "Pronggoli",
  "kodepos" : "99582"
}, {
  "kecamatan" : "Panggema",
  "kelurahan" : "Potenikma (Pontenikma)",
  "kodepos" : "99582"
}, {
  "kecamatan" : "Pronggoli (Proggoli)",
  "kelurahan" : "Piliam",
  "kodepos" : "99582"
}, {
  "kecamatan" : "Anggruk",
  "kelurahan" : "Pilong",
  "kodepos" : "99582"
}, {
  "kecamatan" : "Ubahak",
  "kelurahan" : "Pini",
  "kodepos" : "99582"
}, {
  "kecamatan" : "Panggema",
  "kelurahan" : "Panggema",
  "kodepos" : "99582"
}, {
  "kecamatan" : "Talambo",
  "kelurahan" : "Palukae",
  "kodepos" : "99582"
}, {
  "kecamatan" : "Hereapini (Hereanini)",
  "kelurahan" : "Pelentum (Palentum)",
  "kodepos" : "99582"
}, {
  "kecamatan" : "Anggruk",
  "kelurahan" : "Paliptek",
  "kodepos" : "99582"
}, {
  "kecamatan" : "Talambo",
  "kelurahan" : "Paleroman",
  "kodepos" : "99582"
}, {
  "kecamatan" : "Endomen",
  "kelurahan" : "Oklahama",
  "kodepos" : "99582"
}, {
  "kecamatan" : "Hereapini (Hereanini)",
  "kelurahan" : "Ohena",
  "kodepos" : "99582"
}, {
  "kecamatan" : "Nipsan",
  "kelurahan" : "Nipsan",
  "kodepos" : "99582"
}, {
  "kecamatan" : "Ubahak",
  "kelurahan" : "Nurap",
  "kodepos" : "99582"
}, {
  "kecamatan" : "Ubahak",
  "kelurahan" : "Oblin",
  "kodepos" : "99582"
}, {
  "kecamatan" : "Duram",
  "kelurahan" : "Niniwi",
  "kodepos" : "99582"
}, {
  "kecamatan" : "Hereapini (Hereanini)",
  "kelurahan" : "Nelisa",
  "kodepos" : "99582"
}, {
  "kecamatan" : "Nalca",
  "kelurahan" : "Nalca",
  "kodepos" : "99582"
}, {
  "kecamatan" : "Hereapini (Hereanini)",
  "kelurahan" : "Muhumu",
  "kodepos" : "99582"
}, {
  "kecamatan" : "Kosarek",
  "kelurahan" : "Mine",
  "kodepos" : "99582"
}, {
  "kecamatan" : "Kosarek",
  "kelurahan" : "Nahomas",
  "kodepos" : "99582"
}, {
  "kecamatan" : "Ubalihi",
  "kelurahan" : "Membaham (Mimbaham)",
  "kodepos" : "99582"
}, {
  "kecamatan" : "Hereapini (Hereanini)",
  "kelurahan" : "Menetsing",
  "kodepos" : "99582"
}, {
  "kecamatan" : "Nalca",
  "kelurahan" : "Manggona",
  "kodepos" : "99582"
}, {
  "kecamatan" : "Ubahak",
  "kelurahan" : "Maniek",
  "kodepos" : "99582"
}, {
  "kecamatan" : "Panggema",
  "kelurahan" : "Masahan",
  "kodepos" : "99582"
}, {
  "kecamatan" : "Ubahak",
  "kelurahan" : "Mabien",
  "kodepos" : "99582"
}, {
  "kecamatan" : "Puldama",
  "kelurahan" : "Manbolak",
  "kodepos" : "99582"
}, {
  "kecamatan" : "Talambo",
  "kelurahan" : "Lulum",
  "kodepos" : "99582"
}, {
  "kecamatan" : "Nalca",
  "kelurahan" : "Luwemna",
  "kodepos" : "99582"
}, {
  "kecamatan" : "Pronggoli (Proggoli)",
  "kelurahan" : "Lirutek",
  "kodepos" : "99582"
}, {
  "kecamatan" : "Talambo",
  "kelurahan" : "Lelambo Dua (II)",
  "kodepos" : "99582"
}, {
  "kecamatan" : "Anggruk",
  "kelurahan" : "Letin",
  "kodepos" : "99582"
}, {
  "kecamatan" : "Ubalihi",
  "kelurahan" : "Letfet",
  "kodepos" : "99582"
}, {
  "kecamatan" : "Anggruk",
  "kelurahan" : "Lelambo",
  "kodepos" : "99582"
}, {
  "kecamatan" : "Talambo",
  "kelurahan" : "Lelambo",
  "kodepos" : "99582"
}, {
  "kecamatan" : "Endomen",
  "kelurahan" : "Kouwet",
  "kodepos" : "99582"
}, {
  "kecamatan" : "Panggema",
  "kelurahan" : "Kuni",
  "kodepos" : "99582"
}, {
  "kecamatan" : "Kosarek",
  "kelurahan" : "Konosa",
  "kodepos" : "99582"
}, {
  "kecamatan" : "Kosarek",
  "kelurahan" : "Kosarek",
  "kodepos" : "99582"
}, {
  "kecamatan" : "Ubahak",
  "kelurahan" : "Koluang",
  "kodepos" : "99582"
}, {
  "kecamatan" : "Kona",
  "kelurahan" : "Kona (Konda)",
  "kodepos" : "99582"
}, {
  "kecamatan" : "Anggruk",
  "kelurahan" : "Kiltam",
  "kodepos" : "99582"
}, {
  "kecamatan" : "Panggema",
  "kelurahan" : "Kolu",
  "kodepos" : "99582"
}, {
  "kecamatan" : "Hereapini (Hereanini)",
  "kelurahan" : "Kinkun",
  "kodepos" : "99582"
}, {
  "kecamatan" : "Ubahak",
  "kelurahan" : "Kibianggen",
  "kodepos" : "99582"
}, {
  "kecamatan" : "Talambo",
  "kelurahan" : "Kikila",
  "kodepos" : "99582"
}, {
  "kecamatan" : "Ubahak",
  "kelurahan" : "Keleng",
  "kodepos" : "99582"
}, {
  "kecamatan" : "Panggema",
  "kelurahan" : "Kemumanggen",
  "kodepos" : "99582"
}, {
  "kecamatan" : "Puldama",
  "kelurahan" : "Kasen",
  "kodepos" : "99582"
}, {
  "kecamatan" : "Hereapini (Hereanini)",
  "kelurahan" : "Kabukal",
  "kodepos" : "99582"
}, {
  "kecamatan" : "Nalca",
  "kelurahan" : "Imsekla",
  "kodepos" : "99582"
}, {
  "kecamatan" : "Nipsan",
  "kelurahan" : "Ilukdamon",
  "kodepos" : "99582"
}, {
  "kecamatan" : "Anggruk",
  "kelurahan" : "Ilwap",
  "kodepos" : "99582"
}, {
  "kecamatan" : "Nipsan",
  "kelurahan" : "Ikmu",
  "kodepos" : "99582"
}, {
  "kecamatan" : "Kosarek",
  "kelurahan" : "Illion",
  "kodepos" : "99582"
}, {
  "kecamatan" : "Pronggoli (Proggoli)",
  "kelurahan" : "Huhulpunu",
  "kodepos" : "99582"
}, {
  "kecamatan" : "Walma",
  "kelurahan" : "Hontulun",
  "kodepos" : "99582"
}, {
  "kecamatan" : "Panggema",
  "kelurahan" : "Homtongo",
  "kodepos" : "99582"
}, {
  "kecamatan" : "Walma",
  "kelurahan" : "Honggoluk",
  "kodepos" : "99582"
}, {
  "kecamatan" : "Kosarek",
  "kelurahan" : "Hombuka",
  "kodepos" : "99582"
}, {
  "kecamatan" : "Anggruk",
  "kelurahan" : "Hohe",
  "kodepos" : "99582"
}, {
  "kecamatan" : "Hereapini (Hereanini)",
  "kelurahan" : "Homboki",
  "kodepos" : "99582"
}, {
  "kecamatan" : "Pronggoli (Proggoli)",
  "kelurahan" : "Hiklahin",
  "kodepos" : "99582"
}, {
  "kecamatan" : "Hereapini (Hereanini)",
  "kelurahan" : "Hoet",
  "kodepos" : "99582"
}, {
  "kecamatan" : "Ubalihi",
  "kelurahan" : "Hereki (Hereky)",
  "kodepos" : "99582"
}, {
  "kecamatan" : "Hereapini (Hereanini)",
  "kelurahan" : "Hereapini (Heriapini)",
  "kodepos" : "99582"
}, {
  "kecamatan" : "Pronggoli (Proggoli)",
  "kelurahan" : "Helapilik",
  "kodepos" : "99582"
}, {
  "kecamatan" : "Nalca",
  "kelurahan" : "Hein",
  "kodepos" : "99582"
}, {
  "kecamatan" : "Duram",
  "kelurahan" : "Goak",
  "kodepos" : "99582"
}, {
  "kecamatan" : "Ubahak",
  "kelurahan" : "Furuluk",
  "kodepos" : "99582"
}, {
  "kecamatan" : "Endomen",
  "kelurahan" : "Galsin",
  "kodepos" : "99582"
}, {
  "kecamatan" : "Endomen",
  "kelurahan" : "Gidomen",
  "kodepos" : "99582"
}, {
  "kecamatan" : "Nalca",
  "kelurahan" : "Emm",
  "kodepos" : "99582"
}, {
  "kecamatan" : "Endomen",
  "kelurahan" : "Endomen",
  "kodepos" : "99582"
}, {
  "kecamatan" : "Puldama",
  "kelurahan" : "Famek",
  "kodepos" : "99582"
}, {
  "kecamatan" : "Dirwemna (Diruwena)",
  "kelurahan" : "Dirwemna",
  "kodepos" : "99582"
}, {
  "kecamatan" : "Dirwemna (Diruwena)",
  "kelurahan" : "Dolsen",
  "kodepos" : "99582"
}, {
  "kecamatan" : "Duram",
  "kelurahan" : "Duram",
  "kodepos" : "99582"
}, {
  "kecamatan" : "Duram",
  "kelurahan" : "Dengat",
  "kodepos" : "99582"
}, {
  "kecamatan" : "Duram",
  "kelurahan" : "Digitme",
  "kodepos" : "99582"
}, {
  "kecamatan" : "Endomen",
  "kelurahan" : "Delon",
  "kodepos" : "99582"
}, {
  "kecamatan" : "Nalca",
  "kelurahan" : "Bolda",
  "kodepos" : "99582"
}, {
  "kecamatan" : "Nalca",
  "kelurahan" : "Cenderawasih",
  "kodepos" : "99582"
}, {
  "kecamatan" : "Nipsan",
  "kelurahan" : "Biu",
  "kodepos" : "99582"
}, {
  "kecamatan" : "Ubahak",
  "kelurahan" : "Bisifak",
  "kodepos" : "99582"
}, {
  "kecamatan" : "Panggema",
  "kelurahan" : "Bineluk",
  "kodepos" : "99582"
}, {
  "kecamatan" : "Puldama",
  "kelurahan" : "Baru",
  "kodepos" : "99582"
}, {
  "kecamatan" : "Talambo",
  "kelurahan" : "Bari",
  "kodepos" : "99582"
}, {
  "kecamatan" : "Puldama",
  "kelurahan" : "Balsek",
  "kodepos" : "99582"
}, {
  "kecamatan" : "Puldama",
  "kelurahan" : "Bako",
  "kodepos" : "99582"
}, {
  "kecamatan" : "Dirwemna (Diruwena)",
  "kelurahan" : "Aksal",
  "kodepos" : "99582"
}, {
  "kecamatan" : "Suntamon",
  "kelurahan" : "Yup",
  "kodepos" : "99578"
}, {
  "kecamatan" : "Langda",
  "kelurahan" : "Yolar",
  "kodepos" : "99578"
}, {
  "kecamatan" : "Hilipuk",
  "kelurahan" : "Yaruhuk",
  "kodepos" : "99578"
}, {
  "kecamatan" : "Hilipuk",
  "kelurahan" : "Yamin",
  "kodepos" : "99578"
}, {
  "kecamatan" : "Koropun (Korupun)",
  "kelurahan" : "Yamdua",
  "kodepos" : "99578"
}, {
  "kecamatan" : "Bomela",
  "kelurahan" : "Yalmabi",
  "kodepos" : "99578"
}, {
  "kecamatan" : "Sobaham",
  "kelurahan" : "Yalisomon",
  "kodepos" : "99578"
}, {
  "kecamatan" : "Kwelemdua (Kwelamdua)",
  "kelurahan" : "Yalidamon",
  "kodepos" : "99578"
}, {
  "kecamatan" : "Sobaham",
  "kelurahan" : "Yabi (Jabi)",
  "kodepos" : "99578"
}, {
  "kecamatan" : "Holuon",
  "kelurahan" : "Weni",
  "kodepos" : "99578"
}, {
  "kecamatan" : "Koropun (Korupun)",
  "kelurahan" : "Wemin",
  "kodepos" : "99578"
}, {
  "kecamatan" : "Lolat",
  "kelurahan" : "Webile",
  "kodepos" : "99578"
}, {
  "kecamatan" : "Soloikma",
  "kelurahan" : "Weawen (Weanem)",
  "kodepos" : "99578"
}, {
  "kecamatan" : "Langda",
  "kelurahan" : "Wasumurji",
  "kodepos" : "99578"
}, {
  "kecamatan" : "Lolat",
  "kelurahan" : "Wanim",
  "kodepos" : "99578"
}, {
  "kecamatan" : "Ninia",
  "kelurahan" : "Wahaik",
  "kodepos" : "99578"
}, {
  "kecamatan" : "Ninia",
  "kelurahan" : "Waerek",
  "kodepos" : "99578"
}, {
  "kecamatan" : "Kwikma",
  "kelurahan" : "Usabini",
  "kodepos" : "99578"
}, {
  "kecamatan" : "Suntamon",
  "kelurahan" : "Tapasik",
  "kodepos" : "99578"
}, {
  "kecamatan" : "Yahuliambut",
  "kelurahan" : "Tanggeam",
  "kodepos" : "99578"
}, {
  "kecamatan" : "Sela",
  "kelurahan" : "Sulda",
  "kodepos" : "99578"
}, {
  "kecamatan" : "Suntamon",
  "kelurahan" : "Suntamon",
  "kodepos" : "99578"
}, {
  "kecamatan" : "Yahuliambut",
  "kelurahan" : "Suksale",
  "kodepos" : "99578"
}, {
  "kecamatan" : "Yahuliambut",
  "kelurahan" : "Subundalek",
  "kodepos" : "99578"
}, {
  "kecamatan" : "Kabianggama (Kabianggema)",
  "kelurahan" : "Subayo",
  "kodepos" : "99578"
}, {
  "kecamatan" : "Holuon",
  "kelurahan" : "Sosi",
  "kodepos" : "99578"
}, {
  "kecamatan" : "Koropun (Korupun)",
  "kelurahan" : "Somsek",
  "kodepos" : "99578"
}, {
  "kecamatan" : "Soloikma",
  "kelurahan" : "Soline",
  "kodepos" : "99578"
}, {
  "kecamatan" : "Bomela",
  "kelurahan" : "Sombat",
  "kodepos" : "99578"
}, {
  "kecamatan" : "Ninia",
  "kelurahan" : "Sohwal",
  "kodepos" : "99578"
}, {
  "kecamatan" : "Holuon",
  "kelurahan" : "Sohonggik",
  "kodepos" : "99578"
}, {
  "kecamatan" : "Kabianggama (Kabianggema)",
  "kelurahan" : "Sohobma",
  "kodepos" : "99578"
}, {
  "kecamatan" : "Hilipuk",
  "kelurahan" : "Sohondipmu",
  "kodepos" : "99578"
}, {
  "kecamatan" : "Kabianggama (Kabianggema)",
  "kelurahan" : "Sohal",
  "kodepos" : "99578"
}, {
  "kecamatan" : "Sobaham",
  "kelurahan" : "Sobaham",
  "kodepos" : "99578"
}, {
  "kecamatan" : "Kwikma",
  "kelurahan" : "Soamrin",
  "kodepos" : "99578"
}, {
  "kecamatan" : "Soloikma",
  "kelurahan" : "Singokla",
  "kodepos" : "99578"
}, {
  "kecamatan" : "Sobaham",
  "kelurahan" : "Simbuk",
  "kodepos" : "99578"
}, {
  "kecamatan" : "Kwikma",
  "kelurahan" : "Silakma",
  "kodepos" : "99578"
}, {
  "kecamatan" : "Sobaham",
  "kelurahan" : "Silak Pahabol",
  "kodepos" : "99578"
}, {
  "kecamatan" : "Holuon",
  "kelurahan" : "Sia",
  "kodepos" : "99578"
}, {
  "kecamatan" : "Kwelemdua (Kwelamdua)",
  "kelurahan" : "Sesepne",
  "kodepos" : "99578"
}, {
  "kecamatan" : "Kwelemdua (Kwelamdua)",
  "kelurahan" : "Senayom",
  "kodepos" : "99578"
}, {
  "kecamatan" : "Lolat",
  "kelurahan" : "Serahak",
  "kodepos" : "99578"
}, {
  "kecamatan" : "Sobaham",
  "kelurahan" : "Sele",
  "kodepos" : "99578"
}, {
  "kecamatan" : "Sela",
  "kelurahan" : "Sela",
  "kodepos" : "99578"
}, {
  "kecamatan" : "Soloikma",
  "kelurahan" : "Salbi",
  "kodepos" : "99578"
}, {
  "kecamatan" : "Sela",
  "kelurahan" : "Phoy",
  "kodepos" : "99578"
}, {
  "kecamatan" : "Sobaham",
  "kelurahan" : "Puahuun",
  "kodepos" : "99578"
}, {
  "kecamatan" : "Bomela",
  "kelurahan" : "Palamdua",
  "kodepos" : "99578"
}, {
  "kecamatan" : "Sela",
  "kelurahan" : "Orisin",
  "kodepos" : "99578"
}, {
  "kecamatan" : "Kwelemdua (Kwelamdua)",
  "kelurahan" : "Obis",
  "kodepos" : "99578"
}, {
  "kecamatan" : "Kwikma",
  "kelurahan" : "Oakbisik",
  "kodepos" : "99578"
}, {
  "kecamatan" : "Ninia",
  "kelurahan" : "Ninia",
  "kodepos" : "99578"
}, {
  "kecamatan" : "Ninia",
  "kelurahan" : "Niniahan",
  "kodepos" : "99578"
}, {
  "kecamatan" : "Koropun (Korupun)",
  "kelurahan" : "Morome",
  "kodepos" : "99578"
}, {
  "kecamatan" : "Soloikma",
  "kelurahan" : "Musan",
  "kodepos" : "99578"
}, {
  "kecamatan" : "Koropun (Korupun)",
  "kelurahan" : "Moo",
  "kodepos" : "99578"
}, {
  "kecamatan" : "Kwikma",
  "kelurahan" : "Monin",
  "kodepos" : "99578"
}, {
  "kecamatan" : "Sela",
  "kelurahan" : "Monamna",
  "kodepos" : "99578"
}, {
  "kecamatan" : "Sela",
  "kelurahan" : "Mondon",
  "kodepos" : "99578"
}, {
  "kecamatan" : "Kwikma",
  "kelurahan" : "Momenggama",
  "kodepos" : "99578"
}, {
  "kecamatan" : "Sela",
  "kelurahan" : "Mekdua",
  "kodepos" : "99578"
}, {
  "kecamatan" : "Suntamon",
  "kelurahan" : "Masumkon",
  "kodepos" : "99578"
}, {
  "kecamatan" : "Koropun (Korupun)",
  "kelurahan" : "Maldua",
  "kodepos" : "99578"
}, {
  "kecamatan" : "Sela",
  "kelurahan" : "Megom (Megon)",
  "kodepos" : "99578"
}, {
  "kecamatan" : "Sela",
  "kelurahan" : "Makero",
  "kodepos" : "99578"
}, {
  "kecamatan" : "Langda",
  "kelurahan" : "Lukun",
  "kodepos" : "99578"
}, {
  "kecamatan" : "Lolat",
  "kelurahan" : "Lolat",
  "kodepos" : "99578"
}, {
  "kecamatan" : "Yahuliambut",
  "kelurahan" : "Linggisen",
  "kodepos" : "99578"
}, {
  "kecamatan" : "Ninia",
  "kelurahan" : "Liligan",
  "kodepos" : "99578"
}, {
  "kecamatan" : "Ninia",
  "kelurahan" : "Liligan II",
  "kodepos" : "99578"
}, {
  "kecamatan" : "Langda",
  "kelurahan" : "Langda",
  "kodepos" : "99578"
}, {
  "kecamatan" : "Soloikma",
  "kelurahan" : "Kwelena",
  "kodepos" : "99578"
}, {
  "kecamatan" : "Langda",
  "kelurahan" : "Laryi",
  "kodepos" : "99578"
}, {
  "kecamatan" : "Kwelemdua (Kwelamdua)",
  "kelurahan" : "Kwelemdua",
  "kodepos" : "99578"
}, {
  "kecamatan" : "Sobaham",
  "kelurahan" : "Kulahaik",
  "kodepos" : "99578"
}, {
  "kecamatan" : "Bomela",
  "kelurahan" : "Kubialat",
  "kodepos" : "99578"
}, {
  "kecamatan" : "Kwelemdua (Kwelamdua)",
  "kelurahan" : "Kubuk Dua",
  "kodepos" : "99578"
}, {
  "kecamatan" : "Bomela",
  "kelurahan" : "Kitikni",
  "kodepos" : "99578"
}, {
  "kecamatan" : "Koropun (Korupun)",
  "kelurahan" : "Koropun (Korupun)",
  "kodepos" : "99578"
}, {
  "kecamatan" : "Langda",
  "kelurahan" : "Kirabuk",
  "kodepos" : "99578"
}, {
  "kecamatan" : "Hilipuk",
  "kelurahan" : "Kini",
  "kodepos" : "99578"
}, {
  "kecamatan" : "Kwikma",
  "kelurahan" : "Kenkeni",
  "kodepos" : "99578"
}, {
  "kecamatan" : "Kwelemdua (Kwelamdua)",
  "kelurahan" : "Kemligin",
  "kodepos" : "99578"
}, {
  "kecamatan" : "Kwikma",
  "kelurahan" : "Karelma",
  "kodepos" : "99578"
}, {
  "kecamatan" : "Langda",
  "kelurahan" : "Kap-Kap",
  "kodepos" : "99578"
}, {
  "kecamatan" : "Kwelemdua (Kwelamdua)",
  "kelurahan" : "Kabulan",
  "kodepos" : "99578"
}, {
  "kecamatan" : "Ninia",
  "kelurahan" : "Kahul",
  "kodepos" : "99578"
}, {
  "kecamatan" : "Kabianggama (Kabianggema)",
  "kelurahan" : "Kabianggama",
  "kodepos" : "99578"
}, {
  "kecamatan" : "Ninia",
  "kelurahan" : "Hwealoma",
  "kodepos" : "99578"
}, {
  "kecamatan" : "Kwikma",
  "kelurahan" : "Husmo",
  "kodepos" : "99578"
}, {
  "kecamatan" : "Sobaham",
  "kelurahan" : "Hubik",
  "kodepos" : "99578"
}, {
  "kecamatan" : "Sela",
  "kelurahan" : "Horomon",
  "kodepos" : "99578"
}, {
  "kecamatan" : "Hilipuk",
  "kelurahan" : "Homidipmu",
  "kodepos" : "99578"
}, {
  "kecamatan" : "Sela",
  "kelurahan" : "Holdomen",
  "kodepos" : "99578"
}, {
  "kecamatan" : "Holuon",
  "kelurahan" : "Holuwon (Holuon)",
  "kodepos" : "99578"
}, {
  "kecamatan" : "Hilipuk",
  "kelurahan" : "Hilipuk",
  "kodepos" : "99578"
}, {
  "kecamatan" : "Sela",
  "kelurahan" : "Hemuka",
  "kodepos" : "99578"
}, {
  "kecamatan" : "Sobaham",
  "kelurahan" : "Hamik",
  "kodepos" : "99578"
}, {
  "kecamatan" : "Lolat",
  "kelurahan" : "Esalek",
  "kodepos" : "99578"
}, {
  "kecamatan" : "Soloikma",
  "kelurahan" : "Erim",
  "kodepos" : "99578"
}, {
  "kecamatan" : "Sela",
  "kelurahan" : "Ejub",
  "kodepos" : "99578"
}, {
  "kecamatan" : "Kwikma",
  "kelurahan" : "Enggelasue",
  "kodepos" : "99578"
}, {
  "kecamatan" : "Sela",
  "kelurahan" : "Dolbol",
  "kodepos" : "99578"
}, {
  "kecamatan" : "Kabianggama (Kabianggema)",
  "kelurahan" : "Domul",
  "kodepos" : "99578"
}, {
  "kecamatan" : "Sobaham",
  "kelurahan" : "Dohong",
  "kodepos" : "99578"
}, {
  "kecamatan" : "Suntamon",
  "kelurahan" : "Dirik",
  "kodepos" : "99578"
}, {
  "kecamatan" : "Lolat",
  "kelurahan" : "Dinggila",
  "kodepos" : "99578"
}, {
  "kecamatan" : "Hilipuk",
  "kelurahan" : "Dindok",
  "kodepos" : "99578"
}, {
  "kecamatan" : "Koropun (Korupun)",
  "kelurahan" : "Dildau",
  "kodepos" : "99578"
}, {
  "kecamatan" : "Lolat",
  "kelurahan" : "Denema",
  "kodepos" : "99578"
}, {
  "kecamatan" : "Kwelemdua (Kwelamdua)",
  "kelurahan" : "Debula",
  "kodepos" : "99578"
}, {
  "kecamatan" : "Koropun (Korupun)",
  "kelurahan" : "Dagi",
  "kodepos" : "99578"
}, {
  "kecamatan" : "Holuon",
  "kelurahan" : "Danggema",
  "kodepos" : "99578"
}, {
  "kecamatan" : "Lolat",
  "kelurahan" : "Bunde",
  "kodepos" : "99578"
}, {
  "kecamatan" : "Suntamon",
  "kelurahan" : "Bulbul",
  "kodepos" : "99578"
}, {
  "kecamatan" : "Kabianggama (Kabianggema)",
  "kelurahan" : "Buahun",
  "kodepos" : "99578"
}, {
  "kecamatan" : "Suntamon",
  "kelurahan" : "Bongkok",
  "kodepos" : "99578"
}, {
  "kecamatan" : "Bomela",
  "kelurahan" : "Bomela",
  "kodepos" : "99578"
}, {
  "kecamatan" : "Holuon",
  "kelurahan" : "Bineleruk",
  "kodepos" : "99578"
}, {
  "kecamatan" : "Suntamon",
  "kelurahan" : "Binalkon",
  "kodepos" : "99578"
}, {
  "kecamatan" : "Sela",
  "kelurahan" : "Bera",
  "kodepos" : "99578"
}, {
  "kecamatan" : "Koropun (Korupun)",
  "kelurahan" : "Batkuk",
  "kodepos" : "99578"
}, {
  "kecamatan" : "Sobaham",
  "kelurahan" : "Benembia",
  "kodepos" : "99578"
}, {
  "kecamatan" : "Langda",
  "kelurahan" : "Bebekle",
  "kodepos" : "99578"
}, {
  "kecamatan" : "Koropun (Korupun)",
  "kelurahan" : "Basal",
  "kodepos" : "99578"
}, {
  "kecamatan" : "Soloikma",
  "kelurahan" : "Banga",
  "kodepos" : "99578"
}, {
  "kecamatan" : "Kwelemdua (Kwelamdua)",
  "kelurahan" : "Baluk",
  "kodepos" : "99578"
}, {
  "kecamatan" : "Sobaham",
  "kelurahan" : "Balinggama",
  "kodepos" : "99578"
}, {
  "kecamatan" : "Kabianggama (Kabianggema)",
  "kelurahan" : "Bahbolma",
  "kodepos" : "99578"
}, {
  "kecamatan" : "Ninia",
  "kelurahan" : "Babet",
  "kodepos" : "99578"
}, {
  "kecamatan" : "Sela",
  "kelurahan" : "Asok",
  "kodepos" : "99578"
}, {
  "kecamatan" : "Yahuliambut",
  "kelurahan" : "Amfulma",
  "kodepos" : "99578"
}, {
  "kecamatan" : "Koropun (Korupun)",
  "kelurahan" : "Amdua",
  "kodepos" : "99578"
}, {
  "kecamatan" : "Langda",
  "kelurahan" : "Alirji",
  "kodepos" : "99578"
}, {
  "kecamatan" : "Mugi",
  "kelurahan" : "Yuarima",
  "kodepos" : "99571"
}, {
  "kecamatan" : "Yogosem",
  "kelurahan" : "Yogosem",
  "kodepos" : "99571"
}, {
  "kecamatan" : "Suru Suru",
  "kelurahan" : "Yosua",
  "kodepos" : "99571"
}, {
  "kecamatan" : "Musaik",
  "kelurahan" : "Yeriko",
  "kodepos" : "99571"
}, {
  "kecamatan" : "Wusuma",
  "kelurahan" : "Yerekama",
  "kodepos" : "99571"
}, {
  "kecamatan" : "Ukha",
  "kelurahan" : "Yelepunu",
  "kodepos" : "99571"
}, {
  "kecamatan" : "Tangma",
  "kelurahan" : "Yeleas",
  "kodepos" : "99571"
}, {
  "kecamatan" : "Seredela (Seredala)",
  "kelurahan" : "Yasip",
  "kodepos" : "99571"
}, {
  "kecamatan" : "Tangma",
  "kelurahan" : "Yalimo",
  "kodepos" : "99571"
}, {
  "kecamatan" : "Obio",
  "kelurahan" : "Yahufa",
  "kodepos" : "99571"
}, {
  "kecamatan" : "Kurima",
  "kelurahan" : "Yagarelo",
  "kodepos" : "99571"
}, {
  "kecamatan" : "Obio",
  "kelurahan" : "Yagabo",
  "kodepos" : "99571"
}, {
  "kecamatan" : "Mugi",
  "kelurahan" : "Wusagasem",
  "kodepos" : "99571"
}, {
  "kecamatan" : "Pasema",
  "kelurahan" : "Wulin",
  "kodepos" : "99571"
}, {
  "kecamatan" : "Kurima",
  "kelurahan" : "Wulik Punua",
  "kodepos" : "99571"
}, {
  "kecamatan" : "Silimo",
  "kelurahan" : "Wubialo",
  "kodepos" : "99571"
}, {
  "kecamatan" : "Suru Suru",
  "kelurahan" : "Worapi",
  "kodepos" : "99571"
}, {
  "kecamatan" : "Amuma",
  "kelurahan" : "Wisikma",
  "kodepos" : "99571"
}, {
  "kecamatan" : "Kona",
  "kelurahan" : "Wetmuk",
  "kodepos" : "99571"
}, {
  "kecamatan" : "Sumo",
  "kelurahan" : "Wirilu",
  "kodepos" : "99571"
}, {
  "kecamatan" : "Mugi",
  "kelurahan" : "Wesangma",
  "kodepos" : "99571"
}, {
  "kecamatan" : "Werima",
  "kelurahan" : "Wesama",
  "kodepos" : "99571"
}, {
  "kecamatan" : "Werima",
  "kelurahan" : "Wesagalep",
  "kodepos" : "99571"
}, {
  "kecamatan" : "Werima",
  "kelurahan" : "Weriaput",
  "kodepos" : "99571"
}, {
  "kecamatan" : "Werima",
  "kelurahan" : "Werima",
  "kodepos" : "99571"
}, {
  "kecamatan" : "Obio",
  "kelurahan" : "Wendame",
  "kodepos" : "99571"
}, {
  "kecamatan" : "Ukha",
  "kelurahan" : "Wenapuk",
  "kodepos" : "99571"
}, {
  "kecamatan" : "Sumo",
  "kelurahan" : "Wenapong",
  "kodepos" : "99571"
}, {
  "kecamatan" : "Mugi",
  "kelurahan" : "Wemasili",
  "kodepos" : "99571"
}, {
  "kecamatan" : "Musaik",
  "kelurahan" : "Weleheikma",
  "kodepos" : "99571"
}, {
  "kecamatan" : "Silimo",
  "kelurahan" : "Weakma",
  "kodepos" : "99571"
}, {
  "kecamatan" : "Pasema",
  "kelurahan" : "Wea",
  "kodepos" : "99571"
}, {
  "kecamatan" : "Mugi",
  "kelurahan" : "Wanesi",
  "kodepos" : "99571"
}, {
  "kecamatan" : "Kurima",
  "kelurahan" : "Wanem",
  "kodepos" : "99571"
}, {
  "kecamatan" : "Tangma",
  "kelurahan" : "Wamarek",
  "kodepos" : "99571"
}, {
  "kecamatan" : "Wusuma",
  "kelurahan" : "Walkuma",
  "kodepos" : "99571"
}, {
  "kecamatan" : "Silimo",
  "kelurahan" : "Walkruk",
  "kodepos" : "99571"
}, {
  "kecamatan" : "Kayo",
  "kelurahan" : "Walet",
  "kodepos" : "99571"
}, {
  "kecamatan" : "Ukha",
  "kelurahan" : "Walialema",
  "kodepos" : "99571"
}, {
  "kecamatan" : "Amuma",
  "kelurahan" : "Waeklek",
  "kodepos" : "99571"
}, {
  "kecamatan" : "Mugi",
  "kelurahan" : "Userem",
  "kodepos" : "99571"
}, {
  "kecamatan" : "Kurima",
  "kelurahan" : "Wakunyama",
  "kodepos" : "99571"
}, {
  "kecamatan" : "Musaik",
  "kelurahan" : "Usaregeik (Usaragek)",
  "kodepos" : "99571"
}, {
  "kecamatan" : "Ukha",
  "kelurahan" : "Ukha",
  "kodepos" : "99571"
}, {
  "kecamatan" : "Obio",
  "kelurahan" : "Ujin",
  "kodepos" : "99571"
}, {
  "kecamatan" : "Soba",
  "kelurahan" : "Ugulintipmu",
  "kodepos" : "99571"
}, {
  "kecamatan" : "Mugi",
  "kelurahan" : "Ugem",
  "kodepos" : "99571"
}, {
  "kecamatan" : "Kayo",
  "kelurahan" : "Uase",
  "kodepos" : "99571"
}, {
  "kecamatan" : "Kurima",
  "kelurahan" : "Tukuarek",
  "kodepos" : "99571"
}, {
  "kecamatan" : "Sumo",
  "kelurahan" : "Uam",
  "kodepos" : "99571"
}, {
  "kecamatan" : "Dekai",
  "kelurahan" : "Toman I",
  "kodepos" : "99571"
}, {
  "kecamatan" : "Dekai",
  "kelurahan" : "Toman II",
  "kodepos" : "99571"
}, {
  "kecamatan" : "Amuma",
  "kelurahan" : "Tolikapura (Talikapura)",
  "kodepos" : "99571"
}, {
  "kecamatan" : "Seredela (Seredala)",
  "kelurahan" : "Tokuni",
  "kodepos" : "99571"
}, {
  "kecamatan" : "Mugi",
  "kelurahan" : "Togoluk",
  "kodepos" : "99571"
}, {
  "kecamatan" : "Seredela (Seredala)",
  "kelurahan" : "Teret",
  "kodepos" : "99571"
}, {
  "kecamatan" : "Soba",
  "kelurahan" : "Tanda",
  "kodepos" : "99571"
}, {
  "kecamatan" : "Tangma",
  "kelurahan" : "Tangma",
  "kodepos" : "99571"
}, {
  "kecamatan" : "Soba",
  "kelurahan" : "Surukmu",
  "kodepos" : "99571"
}, {
  "kecamatan" : "Wusuma",
  "kelurahan" : "Suok",
  "kodepos" : "99571"
}, {
  "kecamatan" : "Silimo",
  "kelurahan" : "Suok",
  "kodepos" : "99571"
}, {
  "kecamatan" : "Sumo",
  "kelurahan" : "Sumo",
  "kodepos" : "99571"
}, {
  "kecamatan" : "Musaik",
  "kelurahan" : "Sumegen",
  "kodepos" : "99571"
}, {
  "kecamatan" : "Musaik",
  "kelurahan" : "Sumegen",
  "kodepos" : "99571"
}, {
  "kecamatan" : "Werima",
  "kelurahan" : "Suesi",
  "kodepos" : "99571"
}, {
  "kecamatan" : "Silimo",
  "kelurahan" : "Suet",
  "kodepos" : "99571"
}, {
  "kecamatan" : "Wusuma",
  "kelurahan" : "Sowaling",
  "kodepos" : "99571"
}, {
  "kecamatan" : "Hogio (Hugio)",
  "kelurahan" : "Subsal",
  "kodepos" : "99571"
}, {
  "kecamatan" : "Dekai",
  "kelurahan" : "Sokamu",
  "kodepos" : "99571"
}, {
  "kecamatan" : "Kurima",
  "kelurahan" : "Soroh",
  "kodepos" : "99571"
}, {
  "kecamatan" : "Suru Suru",
  "kelurahan" : "Solok",
  "kodepos" : "99571"
}, {
  "kecamatan" : "Silimo",
  "kelurahan" : "Sodule",
  "kodepos" : "99571"
}, {
  "kecamatan" : "Yogosem",
  "kelurahan" : "Sogasio",
  "kodepos" : "99571"
}, {
  "kecamatan" : "Soba",
  "kelurahan" : "Soba",
  "kodepos" : "99571"
}, {
  "kecamatan" : "Hogio (Hugio)",
  "kelurahan" : "Sipnidipmu",
  "kodepos" : "99571"
}, {
  "kecamatan" : "Tangma",
  "kelurahan" : "Simeka",
  "kodepos" : "99571"
}, {
  "kecamatan" : "Ukha",
  "kelurahan" : "Siolorema",
  "kodepos" : "99571"
}, {
  "kecamatan" : "Amuma",
  "kelurahan" : "Silorin",
  "kodepos" : "99571"
}, {
  "kecamatan" : "Silimo",
  "kelurahan" : "Silimo",
  "kodepos" : "99571"
}, {
  "kecamatan" : "Silimo",
  "kelurahan" : "Siloma",
  "kodepos" : "99571"
}, {
  "kecamatan" : "Silimo",
  "kelurahan" : "Silon",
  "kodepos" : "99571"
}, {
  "kecamatan" : "Suru Suru",
  "kelurahan" : "Senipan",
  "kodepos" : "99571"
}, {
  "kecamatan" : "Silimo",
  "kelurahan" : "Sianele",
  "kodepos" : "99571"
}, {
  "kecamatan" : "Seredela (Seredala)",
  "kelurahan" : "Seredela",
  "kodepos" : "99571"
}, {
  "kecamatan" : "Hogio (Hugio)",
  "kelurahan" : "Sengsenagaik",
  "kodepos" : "99571"
}, {
  "kecamatan" : "Pasema",
  "kelurahan" : "Sengangge",
  "kodepos" : "99571"
}, {
  "kecamatan" : "Mugi",
  "kelurahan" : "Seima",
  "kodepos" : "99571"
}, {
  "kecamatan" : "Kona",
  "kelurahan" : "Seklak",
  "kodepos" : "99571"
}, {
  "kecamatan" : "Kayo",
  "kelurahan" : "Sebu",
  "kodepos" : "99571"
}, {
  "kecamatan" : "Silimo",
  "kelurahan" : "Sebin",
  "kodepos" : "99571"
}, {
  "kecamatan" : "Wusuma",
  "kelurahan" : "Sangatur",
  "kodepos" : "99571"
}, {
  "kecamatan" : "Amuma",
  "kelurahan" : "Sarmuge",
  "kodepos" : "99571"
}, {
  "kecamatan" : "Seredela (Seredala)",
  "kelurahan" : "Samboga",
  "kodepos" : "99571"
}, {
  "kecamatan" : "Samenage",
  "kelurahan" : "Samenage",
  "kodepos" : "99571"
}, {
  "kecamatan" : "Amuma",
  "kelurahan" : "Sagasal",
  "kodepos" : "99571"
}, {
  "kecamatan" : "Yogosem",
  "kelurahan" : "Saikama",
  "kodepos" : "99571"
}, {
  "kecamatan" : "Suru Suru",
  "kelurahan" : "Rentis",
  "kodepos" : "99571"
}, {
  "kecamatan" : "Silimo",
  "kelurahan" : "Sagaduk",
  "kodepos" : "99571"
}, {
  "kecamatan" : "Wusuma",
  "kelurahan" : "Sabin",
  "kodepos" : "99571"
}, {
  "kecamatan" : "Kurima",
  "kelurahan" : "Pusuaga",
  "kodepos" : "99571"
}, {
  "kecamatan" : "Pasema",
  "kelurahan" : "Pupi",
  "kodepos" : "99571"
}, {
  "kecamatan" : "Tangma",
  "kelurahan" : "Punno",
  "kodepos" : "99571"
}, {
  "kecamatan" : "Obio",
  "kelurahan" : "Pugun",
  "kodepos" : "99571"
}, {
  "kecamatan" : "Samenage",
  "kelurahan" : "Pona",
  "kodepos" : "99571"
}, {
  "kecamatan" : "Amuma",
  "kelurahan" : "Plau",
  "kodepos" : "99571"
}, {
  "kecamatan" : "Silimo",
  "kelurahan" : "Pinda",
  "kodepos" : "99571"
}, {
  "kecamatan" : "Obio",
  "kelurahan" : "Patin",
  "kodepos" : "99571"
}, {
  "kecamatan" : "Obio",
  "kelurahan" : "Penigik",
  "kodepos" : "99571"
}, {
  "kecamatan" : "Pasema",
  "kelurahan" : "Pasema",
  "kodepos" : "99571"
}, {
  "kecamatan" : "Mugi",
  "kelurahan" : "Panyoke",
  "kodepos" : "99571"
}, {
  "kecamatan" : "Kurima",
  "kelurahan" : "Parela",
  "kodepos" : "99571"
}, {
  "kecamatan" : "Amuma",
  "kelurahan" : "Orugai",
  "kodepos" : "99571"
}, {
  "kecamatan" : "Mugi",
  "kelurahan" : "Olomisang",
  "kodepos" : "99571"
}, {
  "kecamatan" : "Hogio (Hugio)",
  "kelurahan" : "Paima",
  "kodepos" : "99571"
}, {
  "kecamatan" : "Kurima",
  "kelurahan" : "Obolma",
  "kodepos" : "99571"
}, {
  "kecamatan" : "Sumo",
  "kelurahan" : "Obokain",
  "kodepos" : "99571"
}, {
  "kecamatan" : "Samenage",
  "kelurahan" : "Notnarek",
  "kodepos" : "99571"
}, {
  "kecamatan" : "Mugi",
  "kelurahan" : "Nyikinen",
  "kodepos" : "99571"
}, {
  "kecamatan" : "Obio",
  "kelurahan" : "Obio",
  "kodepos" : "99571"
}, {
  "kecamatan" : "Werima",
  "kelurahan" : "Nesuwen",
  "kodepos" : "99571"
}, {
  "kecamatan" : "Soba",
  "kelurahan" : "Nilen",
  "kodepos" : "99571"
}, {
  "kecamatan" : "Ukha",
  "kelurahan" : "Musanarek",
  "kodepos" : "99571"
}, {
  "kecamatan" : "Silimo",
  "kelurahan" : "Nekilei",
  "kodepos" : "99571"
}, {
  "kecamatan" : "Obio",
  "kelurahan" : "Munu",
  "kodepos" : "99571"
}, {
  "kecamatan" : "Wusuma",
  "kelurahan" : "Mul",
  "kodepos" : "99571"
}, {
  "kecamatan" : "Samenage",
  "kelurahan" : "Muke",
  "kodepos" : "99571"
}, {
  "kecamatan" : "Sumo",
  "kelurahan" : "Muara Balim",
  "kodepos" : "99571"
}, {
  "kecamatan" : "Wusuma",
  "kelurahan" : "Mugi (Mogi)",
  "kodepos" : "99571"
}, {
  "kecamatan" : "Dekai",
  "kelurahan" : "Muara",
  "kodepos" : "99571"
}, {
  "kecamatan" : "Seredela (Seredala)",
  "kelurahan" : "Moruf",
  "kodepos" : "99571"
}, {
  "kecamatan" : "Seredela (Seredala)",
  "kelurahan" : "Mosomduba",
  "kodepos" : "99571"
}, {
  "kecamatan" : "Kayo",
  "kelurahan" : "Molama",
  "kodepos" : "99571"
}, {
  "kecamatan" : "Silimo",
  "kelurahan" : "Momnowok (Momnowak)",
  "kodepos" : "99571"
}, {
  "kecamatan" : "Dekai",
  "kelurahan" : "Massi",
  "kodepos" : "99571"
}, {
  "kecamatan" : "Yogosem",
  "kelurahan" : "Mesahaput",
  "kodepos" : "99571"
}, {
  "kecamatan" : "Dekai",
  "kelurahan" : "Maruku",
  "kodepos" : "99571"
}, {
  "kecamatan" : "Mugi",
  "kelurahan" : "Lugulmu",
  "kodepos" : "99571"
}, {
  "kecamatan" : "Kurima",
  "kelurahan" : "Lukulema",
  "kodepos" : "99571"
}, {
  "kecamatan" : "Sumo",
  "kelurahan" : "Maku",
  "kodepos" : "99571"
}, {
  "kecamatan" : "Ukha",
  "kelurahan" : "Lua",
  "kodepos" : "99571"
}, {
  "kecamatan" : "Werima",
  "kelurahan" : "Luarima",
  "kodepos" : "99571"
}, {
  "kecamatan" : "Musaik",
  "kelurahan" : "Lidipmu",
  "kodepos" : "99571"
}, {
  "kecamatan" : "Pasema",
  "kelurahan" : "Lowet",
  "kodepos" : "99571"
}, {
  "kecamatan" : "Werima",
  "kelurahan" : "Lokon",
  "kodepos" : "99571"
}, {
  "kecamatan" : "Pasema",
  "kelurahan" : "Lemoko",
  "kodepos" : "99571"
}, {
  "kecamatan" : "Werima",
  "kelurahan" : "Libuk",
  "kodepos" : "99571"
}, {
  "kecamatan" : "Hogio (Hugio)",
  "kelurahan" : "Leleak",
  "kodepos" : "99571"
}, {
  "kecamatan" : "Obio",
  "kelurahan" : "Kwakenoro",
  "kodepos" : "99571"
}, {
  "kecamatan" : "Sumo",
  "kelurahan" : "Kwiriside",
  "kodepos" : "99571"
}, {
  "kecamatan" : "Ukha",
  "kelurahan" : "Kuleken",
  "kodepos" : "99571"
}, {
  "kecamatan" : "Kona",
  "kelurahan" : "Kugun",
  "kodepos" : "99571"
}, {
  "kecamatan" : "Dekai",
  "kelurahan" : "Kuari",
  "kodepos" : "99571"
}, {
  "kecamatan" : "Dekai",
  "kelurahan" : "Kuaserama",
  "kodepos" : "99571"
}, {
  "kecamatan" : "Mugi",
  "kelurahan" : "Kosihun",
  "kodepos" : "99571"
}, {
  "kecamatan" : "Seredela (Seredala)",
  "kelurahan" : "Koper",
  "kodepos" : "99571"
}, {
  "kecamatan" : "Wusuma",
  "kelurahan" : "Kolodoma",
  "kodepos" : "99571"
}, {
  "kecamatan" : "Dekai",
  "kelurahan" : "Kokamu",
  "kodepos" : "99571"
}, {
  "kecamatan" : "Yogosem",
  "kelurahan" : "Kiroma",
  "kodepos" : "99571"
}, {
  "kecamatan" : "Dekai",
  "kelurahan" : "Kiribun",
  "kodepos" : "99571"
}, {
  "kecamatan" : "Amuma",
  "kelurahan" : "Kinika",
  "kodepos" : "99571"
}, {
  "kecamatan" : "Kurima",
  "kelurahan" : "Kilise",
  "kodepos" : "99571"
}, {
  "kecamatan" : "Kurima",
  "kelurahan" : "Kima",
  "kodepos" : "99571"
}, {
  "kecamatan" : "Kona",
  "kelurahan" : "Kalpok",
  "kodepos" : "99571"
}, {
  "kecamatan" : "Kayo",
  "kelurahan" : "Kayo",
  "kodepos" : "99571"
}, {
  "kecamatan" : "Dekai",
  "kelurahan" : "Keikey",
  "kodepos" : "99571"
}, {
  "kecamatan" : "Suru Suru",
  "kelurahan" : "Jinusugu",
  "kodepos" : "99571"
}, {
  "kecamatan" : "Obio",
  "kelurahan" : "Jibak",
  "kodepos" : "99571"
}, {
  "kecamatan" : "Sumo",
  "kelurahan" : "Jibuk",
  "kodepos" : "99571"
}, {
  "kecamatan" : "Mugi",
  "kelurahan" : "Itlay Wopi",
  "kodepos" : "99571"
}, {
  "kecamatan" : "Samenage",
  "kelurahan" : "Ison",
  "kodepos" : "99571"
}, {
  "kecamatan" : "Mugi",
  "kelurahan" : "Ilokomo",
  "kodepos" : "99571"
}, {
  "kecamatan" : "Kurima",
  "kelurahan" : "Ibiroma",
  "kodepos" : "99571"
}, {
  "kecamatan" : "Sumo",
  "kelurahan" : "Hunisi",
  "kodepos" : "99571"
}, {
  "kecamatan" : "Silimo",
  "kelurahan" : "Hwesalemo",
  "kodepos" : "99571"
}, {
  "kecamatan" : "Kurima",
  "kelurahan" : "Huluagaima",
  "kodepos" : "99571"
}, {
  "kecamatan" : "Mugi",
  "kelurahan" : "Hunenima",
  "kodepos" : "99571"
}, {
  "kecamatan" : "Kurima",
  "kelurahan" : "Huken",
  "kodepos" : "99571"
}, {
  "kecamatan" : "Mugi",
  "kelurahan" : "Hulesi",
  "kodepos" : "99571"
}, {
  "kecamatan" : "Kurima",
  "kelurahan" : "Huguma",
  "kodepos" : "99571"
}, {
  "kecamatan" : "Samenage",
  "kelurahan" : "Hugilokon",
  "kodepos" : "99571"
}, {
  "kecamatan" : "Kurima",
  "kelurahan" : "Huglot",
  "kodepos" : "99571"
}, {
  "kecamatan" : "Tangma",
  "kelurahan" : "Huewi",
  "kodepos" : "99571"
}, {
  "kecamatan" : "Obio",
  "kelurahan" : "Homhom",
  "kodepos" : "99571"
}, {
  "kecamatan" : "Yogosem",
  "kelurahan" : "Hokolekma",
  "kodepos" : "99571"
}, {
  "kecamatan" : "Kayo",
  "kelurahan" : "Hombesaloma",
  "kodepos" : "99571"
}, {
  "kecamatan" : "Hogio (Hugio)",
  "kelurahan" : "Hogio Satu / I",
  "kodepos" : "99571"
}, {
  "kecamatan" : "Samenage",
  "kelurahan" : "Hirin",
  "kodepos" : "99571"
}, {
  "kecamatan" : "Hogio (Hugio)",
  "kelurahan" : "Hogio Dua / II",
  "kodepos" : "99571"
}, {
  "kecamatan" : "Kurima",
  "kelurahan" : "Hihundes",
  "kodepos" : "99571"
}, {
  "kecamatan" : "Tangma",
  "kelurahan" : "Hipela",
  "kodepos" : "99571"
}, {
  "kecamatan" : "Werima",
  "kelurahan" : "Hesmat",
  "kodepos" : "99571"
}, {
  "kecamatan" : "Kurima",
  "kelurahan" : "Hesmat",
  "kodepos" : "99571"
}, {
  "kecamatan" : "Mugi",
  "kelurahan" : "Herawe",
  "kodepos" : "99571"
}, {
  "kecamatan" : "Soba",
  "kelurahan" : "Hepinis",
  "kodepos" : "99571"
}, {
  "kecamatan" : "Werima",
  "kelurahan" : "Hepia",
  "kodepos" : "99571"
}, {
  "kecamatan" : "Musaik",
  "kelurahan" : "Hendikma",
  "kodepos" : "99571"
}, {
  "kecamatan" : "Mugi",
  "kelurahan" : "Hendag",
  "kodepos" : "99571"
}, {
  "kecamatan" : "Wusuma",
  "kelurahan" : "Harap",
  "kodepos" : "99571"
}, {
  "kecamatan" : "Amuma",
  "kelurahan" : "Harapan",
  "kodepos" : "99571"
}, {
  "kecamatan" : "Tangma",
  "kelurahan" : "Helo",
  "kodepos" : "99571"
}, {
  "kecamatan" : "Werima",
  "kelurahan" : "Hanoasuok",
  "kodepos" : "99571"
}, {
  "kecamatan" : "Musaik",
  "kelurahan" : "Haletuk",
  "kodepos" : "99571"
}, {
  "kecamatan" : "Samenage",
  "kelurahan" : "Haleroma",
  "kodepos" : "99571"
}, {
  "kecamatan" : "Werima",
  "kelurahan" : "Hagawen",
  "kodepos" : "99571"
}, {
  "kecamatan" : "Suru Suru",
  "kelurahan" : "Gofa",
  "kodepos" : "99571"
}, {
  "kecamatan" : "Amuma",
  "kelurahan" : "Golowen",
  "kodepos" : "99571"
}, {
  "kecamatan" : "Silimo",
  "kelurahan" : "Fabe",
  "kodepos" : "99571"
}, {
  "kecamatan" : "Werima",
  "kelurahan" : "Esema Husage",
  "kodepos" : "99571"
}, {
  "kecamatan" : "Kurima",
  "kelurahan" : "Esalien",
  "kodepos" : "99571"
}, {
  "kecamatan" : "Musaik",
  "kelurahan" : "Esaikma",
  "kodepos" : "99571"
}, {
  "kecamatan" : "Yogosem",
  "kelurahan" : "Esahapuk",
  "kodepos" : "99571"
}, {
  "kecamatan" : "Kurima",
  "kelurahan" : "Eroma",
  "kodepos" : "99571"
}, {
  "kecamatan" : "Silimo",
  "kelurahan" : "Eksa",
  "kodepos" : "99571"
}, {
  "kecamatan" : "Silimo",
  "kelurahan" : "Eremnahom",
  "kodepos" : "99571"
}, {
  "kecamatan" : "Ukha",
  "kelurahan" : "Eki",
  "kodepos" : "99571"
}, {
  "kecamatan" : "Hogio (Hugio)",
  "kelurahan" : "Dugumhad",
  "kodepos" : "99571"
}, {
  "kecamatan" : "Musaik",
  "kelurahan" : "Dekbok",
  "kodepos" : "99571"
}, {
  "kecamatan" : "Dekai",
  "kelurahan" : "Dekai",
  "kodepos" : "99571"
}, {
  "kecamatan" : "Obio",
  "kelurahan" : "Busupa",
  "kodepos" : "99571"
}, {
  "kecamatan" : "Seredela (Seredala)",
  "kelurahan" : "Burupmakot",
  "kodepos" : "99571"
}, {
  "kecamatan" : "Sumo",
  "kelurahan" : "Boor",
  "kodepos" : "99571"
}, {
  "kecamatan" : "Musaik",
  "kelurahan" : "Bue",
  "kodepos" : "99571"
}, {
  "kecamatan" : "Amuma",
  "kelurahan" : "Balum Erang",
  "kodepos" : "99571"
}, {
  "kecamatan" : "Samenage",
  "kelurahan" : "Asotapo",
  "kodepos" : "99571"
}, {
  "kecamatan" : "Silimo",
  "kelurahan" : "Asia",
  "kodepos" : "99571"
}, {
  "kecamatan" : "Wusuma",
  "kelurahan" : "Apdagma (Apdakma)",
  "kodepos" : "99571"
}, {
  "kecamatan" : "Kurima",
  "kelurahan" : "Anjelma",
  "kodepos" : "99571"
}, {
  "kecamatan" : "Amuma",
  "kelurahan" : "Amuma",
  "kodepos" : "99571"
}, {
  "kecamatan" : "Ukha",
  "kelurahan" : "Amisangi",
  "kodepos" : "99571"
}, {
  "kecamatan" : "Kayo",
  "kelurahan" : "Alhai",
  "kodepos" : "99571"
}, {
  "kecamatan" : "Kurima",
  "kelurahan" : "Air Garam",
  "kodepos" : "99571"
}, {
  "kecamatan" : "Tangma",
  "kelurahan" : "Aleleng",
  "kodepos" : "99571"
} ]
