[ {
  "kecamatan" : "Pamek",
  "kelurahan" : "Yabosorom",
  "kodepos" : "99577"
}, {
  "kecamatan" : "Pamek",
  "kelurahan" : "Yokul",
  "kodepos" : "99577"
}, {
  "kecamatan" : "Eipumek",
  "kelurahan" : "Wakidam",
  "kodepos" : "99577"
}, {
  "kecamatan" : "Bime",
  "kelurahan" : "Teli",
  "kodepos" : "99577"
}, {
  "kecamatan" : "Bime",
  "kelurahan" : "Turwe",
  "kodepos" : "99577"
}, {
  "kecamatan" : "Eipumek",
  "kelurahan" : "Tanime",
  "kodepos" : "99577"
}, {
  "kecamatan" : "Eipumek",
  "kelurahan" : "Talemu",
  "kodepos" : "99577"
}, {
  "kecamatan" : "Eipumek",
  "kelurahan" : "Supleyu",
  "kodepos" : "99577"
}, {
  "kecamatan" : "Eipumek",
  "kelurahan" : "Serabum",
  "kodepos" : "99577"
}, {
  "kecamatan" : "Borme",
  "kelurahan" : "Sikibur",
  "kodepos" : "99577"
}, {
  "kecamatan" : "Pamek",
  "kelurahan" : "Pinggon",
  "kodepos" : "99577"
}, {
  "kecamatan" : "Borme",
  "kelurahan" : "Seban",
  "kodepos" : "99577"
}, {
  "kecamatan" : "Pamek",
  "kelurahan" : "Pamek",
  "kodepos" : "99577"
}, {
  "kecamatan" : "Borme",
  "kelurahan" : "Onya",
  "kodepos" : "99577"
}, {
  "kecamatan" : "Bime",
  "kelurahan" : "Perem",
  "kodepos" : "99577"
}, {
  "kecamatan" : "Eipumek",
  "kelurahan" : "Mungkona",
  "kodepos" : "99577"
}, {
  "kecamatan" : "Borme",
  "kelurahan" : "Omban",
  "kodepos" : "99577"
}, {
  "kecamatan" : "Pamek",
  "kelurahan" : "Mandalak",
  "kodepos" : "99577"
}, {
  "kecamatan" : "Pamek",
  "kelurahan" : "Marikla",
  "kodepos" : "99577"
}, {
  "kecamatan" : "Pamek",
  "kelurahan" : "Lumdakna",
  "kodepos" : "99577"
}, {
  "kecamatan" : "Eipumek",
  "kelurahan" : "Londinin",
  "kodepos" : "99577"
}, {
  "kecamatan" : "Eipumek",
  "kelurahan" : "Malingdam",
  "kodepos" : "99577"
}, {
  "kecamatan" : "Bime",
  "kelurahan" : "Lim Lim",
  "kodepos" : "99577"
}, {
  "kecamatan" : "Bime",
  "kelurahan" : "Limiri",
  "kodepos" : "99577"
}, {
  "kecamatan" : "Eipumek",
  "kelurahan" : "Lalakon",
  "kodepos" : "99577"
}, {
  "kecamatan" : "Borme",
  "kelurahan" : "Laydamban",
  "kodepos" : "99577"
}, {
  "kecamatan" : "Eipumek",
  "kelurahan" : "Kweredala",
  "kodepos" : "99577"
}, {
  "kecamatan" : "Borme",
  "kelurahan" : "Kolgir",
  "kodepos" : "99577"
}, {
  "kecamatan" : "Borme",
  "kelurahan" : "Kwime",
  "kodepos" : "99577"
}, {
  "kecamatan" : "Pamek",
  "kelurahan" : "Kalek",
  "kodepos" : "99577"
}, {
  "kecamatan" : "Bime",
  "kelurahan" : "Kameme",
  "kodepos" : "99577"
}, {
  "kecamatan" : "Pamek",
  "kelurahan" : "Imde",
  "kodepos" : "99577"
}, {
  "kecamatan" : "Eipumek",
  "kelurahan" : "Eipumek / Elpomek (Elpuna)",
  "kodepos" : "99577"
}, {
  "kecamatan" : "Borme",
  "kelurahan" : "Cangdamban",
  "kodepos" : "99577"
}, {
  "kecamatan" : "Eipumek",
  "kelurahan" : "Bunyirye",
  "kodepos" : "99577"
}, {
  "kecamatan" : "Bime",
  "kelurahan" : "Bunggon",
  "kodepos" : "99577"
}, {
  "kecamatan" : "Bime",
  "kelurahan" : "Calab",
  "kodepos" : "99577"
}, {
  "kecamatan" : "Borme",
  "kelurahan" : "Borme",
  "kodepos" : "99577"
}, {
  "kecamatan" : "Borme",
  "kelurahan" : "Bukam",
  "kodepos" : "99577"
}, {
  "kecamatan" : "Borme",
  "kelurahan" : "Bordamban",
  "kodepos" : "99577"
}, {
  "kecamatan" : "Bime",
  "kelurahan" : "Bob",
  "kodepos" : "99577"
}, {
  "kecamatan" : "Eipumek",
  "kelurahan" : "Basiringe",
  "kodepos" : "99577"
}, {
  "kecamatan" : "Bime",
  "kelurahan" : "Bime",
  "kodepos" : "99577"
}, {
  "kecamatan" : "Pamek",
  "kelurahan" : "Baramirye",
  "kodepos" : "99577"
}, {
  "kecamatan" : "Pamek",
  "kelurahan" : "Barice",
  "kodepos" : "99577"
}, {
  "kecamatan" : "Eipumek",
  "kelurahan" : "Barama",
  "kodepos" : "99577"
}, {
  "kecamatan" : "Borme",
  "kelurahan" : "Aringgon",
  "kodepos" : "99577"
}, {
  "kecamatan" : "Mofinop",
  "kelurahan" : "Yubu",
  "kodepos" : "99576"
}, {
  "kecamatan" : "Borme",
  "kelurahan" : "Arina",
  "kodepos" : "99577"
}, {
  "kecamatan" : "Weime",
  "kelurahan" : "Youlban (Yolban)",
  "kodepos" : "99576"
}, {
  "kecamatan" : "Nongme",
  "kelurahan" : "Yokom",
  "kodepos" : "99576"
}, {
  "kecamatan" : "Nongme",
  "kelurahan" : "Yarigon",
  "kodepos" : "99576"
}, {
  "kecamatan" : "Murkim",
  "kelurahan" : "Tero",
  "kodepos" : "99576"
}, {
  "kecamatan" : "Mofinop",
  "kelurahan" : "Tual",
  "kodepos" : "99576"
}, {
  "kecamatan" : "Weime",
  "kelurahan" : "Weime",
  "kodepos" : "99576"
}, {
  "kecamatan" : "Batani",
  "kelurahan" : "Sople",
  "kodepos" : "99576"
}, {
  "kecamatan" : "Weime",
  "kelurahan" : "Taramlu",
  "kodepos" : "99576"
}, {
  "kecamatan" : "Batani",
  "kelurahan" : "Segame",
  "kodepos" : "99576"
}, {
  "kecamatan" : "Batom",
  "kelurahan" : "Sabi",
  "kodepos" : "99576"
}, {
  "kecamatan" : "Nongme",
  "kelurahan" : "Rubol",
  "kodepos" : "99576"
}, {
  "kecamatan" : "Batom",
  "kelurahan" : "Peteng",
  "kodepos" : "99576"
}, {
  "kecamatan" : "Batani",
  "kelurahan" : "Palur Satu",
  "kodepos" : "99576"
}, {
  "kecamatan" : "Batom",
  "kelurahan" : "Oksip",
  "kodepos" : "99576"
}, {
  "kecamatan" : "Nongme",
  "kelurahan" : "Omtamur",
  "kodepos" : "99576"
}, {
  "kecamatan" : "Batani",
  "kelurahan" : "Palur Dua",
  "kodepos" : "99576"
}, {
  "kecamatan" : "Nongme",
  "kelurahan" : "Nongme",
  "kodepos" : "99576"
}, {
  "kecamatan" : "Weime",
  "kelurahan" : "Nomteren",
  "kodepos" : "99576"
}, {
  "kecamatan" : "Batom",
  "kelurahan" : "Neep",
  "kodepos" : "99576"
}, {
  "kecamatan" : "Mofinop",
  "kelurahan" : "Muara Asbi",
  "kodepos" : "99576"
}, {
  "kecamatan" : "Batom",
  "kelurahan" : "Mongham (Mogham)",
  "kodepos" : "99576"
}, {
  "kecamatan" : "Batom",
  "kelurahan" : "Muara",
  "kodepos" : "99576"
}, {
  "kecamatan" : "Mofinop",
  "kelurahan" : "Mot / Moot",
  "kodepos" : "99576"
}, {
  "kecamatan" : "Mofinop",
  "kelurahan" : "Milki",
  "kodepos" : "99576"
}, {
  "kecamatan" : "Weime",
  "kelurahan" : "Meryang",
  "kodepos" : "99576"
}, {
  "kecamatan" : "Weime",
  "kelurahan" : "Limrepasikne",
  "kodepos" : "99576"
}, {
  "kecamatan" : "Weime",
  "kelurahan" : "Mekdamgon",
  "kodepos" : "99576"
}, {
  "kecamatan" : "Weime",
  "kelurahan" : "Merpasikne",
  "kodepos" : "99576"
}, {
  "kecamatan" : "Nongme",
  "kelurahan" : "Kwarban",
  "kodepos" : "99576"
}, {
  "kecamatan" : "Batani",
  "kelurahan" : "Karye / Kariye",
  "kodepos" : "99576"
}, {
  "kecamatan" : "Murkim",
  "kelurahan" : "Delemo",
  "kodepos" : "99576"
}, {
  "kecamatan" : "Weime",
  "kelurahan" : "Daluban",
  "kodepos" : "99576"
}, {
  "kecamatan" : "Nongme",
  "kelurahan" : "Cangpally",
  "kodepos" : "99576"
}, {
  "kecamatan" : "Murkim",
  "kelurahan" : "Bumi",
  "kodepos" : "99576"
}, {
  "kecamatan" : "Murkim",
  "kelurahan" : "Bias",
  "kodepos" : "99576"
}, {
  "kecamatan" : "Batom",
  "kelurahan" : "Belomo",
  "kodepos" : "99576"
}, {
  "kecamatan" : "Batom",
  "kelurahan" : "Batom",
  "kodepos" : "99576"
}, {
  "kecamatan" : "Batom",
  "kelurahan" : "Batom Dua",
  "kodepos" : "99576"
}, {
  "kecamatan" : "Batani",
  "kelurahan" : "Bakata",
  "kodepos" : "99576"
}, {
  "kecamatan" : "Batani",
  "kelurahan" : "Batani",
  "kodepos" : "99576"
}, {
  "kecamatan" : "Batom",
  "kelurahan" : "Akyako",
  "kodepos" : "99576"
}, {
  "kecamatan" : "Batom",
  "kelurahan" : "Abukerom",
  "kodepos" : "99576"
}, {
  "kecamatan" : "Awinbon",
  "kelurahan" : "Yelobib",
  "kodepos" : "99575"
}, {
  "kecamatan" : "Kawor",
  "kelurahan" : "Umding",
  "kodepos" : "99575"
}, {
  "kecamatan" : "Iwur (Okiwur)",
  "kelurahan" : "Ulkubi",
  "kodepos" : "99575"
}, {
  "kecamatan" : "Iwur (Okiwur)",
  "kelurahan" : "Walapkubun",
  "kodepos" : "99575"
}, {
  "kecamatan" : "Kawor",
  "kelurahan" : "Tarngop",
  "kodepos" : "99575"
}, {
  "kecamatan" : "Tarup",
  "kelurahan" : "Tarup",
  "kodepos" : "99575"
}, {
  "kecamatan" : "Tarup",
  "kelurahan" : "Onkor",
  "kodepos" : "99575"
}, {
  "kecamatan" : "Kawor",
  "kelurahan" : "Sakup",
  "kodepos" : "99575"
}, {
  "kecamatan" : "Iwur (Okiwur)",
  "kelurahan" : "Narnger",
  "kodepos" : "99575"
}, {
  "kecamatan" : "Iwur (Okiwur)",
  "kelurahan" : "Nenginum",
  "kodepos" : "99575"
}, {
  "kecamatan" : "Tarup",
  "kelurahan" : "Omor",
  "kodepos" : "99575"
}, {
  "kecamatan" : "Awinbon",
  "kelurahan" : "Mikir",
  "kodepos" : "99575"
}, {
  "kecamatan" : "Awinbon",
  "kelurahan" : "Nanum Anaip",
  "kodepos" : "99575"
}, {
  "kecamatan" : "Kawor",
  "kelurahan" : "Nanum",
  "kodepos" : "99575"
}, {
  "kecamatan" : "Iwur (Okiwur)",
  "kelurahan" : "Kurukim (Kurumkim/Kurumklin)",
  "kodepos" : "99575"
}, {
  "kecamatan" : "Tarup",
  "kelurahan" : "Marang Tiking",
  "kodepos" : "99575"
}, {
  "kecamatan" : "Iwur (Okiwur)",
  "kelurahan" : "Kamyoim",
  "kodepos" : "99575"
}, {
  "kecamatan" : "Iwur (Okiwur)",
  "kelurahan" : "Kamyoim",
  "kodepos" : "99575"
}, {
  "kecamatan" : "Awinbon",
  "kelurahan" : "Kawe",
  "kodepos" : "99575"
}, {
  "kecamatan" : "Tarup",
  "kelurahan" : "Imsin",
  "kodepos" : "99575"
}, {
  "kecamatan" : "Iwur (Okiwur)",
  "kelurahan" : "Ewenkatop",
  "kodepos" : "99575"
}, {
  "kecamatan" : "Iwur (Okiwur)",
  "kelurahan" : "Iwur",
  "kodepos" : "99575"
}, {
  "kecamatan" : "Iwur (Okiwur)",
  "kelurahan" : "Dinmot Arim",
  "kodepos" : "99575"
}, {
  "kecamatan" : "Iwur (Okiwur)",
  "kelurahan" : "Dipol",
  "kodepos" : "99575"
}, {
  "kecamatan" : "Tarup",
  "kelurahan" : "Bitipding",
  "kodepos" : "99575"
}, {
  "kecamatan" : "Tarup",
  "kelurahan" : "Beten Dua",
  "kodepos" : "99575"
}, {
  "kecamatan" : "Awinbon",
  "kelurahan" : "Awinbon",
  "kodepos" : "99575"
}, {
  "kecamatan" : "Kawor",
  "kelurahan" : "Arintap",
  "kodepos" : "99575"
}, {
  "kecamatan" : "Kawor",
  "kelurahan" : "Ater",
  "kodepos" : "99575"
}, {
  "kecamatan" : "Kiwirok Timur",
  "kelurahan" : "Wantem (Wanten)",
  "kodepos" : "99574"
}, {
  "kecamatan" : "Oksamol",
  "kelurahan" : "Tinibil",
  "kodepos" : "99574"
}, {
  "kecamatan" : "Oksamol",
  "kelurahan" : "Tomka",
  "kodepos" : "99574"
}, {
  "kecamatan" : "Kiwirok Timur",
  "kelurahan" : "Tatam",
  "kodepos" : "99574"
}, {
  "kecamatan" : "Okhika",
  "kelurahan" : "Tengnong",
  "kodepos" : "99574"
}, {
  "kecamatan" : "Oksebang",
  "kelurahan" : "Sebul",
  "kodepos" : "99574"
}, {
  "kecamatan" : "Kiwirok",
  "kelurahan" : "Pomding",
  "kodepos" : "99574"
}, {
  "kecamatan" : "Kiwirok",
  "kelurahan" : "Sopamikma",
  "kodepos" : "99574"
}, {
  "kecamatan" : "Oksamol",
  "kelurahan" : "Paune",
  "kodepos" : "99574"
}, {
  "kecamatan" : "Kiwirok Timur",
  "kelurahan" : "Okyop (Okyob/Okyaop)",
  "kodepos" : "99574"
}, {
  "kecamatan" : "Kiwirok",
  "kelurahan" : "Pelebib",
  "kodepos" : "99574"
}, {
  "kecamatan" : "Kiwirok Timur",
  "kelurahan" : "Okyako",
  "kodepos" : "99574"
}, {
  "kecamatan" : "Kiwirok Timur",
  "kelurahan" : "Okyaop",
  "kodepos" : "99574"
}, {
  "kecamatan" : "Oklip",
  "kelurahan" : "Oktumi",
  "kodepos" : "99574"
}, {
  "kecamatan" : "Okhika",
  "kelurahan" : "Okteneng",
  "kodepos" : "99574"
}, {
  "kecamatan" : "Oklip",
  "kelurahan" : "Oktem",
  "kodepos" : "99574"
}, {
  "kecamatan" : "Okbemtau",
  "kelurahan" : "Oktau",
  "kodepos" : "99574"
}, {
  "kecamatan" : "Oksamol",
  "kelurahan" : "Oktae",
  "kodepos" : "99574"
}, {
  "kecamatan" : "Okbemtau",
  "kelurahan" : "Oktaru",
  "kodepos" : "99574"
}, {
  "kecamatan" : "Oksamol",
  "kelurahan" : "Okpa",
  "kodepos" : "99574"
}, {
  "kecamatan" : "Okbemtau",
  "kelurahan" : "Okngam",
  "kodepos" : "99574"
}, {
  "kecamatan" : "Kiwirok",
  "kelurahan" : "Oknanggul",
  "kodepos" : "99574"
}, {
  "kecamatan" : "Oksamol",
  "kelurahan" : "Okma",
  "kodepos" : "99574"
}, {
  "kecamatan" : "Oklip",
  "kelurahan" : "Oklip",
  "kodepos" : "99574"
}, {
  "kecamatan" : "Oklip",
  "kelurahan" : "Okhim",
  "kodepos" : "99574"
}, {
  "kecamatan" : "Kiwirok Timur",
  "kelurahan" : "Okhik (Oklip)",
  "kodepos" : "99574"
}, {
  "kecamatan" : "Oksamol",
  "kelurahan" : "Okhaka",
  "kodepos" : "99574"
}, {
  "kecamatan" : "Okhika",
  "kelurahan" : "Okelwel",
  "kodepos" : "99574"
}, {
  "kecamatan" : "Kiwirok Timur",
  "kelurahan" : "Oketur",
  "kodepos" : "99574"
}, {
  "kecamatan" : "Oksamol",
  "kelurahan" : "Okdilam",
  "kodepos" : "99574"
}, {
  "kecamatan" : "Oksamol",
  "kelurahan" : "Okdunam",
  "kodepos" : "99574"
}, {
  "kecamatan" : "Oklip",
  "kelurahan" : "Okbumul",
  "kodepos" : "99574"
}, {
  "kecamatan" : "Okbemtau",
  "kelurahan" : "Okbem",
  "kodepos" : "99574"
}, {
  "kecamatan" : "Oksebang",
  "kelurahan" : "Okano",
  "kodepos" : "99574"
}, {
  "kecamatan" : "Oklip",
  "kelurahan" : "Okamin",
  "kodepos" : "99574"
}, {
  "kecamatan" : "Okbemtau",
  "kelurahan" : "Okalut Kumal",
  "kodepos" : "99574"
}, {
  "kecamatan" : "Oksebang",
  "kelurahan" : "Mangabip",
  "kodepos" : "99574"
}, {
  "kecamatan" : "Kiwirok",
  "kelurahan" : "Mangoldoki",
  "kodepos" : "99574"
}, {
  "kecamatan" : "Kiwirok",
  "kelurahan" : "Kukihil",
  "kodepos" : "99574"
}, {
  "kecamatan" : "Oksebang",
  "kelurahan" : "Kubiphkop (Kubibkop)",
  "kodepos" : "99574"
}, {
  "kecamatan" : "Kiwirok",
  "kelurahan" : "Lolim",
  "kodepos" : "99574"
}, {
  "kecamatan" : "Okhika",
  "kelurahan" : "Kotyobakon",
  "kodepos" : "99574"
}, {
  "kecamatan" : "Oklip",
  "kelurahan" : "Komok",
  "kodepos" : "99574"
}, {
  "kecamatan" : "Okbemtau",
  "kelurahan" : "Kaep",
  "kodepos" : "99574"
}, {
  "kecamatan" : "Kiwirok",
  "kelurahan" : "Kiwi",
  "kodepos" : "99574"
}, {
  "kecamatan" : "Kiwirok Timur",
  "kelurahan" : "Ehiptem (Ehipten/Ohiptem)",
  "kodepos" : "99574"
}, {
  "kecamatan" : "Oksamol",
  "kelurahan" : "Honkuding",
  "kodepos" : "99574"
}, {
  "kecamatan" : "Kiwirok Timur",
  "kelurahan" : "Dikdon",
  "kodepos" : "99574"
}, {
  "kecamatan" : "Kiwirok",
  "kelurahan" : "Diip",
  "kodepos" : "99574"
}, {
  "kecamatan" : "Okbemtau",
  "kelurahan" : "Bilip Bayo",
  "kodepos" : "99574"
}, {
  "kecamatan" : "Kiwirok",
  "kelurahan" : "Delpem",
  "kodepos" : "99574"
}, {
  "kecamatan" : "Oksamol",
  "kelurahan" : "Bomding",
  "kodepos" : "99574"
}, {
  "kecamatan" : "Okbemtau",
  "kelurahan" : "Bemhimiku",
  "kodepos" : "99574"
}, {
  "kecamatan" : "Kiwirok",
  "kelurahan" : "Berusaha",
  "kodepos" : "99574"
}, {
  "kecamatan" : "Oksamol",
  "kelurahan" : "Autpahik",
  "kodepos" : "99574"
}, {
  "kecamatan" : "Okbemtau",
  "kelurahan" : "Atang Doki",
  "kodepos" : "99574"
}, {
  "kecamatan" : "Kiwirok",
  "kelurahan" : "Asua",
  "kodepos" : "99574"
}, {
  "kecamatan" : "Ok Aom",
  "kelurahan" : "Yumakot",
  "kodepos" : "99573"
}, {
  "kecamatan" : "Pepera",
  "kelurahan" : "Yun Muku",
  "kodepos" : "99573"
}, {
  "kecamatan" : "Serambakon",
  "kelurahan" : "Yakmor",
  "kodepos" : "99573"
}, {
  "kecamatan" : "Serambakon",
  "kelurahan" : "Yapimakot",
  "kodepos" : "99573"
}, {
  "kecamatan" : "Serambakon",
  "kelurahan" : "Wanbakon",
  "kodepos" : "99573"
}, {
  "kecamatan" : "Pepera",
  "kelurahan" : "Wok Bakon",
  "kodepos" : "99573"
}, {
  "kecamatan" : "Alemsom",
  "kelurahan" : "Tibal",
  "kodepos" : "99573"
}, {
  "kecamatan" : "Kalomdol",
  "kelurahan" : "Tulo",
  "kodepos" : "99573"
}, {
  "kecamatan" : "Alemsom",
  "kelurahan" : "Tapasik",
  "kodepos" : "99573"
}, {
  "kecamatan" : "Alemsom",
  "kelurahan" : "Tapob",
  "kodepos" : "99573"
}, {
  "kecamatan" : "Okbape",
  "kelurahan" : "Tapasik Dua",
  "kodepos" : "99573"
}, {
  "kecamatan" : "Serambakon",
  "kelurahan" : "Siminbuk",
  "kodepos" : "99573"
}, {
  "kecamatan" : "Alemsom",
  "kelurahan" : "Sumtamon",
  "kodepos" : "99573"
}, {
  "kecamatan" : "Serambakon",
  "kelurahan" : "Seramkatop",
  "kodepos" : "99573"
}, {
  "kecamatan" : "Oksibil",
  "kelurahan" : "Polsam",
  "kodepos" : "99573"
}, {
  "kecamatan" : "Alemsom",
  "kelurahan" : "Payol Masumkon",
  "kodepos" : "99573"
}, {
  "kecamatan" : "Pepera",
  "kelurahan" : "Pepera",
  "kodepos" : "99573"
}, {
  "kecamatan" : "Serambakon",
  "kelurahan" : "Parim",
  "kodepos" : "99573"
}, {
  "kecamatan" : "Oksop",
  "kelurahan" : "Oktumi",
  "kodepos" : "99573"
}, {
  "kecamatan" : "Ok Aom",
  "kelurahan" : "Okdo",
  "kodepos" : "99573"
}, {
  "kecamatan" : "Oksop",
  "kelurahan" : "Oksop",
  "kodepos" : "99573"
}, {
  "kecamatan" : "Serambakon",
  "kelurahan" : "Okatem",
  "kodepos" : "99573"
}, {
  "kecamatan" : "Pepera",
  "kelurahan" : "Ok Telab",
  "kodepos" : "99573"
}, {
  "kecamatan" : "Pepera",
  "kelurahan" : "Okbon",
  "kodepos" : "99573"
}, {
  "kecamatan" : "Serambakon",
  "kelurahan" : "Modusit",
  "kodepos" : "99573"
}, {
  "kecamatan" : "Alemsom",
  "kelurahan" : "Muruman",
  "kodepos" : "99573"
}, {
  "kecamatan" : "Oksibil",
  "kelurahan" : "Molbib Silibib",
  "kodepos" : "99573"
}, {
  "kecamatan" : "Oksop",
  "kelurahan" : "Mimin",
  "kodepos" : "99573"
}, {
  "kecamatan" : "Ok Aom",
  "kelurahan" : "Limarum",
  "kodepos" : "99573"
}, {
  "kecamatan" : "Oksibil",
  "kelurahan" : "Mabilabol",
  "kodepos" : "99573"
}, {
  "kecamatan" : "Okbape",
  "kelurahan" : "Masim",
  "kodepos" : "99573"
}, {
  "kecamatan" : "Ok Aom",
  "kelurahan" : "Kungulding",
  "kodepos" : "99573"
}, {
  "kecamatan" : "Oksibil",
  "kelurahan" : "Kutdol",
  "kodepos" : "99573"
}, {
  "kecamatan" : "Oksibil",
  "kelurahan" : "Kabiding (Betaabib)",
  "kodepos" : "99573"
}, {
  "kecamatan" : "Kalomdol",
  "kelurahan" : "Kalomdol (Kalondoi)",
  "kodepos" : "99573"
}, {
  "kecamatan" : "Okbape",
  "kelurahan" : "Kasawi",
  "kodepos" : "99573"
}, {
  "kecamatan" : "Alemsom",
  "kelurahan" : "Imiryi",
  "kodepos" : "99573"
}, {
  "kecamatan" : "Kalomdol",
  "kelurahan" : "Imik",
  "kodepos" : "99573"
}, {
  "kecamatan" : "Alemsom",
  "kelurahan" : "Eraduman",
  "kodepos" : "99573"
}, {
  "kecamatan" : "Okbape",
  "kelurahan" : "Ibot",
  "kodepos" : "99573"
}, {
  "kecamatan" : "Pepera",
  "kelurahan" : "Denom",
  "kodepos" : "99573"
}, {
  "kecamatan" : "Oksibil",
  "kelurahan" : "Bunamdol",
  "kodepos" : "99573"
}, {
  "kecamatan" : "Kalomdol",
  "kelurahan" : "Dabolding",
  "kodepos" : "99573"
}, {
  "kecamatan" : "Ok Aom",
  "kelurahan" : "Bulangkop",
  "kodepos" : "99573"
}, {
  "kecamatan" : "Alemsom",
  "kelurahan" : "Bondik",
  "kodepos" : "99573"
}, {
  "kecamatan" : "Pepera",
  "kelurahan" : "Bon Yakwol",
  "kodepos" : "99573"
}, {
  "kecamatan" : "Alemsom",
  "kelurahan" : "Binalkom",
  "kodepos" : "99573"
}, {
  "kecamatan" : "Okbape",
  "kelurahan" : "Bape",
  "kodepos" : "99573"
}, {
  "kecamatan" : "Alemsom",
  "kelurahan" : "Bakwalin Yub",
  "kodepos" : "99573"
}, {
  "kecamatan" : "Kalomdol",
  "kelurahan" : "Arinkop",
  "kodepos" : "99573"
}, {
  "kecamatan" : "Oksop",
  "kelurahan" : "Atenor / Atenar",
  "kodepos" : "99573"
}, {
  "kecamatan" : "Ok Aom",
  "kelurahan" : "Aplim",
  "kodepos" : "99573"
}, {
  "kecamatan" : "Oksop",
  "kelurahan" : "Alutbakon",
  "kodepos" : "99573"
}, {
  "kecamatan" : "Alemsom",
  "kelurahan" : "Alemsom",
  "kodepos" : "99573"
}, {
  "kecamatan" : "Okbape",
  "kelurahan" : "Akmer",
  "kodepos" : "99573"
}, {
  "kecamatan" : "Oksibil",
  "kelurahan" : "Aldom",
  "kodepos" : "99573"
}, {
  "kecamatan" : "Oksibil",
  "kelurahan" : "Akmakot",
  "kodepos" : "99573"
}, {
  "kecamatan" : "Teiraplu",
  "kelurahan" : "Yuaban Satu",
  "kodepos" : "99572"
}, {
  "kecamatan" : "Teiraplu",
  "kelurahan" : "Yitarget",
  "kodepos" : "99572"
}, {
  "kecamatan" : "Teiraplu",
  "kelurahan" : "Yuaban Dua",
  "kodepos" : "99572"
}, {
  "kecamatan" : "Okbab",
  "kelurahan" : "Yapil",
  "kodepos" : "99572"
}, {
  "kecamatan" : "Okbab",
  "kelurahan" : "Tupoplyom",
  "kodepos" : "99572"
}, {
  "kecamatan" : "Aboy",
  "kelurahan" : "Woro",
  "kodepos" : "99572"
}, {
  "kecamatan" : "Teiraplu",
  "kelurahan" : "Teriame",
  "kodepos" : "99572"
}, {
  "kecamatan" : "Jetfa",
  "kelurahan" : "Tupalma Dua",
  "kodepos" : "99572"
}, {
  "kecamatan" : "Jetfa",
  "kelurahan" : "Tupalma Satu",
  "kodepos" : "99572"
}, {
  "kecamatan" : "Teiraplu",
  "kelurahan" : "Teiraplu",
  "kodepos" : "99572"
}, {
  "kecamatan" : "Teiraplu",
  "kelurahan" : "Terapdei",
  "kodepos" : "99572"
}, {
  "kecamatan" : "Okbab",
  "kelurahan" : "Sabin",
  "kodepos" : "99572"
}, {
  "kecamatan" : "Aboy",
  "kelurahan" : "Pipal",
  "kodepos" : "99572"
}, {
  "kecamatan" : "Teiraplu",
  "kelurahan" : "Sinami / Sinani (Yuaban)",
  "kodepos" : "99572"
}, {
  "kecamatan" : "Okbab",
  "kelurahan" : "Pedam",
  "kodepos" : "99572"
}, {
  "kecamatan" : "Okbab",
  "kelurahan" : "Peneli",
  "kodepos" : "99572"
}, {
  "kecamatan" : "Okbab",
  "kelurahan" : "Omliom",
  "kodepos" : "99572"
}, {
  "kecamatan" : "Okbibab",
  "kelurahan" : "Oksemar",
  "kodepos" : "99572"
}, {
  "kecamatan" : "Okbibab",
  "kelurahan" : "Oktanglap",
  "kodepos" : "99572"
}, {
  "kecamatan" : "Okbibab",
  "kelurahan" : "Okaplo",
  "kodepos" : "99572"
}, {
  "kecamatan" : "Okbibab",
  "kelurahan" : "Okbifisil (Okbifisis)",
  "kodepos" : "99572"
}, {
  "kecamatan" : "Teiraplu",
  "kelurahan" : "Murme",
  "kodepos" : "99572"
}, {
  "kecamatan" : "Okbibab",
  "kelurahan" : "Manunggal (Okipur)",
  "kodepos" : "99572"
}, {
  "kecamatan" : "Okbab",
  "kelurahan" : "Markom",
  "kodepos" : "99572"
}, {
  "kecamatan" : "Teiraplu",
  "kelurahan" : "Maigame",
  "kodepos" : "99572"
}, {
  "kecamatan" : "Okbab",
  "kelurahan" : "Maksum",
  "kodepos" : "99572"
}, {
  "kecamatan" : "Aboy",
  "kelurahan" : "Luban",
  "kodepos" : "99572"
}, {
  "kecamatan" : "Aboy",
  "kelurahan" : "Lulis Wii",
  "kodepos" : "99572"
}, {
  "kecamatan" : "Jetfa",
  "kelurahan" : "Lulis",
  "kodepos" : "99572"
}, {
  "kecamatan" : "Okbab",
  "kelurahan" : "Kirimu",
  "kodepos" : "99572"
}, {
  "kecamatan" : "Jetfa",
  "kelurahan" : "Kalimbu",
  "kodepos" : "99572"
}, {
  "kecamatan" : "Jetfa",
  "kelurahan" : "Jetfa",
  "kodepos" : "99572"
}, {
  "kecamatan" : "Aboy",
  "kelurahan" : "Jubly",
  "kodepos" : "99572"
}, {
  "kecamatan" : "Okbab",
  "kelurahan" : "Dumpasi",
  "kodepos" : "99572"
}, {
  "kecamatan" : "Okbibab",
  "kelurahan" : "Iriding",
  "kodepos" : "99572"
}, {
  "kecamatan" : "Jetfa",
  "kelurahan" : "Bris",
  "kodepos" : "99572"
}, {
  "kecamatan" : "Okbab",
  "kelurahan" : "Borban",
  "kodepos" : "99572"
}, {
  "kecamatan" : "Teiraplu",
  "kelurahan" : "Bautme",
  "kodepos" : "99572"
}, {
  "kecamatan" : "Okbibab",
  "kelurahan" : "Atoldol (Atolbol)",
  "kodepos" : "99572"
}, {
  "kecamatan" : "Okbab",
  "kelurahan" : "Atembabol",
  "kodepos" : "99572"
}, {
  "kecamatan" : "Aboy",
  "kelurahan" : "Aboy",
  "kodepos" : "99572"
}, {
  "kecamatan" : "Aboy",
  "kelurahan" : "Armise",
  "kodepos" : "99572"
}, {
  "kecamatan" : "Okbibab",
  "kelurahan" : "Abmisibil (Apmisibil)",
  "kodepos" : "99572"
} ]
