[ {
  "kecamatan" : "Tejakula",
  "kelurahan" : "Tejakula",
  "kodepos" : "81173"
}, {
  "kecamatan" : "Tejakula",
  "kelurahan" : "Tembok",
  "kodepos" : "81173"
}, {
  "kecamatan" : "Tejakula",
  "kelurahan" : "Sambirenteng",
  "kodepos" : "81173"
}, {
  "kecamatan" : "Tejakula",
  "kelurahan" : "Sembiran",
  "kodepos" : "81173"
}, {
  "kecamatan" : "Tejakula",
  "kelurahan" : "Pacung",
  "kodepos" : "81173"
}, {
  "kecamatan" : "Tejakula",
  "kelurahan" : "Penuktukan",
  "kodepos" : "81173"
}, {
  "kecamatan" : "Tejakula",
  "kelurahan" : "Les",
  "kodepos" : "81173"
}, {
  "kecamatan" : "Tejakula",
  "kelurahan" : "Madenan",
  "kodepos" : "81173"
}, {
  "kecamatan" : "Tejakula",
  "kelurahan" : "Bondalem",
  "kodepos" : "81173"
}, {
  "kecamatan" : "Tejakula",
  "kelurahan" : "Julah",
  "kodepos" : "81173"
}, {
  "kecamatan" : "Kubutambahan",
  "kelurahan" : "Tunjung",
  "kodepos" : "81172"
}, {
  "kecamatan" : "Kubutambahan",
  "kelurahan" : "Tajun",
  "kodepos" : "81172"
}, {
  "kecamatan" : "Kubutambahan",
  "kelurahan" : "Tambakan",
  "kodepos" : "81172"
}, {
  "kecamatan" : "Kubutambahan",
  "kelurahan" : "Tamblang",
  "kodepos" : "81172"
}, {
  "kecamatan" : "Kubutambahan",
  "kelurahan" : "Mengening",
  "kodepos" : "81172"
}, {
  "kecamatan" : "Kubutambahan",
  "kelurahan" : "Pakisan",
  "kodepos" : "81172"
}, {
  "kecamatan" : "Kubutambahan",
  "kelurahan" : "Depeha",
  "kodepos" : "81172"
}, {
  "kecamatan" : "Kubutambahan",
  "kelurahan" : "Kubutambahan",
  "kodepos" : "81172"
}, {
  "kecamatan" : "Kubutambahan",
  "kelurahan" : "Bukti",
  "kodepos" : "81172"
}, {
  "kecamatan" : "Kubutambahan",
  "kelurahan" : "Bulian",
  "kodepos" : "81172"
}, {
  "kecamatan" : "Kubutambahan",
  "kelurahan" : "Bila",
  "kodepos" : "81172"
}, {
  "kecamatan" : "Kubutambahan",
  "kelurahan" : "Bontihing",
  "kodepos" : "81172"
}, {
  "kecamatan" : "Kubutambahan",
  "kelurahan" : "Bengkala",
  "kodepos" : "81172"
}, {
  "kecamatan" : "Sawan",
  "kelurahan" : "Suwug",
  "kodepos" : "81171"
}, {
  "kecamatan" : "Sawan",
  "kelurahan" : "Sudaji",
  "kodepos" : "81171"
}, {
  "kecamatan" : "Sawan",
  "kelurahan" : "Sekumpul",
  "kodepos" : "81171"
}, {
  "kecamatan" : "Sawan",
  "kelurahan" : "Sinabun",
  "kodepos" : "81171"
}, {
  "kecamatan" : "Sawan",
  "kelurahan" : "Sawan",
  "kodepos" : "81171"
}, {
  "kecamatan" : "Sawan",
  "kelurahan" : "Sangsit",
  "kodepos" : "81171"
}, {
  "kecamatan" : "Sawan",
  "kelurahan" : "Menyali",
  "kodepos" : "81171"
}, {
  "kecamatan" : "Sawan",
  "kelurahan" : "Kerobokan",
  "kodepos" : "81171"
}, {
  "kecamatan" : "Sawan",
  "kelurahan" : "Lemukih",
  "kodepos" : "81171"
}, {
  "kecamatan" : "Sawan",
  "kelurahan" : "Galungan",
  "kodepos" : "81171"
}, {
  "kecamatan" : "Sawan",
  "kelurahan" : "Giri Emas",
  "kodepos" : "81171"
}, {
  "kecamatan" : "Sawan",
  "kelurahan" : "Jagaraga",
  "kodepos" : "81171"
}, {
  "kecamatan" : "Sawan",
  "kelurahan" : "Bebetin",
  "kodepos" : "81171"
}, {
  "kecamatan" : "Sawan",
  "kelurahan" : "Bungkulan",
  "kodepos" : "81171"
}, {
  "kecamatan" : "Sukasada",
  "kelurahan" : "Tegal Linggah (Tegalinggah)",
  "kodepos" : "81161"
}, {
  "kecamatan" : "Sukasada",
  "kelurahan" : "Wanagiri",
  "kodepos" : "81161"
}, {
  "kecamatan" : "Sukasada",
  "kelurahan" : "Silangjana",
  "kodepos" : "81161"
}, {
  "kecamatan" : "Sukasada",
  "kelurahan" : "Sukasada",
  "kodepos" : "81161"
}, {
  "kecamatan" : "Sukasada",
  "kelurahan" : "Sambangan",
  "kodepos" : "81161"
}, {
  "kecamatan" : "Sukasada",
  "kelurahan" : "Selat",
  "kodepos" : "81161"
}, {
  "kecamatan" : "Sukasada",
  "kelurahan" : "Panji Anom",
  "kodepos" : "81161"
}, {
  "kecamatan" : "Sukasada",
  "kelurahan" : "Pegadungan",
  "kodepos" : "81161"
}, {
  "kecamatan" : "Sukasada",
  "kelurahan" : "Pegayaman",
  "kodepos" : "81161"
}, {
  "kecamatan" : "Sukasada",
  "kelurahan" : "Padangbulia",
  "kodepos" : "81161"
}, {
  "kecamatan" : "Sukasada",
  "kelurahan" : "Pancasari",
  "kodepos" : "81161"
}, {
  "kecamatan" : "Sukasada",
  "kelurahan" : "Panji",
  "kodepos" : "81161"
}, {
  "kecamatan" : "Sukasada",
  "kelurahan" : "Gitgit",
  "kodepos" : "81161"
}, {
  "kecamatan" : "Sukasada",
  "kelurahan" : "Kayuputih",
  "kodepos" : "81161"
}, {
  "kecamatan" : "Gerokgak",
  "kelurahan" : "Tukad Sumaga",
  "kodepos" : "81155"
}, {
  "kecamatan" : "Sukasada",
  "kelurahan" : "Ambengan",
  "kodepos" : "81161"
}, {
  "kecamatan" : "Gerokgak",
  "kelurahan" : "Sumberkima",
  "kodepos" : "81155"
}, {
  "kecamatan" : "Gerokgak",
  "kelurahan" : "Tinga Tinga",
  "kodepos" : "81155"
}, {
  "kecamatan" : "Gerokgak",
  "kelurahan" : "Sanggalangit",
  "kodepos" : "81155"
}, {
  "kecamatan" : "Gerokgak",
  "kelurahan" : "Sumber Klampok",
  "kodepos" : "81155"
}, {
  "kecamatan" : "Gerokgak",
  "kelurahan" : "Pemuteran",
  "kodepos" : "81155"
}, {
  "kecamatan" : "Gerokgak",
  "kelurahan" : "Pemuteran",
  "kodepos" : "81155"
}, {
  "kecamatan" : "Gerokgak",
  "kelurahan" : "Pengulon",
  "kodepos" : "81155"
}, {
  "kecamatan" : "Gerokgak",
  "kelurahan" : "Patas",
  "kodepos" : "81155"
}, {
  "kecamatan" : "Gerokgak",
  "kelurahan" : "Pejarakan",
  "kodepos" : "81155"
}, {
  "kecamatan" : "Gerokgak",
  "kelurahan" : "Celukan Bawang",
  "kodepos" : "81155"
}, {
  "kecamatan" : "Gerokgak",
  "kelurahan" : "Gerokgak",
  "kodepos" : "81155"
}, {
  "kecamatan" : "Gerokgak",
  "kelurahan" : "Musi",
  "kodepos" : "81155"
}, {
  "kecamatan" : "Gerokgak",
  "kelurahan" : "Banyupoh",
  "kodepos" : "81155"
}, {
  "kecamatan" : "Busungbiu",
  "kelurahan" : "Titab",
  "kodepos" : "81154"
}, {
  "kecamatan" : "Busungbiu",
  "kelurahan" : "Umejero",
  "kodepos" : "81154"
}, {
  "kecamatan" : "Busungbiu",
  "kelurahan" : "Telaga",
  "kodepos" : "81154"
}, {
  "kecamatan" : "Busungbiu",
  "kelurahan" : "Tinggarsari",
  "kodepos" : "81154"
}, {
  "kecamatan" : "Busungbiu",
  "kelurahan" : "Tista",
  "kodepos" : "81154"
}, {
  "kecamatan" : "Busungbiu",
  "kelurahan" : "Sepang Kelod",
  "kodepos" : "81154"
}, {
  "kecamatan" : "Busungbiu",
  "kelurahan" : "Subuk",
  "kodepos" : "81154"
}, {
  "kecamatan" : "Busungbiu",
  "kelurahan" : "Sepang",
  "kodepos" : "81154"
}, {
  "kecamatan" : "Busungbiu",
  "kelurahan" : "Pucaksari",
  "kodepos" : "81154"
}, {
  "kecamatan" : "Busungbiu",
  "kelurahan" : "Bongancina",
  "kodepos" : "81154"
}, {
  "kecamatan" : "Busungbiu",
  "kelurahan" : "Kedia (Kedis)",
  "kodepos" : "81154"
}, {
  "kecamatan" : "Busungbiu",
  "kelurahan" : "Busungbiu",
  "kodepos" : "81154"
}, {
  "kecamatan" : "Busungbiu",
  "kelurahan" : "Kekeran",
  "kodepos" : "81154"
}, {
  "kecamatan" : "Seririt",
  "kelurahan" : "Unggahan",
  "kodepos" : "81153"
}, {
  "kecamatan" : "Busungbiu",
  "kelurahan" : "Pelapuan",
  "kodepos" : "81154"
}, {
  "kecamatan" : "Busungbiu",
  "kelurahan" : "Bengkel",
  "kodepos" : "81154"
}, {
  "kecamatan" : "Seririt",
  "kelurahan" : "Ularan",
  "kodepos" : "81153"
}, {
  "kecamatan" : "Seririt",
  "kelurahan" : "Umeanyar",
  "kodepos" : "81153"
}, {
  "kecamatan" : "Seririt",
  "kelurahan" : "Tangguwisia",
  "kodepos" : "81153"
}, {
  "kecamatan" : "Seririt",
  "kelurahan" : "Seririt",
  "kodepos" : "81153"
}, {
  "kecamatan" : "Seririt",
  "kelurahan" : "Sulanyah",
  "kodepos" : "81153"
}, {
  "kecamatan" : "Seririt",
  "kelurahan" : "Rangdu",
  "kodepos" : "81153"
}, {
  "kecamatan" : "Seririt",
  "kelurahan" : "Ringdikit",
  "kodepos" : "81153"
}, {
  "kecamatan" : "Seririt",
  "kelurahan" : "Pangkungparuk",
  "kodepos" : "81153"
}, {
  "kecamatan" : "Seririt",
  "kelurahan" : "Patemoh (Patemon)",
  "kodepos" : "81153"
}, {
  "kecamatan" : "Seririt",
  "kelurahan" : "Pengastulan",
  "kodepos" : "81153"
}, {
  "kecamatan" : "Seririt",
  "kelurahan" : "Mayong",
  "kodepos" : "81153"
}, {
  "kecamatan" : "Seririt",
  "kelurahan" : "Munduk Bestala",
  "kodepos" : "81153"
}, {
  "kecamatan" : "Seririt",
  "kelurahan" : "Kalianget",
  "kodepos" : "81153"
}, {
  "kecamatan" : "Seririt",
  "kelurahan" : "Kalisada",
  "kodepos" : "81153"
}, {
  "kecamatan" : "Seririt",
  "kelurahan" : "Bubunan",
  "kodepos" : "81153"
}, {
  "kecamatan" : "Seririt",
  "kelurahan" : "Lokapaksa",
  "kodepos" : "81153"
}, {
  "kecamatan" : "Seririt",
  "kelurahan" : "Banjar Asem",
  "kodepos" : "81153"
}, {
  "kecamatan" : "Seririt",
  "kelurahan" : "Gunungsari",
  "kodepos" : "81153"
}, {
  "kecamatan" : "Seririt",
  "kelurahan" : "Bestala",
  "kodepos" : "81153"
}, {
  "kecamatan" : "Seririt",
  "kelurahan" : "Joanyar",
  "kodepos" : "81153"
}, {
  "kecamatan" : "Banjar",
  "kelurahan" : "Tirtasari",
  "kodepos" : "81152"
}, {
  "kecamatan" : "Banjar",
  "kelurahan" : "Tigawasa",
  "kodepos" : "81152"
}, {
  "kecamatan" : "Banjar",
  "kelurahan" : "Temukus",
  "kodepos" : "81152"
}, {
  "kecamatan" : "Banjar",
  "kelurahan" : "Pedawa",
  "kodepos" : "81152"
}, {
  "kecamatan" : "Banjar",
  "kelurahan" : "Sidetapa",
  "kodepos" : "81152"
}, {
  "kecamatan" : "Banjar",
  "kelurahan" : "Tampekan",
  "kodepos" : "81152"
}, {
  "kecamatan" : "Banjar",
  "kelurahan" : "Kayuputih",
  "kodepos" : "81152"
}, {
  "kecamatan" : "Banjar",
  "kelurahan" : "Munduk",
  "kodepos" : "81152"
}, {
  "kecamatan" : "Banjar",
  "kelurahan" : "Gobleg",
  "kodepos" : "81152"
}, {
  "kecamatan" : "Banjar",
  "kelurahan" : "Kaliasem",
  "kodepos" : "81152"
}, {
  "kecamatan" : "Banjar",
  "kelurahan" : "Cempaga",
  "kodepos" : "81152"
}, {
  "kecamatan" : "Banjar",
  "kelurahan" : "Banjar Tegeha",
  "kodepos" : "81152"
}, {
  "kecamatan" : "Banjar",
  "kelurahan" : "Dencarik",
  "kodepos" : "81152"
}, {
  "kecamatan" : "Buleleng",
  "kelurahan" : "Tukadmungga",
  "kodepos" : "81119"
}, {
  "kecamatan" : "Banjar",
  "kelurahan" : "Gesing",
  "kodepos" : "81152"
}, {
  "kecamatan" : "Buleleng",
  "kelurahan" : "Petandakan",
  "kodepos" : "81119"
}, {
  "kecamatan" : "Banjar",
  "kelurahan" : "Banyuatis",
  "kodepos" : "81152"
}, {
  "kecamatan" : "Buleleng",
  "kelurahan" : "Poh Bergong",
  "kodepos" : "81119"
}, {
  "kecamatan" : "Banjar",
  "kelurahan" : "Banyusri",
  "kodepos" : "81152"
}, {
  "kecamatan" : "Buleleng",
  "kelurahan" : "Sari Mekar",
  "kodepos" : "81119"
}, {
  "kecamatan" : "Banjar",
  "kelurahan" : "Banjar",
  "kodepos" : "81152"
}, {
  "kecamatan" : "Buleleng",
  "kelurahan" : "Penarukan",
  "kodepos" : "81119"
}, {
  "kecamatan" : "Buleleng",
  "kelurahan" : "Penglatan",
  "kodepos" : "81119"
}, {
  "kecamatan" : "Buleleng",
  "kelurahan" : "Liligundi",
  "kodepos" : "81119"
}, {
  "kecamatan" : "Buleleng",
  "kelurahan" : "Nagasepaha",
  "kodepos" : "81119"
}, {
  "kecamatan" : "Buleleng",
  "kelurahan" : "Pemaron",
  "kodepos" : "81119"
}, {
  "kecamatan" : "Buleleng",
  "kelurahan" : "Jinengdalem",
  "kodepos" : "81119"
}, {
  "kecamatan" : "Buleleng",
  "kelurahan" : "Kalibukbuk",
  "kodepos" : "81119"
}, {
  "kecamatan" : "Buleleng",
  "kelurahan" : "Beratan",
  "kodepos" : "81119"
}, {
  "kecamatan" : "Buleleng",
  "kelurahan" : "Bhakti Seraga (Baktiseraga)",
  "kodepos" : "81119"
}, {
  "kecamatan" : "Buleleng",
  "kelurahan" : "Banyuning",
  "kodepos" : "81119"
}, {
  "kecamatan" : "Buleleng",
  "kelurahan" : "Kaliuntu",
  "kodepos" : "81116"
}, {
  "kecamatan" : "Buleleng",
  "kelurahan" : "Alasangker",
  "kodepos" : "81119"
}, {
  "kecamatan" : "Buleleng",
  "kelurahan" : "Kampung Anyar",
  "kodepos" : "81115"
}, {
  "kecamatan" : "Buleleng",
  "kelurahan" : "Anturan",
  "kodepos" : "81119"
}, {
  "kecamatan" : "Buleleng",
  "kelurahan" : "Kampung Bugis",
  "kodepos" : "81115"
}, {
  "kecamatan" : "Buleleng",
  "kelurahan" : "Banjar Tegal",
  "kodepos" : "81117"
}, {
  "kecamatan" : "Buleleng",
  "kelurahan" : "Kampung Baru",
  "kodepos" : "81114"
}, {
  "kecamatan" : "Buleleng",
  "kelurahan" : "Paket Agung",
  "kodepos" : "81118"
}, {
  "kecamatan" : "Buleleng",
  "kelurahan" : "Kampung Kajanan",
  "kodepos" : "81114"
}, {
  "kecamatan" : "Buleleng",
  "kelurahan" : "Banyuasri",
  "kodepos" : "81116"
}, {
  "kecamatan" : "Buleleng",
  "kelurahan" : "Banjar Bali",
  "kodepos" : "81113"
}, {
  "kecamatan" : "Buleleng",
  "kelurahan" : "Banjar Jawa",
  "kodepos" : "81113"
}, {
  "kecamatan" : "Buleleng",
  "kelurahan" : "Astina",
  "kodepos" : "81112"
}, {
  "kecamatan" : "Buleleng",
  "kelurahan" : "Kendran",
  "kodepos" : "81112"
}, {
  "kecamatan" : "Buleleng",
  "kelurahan" : "Kampung Singaraja",
  "kodepos" : "81111"
} ]
