[ {
  "kecamatan" : "Wina",
  "kelurahan" : "Yugubuk",
  "kodepos" : "99569"
}, {
  "kecamatan" : "Wina",
  "kelurahan" : "Yugumengga",
  "kodepos" : "99569"
}, {
  "kecamatan" : "Egiam",
  "kelurahan" : "Yoka",
  "kodepos" : "99569"
}, {
  "kecamatan" : "Egiam",
  "kelurahan" : "Yonira",
  "kodepos" : "99569"
}, {
  "kecamatan" : "Kembu",
  "kelurahan" : "Yowo",
  "kodepos" : "99569"
}, {
  "kecamatan" : "Wina",
  "kelurahan" : "Yogweme",
  "kodepos" : "99569"
}, {
  "kecamatan" : "Wina",
  "kelurahan" : "Yogweme",
  "kodepos" : "99569"
}, {
  "kecamatan" : "Panaga",
  "kelurahan" : "Yandono",
  "kodepos" : "99569"
}, {
  "kecamatan" : "Dundu (Ndundu)",
  "kelurahan" : "Yiku",
  "kodepos" : "99569"
}, {
  "kecamatan" : "Wari (Taiyeve)",
  "kelurahan" : "Yanora",
  "kodepos" : "99569"
}, {
  "kecamatan" : "Umagi",
  "kelurahan" : "Yaleme",
  "kodepos" : "99569"
}, {
  "kecamatan" : "Umagi",
  "kelurahan" : "Yali",
  "kodepos" : "99569"
}, {
  "kecamatan" : "Kembu",
  "kelurahan" : "Wulinaga",
  "kodepos" : "99569"
}, {
  "kecamatan" : "Telenggeme",
  "kelurahan" : "Yagagobak",
  "kodepos" : "99569"
}, {
  "kecamatan" : "Gundagi (Gudage)",
  "kelurahan" : "Wobe",
  "kodepos" : "99569"
}, {
  "kecamatan" : "Gundagi (Gudage)",
  "kelurahan" : "Woraga",
  "kodepos" : "99569"
}, {
  "kecamatan" : "Gundagi (Gudage)",
  "kelurahan" : "Winengga",
  "kodepos" : "99569"
}, {
  "kecamatan" : "Wina",
  "kelurahan" : "Wina",
  "kodepos" : "99569"
}, {
  "kecamatan" : "Egiam",
  "kelurahan" : "Weri",
  "kodepos" : "99569"
}, {
  "kecamatan" : "Wari (Taiyeve)",
  "kelurahan" : "Wiki",
  "kodepos" : "99569"
}, {
  "kecamatan" : "Gika",
  "kelurahan" : "Wenigi",
  "kodepos" : "99569"
}, {
  "kecamatan" : "Telenggeme",
  "kelurahan" : "Wekaru",
  "kodepos" : "99569"
}, {
  "kecamatan" : "Egiam",
  "kelurahan" : "Wayongga",
  "kodepos" : "99569"
}, {
  "kecamatan" : "Umagi",
  "kelurahan" : "Warna",
  "kodepos" : "99569"
}, {
  "kecamatan" : "Dow",
  "kelurahan" : "Warka",
  "kodepos" : "99569"
}, {
  "kecamatan" : "Gika",
  "kelurahan" : "Wanuwi",
  "kodepos" : "99569"
}, {
  "kecamatan" : "Wina",
  "kelurahan" : "Wariru",
  "kodepos" : "99569"
}, {
  "kecamatan" : "Gika",
  "kelurahan" : "Wanuwi",
  "kodepos" : "99569"
}, {
  "kecamatan" : "Gundagi (Gudage)",
  "kelurahan" : "Wamili",
  "kodepos" : "99569"
}, {
  "kecamatan" : "Gundagi (Gudage)",
  "kelurahan" : "Wamolo",
  "kodepos" : "99569"
}, {
  "kecamatan" : "Wari (Taiyeve)",
  "kelurahan" : "Wakumendek",
  "kodepos" : "99569"
}, {
  "kecamatan" : "Dow",
  "kelurahan" : "Vokuyo",
  "kodepos" : "99569"
}, {
  "kecamatan" : "Gundagi (Gudage)",
  "kelurahan" : "Umar",
  "kodepos" : "99569"
}, {
  "kecamatan" : "Umagi",
  "kelurahan" : "Umagi",
  "kodepos" : "99569"
}, {
  "kecamatan" : "Timori",
  "kelurahan" : "Tioner",
  "kodepos" : "99569"
}, {
  "kecamatan" : "Timori",
  "kelurahan" : "Tirib",
  "kodepos" : "99569"
}, {
  "kecamatan" : "Dow",
  "kelurahan" : "Tigu",
  "kodepos" : "99569"
}, {
  "kecamatan" : "Kembu",
  "kelurahan" : "Tioga",
  "kodepos" : "99569"
}, {
  "kecamatan" : "Wari (Taiyeve)",
  "kelurahan" : "Timoga/Kabupaga",
  "kodepos" : "99569"
}, {
  "kecamatan" : "Poganeri",
  "kelurahan" : "Tigir",
  "kodepos" : "99569"
}, {
  "kecamatan" : "Yuko",
  "kelurahan" : "Teleme",
  "kodepos" : "99569"
}, {
  "kecamatan" : "Telenggeme",
  "kelurahan" : "Telenggeme",
  "kodepos" : "99569"
}, {
  "kecamatan" : "Telenggeme",
  "kelurahan" : "Tenek",
  "kodepos" : "99569"
}, {
  "kecamatan" : "Wina",
  "kelurahan" : "Tawi",
  "kodepos" : "99569"
}, {
  "kecamatan" : "Poganeri",
  "kelurahan" : "Telekonok",
  "kodepos" : "99569"
}, {
  "kecamatan" : "Dow",
  "kelurahan" : "Takri",
  "kodepos" : "99569"
}, {
  "kecamatan" : "Gika",
  "kelurahan" : "Tabunakme",
  "kodepos" : "99569"
}, {
  "kecamatan" : "Egiam",
  "kelurahan" : "Tabonakme",
  "kodepos" : "99569"
}, {
  "kecamatan" : "Yuko",
  "kelurahan" : "Tabuh",
  "kodepos" : "99569"
}, {
  "kecamatan" : "Dow",
  "kelurahan" : "Sigou",
  "kodepos" : "99569"
}, {
  "kecamatan" : "Gundagi (Gudage)",
  "kelurahan" : "Punggelak",
  "kodepos" : "99569"
}, {
  "kecamatan" : "Panaga",
  "kelurahan" : "Saksi Maler",
  "kodepos" : "99569"
}, {
  "kecamatan" : "Panaga",
  "kelurahan" : "Siak",
  "kodepos" : "99569"
}, {
  "kecamatan" : "Umagi",
  "kelurahan" : "Popaga",
  "kodepos" : "99569"
}, {
  "kecamatan" : "Dow",
  "kelurahan" : "Prawa",
  "kodepos" : "99569"
}, {
  "kecamatan" : "Umagi",
  "kelurahan" : "Piriluk",
  "kodepos" : "99569"
}, {
  "kecamatan" : "Timori",
  "kelurahan" : "Pirage",
  "kodepos" : "99569"
}, {
  "kecamatan" : "Egiam",
  "kelurahan" : "Pinde",
  "kodepos" : "99569"
}, {
  "kecamatan" : "Panaga",
  "kelurahan" : "Pindanggun",
  "kodepos" : "99569"
}, {
  "kecamatan" : "Yuko",
  "kelurahan" : "Pekaleme",
  "kodepos" : "99569"
}, {
  "kecamatan" : "Panaga",
  "kelurahan" : "Panaga",
  "kodepos" : "99569"
}, {
  "kecamatan" : "Wari (Taiyeve)",
  "kelurahan" : "Papedari",
  "kodepos" : "99569"
}, {
  "kecamatan" : "Dow",
  "kelurahan" : "Pakare",
  "kodepos" : "99569"
}, {
  "kecamatan" : "Umagi",
  "kelurahan" : "Pagongga",
  "kodepos" : "99569"
}, {
  "kecamatan" : "Panaga",
  "kelurahan" : "Paido",
  "kodepos" : "99569"
}, {
  "kecamatan" : "Gundagi (Gudage)",
  "kelurahan" : "Oker",
  "kodepos" : "99569"
}, {
  "kecamatan" : "Dundu (Ndundu)",
  "kelurahan" : "Nugini",
  "kodepos" : "99569"
}, {
  "kecamatan" : "Umagi",
  "kelurahan" : "Nolopur",
  "kodepos" : "99569"
}, {
  "kecamatan" : "Kembu",
  "kelurahan" : "Nugari",
  "kodepos" : "99569"
}, {
  "kecamatan" : "Dundu (Ndundu)",
  "kelurahan" : "Nilogabu",
  "kodepos" : "99569"
}, {
  "kecamatan" : "Poganeri",
  "kelurahan" : "Nogari",
  "kodepos" : "99569"
}, {
  "kecamatan" : "Gundagi (Gudage)",
  "kelurahan" : "Nangga",
  "kodepos" : "99569"
}, {
  "kecamatan" : "Umagi",
  "kelurahan" : "Nambu",
  "kodepos" : "99569"
}, {
  "kecamatan" : "Wina",
  "kelurahan" : "Nakwil",
  "kodepos" : "99569"
}, {
  "kecamatan" : "Gundagi (Gudage)",
  "kelurahan" : "Muruneri",
  "kodepos" : "99569"
}, {
  "kecamatan" : "Dundu (Ndundu)",
  "kelurahan" : "Nakwi",
  "kodepos" : "99569"
}, {
  "kecamatan" : "Wari (Taiyeve)",
  "kelurahan" : "Muna",
  "kodepos" : "99569"
}, {
  "kecamatan" : "Egiam",
  "kelurahan" : "Murni",
  "kodepos" : "99569"
}, {
  "kecamatan" : "Yuko",
  "kelurahan" : "Miyanagame",
  "kodepos" : "99569"
}, {
  "kecamatan" : "Umagi",
  "kelurahan" : "Mino",
  "kodepos" : "99569"
}, {
  "kecamatan" : "Gika",
  "kelurahan" : "Membramonggen",
  "kodepos" : "99569"
}, {
  "kecamatan" : "Yuko",
  "kelurahan" : "Minegimen",
  "kodepos" : "99569"
}, {
  "kecamatan" : "Kembu",
  "kelurahan" : "Mamit",
  "kodepos" : "99569"
}, {
  "kecamatan" : "Wina",
  "kelurahan" : "Malela",
  "kodepos" : "99569"
}, {
  "kecamatan" : "Gika",
  "kelurahan" : "Makido",
  "kodepos" : "99569"
}, {
  "kecamatan" : "Timori",
  "kelurahan" : "Luki",
  "kodepos" : "99569"
}, {
  "kecamatan" : "Poganeri",
  "kelurahan" : "Mabuk",
  "kodepos" : "99569"
}, {
  "kecamatan" : "Timori",
  "kelurahan" : "Liwina",
  "kodepos" : "99569"
}, {
  "kecamatan" : "Timori",
  "kelurahan" : "Logulo",
  "kodepos" : "99569"
}, {
  "kecamatan" : "Telenggeme",
  "kelurahan" : "Linggira",
  "kodepos" : "99569"
}, {
  "kecamatan" : "Kanggime (Kanggima )",
  "kelurahan" : "Lawor (Lawori)",
  "kodepos" : "99569"
}, {
  "kecamatan" : "Gika",
  "kelurahan" : "Kwa",
  "kodepos" : "99569"
}, {
  "kecamatan" : "Panaga",
  "kelurahan" : "Kutiom",
  "kodepos" : "99569"
}, {
  "kecamatan" : "Wari (Taiyeve)",
  "kelurahan" : "Laniloma",
  "kodepos" : "99569"
}, {
  "kecamatan" : "Dundu (Ndundu)",
  "kelurahan" : "Kurupu",
  "kodepos" : "99569"
}, {
  "kecamatan" : "Wari (Taiyeve)",
  "kelurahan" : "Kuruku",
  "kodepos" : "99569"
}, {
  "kecamatan" : "Gundagi (Gudage)",
  "kelurahan" : "Kurik",
  "kodepos" : "99569"
}, {
  "kecamatan" : "Poganeri",
  "kelurahan" : "Kuoklanggunik",
  "kodepos" : "99569"
}, {
  "kecamatan" : "Egiam",
  "kelurahan" : "Kurba",
  "kodepos" : "99569"
}, {
  "kecamatan" : "Wari (Taiyeve)",
  "kelurahan" : "Kowari",
  "kodepos" : "99569"
}, {
  "kecamatan" : "Yuko",
  "kelurahan" : "Kungge",
  "kodepos" : "99569"
}, {
  "kecamatan" : "Poganeri",
  "kelurahan" : "Konengga",
  "kodepos" : "99569"
}, {
  "kecamatan" : "Yuko",
  "kelurahan" : "Kotorambur",
  "kodepos" : "99569"
}, {
  "kecamatan" : "Timori",
  "kelurahan" : "Koinggambu",
  "kodepos" : "99569"
}, {
  "kecamatan" : "Kembu",
  "kelurahan" : "Kobon",
  "kodepos" : "99569"
}, {
  "kecamatan" : "Telenggeme",
  "kelurahan" : "Kimunuk",
  "kodepos" : "99569"
}, {
  "kecamatan" : "Kembu",
  "kelurahan" : "Kembu",
  "kodepos" : "99569"
}, {
  "kecamatan" : "Telenggeme",
  "kelurahan" : "Kimugu",
  "kodepos" : "99569"
}, {
  "kecamatan" : "Dundu (Ndundu)",
  "kelurahan" : "Kembu",
  "kodepos" : "99569"
}, {
  "kecamatan" : "Yuko",
  "kelurahan" : "Karu",
  "kodepos" : "99569"
}, {
  "kecamatan" : "Wari (Taiyeve)",
  "kelurahan" : "Kalibu",
  "kodepos" : "99569"
}, {
  "kecamatan" : "Egiam",
  "kelurahan" : "Kaliundi",
  "kodepos" : "99569"
}, {
  "kecamatan" : "Gundagi (Gudage)",
  "kelurahan" : "Kalarin",
  "kodepos" : "99569"
}, {
  "kecamatan" : "Dow",
  "kelurahan" : "Itoli",
  "kodepos" : "99569"
}, {
  "kecamatan" : "Kembu",
  "kelurahan" : "Kabori",
  "kodepos" : "99569"
}, {
  "kecamatan" : "Telenggeme",
  "kelurahan" : "Kagi",
  "kodepos" : "99569"
}, {
  "kecamatan" : "Wina",
  "kelurahan" : "Holandia",
  "kodepos" : "99569"
}, {
  "kecamatan" : "Panaga",
  "kelurahan" : "Ibunuh",
  "kodepos" : "99569"
}, {
  "kecamatan" : "Umagi",
  "kelurahan" : "Gurin",
  "kodepos" : "99569"
}, {
  "kecamatan" : "Yuko",
  "kelurahan" : "Gwak Dugunik",
  "kodepos" : "99569"
}, {
  "kecamatan" : "Wina",
  "kelurahan" : "Gualo",
  "kodepos" : "99569"
}, {
  "kecamatan" : "Gundagi (Gudage)",
  "kelurahan" : "Gubuk",
  "kodepos" : "99569"
}, {
  "kecamatan" : "Gundagi (Gudage)",
  "kelurahan" : "Gumbini",
  "kodepos" : "99569"
}, {
  "kecamatan" : "Gundagi (Gudage)",
  "kelurahan" : "Gingga",
  "kodepos" : "99569"
}, {
  "kecamatan" : "Yuko",
  "kelurahan" : "Giko",
  "kodepos" : "99569"
}, {
  "kecamatan" : "Poganeri",
  "kelurahan" : "Gindugunik",
  "kodepos" : "99569"
}, {
  "kecamatan" : "Kembu",
  "kelurahan" : "Genani",
  "kodepos" : "99569"
}, {
  "kecamatan" : "Timori",
  "kelurahan" : "Geneluk",
  "kodepos" : "99569"
}, {
  "kecamatan" : "Poganeri",
  "kelurahan" : "Genage",
  "kodepos" : "99569"
}, {
  "kecamatan" : "Gika",
  "kelurahan" : "Gelok",
  "kodepos" : "99569"
}, {
  "kecamatan" : "Gika",
  "kelurahan" : "Geka",
  "kodepos" : "99569"
}, {
  "kecamatan" : "Umagi",
  "kelurahan" : "Gatini",
  "kodepos" : "99569"
}, {
  "kecamatan" : "Poganeri",
  "kelurahan" : "Gagulineri",
  "kodepos" : "99569"
}, {
  "kecamatan" : "Wari (Taiyeve)",
  "kelurahan" : "Friji",
  "kodepos" : "99569"
}, {
  "kecamatan" : "Wina",
  "kelurahan" : "Finai",
  "kodepos" : "99569"
}, {
  "kecamatan" : "Timori",
  "kelurahan" : "Eragani",
  "kodepos" : "99569"
}, {
  "kecamatan" : "Panaga",
  "kelurahan" : "Eragani",
  "kodepos" : "99569"
}, {
  "kecamatan" : "Egiam",
  "kelurahan" : "Egiam",
  "kodepos" : "99569"
}, {
  "kecamatan" : "Gundagi (Gudage)",
  "kelurahan" : "Enggawogo",
  "kodepos" : "99569"
}, {
  "kecamatan" : "Wari (Taiyeve)",
  "kelurahan" : "Dustra/Yamiriko",
  "kodepos" : "99569"
}, {
  "kecamatan" : "Dundu (Ndundu)",
  "kelurahan" : "Dundu",
  "kodepos" : "99569"
}, {
  "kecamatan" : "Dundu (Ndundu)",
  "kelurahan" : "Dugunagep",
  "kodepos" : "99569"
}, {
  "kecamatan" : "Dow",
  "kelurahan" : "Dow/Bijere",
  "kodepos" : "99569"
}, {
  "kecamatan" : "Wari (Taiyeve)",
  "kelurahan" : "Dotori",
  "kodepos" : "99569"
}, {
  "kecamatan" : "Wari (Taiyeve)",
  "kelurahan" : "Dorera",
  "kodepos" : "99569"
}, {
  "kecamatan" : "Telenggeme",
  "kelurahan" : "Dolunggun",
  "kodepos" : "99569"
}, {
  "kecamatan" : "Gika",
  "kelurahan" : "Dimbara",
  "kodepos" : "99569"
}, {
  "kecamatan" : "Dow",
  "kelurahan" : "Dagari",
  "kodepos" : "99569"
}, {
  "kecamatan" : "Timori",
  "kelurahan" : "Bolubur",
  "kodepos" : "99569"
}, {
  "kecamatan" : "Poganeri",
  "kelurahan" : "Bogokila",
  "kodepos" : "99569"
}, {
  "kecamatan" : "Dow",
  "kelurahan" : "Bire",
  "kodepos" : "99569"
}, {
  "kecamatan" : "Dundu (Ndundu)",
  "kelurahan" : "Bimo",
  "kodepos" : "99569"
}, {
  "kecamatan" : "Wina",
  "kelurahan" : "Bimbogul",
  "kodepos" : "99569"
}, {
  "kecamatan" : "Wari (Taiyeve)",
  "kelurahan" : "Beleise",
  "kodepos" : "99569"
}, {
  "kecamatan" : "Timori",
  "kelurahan" : "Beremo",
  "kodepos" : "99569"
}, {
  "kecamatan" : "Timori",
  "kelurahan" : "Bawi",
  "kodepos" : "99569"
}, {
  "kecamatan" : "Kembu",
  "kelurahan" : "Aworera",
  "kodepos" : "99569"
}, {
  "kecamatan" : "Gundagi (Gudage)",
  "kelurahan" : "Aworera",
  "kodepos" : "99569"
}, {
  "kecamatan" : "Telenggeme",
  "kelurahan" : "Aukuni",
  "kodepos" : "99569"
}, {
  "kecamatan" : "Wari (Taiyeve)",
  "kelurahan" : "Arebe/Ninggame",
  "kodepos" : "99569"
}, {
  "kecamatan" : "Yuko",
  "kelurahan" : "Ambirik",
  "kodepos" : "99569"
}, {
  "kecamatan" : "Wina",
  "kelurahan" : "Akima",
  "kodepos" : "99569"
}, {
  "kecamatan" : "Kembu",
  "kelurahan" : "Agimdek",
  "kodepos" : "99569"
}, {
  "kecamatan" : "Wonoki (Woniki)",
  "kelurahan" : "Yigonime",
  "kodepos" : "99568"
}, {
  "kecamatan" : "Aweku",
  "kelurahan" : "Yelly",
  "kodepos" : "99568"
}, {
  "kecamatan" : "Aweku",
  "kelurahan" : "Yebena",
  "kodepos" : "99568"
}, {
  "kecamatan" : "Aweku",
  "kelurahan" : "Yebena",
  "kodepos" : "99568"
}, {
  "kecamatan" : "Gilubandu (Gilumbandu/Gilimbandu)",
  "kelurahan" : "Yamulo",
  "kodepos" : "99568"
}, {
  "kecamatan" : "Wonoki (Woniki)",
  "kelurahan" : "Yaliwak",
  "kodepos" : "99568"
}, {
  "kecamatan" : "Gilubandu (Gilumbandu/Gilimbandu)",
  "kelurahan" : "Yakep",
  "kodepos" : "99568"
}, {
  "kecamatan" : "Wonoki (Woniki)",
  "kelurahan" : "Wunabu",
  "kodepos" : "99568"
}, {
  "kecamatan" : "Bogonuk",
  "kelurahan" : "Wumelak",
  "kodepos" : "99568"
}, {
  "kecamatan" : "Aweku",
  "kelurahan" : "Wuluk",
  "kodepos" : "99568"
}, {
  "kecamatan" : "Nunggawi (Munggawi)",
  "kelurahan" : "Woyi",
  "kodepos" : "99568"
}, {
  "kecamatan" : "Nunggawi (Munggawi)",
  "kelurahan" : "Wondame",
  "kodepos" : "99568"
}, {
  "kecamatan" : "Nunggawi (Munggawi)",
  "kelurahan" : "Wonoluk",
  "kodepos" : "99568"
}, {
  "kecamatan" : "Wakuwo",
  "kelurahan" : "Wonitu",
  "kodepos" : "99568"
}, {
  "kecamatan" : "Bogonuk",
  "kelurahan" : "Wisman",
  "kodepos" : "99568"
}, {
  "kecamatan" : "Wonoki (Woniki)",
  "kelurahan" : "Wilileme",
  "kodepos" : "99568"
}, {
  "kecamatan" : "Wakuwo",
  "kelurahan" : "Weyage",
  "kodepos" : "99568"
}, {
  "kecamatan" : "Nabunage",
  "kelurahan" : "Wewo",
  "kodepos" : "99568"
}, {
  "kecamatan" : "Gilubandu (Gilumbandu/Gilimbandu)",
  "kelurahan" : "Welesi",
  "kodepos" : "99568"
}, {
  "kecamatan" : "Aweku",
  "kelurahan" : "Wenggun",
  "kodepos" : "99568"
}, {
  "kecamatan" : "Wakuwo",
  "kelurahan" : "Wama",
  "kodepos" : "99568"
}, {
  "kecamatan" : "Bogonuk",
  "kelurahan" : "Walelo",
  "kodepos" : "99568"
}, {
  "kecamatan" : "Aweku",
  "kelurahan" : "Wamigi",
  "kodepos" : "99568"
}, {
  "kecamatan" : "Nunggawi (Munggawi)",
  "kelurahan" : "Undi",
  "kodepos" : "99568"
}, {
  "kecamatan" : "Nunggawi (Munggawi)",
  "kelurahan" : "Tunibur",
  "kodepos" : "99568"
}, {
  "kecamatan" : "Wakuwo",
  "kelurahan" : "Towolome",
  "kodepos" : "99568"
}, {
  "kecamatan" : "Aweku",
  "kelurahan" : "Tiyonggi",
  "kodepos" : "99568"
}, {
  "kecamatan" : "Gilubandu (Gilumbandu/Gilimbandu)",
  "kelurahan" : "Tinggom",
  "kodepos" : "99568"
}, {
  "kecamatan" : "Nunggawi (Munggawi)",
  "kelurahan" : "Tinoweno",
  "kodepos" : "99568"
}, {
  "kecamatan" : "Wakuwo",
  "kelurahan" : "Timer",
  "kodepos" : "99568"
}, {
  "kecamatan" : "Nunggawi (Munggawi)",
  "kelurahan" : "Timobur (Kimobur)",
  "kodepos" : "99568"
}, {
  "kecamatan" : "Nunggawi (Munggawi)",
  "kelurahan" : "Timopur",
  "kodepos" : "99568"
}, {
  "kecamatan" : "Nabunage",
  "kelurahan" : "Timbindelo",
  "kodepos" : "99568"
}, {
  "kecamatan" : "Wonoki (Woniki)",
  "kelurahan" : "Teropme",
  "kodepos" : "99568"
}, {
  "kecamatan" : "Bogonuk",
  "kelurahan" : "Talinamber",
  "kodepos" : "99568"
}, {
  "kecamatan" : "Kanggime (Kanggima )",
  "kelurahan" : "Purugi",
  "kodepos" : "99568"
}, {
  "kecamatan" : "Aweku",
  "kelurahan" : "Posman",
  "kodepos" : "99568"
}, {
  "kecamatan" : "Wonoki (Woniki)",
  "kelurahan" : "Pagona",
  "kodepos" : "99568"
}, {
  "kecamatan" : "Bogonuk",
  "kelurahan" : "Paba",
  "kodepos" : "99568"
}, {
  "kecamatan" : "Gilubandu (Gilumbandu/Gilimbandu)",
  "kelurahan" : "Orelukban",
  "kodepos" : "99568"
}, {
  "kecamatan" : "Nunggawi (Munggawi)",
  "kelurahan" : "Numbe",
  "kodepos" : "99568"
}, {
  "kecamatan" : "Nunggawi (Munggawi)",
  "kelurahan" : "Nunggawi",
  "kodepos" : "99568"
}, {
  "kecamatan" : "Dundu (Ndundu)",
  "kelurahan" : "Nini",
  "kodepos" : "99568"
}, {
  "kecamatan" : "Nunggawi (Munggawi)",
  "kelurahan" : "Nombori",
  "kodepos" : "99568"
}, {
  "kecamatan" : "Wakuwo",
  "kelurahan" : "Nowo",
  "kodepos" : "99568"
}, {
  "kecamatan" : "Nabunage",
  "kelurahan" : "Nabunage",
  "kodepos" : "99568"
}, {
  "kecamatan" : "Wonoki (Woniki)",
  "kelurahan" : "Mome",
  "kodepos" : "99568"
}, {
  "kecamatan" : "Nunggawi (Munggawi)",
  "kelurahan" : "Mololowa",
  "kodepos" : "99568"
}, {
  "kecamatan" : "Gilubandu (Gilumbandu/Gilimbandu)",
  "kelurahan" : "Martelo",
  "kodepos" : "99568"
}, {
  "kecamatan" : "Nabunage",
  "kelurahan" : "Missa",
  "kodepos" : "99568"
}, {
  "kecamatan" : "Wonoki (Woniki)",
  "kelurahan" : "Lugwi",
  "kodepos" : "99568"
}, {
  "kecamatan" : "Kanggime (Kanggima )",
  "kelurahan" : "Logon",
  "kodepos" : "99568"
}, {
  "kecamatan" : "Kanggime (Kanggima )",
  "kelurahan" : "Marlo",
  "kodepos" : "99568"
}, {
  "kecamatan" : "Nabunage",
  "kelurahan" : "Logilome",
  "kodepos" : "99568"
}, {
  "kecamatan" : "Kanggime (Kanggima )",
  "kelurahan" : "Ligiibak / Ligimbak (Lagimbak)",
  "kodepos" : "99568"
}, {
  "kecamatan" : "Gilubandu (Gilumbandu/Gilimbandu)",
  "kelurahan" : "Lerewere",
  "kodepos" : "99568"
}, {
  "kecamatan" : "Wakuwo",
  "kelurahan" : "Kwarini",
  "kodepos" : "99568"
}, {
  "kecamatan" : "Bogonuk",
  "kelurahan" : "Laura",
  "kodepos" : "99568"
}, {
  "kecamatan" : "Nabunage",
  "kelurahan" : "Kutime",
  "kodepos" : "99568"
}, {
  "kecamatan" : "Nunggawi (Munggawi)",
  "kelurahan" : "Kuripaga (Kuripara)",
  "kodepos" : "99568"
}, {
  "kecamatan" : "Nabunage",
  "kelurahan" : "Kupara",
  "kodepos" : "99568"
}, {
  "kecamatan" : "Wakuwo",
  "kelurahan" : "Kumbur",
  "kodepos" : "99568"
}, {
  "kecamatan" : "Nabunage",
  "kelurahan" : "Kumbo",
  "kodepos" : "99568"
}, {
  "kecamatan" : "Gilubandu (Gilumbandu/Gilimbandu)",
  "kelurahan" : "Kulutin",
  "kodepos" : "99568"
}, {
  "kecamatan" : "Nunggawi (Munggawi)",
  "kelurahan" : "Kubalo",
  "kodepos" : "99568"
}, {
  "kecamatan" : "Wakuwo",
  "kelurahan" : "Korlo",
  "kodepos" : "99568"
}, {
  "kecamatan" : "Nunggawi (Munggawi)",
  "kelurahan" : "Kondangwi",
  "kodepos" : "99568"
}, {
  "kecamatan" : "Nunggawi (Munggawi)",
  "kelurahan" : "Konipaga",
  "kodepos" : "99568"
}, {
  "kecamatan" : "Nunggawi (Munggawi)",
  "kelurahan" : "Kononda (Kokondao)",
  "kodepos" : "99568"
}, {
  "kecamatan" : "Aweku",
  "kelurahan" : "Kogagi",
  "kodepos" : "99568"
}, {
  "kecamatan" : "Aweku",
  "kelurahan" : "Kolanggun",
  "kodepos" : "99568"
}, {
  "kecamatan" : "Nunggawi (Munggawi)",
  "kelurahan" : "Kilungga",
  "kodepos" : "99568"
}, {
  "kecamatan" : "Nunggawi (Munggawi)",
  "kelurahan" : "Kipino",
  "kodepos" : "99568"
}, {
  "kecamatan" : "Nabunage",
  "kelurahan" : "Kimilo",
  "kodepos" : "99568"
}, {
  "kecamatan" : "Kanggime (Kanggima )",
  "kelurahan" : "Kerena",
  "kodepos" : "99568"
}, {
  "kecamatan" : "Nunggawi (Munggawi)",
  "kelurahan" : "Kanggineri",
  "kodepos" : "99568"
}, {
  "kecamatan" : "Kanggime (Kanggima )",
  "kelurahan" : "Kanggime",
  "kodepos" : "99568"
}, {
  "kecamatan" : "Kanggime (Kanggima )",
  "kelurahan" : "Kagimaluk",
  "kodepos" : "99568"
}, {
  "kecamatan" : "Nunggawi (Munggawi)",
  "kelurahan" : "Kabomangen (Kubumangen)",
  "kodepos" : "99568"
}, {
  "kecamatan" : "Wakuwo",
  "kelurahan" : "Gulak",
  "kodepos" : "99568"
}, {
  "kecamatan" : "Wakuwo",
  "kelurahan" : "Gunalo",
  "kodepos" : "99568"
}, {
  "kecamatan" : "Nabunage",
  "kelurahan" : "Jekito",
  "kodepos" : "99568"
}, {
  "kecamatan" : "Wakuwo",
  "kelurahan" : "Golena",
  "kodepos" : "99568"
}, {
  "kecamatan" : "Nunggawi (Munggawi)",
  "kelurahan" : "Gilo",
  "kodepos" : "99568"
}, {
  "kecamatan" : "Nabunage",
  "kelurahan" : "Geningga",
  "kodepos" : "99568"
}, {
  "kecamatan" : "Bogonuk",
  "kelurahan" : "Ewan",
  "kodepos" : "99568"
}, {
  "kecamatan" : "Gilubandu (Gilumbandu/Gilimbandu)",
  "kelurahan" : "Egoni",
  "kodepos" : "99568"
}, {
  "kecamatan" : "Kanggime (Kanggima )",
  "kelurahan" : "Dundu",
  "kodepos" : "99568"
}, {
  "kecamatan" : "Nunggawi (Munggawi)",
  "kelurahan" : "Delelak",
  "kodepos" : "99568"
}, {
  "kecamatan" : "Nunggawi (Munggawi)",
  "kelurahan" : "Derek",
  "kodepos" : "99568"
}, {
  "kecamatan" : "Wonoki (Woniki)",
  "kelurahan" : "Bugum",
  "kodepos" : "99568"
}, {
  "kecamatan" : "Nunggawi (Munggawi)",
  "kelurahan" : "Berenggo (Berengga)",
  "kodepos" : "99568"
}, {
  "kecamatan" : "Bogonuk",
  "kelurahan" : "Bogonuk",
  "kodepos" : "99568"
}, {
  "kecamatan" : "Nunggawi (Munggawi)",
  "kelurahan" : "Belep",
  "kodepos" : "99568"
}, {
  "kecamatan" : "Gilubandu (Gilumbandu/Gilimbandu)",
  "kelurahan" : "Baguni",
  "kodepos" : "99568"
}, {
  "kecamatan" : "Kanggime (Kanggima )",
  "kelurahan" : "Aulani",
  "kodepos" : "99568"
}, {
  "kecamatan" : "Bogonuk",
  "kelurahan" : "Aliduda",
  "kodepos" : "99568"
}, {
  "kecamatan" : "Bogonuk",
  "kelurahan" : "Andomak",
  "kodepos" : "99568"
}, {
  "kecamatan" : "Aweku",
  "kelurahan" : "Agin",
  "kodepos" : "99568"
}, {
  "kecamatan" : "Yuneri",
  "kelurahan" : "Yuneri",
  "kodepos" : "99562"
}, {
  "kecamatan" : "Numba",
  "kelurahan" : "Yugumena",
  "kodepos" : "99562"
}, {
  "kecamatan" : "Biuk",
  "kelurahan" : "Yugu Mabur",
  "kodepos" : "99562"
}, {
  "kecamatan" : "Yuneri",
  "kelurahan" : "Yudimba",
  "kodepos" : "99562"
}, {
  "kecamatan" : "Numba",
  "kelurahan" : "Yiragame",
  "kodepos" : "99562"
}, {
  "kecamatan" : "Biuk",
  "kelurahan" : "Yiyogobak/Kibur",
  "kodepos" : "99562"
}, {
  "kecamatan" : "Biuk",
  "kelurahan" : "Yiluk/Kondenggun",
  "kodepos" : "99562"
}, {
  "kecamatan" : "Nelawi",
  "kelurahan" : "Yilogonime/Tabinabo",
  "kodepos" : "99562"
}, {
  "kecamatan" : "Goyage",
  "kelurahan" : "Yemarima (Yemarma)",
  "kodepos" : "99562"
}, {
  "kecamatan" : "Kondaga (Konda)",
  "kelurahan" : "Yawineri",
  "kodepos" : "99562"
}, {
  "kecamatan" : "Yuneri",
  "kelurahan" : "Yido",
  "kodepos" : "99562"
}, {
  "kecamatan" : "Anawi",
  "kelurahan" : "Yalipura",
  "kodepos" : "99562"
}, {
  "kecamatan" : "Anawi",
  "kelurahan" : "Yalokobak",
  "kodepos" : "99562"
}, {
  "kecamatan" : "Numba",
  "kelurahan" : "Yalogo",
  "kodepos" : "99562"
}, {
  "kecamatan" : "Karubaga",
  "kelurahan" : "Yalikaluk",
  "kodepos" : "99562"
}, {
  "kecamatan" : "Wugi",
  "kelurahan" : "Wuronggi",
  "kodepos" : "99562"
}, {
  "kecamatan" : "Wunin (Wumin)",
  "kelurahan" : "Wurineri",
  "kodepos" : "99562"
}, {
  "kecamatan" : "Geya",
  "kelurahan" : "Wunggilipur",
  "kodepos" : "99562"
}, {
  "kecamatan" : "Wugi",
  "kelurahan" : "Wugi",
  "kodepos" : "99562"
}, {
  "kecamatan" : "Wenam",
  "kelurahan" : "Wunggi",
  "kodepos" : "99562"
}, {
  "kecamatan" : "Yuneri",
  "kelurahan" : "Wonabunggame",
  "kodepos" : "99562"
}, {
  "kecamatan" : "Yuneri",
  "kelurahan" : "Wonabunggame",
  "kodepos" : "99562"
}, {
  "kecamatan" : "Kai",
  "kelurahan" : "Wolu",
  "kodepos" : "99562"
}, {
  "kecamatan" : "Wunin (Wumin)",
  "kelurahan" : "Wona",
  "kodepos" : "99562"
}, {
  "kecamatan" : "Biuk",
  "kelurahan" : "Wonabu",
  "kodepos" : "99562"
}, {
  "kecamatan" : "Kai",
  "kelurahan" : "Wiyangger",
  "kodepos" : "99562"
}, {
  "kecamatan" : "Goyage",
  "kelurahan" : "Woji",
  "kodepos" : "99562"
}, {
  "kecamatan" : "Li Anogomma",
  "kelurahan" : "Wiyaluk",
  "kodepos" : "99562"
}, {
  "kecamatan" : "Geya",
  "kelurahan" : "Witipur",
  "kodepos" : "99562"
}, {
  "kecamatan" : "Goyage",
  "kelurahan" : "Wijamurik",
  "kodepos" : "99562"
}, {
  "kecamatan" : "Geya",
  "kelurahan" : "Winalo",
  "kodepos" : "99562"
}, {
  "kecamatan" : "Airgaram",
  "kelurahan" : "Weu",
  "kodepos" : "99562"
}, {
  "kecamatan" : "Geya",
  "kelurahan" : "Weyambi",
  "kodepos" : "99562"
}, {
  "kecamatan" : "Airgaram",
  "kelurahan" : "Wenduri",
  "kodepos" : "99562"
}, {
  "kecamatan" : "Yuneri",
  "kelurahan" : "Wenome",
  "kodepos" : "99562"
}, {
  "kecamatan" : "Kuari",
  "kelurahan" : "Wanggugup",
  "kodepos" : "99562"
}, {
  "kecamatan" : "Yuneri",
  "kelurahan" : "Umar",
  "kodepos" : "99562"
}, {
  "kecamatan" : "Nelawi",
  "kelurahan" : "Wabuna",
  "kodepos" : "99562"
}, {
  "kecamatan" : "Kuari",
  "kelurahan" : "Umaga",
  "kodepos" : "99562"
}, {
  "kecamatan" : "Kai",
  "kelurahan" : "Tunggunale",
  "kodepos" : "99562"
}, {
  "kecamatan" : "Biuk",
  "kelurahan" : "Tomagi/Gubagi",
  "kodepos" : "99562"
}, {
  "kecamatan" : "Biuk",
  "kelurahan" : "Tomagipura",
  "kodepos" : "99562"
}, {
  "kecamatan" : "Goyage",
  "kelurahan" : "Tiri",
  "kodepos" : "99562"
}, {
  "kecamatan" : "Kubu",
  "kelurahan" : "Tiyenggupur",
  "kodepos" : "99562"
}, {
  "kecamatan" : "Airgaram",
  "kelurahan" : "Tinger",
  "kodepos" : "99562"
}, {
  "kecamatan" : "Li Anogomma",
  "kelurahan" : "Tingwi",
  "kodepos" : "99562"
}, {
  "kecamatan" : "Numba",
  "kelurahan" : "Tingwineri",
  "kodepos" : "99562"
}, {
  "kecamatan" : "Geya",
  "kelurahan" : "Tinagoga",
  "kodepos" : "99562"
}, {
  "kecamatan" : "Kondaga (Konda)",
  "kelurahan" : "Tingapura",
  "kodepos" : "99562"
}, {
  "kecamatan" : "Wenam",
  "kelurahan" : "Tina",
  "kodepos" : "99562"
}, {
  "kecamatan" : "Geya",
  "kelurahan" : "Timori",
  "kodepos" : "99562"
}, {
  "kecamatan" : "Kai",
  "kelurahan" : "Tina",
  "kodepos" : "99562"
}, {
  "kecamatan" : "Wugi",
  "kelurahan" : "Timoneri",
  "kodepos" : "99562"
}, {
  "kecamatan" : "Nelawi",
  "kelurahan" : "Timojimo",
  "kodepos" : "99562"
}, {
  "kecamatan" : "Goyage",
  "kelurahan" : "Tidur Mabuk",
  "kodepos" : "99562"
}, {
  "kecamatan" : "Goyage",
  "kelurahan" : "Tigir",
  "kodepos" : "99562"
}, {
  "kecamatan" : "Wenam",
  "kelurahan" : "Telelomi",
  "kodepos" : "99562"
}, {
  "kecamatan" : "Yuneri",
  "kelurahan" : "Tenabaga",
  "kodepos" : "99562"
}, {
  "kecamatan" : "Kuari",
  "kelurahan" : "Tebenalo",
  "kodepos" : "99562"
}, {
  "kecamatan" : "Nelawi",
  "kelurahan" : "Tabowanimbo",
  "kodepos" : "99562"
}, {
  "kecamatan" : "Goyage",
  "kelurahan" : "Tagikun (Tigikum)",
  "kodepos" : "99562"
}, {
  "kecamatan" : "Airgaram",
  "kelurahan" : "Tabo Wanimbo",
  "kodepos" : "99562"
}, {
  "kecamatan" : "Kondaga (Konda)",
  "kelurahan" : "Silabulo",
  "kodepos" : "99562"
}, {
  "kecamatan" : "Biuk",
  "kelurahan" : "Purugi",
  "kodepos" : "99562"
}, {
  "kecamatan" : "Karubaga",
  "kelurahan" : "Pulanggun",
  "kodepos" : "99562"
}, {
  "kecamatan" : "Wunin (Wumin)",
  "kelurahan" : "Pokegi",
  "kodepos" : "99562"
}, {
  "kecamatan" : "Kai",
  "kelurahan" : "Piraleme",
  "kodepos" : "99562"
}, {
  "kecamatan" : "Wugi",
  "kelurahan" : "Pindelo",
  "kodepos" : "99562"
}, {
  "kecamatan" : "Wunin (Wumin)",
  "kelurahan" : "Pindak",
  "kodepos" : "99562"
}, {
  "kecamatan" : "Goyage",
  "kelurahan" : "Peko (Peku)",
  "kodepos" : "99562"
}, {
  "kecamatan" : "Nelawi",
  "kelurahan" : "Palagi",
  "kodepos" : "99562"
}, {
  "kecamatan" : "Airgaram",
  "kelurahan" : "Onggokme",
  "kodepos" : "99562"
}, {
  "kecamatan" : "Yuneri",
  "kelurahan" : "Omibur",
  "kodepos" : "99562"
}, {
  "kecamatan" : "Kubu",
  "kelurahan" : "Numbugawe",
  "kodepos" : "99562"
}, {
  "kecamatan" : "Wunin (Wumin)",
  "kelurahan" : "Numbuboton",
  "kodepos" : "99562"
}, {
  "kecamatan" : "Numba",
  "kelurahan" : "Numba",
  "kodepos" : "99562"
}, {
  "kecamatan" : "Nelawi",
  "kelurahan" : "Nelawi",
  "kodepos" : "99562"
}, {
  "kecamatan" : "Geya",
  "kelurahan" : "Nawu",
  "kodepos" : "99562"
}, {
  "kecamatan" : "Karubaga",
  "kelurahan" : "Nalorini",
  "kodepos" : "99562"
}, {
  "kecamatan" : "Karubaga",
  "kelurahan" : "Muara",
  "kodepos" : "99562"
}, {
  "kecamatan" : "Kubu",
  "kelurahan" : "Murik",
  "kodepos" : "99562"
}, {
  "kecamatan" : "Yuneri",
  "kelurahan" : "Mopi",
  "kodepos" : "99562"
}, {
  "kecamatan" : "Kondaga (Konda)",
  "kelurahan" : "Mowilome",
  "kodepos" : "99562"
}, {
  "kecamatan" : "Nelawi",
  "kelurahan" : "Mondagul",
  "kodepos" : "99562"
}, {
  "kecamatan" : "Karubaga",
  "kelurahan" : "Molera",
  "kodepos" : "99562"
}, {
  "kecamatan" : "Nelawi",
  "kelurahan" : "Minagame",
  "kodepos" : "99562"
}, {
  "kecamatan" : "Kubu",
  "kelurahan" : "Minagi",
  "kodepos" : "99562"
}, {
  "kecamatan" : "Wenam",
  "kelurahan" : "Mili",
  "kodepos" : "99562"
}, {
  "kecamatan" : "Wenam",
  "kelurahan" : "Milineri",
  "kodepos" : "99562"
}, {
  "kecamatan" : "Kuari",
  "kelurahan" : "Menggenagame",
  "kodepos" : "99562"
}, {
  "kecamatan" : "Kubu",
  "kelurahan" : "Menggenagi",
  "kodepos" : "99562"
}, {
  "kecamatan" : "Nelawi",
  "kelurahan" : "Megapura",
  "kodepos" : "99562"
}, {
  "kecamatan" : "Kuari",
  "kelurahan" : "Menggeba",
  "kodepos" : "99562"
}, {
  "kecamatan" : "Kuari",
  "kelurahan" : "Markar",
  "kodepos" : "99562"
}, {
  "kecamatan" : "Biuk",
  "kelurahan" : "Mbinime/Jinulira",
  "kodepos" : "99562"
}, {
  "kecamatan" : "Kondaga (Konda)",
  "kelurahan" : "Mandura",
  "kodepos" : "99562"
}, {
  "kecamatan" : "Goyage",
  "kelurahan" : "Mampulaga (Nampulaga)",
  "kodepos" : "99562"
}, {
  "kecamatan" : "Li Anogomma",
  "kelurahan" : "Lubuk",
  "kodepos" : "99562"
}, {
  "kecamatan" : "Karubaga",
  "kelurahan" : "Luwik",
  "kodepos" : "99562"
}, {
  "kecamatan" : "Kuari",
  "kelurahan" : "Luanggi",
  "kodepos" : "99562"
}, {
  "kecamatan" : "Karubaga",
  "kelurahan" : "Losmen",
  "kodepos" : "99562"
}, {
  "kecamatan" : "Wugi",
  "kelurahan" : "Loma",
  "kodepos" : "99562"
}, {
  "kecamatan" : "Li Anogomma",
  "kelurahan" : "Longgoboma",
  "kodepos" : "99562"
}, {
  "kecamatan" : "Anawi",
  "kelurahan" : "Loguk",
  "kodepos" : "99562"
}, {
  "kecamatan" : "Airgaram",
  "kelurahan" : "Liwese",
  "kodepos" : "99562"
}, {
  "kecamatan" : "Karubaga",
  "kelurahan" : "Lirak",
  "kodepos" : "99562"
}, {
  "kecamatan" : "Airgaram",
  "kelurahan" : "Lenggup",
  "kodepos" : "99562"
}, {
  "kecamatan" : "Li Anogomma",
  "kelurahan" : "Leragawi/Megagirakuk",
  "kodepos" : "99562"
}, {
  "kecamatan" : "Anawi",
  "kelurahan" : "Linggira",
  "kodepos" : "99562"
}, {
  "kecamatan" : "Wugi",
  "kelurahan" : "Lena",
  "kodepos" : "99562"
}, {
  "kecamatan" : "Kuari",
  "kelurahan" : "Kurik",
  "kodepos" : "99562"
}, {
  "kecamatan" : "Kai",
  "kelurahan" : "Kurbaya",
  "kodepos" : "99562"
}, {
  "kecamatan" : "Karubaga",
  "kelurahan" : "Kuragepura",
  "kodepos" : "99562"
}, {
  "kecamatan" : "Goyage",
  "kelurahan" : "Kumbur (Kumbu)",
  "kodepos" : "99562"
}, {
  "kecamatan" : "Numba",
  "kelurahan" : "Kuma",
  "kodepos" : "99562"
}, {
  "kecamatan" : "Airgaram",
  "kelurahan" : "Kubur",
  "kodepos" : "99562"
}, {
  "kecamatan" : "Karubaga",
  "kelurahan" : "Kuloname",
  "kodepos" : "99562"
}, {
  "kecamatan" : "Kubu",
  "kelurahan" : "Kubu",
  "kodepos" : "99562"
}, {
  "kecamatan" : "Kubu",
  "kelurahan" : "Kubugiwa",
  "kodepos" : "99562"
}, {
  "kecamatan" : "Kuari",
  "kelurahan" : "Kuari",
  "kodepos" : "99562"
}, {
  "kecamatan" : "Wugi",
  "kelurahan" : "Kuagembur",
  "kodepos" : "99562"
}, {
  "kecamatan" : "Wenam",
  "kelurahan" : "Kopenawai",
  "kodepos" : "99562"
}, {
  "kecamatan" : "Anawi",
  "kelurahan" : "Kotori",
  "kodepos" : "99562"
}, {
  "kecamatan" : "Kai",
  "kelurahan" : "Kotorambur",
  "kodepos" : "99562"
}, {
  "kecamatan" : "Kuari",
  "kelurahan" : "Kondegun",
  "kodepos" : "99562"
}, {
  "kecamatan" : "Kondaga (Konda)",
  "kelurahan" : "Konda",
  "kodepos" : "99562"
}, {
  "kecamatan" : "Karubaga",
  "kelurahan" : "Kolilan",
  "kodepos" : "99562"
}, {
  "kecamatan" : "Wugi",
  "kelurahan" : "Koli",
  "kodepos" : "99562"
}, {
  "kecamatan" : "Karubaga",
  "kelurahan" : "Kiranage",
  "kodepos" : "99562"
}, {
  "kecamatan" : "Karubaga",
  "kelurahan" : "Kogimagi",
  "kodepos" : "99562"
}, {
  "kecamatan" : "Li Anogomma",
  "kelurahan" : "Kogoyapura",
  "kodepos" : "99562"
}, {
  "kecamatan" : "Kuari",
  "kelurahan" : "Kibur",
  "kodepos" : "99562"
}, {
  "kecamatan" : "Karubaga",
  "kelurahan" : "Kimobur",
  "kodepos" : "99562"
}, {
  "kecamatan" : "Geya",
  "kelurahan" : "Kibu",
  "kodepos" : "99562"
}, {
  "kecamatan" : "Numba",
  "kelurahan" : "Keragigelok",
  "kodepos" : "99562"
}, {
  "kecamatan" : "Wunin (Wumin)",
  "kelurahan" : "Keribaga",
  "kodepos" : "99562"
}, {
  "kecamatan" : "Kuari",
  "kelurahan" : "Kenen",
  "kodepos" : "99562"
}, {
  "kecamatan" : "Nelawi",
  "kelurahan" : "Kendemaya",
  "kodepos" : "99562"
}, {
  "kecamatan" : "Karubaga",
  "kelurahan" : "Karubaga",
  "kodepos" : "99562"
}, {
  "kecamatan" : "Yuneri",
  "kelurahan" : "Kanggilo",
  "kodepos" : "99562"
}, {
  "kecamatan" : "Kubu",
  "kelurahan" : "Kalewi",
  "kodepos" : "99562"
}, {
  "kecamatan" : "Kai",
  "kelurahan" : "Kaiga",
  "kodepos" : "99562"
}, {
  "kecamatan" : "Numba",
  "kelurahan" : "Jinuwanu",
  "kodepos" : "99562"
}, {
  "kecamatan" : "Kuari",
  "kelurahan" : "Jinulira",
  "kodepos" : "99562"
}, {
  "kecamatan" : "Geya",
  "kelurahan" : "Jelepele",
  "kodepos" : "99562"
}, {
  "kecamatan" : "Anawi",
  "kelurahan" : "Imurik",
  "kodepos" : "99562"
}, {
  "kecamatan" : "Wenam",
  "kelurahan" : "Igari",
  "kodepos" : "99562"
}, {
  "kecamatan" : "Karubaga",
  "kelurahan" : "Gurikme",
  "kodepos" : "99562"
}, {
  "kecamatan" : "Karubaga",
  "kelurahan" : "Gurikagewa",
  "kodepos" : "99562"
}, {
  "kecamatan" : "Numba",
  "kelurahan" : "Guniki",
  "kodepos" : "99562"
}, {
  "kecamatan" : "Biuk",
  "kelurahan" : "Guburini",
  "kodepos" : "99562"
}, {
  "kecamatan" : "Li Anogomma",
  "kelurahan" : "Gubura",
  "kodepos" : "99562"
}, {
  "kecamatan" : "Kuari",
  "kelurahan" : "Gubagi",
  "kodepos" : "99562"
}, {
  "kecamatan" : "Goyage",
  "kelurahan" : "Goyage",
  "kodepos" : "99562"
}, {
  "kecamatan" : "Wugi",
  "kelurahan" : "Gitar",
  "kodepos" : "99562"
}, {
  "kecamatan" : "Karubaga",
  "kelurahan" : "Gininggadonak",
  "kodepos" : "99562"
}, {
  "kecamatan" : "Anawi",
  "kelurahan" : "Gineri",
  "kodepos" : "99562"
}, {
  "kecamatan" : "Kondaga (Konda)",
  "kelurahan" : "Gimo",
  "kodepos" : "99562"
}, {
  "kecamatan" : "Wunin (Wumin)",
  "kelurahan" : "Gilopaga",
  "kodepos" : "99562"
}, {
  "kecamatan" : "Goyage",
  "kelurahan" : "Gilok",
  "kodepos" : "99562"
}, {
  "kecamatan" : "Wugi",
  "kelurahan" : "Gilime",
  "kodepos" : "99562"
}, {
  "kecamatan" : "Geya",
  "kelurahan" : "Geya",
  "kodepos" : "99562"
}, {
  "kecamatan" : "Wenam",
  "kelurahan" : "Geyaneri",
  "kodepos" : "99562"
}, {
  "kecamatan" : "Yuneri",
  "kelurahan" : "Gembileme",
  "kodepos" : "99562"
}, {
  "kecamatan" : "Kondaga (Konda)",
  "kelurahan" : "Ganage",
  "kodepos" : "99562"
}, {
  "kecamatan" : "Biuk",
  "kelurahan" : "Galubup",
  "kodepos" : "99562"
}, {
  "kecamatan" : "Karubaga",
  "kelurahan" : "Elsadai",
  "kodepos" : "99562"
}, {
  "kecamatan" : "Wunin (Wumin)",
  "kelurahan" : "Enanagi",
  "kodepos" : "99562"
}, {
  "kecamatan" : "Li Anogomma",
  "kelurahan" : "Erimbur",
  "kodepos" : "99562"
}, {
  "kecamatan" : "Goyage",
  "kelurahan" : "Dugi",
  "kodepos" : "99562"
}, {
  "kecamatan" : "Karubaga",
  "kelurahan" : "Ebenhaiser",
  "kodepos" : "99562"
}, {
  "kecamatan" : "Geya",
  "kelurahan" : "Dimbara",
  "kodepos" : "99562"
}, {
  "kecamatan" : "Goyage",
  "kelurahan" : "Doge",
  "kodepos" : "99562"
}, {
  "kecamatan" : "Goyage",
  "kelurahan" : "Didelonik",
  "kodepos" : "99562"
}, {
  "kecamatan" : "Karubaga",
  "kelurahan" : "Danggulurik",
  "kodepos" : "99562"
}, {
  "kecamatan" : "Wugi",
  "kelurahan" : "Buangludah",
  "kodepos" : "99562"
}, {
  "kecamatan" : "Goyage",
  "kelurahan" : "Bopa (Bobe)",
  "kodepos" : "99562"
}, {
  "kecamatan" : "Li Anogomma",
  "kelurahan" : "Bogome",
  "kodepos" : "99562"
}, {
  "kecamatan" : "Biuk",
  "kelurahan" : "Biuk",
  "kodepos" : "99562"
}, {
  "kecamatan" : "Goyage",
  "kelurahan" : "Bini",
  "kodepos" : "99562"
}, {
  "kecamatan" : "Anawi",
  "kelurahan" : "Bieleme",
  "kodepos" : "99562"
}, {
  "kecamatan" : "Karubaga",
  "kelurahan" : "Beleme",
  "kodepos" : "99562"
}, {
  "kecamatan" : "Goyage",
  "kelurahan" : "Benari",
  "kodepos" : "99562"
}, {
  "kecamatan" : "Nelawi",
  "kelurahan" : "Barename/Luanggi",
  "kodepos" : "99562"
}, {
  "kecamatan" : "Kai",
  "kelurahan" : "Bawi",
  "kodepos" : "99562"
}, {
  "kecamatan" : "Wenam",
  "kelurahan" : "Banggeri",
  "kodepos" : "99562"
}, {
  "kecamatan" : "Numba",
  "kelurahan" : "Baliminggi",
  "kodepos" : "99562"
}, {
  "kecamatan" : "Kuari",
  "kelurahan" : "Baliminggi",
  "kodepos" : "99562"
}, {
  "kecamatan" : "Wenam",
  "kelurahan" : "Baganagapur",
  "kodepos" : "99562"
}, {
  "kecamatan" : "Kondaga (Konda)",
  "kelurahan" : "Arulo",
  "kodepos" : "99562"
}, {
  "kecamatan" : "Kondaga (Konda)",
  "kelurahan" : "Arumagi",
  "kodepos" : "99562"
}, {
  "kecamatan" : "Kubu",
  "kelurahan" : "Aruku",
  "kodepos" : "99562"
}, {
  "kecamatan" : "Wunin (Wumin)",
  "kelurahan" : "Arombok",
  "kodepos" : "99562"
}, {
  "kecamatan" : "Kondaga (Konda)",
  "kelurahan" : "Arikoba",
  "kodepos" : "99562"
}, {
  "kecamatan" : "Anawi",
  "kelurahan" : "Aridunda",
  "kodepos" : "99562"
}, {
  "kecamatan" : "Goyage",
  "kelurahan" : "Angkasa",
  "kodepos" : "99562"
}, {
  "kecamatan" : "Anawi",
  "kelurahan" : "Anawi",
  "kodepos" : "99562"
}, {
  "kecamatan" : "Karubaga",
  "kelurahan" : "Ampera",
  "kodepos" : "99562"
}, {
  "kecamatan" : "Kuari",
  "kelurahan" : "Alopur",
  "kodepos" : "99562"
}, {
  "kecamatan" : "Geya",
  "kelurahan" : "Alobaga",
  "kodepos" : "99562"
}, {
  "kecamatan" : "Kai",
  "kelurahan" : "Again",
  "kodepos" : "99562"
}, {
  "kecamatan" : "Li Anogomma",
  "kelurahan" : "Aburage",
  "kodepos" : "99562"
}, {
  "kecamatan" : "Kuari",
  "kelurahan" : "Abepur",
  "kodepos" : "99562"
}, {
  "kecamatan" : "Bewani",
  "kelurahan" : "Yibalo",
  "kodepos" : "99561"
}, {
  "kecamatan" : "Bewani",
  "kelurahan" : "Yinama",
  "kodepos" : "99561"
}, {
  "kecamatan" : "Tagineri",
  "kelurahan" : "Yimabnime",
  "kodepos" : "99561"
}, {
  "kecamatan" : "Bewani",
  "kelurahan" : "Windik",
  "kodepos" : "99561"
}, {
  "kecamatan" : "Bewani",
  "kelurahan" : "Wulurik",
  "kodepos" : "99561"
}, {
  "kecamatan" : "Bokoneri",
  "kelurahan" : "Wonaga",
  "kodepos" : "99561"
}, {
  "kecamatan" : "Bokoneri",
  "kelurahan" : "Waringga",
  "kodepos" : "99561"
}, {
  "kecamatan" : "Bokoneri",
  "kelurahan" : "Weri",
  "kodepos" : "99561"
}, {
  "kecamatan" : "Tagineri",
  "kelurahan" : "Wanuk",
  "kodepos" : "99561"
}, {
  "kecamatan" : "Bewani",
  "kelurahan" : "Wanggulam",
  "kodepos" : "99561"
}, {
  "kecamatan" : "Danime",
  "kelurahan" : "Wania",
  "kodepos" : "99561"
}, {
  "kecamatan" : "Bewani",
  "kelurahan" : "Wania",
  "kodepos" : "99561"
}, {
  "kecamatan" : "Bokondini",
  "kelurahan" : "Tenggagama",
  "kodepos" : "99561"
}, {
  "kecamatan" : "Bokondini",
  "kelurahan" : "Umaga",
  "kodepos" : "99561"
}, {
  "kecamatan" : "Kamboneri",
  "kelurahan" : "Tari",
  "kodepos" : "99561"
}, {
  "kecamatan" : "Danime",
  "kelurahan" : "Tarawi",
  "kodepos" : "99561"
}, {
  "kecamatan" : "Bokoneri",
  "kelurahan" : "Tanabume",
  "kodepos" : "99561"
}, {
  "kecamatan" : "Tagineri",
  "kelurahan" : "Rumbepaga",
  "kodepos" : "99561"
}, {
  "kecamatan" : "Tagineri",
  "kelurahan" : "Silo",
  "kodepos" : "99561"
}, {
  "kecamatan" : "Tagineri",
  "kelurahan" : "Tagi",
  "kodepos" : "99561"
}, {
  "kecamatan" : "Danime",
  "kelurahan" : "Ripa",
  "kodepos" : "99561"
}, {
  "kecamatan" : "Bokoneri",
  "kelurahan" : "Omuk",
  "kodepos" : "99561"
}, {
  "kecamatan" : "Tagime",
  "kelurahan" : "Peyola",
  "kodepos" : "99561"
}, {
  "kecamatan" : "Danime",
  "kelurahan" : "Niagale",
  "kodepos" : "99561"
}, {
  "kecamatan" : "Bewani",
  "kelurahan" : "Nogobumbu",
  "kodepos" : "99561"
}, {
  "kecamatan" : "Bokoneri",
  "kelurahan" : "Nunggalo",
  "kodepos" : "99561"
}, {
  "kecamatan" : "Bokoneri",
  "kelurahan" : "Munagame",
  "kodepos" : "99561"
}, {
  "kecamatan" : "Bokoneri",
  "kelurahan" : "Nanggurilime",
  "kodepos" : "99561"
}, {
  "kecamatan" : "Tagime",
  "kelurahan" : "Minggen",
  "kodepos" : "99561"
}, {
  "kecamatan" : "Bokondini",
  "kelurahan" : "Mingganggo",
  "kodepos" : "99561"
}, {
  "kecamatan" : "Danime",
  "kelurahan" : "Milipaa",
  "kodepos" : "99561"
}, {
  "kecamatan" : "Danime",
  "kelurahan" : "Mawi",
  "kodepos" : "99561"
}, {
  "kecamatan" : "Kamboneri",
  "kelurahan" : "Marbuna",
  "kodepos" : "99561"
}, {
  "kecamatan" : "Tagime",
  "kelurahan" : "Melaga",
  "kodepos" : "99561"
}, {
  "kecamatan" : "Bokondini",
  "kelurahan" : "Mairini",
  "kodepos" : "99561"
}, {
  "kecamatan" : "Kamboneri",
  "kelurahan" : "Malta",
  "kodepos" : "99561"
}, {
  "kecamatan" : "Bokoneri",
  "kelurahan" : "Lerewere",
  "kodepos" : "99561"
}, {
  "kecamatan" : "Tagineri",
  "kelurahan" : "Logi",
  "kodepos" : "99561"
}, {
  "kecamatan" : "Tagineri",
  "kelurahan" : "Lamaluk",
  "kodepos" : "99561"
}, {
  "kecamatan" : "Bokondini",
  "kelurahan" : "Lambogo",
  "kodepos" : "99561"
}, {
  "kecamatan" : "Bokoneri",
  "kelurahan" : "Kurewunuk",
  "kodepos" : "99561"
}, {
  "kecamatan" : "Bokondini",
  "kelurahan" : "Kologume",
  "kodepos" : "99561"
}, {
  "kecamatan" : "Tagime",
  "kelurahan" : "Kinebe",
  "kodepos" : "99561"
}, {
  "kecamatan" : "Tagime",
  "kelurahan" : "Kogotime",
  "kodepos" : "99561"
}, {
  "kecamatan" : "Kamboneri",
  "kelurahan" : "Kekoli",
  "kodepos" : "99561"
}, {
  "kecamatan" : "Bokoneri",
  "kelurahan" : "Kanere",
  "kodepos" : "99561"
}, {
  "kecamatan" : "Bokoneri",
  "kelurahan" : "Kanewunuk",
  "kodepos" : "99561"
}, {
  "kecamatan" : "Tagime",
  "kelurahan" : "Kandimbaga",
  "kodepos" : "99561"
}, {
  "kecamatan" : "Kamboneri",
  "kelurahan" : "Kamboniki",
  "kodepos" : "99561"
}, {
  "kecamatan" : "Bokondini",
  "kelurahan" : "Jawalane",
  "kodepos" : "99561"
}, {
  "kecamatan" : "Kamboneri",
  "kelurahan" : "Habag",
  "kodepos" : "99561"
}, {
  "kecamatan" : "Kamboneri",
  "kelurahan" : "Kaloniki",
  "kodepos" : "99561"
}, {
  "kecamatan" : "Danime",
  "kelurahan" : "Gunombo",
  "kodepos" : "99561"
}, {
  "kecamatan" : "Tagime",
  "kelurahan" : "Gulak",
  "kodepos" : "99561"
}, {
  "kecamatan" : "Bewani",
  "kelurahan" : "Gelalo",
  "kodepos" : "99561"
}, {
  "kecamatan" : "Tagineri",
  "kelurahan" : "Getiem",
  "kodepos" : "99561"
}, {
  "kecamatan" : "Bewani",
  "kelurahan" : "Gabunggobak",
  "kodepos" : "99561"
}, {
  "kecamatan" : "Bokondini",
  "kelurahan" : "Galala",
  "kodepos" : "99561"
}, {
  "kecamatan" : "Tagime",
  "kelurahan" : "Ekoni",
  "kodepos" : "99561"
}, {
  "kecamatan" : "Tagime",
  "kelurahan" : "Gabunam",
  "kodepos" : "99561"
}, {
  "kecamatan" : "Bokondini",
  "kelurahan" : "Dunduma",
  "kodepos" : "99561"
}, {
  "kecamatan" : "Bokoneri",
  "kelurahan" : "Durima",
  "kodepos" : "99561"
}, {
  "kecamatan" : "Tagineri",
  "kelurahan" : "Dunda",
  "kodepos" : "99561"
}, {
  "kecamatan" : "Bokoneri",
  "kelurahan" : "Donggem",
  "kodepos" : "99561"
}, {
  "kecamatan" : "Bewani",
  "kelurahan" : "Duma",
  "kodepos" : "99561"
}, {
  "kecamatan" : "Danime",
  "kelurahan" : "Bumbu",
  "kodepos" : "99561"
}, {
  "kecamatan" : "Danime",
  "kelurahan" : "Delegari",
  "kodepos" : "99561"
}, {
  "kecamatan" : "Bokoneri",
  "kelurahan" : "Bokoneri",
  "kodepos" : "99561"
}, {
  "kecamatan" : "Bokoneri",
  "kelurahan" : "Bolly",
  "kodepos" : "99561"
}, {
  "kecamatan" : "Tagineri",
  "kelurahan" : "Bini",
  "kodepos" : "99561"
}, {
  "kecamatan" : "Bokondini",
  "kelurahan" : "Bokondini",
  "kodepos" : "99561"
}, {
  "kecamatan" : "Bewani",
  "kelurahan" : "Bitillabur",
  "kodepos" : "99561"
}, {
  "kecamatan" : "Bewani",
  "kelurahan" : "Bilubaga",
  "kodepos" : "99561"
}, {
  "kecamatan" : "Kamboneri",
  "kelurahan" : "Berembanak",
  "kodepos" : "99561"
}, {
  "kecamatan" : "Tagime",
  "kelurahan" : "Belela",
  "kodepos" : "99561"
}, {
  "kecamatan" : "Bewani",
  "kelurahan" : "Arelam",
  "kodepos" : "99561"
}, {
  "kecamatan" : "Bokondini",
  "kelurahan" : "Apiam",
  "kodepos" : "99561"
}, {
  "kecamatan" : "Bokoneri",
  "kelurahan" : "Abimbak",
  "kodepos" : "99561"
}, {
  "kecamatan" : "Danime",
  "kelurahan" : "Ambena",
  "kodepos" : "99561"
}, {
  "kecamatan" : "Bewani",
  "kelurahan" : "Abena",
  "kodepos" : "99561"
} ]
