[ {
  "kecamatan" : "Skamto (Skanto)",
  "kelurahan" : "Wiyantre (Wiantie)",
  "kodepos" : "99469"
}, {
  "kecamatan" : "Skamto (Skanto)",
  "kelurahan" : "Wulukbubun",
  "kodepos" : "99469"
}, {
  "kecamatan" : "Skamto (Skanto)",
  "kelurahan" : "Naramben",
  "kodepos" : "99469"
}, {
  "kecamatan" : "Skamto (Skanto)",
  "kelurahan" : "Skanto (Skamto)",
  "kodepos" : "99469"
}, {
  "kecamatan" : "Skamto (Skanto)",
  "kelurahan" : "Traimelyan (Traimilyan)",
  "kodepos" : "99469"
}, {
  "kecamatan" : "Skamto (Skanto)",
  "kelurahan" : "Intaimelyan (Intaimilyan)",
  "kodepos" : "99469"
}, {
  "kecamatan" : "Skamto (Skanto)",
  "kelurahan" : "Jaifuri",
  "kodepos" : "99469"
}, {
  "kecamatan" : "Skamto (Skanto)",
  "kelurahan" : "Arsopura",
  "kodepos" : "99469"
}, {
  "kecamatan" : "Arso Timur",
  "kelurahan" : "Yetty",
  "kodepos" : "99468"
}, {
  "kecamatan" : "Arso",
  "kelurahan" : "Yuwanaim (Arso 2)",
  "kodepos" : "99468"
}, {
  "kecamatan" : "Arso",
  "kelurahan" : "Yamta (PIR 2)",
  "kodepos" : "99468"
}, {
  "kecamatan" : "Arso",
  "kelurahan" : "Yanama (PIR 1)",
  "kodepos" : "99468"
}, {
  "kecamatan" : "Arso",
  "kelurahan" : "Yaturaharja (Arso 10)",
  "kodepos" : "99468"
}, {
  "kecamatan" : "Arso",
  "kelurahan" : "Yammua (Yamua/Arso 6)",
  "kodepos" : "99468"
}, {
  "kecamatan" : "Arso Timur",
  "kelurahan" : "Yamara (PIR 5)",
  "kodepos" : "99468"
}, {
  "kecamatan" : "Arso",
  "kelurahan" : "Workwana",
  "kodepos" : "99468"
}, {
  "kecamatan" : "Arso Timur",
  "kelurahan" : "Wembi Dalam",
  "kodepos" : "99468"
}, {
  "kecamatan" : "Arso Timur",
  "kelurahan" : "Wonorejo (PIR 4)",
  "kodepos" : "99468"
}, {
  "kecamatan" : "Arso Timur",
  "kelurahan" : "Wambes Luar",
  "kodepos" : "99468"
}, {
  "kecamatan" : "Arso",
  "kelurahan" : "Warbo (Arso 7)",
  "kodepos" : "99468"
}, {
  "kecamatan" : "Arso Timur",
  "kelurahan" : "Skofro",
  "kodepos" : "99468"
}, {
  "kecamatan" : "Arso Timur",
  "kelurahan" : "Suskun (Wambes Dalam)",
  "kodepos" : "99468"
}, {
  "kecamatan" : "Arso",
  "kelurahan" : "Ubiyau",
  "kodepos" : "99468"
}, {
  "kecamatan" : "Arso Timur",
  "kelurahan" : "Sangke",
  "kodepos" : "99468"
}, {
  "kecamatan" : "Arso",
  "kelurahan" : "Sawiatami (Sawyatami)",
  "kodepos" : "99468"
}, {
  "kecamatan" : "Arso Timur",
  "kelurahan" : "Pyawi (Wembi Luar)",
  "kodepos" : "99468"
}, {
  "kecamatan" : "Arso",
  "kelurahan" : "Nawa (Sawanawa)",
  "kodepos" : "99468"
}, {
  "kecamatan" : "Arso",
  "kelurahan" : "Sanggaria (Arso 1)",
  "kodepos" : "99468"
}, {
  "kecamatan" : "Arso Timur",
  "kelurahan" : "Kriku",
  "kodepos" : "99468"
}, {
  "kecamatan" : "Arso",
  "kelurahan" : "Kwimi (Kwime)",
  "kodepos" : "99468"
}, {
  "kecamatan" : "Arso Timur",
  "kelurahan" : "Kibay",
  "kodepos" : "99468"
}, {
  "kecamatan" : "Arso",
  "kelurahan" : "Dukwia (Arso 8)",
  "kodepos" : "99468"
}, {
  "kecamatan" : "Arso",
  "kelurahan" : "Ifia-fia (Arso 11)",
  "kodepos" : "99468"
}, {
  "kecamatan" : "Arso",
  "kelurahan" : "Arso Swakarsa (Asiaman)",
  "kodepos" : "99468"
}, {
  "kecamatan" : "Arso",
  "kelurahan" : "Bagia (PIR 3)",
  "kodepos" : "99468"
}, {
  "kecamatan" : "Waris",
  "kelurahan" : "Yuwainda",
  "kodepos" : "99467"
}, {
  "kecamatan" : "Arso",
  "kelurahan" : "Arso Kota",
  "kodepos" : "99468"
}, {
  "kecamatan" : "Waris",
  "kelurahan" : "Kalimo",
  "kodepos" : "99467"
}, {
  "kecamatan" : "Waris",
  "kelurahan" : "Pund",
  "kodepos" : "99467"
}, {
  "kecamatan" : "Waris",
  "kelurahan" : "Banda",
  "kodepos" : "99467"
}, {
  "kecamatan" : "Waris",
  "kelurahan" : "Kalifam",
  "kodepos" : "99467"
}, {
  "kecamatan" : "Waris",
  "kelurahan" : "Ampas",
  "kodepos" : "99467"
}, {
  "kecamatan" : "Web",
  "kelurahan" : "Yuruf",
  "kodepos" : "99466"
}, {
  "kecamatan" : "Web",
  "kelurahan" : "Umuaf",
  "kodepos" : "99466"
}, {
  "kecamatan" : "Towe",
  "kelurahan" : "Towe Hitam",
  "kodepos" : "99466"
}, {
  "kecamatan" : "Towe",
  "kelurahan" : "Towe Atas",
  "kodepos" : "99466"
}, {
  "kecamatan" : "Towe",
  "kelurahan" : "Terfones / Terpones",
  "kodepos" : "99466"
}, {
  "kecamatan" : "Towe",
  "kelurahan" : "Tefanma",
  "kodepos" : "99466"
}, {
  "kecamatan" : "Web",
  "kelurahan" : "Semografi",
  "kodepos" : "99466"
}, {
  "kecamatan" : "Towe",
  "kelurahan" : "Milky (Milki)",
  "kodepos" : "99466"
}, {
  "kecamatan" : "Web",
  "kelurahan" : "Embi",
  "kodepos" : "99466"
}, {
  "kecamatan" : "Towe",
  "kelurahan" : "Lules",
  "kodepos" : "99466"
}, {
  "kecamatan" : "Web",
  "kelurahan" : "Dubu",
  "kodepos" : "99466"
}, {
  "kecamatan" : "Towe",
  "kelurahan" : "Bias",
  "kodepos" : "99466"
}, {
  "kecamatan" : "Web",
  "kelurahan" : "Amgotro",
  "kodepos" : "99466"
}, {
  "kecamatan" : "Senggi",
  "kelurahan" : "Woslay",
  "kodepos" : "99465"
}, {
  "kecamatan" : "Senggi",
  "kelurahan" : "Yabanda (Jabanda)",
  "kodepos" : "99465"
}, {
  "kecamatan" : "Senggi",
  "kelurahan" : "Warlef",
  "kodepos" : "99465"
}, {
  "kecamatan" : "Senggi",
  "kelurahan" : "Usku",
  "kodepos" : "99465"
}, {
  "kecamatan" : "Senggi",
  "kelurahan" : "Senggi",
  "kodepos" : "99465"
}, {
  "kecamatan" : "Senggi",
  "kelurahan" : "Molof",
  "kodepos" : "99465"
} ]
