[ {
  "kecamatan" : "Mamberamo Hulu/Ulu",
  "kelurahan" : "Tayali",
  "kodepos" : "99377"
}, {
  "kecamatan" : "Mamberamo Hulu/Ulu",
  "kelurahan" : "Tayai",
  "kodepos" : "99377"
}, {
  "kecamatan" : "Rofaer (Rufaer)",
  "kelurahan" : "Tayai (Taiyai)",
  "kodepos" : "99377"
}, {
  "kecamatan" : "Mamberamo Hulu/Ulu",
  "kelurahan" : "Taiyeve",
  "kodepos" : "99377"
}, {
  "kecamatan" : "Rofaer (Rufaer)",
  "kelurahan" : "Sikari",
  "kodepos" : "99377"
}, {
  "kecamatan" : "Mamberamo Hulu/Ulu",
  "kelurahan" : "Sikari",
  "kodepos" : "99377"
}, {
  "kecamatan" : "Mamberamo Hulu/Ulu",
  "kelurahan" : "Pepasena II",
  "kodepos" : "99377"
}, {
  "kecamatan" : "Mamberamo Hulu/Ulu",
  "kelurahan" : "Pepasena I",
  "kodepos" : "99377"
}, {
  "kecamatan" : "Mamberamo Hulu/Ulu",
  "kelurahan" : "Kaly",
  "kodepos" : "99377"
}, {
  "kecamatan" : "Rofaer (Rufaer)",
  "kelurahan" : "Kai (Kayi/Kay Seta)",
  "kodepos" : "99377"
}, {
  "kecamatan" : "Rofaer (Rufaer)",
  "kelurahan" : "Haiya (Haya)",
  "kodepos" : "99377"
}, {
  "kecamatan" : "Mamberamo Hulu/Ulu",
  "kelurahan" : "Haiya",
  "kodepos" : "99377"
}, {
  "kecamatan" : "Mamberamo Hulu/Ulu",
  "kelurahan" : "Fuao",
  "kodepos" : "99377"
}, {
  "kecamatan" : "Rofaer (Rufaer)",
  "kelurahan" : "Fona",
  "kodepos" : "99377"
}, {
  "kecamatan" : "Mamberamo Hulu/Ulu",
  "kelurahan" : "Fona",
  "kodepos" : "99377"
}, {
  "kecamatan" : "Mamberamo Hulu/Ulu",
  "kelurahan" : "Fokri",
  "kodepos" : "99377"
}, {
  "kecamatan" : "Mamberamo Hulu/Ulu",
  "kelurahan" : "Fokri",
  "kodepos" : "99377"
}, {
  "kecamatan" : "Mamberamo Hulu/Ulu",
  "kelurahan" : "Faria",
  "kodepos" : "99377"
}, {
  "kecamatan" : "Mamberamo Hulu/Ulu",
  "kelurahan" : "Dou",
  "kodepos" : "99377"
}, {
  "kecamatan" : "Mamberamo Hulu/Ulu",
  "kelurahan" : "Dou",
  "kodepos" : "99377"
}, {
  "kecamatan" : "Mamberamo Hulu/Ulu",
  "kelurahan" : "Dabra",
  "kodepos" : "99377"
}, {
  "kecamatan" : "Rofaer (Rufaer)",
  "kelurahan" : "Bareri",
  "kodepos" : "99377"
}, {
  "kecamatan" : "Mamberamo Tengah Timur",
  "kelurahan" : "Towao (Tuwao)",
  "kodepos" : "99376"
}, {
  "kecamatan" : "Mamberamo Tengah Timur",
  "kelurahan" : "Wakeyadi",
  "kodepos" : "99376"
}, {
  "kecamatan" : "Mamberamo Tengah",
  "kelurahan" : "Saswa Kwesar (Sausaua Kwesar/Sasawakwesar)",
  "kodepos" : "99376"
}, {
  "kecamatan" : "Mamberamo Tengah",
  "kelurahan" : "Towao",
  "kodepos" : "99376"
}, {
  "kecamatan" : "Mamberamo Tengah Timur",
  "kelurahan" : "Obagoi (Obogoi)",
  "kodepos" : "99376"
}, {
  "kecamatan" : "Mamberamo Tengah",
  "kelurahan" : "Namunaweja",
  "kodepos" : "99376"
}, {
  "kecamatan" : "Mamberamo Tengah Timur",
  "kelurahan" : "Noyadi",
  "kodepos" : "99376"
}, {
  "kecamatan" : "Mamberamo Tengah",
  "kelurahan" : "Metaweja",
  "kodepos" : "99376"
}, {
  "kecamatan" : "Mamberamo Tengah",
  "kelurahan" : "Murumare (Muaramarei)",
  "kodepos" : "99376"
}, {
  "kecamatan" : "Mamberamo Tengah",
  "kelurahan" : "Marina Valen (Marine Valen)",
  "kodepos" : "99376"
}, {
  "kecamatan" : "Mamberamo Tengah",
  "kelurahan" : "Marina Valen (Marine Valen)",
  "kodepos" : "99376"
}, {
  "kecamatan" : "Mamberamo Tengah Timur",
  "kelurahan" : "Kustra",
  "kodepos" : "99376"
}, {
  "kecamatan" : "Mamberamo Tengah",
  "kelurahan" : "Kuastra",
  "kodepos" : "99376"
}, {
  "kecamatan" : "Mamberamo Tengah Timur",
  "kelurahan" : "Ery (Eri)",
  "kodepos" : "99376"
}, {
  "kecamatan" : "Mamberamo Tengah",
  "kelurahan" : "Kasonaweja",
  "kodepos" : "99376"
}, {
  "kecamatan" : "Mamberamo Tengah Timur",
  "kelurahan" : "Biri",
  "kodepos" : "99376"
}, {
  "kecamatan" : "Mamberamo Tengah",
  "kelurahan" : "Burmeso",
  "kodepos" : "99376"
}, {
  "kecamatan" : "Mamberamo Tengah",
  "kelurahan" : "Danau Bira",
  "kodepos" : "99376"
}, {
  "kecamatan" : "Mamberamo Tengah",
  "kelurahan" : "Babija",
  "kodepos" : "99376"
}, {
  "kecamatan" : "Mamberamo Hilir/Ilir",
  "kelurahan" : "Yoke",
  "kodepos" : "99375"
}, {
  "kecamatan" : "Mamberamo Tengah",
  "kelurahan" : "Anggreso",
  "kodepos" : "99376"
}, {
  "kecamatan" : "Mamberamo Hilir/Ilir",
  "kelurahan" : "Trimuris",
  "kodepos" : "99375"
}, {
  "kecamatan" : "Mamberamo Hilir/Ilir",
  "kelurahan" : "Warembori",
  "kodepos" : "99375"
}, {
  "kecamatan" : "Mamberamo Hilir/Ilir",
  "kelurahan" : "Kapeso",
  "kodepos" : "99375"
}, {
  "kecamatan" : "Mamberamo Hilir/Ilir",
  "kelurahan" : "Swaseso (Suaseno)",
  "kodepos" : "99375"
}, {
  "kecamatan" : "Mamberamo Hilir/Ilir",
  "kelurahan" : "Baudi",
  "kodepos" : "99375"
}, {
  "kecamatan" : "Mamberamo Hilir/Ilir",
  "kelurahan" : "Bagusa (Bagus)",
  "kodepos" : "99375"
}, {
  "kecamatan" : "Benuki",
  "kelurahan" : "Teuw",
  "kodepos" : "98262"
}, {
  "kecamatan" : "Benuki",
  "kelurahan" : "Watiaro",
  "kodepos" : "98262"
}, {
  "kecamatan" : "Benuki",
  "kelurahan" : "Taya",
  "kodepos" : "98262"
}, {
  "kecamatan" : "Sawai",
  "kelurahan" : "Tamakuri",
  "kodepos" : "98262"
}, {
  "kecamatan" : "Waropen Atas",
  "kelurahan" : "Sipisi",
  "kodepos" : "98262"
}, {
  "kecamatan" : "Waropen Atas",
  "kelurahan" : "Sorabi",
  "kodepos" : "98262"
}, {
  "kecamatan" : "Sawai",
  "kelurahan" : "Sawai",
  "kodepos" : "98262"
}, {
  "kecamatan" : "Waropen Atas",
  "kelurahan" : "Rawiwa",
  "kodepos" : "98262"
}, {
  "kecamatan" : "Sawai",
  "kelurahan" : "Poiwai",
  "kodepos" : "98262"
}, {
  "kecamatan" : "Sawai",
  "kelurahan" : "Rapamarei",
  "kodepos" : "98262"
}, {
  "kecamatan" : "Waropen Atas",
  "kelurahan" : "Nandofoai (Nadofoai/Nadofuai)",
  "kodepos" : "98262"
}, {
  "kecamatan" : "Waropen Atas",
  "kelurahan" : "Marikai",
  "kodepos" : "98262"
}, {
  "kecamatan" : "Benuki",
  "kelurahan" : "Kerema",
  "kodepos" : "98262"
}, {
  "kecamatan" : "Benuki",
  "kelurahan" : "Gesa Baru",
  "kodepos" : "98262"
}, {
  "kecamatan" : "Benuki",
  "kelurahan" : "Kamai",
  "kodepos" : "98262"
}, {
  "kecamatan" : "Benuki",
  "kelurahan" : "Dadat",
  "kodepos" : "98262"
}, {
  "kecamatan" : "Sawai",
  "kelurahan" : "Bonoi",
  "kodepos" : "98262"
}, {
  "kecamatan" : "Waropen Atas",
  "kelurahan" : "Barapasi (Baradasi)",
  "kodepos" : "98262"
}, {
  "kecamatan" : "Waropen Atas",
  "kelurahan" : "Bariwaro",
  "kodepos" : "98262"
}, {
  "kecamatan" : "Waropen Atas",
  "kelurahan" : "Bensor",
  "kodepos" : "98262"
}, {
  "kecamatan" : "Benuki",
  "kelurahan" : "Baitanasa",
  "kodepos" : "98262"
}, {
  "kecamatan" : "Sawai",
  "kelurahan" : "Anasi",
  "kodepos" : "98262"
} ]
