[ {
  "kecamatan" : "Pantai Barat",
  "kelurahan" : "Webro",
  "kodepos" : "99374"
}, {
  "kecamatan" : "Pantai Barat",
  "kelurahan" : "Waim",
  "kodepos" : "99374"
}, {
  "kecamatan" : "Pantai Barat",
  "kelurahan" : "Wari",
  "kodepos" : "99374"
}, {
  "kecamatan" : "Apawer Hulu",
  "kelurahan" : "Wamariri",
  "kodepos" : "99374"
}, {
  "kecamatan" : "Apawer Hulu",
  "kelurahan" : "Surimania (Syurimania)",
  "kodepos" : "99374"
}, {
  "kecamatan" : "Apawer Hulu",
  "kelurahan" : "Tamaya",
  "kodepos" : "99374"
}, {
  "kecamatan" : "Pantai Barat",
  "kelurahan" : "Siantoa",
  "kodepos" : "99374"
}, {
  "kecamatan" : "Apawer Hulu",
  "kelurahan" : "Sasawapece",
  "kodepos" : "99374"
}, {
  "kecamatan" : "Pantai Barat",
  "kelurahan" : "Subu",
  "kodepos" : "99374"
}, {
  "kecamatan" : "Pantai Barat",
  "kelurahan" : "Niwerawar",
  "kodepos" : "99374"
}, {
  "kecamatan" : "Pantai Barat",
  "kelurahan" : "Samorkena",
  "kodepos" : "99374"
}, {
  "kecamatan" : "Pantai Barat",
  "kelurahan" : "Nisro",
  "kodepos" : "99374"
}, {
  "kecamatan" : "Apawer Hulu",
  "kelurahan" : "Murara",
  "kodepos" : "99374"
}, {
  "kecamatan" : "Pantai Barat",
  "kelurahan" : "Martewar",
  "kodepos" : "99374"
}, {
  "kecamatan" : "Pantai Barat",
  "kelurahan" : "Masep",
  "kodepos" : "99374"
}, {
  "kecamatan" : "Apawer Hulu",
  "kelurahan" : "Maniwa",
  "kodepos" : "99374"
}, {
  "kecamatan" : "Pantai Barat",
  "kelurahan" : "Karfasia",
  "kodepos" : "99374"
}, {
  "kecamatan" : "Apawer Hulu",
  "kelurahan" : "Kwawitania",
  "kodepos" : "99374"
}, {
  "kecamatan" : "Pantai Barat",
  "kelurahan" : "Burgena",
  "kodepos" : "99374"
}, {
  "kecamatan" : "Pantai Barat",
  "kelurahan" : "Kamenawari",
  "kodepos" : "99374"
}, {
  "kecamatan" : "Pantai Barat",
  "kelurahan" : "Kapeso",
  "kodepos" : "99374"
}, {
  "kecamatan" : "Apawer Hulu",
  "kelurahan" : "Aurimi",
  "kodepos" : "99374"
}, {
  "kecamatan" : "Apawer Hulu",
  "kelurahan" : "Bina",
  "kodepos" : "99374"
}, {
  "kecamatan" : "Pantai Barat",
  "kelurahan" : "Arbais",
  "kodepos" : "99374"
}, {
  "kecamatan" : "Pantai Barat",
  "kelurahan" : "Aruswar",
  "kodepos" : "99374"
}, {
  "kecamatan" : "Apawer Hulu",
  "kelurahan" : "Airoran",
  "kodepos" : "99374"
}, {
  "kecamatan" : "Sarmi Timur",
  "kelurahan" : "Waskey / Tanjung Batu",
  "kodepos" : "99373"
}, {
  "kecamatan" : "Sarmi Timur",
  "kelurahan" : "Waskey",
  "kodepos" : "99373"
}, {
  "kecamatan" : "Sarmi",
  "kelurahan" : "Tefarewar",
  "kodepos" : "99373"
}, {
  "kecamatan" : "Sarmi Selatan",
  "kelurahan" : "Wapo",
  "kodepos" : "99373"
}, {
  "kecamatan" : "Sarmi Timur",
  "kelurahan" : "Tanjung Batu",
  "kodepos" : "99373"
}, {
  "kecamatan" : "Sarmi Selatan",
  "kelurahan" : "Siaratesa",
  "kodepos" : "99373"
}, {
  "kecamatan" : "Sarmi",
  "kelurahan" : "Sawar",
  "kodepos" : "99373"
}, {
  "kecamatan" : "Sarmi Timur",
  "kelurahan" : "Sewan",
  "kodepos" : "99373"
}, {
  "kecamatan" : "Sarmi",
  "kelurahan" : "Pulau Armo",
  "kodepos" : "99373"
}, {
  "kecamatan" : "Sarmi",
  "kelurahan" : "Sarmi",
  "kodepos" : "99373"
}, {
  "kecamatan" : "Sarmi",
  "kelurahan" : "Sarmo",
  "kodepos" : "99373"
}, {
  "kecamatan" : "Sarmi",
  "kelurahan" : "Mararena",
  "kodepos" : "99373"
}, {
  "kecamatan" : "Sarmi Selatan",
  "kelurahan" : "Manukania",
  "kodepos" : "99373"
}, {
  "kecamatan" : "Sarmi",
  "kelurahan" : "Liki",
  "kodepos" : "99373"
}, {
  "kecamatan" : "Sarmi",
  "kelurahan" : "Lembah Neidam",
  "kodepos" : "99373"
}, {
  "kecamatan" : "Sarmi Selatan",
  "kelurahan" : "Kasukwe",
  "kodepos" : "99373"
}, {
  "kecamatan" : "Sarmi Timur",
  "kelurahan" : "Holmafen (Holmafem)",
  "kodepos" : "99373"
}, {
  "kecamatan" : "Sarmi Timur",
  "kelurahan" : "Ebram",
  "kodepos" : "99373"
}, {
  "kecamatan" : "Sarmi Timur",
  "kelurahan" : "Ebram",
  "kodepos" : "99373"
}, {
  "kecamatan" : "Sarmi Timur",
  "kelurahan" : "Binyer",
  "kodepos" : "99373"
}, {
  "kecamatan" : "Sarmi Timur",
  "kelurahan" : "Biyer",
  "kodepos" : "99373"
}, {
  "kecamatan" : "Sarmi Timur",
  "kelurahan" : "Bagaisewar Dua / II",
  "kodepos" : "99373"
}, {
  "kecamatan" : "Sarmi",
  "kelurahan" : "Bagaisewar II",
  "kodepos" : "99373"
}, {
  "kecamatan" : "Sarmi",
  "kelurahan" : "Bagaiserwar",
  "kodepos" : "99373"
}, {
  "kecamatan" : "Sarmi",
  "kelurahan" : "Armo",
  "kodepos" : "99373"
}, {
  "kecamatan" : "Sarmi Selatan",
  "kelurahan" : "Angkasa Dua",
  "kodepos" : "99373"
}, {
  "kecamatan" : "Sarmi Selatan",
  "kelurahan" : "Amsira",
  "kodepos" : "99373"
}, {
  "kecamatan" : "Tor Atas",
  "kelurahan" : "Togonfo (Teminabor)",
  "kodepos" : "99372"
}, {
  "kecamatan" : "Tor Atas",
  "kelurahan" : "Waaf",
  "kodepos" : "99372"
}, {
  "kecamatan" : "Tor Atas",
  "kelurahan" : "Waaf Dua/II",
  "kodepos" : "99372"
}, {
  "kecamatan" : "Tor Atas",
  "kelurahan" : "Samanente",
  "kodepos" : "99372"
}, {
  "kecamatan" : "Tor Atas",
  "kelurahan" : "Omte (Kwepke)",
  "kodepos" : "99372"
}, {
  "kecamatan" : "Tor Atas",
  "kelurahan" : "Safron Tane Dua/II",
  "kodepos" : "99372"
}, {
  "kecamatan" : "Tor Atas",
  "kelurahan" : "Sakron Tane",
  "kodepos" : "99372"
}, {
  "kecamatan" : "Tor Atas",
  "kelurahan" : "Denander Dua/II",
  "kodepos" : "99372"
}, {
  "kecamatan" : "Tor Atas",
  "kelurahan" : "Konderjan",
  "kodepos" : "99372"
}, {
  "kecamatan" : "Tor Atas",
  "kelurahan" : "Bora Bora",
  "kodepos" : "99372"
}, {
  "kecamatan" : "Tor Atas",
  "kelurahan" : "Denander",
  "kodepos" : "99372"
}, {
  "kecamatan" : "Pantai Timur",
  "kelurahan" : "Yamben (Jamber/Beneraf)",
  "kodepos" : "99371"
}, {
  "kecamatan" : "Pantai Timur Barat",
  "kelurahan" : "Timron",
  "kodepos" : "99371"
}, {
  "kecamatan" : "Pantai Timur Barat",
  "kelurahan" : "Vinyabor",
  "kodepos" : "99371"
}, {
  "kecamatan" : "Pantai Timur",
  "kelurahan" : "Sunum (Yamna)",
  "kodepos" : "99371"
}, {
  "kecamatan" : "Pantai Timur Barat",
  "kelurahan" : "Nengke II (Nengke Baru)",
  "kodepos" : "99371"
}, {
  "kecamatan" : "Pantai Timur Barat",
  "kelurahan" : "Tabrawar",
  "kodepos" : "99371"
}, {
  "kecamatan" : "Pantai Timur Barat",
  "kelurahan" : "Nengke",
  "kodepos" : "99371"
}, {
  "kecamatan" : "Pantai Timur",
  "kelurahan" : "Komra",
  "kodepos" : "99371"
}, {
  "kecamatan" : "Pantai Timur Barat",
  "kelurahan" : "Fito",
  "kodepos" : "99371"
}, {
  "kecamatan" : "Pantai Timur Barat",
  "kelurahan" : "Keder II",
  "kodepos" : "99371"
}, {
  "kecamatan" : "Pantai Timur Barat",
  "kelurahan" : "Dabe",
  "kodepos" : "99371"
}, {
  "kecamatan" : "Pantai Timur Barat",
  "kelurahan" : "Dabe II",
  "kodepos" : "99371"
}, {
  "kecamatan" : "Pantai Timur",
  "kelurahan" : "Betaf",
  "kodepos" : "99371"
}, {
  "kecamatan" : "Pantai Timur",
  "kelurahan" : "Betaf II (Tamnir)",
  "kodepos" : "99371"
}, {
  "kecamatan" : "Pantai Timur Barat",
  "kelurahan" : "Arare",
  "kodepos" : "99371"
}, {
  "kecamatan" : "Pantai Timur",
  "kelurahan" : "Ansudu (Ansubi)",
  "kodepos" : "99371"
}, {
  "kecamatan" : "Pantai Timur",
  "kelurahan" : "Ansudu II (Srem)",
  "kodepos" : "99371"
}, {
  "kecamatan" : "Pantai Timur Barat",
  "kelurahan" : "Ampera",
  "kodepos" : "99371"
}, {
  "kecamatan" : "Bonggo",
  "kelurahan" : "Tetom",
  "kodepos" : "99355"
}, {
  "kecamatan" : "Bonggo Timur",
  "kelurahan" : "Tamas Sari",
  "kodepos" : "99355"
}, {
  "kecamatan" : "Bonggo",
  "kelurahan" : "Rotea",
  "kodepos" : "99355"
}, {
  "kecamatan" : "Bonggo",
  "kelurahan" : "Taronta Srum",
  "kodepos" : "99355"
}, {
  "kecamatan" : "Bonggo",
  "kelurahan" : "Maweswares (Mawesres)",
  "kodepos" : "99355"
}, {
  "kecamatan" : "Bonggo",
  "kelurahan" : "Rimser Sari",
  "kodepos" : "99355"
}, {
  "kecamatan" : "Bonggo",
  "kelurahan" : "Krim Podena",
  "kodepos" : "99355"
}, {
  "kecamatan" : "Bonggo Timur",
  "kelurahan" : "Mawes Mukti",
  "kodepos" : "99355"
}, {
  "kecamatan" : "Bonggo Timur",
  "kelurahan" : "Mawesday",
  "kodepos" : "99355"
}, {
  "kecamatan" : "Bonggo",
  "kelurahan" : "Kiren",
  "kodepos" : "99355"
}, {
  "kecamatan" : "Bonggo Timur",
  "kelurahan" : "Kaptiau",
  "kodepos" : "99355"
}, {
  "kecamatan" : "Bonggo",
  "kelurahan" : "Bebon Jaya",
  "kodepos" : "99355"
}, {
  "kecamatan" : "Bonggo Timur",
  "kelurahan" : "Gwin Jaya",
  "kodepos" : "99355"
}, {
  "kecamatan" : "Bonggo",
  "kelurahan" : "Anus",
  "kodepos" : "99355"
}, {
  "kecamatan" : "Bonggo",
  "kelurahan" : "Armopa",
  "kodepos" : "99355"
} ]
