[ {
  "kecamatan" : "Mewoluk (Mewulok)",
  "kelurahan" : "Wurabak",
  "kodepos" : "98918"
}, {
  "kecamatan" : "Mewoluk (Mewulok)",
  "kelurahan" : "Wuramburu",
  "kodepos" : "98918"
}, {
  "kecamatan" : "Mewoluk (Mewulok)",
  "kelurahan" : "Wanume",
  "kodepos" : "98918"
}, {
  "kecamatan" : "Mewoluk (Mewulok)",
  "kelurahan" : "Waliba",
  "kodepos" : "98918"
}, {
  "kecamatan" : "Mewoluk (Mewulok)",
  "kelurahan" : "Waliba",
  "kodepos" : "98918"
}, {
  "kecamatan" : "Mewoluk (Mewulok)",
  "kelurahan" : "Tiolome",
  "kodepos" : "98918"
}, {
  "kecamatan" : "Mewoluk (Mewulok)",
  "kelurahan" : "Tigir",
  "kodepos" : "98918"
}, {
  "kecamatan" : "Mewoluk (Mewulok)",
  "kelurahan" : "Ogoluk",
  "kodepos" : "98918"
}, {
  "kecamatan" : "Mewoluk (Mewulok)",
  "kelurahan" : "Ninggineri",
  "kodepos" : "98918"
}, {
  "kecamatan" : "Mewoluk (Mewulok)",
  "kelurahan" : "Nggininik",
  "kodepos" : "98918"
}, {
  "kecamatan" : "Mewoluk (Mewulok)",
  "kelurahan" : "Mewut",
  "kodepos" : "98918"
}, {
  "kecamatan" : "Mewoluk (Mewulok)",
  "kelurahan" : "Lumo",
  "kodepos" : "98918"
}, {
  "kecamatan" : "Mewoluk (Mewulok)",
  "kelurahan" : "Maloinggen",
  "kodepos" : "98918"
}, {
  "kecamatan" : "Mewoluk (Mewulok)",
  "kelurahan" : "Mewoluk",
  "kodepos" : "98918"
}, {
  "kecamatan" : "Mewoluk (Mewulok)",
  "kelurahan" : "Gumbru",
  "kodepos" : "98918"
}, {
  "kecamatan" : "Mewoluk (Mewulok)",
  "kelurahan" : "Kililumo",
  "kodepos" : "98918"
}, {
  "kecamatan" : "Mewoluk (Mewulok)",
  "kelurahan" : "Gilibe",
  "kodepos" : "98918"
}, {
  "kecamatan" : "Mewoluk (Mewulok)",
  "kelurahan" : "Gililome",
  "kodepos" : "98918"
}, {
  "kecamatan" : "Mewoluk (Mewulok)",
  "kelurahan" : "Golapaga",
  "kodepos" : "98918"
}, {
  "kecamatan" : "Mewoluk (Mewulok)",
  "kelurahan" : "Biak",
  "kodepos" : "98918"
}, {
  "kecamatan" : "Mewoluk (Mewulok)",
  "kelurahan" : "Dologobak",
  "kodepos" : "98918"
}, {
  "kecamatan" : "Mewoluk (Mewulok)",
  "kelurahan" : "Balinggup",
  "kodepos" : "98918"
}, {
  "kecamatan" : "Mewoluk (Mewulok)",
  "kelurahan" : "Belabaga",
  "kodepos" : "98918"
}, {
  "kecamatan" : "Fawi",
  "kelurahan" : "Yerei",
  "kodepos" : "98917"
}, {
  "kecamatan" : "Fawi",
  "kelurahan" : "Turumo",
  "kodepos" : "98917"
}, {
  "kecamatan" : "Fawi",
  "kelurahan" : "Wanggiba",
  "kodepos" : "98917"
}, {
  "kecamatan" : "Fawi",
  "kelurahan" : "Yeihneri",
  "kodepos" : "98917"
}, {
  "kecamatan" : "Fawi",
  "kelurahan" : "Soi",
  "kodepos" : "98917"
}, {
  "kecamatan" : "Fawi",
  "kelurahan" : "Tenggabanggwi",
  "kodepos" : "98917"
}, {
  "kecamatan" : "Fawi",
  "kelurahan" : "Mbomban",
  "kodepos" : "98917"
}, {
  "kecamatan" : "Fawi",
  "kelurahan" : "Kaho",
  "kodepos" : "98917"
}, {
  "kecamatan" : "Fawi",
  "kelurahan" : "Kiyage",
  "kodepos" : "98917"
}, {
  "kecamatan" : "Fawi",
  "kelurahan" : "Mandara Lani",
  "kodepos" : "98917"
}, {
  "kecamatan" : "Fawi",
  "kelurahan" : "Fii",
  "kodepos" : "98917"
}, {
  "kecamatan" : "Fawi",
  "kelurahan" : "Gueri",
  "kodepos" : "98917"
}, {
  "kecamatan" : "Fawi",
  "kelurahan" : "Farride",
  "kodepos" : "98917"
}, {
  "kecamatan" : "Fawi",
  "kelurahan" : "Fawi",
  "kodepos" : "98917"
}, {
  "kecamatan" : "Fawi",
  "kelurahan" : "Deide",
  "kodepos" : "98917"
}, {
  "kecamatan" : "Fawi",
  "kelurahan" : "Dorey",
  "kodepos" : "98917"
}, {
  "kecamatan" : "Fawi",
  "kelurahan" : "Evo",
  "kodepos" : "98917"
}, {
  "kecamatan" : "Fawi",
  "kelurahan" : "Dagai 2",
  "kodepos" : "98917"
}, {
  "kecamatan" : "Fawi",
  "kelurahan" : "Debite",
  "kodepos" : "98917"
}, {
  "kecamatan" : "Fawi",
  "kelurahan" : "Bakusi",
  "kodepos" : "98917"
}, {
  "kecamatan" : "Fawi",
  "kelurahan" : "Biricare",
  "kodepos" : "98917"
}, {
  "kecamatan" : "Fawi",
  "kelurahan" : "Dagai",
  "kodepos" : "98917"
}, {
  "kecamatan" : "Fawi",
  "kelurahan" : "Amuringgik",
  "kodepos" : "98917"
}, {
  "kecamatan" : "Fawi",
  "kelurahan" : "Atoli",
  "kodepos" : "98917"
}, {
  "kecamatan" : "Ilu",
  "kelurahan" : "Yamoneri",
  "kodepos" : "98916"
}, {
  "kecamatan" : "Fawi",
  "kelurahan" : "Ambo",
  "kodepos" : "98917"
}, {
  "kecamatan" : "Ilu",
  "kelurahan" : "Wurak",
  "kodepos" : "98916"
}, {
  "kecamatan" : "Ilu",
  "kelurahan" : "Yagaluk",
  "kodepos" : "98916"
}, {
  "kecamatan" : "Ilu",
  "kelurahan" : "Wugiwagi",
  "kodepos" : "98916"
}, {
  "kecamatan" : "Ilu",
  "kelurahan" : "Tirigoi",
  "kodepos" : "98916"
}, {
  "kecamatan" : "Ilu",
  "kelurahan" : "Tenomanggen",
  "kodepos" : "98916"
}, {
  "kecamatan" : "Ilu",
  "kelurahan" : "Piyapigi",
  "kodepos" : "98916"
}, {
  "kecamatan" : "Ilu",
  "kelurahan" : "Pulau Timur",
  "kodepos" : "98916"
}, {
  "kecamatan" : "Ilu",
  "kelurahan" : "Pulogengga",
  "kodepos" : "98916"
}, {
  "kecamatan" : "Ilu",
  "kelurahan" : "Pereya",
  "kodepos" : "98916"
}, {
  "kecamatan" : "Ilu",
  "kelurahan" : "Pindebaga",
  "kodepos" : "98916"
}, {
  "kecamatan" : "Ilu",
  "kelurahan" : "Ngginigum",
  "kodepos" : "98916"
}, {
  "kecamatan" : "Ilu",
  "kelurahan" : "Ninom",
  "kodepos" : "98916"
}, {
  "kecamatan" : "Ilu",
  "kelurahan" : "Numbukenggawi",
  "kodepos" : "98916"
}, {
  "kecamatan" : "Ilu",
  "kelurahan" : "Mobigi",
  "kodepos" : "98916"
}, {
  "kecamatan" : "Ilu",
  "kelurahan" : "Moulo",
  "kodepos" : "98916"
}, {
  "kecamatan" : "Ilu",
  "kelurahan" : "Laworege",
  "kodepos" : "98916"
}, {
  "kecamatan" : "Ilu",
  "kelurahan" : "Maka",
  "kodepos" : "98916"
}, {
  "kecamatan" : "Ilu",
  "kelurahan" : "Kurikpulok",
  "kodepos" : "98916"
}, {
  "kecamatan" : "Ilu",
  "kelurahan" : "Lambo",
  "kodepos" : "98916"
}, {
  "kecamatan" : "Ilu",
  "kelurahan" : "Kirigimaduk",
  "kodepos" : "98916"
}, {
  "kecamatan" : "Ilu",
  "kelurahan" : "Kobarak",
  "kodepos" : "98916"
}, {
  "kecamatan" : "Ilu",
  "kelurahan" : "Juria I",
  "kodepos" : "98916"
}, {
  "kecamatan" : "Ilu",
  "kelurahan" : "Kalengga",
  "kodepos" : "98916"
}, {
  "kecamatan" : "Ilu",
  "kelurahan" : "Jigelo",
  "kodepos" : "98916"
}, {
  "kecamatan" : "Ilu",
  "kelurahan" : "Jiguluk",
  "kodepos" : "98916"
}, {
  "kecamatan" : "Ilu",
  "kelurahan" : "Jimbanime",
  "kodepos" : "98916"
}, {
  "kecamatan" : "Ilu",
  "kelurahan" : "Jibonok",
  "kodepos" : "98916"
}, {
  "kecamatan" : "Ilu",
  "kelurahan" : "Gubulome",
  "kodepos" : "98916"
}, {
  "kecamatan" : "Ilu",
  "kelurahan" : "Gumawi",
  "kodepos" : "98916"
}, {
  "kecamatan" : "Ilu",
  "kelurahan" : "Jembeneri",
  "kodepos" : "98916"
}, {
  "kecamatan" : "Ilu",
  "kelurahan" : "Galonegame",
  "kodepos" : "98916"
}, {
  "kecamatan" : "Ilu",
  "kelurahan" : "Girmor",
  "kodepos" : "98916"
}, {
  "kecamatan" : "Ilu",
  "kelurahan" : "Bunume",
  "kodepos" : "98916"
}, {
  "kecamatan" : "Ilu",
  "kelurahan" : "Digulome",
  "kodepos" : "98916"
}, {
  "kecamatan" : "Ilu",
  "kelurahan" : "Dolinggame",
  "kodepos" : "98916"
}, {
  "kecamatan" : "Ilu",
  "kelurahan" : "Aulukme",
  "kodepos" : "98916"
}, {
  "kecamatan" : "Ilu",
  "kelurahan" : "Belantara",
  "kodepos" : "98916"
}, {
  "kecamatan" : "Ilu",
  "kelurahan" : "Andiron",
  "kodepos" : "98916"
}, {
  "kecamatan" : "Ilu",
  "kelurahan" : "Anggutari",
  "kodepos" : "98916"
}, {
  "kecamatan" : "Ilu",
  "kelurahan" : "Aringgak",
  "kodepos" : "98916"
}, {
  "kecamatan" : "Ilu",
  "kelurahan" : "Agopaga",
  "kodepos" : "98916"
}, {
  "kecamatan" : "Ilu",
  "kelurahan" : "Ambit-Mbit",
  "kodepos" : "98916"
}, {
  "kecamatan" : "Ilu",
  "kelurahan" : "Aberiambut",
  "kodepos" : "98916"
}, {
  "kecamatan" : "Jigonikme",
  "kelurahan" : "Yawor",
  "kodepos" : "98915"
}, {
  "kecamatan" : "Jigonikme",
  "kelurahan" : "Yonggi",
  "kodepos" : "98915"
}, {
  "kecamatan" : "Jigonikme",
  "kelurahan" : "Wumbiri",
  "kodepos" : "98915"
}, {
  "kecamatan" : "Jigonikme",
  "kelurahan" : "Wutime",
  "kodepos" : "98915"
}, {
  "kecamatan" : "Jigonikme",
  "kelurahan" : "Wanduri",
  "kodepos" : "98915"
}, {
  "kecamatan" : "Jigonikme",
  "kelurahan" : "Wongi",
  "kodepos" : "98915"
}, {
  "kecamatan" : "Jigonikme",
  "kelurahan" : "Woraluk",
  "kodepos" : "98915"
}, {
  "kecamatan" : "Jigonikme",
  "kelurahan" : "Walon",
  "kodepos" : "98915"
}, {
  "kecamatan" : "Jigonikme",
  "kelurahan" : "Wambagalo",
  "kodepos" : "98915"
}, {
  "kecamatan" : "Jigonikme",
  "kelurahan" : "Tombok",
  "kodepos" : "98915"
}, {
  "kecamatan" : "Jigonikme",
  "kelurahan" : "Tinggirege",
  "kodepos" : "98915"
}, {
  "kecamatan" : "Jigonikme",
  "kelurahan" : "Pugunom",
  "kodepos" : "98915"
}, {
  "kecamatan" : "Jigonikme",
  "kelurahan" : "Pugunom",
  "kodepos" : "98915"
}, {
  "kecamatan" : "Jigonikme",
  "kelurahan" : "Palilome",
  "kodepos" : "98915"
}, {
  "kecamatan" : "Jigonikme",
  "kelurahan" : "Papak",
  "kodepos" : "98915"
}, {
  "kecamatan" : "Jigonikme",
  "kelurahan" : "Onendu",
  "kodepos" : "98915"
}, {
  "kecamatan" : "Jigonikme",
  "kelurahan" : "Oum",
  "kodepos" : "98915"
}, {
  "kecamatan" : "Jigonikme",
  "kelurahan" : "Pagolome",
  "kodepos" : "98915"
}, {
  "kecamatan" : "Jigonikme",
  "kelurahan" : "Numbok",
  "kodepos" : "98915"
}, {
  "kecamatan" : "Jigonikme",
  "kelurahan" : "Nume",
  "kodepos" : "98915"
}, {
  "kecamatan" : "Jigonikme",
  "kelurahan" : "Noba Noba",
  "kodepos" : "98915"
}, {
  "kecamatan" : "Jigonikme",
  "kelurahan" : "Nogi",
  "kodepos" : "98915"
}, {
  "kecamatan" : "Jigonikme",
  "kelurahan" : "Ndugwir",
  "kodepos" : "98915"
}, {
  "kecamatan" : "Jigonikme",
  "kelurahan" : "Nioga",
  "kodepos" : "98915"
}, {
  "kecamatan" : "Jigonikme",
  "kelurahan" : "Niyoluk Abili",
  "kodepos" : "98915"
}, {
  "kecamatan" : "Jigonikme",
  "kelurahan" : "Modu",
  "kodepos" : "98915"
}, {
  "kecamatan" : "Jigonikme",
  "kelurahan" : "Muruwi",
  "kodepos" : "98915"
}, {
  "kecamatan" : "Jigonikme",
  "kelurahan" : "Milineri",
  "kodepos" : "98915"
}, {
  "kecamatan" : "Jigonikme",
  "kelurahan" : "Meyongga",
  "kodepos" : "98915"
}, {
  "kecamatan" : "Jigonikme",
  "kelurahan" : "Melela",
  "kodepos" : "98915"
}, {
  "kecamatan" : "Jigonikme",
  "kelurahan" : "Mepar",
  "kodepos" : "98915"
}, {
  "kecamatan" : "Jigonikme",
  "kelurahan" : "Lugubago",
  "kodepos" : "98915"
}, {
  "kecamatan" : "Jigonikme",
  "kelurahan" : "Mabuk Timur",
  "kodepos" : "98915"
}, {
  "kecamatan" : "Jigonikme",
  "kelurahan" : "Mandura",
  "kodepos" : "98915"
}, {
  "kecamatan" : "Jigonikme",
  "kelurahan" : "Kerin",
  "kodepos" : "98915"
}, {
  "kecamatan" : "Jigonikme",
  "kelurahan" : "Komanggi",
  "kodepos" : "98915"
}, {
  "kecamatan" : "Jigonikme",
  "kelurahan" : "Jigonikme",
  "kodepos" : "98915"
}, {
  "kecamatan" : "Jigonikme",
  "kelurahan" : "Jinggi",
  "kodepos" : "98915"
}, {
  "kecamatan" : "Jigonikme",
  "kelurahan" : "Kenendaga",
  "kodepos" : "98915"
}, {
  "kecamatan" : "Jigonikme",
  "kelurahan" : "Guna",
  "kodepos" : "98915"
}, {
  "kecamatan" : "Jigonikme",
  "kelurahan" : "Gubume",
  "kodepos" : "98915"
}, {
  "kecamatan" : "Jigonikme",
  "kelurahan" : "Gubuneri",
  "kodepos" : "98915"
}, {
  "kecamatan" : "Jigonikme",
  "kelurahan" : "Ginilume",
  "kodepos" : "98915"
}, {
  "kecamatan" : "Jigonikme",
  "kelurahan" : "Gibaga",
  "kodepos" : "98915"
}, {
  "kecamatan" : "Jigonikme",
  "kelurahan" : "Gilome",
  "kodepos" : "98915"
}, {
  "kecamatan" : "Jigonikme",
  "kelurahan" : "Anebalui",
  "kodepos" : "98915"
}, {
  "kecamatan" : "Jigonikme",
  "kelurahan" : "Apelome",
  "kodepos" : "98915"
}, {
  "kecamatan" : "Torere",
  "kelurahan" : "Wariru",
  "kodepos" : "98914"
}, {
  "kecamatan" : "Jigonikme",
  "kelurahan" : "Akwibaga",
  "kodepos" : "98915"
}, {
  "kecamatan" : "Torere",
  "kelurahan" : "Sigou",
  "kodepos" : "98914"
}, {
  "kecamatan" : "Torere",
  "kelurahan" : "Tubugime",
  "kodepos" : "98914"
}, {
  "kecamatan" : "Torere",
  "kelurahan" : "Tumbiwolu",
  "kodepos" : "98914"
}, {
  "kecamatan" : "Torere",
  "kelurahan" : "Nalu",
  "kodepos" : "98914"
}, {
  "kecamatan" : "Torere",
  "kelurahan" : "Nambu",
  "kodepos" : "98914"
}, {
  "kecamatan" : "Torere",
  "kelurahan" : "Kelandu",
  "kodepos" : "98914"
}, {
  "kecamatan" : "Torere",
  "kelurahan" : "Kikup",
  "kodepos" : "98914"
}, {
  "kecamatan" : "Torere",
  "kelurahan" : "Gunung Tayok",
  "kodepos" : "98914"
}, {
  "kecamatan" : "Torere",
  "kelurahan" : "Digi",
  "kodepos" : "98914"
}, {
  "kecamatan" : "Torere",
  "kelurahan" : "Gubugani",
  "kodepos" : "98914"
}, {
  "kecamatan" : "Torere",
  "kelurahan" : "Asua",
  "kodepos" : "98914"
}, {
  "kecamatan" : "Torere",
  "kelurahan" : "Awiyam",
  "kodepos" : "98914"
}, {
  "kecamatan" : "Torere",
  "kelurahan" : "Degei",
  "kodepos" : "98914"
}, {
  "kecamatan" : "Yamo",
  "kelurahan" : "Yogolawi",
  "kodepos" : "98913"
}, {
  "kecamatan" : "Torere",
  "kelurahan" : "Ambok",
  "kodepos" : "98914"
}, {
  "kecamatan" : "Yamo",
  "kelurahan" : "Yalimambu",
  "kodepos" : "98913"
}, {
  "kecamatan" : "Yamo",
  "kelurahan" : "Yamo",
  "kodepos" : "98913"
}, {
  "kecamatan" : "Yamo",
  "kelurahan" : "Wurage",
  "kodepos" : "98913"
}, {
  "kecamatan" : "Yamo",
  "kelurahan" : "Yalikambi",
  "kodepos" : "98913"
}, {
  "kecamatan" : "Yamo",
  "kelurahan" : "Wunagelo",
  "kodepos" : "98913"
}, {
  "kecamatan" : "Yamo",
  "kelurahan" : "Wundu",
  "kodepos" : "98913"
}, {
  "kecamatan" : "Yamo",
  "kelurahan" : "Wiyaktini",
  "kodepos" : "98913"
}, {
  "kecamatan" : "Yamo",
  "kelurahan" : "Wolame",
  "kodepos" : "98913"
}, {
  "kecamatan" : "Yamo",
  "kelurahan" : "Wolame",
  "kodepos" : "98913"
}, {
  "kecamatan" : "Yamo",
  "kelurahan" : "Tiogeme",
  "kodepos" : "98913"
}, {
  "kecamatan" : "Yamo",
  "kelurahan" : "Temu",
  "kodepos" : "98913"
}, {
  "kecamatan" : "Yamo",
  "kelurahan" : "Pulau Yamo",
  "kodepos" : "98913"
}, {
  "kecamatan" : "Yamo",
  "kelurahan" : "Purbalo",
  "kodepos" : "98913"
}, {
  "kecamatan" : "Yamo",
  "kelurahan" : "Sanoba",
  "kodepos" : "98913"
}, {
  "kecamatan" : "Yamo",
  "kelurahan" : "Nowoneri",
  "kodepos" : "98913"
}, {
  "kecamatan" : "Yamo",
  "kelurahan" : "Niruwi",
  "kodepos" : "98913"
}, {
  "kecamatan" : "Yamo",
  "kelurahan" : "Nowome",
  "kodepos" : "98913"
}, {
  "kecamatan" : "Yamo",
  "kelurahan" : "Molobak",
  "kodepos" : "98913"
}, {
  "kecamatan" : "Yamo",
  "kelurahan" : "Nami",
  "kodepos" : "98913"
}, {
  "kecamatan" : "Yamo",
  "kelurahan" : "Kimibut",
  "kodepos" : "98913"
}, {
  "kecamatan" : "Yamo",
  "kelurahan" : "Kwatineri",
  "kodepos" : "98913"
}, {
  "kecamatan" : "Yamo",
  "kelurahan" : "Imulineri",
  "kodepos" : "98913"
}, {
  "kecamatan" : "Yamo",
  "kelurahan" : "Jigunikime",
  "kodepos" : "98913"
}, {
  "kecamatan" : "Yamo",
  "kelurahan" : "Kabilimbut",
  "kodepos" : "98913"
}, {
  "kecamatan" : "Yamo",
  "kelurahan" : "Gibaga",
  "kodepos" : "98913"
}, {
  "kecamatan" : "Yamo",
  "kelurahan" : "Goyage",
  "kodepos" : "98913"
}, {
  "kecamatan" : "Yamo",
  "kelurahan" : "Dokome",
  "kodepos" : "98913"
}, {
  "kecamatan" : "Yamo",
  "kelurahan" : "Dondo",
  "kodepos" : "98913"
}, {
  "kecamatan" : "Yamo",
  "kelurahan" : "Aligapaga",
  "kodepos" : "98913"
}, {
  "kecamatan" : "Yamo",
  "kelurahan" : "Binime",
  "kodepos" : "98913"
}, {
  "kecamatan" : "Tingginambut",
  "kelurahan" : "Yunggwi",
  "kodepos" : "98912"
}, {
  "kecamatan" : "Tingginambut",
  "kelurahan" : "Yonggun",
  "kodepos" : "98912"
}, {
  "kecamatan" : "Tingginambut",
  "kelurahan" : "Yogorini",
  "kodepos" : "98912"
}, {
  "kecamatan" : "Tingginambut",
  "kelurahan" : "Yaniruk",
  "kodepos" : "98912"
}, {
  "kecamatan" : "Tingginambut",
  "kelurahan" : "Yarmukum",
  "kodepos" : "98912"
}, {
  "kecamatan" : "Tingginambut",
  "kelurahan" : "Yamengga",
  "kodepos" : "98912"
}, {
  "kecamatan" : "Tingginambut",
  "kelurahan" : "Yanenggawi",
  "kodepos" : "98912"
}, {
  "kecamatan" : "Tingginambut",
  "kelurahan" : "Wurungkime",
  "kodepos" : "98912"
}, {
  "kecamatan" : "Tingginambut",
  "kelurahan" : "Yalibate",
  "kodepos" : "98912"
}, {
  "kecamatan" : "Tingginambut",
  "kelurahan" : "Wurabume",
  "kodepos" : "98912"
}, {
  "kecamatan" : "Tingginambut",
  "kelurahan" : "Wonwi",
  "kodepos" : "98912"
}, {
  "kecamatan" : "Tingginambut",
  "kelurahan" : "Wundini",
  "kodepos" : "98912"
}, {
  "kecamatan" : "Tingginambut",
  "kelurahan" : "Uragi",
  "kodepos" : "98912"
}, {
  "kecamatan" : "Tingginambut",
  "kelurahan" : "Wiyage",
  "kodepos" : "98912"
}, {
  "kecamatan" : "Tingginambut",
  "kelurahan" : "Turotaro",
  "kodepos" : "98912"
}, {
  "kecamatan" : "Tingginambut",
  "kelurahan" : "Torage",
  "kodepos" : "98912"
}, {
  "kecamatan" : "Tingginambut",
  "kelurahan" : "Towoluk",
  "kodepos" : "98912"
}, {
  "kecamatan" : "Tingginambut",
  "kelurahan" : "Tingginime",
  "kodepos" : "98912"
}, {
  "kecamatan" : "Tingginambut",
  "kelurahan" : "Tombo",
  "kodepos" : "98912"
}, {
  "kecamatan" : "Tingginambut",
  "kelurahan" : "Tenolok",
  "kodepos" : "98912"
}, {
  "kecamatan" : "Tingginambut",
  "kelurahan" : "Tingginambut",
  "kodepos" : "98912"
}, {
  "kecamatan" : "Tingginambut",
  "kelurahan" : "Tinggineri",
  "kodepos" : "98912"
}, {
  "kecamatan" : "Tingginambut",
  "kelurahan" : "Ponggoname",
  "kodepos" : "98912"
}, {
  "kecamatan" : "Tingginambut",
  "kelurahan" : "Purugi",
  "kodepos" : "98912"
}, {
  "kecamatan" : "Tingginambut",
  "kelurahan" : "Pilibur",
  "kodepos" : "98912"
}, {
  "kecamatan" : "Tingginambut",
  "kelurahan" : "Pernaluk",
  "kodepos" : "98912"
}, {
  "kecamatan" : "Tingginambut",
  "kelurahan" : "Pilia",
  "kodepos" : "98912"
}, {
  "kecamatan" : "Tingginambut",
  "kelurahan" : "Paralo",
  "kodepos" : "98912"
}, {
  "kecamatan" : "Tingginambut",
  "kelurahan" : "Pelalo",
  "kodepos" : "98912"
}, {
  "kecamatan" : "Tingginambut",
  "kelurahan" : "Palumagi",
  "kodepos" : "98912"
}, {
  "kecamatan" : "Tingginambut",
  "kelurahan" : "Papua",
  "kodepos" : "98912"
}, {
  "kecamatan" : "Tingginambut",
  "kelurahan" : "Pagarugom",
  "kodepos" : "98912"
}, {
  "kecamatan" : "Tingginambut",
  "kelurahan" : "Nuwi",
  "kodepos" : "98912"
}, {
  "kecamatan" : "Tingginambut",
  "kelurahan" : "Oriluk",
  "kodepos" : "98912"
}, {
  "kecamatan" : "Tingginambut",
  "kelurahan" : "Nenegame",
  "kodepos" : "98912"
}, {
  "kecamatan" : "Tingginambut",
  "kelurahan" : "Nggegen",
  "kodepos" : "98912"
}, {
  "kecamatan" : "Tingginambut",
  "kelurahan" : "Naburage",
  "kodepos" : "98912"
}, {
  "kecamatan" : "Tingginambut",
  "kelurahan" : "Nakongwe",
  "kodepos" : "98912"
}, {
  "kecamatan" : "Tingginambut",
  "kelurahan" : "Melekom",
  "kodepos" : "98912"
}, {
  "kecamatan" : "Tingginambut",
  "kelurahan" : "Mondogoneri",
  "kodepos" : "98912"
}, {
  "kecamatan" : "Tingginambut",
  "kelurahan" : "Monia",
  "kodepos" : "98912"
}, {
  "kecamatan" : "Tingginambut",
  "kelurahan" : "Lura Bara",
  "kodepos" : "98912"
}, {
  "kecamatan" : "Tingginambut",
  "kelurahan" : "Lerawera",
  "kodepos" : "98912"
}, {
  "kecamatan" : "Tingginambut",
  "kelurahan" : "Longgawi",
  "kodepos" : "98912"
}, {
  "kecamatan" : "Tingginambut",
  "kelurahan" : "Lumbuk",
  "kodepos" : "98912"
}, {
  "kecamatan" : "Tingginambut",
  "kelurahan" : "Kiburu",
  "kodepos" : "98912"
}, {
  "kecamatan" : "Tingginambut",
  "kelurahan" : "Kalome",
  "kodepos" : "98912"
}, {
  "kecamatan" : "Tingginambut",
  "kelurahan" : "Kayogebur",
  "kodepos" : "98912"
}, {
  "kecamatan" : "Tingginambut",
  "kelurahan" : "Jugumblawi",
  "kodepos" : "98912"
}, {
  "kecamatan" : "Tingginambut",
  "kelurahan" : "Jinggwi",
  "kodepos" : "98912"
}, {
  "kecamatan" : "Tingginambut",
  "kelurahan" : "Jiramok",
  "kodepos" : "98912"
}, {
  "kecamatan" : "Tingginambut",
  "kelurahan" : "Jiwone",
  "kodepos" : "98912"
}, {
  "kecamatan" : "Tingginambut",
  "kelurahan" : "Jibinggame",
  "kodepos" : "98912"
}, {
  "kecamatan" : "Tingginambut",
  "kelurahan" : "Jigobak",
  "kodepos" : "98912"
}, {
  "kecamatan" : "Tingginambut",
  "kelurahan" : "Gubupur",
  "kodepos" : "98912"
}, {
  "kecamatan" : "Tingginambut",
  "kelurahan" : "Gwenggu",
  "kodepos" : "98912"
}, {
  "kecamatan" : "Tingginambut",
  "kelurahan" : "Inikimaluk",
  "kodepos" : "98912"
}, {
  "kecamatan" : "Tingginambut",
  "kelurahan" : "Ginipago",
  "kodepos" : "98912"
}, {
  "kecamatan" : "Tingginambut",
  "kelurahan" : "Greja Lama",
  "kodepos" : "98912"
}, {
  "kecamatan" : "Tingginambut",
  "kelurahan" : "Gigume",
  "kodepos" : "98912"
}, {
  "kecamatan" : "Tingginambut",
  "kelurahan" : "Gimanggen",
  "kodepos" : "98912"
}, {
  "kecamatan" : "Tingginambut",
  "kelurahan" : "Ginilome",
  "kodepos" : "98912"
}, {
  "kecamatan" : "Tingginambut",
  "kelurahan" : "Diraluk",
  "kodepos" : "98912"
}, {
  "kecamatan" : "Tingginambut",
  "kelurahan" : "Gibume",
  "kodepos" : "98912"
}, {
  "kecamatan" : "Tingginambut",
  "kelurahan" : "Cilome",
  "kodepos" : "98912"
}, {
  "kecamatan" : "Tingginambut",
  "kelurahan" : "Degi",
  "kodepos" : "98912"
}, {
  "kecamatan" : "Tingginambut",
  "kelurahan" : "Bime",
  "kodepos" : "98912"
}, {
  "kecamatan" : "Tingginambut",
  "kelurahan" : "Binggelakme",
  "kodepos" : "98912"
}, {
  "kecamatan" : "Tingginambut",
  "kelurahan" : "Bonaluk",
  "kodepos" : "98912"
}, {
  "kecamatan" : "Tingginambut",
  "kelurahan" : "Berem",
  "kodepos" : "98912"
}, {
  "kecamatan" : "Tingginambut",
  "kelurahan" : "Berime",
  "kodepos" : "98912"
}, {
  "kecamatan" : "Tingginambut",
  "kelurahan" : "Bigirage",
  "kodepos" : "98912"
}, {
  "kecamatan" : "Tingginambut",
  "kelurahan" : "Aulakmu",
  "kodepos" : "98912"
}, {
  "kecamatan" : "Tingginambut",
  "kelurahan" : "Aulame",
  "kodepos" : "98912"
}, {
  "kecamatan" : "Tingginambut",
  "kelurahan" : "Agape",
  "kodepos" : "98912"
}, {
  "kecamatan" : "Mulia",
  "kelurahan" : "Yoboluk",
  "kodepos" : "98911"
}, {
  "kecamatan" : "Mulia",
  "kelurahan" : "Yoga",
  "kodepos" : "98911"
}, {
  "kecamatan" : "Mulia",
  "kelurahan" : "Yalinggua",
  "kodepos" : "98911"
}, {
  "kecamatan" : "Mulia",
  "kelurahan" : "Yambi",
  "kodepos" : "98911"
}, {
  "kecamatan" : "Mulia",
  "kelurahan" : "Yambidugun",
  "kodepos" : "98911"
}, {
  "kecamatan" : "Mulia",
  "kelurahan" : "Wuyukwi",
  "kodepos" : "98911"
}, {
  "kecamatan" : "Mulia",
  "kelurahan" : "Wuyuneri",
  "kodepos" : "98911"
}, {
  "kecamatan" : "Mulia",
  "kelurahan" : "Wanduri",
  "kodepos" : "98911"
}, {
  "kecamatan" : "Mulia",
  "kelurahan" : "Wondenggobak",
  "kodepos" : "98911"
}, {
  "kecamatan" : "Mulia",
  "kelurahan" : "Wonome",
  "kodepos" : "98911"
}, {
  "kecamatan" : "Mulia",
  "kelurahan" : "Urgele",
  "kodepos" : "98911"
}, {
  "kecamatan" : "Mulia",
  "kelurahan" : "Usir",
  "kodepos" : "98911"
}, {
  "kecamatan" : "Mulia",
  "kelurahan" : "Towogi",
  "kodepos" : "98911"
}, {
  "kecamatan" : "Mulia",
  "kelurahan" : "Trikora",
  "kodepos" : "98911"
}, {
  "kecamatan" : "Mulia",
  "kelurahan" : "Towemarib",
  "kodepos" : "98911"
}, {
  "kecamatan" : "Mulia",
  "kelurahan" : "Talilome",
  "kodepos" : "98911"
}, {
  "kecamatan" : "Mulia",
  "kelurahan" : "Tenolok",
  "kodepos" : "98911"
}, {
  "kecamatan" : "Mulia",
  "kelurahan" : "Pruleme",
  "kodepos" : "98911"
}, {
  "kecamatan" : "Mulia",
  "kelurahan" : "Puncak Senyum",
  "kodepos" : "98911"
}, {
  "kecamatan" : "Mulia",
  "kelurahan" : "Omabut",
  "kodepos" : "98911"
}, {
  "kecamatan" : "Mulia",
  "kelurahan" : "Pagaleme",
  "kodepos" : "98911"
}, {
  "kecamatan" : "Mulia",
  "kelurahan" : "Pepera",
  "kodepos" : "98911"
}, {
  "kecamatan" : "Mulia",
  "kelurahan" : "Muliagambut",
  "kodepos" : "98911"
}, {
  "kecamatan" : "Mulia",
  "kelurahan" : "Muliambut",
  "kodepos" : "98911"
}, {
  "kecamatan" : "Mulia",
  "kelurahan" : "Moulo",
  "kodepos" : "98911"
}, {
  "kecamatan" : "Mulia",
  "kelurahan" : "Mondu",
  "kodepos" : "98911"
}, {
  "kecamatan" : "Mulia",
  "kelurahan" : "Lunggineri",
  "kodepos" : "98911"
}, {
  "kecamatan" : "Mulia",
  "kelurahan" : "Kulok Enggame",
  "kodepos" : "98911"
}, {
  "kecamatan" : "Mulia",
  "kelurahan" : "Lulame",
  "kodepos" : "98911"
}, {
  "kecamatan" : "Mulia",
  "kelurahan" : "Kilunggwi",
  "kodepos" : "98911"
}, {
  "kecamatan" : "Mulia",
  "kelurahan" : "Kulirik",
  "kodepos" : "98911"
}, {
  "kecamatan" : "Mulia",
  "kelurahan" : "Ilamburawi",
  "kodepos" : "98911"
}, {
  "kecamatan" : "Mulia",
  "kelurahan" : "Jiginikime",
  "kodepos" : "98911"
}, {
  "kecamatan" : "Mulia",
  "kelurahan" : "Karubate",
  "kodepos" : "98911"
}, {
  "kecamatan" : "Mulia",
  "kelurahan" : "Dangenpaga",
  "kodepos" : "98911"
}, {
  "kecamatan" : "Mulia",
  "kelurahan" : "Doligobak",
  "kodepos" : "98911"
}, {
  "kecamatan" : "Mulia",
  "kelurahan" : "Ginigom",
  "kodepos" : "98911"
}, {
  "kecamatan" : "Mulia",
  "kelurahan" : "Anggutare",
  "kodepos" : "98911"
}, {
  "kecamatan" : "Mulia",
  "kelurahan" : "Berelema",
  "kodepos" : "98911"
}, {
  "kecamatan" : "Mulia",
  "kelurahan" : "Birak Ambut",
  "kodepos" : "98911"
}, {
  "kecamatan" : "Mulia",
  "kelurahan" : "Amulome",
  "kodepos" : "98911"
} ]
