[ {
  "kecamatan" : "Merigi Kelindang",
  "kelurahan" : "Ulak Lebar",
  "kodepos" : "38386"
}, {
  "kecamatan" : "Taba Penanjung",
  "kelurahan" : "Tanjung Heran",
  "kodepos" : "38386"
}, {
  "kecamatan" : "Taba Penanjung",
  "kelurahan" : "Tanjung Raman",
  "kodepos" : "38386"
}, {
  "kecamatan" : "Taba Penanjung",
  "kelurahan" : "Taba Teret",
  "kodepos" : "38386"
}, {
  "kecamatan" : "Merigi Kelindang",
  "kelurahan" : "Talang Ambung / Lambung",
  "kodepos" : "38386"
}, {
  "kecamatan" : "Taba Penanjung",
  "kelurahan" : "Taba Penanjung",
  "kodepos" : "38386"
}, {
  "kecamatan" : "Merigi Kelindang",
  "kelurahan" : "Lubuk Unen",
  "kodepos" : "38386"
}, {
  "kecamatan" : "Merigi Kelindang",
  "kelurahan" : "Taba Durian Sebakul",
  "kodepos" : "38386"
}, {
  "kecamatan" : "Taba Penanjung",
  "kelurahan" : "Kota Niur",
  "kodepos" : "38386"
}, {
  "kecamatan" : "Taba Penanjung",
  "kelurahan" : "Surau",
  "kodepos" : "38386"
}, {
  "kecamatan" : "Merigi Kelindang",
  "kelurahan" : "Kelindang Atas",
  "kodepos" : "38386"
}, {
  "kecamatan" : "Taba Penanjung",
  "kelurahan" : "Taba Baru",
  "kodepos" : "38386"
}, {
  "kecamatan" : "Taba Penanjung",
  "kelurahan" : "Karang Tengah",
  "kodepos" : "38386"
}, {
  "kecamatan" : "Taba Penanjung",
  "kelurahan" : "Rindu Hati",
  "kodepos" : "38386"
}, {
  "kecamatan" : "Merigi Kelindang",
  "kelurahan" : "Jambu",
  "kodepos" : "38386"
}, {
  "kecamatan" : "Taba Penanjung",
  "kelurahan" : "Suka Rami",
  "kodepos" : "38386"
}, {
  "kecamatan" : "Merigi Kelindang",
  "kelurahan" : "Kelindang",
  "kodepos" : "38386"
}, {
  "kecamatan" : "Merigi Kelindang",
  "kelurahan" : "Pungguk Beringin",
  "kodepos" : "38386"
}, {
  "kecamatan" : "Taba Penanjung",
  "kelurahan" : "Datar Lebar",
  "kodepos" : "38386"
}, {
  "kecamatan" : "Merigi Kelindang",
  "kelurahan" : "Pungguk Ketupat",
  "kodepos" : "38386"
}, {
  "kecamatan" : "Taba Penanjung",
  "kelurahan" : "Bajak I",
  "kodepos" : "38386"
}, {
  "kecamatan" : "Taba Penanjung",
  "kelurahan" : "Penum",
  "kodepos" : "38386"
}, {
  "kecamatan" : "Merigi Kelindang",
  "kelurahan" : "Bajak I",
  "kodepos" : "38386"
}, {
  "kecamatan" : "Merigi Kelindang",
  "kelurahan" : "Penembang",
  "kodepos" : "38386"
}, {
  "kecamatan" : "Talang Empat",
  "kelurahan" : "Tengah Padang",
  "kodepos" : "38385"
}, {
  "kecamatan" : "Merigi Kelindang",
  "kelurahan" : "Lubuk Unen Baru",
  "kodepos" : "38386"
}, {
  "kecamatan" : "Karang Tinggi",
  "kelurahan" : "Talang Empat",
  "kodepos" : "38385"
}, {
  "kecamatan" : "Merigi Kelindang",
  "kelurahan" : "Padang Kedeper",
  "kodepos" : "38386"
}, {
  "kecamatan" : "Talang Empat",
  "kelurahan" : "Taba Lagan",
  "kodepos" : "38385"
}, {
  "kecamatan" : "Talang Empat",
  "kelurahan" : "Jumat",
  "kodepos" : "38385"
}, {
  "kecamatan" : "Merigi Kelindang",
  "kelurahan" : "Lubuk Unen",
  "kodepos" : "38386"
}, {
  "kecamatan" : "Talang Empat",
  "kelurahan" : "Taba Pasema (Pasmah)",
  "kodepos" : "38385"
}, {
  "kecamatan" : "Talang Empat",
  "kelurahan" : "Jaya Karta",
  "kodepos" : "38385"
}, {
  "kecamatan" : "Talang Empat",
  "kelurahan" : "Pagar Jati",
  "kodepos" : "38385"
}, {
  "kecamatan" : "Talang Empat",
  "kelurahan" : "Air Sebakul",
  "kodepos" : "38385"
}, {
  "kecamatan" : "Talang Empat",
  "kelurahan" : "Pulau Panggung",
  "kodepos" : "38385"
}, {
  "kecamatan" : "Talang Empat",
  "kelurahan" : "Bukit",
  "kodepos" : "38385"
}, {
  "kecamatan" : "Talang Empat",
  "kelurahan" : "Lagan Bungin",
  "kodepos" : "38385"
}, {
  "kecamatan" : "Talang Empat",
  "kelurahan" : "Air Putih",
  "kodepos" : "38385"
}, {
  "kecamatan" : "Talang Empat",
  "kelurahan" : "Nakau",
  "kodepos" : "38385"
}, {
  "kecamatan" : "Pagar Jati",
  "kelurahan" : "Tumbuk",
  "kodepos" : "38383"
}, {
  "kecamatan" : "Talang Empat",
  "kelurahan" : "Padang UlakTanjung",
  "kodepos" : "38385"
}, {
  "kecamatan" : "Pagar Jati",
  "kelurahan" : "Taba Renah / Rena",
  "kodepos" : "38383"
}, {
  "kecamatan" : "Talang Empat",
  "kelurahan" : "Kembang Seri",
  "kodepos" : "38385"
}, {
  "kecamatan" : "Pagar Jati",
  "kelurahan" : "Talang Curup",
  "kodepos" : "38383"
}, {
  "kecamatan" : "Talang Empat",
  "kelurahan" : "Lagan",
  "kodepos" : "38385"
}, {
  "kecamatan" : "Pagar Jati",
  "kelurahan" : "Temiang",
  "kodepos" : "38383"
}, {
  "kecamatan" : "Merigi Sakti",
  "kelurahan" : "Susup",
  "kodepos" : "38383"
}, {
  "kecamatan" : "Merigi Sakti",
  "kelurahan" : "Taba Gematung",
  "kodepos" : "38383"
}, {
  "kecamatan" : "Pagar Jati",
  "kelurahan" : "Rena Jaya",
  "kodepos" : "38383"
}, {
  "kecamatan" : "Pagar Jati",
  "kelurahan" : "Rena Kandis",
  "kodepos" : "38383"
}, {
  "kecamatan" : "Merigi Sakti",
  "kelurahan" : "Punjung",
  "kodepos" : "38383"
}, {
  "kecamatan" : "Merigi Sakti",
  "kelurahan" : "Rajab Besi / Rajak Besi",
  "kodepos" : "38383"
}, {
  "kecamatan" : "Pagar Jati",
  "kelurahan" : "Pagar Jati",
  "kodepos" : "38383"
}, {
  "kecamatan" : "Merigi Sakti",
  "kelurahan" : "Pungguk Jaya",
  "kodepos" : "38383"
}, {
  "kecamatan" : "Merigi Sakti",
  "kelurahan" : "Pagar Agung",
  "kodepos" : "38383"
}, {
  "kecamatan" : "Merigi Sakti",
  "kelurahan" : "Pagar Besi",
  "kodepos" : "38383"
}, {
  "kecamatan" : "Merigi Sakti",
  "kelurahan" : "Lubuk Pendam",
  "kodepos" : "38383"
}, {
  "kecamatan" : "Merigi Sakti",
  "kelurahan" : "Lubuk Puar",
  "kodepos" : "38383"
}, {
  "kecamatan" : "Merigi Sakti",
  "kelurahan" : "Komering",
  "kodepos" : "38383"
}, {
  "kecamatan" : "Pagar Jati",
  "kelurahan" : "Layang Lekat",
  "kodepos" : "38383"
}, {
  "kecamatan" : "Pagar Jati",
  "kelurahan" : "Kerta Pati",
  "kodepos" : "38383"
}, {
  "kecamatan" : "Pagar Jati",
  "kelurahan" : "Kerta Pati Mudik",
  "kodepos" : "38383"
}, {
  "kecamatan" : "Pagar Jati",
  "kelurahan" : "Karang Are",
  "kodepos" : "38383"
}, {
  "kecamatan" : "Merigi Sakti",
  "kelurahan" : "Karang Panggung",
  "kodepos" : "38383"
}, {
  "kecamatan" : "Pagar Jati",
  "kelurahan" : "Keroya",
  "kodepos" : "38383"
}, {
  "kecamatan" : "Pagar Jati",
  "kelurahan" : "Datar Penokot / Penokat",
  "kodepos" : "38383"
}, {
  "kecamatan" : "Merigi Sakti",
  "kelurahan" : "Durian Lebar",
  "kodepos" : "38383"
}, {
  "kecamatan" : "Merigi Sakti",
  "kelurahan" : "Bajak III",
  "kodepos" : "38383"
}, {
  "kecamatan" : "Merigi Sakti",
  "kelurahan" : "Curup",
  "kodepos" : "38383"
}, {
  "kecamatan" : "Merigi Sakti",
  "kelurahan" : "Arga Indah II",
  "kodepos" : "38383"
}, {
  "kecamatan" : "Karang Tinggi",
  "kelurahan" : "Ujung Karang",
  "kodepos" : "38382"
}, {
  "kecamatan" : "Pagar Jati",
  "kelurahan" : "Arga Indah I",
  "kodepos" : "38383"
}, {
  "kecamatan" : "Karang Tinggi",
  "kelurahan" : "Rena Semanek",
  "kodepos" : "38382"
}, {
  "kecamatan" : "Karang Tinggi",
  "kelurahan" : "Taba Mutung",
  "kodepos" : "38382"
}, {
  "kecamatan" : "Karang Tinggi",
  "kelurahan" : "Taba Terunjam",
  "kodepos" : "38382"
}, {
  "kecamatan" : "Karang Tinggi",
  "kelurahan" : "Plaju (Pelajau)",
  "kodepos" : "38382"
}, {
  "kecamatan" : "Karang Tinggi",
  "kelurahan" : "Rena Lebar",
  "kodepos" : "38382"
}, {
  "kecamatan" : "Karang Tinggi",
  "kelurahan" : "Penanding",
  "kodepos" : "38382"
}, {
  "kecamatan" : "Karang Tinggi",
  "kelurahan" : "Pagar Gunung",
  "kodepos" : "38382"
}, {
  "kecamatan" : "Karang Tinggi",
  "kelurahan" : "Padang Siring",
  "kodepos" : "38382"
}, {
  "kecamatan" : "Karang Tinggi",
  "kelurahan" : "Padang Tambak",
  "kodepos" : "38382"
}, {
  "kecamatan" : "Karang Tinggi",
  "kelurahan" : "Karang Tinggi",
  "kodepos" : "38382"
}, {
  "kecamatan" : "Karang Tinggi",
  "kelurahan" : "Karang Nanding",
  "kodepos" : "38382"
}, {
  "kecamatan" : "Karang Tinggi",
  "kelurahan" : "Durian Demang",
  "kodepos" : "38382"
}, {
  "kecamatan" : "Karang Tinggi",
  "kelurahan" : "Dusun Baru II",
  "kodepos" : "38382"
}, {
  "kecamatan" : "Karang Tinggi",
  "kelurahan" : "Kancing",
  "kodepos" : "38382"
}, {
  "kecamatan" : "Karang Tinggi",
  "kelurahan" : "Desa Semidang",
  "kodepos" : "38382"
}, {
  "kecamatan" : "Pondok Kubang",
  "kelurahan" : "Tanjung Dalam",
  "kodepos" : "38379"
}, {
  "kecamatan" : "Karang Tinggi",
  "kelurahan" : "Desa Gajah Mati",
  "kodepos" : "38382"
}, {
  "kecamatan" : "Pondok Kubang",
  "kelurahan" : "Margo Mulya",
  "kodepos" : "38377"
}, {
  "kecamatan" : "Pondok Kubang",
  "kelurahan" : "Taba Jambu",
  "kodepos" : "38378"
}, {
  "kecamatan" : "Pondok Kubang",
  "kelurahan" : "Dusun Baru I",
  "kodepos" : "38376"
}, {
  "kecamatan" : "Pondok Kubang",
  "kelurahan" : "Harapan Makmur",
  "kodepos" : "38376"
}, {
  "kecamatan" : "Pondok Kubang",
  "kelurahan" : "Pondok Kubang",
  "kodepos" : "38375"
}, {
  "kecamatan" : "Pondok Kubang",
  "kelurahan" : "Talang Tengah",
  "kodepos" : "38375"
}, {
  "kecamatan" : "Pondok Kubang",
  "kelurahan" : "Tanjung terdana",
  "kodepos" : "38375"
}, {
  "kecamatan" : "Pondok Kubang",
  "kelurahan" : "Paku Haji",
  "kodepos" : "38375"
}, {
  "kecamatan" : "Pondok Kubang",
  "kelurahan" : "Paku Haji",
  "kodepos" : "38375"
}, {
  "kecamatan" : "Pondok Kubang",
  "kelurahan" : "Batu Raja",
  "kodepos" : "38375"
}, {
  "kecamatan" : "Pondok Kubang",
  "kelurahan" : "Dusun Anyar",
  "kodepos" : "38375"
}, {
  "kecamatan" : "Bang Haji",
  "kelurahan" : "Talang Donok",
  "kodepos" : "38372"
}, {
  "kecamatan" : "Bang Haji",
  "kelurahan" : "Sekayun Mudik",
  "kodepos" : "38372"
}, {
  "kecamatan" : "Bang Haji",
  "kelurahan" : "Sungkai Berayun",
  "kodepos" : "38372"
}, {
  "kecamatan" : "Pematang Tiga",
  "kelurahan" : "Tanjung Kepayang / Kepahyang",
  "kodepos" : "38372"
}, {
  "kecamatan" : "Pematang Tiga",
  "kelurahan" : "Senabah / Senaban",
  "kodepos" : "38372"
}, {
  "kecamatan" : "Pematang Tiga",
  "kelurahan" : "Tiambang",
  "kodepos" : "38372"
}, {
  "kecamatan" : "Bang Haji",
  "kelurahan" : "Sekayun",
  "kodepos" : "38372"
}, {
  "kecamatan" : "Bang Haji",
  "kelurahan" : "Talang Panjang",
  "kodepos" : "38372"
}, {
  "kecamatan" : "Bang Haji",
  "kelurahan" : "Sekayun Hilir / Ilir",
  "kodepos" : "38372"
}, {
  "kecamatan" : "Pematang Tiga",
  "kelurahan" : "Talang Tengah II",
  "kodepos" : "38372"
}, {
  "kecamatan" : "Pematang Tiga",
  "kelurahan" : "Pematang Tiga",
  "kodepos" : "38372"
}, {
  "kecamatan" : "Bang Haji",
  "kelurahan" : "Talang Donok",
  "kodepos" : "38372"
}, {
  "kecamatan" : "Pematang Tiga",
  "kelurahan" : "Pematang Tiga Lama",
  "kodepos" : "38372"
}, {
  "kecamatan" : "Bang Haji",
  "kelurahan" : "Lubuk Langkap",
  "kodepos" : "38372"
}, {
  "kecamatan" : "Bang Haji",
  "kelurahan" : "Padang Berunai",
  "kodepos" : "38372"
}, {
  "kecamatan" : "Pematang Tiga",
  "kelurahan" : "Kota Titik",
  "kodepos" : "38372"
}, {
  "kecamatan" : "Pematang Tiga",
  "kelurahan" : "Genting Dabuk",
  "kodepos" : "38372"
}, {
  "kecamatan" : "Pematang Tiga",
  "kelurahan" : "Kebun Lebar",
  "kodepos" : "38372"
}, {
  "kecamatan" : "Bang Haji",
  "kelurahan" : "Bang Haji",
  "kodepos" : "38372"
}, {
  "kecamatan" : "Bang Haji",
  "kelurahan" : "Genting",
  "kodepos" : "38372"
}, {
  "kecamatan" : "Pematang Tiga",
  "kelurahan" : "Batu Bariang / Beriang",
  "kodepos" : "38372"
}, {
  "kecamatan" : "Pematang Tiga",
  "kelurahan" : "Aturan Mumpo",
  "kodepos" : "38372"
}, {
  "kecamatan" : "Pematang Tiga",
  "kelurahan" : "Aturan Mumpo II",
  "kodepos" : "38372"
}, {
  "kecamatan" : "Bang Haji",
  "kelurahan" : "Air Napal",
  "kodepos" : "38372"
}, {
  "kecamatan" : "Pematang Tiga",
  "kelurahan" : "Air Kotok",
  "kodepos" : "38372"
}, {
  "kecamatan" : "Pondok Kelapa",
  "kelurahan" : "Sunda Kelapa",
  "kodepos" : "38371"
}, {
  "kecamatan" : "Pondok Kelapa",
  "kelurahan" : "Talang Buseng / Boseng",
  "kodepos" : "38371"
}, {
  "kecamatan" : "Pondok Kelapa",
  "kelurahan" : "Talang Pauh",
  "kodepos" : "38371"
}, {
  "kecamatan" : "Pondok Kelapa",
  "kelurahan" : "Sri Kuncoro",
  "kodepos" : "38371"
}, {
  "kecamatan" : "Pondok Kelapa",
  "kelurahan" : "Srikaton",
  "kodepos" : "38371"
}, {
  "kecamatan" : "Pondok Kelapa",
  "kelurahan" : "Pondok Kelapa",
  "kodepos" : "38371"
}, {
  "kecamatan" : "Pondok Kelapa",
  "kelurahan" : "Sidodadi",
  "kodepos" : "38371"
}, {
  "kecamatan" : "Pondok Kelapa",
  "kelurahan" : "Sidoreja (Sidorejo/Siderejo)",
  "kodepos" : "38371"
}, {
  "kecamatan" : "Pondok Kelapa",
  "kelurahan" : "Panca Mukti",
  "kodepos" : "38371"
}, {
  "kecamatan" : "Pondok Kelapa",
  "kelurahan" : "Pasar Pedati",
  "kodepos" : "38371"
}, {
  "kecamatan" : "Pondok Kelapa",
  "kelurahan" : "Pekik Nyaring",
  "kodepos" : "38371"
}, {
  "kecamatan" : "Pondok Kelapa",
  "kelurahan" : "Pagar Dewa",
  "kodepos" : "38371"
}, {
  "kecamatan" : "Pondok Kelapa",
  "kelurahan" : "Kembang Ayun",
  "kodepos" : "38371"
}, {
  "kecamatan" : "Pondok Kelapa",
  "kelurahan" : "Padang Betuah",
  "kodepos" : "38371"
}, {
  "kecamatan" : "Pondok Kelapa",
  "kelurahan" : "Bintang Selatan",
  "kodepos" : "38371"
}, {
  "kecamatan" : "Pondok Kelapa",
  "kelurahan" : "Desa Harapan",
  "kodepos" : "38371"
}, {
  "kecamatan" : "Pondok Kelapa",
  "kelurahan" : "Abu Sakim",
  "kodepos" : "38371"
} ]
