[ {
  "kecamatan" : "Kamu Timur",
  "kelurahan" : "Yotapuga",
  "kodepos" : "98863"
}, {
  "kecamatan" : "Kamu Utara (Ikrar/Ikrat)",
  "kelurahan" : "Yawetadi",
  "kodepos" : "98863"
}, {
  "kecamatan" : "Kamu Utara (Ikrar/Ikrat)",
  "kelurahan" : "Pugatadi Satu (I)",
  "kodepos" : "98863"
}, {
  "kecamatan" : "Kamu Timur",
  "kelurahan" : "Ugapuga",
  "kodepos" : "98863"
}, {
  "kecamatan" : "Kamu Utara (Ikrar/Ikrat)",
  "kelurahan" : "Obayo",
  "kodepos" : "98863"
}, {
  "kecamatan" : "Kamu Utara (Ikrar/Ikrat)",
  "kelurahan" : "Pugatadi Dua (II)",
  "kodepos" : "98863"
}, {
  "kecamatan" : "Kamu Utara (Ikrar/Ikrat)",
  "kelurahan" : "Mogou",
  "kodepos" : "98863"
}, {
  "kecamatan" : "Kamu Timur",
  "kelurahan" : "Nuwa (Nua)",
  "kodepos" : "98863"
}, {
  "kecamatan" : "Kamu Utara (Ikrar/Ikrat)",
  "kelurahan" : "Idakebo",
  "kodepos" : "98863"
}, {
  "kecamatan" : "Kamu Utara (Ikrar/Ikrat)",
  "kelurahan" : "Ikrar",
  "kodepos" : "98863"
}, {
  "kecamatan" : "Kamu Utara (Ikrar/Ikrat)",
  "kelurahan" : "Koyakago (Kuyakago)",
  "kodepos" : "98863"
}, {
  "kecamatan" : "Kamu Utara (Ikrar/Ikrat)",
  "kelurahan" : "Duntek (Dumtek)",
  "kodepos" : "98863"
}, {
  "kecamatan" : "Kamu Utara (Ikrar/Ikrat)",
  "kelurahan" : "Ekimani (Ekiwani)",
  "kodepos" : "98863"
}, {
  "kecamatan" : "Kamu Timur",
  "kelurahan" : "Bunauwo",
  "kodepos" : "98863"
}, {
  "kecamatan" : "Kamu Timur",
  "kelurahan" : "Deiyapa (Deiyepa)",
  "kodepos" : "98863"
}, {
  "kecamatan" : "Kamu Timur",
  "kelurahan" : "Boduda",
  "kodepos" : "98863"
}, {
  "kecamatan" : "Kamu Timur",
  "kelurahan" : "Bokaibutu (Bukaibuto)",
  "kodepos" : "98863"
}, {
  "kecamatan" : "Kamu Selatan",
  "kelurahan" : "Yepo (Makidimi)",
  "kodepos" : "98862"
}, {
  "kecamatan" : "Kamu Selatan",
  "kelurahan" : "Tuwaida",
  "kodepos" : "98862"
}, {
  "kecamatan" : "Kamu Selatan",
  "kelurahan" : "Ugikagouda",
  "kodepos" : "98862"
}, {
  "kecamatan" : "Kamu",
  "kelurahan" : "Putapa (Uputapa)",
  "kodepos" : "98862"
}, {
  "kecamatan" : "Kamu Selatan",
  "kelurahan" : "Ugikebo",
  "kodepos" : "98862"
}, {
  "kecamatan" : "Kamu Selatan",
  "kelurahan" : "Pouwoda (Pouwuoda)",
  "kodepos" : "98862"
}, {
  "kecamatan" : "Kamu Selatan",
  "kelurahan" : "Puweta/Pueta I",
  "kodepos" : "98862"
}, {
  "kecamatan" : "Dogiyai",
  "kelurahan" : "Pona (Sukamaju)",
  "kodepos" : "98862"
}, {
  "kecamatan" : "Kamu Selatan",
  "kelurahan" : "Puweta/Pueta II",
  "kodepos" : "98862"
}, {
  "kecamatan" : "Kamu Selatan",
  "kelurahan" : "Obaibega",
  "kodepos" : "98862"
}, {
  "kecamatan" : "Dogiyai",
  "kelurahan" : "Motito",
  "kodepos" : "98862"
}, {
  "kecamatan" : "Dogiyai",
  "kelurahan" : "Makidimi (Makidini)",
  "kodepos" : "98862"
}, {
  "kecamatan" : "Kamu",
  "kelurahan" : "Mauwa",
  "kodepos" : "98862"
}, {
  "kecamatan" : "Kamu Selatan",
  "kelurahan" : "Matadi",
  "kodepos" : "98862"
}, {
  "kecamatan" : "Kamu",
  "kelurahan" : "Kimipugi (Kimupugi)",
  "kodepos" : "98862"
}, {
  "kecamatan" : "Dogiyai",
  "kelurahan" : "Kegemani (Kigamani)",
  "kodepos" : "98862"
}, {
  "kecamatan" : "Kamu",
  "kelurahan" : "Idakotu",
  "kodepos" : "98862"
}, {
  "kecamatan" : "Kamu",
  "kelurahan" : "Ikebo (Moanemani)",
  "kodepos" : "98862"
}, {
  "kecamatan" : "Dogiyai",
  "kelurahan" : "Idadagi",
  "kodepos" : "98862"
}, {
  "kecamatan" : "Kamu",
  "kelurahan" : "Ekemanida (Ekemenida)",
  "kodepos" : "98862"
}, {
  "kecamatan" : "Dogiyai",
  "kelurahan" : "Egebutu",
  "kodepos" : "98862"
}, {
  "kecamatan" : "Kamu",
  "kelurahan" : "Dikiyouwa/Dikiyouma (Tokapo)",
  "kodepos" : "98862"
}, {
  "kecamatan" : "Kamu Selatan",
  "kelurahan" : "Digikebo",
  "kodepos" : "98862"
}, {
  "kecamatan" : "Dogiyai",
  "kelurahan" : "Dogimani (Abgoigi)",
  "kodepos" : "98862"
}, {
  "kecamatan" : "Dogiyai",
  "kelurahan" : "Denemani",
  "kodepos" : "98862"
}, {
  "kecamatan" : "Dogiyai",
  "kelurahan" : "Denemani",
  "kodepos" : "98862"
}, {
  "kecamatan" : "Kamu Selatan",
  "kelurahan" : "Bogiyateugi",
  "kodepos" : "98862"
}, {
  "kecamatan" : "Kamu Selatan",
  "kelurahan" : "Botumuma (Botumoma)",
  "kodepos" : "98862"
}, {
  "kecamatan" : "Dogiyai",
  "kelurahan" : "Bobubutu",
  "kodepos" : "98862"
}, {
  "kecamatan" : "Piyaiye (Sukikai)",
  "kelurahan" : "Yegiyepa (Yegeiyepa)",
  "kodepos" : "98857"
}, {
  "kecamatan" : "Sukikai Selatan",
  "kelurahan" : "Wigoumakida",
  "kodepos" : "98857"
}, {
  "kecamatan" : "Sukikai Selatan",
  "kelurahan" : "Unito",
  "kodepos" : "98857"
}, {
  "kecamatan" : "Piyaiye (Sukikai)",
  "kelurahan" : "Ukagu",
  "kodepos" : "98857"
}, {
  "kecamatan" : "Piyaiye (Sukikai)",
  "kelurahan" : "Tipaugi",
  "kodepos" : "98857"
}, {
  "kecamatan" : "Sukikai Selatan",
  "kelurahan" : "Sukikai",
  "kodepos" : "98857"
}, {
  "kecamatan" : "Sukikai Selatan",
  "kelurahan" : "Iyaro",
  "kodepos" : "98857"
}, {
  "kecamatan" : "Piyaiye (Sukikai)",
  "kelurahan" : "Kegata",
  "kodepos" : "98857"
}, {
  "kecamatan" : "Piyaiye (Sukikai)",
  "kelurahan" : "Ideduwa",
  "kodepos" : "98857"
}, {
  "kecamatan" : "Piyaiye (Sukikai)",
  "kelurahan" : "Egipa",
  "kodepos" : "98857"
}, {
  "kecamatan" : "Piyaiye (Sukikai)",
  "kelurahan" : "Deniyode (Deneiode)",
  "kodepos" : "98857"
}, {
  "kecamatan" : "Piyaiye (Sukikai)",
  "kelurahan" : "Apogomakida (Aporomakida)",
  "kodepos" : "98857"
}, {
  "kecamatan" : "Mapia Barat",
  "kelurahan" : "Yegoukotu",
  "kodepos" : "98854"
}, {
  "kecamatan" : "Mapia Tengah",
  "kelurahan" : "Upibega (Ukudawata)",
  "kodepos" : "98854"
}, {
  "kecamatan" : "Mapia Barat",
  "kelurahan" : "Toubaikebo (Tobaikebo)",
  "kodepos" : "98854"
}, {
  "kecamatan" : "Mapia Tengah",
  "kelurahan" : "Timepa",
  "kodepos" : "98854"
}, {
  "kecamatan" : "Mapia Tengah",
  "kelurahan" : "Putapa",
  "kodepos" : "98854"
}, {
  "kecamatan" : "Mapia Tengah",
  "kelurahan" : "Piyakunu",
  "kodepos" : "98854"
}, {
  "kecamatan" : "Mapia",
  "kelurahan" : "Obaikagopa (Abaugi)",
  "kodepos" : "98854"
}, {
  "kecamatan" : "Mapia Tengah",
  "kelurahan" : "Modio",
  "kodepos" : "98854"
}, {
  "kecamatan" : "Mapia Barat",
  "kelurahan" : "Maikotu",
  "kodepos" : "98854"
}, {
  "kecamatan" : "Mapia Barat",
  "kelurahan" : "Maikotu",
  "kodepos" : "98854"
}, {
  "kecamatan" : "Mapia",
  "kelurahan" : "Magode (Magone)",
  "kodepos" : "98854"
}, {
  "kecamatan" : "Mapia",
  "kelurahan" : "Gapoya",
  "kodepos" : "98854"
}, {
  "kecamatan" : "Mapia Tengah",
  "kelurahan" : "Gabaikunu",
  "kodepos" : "98854"
}, {
  "kecamatan" : "Mapia",
  "kelurahan" : "Diyoudimi",
  "kodepos" : "98854"
}, {
  "kecamatan" : "Mapia Tengah",
  "kelurahan" : "Diyeugi",
  "kodepos" : "98854"
}, {
  "kecamatan" : "Mapia",
  "kelurahan" : "Dawaikunu",
  "kodepos" : "98854"
}, {
  "kecamatan" : "Mapia Tengah",
  "kelurahan" : "Atou (Tuamani)",
  "kodepos" : "98854"
}, {
  "kecamatan" : "Mapia",
  "kelurahan" : "Bomomani",
  "kodepos" : "98854"
}, {
  "kecamatan" : "Mapia Tengah",
  "kelurahan" : "Adauwo",
  "kodepos" : "98854"
}, {
  "kecamatan" : "Mapia Barat",
  "kelurahan" : "Abouyaga",
  "kodepos" : "98854"
}, {
  "kecamatan" : "Mapia",
  "kelurahan" : "Abaimaida",
  "kodepos" : "98854"
} ]
