[ {
  "kecamatan" : "Wapoga",
  "kelurahan" : "Totoberi",
  "kodepos" : "98861"
}, {
  "kecamatan" : "Napan",
  "kelurahan" : "Weinami",
  "kodepos" : "98861"
}, {
  "kecamatan" : "Wapoga",
  "kelurahan" : "Samanui",
  "kodepos" : "98861"
}, {
  "kecamatan" : "Wapoga",
  "kelurahan" : "Taumi",
  "kodepos" : "98861"
}, {
  "kecamatan" : "Makimi",
  "kelurahan" : "Nifasi",
  "kodepos" : "98861"
}, {
  "kecamatan" : "Napan",
  "kelurahan" : "Napan",
  "kodepos" : "98861"
}, {
  "kecamatan" : "Napan",
  "kelurahan" : "Masipawa",
  "kodepos" : "98861"
}, {
  "kecamatan" : "Moora",
  "kelurahan" : "Moor",
  "kodepos" : "98861"
}, {
  "kecamatan" : "Makimi",
  "kelurahan" : "Manunggal Jaya",
  "kodepos" : "98861"
}, {
  "kecamatan" : "Makimi",
  "kelurahan" : "Maidei",
  "kodepos" : "98861"
}, {
  "kecamatan" : "Makimi",
  "kelurahan" : "Makimi",
  "kodepos" : "98861"
}, {
  "kecamatan" : "Moora",
  "kelurahan" : "Mambor",
  "kodepos" : "98861"
}, {
  "kecamatan" : "Makimi",
  "kelurahan" : "Legari Jaya",
  "kodepos" : "98861"
}, {
  "kecamatan" : "Wapoga",
  "kelurahan" : "Keuw",
  "kodepos" : "98861"
}, {
  "kecamatan" : "Wapoga",
  "kelurahan" : "Kamarisanoi",
  "kodepos" : "98861"
}, {
  "kecamatan" : "Moora",
  "kelurahan" : "Kama",
  "kodepos" : "98861"
}, {
  "kecamatan" : "Moora",
  "kelurahan" : "Hariti",
  "kodepos" : "98861"
}, {
  "kecamatan" : "Makimi",
  "kelurahan" : "Biha",
  "kodepos" : "98861"
}, {
  "kecamatan" : "Moora",
  "kelurahan" : "Arui",
  "kodepos" : "98861"
}, {
  "kecamatan" : "Yaro (Yaro Kabisay)",
  "kelurahan" : "Yaro Makmur",
  "kodepos" : "98856"
}, {
  "kecamatan" : "Yaro (Yaro Kabisay)",
  "kelurahan" : "Wiraska",
  "kodepos" : "98856"
}, {
  "kecamatan" : "Nabire Barat",
  "kelurahan" : "Waroki",
  "kodepos" : "98856"
}, {
  "kecamatan" : "Yaro (Yaro Kabisay)",
  "kelurahan" : "Wanggar Sari",
  "kodepos" : "98856"
}, {
  "kecamatan" : "Yaro (Yaro Kabisay)",
  "kelurahan" : "Wanggar Pantai",
  "kodepos" : "98856"
}, {
  "kecamatan" : "Wanggar",
  "kelurahan" : "Wanggar Makmur",
  "kodepos" : "98856"
}, {
  "kecamatan" : "Wanggar",
  "kelurahan" : "Karadiri",
  "kodepos" : "98856"
}, {
  "kecamatan" : "Nabire Barat",
  "kelurahan" : "Wadio",
  "kodepos" : "98856"
}, {
  "kecamatan" : "Nabire Barat",
  "kelurahan" : "Kalisemen",
  "kodepos" : "98856"
}, {
  "kecamatan" : "Yaro (Yaro Kabisay)",
  "kelurahan" : "Jaya Mukti",
  "kodepos" : "98856"
}, {
  "kecamatan" : "Nabire Barat",
  "kelurahan" : "Gerbang Sadu",
  "kodepos" : "98856"
}, {
  "kecamatan" : "Nabire Barat",
  "kelurahan" : "Bumi Raya",
  "kodepos" : "98856"
}, {
  "kecamatan" : "Wanggar",
  "kelurahan" : "Bumi Mulya (Bumimulia)",
  "kodepos" : "98856"
}, {
  "kecamatan" : "Siriwo",
  "kelurahan" : "Ugida",
  "kodepos" : "98854"
}, {
  "kecamatan" : "Siriwo",
  "kelurahan" : "Tibai",
  "kodepos" : "98854"
}, {
  "kecamatan" : "Siriwo",
  "kelurahan" : "Siriwo (Unipo)",
  "kodepos" : "98854"
}, {
  "kecamatan" : "Siriwo",
  "kelurahan" : "Mabua / Mabou",
  "kodepos" : "98854"
}, {
  "kecamatan" : "Siriwo",
  "kelurahan" : "Epomani",
  "kodepos" : "98854"
}, {
  "kecamatan" : "Siriwo",
  "kelurahan" : "Aibore",
  "kodepos" : "98854"
}, {
  "kecamatan" : "Uwapa",
  "kelurahan" : "Urumusu",
  "kodepos" : "98853"
}, {
  "kecamatan" : "Menou",
  "kelurahan" : "Yageugi",
  "kodepos" : "98853"
}, {
  "kecamatan" : "Dipa",
  "kelurahan" : "Tagauto (Tadautu)",
  "kodepos" : "98853"
}, {
  "kecamatan" : "Uwapa",
  "kelurahan" : "Topo",
  "kodepos" : "98853"
}, {
  "kecamatan" : "Uwapa",
  "kelurahan" : "Topo Jaya",
  "kodepos" : "98853"
}, {
  "kecamatan" : "Yaro (Yaro Kabisay)",
  "kelurahan" : "Ororodo",
  "kodepos" : "98853"
}, {
  "kecamatan" : "Yaro (Yaro Kabisay)",
  "kelurahan" : "Parauto",
  "kodepos" : "98853"
}, {
  "kecamatan" : "Uwapa",
  "kelurahan" : "Margajaya",
  "kodepos" : "98853"
}, {
  "kecamatan" : "Menou",
  "kelurahan" : "Ogiyai (Ogiay/Waisai)",
  "kodepos" : "98853"
}, {
  "kecamatan" : "Menou",
  "kelurahan" : "Kunupi / Obaipoto",
  "kodepos" : "98853"
}, {
  "kecamatan" : "Menou",
  "kelurahan" : "Lokodimi / Bokomidi",
  "kodepos" : "98853"
}, {
  "kecamatan" : "Dipa",
  "kelurahan" : "Jainoa",
  "kodepos" : "98853"
}, {
  "kecamatan" : "Dipa",
  "kelurahan" : "Jigikebo",
  "kodepos" : "98853"
}, {
  "kecamatan" : "Dipa",
  "kelurahan" : "Epouwa (Epowa)",
  "kodepos" : "98853"
}, {
  "kecamatan" : "Uwapa",
  "kelurahan" : "Gamei Jaya",
  "kodepos" : "98853"
}, {
  "kecamatan" : "Dipa",
  "kelurahan" : "Dikia (Dikiya)",
  "kodepos" : "98853"
}, {
  "kecamatan" : "Yaro (Yaro Kabisay)",
  "kelurahan" : "Bomopai",
  "kodepos" : "98853"
}, {
  "kecamatan" : "Uwapa",
  "kelurahan" : "Argomulyo",
  "kodepos" : "98853"
}, {
  "kecamatan" : "Teluk Umar",
  "kelurahan" : "Yeretuar",
  "kodepos" : "98852"
}, {
  "kecamatan" : "Yaur",
  "kelurahan" : "Yaur",
  "kodepos" : "98852"
}, {
  "kecamatan" : "Yaur",
  "kelurahan" : "Sima",
  "kodepos" : "98852"
}, {
  "kecamatan" : "Yaur",
  "kelurahan" : "Wami (Wamijaya)",
  "kodepos" : "98852"
}, {
  "kecamatan" : "Teluk Umar",
  "kelurahan" : "Goni",
  "kodepos" : "98852"
}, {
  "kecamatan" : "Teluk Umar",
  "kelurahan" : "Napan Yaur",
  "kodepos" : "98852"
}, {
  "kecamatan" : "Yaur",
  "kelurahan" : "Akudiomi (Akuidiomi)",
  "kodepos" : "98852"
}, {
  "kecamatan" : "Teluk Umar",
  "kelurahan" : "Bawei",
  "kodepos" : "98852"
}, {
  "kecamatan" : "Nabire",
  "kelurahan" : "Siriwini",
  "kodepos" : "98818"
}, {
  "kecamatan" : "Teluk Kimi",
  "kelurahan" : "Waharia",
  "kodepos" : "98818"
}, {
  "kecamatan" : "Nabire",
  "kelurahan" : "Sanoba (Sanoba Pantai)",
  "kodepos" : "98818"
}, {
  "kecamatan" : "Teluk Kimi",
  "kelurahan" : "Samabusa",
  "kodepos" : "98818"
}, {
  "kecamatan" : "Teluk Kimi",
  "kelurahan" : "Kimi",
  "kodepos" : "98818"
}, {
  "kecamatan" : "Teluk Kimi",
  "kelurahan" : "Lani",
  "kodepos" : "98818"
}, {
  "kecamatan" : "Nabire",
  "kelurahan" : "Kalibobo",
  "kodepos" : "98818"
}, {
  "kecamatan" : "Teluk Kimi",
  "kelurahan" : "Air Mandidi",
  "kodepos" : "98818"
}, {
  "kecamatan" : "Nabire",
  "kelurahan" : "Nabarua",
  "kodepos" : "98817"
}, {
  "kecamatan" : "Nabire",
  "kelurahan" : "Karang Mulia",
  "kodepos" : "98815"
}, {
  "kecamatan" : "Nabire",
  "kelurahan" : "Oyehe",
  "kodepos" : "98816"
}, {
  "kecamatan" : "Nabire",
  "kelurahan" : "Girimulyo",
  "kodepos" : "98814"
}, {
  "kecamatan" : "Nabire",
  "kelurahan" : "Karang Tumaritis",
  "kodepos" : "98812"
}, {
  "kecamatan" : "Nabire",
  "kelurahan" : "Bumi Wonorejo",
  "kodepos" : "98813"
}, {
  "kecamatan" : "Nabire",
  "kelurahan" : "Kali Susu",
  "kodepos" : "98811"
}, {
  "kecamatan" : "Nabire",
  "kelurahan" : "Morgo",
  "kodepos" : "98811"
}, {
  "kecamatan" : "Nabire",
  "kelurahan" : "Kali Harapan",
  "kodepos" : "98811"
} ]
