[ {
  "kecamatan" : "Biandoga",
  "kelurahan" : "Yagaito (Jagaito/Tagito)",
  "kodepos" : "98784"
}, {
  "kecamatan" : "Biandoga",
  "kelurahan" : "Yanei (Janei/Yamei)",
  "kodepos" : "98784"
}, {
  "kecamatan" : "Biandoga",
  "kelurahan" : "Yanei (Janei/Yamei)",
  "kodepos" : "98784"
}, {
  "kecamatan" : "Wandai",
  "kelurahan" : "Mogalo Pemda",
  "kodepos" : "98784"
}, {
  "kecamatan" : "Wandai",
  "kelurahan" : "Mbugulo Pemda",
  "kodepos" : "98784"
}, {
  "kecamatan" : "Biandoga",
  "kelurahan" : "Mbialapa",
  "kodepos" : "98784"
}, {
  "kecamatan" : "Biandoga",
  "kelurahan" : "Kalawa",
  "kodepos" : "98784"
}, {
  "kecamatan" : "Biandoga",
  "kelurahan" : "Kigitadi",
  "kodepos" : "98784"
}, {
  "kecamatan" : "Wandai",
  "kelurahan" : "Isandoga Pemda",
  "kodepos" : "98784"
}, {
  "kecamatan" : "Wandai",
  "kelurahan" : "Jae Pemda",
  "kodepos" : "98784"
}, {
  "kecamatan" : "Wandai",
  "kelurahan" : "Hulapuga",
  "kodepos" : "98784"
}, {
  "kecamatan" : "Biandoga",
  "kelurahan" : "Isan Doga",
  "kodepos" : "98784"
}, {
  "kecamatan" : "Wandai",
  "kelurahan" : "Dubasiga Pemda",
  "kodepos" : "98784"
}, {
  "kecamatan" : "Biandoga",
  "kelurahan" : "Hipadipa (Hitadipa)",
  "kodepos" : "98784"
}, {
  "kecamatan" : "Wandai",
  "kelurahan" : "Debasiga Pemda",
  "kodepos" : "98784"
}, {
  "kecamatan" : "Wandai",
  "kelurahan" : "Debasiga Dua Pemda",
  "kodepos" : "98784"
}, {
  "kecamatan" : "Biandoga",
  "kelurahan" : "Debasiga",
  "kodepos" : "98784"
}, {
  "kecamatan" : "Biandoga",
  "kelurahan" : "Debasiga Dua / II",
  "kodepos" : "98784"
}, {
  "kecamatan" : "Biandoga",
  "kelurahan" : "Bugalaga",
  "kodepos" : "98784"
}, {
  "kecamatan" : "Biandoga",
  "kelurahan" : "Danggatadi",
  "kodepos" : "98784"
}, {
  "kecamatan" : "Biandoga",
  "kelurahan" : "Biandoga",
  "kodepos" : "98784"
}, {
  "kecamatan" : "Biandoga",
  "kelurahan" : "Biatapa",
  "kodepos" : "98784"
}, {
  "kecamatan" : "Biandoga",
  "kelurahan" : "Aneya",
  "kodepos" : "98784"
}, {
  "kecamatan" : "Agisiga",
  "kelurahan" : "Unabindaga (Unabundaga/Unabundoga)",
  "kodepos" : "98783"
}, {
  "kecamatan" : "Agisiga",
  "kelurahan" : "Tomasiga",
  "kodepos" : "98783"
}, {
  "kecamatan" : "Agisiga",
  "kelurahan" : "Kombogasiga",
  "kodepos" : "98783"
}, {
  "kecamatan" : "Agisiga",
  "kelurahan" : "Solip",
  "kodepos" : "98783"
}, {
  "kecamatan" : "Agisiga",
  "kelurahan" : "Tausiga (Tousiga)",
  "kodepos" : "98783"
}, {
  "kecamatan" : "Agisiga",
  "kelurahan" : "Jawasiga",
  "kodepos" : "98783"
}, {
  "kecamatan" : "Agisiga",
  "kelurahan" : "Kembagel",
  "kodepos" : "98783"
}, {
  "kecamatan" : "Agisiga",
  "kelurahan" : "Dapiaga",
  "kodepos" : "98783"
}, {
  "kecamatan" : "Agisiga",
  "kelurahan" : "Fugisiga (Pugisiga)",
  "kodepos" : "98783"
}, {
  "kecamatan" : "Agisiga",
  "kelurahan" : "Bamogo (MBamogo)",
  "kodepos" : "98783"
}, {
  "kecamatan" : "Agisiga",
  "kelurahan" : "Dangkoa",
  "kodepos" : "98783"
}, {
  "kecamatan" : "Agisiga",
  "kelurahan" : "Agisiga",
  "kodepos" : "98783"
}, {
  "kecamatan" : "Agisiga",
  "kelurahan" : "Balamai (Balaimai)",
  "kodepos" : "98783"
}, {
  "kecamatan" : "Sugapa",
  "kelurahan" : "Titigi",
  "kodepos" : "98769"
}, {
  "kecamatan" : "Sugapa",
  "kelurahan" : "Ndugusiga",
  "kodepos" : "98769"
}, {
  "kecamatan" : "Sugapa",
  "kelurahan" : "Eknemba / Enemba",
  "kodepos" : "98769"
}, {
  "kecamatan" : "Homeo (Homeyo)",
  "kelurahan" : "Bonogo",
  "kodepos" : "98769"
}, {
  "kecamatan" : "Sugapa",
  "kelurahan" : "Yoparu",
  "kodepos" : "98768"
}, {
  "kecamatan" : "Sugapa",
  "kelurahan" : "Yalai (Jabai/Jalai)",
  "kodepos" : "98768"
}, {
  "kecamatan" : "Sugapa",
  "kelurahan" : "Yokatapa (Tokatapa)",
  "kodepos" : "98768"
}, {
  "kecamatan" : "Hitadipa",
  "kelurahan" : "Wabui",
  "kodepos" : "98768"
}, {
  "kecamatan" : "Sugapa",
  "kelurahan" : "Ugimba",
  "kodepos" : "98768"
}, {
  "kecamatan" : "Sugapa",
  "kelurahan" : "Wandoga",
  "kodepos" : "98768"
}, {
  "kecamatan" : "Hitadipa",
  "kelurahan" : "Sanaba (Sanamba)",
  "kodepos" : "98768"
}, {
  "kecamatan" : "Hitadipa",
  "kelurahan" : "Soagama",
  "kodepos" : "98768"
}, {
  "kecamatan" : "Hitadipa",
  "kelurahan" : "Titigi",
  "kodepos" : "98768"
}, {
  "kecamatan" : "Sugapa",
  "kelurahan" : "Mindau",
  "kodepos" : "98768"
}, {
  "kecamatan" : "Sugapa",
  "kelurahan" : "Puyagiya",
  "kodepos" : "98768"
}, {
  "kecamatan" : "Sugapa",
  "kelurahan" : "Mamba",
  "kodepos" : "98768"
}, {
  "kecamatan" : "Sugapa",
  "kelurahan" : "Mbilusiga",
  "kodepos" : "98768"
}, {
  "kecamatan" : "Sugapa",
  "kelurahan" : "Kumlagupa",
  "kodepos" : "98768"
}, {
  "kecamatan" : "Hitadipa",
  "kelurahan" : "Kulapa",
  "kodepos" : "98768"
}, {
  "kecamatan" : "Sugapa",
  "kelurahan" : "Emondi (Kemondi)",
  "kodepos" : "98768"
}, {
  "kecamatan" : "Hitadipa",
  "kelurahan" : "Hitadipa",
  "kodepos" : "98768"
}, {
  "kecamatan" : "Hitadipa",
  "kelurahan" : "Danggomba",
  "kodepos" : "98768"
}, {
  "kecamatan" : "Sugapa",
  "kelurahan" : "Degeyabu",
  "kodepos" : "98768"
}, {
  "kecamatan" : "Hitadipa",
  "kelurahan" : "Eknemba/Elenemba",
  "kodepos" : "98768"
}, {
  "kecamatan" : "Sugapa",
  "kelurahan" : "Bilogai",
  "kodepos" : "98768"
}, {
  "kecamatan" : "Homeo (Homeyo)",
  "kelurahan" : "Zomban Doga (Zombandoga)",
  "kodepos" : "98767"
}, {
  "kecamatan" : "Homeo (Homeyo)",
  "kelurahan" : "Pogapa",
  "kodepos" : "98767"
}, {
  "kecamatan" : "Homeo (Homeyo)",
  "kelurahan" : "Selemana (Selemama)",
  "kodepos" : "98767"
}, {
  "kecamatan" : "Homeo (Homeyo)",
  "kelurahan" : "Waiagepa / Waigepa",
  "kodepos" : "98767"
}, {
  "kecamatan" : "Homeo (Homeyo)",
  "kelurahan" : "Ogeapa / Ogeayapa",
  "kodepos" : "98767"
}, {
  "kecamatan" : "Homeo (Homeyo)",
  "kelurahan" : "Mapa",
  "kodepos" : "98767"
}, {
  "kecamatan" : "Homeo (Homeyo)",
  "kelurahan" : "Maya",
  "kodepos" : "98767"
}, {
  "kecamatan" : "Homeo (Homeyo)",
  "kelurahan" : "Kenetapa (Kendetapa/Kenedepa)",
  "kodepos" : "98767"
}, {
  "kecamatan" : "Homeo (Homeyo)",
  "kelurahan" : "Kobae (Kobai)",
  "kodepos" : "98767"
}, {
  "kecamatan" : "Homeo (Homeyo)",
  "kelurahan" : "Hugitapa / Hubitapa",
  "kodepos" : "98767"
}, {
  "kecamatan" : "Homeo (Homeyo)",
  "kelurahan" : "Hiyabu",
  "kodepos" : "98767"
}, {
  "kecamatan" : "Homeo (Homeyo)",
  "kelurahan" : "Bubisiga (Bugusiga)",
  "kodepos" : "98767"
}, {
  "kecamatan" : "Homeo (Homeyo)",
  "kelurahan" : "Degesiga (Degesise)",
  "kodepos" : "98767"
}, {
  "kecamatan" : "Homeo (Homeyo)",
  "kelurahan" : "Engganega",
  "kodepos" : "98767"
}, {
  "kecamatan" : "Homeo (Homeyo)",
  "kelurahan" : "Bilai Dua (II)",
  "kodepos" : "98767"
}, {
  "kecamatan" : "Homeo (Homeyo)",
  "kelurahan" : "Bilai Satu (I)",
  "kodepos" : "98767"
}, {
  "kecamatan" : "Homeo (Homeyo)",
  "kelurahan" : "Agapa",
  "kodepos" : "98767"
} ]
