[ {
  "kecamatan" : "Demba Masirei",
  "kelurahan" : "Wonti Bokadaro",
  "kodepos" : "98263"
}, {
  "kecamatan" : "Demba Masirei",
  "kelurahan" : "Wanda",
  "kodepos" : "98263"
}, {
  "kecamatan" : "Risei Sayati",
  "kelurahan" : "Wobari",
  "kodepos" : "98263"
}, {
  "kecamatan" : "Kirihi",
  "kelurahan" : "Wafuka",
  "kodepos" : "98263"
}, {
  "kecamatan" : "Demba Masirei",
  "kelurahan" : "Tetui",
  "kodepos" : "98263"
}, {
  "kecamatan" : "Demba Masirei",
  "kelurahan" : "Urato",
  "kodepos" : "98263"
}, {
  "kecamatan" : "Risei Sayati",
  "kelurahan" : "Soyoi",
  "kodepos" : "98263"
}, {
  "kecamatan" : "Kirihi",
  "kelurahan" : "Sooh",
  "kodepos" : "98263"
}, {
  "kecamatan" : "Kirihi",
  "kelurahan" : "Spoiri",
  "kodepos" : "98263"
}, {
  "kecamatan" : "Masirei",
  "kelurahan" : "Saurisirami",
  "kodepos" : "98263"
}, {
  "kecamatan" : "Masirei",
  "kelurahan" : "Sinonde",
  "kodepos" : "98263"
}, {
  "kecamatan" : "Risei Sayati",
  "kelurahan" : "Risei Sayati",
  "kodepos" : "98263"
}, {
  "kecamatan" : "Kirihi",
  "kelurahan" : "Poira",
  "kodepos" : "98263"
}, {
  "kecamatan" : "Demba Masirei",
  "kelurahan" : "Odase",
  "kodepos" : "98263"
}, {
  "kecamatan" : "Masirei",
  "kelurahan" : "Odase",
  "kodepos" : "98263"
}, {
  "kecamatan" : "Demba Masirei",
  "kelurahan" : "Mayaghaido",
  "kodepos" : "98263"
}, {
  "kecamatan" : "Risei Sayati",
  "kelurahan" : "Napani",
  "kodepos" : "98263"
}, {
  "kecamatan" : "Risei Sayati",
  "kelurahan" : "Mambai",
  "kodepos" : "98263"
}, {
  "kecamatan" : "Masirei",
  "kelurahan" : "Mayagaido (Mayaghaido)",
  "kodepos" : "98263"
}, {
  "kecamatan" : "Kirihi",
  "kelurahan" : "Kuaisa",
  "kodepos" : "98263"
}, {
  "kecamatan" : "Masirei",
  "kelurahan" : "Koweda",
  "kodepos" : "98263"
}, {
  "kecamatan" : "Demba Masirei",
  "kelurahan" : "Fafai",
  "kodepos" : "98263"
}, {
  "kecamatan" : "Kirihi",
  "kelurahan" : "Kawari",
  "kodepos" : "98263"
}, {
  "kecamatan" : "Kirihi",
  "kelurahan" : "Dirou",
  "kodepos" : "98263"
}, {
  "kecamatan" : "Kirihi",
  "kelurahan" : "Diwa",
  "kodepos" : "98263"
}, {
  "kecamatan" : "Demba Masirei",
  "kelurahan" : "Demba",
  "kodepos" : "98263"
}, {
  "kecamatan" : "Risei Sayati",
  "kelurahan" : "Daimboa",
  "kodepos" : "98263"
}, {
  "kecamatan" : "Kirihi",
  "kelurahan" : "Dairi",
  "kodepos" : "98263"
}, {
  "kecamatan" : "Kirihi",
  "kelurahan" : "Antu Aru",
  "kodepos" : "98263"
}, {
  "kecamatan" : "Demba Masirei",
  "kelurahan" : "Aniboi",
  "kodepos" : "98263"
}, {
  "kecamatan" : "Oudate Waropen",
  "kelurahan" : "Sowiwa",
  "kodepos" : "98262"
}, {
  "kecamatan" : "Oudate Waropen",
  "kelurahan" : "Ruambak Jaya",
  "kodepos" : "98262"
}, {
  "kecamatan" : "Oudate Waropen",
  "kelurahan" : "Rasawa",
  "kodepos" : "98262"
}, {
  "kecamatan" : "Oudate Waropen",
  "kelurahan" : "Nau",
  "kodepos" : "98262"
}, {
  "kecamatan" : "Oudate Waropen",
  "kelurahan" : "Oiboa",
  "kodepos" : "98262"
}, {
  "kecamatan" : "Oudate Waropen",
  "kelurahan" : "Moroa",
  "kodepos" : "98262"
}, {
  "kecamatan" : "Oudate Waropen",
  "kelurahan" : "Botawa",
  "kodepos" : "98262"
}, {
  "kecamatan" : "Oudate Waropen",
  "kelurahan" : "Baino Jaya",
  "kodepos" : "98262"
}, {
  "kecamatan" : "Wapoga Inggerus",
  "kelurahan" : "Waweri",
  "kodepos" : "98261"
}, {
  "kecamatan" : "Waropen Bawah",
  "kelurahan" : "Waren Dua (II)",
  "kodepos" : "98261"
}, {
  "kecamatan" : "Waropen Bawah",
  "kelurahan" : "Waren Satu (I)",
  "kodepos" : "98261"
}, {
  "kecamatan" : "Wapoga Inggerus",
  "kelurahan" : "Wapoga",
  "kodepos" : "98261"
}, {
  "kecamatan" : "Ureifasei",
  "kelurahan" : "Usaiwa",
  "kodepos" : "98261"
}, {
  "kecamatan" : "Waropen Bawah",
  "kelurahan" : "Uri",
  "kodepos" : "98261"
}, {
  "kecamatan" : "Ureifasei",
  "kelurahan" : "Ureifasei Satu (I)",
  "kodepos" : "98261"
}, {
  "kecamatan" : "Ureifasei",
  "kelurahan" : "Ureifasei Tiga (III)",
  "kodepos" : "98261"
}, {
  "kecamatan" : "Wapoga Inggerus",
  "kelurahan" : "Syewa Merare",
  "kodepos" : "98261"
}, {
  "kecamatan" : "Ureifasei",
  "kelurahan" : "Ureifasei Dua (II)",
  "kodepos" : "98261"
}, {
  "kecamatan" : "Waropen Bawah",
  "kelurahan" : "Ruambak Jaya",
  "kodepos" : "98261"
}, {
  "kecamatan" : "Waropen Bawah",
  "kelurahan" : "Sawara Jaya",
  "kodepos" : "98261"
}, {
  "kecamatan" : "Wapoga Inggerus",
  "kelurahan" : "Pirare",
  "kodepos" : "98261"
}, {
  "kecamatan" : "Ureifasei",
  "kelurahan" : "Ronggaiwa",
  "kodepos" : "98261"
}, {
  "kecamatan" : "Ureifasei",
  "kelurahan" : "Rorisi",
  "kodepos" : "98261"
}, {
  "kecamatan" : "Inggerus",
  "kelurahan" : "Pirare",
  "kodepos" : "98261"
}, {
  "kecamatan" : "Ureifasei",
  "kelurahan" : "Paradoi",
  "kodepos" : "98261"
}, {
  "kecamatan" : "Inggerus",
  "kelurahan" : "Otodemo",
  "kodepos" : "98261"
}, {
  "kecamatan" : "Ureifasei",
  "kelurahan" : "Nubuai",
  "kodepos" : "98261"
}, {
  "kecamatan" : "Waropen Bawah",
  "kelurahan" : "Nonomi",
  "kodepos" : "98261"
}, {
  "kecamatan" : "Waropen Bawah",
  "kelurahan" : "Nau",
  "kodepos" : "98261"
}, {
  "kecamatan" : "Ureifasei",
  "kelurahan" : "Kemon Jaya",
  "kodepos" : "98261"
}, {
  "kecamatan" : "Ureifasei",
  "kelurahan" : "Mambui",
  "kodepos" : "98261"
}, {
  "kecamatan" : "Inggerus",
  "kelurahan" : "Harapan Jaya",
  "kodepos" : "98261"
}, {
  "kecamatan" : "Wapoga Inggerus",
  "kelurahan" : "Kamarisano",
  "kodepos" : "98261"
}, {
  "kecamatan" : "Inggerus",
  "kelurahan" : "Demisa",
  "kodepos" : "98261"
}, {
  "kecamatan" : "Wapoga Inggerus",
  "kelurahan" : "Dokis",
  "kodepos" : "98261"
}, {
  "kecamatan" : "Ureifasei",
  "kelurahan" : "Ghoyui",
  "kodepos" : "98261"
}, {
  "kecamatan" : "Wapoga Inggerus",
  "kelurahan" : "Awera",
  "kodepos" : "98261"
}, {
  "kecamatan" : "Ureifasei",
  "kelurahan" : "Apainabo",
  "kodepos" : "98261"
}, {
  "kecamatan" : "Inggerus",
  "kelurahan" : "Awaso",
  "kodepos" : "98261"
}, {
  "kecamatan" : "Inggerus",
  "kelurahan" : "Awera",
  "kodepos" : "98261"
}, {
  "kecamatan" : "Inggerus",
  "kelurahan" : "Aiboa",
  "kodepos" : "98261"
} ]
