[ {
  "kecamatan" : "Angkaisera",
  "kelurahan" : "Wawuti",
  "kodepos" : "98255"
}, {
  "kecamatan" : "Angkaisera",
  "kelurahan" : "Yapanani",
  "kodepos" : "98255"
}, {
  "kecamatan" : "Angkaisera",
  "kelurahan" : "Waniwon",
  "kodepos" : "98255"
}, {
  "kecamatan" : "Angkaisera",
  "kelurahan" : "Wanampompi",
  "kodepos" : "98255"
}, {
  "kecamatan" : "Kepulauan Ambai",
  "kelurahan" : "Wamori",
  "kodepos" : "98255"
}, {
  "kecamatan" : "Angkaisera",
  "kelurahan" : "Wadapi",
  "kodepos" : "98255"
}, {
  "kecamatan" : "Kepulauan Ambai",
  "kelurahan" : "Umani",
  "kodepos" : "98255"
}, {
  "kecamatan" : "Kepulauan Ambai",
  "kelurahan" : "Saweru",
  "kodepos" : "98255"
}, {
  "kecamatan" : "Kepulauan Ambai",
  "kelurahan" : "Toroa",
  "kodepos" : "98255"
}, {
  "kecamatan" : "Angkaisera",
  "kelurahan" : "Sanayoka",
  "kodepos" : "98255"
}, {
  "kecamatan" : "Kepulauan Ambai",
  "kelurahan" : "Rondepi",
  "kodepos" : "98255"
}, {
  "kecamatan" : "Angkaisera",
  "kelurahan" : "Roipi",
  "kodepos" : "98255"
}, {
  "kecamatan" : "Angkaisera",
  "kelurahan" : "Roipi Dua",
  "kodepos" : "98255"
}, {
  "kecamatan" : "Angkaisera",
  "kelurahan" : "Rambai",
  "kodepos" : "98255"
}, {
  "kecamatan" : "Angkaisera",
  "kelurahan" : "Ransarnoni (Ramsamoni)",
  "kodepos" : "98255"
}, {
  "kecamatan" : "Kepulauan Ambai",
  "kelurahan" : "Perea",
  "kodepos" : "98255"
}, {
  "kecamatan" : "Kepulauan Ambai",
  "kelurahan" : "Nuniandei",
  "kodepos" : "98255"
}, {
  "kecamatan" : "Angkaisera",
  "kelurahan" : "Menawi",
  "kodepos" : "98255"
}, {
  "kecamatan" : "Angkaisera",
  "kelurahan" : "Mananayam",
  "kodepos" : "98255"
}, {
  "kecamatan" : "Kepulauan Ambai",
  "kelurahan" : "Marawi",
  "kodepos" : "98255"
}, {
  "kecamatan" : "Kepulauan Ambai",
  "kelurahan" : "Mambawi (Ambai III)",
  "kodepos" : "98255"
}, {
  "kecamatan" : "Angkaisera",
  "kelurahan" : "Kontiunai (Kontinuai)",
  "kodepos" : "98255"
}, {
  "kecamatan" : "Kepulauan Ambai",
  "kelurahan" : "Kawipi",
  "kodepos" : "98255"
}, {
  "kecamatan" : "Angkaisera",
  "kelurahan" : "Kainui II",
  "kodepos" : "98255"
}, {
  "kecamatan" : "Angkaisera",
  "kelurahan" : "Kabuaena",
  "kodepos" : "98255"
}, {
  "kecamatan" : "Angkaisera",
  "kelurahan" : "Kainui I",
  "kodepos" : "98255"
}, {
  "kecamatan" : "Kepulauan Ambai",
  "kelurahan" : "Imboriawa",
  "kodepos" : "98255"
}, {
  "kecamatan" : "Angkaisera",
  "kelurahan" : "Borai",
  "kodepos" : "98255"
}, {
  "kecamatan" : "Kepulauan Ambai",
  "kelurahan" : "Dorau",
  "kodepos" : "98255"
}, {
  "kecamatan" : "Kepulauan Ambai",
  "kelurahan" : "Baisore",
  "kodepos" : "98255"
}, {
  "kecamatan" : "Kepulauan Ambai",
  "kelurahan" : "Bairei",
  "kodepos" : "98255"
}, {
  "kecamatan" : "Kepulauan Ambai",
  "kelurahan" : "Baisore",
  "kodepos" : "98255"
}, {
  "kecamatan" : "Kepulauan Ambai",
  "kelurahan" : "Ambai II",
  "kodepos" : "98255"
}, {
  "kecamatan" : "Kepulauan Ambai",
  "kelurahan" : "Ambai I",
  "kodepos" : "98255"
}, {
  "kecamatan" : "Kepulauan Ambai",
  "kelurahan" : "Aiwaraggani",
  "kodepos" : "98255"
}, {
  "kecamatan" : "Angkaisera",
  "kelurahan" : "Aitiri",
  "kodepos" : "98255"
}, {
  "kecamatan" : "Kepulauan Ambai",
  "kelurahan" : "Adiwipi",
  "kodepos" : "98255"
}, {
  "kecamatan" : "Poom",
  "kelurahan" : "Worioi (Wariori)",
  "kodepos" : "98254"
}, {
  "kecamatan" : "Windesi",
  "kelurahan" : "Windesi",
  "kodepos" : "98254"
}, {
  "kecamatan" : "Windesi",
  "kelurahan" : "Waisani",
  "kodepos" : "98254"
}, {
  "kecamatan" : "Poom",
  "kelurahan" : "Serewen",
  "kodepos" : "98254"
}, {
  "kecamatan" : "Windesi",
  "kelurahan" : "Saruman",
  "kodepos" : "98254"
}, {
  "kecamatan" : "Windesi",
  "kelurahan" : "Rosbori",
  "kodepos" : "98254"
}, {
  "kecamatan" : "Poom",
  "kelurahan" : "Rasiri (Woisiri)",
  "kodepos" : "98254"
}, {
  "kecamatan" : "Poom",
  "kelurahan" : "Poom II",
  "kodepos" : "98254"
}, {
  "kecamatan" : "Poom",
  "kelurahan" : "Nurawi",
  "kodepos" : "98254"
}, {
  "kecamatan" : "Poom",
  "kelurahan" : "Poom I",
  "kodepos" : "98254"
}, {
  "kecamatan" : "Windesi",
  "kelurahan" : "Kairawi (Karawi)",
  "kodepos" : "98254"
}, {
  "kecamatan" : "Windesi",
  "kelurahan" : "Munggui",
  "kodepos" : "98254"
}, {
  "kecamatan" : "Poom",
  "kelurahan" : "Makiroan (Mokiroan)",
  "kodepos" : "98254"
}, {
  "kecamatan" : "Poom",
  "kelurahan" : "Humbe Awai",
  "kodepos" : "98254"
}, {
  "kecamatan" : "Windesi",
  "kelurahan" : "Asai",
  "kodepos" : "98254"
}, {
  "kecamatan" : "Yapen Barat",
  "kelurahan" : "Yenusi Marau",
  "kodepos" : "98253"
}, {
  "kecamatan" : "Pulau Yerui",
  "kelurahan" : "Yeituarau",
  "kodepos" : "98253"
}, {
  "kecamatan" : "Windesi",
  "kelurahan" : "Aryobu",
  "kodepos" : "98254"
}, {
  "kecamatan" : "Wonawa",
  "kelurahan" : "Wooi",
  "kodepos" : "98253"
}, {
  "kecamatan" : "Yapen Barat",
  "kelurahan" : "Yarori",
  "kodepos" : "98253"
}, {
  "kecamatan" : "Wonawa",
  "kelurahan" : "Woinap",
  "kodepos" : "98253"
}, {
  "kecamatan" : "Yapen Barat",
  "kelurahan" : "Woiwani",
  "kodepos" : "98253"
}, {
  "kecamatan" : "Yapen Barat",
  "kelurahan" : "Webi",
  "kodepos" : "98253"
}, {
  "kecamatan" : "Yapen Barat",
  "kelurahan" : "Wimoni",
  "kodepos" : "98253"
}, {
  "kecamatan" : "Yapen Barat",
  "kelurahan" : "Warabori",
  "kodepos" : "98253"
}, {
  "kecamatan" : "Pulau Yerui",
  "kelurahan" : "Umpeki",
  "kodepos" : "98253"
}, {
  "kecamatan" : "Yapen Barat",
  "kelurahan" : "Toweta",
  "kodepos" : "98253"
}, {
  "kecamatan" : "Yapen Barat",
  "kelurahan" : "Sasawa",
  "kodepos" : "98253"
}, {
  "kecamatan" : "Wonawa",
  "kelurahan" : "Rembai",
  "kodepos" : "98253"
}, {
  "kecamatan" : "Yapen Barat",
  "kelurahan" : "Natabui",
  "kodepos" : "98253"
}, {
  "kecamatan" : "Yapen Barat",
  "kelurahan" : "Nuiwiora",
  "kodepos" : "98253"
}, {
  "kecamatan" : "Yapen Barat",
  "kelurahan" : "Papuma (Papuama)",
  "kodepos" : "98253"
}, {
  "kecamatan" : "Pulau Yerui",
  "kelurahan" : "Miosnum",
  "kodepos" : "98253"
}, {
  "kecamatan" : "Yapen Barat",
  "kelurahan" : "Narei",
  "kodepos" : "98253"
}, {
  "kecamatan" : "Yapen Barat",
  "kelurahan" : "Marau",
  "kodepos" : "98253"
}, {
  "kecamatan" : "Yapen Barat",
  "kelurahan" : "Maniri",
  "kodepos" : "98253"
}, {
  "kecamatan" : "Wonawa",
  "kelurahan" : "Karemoni",
  "kodepos" : "98253"
}, {
  "kecamatan" : "Windesi",
  "kelurahan" : "Kaonda",
  "kodepos" : "98253"
}, {
  "kecamatan" : "Wonawa",
  "kelurahan" : "Kanaki",
  "kodepos" : "98253"
}, {
  "kecamatan" : "Yapen Barat",
  "kelurahan" : "Kairawi",
  "kodepos" : "98253"
}, {
  "kecamatan" : "Pulau Yerui",
  "kelurahan" : "Jeniari",
  "kodepos" : "98253"
}, {
  "kecamatan" : "Wonawa",
  "kelurahan" : "Jaimaria",
  "kodepos" : "98253"
}, {
  "kecamatan" : "Yapen Barat",
  "kelurahan" : "Inowa",
  "kodepos" : "98253"
}, {
  "kecamatan" : "Wonawa",
  "kelurahan" : "Dumani",
  "kodepos" : "98253"
}, {
  "kecamatan" : "Wonawa",
  "kelurahan" : "Haihorei",
  "kodepos" : "98253"
}, {
  "kecamatan" : "Pulau Yerui",
  "kelurahan" : "Ausem",
  "kodepos" : "98253"
}, {
  "kecamatan" : "Wonawa",
  "kelurahan" : "Awado",
  "kodepos" : "98253"
}, {
  "kecamatan" : "Yapen Barat",
  "kelurahan" : "Ansus",
  "kodepos" : "98253"
}, {
  "kecamatan" : "Wonawa",
  "kelurahan" : "Aibondeni",
  "kodepos" : "98253"
}, {
  "kecamatan" : "Yapen Utara",
  "kelurahan" : "Yobi",
  "kodepos" : "98252"
}, {
  "kecamatan" : "Yapen Timur",
  "kelurahan" : "Woinsupi (Waisopi)",
  "kodepos" : "98252"
}, {
  "kecamatan" : "Raimbawi",
  "kelurahan" : "Woda",
  "kodepos" : "98252"
}, {
  "kecamatan" : "Teluk Ampimoi",
  "kelurahan" : "Warironi",
  "kodepos" : "98252"
}, {
  "kecamatan" : "Teluk Ampimoi",
  "kelurahan" : "Waita",
  "kodepos" : "98252"
}, {
  "kecamatan" : "Raimbawi",
  "kelurahan" : "Waindu",
  "kodepos" : "98252"
}, {
  "kecamatan" : "Teluk Ampimoi",
  "kelurahan" : "Wabuayar (Wabuayer)",
  "kodepos" : "98252"
}, {
  "kecamatan" : "Yapen Timur",
  "kelurahan" : "Wabompi",
  "kodepos" : "98252"
}, {
  "kecamatan" : "Yapen Timur",
  "kelurahan" : "Wabo",
  "kodepos" : "98252"
}, {
  "kecamatan" : "Yapen Utara",
  "kelurahan" : "Tindaret",
  "kodepos" : "98252"
}, {
  "kecamatan" : "Teluk Ampimoi",
  "kelurahan" : "Tarei",
  "kodepos" : "98252"
}, {
  "kecamatan" : "Yapen Utara",
  "kelurahan" : "Soromasen (Soromasem)",
  "kodepos" : "98252"
}, {
  "kecamatan" : "Teluk Ampimoi",
  "kelurahan" : "Siromi",
  "kodepos" : "98252"
}, {
  "kecamatan" : "Yapen Timur",
  "kelurahan" : "Sere Sere",
  "kodepos" : "98252"
}, {
  "kecamatan" : "Raimbawi",
  "kelurahan" : "Sawenui (Sawenoi)",
  "kodepos" : "98252"
}, {
  "kecamatan" : "Yapen Utara",
  "kelurahan" : "Sambrawai (Samrawai)",
  "kodepos" : "98252"
}, {
  "kecamatan" : "Raimbawi",
  "kelurahan" : "Sawendui",
  "kodepos" : "98252"
}, {
  "kecamatan" : "Yapen Utara",
  "kelurahan" : "Roswari (Artaneng)",
  "kodepos" : "98252"
}, {
  "kecamatan" : "Teluk Ampimoi",
  "kelurahan" : "Randawaya",
  "kodepos" : "98252"
}, {
  "kecamatan" : "Yapen Timur",
  "kelurahan" : "Nunsembai (Hunsembai)",
  "kodepos" : "98252"
}, {
  "kecamatan" : "Yapen Timur",
  "kelurahan" : "Nunsiari",
  "kodepos" : "98252"
}, {
  "kecamatan" : "Pulau Kurudu",
  "kelurahan" : "Mnukwar",
  "kodepos" : "98252"
}, {
  "kecamatan" : "Yapen Timur",
  "kelurahan" : "Mereruni (Maseruni)",
  "kodepos" : "98252"
}, {
  "kecamatan" : "Pulau Kurudu",
  "kelurahan" : "Mansesi",
  "kodepos" : "98252"
}, {
  "kecamatan" : "Pulau Kurudu",
  "kelurahan" : "Manusundu",
  "kodepos" : "98252"
}, {
  "kecamatan" : "Pulau Kurudu",
  "kelurahan" : "Kurudu",
  "kodepos" : "98252"
}, {
  "kecamatan" : "Raimbawi",
  "kelurahan" : "Kororompui",
  "kodepos" : "98252"
}, {
  "kecamatan" : "Yapen Utara",
  "kelurahan" : "Kiriyou (Kiriyow)",
  "kodepos" : "98252"
}, {
  "kecamatan" : "Yapen Timur",
  "kelurahan" : "Korombobi (Karombobi)",
  "kodepos" : "98252"
}, {
  "kecamatan" : "Pulau Kurudu",
  "kelurahan" : "Kirimbri",
  "kodepos" : "98252"
}, {
  "kecamatan" : "Yapen Utara",
  "kelurahan" : "Karawi",
  "kodepos" : "98252"
}, {
  "kecamatan" : "Teluk Ampimoi",
  "kelurahan" : "Karoaipi (Koroapi)",
  "kodepos" : "98252"
}, {
  "kecamatan" : "Pulau Kurudu",
  "kelurahan" : "Kaipuri",
  "kodepos" : "98252"
}, {
  "kecamatan" : "Yapen Timur",
  "kelurahan" : "Dawai",
  "kodepos" : "98252"
}, {
  "kecamatan" : "Yapen Timur",
  "kelurahan" : "Duai",
  "kodepos" : "98252"
}, {
  "kecamatan" : "Pulau Kurudu",
  "kelurahan" : "Doreiamini (Doreianmini)",
  "kodepos" : "98252"
}, {
  "kecamatan" : "Teluk Ampimoi",
  "kelurahan" : "Bareraipi (Barerai/Bareraif)",
  "kodepos" : "98252"
}, {
  "kecamatan" : "Raimbawi",
  "kelurahan" : "Barawai II",
  "kodepos" : "98252"
}, {
  "kecamatan" : "Teluk Ampimoi",
  "kelurahan" : "Ayari",
  "kodepos" : "98252"
}, {
  "kecamatan" : "Yapen Timur",
  "kelurahan" : "Awunawai",
  "kodepos" : "98252"
}, {
  "kecamatan" : "Raimbawi",
  "kelurahan" : "Barawai",
  "kodepos" : "98252"
}, {
  "kecamatan" : "Teluk Ampimoi",
  "kelurahan" : "Arareni",
  "kodepos" : "98252"
}, {
  "kecamatan" : "Pulau Kurudu",
  "kelurahan" : "Andesaria (Andersaria)",
  "kodepos" : "98252"
}, {
  "kecamatan" : "Teluk Ampimoi",
  "kelurahan" : "Ampimoi",
  "kodepos" : "98252"
}, {
  "kecamatan" : "Raimbawi",
  "kelurahan" : "Aisau",
  "kodepos" : "98252"
}, {
  "kecamatan" : "Kosiwo",
  "kelurahan" : "Tatui",
  "kodepos" : "98215"
}, {
  "kecamatan" : "Yapen Selatan",
  "kelurahan" : "Yapan",
  "kodepos" : "98215"
}, {
  "kecamatan" : "Kosiwo",
  "kelurahan" : "Sarawandori Dua",
  "kodepos" : "98215"
}, {
  "kecamatan" : "Kosiwo",
  "kelurahan" : "Serawandori (Sarawandori)",
  "kodepos" : "98215"
}, {
  "kecamatan" : "Yapen Selatan",
  "kelurahan" : "Serui Laut",
  "kodepos" : "98215"
}, {
  "kecamatan" : "Kosiwo",
  "kelurahan" : "Ramangkurani",
  "kodepos" : "98215"
}, {
  "kecamatan" : "Yapen Selatan",
  "kelurahan" : "Pasir Putih",
  "kodepos" : "98215"
}, {
  "kecamatan" : "Kosiwo",
  "kelurahan" : "Panduami (Pandoami/Panduani)",
  "kodepos" : "98215"
}, {
  "kecamatan" : "Yapen Selatan",
  "kelurahan" : "Pasir Hitam",
  "kodepos" : "98215"
}, {
  "kecamatan" : "Yapen Selatan",
  "kelurahan" : "Nundawipi",
  "kodepos" : "98215"
}, {
  "kecamatan" : "Kosiwo",
  "kelurahan" : "Numaman",
  "kodepos" : "98215"
}, {
  "kecamatan" : "Yapen Selatan",
  "kelurahan" : "Mariadei (Mariaderi)",
  "kodepos" : "98215"
}, {
  "kecamatan" : "Kosiwo",
  "kelurahan" : "Mariarotu (Mariar Rotu)",
  "kodepos" : "98215"
}, {
  "kecamatan" : "Kosiwo",
  "kelurahan" : "Mambo",
  "kodepos" : "98215"
}, {
  "kecamatan" : "Kosiwo",
  "kelurahan" : "Manainin",
  "kodepos" : "98215"
}, {
  "kecamatan" : "Kosiwo",
  "kelurahan" : "Kanawa",
  "kodepos" : "98215"
}, {
  "kecamatan" : "Yapen Selatan",
  "kelurahan" : "Kandowarira",
  "kodepos" : "98215"
}, {
  "kecamatan" : "Yapen Selatan",
  "kelurahan" : "Ketuapi",
  "kodepos" : "98215"
}, {
  "kecamatan" : "Kosiwo",
  "kelurahan" : "Kamanap",
  "kodepos" : "98215"
}, {
  "kecamatan" : "Yapen Selatan",
  "kelurahan" : "Bawai",
  "kodepos" : "98215"
}, {
  "kecamatan" : "Yapen Selatan",
  "kelurahan" : "Famboaman (Fambuaman)",
  "kodepos" : "98215"
}, {
  "kecamatan" : "Yapen Selatan",
  "kelurahan" : "Banawa",
  "kodepos" : "98215"
}, {
  "kecamatan" : "Yapen Selatan",
  "kelurahan" : "Barawaikap",
  "kodepos" : "98215"
}, {
  "kecamatan" : "Kosiwo",
  "kelurahan" : "Ariepi Dua",
  "kodepos" : "98215"
}, {
  "kecamatan" : "Kosiwo",
  "kelurahan" : "Aromarea",
  "kodepos" : "98215"
}, {
  "kecamatan" : "Kosiwo",
  "kelurahan" : "Ambaidiru",
  "kodepos" : "98215"
}, {
  "kecamatan" : "Kosiwo",
  "kelurahan" : "Ariepi",
  "kodepos" : "98215"
}, {
  "kecamatan" : "Yapen Selatan",
  "kelurahan" : "Anataurei (Anatorei)",
  "kodepos" : "98214"
}, {
  "kecamatan" : "Yapen Selatan",
  "kelurahan" : "Serui Jaya",
  "kodepos" : "98212"
}, {
  "kecamatan" : "Yapen Selatan",
  "kelurahan" : "Tarau",
  "kodepos" : "98213"
}, {
  "kecamatan" : "Yapen Selatan",
  "kelurahan" : "Turu",
  "kodepos" : "98211"
}, {
  "kecamatan" : "Yapen Selatan",
  "kelurahan" : "Warari",
  "kodepos" : "98211"
}, {
  "kecamatan" : "Yapen Selatan",
  "kelurahan" : "Serui Kota",
  "kodepos" : "98211"
}, {
  "kecamatan" : "Yapen Selatan",
  "kelurahan" : "Manaini",
  "kodepos" : "98211"
}, {
  "kecamatan" : "Yapen Selatan",
  "kelurahan" : "Mantembu",
  "kodepos" : "98211"
}, {
  "kecamatan" : "Yapen Selatan",
  "kelurahan" : "Imandoa",
  "kodepos" : "98211"
} ]
