[ {
  "kecamatan" : "Orkeri",
  "kelurahan" : "Yenbebon (Yenbepon)",
  "kodepos" : "98172"
}, {
  "kecamatan" : "Orkeri",
  "kelurahan" : "Yenbeba",
  "kodepos" : "98172"
}, {
  "kecamatan" : "Numfor Barat",
  "kelurahan" : "Warido",
  "kodepos" : "98172"
}, {
  "kecamatan" : "Numfor Barat",
  "kelurahan" : "Subangungsi (Submanggunsi)",
  "kodepos" : "98172"
}, {
  "kecamatan" : "Orkeri",
  "kelurahan" : "Supmander",
  "kodepos" : "98172"
}, {
  "kecamatan" : "Orkeri",
  "kelurahan" : "Wansra",
  "kodepos" : "98172"
}, {
  "kecamatan" : "Numfor Barat",
  "kelurahan" : "Serbin",
  "kodepos" : "98172"
}, {
  "kecamatan" : "Numfor Barat",
  "kelurahan" : "Semayen",
  "kodepos" : "98172"
}, {
  "kecamatan" : "Orkeri",
  "kelurahan" : "Saribi",
  "kodepos" : "98172"
}, {
  "kecamatan" : "Numfor Barat",
  "kelurahan" : "Rimbaraya",
  "kodepos" : "98172"
}, {
  "kecamatan" : "Orkeri",
  "kelurahan" : "Rawar",
  "kodepos" : "98172"
}, {
  "kecamatan" : "Numfor Barat",
  "kelurahan" : "Pondori (Pomdori)",
  "kodepos" : "98172"
}, {
  "kecamatan" : "Numfor Barat",
  "kelurahan" : "Pomdori Sup",
  "kodepos" : "98172"
}, {
  "kecamatan" : "Orkeri",
  "kelurahan" : "Pakreki",
  "kodepos" : "98172"
}, {
  "kecamatan" : "Numfor Barat",
  "kelurahan" : "Namber",
  "kodepos" : "98172"
}, {
  "kecamatan" : "Orkeri",
  "kelurahan" : "Masyara",
  "kodepos" : "98172"
}, {
  "kecamatan" : "Orkeri",
  "kelurahan" : "Manwor Indah",
  "kodepos" : "98172"
}, {
  "kecamatan" : "Numfor Barat",
  "kelurahan" : "Kansai",
  "kodepos" : "98172"
}, {
  "kecamatan" : "Numfor Barat",
  "kelurahan" : "Mambodo Sawai",
  "kodepos" : "98172"
}, {
  "kecamatan" : "Numfor Barat",
  "kelurahan" : "Kameri",
  "kodepos" : "98172"
}, {
  "kecamatan" : "Numfor Timur",
  "kelurahan" : "Yenmaru",
  "kodepos" : "98171"
}, {
  "kecamatan" : "Numfor Barat",
  "kelurahan" : "Baruki",
  "kodepos" : "98172"
}, {
  "kecamatan" : "Bruyadori",
  "kelurahan" : "Warbukor",
  "kodepos" : "98171"
}, {
  "kecamatan" : "Numfor Timur",
  "kelurahan" : "Yenburwo",
  "kodepos" : "98171"
}, {
  "kecamatan" : "Poiru",
  "kelurahan" : "Syoribo",
  "kodepos" : "98171"
}, {
  "kecamatan" : "Poiru",
  "kelurahan" : "Serdori",
  "kodepos" : "98171"
}, {
  "kecamatan" : "Poiru",
  "kelurahan" : "Saunbri (Sauribru)",
  "kodepos" : "98171"
}, {
  "kecamatan" : "Poiru",
  "kelurahan" : "Sauri",
  "kodepos" : "98171"
}, {
  "kecamatan" : "Bruyadori",
  "kelurahan" : "Sandou (Sandau)",
  "kodepos" : "98171"
}, {
  "kecamatan" : "Numfor Timur",
  "kelurahan" : "Rarsibo",
  "kodepos" : "98171"
}, {
  "kecamatan" : "Poiru",
  "kelurahan" : "Manggari",
  "kodepos" : "98171"
}, {
  "kecamatan" : "Numfor Timur",
  "kelurahan" : "Pyefuri",
  "kodepos" : "98171"
}, {
  "kecamatan" : "Bruyadori",
  "kelurahan" : "Mandori",
  "kodepos" : "98171"
}, {
  "kecamatan" : "Bruyadori",
  "kelurahan" : "Mandori Sup",
  "kodepos" : "98171"
}, {
  "kecamatan" : "Poiru",
  "kelurahan" : "Koryakam",
  "kodepos" : "98171"
}, {
  "kecamatan" : "Numfor Timur",
  "kelurahan" : "Kornasoren",
  "kodepos" : "98171"
}, {
  "kecamatan" : "Bruyadori",
  "kelurahan" : "Kamumi",
  "kodepos" : "98171"
}, {
  "kecamatan" : "Numfor Timur",
  "kelurahan" : "Indaibori",
  "kodepos" : "98171"
}, {
  "kecamatan" : "Bruyadori",
  "kelurahan" : "Bruyadori",
  "kodepos" : "98171"
}, {
  "kecamatan" : "Bruyadori",
  "kelurahan" : "Dafi",
  "kodepos" : "98171"
}, {
  "kecamatan" : "Bruyadori",
  "kelurahan" : "Duai",
  "kodepos" : "98171"
}, {
  "kecamatan" : "Numfor Timur",
  "kelurahan" : "Barkori",
  "kodepos" : "98171"
}, {
  "kecamatan" : "Poiru",
  "kelurahan" : "Bawei",
  "kodepos" : "98171"
}, {
  "kecamatan" : "Numfor Timur",
  "kelurahan" : "Asaibori",
  "kodepos" : "98171"
}, {
  "kecamatan" : "Numfor Timur",
  "kelurahan" : "Asaryendi",
  "kodepos" : "98171"
}, {
  "kecamatan" : "Bruyadori",
  "kelurahan" : "Arimi Jaya",
  "kodepos" : "98171"
}, {
  "kecamatan" : "Poiru",
  "kelurahan" : "Andei",
  "kodepos" : "98171"
}, {
  "kecamatan" : "Poiru",
  "kelurahan" : "Andei Sup",
  "kodepos" : "98171"
}, {
  "kecamatan" : "Bruyadori",
  "kelurahan" : "Amberparem (Amperem)",
  "kodepos" : "98171"
}, {
  "kecamatan" : "Aimando Padaido",
  "kelurahan" : "Yeri",
  "kodepos" : "98158"
}, {
  "kecamatan" : "Padaido",
  "kelurahan" : "Wundi",
  "kodepos" : "98158"
}, {
  "kecamatan" : "Aimando Padaido",
  "kelurahan" : "Supraima",
  "kodepos" : "98158"
}, {
  "kecamatan" : "Aimando Padaido",
  "kelurahan" : "Yen Manaina",
  "kodepos" : "98158"
}, {
  "kecamatan" : "Padaido",
  "kelurahan" : "Sokani",
  "kodepos" : "98158"
}, {
  "kecamatan" : "Padaido",
  "kelurahan" : "Sorina",
  "kodepos" : "98158"
}, {
  "kecamatan" : "Aimando Padaido",
  "kelurahan" : "Sasari",
  "kodepos" : "98158"
}, {
  "kecamatan" : "Padaido",
  "kelurahan" : "Sandidori (Sandedori)",
  "kodepos" : "98158"
}, {
  "kecamatan" : "Aimando Padaido",
  "kelurahan" : "Saribra",
  "kodepos" : "98158"
}, {
  "kecamatan" : "Padaido",
  "kelurahan" : "Paidori",
  "kodepos" : "98158"
}, {
  "kecamatan" : "Aimando Padaido",
  "kelurahan" : "Pasi",
  "kodepos" : "98158"
}, {
  "kecamatan" : "Aimando Padaido",
  "kelurahan" : "Samber Pasi",
  "kodepos" : "98158"
}, {
  "kecamatan" : "Padaido",
  "kelurahan" : "Pai",
  "kodepos" : "98158"
}, {
  "kecamatan" : "Aimando Padaido",
  "kelurahan" : "Padaido",
  "kodepos" : "98158"
}, {
  "kecamatan" : "Padaido",
  "kelurahan" : "Nusi Babaruk",
  "kodepos" : "98158"
}, {
  "kecamatan" : "Aimando Padaido",
  "kelurahan" : "Nyansoren",
  "kodepos" : "98158"
}, {
  "kecamatan" : "Padaido",
  "kelurahan" : "Nusi",
  "kodepos" : "98158"
}, {
  "kecamatan" : "Aimando Padaido",
  "kelurahan" : "Meos Manguandi (Mangguandi)",
  "kodepos" : "98158"
}, {
  "kecamatan" : "Aimando Padaido",
  "kelurahan" : "Mbromsi",
  "kodepos" : "98158"
}, {
  "kecamatan" : "Padaido",
  "kelurahan" : "Kanai",
  "kodepos" : "98158"
}, {
  "kecamatan" : "Aimando Padaido",
  "kelurahan" : "Karabai",
  "kodepos" : "98158"
}, {
  "kecamatan" : "Padaido",
  "kelurahan" : "Inyebomi (Inbeyomi)",
  "kodepos" : "98158"
}, {
  "kecamatan" : "Padaido",
  "kelurahan" : "Auki",
  "kodepos" : "98158"
}, {
  "kecamatan" : "Aimando Padaido",
  "kelurahan" : "Anobo",
  "kodepos" : "98158"
}, {
  "kecamatan" : "Yawosi",
  "kelurahan" : "Yawosi (Fanindi)",
  "kodepos" : "98157"
}, {
  "kecamatan" : "Warsa",
  "kelurahan" : "Yeruboy",
  "kodepos" : "98157"
}, {
  "kecamatan" : "Andey (Andei)",
  "kelurahan" : "Wouna",
  "kodepos" : "98157"
}, {
  "kecamatan" : "Bondifuar",
  "kelurahan" : "Wopes",
  "kodepos" : "98157"
}, {
  "kecamatan" : "Andey (Andei)",
  "kelurahan" : "Wodu (Makuker)",
  "kodepos" : "98157"
}, {
  "kecamatan" : "Warsa",
  "kelurahan" : "Wir Insos",
  "kodepos" : "98157"
}, {
  "kecamatan" : "Yawosi",
  "kelurahan" : "Wasori",
  "kodepos" : "98157"
}, {
  "kecamatan" : "Warsa",
  "kelurahan" : "Wasani",
  "kodepos" : "98157"
}, {
  "kecamatan" : "Warsa",
  "kelurahan" : "Warawaf",
  "kodepos" : "98157"
}, {
  "kecamatan" : "Bondifuar",
  "kelurahan" : "Wandos",
  "kodepos" : "98157"
}, {
  "kecamatan" : "Andey (Andei)",
  "kelurahan" : "Sup Mbrur",
  "kodepos" : "98157"
}, {
  "kecamatan" : "Bondifuar",
  "kelurahan" : "Syurdori",
  "kodepos" : "98157"
}, {
  "kecamatan" : "Yawosi",
  "kelurahan" : "Soor (Sor)",
  "kodepos" : "98157"
}, {
  "kecamatan" : "Warsa",
  "kelurahan" : "Saway",
  "kodepos" : "98157"
}, {
  "kecamatan" : "Bondifuar",
  "kelurahan" : "Sansundi",
  "kodepos" : "98157"
}, {
  "kecamatan" : "Warsa",
  "kelurahan" : "Marur",
  "kodepos" : "98157"
}, {
  "kecamatan" : "Warsa",
  "kelurahan" : "Maniri",
  "kodepos" : "98157"
}, {
  "kecamatan" : "Warsa",
  "kelurahan" : "Manbeori",
  "kodepos" : "98157"
}, {
  "kecamatan" : "Warsa",
  "kelurahan" : "Mamfias",
  "kodepos" : "98157"
}, {
  "kecamatan" : "Yawosi",
  "kelurahan" : "Madirai",
  "kodepos" : "98157"
}, {
  "kecamatan" : "Warsa",
  "kelurahan" : "Koyomi",
  "kodepos" : "98157"
}, {
  "kecamatan" : "Warsa",
  "kelurahan" : "Komboy",
  "kodepos" : "98157"
}, {
  "kecamatan" : "Warsa",
  "kelurahan" : "Karuiberik",
  "kodepos" : "98157"
}, {
  "kecamatan" : "Yawosi",
  "kelurahan" : "Karmon",
  "kodepos" : "98157"
}, {
  "kecamatan" : "Warsa",
  "kelurahan" : "Inyobi",
  "kodepos" : "98157"
}, {
  "kecamatan" : "Warsa",
  "kelurahan" : "Inswanbesi Sup",
  "kodepos" : "98157"
}, {
  "kecamatan" : "Warsa",
  "kelurahan" : "Inswanbesi",
  "kodepos" : "98157"
}, {
  "kecamatan" : "Yawosi",
  "kelurahan" : "Indawi",
  "kodepos" : "98157"
}, {
  "kecamatan" : "Warsa",
  "kelurahan" : "Imbari",
  "kodepos" : "98157"
}, {
  "kecamatan" : "Bondifuar",
  "kelurahan" : "Doubo",
  "kodepos" : "98157"
}, {
  "kecamatan" : "Warsa",
  "kelurahan" : "Biawer",
  "kodepos" : "98157"
}, {
  "kecamatan" : "Warsa",
  "kelurahan" : "Diano",
  "kodepos" : "98157"
}, {
  "kecamatan" : "Warsa",
  "kelurahan" : "Ammoy",
  "kodepos" : "98157"
}, {
  "kecamatan" : "Warsa",
  "kelurahan" : "Aman",
  "kodepos" : "98157"
}, {
  "kecamatan" : "Samofa",
  "kelurahan" : "Wisata Binsari",
  "kodepos" : "98156"
}, {
  "kecamatan" : "Samofa",
  "kelurahan" : "Yafdas",
  "kodepos" : "98156"
}, {
  "kecamatan" : "Samofa",
  "kelurahan" : "Yafdas",
  "kodepos" : "98156"
}, {
  "kecamatan" : "Samofa",
  "kelurahan" : "Snerbo",
  "kodepos" : "98156"
}, {
  "kecamatan" : "Samofa",
  "kelurahan" : "Sumberker",
  "kodepos" : "98156"
}, {
  "kecamatan" : "Samofa",
  "kelurahan" : "Sambawofuar",
  "kodepos" : "98156"
}, {
  "kecamatan" : "Samofa",
  "kelurahan" : "Samofa",
  "kodepos" : "98156"
}, {
  "kecamatan" : "Samofa",
  "kelurahan" : "Mansinyas",
  "kodepos" : "98156"
}, {
  "kecamatan" : "Samofa",
  "kelurahan" : "Maryendi",
  "kodepos" : "98156"
}, {
  "kecamatan" : "Samofa",
  "kelurahan" : "Kinmom",
  "kodepos" : "98156"
}, {
  "kecamatan" : "Samofa",
  "kelurahan" : "Mandouw",
  "kodepos" : "98156"
}, {
  "kecamatan" : "Samofa",
  "kelurahan" : "Karang Mulia",
  "kodepos" : "98156"
}, {
  "kecamatan" : "Samofa",
  "kelurahan" : "Kamorfuar",
  "kodepos" : "98156"
}, {
  "kecamatan" : "Samofa",
  "kelurahan" : "Darmopis",
  "kodepos" : "98156"
}, {
  "kecamatan" : "Samofa",
  "kelurahan" : "Anjarew",
  "kodepos" : "98156"
}, {
  "kecamatan" : "Samofa",
  "kelurahan" : "Anjereuw",
  "kodepos" : "98156"
}, {
  "kecamatan" : "Samofa",
  "kelurahan" : "Adadinasnosen (Adainasnosen)",
  "kodepos" : "98156"
}, {
  "kecamatan" : "Yendidori",
  "kelurahan" : "Yendidori",
  "kodepos" : "98155"
}, {
  "kecamatan" : "Yendidori",
  "kelurahan" : "Waroi (Waroy)",
  "kodepos" : "98155"
}, {
  "kecamatan" : "Yendidori",
  "kelurahan" : "Wirmaker",
  "kodepos" : "98155"
}, {
  "kecamatan" : "Yendidori",
  "kelurahan" : "Syabes",
  "kodepos" : "98155"
}, {
  "kecamatan" : "Yendidori",
  "kelurahan" : "Urfu",
  "kodepos" : "98155"
}, {
  "kecamatan" : "Yendidori",
  "kelurahan" : "Samber Sup",
  "kodepos" : "98155"
}, {
  "kecamatan" : "Yendidori",
  "kelurahan" : "Moibaken",
  "kodepos" : "98155"
}, {
  "kecamatan" : "Yendidori",
  "kelurahan" : "Suneri",
  "kodepos" : "98155"
}, {
  "kecamatan" : "Yendidori",
  "kelurahan" : "Padwa",
  "kodepos" : "98155"
}, {
  "kecamatan" : "Yendidori",
  "kelurahan" : "Sunyar",
  "kodepos" : "98155"
}, {
  "kecamatan" : "Yendidori",
  "kelurahan" : "Padwa Pantai",
  "kodepos" : "98155"
}, {
  "kecamatan" : "Yendidori",
  "kelurahan" : "Rarmpimbo (Rampimbo)",
  "kodepos" : "98155"
}, {
  "kecamatan" : "Yendidori",
  "kelurahan" : "Inpendi",
  "kodepos" : "98155"
}, {
  "kecamatan" : "Yendidori",
  "kelurahan" : "Samber",
  "kodepos" : "98155"
}, {
  "kecamatan" : "Yendidori",
  "kelurahan" : "Kabidon",
  "kodepos" : "98155"
}, {
  "kecamatan" : "Yendidori",
  "kelurahan" : "Binyeri",
  "kodepos" : "98155"
}, {
  "kecamatan" : "Yendidori",
  "kelurahan" : "Birub",
  "kodepos" : "98155"
}, {
  "kecamatan" : "Yendidori",
  "kelurahan" : "Adoki",
  "kodepos" : "98155"
}, {
  "kecamatan" : "Yendidori",
  "kelurahan" : "Amyabenram",
  "kodepos" : "98155"
}, {
  "kecamatan" : "Biak Barat",
  "kelurahan" : "Yomdori",
  "kodepos" : "98154"
}, {
  "kecamatan" : "Swandiwe",
  "kelurahan" : "Wombrisauw",
  "kodepos" : "98154"
}, {
  "kecamatan" : "Swandiwe",
  "kelurahan" : "Yenbepioper (Yembepioper)",
  "kodepos" : "98154"
}, {
  "kecamatan" : "Biak Barat",
  "kelurahan" : "Warberik (Waberik)",
  "kodepos" : "98154"
}, {
  "kecamatan" : "Biak Barat",
  "kelurahan" : "Wasyai",
  "kodepos" : "98154"
}, {
  "kecamatan" : "Swandiwe",
  "kelurahan" : "Swainober",
  "kodepos" : "98154"
}, {
  "kecamatan" : "Biak Barat",
  "kelurahan" : "Sumbinya (Sunbinya)",
  "kodepos" : "98154"
}, {
  "kecamatan" : "Swandiwe",
  "kelurahan" : "Swaipak",
  "kodepos" : "98154"
}, {
  "kecamatan" : "Biak Barat",
  "kelurahan" : "Sopendo Sup Karkir",
  "kodepos" : "98154"
}, {
  "kecamatan" : "Biak Barat",
  "kelurahan" : "Sosmay / Sosmai",
  "kodepos" : "98154"
}, {
  "kecamatan" : "Biak Barat",
  "kelurahan" : "Sopendo",
  "kodepos" : "98154"
}, {
  "kecamatan" : "Swandiwe",
  "kelurahan" : "Saswarbo",
  "kodepos" : "98154"
}, {
  "kecamatan" : "Biak Barat",
  "kelurahan" : "Rarsbari",
  "kodepos" : "98154"
}, {
  "kecamatan" : "Swandiwe",
  "kelurahan" : "Ramdori",
  "kodepos" : "98154"
}, {
  "kecamatan" : "Swandiwe",
  "kelurahan" : "Sarwa",
  "kodepos" : "98154"
}, {
  "kecamatan" : "Biak Barat",
  "kelurahan" : "Opuri",
  "kodepos" : "98154"
}, {
  "kecamatan" : "Swandiwe",
  "kelurahan" : "Orkdori",
  "kodepos" : "98154"
}, {
  "kecamatan" : "Biak Barat",
  "kelurahan" : "Marisen",
  "kodepos" : "98154"
}, {
  "kecamatan" : "Swandiwe",
  "kelurahan" : "Napdori",
  "kodepos" : "98154"
}, {
  "kecamatan" : "Swandiwe",
  "kelurahan" : "Mandenderi",
  "kodepos" : "98154"
}, {
  "kecamatan" : "Biak Barat",
  "kelurahan" : "Mamoribo",
  "kodepos" : "98154"
}, {
  "kecamatan" : "Swandiwe",
  "kelurahan" : "Mardori",
  "kodepos" : "98154"
}, {
  "kecamatan" : "Biak Barat",
  "kelurahan" : "Karnindi",
  "kodepos" : "98154"
}, {
  "kecamatan" : "Biak Barat",
  "kelurahan" : "Kababur",
  "kodepos" : "98154"
}, {
  "kecamatan" : "Biak Barat",
  "kelurahan" : "Kanaan",
  "kodepos" : "98154"
}, {
  "kecamatan" : "Biak Barat",
  "kelurahan" : "Insiri",
  "kodepos" : "98154"
}, {
  "kecamatan" : "Swandiwe",
  "kelurahan" : "Farusi",
  "kodepos" : "98154"
}, {
  "kecamatan" : "Swandiwe",
  "kelurahan" : "Insusbari",
  "kodepos" : "98154"
}, {
  "kecamatan" : "Biak Barat",
  "kelurahan" : "Dedifu",
  "kodepos" : "98154"
}, {
  "kecamatan" : "Biak Barat",
  "kelurahan" : "Dousi",
  "kodepos" : "98154"
}, {
  "kecamatan" : "Biak Barat",
  "kelurahan" : "Banasrares",
  "kodepos" : "98154"
}, {
  "kecamatan" : "Swandiwe",
  "kelurahan" : "Busdori",
  "kodepos" : "98154"
}, {
  "kecamatan" : "Biak Barat",
  "kelurahan" : "Asarkir",
  "kodepos" : "98154"
}, {
  "kecamatan" : "Biak Barat",
  "kelurahan" : "Asaryendi",
  "kodepos" : "98154"
}, {
  "kecamatan" : "Swandiwe",
  "kelurahan" : "Andoina",
  "kodepos" : "98154"
}, {
  "kecamatan" : "Biak Barat",
  "kelurahan" : "Andei",
  "kodepos" : "98154"
}, {
  "kecamatan" : "Biak Barat",
  "kelurahan" : "Amponbukor",
  "kodepos" : "98154"
}, {
  "kecamatan" : "Biak Utara",
  "kelurahan" : "Yobdi",
  "kodepos" : "98153"
}, {
  "kecamatan" : "Andey (Andei)",
  "kelurahan" : "Wonabraidi",
  "kodepos" : "98153"
}, {
  "kecamatan" : "Biak Utara",
  "kelurahan" : "Warsansan",
  "kodepos" : "98153"
}, {
  "kecamatan" : "Andey (Andei)",
  "kelurahan" : "Wodu",
  "kodepos" : "98153"
}, {
  "kecamatan" : "Biak Utara",
  "kelurahan" : "Waromi",
  "kodepos" : "98153"
}, {
  "kecamatan" : "Biak Utara",
  "kelurahan" : "Warbon",
  "kodepos" : "98153"
}, {
  "kecamatan" : "Biak Utara",
  "kelurahan" : "Wari",
  "kodepos" : "98153"
}, {
  "kecamatan" : "Andey (Andei)",
  "kelurahan" : "Warbinsi",
  "kodepos" : "98153"
}, {
  "kecamatan" : "Biak Utara",
  "kelurahan" : "Saukobye",
  "kodepos" : "98153"
}, {
  "kecamatan" : "Andey (Andei)",
  "kelurahan" : "Rumbin",
  "kodepos" : "98153"
}, {
  "kecamatan" : "Biak Utara",
  "kelurahan" : "Rosayendo",
  "kodepos" : "98153"
}, {
  "kecamatan" : "Biak Utara",
  "kelurahan" : "Sarwom",
  "kodepos" : "98153"
}, {
  "kecamatan" : "Andey (Andei)",
  "kelurahan" : "Rodifu",
  "kodepos" : "98153"
}, {
  "kecamatan" : "Biak Utara",
  "kelurahan" : "Nermnu",
  "kodepos" : "98153"
}, {
  "kecamatan" : "Andey (Andei)",
  "kelurahan" : "Mamorbo",
  "kodepos" : "98153"
}, {
  "kecamatan" : "Biak Utara",
  "kelurahan" : "Mnuswor",
  "kodepos" : "98153"
}, {
  "kecamatan" : "Biak Utara",
  "kelurahan" : "Korem",
  "kodepos" : "98153"
}, {
  "kecamatan" : "Biak Utara",
  "kelurahan" : "Mambesak",
  "kodepos" : "98153"
}, {
  "kecamatan" : "Biak Utara",
  "kelurahan" : "Dofyo Wafor",
  "kodepos" : "98153"
}, {
  "kecamatan" : "Andey (Andei)",
  "kelurahan" : "Faknikdi",
  "kodepos" : "98153"
}, {
  "kecamatan" : "Biak Utara",
  "kelurahan" : "Kobeoser",
  "kodepos" : "98153"
}, {
  "kecamatan" : "Biak Utara",
  "kelurahan" : "Dernafi",
  "kodepos" : "98153"
}, {
  "kecamatan" : "Andey (Andei)",
  "kelurahan" : "Dasdo",
  "kodepos" : "98153"
}, {
  "kecamatan" : "Yawosi",
  "kelurahan" : "Asur",
  "kodepos" : "98153"
}, {
  "kecamatan" : "Yawosi",
  "kelurahan" : "Bosnabraidi",
  "kodepos" : "98153"
}, {
  "kecamatan" : "Andey (Andei)",
  "kelurahan" : "Armnu",
  "kodepos" : "98153"
}, {
  "kecamatan" : "Biak Utara",
  "kelurahan" : "Andei",
  "kodepos" : "98153"
}, {
  "kecamatan" : "Oridek",
  "kelurahan" : "Yensama",
  "kodepos" : "98152"
}, {
  "kecamatan" : "Biak Timur",
  "kelurahan" : "Yenusi",
  "kodepos" : "98152"
}, {
  "kecamatan" : "Biak Timur",
  "kelurahan" : "Woniki",
  "kodepos" : "98152"
}, {
  "kecamatan" : "Biak Timur",
  "kelurahan" : "Yenberok",
  "kodepos" : "98152"
}, {
  "kecamatan" : "Biak Timur",
  "kelurahan" : "Yendakem",
  "kodepos" : "98152"
}, {
  "kecamatan" : "Biak Timur",
  "kelurahan" : "Wasori",
  "kodepos" : "98152"
}, {
  "kecamatan" : "Oridek",
  "kelurahan" : "Wadibu",
  "kodepos" : "98152"
}, {
  "kecamatan" : "Biak Timur",
  "kelurahan" : "Waderbo",
  "kodepos" : "98152"
}, {
  "kecamatan" : "Oridek",
  "kelurahan" : "Tanjung Barari",
  "kodepos" : "98152"
}, {
  "kecamatan" : "Biak Timur",
  "kelurahan" : "Soryar",
  "kodepos" : "98152"
}, {
  "kecamatan" : "Biak Timur",
  "kelurahan" : "Sunde",
  "kodepos" : "98152"
}, {
  "kecamatan" : "Biak Timur",
  "kelurahan" : "Seepse (Sepse)",
  "kodepos" : "98152"
}, {
  "kecamatan" : "Biak Timur",
  "kelurahan" : "Soon",
  "kodepos" : "98152"
}, {
  "kecamatan" : "Oridek",
  "kelurahan" : "Sawadori",
  "kodepos" : "98152"
}, {
  "kecamatan" : "Oridek",
  "kelurahan" : "Sauri",
  "kodepos" : "98152"
}, {
  "kecamatan" : "Oridek",
  "kelurahan" : "Sawa",
  "kodepos" : "98152"
}, {
  "kecamatan" : "Biak Timur",
  "kelurahan" : "Sareidi (Saraeidi)",
  "kodepos" : "98152"
}, {
  "kecamatan" : "Biak Timur",
  "kelurahan" : "Ruar",
  "kodepos" : "98152"
}, {
  "kecamatan" : "Biak Timur",
  "kelurahan" : "Rim",
  "kodepos" : "98152"
}, {
  "kecamatan" : "Biak Timur",
  "kelurahan" : "Rimba Jaya",
  "kodepos" : "98152"
}, {
  "kecamatan" : "Biak Timur",
  "kelurahan" : "Owi",
  "kodepos" : "98152"
}, {
  "kecamatan" : "Oridek",
  "kelurahan" : "Opiaref",
  "kodepos" : "98152"
}, {
  "kecamatan" : "Biak Timur",
  "kelurahan" : "Orwer",
  "kodepos" : "98152"
}, {
  "kecamatan" : "Oridek",
  "kelurahan" : "Makmakerbo",
  "kodepos" : "98152"
}, {
  "kecamatan" : "Oridek",
  "kelurahan" : "Marao",
  "kodepos" : "98152"
}, {
  "kecamatan" : "Biak Timur",
  "kelurahan" : "Mandon",
  "kodepos" : "98152"
}, {
  "kecamatan" : "Biak Timur",
  "kelurahan" : "Kajasi",
  "kodepos" : "98152"
}, {
  "kecamatan" : "Oridek",
  "kelurahan" : "Kakur",
  "kodepos" : "98152"
}, {
  "kecamatan" : "Biak Timur",
  "kelurahan" : "Insumamires (Insumarires)",
  "kodepos" : "98152"
}, {
  "kecamatan" : "Biak Timur",
  "kelurahan" : "Kajasbo",
  "kodepos" : "98152"
}, {
  "kecamatan" : "Biak Timur",
  "kelurahan" : "Inofi",
  "kodepos" : "98152"
}, {
  "kecamatan" : "Biak Timur",
  "kelurahan" : "Inmdi",
  "kodepos" : "98152"
}, {
  "kecamatan" : "Biak Timur",
  "kelurahan" : "Bindusi",
  "kodepos" : "98152"
}, {
  "kecamatan" : "Biak Timur",
  "kelurahan" : "Bosnik Sup",
  "kodepos" : "98152"
}, {
  "kecamatan" : "Oridek",
  "kelurahan" : "Animi",
  "kodepos" : "98152"
}, {
  "kecamatan" : "Oridek",
  "kelurahan" : "Bakribo",
  "kodepos" : "98152"
}, {
  "kecamatan" : "Oridek",
  "kelurahan" : "Anggaduber",
  "kodepos" : "98152"
}, {
  "kecamatan" : "Oridek",
  "kelurahan" : "Anggopi",
  "kodepos" : "98152"
}, {
  "kecamatan" : "Biak Timur",
  "kelurahan" : "Adorbari",
  "kodepos" : "98152"
}, {
  "kecamatan" : "Biak Timur",
  "kelurahan" : "Afefbo",
  "kodepos" : "98152"
}, {
  "kecamatan" : "Biak Kota",
  "kelurahan" : "Yenures",
  "kodepos" : "98119"
}, {
  "kecamatan" : "Biak Kota",
  "kelurahan" : "Sanumi",
  "kodepos" : "98118"
}, {
  "kecamatan" : "Biak Kota",
  "kelurahan" : "Mnubabo (Ambroben)",
  "kodepos" : "98118"
}, {
  "kecamatan" : "Biak Kota",
  "kelurahan" : "Swapodibo",
  "kodepos" : "98118"
}, {
  "kecamatan" : "Biak Kota",
  "kelurahan" : "Karyendi",
  "kodepos" : "98118"
}, {
  "kecamatan" : "Biak Kota",
  "kelurahan" : "Paray (Parai)",
  "kodepos" : "98118"
}, {
  "kecamatan" : "Biak Kota",
  "kelurahan" : "Manggandisapi",
  "kodepos" : "98118"
}, {
  "kecamatan" : "Biak Kota",
  "kelurahan" : "Samau",
  "kodepos" : "98118"
}, {
  "kecamatan" : "Biak Kota",
  "kelurahan" : "Insrom",
  "kodepos" : "98118"
}, {
  "kecamatan" : "Biak Kota",
  "kelurahan" : "Mokmer",
  "kodepos" : "98118"
}, {
  "kecamatan" : "Biak Kota",
  "kelurahan" : "Kababur",
  "kodepos" : "98118"
}, {
  "kecamatan" : "Biak Kota",
  "kelurahan" : "Manswan",
  "kodepos" : "98118"
}, {
  "kecamatan" : "Biak Kota",
  "kelurahan" : "Inggiri",
  "kodepos" : "98118"
}, {
  "kecamatan" : "Biak Kota",
  "kelurahan" : "Inggupi",
  "kodepos" : "98118"
}, {
  "kecamatan" : "Samofa",
  "kelurahan" : "Brambaken",
  "kodepos" : "98118"
}, {
  "kecamatan" : "Biak Kota",
  "kelurahan" : "Sorido",
  "kodepos" : "98116"
}, {
  "kecamatan" : "Biak Kota",
  "kelurahan" : "Anggraidi",
  "kodepos" : "98118"
}, {
  "kecamatan" : "Biak Kota",
  "kelurahan" : "Waupnor",
  "kodepos" : "98115"
}, {
  "kecamatan" : "Biak Kota",
  "kelurahan" : "Babrinbo",
  "kodepos" : "98116"
}, {
  "kecamatan" : "Biak Kota",
  "kelurahan" : "Burokub",
  "kodepos" : "98113"
}, {
  "kecamatan" : "Biak Kota",
  "kelurahan" : "Saramom",
  "kodepos" : "98114"
}, {
  "kecamatan" : "Biak Kota",
  "kelurahan" : "Mandala",
  "kodepos" : "98111"
}, {
  "kecamatan" : "Biak Kota",
  "kelurahan" : "Fandoi",
  "kodepos" : "98112"
} ]
