[ {
  "kecamatan" : "Supiori Barat",
  "kelurahan" : "Wayori (Mayori)",
  "kodepos" : "98162"
}, {
  "kecamatan" : "Supiori Barat",
  "kelurahan" : "Waryei (Wariyei)",
  "kodepos" : "98162"
}, {
  "kecamatan" : "Supiori Utara",
  "kelurahan" : "Warsa",
  "kodepos" : "98162"
}, {
  "kecamatan" : "Supiori Utara",
  "kelurahan" : "Warbor",
  "kodepos" : "98162"
}, {
  "kecamatan" : "Supiori Utara",
  "kelurahan" : "Puweri",
  "kodepos" : "98162"
}, {
  "kecamatan" : "Supiori Barat",
  "kelurahan" : "Napisandi",
  "kodepos" : "98162"
}, {
  "kecamatan" : "Supiori Barat",
  "kelurahan" : "Mapia",
  "kodepos" : "98162"
}, {
  "kecamatan" : "Supiori Barat",
  "kelurahan" : "Masyai",
  "kodepos" : "98162"
}, {
  "kecamatan" : "Supiori Utara",
  "kelurahan" : "Kobari Jaya",
  "kodepos" : "98162"
}, {
  "kecamatan" : "Supiori Barat",
  "kelurahan" : "Koryakam (Koiryakam)",
  "kodepos" : "98162"
}, {
  "kecamatan" : "Supiori Utara",
  "kelurahan" : "Fanjur",
  "kodepos" : "98162"
}, {
  "kecamatan" : "Supiori Barat",
  "kelurahan" : "Amyas",
  "kodepos" : "98162"
}, {
  "kecamatan" : "Kepulauan Aruri",
  "kelurahan" : "Yamnaisu",
  "kodepos" : "98161"
}, {
  "kecamatan" : "Supiori Timur",
  "kelurahan" : "Yawerma",
  "kodepos" : "98161"
}, {
  "kecamatan" : "Kepulauan Aruri",
  "kelurahan" : "Wonggeina (Wongkeina)",
  "kodepos" : "98161"
}, {
  "kecamatan" : "Supiori Timur",
  "kelurahan" : "Wombonda",
  "kodepos" : "98161"
}, {
  "kecamatan" : "Supiori Timur",
  "kelurahan" : "Wafor",
  "kodepos" : "98161"
}, {
  "kecamatan" : "Supiori Timur",
  "kelurahan" : "Waryesi",
  "kodepos" : "98161"
}, {
  "kecamatan" : "Supiori Selatan",
  "kelurahan" : "Waberfondi (Warbepondi)",
  "kodepos" : "98161"
}, {
  "kecamatan" : "Supiori Timur",
  "kelurahan" : "Sorendidori (Sorendiweri)",
  "kodepos" : "98161"
}, {
  "kecamatan" : "Supiori Timur",
  "kelurahan" : "Syurdori",
  "kodepos" : "98161"
}, {
  "kecamatan" : "Supiori Timur",
  "kelurahan" : "Sauyas",
  "kodepos" : "98161"
}, {
  "kecamatan" : "Kepulauan Aruri",
  "kelurahan" : "Rayori",
  "kodepos" : "98161"
}, {
  "kecamatan" : "Kepulauan Aruri",
  "kelurahan" : "Rayori",
  "kodepos" : "98161"
}, {
  "kecamatan" : "Supiori Selatan",
  "kelurahan" : "Maryaidori",
  "kodepos" : "98161"
}, {
  "kecamatan" : "Kepulauan Aruri",
  "kelurahan" : "Mbruwandi (Bruwandi)",
  "kodepos" : "98161"
}, {
  "kecamatan" : "Supiori Timur",
  "kelurahan" : "Marsram",
  "kodepos" : "98161"
}, {
  "kecamatan" : "Kepulauan Aruri",
  "kelurahan" : "Manggonswan (Mangoswan)",
  "kodepos" : "98161"
}, {
  "kecamatan" : "Kepulauan Aruri",
  "kelurahan" : "Imbrisbari (Imbirsbari)",
  "kodepos" : "98161"
}, {
  "kecamatan" : "Kepulauan Aruri",
  "kelurahan" : "Ineki",
  "kodepos" : "98161"
}, {
  "kecamatan" : "Kepulauan Aruri",
  "kelurahan" : "Insumbrei",
  "kodepos" : "98161"
}, {
  "kecamatan" : "Supiori Selatan",
  "kelurahan" : "Fanindi",
  "kodepos" : "98161"
}, {
  "kecamatan" : "Supiori Timur",
  "kelurahan" : "Duber",
  "kodepos" : "98161"
}, {
  "kecamatan" : "Supiori Timur",
  "kelurahan" : "Douwbo (Doubo)",
  "kodepos" : "98161"
}, {
  "kecamatan" : "Supiori Selatan",
  "kelurahan" : "Didiabolo",
  "kodepos" : "98161"
}, {
  "kecamatan" : "Supiori Selatan",
  "kelurahan" : "Biniki",
  "kodepos" : "98161"
}, {
  "kecamatan" : "Kepulauan Aruri",
  "kelurahan" : "Aruri",
  "kodepos" : "98161"
}, {
  "kecamatan" : "Supiori Selatan",
  "kelurahan" : "Awaki",
  "kodepos" : "98161"
} ]
