[ {
  "kecamatan" : "Fakfak Timur",
  "kelurahan" : "Wayati Timur",
  "kodepos" : "98662"
}, {
  "kecamatan" : "Fakfak Timur",
  "kelurahan" : "Weri",
  "kodepos" : "98662"
}, {
  "kecamatan" : "Bombarai (Bomberay)",
  "kelurahan" : "Wonodadi Mulya",
  "kodepos" : "98662"
}, {
  "kecamatan" : "Fakfak Timur",
  "kelurahan" : "Wayati",
  "kodepos" : "98662"
}, {
  "kecamatan" : "Fakfak Timur",
  "kelurahan" : "Wayati Barat (Faukia)",
  "kodepos" : "98662"
}, {
  "kecamatan" : "Fakfak Timur",
  "kelurahan" : "Waserat",
  "kodepos" : "98662"
}, {
  "kecamatan" : "Bombarai (Bomberay)",
  "kelurahan" : "Warisa Mulya",
  "kodepos" : "98662"
}, {
  "kecamatan" : "Bombarai (Bomberay)",
  "kelurahan" : "Wawosan",
  "kodepos" : "98662"
}, {
  "kecamatan" : "Fakfak Timur",
  "kelurahan" : "Urat",
  "kodepos" : "98662"
}, {
  "kecamatan" : "Fakfak Timur",
  "kelurahan" : "Wambar (Wambrar)",
  "kodepos" : "98662"
}, {
  "kecamatan" : "Karas",
  "kelurahan" : "Tuberwasak",
  "kodepos" : "98662"
}, {
  "kecamatan" : "Fakfak Timur",
  "kelurahan" : "Tunas Gain",
  "kodepos" : "98662"
}, {
  "kecamatan" : "Bombarai (Bomberay)",
  "kelurahan" : "Tesha",
  "kodepos" : "98662"
}, {
  "kecamatan" : "Bombarai (Bomberay)",
  "kelurahan" : "Tomage",
  "kodepos" : "98662"
}, {
  "kecamatan" : "Karas",
  "kelurahan" : "Tarak",
  "kodepos" : "98662"
}, {
  "kecamatan" : "Fakfak Timur",
  "kelurahan" : "Saharei",
  "kodepos" : "98662"
}, {
  "kecamatan" : "Fakfak Timur",
  "kelurahan" : "Sanggram",
  "kodepos" : "98662"
}, {
  "kecamatan" : "Bombarai (Bomberay)",
  "kelurahan" : "Otoweri",
  "kodepos" : "98662"
}, {
  "kecamatan" : "Bombarai (Bomberay)",
  "kelurahan" : "Pinang Agung",
  "kodepos" : "98662"
}, {
  "kecamatan" : "Bombarai (Bomberay)",
  "kelurahan" : "Mekarsari",
  "kodepos" : "98662"
}, {
  "kecamatan" : "Bombarai (Bomberay)",
  "kelurahan" : "Onimsari",
  "kodepos" : "98662"
}, {
  "kecamatan" : "Bombarai (Bomberay)",
  "kelurahan" : "Mbimajaya",
  "kodepos" : "98662"
}, {
  "kecamatan" : "Karas",
  "kelurahan" : "Mas (Maas)",
  "kodepos" : "98662"
}, {
  "kecamatan" : "Fakfak Timur",
  "kelurahan" : "Kwama",
  "kodepos" : "98662"
}, {
  "kecamatan" : "Karas",
  "kelurahan" : "Malakuli (Tanjung Purkadi)",
  "kodepos" : "98662"
}, {
  "kecamatan" : "Fakfak Timur",
  "kelurahan" : "Kiria Bisa (Air Bisa)",
  "kodepos" : "98662"
}, {
  "kecamatan" : "Fakfak Timur",
  "kelurahan" : "Kotam",
  "kodepos" : "98662"
}, {
  "kecamatan" : "Karas",
  "kelurahan" : "Kiaba",
  "kodepos" : "98662"
}, {
  "kecamatan" : "Fakfak Timur",
  "kelurahan" : "Kalamanuk",
  "kodepos" : "98662"
}, {
  "kecamatan" : "Bombarai (Bomberay)",
  "kelurahan" : "Bumimoroh Indah",
  "kodepos" : "98662"
}, {
  "kecamatan" : "Karas",
  "kelurahan" : "Faur",
  "kodepos" : "98662"
}, {
  "kecamatan" : "Karas",
  "kelurahan" : "Antalisa",
  "kodepos" : "98662"
}, {
  "kecamatan" : "Fakfak Barat",
  "kelurahan" : "Werpigan",
  "kodepos" : "98661"
}, {
  "kecamatan" : "Fakfak Barat",
  "kelurahan" : "Wurkendik",
  "kodepos" : "98661"
}, {
  "kecamatan" : "Teluk Patipi",
  "kelurahan" : "Werfa (Werfra)",
  "kodepos" : "98661"
}, {
  "kecamatan" : "Fakfak Barat",
  "kelurahan" : "Werba",
  "kodepos" : "98661"
}, {
  "kecamatan" : "Fakfak Barat",
  "kelurahan" : "Wartutin",
  "kodepos" : "98661"
}, {
  "kecamatan" : "Fakfak Barat",
  "kelurahan" : "Werabuan",
  "kodepos" : "98661"
}, {
  "kecamatan" : "Teluk Patipi",
  "kelurahan" : "Us",
  "kodepos" : "98661"
}, {
  "kecamatan" : "Teluk Patipi",
  "kelurahan" : "Tuimar",
  "kodepos" : "98661"
}, {
  "kecamatan" : "Teluk Patipi",
  "kelurahan" : "Teluk Patipi",
  "kodepos" : "98661"
}, {
  "kecamatan" : "Teluk Patipi",
  "kelurahan" : "Tetar",
  "kodepos" : "98661"
}, {
  "kecamatan" : "Teluk Patipi",
  "kelurahan" : "Tibatibananam",
  "kodepos" : "98661"
}, {
  "kecamatan" : "Teluk Patipi",
  "kelurahan" : "Tanehamur",
  "kodepos" : "98661"
}, {
  "kecamatan" : "Teluk Patipi",
  "kelurahan" : "Tanisapata (Tanisapatu)",
  "kodepos" : "98661"
}, {
  "kecamatan" : "Teluk Patipi",
  "kelurahan" : "Tawar",
  "kodepos" : "98661"
}, {
  "kecamatan" : "Teluk Patipi",
  "kelurahan" : "Sum",
  "kodepos" : "98661"
}, {
  "kecamatan" : "Fakfak Barat",
  "kelurahan" : "Siboru",
  "kodepos" : "98661"
}, {
  "kecamatan" : "Fakfak Barat",
  "kelurahan" : "Sipatnanam",
  "kodepos" : "98661"
}, {
  "kecamatan" : "Teluk Patipi",
  "kelurahan" : "Salakiti",
  "kodepos" : "98661"
}, {
  "kecamatan" : "Fakfak Barat",
  "kelurahan" : "Purwasak",
  "kodepos" : "98661"
}, {
  "kecamatan" : "Teluk Patipi",
  "kelurahan" : "Rumbati",
  "kodepos" : "98661"
}, {
  "kecamatan" : "Teluk Patipi",
  "kelurahan" : "Patipi Pasir",
  "kodepos" : "98661"
}, {
  "kecamatan" : "Teluk Patipi",
  "kelurahan" : "Patipi Pulau (Nusa)",
  "kodepos" : "98661"
}, {
  "kecamatan" : "Teluk Patipi",
  "kelurahan" : "Puar",
  "kodepos" : "98661"
}, {
  "kecamatan" : "Teluk Patipi",
  "kelurahan" : "Mawar",
  "kodepos" : "98661"
}, {
  "kecamatan" : "Teluk Patipi",
  "kelurahan" : "Ofie",
  "kodepos" : "98661"
}, {
  "kecamatan" : "Teluk Patipi",
  "kelurahan" : "Degen",
  "kodepos" : "98661"
}, {
  "kecamatan" : "Fakfak Barat",
  "kelurahan" : "Kiat",
  "kodepos" : "98661"
}, {
  "kecamatan" : "Teluk Patipi",
  "kelurahan" : "Adora",
  "kodepos" : "98661"
}, {
  "kecamatan" : "Kokas",
  "kelurahan" : "Wos",
  "kodepos" : "98652"
}, {
  "kecamatan" : "Kramongmongga (Kramamongga)",
  "kelurahan" : "Wargep",
  "kodepos" : "98652"
}, {
  "kecamatan" : "Kokas",
  "kelurahan" : "Waremu",
  "kodepos" : "98652"
}, {
  "kecamatan" : "Kokas",
  "kelurahan" : "Wagap",
  "kodepos" : "98652"
}, {
  "kecamatan" : "Kokas",
  "kelurahan" : "Ugar",
  "kodepos" : "98652"
}, {
  "kecamatan" : "Kokas",
  "kelurahan" : "Wabung",
  "kodepos" : "98652"
}, {
  "kecamatan" : "Kramongmongga (Kramamongga)",
  "kelurahan" : "Ubadari",
  "kodepos" : "98652"
}, {
  "kecamatan" : "Kokas",
  "kelurahan" : "Sisir",
  "kodepos" : "98652"
}, {
  "kecamatan" : "Kokas",
  "kelurahan" : "Sekar",
  "kodepos" : "98652"
}, {
  "kecamatan" : "Kramongmongga (Kramamongga)",
  "kelurahan" : "Rangkendak",
  "kodepos" : "98652"
}, {
  "kecamatan" : "Kramongmongga (Kramamongga)",
  "kelurahan" : "Pikpik",
  "kodepos" : "98652"
}, {
  "kecamatan" : "Kramongmongga (Kramamongga)",
  "kelurahan" : "Pattukar",
  "kodepos" : "98652"
}, {
  "kecamatan" : "Kokas",
  "kelurahan" : "Patimburak",
  "kodepos" : "98652"
}, {
  "kecamatan" : "Kokas",
  "kelurahan" : "Mitimber",
  "kodepos" : "98652"
}, {
  "kecamatan" : "Kramongmongga (Kramamongga)",
  "kelurahan" : "Nembukteb",
  "kodepos" : "98652"
}, {
  "kecamatan" : "Kokas",
  "kelurahan" : "Mbahamdandra",
  "kodepos" : "98652"
}, {
  "kecamatan" : "Kramongmongga (Kramamongga)",
  "kelurahan" : "Mananmur",
  "kodepos" : "98652"
}, {
  "kecamatan" : "Kokas",
  "kelurahan" : "Mandoni",
  "kodepos" : "98652"
}, {
  "kecamatan" : "Kramongmongga (Kramamongga)",
  "kelurahan" : "Mamur",
  "kodepos" : "98652"
}, {
  "kecamatan" : "Kokas",
  "kelurahan" : "Mambunibuni",
  "kodepos" : "98652"
}, {
  "kecamatan" : "Kramongmongga (Kramamongga)",
  "kelurahan" : "Kwamkwamur",
  "kodepos" : "98652"
}, {
  "kecamatan" : "Kramongmongga (Kramamongga)",
  "kelurahan" : "Kuagas",
  "kodepos" : "98652"
}, {
  "kecamatan" : "Kokas",
  "kelurahan" : "Kriawaswas",
  "kodepos" : "98652"
}, {
  "kecamatan" : "Kramongmongga (Kramamongga)",
  "kelurahan" : "Kramongmongga",
  "kodepos" : "98652"
}, {
  "kecamatan" : "Kokas",
  "kelurahan" : "Kokas Kota",
  "kodepos" : "98652"
}, {
  "kecamatan" : "Kokas",
  "kelurahan" : "Kinam",
  "kodepos" : "98652"
}, {
  "kecamatan" : "Kramongmongga (Kramamongga)",
  "kelurahan" : "Kayuni",
  "kodepos" : "98652"
}, {
  "kecamatan" : "Kokas",
  "kelurahan" : "Kampung Baru",
  "kodepos" : "98652"
}, {
  "kecamatan" : "Kramongmongga (Kramamongga)",
  "kelurahan" : "Kaburbur",
  "kodepos" : "98652"
}, {
  "kecamatan" : "Kokas",
  "kelurahan" : "Goras",
  "kodepos" : "98652"
}, {
  "kecamatan" : "Kramongmongga (Kramamongga)",
  "kelurahan" : "Homor Kokma",
  "kodepos" : "98652"
}, {
  "kecamatan" : "Kokas",
  "kelurahan" : "Furir",
  "kodepos" : "98652"
}, {
  "kecamatan" : "Kramongmongga (Kramamongga)",
  "kelurahan" : "Gewab",
  "kodepos" : "98652"
}, {
  "kecamatan" : "Kokas",
  "kelurahan" : "Fior",
  "kodepos" : "98652"
}, {
  "kecamatan" : "Kokas",
  "kelurahan" : "Batufiafas",
  "kodepos" : "98652"
}, {
  "kecamatan" : "Kokas",
  "kelurahan" : "Darembang",
  "kodepos" : "98652"
}, {
  "kecamatan" : "Kramongmongga (Kramamongga)",
  "kelurahan" : "Bahbadan",
  "kodepos" : "98652"
}, {
  "kecamatan" : "Kokas",
  "kelurahan" : "Andamata",
  "kodepos" : "98652"
}, {
  "kecamatan" : "Kokas",
  "kelurahan" : "Arguni",
  "kodepos" : "98652"
}, {
  "kecamatan" : "Fakfak",
  "kelurahan" : "Wagon Utara",
  "kodepos" : "98611"
}, {
  "kecamatan" : "Fakfak",
  "kelurahan" : "Wrikapal",
  "kodepos" : "98611"
}, {
  "kecamatan" : "Fakfak",
  "kelurahan" : "Wagom Selatan",
  "kodepos" : "98611"
}, {
  "kecamatan" : "Fakfak",
  "kelurahan" : "Tanama",
  "kodepos" : "98611"
}, {
  "kecamatan" : "Fakfak",
  "kelurahan" : "Torea",
  "kodepos" : "98611"
}, {
  "kecamatan" : "Fakfak",
  "kelurahan" : "Sekban",
  "kodepos" : "98611"
}, {
  "kecamatan" : "Fakfak",
  "kelurahan" : "Sekru",
  "kodepos" : "98611"
}, {
  "kecamatan" : "Fakfak Tengah",
  "kelurahan" : "Pirma",
  "kodepos" : "98611"
}, {
  "kecamatan" : "Fakfak Tengah",
  "kelurahan" : "Sakartemin",
  "kodepos" : "98611"
}, {
  "kecamatan" : "Fakfak Tengah",
  "kelurahan" : "Pasir Putih",
  "kodepos" : "98611"
}, {
  "kecamatan" : "Fakfak Tengah",
  "kelurahan" : "Mandopma",
  "kodepos" : "98611"
}, {
  "kecamatan" : "Fakfak Tengah",
  "kelurahan" : "Nemiwikarya (Nemewi Karya)",
  "kodepos" : "98611"
}, {
  "kecamatan" : "Fakfak Tengah",
  "kelurahan" : "Nemiwikarya (Nemewi Karya)",
  "kodepos" : "98611"
}, {
  "kecamatan" : "Fakfak Tengah",
  "kelurahan" : "Katemba",
  "kodepos" : "98611"
}, {
  "kecamatan" : "Fakfak Tengah",
  "kelurahan" : "Kayu Merah",
  "kodepos" : "98611"
}, {
  "kecamatan" : "Fakfak",
  "kelurahan" : "Kapartutin",
  "kodepos" : "98611"
}, {
  "kecamatan" : "Fakfak Tengah",
  "kelurahan" : "Kaduria (Raduria)",
  "kodepos" : "98611"
}, {
  "kecamatan" : "Fakfak Tengah",
  "kelurahan" : "Kanantare",
  "kodepos" : "98611"
}, {
  "kecamatan" : "Fakfak",
  "kelurahan" : "Fak Fak Utara",
  "kodepos" : "98611"
}, {
  "kecamatan" : "Fakfak",
  "kelurahan" : "Gewerpe",
  "kodepos" : "98611"
}, {
  "kecamatan" : "Fakfak",
  "kelurahan" : "Dulanpokpok",
  "kodepos" : "98611"
}, {
  "kecamatan" : "Fakfak",
  "kelurahan" : "Fak Fak Selatan",
  "kodepos" : "98611"
}, {
  "kecamatan" : "Fakfak Tengah",
  "kelurahan" : "Brongkendik",
  "kodepos" : "98611"
}, {
  "kecamatan" : "Fakfak Tengah",
  "kelurahan" : "Dana Weria",
  "kodepos" : "98611"
}, {
  "kecamatan" : "Fakfak Tengah",
  "kelurahan" : "Air Besar",
  "kodepos" : "98611"
} ]
