[ {
  "kecamatan" : "Gading Cempaka",
  "kelurahan" : "Sido Mulyo",
  "kodepos" : "38229"
}, {
  "kecamatan" : "Ratu Agung",
  "kelurahan" : "Sawah Lebar",
  "kodepos" : "38228"
}, {
  "kecamatan" : "Singaran Pati",
  "kelurahan" : "Dusun Besar",
  "kodepos" : "38229"
}, {
  "kecamatan" : "Ratu Samban",
  "kelurahan" : "Padang Jati",
  "kodepos" : "38227"
}, {
  "kecamatan" : "Ratu Agung",
  "kelurahan" : "Kebun Tebeng",
  "kodepos" : "38227"
}, {
  "kecamatan" : "Singaran Pati",
  "kelurahan" : "Panorama",
  "kodepos" : "38226"
}, {
  "kecamatan" : "Gading Cempaka",
  "kelurahan" : "Padang Harapan",
  "kodepos" : "38225"
}, {
  "kecamatan" : "Gading Cempaka",
  "kelurahan" : "Jalan Gedang",
  "kodepos" : "38225"
}, {
  "kecamatan" : "Ratu Agung",
  "kelurahan" : "Tanah Patah",
  "kodepos" : "38224"
}, {
  "kecamatan" : "Ratu Agung",
  "kelurahan" : "Nusa Indah",
  "kodepos" : "38224"
}, {
  "kecamatan" : "Singaran Pati",
  "kelurahan" : "Jembatan Kecil",
  "kodepos" : "38224"
}, {
  "kecamatan" : "Ratu Samban",
  "kelurahan" : "Penurunan",
  "kodepos" : "38223"
}, {
  "kecamatan" : "Ratu Agung",
  "kelurahan" : "Sawah Lebar Baru",
  "kodepos" : "38223"
}, {
  "kecamatan" : "Ratu Agung",
  "kelurahan" : "Lempuing",
  "kodepos" : "38223"
}, {
  "kecamatan" : "Ratu Agung",
  "kelurahan" : "Kebun Kenanga",
  "kodepos" : "38223"
}, {
  "kecamatan" : "Ratu Agung",
  "kelurahan" : "Kebun Beler",
  "kodepos" : "38223"
}, {
  "kecamatan" : "Ratu Samban",
  "kelurahan" : "Anggut Bawah",
  "kodepos" : "38223"
}, {
  "kecamatan" : "Ratu Samban",
  "kelurahan" : "Kebun Geran (Gerand)",
  "kodepos" : "38222"
}, {
  "kecamatan" : "Ratu Samban",
  "kelurahan" : "Anggut Atas",
  "kodepos" : "38222"
}, {
  "kecamatan" : "Ratu Samban",
  "kelurahan" : "Anggut Dalam",
  "kodepos" : "38222"
}, {
  "kecamatan" : "Singaran Pati",
  "kelurahan" : "Timur Indah",
  "kodepos" : "38221"
}, {
  "kecamatan" : "Ratu Samban",
  "kelurahan" : "Penggantungan",
  "kodepos" : "38221"
}, {
  "kecamatan" : "Singaran Pati",
  "kelurahan" : "Padang Nangka",
  "kodepos" : "38221"
}, {
  "kecamatan" : "Singaran Pati",
  "kelurahan" : "Lingkar Timur",
  "kodepos" : "38221"
}, {
  "kecamatan" : "Gading Cempaka",
  "kelurahan" : "Lingkar Barat",
  "kodepos" : "38221"
}, {
  "kecamatan" : "Gading Cempaka",
  "kelurahan" : "Cempaka Permai",
  "kodepos" : "38221"
}, {
  "kecamatan" : "Ratu Samban",
  "kelurahan" : "Kebun Dahri",
  "kodepos" : "38221"
}, {
  "kecamatan" : "Ratu Samban",
  "kelurahan" : "Belakang Pondok",
  "kodepos" : "38221"
}, {
  "kecamatan" : "Selebar",
  "kelurahan" : "Sukarami",
  "kodepos" : "38216"
}, {
  "kecamatan" : "Selebar",
  "kelurahan" : "Sumur Dewa",
  "kodepos" : "38216"
}, {
  "kecamatan" : "Kampung Melayu",
  "kelurahan" : "Kandang",
  "kodepos" : "38216"
}, {
  "kecamatan" : "Selebar",
  "kelurahan" : "Bumi Ayu",
  "kodepos" : "38216"
}, {
  "kecamatan" : "Kampung Melayu",
  "kelurahan" : "Padang Serai",
  "kodepos" : "38215"
}, {
  "kecamatan" : "Kampung Melayu",
  "kelurahan" : "Sumber Jaya",
  "kodepos" : "38215"
}, {
  "kecamatan" : "Kampung Melayu",
  "kelurahan" : "Teluk Sepang",
  "kodepos" : "38215"
}, {
  "kecamatan" : "Kampung Melayu",
  "kelurahan" : "Kandang Mas",
  "kodepos" : "38215"
}, {
  "kecamatan" : "Kampung Melayu",
  "kelurahan" : "Muara Dua",
  "kodepos" : "38215"
}, {
  "kecamatan" : "Selebar",
  "kelurahan" : "Pekan Sabtu",
  "kodepos" : "38213"
}, {
  "kecamatan" : "Selebar",
  "kelurahan" : "Betungan",
  "kodepos" : "38214"
}, {
  "kecamatan" : "Muara Bangka Hulu",
  "kelurahan" : "Bentiring",
  "kodepos" : "38126"
}, {
  "kecamatan" : "Selebar",
  "kelurahan" : "Pagar Dewa",
  "kodepos" : "38211"
}, {
  "kecamatan" : "Muara Bangka Hulu",
  "kelurahan" : "Kandang Limun",
  "kodepos" : "38122"
}, {
  "kecamatan" : "Muara Bangka Hulu",
  "kelurahan" : "Pematang Gubernur",
  "kodepos" : "38125"
}, {
  "kecamatan" : "Muara Bangka Hulu",
  "kelurahan" : "Beringin Raya",
  "kodepos" : "38121"
}, {
  "kecamatan" : "Muara Bangka Hulu",
  "kelurahan" : "Rawa Makmur",
  "kodepos" : "38121"
}, {
  "kecamatan" : "Muara Bangka Hulu",
  "kelurahan" : "Rawa Makmur Permai",
  "kodepos" : "38121"
}, {
  "kecamatan" : "Sungai Serut",
  "kelurahan" : "Tanjung Jaya",
  "kodepos" : "38119"
}, {
  "kecamatan" : "Muara Bangka Hulu",
  "kelurahan" : "Bentiring Permai",
  "kodepos" : "38121"
}, {
  "kecamatan" : "Sungai Serut",
  "kelurahan" : "Tanjung Agung",
  "kodepos" : "38119"
}, {
  "kecamatan" : "Sungai Serut",
  "kelurahan" : "Semarang",
  "kodepos" : "38119"
}, {
  "kecamatan" : "Sungai Serut",
  "kelurahan" : "Suka Merindu",
  "kodepos" : "38119"
}, {
  "kecamatan" : "Sungai Serut",
  "kelurahan" : "Surabaya",
  "kodepos" : "38119"
}, {
  "kecamatan" : "Teluk Segara",
  "kelurahan" : "Malabero/Malabro",
  "kodepos" : "38119"
}, {
  "kecamatan" : "Sungai Serut",
  "kelurahan" : "Pasar Bengkulu",
  "kodepos" : "38119"
}, {
  "kecamatan" : "Teluk Segara",
  "kelurahan" : "Kampung Bali",
  "kodepos" : "38119"
}, {
  "kecamatan" : "Sungai Serut",
  "kelurahan" : "Kampung Kelawi/Klawi",
  "kodepos" : "38119"
}, {
  "kecamatan" : "Teluk Segara",
  "kelurahan" : "Tengah Padang",
  "kodepos" : "38118"
}, {
  "kecamatan" : "Teluk Segara",
  "kelurahan" : "Jitra (Pasar Jitra)",
  "kodepos" : "38119"
}, {
  "kecamatan" : "Teluk Segara",
  "kelurahan" : "Kebun Roos/Ros",
  "kodepos" : "38117"
}, {
  "kecamatan" : "Teluk Segara",
  "kelurahan" : "Pondok Besi",
  "kodepos" : "38117"
}, {
  "kecamatan" : "Teluk Segara",
  "kelurahan" : "Bajak (Kampung Teleng)",
  "kodepos" : "38118"
}, {
  "kecamatan" : "Teluk Segara",
  "kelurahan" : "Kebun Keling",
  "kodepos" : "38116"
}, {
  "kecamatan" : "Teluk Segara",
  "kelurahan" : "Pintu Batu",
  "kodepos" : "38115"
}, {
  "kecamatan" : "Teluk Segara",
  "kelurahan" : "Pasar Baru",
  "kodepos" : "38114"
}, {
  "kecamatan" : "Teluk Segara",
  "kelurahan" : "Pasar Melintang",
  "kodepos" : "38115"
}, {
  "kecamatan" : "Teluk Segara",
  "kelurahan" : "Berkas",
  "kodepos" : "38114"
}, {
  "kecamatan" : "Teluk Segara",
  "kelurahan" : "Sumur Meleleh",
  "kodepos" : "38113"
} ]
