[ {
  "kecamatan" : "Aifat",
  "kelurahan" : "Martaim",
  "kodepos" : "98652"
}, {
  "kecamatan" : "Aifat",
  "kelurahan" : "Kokas",
  "kodepos" : "98652"
}, {
  "kecamatan" : "Aifat",
  "kelurahan" : "Faitsawe",
  "kodepos" : "98652"
}, {
  "kecamatan" : "Aifat Selatan",
  "kelurahan" : "Yeek",
  "kodepos" : "98463"
}, {
  "kecamatan" : "Aifat Utara",
  "kelurahan" : "Yarat",
  "kodepos" : "98463"
}, {
  "kecamatan" : "Aifat Utara",
  "kelurahan" : "Yarat Timur",
  "kodepos" : "98463"
}, {
  "kecamatan" : "Aifat Timur Selatan",
  "kelurahan" : "Womba",
  "kodepos" : "98463"
}, {
  "kecamatan" : "Aifat Timur Selatan",
  "kelurahan" : "Wormu",
  "kodepos" : "98463"
}, {
  "kecamatan" : "Aifat",
  "kelurahan" : "Werjaya",
  "kodepos" : "98463"
}, {
  "kecamatan" : "Aifat Utara",
  "kelurahan" : "Wayane",
  "kodepos" : "98463"
}, {
  "kecamatan" : "Aifat Timur Selatan",
  "kelurahan" : "Winuni",
  "kodepos" : "98463"
}, {
  "kecamatan" : "Aifat Selatan",
  "kelurahan" : "Tolak",
  "kodepos" : "98463"
}, {
  "kecamatan" : "Aifat Timur",
  "kelurahan" : "Wakom",
  "kodepos" : "98463"
}, {
  "kecamatan" : "Aifat Timur Selatan",
  "kelurahan" : "Warba",
  "kodepos" : "98463"
}, {
  "kecamatan" : "Aifat Selatan",
  "kelurahan" : "Tahsimara",
  "kodepos" : "98463"
}, {
  "kecamatan" : "Aifat Timur Tengah",
  "kelurahan" : "Tiam",
  "kodepos" : "98463"
}, {
  "kecamatan" : "Aifat Timur Jauh",
  "kelurahan" : "Tiefromen",
  "kodepos" : "98463"
}, {
  "kecamatan" : "Aifat",
  "kelurahan" : "Susumuk",
  "kodepos" : "98463"
}, {
  "kecamatan" : "Aifat",
  "kelurahan" : "Tahahite",
  "kodepos" : "98463"
}, {
  "kecamatan" : "Aifat Utara",
  "kelurahan" : "Susai",
  "kodepos" : "98463"
}, {
  "kecamatan" : "Aifat",
  "kelurahan" : "Sunei",
  "kodepos" : "98463"
}, {
  "kecamatan" : "Aifat Timur Selatan",
  "kelurahan" : "Srumate",
  "kodepos" : "98463"
}, {
  "kecamatan" : "Aifat Selatan",
  "kelurahan" : "Sorry",
  "kodepos" : "98463"
}, {
  "kecamatan" : "Aifat",
  "kelurahan" : "Sikof",
  "kodepos" : "98463"
}, {
  "kecamatan" : "Aifat Timur",
  "kelurahan" : "Sawin",
  "kodepos" : "98463"
}, {
  "kecamatan" : "Aifat Timur Tengah",
  "kelurahan" : "Saud",
  "kodepos" : "98463"
}, {
  "kecamatan" : "Aifat Timur",
  "kelurahan" : "Sanem",
  "kodepos" : "98463"
}, {
  "kecamatan" : "Aifat Timur Jauh",
  "kelurahan" : "Sasior Nafe",
  "kodepos" : "98463"
}, {
  "kecamatan" : "Aifat Selatan",
  "kelurahan" : "Same Rakator",
  "kodepos" : "98463"
}, {
  "kecamatan" : "Aifat",
  "kelurahan" : "Sampika",
  "kodepos" : "98463"
}, {
  "kecamatan" : "Aifat Selatan",
  "kelurahan" : "Sabah",
  "kodepos" : "98463"
}, {
  "kecamatan" : "Aifat Timur",
  "kelurahan" : "Sabah",
  "kodepos" : "98463"
}, {
  "kecamatan" : "Aifat Selatan",
  "kelurahan" : "Roma",
  "kodepos" : "98463"
}, {
  "kecamatan" : "Aifat Utara",
  "kelurahan" : "Raha",
  "kodepos" : "98463"
}, {
  "kecamatan" : "Aifat Timur Tengah",
  "kelurahan" : "Pitor",
  "kodepos" : "98463"
}, {
  "kecamatan" : "Aifat Utara",
  "kelurahan" : "Mowes",
  "kodepos" : "98463"
}, {
  "kecamatan" : "Aifat Utara",
  "kelurahan" : "Neset",
  "kodepos" : "98463"
}, {
  "kecamatan" : "Aifat Timur Tengah",
  "kelurahan" : "Mupas",
  "kodepos" : "98463"
}, {
  "kecamatan" : "Aifat Utara",
  "kelurahan" : "Mosun Timur",
  "kodepos" : "98463"
}, {
  "kecamatan" : "Aifat Utara",
  "kelurahan" : "Mosun Utara",
  "kodepos" : "98463"
}, {
  "kecamatan" : "Aifat Utara",
  "kelurahan" : "Mosun",
  "kodepos" : "98463"
}, {
  "kecamatan" : "Aifat Timur Selatan",
  "kelurahan" : "Makiri",
  "kodepos" : "98463"
}, {
  "kecamatan" : "Aifat Timur Jauh",
  "kelurahan" : "Mesyam",
  "kodepos" : "98463"
}, {
  "kecamatan" : "Aifat Utara",
  "kelurahan" : "Man",
  "kodepos" : "98463"
}, {
  "kecamatan" : "Aifat",
  "kelurahan" : "Kumurkek Barat",
  "kodepos" : "98463"
}, {
  "kecamatan" : "Aifat",
  "kelurahan" : "Kumurkek",
  "kodepos" : "98463"
}, {
  "kecamatan" : "Aifat Selatan",
  "kelurahan" : "Krus",
  "kodepos" : "98463"
}, {
  "kecamatan" : "Aifat Utara",
  "kelurahan" : "Konja Barat",
  "kodepos" : "98463"
}, {
  "kecamatan" : "Aifat",
  "kelurahan" : "Konja",
  "kodepos" : "98463"
}, {
  "kecamatan" : "Aifat Utara",
  "kelurahan" : "Konja",
  "kodepos" : "98463"
}, {
  "kecamatan" : "Aifat",
  "kelurahan" : "Kocuas Utara",
  "kodepos" : "98463"
}, {
  "kecamatan" : "Aifat",
  "kelurahan" : "Kocuwer",
  "kodepos" : "98463"
}, {
  "kecamatan" : "Aifat",
  "kelurahan" : "Kocuwer Selatan",
  "kodepos" : "98463"
}, {
  "kecamatan" : "Aifat Timur Tengah",
  "kelurahan" : "Kamat",
  "kodepos" : "98463"
}, {
  "kecamatan" : "Aifat Selatan",
  "kelurahan" : "Kisor",
  "kodepos" : "98463"
}, {
  "kecamatan" : "Aifat Selatan",
  "kelurahan" : "Kaitana",
  "kodepos" : "98463"
}, {
  "kecamatan" : "Aifat Utara",
  "kelurahan" : "Irata",
  "kodepos" : "98463"
}, {
  "kecamatan" : "Aifat Selatan",
  "kelurahan" : "Hora Iek",
  "kodepos" : "98463"
}, {
  "kecamatan" : "Aifat Selatan",
  "kelurahan" : "Imsun",
  "kodepos" : "98463"
}, {
  "kecamatan" : "Aifat Utara",
  "kelurahan" : "Howait",
  "kodepos" : "98463"
}, {
  "kecamatan" : "Aifat",
  "kelurahan" : "Futon",
  "kodepos" : "98463"
}, {
  "kecamatan" : "Aifat Utara",
  "kelurahan" : "Haenkanes",
  "kodepos" : "98463"
}, {
  "kecamatan" : "Aifat Timur",
  "kelurahan" : "Fuog",
  "kodepos" : "98463"
}, {
  "kecamatan" : "Aifat Selatan",
  "kelurahan" : "Fuog",
  "kodepos" : "98463"
}, {
  "kecamatan" : "Aifat Selatan",
  "kelurahan" : "Fuog Selatan",
  "kodepos" : "98463"
}, {
  "kecamatan" : "Aifat",
  "kelurahan" : "Frawebo",
  "kodepos" : "98463"
}, {
  "kecamatan" : "Aifat Timur Jauh",
  "kelurahan" : "Framneway",
  "kodepos" : "98463"
}, {
  "kecamatan" : "Aifat Timur Tengah",
  "kelurahan" : "Frambu",
  "kodepos" : "98463"
}, {
  "kecamatan" : "Aifat Utara",
  "kelurahan" : "Fonatu",
  "kodepos" : "98463"
}, {
  "kecamatan" : "Aifat",
  "kelurahan" : "Faitmayaf",
  "kodepos" : "98463"
}, {
  "kecamatan" : "Aifat",
  "kelurahan" : "Faitmayat Barat",
  "kodepos" : "98463"
}, {
  "kecamatan" : "Aifat Timur Tengah",
  "kelurahan" : "Faan",
  "kodepos" : "98463"
}, {
  "kecamatan" : "Aifat Timur",
  "kelurahan" : "Buoh Sa",
  "kodepos" : "98463"
}, {
  "kecamatan" : "Aifat",
  "kelurahan" : "Bori",
  "kodepos" : "98463"
}, {
  "kecamatan" : "Aifat",
  "kelurahan" : "Bori Timur",
  "kodepos" : "98463"
}, {
  "kecamatan" : "Aifat",
  "kelurahan" : "Bori Timur",
  "kodepos" : "98463"
}, {
  "kecamatan" : "Aifat Utara",
  "kelurahan" : "Ayawasi",
  "kodepos" : "98463"
}, {
  "kecamatan" : "Aifat Utara",
  "kelurahan" : "Ayawasi Selatan",
  "kodepos" : "98463"
}, {
  "kecamatan" : "Aifat Timur Tengah",
  "kelurahan" : "Ayata",
  "kodepos" : "98463"
}, {
  "kecamatan" : "Aifat Selatan",
  "kelurahan" : "Awet Main",
  "kodepos" : "98463"
}, {
  "kecamatan" : "Aifat Timur Tengah",
  "kelurahan" : "Assem",
  "kodepos" : "98463"
}, {
  "kecamatan" : "Aifat Selatan",
  "kelurahan" : "Asiaf Zaman",
  "kodepos" : "98463"
}, {
  "kecamatan" : "Aifat Timur Jauh",
  "kelurahan" : "Akingging",
  "kodepos" : "98463"
}, {
  "kecamatan" : "Aifat Timur Tengah",
  "kelurahan" : "Aiwesa",
  "kodepos" : "98463"
}, {
  "kecamatan" : "Aifat",
  "kelurahan" : "Aisyo",
  "kodepos" : "98463"
}, {
  "kecamatan" : "Aifat Timur",
  "kelurahan" : "Aitrem",
  "kodepos" : "98463"
}, {
  "kecamatan" : "Aifat",
  "kelurahan" : "Ainod",
  "kodepos" : "98463"
}, {
  "kecamatan" : "Aifat Timur",
  "kelurahan" : "Aisa",
  "kodepos" : "98463"
}, {
  "kecamatan" : "Aifat Timur Jauh",
  "kelurahan" : "Ainesra",
  "kodepos" : "98463"
}, {
  "kecamatan" : "Aifat Timur Jauh",
  "kelurahan" : "Aimau",
  "kodepos" : "98463"
}, {
  "kecamatan" : "Aifat Timur Tengah",
  "kelurahan" : "Aikus",
  "kodepos" : "98463"
}, {
  "kecamatan" : "Aifat Timur",
  "kelurahan" : "Aikrer",
  "kodepos" : "98463"
}, {
  "kecamatan" : "Aifat Timur Tengah",
  "kelurahan" : "Aifam",
  "kodepos" : "98463"
}, {
  "kecamatan" : "Aitinyo Raya",
  "kelurahan" : "Yumame",
  "kodepos" : "98462"
}, {
  "kecamatan" : "Aitinyo Tengah",
  "kelurahan" : "Wrait U",
  "kodepos" : "98462"
}, {
  "kecamatan" : "Aitinyo Tengah",
  "kelurahan" : "Yaksoro",
  "kodepos" : "98462"
}, {
  "kecamatan" : "Aitinyo",
  "kelurahan" : "Wiho",
  "kodepos" : "98462"
}, {
  "kecamatan" : "Aitinyo Barat",
  "kelurahan" : "Waybomatah",
  "kodepos" : "98462"
}, {
  "kecamatan" : "Aitinyo Tengah",
  "kelurahan" : "Tohmri",
  "kodepos" : "98462"
}, {
  "kecamatan" : "Aitinyo Tengah",
  "kelurahan" : "Way U",
  "kodepos" : "98462"
}, {
  "kecamatan" : "Aitinyo Utara",
  "kelurahan" : "Tehak Tee",
  "kodepos" : "98462"
}, {
  "kecamatan" : "Aitinyo",
  "kelurahan" : "Tehak Kecil",
  "kodepos" : "98462"
}, {
  "kecamatan" : "Aitinyo Utara",
  "kelurahan" : "Tehak Besar",
  "kodepos" : "98462"
}, {
  "kecamatan" : "Aitinyo",
  "kelurahan" : "Sumanis",
  "kodepos" : "98462"
}, {
  "kecamatan" : "Aitinyo Utara",
  "kelurahan" : "Subrit",
  "kodepos" : "98462"
}, {
  "kecamatan" : "Aitinyo",
  "kelurahan" : "Subin",
  "kodepos" : "98462"
}, {
  "kecamatan" : "Aitinyo",
  "kelurahan" : "Sris",
  "kodepos" : "98462"
}, {
  "kecamatan" : "Aitinyo Raya",
  "kelurahan" : "Srirtabam",
  "kodepos" : "98462"
}, {
  "kecamatan" : "Aitinyo",
  "kelurahan" : "Sowai Sau",
  "kodepos" : "98462"
}, {
  "kecamatan" : "Aitinyo Barat",
  "kelurahan" : "Siyo",
  "kodepos" : "98462"
}, {
  "kecamatan" : "Aitinyo Tengah",
  "kelurahan" : "Sira Tee",
  "kodepos" : "98462"
}, {
  "kecamatan" : "Aitinyo",
  "kelurahan" : "Sira Aya",
  "kodepos" : "98462"
}, {
  "kecamatan" : "Aitinyo Raya",
  "kelurahan" : "Sarimo",
  "kodepos" : "98462"
}, {
  "kecamatan" : "Aitinyo Tengah",
  "kelurahan" : "Sira",
  "kodepos" : "98462"
}, {
  "kecamatan" : "Aitinyo Tengah",
  "kelurahan" : "Sabun",
  "kodepos" : "98462"
}, {
  "kecamatan" : "Aitinyo Utara",
  "kelurahan" : "Mirafan",
  "kodepos" : "98462"
}, {
  "kecamatan" : "Aitinyo",
  "kelurahan" : "Korom",
  "kodepos" : "98462"
}, {
  "kecamatan" : "Aitinyo",
  "kelurahan" : "Karsu",
  "kodepos" : "98462"
}, {
  "kecamatan" : "Aitinyo",
  "kelurahan" : "Kamro Selatan",
  "kodepos" : "98462"
}, {
  "kecamatan" : "Aitinyo",
  "kelurahan" : "Kamro",
  "kodepos" : "98462"
}, {
  "kecamatan" : "Aitinyo Barat",
  "kelurahan" : "Kambufatem Utara",
  "kodepos" : "98462"
}, {
  "kecamatan" : "Aitinyo Raya",
  "kelurahan" : "Kambusabo",
  "kodepos" : "98462"
}, {
  "kecamatan" : "Aitinyo Barat",
  "kelurahan" : "Kambufatem",
  "kodepos" : "98462"
}, {
  "kecamatan" : "Aitinyo Raya",
  "kelurahan" : "Jitmau Timur",
  "kodepos" : "98462"
}, {
  "kecamatan" : "Aitinyo Raya",
  "kelurahan" : "Jitmau",
  "kodepos" : "98462"
}, {
  "kecamatan" : "Aitinyo Tengah",
  "kelurahan" : "Itigah",
  "kodepos" : "98462"
}, {
  "kecamatan" : "Aitinyo Raya",
  "kelurahan" : "Isir",
  "kodepos" : "98462"
}, {
  "kecamatan" : "Aitinyo",
  "kelurahan" : "Irohmrar",
  "kodepos" : "98462"
}, {
  "kecamatan" : "Aitinyo Utara",
  "kelurahan" : "Inta",
  "kodepos" : "98462"
}, {
  "kecamatan" : "Aitinyo Tengah",
  "kelurahan" : "Iroh Sohser",
  "kodepos" : "98462"
}, {
  "kecamatan" : "Aitinyo Raya",
  "kelurahan" : "Ikuf Utara",
  "kodepos" : "98462"
}, {
  "kecamatan" : "Aitinyo Raya",
  "kelurahan" : "Ikuf",
  "kodepos" : "98462"
}, {
  "kecamatan" : "Aitinyo",
  "kelurahan" : "Ihore",
  "kodepos" : "98462"
}, {
  "kecamatan" : "Aitinyo",
  "kelurahan" : "Ibasuf",
  "kodepos" : "98462"
}, {
  "kecamatan" : "Aitinyo Barat",
  "kelurahan" : "Hosyo Ata",
  "kodepos" : "98462"
}, {
  "kecamatan" : "Aitinyo Utara",
  "kelurahan" : "Gohsames",
  "kodepos" : "98462"
}, {
  "kecamatan" : "Aitinyo Barat",
  "kelurahan" : "Hasweh",
  "kodepos" : "98462"
}, {
  "kecamatan" : "Aitinyo Tengah",
  "kelurahan" : "Framboh",
  "kodepos" : "98462"
}, {
  "kecamatan" : "Aitinyo Utara",
  "kelurahan" : "Fategomi",
  "kodepos" : "98462"
}, {
  "kecamatan" : "Aitinyo Utara",
  "kelurahan" : "Framafir",
  "kodepos" : "98462"
}, {
  "kecamatan" : "Aitinyo Barat",
  "kelurahan" : "Fatem",
  "kodepos" : "98462"
}, {
  "kecamatan" : "Aitinyo Barat",
  "kelurahan" : "Fatase",
  "kodepos" : "98462"
}, {
  "kecamatan" : "Aitinyo Raya",
  "kelurahan" : "Faithowes",
  "kodepos" : "98462"
}, {
  "kecamatan" : "Aitinyo Utara",
  "kelurahan" : "Fan",
  "kodepos" : "98462"
}, {
  "kecamatan" : "Aitinyo Tengah",
  "kelurahan" : "Eway",
  "kodepos" : "98462"
}, {
  "kecamatan" : "Aitinyo Tengah",
  "kelurahan" : "Erokwero",
  "kodepos" : "98462"
}, {
  "kecamatan" : "Aitinyo Utara",
  "kelurahan" : "Bohwat",
  "kodepos" : "98462"
}, {
  "kecamatan" : "Aitinyo Tengah",
  "kelurahan" : "Awit",
  "kodepos" : "98462"
}, {
  "kecamatan" : "Aitinyo",
  "kelurahan" : "Bofait",
  "kodepos" : "98462"
}, {
  "kecamatan" : "Aitinyo Tengah",
  "kelurahan" : "Asnaif",
  "kodepos" : "98462"
}, {
  "kecamatan" : "Aitinyo Utara",
  "kelurahan" : "Asmuruf Tee",
  "kodepos" : "98462"
}, {
  "kecamatan" : "Aitinyo Utara",
  "kelurahan" : "Asmuruf U",
  "kodepos" : "98462"
}, {
  "kecamatan" : "Aitinyo",
  "kelurahan" : "Afkrem",
  "kodepos" : "98462"
}, {
  "kecamatan" : "Aitinyo",
  "kelurahan" : "Aitinyo",
  "kodepos" : "98462"
}, {
  "kecamatan" : "Ayamaru Jaya",
  "kelurahan" : "Woman",
  "kodepos" : "98461"
}, {
  "kecamatan" : "Ayamaru Tengah",
  "kelurahan" : "Yohwer",
  "kodepos" : "98461"
}, {
  "kecamatan" : "Mare Selatan",
  "kelurahan" : "Waren I",
  "kodepos" : "98461"
}, {
  "kecamatan" : "Mare Selatan",
  "kelurahan" : "Waren II",
  "kodepos" : "98461"
}, {
  "kecamatan" : "Ayamaru Jaya",
  "kelurahan" : "Warbo",
  "kodepos" : "98461"
}, {
  "kecamatan" : "Mare",
  "kelurahan" : "Wabam",
  "kodepos" : "98461"
}, {
  "kecamatan" : "Mare Selatan",
  "kelurahan" : "Uri",
  "kodepos" : "98461"
}, {
  "kecamatan" : "Ayamaru Tengah",
  "kelurahan" : "Tut",
  "kodepos" : "98461"
}, {
  "kecamatan" : "Ayamaru",
  "kelurahan" : "Tuso",
  "kodepos" : "98461"
}, {
  "kecamatan" : "Ayamaru",
  "kelurahan" : "Twer",
  "kodepos" : "98461"
}, {
  "kecamatan" : "Ayamaru Utara Timur",
  "kelurahan" : "Tomase",
  "kodepos" : "98461"
}, {
  "kecamatan" : "Ayamaru Utara",
  "kelurahan" : "Tehak Tee",
  "kodepos" : "98461"
}, {
  "kecamatan" : "Ayamaru Jaya",
  "kelurahan" : "Temel",
  "kodepos" : "98461"
}, {
  "kecamatan" : "Ayamaru Utara Timur",
  "kelurahan" : "Suwiam",
  "kodepos" : "98461"
}, {
  "kecamatan" : "Ayamaru Utara",
  "kelurahan" : "Tehak Besar",
  "kodepos" : "98461"
}, {
  "kecamatan" : "Ayamaru Barat",
  "kelurahan" : "Tbo",
  "kodepos" : "98461"
}, {
  "kecamatan" : "Mare",
  "kelurahan" : "Suswa",
  "kodepos" : "98461"
}, {
  "kecamatan" : "Ayamaru Selatan Jaya",
  "kelurahan" : "Sufu",
  "kodepos" : "98461"
}, {
  "kecamatan" : "Ayamaru Utara",
  "kelurahan" : "Subrit",
  "kodepos" : "98461"
}, {
  "kecamatan" : "Ayamaru Jaya",
  "kelurahan" : "Sosian",
  "kodepos" : "98461"
}, {
  "kecamatan" : "Ayamaru",
  "kelurahan" : "Smusuwioh",
  "kodepos" : "98461"
}, {
  "kecamatan" : "Ayamaru Jaya",
  "kelurahan" : "Soan",
  "kodepos" : "98461"
}, {
  "kecamatan" : "Ayamaru Barat",
  "kelurahan" : "Sorowan",
  "kodepos" : "98461"
}, {
  "kecamatan" : "Ayamaru Timur Selatan",
  "kelurahan" : "Sipat",
  "kodepos" : "98461"
}, {
  "kecamatan" : "Ayamaru Selatan",
  "kelurahan" : "Simiyah",
  "kodepos" : "98461"
}, {
  "kecamatan" : "Ayamaru Barat",
  "kelurahan" : "Sien",
  "kodepos" : "98461"
}, {
  "kecamatan" : "Ayamaru Selatan",
  "kelurahan" : "Sfarare",
  "kodepos" : "98461"
}, {
  "kecamatan" : "Ayamaru Barat",
  "kelurahan" : "Sfacko",
  "kodepos" : "98461"
}, {
  "kecamatan" : "Ayamaru Barat",
  "kelurahan" : "Sfakraka",
  "kodepos" : "98461"
}, {
  "kecamatan" : "Ayamaru Selatan",
  "kelurahan" : "Seneh",
  "kodepos" : "98461"
}, {
  "kecamatan" : "Mare",
  "kelurahan" : "Seya",
  "kodepos" : "98461"
}, {
  "kecamatan" : "Ayamaru Selatan",
  "kelurahan" : "Sembaro",
  "kodepos" : "98461"
}, {
  "kecamatan" : "Ayamaru Tengah",
  "kelurahan" : "Semu",
  "kodepos" : "98461"
}, {
  "kecamatan" : "Ayamaru Timur",
  "kelurahan" : "Sefayit",
  "kodepos" : "98461"
}, {
  "kecamatan" : "Ayamaru Barat",
  "kelurahan" : "Sehu",
  "kodepos" : "98461"
}, {
  "kecamatan" : "Ayamaru Jaya",
  "kelurahan" : "Segior",
  "kodepos" : "98461"
}, {
  "kecamatan" : "Mare Selatan",
  "kelurahan" : "Sawara Jaya",
  "kodepos" : "98461"
}, {
  "kecamatan" : "Mare",
  "kelurahan" : "Sawo",
  "kodepos" : "98461"
}, {
  "kecamatan" : "Mare Selatan",
  "kelurahan" : "Sarafambai",
  "kodepos" : "98461"
}, {
  "kecamatan" : "Ayamaru Selatan",
  "kelurahan" : "Sauf",
  "kodepos" : "98461"
}, {
  "kecamatan" : "Ayamaru Selatan",
  "kelurahan" : "Sagrim",
  "kodepos" : "98461"
}, {
  "kecamatan" : "Ayamaru Tengah",
  "kelurahan" : "Rindu",
  "kodepos" : "98461"
}, {
  "kecamatan" : "Ayamaru Selatan",
  "kelurahan" : "Sagrim",
  "kodepos" : "98461"
}, {
  "kecamatan" : "Ayamaru Jaya",
  "kelurahan" : "Orsu",
  "kodepos" : "98461"
}, {
  "kecamatan" : "Ayamaru Jaya",
  "kelurahan" : "Rawas",
  "kodepos" : "98461"
}, {
  "kecamatan" : "Ayamaru Jaya",
  "kelurahan" : "Orain",
  "kodepos" : "98461"
}, {
  "kecamatan" : "Mare Selatan",
  "kelurahan" : "Nonomi",
  "kodepos" : "98461"
}, {
  "kecamatan" : "Mare Selatan",
  "kelurahan" : "Mopi",
  "kodepos" : "98461"
}, {
  "kecamatan" : "Mare",
  "kelurahan" : "Nafasi",
  "kodepos" : "98461"
}, {
  "kecamatan" : "Ayamaru Tengah",
  "kelurahan" : "Men",
  "kodepos" : "98461"
}, {
  "kecamatan" : "Ayamaru Utara",
  "kelurahan" : "Mirafan",
  "kodepos" : "98461"
}, {
  "kecamatan" : "Ayamaru Utara Timur",
  "kelurahan" : "Mapura",
  "kodepos" : "98461"
}, {
  "kecamatan" : "Ayamaru",
  "kelurahan" : "Mefkajim II",
  "kodepos" : "98461"
}, {
  "kecamatan" : "Ayamaru Selatan",
  "kelurahan" : "Lemauk Klit",
  "kodepos" : "98461"
}, {
  "kecamatan" : "Ayamaru Timur Selatan",
  "kelurahan" : "Mano",
  "kodepos" : "98461"
}, {
  "kecamatan" : "Mare",
  "kelurahan" : "Mahos",
  "kodepos" : "98461"
}, {
  "kecamatan" : "Ayamaru Utara Timur",
  "kelurahan" : "Kona",
  "kodepos" : "98461"
}, {
  "kecamatan" : "Ayamaru Utara Timur",
  "kelurahan" : "Kosah",
  "kodepos" : "98461"
}, {
  "kecamatan" : "Ayamaru Selatan",
  "kelurahan" : "Koma Koma",
  "kodepos" : "98461"
}, {
  "kecamatan" : "Mare",
  "kelurahan" : "Kombif",
  "kodepos" : "98461"
}, {
  "kecamatan" : "Ayamaru Selatan Jaya",
  "kelurahan" : "Kofait",
  "kodepos" : "98461"
}, {
  "kecamatan" : "Ayamaru Tengah",
  "kelurahan" : "Kartapura",
  "kodepos" : "98461"
}, {
  "kecamatan" : "Ayamaru Timur",
  "kelurahan" : "Keyum",
  "kodepos" : "98461"
}, {
  "kecamatan" : "Ayamaru Utara Timur",
  "kelurahan" : "Karfa",
  "kodepos" : "98461"
}, {
  "kecamatan" : "Ayamaru Selatan",
  "kelurahan" : "Kanisabar",
  "kodepos" : "98461"
}, {
  "kecamatan" : "Ayamaru Timur Selatan",
  "kelurahan" : "Kambuskato Utara",
  "kodepos" : "98461"
}, {
  "kecamatan" : "Mare Selatan",
  "kelurahan" : "Kanggilo",
  "kodepos" : "98461"
}, {
  "kecamatan" : "Ayamaru Timur Selatan",
  "kelurahan" : "Kambuifa",
  "kodepos" : "98461"
}, {
  "kecamatan" : "Ayamaru Timur Selatan",
  "kelurahan" : "Kambuskato",
  "kodepos" : "98461"
}, {
  "kecamatan" : "Ayamaru Timur",
  "kelurahan" : "Kambuaya",
  "kodepos" : "98461"
}, {
  "kecamatan" : "Ayamaru Selatan Jaya",
  "kelurahan" : "Isnum",
  "kodepos" : "98461"
}, {
  "kecamatan" : "Ayamaru Timur Selatan",
  "kelurahan" : "Isusu",
  "kodepos" : "98461"
}, {
  "kecamatan" : "Ayamaru Tengah",
  "kelurahan" : "Isme",
  "kodepos" : "98461"
}, {
  "kecamatan" : "Ayamaru Timur",
  "kelurahan" : "Ismayu",
  "kodepos" : "98461"
}, {
  "kecamatan" : "Ayamaru Timur",
  "kelurahan" : "Insas",
  "kodepos" : "98461"
}, {
  "kecamatan" : "Ayamaru Utara",
  "kelurahan" : "Inta",
  "kodepos" : "98461"
}, {
  "kecamatan" : "Ayamaru Tengah",
  "kelurahan" : "Hufioh",
  "kodepos" : "98461"
}, {
  "kecamatan" : "Ayamaru Timur",
  "kelurahan" : "Huberita",
  "kodepos" : "98461"
}, {
  "kecamatan" : "Ayamaru Utara",
  "kelurahan" : "Gohsames",
  "kodepos" : "98461"
}, {
  "kecamatan" : "Ayamaru Selatan",
  "kelurahan" : "Hawioh",
  "kodepos" : "98461"
}, {
  "kecamatan" : "Ayamaru",
  "kelurahan" : "Framu",
  "kodepos" : "98461"
}, {
  "kecamatan" : "Ayamaru Utara",
  "kelurahan" : "Framafir",
  "kodepos" : "98461"
}, {
  "kecamatan" : "Ayamaru Utara Timur",
  "kelurahan" : "Frabo",
  "kodepos" : "98461"
}, {
  "kecamatan" : "Ayamaru",
  "kelurahan" : "Fraharo",
  "kodepos" : "98461"
}, {
  "kecamatan" : "Ayamaru Tengah",
  "kelurahan" : "Fiane",
  "kodepos" : "98461"
}, {
  "kecamatan" : "Ayamaru Utara",
  "kelurahan" : "Fategomi",
  "kodepos" : "98461"
}, {
  "kecamatan" : "Ayamaru Barat",
  "kelurahan" : "Fanse",
  "kodepos" : "98461"
}, {
  "kecamatan" : "Ayamaru Utara",
  "kelurahan" : "Fan",
  "kodepos" : "98461"
}, {
  "kecamatan" : "Ayamaru Timur Selatan",
  "kelurahan" : "Faitwosur",
  "kodepos" : "98461"
}, {
  "kecamatan" : "Ayamaru Selatan Jaya",
  "kelurahan" : "Faitsimar",
  "kodepos" : "98461"
}, {
  "kecamatan" : "Ayamaru Timur",
  "kelurahan" : "Faitsiur",
  "kodepos" : "98461"
}, {
  "kecamatan" : "Ayamaru Timur",
  "kelurahan" : "Faitmajin",
  "kodepos" : "98461"
}, {
  "kecamatan" : "Ayamaru Selatan Jaya",
  "kelurahan" : "Fait Nggre",
  "kodepos" : "98461"
}, {
  "kecamatan" : "Ayamaru Barat",
  "kelurahan" : "Chaliat",
  "kodepos" : "98461"
}, {
  "kecamatan" : "Ayamaru Utara",
  "kelurahan" : "Bohwat",
  "kodepos" : "98461"
}, {
  "kecamatan" : "Ayamaru Tengah",
  "kelurahan" : "Bawy",
  "kodepos" : "98461"
}, {
  "kecamatan" : "Mare Selatan",
  "kelurahan" : "Batu Zaman",
  "kodepos" : "98461"
}, {
  "kecamatan" : "Mare",
  "kelurahan" : "Bakrabi",
  "kodepos" : "98461"
}, {
  "kecamatan" : "Ayamaru",
  "kelurahan" : "Ayamaru",
  "kodepos" : "98461"
}, {
  "kecamatan" : "Ayamaru Selatan Jaya",
  "kelurahan" : "Asses",
  "kodepos" : "98461"
}, {
  "kecamatan" : "Ayamaru Utara",
  "kelurahan" : "Asmuruf U",
  "kodepos" : "98461"
}, {
  "kecamatan" : "Ayamaru Utara",
  "kelurahan" : "Asmuruf Tee",
  "kodepos" : "98461"
}, {
  "kecamatan" : "Ayamaru Selatan Jaya",
  "kelurahan" : "Arus",
  "kodepos" : "98461"
}, {
  "kecamatan" : "Ayamaru",
  "kelurahan" : "Afes",
  "kodepos" : "98461"
}, {
  "kecamatan" : "Ayamaru Jaya",
  "kelurahan" : "Adoh",
  "kodepos" : "98461"
} ]
