[ {
  "kecamatan" : "Yembun",
  "kelurahan" : "Sumbekas",
  "kodepos" : "98474"
}, {
  "kecamatan" : "Yembun",
  "kelurahan" : "Syarwom",
  "kodepos" : "98474"
}, {
  "kecamatan" : "Yembun",
  "kelurahan" : "Metbesa",
  "kodepos" : "98474"
}, {
  "kecamatan" : "Yembun",
  "kelurahan" : "Baun (Baum)",
  "kodepos" : "98474"
}, {
  "kecamatan" : "Yembun",
  "kelurahan" : "Mefnanyam (Metnayam)",
  "kodepos" : "98474"
}, {
  "kecamatan" : "Yembun",
  "kelurahan" : "Metbelum",
  "kodepos" : "98474"
}, {
  "kecamatan" : "Yembun",
  "kelurahan" : "Bamus",
  "kodepos" : "98474"
}, {
  "kecamatan" : "Yembun",
  "kelurahan" : "Bamus Waiman (Bamuswayman)",
  "kodepos" : "98474"
}, {
  "kecamatan" : "Miyah (Meyah)",
  "kelurahan" : "Yabuow (Jabouw)",
  "kodepos" : "98473"
}, {
  "kecamatan" : "Sausapor",
  "kelurahan" : "Werwaf",
  "kodepos" : "98473"
}, {
  "kecamatan" : "Abun",
  "kelurahan" : "Weyaf",
  "kodepos" : "98473"
}, {
  "kecamatan" : "Sausapor",
  "kelurahan" : "Wertam",
  "kodepos" : "98473"
}, {
  "kecamatan" : "Sausapor",
  "kelurahan" : "Werur",
  "kodepos" : "98473"
}, {
  "kecamatan" : "Sausapor",
  "kelurahan" : "Werur Besar",
  "kodepos" : "98473"
}, {
  "kecamatan" : "Fef (Peef)",
  "kelurahan" : "Wayo",
  "kodepos" : "98473"
}, {
  "kecamatan" : "Abun",
  "kelurahan" : "Wau",
  "kodepos" : "98473"
}, {
  "kecamatan" : "Sausapor",
  "kelurahan" : "Uigwem",
  "kodepos" : "98473"
}, {
  "kecamatan" : "Abun",
  "kelurahan" : "Waibem (Waiben)",
  "kodepos" : "98473"
}, {
  "kecamatan" : "Abun",
  "kelurahan" : "Warmandi",
  "kodepos" : "98473"
}, {
  "kecamatan" : "Miyah (Meyah)",
  "kelurahan" : "Tabamsere",
  "kodepos" : "98473"
}, {
  "kecamatan" : "Kwoor",
  "kelurahan" : "Syumbab",
  "kodepos" : "98473"
}, {
  "kecamatan" : "Syujak",
  "kelurahan" : "Syujak (Sujak)",
  "kodepos" : "98473"
}, {
  "kecamatan" : "Kwoor",
  "kelurahan" : "Syukwes",
  "kodepos" : "98473"
}, {
  "kecamatan" : "Fef (Peef)",
  "kelurahan" : "Syubun",
  "kodepos" : "98473"
}, {
  "kecamatan" : "Kwoor",
  "kelurahan" : "Syuau",
  "kodepos" : "98473"
}, {
  "kecamatan" : "Syujak",
  "kelurahan" : "Soon",
  "kodepos" : "98473"
}, {
  "kecamatan" : "Miyah (Meyah)",
  "kelurahan" : "Siakwa",
  "kodepos" : "98473"
}, {
  "kecamatan" : "Fef (Peef)",
  "kelurahan" : "Sikor",
  "kodepos" : "98473"
}, {
  "kecamatan" : "Sausapor",
  "kelurahan" : "Sausapor",
  "kodepos" : "98473"
}, {
  "kecamatan" : "Miyah (Meyah)",
  "kelurahan" : "Ruf",
  "kodepos" : "98473"
}, {
  "kecamatan" : "Abun",
  "kelurahan" : "Saubeba",
  "kodepos" : "98473"
}, {
  "kecamatan" : "Miyah (Meyah)",
  "kelurahan" : "Miri/ Ibiah",
  "kodepos" : "98473"
}, {
  "kecamatan" : "Miyah (Meyah)",
  "kelurahan" : "Revewes (Ruvewes)",
  "kodepos" : "98473"
}, {
  "kecamatan" : "Kwoor",
  "kelurahan" : "Kwoor",
  "kodepos" : "98473"
}, {
  "kecamatan" : "Fef (Peef)",
  "kelurahan" : "Mawor",
  "kodepos" : "98473"
}, {
  "kecamatan" : "Miyah (Meyah)",
  "kelurahan" : "Meis",
  "kodepos" : "98473"
}, {
  "kecamatan" : "Kwoor",
  "kelurahan" : "Krisnos",
  "kodepos" : "98473"
}, {
  "kecamatan" : "Kwoor",
  "kelurahan" : "Kwesefo (Kosefa)",
  "kodepos" : "98473"
}, {
  "kecamatan" : "Kwoor",
  "kelurahan" : "Kranfotsu",
  "kodepos" : "98473"
}, {
  "kecamatan" : "Sausapor",
  "kelurahan" : "Jokte",
  "kodepos" : "98473"
}, {
  "kecamatan" : "Syujak",
  "kelurahan" : "Iof",
  "kodepos" : "98473"
}, {
  "kecamatan" : "Kwoor",
  "kelurahan" : "Hopmare",
  "kodepos" : "98473"
}, {
  "kecamatan" : "Kwoor",
  "kelurahan" : "Batde (Baddei)",
  "kodepos" : "98473"
}, {
  "kecamatan" : "Fef (Peef)",
  "kelurahan" : "Fef",
  "kodepos" : "98473"
}, {
  "kecamatan" : "Syujak",
  "kelurahan" : "Banso",
  "kodepos" : "98473"
}, {
  "kecamatan" : "Syujak",
  "kelurahan" : "Frafane",
  "kodepos" : "98473"
}, {
  "kecamatan" : "Miyah (Meyah)",
  "kelurahan" : "Ayiamane",
  "kodepos" : "98473"
}, {
  "kecamatan" : "Sausapor",
  "kelurahan" : "Bikar",
  "kodepos" : "98473"
}, {
  "kecamatan" : "Fef (Peef)",
  "kelurahan" : "Ases",
  "kodepos" : "98473"
}, {
  "kecamatan" : "Sausapor",
  "kelurahan" : "Emaos",
  "kodepos" : "98473"
}, {
  "kecamatan" : "Miyah (Meyah)",
  "kelurahan" : "Ayae",
  "kodepos" : "98473"
}, {
  "kecamatan" : "Miyah (Meyah)",
  "kelurahan" : "Aibogiar",
  "kodepos" : "98473"
}, {
  "kecamatan" : "Moraid",
  "kelurahan" : "Siwis",
  "kodepos" : "98472"
}, {
  "kecamatan" : "Moraid",
  "kelurahan" : "Sengkeduk (Saengkeduk)",
  "kodepos" : "98472"
}, {
  "kecamatan" : "Moraid",
  "kelurahan" : "Salewok (Selewok)",
  "kodepos" : "98472"
}, {
  "kecamatan" : "Moraid",
  "kelurahan" : "Selekebu (Selekopi)",
  "kodepos" : "98472"
}, {
  "kecamatan" : "Moraid",
  "kelurahan" : "Malawarsai (Malaworsai)",
  "kodepos" : "98472"
}, {
  "kecamatan" : "Moraid",
  "kelurahan" : "Mega",
  "kodepos" : "98472"
}, {
  "kecamatan" : "Moraid",
  "kelurahan" : "Malawarsai (Malaworsai)",
  "kodepos" : "98472"
}, {
  "kecamatan" : "Moraid",
  "kelurahan" : "Dela (Della)",
  "kodepos" : "98472"
}, {
  "kecamatan" : "Senopi",
  "kelurahan" : "Wausin (Asiti)",
  "kodepos" : "98372"
}, {
  "kecamatan" : "Kebar",
  "kelurahan" : "Nekori",
  "kodepos" : "98372"
}, {
  "kecamatan" : "Senopi",
  "kelurahan" : "Senopi",
  "kodepos" : "98372"
}, {
  "kecamatan" : "Kebar",
  "kelurahan" : "Injai",
  "kodepos" : "98372"
}, {
  "kecamatan" : "Kebar",
  "kelurahan" : "Jandurau",
  "kodepos" : "98372"
}, {
  "kecamatan" : "Kebar",
  "kelurahan" : "Inam",
  "kodepos" : "98372"
}, {
  "kecamatan" : "Kebar",
  "kelurahan" : "Inambuari",
  "kodepos" : "98372"
}, {
  "kecamatan" : "Kebar",
  "kelurahan" : "Ajami",
  "kodepos" : "98372"
}, {
  "kecamatan" : "Kebar",
  "kelurahan" : "Akmuri",
  "kodepos" : "98372"
}, {
  "kecamatan" : "Kebar",
  "kelurahan" : "Atai",
  "kodepos" : "98372"
}, {
  "kecamatan" : "Senopi",
  "kelurahan" : "Afrawi",
  "kodepos" : "98372"
}, {
  "kecamatan" : "Mubrani",
  "kelurahan" : "Wasnebri (Warsnembri/Wasnembri)",
  "kodepos" : "98371"
}, {
  "kecamatan" : "Amberbaken",
  "kelurahan" : "Wefiani",
  "kodepos" : "98371"
}, {
  "kecamatan" : "Amberbaken",
  "kelurahan" : "Wasarak",
  "kodepos" : "98371"
}, {
  "kecamatan" : "Amberbaken",
  "kelurahan" : "Soukorem (Saukorem)",
  "kodepos" : "98371"
}, {
  "kecamatan" : "Mubrani",
  "kelurahan" : "Waru",
  "kodepos" : "98371"
}, {
  "kecamatan" : "Amberbaken",
  "kelurahan" : "Sasuy (Sasui)",
  "kodepos" : "98371"
}, {
  "kecamatan" : "Amberbaken",
  "kelurahan" : "Serayo",
  "kodepos" : "98371"
}, {
  "kecamatan" : "Mubrani",
  "kelurahan" : "Meriambeke (Meriambeker)",
  "kodepos" : "98371"
}, {
  "kecamatan" : "Amberbaken",
  "kelurahan" : "Mangganek (Arupi)",
  "kodepos" : "98371"
}, {
  "kecamatan" : "Amberbaken",
  "kelurahan" : "Bondopi",
  "kodepos" : "98371"
}, {
  "kecamatan" : "Mubrani",
  "kelurahan" : "Atori",
  "kodepos" : "98371"
}, {
  "kecamatan" : "Mubrani",
  "kelurahan" : "Bawey",
  "kodepos" : "98371"
}, {
  "kecamatan" : "Mubrani",
  "kelurahan" : "Bijanfou (Bijamfou/Buanfou)",
  "kodepos" : "98371"
}, {
  "kecamatan" : "Mubrani",
  "kelurahan" : "Arfu",
  "kodepos" : "98371"
} ]
