[ {
  "kecamatan" : "Maudus",
  "kelurahan" : "Suluh",
  "kodepos" : "98472"
}, {
  "kecamatan" : "Maudus",
  "kelurahan" : "Warbo",
  "kodepos" : "98472"
}, {
  "kecamatan" : "Klaso",
  "kelurahan" : "Siwis",
  "kodepos" : "98472"
}, {
  "kecamatan" : "Klaso",
  "kelurahan" : "Selekobo",
  "kodepos" : "98472"
}, {
  "kecamatan" : "Klaso",
  "kelurahan" : "Miskum",
  "kodepos" : "98472"
}, {
  "kecamatan" : "Klaso",
  "kelurahan" : "Saengkeduk",
  "kodepos" : "98472"
}, {
  "kecamatan" : "Klaso",
  "kelurahan" : "Klamugun",
  "kodepos" : "98472"
}, {
  "kecamatan" : "Maudus",
  "kelurahan" : "Masos",
  "kodepos" : "98472"
}, {
  "kecamatan" : "Maudus",
  "kelurahan" : "Klaos",
  "kodepos" : "98472"
}, {
  "kecamatan" : "Maudus",
  "kelurahan" : "Ketawas",
  "kodepos" : "98472"
}, {
  "kecamatan" : "Maudus",
  "kelurahan" : "Klatim",
  "kodepos" : "98472"
}, {
  "kecamatan" : "Maudus",
  "kelurahan" : "Dasri",
  "kodepos" : "98472"
}, {
  "kecamatan" : "Makbon",
  "kelurahan" : "Sawatuk",
  "kodepos" : "98471"
}, {
  "kecamatan" : "Makbon",
  "kelurahan" : "Teluk Dore",
  "kodepos" : "98471"
}, {
  "kecamatan" : "Sayosa",
  "kelurahan" : "Sailala",
  "kodepos" : "98471"
}, {
  "kecamatan" : "Sayosa",
  "kelurahan" : "Saluk",
  "kodepos" : "98471"
}, {
  "kecamatan" : "Klayili",
  "kelurahan" : "Malalilis",
  "kodepos" : "98471"
}, {
  "kecamatan" : "Makbon",
  "kelurahan" : "Malaumkarta",
  "kodepos" : "98471"
}, {
  "kecamatan" : "Klayili",
  "kelurahan" : "Malakobutu",
  "kodepos" : "98471"
}, {
  "kecamatan" : "Sayosa",
  "kelurahan" : "Maladofok",
  "kodepos" : "98471"
}, {
  "kecamatan" : "Klayili",
  "kelurahan" : "Kwakeik",
  "kodepos" : "98471"
}, {
  "kecamatan" : "Makbon",
  "kelurahan" : "Makbon",
  "kodepos" : "98471"
}, {
  "kecamatan" : "Sayosa",
  "kelurahan" : "Luwelala (Suwelala)",
  "kodepos" : "98471"
}, {
  "kecamatan" : "Makbon",
  "kelurahan" : "Kuadas (Kwadas)",
  "kodepos" : "98471"
}, {
  "kecamatan" : "Klayili",
  "kelurahan" : "Klayali",
  "kodepos" : "98471"
}, {
  "kecamatan" : "Sayosa",
  "kelurahan" : "Klatin (Klatim)",
  "kodepos" : "98471"
}, {
  "kecamatan" : "Klayili",
  "kelurahan" : "Klawuluh",
  "kodepos" : "98471"
}, {
  "kecamatan" : "Sayosa",
  "kelurahan" : "Klatin (Klatim)",
  "kodepos" : "98471"
}, {
  "kecamatan" : "Sayosa",
  "kelurahan" : "Dasri",
  "kodepos" : "98471"
}, {
  "kecamatan" : "Sayosa",
  "kelurahan" : "Batu Payung",
  "kodepos" : "98471"
}, {
  "kecamatan" : "Makbon",
  "kelurahan" : "Batu Lubang/Lobang",
  "kodepos" : "98471"
}, {
  "kecamatan" : "Makbon",
  "kelurahan" : "Batu Lubang/Lobang Pantai",
  "kodepos" : "98471"
}, {
  "kecamatan" : "Makbon",
  "kelurahan" : "Asbaken",
  "kodepos" : "98471"
}, {
  "kecamatan" : "Makbon",
  "kelurahan" : "Bainkete",
  "kodepos" : "98471"
}, {
  "kecamatan" : "Aimas",
  "kelurahan" : "Warmon",
  "kodepos" : "98457"
}, {
  "kecamatan" : "Mariat",
  "kelurahan" : "Mariyai",
  "kodepos" : "98457"
}, {
  "kecamatan" : "Aimas",
  "kelurahan" : "Mariat Pantai",
  "kodepos" : "98457"
}, {
  "kecamatan" : "Aimas",
  "kelurahan" : "Mariat Gunung",
  "kodepos" : "98457"
}, {
  "kecamatan" : "Aimas",
  "kelurahan" : "Malawele",
  "kodepos" : "98457"
}, {
  "kecamatan" : "Aimas",
  "kelurahan" : "Malawili",
  "kodepos" : "98457"
}, {
  "kecamatan" : "Aimas",
  "kelurahan" : "Maibo",
  "kodepos" : "98457"
}, {
  "kecamatan" : "Aimas",
  "kelurahan" : "Malasom",
  "kodepos" : "98457"
}, {
  "kecamatan" : "Mariat",
  "kelurahan" : "Klasukuk",
  "kodepos" : "98457"
}, {
  "kecamatan" : "Mariat",
  "kelurahan" : "Klamalu",
  "kodepos" : "98457"
}, {
  "kecamatan" : "Mariat",
  "kelurahan" : "Klamasen",
  "kodepos" : "98457"
}, {
  "kecamatan" : "Aimas",
  "kelurahan" : "Klabinain",
  "kodepos" : "98457"
}, {
  "kecamatan" : "Aimas",
  "kelurahan" : "Klaigit",
  "kodepos" : "98457"
}, {
  "kecamatan" : "Aimas",
  "kelurahan" : "Aimas",
  "kodepos" : "98457"
}, {
  "kecamatan" : "Mariat",
  "kelurahan" : "Klaben",
  "kodepos" : "98457"
}, {
  "kecamatan" : "Klamono",
  "kelurahan" : "Wariayau",
  "kodepos" : "98456"
}, {
  "kecamatan" : "Klamono",
  "kelurahan" : "Mlais",
  "kodepos" : "98456"
}, {
  "kecamatan" : "Klamono",
  "kelurahan" : "Malajapa",
  "kodepos" : "98456"
}, {
  "kecamatan" : "Klamono",
  "kelurahan" : "Malasigit",
  "kodepos" : "98456"
}, {
  "kecamatan" : "Klamono",
  "kelurahan" : "Klawana",
  "kodepos" : "98456"
}, {
  "kecamatan" : "Klamono",
  "kelurahan" : "Klamugun",
  "kodepos" : "98456"
}, {
  "kecamatan" : "Klamono",
  "kelurahan" : "Klasman",
  "kodepos" : "98456"
}, {
  "kecamatan" : "Klamono",
  "kelurahan" : "Klalomon",
  "kodepos" : "98456"
}, {
  "kecamatan" : "Klamono",
  "kelurahan" : "Klamano",
  "kodepos" : "98456"
}, {
  "kecamatan" : "Klamono",
  "kelurahan" : "Keladum",
  "kodepos" : "98456"
}, {
  "kecamatan" : "Klamono",
  "kelurahan" : "Klagulu",
  "kodepos" : "98456"
}, {
  "kecamatan" : "Klamono",
  "kelurahan" : "Gisim Darat",
  "kodepos" : "98456"
}, {
  "kecamatan" : "Beraur",
  "kelurahan" : "Wisbiak",
  "kodepos" : "98453"
}, {
  "kecamatan" : "Beraur",
  "kelurahan" : "Wanurian",
  "kodepos" : "98453"
}, {
  "kecamatan" : "Beraur",
  "kelurahan" : "Wensi",
  "kodepos" : "98453"
}, {
  "kecamatan" : "Klawak",
  "kelurahan" : "Wilty",
  "kodepos" : "98453"
}, {
  "kecamatan" : "Klawak",
  "kelurahan" : "Tarsa",
  "kodepos" : "98453"
}, {
  "kecamatan" : "Klawak",
  "kelurahan" : "Totjin",
  "kodepos" : "98453"
}, {
  "kecamatan" : "Klawak",
  "kelurahan" : "Mlawen",
  "kodepos" : "98453"
}, {
  "kecamatan" : "Klawak",
  "kelurahan" : "Sas",
  "kodepos" : "98453"
}, {
  "kecamatan" : "Klabot",
  "kelurahan" : "Mlawes",
  "kodepos" : "98453"
}, {
  "kecamatan" : "Beraur",
  "kelurahan" : "Mumpi",
  "kodepos" : "98453"
}, {
  "kecamatan" : "Klabot",
  "kelurahan" : "Mlakhan",
  "kodepos" : "98453"
}, {
  "kecamatan" : "Klabot",
  "kelurahan" : "Mlat",
  "kodepos" : "98453"
}, {
  "kecamatan" : "Klawak",
  "kelurahan" : "Klamne",
  "kodepos" : "98453"
}, {
  "kecamatan" : "Klabot",
  "kelurahan" : "Mimpe",
  "kodepos" : "98453"
}, {
  "kecamatan" : "Beraur",
  "kelurahan" : "Klarion",
  "kodepos" : "98453"
}, {
  "kecamatan" : "Klabot",
  "kelurahan" : "Klais",
  "kodepos" : "98453"
}, {
  "kecamatan" : "Beraur",
  "kelurahan" : "Klabra",
  "kodepos" : "98453"
}, {
  "kecamatan" : "Klabot",
  "kelurahan" : "Klabot",
  "kodepos" : "98453"
}, {
  "kecamatan" : "Beraur",
  "kelurahan" : "Kaas",
  "kodepos" : "98453"
}, {
  "kecamatan" : "Klawak",
  "kelurahan" : "Hobard",
  "kodepos" : "98453"
}, {
  "kecamatan" : "Klabot",
  "kelurahan" : "Indiwi",
  "kodepos" : "98453"
}, {
  "kecamatan" : "Klabot",
  "kelurahan" : "Buk",
  "kodepos" : "98453"
}, {
  "kecamatan" : "Beraur",
  "kelurahan" : "Disfra",
  "kodepos" : "98453"
}, {
  "kecamatan" : "Beraur",
  "kelurahan" : "Bagung",
  "kodepos" : "98453"
}, {
  "kecamatan" : "Klawak",
  "kelurahan" : "Brianlo",
  "kodepos" : "98453"
}, {
  "kecamatan" : "Klawak",
  "kelurahan" : "Ayolokle",
  "kodepos" : "98453"
}, {
  "kecamatan" : "Seget",
  "kelurahan" : "Wasingsan",
  "kodepos" : "98452"
}, {
  "kecamatan" : "Seget",
  "kelurahan" : "Wayenkede",
  "kodepos" : "98452"
}, {
  "kecamatan" : "Seget",
  "kelurahan" : "Wajin",
  "kodepos" : "98452"
}, {
  "kecamatan" : "Salawati Selatan",
  "kelurahan" : "Waliam",
  "kodepos" : "98452"
}, {
  "kecamatan" : "Segun",
  "kelurahan" : "Segun",
  "kodepos" : "98452"
}, {
  "kecamatan" : "Segun",
  "kelurahan" : "Waimon",
  "kodepos" : "98452"
}, {
  "kecamatan" : "Segun",
  "kelurahan" : "Wainlabat",
  "kodepos" : "98452"
}, {
  "kecamatan" : "Seget",
  "kelurahan" : "Seget",
  "kodepos" : "98452"
}, {
  "kecamatan" : "Salawati Selatan",
  "kelurahan" : "Sakapul",
  "kodepos" : "98452"
}, {
  "kecamatan" : "Salawati Selatan",
  "kelurahan" : "Maralol",
  "kodepos" : "98452"
}, {
  "kecamatan" : "Salawati Selatan",
  "kelurahan" : "Sailolof",
  "kodepos" : "98452"
}, {
  "kecamatan" : "Segun",
  "kelurahan" : "Majemau",
  "kodepos" : "98452"
}, {
  "kecamatan" : "Seget",
  "kelurahan" : "Malabam (Malaban)",
  "kodepos" : "98452"
}, {
  "kecamatan" : "Salawati Selatan",
  "kelurahan" : "Manoket",
  "kodepos" : "98452"
}, {
  "kecamatan" : "Segun",
  "kelurahan" : "Klasigon (Klasegun)",
  "kodepos" : "98452"
}, {
  "kecamatan" : "Seget",
  "kelurahan" : "Klayas",
  "kodepos" : "98452"
}, {
  "kecamatan" : "Seget",
  "kelurahan" : "Kasimle",
  "kodepos" : "98452"
}, {
  "kecamatan" : "Salawati Selatan",
  "kelurahan" : "Katlol (Klotlof/Katlof)",
  "kodepos" : "98452"
}, {
  "kecamatan" : "Seget",
  "kelurahan" : "Kasim",
  "kodepos" : "98452"
}, {
  "kecamatan" : "Segun",
  "kelurahan" : "Gisim",
  "kodepos" : "98452"
}, {
  "kecamatan" : "Salawati Selatan",
  "kelurahan" : "Dulbatan",
  "kodepos" : "98452"
}, {
  "kecamatan" : "Salawati Selatan",
  "kelurahan" : "Duriankari",
  "kodepos" : "98452"
}, {
  "kecamatan" : "Moisegen",
  "kelurahan" : "Wonosobo",
  "kodepos" : "98451"
}, {
  "kecamatan" : "Mayamuk",
  "kelurahan" : "Wen",
  "kodepos" : "98451"
}, {
  "kecamatan" : "Salawati",
  "kelurahan" : "Walal",
  "kodepos" : "98451"
}, {
  "kecamatan" : "Moisegen",
  "kelurahan" : "Ninjemur",
  "kodepos" : "98451"
}, {
  "kecamatan" : "Salawati",
  "kelurahan" : "Matawolot",
  "kodepos" : "98451"
}, {
  "kecamatan" : "Salawati",
  "kelurahan" : "Rawa Sugi",
  "kodepos" : "98451"
}, {
  "kecamatan" : "Mayamuk",
  "kelurahan" : "Makotyamsa",
  "kodepos" : "98451"
}, {
  "kecamatan" : "Salawati",
  "kelurahan" : "Malaus",
  "kodepos" : "98451"
}, {
  "kecamatan" : "Mayamuk",
  "kelurahan" : "Makbalim",
  "kodepos" : "98451"
}, {
  "kecamatan" : "Mayamuk",
  "kelurahan" : "Makbusun (Makbusum)",
  "kodepos" : "98451"
}, {
  "kecamatan" : "Salawati",
  "kelurahan" : "Majaran",
  "kodepos" : "98451"
}, {
  "kecamatan" : "Salawati",
  "kelurahan" : "Majener",
  "kodepos" : "98451"
}, {
  "kecamatan" : "Moisegen",
  "kelurahan" : "Klawoton",
  "kodepos" : "98451"
}, {
  "kecamatan" : "Moisegen",
  "kelurahan" : "Klasof",
  "kodepos" : "98451"
}, {
  "kecamatan" : "Mayamuk",
  "kelurahan" : "Klasmelek",
  "kodepos" : "98451"
}, {
  "kecamatan" : "Moisegen",
  "kelurahan" : "Klasarin",
  "kodepos" : "98451"
}, {
  "kecamatan" : "Mayamuk",
  "kelurahan" : "Klalin (Klain)",
  "kodepos" : "98451"
}, {
  "kecamatan" : "Moisegen",
  "kelurahan" : "Klafdalim",
  "kodepos" : "98451"
}, {
  "kecamatan" : "Moisegen",
  "kelurahan" : "Klaforo",
  "kodepos" : "98451"
}, {
  "kecamatan" : "Salawati",
  "kelurahan" : "Katinim",
  "kodepos" : "98451"
}, {
  "kecamatan" : "Mayamuk",
  "kelurahan" : "Arar",
  "kodepos" : "98451"
}, {
  "kecamatan" : "Mayamuk",
  "kelurahan" : "Jeflio (Yeflio/Yefilio)",
  "kodepos" : "98451"
}, {
  "kecamatan" : "Sorong Utara",
  "kelurahan" : "Matalamagi (Matalamangi)",
  "kodepos" : "98419"
}, {
  "kecamatan" : "Sorong Utara",
  "kelurahan" : "Sawagumu",
  "kodepos" : "98419"
}, {
  "kecamatan" : "Sorong Utara",
  "kelurahan" : "Malaingkedi",
  "kodepos" : "98419"
}, {
  "kecamatan" : "Sorong Utara",
  "kelurahan" : "Malanu",
  "kodepos" : "98419"
}, {
  "kecamatan" : "Sorong Timur",
  "kelurahan" : "Klasuat",
  "kodepos" : "98418"
}, {
  "kecamatan" : "Sorong Timur",
  "kelurahan" : "Klawuyuk",
  "kodepos" : "98419"
}, {
  "kecamatan" : "Sorong Timur",
  "kelurahan" : "Klamana",
  "kodepos" : "98418"
}, {
  "kecamatan" : "Sorong",
  "kelurahan" : "Remu Utara",
  "kodepos" : "98416"
}, {
  "kecamatan" : "Sorong Timur",
  "kelurahan" : "Klasaman",
  "kodepos" : "98417"
}, {
  "kecamatan" : "Sorong Timur",
  "kelurahan" : "Giwu",
  "kodepos" : "98418"
}, {
  "kecamatan" : "Sorong Manoi",
  "kelurahan" : "Malabutor",
  "kodepos" : "98416"
}, {
  "kecamatan" : "Sorong Manoi",
  "kelurahan" : "Malawei",
  "kodepos" : "98416"
}, {
  "kecamatan" : "Sorong Manoi",
  "kelurahan" : "Klasabi",
  "kodepos" : "98416"
}, {
  "kecamatan" : "Sorong Utara",
  "kelurahan" : "Klagete",
  "kodepos" : "98416"
}, {
  "kecamatan" : "Sorong Manoi",
  "kelurahan" : "Remu Selatan",
  "kodepos" : "98415"
}, {
  "kecamatan" : "Sorong Timur",
  "kelurahan" : "Klawalu",
  "kodepos" : "98415"
}, {
  "kecamatan" : "Sorong Manoi",
  "kelurahan" : "Klaligi",
  "kodepos" : "98414"
}, {
  "kecamatan" : "Sorong",
  "kelurahan" : "Klasuur",
  "kodepos" : "98414"
}, {
  "kecamatan" : "Sorong",
  "kelurahan" : "Klakublik",
  "kodepos" : "98414"
}, {
  "kecamatan" : "Sorong",
  "kelurahan" : "Klademak",
  "kodepos" : "98414"
}, {
  "kecamatan" : "Sorong Timur",
  "kelurahan" : "Klablim",
  "kodepos" : "98414"
}, {
  "kecamatan" : "Sorong Kepulauan",
  "kelurahan" : "Soop",
  "kodepos" : "98413"
}, {
  "kecamatan" : "Sorong Kepulauan",
  "kelurahan" : "Raam",
  "kodepos" : "98413"
}, {
  "kecamatan" : "Sorong",
  "kelurahan" : "Kampung Baru",
  "kodepos" : "98413"
}, {
  "kecamatan" : "Sorong Kepulauan",
  "kelurahan" : "Dum Timur (Doom Timur)",
  "kodepos" : "98413"
}, {
  "kecamatan" : "Sorong Kepulauan",
  "kelurahan" : "Dum Barat (Doom Barat)",
  "kodepos" : "98413"
}, {
  "kecamatan" : "Sorong Barat",
  "kelurahan" : "Rufei",
  "kodepos" : "98412"
}, {
  "kecamatan" : "Sorong Barat",
  "kelurahan" : "Klabala",
  "kodepos" : "98412"
}, {
  "kecamatan" : "Sorong Barat",
  "kelurahan" : "Tanjung Kasuari",
  "kodepos" : "98411"
}, {
  "kecamatan" : "Sorong Barat",
  "kelurahan" : "Saoka",
  "kodepos" : "98411"
}, {
  "kecamatan" : "Sorong Barat",
  "kelurahan" : "Klawasi",
  "kodepos" : "98411"
} ]
