[ {
  "kecamatan" : "Sawiat",
  "kelurahan" : "Wenslolo",
  "kodepos" : "98456"
}, {
  "kecamatan" : "Sawiat",
  "kelurahan" : "Wenslolo",
  "kodepos" : "98456"
}, {
  "kecamatan" : "Sawiat",
  "kelurahan" : "Wensough",
  "kodepos" : "98456"
}, {
  "kecamatan" : "Fokour",
  "kelurahan" : "Welek",
  "kodepos" : "98456"
}, {
  "kecamatan" : "Sawiat",
  "kelurahan" : "Wendi",
  "kodepos" : "98456"
}, {
  "kecamatan" : "Sawiat",
  "kelurahan" : "Ween",
  "kodepos" : "98456"
}, {
  "kecamatan" : "Fokour",
  "kelurahan" : "Wandum",
  "kodepos" : "98456"
}, {
  "kecamatan" : "Sawiat",
  "kelurahan" : "Sawiat",
  "kodepos" : "98456"
}, {
  "kecamatan" : "Sawiat",
  "kelurahan" : "Sfakyo",
  "kodepos" : "98456"
}, {
  "kecamatan" : "Sawiat",
  "kelurahan" : "Sodrofoyo",
  "kodepos" : "98456"
}, {
  "kecamatan" : "Sawiat",
  "kelurahan" : "Sasnek",
  "kodepos" : "98456"
}, {
  "kecamatan" : "Fokour",
  "kelurahan" : "Pasir Putih",
  "kodepos" : "98456"
}, {
  "kecamatan" : "Sawiat",
  "kelurahan" : "Mlabolo",
  "kodepos" : "98456"
}, {
  "kecamatan" : "Sawiat",
  "kelurahan" : "Kofalit",
  "kodepos" : "98456"
}, {
  "kecamatan" : "Sawiat",
  "kelurahan" : "Klamit",
  "kodepos" : "98456"
}, {
  "kecamatan" : "Fokour",
  "kelurahan" : "Bemus",
  "kodepos" : "98456"
}, {
  "kecamatan" : "Sawiat",
  "kelurahan" : "Elles",
  "kodepos" : "98456"
}, {
  "kecamatan" : "Sawiat",
  "kelurahan" : "Alma",
  "kodepos" : "98456"
}, {
  "kecamatan" : "Kais (Matemani Kais)",
  "kelurahan" : "Yahadian",
  "kodepos" : "98455"
}, {
  "kecamatan" : "Inanwatan (Inawatan)",
  "kelurahan" : "Wadoi",
  "kodepos" : "98455"
}, {
  "kecamatan" : "Kokoda Utara",
  "kelurahan" : "Udagaga",
  "kodepos" : "98455"
}, {
  "kecamatan" : "Matemani",
  "kelurahan" : "Tawanggire",
  "kodepos" : "98455"
}, {
  "kecamatan" : "Kokoda",
  "kelurahan" : "Topdan",
  "kodepos" : "98455"
}, {
  "kecamatan" : "Kokoda",
  "kelurahan" : "Totona",
  "kodepos" : "98455"
}, {
  "kecamatan" : "Kokoda",
  "kelurahan" : "Tarof",
  "kodepos" : "98455"
}, {
  "kecamatan" : "Kais (Matemani Kais)",
  "kelurahan" : "Tapuri",
  "kodepos" : "98455"
}, {
  "kecamatan" : "Kokoda",
  "kelurahan" : "Tambani",
  "kodepos" : "98455"
}, {
  "kecamatan" : "Kokoda",
  "kelurahan" : "Tapas",
  "kodepos" : "98455"
}, {
  "kecamatan" : "Inanwatan (Inawatan)",
  "kelurahan" : "Solta Baru",
  "kodepos" : "98455"
}, {
  "kecamatan" : "Kais (Matemani Kais)",
  "kelurahan" : "Sumano",
  "kodepos" : "98455"
}, {
  "kecamatan" : "Kokoda",
  "kelurahan" : "Siwatori",
  "kodepos" : "98455"
}, {
  "kecamatan" : "Inanwatan (Inawatan)",
  "kelurahan" : "Siri-siri",
  "kodepos" : "98455"
}, {
  "kecamatan" : "Kais (Matemani Kais)",
  "kelurahan" : "Siranggo",
  "kodepos" : "98455"
}, {
  "kecamatan" : "Inanwatan (Inawatan)",
  "kelurahan" : "Serkos",
  "kodepos" : "98455"
}, {
  "kecamatan" : "Inanwatan (Inawatan)",
  "kelurahan" : "Sibae",
  "kodepos" : "98455"
}, {
  "kecamatan" : "Matemani",
  "kelurahan" : "Puragi",
  "kodepos" : "98455"
}, {
  "kecamatan" : "Matemani",
  "kelurahan" : "Saga",
  "kodepos" : "98455"
}, {
  "kecamatan" : "Inanwatan (Inawatan)",
  "kelurahan" : "Odeare",
  "kodepos" : "98455"
}, {
  "kecamatan" : "Kais (Matemani Kais)",
  "kelurahan" : "Onimsefa",
  "kodepos" : "98455"
}, {
  "kecamatan" : "Matemani",
  "kelurahan" : "Nusa",
  "kodepos" : "98455"
}, {
  "kecamatan" : "Kokoda",
  "kelurahan" : "Negeri Besar",
  "kodepos" : "98455"
}, {
  "kecamatan" : "Kokoda",
  "kelurahan" : "Nayakore",
  "kodepos" : "98455"
}, {
  "kecamatan" : "Kais (Matemani Kais)",
  "kelurahan" : "Mukamat",
  "kodepos" : "98455"
}, {
  "kecamatan" : "Matemani",
  "kelurahan" : "Mugim",
  "kodepos" : "98455"
}, {
  "kecamatan" : "Kais (Matemani Kais)",
  "kelurahan" : "Mogotemin (Mogatemin)",
  "kodepos" : "98455"
}, {
  "kecamatan" : "Inanwatan (Inawatan)",
  "kelurahan" : "Mogibi",
  "kodepos" : "98455"
}, {
  "kecamatan" : "Kokoda",
  "kelurahan" : "Migrito",
  "kodepos" : "98455"
}, {
  "kecamatan" : "Kokoda",
  "kelurahan" : "Migori",
  "kodepos" : "98455"
}, {
  "kecamatan" : "Inanwatan (Inawatan)",
  "kelurahan" : "Mate",
  "kodepos" : "98455"
}, {
  "kecamatan" : "Inanwatan (Inawatan)",
  "kelurahan" : "Mate",
  "kodepos" : "98455"
}, {
  "kecamatan" : "Kokoda",
  "kelurahan" : "Korewatara",
  "kodepos" : "98455"
}, {
  "kecamatan" : "Kokoda Utara",
  "kelurahan" : "Kayubiro",
  "kodepos" : "98455"
}, {
  "kecamatan" : "Kokoda",
  "kelurahan" : "Kasuweri",
  "kodepos" : "98455"
}, {
  "kecamatan" : "Kokoda Utara",
  "kelurahan" : "Kamundan Satu",
  "kodepos" : "98455"
}, {
  "kecamatan" : "Kokoda Utara",
  "kelurahan" : "Karirif",
  "kodepos" : "98455"
}, {
  "kecamatan" : "Kais (Matemani Kais)",
  "kelurahan" : "Kais",
  "kodepos" : "98455"
}, {
  "kecamatan" : "Kokoda Utara",
  "kelurahan" : "Kamundan Dua",
  "kodepos" : "98455"
}, {
  "kecamatan" : "Inanwatan (Inawatan)",
  "kelurahan" : "Isogo",
  "kodepos" : "98455"
}, {
  "kecamatan" : "Kais (Matemani Kais)",
  "kelurahan" : "Haemaran (Kurana)",
  "kodepos" : "98455"
}, {
  "kecamatan" : "Kais (Matemani Kais)",
  "kelurahan" : "Ikana",
  "kodepos" : "98455"
}, {
  "kecamatan" : "Kokoda Utara",
  "kelurahan" : "Bubuko",
  "kodepos" : "98455"
}, {
  "kecamatan" : "Kokoda",
  "kelurahan" : "Daimar",
  "kodepos" : "98455"
}, {
  "kecamatan" : "Kokoda",
  "kelurahan" : "Daubak",
  "kodepos" : "98455"
}, {
  "kecamatan" : "Kokoda Utara",
  "kelurahan" : "Benawa II",
  "kodepos" : "98455"
}, {
  "kecamatan" : "Kokoda",
  "kelurahan" : "Birawaku",
  "kodepos" : "98455"
}, {
  "kecamatan" : "Matemani",
  "kelurahan" : "Bedare",
  "kodepos" : "98455"
}, {
  "kecamatan" : "Kais (Matemani Kais)",
  "kelurahan" : "Benawa I",
  "kodepos" : "98455"
}, {
  "kecamatan" : "Kokoda",
  "kelurahan" : "Arbasina",
  "kodepos" : "98455"
}, {
  "kecamatan" : "Kokoda Utara",
  "kelurahan" : "Atori",
  "kodepos" : "98455"
}, {
  "kecamatan" : "Kokoda Utara",
  "kelurahan" : "Adona",
  "kodepos" : "98455"
}, {
  "kecamatan" : "Teminabuan",
  "kelurahan" : "Wersar",
  "kodepos" : "98454"
}, {
  "kecamatan" : "Seremuk",
  "kelurahan" : "Woloin",
  "kodepos" : "98454"
}, {
  "kecamatan" : "Teminabuan",
  "kelurahan" : "Wernas",
  "kodepos" : "98454"
}, {
  "kecamatan" : "Teminabuan",
  "kelurahan" : "Wehali",
  "kodepos" : "98454"
}, {
  "kecamatan" : "Teminabuan",
  "kelurahan" : "Wermit",
  "kodepos" : "98454"
}, {
  "kecamatan" : "Wayer",
  "kelurahan" : "Wayer",
  "kodepos" : "98454"
}, {
  "kecamatan" : "Konda",
  "kelurahan" : "Wamargege",
  "kodepos" : "98454"
}, {
  "kecamatan" : "Wayer",
  "kelurahan" : "Wardik",
  "kodepos" : "98454"
}, {
  "kecamatan" : "Wayer",
  "kelurahan" : "Ungi (unggi)",
  "kodepos" : "98454"
}, {
  "kecamatan" : "Wayer",
  "kelurahan" : "Waigo",
  "kodepos" : "98454"
}, {
  "kecamatan" : "Moswaren",
  "kelurahan" : "Tokass",
  "kodepos" : "98454"
}, {
  "kecamatan" : "Seremuk",
  "kelurahan" : "Tofot",
  "kodepos" : "98454"
}, {
  "kecamatan" : "Teminabuan",
  "kelurahan" : "Tapiri",
  "kodepos" : "98454"
}, {
  "kecamatan" : "Teminabuan",
  "kelurahan" : "Tegirolo",
  "kodepos" : "98454"
}, {
  "kecamatan" : "Wayer",
  "kelurahan" : "Sungguer",
  "kodepos" : "98454"
}, {
  "kecamatan" : "Seremuk",
  "kelurahan" : "Srer",
  "kodepos" : "98454"
}, {
  "kecamatan" : "Saifi",
  "kelurahan" : "Sisir",
  "kodepos" : "98454"
}, {
  "kecamatan" : "Teminabuan",
  "kelurahan" : "Seyolo",
  "kodepos" : "98454"
}, {
  "kecamatan" : "Teminabuan",
  "kelurahan" : "Siribau",
  "kodepos" : "98454"
}, {
  "kecamatan" : "Teminabuan",
  "kelurahan" : "Siribau",
  "kodepos" : "98454"
}, {
  "kecamatan" : "Wayer",
  "kelurahan" : "Sesor",
  "kodepos" : "98454"
}, {
  "kecamatan" : "Seremuk",
  "kelurahan" : "Sbir",
  "kodepos" : "98454"
}, {
  "kecamatan" : "Saifi",
  "kelurahan" : "Sayal",
  "kodepos" : "98454"
}, {
  "kecamatan" : "Teminabuan",
  "kelurahan" : "Nambro",
  "kodepos" : "98454"
}, {
  "kecamatan" : "Konda",
  "kelurahan" : "Nagna",
  "kodepos" : "98454"
}, {
  "kecamatan" : "Moswaren",
  "kelurahan" : "Moswaren",
  "kodepos" : "98454"
}, {
  "kecamatan" : "Saifi",
  "kelurahan" : "Mlaswat",
  "kodepos" : "98454"
}, {
  "kecamatan" : "Saifi",
  "kelurahan" : "Manggroholo",
  "kodepos" : "98454"
}, {
  "kecamatan" : "Konda",
  "kelurahan" : "Manelek",
  "kodepos" : "98454"
}, {
  "kecamatan" : "Saifi",
  "kelurahan" : "Kwowok",
  "kodepos" : "98454"
}, {
  "kecamatan" : "Teminabuan",
  "kelurahan" : "Magis",
  "kodepos" : "98454"
}, {
  "kecamatan" : "Konda",
  "kelurahan" : "Konda",
  "kodepos" : "98454"
}, {
  "kecamatan" : "Saifi",
  "kelurahan" : "Komanggaret",
  "kodepos" : "98454"
}, {
  "kecamatan" : "Seremuk",
  "kelurahan" : "Klaogin",
  "kodepos" : "98454"
}, {
  "kecamatan" : "Teminabuan",
  "kelurahan" : "Keyen",
  "kodepos" : "98454"
}, {
  "kecamatan" : "Teminabuan",
  "kelurahan" : "Kohoin",
  "kodepos" : "98454"
}, {
  "kecamatan" : "Saifi",
  "kelurahan" : "Kayabo",
  "kodepos" : "98454"
}, {
  "kecamatan" : "Saifi",
  "kelurahan" : "Kenaya",
  "kodepos" : "98454"
}, {
  "kecamatan" : "Moswaren",
  "kelurahan" : "Kamisabe",
  "kodepos" : "98454"
}, {
  "kecamatan" : "Moswaren",
  "kelurahan" : "Kamisabe",
  "kodepos" : "98454"
}, {
  "kecamatan" : "Teminabuan",
  "kelurahan" : "Kaibus",
  "kodepos" : "98454"
}, {
  "kecamatan" : "Moswaren",
  "kelurahan" : "Joshiro",
  "kodepos" : "98454"
}, {
  "kecamatan" : "Seremuk",
  "kelurahan" : "Kakas",
  "kodepos" : "98454"
}, {
  "kecamatan" : "Moswaren",
  "kelurahan" : "Hararo",
  "kodepos" : "98454"
}, {
  "kecamatan" : "Moswaren",
  "kelurahan" : "Hasik Jaya",
  "kodepos" : "98454"
}, {
  "kecamatan" : "Teminabuan",
  "kelurahan" : "Gorolo",
  "kodepos" : "98454"
}, {
  "kecamatan" : "Seremuk",
  "kelurahan" : "Haha",
  "kodepos" : "98454"
}, {
  "kecamatan" : "Moswaren",
  "kelurahan" : "Bumi Ajo",
  "kodepos" : "98454"
}, {
  "kecamatan" : "Saifi",
  "kelurahan" : "Botain",
  "kodepos" : "98454"
}, {
  "kecamatan" : "Wayer",
  "kelurahan" : "Baldon (Boldon)",
  "kodepos" : "98454"
}, {
  "kecamatan" : "Konda",
  "kelurahan" : "Bariat",
  "kodepos" : "98454"
}, {
  "kecamatan" : "Wayer",
  "kelurahan" : "Bagraga (Bagaraga)",
  "kodepos" : "98454"
}, {
  "kecamatan" : "Teminabuan",
  "kelurahan" : "Aibobor",
  "kodepos" : "98454"
}, {
  "kecamatan" : "Teminabuan",
  "kelurahan" : "Ani Sesna",
  "kodepos" : "98454"
} ]
