[ {
  "kecamatan" : "Roon",
  "kelurahan" : "Yende",
  "kodepos" : "98362"
}, {
  "kecamatan" : "Naikere (Wasior Barat)",
  "kelurahan" : "Wosimi (Wosimo)",
  "kodepos" : "98362"
}, {
  "kecamatan" : "Naikere (Wasior Barat)",
  "kelurahan" : "Yabore",
  "kodepos" : "98362"
}, {
  "kecamatan" : "Roon",
  "kelurahan" : "Yende",
  "kodepos" : "98362"
}, {
  "kecamatan" : "Wondiboy (Wasior Selatan)",
  "kelurahan" : "Wondiboi (Wondiboy)",
  "kodepos" : "98362"
}, {
  "kecamatan" : "Teluk Duairi (Wasior Utara)",
  "kelurahan" : "Yopanggar (Yopengar)",
  "kodepos" : "98362"
}, {
  "kecamatan" : "Wasior",
  "kelurahan" : "Wondamawi",
  "kodepos" : "98362"
}, {
  "kecamatan" : "Wasior",
  "kelurahan" : "Wasior II",
  "kodepos" : "98362"
}, {
  "kecamatan" : "Rasiei",
  "kelurahan" : "Webi",
  "kodepos" : "98362"
}, {
  "kecamatan" : "Wasior",
  "kelurahan" : "Wasior I",
  "kodepos" : "98362"
}, {
  "kecamatan" : "Naikere (Wasior Barat)",
  "kelurahan" : "Undurara",
  "kodepos" : "98362"
}, {
  "kecamatan" : "Rasiei",
  "kelurahan" : "Uryemi (Uriyem/Uriemi)",
  "kodepos" : "98362"
}, {
  "kecamatan" : "Rasiei",
  "kelurahan" : "Torey",
  "kodepos" : "98362"
}, {
  "kecamatan" : "Rasiei",
  "kelurahan" : "Tandia",
  "kodepos" : "98362"
}, {
  "kecamatan" : "Roon",
  "kelurahan" : "Syabes",
  "kodepos" : "98362"
}, {
  "kecamatan" : "Teluk Duairi (Wasior Utara)",
  "kelurahan" : "Sobey Indah",
  "kodepos" : "98362"
}, {
  "kecamatan" : "Kuri Wamesa",
  "kelurahan" : "Sobiar",
  "kodepos" : "98362"
}, {
  "kecamatan" : "Teluk Duairi (Wasior Utara)",
  "kelurahan" : "Sobei (Sobey)",
  "kodepos" : "98362"
}, {
  "kecamatan" : "Kuri Wamesa",
  "kelurahan" : "Simei (Simiei)",
  "kodepos" : "98362"
}, {
  "kecamatan" : "Rasiei",
  "kelurahan" : "Sasirey (Sasirei)",
  "kodepos" : "98362"
}, {
  "kecamatan" : "Rasiei",
  "kelurahan" : "Senderawoy / Senderawoi (Sindrawoi)",
  "kodepos" : "98362"
}, {
  "kecamatan" : "Roon",
  "kelurahan" : "Sariay",
  "kodepos" : "98362"
}, {
  "kecamatan" : "Naikere (Wasior Barat)",
  "kelurahan" : "Sararti",
  "kodepos" : "98362"
}, {
  "kecamatan" : "Wasior",
  "kelurahan" : "Ramiki",
  "kodepos" : "98362"
}, {
  "kecamatan" : "Rasiei",
  "kelurahan" : "Rasiey (Rasiei)",
  "kodepos" : "98362"
}, {
  "kecamatan" : "Wasior",
  "kelurahan" : "Rado",
  "kodepos" : "98362"
}, {
  "kecamatan" : "Naikere (Wasior Barat)",
  "kelurahan" : "Oya (Oyaa)",
  "kodepos" : "98362"
}, {
  "kecamatan" : "Rasiei",
  "kelurahan" : "Nggatum",
  "kodepos" : "98362"
}, {
  "kecamatan" : "Roon",
  "kelurahan" : "Niab",
  "kodepos" : "98362"
}, {
  "kecamatan" : "Wasior",
  "kelurahan" : "Moru (Gayabaru)",
  "kodepos" : "98362"
}, {
  "kecamatan" : "Kuri Wamesa",
  "kelurahan" : "Nanimori",
  "kodepos" : "98362"
}, {
  "kecamatan" : "Roon",
  "kelurahan" : "Menarbu",
  "kodepos" : "98362"
}, {
  "kecamatan" : "Roon",
  "kelurahan" : "Mena",
  "kodepos" : "98362"
}, {
  "kecamatan" : "Wondiboy (Wasior Selatan)",
  "kelurahan" : "Manopi",
  "kodepos" : "98362"
}, {
  "kecamatan" : "Wasior",
  "kelurahan" : "Maniwak",
  "kodepos" : "98362"
}, {
  "kecamatan" : "Wasior",
  "kelurahan" : "Maimare (Maimari)",
  "kodepos" : "98362"
}, {
  "kecamatan" : "Wondiboy (Wasior Selatan)",
  "kelurahan" : "Kaibi",
  "kodepos" : "98362"
}, {
  "kecamatan" : "Wondiboy (Wasior Selatan)",
  "kelurahan" : "Isuy (Issui)",
  "kodepos" : "98362"
}, {
  "kecamatan" : "Wondiboy (Wasior Selatan)",
  "kelurahan" : "Kabouw (Kabuow)",
  "kodepos" : "98362"
}, {
  "kecamatan" : "Rasiei",
  "kelurahan" : "Isey (Isei)",
  "kodepos" : "98362"
}, {
  "kecamatan" : "Wasior",
  "kelurahan" : "Iriati",
  "kodepos" : "98362"
}, {
  "kecamatan" : "Naikere (Wasior Barat)",
  "kelurahan" : "Inyora",
  "kodepos" : "98362"
}, {
  "kecamatan" : "Roon",
  "kelurahan" : "Inday",
  "kodepos" : "98362"
}, {
  "kecamatan" : "Kuri Wamesa",
  "kelurahan" : "Dusner",
  "kodepos" : "98362"
}, {
  "kecamatan" : "Wasior",
  "kelurahan" : "Dotir",
  "kodepos" : "98362"
}, {
  "kecamatan" : "Kuri Wamesa",
  "kelurahan" : "Ambumi",
  "kodepos" : "98362"
}, {
  "kecamatan" : "Teluk Duairi (Wasior Utara)",
  "kelurahan" : "Aisandami",
  "kodepos" : "98362"
}, {
  "kecamatan" : "Roswar",
  "kelurahan" : "Yomber",
  "kodepos" : "98361"
}, {
  "kecamatan" : "Windesi",
  "kelurahan" : "Yopmios",
  "kodepos" : "98361"
}, {
  "kecamatan" : "Rumberpon",
  "kelurahan" : "Yembekiri II",
  "kodepos" : "98361"
}, {
  "kecamatan" : "Rumberpon",
  "kelurahan" : "Yomakan",
  "kodepos" : "98361"
}, {
  "kecamatan" : "Rumberpon",
  "kelurahan" : "Yombekiri I (Yembe Kiri)",
  "kodepos" : "98361"
}, {
  "kecamatan" : "Soug Jaya",
  "kelurahan" : "Yarmatum (Yermatum)",
  "kodepos" : "98361"
}, {
  "kecamatan" : "Wamesa",
  "kelurahan" : "Yarpate",
  "kodepos" : "98361"
}, {
  "kecamatan" : "Rumberpon",
  "kelurahan" : "Yariari",
  "kodepos" : "98361"
}, {
  "kecamatan" : "Windesi",
  "kelurahan" : "Windesi",
  "kodepos" : "98361"
}, {
  "kecamatan" : "Nikiwar",
  "kelurahan" : "Werianggi",
  "kodepos" : "98361"
}, {
  "kecamatan" : "Rumberpon",
  "kelurahan" : "Wetitindau",
  "kodepos" : "98361"
}, {
  "kecamatan" : "Nikiwar",
  "kelurahan" : "Werabur",
  "kodepos" : "98361"
}, {
  "kecamatan" : "Windesi",
  "kelurahan" : "Wamesa Tengah",
  "kodepos" : "98361"
}, {
  "kecamatan" : "Roswar",
  "kelurahan" : "Waprak",
  "kodepos" : "98361"
}, {
  "kecamatan" : "Roswar",
  "kelurahan" : "Syeiwar",
  "kodepos" : "98361"
}, {
  "kecamatan" : "Nikiwar",
  "kelurahan" : "Tamoge",
  "kodepos" : "98361"
}, {
  "kecamatan" : "Windesi",
  "kelurahan" : "Sombokoro",
  "kodepos" : "98361"
}, {
  "kecamatan" : "Soug Jaya",
  "kelurahan" : "Siresi",
  "kodepos" : "98361"
}, {
  "kecamatan" : "Windesi",
  "kelurahan" : "Sandey",
  "kodepos" : "98361"
}, {
  "kecamatan" : "Soug Jaya",
  "kelurahan" : "Reyob (Rayob)",
  "kodepos" : "98361"
}, {
  "kecamatan" : "Wamesa",
  "kelurahan" : "Sabubar",
  "kodepos" : "98361"
}, {
  "kecamatan" : "Soug Jaya",
  "kelurahan" : "Nuspairo",
  "kodepos" : "98361"
}, {
  "kecamatan" : "Wamesa",
  "kelurahan" : "Nordiwar",
  "kodepos" : "98361"
}, {
  "kecamatan" : "Nikiwar",
  "kelurahan" : "Mamisi",
  "kodepos" : "98361"
}, {
  "kecamatan" : "Nikiwar",
  "kelurahan" : "Kurei",
  "kodepos" : "98361"
}, {
  "kecamatan" : "Wamesa",
  "kelurahan" : "Karuan",
  "kodepos" : "98361"
}, {
  "kecamatan" : "Soug Jaya",
  "kelurahan" : "Kaprus",
  "kodepos" : "98361"
}, {
  "kecamatan" : "Rumberpon",
  "kelurahan" : "Isenebuai (Senebuay/Senebuai)",
  "kodepos" : "98361"
}, {
  "kecamatan" : "Rumberpon",
  "kelurahan" : "Iseren (Isren)",
  "kodepos" : "98361"
}, {
  "kecamatan" : "Wamesa",
  "kelurahan" : "Ambuar",
  "kodepos" : "98361"
} ]
