[ {
  "kecamatan" : "Semanu",
  "kelurahan" : "Pacarejo",
  "kodepos" : "55893"
}, {
  "kecamatan" : "Semanu",
  "kelurahan" : "Semanu",
  "kodepos" : "55893"
}, {
  "kecamatan" : "Semanu",
  "kelurahan" : "Dadapayu",
  "kodepos" : "55893"
}, {
  "kecamatan" : "Semanu",
  "kelurahan" : "Ngeposari",
  "kodepos" : "55893"
}, {
  "kecamatan" : "Ponjong",
  "kelurahan" : "Umbul Rejo",
  "kodepos" : "55892"
}, {
  "kecamatan" : "Semanu",
  "kelurahan" : "Candirejo",
  "kodepos" : "55893"
}, {
  "kecamatan" : "Ponjong",
  "kelurahan" : "Sumber Giri",
  "kodepos" : "55892"
}, {
  "kecamatan" : "Ponjong",
  "kelurahan" : "Tambakromo",
  "kodepos" : "55892"
}, {
  "kecamatan" : "Ponjong",
  "kelurahan" : "Ponjong",
  "kodepos" : "55892"
}, {
  "kecamatan" : "Ponjong",
  "kelurahan" : "Sawahan",
  "kodepos" : "55892"
}, {
  "kecamatan" : "Ponjong",
  "kelurahan" : "Sidorejo",
  "kodepos" : "55892"
}, {
  "kecamatan" : "Ponjong",
  "kelurahan" : "Karang Asem",
  "kodepos" : "55892"
}, {
  "kecamatan" : "Ponjong",
  "kelurahan" : "Kenteng",
  "kodepos" : "55892"
}, {
  "kecamatan" : "Ponjong",
  "kelurahan" : "Bedoyo",
  "kodepos" : "55892"
}, {
  "kecamatan" : "Ponjong",
  "kelurahan" : "Genjahan",
  "kodepos" : "55892"
}, {
  "kecamatan" : "Ponjong",
  "kelurahan" : "Gombang",
  "kodepos" : "55892"
}, {
  "kecamatan" : "Karangmojo",
  "kelurahan" : "Ngipak",
  "kodepos" : "55891"
}, {
  "kecamatan" : "Karangmojo",
  "kelurahan" : "Wiladeg",
  "kodepos" : "55891"
}, {
  "kecamatan" : "Karangmojo",
  "kelurahan" : "Karangmojo",
  "kodepos" : "55891"
}, {
  "kecamatan" : "Karangmojo",
  "kelurahan" : "Kelor",
  "kodepos" : "55891"
}, {
  "kecamatan" : "Karangmojo",
  "kelurahan" : "Ngawis",
  "kodepos" : "55891"
}, {
  "kecamatan" : "Karangmojo",
  "kelurahan" : "Gedang Rejo",
  "kodepos" : "55891"
}, {
  "kecamatan" : "Karangmojo",
  "kelurahan" : "Jati Ayu",
  "kodepos" : "55891"
}, {
  "kecamatan" : "Girisubo",
  "kelurahan" : "Tileng",
  "kodepos" : "55883"
}, {
  "kecamatan" : "Karangmojo",
  "kelurahan" : "Bejiharjo",
  "kodepos" : "55891"
}, {
  "kecamatan" : "Karangmojo",
  "kelurahan" : "Bendungan",
  "kodepos" : "55891"
}, {
  "kecamatan" : "Girisubo",
  "kelurahan" : "Songbanyu",
  "kodepos" : "55883"
}, {
  "kecamatan" : "Rongkop",
  "kelurahan" : "Pucanganom",
  "kodepos" : "55883"
}, {
  "kecamatan" : "Rongkop",
  "kelurahan" : "Semugih",
  "kodepos" : "55883"
}, {
  "kecamatan" : "Girisubo",
  "kelurahan" : "Pucung",
  "kodepos" : "55883"
}, {
  "kecamatan" : "Rongkop",
  "kelurahan" : "Petir",
  "kodepos" : "55883"
}, {
  "kecamatan" : "Rongkop",
  "kelurahan" : "Pringombo",
  "kodepos" : "55883"
}, {
  "kecamatan" : "Rongkop",
  "kelurahan" : "Karangwuni",
  "kodepos" : "55883"
}, {
  "kecamatan" : "Rongkop",
  "kelurahan" : "Melikan",
  "kodepos" : "55883"
}, {
  "kecamatan" : "Girisubo",
  "kelurahan" : "Nglindur",
  "kodepos" : "55883"
}, {
  "kecamatan" : "Girisubo",
  "kelurahan" : "Jepitu",
  "kodepos" : "55883"
}, {
  "kecamatan" : "Girisubo",
  "kelurahan" : "Jerukwudel",
  "kodepos" : "55883"
}, {
  "kecamatan" : "Girisubo",
  "kelurahan" : "Karangawen",
  "kodepos" : "55883"
}, {
  "kecamatan" : "Rongkop",
  "kelurahan" : "Bohol",
  "kodepos" : "55883"
}, {
  "kecamatan" : "Rongkop",
  "kelurahan" : "Botodayakan (Botodayaan)",
  "kodepos" : "55883"
}, {
  "kecamatan" : "Tepus",
  "kelurahan" : "Tepus",
  "kodepos" : "55881"
}, {
  "kecamatan" : "Girisubo",
  "kelurahan" : "Balong",
  "kodepos" : "55883"
}, {
  "kecamatan" : "Tepus",
  "kelurahan" : "Sidoharjo",
  "kodepos" : "55881"
}, {
  "kecamatan" : "Tepus",
  "kelurahan" : "Sumber Wungu",
  "kodepos" : "55881"
}, {
  "kecamatan" : "Tanjungsari",
  "kelurahan" : "Ngestirejo",
  "kodepos" : "55881"
}, {
  "kecamatan" : "Tepus",
  "kelurahan" : "Purwodadi",
  "kodepos" : "55881"
}, {
  "kecamatan" : "Tanjungsari",
  "kelurahan" : "Kemadang",
  "kodepos" : "55881"
}, {
  "kecamatan" : "Tanjungsari",
  "kelurahan" : "Kemiri",
  "kodepos" : "55881"
}, {
  "kecamatan" : "Tanjungsari",
  "kelurahan" : "Hargosari",
  "kodepos" : "55881"
}, {
  "kecamatan" : "Tepus",
  "kelurahan" : "Giripanggung",
  "kodepos" : "55881"
}, {
  "kecamatan" : "Tanjungsari",
  "kelurahan" : "Banjarejo",
  "kodepos" : "55881"
}, {
  "kecamatan" : "Purwosari",
  "kelurahan" : "Giritirto",
  "kodepos" : "55872"
}, {
  "kecamatan" : "Panggang",
  "kelurahan" : "Girisuko",
  "kodepos" : "55872"
}, {
  "kecamatan" : "Panggang",
  "kelurahan" : "Giriwungu",
  "kodepos" : "55872"
}, {
  "kecamatan" : "Purwosari",
  "kelurahan" : "Giripurwo",
  "kodepos" : "55872"
}, {
  "kecamatan" : "Panggang",
  "kelurahan" : "Girisekar",
  "kodepos" : "55872"
}, {
  "kecamatan" : "Purwosari",
  "kelurahan" : "Girijati",
  "kodepos" : "55872"
}, {
  "kecamatan" : "Panggang",
  "kelurahan" : "Girikarto",
  "kodepos" : "55872"
}, {
  "kecamatan" : "Panggang",
  "kelurahan" : "Girimulyo",
  "kodepos" : "55872"
}, {
  "kecamatan" : "Panggang",
  "kelurahan" : "Giriharjo",
  "kodepos" : "55872"
}, {
  "kecamatan" : "Purwosari",
  "kelurahan" : "Giriasih",
  "kodepos" : "55872"
}, {
  "kecamatan" : "Purwosari",
  "kelurahan" : "Giricahyo",
  "kodepos" : "55872"
}, {
  "kecamatan" : "Sapto Sari",
  "kelurahan" : "Planjan",
  "kodepos" : "55871"
}, {
  "kecamatan" : "Paliyan",
  "kelurahan" : "Sodo",
  "kodepos" : "55871"
}, {
  "kecamatan" : "Sapto Sari",
  "kelurahan" : "Nglora",
  "kodepos" : "55871"
}, {
  "kecamatan" : "Paliyan",
  "kelurahan" : "Mulusan",
  "kodepos" : "55871"
}, {
  "kecamatan" : "Paliyan",
  "kelurahan" : "Pampang",
  "kodepos" : "55871"
}, {
  "kecamatan" : "Sapto Sari",
  "kelurahan" : "Krambil Sawit",
  "kodepos" : "55871"
}, {
  "kecamatan" : "Sapto Sari",
  "kelurahan" : "Monggol",
  "kodepos" : "55871"
}, {
  "kecamatan" : "Paliyan",
  "kelurahan" : "Karang Asem",
  "kodepos" : "55871"
}, {
  "kecamatan" : "Paliyan",
  "kelurahan" : "Karang Duwet",
  "kodepos" : "55871"
}, {
  "kecamatan" : "Sapto Sari",
  "kelurahan" : "Kepek",
  "kodepos" : "55871"
}, {
  "kecamatan" : "Sapto Sari",
  "kelurahan" : "Kanigoro",
  "kodepos" : "55871"
}, {
  "kecamatan" : "Paliyan",
  "kelurahan" : "Grogol",
  "kodepos" : "55871"
}, {
  "kecamatan" : "Sapto Sari",
  "kelurahan" : "Jetis",
  "kodepos" : "55871"
}, {
  "kecamatan" : "Paliyan",
  "kelurahan" : "Giring",
  "kodepos" : "55871"
}, {
  "kecamatan" : "Gedang Sari",
  "kelurahan" : "Serut",
  "kodepos" : "55863"
}, {
  "kecamatan" : "Gedang Sari",
  "kelurahan" : "Tegalrejo",
  "kodepos" : "55863"
}, {
  "kecamatan" : "Gedang Sari",
  "kelurahan" : "Watu Gajah",
  "kodepos" : "55863"
}, {
  "kecamatan" : "Gedang Sari",
  "kelurahan" : "Sampang",
  "kodepos" : "55863"
}, {
  "kecamatan" : "Gedang Sari",
  "kelurahan" : "Ngalang",
  "kodepos" : "55863"
}, {
  "kecamatan" : "Gedang Sari",
  "kelurahan" : "Sampang",
  "kodepos" : "55863"
}, {
  "kecamatan" : "Patuk",
  "kelurahan" : "Terbah",
  "kodepos" : "55862"
}, {
  "kecamatan" : "Gedang Sari",
  "kelurahan" : "Hargo Mulyo",
  "kodepos" : "55863"
}, {
  "kecamatan" : "Patuk",
  "kelurahan" : "Salam",
  "kodepos" : "55862"
}, {
  "kecamatan" : "Patuk",
  "kelurahan" : "Semoyo",
  "kodepos" : "55862"
}, {
  "kecamatan" : "Patuk",
  "kelurahan" : "Putat",
  "kodepos" : "55862"
}, {
  "kecamatan" : "Patuk",
  "kelurahan" : "Pengkok",
  "kodepos" : "55862"
}, {
  "kecamatan" : "Patuk",
  "kelurahan" : "Nglegi",
  "kodepos" : "55862"
}, {
  "kecamatan" : "Patuk",
  "kelurahan" : "Ngoro Oro",
  "kodepos" : "55862"
}, {
  "kecamatan" : "Patuk",
  "kelurahan" : "Patuk",
  "kodepos" : "55862"
}, {
  "kecamatan" : "Patuk",
  "kelurahan" : "Bunder",
  "kodepos" : "55862"
}, {
  "kecamatan" : "Patuk",
  "kelurahan" : "Nglanggeran",
  "kodepos" : "55862"
}, {
  "kecamatan" : "Playen",
  "kelurahan" : "Plembutan",
  "kodepos" : "55861"
}, {
  "kecamatan" : "Patuk",
  "kelurahan" : "Beji",
  "kodepos" : "55862"
}, {
  "kecamatan" : "Playen",
  "kelurahan" : "Playen",
  "kodepos" : "55861"
}, {
  "kecamatan" : "Playen",
  "kelurahan" : "Ngawu",
  "kodepos" : "55861"
}, {
  "kecamatan" : "Playen",
  "kelurahan" : "Ngleri",
  "kodepos" : "55861"
}, {
  "kecamatan" : "Playen",
  "kelurahan" : "Ngunut",
  "kodepos" : "55861"
}, {
  "kecamatan" : "Playen",
  "kelurahan" : "Logandeng",
  "kodepos" : "55861"
}, {
  "kecamatan" : "Playen",
  "kelurahan" : "Dengok",
  "kodepos" : "55861"
}, {
  "kecamatan" : "Playen",
  "kelurahan" : "Gading",
  "kodepos" : "55861"
}, {
  "kecamatan" : "Playen",
  "kelurahan" : "Getas",
  "kodepos" : "55861"
}, {
  "kecamatan" : "Playen",
  "kelurahan" : "Banyusoco",
  "kodepos" : "55861"
}, {
  "kecamatan" : "Playen",
  "kelurahan" : "Bleberan",
  "kodepos" : "55861"
}, {
  "kecamatan" : "Playen",
  "kelurahan" : "Banaran",
  "kodepos" : "55861"
}, {
  "kecamatan" : "Playen",
  "kelurahan" : "Bandung",
  "kodepos" : "55861"
}, {
  "kecamatan" : "Semin",
  "kelurahan" : "Semin",
  "kodepos" : "55854"
}, {
  "kecamatan" : "Semin",
  "kelurahan" : "Sumberrejo",
  "kodepos" : "55854"
}, {
  "kecamatan" : "Semin",
  "kelurahan" : "Kemejing",
  "kodepos" : "55854"
}, {
  "kecamatan" : "Semin",
  "kelurahan" : "Pundung Sari",
  "kodepos" : "55854"
}, {
  "kecamatan" : "Semin",
  "kelurahan" : "Rejosari",
  "kodepos" : "55854"
}, {
  "kecamatan" : "Semin",
  "kelurahan" : "Kalitekuk",
  "kodepos" : "55854"
}, {
  "kecamatan" : "Semin",
  "kelurahan" : "Karang Sari",
  "kodepos" : "55854"
}, {
  "kecamatan" : "Semin",
  "kelurahan" : "Bulurejo",
  "kodepos" : "55854"
}, {
  "kecamatan" : "Semin",
  "kelurahan" : "Candi Rejo",
  "kodepos" : "55854"
}, {
  "kecamatan" : "Semin",
  "kelurahan" : "Bendung",
  "kodepos" : "55854"
}, {
  "kecamatan" : "Ngawen",
  "kelurahan" : "Tancep",
  "kodepos" : "55853"
}, {
  "kecamatan" : "Ngawen",
  "kelurahan" : "Watu Sigar",
  "kodepos" : "55853"
}, {
  "kecamatan" : "Ngawen",
  "kelurahan" : "Jurang Jero",
  "kodepos" : "55853"
}, {
  "kecamatan" : "Ngawen",
  "kelurahan" : "Kampung",
  "kodepos" : "55853"
}, {
  "kecamatan" : "Ngawen",
  "kelurahan" : "Sambirejo",
  "kodepos" : "55853"
}, {
  "kecamatan" : "Nglipar",
  "kelurahan" : "Pilang Rejo",
  "kodepos" : "55852"
}, {
  "kecamatan" : "Ngawen",
  "kelurahan" : "Beji",
  "kodepos" : "55853"
}, {
  "kecamatan" : "Nglipar",
  "kelurahan" : "Nglipar",
  "kodepos" : "55852"
}, {
  "kecamatan" : "Nglipar",
  "kelurahan" : "Pengkol",
  "kodepos" : "55852"
}, {
  "kecamatan" : "Nglipar",
  "kelurahan" : "Kedung Keris",
  "kodepos" : "55852"
}, {
  "kecamatan" : "Nglipar",
  "kelurahan" : "Kedungpoh",
  "kodepos" : "55852"
}, {
  "kecamatan" : "Nglipar",
  "kelurahan" : "Natah",
  "kodepos" : "55852"
}, {
  "kecamatan" : "Nglipar",
  "kelurahan" : "Katongan",
  "kodepos" : "55852"
}, {
  "kecamatan" : "Wonosari",
  "kelurahan" : "Wunung",
  "kodepos" : "55851"
}, {
  "kecamatan" : "Wonosari",
  "kelurahan" : "Wareng",
  "kodepos" : "55851"
}, {
  "kecamatan" : "Wonosari",
  "kelurahan" : "Wonosari",
  "kodepos" : "55851"
}, {
  "kecamatan" : "Wonosari",
  "kelurahan" : "Pulutan",
  "kodepos" : "55851"
}, {
  "kecamatan" : "Wonosari",
  "kelurahan" : "Selang",
  "kodepos" : "55851"
}, {
  "kecamatan" : "Wonosari",
  "kelurahan" : "Siraman",
  "kodepos" : "55851"
}, {
  "kecamatan" : "Wonosari",
  "kelurahan" : "Mulo",
  "kodepos" : "55851"
}, {
  "kecamatan" : "Wonosari",
  "kelurahan" : "Piyaman",
  "kodepos" : "55851"
}, {
  "kecamatan" : "Wonosari",
  "kelurahan" : "Gari",
  "kodepos" : "55851"
}, {
  "kecamatan" : "Wonosari",
  "kelurahan" : "Karang Rejek",
  "kodepos" : "55851"
}, {
  "kecamatan" : "Wonosari",
  "kelurahan" : "Karang Tengah",
  "kodepos" : "55851"
}, {
  "kecamatan" : "Wonosari",
  "kelurahan" : "Duwet",
  "kodepos" : "55851"
}, {
  "kecamatan" : "Wonosari",
  "kelurahan" : "Kepek",
  "kodepos" : "55813"
}, {
  "kecamatan" : "Wonosari",
  "kelurahan" : "Baleharjo",
  "kodepos" : "55811"
} ]
