[ {
  "kecamatan" : "Masni",
  "kelurahan" : "Yonsoribo (Yen Soribo)",
  "kodepos" : "98357"
}, {
  "kecamatan" : "Masni",
  "kelurahan" : "Wariori",
  "kodepos" : "98357"
}, {
  "kecamatan" : "Masni",
  "kelurahan" : "Wariori Indah",
  "kodepos" : "98357"
}, {
  "kecamatan" : "Masni",
  "kelurahan" : "Yensum",
  "kodepos" : "98357"
}, {
  "kecamatan" : "Sidey",
  "kelurahan" : "Wariki",
  "kodepos" : "98357"
}, {
  "kecamatan" : "Sidey",
  "kelurahan" : "Waramui (Waramoi)",
  "kodepos" : "98357"
}, {
  "kecamatan" : "Sidey",
  "kelurahan" : "Wamnowi (Womnowi)",
  "kodepos" : "98357"
}, {
  "kecamatan" : "Masni",
  "kelurahan" : "Wamfoura (Wam Bola)",
  "kodepos" : "98357"
}, {
  "kecamatan" : "Masni",
  "kelurahan" : "Undi",
  "kodepos" : "98357"
}, {
  "kecamatan" : "Masni",
  "kelurahan" : "Urey",
  "kodepos" : "98357"
}, {
  "kecamatan" : "Sidey",
  "kelurahan" : "Sidey Makmur",
  "kodepos" : "98357"
}, {
  "kecamatan" : "Sidey",
  "kelurahan" : "Sidey Baru",
  "kodepos" : "98357"
}, {
  "kecamatan" : "Sidey",
  "kelurahan" : "Sidey Jaya",
  "kodepos" : "98357"
}, {
  "kecamatan" : "Masni",
  "kelurahan" : "Sibuni",
  "kodepos" : "98357"
}, {
  "kecamatan" : "Sidey",
  "kelurahan" : "Sidey",
  "kodepos" : "98357"
}, {
  "kecamatan" : "Masni",
  "kelurahan" : "Sembab",
  "kodepos" : "98357"
}, {
  "kecamatan" : "Sidey",
  "kelurahan" : "Saray",
  "kodepos" : "98357"
}, {
  "kecamatan" : "Masni",
  "kelurahan" : "Ririnfos",
  "kodepos" : "98357"
}, {
  "kecamatan" : "Masni",
  "kelurahan" : "Prafi Barat",
  "kodepos" : "98357"
}, {
  "kecamatan" : "Masni",
  "kelurahan" : "Muara Wariori",
  "kodepos" : "98357"
}, {
  "kecamatan" : "Masni",
  "kelurahan" : "Mowbja (Moubja/Mobja)",
  "kodepos" : "98357"
}, {
  "kecamatan" : "Masni",
  "kelurahan" : "Muara Prafi",
  "kodepos" : "98357"
}, {
  "kecamatan" : "Masni",
  "kelurahan" : "Meyof II",
  "kodepos" : "98357"
}, {
  "kecamatan" : "Sidey",
  "kelurahan" : "Meyof I",
  "kodepos" : "98357"
}, {
  "kecamatan" : "Masni",
  "kelurahan" : "Meyeruk",
  "kodepos" : "98357"
}, {
  "kecamatan" : "Masni",
  "kelurahan" : "Merejemeg (Merejneg)",
  "kodepos" : "98357"
}, {
  "kecamatan" : "Masni",
  "kelurahan" : "Meiforga",
  "kodepos" : "98357"
}, {
  "kecamatan" : "Masni",
  "kelurahan" : "Membowi",
  "kodepos" : "98357"
}, {
  "kecamatan" : "Masni",
  "kelurahan" : "Masni",
  "kodepos" : "98357"
}, {
  "kecamatan" : "Sidey",
  "kelurahan" : "Manggupi",
  "kodepos" : "98357"
}, {
  "kecamatan" : "Masni",
  "kelurahan" : "Mansaburi (Smaryam)",
  "kodepos" : "98357"
}, {
  "kecamatan" : "Masni",
  "kelurahan" : "Mantedi",
  "kodepos" : "98357"
}, {
  "kecamatan" : "Masni",
  "kelurahan" : "Macuan",
  "kodepos" : "98357"
}, {
  "kecamatan" : "Masni",
  "kelurahan" : "Makwan",
  "kodepos" : "98357"
}, {
  "kecamatan" : "Masni",
  "kelurahan" : "Koyani (Koyami)",
  "kodepos" : "98357"
}, {
  "kecamatan" : "Sidey",
  "kelurahan" : "Kasi (Kassi)",
  "kodepos" : "98357"
}, {
  "kecamatan" : "Masni",
  "kelurahan" : "Kali Merah",
  "kodepos" : "98357"
}, {
  "kecamatan" : "Sidey",
  "kelurahan" : "Kaironi",
  "kodepos" : "98357"
}, {
  "kecamatan" : "Masni",
  "kelurahan" : "Jowen",
  "kodepos" : "98357"
}, {
  "kecamatan" : "Masni",
  "kelurahan" : "Inyei",
  "kodepos" : "98357"
}, {
  "kecamatan" : "Masni",
  "kelurahan" : "Igor",
  "kodepos" : "98357"
}, {
  "kecamatan" : "Masni",
  "kelurahan" : "Bowi Subur",
  "kodepos" : "98357"
}, {
  "kecamatan" : "Masni",
  "kelurahan" : "Aurmios",
  "kodepos" : "98357"
}, {
  "kecamatan" : "Masni",
  "kelurahan" : "Aska",
  "kodepos" : "98357"
}, {
  "kecamatan" : "Prafi",
  "kelurahan" : "Wasegi/Waseki Indah",
  "kodepos" : "98356"
}, {
  "kecamatan" : "Prafi",
  "kelurahan" : "Wasegi Pop (Waseki)",
  "kodepos" : "98356"
}, {
  "kecamatan" : "Prafi",
  "kelurahan" : "Wanggonoma",
  "kodepos" : "98356"
}, {
  "kecamatan" : "Prafi",
  "kelurahan" : "Umbui (Umbuy)",
  "kodepos" : "98356"
}, {
  "kecamatan" : "Prafi",
  "kelurahan" : "Uhyehekbrig (Ogyehek/Oyehek Brig)",
  "kodepos" : "98356"
}, {
  "kecamatan" : "Prafi",
  "kelurahan" : "Udapi Hilir (Udap Hilir)",
  "kodepos" : "98356"
}, {
  "kecamatan" : "Prafi",
  "kelurahan" : "Prafi Mulia/Mulya",
  "kodepos" : "98356"
}, {
  "kecamatan" : "Prafi",
  "kelurahan" : "Semi (Somi)",
  "kodepos" : "98356"
}, {
  "kecamatan" : "Prafi",
  "kelurahan" : "Lismaungu (Lismanggu)",
  "kodepos" : "98356"
}, {
  "kecamatan" : "Prafi",
  "kelurahan" : "Krenu (Kerenu/Krenui)",
  "kodepos" : "98356"
}, {
  "kecamatan" : "Prafi",
  "kelurahan" : "Kali Amin",
  "kodepos" : "98356"
}, {
  "kecamatan" : "Prafi",
  "kelurahan" : "Inguisi (Ingkwoisi)",
  "kodepos" : "98356"
}, {
  "kecamatan" : "Prafi",
  "kelurahan" : "Desay",
  "kodepos" : "98356"
}, {
  "kecamatan" : "Prafi",
  "kelurahan" : "Bogor",
  "kodepos" : "98356"
}, {
  "kecamatan" : "Prafi",
  "kelurahan" : "Bendip Matoa (Debit Motoa)",
  "kodepos" : "98356"
}, {
  "kecamatan" : "Prafi",
  "kelurahan" : "Aimasi",
  "kodepos" : "98356"
}, {
  "kecamatan" : "Tanah Rubuh",
  "kelurahan" : "Urwambei",
  "kodepos" : "98354"
}, {
  "kecamatan" : "Warmare",
  "kelurahan" : "Umcen (Umcem)",
  "kodepos" : "98352"
}, {
  "kecamatan" : "Warmare",
  "kelurahan" : "Warmare",
  "kodepos" : "98352"
}, {
  "kecamatan" : "Warmare",
  "kelurahan" : "Subsay",
  "kodepos" : "98352"
}, {
  "kecamatan" : "Warmare",
  "kelurahan" : "Tanah Merah",
  "kodepos" : "98352"
}, {
  "kecamatan" : "Warmare",
  "kelurahan" : "Sotea",
  "kodepos" : "98352"
}, {
  "kecamatan" : "Warmare",
  "kelurahan" : "Srayndabey (Sraindabey)",
  "kodepos" : "98352"
}, {
  "kecamatan" : "Warmare",
  "kelurahan" : "Ngungguen",
  "kodepos" : "98352"
}, {
  "kecamatan" : "Warmare",
  "kelurahan" : "Nimbay",
  "kodepos" : "98352"
}, {
  "kecamatan" : "Warmare",
  "kelurahan" : "Snaimboy",
  "kodepos" : "98352"
}, {
  "kecamatan" : "Warmare",
  "kelurahan" : "Madrat",
  "kodepos" : "98352"
}, {
  "kecamatan" : "Warmare",
  "kelurahan" : "Meniy (Meny)",
  "kodepos" : "98352"
}, {
  "kecamatan" : "Warmare",
  "kelurahan" : "Imboisrati (Iboisrati)",
  "kodepos" : "98352"
}, {
  "kecamatan" : "Warmare",
  "kelurahan" : "Indisey",
  "kodepos" : "98352"
}, {
  "kecamatan" : "Warmare",
  "kelurahan" : "Hingk",
  "kodepos" : "98352"
}, {
  "kecamatan" : "Warmare",
  "kelurahan" : "Ibuwau",
  "kodepos" : "98352"
}, {
  "kecamatan" : "Warmare",
  "kelurahan" : "Duwin (Duwin Umsini)",
  "kodepos" : "98352"
}, {
  "kecamatan" : "Warmare",
  "kelurahan" : "Gueintuy (Guentuy)",
  "kodepos" : "98352"
}, {
  "kecamatan" : "Warmare",
  "kelurahan" : "Dindey",
  "kodepos" : "98352"
}, {
  "kecamatan" : "Manokwari Utara",
  "kelurahan" : "Yoom II",
  "kodepos" : "98315"
}, {
  "kecamatan" : "Tanah Rubuh",
  "kelurahan" : "Wedoni",
  "kodepos" : "98315"
}, {
  "kecamatan" : "Manokwari Utara",
  "kelurahan" : "Yonggam",
  "kodepos" : "98315"
}, {
  "kecamatan" : "Manokwari Utara",
  "kelurahan" : "Yoom I",
  "kodepos" : "98315"
}, {
  "kecamatan" : "Manokwari Selatan",
  "kelurahan" : "Waruri (Weluri)",
  "kodepos" : "98315"
}, {
  "kecamatan" : "Manokwari Selatan",
  "kelurahan" : "Wasay (Wasai)",
  "kodepos" : "98315"
}, {
  "kecamatan" : "Manokwari Selatan",
  "kelurahan" : "Warmumi (Warmomi)",
  "kodepos" : "98315"
}, {
  "kecamatan" : "Tanah Rubuh",
  "kelurahan" : "Warnyeti",
  "kodepos" : "98315"
}, {
  "kecamatan" : "Manokwari Selatan",
  "kelurahan" : "Warsuami (Waswami)",
  "kodepos" : "98315"
}, {
  "kecamatan" : "Manokwari Selatan",
  "kelurahan" : "Warkomi",
  "kodepos" : "98315"
}, {
  "kecamatan" : "Tanah Rubuh",
  "kelurahan" : "Warmawai",
  "kodepos" : "98315"
}, {
  "kecamatan" : "Tanah Rubuh",
  "kelurahan" : "Wariari",
  "kodepos" : "98315"
}, {
  "kecamatan" : "Tanah Rubuh",
  "kelurahan" : "Warkapi",
  "kodepos" : "98315"
}, {
  "kecamatan" : "Manokwari Utara",
  "kelurahan" : "Warbefor",
  "kodepos" : "98315"
}, {
  "kecamatan" : "Tanah Rubuh",
  "kelurahan" : "Umnum",
  "kodepos" : "98315"
}, {
  "kecamatan" : "Tanah Rubuh",
  "kelurahan" : "Warami",
  "kodepos" : "98315"
}, {
  "kecamatan" : "Manokwari Utara",
  "kelurahan" : "Tanah Rubu",
  "kodepos" : "98315"
}, {
  "kecamatan" : "Tanah Rubuh",
  "kelurahan" : "Ukemboisi",
  "kodepos" : "98315"
}, {
  "kecamatan" : "Manokwari Utara",
  "kelurahan" : "Teluk Mubri",
  "kodepos" : "98315"
}, {
  "kecamatan" : "Manokwari Selatan",
  "kelurahan" : "Sowi",
  "kodepos" : "98315"
}, {
  "kecamatan" : "Manokwari Utara",
  "kelurahan" : "Sayro",
  "kodepos" : "98315"
}, {
  "kecamatan" : "Manokwari Utara",
  "kelurahan" : "Singgimeba",
  "kodepos" : "98315"
}, {
  "kecamatan" : "Manokwari Utara",
  "kelurahan" : "Pami",
  "kodepos" : "98315"
}, {
  "kecamatan" : "Manokwari Utara",
  "kelurahan" : "Saubeba",
  "kodepos" : "98315"
}, {
  "kecamatan" : "Tanah Rubuh",
  "kelurahan" : "Rembuy",
  "kodepos" : "98315"
}, {
  "kecamatan" : "Tanah Rubuh",
  "kelurahan" : "Ningdip",
  "kodepos" : "98315"
}, {
  "kecamatan" : "Manokwari Selatan",
  "kelurahan" : "Ngunibouw (Nginibouw/Nginybou)",
  "kodepos" : "98315"
}, {
  "kecamatan" : "Manokwari Selatan",
  "kelurahan" : "Nimbiauw (Nimbauw)",
  "kodepos" : "98315"
}, {
  "kecamatan" : "Manokwari Selatan",
  "kelurahan" : "Mupi",
  "kodepos" : "98315"
}, {
  "kecamatan" : "Manokwari Utara",
  "kelurahan" : "Mubraidiba",
  "kodepos" : "98315"
}, {
  "kecamatan" : "Manokwari Utara",
  "kelurahan" : "Mubri",
  "kodepos" : "98315"
}, {
  "kecamatan" : "Tanah Rubuh",
  "kelurahan" : "Mironi",
  "kodepos" : "98315"
}, {
  "kecamatan" : "Tanah Rubuh",
  "kelurahan" : "Misabugoid",
  "kodepos" : "98315"
}, {
  "kecamatan" : "Manokwari Selatan",
  "kelurahan" : "Misapmeysi",
  "kodepos" : "98315"
}, {
  "kecamatan" : "Manokwari Utara",
  "kelurahan" : "Meyes",
  "kodepos" : "98315"
}, {
  "kecamatan" : "Manokwari Utara",
  "kelurahan" : "Meyunfoka",
  "kodepos" : "98315"
}, {
  "kecamatan" : "Tanah Rubuh",
  "kelurahan" : "Menyumfoku",
  "kodepos" : "98315"
}, {
  "kecamatan" : "Prafi",
  "kelurahan" : "Mebiji / Mebji",
  "kodepos" : "98315"
}, {
  "kecamatan" : "Manokwari Utara",
  "kelurahan" : "Mebji",
  "kodepos" : "98315"
}, {
  "kecamatan" : "Tanah Rubuh",
  "kelurahan" : "Mbatma",
  "kodepos" : "98315"
}, {
  "kecamatan" : "Manokwari Selatan",
  "kelurahan" : "Maruni",
  "kodepos" : "98315"
}, {
  "kecamatan" : "Manokwari Selatan",
  "kelurahan" : "Masiepi (Masyepi)",
  "kodepos" : "98315"
}, {
  "kecamatan" : "Manokwari Utara",
  "kelurahan" : "Lebau",
  "kodepos" : "98315"
}, {
  "kecamatan" : "Manokwari Utara",
  "kelurahan" : "Mandopi",
  "kodepos" : "98315"
}, {
  "kecamatan" : "Manokwari Selatan",
  "kelurahan" : "Katebu",
  "kodepos" : "98315"
}, {
  "kecamatan" : "Manokwari Utara",
  "kelurahan" : "Inya",
  "kodepos" : "98315"
}, {
  "kecamatan" : "Manokwari Utara",
  "kelurahan" : "Iroduas",
  "kodepos" : "98315"
}, {
  "kecamatan" : "Tanah Rubuh",
  "kelurahan" : "Indibo",
  "kodepos" : "98315"
}, {
  "kecamatan" : "Manokwari Utara",
  "kelurahan" : "Indo Oufa",
  "kodepos" : "98315"
}, {
  "kecamatan" : "Tanah Rubuh",
  "kelurahan" : "Imhasuma",
  "kodepos" : "98315"
}, {
  "kecamatan" : "Tanah Rubuh",
  "kelurahan" : "Imboisika",
  "kodepos" : "98315"
}, {
  "kecamatan" : "Tanah Rubuh",
  "kelurahan" : "Imboiti",
  "kodepos" : "98315"
}, {
  "kecamatan" : "Tanah Rubuh",
  "kelurahan" : "Imbeisika",
  "kodepos" : "98315"
}, {
  "kecamatan" : "Tanah Rubuh",
  "kelurahan" : "Hanghouw",
  "kodepos" : "98315"
}, {
  "kecamatan" : "Manokwari Selatan",
  "kelurahan" : "Dobut (Doopud/Doput)",
  "kodepos" : "98315"
}, {
  "kecamatan" : "Manokwari Selatan",
  "kelurahan" : "Dihara",
  "kodepos" : "98315"
}, {
  "kecamatan" : "Tanah Rubuh",
  "kelurahan" : "Cuyehep",
  "kodepos" : "98315"
}, {
  "kecamatan" : "Manokwari Utara",
  "kelurahan" : "Bremi",
  "kodepos" : "98315"
}, {
  "kecamatan" : "Manokwari Utara",
  "kelurahan" : "Caban Dua",
  "kodepos" : "98315"
}, {
  "kecamatan" : "Manokwari Utara",
  "kelurahan" : "Asai",
  "kodepos" : "98315"
}, {
  "kecamatan" : "Tanah Rubuh",
  "kelurahan" : "Ayawi",
  "kodepos" : "98315"
}, {
  "kecamatan" : "Manokwari Selatan",
  "kelurahan" : "Angrisi (Anggresi)",
  "kodepos" : "98315"
}, {
  "kecamatan" : "Manokwari Selatan",
  "kelurahan" : "Acemo",
  "kodepos" : "98315"
}, {
  "kecamatan" : "Manokwari Selatan",
  "kelurahan" : "Anday",
  "kodepos" : "98315"
}, {
  "kecamatan" : "Manokwari Barat",
  "kelurahan" : "Amban",
  "kodepos" : "98314"
}, {
  "kecamatan" : "Manokwari Timur",
  "kelurahan" : "Arowi",
  "kodepos" : "98313"
}, {
  "kecamatan" : "Manokwari Timur",
  "kelurahan" : "Pasir Putih",
  "kodepos" : "98313"
}, {
  "kecamatan" : "Manokwari Barat",
  "kelurahan" : "Wosi",
  "kodepos" : "98312"
}, {
  "kecamatan" : "Manokwari Barat",
  "kelurahan" : "Sanggeng",
  "kodepos" : "98312"
}, {
  "kecamatan" : "Manokwari Barat",
  "kelurahan" : "Soribo",
  "kodepos" : "98312"
}, {
  "kecamatan" : "Manokwari Barat",
  "kelurahan" : "Udopi",
  "kodepos" : "98312"
}, {
  "kecamatan" : "Manokwari Barat",
  "kelurahan" : "Manokwari Barat",
  "kodepos" : "98312"
}, {
  "kecamatan" : "Manokwari Barat",
  "kelurahan" : "Padarni",
  "kodepos" : "98312"
}, {
  "kecamatan" : "Manokwari Barat",
  "kelurahan" : "Binirauw (Biniraw)",
  "kodepos" : "98312"
}, {
  "kecamatan" : "Manokwari Barat",
  "kelurahan" : "Inggramui",
  "kodepos" : "98312"
}, {
  "kecamatan" : "Manokwari Timur",
  "kelurahan" : "Mansinam",
  "kodepos" : "98311"
}, {
  "kecamatan" : "Manokwari Timur",
  "kelurahan" : "Susweni",
  "kodepos" : "98311"
}, {
  "kecamatan" : "Manokwari Barat",
  "kelurahan" : "Manokwari Timur",
  "kodepos" : "98311"
}, {
  "kecamatan" : "Manokwari Timur",
  "kelurahan" : "Ayambori",
  "kodepos" : "98311"
}, {
  "kecamatan" : "Manokwari Timur",
  "kelurahan" : "Bakaro",
  "kodepos" : "98311"
}, {
  "kecamatan" : "Manokwari Timur",
  "kelurahan" : "Aipiri",
  "kodepos" : "98311"
} ]
