[ {
  "kecamatan" : "Seberida",
  "kelurahan" : "Serasam",
  "kodepos" : "29371"
}, {
  "kecamatan" : "Seberida",
  "kelurahan" : "Sibabat",
  "kodepos" : "29371"
}, {
  "kecamatan" : "Seberida",
  "kelurahan" : "Titian Resak",
  "kodepos" : "29371"
}, {
  "kecamatan" : "Seberida",
  "kelurahan" : "Payarumbai",
  "kodepos" : "29371"
}, {
  "kecamatan" : "Seberida",
  "kelurahan" : "Petala Bumi",
  "kodepos" : "29371"
}, {
  "kecamatan" : "Seberida",
  "kelurahan" : "Pangkalan Kasai",
  "kodepos" : "29371"
}, {
  "kecamatan" : "Seberida",
  "kelurahan" : "Buluh Rampai",
  "kodepos" : "29371"
}, {
  "kecamatan" : "Seberida",
  "kelurahan" : "Kelesa",
  "kodepos" : "29371"
}, {
  "kecamatan" : "Seberida",
  "kelurahan" : "Beligan",
  "kodepos" : "29371"
}, {
  "kecamatan" : "Seberida",
  "kelurahan" : "Bukit Meranti",
  "kodepos" : "29371"
}, {
  "kecamatan" : "Sungai Lala",
  "kelurahan" : "Tanjung Danau",
  "kodepos" : "29363"
}, {
  "kecamatan" : "Sungai Lala",
  "kelurahan" : "Tanjung Danau",
  "kodepos" : "29363"
}, {
  "kecamatan" : "Sungai Lala",
  "kelurahan" : "Sungai Air Putih",
  "kodepos" : "29363"
}, {
  "kecamatan" : "Sungai Lala",
  "kelurahan" : "Sungai Lala",
  "kodepos" : "29363"
}, {
  "kecamatan" : "Sungai Lala",
  "kelurahan" : "Perkebunan Sei/Sungai Lala",
  "kodepos" : "29363"
}, {
  "kecamatan" : "Sungai Lala",
  "kelurahan" : "Perkebunan Sei/Sungai Parit",
  "kodepos" : "29363"
}, {
  "kecamatan" : "Sungai Lala",
  "kelurahan" : "Pasir Bongkal",
  "kodepos" : "29363"
}, {
  "kecamatan" : "Sungai Lala",
  "kelurahan" : "Pasir Kelampaian",
  "kodepos" : "29363"
}, {
  "kecamatan" : "Sungai Lala",
  "kelurahan" : "Pasir Selabau",
  "kodepos" : "29363"
}, {
  "kecamatan" : "Sungai Lala",
  "kelurahan" : "Morong",
  "kodepos" : "29363"
}, {
  "kecamatan" : "Sungai Lala",
  "kelurahan" : "Pasir Batu Mandi",
  "kodepos" : "29363"
}, {
  "kecamatan" : "Sungai Lala",
  "kelurahan" : "Kelawat",
  "kodepos" : "29363"
}, {
  "kecamatan" : "Sungai Lala",
  "kelurahan" : "Kuala Lala",
  "kodepos" : "29363"
}, {
  "kecamatan" : "Batang Gansal",
  "kelurahan" : "Usul",
  "kodepos" : "29355"
}, {
  "kecamatan" : "Batang Gansal",
  "kelurahan" : "Talang Lakat",
  "kodepos" : "29355"
}, {
  "kecamatan" : "Batang Cenaku",
  "kelurahan" : "Talang Bersemi",
  "kodepos" : "29355"
}, {
  "kecamatan" : "Batang Cenaku",
  "kelurahan" : "Talang Mulia/Mulya",
  "kodepos" : "29355"
}, {
  "kecamatan" : "Batang Gansal",
  "kelurahan" : "Sungai Akar",
  "kodepos" : "29355"
}, {
  "kecamatan" : "Batang Gansal",
  "kelurahan" : "Siambul",
  "kodepos" : "29355"
}, {
  "kecamatan" : "Batang Cenaku",
  "kelurahan" : "Sipang",
  "kodepos" : "29355"
}, {
  "kecamatan" : "Batang Gansal",
  "kelurahan" : "Seberida",
  "kodepos" : "29355"
}, {
  "kecamatan" : "Batang Cenaku",
  "kelurahan" : "Sanglap",
  "kodepos" : "29355"
}, {
  "kecamatan" : "Batang Gansal",
  "kelurahan" : "Ringin",
  "kodepos" : "29355"
}, {
  "kecamatan" : "Batang Cenaku",
  "kelurahan" : "Punti Anai",
  "kodepos" : "29355"
}, {
  "kecamatan" : "Batang Gansal",
  "kelurahan" : "Rantau Langsat",
  "kodepos" : "29355"
}, {
  "kecamatan" : "Batang Cenaku",
  "kelurahan" : "Pematang Manggis",
  "kodepos" : "29355"
}, {
  "kecamatan" : "Batang Gansal",
  "kelurahan" : "Penyaguan",
  "kodepos" : "29355"
}, {
  "kecamatan" : "Batang Cenaku",
  "kelurahan" : "Pataling/Petaling Jaya",
  "kodepos" : "29355"
}, {
  "kecamatan" : "Batang Cenaku",
  "kelurahan" : "Pejangki",
  "kodepos" : "29355"
}, {
  "kecamatan" : "Batang Cenaku",
  "kelurahan" : "Lahai Kemuning",
  "kodepos" : "29355"
}, {
  "kecamatan" : "Batang Cenaku",
  "kelurahan" : "Kuala Gading",
  "kodepos" : "29355"
}, {
  "kecamatan" : "Batang Cenaku",
  "kelurahan" : "Kuala Kilan",
  "kodepos" : "29355"
}, {
  "kecamatan" : "Batang Cenaku",
  "kelurahan" : "Kerubung Jaya",
  "kodepos" : "29355"
}, {
  "kecamatan" : "Batang Gansal",
  "kelurahan" : "Danau Rambai",
  "kodepos" : "29355"
}, {
  "kecamatan" : "Batang Cenaku",
  "kelurahan" : "Kepayang Sari",
  "kodepos" : "29355"
}, {
  "kecamatan" : "Batang Cenaku",
  "kelurahan" : "Bukit Lingkar",
  "kodepos" : "29355"
}, {
  "kecamatan" : "Batang Cenaku",
  "kelurahan" : "Bukit Lipai",
  "kodepos" : "29355"
}, {
  "kecamatan" : "Batang Cenaku",
  "kelurahan" : "Cenaku Kecil",
  "kodepos" : "29355"
}, {
  "kecamatan" : "Batang Gansal",
  "kelurahan" : "Belimbing",
  "kodepos" : "29355"
}, {
  "kecamatan" : "Batang Cenaku",
  "kelurahan" : "Anak Talang",
  "kodepos" : "29355"
}, {
  "kecamatan" : "Batang Cenaku",
  "kelurahan" : "Aur Cina",
  "kodepos" : "29355"
}, {
  "kecamatan" : "Batang Cenaku",
  "kelurahan" : "Anak Talang",
  "kodepos" : "29355"
}, {
  "kecamatan" : "Batang Cenaku",
  "kelurahan" : "Alim",
  "kodepos" : "29355"
}, {
  "kecamatan" : "Batang Peranap",
  "kelurahan" : "Sukamaju",
  "kodepos" : "29354"
}, {
  "kecamatan" : "Batang Peranap",
  "kelurahan" : "Sungai Aur",
  "kodepos" : "29354"
}, {
  "kecamatan" : "Peranap",
  "kelurahan" : "Serai Wangi",
  "kodepos" : "29354"
}, {
  "kecamatan" : "Peranap",
  "kelurahan" : "Setako Jaya (Raya)",
  "kodepos" : "29354"
}, {
  "kecamatan" : "Batang Peranap",
  "kelurahan" : "Sencano Jaya",
  "kodepos" : "29354"
}, {
  "kecamatan" : "Peranap",
  "kelurahan" : "Semelinang Tebing",
  "kodepos" : "29354"
}, {
  "kecamatan" : "Peranap",
  "kelurahan" : "Semilinang Darat",
  "kodepos" : "29354"
}, {
  "kecamatan" : "Batang Peranap",
  "kelurahan" : "Pesajian",
  "kodepos" : "29354"
}, {
  "kecamatan" : "Batang Peranap",
  "kelurahan" : "Punti/Panti Kayu",
  "kodepos" : "29354"
}, {
  "kecamatan" : "Batang Peranap",
  "kelurahan" : "Selunak",
  "kodepos" : "29354"
}, {
  "kecamatan" : "Batang Peranap",
  "kelurahan" : "Pematang Benteng",
  "kodepos" : "29354"
}, {
  "kecamatan" : "Peranap",
  "kelurahan" : "Peranap",
  "kodepos" : "29354"
}, {
  "kecamatan" : "Batang Peranap",
  "kelurahan" : "Pematang",
  "kodepos" : "29354"
}, {
  "kecamatan" : "Batang Peranap",
  "kelurahan" : "Peladangan",
  "kodepos" : "29354"
}, {
  "kecamatan" : "Peranap",
  "kelurahan" : "Pauh Peranap",
  "kodepos" : "29354"
}, {
  "kecamatan" : "Batang Peranap",
  "kelurahan" : "Koto Tuo",
  "kodepos" : "29354"
}, {
  "kecamatan" : "Peranap",
  "kelurahan" : "Pandan Wangi",
  "kodepos" : "29354"
}, {
  "kecamatan" : "Peranap",
  "kelurahan" : "Baturijal Hulu",
  "kodepos" : "29354"
}, {
  "kecamatan" : "Peranap",
  "kelurahan" : "Gumanti",
  "kodepos" : "29354"
}, {
  "kecamatan" : "Peranap",
  "kelurahan" : "Ketipopura",
  "kodepos" : "29354"
}, {
  "kecamatan" : "Peranap",
  "kelurahan" : "Baturijal Hilir",
  "kodepos" : "29354"
}, {
  "kecamatan" : "Peranap",
  "kelurahan" : "Batu Rijal Barat",
  "kodepos" : "29354"
}, {
  "kecamatan" : "Lirik",
  "kelurahan" : "Sungai Sagu",
  "kodepos" : "29353"
}, {
  "kecamatan" : "Lirik",
  "kelurahan" : "Wonosari",
  "kodepos" : "29353"
}, {
  "kecamatan" : "Lirik",
  "kelurahan" : "Sukajadi",
  "kodepos" : "29353"
}, {
  "kecamatan" : "Lirik",
  "kelurahan" : "Seko Lubuk Tigo",
  "kodepos" : "29353"
}, {
  "kecamatan" : "Lirik",
  "kelurahan" : "Sidomulyo",
  "kodepos" : "29353"
}, {
  "kecamatan" : "Lirik",
  "kelurahan" : "Rejosari",
  "kodepos" : "29353"
}, {
  "kecamatan" : "Lirik",
  "kelurahan" : "Pasir Sialang Jaya",
  "kodepos" : "29353"
}, {
  "kecamatan" : "Lirik",
  "kelurahan" : "Redang Seko",
  "kodepos" : "29353"
}, {
  "kecamatan" : "Lirik",
  "kelurahan" : "Mekar Sari",
  "kodepos" : "29353"
}, {
  "kecamatan" : "Lirik",
  "kelurahan" : "Pasir Ringgit",
  "kodepos" : "29353"
}, {
  "kecamatan" : "Lirik",
  "kelurahan" : "Lirik Area",
  "kodepos" : "29353"
}, {
  "kecamatan" : "Lirik",
  "kelurahan" : "Lambang Sari IV",
  "kodepos" : "29353"
}, {
  "kecamatan" : "Lirik",
  "kelurahan" : "Lambang Sari V",
  "kodepos" : "29353"
}, {
  "kecamatan" : "Lirik",
  "kelurahan" : "Japura",
  "kodepos" : "29353"
}, {
  "kecamatan" : "Lirik",
  "kelurahan" : "Lambang Sari I II III",
  "kodepos" : "29353"
}, {
  "kecamatan" : "Lirik",
  "kelurahan" : "Gudang Batu",
  "kodepos" : "29353"
}, {
  "kecamatan" : "Lirik",
  "kelurahan" : "Banjar Balam",
  "kodepos" : "29353"
}, {
  "kecamatan" : "Lubuk Batu Jaya",
  "kelurahan" : "Tasik Juang",
  "kodepos" : "29352"
}, {
  "kecamatan" : "Kelayang",
  "kelurahan" : "Teluk Sejuah",
  "kodepos" : "29352"
}, {
  "kecamatan" : "Kelayang",
  "kelurahan" : "Tanjung Beludu",
  "kodepos" : "29352"
}, {
  "kecamatan" : "Pasir Penyu",
  "kelurahan" : "Tanah Merah",
  "kodepos" : "29352"
}, {
  "kecamatan" : "Pasir Penyu",
  "kelurahan" : "Tanjung Gading",
  "kodepos" : "29352"
}, {
  "kecamatan" : "Rakit Kulim",
  "kelurahan" : "Talang Selantai",
  "kodepos" : "29352"
}, {
  "kecamatan" : "Rakit Kulim",
  "kelurahan" : "Talang Tujuh Buah Tangga",
  "kodepos" : "29352"
}, {
  "kecamatan" : "Rakit Kulim",
  "kelurahan" : "Talang Sei/Sungai Maju",
  "kodepos" : "29352"
}, {
  "kecamatan" : "Rakit Kulim",
  "kelurahan" : "Talang Sei/Sungai Parit",
  "kodepos" : "29352"
}, {
  "kecamatan" : "Rakit Kulim",
  "kelurahan" : "Talang Pring Jaya",
  "kodepos" : "29352"
}, {
  "kecamatan" : "Rakit Kulim",
  "kelurahan" : "Talang Sei/Sungai Elok",
  "kodepos" : "29352"
}, {
  "kecamatan" : "Rakit Kulim",
  "kelurahan" : "Talang Sei/Sungai Limau",
  "kodepos" : "29352"
}, {
  "kecamatan" : "Rakit Kulim",
  "kelurahan" : "Talang Parigi",
  "kodepos" : "29352"
}, {
  "kecamatan" : "Rakit Kulim",
  "kelurahan" : "Talang Gedabu",
  "kodepos" : "29352"
}, {
  "kecamatan" : "Rakit Kulim",
  "kelurahan" : "Talang Durian Cacar",
  "kodepos" : "29352"
}, {
  "kecamatan" : "Kelayang",
  "kelurahan" : "Sungai Banyak Ikan",
  "kodepos" : "29352"
}, {
  "kecamatan" : "Kelayang",
  "kelurahan" : "Sungai Golang",
  "kodepos" : "29352"
}, {
  "kecamatan" : "Kelayang",
  "kelurahan" : "Sungai Kuning Benio",
  "kodepos" : "29352"
}, {
  "kecamatan" : "Kelayang",
  "kelurahan" : "Simpang Kelayang",
  "kodepos" : "29352"
}, {
  "kecamatan" : "Kelayang",
  "kelurahan" : "Simpang Kota Medan",
  "kodepos" : "29352"
}, {
  "kecamatan" : "Kelayang",
  "kelurahan" : "Sei/Sungai Pasir Putih",
  "kodepos" : "29352"
}, {
  "kecamatan" : "Pasir Penyu",
  "kelurahan" : "Sekar Mawar",
  "kodepos" : "29352"
}, {
  "kecamatan" : "Pasir Penyu",
  "kelurahan" : "Serumpun Jaya",
  "kodepos" : "29352"
}, {
  "kecamatan" : "Lubuk Batu Jaya",
  "kelurahan" : "Sei Beras Hilir",
  "kodepos" : "29352"
}, {
  "kecamatan" : "Lubuk Batu Jaya",
  "kelurahan" : "Sei Beras-Beras",
  "kodepos" : "29352"
}, {
  "kecamatan" : "Rakit Kulim",
  "kelurahan" : "Rimba Seminai",
  "kodepos" : "29352"
}, {
  "kecamatan" : "Lubuk Batu Jaya",
  "kelurahan" : "Rimpian",
  "kodepos" : "29352"
}, {
  "kecamatan" : "Lubuk Batu Jaya",
  "kelurahan" : "Pontian Mekar",
  "kodepos" : "29352"
}, {
  "kecamatan" : "Kelayang",
  "kelurahan" : "Pulau Sengkilo",
  "kodepos" : "29352"
}, {
  "kecamatan" : "Lubuk Batu Jaya",
  "kelurahan" : "Pondok Gelugur",
  "kodepos" : "29352"
}, {
  "kecamatan" : "Kelayang",
  "kelurahan" : "Polak Pisang",
  "kodepos" : "29352"
}, {
  "kecamatan" : "Rakit Kulim",
  "kelurahan" : "Petonggan",
  "kodepos" : "29352"
}, {
  "kecamatan" : "Pasir Penyu",
  "kelurahan" : "Petalongan",
  "kodepos" : "29352"
}, {
  "kecamatan" : "Kelayang",
  "kelurahan" : "Pelangko",
  "kodepos" : "29352"
}, {
  "kecamatan" : "Pasir Penyu",
  "kelurahan" : "Pasir Keranji",
  "kodepos" : "29352"
}, {
  "kecamatan" : "Rakit Kulim",
  "kelurahan" : "Lubuk Sitarak",
  "kodepos" : "29352"
}, {
  "kecamatan" : "Kelayang",
  "kelurahan" : "Pasir Beringin",
  "kodepos" : "29352"
}, {
  "kecamatan" : "Lubuk Batu Jaya",
  "kelurahan" : "Lubuk Batu Tinggal",
  "kodepos" : "29352"
}, {
  "kecamatan" : "Lubuk Batu Jaya",
  "kelurahan" : "Kulim Jaya",
  "kodepos" : "29352"
}, {
  "kecamatan" : "Lubuk Batu Jaya",
  "kelurahan" : "Kulim Jaya",
  "kodepos" : "29352"
}, {
  "kecamatan" : "Rakit Kulim",
  "kelurahan" : "Kota Baru",
  "kodepos" : "29352"
}, {
  "kecamatan" : "Rakit Kulim",
  "kelurahan" : "Kuantan Tenang",
  "kodepos" : "29352"
}, {
  "kecamatan" : "Kelayang",
  "kelurahan" : "Kota Medan",
  "kodepos" : "29352"
}, {
  "kecamatan" : "Pasir Penyu",
  "kelurahan" : "Kembang Harum",
  "kodepos" : "29352"
}, {
  "kecamatan" : "Rakit Kulim",
  "kelurahan" : "Kelayang",
  "kodepos" : "29352"
}, {
  "kecamatan" : "Pasir Penyu",
  "kelurahan" : "Jatirejo",
  "kodepos" : "29352"
}, {
  "kecamatan" : "Rakit Kulim",
  "kelurahan" : "Kampung Bungo",
  "kodepos" : "29352"
}, {
  "kecamatan" : "Kelayang",
  "kelurahan" : "Dusun Tua",
  "kodepos" : "29352"
}, {
  "kecamatan" : "Kelayang",
  "kelurahan" : "Dusun Tua Pelang",
  "kodepos" : "29352"
}, {
  "kecamatan" : "Pasir Penyu",
  "kelurahan" : "Candi Rejo",
  "kodepos" : "29352"
}, {
  "kecamatan" : "Rakit Kulim",
  "kelurahan" : "Bukit Indah",
  "kodepos" : "29352"
}, {
  "kecamatan" : "Kelayang",
  "kelurahan" : "Bukit Selanjut",
  "kodepos" : "29352"
}, {
  "kecamatan" : "Rakit Kulim",
  "kelurahan" : "Batu Sawar",
  "kodepos" : "29352"
}, {
  "kecamatan" : "Kelayang",
  "kelurahan" : "Bongkal Malang",
  "kodepos" : "29352"
}, {
  "kecamatan" : "Lubuk Batu Jaya",
  "kelurahan" : "Air Putih",
  "kodepos" : "29352"
}, {
  "kecamatan" : "Pasir Penyu",
  "kelurahan" : "Batu Gajah",
  "kodepos" : "29352"
}, {
  "kecamatan" : "Pasir Penyu",
  "kelurahan" : "Air Molek I",
  "kodepos" : "29352"
}, {
  "kecamatan" : "Pasir Penyu",
  "kelurahan" : "Air Molek II",
  "kodepos" : "29352"
}, {
  "kecamatan" : "Rengat Barat",
  "kelurahan" : "Tanah Datar",
  "kodepos" : "29351"
}, {
  "kecamatan" : "Rengat Barat",
  "kelurahan" : "Tanah Makmur",
  "kodepos" : "29351"
}, {
  "kecamatan" : "Rengat Barat",
  "kelurahan" : "Sungai Baung",
  "kodepos" : "29351"
}, {
  "kecamatan" : "Rengat Barat",
  "kelurahan" : "Sungai Dawu",
  "kodepos" : "29351"
}, {
  "kecamatan" : "Rengat Barat",
  "kelurahan" : "Talang Jerinjing",
  "kodepos" : "29351"
}, {
  "kecamatan" : "Rengat Barat",
  "kelurahan" : "Pematang Jaya",
  "kodepos" : "29351"
}, {
  "kecamatan" : "Rengat Barat",
  "kelurahan" : "Pematang Reba",
  "kodepos" : "29351"
}, {
  "kecamatan" : "Rengat Barat",
  "kelurahan" : "Redang",
  "kodepos" : "29351"
}, {
  "kecamatan" : "Rengat Barat",
  "kelurahan" : "Kota Lama",
  "kodepos" : "29351"
}, {
  "kecamatan" : "Rengat Barat",
  "kelurahan" : "Pekan Heran",
  "kodepos" : "29351"
}, {
  "kecamatan" : "Rengat Barat",
  "kelurahan" : "Danau Baru",
  "kodepos" : "29351"
}, {
  "kecamatan" : "Rengat Barat",
  "kelurahan" : "Danau Tiga",
  "kodepos" : "29351"
}, {
  "kecamatan" : "Rengat Barat",
  "kelurahan" : "Bukit Petaling",
  "kodepos" : "29351"
}, {
  "kecamatan" : "Rengat Barat",
  "kelurahan" : "Barangan",
  "kodepos" : "29351"
}, {
  "kecamatan" : "Rengat Barat",
  "kelurahan" : "Rantau Bakung",
  "kodepos" : "29345"
}, {
  "kecamatan" : "Rengat Barat",
  "kelurahan" : "Air Jernih",
  "kodepos" : "29351"
}, {
  "kecamatan" : "Rengat Barat",
  "kelurahan" : "Alang Kepayang",
  "kodepos" : "29351"
}, {
  "kecamatan" : "Rengat Barat",
  "kelurahan" : "Sialang Dua Dahan",
  "kodepos" : "29344"
}, {
  "kecamatan" : "Kuala Cenaku",
  "kelurahan" : "Tambak",
  "kodepos" : "29335"
}, {
  "kecamatan" : "Kuala Cenaku",
  "kelurahan" : "Tanjung Sari",
  "kodepos" : "29335"
}, {
  "kecamatan" : "Kuala Cenaku",
  "kelurahan" : "Teluk Sungkai",
  "kodepos" : "29335"
}, {
  "kecamatan" : "Kuala Cenaku",
  "kelurahan" : "Rawa Sekip",
  "kodepos" : "29335"
}, {
  "kecamatan" : "Kuala Cenaku",
  "kelurahan" : "Suka Jadi",
  "kodepos" : "29335"
}, {
  "kecamatan" : "Kuala Cenaku",
  "kelurahan" : "Pulau Gelang",
  "kodepos" : "29335"
}, {
  "kecamatan" : "Kuala Cenaku",
  "kelurahan" : "Pulau Jumat",
  "kodepos" : "29335"
}, {
  "kecamatan" : "Kuala Cenaku",
  "kelurahan" : "Rawa Asri",
  "kodepos" : "29335"
}, {
  "kecamatan" : "Kuala Cenaku",
  "kelurahan" : "Kuala Cenaku",
  "kodepos" : "29335"
}, {
  "kecamatan" : "Kuala Cenaku",
  "kelurahan" : "Kuala Mulia",
  "kodepos" : "29335"
}, {
  "kecamatan" : "Rengat",
  "kelurahan" : "Sei/Sungai Guntung Tengah",
  "kodepos" : "29319"
}, {
  "kecamatan" : "Rengat",
  "kelurahan" : "Sekip Hulu",
  "kodepos" : "29319"
}, {
  "kecamatan" : "Rengat",
  "kelurahan" : "Sungai Raya",
  "kodepos" : "29319"
}, {
  "kecamatan" : "Rengat",
  "kelurahan" : "Sei/Sungai Guntung Hilir",
  "kodepos" : "29319"
}, {
  "kecamatan" : "Rengat",
  "kelurahan" : "Rawa Bangun",
  "kodepos" : "29319"
}, {
  "kecamatan" : "Rengat",
  "kelurahan" : "Sekip Hilir",
  "kodepos" : "29318"
}, {
  "kecamatan" : "Rengat",
  "kelurahan" : "Rantau Mapesai",
  "kodepos" : "29319"
}, {
  "kecamatan" : "Rengat",
  "kelurahan" : "Pasir Kemilu",
  "kodepos" : "29316"
}, {
  "kecamatan" : "Rengat",
  "kelurahan" : "Sungai Beringin",
  "kodepos" : "29317"
}, {
  "kecamatan" : "Rengat",
  "kelurahan" : "Kampung Pulau",
  "kodepos" : "29314"
}, {
  "kecamatan" : "Rengat",
  "kelurahan" : "Kuantan Baru",
  "kodepos" : "29314"
}, {
  "kecamatan" : "Rengat",
  "kelurahan" : "Kampung Dagang",
  "kodepos" : "29313"
}, {
  "kecamatan" : "Rengat",
  "kelurahan" : "Pulau Gajah",
  "kodepos" : "29313"
}, {
  "kecamatan" : "Rengat",
  "kelurahan" : "Kampung Besar Kota",
  "kodepos" : "29312"
}, {
  "kecamatan" : "Rengat",
  "kelurahan" : "Kampung Besar Seberang",
  "kodepos" : "29312"
}, {
  "kecamatan" : "Rengat",
  "kelurahan" : "Pasar Kota Rengat",
  "kodepos" : "29311"
} ]
