[ {
  "kecamatan" : "Bangko Pusaka (Pusako)",
  "kelurahan" : "Teluk Bano I",
  "kodepos" : "28992"
}, {
  "kecamatan" : "Simpang Kanan",
  "kelurahan" : "Tanjung Selamat",
  "kodepos" : "28992"
}, {
  "kecamatan" : "Bangko Pusaka (Pusako)",
  "kelurahan" : "Sungai Menasib (Sei Manasib)",
  "kodepos" : "28992"
}, {
  "kecamatan" : "Bagan Sinembah",
  "kelurahan" : "Suka Maju",
  "kodepos" : "28992"
}, {
  "kecamatan" : "Simpang Kanan",
  "kelurahan" : "Simpang Kanan",
  "kodepos" : "28992"
}, {
  "kecamatan" : "Bangko Pusaka (Pusako)",
  "kelurahan" : "Pematang Ibul",
  "kodepos" : "28992"
}, {
  "kecamatan" : "Bagan Sinembah",
  "kelurahan" : "Salak",
  "kodepos" : "28992"
}, {
  "kecamatan" : "Bangko Pusaka (Pusako)",
  "kelurahan" : "Pematang Damar",
  "kodepos" : "28992"
}, {
  "kecamatan" : "Bagan Sinembah",
  "kelurahan" : "Pasir Putih Utara",
  "kodepos" : "28992"
}, {
  "kecamatan" : "Bagan Sinembah",
  "kelurahan" : "Pelita",
  "kodepos" : "28992"
}, {
  "kecamatan" : "Bagan Sinembah",
  "kelurahan" : "Pasir Putih",
  "kodepos" : "28992"
}, {
  "kecamatan" : "Bagan Sinembah",
  "kelurahan" : "Pasir Putih Barat",
  "kodepos" : "28992"
}, {
  "kecamatan" : "Bagan Sinembah",
  "kelurahan" : "Meranti Makmur",
  "kodepos" : "28992"
}, {
  "kecamatan" : "Bagan Sinembah",
  "kelurahan" : "Panca Mukti",
  "kodepos" : "28992"
}, {
  "kecamatan" : "Bagan Sinembah",
  "kelurahan" : "Lubuk Jawi",
  "kodepos" : "28992"
}, {
  "kecamatan" : "Bagan Sinembah",
  "kelurahan" : "Makmur Jaya",
  "kodepos" : "28992"
}, {
  "kecamatan" : "Bagan Sinembah",
  "kelurahan" : "Kencana",
  "kodepos" : "28992"
}, {
  "kecamatan" : "Simpang Kanan",
  "kelurahan" : "Kota Paret/Parit",
  "kodepos" : "28992"
}, {
  "kecamatan" : "Bagan Sinembah",
  "kelurahan" : "Jaya Agung",
  "kodepos" : "28992"
}, {
  "kecamatan" : "Bagan Sinembah",
  "kelurahan" : "Harapan Makmur",
  "kodepos" : "28992"
}, {
  "kecamatan" : "Bagan Sinembah",
  "kelurahan" : "Harapan Makmur Selatan",
  "kodepos" : "28992"
}, {
  "kecamatan" : "Bagan Sinembah",
  "kelurahan" : "Gelora",
  "kodepos" : "28992"
}, {
  "kecamatan" : "Bagan Sinembah",
  "kelurahan" : "Bhayangkara Jaya",
  "kodepos" : "28992"
}, {
  "kecamatan" : "Simpang Kanan",
  "kelurahan" : "Bukit Damar",
  "kodepos" : "28992"
}, {
  "kecamatan" : "Simpang Kanan",
  "kelurahan" : "Bukit Mas",
  "kodepos" : "28992"
}, {
  "kecamatan" : "Bangko Pusaka (Pusako)",
  "kelurahan" : "Bangko Sempurna",
  "kodepos" : "28992"
}, {
  "kecamatan" : "Bangko Pusaka (Pusako)",
  "kelurahan" : "Bangko Mukti",
  "kodepos" : "28992"
}, {
  "kecamatan" : "Bangko Pusaka (Pusako)",
  "kelurahan" : "Bangko Permata",
  "kodepos" : "28992"
}, {
  "kecamatan" : "Bangko Pusaka (Pusako)",
  "kelurahan" : "Bangko Lestari",
  "kodepos" : "28992"
}, {
  "kecamatan" : "Bangko Pusaka (Pusako)",
  "kelurahan" : "Bangko Makmur",
  "kodepos" : "28992"
}, {
  "kecamatan" : "Bangko Pusaka (Pusako)",
  "kelurahan" : "Bangko Mas Raya",
  "kodepos" : "28992"
}, {
  "kecamatan" : "Bangko Pusaka (Pusako)",
  "kelurahan" : "Bangko Kanan",
  "kodepos" : "28992"
}, {
  "kecamatan" : "Bangko Pusaka (Pusako)",
  "kelurahan" : "Bangko Kiri",
  "kodepos" : "28992"
}, {
  "kecamatan" : "Bangko Pusaka (Pusako)",
  "kelurahan" : "Bangko Bakti",
  "kodepos" : "28992"
}, {
  "kecamatan" : "Bangko Pusaka (Pusako)",
  "kelurahan" : "Bangko Balam",
  "kodepos" : "28992"
}, {
  "kecamatan" : "Bangko Pusaka (Pusako)",
  "kelurahan" : "Bangko Jaya",
  "kodepos" : "28992"
}, {
  "kecamatan" : "Bagan Sinembah",
  "kelurahan" : "Balam Sempurna Kota",
  "kodepos" : "28992"
}, {
  "kecamatan" : "Bagan Sinembah",
  "kelurahan" : "Balam Sempurna",
  "kodepos" : "28992"
}, {
  "kecamatan" : "Bagan Sinembah",
  "kelurahan" : "Balai Jaya Kota",
  "kodepos" : "28992"
}, {
  "kecamatan" : "Bagan Sinembah",
  "kelurahan" : "Balam Jaya",
  "kodepos" : "28992"
}, {
  "kecamatan" : "Bagan Sinembah",
  "kelurahan" : "Bakti Makmur",
  "kodepos" : "28992"
}, {
  "kecamatan" : "Bagan Sinembah",
  "kelurahan" : "Balai Jaya",
  "kodepos" : "28992"
}, {
  "kecamatan" : "Bagan Sinembah",
  "kelurahan" : "Bagan Sinembah Utara",
  "kodepos" : "28992"
}, {
  "kecamatan" : "Bagan Sinembah",
  "kelurahan" : "Bahtera Makmur",
  "kodepos" : "28992"
}, {
  "kecamatan" : "Bagan Sinembah",
  "kelurahan" : "Bahtera Makmur Kota",
  "kodepos" : "28992"
}, {
  "kecamatan" : "Bagan Sinembah",
  "kelurahan" : "Bagan Sinembah Timur",
  "kodepos" : "28992"
}, {
  "kecamatan" : "Bagan Sinembah",
  "kelurahan" : "Bagan Sinembah",
  "kodepos" : "28992"
}, {
  "kecamatan" : "Bagan Sinembah",
  "kelurahan" : "Bagan Sinembah Barat",
  "kodepos" : "28992"
}, {
  "kecamatan" : "Bagan Sinembah",
  "kelurahan" : "Bagan Sinembah Kota",
  "kodepos" : "28992"
}, {
  "kecamatan" : "Simpang Kanan",
  "kelurahan" : "Bagan Nibung",
  "kodepos" : "28992"
}, {
  "kecamatan" : "Bagan Sinembah",
  "kelurahan" : "Bagan Sapta Permai",
  "kodepos" : "28992"
}, {
  "kecamatan" : "Bagan Sinembah",
  "kelurahan" : "Bagan Batu",
  "kodepos" : "28992"
}, {
  "kecamatan" : "Bagan Sinembah",
  "kelurahan" : "Bagan Batu Kota",
  "kodepos" : "28992"
}, {
  "kecamatan" : "Bagan Sinembah",
  "kelurahan" : "Bagan Manunggal",
  "kodepos" : "28992"
}, {
  "kecamatan" : "Bagan Sinembah",
  "kelurahan" : "Bagan Bakti",
  "kodepos" : "28992"
}, {
  "kecamatan" : "Pasir Limau Kapas",
  "kelurahan" : "Teluk Pulai",
  "kodepos" : "28991"
}, {
  "kecamatan" : "Kubu",
  "kelurahan" : "Teluk Piyai",
  "kodepos" : "28991"
}, {
  "kecamatan" : "Kubu",
  "kelurahan" : "Teluk Piyai Pesisir",
  "kodepos" : "28991"
}, {
  "kecamatan" : "Kubu Babussalam",
  "kelurahan" : "Teluk Nilap",
  "kodepos" : "28991"
}, {
  "kecamatan" : "Kubu Babussalam",
  "kelurahan" : "Teluk Nilap Jaya",
  "kodepos" : "28991"
}, {
  "kecamatan" : "Kubu Babussalam",
  "kelurahan" : "Sungaimajo Pusako",
  "kodepos" : "28991"
}, {
  "kecamatan" : "Kubu",
  "kelurahan" : "Tanjung Leban",
  "kodepos" : "28991"
}, {
  "kecamatan" : "Kubu",
  "kelurahan" : "Teluk Merbau",
  "kodepos" : "28991"
}, {
  "kecamatan" : "Kubu",
  "kelurahan" : "Sungai Kubu Hulu",
  "kodepos" : "28991"
}, {
  "kecamatan" : "Kubu",
  "kelurahan" : "Sungai Segajah Jaya",
  "kodepos" : "28991"
}, {
  "kecamatan" : "Pasir Limau Kapas",
  "kelurahan" : "Sungai Daun",
  "kodepos" : "28991"
}, {
  "kecamatan" : "Kubu",
  "kelurahan" : "Sei/Sungai Sigajah/Segajah Makmur",
  "kodepos" : "28991"
}, {
  "kecamatan" : "Kubu Babussalam",
  "kelurahan" : "Sei/Sungai Panji Panji",
  "kodepos" : "28991"
}, {
  "kecamatan" : "Kubu Babussalam",
  "kelurahan" : "Sei/Sungai Pinang",
  "kodepos" : "28991"
}, {
  "kecamatan" : "Kubu Babussalam",
  "kelurahan" : "Sei/Sungai Majo",
  "kodepos" : "28991"
}, {
  "kecamatan" : "Kubu",
  "kelurahan" : "Sei/Sungai Kubu",
  "kodepos" : "28991"
}, {
  "kecamatan" : "Kubu Babussalam",
  "kelurahan" : "Rantau Panjang Kiri",
  "kodepos" : "28991"
}, {
  "kecamatan" : "Kubu Babussalam",
  "kelurahan" : "Rantau Panjang Kiri Hilir",
  "kodepos" : "28991"
}, {
  "kecamatan" : "Kubu",
  "kelurahan" : "Sei Segajah Makmur",
  "kodepos" : "28991"
}, {
  "kecamatan" : "Kubu",
  "kelurahan" : "Rantau Panjang Kanan",
  "kodepos" : "28991"
}, {
  "kecamatan" : "Pasir Limau Kapas",
  "kelurahan" : "Pulaujemur",
  "kodepos" : "28991"
}, {
  "kecamatan" : "Kubu Babussalam",
  "kelurahan" : "Pulau Halang Hulu",
  "kodepos" : "28991"
}, {
  "kecamatan" : "Kubu Babussalam",
  "kelurahan" : "Pulau Halang Muka",
  "kodepos" : "28991"
}, {
  "kecamatan" : "Pasir Limau Kapas",
  "kelurahan" : "Pasir Limau Kapas",
  "kodepos" : "28991"
}, {
  "kecamatan" : "Kubu Babussalam",
  "kelurahan" : "Pulau Halang Belakang",
  "kodepos" : "28991"
}, {
  "kecamatan" : "Pasir Limau Kapas",
  "kelurahan" : "Panipahan Darat",
  "kodepos" : "28991"
}, {
  "kecamatan" : "Pasir Limau Kapas",
  "kelurahan" : "Panipahan II (Baru)",
  "kodepos" : "28991"
}, {
  "kecamatan" : "Pasir Limau Kapas",
  "kelurahan" : "Panipahan Laut",
  "kodepos" : "28991"
}, {
  "kecamatan" : "Pasir Limau Kapas",
  "kelurahan" : "Panipahan",
  "kodepos" : "28991"
}, {
  "kecamatan" : "Kubu Babussalam",
  "kelurahan" : "Jojol",
  "kodepos" : "28991"
}, {
  "kecamatan" : "Pujud",
  "kelurahan" : "Teluknayang",
  "kodepos" : "28983"
}, {
  "kecamatan" : "Tanah Putih",
  "kelurahan" : "Ujung Tanjung",
  "kodepos" : "28983"
}, {
  "kecamatan" : "Pujud",
  "kelurahan" : "Tanjungsari",
  "kodepos" : "28983"
}, {
  "kecamatan" : "Tanah Putih",
  "kelurahan" : "Teluk Berembun",
  "kodepos" : "28983"
}, {
  "kecamatan" : "Tanah Putih",
  "kelurahan" : "Teluk Mega",
  "kodepos" : "28983"
}, {
  "kecamatan" : "Pujud",
  "kelurahan" : "Tanjungmedan",
  "kodepos" : "28983"
}, {
  "kecamatan" : "Pujud",
  "kelurahan" : "Tanjungmedan Barat",
  "kodepos" : "28983"
}, {
  "kecamatan" : "Pujud",
  "kelurahan" : "Tanjungmedan Utara",
  "kodepos" : "28983"
}, {
  "kecamatan" : "Pujud",
  "kelurahan" : "Tangga Batu",
  "kodepos" : "28983"
}, {
  "kecamatan" : "Pujud",
  "kelurahan" : "Sungaipinang",
  "kodepos" : "28983"
}, {
  "kecamatan" : "Pujud",
  "kelurahan" : "Sungaitapah",
  "kodepos" : "28983"
}, {
  "kecamatan" : "Pujud",
  "kelurahan" : "Sri Kayangan",
  "kodepos" : "28983"
}, {
  "kecamatan" : "Pujud",
  "kelurahan" : "Suka Jadi",
  "kodepos" : "28983"
}, {
  "kecamatan" : "Tanah Putih",
  "kelurahan" : "Sintong Pusaka",
  "kodepos" : "28983"
}, {
  "kecamatan" : "Tanah Putih",
  "kelurahan" : "Sintong Bakti",
  "kodepos" : "28983"
}, {
  "kecamatan" : "Tanah Putih",
  "kelurahan" : "Sintong Makmur",
  "kodepos" : "28983"
}, {
  "kecamatan" : "Tanah Putih",
  "kelurahan" : "Sintong",
  "kodepos" : "28983"
}, {
  "kecamatan" : "Pujud",
  "kelurahan" : "Siarang-arang",
  "kodepos" : "28983"
}, {
  "kecamatan" : "Tanah Putih",
  "kelurahan" : "Sekeladi",
  "kodepos" : "28983"
}, {
  "kecamatan" : "Tanah Putih",
  "kelurahan" : "Sekeladi Hilir",
  "kodepos" : "28983"
}, {
  "kecamatan" : "Rantau Kopar",
  "kelurahan" : "Sekapas",
  "kodepos" : "28983"
}, {
  "kecamatan" : "Rantau Kopar",
  "kelurahan" : "Sei/Sungai Rangau",
  "kodepos" : "28983"
}, {
  "kecamatan" : "Pujud",
  "kelurahan" : "Sei Meranti Darussalam",
  "kodepos" : "28983"
}, {
  "kecamatan" : "Tanah Putih",
  "kelurahan" : "Sedinginan",
  "kodepos" : "28983"
}, {
  "kecamatan" : "Rantau Kopar",
  "kelurahan" : "Rantau Kopar",
  "kodepos" : "28983"
}, {
  "kecamatan" : "Pujud",
  "kelurahan" : "Sei Meranti",
  "kodepos" : "28983"
}, {
  "kecamatan" : "Tanah Putih",
  "kelurahan" : "Rantau Bais",
  "kodepos" : "28983"
}, {
  "kecamatan" : "Pujud",
  "kelurahan" : "Pujud Utara",
  "kodepos" : "28983"
}, {
  "kecamatan" : "Tanah Putih",
  "kelurahan" : "Putat",
  "kodepos" : "28983"
}, {
  "kecamatan" : "Pujud",
  "kelurahan" : "Pujud",
  "kodepos" : "28983"
}, {
  "kecamatan" : "Pujud",
  "kelurahan" : "Pujud Selatan",
  "kodepos" : "28983"
}, {
  "kecamatan" : "Pujud",
  "kelurahan" : "Perkebunan Tanjung Medan",
  "kodepos" : "28983"
}, {
  "kecamatan" : "Pujud",
  "kelurahan" : "Pondok Kresek",
  "kodepos" : "28983"
}, {
  "kecamatan" : "Pujud",
  "kelurahan" : "Perkebunan Siarang-arang",
  "kodepos" : "28983"
}, {
  "kecamatan" : "Tanah Putih",
  "kelurahan" : "Mumugo Pemekaran",
  "kodepos" : "28983"
}, {
  "kecamatan" : "Tanah Putih",
  "kelurahan" : "Menggala Sempurna",
  "kodepos" : "28983"
}, {
  "kecamatan" : "Tanah Putih",
  "kelurahan" : "Mumugo",
  "kodepos" : "28983"
}, {
  "kecamatan" : "Tanah Putih Tanjung Melawan",
  "kelurahan" : "Mesah",
  "kodepos" : "28983"
}, {
  "kecamatan" : "Tanah Putih",
  "kelurahan" : "Menggala Sakti",
  "kodepos" : "28983"
}, {
  "kecamatan" : "Tanah Putih Tanjung Melawan",
  "kelurahan" : "Melayu Tengah",
  "kodepos" : "28983"
}, {
  "kecamatan" : "Tanah Putih Tanjung Melawan",
  "kelurahan" : "Labuhan papan",
  "kodepos" : "28983"
}, {
  "kecamatan" : "Tanah Putih Tanjung Melawan",
  "kelurahan" : "Melayu Besar",
  "kodepos" : "28983"
}, {
  "kecamatan" : "Tanah Putih Tanjung Melawan",
  "kelurahan" : "Melayu Besar Kota",
  "kodepos" : "28983"
}, {
  "kecamatan" : "Tanah Putih Tanjung Melawan",
  "kelurahan" : "Batu Hampar",
  "kodepos" : "28983"
}, {
  "kecamatan" : "Pujud",
  "kelurahan" : "Kasang Bangsawan",
  "kodepos" : "28983"
}, {
  "kecamatan" : "Bangko Pusaka (Pusako)",
  "kelurahan" : "Bangko Pusaka (Pusako)",
  "kodepos" : "28983"
}, {
  "kecamatan" : "Tanah Putih",
  "kelurahan" : "Banjar XII",
  "kodepos" : "28983"
}, {
  "kecamatan" : "Pujud",
  "kelurahan" : "Babussalam Rokan",
  "kodepos" : "28983"
}, {
  "kecamatan" : "Rantau Kopar",
  "kelurahan" : "Bagan Cempedak",
  "kodepos" : "28983"
}, {
  "kecamatan" : "Pujud",
  "kelurahan" : "Air Hitam",
  "kodepos" : "28983"
}, {
  "kecamatan" : "Pujud",
  "kelurahan" : "Akar Belingkar",
  "kodepos" : "28983"
}, {
  "kecamatan" : "Rimba Melintang",
  "kelurahan" : "Teluk Pulau Hilir",
  "kodepos" : "28953"
}, {
  "kecamatan" : "Rimba Melintang",
  "kelurahan" : "Teluk Pulau Hulu",
  "kodepos" : "28953"
}, {
  "kecamatan" : "Rimba Melintang",
  "kelurahan" : "Rimba Melintang",
  "kodepos" : "28953"
}, {
  "kecamatan" : "Rimba Melintang",
  "kelurahan" : "Seremban Jaya",
  "kodepos" : "28953"
}, {
  "kecamatan" : "Rimba Melintang",
  "kelurahan" : "Mukti Jaya",
  "kodepos" : "28953"
}, {
  "kecamatan" : "Rimba Melintang",
  "kelurahan" : "Pematang Botam",
  "kodepos" : "28953"
}, {
  "kecamatan" : "Rimba Melintang",
  "kelurahan" : "Pematang Sikek",
  "kodepos" : "28953"
}, {
  "kecamatan" : "Rimba Melintang",
  "kelurahan" : "Lenggadai/Langgadai Hulu",
  "kodepos" : "28953"
}, {
  "kecamatan" : "Rimba Melintang",
  "kelurahan" : "Lenggadai/Langgadai Hilir",
  "kodepos" : "28953"
}, {
  "kecamatan" : "Rimba Melintang",
  "kelurahan" : "Jumrah",
  "kodepos" : "28953"
}, {
  "kecamatan" : "Rimba Melintang",
  "kelurahan" : "Karya Mukti",
  "kodepos" : "28953"
}, {
  "kecamatan" : "Bangko",
  "kelurahan" : "Parit Aman",
  "kodepos" : "28914"
}, {
  "kecamatan" : "Rimba Melintang",
  "kelurahan" : "Harapan Jaya",
  "kodepos" : "28953"
}, {
  "kecamatan" : "Bangko",
  "kelurahan" : "Bagan Jawa",
  "kodepos" : "28913"
}, {
  "kecamatan" : "Bangko",
  "kelurahan" : "Labuhan Tangga Besar",
  "kodepos" : "28913"
}, {
  "kecamatan" : "Pekaitan",
  "kelurahan" : "Telukbano II",
  "kodepos" : "28912"
}, {
  "kecamatan" : "Sinaboi (Senaboi)",
  "kelurahan" : "Sungai Nyamuk",
  "kodepos" : "28912"
}, {
  "kecamatan" : "Pekaitan",
  "kelurahan" : "Suak Air Hitam",
  "kodepos" : "28912"
}, {
  "kecamatan" : "Pekaitan",
  "kelurahan" : "Suak Temenggung",
  "kodepos" : "28912"
}, {
  "kecamatan" : "Sinaboi (Senaboi)",
  "kelurahan" : "Sinaboi Kota",
  "kodepos" : "28912"
}, {
  "kecamatan" : "Bangko",
  "kelurahan" : "Serusa",
  "kodepos" : "28912"
}, {
  "kecamatan" : "Sinaboi (Senaboi)",
  "kelurahan" : "Senaboi/Sinaboi",
  "kodepos" : "28912"
}, {
  "kecamatan" : "Batu Hampar",
  "kelurahan" : "Sei/Sungai Sialang",
  "kodepos" : "28912"
}, {
  "kecamatan" : "Batu Hampar",
  "kelurahan" : "Sei/Sungai Sialang Hulu",
  "kodepos" : "28912"
}, {
  "kecamatan" : "Sinaboi (Senaboi)",
  "kelurahan" : "Sei/Sungai Bakau",
  "kodepos" : "28912"
}, {
  "kecamatan" : "Pekaitan",
  "kelurahan" : "Rokan Baru Pesisir",
  "kodepos" : "28912"
}, {
  "kecamatan" : "Pekaitan",
  "kelurahan" : "Sei Besar",
  "kodepos" : "28912"
}, {
  "kecamatan" : "Sinaboi (Senaboi)",
  "kelurahan" : "Raja Bejamu",
  "kodepos" : "28912"
}, {
  "kecamatan" : "Pekaitan",
  "kelurahan" : "Pekaitan",
  "kodepos" : "28912"
}, {
  "kecamatan" : "Pekaitan",
  "kelurahan" : "Rokan Baru",
  "kodepos" : "28912"
}, {
  "kecamatan" : "Bangko",
  "kelurahan" : "Labuhan Tangga Kecil",
  "kodepos" : "28912"
}, {
  "kecamatan" : "Pekaitan",
  "kelurahan" : "Pedamaran",
  "kodepos" : "28912"
}, {
  "kecamatan" : "Bangko",
  "kelurahan" : "Labuhan Tangga Baru",
  "kodepos" : "28912"
}, {
  "kecamatan" : "Bangko",
  "kelurahan" : "Labuhan Tangga Hilir",
  "kodepos" : "28912"
}, {
  "kecamatan" : "Pekaitan",
  "kelurahan" : "Kubu I",
  "kodepos" : "28912"
}, {
  "kecamatan" : "Sinaboi (Senaboi)",
  "kelurahan" : "Darussalam",
  "kodepos" : "28912"
}, {
  "kecamatan" : "Pekaitan",
  "kelurahan" : "Karyo Mulyo Sari",
  "kodepos" : "28912"
}, {
  "kecamatan" : "Batu Hampar",
  "kelurahan" : "Bantayan/Bantaian Hilir",
  "kodepos" : "28912"
}, {
  "kecamatan" : "Batu Hampar",
  "kelurahan" : "Bantayan/Bantaian",
  "kodepos" : "28912"
}, {
  "kecamatan" : "Batu Hampar",
  "kelurahan" : "Bantayan/Bantaian Baru",
  "kodepos" : "28912"
}, {
  "kecamatan" : "Bangko",
  "kelurahan" : "Bagan Punak Pesisir",
  "kodepos" : "28912"
}, {
  "kecamatan" : "Bangko",
  "kelurahan" : "Bagan Timur",
  "kodepos" : "28912"
}, {
  "kecamatan" : "Bangko",
  "kelurahan" : "Bagan Punak",
  "kodepos" : "28912"
}, {
  "kecamatan" : "Bangko",
  "kelurahan" : "Bagan Punak Meranti",
  "kodepos" : "28912"
}, {
  "kecamatan" : "Bangko",
  "kelurahan" : "Bagan Hulu",
  "kodepos" : "28912"
}, {
  "kecamatan" : "Bangko",
  "kelurahan" : "Bagan Jawa Pesisir",
  "kodepos" : "28912"
}, {
  "kecamatan" : "Bangko",
  "kelurahan" : "Bagan Barat",
  "kodepos" : "28912"
}, {
  "kecamatan" : "Bangko",
  "kelurahan" : "Bagan Kota",
  "kodepos" : "28911"
} ]
