[ {
  "kecamatan" : "Bukit Kapur",
  "kelurahan" : "Kampung Baru",
  "kodepos" : "28882"
}, {
  "kecamatan" : "Bukit Kapur",
  "kelurahan" : "Kayu Kapur (Bukit Kayu Kapur)",
  "kodepos" : "28882"
}, {
  "kecamatan" : "Bukit Kapur",
  "kelurahan" : "Gurun Panjang",
  "kodepos" : "28882"
}, {
  "kecamatan" : "Bukit Kapur",
  "kelurahan" : "Bukit Nanas / Nenas",
  "kodepos" : "28882"
}, {
  "kecamatan" : "Bukit Kapur",
  "kelurahan" : "Bagan Besar",
  "kodepos" : "28882"
}, {
  "kecamatan" : "Sungai Sembilan",
  "kelurahan" : "Tanjung Penyembal",
  "kodepos" : "28826"
}, {
  "kecamatan" : "Dumai Selatan",
  "kelurahan" : "Bukit Timah",
  "kodepos" : "28826"
}, {
  "kecamatan" : "Sungai Sembilan",
  "kelurahan" : "Lubuk Gaung",
  "kodepos" : "28826"
}, {
  "kecamatan" : "Sungai Sembilan",
  "kelurahan" : "Batu Teritip",
  "kodepos" : "28826"
}, {
  "kecamatan" : "Sungai Sembilan",
  "kelurahan" : "Bangsal Aceh",
  "kodepos" : "28826"
}, {
  "kecamatan" : "Sungai Sembilan",
  "kelurahan" : "Basilam Baru",
  "kodepos" : "28826"
}, {
  "kecamatan" : "Medang Kampai",
  "kelurahan" : "Teluk Makmur",
  "kodepos" : "28825"
}, {
  "kecamatan" : "Dumai Selatan",
  "kelurahan" : "Ratu Sima",
  "kodepos" : "28825"
}, {
  "kecamatan" : "Medang Kampai",
  "kelurahan" : "Pelintung",
  "kodepos" : "28825"
}, {
  "kecamatan" : "Medang Kampai",
  "kelurahan" : "Guntung",
  "kodepos" : "28825"
}, {
  "kecamatan" : "Medang Kampai",
  "kelurahan" : "Mundam",
  "kodepos" : "28825"
}, {
  "kecamatan" : "Dumai Selatan",
  "kelurahan" : "Bukit Datuk",
  "kodepos" : "28825"
}, {
  "kecamatan" : "Dumai Barat",
  "kelurahan" : "Simpang Tetap Darul Ichsan",
  "kodepos" : "28824"
}, {
  "kecamatan" : "Dumai Barat",
  "kelurahan" : "Pangkalan Sesai",
  "kodepos" : "28824"
}, {
  "kecamatan" : "Dumai Barat",
  "kelurahan" : "Purnama",
  "kodepos" : "28823"
}, {
  "kecamatan" : "Dumai Kota",
  "kelurahan" : "Rimba Sekampung",
  "kodepos" : "28822"
}, {
  "kecamatan" : "Dumai Kota",
  "kelurahan" : "Laksamana",
  "kodepos" : "28821"
}, {
  "kecamatan" : "Dumai Selatan",
  "kelurahan" : "Mekar Sari",
  "kodepos" : "28821"
}, {
  "kecamatan" : "Dumai Barat",
  "kelurahan" : "Bagan Keladi",
  "kodepos" : "28821"
}, {
  "kecamatan" : "Dumai Timur",
  "kelurahan" : "Tanjung Palas",
  "kodepos" : "28816"
}, {
  "kecamatan" : "Dumai Timur",
  "kelurahan" : "Jaya Mukti",
  "kodepos" : "28815"
}, {
  "kecamatan" : "Dumai Timur",
  "kelurahan" : "Buluh Kasap",
  "kodepos" : "28814"
}, {
  "kecamatan" : "Dumai Timur",
  "kelurahan" : "Teluk Binjai",
  "kodepos" : "28813"
}, {
  "kecamatan" : "Dumai Selatan",
  "kelurahan" : "Bumi Ayu",
  "kodepos" : "28813"
}, {
  "kecamatan" : "Dumai Kota",
  "kelurahan" : "Sukajadi",
  "kodepos" : "28812"
}, {
  "kecamatan" : "Dumai Kota",
  "kelurahan" : "Bintan",
  "kodepos" : "28812"
}, {
  "kecamatan" : "Dumai Kota",
  "kelurahan" : "Dumai Kota",
  "kodepos" : "28811"
}, {
  "kecamatan" : "Dumai Timur",
  "kelurahan" : "Bukit Batrem",
  "kodepos" : "28811"
} ]
