[ {
  "kecamatan" : "Pinggir",
  "kelurahan" : "Titian Antui",
  "kodepos" : "28784"
}, {
  "kecamatan" : "Pinggir",
  "kelurahan" : "Tasik Tebing Serai",
  "kodepos" : "28784"
}, {
  "kecamatan" : "Pinggir",
  "kelurahan" : "Tengganau",
  "kodepos" : "28784"
}, {
  "kecamatan" : "Pinggir",
  "kelurahan" : "Tasik Serai Timur",
  "kodepos" : "28784"
}, {
  "kecamatan" : "Pinggir",
  "kelurahan" : "Tasik Serai",
  "kodepos" : "28784"
}, {
  "kecamatan" : "Pinggir",
  "kelurahan" : "Tasik Serai Barat",
  "kodepos" : "28784"
}, {
  "kecamatan" : "Mandau",
  "kelurahan" : "Tambusai Batang Dui",
  "kodepos" : "28784"
}, {
  "kecamatan" : "Mandau",
  "kelurahan" : "Talang Mandi",
  "kodepos" : "28784"
}, {
  "kecamatan" : "Pinggir",
  "kelurahan" : "Sungai Meranti",
  "kodepos" : "28784"
}, {
  "kecamatan" : "Mandau",
  "kelurahan" : "Simpang Padang",
  "kodepos" : "28784"
}, {
  "kecamatan" : "Pinggir",
  "kelurahan" : "Serai Wangi",
  "kodepos" : "28784"
}, {
  "kecamatan" : "Mandau",
  "kelurahan" : "Sesumbo Ampai (Kesumo Ampai)",
  "kodepos" : "28784"
}, {
  "kecamatan" : "Pinggir",
  "kelurahan" : "Semunai",
  "kodepos" : "28784"
}, {
  "kecamatan" : "Mandau",
  "kelurahan" : "Sebangar",
  "kodepos" : "28784"
}, {
  "kecamatan" : "Mandau",
  "kelurahan" : "Pematang Pudu",
  "kodepos" : "28784"
}, {
  "kecamatan" : "Pinggir",
  "kelurahan" : "Pinggir",
  "kodepos" : "28784"
}, {
  "kecamatan" : "Mandau",
  "kelurahan" : "Petani",
  "kodepos" : "28784"
}, {
  "kecamatan" : "Mandau",
  "kelurahan" : "Pematang Obo",
  "kodepos" : "28784"
}, {
  "kecamatan" : "Pinggir",
  "kelurahan" : "Pangkalan Libut",
  "kodepos" : "28784"
}, {
  "kecamatan" : "Mandau",
  "kelurahan" : "Pamesi",
  "kodepos" : "28784"
}, {
  "kecamatan" : "Pinggir",
  "kelurahan" : "Melibur",
  "kodepos" : "28784"
}, {
  "kecamatan" : "Pinggir",
  "kelurahan" : "Muara Basung",
  "kodepos" : "28784"
}, {
  "kecamatan" : "Pinggir",
  "kelurahan" : "Kuala Penaso",
  "kodepos" : "28784"
}, {
  "kecamatan" : "Pinggir",
  "kelurahan" : "Kuala Penaso",
  "kodepos" : "28784"
}, {
  "kecamatan" : "Mandau",
  "kelurahan" : "Harapan Baru",
  "kodepos" : "28784"
}, {
  "kecamatan" : "Mandau",
  "kelurahan" : "Gajah Sakti",
  "kodepos" : "28784"
}, {
  "kecamatan" : "Mandau",
  "kelurahan" : "Duri Barat",
  "kodepos" : "28784"
}, {
  "kecamatan" : "Mandau",
  "kelurahan" : "Duri Timur",
  "kodepos" : "28784"
}, {
  "kecamatan" : "Mandau",
  "kelurahan" : "Buluh Manis",
  "kodepos" : "28784"
}, {
  "kecamatan" : "Mandau",
  "kelurahan" : "Bumbung",
  "kodepos" : "28784"
}, {
  "kecamatan" : "Pinggir",
  "kelurahan" : "Buluh Apo",
  "kodepos" : "28784"
}, {
  "kecamatan" : "Pinggir",
  "kelurahan" : "Beringin",
  "kodepos" : "28784"
}, {
  "kecamatan" : "Mandau",
  "kelurahan" : "Boncah Mahang",
  "kodepos" : "28784"
}, {
  "kecamatan" : "Mandau",
  "kelurahan" : "Batang Serosa",
  "kodepos" : "28784"
}, {
  "kecamatan" : "Mandau",
  "kelurahan" : "Bathin Betuah",
  "kodepos" : "28784"
}, {
  "kecamatan" : "Mandau",
  "kelurahan" : "Bathin Sobanga",
  "kodepos" : "28784"
}, {
  "kecamatan" : "Pinggir",
  "kelurahan" : "Balai Raja",
  "kodepos" : "28784"
}, {
  "kecamatan" : "Mandau",
  "kelurahan" : "Balik Alam",
  "kodepos" : "28784"
}, {
  "kecamatan" : "Mandau",
  "kelurahan" : "Balai Makam",
  "kodepos" : "28784"
}, {
  "kecamatan" : "Pinggir",
  "kelurahan" : "Balai Pungut",
  "kodepos" : "28784"
}, {
  "kecamatan" : "Mandau",
  "kelurahan" : "Babussalam",
  "kodepos" : "28784"
}, {
  "kecamatan" : "Mandau",
  "kelurahan" : "Air Jamban",
  "kodepos" : "28784"
}, {
  "kecamatan" : "Mandau",
  "kelurahan" : "Air Kulim",
  "kodepos" : "28784"
}, {
  "kecamatan" : "Rupat Utara",
  "kelurahan" : "Titi Akar",
  "kodepos" : "28781"
}, {
  "kecamatan" : "Rupat Utara",
  "kelurahan" : "Teluk Rhu",
  "kodepos" : "28781"
}, {
  "kecamatan" : "Rupat",
  "kelurahan" : "Terkul",
  "kodepos" : "28781"
}, {
  "kecamatan" : "Rupat Utara",
  "kelurahan" : "Tanjung Punak",
  "kodepos" : "28781"
}, {
  "kecamatan" : "Rupat",
  "kelurahan" : "Teluk Lecah",
  "kodepos" : "28781"
}, {
  "kecamatan" : "Rupat Utara",
  "kelurahan" : "Tanjung Medang",
  "kodepos" : "28781"
}, {
  "kecamatan" : "Rupat",
  "kelurahan" : "Tanjung Kapal",
  "kodepos" : "28781"
}, {
  "kecamatan" : "Rupat Utara",
  "kelurahan" : "Suka Damai",
  "kodepos" : "28781"
}, {
  "kecamatan" : "Rupat",
  "kelurahan" : "Sukarjo Mesin",
  "kodepos" : "28781"
}, {
  "kecamatan" : "Rupat Utara",
  "kelurahan" : "Puteri Sembilan",
  "kodepos" : "28781"
}, {
  "kecamatan" : "Rupat",
  "kelurahan" : "Sei/Sungai Cingam",
  "kodepos" : "28781"
}, {
  "kecamatan" : "Rupat",
  "kelurahan" : "Sri Tanjung",
  "kodepos" : "28781"
}, {
  "kecamatan" : "Rupat",
  "kelurahan" : "Parit Kebumen",
  "kodepos" : "28781"
}, {
  "kecamatan" : "Rupat",
  "kelurahan" : "Pergam",
  "kodepos" : "28781"
}, {
  "kecamatan" : "Rupat",
  "kelurahan" : "Pangkalan Nyirih",
  "kodepos" : "28781"
}, {
  "kecamatan" : "Rupat",
  "kelurahan" : "Pangkalan Pinang",
  "kodepos" : "28781"
}, {
  "kecamatan" : "Rupat",
  "kelurahan" : "Makeruh",
  "kodepos" : "28781"
}, {
  "kecamatan" : "Rupat",
  "kelurahan" : "Pancur Jaya",
  "kodepos" : "28781"
}, {
  "kecamatan" : "Rupat Utara",
  "kelurahan" : "Kadur",
  "kodepos" : "28781"
}, {
  "kecamatan" : "Rupat",
  "kelurahan" : "Hutan Panjang",
  "kodepos" : "28781"
}, {
  "kecamatan" : "Rupat Utara",
  "kelurahan" : "Hutan Ayu",
  "kodepos" : "28781"
}, {
  "kecamatan" : "Rupat",
  "kelurahan" : "Dungun Baru",
  "kodepos" : "28781"
}, {
  "kecamatan" : "Rupat",
  "kelurahan" : "Batu Panjang",
  "kodepos" : "28781"
}, {
  "kecamatan" : "Rupat",
  "kelurahan" : "Darul Aman",
  "kodepos" : "28781"
}, {
  "kecamatan" : "Siak Kecil",
  "kelurahan" : "Tanjung Datuk",
  "kodepos" : "28771"
}, {
  "kecamatan" : "Siak Kecil",
  "kelurahan" : "Tanjung Belit",
  "kodepos" : "28771"
}, {
  "kecamatan" : "Siak Kecil",
  "kelurahan" : "Tanjung Damai",
  "kodepos" : "28771"
}, {
  "kecamatan" : "Siak Kecil",
  "kelurahan" : "Sungai Limau (Linau)",
  "kodepos" : "28771"
}, {
  "kecamatan" : "Siak Kecil",
  "kelurahan" : "Sungai Nibung",
  "kodepos" : "28771"
}, {
  "kecamatan" : "Siak Kecil",
  "kelurahan" : "Sungai Siput",
  "kodepos" : "28771"
}, {
  "kecamatan" : "Siak Kecil",
  "kelurahan" : "Sepotong",
  "kodepos" : "28771"
}, {
  "kecamatan" : "Siak Kecil",
  "kelurahan" : "Sumber Jaya",
  "kodepos" : "28771"
}, {
  "kecamatan" : "Siak Kecil",
  "kelurahan" : "Muara Dua",
  "kodepos" : "28771"
}, {
  "kecamatan" : "Siak Kecil",
  "kelurahan" : "Sadar Jaya",
  "kodepos" : "28771"
}, {
  "kecamatan" : "Siak Kecil",
  "kelurahan" : "Lubuk Garam",
  "kodepos" : "28771"
}, {
  "kecamatan" : "Siak Kecil",
  "kelurahan" : "Lubuk Gaung",
  "kodepos" : "28771"
}, {
  "kecamatan" : "Siak Kecil",
  "kelurahan" : "Lubuk Muda",
  "kodepos" : "28771"
}, {
  "kecamatan" : "Siak Kecil",
  "kelurahan" : "Langkat",
  "kodepos" : "28771"
}, {
  "kecamatan" : "Siak Kecil",
  "kelurahan" : "Liang Banir",
  "kodepos" : "28771"
}, {
  "kecamatan" : "Siak Kecil",
  "kelurahan" : "Bandar Jaya",
  "kodepos" : "28771"
}, {
  "kecamatan" : "Siak Kecil",
  "kelurahan" : "Koto Raja",
  "kodepos" : "28771"
}, {
  "kecamatan" : "Bukit Batu",
  "kelurahan" : "Tenggayun",
  "kodepos" : "28761"
}, {
  "kecamatan" : "Bukit Batu",
  "kelurahan" : "Temiang",
  "kodepos" : "28761"
}, {
  "kecamatan" : "Bukit Batu",
  "kelurahan" : "Sungai Selari",
  "kodepos" : "28761"
}, {
  "kecamatan" : "Bukit Batu",
  "kelurahan" : "Tanjung Leban",
  "kodepos" : "28761"
}, {
  "kecamatan" : "Bukit Batu",
  "kelurahan" : "Sepahat",
  "kodepos" : "28761"
}, {
  "kecamatan" : "Bukit Batu",
  "kelurahan" : "Sukajadi",
  "kodepos" : "28761"
}, {
  "kecamatan" : "Bukit Batu",
  "kelurahan" : "Sungai Pakning",
  "kodepos" : "28761"
}, {
  "kecamatan" : "Bukit Batu",
  "kelurahan" : "Parit I Api Api",
  "kodepos" : "28761"
}, {
  "kecamatan" : "Bukit Batu",
  "kelurahan" : "Sejangat",
  "kodepos" : "28761"
}, {
  "kecamatan" : "Bukit Batu",
  "kelurahan" : "Dompas",
  "kodepos" : "28761"
}, {
  "kecamatan" : "Bukit Batu",
  "kelurahan" : "Pakning Asal",
  "kodepos" : "28761"
}, {
  "kecamatan" : "Bukit Batu",
  "kelurahan" : "Pangkalan Jambi",
  "kodepos" : "28761"
}, {
  "kecamatan" : "Bukit Batu",
  "kelurahan" : "Buruk Bakul",
  "kodepos" : "28761"
}, {
  "kecamatan" : "Bukit Batu",
  "kelurahan" : "Bukit Batu",
  "kodepos" : "28761"
}, {
  "kecamatan" : "Bukit Batu",
  "kelurahan" : "Bukit Kerikil",
  "kodepos" : "28761"
}, {
  "kecamatan" : "Bukit Batu",
  "kelurahan" : "Batang Duku",
  "kodepos" : "28761"
}, {
  "kecamatan" : "Bukit Batu",
  "kelurahan" : "Api Api",
  "kodepos" : "28761"
}, {
  "kecamatan" : "Bantan",
  "kelurahan" : "Telukpambang",
  "kodepos" : "28754"
}, {
  "kecamatan" : "Bantan",
  "kelurahan" : "Telukpapal",
  "kodepos" : "28754"
}, {
  "kecamatan" : "Bantan",
  "kelurahan" : "Ulu Pulau",
  "kodepos" : "28754"
}, {
  "kecamatan" : "Bantan",
  "kelurahan" : "Sukamaju",
  "kodepos" : "28754"
}, {
  "kecamatan" : "Bantan",
  "kelurahan" : "Teluklancar",
  "kodepos" : "28754"
}, {
  "kecamatan" : "Bantan",
  "kelurahan" : "Resam Lapis",
  "kodepos" : "28754"
}, {
  "kecamatan" : "Bantan",
  "kelurahan" : "Selat Baru",
  "kodepos" : "28754"
}, {
  "kecamatan" : "Bantan",
  "kelurahan" : "Pampang Pesisir",
  "kodepos" : "28754"
}, {
  "kecamatan" : "Bantan",
  "kelurahan" : "Pasiran",
  "kodepos" : "28754"
}, {
  "kecamatan" : "Bantan",
  "kelurahan" : "Pampang Baru",
  "kodepos" : "28754"
}, {
  "kecamatan" : "Bantan",
  "kelurahan" : "Mentayan",
  "kodepos" : "28754"
}, {
  "kecamatan" : "Bantan",
  "kelurahan" : "Muntai",
  "kodepos" : "28754"
}, {
  "kecamatan" : "Bantan",
  "kelurahan" : "Muntai Barat",
  "kodepos" : "28754"
}, {
  "kecamatan" : "Bantan",
  "kelurahan" : "Kembung Baru",
  "kodepos" : "28754"
}, {
  "kecamatan" : "Bantan",
  "kelurahan" : "Kembung Luar",
  "kodepos" : "28754"
}, {
  "kecamatan" : "Bantan",
  "kelurahan" : "Deluk",
  "kodepos" : "28754"
}, {
  "kecamatan" : "Bantan",
  "kelurahan" : "Jangkang",
  "kodepos" : "28754"
}, {
  "kecamatan" : "Bantan",
  "kelurahan" : "Berancah",
  "kodepos" : "28754"
}, {
  "kecamatan" : "Bantan",
  "kelurahan" : "Bantan Tua",
  "kodepos" : "28754"
}, {
  "kecamatan" : "Bantan",
  "kelurahan" : "Bantan Tengah",
  "kodepos" : "28754"
}, {
  "kecamatan" : "Bantan",
  "kelurahan" : "Bantan Timur",
  "kodepos" : "28754"
}, {
  "kecamatan" : "Bantan",
  "kelurahan" : "Bantan Air",
  "kodepos" : "28754"
}, {
  "kecamatan" : "Bantan",
  "kelurahan" : "Bantan Sari",
  "kodepos" : "28754"
}, {
  "kecamatan" : "Bengkalis",
  "kelurahan" : "Damon/Damun",
  "kodepos" : "28713"
}, {
  "kecamatan" : "Bengkalis",
  "kelurahan" : "Senggoro",
  "kodepos" : "28714"
}, {
  "kecamatan" : "Bengkalis",
  "kelurahan" : "Wonosari",
  "kodepos" : "28711"
}, {
  "kecamatan" : "Bengkalis",
  "kelurahan" : "Bengkalis Kota",
  "kodepos" : "28712"
}, {
  "kecamatan" : "Bengkalis",
  "kelurahan" : "Sungaibatang",
  "kodepos" : "28711"
}, {
  "kecamatan" : "Bengkalis",
  "kelurahan" : "Teluk Latak",
  "kodepos" : "28711"
}, {
  "kecamatan" : "Bengkalis",
  "kelurahan" : "Temeran",
  "kodepos" : "28711"
}, {
  "kecamatan" : "Bengkalis",
  "kelurahan" : "Senderek",
  "kodepos" : "28711"
}, {
  "kecamatan" : "Bengkalis",
  "kelurahan" : "Simpang Ayam",
  "kodepos" : "28711"
}, {
  "kecamatan" : "Bengkalis",
  "kelurahan" : "Sei/Sungai Alam",
  "kodepos" : "28711"
}, {
  "kecamatan" : "Bengkalis",
  "kelurahan" : "Sekodi",
  "kodepos" : "28711"
}, {
  "kecamatan" : "Bengkalis",
  "kelurahan" : "Prapat Tunggal",
  "kodepos" : "28711"
}, {
  "kecamatan" : "Bengkalis",
  "kelurahan" : "Rimba Sekampung",
  "kodepos" : "28711"
}, {
  "kecamatan" : "Bengkalis",
  "kelurahan" : "Sebauk",
  "kodepos" : "28711"
}, {
  "kecamatan" : "Bengkalis",
  "kelurahan" : "Penampi",
  "kodepos" : "28711"
}, {
  "kecamatan" : "Bengkalis",
  "kelurahan" : "Penebal",
  "kodepos" : "28711"
}, {
  "kecamatan" : "Bengkalis",
  "kelurahan" : "Pedekik",
  "kodepos" : "28711"
}, {
  "kecamatan" : "Bengkalis",
  "kelurahan" : "Pematang Duku",
  "kodepos" : "28711"
}, {
  "kecamatan" : "Bengkalis",
  "kelurahan" : "Pematang Duku Timur",
  "kodepos" : "28711"
}, {
  "kecamatan" : "Bengkalis",
  "kelurahan" : "Pangkalan Batang",
  "kodepos" : "28711"
}, {
  "kecamatan" : "Bengkalis",
  "kelurahan" : "Pangkalan Batang Barat",
  "kodepos" : "28711"
}, {
  "kecamatan" : "Bengkalis",
  "kelurahan" : "Meskom",
  "kodepos" : "28711"
}, {
  "kecamatan" : "Bengkalis",
  "kelurahan" : "Palkun",
  "kodepos" : "28711"
}, {
  "kecamatan" : "Bengkalis",
  "kelurahan" : "Kelemantan Barat",
  "kodepos" : "28711"
}, {
  "kecamatan" : "Bengkalis",
  "kelurahan" : "Ketam Putih",
  "kodepos" : "28711"
}, {
  "kecamatan" : "Bengkalis",
  "kelurahan" : "Kuala Alam",
  "kodepos" : "28711"
}, {
  "kecamatan" : "Bengkalis",
  "kelurahan" : "Kelebuk",
  "kodepos" : "28711"
}, {
  "kecamatan" : "Bengkalis",
  "kelurahan" : "Kelemantan",
  "kodepos" : "28711"
}, {
  "kecamatan" : "Bengkalis",
  "kelurahan" : "Air Putih",
  "kodepos" : "28711"
}, {
  "kecamatan" : "Bengkalis",
  "kelurahan" : "Damai",
  "kodepos" : "28711"
}, {
  "kecamatan" : "Bengkalis",
  "kelurahan" : "Kelapa Pati",
  "kodepos" : "28711"
} ]
