[ {
  "kecamatan" : "Mempura",
  "kelurahan" : "Teluk Merempan",
  "kodepos" : "28773"
}, {
  "kecamatan" : "Mempura",
  "kelurahan" : "Merempan Hilir",
  "kodepos" : "28773"
}, {
  "kecamatan" : "Mempura",
  "kelurahan" : "Paluh",
  "kodepos" : "28773"
}, {
  "kecamatan" : "Mempura",
  "kelurahan" : "Sungai Mempura",
  "kodepos" : "28773"
}, {
  "kecamatan" : "Mempura",
  "kelurahan" : "Kampung Tengah",
  "kodepos" : "28773"
}, {
  "kecamatan" : "Mempura",
  "kelurahan" : "Kota Ringin",
  "kodepos" : "28773"
}, {
  "kecamatan" : "Mempura",
  "kelurahan" : "Benteng Hilir",
  "kodepos" : "28773"
}, {
  "kecamatan" : "Mempura",
  "kelurahan" : "Benteng Hulu",
  "kodepos" : "28773"
}, {
  "kecamatan" : "Tualang",
  "kelurahan" : "Tualang",
  "kodepos" : "28772"
}, {
  "kecamatan" : "Tualang",
  "kelurahan" : "Tualang Timur",
  "kodepos" : "28772"
}, {
  "kecamatan" : "Tualang",
  "kelurahan" : "Pinang Sebatang Timur",
  "kodepos" : "28772"
}, {
  "kecamatan" : "Tualang",
  "kelurahan" : "Pinang Sebatang",
  "kodepos" : "28772"
}, {
  "kecamatan" : "Tualang",
  "kelurahan" : "Pinang Sebatang Barat",
  "kodepos" : "28772"
}, {
  "kecamatan" : "Tualang",
  "kelurahan" : "Perawang",
  "kodepos" : "28772"
}, {
  "kecamatan" : "Tualang",
  "kelurahan" : "Perawang Barat",
  "kodepos" : "28772"
}, {
  "kecamatan" : "Tualang",
  "kelurahan" : "Meredan",
  "kodepos" : "28772"
}, {
  "kecamatan" : "Tualang",
  "kelurahan" : "Meredan Barat",
  "kodepos" : "28772"
}, {
  "kecamatan" : "Bunga Raya",
  "kelurahan" : "Temusai",
  "kodepos" : "28763"
}, {
  "kecamatan" : "Bunga Raya",
  "kelurahan" : "Tuah Indrapura",
  "kodepos" : "28763"
}, {
  "kecamatan" : "Bunga Raya",
  "kelurahan" : "Suak Merambai",
  "kodepos" : "28763"
}, {
  "kecamatan" : "Pusako",
  "kelurahan" : "Sungai Berbari",
  "kodepos" : "28763"
}, {
  "kecamatan" : "Pusako",
  "kelurahan" : "Sungai Limau",
  "kodepos" : "28763"
}, {
  "kecamatan" : "Pusako",
  "kelurahan" : "Pebadaran",
  "kodepos" : "28763"
}, {
  "kecamatan" : "Pusako",
  "kelurahan" : "Perincit",
  "kodepos" : "28763"
}, {
  "kecamatan" : "Bunga Raya",
  "kelurahan" : "Kemuning Muda",
  "kodepos" : "28763"
}, {
  "kecamatan" : "Bunga Raya",
  "kelurahan" : "Langsat Permai",
  "kodepos" : "28763"
}, {
  "kecamatan" : "Bunga Raya",
  "kelurahan" : "Jati Baru",
  "kodepos" : "28763"
}, {
  "kecamatan" : "Bunga Raya",
  "kelurahan" : "Jaya Pura",
  "kodepos" : "28763"
}, {
  "kecamatan" : "Pusako",
  "kelurahan" : "Dosan",
  "kodepos" : "28763"
}, {
  "kecamatan" : "Pusako",
  "kelurahan" : "Dusun Pusaka",
  "kodepos" : "28763"
}, {
  "kecamatan" : "Bunga Raya",
  "kelurahan" : "Dayangsuri",
  "kodepos" : "28763"
}, {
  "kecamatan" : "Bunga Raya",
  "kelurahan" : "Buatan/Buantan Lestari",
  "kodepos" : "28763"
}, {
  "kecamatan" : "Bunga Raya",
  "kelurahan" : "Bunga Raya",
  "kodepos" : "28763"
}, {
  "kecamatan" : "Pusako",
  "kelurahan" : "Benayah",
  "kodepos" : "28763"
}, {
  "kecamatan" : "Kandis",
  "kelurahan" : "Sungai Gondang",
  "kodepos" : "28686"
}, {
  "kecamatan" : "Kandis",
  "kelurahan" : "Telaga Sam-Sam",
  "kodepos" : "28686"
}, {
  "kecamatan" : "Kandis",
  "kelurahan" : "Sam Sam",
  "kodepos" : "28686"
}, {
  "kecamatan" : "Kandis",
  "kelurahan" : "Simpang Belutu",
  "kodepos" : "28686"
}, {
  "kecamatan" : "Kandis",
  "kelurahan" : "Libo Jaya",
  "kodepos" : "28686"
}, {
  "kecamatan" : "Kandis",
  "kelurahan" : "Pencing Bekuto",
  "kodepos" : "28686"
}, {
  "kecamatan" : "Kandis",
  "kelurahan" : "Jambai Makmur",
  "kodepos" : "28686"
}, {
  "kecamatan" : "Kandis",
  "kelurahan" : "Kandis",
  "kodepos" : "28686"
}, {
  "kecamatan" : "Kandis",
  "kelurahan" : "Kandis Kota",
  "kodepos" : "28686"
}, {
  "kecamatan" : "Kandis",
  "kelurahan" : "Bekalar",
  "kodepos" : "28686"
}, {
  "kecamatan" : "Kandis",
  "kelurahan" : "Belutu",
  "kodepos" : "28686"
}, {
  "kecamatan" : "Sabak Auh",
  "kelurahan" : "Selat Guntung",
  "kodepos" : "28685"
}, {
  "kecamatan" : "Sabak Auh",
  "kelurahan" : "Sungai Tengah",
  "kodepos" : "28685"
}, {
  "kecamatan" : "Sabak Auh",
  "kelurahan" : "Rempak",
  "kodepos" : "28685"
}, {
  "kecamatan" : "Sabak Auh",
  "kelurahan" : "Sabak Permai",
  "kodepos" : "28685"
}, {
  "kecamatan" : "Minas",
  "kelurahan" : "Minas Timur",
  "kodepos" : "28685"
}, {
  "kecamatan" : "Minas",
  "kelurahan" : "Rantau Bertuah",
  "kodepos" : "28685"
}, {
  "kecamatan" : "Minas",
  "kelurahan" : "Minas Barat",
  "kodepos" : "28685"
}, {
  "kecamatan" : "Minas",
  "kelurahan" : "Minas Jaya",
  "kodepos" : "28685"
}, {
  "kecamatan" : "Sabak Auh",
  "kelurahan" : "Laksamana",
  "kodepos" : "28685"
}, {
  "kecamatan" : "Minas",
  "kelurahan" : "Mandi Angin",
  "kodepos" : "28685"
}, {
  "kecamatan" : "Sabak Auh",
  "kelurahan" : "Bandar Sungai",
  "kodepos" : "28685"
}, {
  "kecamatan" : "Sabak Auh",
  "kelurahan" : "Belading",
  "kodepos" : "28685"
}, {
  "kecamatan" : "Koto Gasib",
  "kelurahan" : "Teluk Rimba",
  "kodepos" : "28671"
}, {
  "kecamatan" : "Sabak Auh",
  "kelurahan" : "Bandar Pedada",
  "kodepos" : "28685"
}, {
  "kecamatan" : "Siak",
  "kelurahan" : "Tumang",
  "kodepos" : "28671"
}, {
  "kecamatan" : "Sungai Mandau",
  "kelurahan" : "Teluk Lancang",
  "kodepos" : "28671"
}, {
  "kecamatan" : "Koto Gasib",
  "kelurahan" : "Tasik Seminai",
  "kodepos" : "28671"
}, {
  "kecamatan" : "Dayun",
  "kelurahan" : "Teluk Merbau",
  "kodepos" : "28671"
}, {
  "kecamatan" : "Sungai Mandau",
  "kelurahan" : "Tasik Betung",
  "kodepos" : "28671"
}, {
  "kecamatan" : "Sungai Mandau",
  "kelurahan" : "Sungai Lodang",
  "kodepos" : "28671"
}, {
  "kecamatan" : "Koto Gasib",
  "kelurahan" : "Sri Gemilang",
  "kodepos" : "28671"
}, {
  "kecamatan" : "Dayun",
  "kelurahan" : "Suka Mulia/Mulya",
  "kodepos" : "28671"
}, {
  "kecamatan" : "Koto Gasib",
  "kelurahan" : "Sri Gemilang",
  "kodepos" : "28671"
}, {
  "kecamatan" : "Koto Gasib",
  "kelurahan" : "Sengkemang",
  "kodepos" : "28671"
}, {
  "kecamatan" : "Dayun",
  "kelurahan" : "Sawit Permai",
  "kodepos" : "28671"
}, {
  "kecamatan" : "Dayun",
  "kelurahan" : "Sialang Sakti",
  "kodepos" : "28671"
}, {
  "kecamatan" : "Siak",
  "kelurahan" : "Rawang Air Putih",
  "kodepos" : "28671"
}, {
  "kecamatan" : "Koto Gasib",
  "kelurahan" : "Pangkalan Pisang",
  "kodepos" : "28671"
}, {
  "kecamatan" : "Koto Gasib",
  "kelurahan" : "Rantau Panjang",
  "kodepos" : "28671"
}, {
  "kecamatan" : "Sungai Mandau",
  "kelurahan" : "Muara Kelantan",
  "kodepos" : "28671"
}, {
  "kecamatan" : "Sungai Mandau",
  "kelurahan" : "Olak",
  "kodepos" : "28671"
}, {
  "kecamatan" : "Dayun",
  "kelurahan" : "Pangkalan Makmur",
  "kodepos" : "28671"
}, {
  "kecamatan" : "Sungai Mandau",
  "kelurahan" : "Muara Bungkal",
  "kodepos" : "28671"
}, {
  "kecamatan" : "Siak",
  "kelurahan" : "Merempan Hulu",
  "kodepos" : "28671"
}, {
  "kecamatan" : "Sungai Mandau",
  "kelurahan" : "Lubuk Umbut",
  "kodepos" : "28671"
}, {
  "kecamatan" : "Dayun",
  "kelurahan" : "Lubuk Tilan",
  "kodepos" : "28671"
}, {
  "kecamatan" : "Dayun",
  "kelurahan" : "Merangkai",
  "kodepos" : "28671"
}, {
  "kecamatan" : "Sungai Mandau",
  "kelurahan" : "Lubuk Jering",
  "kodepos" : "28671"
}, {
  "kecamatan" : "Siak",
  "kelurahan" : "Langkai",
  "kodepos" : "28671"
}, {
  "kecamatan" : "Koto Gasib",
  "kelurahan" : "Keranji Guguh",
  "kodepos" : "28671"
}, {
  "kecamatan" : "Koto Gasib",
  "kelurahan" : "Kuala Gasib",
  "kodepos" : "28671"
}, {
  "kecamatan" : "Siak",
  "kelurahan" : "Kampung Rempak",
  "kodepos" : "28671"
}, {
  "kecamatan" : "Dayun",
  "kelurahan" : "Dayun",
  "kodepos" : "28671"
}, {
  "kecamatan" : "Siak",
  "kelurahan" : "Kampung Dalam",
  "kodepos" : "28671"
}, {
  "kecamatan" : "Koto Gasib",
  "kelurahan" : "Empang Pandan",
  "kodepos" : "28671"
}, {
  "kecamatan" : "Koto Gasib",
  "kelurahan" : "Buatan I",
  "kodepos" : "28671"
}, {
  "kecamatan" : "Koto Gasib",
  "kelurahan" : "Buatan II",
  "kodepos" : "28671"
}, {
  "kecamatan" : "Siak",
  "kelurahan" : "Buantan Besar",
  "kodepos" : "28671"
}, {
  "kecamatan" : "Dayun",
  "kelurahan" : "Berumbung Baru (Tilan)",
  "kodepos" : "28671"
}, {
  "kecamatan" : "Dayun",
  "kelurahan" : "Buana Makmur",
  "kodepos" : "28671"
}, {
  "kecamatan" : "Sungai Mandau",
  "kelurahan" : "Bencah Umbai",
  "kodepos" : "28671"
}, {
  "kecamatan" : "Dayun",
  "kelurahan" : "Banjar Seminai",
  "kodepos" : "28671"
}, {
  "kecamatan" : "Sungai Apit",
  "kelurahan" : "Teluk Mesjid",
  "kodepos" : "28662"
}, {
  "kecamatan" : "Sungai Apit",
  "kelurahan" : "Teluk Batil",
  "kodepos" : "28662"
}, {
  "kecamatan" : "Sungai Apit",
  "kelurahan" : "Teluk Lanus",
  "kodepos" : "28662"
}, {
  "kecamatan" : "Sungai Apit",
  "kelurahan" : "Sungai Kayu Ara",
  "kodepos" : "28662"
}, {
  "kecamatan" : "Sungai Apit",
  "kelurahan" : "Sungai Rawa",
  "kodepos" : "28662"
}, {
  "kecamatan" : "Sungai Apit",
  "kelurahan" : "Tanjung Kuras",
  "kodepos" : "28662"
}, {
  "kecamatan" : "Sungai Apit",
  "kelurahan" : "Penyengat",
  "kodepos" : "28662"
}, {
  "kecamatan" : "Sungai Apit",
  "kelurahan" : "Rawa Mekar Jaya",
  "kodepos" : "28662"
}, {
  "kecamatan" : "Sungai Apit",
  "kelurahan" : "Sungai Apit",
  "kodepos" : "28662"
}, {
  "kecamatan" : "Sungai Apit",
  "kelurahan" : "Mengkapan",
  "kodepos" : "28662"
}, {
  "kecamatan" : "Sungai Apit",
  "kelurahan" : "Parit I/II",
  "kodepos" : "28662"
}, {
  "kecamatan" : "Sungai Apit",
  "kelurahan" : "Lalang",
  "kodepos" : "28662"
}, {
  "kecamatan" : "Sungai Apit",
  "kelurahan" : "Kayu Ara Permai",
  "kodepos" : "28662"
}, {
  "kecamatan" : "Sungai Apit",
  "kelurahan" : "Harapan",
  "kodepos" : "28662"
}, {
  "kecamatan" : "Sungai Apit",
  "kelurahan" : "Bunsur",
  "kodepos" : "28662"
}, {
  "kecamatan" : "Kerinci Kanan",
  "kelurahan" : "Simpang Perak Jaya",
  "kodepos" : "28654"
}, {
  "kecamatan" : "Lubuk Dalam",
  "kelurahan" : "Sri Gading",
  "kodepos" : "28654"
}, {
  "kecamatan" : "Lubuk Dalam",
  "kelurahan" : "Sialang Palas",
  "kodepos" : "28654"
}, {
  "kecamatan" : "Lubuk Dalam",
  "kelurahan" : "Sialang Baru",
  "kodepos" : "28654"
}, {
  "kecamatan" : "Kerinci Kanan",
  "kelurahan" : "Seminai",
  "kodepos" : "28654"
}, {
  "kecamatan" : "Lubuk Dalam",
  "kelurahan" : "Rawang Kao Barat",
  "kodepos" : "28654"
}, {
  "kecamatan" : "Lubuk Dalam",
  "kelurahan" : "Rawang Kao",
  "kodepos" : "28654"
}, {
  "kecamatan" : "Lubuk Dalam",
  "kelurahan" : "Lubuk Dalam",
  "kodepos" : "28654"
}, {
  "kecamatan" : "Kerinci Kanan",
  "kelurahan" : "Kerinci Kiri",
  "kodepos" : "28654"
}, {
  "kecamatan" : "Kerinci Kanan",
  "kelurahan" : "Kumbara Utama",
  "kodepos" : "28654"
}, {
  "kecamatan" : "Kerinci Kanan",
  "kelurahan" : "Kerinci Kanan",
  "kodepos" : "28654"
}, {
  "kecamatan" : "Kerinci Kanan",
  "kelurahan" : "Jati Mulia/Mulya",
  "kodepos" : "28654"
}, {
  "kecamatan" : "Kerinci Kanan",
  "kelurahan" : "Gabung Makmur",
  "kodepos" : "28654"
}, {
  "kecamatan" : "Lubuk Dalam",
  "kelurahan" : "Empang Baru",
  "kodepos" : "28654"
}, {
  "kecamatan" : "Kerinci Kanan",
  "kelurahan" : "Delima Jaya",
  "kodepos" : "28654"
}, {
  "kecamatan" : "Kerinci Kanan",
  "kelurahan" : "Bukit Harapan",
  "kodepos" : "28654"
}, {
  "kecamatan" : "Kerinci Kanan",
  "kelurahan" : "Buatan Baru",
  "kodepos" : "28654"
}, {
  "kecamatan" : "Kerinci Kanan",
  "kelurahan" : "Bukit Agung",
  "kodepos" : "28654"
}, {
  "kecamatan" : "Kerinci Kanan",
  "kelurahan" : "Buana Bakti/Bhakti",
  "kodepos" : "28654"
} ]
