[ {
  "kecamatan" : "Rangsang",
  "kelurahan" : "Topang",
  "kodepos" : "28755"
}, {
  "kecamatan" : "Rangsang",
  "kelurahan" : "Wonosari",
  "kodepos" : "28755"
}, {
  "kecamatan" : "Rangsang",
  "kelurahan" : "Teluk Samak",
  "kodepos" : "28755"
}, {
  "kecamatan" : "Rangsang Pesisir",
  "kelurahan" : "Tenggayun Raya",
  "kodepos" : "28755"
}, {
  "kecamatan" : "Rangsang Barat",
  "kelurahan" : "Telaga Baru",
  "kodepos" : "28755"
}, {
  "kecamatan" : "Rangsang Pesisir",
  "kelurahan" : "Telesung",
  "kodepos" : "28755"
}, {
  "kecamatan" : "Rangsang",
  "kelurahan" : "Tanjung Medang",
  "kodepos" : "28755"
}, {
  "kecamatan" : "Rangsang",
  "kelurahan" : "Tanjung Samak",
  "kodepos" : "28755"
}, {
  "kecamatan" : "Rangsang",
  "kelurahan" : "Tebun",
  "kodepos" : "28755"
}, {
  "kecamatan" : "Rangsang",
  "kelurahan" : "Tanjung Gemuk",
  "kodepos" : "28755"
}, {
  "kecamatan" : "Rangsang Pesisir",
  "kelurahan" : "Tanjung Kedabu",
  "kodepos" : "28755"
}, {
  "kecamatan" : "Rangsang",
  "kelurahan" : "Sungai Gayung Kiri",
  "kodepos" : "28755"
}, {
  "kecamatan" : "Rangsang",
  "kelurahan" : "Tanjung Bakau",
  "kodepos" : "28755"
}, {
  "kecamatan" : "Rangsang Pesisir",
  "kelurahan" : "Tanah Merah",
  "kodepos" : "28755"
}, {
  "kecamatan" : "Rangsang Barat",
  "kelurahan" : "Sungai Cina",
  "kodepos" : "28755"
}, {
  "kecamatan" : "Rangsang Pesisir",
  "kelurahan" : "Sokop",
  "kodepos" : "28755"
}, {
  "kecamatan" : "Rangsang Pesisir",
  "kelurahan" : "Sonde",
  "kodepos" : "28755"
}, {
  "kecamatan" : "Rangsang Pesisir",
  "kelurahan" : "Sendaur",
  "kodepos" : "28755"
}, {
  "kecamatan" : "Rangsang Barat",
  "kelurahan" : "Segomeng",
  "kodepos" : "28755"
}, {
  "kecamatan" : "Rangsang Barat",
  "kelurahan" : "Sialang Pasung",
  "kodepos" : "28755"
}, {
  "kecamatan" : "Rangsang",
  "kelurahan" : "Repan",
  "kodepos" : "28755"
}, {
  "kecamatan" : "Rangsang Barat",
  "kelurahan" : "Permai",
  "kodepos" : "28755"
}, {
  "kecamatan" : "Rangsang",
  "kelurahan" : "Penyagun",
  "kodepos" : "28755"
}, {
  "kecamatan" : "Rangsang Barat",
  "kelurahan" : "Melai",
  "kodepos" : "28755"
}, {
  "kecamatan" : "Rangsang Barat",
  "kelurahan" : "Lemang",
  "kodepos" : "28755"
}, {
  "kecamatan" : "Rangsang Barat",
  "kelurahan" : "Mekar Baru",
  "kodepos" : "28755"
}, {
  "kecamatan" : "Rangsang Pesisir",
  "kelurahan" : "Kayu Ara",
  "kodepos" : "28755"
}, {
  "kecamatan" : "Rangsang Pesisir",
  "kelurahan" : "Kedabu Rapat",
  "kodepos" : "28755"
}, {
  "kecamatan" : "Rangsang Pesisir",
  "kelurahan" : "Kayu Ara",
  "kodepos" : "28755"
}, {
  "kecamatan" : "Rangsang Pesisir",
  "kelurahan" : "Kedabu Rapat",
  "kodepos" : "28755"
}, {
  "kecamatan" : "Rangsang",
  "kelurahan" : "Citra Damai",
  "kodepos" : "28755"
}, {
  "kecamatan" : "Rangsang Barat",
  "kelurahan" : "Bokor",
  "kodepos" : "28755"
}, {
  "kecamatan" : "Rangsang Pesisir",
  "kelurahan" : "Bungur",
  "kodepos" : "28755"
}, {
  "kecamatan" : "Rangsang Barat",
  "kelurahan" : "Bina Maju",
  "kodepos" : "28755"
}, {
  "kecamatan" : "Rangsang Pesisir",
  "kelurahan" : "Beting",
  "kodepos" : "28755"
}, {
  "kecamatan" : "Rangsang Barat",
  "kelurahan" : "Bantar",
  "kodepos" : "28755"
}, {
  "kecamatan" : "Rangsang Barat",
  "kelurahan" : "Anak Setatah",
  "kodepos" : "28755"
}, {
  "kecamatan" : "Tebing Tinggi Barat",
  "kelurahan" : "Tenan",
  "kodepos" : "28753"
}, {
  "kecamatan" : "Tebing Tinggi Timur",
  "kelurahan" : "Teluk Buntal",
  "kodepos" : "28753"
}, {
  "kecamatan" : "Tebing Tinggi Timur",
  "kelurahan" : "Tanjung Sari",
  "kodepos" : "28753"
}, {
  "kecamatan" : "Tebing Tinggi Barat",
  "kelurahan" : "Tanjung Peranap",
  "kodepos" : "28753"
}, {
  "kecamatan" : "Tebing Tinggi Timur",
  "kelurahan" : "Tanjung Gadai",
  "kodepos" : "28753"
}, {
  "kecamatan" : "Tebing Tinggi Barat",
  "kelurahan" : "Tanjung Darul Takzim",
  "kodepos" : "28753"
}, {
  "kecamatan" : "Tebing Tinggi Barat",
  "kelurahan" : "Tanjung",
  "kodepos" : "28753"
}, {
  "kecamatan" : "Tebing Tinggi",
  "kelurahan" : "Sesap",
  "kodepos" : "28753"
}, {
  "kecamatan" : "Tebing Tinggi Timur",
  "kelurahan" : "Sungai Tohor",
  "kodepos" : "28753"
}, {
  "kecamatan" : "Tebing Tinggi Timur",
  "kelurahan" : "Sungai Tohor Barat",
  "kodepos" : "28753"
}, {
  "kecamatan" : "Tebing Tinggi",
  "kelurahan" : "Selatpanjang Timur",
  "kodepos" : "28753"
}, {
  "kecamatan" : "Tebing Tinggi Timur",
  "kelurahan" : "Sendanu Darul Ihsan",
  "kodepos" : "28753"
}, {
  "kecamatan" : "Tebing Tinggi",
  "kelurahan" : "Selatpanjang Selatan",
  "kodepos" : "28753"
}, {
  "kecamatan" : "Tebing Tinggi",
  "kelurahan" : "Selatpanjang Kota",
  "kodepos" : "28753"
}, {
  "kecamatan" : "Tebing Tinggi",
  "kelurahan" : "Selatpanjang Barat",
  "kodepos" : "28753"
}, {
  "kecamatan" : "Tebing Tinggi Timur",
  "kelurahan" : "Nipah Sendanu",
  "kodepos" : "28753"
}, {
  "kecamatan" : "Tebing Tinggi Barat",
  "kelurahan" : "Mekong",
  "kodepos" : "28753"
}, {
  "kecamatan" : "Tebing Tinggi Barat",
  "kelurahan" : "Mengkikip",
  "kodepos" : "28753"
}, {
  "kecamatan" : "Tebing Tinggi Timur",
  "kelurahan" : "Lukun",
  "kodepos" : "28753"
}, {
  "kecamatan" : "Tebing Tinggi Barat",
  "kelurahan" : "Maini Darul Aman",
  "kodepos" : "28753"
}, {
  "kecamatan" : "Tebing Tinggi Barat",
  "kelurahan" : "Mantiasa",
  "kodepos" : "28753"
}, {
  "kecamatan" : "Tebing Tinggi Timur",
  "kelurahan" : "Kepau Baru",
  "kodepos" : "28753"
}, {
  "kecamatan" : "Tebing Tinggi Barat",
  "kelurahan" : "Insit",
  "kodepos" : "28753"
}, {
  "kecamatan" : "Tebing Tinggi Barat",
  "kelurahan" : "Kundur",
  "kodepos" : "28753"
}, {
  "kecamatan" : "Tebing Tinggi Timur",
  "kelurahan" : "Batin Suir",
  "kodepos" : "28753"
}, {
  "kecamatan" : "Tebing Tinggi Barat",
  "kelurahan" : "Gogok Darussalam",
  "kodepos" : "28753"
}, {
  "kecamatan" : "Tebing Tinggi",
  "kelurahan" : "Banglas Barat",
  "kodepos" : "28753"
}, {
  "kecamatan" : "Tebing Tinggi Barat",
  "kelurahan" : "Batang Malas",
  "kodepos" : "28753"
}, {
  "kecamatan" : "Tebing Tinggi Barat",
  "kelurahan" : "Alai",
  "kodepos" : "28753"
}, {
  "kecamatan" : "Tebing Tinggi Barat",
  "kelurahan" : "Alai Selatan",
  "kodepos" : "28753"
}, {
  "kecamatan" : "Tebing Tinggi",
  "kelurahan" : "Banglas",
  "kodepos" : "28753"
}, {
  "kecamatan" : "Tebing Tinggi",
  "kelurahan" : "Alah Air Timur",
  "kodepos" : "28753"
}, {
  "kecamatan" : "Merbau",
  "kelurahan" : "Teluk Belitung",
  "kodepos" : "28752"
}, {
  "kecamatan" : "Pulaumerbau",
  "kelurahan" : "Teluk Ketapang",
  "kodepos" : "28752"
}, {
  "kecamatan" : "Tebing Tinggi",
  "kelurahan" : "Alah Air",
  "kodepos" : "28753"
}, {
  "kecamatan" : "Pulaumerbau",
  "kelurahan" : "Tanjungbunga",
  "kodepos" : "28752"
}, {
  "kecamatan" : "Tasik Putri Puyu",
  "kelurahan" : "Tanjung Pisang",
  "kodepos" : "28752"
}, {
  "kecamatan" : "Merbau",
  "kelurahan" : "Sungai Tengah",
  "kodepos" : "28752"
}, {
  "kecamatan" : "Merbau",
  "kelurahan" : "Tanjung Kulim",
  "kodepos" : "28752"
}, {
  "kecamatan" : "Tasik Putri Puyu",
  "kelurahan" : "Tanjung Padang",
  "kodepos" : "28752"
}, {
  "kecamatan" : "Merbau",
  "kelurahan" : "Sungai Anak Kamal",
  "kodepos" : "28752"
}, {
  "kecamatan" : "Pulaumerbau",
  "kelurahan" : "Renak Dungun",
  "kodepos" : "28752"
}, {
  "kecamatan" : "Pulaumerbau",
  "kelurahan" : "Semukut",
  "kodepos" : "28752"
}, {
  "kecamatan" : "Tasik Putri Puyu",
  "kelurahan" : "Selat Akar",
  "kodepos" : "28752"
}, {
  "kecamatan" : "Merbau",
  "kelurahan" : "Pelantai",
  "kodepos" : "28752"
}, {
  "kecamatan" : "Tasik Putri Puyu",
  "kelurahan" : "Putri Puyu",
  "kodepos" : "28752"
}, {
  "kecamatan" : "Pulaumerbau",
  "kelurahan" : "Padang Kamal",
  "kodepos" : "28752"
}, {
  "kecamatan" : "Pulaumerbau",
  "kelurahan" : "Pangkalan Balai",
  "kodepos" : "28752"
}, {
  "kecamatan" : "Pulaumerbau",
  "kelurahan" : "Pangkalan Balai",
  "kodepos" : "28752"
}, {
  "kecamatan" : "Tasik Putri Puyu",
  "kelurahan" : "Mengkirau",
  "kodepos" : "28752"
}, {
  "kecamatan" : "Tasik Putri Puyu",
  "kelurahan" : "Mengkopot",
  "kodepos" : "28752"
}, {
  "kecamatan" : "Merbau",
  "kelurahan" : "Mayang Sari",
  "kodepos" : "28752"
}, {
  "kecamatan" : "Merbau",
  "kelurahan" : "Mekar Sari",
  "kodepos" : "28752"
}, {
  "kecamatan" : "Tasik Putri Puyu",
  "kelurahan" : "Mekar Delima",
  "kodepos" : "28752"
}, {
  "kecamatan" : "Merbau",
  "kelurahan" : "Lukit",
  "kodepos" : "28752"
}, {
  "kecamatan" : "Tasik Putri Puyu",
  "kelurahan" : "Kudap",
  "kodepos" : "28752"
}, {
  "kecamatan" : "Pulaumerbau",
  "kelurahan" : "Ketapang Permai",
  "kodepos" : "28752"
}, {
  "kecamatan" : "Pulaumerbau",
  "kelurahan" : "Kuala Merbau",
  "kodepos" : "28752"
}, {
  "kecamatan" : "Tasik Putri Puyu",
  "kelurahan" : "Dedap",
  "kodepos" : "28752"
}, {
  "kecamatan" : "Pulaumerbau",
  "kelurahan" : "Batang Meranti",
  "kodepos" : "28752"
}, {
  "kecamatan" : "Pulaumerbau",
  "kelurahan" : "Centai",
  "kodepos" : "28752"
}, {
  "kecamatan" : "Pulaumerbau",
  "kelurahan" : "Baran Melintang",
  "kodepos" : "28752"
}, {
  "kecamatan" : "Tasik Putri Puyu",
  "kelurahan" : "Bandul",
  "kodepos" : "28752"
}, {
  "kecamatan" : "Merbau",
  "kelurahan" : "Bagan Melibur",
  "kodepos" : "28752"
} ]
