[ {
  "kecamatan" : "Tampan",
  "kelurahan" : "Simpang Baru",
  "kodepos" : "28293"
}, {
  "kecamatan" : "Tampan",
  "kelurahan" : "Sidomulyo Barat",
  "kodepos" : "28294"
}, {
  "kecamatan" : "Payung Sekaki",
  "kelurahan" : "Tampan",
  "kodepos" : "28292"
}, {
  "kecamatan" : "Payung Sekaki",
  "kelurahan" : "Labuh Baru Barat",
  "kodepos" : "28292"
}, {
  "kecamatan" : "Payung Sekaki",
  "kelurahan" : "Labuh Baru Timur",
  "kodepos" : "28292"
}, {
  "kecamatan" : "Payung Sekaki",
  "kelurahan" : "Air Hitam",
  "kodepos" : "28292"
}, {
  "kecamatan" : "Tampan",
  "kelurahan" : "Delima",
  "kodepos" : "28291"
}, {
  "kecamatan" : "Tampan",
  "kelurahan" : "Tuah Karya",
  "kodepos" : "28291"
}, {
  "kecamatan" : "Tenayan Raya",
  "kelurahan" : "Tangkerang Timur",
  "kodepos" : "28289"
}, {
  "kecamatan" : "Bukit Raya",
  "kelurahan" : "Tangkerang Utara",
  "kodepos" : "28289"
}, {
  "kecamatan" : "Bukit Raya",
  "kelurahan" : "Tangkerang Selatan",
  "kodepos" : "28288"
}, {
  "kecamatan" : "Rumbai Pesisir",
  "kelurahan" : "Tebing Tinggi Okura",
  "kodepos" : "28287"
}, {
  "kecamatan" : "Tenayan Raya",
  "kelurahan" : "Kulim",
  "kodepos" : "28286"
}, {
  "kecamatan" : "Bukit Raya",
  "kelurahan" : "Simpang Tiga",
  "kodepos" : "28284"
}, {
  "kecamatan" : "Marpoyan Damai",
  "kelurahan" : "Tangkerang Tengah",
  "kodepos" : "28282"
}, {
  "kecamatan" : "Tenayan Raya",
  "kelurahan" : "Sail",
  "kodepos" : "28285"
}, {
  "kecamatan" : "Bukit Raya",
  "kelurahan" : "Tangkerang Labuai",
  "kodepos" : "28281"
}, {
  "kecamatan" : "Marpoyan Damai",
  "kelurahan" : "Tangkerang Barat",
  "kodepos" : "28282"
}, {
  "kecamatan" : "Tenayan Raya",
  "kelurahan" : "Rejosari",
  "kodepos" : "28281"
}, {
  "kecamatan" : "Rumbai Pesisir",
  "kelurahan" : "Meranti Pandak",
  "kodepos" : "28266"
}, {
  "kecamatan" : "Rumbai",
  "kelurahan" : "Muara Fajar",
  "kodepos" : "28267"
}, {
  "kecamatan" : "Rumbai",
  "kelurahan" : "Umban Sari",
  "kodepos" : "28265"
}, {
  "kecamatan" : "Rumbai",
  "kelurahan" : "Palas",
  "kodepos" : "28264"
}, {
  "kecamatan" : "Rumbai",
  "kelurahan" : "Rumbai Bukit",
  "kodepos" : "28264"
}, {
  "kecamatan" : "Rumbai Pesisir",
  "kelurahan" : "Lembah Sari",
  "kodepos" : "28262"
}, {
  "kecamatan" : "Rumbai Pesisir",
  "kelurahan" : "Lembah Damai",
  "kodepos" : "28263"
}, {
  "kecamatan" : "Rumbai",
  "kelurahan" : "Sri Meranti",
  "kodepos" : "28261"
}, {
  "kecamatan" : "Rumbai Pesisir",
  "kelurahan" : "Limbungan Baru",
  "kodepos" : "28261"
}, {
  "kecamatan" : "Senapelan",
  "kelurahan" : "Padang Bulan",
  "kodepos" : "28156"
}, {
  "kecamatan" : "Rumbai Pesisir",
  "kelurahan" : "Limbungan",
  "kodepos" : "28261"
}, {
  "kecamatan" : "Senapelan",
  "kelurahan" : "Kampung Baru",
  "kodepos" : "28154"
}, {
  "kecamatan" : "Senapelan",
  "kelurahan" : "Padang Terubuk",
  "kodepos" : "28155"
}, {
  "kecamatan" : "Senapelan",
  "kelurahan" : "Kampung Bandar",
  "kodepos" : "28153"
}, {
  "kecamatan" : "Senapelan",
  "kelurahan" : "Sago",
  "kodepos" : "28151"
}, {
  "kecamatan" : "Senapelan",
  "kelurahan" : "Kampung Dalam",
  "kodepos" : "28152"
}, {
  "kecamatan" : "Lima Puluh",
  "kelurahan" : "Tanjung Rhu",
  "kodepos" : "28143"
}, {
  "kecamatan" : "Lima Puluh",
  "kelurahan" : "Pesisir",
  "kodepos" : "28144"
}, {
  "kecamatan" : "Lima Puluh",
  "kelurahan" : "Rintis",
  "kodepos" : "28141"
}, {
  "kecamatan" : "Lima Puluh",
  "kelurahan" : "Sekip",
  "kodepos" : "28142"
}, {
  "kecamatan" : "Sail",
  "kelurahan" : "Suka Maju",
  "kodepos" : "28131"
}, {
  "kecamatan" : "Sail",
  "kelurahan" : "Suka Mulia (Sukamulya)",
  "kodepos" : "28131"
}, {
  "kecamatan" : "Sail",
  "kelurahan" : "Cinta Raja",
  "kodepos" : "28131"
}, {
  "kecamatan" : "Sukajadi",
  "kelurahan" : "Kampung Tengah",
  "kodepos" : "28128"
}, {
  "kecamatan" : "Sukajadi",
  "kelurahan" : "Pulau Karam",
  "kodepos" : "28127"
}, {
  "kecamatan" : "Sukajadi",
  "kelurahan" : "Jadirejo",
  "kodepos" : "28126"
}, {
  "kecamatan" : "Marpoyan Damai",
  "kelurahan" : "Sidomulyo Timur",
  "kodepos" : "28125"
}, {
  "kecamatan" : "Marpoyan Damai",
  "kelurahan" : "Wonorejo",
  "kodepos" : "28125"
}, {
  "kecamatan" : "Marpoyan Damai",
  "kelurahan" : "Maharatu",
  "kodepos" : "28125"
}, {
  "kecamatan" : "Sukajadi",
  "kelurahan" : "Kedungsari",
  "kodepos" : "28123"
}, {
  "kecamatan" : "Sukajadi",
  "kelurahan" : "Kampung Melayu",
  "kodepos" : "28124"
}, {
  "kecamatan" : "Sukajadi",
  "kelurahan" : "Sukajadi",
  "kodepos" : "28121"
}, {
  "kecamatan" : "Sukajadi",
  "kelurahan" : "Harjosari",
  "kodepos" : "28122"
}, {
  "kecamatan" : "Pekanbaru Kota",
  "kelurahan" : "Tanah Datar",
  "kodepos" : "28115"
}, {
  "kecamatan" : "Pekanbaru Kota",
  "kelurahan" : "Simpang Empat",
  "kodepos" : "28116"
}, {
  "kecamatan" : "Pekanbaru Kota",
  "kelurahan" : "Kota Tinggi",
  "kodepos" : "28112"
}, {
  "kecamatan" : "Pekanbaru Kota",
  "kelurahan" : "Kota Baru",
  "kodepos" : "28114"
}, {
  "kecamatan" : "Pekanbaru Kota",
  "kelurahan" : "Suka Ramai",
  "kodepos" : "28111"
}, {
  "kecamatan" : "Pekanbaru Kota",
  "kelurahan" : "Suma Hilang",
  "kodepos" : "28111"
} ]
