[ {
  "kecamatan" : "Bambalamotu",
  "kelurahan" : "Wulai",
  "kodepos" : "91574"
}, {
  "kecamatan" : "Bambaira",
  "kelurahan" : "Tampaure",
  "kodepos" : "91574"
}, {
  "kecamatan" : "Sarjo",
  "kelurahan" : "Sarjo",
  "kodepos" : "91574"
}, {
  "kecamatan" : "Sarjo",
  "kelurahan" : "Sarude",
  "kodepos" : "91574"
}, {
  "kecamatan" : "Bambalamotu",
  "kelurahan" : "Pangiang",
  "kodepos" : "91574"
}, {
  "kecamatan" : "Bambalamotu",
  "kelurahan" : "Polewali",
  "kodepos" : "91574"
}, {
  "kecamatan" : "Bambalamotu",
  "kelurahan" : "Randomayang",
  "kodepos" : "91574"
}, {
  "kecamatan" : "Sarjo",
  "kelurahan" : "Letawa",
  "kodepos" : "91574"
}, {
  "kecamatan" : "Sarjo",
  "kelurahan" : "Maponu",
  "kodepos" : "91574"
}, {
  "kecamatan" : "Bambaira",
  "kelurahan" : "Kasoloang",
  "kodepos" : "91574"
}, {
  "kecamatan" : "Bambaira",
  "kelurahan" : "Kalukunangka",
  "kodepos" : "91574"
}, {
  "kecamatan" : "Bambalamotu",
  "kelurahan" : "Bambalamotu",
  "kodepos" : "91574"
}, {
  "kecamatan" : "Bambalamotu",
  "kelurahan" : "Kalola",
  "kodepos" : "91574"
}, {
  "kecamatan" : "Bambaira",
  "kelurahan" : "Bambaira",
  "kodepos" : "91574"
}, {
  "kecamatan" : "Duripoku",
  "kelurahan" : "Taranggi",
  "kodepos" : "91573"
}, {
  "kecamatan" : "Dapurang",
  "kelurahan" : "Tirta Buana",
  "kodepos" : "91573"
}, {
  "kecamatan" : "Duripoku",
  "kelurahan" : "Sipakainga",
  "kodepos" : "91573"
}, {
  "kecamatan" : "Duripoku",
  "kelurahan" : "Tammarunnang",
  "kodepos" : "91573"
}, {
  "kecamatan" : "Dapurang",
  "kelurahan" : "Serasa",
  "kodepos" : "91573"
}, {
  "kecamatan" : "Sarudu",
  "kelurahan" : "Sarudu",
  "kodepos" : "91573"
}, {
  "kecamatan" : "Duripoku",
  "kelurahan" : "Saptanajaya",
  "kodepos" : "91573"
}, {
  "kecamatan" : "Sarudu",
  "kelurahan" : "Kumasari",
  "kodepos" : "91573"
}, {
  "kecamatan" : "Sarudu",
  "kelurahan" : "Patika",
  "kodepos" : "91573"
}, {
  "kecamatan" : "Sarudu",
  "kelurahan" : "Doda",
  "kodepos" : "91573"
}, {
  "kecamatan" : "Dapurang",
  "kelurahan" : "Dapurang",
  "kodepos" : "91573"
}, {
  "kecamatan" : "Sarudu",
  "kelurahan" : "Bulu Mario",
  "kodepos" : "91573"
}, {
  "kecamatan" : "Baras",
  "kelurahan" : "Towoni (Toroni)",
  "kodepos" : "91572"
}, {
  "kecamatan" : "Dapurang",
  "kelurahan" : "Bulu Bonggu",
  "kodepos" : "91573"
}, {
  "kecamatan" : "Lariang",
  "kelurahan" : "Singgani",
  "kodepos" : "91572"
}, {
  "kecamatan" : "Bulu Taba",
  "kelurahan" : "Sumbersari",
  "kodepos" : "91572"
}, {
  "kecamatan" : "Bulu Taba",
  "kelurahan" : "Ompi",
  "kodepos" : "91572"
}, {
  "kecamatan" : "Lariang",
  "kelurahan" : "Parabu",
  "kodepos" : "91572"
}, {
  "kecamatan" : "Baras",
  "kelurahan" : "Motu",
  "kodepos" : "91572"
}, {
  "kecamatan" : "Bulu Taba",
  "kelurahan" : "Lilimori (Lelemori)",
  "kodepos" : "91572"
}, {
  "kecamatan" : "Lariang",
  "kelurahan" : "Kulu",
  "kodepos" : "91572"
}, {
  "kecamatan" : "Bulu Taba",
  "kelurahan" : "Lelejae",
  "kodepos" : "91572"
}, {
  "kecamatan" : "Lariang",
  "kelurahan" : "Kenangan",
  "kodepos" : "91572"
}, {
  "kecamatan" : "Baras",
  "kelurahan" : "Kasano",
  "kodepos" : "91572"
}, {
  "kecamatan" : "Bulu Taba",
  "kelurahan" : "Kasta Buana",
  "kodepos" : "91572"
}, {
  "kecamatan" : "Baras",
  "kelurahan" : "Bulu Parigi",
  "kodepos" : "91572"
}, {
  "kecamatan" : "Bulu Taba",
  "kelurahan" : "Karave (Karabe)",
  "kodepos" : "91572"
}, {
  "kecamatan" : "Bulu Taba",
  "kelurahan" : "Bukit Harapan",
  "kodepos" : "91572"
}, {
  "kecamatan" : "Lariang",
  "kelurahan" : "Batu Matoru",
  "kodepos" : "91572"
}, {
  "kecamatan" : "Baras",
  "kelurahan" : "Baras",
  "kodepos" : "91572"
}, {
  "kecamatan" : "Lariang",
  "kelurahan" : "Bambakoro",
  "kodepos" : "91572"
}, {
  "kecamatan" : "Baras",
  "kelurahan" : "Balanti",
  "kodepos" : "91572"
}, {
  "kecamatan" : "Tikke Raya",
  "kelurahan" : "Tikke",
  "kodepos" : "91571"
}, {
  "kecamatan" : "Lariang",
  "kelurahan" : "Bajawali",
  "kodepos" : "91572"
}, {
  "kecamatan" : "Pasangkayu",
  "kelurahan" : "Pedanda",
  "kodepos" : "91571"
}, {
  "kecamatan" : "Pedongga",
  "kelurahan" : "Pedanda II",
  "kodepos" : "91571"
}, {
  "kecamatan" : "Pasangkayu",
  "kelurahan" : "Pasangkayu",
  "kodepos" : "91571"
}, {
  "kecamatan" : "Pasangkayu",
  "kelurahan" : "Martajaya",
  "kodepos" : "91571"
}, {
  "kecamatan" : "Pedongga",
  "kelurahan" : "Martasari",
  "kodepos" : "91571"
}, {
  "kecamatan" : "Tikke Raya",
  "kelurahan" : "Pajalele (Pakawa)",
  "kodepos" : "91571"
}, {
  "kecamatan" : "Pasangkayu",
  "kelurahan" : "Malei",
  "kodepos" : "91571"
}, {
  "kecamatan" : "Pedongga",
  "kelurahan" : "Malei II",
  "kodepos" : "91571"
}, {
  "kecamatan" : "Tikke Raya",
  "kelurahan" : "Lariang",
  "kodepos" : "91571"
}, {
  "kecamatan" : "Tikke Raya",
  "kelurahan" : "Makmur Jaya",
  "kodepos" : "91571"
}, {
  "kecamatan" : "Tikke Raya",
  "kelurahan" : "Jengeng Raya",
  "kodepos" : "91571"
}, {
  "kecamatan" : "Pasangkayu",
  "kelurahan" : "Karya Bersama",
  "kodepos" : "91571"
}, {
  "kecamatan" : "Pedongga",
  "kelurahan" : "Batu Oge",
  "kodepos" : "91571"
}, {
  "kecamatan" : "Pasangkayu",
  "kelurahan" : "Ako",
  "kodepos" : "91571"
}, {
  "kecamatan" : "Dapurang",
  "kelurahan" : "Benggaulu",
  "kodepos" : "91512"
} ]
