[ {
  "kecamatan" : "Ulumunda",
  "kelurahan" : "Ulumanda",
  "kodepos" : "91453"
}, {
  "kecamatan" : "Ulumunda",
  "kelurahan" : "Sambabo",
  "kodepos" : "91453"
}, {
  "kecamatan" : "Ulumunda",
  "kelurahan" : "Sulai",
  "kodepos" : "91453"
}, {
  "kecamatan" : "Ulumunda",
  "kelurahan" : "Tandeallo",
  "kodepos" : "91453"
}, {
  "kecamatan" : "Malunda",
  "kelurahan" : "Salutahongan",
  "kodepos" : "91453"
}, {
  "kecamatan" : "Ulumunda",
  "kelurahan" : "Popenga",
  "kodepos" : "91453"
}, {
  "kecamatan" : "Ulumunda",
  "kelurahan" : "Salutambung",
  "kodepos" : "91453"
}, {
  "kecamatan" : "Malunda",
  "kelurahan" : "Mekkatta Selatan",
  "kodepos" : "91453"
}, {
  "kecamatan" : "Ulumunda",
  "kelurahan" : "Panggalo",
  "kodepos" : "91453"
}, {
  "kecamatan" : "Malunda",
  "kelurahan" : "Maliaya",
  "kodepos" : "91453"
}, {
  "kecamatan" : "Malunda",
  "kelurahan" : "Malunda",
  "kodepos" : "91453"
}, {
  "kecamatan" : "Malunda",
  "kelurahan" : "Mekkatta",
  "kodepos" : "91453"
}, {
  "kecamatan" : "Malunda",
  "kelurahan" : "Lombong",
  "kodepos" : "91453"
}, {
  "kecamatan" : "Malunda",
  "kelurahan" : "Lombong Timur",
  "kodepos" : "91453"
}, {
  "kecamatan" : "Malunda",
  "kelurahan" : "Lamungang Batu",
  "kodepos" : "91453"
}, {
  "kecamatan" : "Malunda",
  "kelurahan" : "Lombang",
  "kodepos" : "91453"
}, {
  "kecamatan" : "Malunda",
  "kelurahan" : "Lombang Timur",
  "kodepos" : "91453"
}, {
  "kecamatan" : "Ulumunda",
  "kelurahan" : "Kabiraan",
  "kodepos" : "91453"
}, {
  "kecamatan" : "Malunda",
  "kelurahan" : "Kayuangin",
  "kodepos" : "91453"
}, {
  "kecamatan" : "Malunda",
  "kelurahan" : "Bambangan",
  "kodepos" : "91453"
}, {
  "kecamatan" : "Tubo (Tubo Sendana)",
  "kelurahan" : "Tubo Tengah",
  "kodepos" : "91452"
}, {
  "kecamatan" : "Tammeredo Sendana",
  "kelurahan" : "Ulidang",
  "kodepos" : "91452"
}, {
  "kecamatan" : "Tubo (Tubo Sendana)",
  "kelurahan" : "Tubo Poang",
  "kodepos" : "91452"
}, {
  "kecamatan" : "Tubo (Tubo Sendana)",
  "kelurahan" : "Tubo Selatan",
  "kodepos" : "91452"
}, {
  "kecamatan" : "Tubo (Tubo Sendana)",
  "kelurahan" : "Tubo",
  "kodepos" : "91452"
}, {
  "kecamatan" : "Tammeredo Sendana",
  "kelurahan" : "Tammerodo Utara",
  "kodepos" : "91452"
}, {
  "kecamatan" : "Tammeredo Sendana",
  "kelurahan" : "Tammerodo",
  "kodepos" : "91452"
}, {
  "kecamatan" : "Sendana",
  "kelurahan" : "Tallum Banua",
  "kodepos" : "91452"
}, {
  "kecamatan" : "Tammeredo Sendana",
  "kelurahan" : "Tallambalao",
  "kodepos" : "91452"
}, {
  "kecamatan" : "Sendana",
  "kelurahan" : "Tallubanua Utara",
  "kodepos" : "91452"
}, {
  "kecamatan" : "Tammeredo Sendana",
  "kelurahan" : "Seppong",
  "kodepos" : "91452"
}, {
  "kecamatan" : "Sendana",
  "kelurahan" : "Sendana",
  "kodepos" : "91452"
}, {
  "kecamatan" : "Sendana",
  "kelurahan" : "Sendana",
  "kodepos" : "91452"
}, {
  "kecamatan" : "Sendana",
  "kelurahan" : "Pundau",
  "kodepos" : "91452"
}, {
  "kecamatan" : "Sendana",
  "kelurahan" : "Puttada",
  "kodepos" : "91452"
}, {
  "kecamatan" : "Tubo (Tubo Sendana)",
  "kelurahan" : "Onang Utara",
  "kodepos" : "91452"
}, {
  "kecamatan" : "Sendana",
  "kelurahan" : "Paminggalan",
  "kodepos" : "91452"
}, {
  "kecamatan" : "Tubo (Tubo Sendana)",
  "kelurahan" : "Onang Selatan",
  "kodepos" : "91452"
}, {
  "kecamatan" : "Sendana",
  "kelurahan" : "Mosso Dua",
  "kodepos" : "91452"
}, {
  "kecamatan" : "Sendana",
  "kelurahan" : "Mosso",
  "kodepos" : "91452"
}, {
  "kecamatan" : "Tammeredo Sendana",
  "kelurahan" : "Manyamba",
  "kodepos" : "91452"
}, {
  "kecamatan" : "Sendana",
  "kelurahan" : "Limboro Rambu-Rambu",
  "kodepos" : "91452"
}, {
  "kecamatan" : "Sendana",
  "kelurahan" : "Limbua",
  "kodepos" : "91452"
}, {
  "kecamatan" : "Sendana",
  "kelurahan" : "Lalatedzong",
  "kodepos" : "91452"
}, {
  "kecamatan" : "Sendana",
  "kelurahan" : "Leppangang",
  "kodepos" : "91452"
}, {
  "kecamatan" : "Sendana",
  "kelurahan" : "Bukit Samang",
  "kodepos" : "91452"
}, {
  "kecamatan" : "Tubo (Tubo Sendana)",
  "kelurahan" : "Bonde Bonde",
  "kodepos" : "91452"
}, {
  "kecamatan" : "Sendana",
  "kelurahan" : "Binanga",
  "kodepos" : "91452"
}, {
  "kecamatan" : "Sendana",
  "kelurahan" : "Banua Sendana",
  "kodepos" : "91452"
}, {
  "kecamatan" : "Pamboang",
  "kelurahan" : "Tinambung",
  "kodepos" : "91451"
}, {
  "kecamatan" : "Tammeredo Sendana",
  "kelurahan" : "Awo",
  "kodepos" : "91452"
}, {
  "kecamatan" : "Pamboang",
  "kelurahan" : "Simbang",
  "kodepos" : "91451"
}, {
  "kecamatan" : "Pamboang",
  "kelurahan" : "Sirindu",
  "kodepos" : "91451"
}, {
  "kecamatan" : "Pamboang",
  "kelurahan" : "Lalampanua",
  "kodepos" : "91451"
}, {
  "kecamatan" : "Pamboang",
  "kelurahan" : "Pesuloang",
  "kodepos" : "91451"
}, {
  "kecamatan" : "Pamboang",
  "kelurahan" : "Bonde Utara",
  "kodepos" : "91451"
}, {
  "kecamatan" : "Pamboang",
  "kelurahan" : "Buttu Pamboang",
  "kodepos" : "91451"
}, {
  "kecamatan" : "Pamboang",
  "kelurahan" : "Bonde",
  "kodepos" : "91451"
}, {
  "kecamatan" : "Pamboang",
  "kelurahan" : "Betteng",
  "kodepos" : "91451"
}, {
  "kecamatan" : "Pamboang",
  "kelurahan" : "Bababulo Utara",
  "kodepos" : "91451"
}, {
  "kecamatan" : "Pamboang",
  "kelurahan" : "Balombong",
  "kodepos" : "91451"
}, {
  "kecamatan" : "Pamboang",
  "kelurahan" : "Banua Adolang",
  "kodepos" : "91451"
}, {
  "kecamatan" : "Pamboang",
  "kelurahan" : "Bababulo",
  "kodepos" : "91451"
}, {
  "kecamatan" : "Pamboang",
  "kelurahan" : "Adolang",
  "kodepos" : "91451"
}, {
  "kecamatan" : "Pamboang",
  "kelurahan" : "Adolang Dhua",
  "kodepos" : "91451"
}, {
  "kecamatan" : "Banggae",
  "kelurahan" : "Rangas",
  "kodepos" : "91415"
}, {
  "kecamatan" : "Banggae",
  "kelurahan" : "Totoli",
  "kodepos" : "91415"
}, {
  "kecamatan" : "Banggae",
  "kelurahan" : "Palipi Soreang",
  "kodepos" : "91415"
}, {
  "kecamatan" : "Banggae",
  "kelurahan" : "Pamboborang",
  "kodepos" : "91415"
}, {
  "kecamatan" : "Banggae",
  "kelurahan" : "Baru",
  "kodepos" : "91415"
}, {
  "kecamatan" : "Banggae Timur",
  "kelurahan" : "Baruga",
  "kodepos" : "91414"
}, {
  "kecamatan" : "Banggae Timur",
  "kelurahan" : "Tande Timur",
  "kodepos" : "91413"
}, {
  "kecamatan" : "Banggae Timur",
  "kelurahan" : "Tande",
  "kodepos" : "91413"
}, {
  "kecamatan" : "Banggae Timur",
  "kelurahan" : "Lembang",
  "kodepos" : "91413"
}, {
  "kecamatan" : "Banggae Timur",
  "kelurahan" : "Buttu Baruga",
  "kodepos" : "91413"
}, {
  "kecamatan" : "Banggae Timur",
  "kelurahan" : "Labuang Utara",
  "kodepos" : "91413"
}, {
  "kecamatan" : "Banggae Timur",
  "kelurahan" : "Labuang",
  "kodepos" : "91412"
}, {
  "kecamatan" : "Banggae",
  "kelurahan" : "Galung",
  "kodepos" : "91411"
}, {
  "kecamatan" : "Banggae",
  "kelurahan" : "Pangali-Ali",
  "kodepos" : "91411"
}, {
  "kecamatan" : "Banggae",
  "kelurahan" : "Pangali-Ali",
  "kodepos" : "91411"
}, {
  "kecamatan" : "Banggae Timur",
  "kelurahan" : "Baruga Dua",
  "kodepos" : "91411"
}, {
  "kecamatan" : "Banggae",
  "kelurahan" : "Banggae",
  "kodepos" : "91411"
} ]
