[ {
  "kecamatan" : "Angkona",
  "kelurahan" : "Watangpanua",
  "kodepos" : "92985"
}, {
  "kecamatan" : "Angkona",
  "kelurahan" : "Wanasari",
  "kodepos" : "92985"
}, {
  "kecamatan" : "Angkona",
  "kelurahan" : "Tawakua",
  "kodepos" : "92985"
}, {
  "kecamatan" : "Angkona",
  "kelurahan" : "Taripa",
  "kodepos" : "92985"
}, {
  "kecamatan" : "Angkona",
  "kelurahan" : "Solo",
  "kodepos" : "92985"
}, {
  "kecamatan" : "Angkona",
  "kelurahan" : "Tampinna",
  "kodepos" : "92985"
}, {
  "kecamatan" : "Angkona",
  "kelurahan" : "Maliwowo",
  "kodepos" : "92985"
}, {
  "kecamatan" : "Angkona",
  "kelurahan" : "Mantadulu",
  "kodepos" : "92985"
}, {
  "kecamatan" : "Angkona",
  "kelurahan" : "Balirejo",
  "kodepos" : "92985"
}, {
  "kecamatan" : "Angkona",
  "kelurahan" : "Lamaeto",
  "kodepos" : "92985"
}, {
  "kecamatan" : "Wasuponda",
  "kelurahan" : "Tabarano",
  "kodepos" : "92983"
}, {
  "kecamatan" : "Wasuponda",
  "kelurahan" : "Wasuponda",
  "kodepos" : "92983"
}, {
  "kecamatan" : "Wasuponda",
  "kelurahan" : "Parumpanai",
  "kodepos" : "92983"
}, {
  "kecamatan" : "Nuha",
  "kelurahan" : "Soroako/Soroaku",
  "kodepos" : "92983"
}, {
  "kecamatan" : "Nuha",
  "kelurahan" : "Nikkel/Nekkel",
  "kodepos" : "92983"
}, {
  "kecamatan" : "Nuha",
  "kelurahan" : "Nuha",
  "kodepos" : "92983"
}, {
  "kecamatan" : "Nuha",
  "kelurahan" : "Magani",
  "kodepos" : "92983"
}, {
  "kecamatan" : "Nuha",
  "kelurahan" : "Matano",
  "kodepos" : "92983"
}, {
  "kecamatan" : "Wasuponda",
  "kelurahan" : "Kawata",
  "kodepos" : "92983"
}, {
  "kecamatan" : "Wasuponda",
  "kelurahan" : "Ledu-Ledu",
  "kodepos" : "92983"
}, {
  "kecamatan" : "Towuti",
  "kelurahan" : "Wawondula",
  "kodepos" : "92982"
}, {
  "kecamatan" : "Wasuponda",
  "kelurahan" : "Balambano",
  "kodepos" : "92983"
}, {
  "kecamatan" : "Towuti",
  "kelurahan" : "Tokalimbo",
  "kodepos" : "92982"
}, {
  "kecamatan" : "Towuti",
  "kelurahan" : "Tole",
  "kodepos" : "92982"
}, {
  "kecamatan" : "Towuti",
  "kelurahan" : "Timampu",
  "kodepos" : "92982"
}, {
  "kecamatan" : "Towuti",
  "kelurahan" : "Matompi",
  "kodepos" : "92982"
}, {
  "kecamatan" : "Towuti",
  "kelurahan" : "Pekaloa",
  "kodepos" : "92982"
}, {
  "kecamatan" : "Towuti",
  "kelurahan" : "Rante Angin",
  "kodepos" : "92982"
}, {
  "kecamatan" : "Towuti",
  "kelurahan" : "Mahalona",
  "kodepos" : "92982"
}, {
  "kecamatan" : "Towuti",
  "kelurahan" : "Masiku",
  "kodepos" : "92982"
}, {
  "kecamatan" : "Towuti",
  "kelurahan" : "Lioka",
  "kodepos" : "92982"
}, {
  "kecamatan" : "Towuti",
  "kelurahan" : "Loeha",
  "kodepos" : "92982"
}, {
  "kecamatan" : "Towuti",
  "kelurahan" : "Langkea Raya",
  "kodepos" : "92982"
}, {
  "kecamatan" : "Towuti",
  "kelurahan" : "Libukan Mandiri",
  "kodepos" : "92982"
}, {
  "kecamatan" : "Towuti",
  "kelurahan" : "Baruga",
  "kodepos" : "92982"
}, {
  "kecamatan" : "Towuti",
  "kelurahan" : "Buangin",
  "kodepos" : "92982"
}, {
  "kecamatan" : "Towuti",
  "kelurahan" : "Kalosi",
  "kodepos" : "92982"
}, {
  "kecamatan" : "Towuti",
  "kelurahan" : "Bantilang",
  "kodepos" : "92982"
}, {
  "kecamatan" : "Towuti",
  "kelurahan" : "Asuli",
  "kodepos" : "92982"
}, {
  "kecamatan" : "Malili",
  "kelurahan" : "Tarabbi",
  "kodepos" : "92981"
}, {
  "kecamatan" : "Malili",
  "kelurahan" : "Manurung",
  "kodepos" : "92981"
}, {
  "kecamatan" : "Malili",
  "kelurahan" : "Pongkeru",
  "kodepos" : "92981"
}, {
  "kecamatan" : "Malili",
  "kelurahan" : "Harapan",
  "kodepos" : "92981"
}, {
  "kecamatan" : "Malili",
  "kelurahan" : "Lakawali",
  "kodepos" : "92981"
}, {
  "kecamatan" : "Malili",
  "kelurahan" : "Atue",
  "kodepos" : "92981"
}, {
  "kecamatan" : "Burau",
  "kelurahan" : "Mabonta",
  "kodepos" : "92975"
}, {
  "kecamatan" : "Burau",
  "kelurahan" : "Lewonu",
  "kodepos" : "92975"
}, {
  "kecamatan" : "Burau",
  "kelurahan" : "Lumbewe",
  "kodepos" : "92975"
}, {
  "kecamatan" : "Burau",
  "kelurahan" : "Laro",
  "kodepos" : "92975"
}, {
  "kecamatan" : "Burau",
  "kelurahan" : "Lauwo",
  "kodepos" : "92975"
}, {
  "kecamatan" : "Burau",
  "kelurahan" : "Lambarese",
  "kodepos" : "92975"
}, {
  "kecamatan" : "Burau",
  "kelurahan" : "Lanosi",
  "kodepos" : "92975"
}, {
  "kecamatan" : "Burau",
  "kelurahan" : "Kalatiri",
  "kodepos" : "92975"
}, {
  "kecamatan" : "Burau",
  "kelurahan" : "Lagego",
  "kodepos" : "92975"
}, {
  "kecamatan" : "Burau",
  "kelurahan" : "Cendana",
  "kodepos" : "92975"
}, {
  "kecamatan" : "Burau",
  "kelurahan" : "Harapan",
  "kodepos" : "92975"
}, {
  "kecamatan" : "Burau",
  "kelurahan" : "Jalajja",
  "kodepos" : "92975"
}, {
  "kecamatan" : "Burau",
  "kelurahan" : "Burau Pantai",
  "kodepos" : "92975"
}, {
  "kecamatan" : "Burau",
  "kelurahan" : "Bonepute",
  "kodepos" : "92975"
}, {
  "kecamatan" : "Burau",
  "kelurahan" : "Burau",
  "kodepos" : "92975"
}, {
  "kecamatan" : "Burau",
  "kelurahan" : "Burau",
  "kodepos" : "92975"
}, {
  "kecamatan" : "Burau",
  "kelurahan" : "Batu Putih",
  "kodepos" : "92975"
}, {
  "kecamatan" : "Mangkutana",
  "kelurahan" : "Wonorejo Timur",
  "kodepos" : "92973"
}, {
  "kecamatan" : "Burau",
  "kelurahan" : "Asana",
  "kodepos" : "92975"
}, {
  "kecamatan" : "Mangkutana",
  "kelurahan" : "Teromu",
  "kodepos" : "92973"
}, {
  "kecamatan" : "Mangkutana",
  "kelurahan" : "Wonorejo",
  "kodepos" : "92973"
}, {
  "kecamatan" : "Kalaena",
  "kelurahan" : "Sumber Makmur",
  "kodepos" : "92973"
}, {
  "kecamatan" : "Mangkutana",
  "kelurahan" : "Sindu Agung",
  "kodepos" : "92973"
}, {
  "kecamatan" : "Kalaena",
  "kelurahan" : "Pertasi Kencana",
  "kodepos" : "92973"
}, {
  "kecamatan" : "Kalaena",
  "kelurahan" : "Sumber Agung",
  "kodepos" : "92973"
}, {
  "kecamatan" : "Kalaena",
  "kelurahan" : "Non Blok",
  "kodepos" : "92973"
}, {
  "kecamatan" : "Mangkutana",
  "kelurahan" : "Panca Karsa",
  "kodepos" : "92973"
}, {
  "kecamatan" : "Kalaena",
  "kelurahan" : "Mekar Sari",
  "kodepos" : "92973"
}, {
  "kecamatan" : "Mangkutana",
  "kelurahan" : "Margolembo",
  "kodepos" : "92973"
}, {
  "kecamatan" : "Mangkutana",
  "kelurahan" : "Koroncia",
  "kodepos" : "92973"
}, {
  "kecamatan" : "Mangkutana",
  "kelurahan" : "Maleku",
  "kodepos" : "92973"
}, {
  "kecamatan" : "Mangkutana",
  "kelurahan" : "Manggala",
  "kodepos" : "92973"
}, {
  "kecamatan" : "Kalaena",
  "kelurahan" : "Kalaena Kiri",
  "kodepos" : "92973"
}, {
  "kecamatan" : "Mangkutana",
  "kelurahan" : "Kasintuwu",
  "kodepos" : "92973"
}, {
  "kecamatan" : "Kalaena",
  "kelurahan" : "Argomulyo",
  "kodepos" : "92973"
}, {
  "kecamatan" : "Kalaena",
  "kelurahan" : "Argomulyo",
  "kodepos" : "92973"
}, {
  "kecamatan" : "Tomoni",
  "kelurahan" : "Ujung Baru",
  "kodepos" : "92972"
}, {
  "kecamatan" : "Tomoni",
  "kelurahan" : "Tadulako",
  "kodepos" : "92972"
}, {
  "kecamatan" : "Tomoni",
  "kelurahan" : "Tomoni",
  "kodepos" : "92972"
}, {
  "kecamatan" : "Tomoni",
  "kelurahan" : "Rante Mario",
  "kodepos" : "92972"
}, {
  "kecamatan" : "Tomoni",
  "kelurahan" : "Sumber Alam",
  "kodepos" : "92972"
}, {
  "kecamatan" : "Tomoni Timur",
  "kelurahan" : "Patengko/Pattengko",
  "kodepos" : "92972"
}, {
  "kecamatan" : "Tomoni Timur",
  "kelurahan" : "Purwosari",
  "kodepos" : "92972"
}, {
  "kecamatan" : "Tomoni",
  "kelurahan" : "Mulyasari",
  "kodepos" : "92972"
}, {
  "kecamatan" : "Tomoni Timur",
  "kelurahan" : "Margomulyo",
  "kodepos" : "92972"
}, {
  "kecamatan" : "Tomoni",
  "kelurahan" : "Mandiri",
  "kodepos" : "92972"
}, {
  "kecamatan" : "Tomoni Timur",
  "kelurahan" : "Manunggal",
  "kodepos" : "92972"
}, {
  "kecamatan" : "Tomoni",
  "kelurahan" : "Lestari",
  "kodepos" : "92972"
}, {
  "kecamatan" : "Tomoni",
  "kelurahan" : "Kalpataru",
  "kodepos" : "92972"
}, {
  "kecamatan" : "Tomoni Timur",
  "kelurahan" : "Cendana Hitam Timur",
  "kodepos" : "92972"
}, {
  "kecamatan" : "Tomoni Timur",
  "kelurahan" : "Kertoraharjo (Kertaraharjo)",
  "kodepos" : "92972"
}, {
  "kecamatan" : "Tomoni",
  "kelurahan" : "Beringin Jaya",
  "kodepos" : "92972"
}, {
  "kecamatan" : "Tomoni Timur",
  "kelurahan" : "Cendana Hitam",
  "kodepos" : "92972"
}, {
  "kecamatan" : "Tomoni",
  "kelurahan" : "Bayondo",
  "kodepos" : "92972"
}, {
  "kecamatan" : "Tomoni",
  "kelurahan" : "Bangun Karya",
  "kodepos" : "92972"
}, {
  "kecamatan" : "Tomoni",
  "kelurahan" : "Bangun Jaya",
  "kodepos" : "92972"
}, {
  "kecamatan" : "Tomoni Timur",
  "kelurahan" : "Alam Buana",
  "kodepos" : "92972"
}, {
  "kecamatan" : "Wotu",
  "kelurahan" : "Tarengge Timur",
  "kodepos" : "92971"
}, {
  "kecamatan" : "Wotu",
  "kelurahan" : "Tarengge",
  "kodepos" : "92971"
}, {
  "kecamatan" : "Wotu",
  "kelurahan" : "Rinjani",
  "kodepos" : "92971"
}, {
  "kecamatan" : "Wotu",
  "kelurahan" : "Tabaroge",
  "kodepos" : "92971"
}, {
  "kecamatan" : "Wotu",
  "kelurahan" : "Maramba",
  "kodepos" : "92971"
}, {
  "kecamatan" : "Wotu",
  "kelurahan" : "Pepuro Barat",
  "kodepos" : "92971"
}, {
  "kecamatan" : "Wotu",
  "kelurahan" : "Lampenai",
  "kodepos" : "92971"
}, {
  "kecamatan" : "Wotu",
  "kelurahan" : "Lera",
  "kodepos" : "92971"
}, {
  "kecamatan" : "Wotu",
  "kelurahan" : "Madani",
  "kodepos" : "92971"
}, {
  "kecamatan" : "Wotu",
  "kelurahan" : "Korombua",
  "kodepos" : "92971"
}, {
  "kecamatan" : "Wotu",
  "kelurahan" : "Kalaena",
  "kodepos" : "92971"
}, {
  "kecamatan" : "Wotu",
  "kelurahan" : "Kanawatu",
  "kodepos" : "92971"
}, {
  "kecamatan" : "Wotu",
  "kelurahan" : "Bawalipu",
  "kodepos" : "92971"
}, {
  "kecamatan" : "Wotu",
  "kelurahan" : "Cendana Hijau",
  "kodepos" : "92971"
}, {
  "kecamatan" : "Wotu",
  "kelurahan" : "Bahari",
  "kodepos" : "92971"
}, {
  "kecamatan" : "Wotu",
  "kelurahan" : "Balobalo",
  "kodepos" : "92971"
}, {
  "kecamatan" : "Malili",
  "kelurahan" : "Ussu",
  "kodepos" : "92937"
}, {
  "kecamatan" : "Malili",
  "kelurahan" : "Laskap",
  "kodepos" : "92935"
}, {
  "kecamatan" : "Malili",
  "kelurahan" : "Puncak Indah",
  "kodepos" : "92936"
}, {
  "kecamatan" : "Malili",
  "kelurahan" : "Balantang",
  "kodepos" : "92933"
}, {
  "kecamatan" : "Malili",
  "kelurahan" : "Baruga",
  "kodepos" : "92932"
}, {
  "kecamatan" : "Malili",
  "kelurahan" : "Wewangriu",
  "kodepos" : "91981"
}, {
  "kecamatan" : "Malili",
  "kelurahan" : "Malili",
  "kodepos" : "91981"
}, {
  "kecamatan" : "Malili",
  "kelurahan" : "Pasipasi",
  "kodepos" : "91981"
}, {
  "kecamatan" : "Malili",
  "kelurahan" : "Lakawali Pantai",
  "kodepos" : "91981"
} ]
