[ {
  "kecamatan" : "Girimulyo",
  "kelurahan" : "Purwosari",
  "kodepos" : "55674"
}, {
  "kecamatan" : "Girimulyo",
  "kelurahan" : "Pendoworejo",
  "kodepos" : "55674"
}, {
  "kecamatan" : "Girimulyo",
  "kelurahan" : "Giripurwo",
  "kodepos" : "55674"
}, {
  "kecamatan" : "Girimulyo",
  "kelurahan" : "Jatimulyo",
  "kodepos" : "55674"
}, {
  "kecamatan" : "Samigaluh",
  "kelurahan" : "Purwoharjo",
  "kodepos" : "55673"
}, {
  "kecamatan" : "Samigaluh",
  "kelurahan" : "Sidoharjo",
  "kodepos" : "55673"
}, {
  "kecamatan" : "Samigaluh",
  "kelurahan" : "Ngargosari",
  "kodepos" : "55673"
}, {
  "kecamatan" : "Samigaluh",
  "kelurahan" : "Pagerharjo",
  "kodepos" : "55673"
}, {
  "kecamatan" : "Samigaluh",
  "kelurahan" : "Gerbosari",
  "kodepos" : "55673"
}, {
  "kecamatan" : "Samigaluh",
  "kelurahan" : "Kebon Harjo",
  "kodepos" : "55673"
}, {
  "kecamatan" : "Kalibawang",
  "kelurahan" : "Banjaroyo",
  "kodepos" : "55672"
}, {
  "kecamatan" : "Samigaluh",
  "kelurahan" : "Banjarsari",
  "kodepos" : "55673"
}, {
  "kecamatan" : "Kalibawang",
  "kelurahan" : "Banjarasri",
  "kodepos" : "55672"
}, {
  "kecamatan" : "Kalibawang",
  "kelurahan" : "Banjarharjo",
  "kodepos" : "55672"
}, {
  "kecamatan" : "Kalibawang",
  "kelurahan" : "Banjararum",
  "kodepos" : "55672"
}, {
  "kecamatan" : "Nanggulan",
  "kelurahan" : "Wijimulyo",
  "kodepos" : "55671"
}, {
  "kecamatan" : "Nanggulan",
  "kelurahan" : "Kembang",
  "kodepos" : "55671"
}, {
  "kecamatan" : "Nanggulan",
  "kelurahan" : "Tanjungharjo",
  "kodepos" : "55671"
}, {
  "kecamatan" : "Nanggulan",
  "kelurahan" : "Donomulyo",
  "kodepos" : "55671"
}, {
  "kecamatan" : "Nanggulan",
  "kelurahan" : "Jati Sarono",
  "kodepos" : "55671"
}, {
  "kecamatan" : "Sentolo",
  "kelurahan" : "Tuksono",
  "kodepos" : "55664"
}, {
  "kecamatan" : "Nanggulan",
  "kelurahan" : "Banyuroto",
  "kodepos" : "55671"
}, {
  "kecamatan" : "Sentolo",
  "kelurahan" : "Sukoreno",
  "kodepos" : "55664"
}, {
  "kecamatan" : "Sentolo",
  "kelurahan" : "Sentolo",
  "kodepos" : "55664"
}, {
  "kecamatan" : "Sentolo",
  "kelurahan" : "Srikayangan",
  "kodepos" : "55664"
}, {
  "kecamatan" : "Sentolo",
  "kelurahan" : "Kaliagung",
  "kodepos" : "55664"
}, {
  "kecamatan" : "Sentolo",
  "kelurahan" : "Salamrejo",
  "kodepos" : "55664"
}, {
  "kecamatan" : "Sentolo",
  "kelurahan" : "Demangrejo",
  "kodepos" : "55664"
}, {
  "kecamatan" : "Sentolo",
  "kelurahan" : "Banguncipto",
  "kodepos" : "55664"
}, {
  "kecamatan" : "Lendah",
  "kelurahan" : "Sidorejo",
  "kodepos" : "55663"
}, {
  "kecamatan" : "Lendah",
  "kelurahan" : "Wahyuharjo",
  "kodepos" : "55663"
}, {
  "kecamatan" : "Lendah",
  "kelurahan" : "Gulurejo",
  "kodepos" : "55663"
}, {
  "kecamatan" : "Lendah",
  "kelurahan" : "Jatirejo",
  "kodepos" : "55663"
}, {
  "kecamatan" : "Lendah",
  "kelurahan" : "Ngentakrejo",
  "kodepos" : "55663"
}, {
  "kecamatan" : "Galur",
  "kelurahan" : "Tirta Rahayu",
  "kodepos" : "55661"
}, {
  "kecamatan" : "Lendah",
  "kelurahan" : "Bumirejo",
  "kodepos" : "55663"
}, {
  "kecamatan" : "Galur",
  "kelurahan" : "Pandowan",
  "kodepos" : "55661"
}, {
  "kecamatan" : "Galur",
  "kelurahan" : "Karang Sewu",
  "kodepos" : "55661"
}, {
  "kecamatan" : "Galur",
  "kelurahan" : "Kranggan",
  "kodepos" : "55661"
}, {
  "kecamatan" : "Galur",
  "kelurahan" : "Nomporejo",
  "kodepos" : "55661"
}, {
  "kecamatan" : "Galur",
  "kelurahan" : "Brosot",
  "kodepos" : "55661"
}, {
  "kecamatan" : "Panjatan",
  "kelurahan" : "Tayuban",
  "kodepos" : "55655"
}, {
  "kecamatan" : "Galur",
  "kelurahan" : "Banaran",
  "kodepos" : "55661"
}, {
  "kecamatan" : "Panjatan",
  "kelurahan" : "Pleret",
  "kodepos" : "55655"
}, {
  "kecamatan" : "Panjatan",
  "kelurahan" : "Panjatan",
  "kodepos" : "55655"
}, {
  "kecamatan" : "Panjatan",
  "kelurahan" : "Gotakan",
  "kodepos" : "55655"
}, {
  "kecamatan" : "Panjatan",
  "kelurahan" : "Kanoman",
  "kodepos" : "55655"
}, {
  "kecamatan" : "Panjatan",
  "kelurahan" : "Krembangan",
  "kodepos" : "55655"
}, {
  "kecamatan" : "Panjatan",
  "kelurahan" : "Depok",
  "kodepos" : "55655"
}, {
  "kecamatan" : "Panjatan",
  "kelurahan" : "Garongan",
  "kodepos" : "55655"
}, {
  "kecamatan" : "Panjatan",
  "kelurahan" : "Bugel",
  "kodepos" : "55655"
}, {
  "kecamatan" : "Panjatan",
  "kelurahan" : "Cerme",
  "kodepos" : "55655"
}, {
  "kecamatan" : "Panjatan",
  "kelurahan" : "Bojong",
  "kodepos" : "55655"
}, {
  "kecamatan" : "Temon",
  "kelurahan" : "Temon Kulon",
  "kodepos" : "55654"
}, {
  "kecamatan" : "Temon",
  "kelurahan" : "Temon Wetan",
  "kodepos" : "55654"
}, {
  "kecamatan" : "Temon",
  "kelurahan" : "Plumbon",
  "kodepos" : "55654"
}, {
  "kecamatan" : "Temon",
  "kelurahan" : "Sindutan",
  "kodepos" : "55654"
}, {
  "kecamatan" : "Temon",
  "kelurahan" : "Kedundang",
  "kodepos" : "55654"
}, {
  "kecamatan" : "Temon",
  "kelurahan" : "Kulur",
  "kodepos" : "55654"
}, {
  "kecamatan" : "Temon",
  "kelurahan" : "Palihan",
  "kodepos" : "55654"
}, {
  "kecamatan" : "Temon",
  "kelurahan" : "Karang Wuluh",
  "kodepos" : "55654"
}, {
  "kecamatan" : "Temon",
  "kelurahan" : "Kebonrejo",
  "kodepos" : "55654"
}, {
  "kecamatan" : "Temon",
  "kelurahan" : "Kali Dengen",
  "kodepos" : "55654"
}, {
  "kecamatan" : "Temon",
  "kelurahan" : "Kaligintung",
  "kodepos" : "55654"
}, {
  "kecamatan" : "Temon",
  "kelurahan" : "Glagah",
  "kodepos" : "55654"
}, {
  "kecamatan" : "Temon",
  "kelurahan" : "Jangkaran",
  "kodepos" : "55654"
}, {
  "kecamatan" : "Temon",
  "kelurahan" : "Janten",
  "kodepos" : "55654"
}, {
  "kecamatan" : "Kokap",
  "kelurahan" : "Kalirejo",
  "kodepos" : "55653"
}, {
  "kecamatan" : "Temon",
  "kelurahan" : "Demen",
  "kodepos" : "55654"
}, {
  "kecamatan" : "Kokap",
  "kelurahan" : "Hargotirto",
  "kodepos" : "55653"
}, {
  "kecamatan" : "Kokap",
  "kelurahan" : "Hargowilis",
  "kodepos" : "55653"
}, {
  "kecamatan" : "Kokap",
  "kelurahan" : "Hargomulyo",
  "kodepos" : "55653"
}, {
  "kecamatan" : "Kokap",
  "kelurahan" : "Hargorejo",
  "kodepos" : "55653"
}, {
  "kecamatan" : "Pengasih",
  "kelurahan" : "Sidomulyo",
  "kodepos" : "55652"
}, {
  "kecamatan" : "Pengasih",
  "kelurahan" : "Tawangsari",
  "kodepos" : "55652"
}, {
  "kecamatan" : "Pengasih",
  "kelurahan" : "Sendangsari",
  "kodepos" : "55652"
}, {
  "kecamatan" : "Pengasih",
  "kelurahan" : "Margosari",
  "kodepos" : "55652"
}, {
  "kecamatan" : "Pengasih",
  "kelurahan" : "Sendangsari",
  "kodepos" : "55652"
}, {
  "kecamatan" : "Pengasih",
  "kelurahan" : "Karangsari",
  "kodepos" : "55652"
}, {
  "kecamatan" : "Pengasih",
  "kelurahan" : "Kedungsari",
  "kodepos" : "55652"
}, {
  "kecamatan" : "Wates",
  "kelurahan" : "Triharjo",
  "kodepos" : "55651"
}, {
  "kecamatan" : "Wates",
  "kelurahan" : "Wates",
  "kodepos" : "55651"
}, {
  "kecamatan" : "Wates",
  "kelurahan" : "Ngestiharjo",
  "kodepos" : "55651"
}, {
  "kecamatan" : "Wates",
  "kelurahan" : "Sogan",
  "kodepos" : "55651"
}, {
  "kecamatan" : "Wates",
  "kelurahan" : "Karang Wuni",
  "kodepos" : "55651"
}, {
  "kecamatan" : "Wates",
  "kelurahan" : "Kulwaru",
  "kodepos" : "55651"
}, {
  "kecamatan" : "Wates",
  "kelurahan" : "Giri Peni",
  "kodepos" : "55651"
}, {
  "kecamatan" : "Wates",
  "kelurahan" : "Bendungan",
  "kodepos" : "55651"
} ]
