[ {
  "kecamatan" : "Sibulue",
  "kelurahan" : "Tunreng Tellue",
  "kodepos" : "92781"
}, {
  "kecamatan" : "Sibulue",
  "kelurahan" : "Sumpang Minangae",
  "kodepos" : "92781"
}, {
  "kecamatan" : "Sibulue",
  "kelurahan" : "Tadang Palie",
  "kodepos" : "92781"
}, {
  "kecamatan" : "Sibulue",
  "kelurahan" : "Pattiro Sompe",
  "kodepos" : "92781"
}, {
  "kecamatan" : "Sibulue",
  "kelurahan" : "Polewali",
  "kodepos" : "92781"
}, {
  "kecamatan" : "Sibulue",
  "kelurahan" : "Pattiro Bajo",
  "kodepos" : "92781"
}, {
  "kecamatan" : "Sibulue",
  "kelurahan" : "Pattiro Riolo",
  "kodepos" : "92781"
}, {
  "kecamatan" : "Sibulue",
  "kelurahan" : "Pakkasalo",
  "kodepos" : "92781"
}, {
  "kecamatan" : "Sibulue",
  "kelurahan" : "Pasaka",
  "kodepos" : "92781"
}, {
  "kecamatan" : "Sibulue",
  "kelurahan" : "Manajeng",
  "kodepos" : "92781"
}, {
  "kecamatan" : "Sibulue",
  "kelurahan" : "Maroanging",
  "kodepos" : "92781"
}, {
  "kecamatan" : "Sibulue",
  "kelurahan" : "Massenrengpulu",
  "kodepos" : "92781"
}, {
  "kecamatan" : "Sibulue",
  "kelurahan" : "Malluse Tasi",
  "kodepos" : "92781"
}, {
  "kecamatan" : "Sibulue",
  "kelurahan" : "Lette Tanah",
  "kodepos" : "92781"
}, {
  "kecamatan" : "Sibulue",
  "kelurahan" : "Mabbiring",
  "kodepos" : "92781"
}, {
  "kecamatan" : "Sibulue",
  "kelurahan" : "Cinnong",
  "kodepos" : "92781"
}, {
  "kecamatan" : "Sibulue",
  "kelurahan" : "Kalibong",
  "kodepos" : "92781"
}, {
  "kecamatan" : "Sibulue",
  "kelurahan" : "Balieng Toa",
  "kodepos" : "92781"
}, {
  "kecamatan" : "Sibulue",
  "kelurahan" : "Bulie",
  "kodepos" : "92781"
}, {
  "kecamatan" : "Sibulue",
  "kelurahan" : "Ajang Pulu",
  "kodepos" : "92781"
}, {
  "kecamatan" : "Awangpone",
  "kelurahan" : "Unra",
  "kodepos" : "92776"
}, {
  "kecamatan" : "Kajuara",
  "kelurahan" : "Waetuwo (Waetuo)",
  "kodepos" : "92776"
}, {
  "kecamatan" : "Kajuara",
  "kelurahan" : "Pude",
  "kodepos" : "92776"
}, {
  "kecamatan" : "Kajuara",
  "kelurahan" : "Raja",
  "kodepos" : "92776"
}, {
  "kecamatan" : "Kajuara",
  "kelurahan" : "Tarasu",
  "kodepos" : "92776"
}, {
  "kecamatan" : "Kajuara",
  "kelurahan" : "Padaelo",
  "kodepos" : "92776"
}, {
  "kecamatan" : "Kajuara",
  "kelurahan" : "Polewali",
  "kodepos" : "92776"
}, {
  "kecamatan" : "Awangpone",
  "kelurahan" : "Paccing",
  "kodepos" : "92776"
}, {
  "kecamatan" : "Kajuara",
  "kelurahan" : "Massangkae",
  "kodepos" : "92776"
}, {
  "kecamatan" : "Awangpone",
  "kelurahan" : "Mappalo Ulaweng",
  "kodepos" : "92776"
}, {
  "kecamatan" : "Awangpone",
  "kelurahan" : "Matuju",
  "kodepos" : "92776"
}, {
  "kecamatan" : "Kajuara",
  "kelurahan" : "Mallahae",
  "kodepos" : "92776"
}, {
  "kecamatan" : "Awangpone",
  "kelurahan" : "Mallari",
  "kodepos" : "92776"
}, {
  "kecamatan" : "Awangpone",
  "kelurahan" : "Lettekko",
  "kodepos" : "92776"
}, {
  "kecamatan" : "Awangpone",
  "kelurahan" : "Maccope",
  "kodepos" : "92776"
}, {
  "kecamatan" : "Awangpone",
  "kelurahan" : "Lappo Ase",
  "kodepos" : "92776"
}, {
  "kecamatan" : "Kajuara",
  "kelurahan" : "Lappa Bosse",
  "kodepos" : "92776"
}, {
  "kecamatan" : "Kajuara",
  "kelurahan" : "Lemo",
  "kodepos" : "92776"
}, {
  "kecamatan" : "Kajuara",
  "kelurahan" : "Kalero",
  "kodepos" : "92776"
}, {
  "kecamatan" : "Awangpone",
  "kelurahan" : "Kading",
  "kodepos" : "92776"
}, {
  "kecamatan" : "Awangpone",
  "kelurahan" : "Kajuara",
  "kodepos" : "92776"
}, {
  "kecamatan" : "Kajuara",
  "kelurahan" : "Gona",
  "kodepos" : "92776"
}, {
  "kecamatan" : "Awangpone",
  "kelurahan" : "Jaling",
  "kodepos" : "92776"
}, {
  "kecamatan" : "Awangpone",
  "kelurahan" : "Carebbu",
  "kodepos" : "92776"
}, {
  "kecamatan" : "Awangpone",
  "kelurahan" : "Cari Gading",
  "kodepos" : "92776"
}, {
  "kecamatan" : "Awangpone",
  "kelurahan" : "Cumpiga",
  "kodepos" : "92776"
}, {
  "kecamatan" : "Awangpone",
  "kelurahan" : "Bulumparee",
  "kodepos" : "92776"
}, {
  "kecamatan" : "Awangpone",
  "kelurahan" : "Cakke Bone",
  "kodepos" : "92776"
}, {
  "kecamatan" : "Kajuara",
  "kelurahan" : "Bulu Tanah",
  "kodepos" : "92776"
}, {
  "kecamatan" : "Awangpone",
  "kelurahan" : "Awo Lagading",
  "kodepos" : "92776"
}, {
  "kecamatan" : "Kajuara",
  "kelurahan" : "Awang Tangka",
  "kodepos" : "92776"
}, {
  "kecamatan" : "Kajuara",
  "kelurahan" : "Buareng",
  "kodepos" : "92776"
}, {
  "kecamatan" : "Kajuara",
  "kelurahan" : "Ancu",
  "kodepos" : "92776"
}, {
  "kecamatan" : "Kajuara",
  "kelurahan" : "Angkue / Angku",
  "kodepos" : "92776"
}, {
  "kecamatan" : "Kajuara",
  "kelurahan" : "Abbumpungeng",
  "kodepos" : "92776"
}, {
  "kecamatan" : "Awangpone",
  "kelurahan" : "Abbanuang",
  "kodepos" : "92776"
}, {
  "kecamatan" : "Salomekko",
  "kelurahan" : "Pancaitana",
  "kodepos" : "92775"
}, {
  "kecamatan" : "Salomekko",
  "kelurahan" : "Tebba",
  "kodepos" : "92775"
}, {
  "kecamatan" : "Salomekko",
  "kelurahan" : "Ulu Balang",
  "kodepos" : "92775"
}, {
  "kecamatan" : "Salomekko",
  "kelurahan" : "Mappatoba",
  "kodepos" : "92775"
}, {
  "kecamatan" : "Salomekko",
  "kelurahan" : "Manera",
  "kodepos" : "92775"
}, {
  "kecamatan" : "Salomekko",
  "kelurahan" : "Malimongeng",
  "kodepos" : "92775"
}, {
  "kecamatan" : "Salomekko",
  "kelurahan" : "Bellu",
  "kodepos" : "92775"
}, {
  "kecamatan" : "Salomekko",
  "kelurahan" : "Gattareng",
  "kodepos" : "92775"
}, {
  "kecamatan" : "Tonra",
  "kelurahan" : "Ujunge",
  "kodepos" : "92774"
}, {
  "kecamatan" : "Tonra",
  "kelurahan" : "Rappa",
  "kodepos" : "92774"
}, {
  "kecamatan" : "Tonra",
  "kelurahan" : "Samaenre",
  "kodepos" : "92774"
}, {
  "kecamatan" : "Tonra",
  "kelurahan" : "Libureng",
  "kodepos" : "92774"
}, {
  "kecamatan" : "Tonra",
  "kelurahan" : "Muara",
  "kodepos" : "92774"
}, {
  "kecamatan" : "Tonra",
  "kelurahan" : "Padatuo",
  "kodepos" : "92774"
}, {
  "kecamatan" : "Tonra",
  "kelurahan" : "Bulu-Bulu",
  "kodepos" : "92774"
}, {
  "kecamatan" : "Tonra",
  "kelurahan" : "Gareccing",
  "kodepos" : "92774"
}, {
  "kecamatan" : "Tonra",
  "kelurahan" : "Biccoing",
  "kodepos" : "92774"
}, {
  "kecamatan" : "Tonra",
  "kelurahan" : "Bonepute",
  "kodepos" : "92774"
}, {
  "kecamatan" : "Tonra",
  "kelurahan" : "Bacu",
  "kodepos" : "92774"
}, {
  "kecamatan" : "Mare",
  "kelurahan" : "Ujung Salangketo",
  "kodepos" : "92773"
}, {
  "kecamatan" : "Mare",
  "kelurahan" : "Ujung Tanah",
  "kodepos" : "92773"
}, {
  "kecamatan" : "Mare",
  "kelurahan" : "Tellongeng",
  "kodepos" : "92773"
}, {
  "kecamatan" : "Mare",
  "kelurahan" : "Tellu Boccoe",
  "kodepos" : "92773"
}, {
  "kecamatan" : "Mare",
  "kelurahan" : "Pattiro",
  "kodepos" : "92773"
}, {
  "kecamatan" : "Mare",
  "kelurahan" : "Sumaling",
  "kodepos" : "92773"
}, {
  "kecamatan" : "Mare",
  "kelurahan" : "Mattiro Walie",
  "kodepos" : "92773"
}, {
  "kecamatan" : "Mare",
  "kelurahan" : "Padaelo",
  "kodepos" : "92773"
}, {
  "kecamatan" : "Mare",
  "kelurahan" : "Mattampa Walie",
  "kodepos" : "92773"
}, {
  "kecamatan" : "Mare",
  "kelurahan" : "Mario",
  "kodepos" : "92773"
}, {
  "kecamatan" : "Mare",
  "kelurahan" : "Lapasa",
  "kodepos" : "92773"
}, {
  "kecamatan" : "Mare",
  "kelurahan" : "Lappa Upang",
  "kodepos" : "92773"
}, {
  "kecamatan" : "Mare",
  "kelurahan" : "Karella",
  "kodepos" : "92773"
}, {
  "kecamatan" : "Mare",
  "kelurahan" : "Lakukang",
  "kodepos" : "92773"
}, {
  "kecamatan" : "Mare",
  "kelurahan" : "Data",
  "kodepos" : "92773"
}, {
  "kecamatan" : "Mare",
  "kelurahan" : "Kadai",
  "kodepos" : "92773"
}, {
  "kecamatan" : "Mare",
  "kelurahan" : "Batu Gading",
  "kodepos" : "92773"
}, {
  "kecamatan" : "Mare",
  "kelurahan" : "Cege",
  "kodepos" : "92773"
}, {
  "kecamatan" : "Cina",
  "kelurahan" : "Welenreng",
  "kodepos" : "92772"
}, {
  "kecamatan" : "Cina",
  "kelurahan" : "Padang Loang",
  "kodepos" : "92772"
}, {
  "kecamatan" : "Cina",
  "kelurahan" : "Tanete",
  "kodepos" : "92772"
}, {
  "kecamatan" : "Cina",
  "kelurahan" : "Tanete Harapan",
  "kodepos" : "92772"
}, {
  "kecamatan" : "Cina",
  "kelurahan" : "Kawerang",
  "kodepos" : "92772"
}, {
  "kecamatan" : "Cina",
  "kelurahan" : "Lompu",
  "kodepos" : "92772"
}, {
  "kecamatan" : "Cina",
  "kelurahan" : "Cinennung",
  "kodepos" : "92772"
}, {
  "kecamatan" : "Cina",
  "kelurahan" : "Kanco",
  "kodepos" : "92772"
}, {
  "kecamatan" : "Cina",
  "kelurahan" : "Arasoe",
  "kodepos" : "92772"
}, {
  "kecamatan" : "Cina",
  "kelurahan" : "Awo",
  "kodepos" : "92772"
}, {
  "kecamatan" : "Cina",
  "kelurahan" : "Abbumpungeng",
  "kodepos" : "92772"
}, {
  "kecamatan" : "Cina",
  "kelurahan" : "Ajangpulu",
  "kodepos" : "92772"
}, {
  "kecamatan" : "Barebbo",
  "kelurahan" : "Watu",
  "kodepos" : "92771"
}, {
  "kecamatan" : "Barebbo",
  "kelurahan" : "Wollangi",
  "kodepos" : "92771"
}, {
  "kecamatan" : "Barebbo",
  "kelurahan" : "Samaelo",
  "kodepos" : "92771"
}, {
  "kecamatan" : "Barebbo",
  "kelurahan" : "Sugiale",
  "kodepos" : "92771"
}, {
  "kecamatan" : "Barebbo",
  "kelurahan" : "Talungeng",
  "kodepos" : "92771"
}, {
  "kecamatan" : "Barebbo",
  "kelurahan" : "Lampoko",
  "kodepos" : "92771"
}, {
  "kecamatan" : "Barebbo",
  "kelurahan" : "Parippung",
  "kodepos" : "92771"
}, {
  "kecamatan" : "Barebbo",
  "kelurahan" : "Corawalie",
  "kodepos" : "92771"
}, {
  "kecamatan" : "Barebbo",
  "kelurahan" : "Kajaolaliddong",
  "kodepos" : "92771"
}, {
  "kecamatan" : "Barebbo",
  "kelurahan" : "Kampuno",
  "kodepos" : "92771"
}, {
  "kecamatan" : "Barebbo",
  "kelurahan" : "Cinnong",
  "kodepos" : "92771"
}, {
  "kecamatan" : "Barebbo",
  "kelurahan" : "Congko",
  "kodepos" : "92771"
}, {
  "kecamatan" : "Barebbo",
  "kelurahan" : "Cempaniga",
  "kodepos" : "92771"
}, {
  "kecamatan" : "Barebbo",
  "kelurahan" : "Cingkang",
  "kodepos" : "92771"
}, {
  "kecamatan" : "Barebbo",
  "kelurahan" : "Bacu",
  "kodepos" : "92771"
}, {
  "kecamatan" : "Barebbo",
  "kelurahan" : "Barebbo",
  "kodepos" : "92771"
}, {
  "kecamatan" : "Patimpeng",
  "kelurahan" : "Talabangi",
  "kodepos" : "92768"
}, {
  "kecamatan" : "Bontocani",
  "kelurahan" : "Watangcani",
  "kodepos" : "92768"
}, {
  "kecamatan" : "Barebbo",
  "kelurahan" : "Apala",
  "kodepos" : "92771"
}, {
  "kecamatan" : "Patimpeng",
  "kelurahan" : "Pationgi",
  "kodepos" : "92768"
}, {
  "kecamatan" : "Bontocani",
  "kelurahan" : "Pattuku",
  "kodepos" : "92768"
}, {
  "kecamatan" : "Patimpeng",
  "kelurahan" : "Paccing",
  "kodepos" : "92768"
}, {
  "kecamatan" : "Patimpeng",
  "kelurahan" : "Patimpeng",
  "kodepos" : "92768"
}, {
  "kecamatan" : "Bontocani",
  "kelurahan" : "Pammusureng",
  "kodepos" : "92768"
}, {
  "kecamatan" : "Bontocani",
  "kelurahan" : "Mattiro Walie",
  "kodepos" : "92768"
}, {
  "kecamatan" : "Patimpeng",
  "kelurahan" : "Masago",
  "kodepos" : "92768"
}, {
  "kecamatan" : "Patimpeng",
  "kelurahan" : "Massila",
  "kodepos" : "92768"
}, {
  "kecamatan" : "Patimpeng",
  "kelurahan" : "Maddanrengpulu",
  "kodepos" : "92768"
}, {
  "kecamatan" : "Bontocani",
  "kelurahan" : "Lamoncong",
  "kodepos" : "92768"
}, {
  "kecamatan" : "Bontocani",
  "kelurahan" : "Langi",
  "kodepos" : "92768"
}, {
  "kecamatan" : "Patimpeng",
  "kelurahan" : "Latellang",
  "kodepos" : "92768"
}, {
  "kecamatan" : "Bontocani",
  "kelurahan" : "Ere Cinnong",
  "kodepos" : "92768"
}, {
  "kecamatan" : "Bontocani",
  "kelurahan" : "Bulusirua",
  "kodepos" : "92768"
}, {
  "kecamatan" : "Patimpeng",
  "kelurahan" : "Bulu Ulaweng",
  "kodepos" : "92768"
}, {
  "kecamatan" : "Patimpeng",
  "kelurahan" : "Batulappa",
  "kodepos" : "92768"
}, {
  "kecamatan" : "Bontocani",
  "kelurahan" : "Bontojai",
  "kodepos" : "92768"
}, {
  "kecamatan" : "Bontocani",
  "kelurahan" : "Bana",
  "kodepos" : "92768"
}, {
  "kecamatan" : "Kahu",
  "kelurahan" : "Tompong Patu",
  "kodepos" : "92767"
}, {
  "kecamatan" : "Kahu",
  "kelurahan" : "Pasaka",
  "kodepos" : "92767"
}, {
  "kecamatan" : "Kahu",
  "kelurahan" : "Sanrego",
  "kodepos" : "92767"
}, {
  "kecamatan" : "Kahu",
  "kelurahan" : "Nusa",
  "kodepos" : "92767"
}, {
  "kecamatan" : "Kahu",
  "kelurahan" : "Palattae",
  "kodepos" : "92767"
}, {
  "kecamatan" : "Kahu",
  "kelurahan" : "Matajang",
  "kodepos" : "92767"
}, {
  "kecamatan" : "Kahu",
  "kelurahan" : "Mattoanging",
  "kodepos" : "92767"
}, {
  "kecamatan" : "Kahu",
  "kelurahan" : "Lalepo",
  "kodepos" : "92767"
}, {
  "kecamatan" : "Kahu",
  "kelurahan" : "Maggenrang (Manggenrang)",
  "kodepos" : "92767"
}, {
  "kecamatan" : "Kahu",
  "kelurahan" : "Labuaja",
  "kodepos" : "92767"
}, {
  "kecamatan" : "Bontocani",
  "kelurahan" : "Kahu",
  "kodepos" : "92767"
}, {
  "kecamatan" : "Kahu",
  "kelurahan" : "Carima",
  "kodepos" : "92767"
}, {
  "kecamatan" : "Kahu",
  "kelurahan" : "Hulo",
  "kodepos" : "92767"
}, {
  "kecamatan" : "Kahu",
  "kelurahan" : "Cakkela",
  "kodepos" : "92767"
}, {
  "kecamatan" : "Kahu",
  "kelurahan" : "Cammilo",
  "kodepos" : "92767"
}, {
  "kecamatan" : "Kahu",
  "kelurahan" : "Balle",
  "kodepos" : "92767"
}, {
  "kecamatan" : "Kahu",
  "kelurahan" : "Bonto Padang",
  "kodepos" : "92767"
}, {
  "kecamatan" : "Kahu",
  "kelurahan" : "Arallae",
  "kodepos" : "92767"
}, {
  "kecamatan" : "Libureng",
  "kelurahan" : "Wanuawaru",
  "kodepos" : "92766"
}, {
  "kecamatan" : "Libureng",
  "kelurahan" : "Tanabatue",
  "kodepos" : "92766"
}, {
  "kecamatan" : "Libureng",
  "kelurahan" : "Tappale",
  "kodepos" : "92766"
}, {
  "kecamatan" : "Libureng",
  "kelurahan" : "Tompobulu",
  "kodepos" : "92766"
}, {
  "kecamatan" : "Libureng",
  "kelurahan" : "Suwa",
  "kodepos" : "92766"
}, {
  "kecamatan" : "Libureng",
  "kelurahan" : "Swadaya",
  "kodepos" : "92766"
}, {
  "kecamatan" : "Libureng",
  "kelurahan" : "Polewali",
  "kodepos" : "92766"
}, {
  "kecamatan" : "Libureng",
  "kelurahan" : "Ponre-Ponre",
  "kodepos" : "92766"
}, {
  "kecamatan" : "Libureng",
  "kelurahan" : "Pitumpidange",
  "kodepos" : "92766"
}, {
  "kecamatan" : "Libureng",
  "kelurahan" : "Poleonro",
  "kodepos" : "92766"
}, {
  "kecamatan" : "Libureng",
  "kelurahan" : "Mattiro Walie",
  "kodepos" : "92766"
}, {
  "kecamatan" : "Libureng",
  "kelurahan" : "Mario",
  "kodepos" : "92766"
}, {
  "kecamatan" : "Libureng",
  "kelurahan" : "Mattiro Bulu",
  "kodepos" : "92766"
}, {
  "kecamatan" : "Libureng",
  "kelurahan" : "Mattiro Deceng",
  "kodepos" : "92766"
}, {
  "kecamatan" : "Libureng",
  "kelurahan" : "Mallinrung",
  "kodepos" : "92766"
}, {
  "kecamatan" : "Libureng",
  "kelurahan" : "Bune",
  "kodepos" : "92766"
}, {
  "kecamatan" : "Libureng",
  "kelurahan" : "Ceppaga",
  "kodepos" : "92766"
}, {
  "kecamatan" : "Libureng",
  "kelurahan" : "Laburasseng (Laburasse)",
  "kodepos" : "92766"
}, {
  "kecamatan" : "Libureng",
  "kelurahan" : "Baringeng",
  "kodepos" : "92766"
}, {
  "kecamatan" : "Libureng",
  "kelurahan" : "Binuang",
  "kodepos" : "92766"
}, {
  "kecamatan" : "Ponre",
  "kelurahan" : "Turu Adae",
  "kodepos" : "92765"
}, {
  "kecamatan" : "Ponre",
  "kelurahan" : "Salebba",
  "kodepos" : "92765"
}, {
  "kecamatan" : "Ponre",
  "kelurahan" : "Tellu Boccoe",
  "kodepos" : "92765"
}, {
  "kecamatan" : "Ponre",
  "kelurahan" : "Poleonro",
  "kodepos" : "92765"
}, {
  "kecamatan" : "Ponre",
  "kelurahan" : "Salampe",
  "kodepos" : "92765"
}, {
  "kecamatan" : "Ponre",
  "kelurahan" : "Mattampae",
  "kodepos" : "92765"
}, {
  "kecamatan" : "Ponre",
  "kelurahan" : "Pattimpa",
  "kodepos" : "92765"
}, {
  "kecamatan" : "Ponre",
  "kelurahan" : "Bolli",
  "kodepos" : "92765"
}, {
  "kecamatan" : "Ponre",
  "kelurahan" : "Mappesangka",
  "kodepos" : "92765"
}, {
  "kecamatan" : "Lamuru",
  "kelurahan" : "Turucinnae",
  "kodepos" : "92764"
}, {
  "kecamatan" : "Lamuru",
  "kelurahan" : "Sengeng Palie",
  "kodepos" : "92764"
}, {
  "kecamatan" : "Lamuru",
  "kelurahan" : "Poleonro",
  "kodepos" : "92764"
}, {
  "kecamatan" : "Lamuru",
  "kelurahan" : "Seberang",
  "kodepos" : "92764"
}, {
  "kecamatan" : "Lamuru",
  "kelurahan" : "Mattampa Walie",
  "kodepos" : "92764"
}, {
  "kecamatan" : "Lamuru",
  "kelurahan" : "Padaelo",
  "kodepos" : "92764"
}, {
  "kecamatan" : "Lamuru",
  "kelurahan" : "Massenrenpulu",
  "kodepos" : "92764"
}, {
  "kecamatan" : "Lamuru",
  "kelurahan" : "Mattampa Bulu",
  "kodepos" : "92764"
}, {
  "kecamatan" : "Lamuru",
  "kelurahan" : "Lalebata",
  "kodepos" : "92764"
}, {
  "kecamatan" : "Lamuru",
  "kelurahan" : "Mamminasae",
  "kodepos" : "92764"
}, {
  "kecamatan" : "Lamuru",
  "kelurahan" : "Barakkae",
  "kodepos" : "92764"
}, {
  "kecamatan" : "Lamuru",
  "kelurahan" : "Barugae",
  "kodepos" : "92764"
}, {
  "kecamatan" : "Lappariaja",
  "kelurahan" : "Waekeccee",
  "kodepos" : "92763"
}, {
  "kecamatan" : "Bengo",
  "kelurahan" : "Walimpong",
  "kodepos" : "92763"
}, {
  "kecamatan" : "Lappariaja",
  "kelurahan" : "Ujung Lamuru",
  "kodepos" : "92763"
}, {
  "kecamatan" : "Bengo",
  "kelurahan" : "Tungke",
  "kodepos" : "92763"
}, {
  "kecamatan" : "Lappariaja",
  "kelurahan" : "Tonronge",
  "kodepos" : "92763"
}, {
  "kecamatan" : "Bengo",
  "kelurahan" : "Selli",
  "kodepos" : "92763"
}, {
  "kecamatan" : "Lappariaja",
  "kelurahan" : "Sengeng Palie",
  "kodepos" : "92763"
}, {
  "kecamatan" : "Lappariaja",
  "kelurahan" : "Tenri Pakkua",
  "kodepos" : "92763"
}, {
  "kecamatan" : "Bengo",
  "kelurahan" : "Samaenre",
  "kodepos" : "92763"
}, {
  "kecamatan" : "Lappariaja",
  "kelurahan" : "Pattuku Limpoe",
  "kodepos" : "92763"
}, {
  "kecamatan" : "Bengo",
  "kelurahan" : "Mattiro Walie",
  "kodepos" : "92763"
}, {
  "kecamatan" : "Lappariaja",
  "kelurahan" : "Patangkai",
  "kodepos" : "92763"
}, {
  "kecamatan" : "Bengo",
  "kelurahan" : "Liliriawang",
  "kodepos" : "92763"
}, {
  "kecamatan" : "Bengo",
  "kelurahan" : "Mattaro Puli",
  "kodepos" : "92763"
}, {
  "kecamatan" : "Lappariaja",
  "kelurahan" : "Mattampa Walie",
  "kodepos" : "92763"
}, {
  "kecamatan" : "Lappariaja",
  "kelurahan" : "Lili Riattang",
  "kodepos" : "92763"
}, {
  "kecamatan" : "Bengo",
  "kelurahan" : "Bengo",
  "kodepos" : "92763"
}, {
  "kecamatan" : "Bengo",
  "kelurahan" : "Bulu Allapporenge",
  "kodepos" : "92763"
}, {
  "kecamatan" : "Ulaweng",
  "kelurahan" : "Ulaweng Cinnong",
  "kodepos" : "92762"
}, {
  "kecamatan" : "Ulaweng",
  "kelurahan" : "Timusu",
  "kodepos" : "92762"
}, {
  "kecamatan" : "Ulaweng",
  "kelurahan" : "Teamusu",
  "kodepos" : "92762"
}, {
  "kecamatan" : "Ulaweng",
  "kelurahan" : "Tadang Palie",
  "kodepos" : "92762"
}, {
  "kecamatan" : "Ulaweng",
  "kelurahan" : "Tea Malala",
  "kodepos" : "92762"
}, {
  "kecamatan" : "Ulaweng",
  "kelurahan" : "Mula Menree",
  "kodepos" : "92762"
}, {
  "kecamatan" : "Ulaweng",
  "kelurahan" : "Pallawa Rukka",
  "kodepos" : "92762"
}, {
  "kecamatan" : "Ulaweng",
  "kelurahan" : "Sappe Walie",
  "kodepos" : "92762"
}, {
  "kecamatan" : "Ulaweng",
  "kelurahan" : "Lilina Ajangale",
  "kodepos" : "92762"
}, {
  "kecamatan" : "Ulaweng",
  "kelurahan" : "Manurunge",
  "kodepos" : "92762"
}, {
  "kecamatan" : "Ulaweng",
  "kelurahan" : "Galung",
  "kodepos" : "92762"
}, {
  "kecamatan" : "Ulaweng",
  "kelurahan" : "Jompie",
  "kodepos" : "92762"
}, {
  "kecamatan" : "Ulaweng",
  "kelurahan" : "Lamakkaraseng",
  "kodepos" : "92762"
}, {
  "kecamatan" : "Ulaweng",
  "kelurahan" : "Cani Sirenreng",
  "kodepos" : "92762"
}, {
  "kecamatan" : "Ulaweng",
  "kelurahan" : "Cinnong",
  "kodepos" : "92762"
}, {
  "kecamatan" : "Palakka",
  "kelurahan" : "Tirong",
  "kodepos" : "92761"
}, {
  "kecamatan" : "Palakka",
  "kelurahan" : "Ureng",
  "kodepos" : "92761"
}, {
  "kecamatan" : "Palakka",
  "kelurahan" : "Usa",
  "kodepos" : "92761"
}, {
  "kecamatan" : "Palakka",
  "kelurahan" : "Siame",
  "kodepos" : "92761"
}, {
  "kecamatan" : "Palakka",
  "kelurahan" : "Tanah Tenga",
  "kodepos" : "92761"
}, {
  "kecamatan" : "Palakka",
  "kelurahan" : "Pasempe",
  "kodepos" : "92761"
}, {
  "kecamatan" : "Palakka",
  "kelurahan" : "Passippo",
  "kodepos" : "92761"
}, {
  "kecamatan" : "Kahu",
  "kelurahan" : "Palakka",
  "kodepos" : "92761"
}, {
  "kecamatan" : "Palakka",
  "kelurahan" : "Panyili",
  "kodepos" : "92761"
}, {
  "kecamatan" : "Palakka",
  "kelurahan" : "Melle",
  "kodepos" : "92761"
}, {
  "kecamatan" : "Palakka",
  "kelurahan" : "Mico",
  "kodepos" : "92761"
}, {
  "kecamatan" : "Palakka",
  "kelurahan" : "Lemoape",
  "kodepos" : "92761"
}, {
  "kecamatan" : "Palakka",
  "kelurahan" : "Maduri",
  "kodepos" : "92761"
}, {
  "kecamatan" : "Palakka",
  "kelurahan" : "Mattanete Bua",
  "kodepos" : "92761"
}, {
  "kecamatan" : "Palakka",
  "kelurahan" : "Bainang",
  "kodepos" : "92761"
}, {
  "kecamatan" : "Palakka",
  "kelurahan" : "Cinennung",
  "kodepos" : "92761"
}, {
  "kecamatan" : "Amali",
  "kelurahan" : "Wellulang",
  "kodepos" : "92755"
}, {
  "kecamatan" : "Ajangale",
  "kelurahan" : "Welado",
  "kodepos" : "92755"
}, {
  "kecamatan" : "Amali",
  "kelurahan" : "Waemputtange",
  "kodepos" : "92755"
}, {
  "kecamatan" : "Amali",
  "kelurahan" : "Ulaweng Riaja",
  "kodepos" : "92755"
}, {
  "kecamatan" : "Amali",
  "kelurahan" : "Waempubbue",
  "kodepos" : "92755"
}, {
  "kecamatan" : "Amali",
  "kelurahan" : "Tocinnong",
  "kodepos" : "92755"
}, {
  "kecamatan" : "Ajangale",
  "kelurahan" : "Timurung",
  "kodepos" : "92755"
}, {
  "kecamatan" : "Amali",
  "kelurahan" : "Tacipong",
  "kodepos" : "92755"
}, {
  "kecamatan" : "Amali",
  "kelurahan" : "Tassipi",
  "kodepos" : "92755"
}, {
  "kecamatan" : "Ajangale",
  "kelurahan" : "Telle",
  "kodepos" : "92755"
}, {
  "kecamatan" : "Ajangale",
  "kelurahan" : "Pompanua",
  "kodepos" : "92755"
}, {
  "kecamatan" : "Ajangale",
  "kelurahan" : "Pompanua Riattang (Salewangeng)",
  "kodepos" : "92755"
}, {
  "kecamatan" : "Ajangale",
  "kelurahan" : "Pinceng Pute",
  "kodepos" : "92755"
}, {
  "kecamatan" : "Ajangale",
  "kelurahan" : "Pacciro",
  "kodepos" : "92755"
}, {
  "kecamatan" : "Amali",
  "kelurahan" : "Mattaro Purae",
  "kodepos" : "92755"
}, {
  "kecamatan" : "Ajangale",
  "kelurahan" : "Opo",
  "kodepos" : "92755"
}, {
  "kecamatan" : "Ajangale",
  "kelurahan" : "Manciri",
  "kodepos" : "92755"
}, {
  "kecamatan" : "Amali",
  "kelurahan" : "Mampotu",
  "kodepos" : "92755"
}, {
  "kecamatan" : "Ajangale",
  "kelurahan" : "Lebbae",
  "kodepos" : "92755"
}, {
  "kecamatan" : "Ajangale",
  "kelurahan" : "Leppangeng",
  "kodepos" : "92755"
}, {
  "kecamatan" : "Amali",
  "kelurahan" : "Lili Riattang",
  "kodepos" : "92755"
}, {
  "kecamatan" : "Ajangale",
  "kelurahan" : "Labissa",
  "kodepos" : "92755"
}, {
  "kecamatan" : "Amali",
  "kelurahan" : "Laponrong",
  "kodepos" : "92755"
}, {
  "kecamatan" : "Amali",
  "kelurahan" : "Benteng Tellue",
  "kodepos" : "92755"
}, {
  "kecamatan" : "Amali",
  "kelurahan" : "Bila",
  "kodepos" : "92755"
}, {
  "kecamatan" : "Ajangale",
  "kelurahan" : "Amessangeng",
  "kodepos" : "92755"
}, {
  "kecamatan" : "Amali",
  "kelurahan" : "Amali Riattang",
  "kodepos" : "92755"
}, {
  "kecamatan" : "Ajangale",
  "kelurahan" : "Allamungeng Patue",
  "kodepos" : "92755"
}, {
  "kecamatan" : "Amali",
  "kelurahan" : "Ajang Laleng",
  "kodepos" : "92755"
}, {
  "kecamatan" : "Cenrana",
  "kelurahan" : "Watang Ta",
  "kodepos" : "92754"
}, {
  "kecamatan" : "Cenrana",
  "kelurahan" : "Watu",
  "kodepos" : "92754"
}, {
  "kecamatan" : "Cenrana",
  "kelurahan" : "Pusungnge",
  "kodepos" : "92754"
}, {
  "kecamatan" : "Cenrana",
  "kelurahan" : "Ujung Tanah",
  "kodepos" : "92754"
}, {
  "kecamatan" : "Cenrana",
  "kelurahan" : "Pallime",
  "kodepos" : "92754"
}, {
  "kecamatan" : "Cenrana",
  "kelurahan" : "Panyiwi",
  "kodepos" : "92754"
}, {
  "kecamatan" : "Cenrana",
  "kelurahan" : "Pacubbe",
  "kodepos" : "92754"
}, {
  "kecamatan" : "Cenrana",
  "kelurahan" : "Pallae",
  "kodepos" : "92754"
}, {
  "kecamatan" : "Cenrana",
  "kelurahan" : "Naga Uleng",
  "kodepos" : "92754"
}, {
  "kecamatan" : "Cenrana",
  "kelurahan" : "Latonro",
  "kodepos" : "92754"
}, {
  "kecamatan" : "Cenrana",
  "kelurahan" : "Laoni",
  "kodepos" : "92754"
}, {
  "kecamatan" : "Cenrana",
  "kelurahan" : "Labotto",
  "kodepos" : "92754"
}, {
  "kecamatan" : "Cenrana",
  "kelurahan" : "Labonge (Lebbongnge)",
  "kodepos" : "92754"
}, {
  "kecamatan" : "Kahu",
  "kelurahan" : "Cenrana",
  "kodepos" : "92754"
}, {
  "kecamatan" : "Cenrana",
  "kelurahan" : "Cenrana",
  "kodepos" : "92754"
}, {
  "kecamatan" : "Cenrana",
  "kelurahan" : "Awang Cengrana / Cenrana",
  "kodepos" : "92754"
}, {
  "kecamatan" : "Cenrana",
  "kelurahan" : "Ajallasse",
  "kodepos" : "92754"
}, {
  "kecamatan" : "Dua Boccoe",
  "kelurahan" : "Watang Padacenga (Turumame/Padacengnga)",
  "kodepos" : "92753"
}, {
  "kecamatan" : "Dua Boccoe",
  "kelurahan" : "Uloe",
  "kodepos" : "92753"
}, {
  "kecamatan" : "Dua Boccoe",
  "kelurahan" : "Unnyi",
  "kodepos" : "92753"
}, {
  "kecamatan" : "Dua Boccoe",
  "kelurahan" : "Tempe",
  "kodepos" : "92753"
}, {
  "kecamatan" : "Dua Boccoe",
  "kelurahan" : "Tocina",
  "kodepos" : "92753"
}, {
  "kecamatan" : "Dua Boccoe",
  "kelurahan" : "Ujung",
  "kodepos" : "92753"
}, {
  "kecamatan" : "Dua Boccoe",
  "kelurahan" : "Solo",
  "kodepos" : "92753"
}, {
  "kecamatan" : "Dua Boccoe",
  "kelurahan" : "Tawaroe",
  "kodepos" : "92753"
}, {
  "kecamatan" : "Dua Boccoe",
  "kelurahan" : "Praja Maju",
  "kodepos" : "92753"
}, {
  "kecamatan" : "Dua Boccoe",
  "kelurahan" : "Sailong",
  "kodepos" : "92753"
}, {
  "kecamatan" : "Dua Boccoe",
  "kelurahan" : "Sanrangeng",
  "kodepos" : "92753"
}, {
  "kecamatan" : "Dua Boccoe",
  "kelurahan" : "Panyili",
  "kodepos" : "92753"
}, {
  "kecamatan" : "Dua Boccoe",
  "kelurahan" : "Pattiro",
  "kodepos" : "92753"
}, {
  "kecamatan" : "Dua Boccoe",
  "kelurahan" : "Padacenga (Pada Cengnga)",
  "kodepos" : "92753"
}, {
  "kecamatan" : "Dua Boccoe",
  "kelurahan" : "Pakkasalo",
  "kodepos" : "92753"
}, {
  "kecamatan" : "Dua Boccoe",
  "kelurahan" : "Matajang",
  "kodepos" : "92753"
}, {
  "kecamatan" : "Dua Boccoe",
  "kelurahan" : "Melle",
  "kodepos" : "92753"
}, {
  "kecamatan" : "Dua Boccoe",
  "kelurahan" : "Mario",
  "kodepos" : "92753"
}, {
  "kecamatan" : "Dua Boccoe",
  "kelurahan" : "Lallatang",
  "kodepos" : "92753"
}, {
  "kecamatan" : "Dua Boccoe",
  "kelurahan" : "Kampoti",
  "kodepos" : "92753"
}, {
  "kecamatan" : "Dua Boccoe",
  "kelurahan" : "Laccori",
  "kodepos" : "92753"
}, {
  "kecamatan" : "Tellu Siattinge",
  "kelurahan" : "Waji",
  "kodepos" : "92752"
}, {
  "kecamatan" : "Dua Boccoe",
  "kelurahan" : "Cabbeng",
  "kodepos" : "92753"
}, {
  "kecamatan" : "Tellu Siattinge",
  "kelurahan" : "Tokaseng",
  "kodepos" : "92752"
}, {
  "kecamatan" : "Tellu Siattinge",
  "kelurahan" : "Ulo",
  "kodepos" : "92752"
}, {
  "kecamatan" : "Tellu Siattinge",
  "kelurahan" : "Sijelling",
  "kodepos" : "92752"
}, {
  "kecamatan" : "Tellu Siattinge",
  "kelurahan" : "Tajong",
  "kodepos" : "92752"
}, {
  "kecamatan" : "Tellu Siattinge",
  "kelurahan" : "Patangnga",
  "kodepos" : "92752"
}, {
  "kecamatan" : "Tellu Siattinge",
  "kelurahan" : "Pongka",
  "kodepos" : "92752"
}, {
  "kecamatan" : "Tellu Siattinge",
  "kelurahan" : "Padaidi",
  "kodepos" : "92752"
}, {
  "kecamatan" : "Tellu Siattinge",
  "kelurahan" : "Palongki",
  "kodepos" : "92752"
}, {
  "kecamatan" : "Tellu Siattinge",
  "kelurahan" : "Mattoanging",
  "kodepos" : "92752"
}, {
  "kecamatan" : "Tellu Siattinge",
  "kelurahan" : "Otting",
  "kodepos" : "92752"
}, {
  "kecamatan" : "Tellu Siattinge",
  "kelurahan" : "Lea",
  "kodepos" : "92752"
}, {
  "kecamatan" : "Tellu Siattinge",
  "kelurahan" : "Lappae",
  "kodepos" : "92752"
}, {
  "kecamatan" : "Tellu Siattinge",
  "kelurahan" : "Lamuru",
  "kodepos" : "92752"
}, {
  "kecamatan" : "Tellu Siattinge",
  "kelurahan" : "Lanca",
  "kodepos" : "92752"
}, {
  "kecamatan" : "Tellu Siattinge",
  "kelurahan" : "Ajjalireng",
  "kodepos" : "92752"
}, {
  "kecamatan" : "Tellu Siattinge",
  "kelurahan" : "Itterung",
  "kodepos" : "92752"
}, {
  "kecamatan" : "Tanete Riattang Barat",
  "kelurahan" : "Majang",
  "kodepos" : "92734"
}, {
  "kecamatan" : "Tanete Riattang Barat",
  "kelurahan" : "Bulu Tempe",
  "kodepos" : "92735"
}, {
  "kecamatan" : "Tanete Riattang Barat",
  "kelurahan" : "Macege",
  "kodepos" : "92732"
}, {
  "kecamatan" : "Tanete Riattang Barat",
  "kelurahan" : "Macanang",
  "kodepos" : "92733"
}, {
  "kecamatan" : "Tanete Riattang Barat",
  "kelurahan" : "Jeppee",
  "kodepos" : "92732"
}, {
  "kecamatan" : "Tanete Riattang Barat",
  "kelurahan" : "Polewali",
  "kodepos" : "92731"
}, {
  "kecamatan" : "Tanete Riattang Barat",
  "kelurahan" : "Watang Palakka",
  "kodepos" : "92731"
}, {
  "kecamatan" : "Tanete Riattang Barat",
  "kelurahan" : "Mattiro Walie",
  "kodepos" : "92731"
}, {
  "kecamatan" : "Tanete Riattang",
  "kelurahan" : "Pappolo",
  "kodepos" : "92721"
}, {
  "kecamatan" : "Tanete Riattang Timur",
  "kelurahan" : "Waetuo",
  "kodepos" : "92718"
}, {
  "kecamatan" : "Tanete Riattang Timur",
  "kelurahan" : "Pallette",
  "kodepos" : "92719"
}, {
  "kecamatan" : "Tanete Riattang Timur",
  "kelurahan" : "Panyula",
  "kodepos" : "92717"
}, {
  "kecamatan" : "Tanete Riattang Timur",
  "kelurahan" : "Tibojong",
  "kodepos" : "92716"
}, {
  "kecamatan" : "Tanete Riattang Timur",
  "kelurahan" : "Bajoe",
  "kodepos" : "92716"
}, {
  "kecamatan" : "Tanete Riattang Timur",
  "kelurahan" : "Lonrae",
  "kodepos" : "92716"
}, {
  "kecamatan" : "Tanete Riattang Timur",
  "kelurahan" : "Toro",
  "kodepos" : "92715"
}, {
  "kecamatan" : "Tanete Riattang Timur",
  "kelurahan" : "Cellu",
  "kodepos" : "92715"
}, {
  "kecamatan" : "Tanete Riattang",
  "kelurahan" : "Biru",
  "kodepos" : "92714"
}, {
  "kecamatan" : "Kahu",
  "kelurahan" : "Biru",
  "kodepos" : "92714"
}, {
  "kecamatan" : "Tanete Riattang",
  "kelurahan" : "Watampone",
  "kodepos" : "92713"
}, {
  "kecamatan" : "Tanete Riattang",
  "kelurahan" : "Ta",
  "kodepos" : "92712"
}, {
  "kecamatan" : "Tanete Riattang",
  "kelurahan" : "Walennae",
  "kodepos" : "92711"
}, {
  "kecamatan" : "Tanete Riattang",
  "kelurahan" : "Manurungnge",
  "kodepos" : "92711"
}, {
  "kecamatan" : "Tanete Riattang",
  "kelurahan" : "Masumpu",
  "kodepos" : "92711"
}, {
  "kecamatan" : "Tanete Riattang",
  "kelurahan" : "Bukaka",
  "kodepos" : "92711"
}, {
  "kecamatan" : "Tellu Limpoe",
  "kelurahan" : "Tondong",
  "kodepos" : "91671"
}, {
  "kecamatan" : "Tellu Limpoe",
  "kelurahan" : "Tapong",
  "kodepos" : "91671"
}, {
  "kecamatan" : "Tellu Limpoe",
  "kelurahan" : "Tellangkere",
  "kodepos" : "91671"
}, {
  "kecamatan" : "Tellu Limpoe",
  "kelurahan" : "Samaenre",
  "kodepos" : "91671"
}, {
  "kecamatan" : "Tellu Limpoe",
  "kelurahan" : "Polewali",
  "kodepos" : "91671"
}, {
  "kecamatan" : "Tellu Limpoe",
  "kelurahan" : "Sadar",
  "kodepos" : "91671"
}, {
  "kecamatan" : "Tellu Limpoe",
  "kelurahan" : "Pallawa",
  "kodepos" : "91671"
}, {
  "kecamatan" : "Tellu Limpoe",
  "kelurahan" : "Pallawa",
  "kodepos" : "91671"
}, {
  "kecamatan" : "Tellu Limpoe",
  "kelurahan" : "Lagori",
  "kodepos" : "91671"
}, {
  "kecamatan" : "Tellu Limpoe",
  "kelurahan" : "Gaya Baru",
  "kodepos" : "91671"
}, {
  "kecamatan" : "Tellu Limpoe",
  "kelurahan" : "Bonto Masunggu",
  "kodepos" : "91671"
}, {
  "kecamatan" : "Tellu Limpoe",
  "kelurahan" : "Batu Putih",
  "kodepos" : "91671"
}, {
  "kecamatan" : "Barebbo",
  "kelurahan" : "Kading",
  "kodepos" : "90225"
} ]
