[ {
  "kecamatan" : "Cenrana",
  "kelurahan" : "Rompe Gading",
  "kodepos" : "92754"
}, {
  "kecamatan" : "Cenrana",
  "kelurahan" : "Limam Poccoe",
  "kodepos" : "92754"
}, {
  "kecamatan" : "Cenrana",
  "kelurahan" : "Lebbotengngae",
  "kodepos" : "92754"
}, {
  "kecamatan" : "Cenrana",
  "kelurahan" : "Laiya",
  "kodepos" : "92754"
}, {
  "kecamatan" : "Cenrana",
  "kelurahan" : "Labuaja",
  "kodepos" : "92754"
}, {
  "kecamatan" : "Cenrana",
  "kelurahan" : "Cenrana Baru",
  "kodepos" : "92754"
}, {
  "kecamatan" : "Cenrana",
  "kelurahan" : "Baji Pamai",
  "kodepos" : "92754"
}, {
  "kecamatan" : "Mallawa",
  "kelurahan" : "Wanua Waru",
  "kodepos" : "90563"
}, {
  "kecamatan" : "Mallawa",
  "kelurahan" : "Samaenre",
  "kodepos" : "90563"
}, {
  "kecamatan" : "Mallawa",
  "kelurahan" : "Tellumpanuae",
  "kodepos" : "90563"
}, {
  "kecamatan" : "Mallawa",
  "kelurahan" : "Uludaya",
  "kodepos" : "90563"
}, {
  "kecamatan" : "Mallawa",
  "kelurahan" : "Padaelo",
  "kodepos" : "90563"
}, {
  "kecamatan" : "Mallawa",
  "kelurahan" : "Sabila",
  "kodepos" : "90563"
}, {
  "kecamatan" : "Mallawa",
  "kelurahan" : "Gattareng Matinggi",
  "kodepos" : "90563"
}, {
  "kecamatan" : "Mallawa",
  "kelurahan" : "Mattampapole",
  "kodepos" : "90563"
}, {
  "kecamatan" : "Mallawa",
  "kelurahan" : "Bentenge",
  "kodepos" : "90563"
}, {
  "kecamatan" : "Mallawa",
  "kelurahan" : "Barugae",
  "kodepos" : "90563"
}, {
  "kecamatan" : "Mallawa",
  "kelurahan" : "Batu Putih",
  "kodepos" : "90563"
}, {
  "kecamatan" : "Camba",
  "kelurahan" : "Timpuseng",
  "kodepos" : "90562"
}, {
  "kecamatan" : "Camba",
  "kelurahan" : "Sawaru",
  "kodepos" : "90562"
}, {
  "kecamatan" : "Camba",
  "kelurahan" : "Pattanyamang",
  "kodepos" : "90562"
}, {
  "kecamatan" : "Camba",
  "kelurahan" : "Pattiro Deceng",
  "kodepos" : "90562"
}, {
  "kecamatan" : "Moncongloe",
  "kelurahan" : "Moncongloe Bulu",
  "kodepos" : "90562"
}, {
  "kecamatan" : "Moncongloe",
  "kelurahan" : "Moncongloe Lappara",
  "kodepos" : "90562"
}, {
  "kecamatan" : "Camba",
  "kelurahan" : "Cenrana",
  "kodepos" : "90562"
}, {
  "kecamatan" : "Moncongloe",
  "kelurahan" : "Moncongloe",
  "kodepos" : "90562"
}, {
  "kecamatan" : "Moncongloe",
  "kelurahan" : "Bonto Bunga",
  "kodepos" : "90562"
}, {
  "kecamatan" : "Camba",
  "kelurahan" : "Mario Pulana",
  "kodepos" : "90562"
}, {
  "kecamatan" : "Moncongloe",
  "kelurahan" : "Bonto Marannu",
  "kodepos" : "90562"
}, {
  "kecamatan" : "Camba",
  "kelurahan" : "Cempaniga",
  "kodepos" : "90562"
}, {
  "kecamatan" : "Camba",
  "kelurahan" : "Benteng",
  "kodepos" : "90562"
}, {
  "kecamatan" : "Bantimurung",
  "kelurahan" : "Tukamasea",
  "kodepos" : "90561"
}, {
  "kecamatan" : "Simbang",
  "kelurahan" : "Tanete",
  "kodepos" : "90561"
}, {
  "kecamatan" : "Tompu Bulu",
  "kelurahan" : "Toddolimae",
  "kodepos" : "90561"
}, {
  "kecamatan" : "Tompu Bulu",
  "kelurahan" : "Tompo Bulu",
  "kodepos" : "90561"
}, {
  "kecamatan" : "Simbang",
  "kelurahan" : "Simbang",
  "kodepos" : "90561"
}, {
  "kecamatan" : "Simbang",
  "kelurahan" : "Sambueja",
  "kodepos" : "90561"
}, {
  "kecamatan" : "Tompu Bulu",
  "kelurahan" : "Pucak",
  "kodepos" : "90561"
}, {
  "kecamatan" : "Bantimurung",
  "kelurahan" : "Minasa Baji",
  "kodepos" : "90561"
}, {
  "kecamatan" : "Simbang",
  "kelurahan" : "Samangki",
  "kodepos" : "90561"
}, {
  "kecamatan" : "Bantimurung",
  "kelurahan" : "Mangeloreng",
  "kodepos" : "90561"
}, {
  "kecamatan" : "Bantimurung",
  "kelurahan" : "Mattoangin",
  "kodepos" : "90561"
}, {
  "kecamatan" : "Bantimurung",
  "kelurahan" : "Leang-Leang",
  "kodepos" : "90561"
}, {
  "kecamatan" : "Bantimurung",
  "kelurahan" : "Kalabbirang",
  "kodepos" : "90561"
}, {
  "kecamatan" : "Simbang",
  "kelurahan" : "Jenetaesa",
  "kodepos" : "90561"
}, {
  "kecamatan" : "Simbang",
  "kelurahan" : "Bonto Tallasa",
  "kodepos" : "90561"
}, {
  "kecamatan" : "Tompu Bulu",
  "kelurahan" : "Bontomatinggi",
  "kodepos" : "90561"
}, {
  "kecamatan" : "Tompu Bulu",
  "kelurahan" : "Bonto Manurung",
  "kodepos" : "90561"
}, {
  "kecamatan" : "Tompu Bulu",
  "kelurahan" : "Bonto Somba",
  "kodepos" : "90561"
}, {
  "kecamatan" : "Tompu Bulu",
  "kelurahan" : "Benteng Gajah",
  "kodepos" : "90561"
}, {
  "kecamatan" : "Tompu Bulu",
  "kelurahan" : "Bonto Manai",
  "kodepos" : "90561"
}, {
  "kecamatan" : "Bantimurung",
  "kelurahan" : "Baruga",
  "kodepos" : "90561"
}, {
  "kecamatan" : "Bantimurung",
  "kelurahan" : "Alatengae",
  "kodepos" : "90561"
}, {
  "kecamatan" : "Bontoa (Maros Utara)",
  "kelurahan" : "Tunikamaseang",
  "kodepos" : "90554"
}, {
  "kecamatan" : "Bontoa (Maros Utara)",
  "kelurahan" : "Tupabiring",
  "kodepos" : "90554"
}, {
  "kecamatan" : "Bontoa (Maros Utara)",
  "kelurahan" : "Pajukukang",
  "kodepos" : "90554"
}, {
  "kecamatan" : "Bontoa (Maros Utara)",
  "kelurahan" : "Salenrang",
  "kodepos" : "90554"
}, {
  "kecamatan" : "Bontoa (Maros Utara)",
  "kelurahan" : "Bontoa",
  "kodepos" : "90554"
}, {
  "kecamatan" : "Bontoa (Maros Utara)",
  "kelurahan" : "Minasa Upa",
  "kodepos" : "90554"
}, {
  "kecamatan" : "Bontoa (Maros Utara)",
  "kelurahan" : "Bonto Bahari",
  "kodepos" : "90554"
}, {
  "kecamatan" : "Bontoa (Maros Utara)",
  "kelurahan" : "Bonto Lempangan",
  "kodepos" : "90554"
}, {
  "kecamatan" : "Tanralili",
  "kelurahan" : "Toddo Pulia",
  "kodepos" : "90553"
}, {
  "kecamatan" : "Bontoa (Maros Utara)",
  "kelurahan" : "Ampekale",
  "kodepos" : "90554"
}, {
  "kecamatan" : "Tanralili",
  "kelurahan" : "Purna Karya",
  "kodepos" : "90553"
}, {
  "kecamatan" : "Tanralili",
  "kelurahan" : "Sudirman",
  "kodepos" : "90553"
}, {
  "kecamatan" : "Tanralili",
  "kelurahan" : "Damai",
  "kodepos" : "90553"
}, {
  "kecamatan" : "Tanralili",
  "kelurahan" : "Kuru Sumange",
  "kodepos" : "90553"
}, {
  "kecamatan" : "Tanralili",
  "kelurahan" : "Leko Pancing",
  "kodepos" : "90553"
}, {
  "kecamatan" : "Tanralili",
  "kelurahan" : "Allaere",
  "kodepos" : "90553"
}, {
  "kecamatan" : "Tanralili",
  "kelurahan" : "Borong",
  "kodepos" : "90553"
}, {
  "kecamatan" : "Mandai",
  "kelurahan" : "Tenrigangkae",
  "kodepos" : "90552"
}, {
  "kecamatan" : "Marusu",
  "kelurahan" : "Tellumpoccoe",
  "kodepos" : "90552"
}, {
  "kecamatan" : "Marusu",
  "kelurahan" : "Temappadduae",
  "kodepos" : "90552"
}, {
  "kecamatan" : "Mandai",
  "kelurahan" : "Pattontongan",
  "kodepos" : "90552"
}, {
  "kecamatan" : "Marusu",
  "kelurahan" : "Pabentengan",
  "kodepos" : "90552"
}, {
  "kecamatan" : "Marusu",
  "kelurahan" : "Marumpa",
  "kodepos" : "90552"
}, {
  "kecamatan" : "Marusu",
  "kelurahan" : "Nisombalia",
  "kodepos" : "90552"
}, {
  "kecamatan" : "Mandai",
  "kelurahan" : "Bontoa",
  "kodepos" : "90552"
}, {
  "kecamatan" : "Mandai",
  "kelurahan" : "Hasanuddin",
  "kodepos" : "90552"
}, {
  "kecamatan" : "Marusu",
  "kelurahan" : "Bonto Matene",
  "kodepos" : "90552"
}, {
  "kecamatan" : "Mandai",
  "kelurahan" : "Bonto Matene",
  "kodepos" : "90552"
}, {
  "kecamatan" : "Marusu",
  "kelurahan" : "A Bulosibatang",
  "kodepos" : "90552"
}, {
  "kecamatan" : "Mandai",
  "kelurahan" : "Baji Mangngai",
  "kodepos" : "90552"
}, {
  "kecamatan" : "Turikale",
  "kelurahan" : "Taroada",
  "kodepos" : "90516"
}, {
  "kecamatan" : "Turikale",
  "kelurahan" : "Pettuadae",
  "kodepos" : "90516"
}, {
  "kecamatan" : "Maros Baru",
  "kelurahan" : "Baji Pamai",
  "kodepos" : "90516"
}, {
  "kecamatan" : "Maros Baru",
  "kelurahan" : "Pallantikang",
  "kodepos" : "90516"
}, {
  "kecamatan" : "Turikale",
  "kelurahan" : "Adatongeng",
  "kodepos" : "90516"
}, {
  "kecamatan" : "Maros Baru",
  "kelurahan" : "Baju Bodoa",
  "kodepos" : "90515"
}, {
  "kecamatan" : "Lau",
  "kelurahan" : "Soreang",
  "kodepos" : "90513"
}, {
  "kecamatan" : "Lau",
  "kelurahan" : "Allepolea",
  "kodepos" : "90514"
}, {
  "kecamatan" : "Lau",
  "kelurahan" : "Mattiro Deceng",
  "kodepos" : "90513"
}, {
  "kecamatan" : "Lau",
  "kelurahan" : "Marrannu",
  "kodepos" : "90513"
}, {
  "kecamatan" : "Lau",
  "kelurahan" : "Maccini Baji",
  "kodepos" : "90513"
}, {
  "kecamatan" : "Lau",
  "kelurahan" : "Bonto Marannu",
  "kodepos" : "90513"
}, {
  "kecamatan" : "Turikale",
  "kelurahan" : "Bori Bellaya",
  "kodepos" : "90512"
}, {
  "kecamatan" : "Maros Baru",
  "kelurahan" : "Bori Kamase",
  "kodepos" : "90512"
}, {
  "kecamatan" : "Turikale",
  "kelurahan" : "Raya",
  "kodepos" : "90511"
}, {
  "kecamatan" : "Turikale",
  "kelurahan" : "Turikale",
  "kodepos" : "90511"
}, {
  "kecamatan" : "Maros Baru",
  "kelurahan" : "Majannang",
  "kodepos" : "90511"
}, {
  "kecamatan" : "Maros Baru",
  "kelurahan" : "Mattiro Tasi",
  "kodepos" : "90511"
}, {
  "kecamatan" : "Maros Baru",
  "kelurahan" : "Borimasunggu",
  "kodepos" : "90511"
}, {
  "kecamatan" : "Turikale",
  "kelurahan" : "Alliritengae",
  "kodepos" : "90511"
} ]
