[ {
  "kecamatan" : "Sinjai Timur",
  "kelurahan" : "Tongke-Tongke",
  "kodepos" : "92671"
}, {
  "kecamatan" : "Sinjai Timur",
  "kelurahan" : "Sanjai",
  "kodepos" : "92671"
}, {
  "kecamatan" : "Sinjai Timur",
  "kelurahan" : "Saukang",
  "kodepos" : "92671"
}, {
  "kecamatan" : "Sinjai Timur",
  "kelurahan" : "Samataring",
  "kodepos" : "92671"
}, {
  "kecamatan" : "Sinjai Timur",
  "kelurahan" : "Salohe",
  "kodepos" : "92671"
}, {
  "kecamatan" : "Sinjai Timur",
  "kelurahan" : "Pasimarannu",
  "kodepos" : "92671"
}, {
  "kecamatan" : "Sinjai Timur",
  "kelurahan" : "Pattalassang",
  "kodepos" : "92671"
}, {
  "kecamatan" : "Sinjai Timur",
  "kelurahan" : "Lasiai",
  "kodepos" : "92671"
}, {
  "kecamatan" : "Sinjai Timur",
  "kelurahan" : "Panaikang",
  "kodepos" : "92671"
}, {
  "kecamatan" : "Sinjai Timur",
  "kelurahan" : "Bongki Lengkese",
  "kodepos" : "92671"
}, {
  "kecamatan" : "Sinjai Timur",
  "kelurahan" : "Kaloling",
  "kodepos" : "92671"
}, {
  "kecamatan" : "Sinjai Timur",
  "kelurahan" : "Kampala",
  "kodepos" : "92671"
}, {
  "kecamatan" : "Sinjai Timur",
  "kelurahan" : "Biroro",
  "kodepos" : "92671"
}, {
  "kecamatan" : "Sinjai Borong",
  "kelurahan" : "Kassi Buleng",
  "kodepos" : "92662"
}, {
  "kecamatan" : "Sinjai Borong",
  "kelurahan" : "Pasir Putih",
  "kodepos" : "92662"
}, {
  "kecamatan" : "Sinjai Borong",
  "kelurahan" : "Bonto Tengnga",
  "kodepos" : "92662"
}, {
  "kecamatan" : "Sinjai Borong",
  "kelurahan" : "Bonto Katute",
  "kodepos" : "92662"
}, {
  "kecamatan" : "Sinjai Borong",
  "kelurahan" : "Bonto Sinala",
  "kodepos" : "92662"
}, {
  "kecamatan" : "Sinjai Borong",
  "kelurahan" : "Barambang",
  "kodepos" : "92662"
}, {
  "kecamatan" : "Sinjai Borong",
  "kelurahan" : "Batu Belerang",
  "kodepos" : "92662"
}, {
  "kecamatan" : "Sinjai Borong",
  "kelurahan" : "Biji Nangka",
  "kodepos" : "92662"
}, {
  "kecamatan" : "Sinjai Selatan",
  "kelurahan" : "Songing",
  "kodepos" : "92661"
}, {
  "kecamatan" : "Sinjai Selatan",
  "kelurahan" : "Talle",
  "kodepos" : "92661"
}, {
  "kecamatan" : "Sinjai Selatan",
  "kelurahan" : "Sangiasseri",
  "kodepos" : "92661"
}, {
  "kecamatan" : "Sinjai Selatan",
  "kelurahan" : "Puncak",
  "kodepos" : "92661"
}, {
  "kecamatan" : "Sinjai Selatan",
  "kelurahan" : "Palae",
  "kodepos" : "92661"
}, {
  "kecamatan" : "Sinjai Selatan",
  "kelurahan" : "Palangka",
  "kodepos" : "92661"
}, {
  "kecamatan" : "Sinjai Selatan",
  "kelurahan" : "Polewali",
  "kodepos" : "92661"
}, {
  "kecamatan" : "Sinjai Selatan",
  "kelurahan" : "Gareccing",
  "kodepos" : "92661"
}, {
  "kecamatan" : "Sinjai Selatan",
  "kelurahan" : "Bulu Kamase",
  "kodepos" : "92661"
}, {
  "kecamatan" : "Sinjai Selatan",
  "kelurahan" : "Alenangka",
  "kodepos" : "92661"
}, {
  "kecamatan" : "Sinjai Selatan",
  "kelurahan" : "Aska",
  "kodepos" : "92661"
}, {
  "kecamatan" : "Bulupoddo",
  "kelurahan" : "Tompobulu",
  "kodepos" : "92654"
}, {
  "kecamatan" : "Bulupoddo",
  "kelurahan" : "Lappacinrana",
  "kodepos" : "92654"
}, {
  "kecamatan" : "Bulupoddo",
  "kelurahan" : "Lamatti Riattang",
  "kodepos" : "92654"
}, {
  "kecamatan" : "Bulupoddo",
  "kelurahan" : "Lamatti Riawang",
  "kodepos" : "92654"
}, {
  "kecamatan" : "Bulupoddo",
  "kelurahan" : "Lamatti Riaja",
  "kodepos" : "92654"
}, {
  "kecamatan" : "Bulupoddo",
  "kelurahan" : "Bulu Tellue",
  "kodepos" : "92654"
}, {
  "kecamatan" : "Bulupoddo",
  "kelurahan" : "Duampanuae",
  "kodepos" : "92654"
}, {
  "kecamatan" : "Sinjai Barat",
  "kelurahan" : "Turungan Baji",
  "kodepos" : "92653"
}, {
  "kecamatan" : "Sinjai Barat",
  "kelurahan" : "Terasa",
  "kodepos" : "92653"
}, {
  "kecamatan" : "Sinjai Barat",
  "kelurahan" : "Tassililu",
  "kodepos" : "92653"
}, {
  "kecamatan" : "Sinjai Barat",
  "kelurahan" : "Bonto Salama",
  "kodepos" : "92653"
}, {
  "kecamatan" : "Sinjai Barat",
  "kelurahan" : "Boto Lempangan",
  "kodepos" : "92653"
}, {
  "kecamatan" : "Sinjai Barat",
  "kelurahan" : "Gunung Perak",
  "kodepos" : "92653"
}, {
  "kecamatan" : "Sinjai Barat",
  "kelurahan" : "Balakia",
  "kodepos" : "92653"
}, {
  "kecamatan" : "Sinjai Barat",
  "kelurahan" : "Barania",
  "kodepos" : "92653"
}, {
  "kecamatan" : "Sinjai Barat",
  "kelurahan" : "Arabika",
  "kodepos" : "92653"
}, {
  "kecamatan" : "Sinjai Tengah",
  "kelurahan" : "Saotanre",
  "kodepos" : "92652"
}, {
  "kecamatan" : "Sinjai Tengah",
  "kelurahan" : "Saotengnga",
  "kodepos" : "92652"
}, {
  "kecamatan" : "Sinjai Tengah",
  "kelurahan" : "Samaenre",
  "kodepos" : "92652"
}, {
  "kecamatan" : "Sinjai Tengah",
  "kelurahan" : "Saohiring",
  "kodepos" : "92652"
}, {
  "kecamatan" : "Sinjai Tengah",
  "kelurahan" : "Mattunreng Tellue",
  "kodepos" : "92652"
}, {
  "kecamatan" : "Sinjai Tengah",
  "kelurahan" : "Pattongko",
  "kodepos" : "92652"
}, {
  "kecamatan" : "Sinjai Tengah",
  "kelurahan" : "Kanrung",
  "kodepos" : "92652"
}, {
  "kecamatan" : "Sinjai Tengah",
  "kelurahan" : "Kompang",
  "kodepos" : "92652"
}, {
  "kecamatan" : "Sinjai Tengah",
  "kelurahan" : "Gantarang",
  "kodepos" : "92652"
}, {
  "kecamatan" : "Sinjai Tengah",
  "kelurahan" : "Bonto",
  "kodepos" : "92652"
}, {
  "kecamatan" : "Sinjai Tengah",
  "kelurahan" : "Baru",
  "kodepos" : "92652"
}, {
  "kecamatan" : "Pulau Sembilan",
  "kelurahan" : "Pulau Padaelo",
  "kodepos" : "92616"
}, {
  "kecamatan" : "Pulau Sembilan",
  "kelurahan" : "Pulau Persatuan",
  "kodepos" : "92616"
}, {
  "kecamatan" : "Pulau Sembilan",
  "kelurahan" : "Pulau Buhung Pitue",
  "kodepos" : "92616"
}, {
  "kecamatan" : "Pulau Sembilan",
  "kelurahan" : "Pulau Harapan",
  "kodepos" : "92616"
}, {
  "kecamatan" : "Sinjai Utara",
  "kelurahan" : "Alewanuae",
  "kodepos" : "92616"
}, {
  "kecamatan" : "Sinjai Utara",
  "kelurahan" : "Lamatti Rilau",
  "kodepos" : "92613"
}, {
  "kecamatan" : "Sinjai Utara",
  "kelurahan" : "Lappa",
  "kodepos" : "92614"
}, {
  "kecamatan" : "Sinjai Utara",
  "kelurahan" : "Bongki",
  "kodepos" : "92615"
}, {
  "kecamatan" : "Sinjai Utara",
  "kelurahan" : "Biringere",
  "kodepos" : "92611"
}, {
  "kecamatan" : "Sinjai Utara",
  "kelurahan" : "Balangnipa",
  "kodepos" : "92612"
}, {
  "kecamatan" : "Tellu Limpoe",
  "kelurahan" : "Tellu Limpoe",
  "kodepos" : "91671"
}, {
  "kecamatan" : "Tellu Limpoe",
  "kelurahan" : "Saotengah",
  "kodepos" : "91671"
}, {
  "kecamatan" : "Tellu Limpoe",
  "kelurahan" : "Sukamaju",
  "kodepos" : "91671"
}, {
  "kecamatan" : "Tellu Limpoe",
  "kelurahan" : "Samaturue",
  "kodepos" : "91671"
}, {
  "kecamatan" : "Tellu Limpoe",
  "kelurahan" : "Lembang Lohe",
  "kodepos" : "91671"
}, {
  "kecamatan" : "Tellu Limpoe",
  "kelurahan" : "Mannanti",
  "kodepos" : "91671"
}, {
  "kecamatan" : "Tellu Limpoe",
  "kelurahan" : "Massaile",
  "kodepos" : "91671"
}, {
  "kecamatan" : "Tellu Limpoe",
  "kelurahan" : "Kalobba",
  "kodepos" : "91671"
}, {
  "kecamatan" : "Tellu Limpoe",
  "kelurahan" : "Erabaru",
  "kodepos" : "91671"
}, {
  "kecamatan" : "Tellu Limpoe",
  "kelurahan" : "Bua",
  "kodepos" : "91671"
} ]
