[ {
  "kecamatan" : "Rumbia",
  "kelurahan" : "Bontotiro",
  "kodepos" : "92572"
}, {
  "kecamatan" : "Rumbia",
  "kelurahan" : "Loka",
  "kodepos" : "92516"
}, {
  "kecamatan" : "Rumbia",
  "kelurahan" : "Ujung Bulu",
  "kodepos" : "92371"
}, {
  "kecamatan" : "Rumbia",
  "kelurahan" : "Tompobulu",
  "kodepos" : "92371"
}, {
  "kecamatan" : "Kelara",
  "kelurahan" : "Tombolo (Tombo)",
  "kodepos" : "92371"
}, {
  "kecamatan" : "Kelara",
  "kelurahan" : "Tolo Timur",
  "kodepos" : "92371"
}, {
  "kecamatan" : "Kelara",
  "kelurahan" : "Tolo Utara",
  "kodepos" : "92371"
}, {
  "kecamatan" : "Kelara",
  "kelurahan" : "Tolo",
  "kodepos" : "92371"
}, {
  "kecamatan" : "Kelara",
  "kelurahan" : "Tolo Barat",
  "kodepos" : "92371"
}, {
  "kecamatan" : "Kelara",
  "kelurahan" : "Tolo Selatan",
  "kodepos" : "92371"
}, {
  "kecamatan" : "Kelara",
  "kelurahan" : "Samataring",
  "kodepos" : "92371"
}, {
  "kecamatan" : "Rumbia",
  "kelurahan" : "Rumbia",
  "kodepos" : "92371"
}, {
  "kecamatan" : "Rumbia",
  "kelurahan" : "Lebang Manai Utara",
  "kodepos" : "92371"
}, {
  "kecamatan" : "Rumbia",
  "kelurahan" : "Pallantikang",
  "kodepos" : "92371"
}, {
  "kecamatan" : "Rumbia",
  "kelurahan" : "Kassi",
  "kodepos" : "92371"
}, {
  "kecamatan" : "Rumbia",
  "kelurahan" : "Lebang Manai",
  "kodepos" : "92371"
}, {
  "kecamatan" : "Kelara",
  "kelurahan" : "Gantarang",
  "kodepos" : "92371"
}, {
  "kecamatan" : "Rumbia",
  "kelurahan" : "Bontomanai",
  "kodepos" : "92371"
}, {
  "kecamatan" : "Kelara",
  "kelurahan" : "Bonto Nompo",
  "kodepos" : "92371"
}, {
  "kecamatan" : "Kelara",
  "kelurahan" : "Bontolebang",
  "kodepos" : "92371"
}, {
  "kecamatan" : "Batang",
  "kelurahan" : "Togo-Togo",
  "kodepos" : "92361"
}, {
  "kecamatan" : "Rumbia",
  "kelurahan" : "Bonto Cini",
  "kodepos" : "92371"
}, {
  "kecamatan" : "Tarowang",
  "kelurahan" : "Tarowang",
  "kodepos" : "92361"
}, {
  "kecamatan" : "Tarowang",
  "kelurahan" : "Tino",
  "kodepos" : "92361"
}, {
  "kecamatan" : "Arungkeke",
  "kelurahan" : "Palajau",
  "kodepos" : "92361"
}, {
  "kecamatan" : "Tarowang",
  "kelurahan" : "Pao",
  "kodepos" : "92361"
}, {
  "kecamatan" : "Arungkeke",
  "kelurahan" : "Kalumpang Loe",
  "kodepos" : "92361"
}, {
  "kecamatan" : "Arungkeke",
  "kelurahan" : "Kampala",
  "kodepos" : "92361"
}, {
  "kecamatan" : "Batang",
  "kelurahan" : "Maccinibaji",
  "kodepos" : "92361"
}, {
  "kecamatan" : "Batang",
  "kelurahan" : "Camba-Camba",
  "kodepos" : "92361"
}, {
  "kecamatan" : "Batang",
  "kelurahan" : "Kaluku",
  "kodepos" : "92361"
}, {
  "kecamatan" : "Arungkeke",
  "kelurahan" : "Bulo-Bulo",
  "kodepos" : "92361"
}, {
  "kecamatan" : "Batang",
  "kelurahan" : "Bungeng",
  "kodepos" : "92361"
}, {
  "kecamatan" : "Arungkeke",
  "kelurahan" : "Borong Lamu",
  "kodepos" : "92361"
}, {
  "kecamatan" : "Batang",
  "kelurahan" : "Bontoraya",
  "kodepos" : "92361"
}, {
  "kecamatan" : "Tarowang",
  "kelurahan" : "Bonto Ujung",
  "kodepos" : "92361"
}, {
  "kecamatan" : "Tarowang",
  "kelurahan" : "Bontorappo",
  "kodepos" : "92361"
}, {
  "kecamatan" : "Tarowang",
  "kelurahan" : "Balang Baru",
  "kodepos" : "92361"
}, {
  "kecamatan" : "Tarowang",
  "kelurahan" : "Balang Loe Tarowang",
  "kodepos" : "92361"
}, {
  "kecamatan" : "Arungkeke",
  "kelurahan" : "Arungkeke",
  "kodepos" : "92361"
}, {
  "kecamatan" : "Arungkeke",
  "kelurahan" : "Arungkeke Pallantikang",
  "kodepos" : "92361"
}, {
  "kecamatan" : "Tarowang",
  "kelurahan" : "Allu Taroang",
  "kodepos" : "92361"
}, {
  "kecamatan" : "Bangkala",
  "kelurahan" : "Tombo-Tombolo",
  "kodepos" : "92352"
}, {
  "kecamatan" : "Bangkala Barat",
  "kelurahan" : "Tuju",
  "kodepos" : "92352"
}, {
  "kecamatan" : "Bangkala",
  "kelurahan" : "Punagaya",
  "kodepos" : "92352"
}, {
  "kecamatan" : "Bangkala Barat",
  "kelurahan" : "Pattiro",
  "kodepos" : "92352"
}, {
  "kecamatan" : "Bangkala Barat",
  "kelurahan" : "Pappalluang",
  "kodepos" : "92352"
}, {
  "kecamatan" : "Bangkala",
  "kelurahan" : "Pallengu",
  "kodepos" : "92352"
}, {
  "kecamatan" : "Bangkala",
  "kelurahan" : "Pantai Bahari",
  "kodepos" : "92352"
}, {
  "kecamatan" : "Bangkala",
  "kelurahan" : "Pallantikang",
  "kodepos" : "92352"
}, {
  "kecamatan" : "Bangkala",
  "kelurahan" : "Kapita",
  "kodepos" : "92352"
}, {
  "kecamatan" : "Bangkala",
  "kelurahan" : "Mallasoro",
  "kodepos" : "92352"
}, {
  "kecamatan" : "Bangkala",
  "kelurahan" : "Marayoka",
  "kodepos" : "92352"
}, {
  "kecamatan" : "Bangkala",
  "kelurahan" : "Jenetallasa",
  "kodepos" : "92352"
}, {
  "kecamatan" : "Bangkala",
  "kelurahan" : "Kalimporo",
  "kodepos" : "92352"
}, {
  "kecamatan" : "Bangkala Barat",
  "kelurahan" : "Garassikang",
  "kodepos" : "92352"
}, {
  "kecamatan" : "Bangkala",
  "kelurahan" : "Gunung Silanu",
  "kodepos" : "92352"
}, {
  "kecamatan" : "Bangkala",
  "kelurahan" : "Bontomanai",
  "kodepos" : "92352"
}, {
  "kecamatan" : "Bangkala",
  "kelurahan" : "Bontorannu",
  "kodepos" : "92352"
}, {
  "kecamatan" : "Bangkala Barat",
  "kelurahan" : "Bulujaya",
  "kodepos" : "92352"
}, {
  "kecamatan" : "Bangkala Barat",
  "kelurahan" : "Beroanging",
  "kodepos" : "92352"
}, {
  "kecamatan" : "Bangkala",
  "kelurahan" : "Benteng",
  "kodepos" : "92352"
}, {
  "kecamatan" : "Bangkala Barat",
  "kelurahan" : "Banrimanurung",
  "kodepos" : "92352"
}, {
  "kecamatan" : "Bangkala Barat",
  "kelurahan" : "Barana",
  "kodepos" : "92352"
}, {
  "kecamatan" : "Tamalatea",
  "kelurahan" : "Turatea",
  "kodepos" : "92351"
}, {
  "kecamatan" : "Tamalatea",
  "kelurahan" : "Turatea Timur",
  "kodepos" : "92351"
}, {
  "kecamatan" : "Tamalatea",
  "kelurahan" : "Tonrokassi Barat",
  "kodepos" : "92351"
}, {
  "kecamatan" : "Tamalatea",
  "kelurahan" : "Tonrokassi Timur",
  "kodepos" : "92351"
}, {
  "kecamatan" : "Tamalatea",
  "kelurahan" : "Taman Roya",
  "kodepos" : "92351"
}, {
  "kecamatan" : "Tamalatea",
  "kelurahan" : "Tonrokassi",
  "kodepos" : "92351"
}, {
  "kecamatan" : "Bontoramba",
  "kelurahan" : "Tanammawang",
  "kodepos" : "92351"
}, {
  "kecamatan" : "Tamalatea",
  "kelurahan" : "Manjangloe",
  "kodepos" : "92351"
}, {
  "kecamatan" : "Bontoramba",
  "kelurahan" : "Maero",
  "kodepos" : "92351"
}, {
  "kecamatan" : "Bontoramba",
  "kelurahan" : "Kareloe",
  "kodepos" : "92351"
}, {
  "kecamatan" : "Bontoramba",
  "kelurahan" : "Lentu",
  "kodepos" : "92351"
}, {
  "kecamatan" : "Tamalatea",
  "kelurahan" : "Karelayu",
  "kodepos" : "92351"
}, {
  "kecamatan" : "Bontoramba",
  "kelurahan" : "Datara",
  "kodepos" : "92351"
}, {
  "kecamatan" : "Tamalatea",
  "kelurahan" : "Borongtala",
  "kodepos" : "92351"
}, {
  "kecamatan" : "Bontoramba",
  "kelurahan" : "Bulusibatang",
  "kodepos" : "92351"
}, {
  "kecamatan" : "Bontoramba",
  "kelurahan" : "Bulusuka",
  "kodepos" : "92351"
}, {
  "kecamatan" : "Tamalatea",
  "kelurahan" : "Bontosunggu",
  "kodepos" : "92351"
}, {
  "kecamatan" : "Tamalatea",
  "kelurahan" : "Bontotangnga",
  "kodepos" : "92351"
}, {
  "kecamatan" : "Bontoramba",
  "kelurahan" : "Bontoramba",
  "kodepos" : "92351"
}, {
  "kecamatan" : "Bontoramba",
  "kelurahan" : "Batujala",
  "kodepos" : "92351"
}, {
  "kecamatan" : "Tamalatea",
  "kelurahan" : "Bontojai",
  "kodepos" : "92351"
}, {
  "kecamatan" : "Bontoramba",
  "kelurahan" : "Bangkalaloe",
  "kodepos" : "92351"
}, {
  "kecamatan" : "Bontoramba",
  "kelurahan" : "Baraya",
  "kodepos" : "92351"
}, {
  "kecamatan" : "Bontoramba",
  "kelurahan" : "Balumbungang",
  "kodepos" : "92351"
}, {
  "kecamatan" : "Binamu",
  "kelurahan" : "Monro-Monro",
  "kodepos" : "92316"
}, {
  "kecamatan" : "Binamu",
  "kelurahan" : "Pabiringa",
  "kodepos" : "92316"
}, {
  "kecamatan" : "Binamu",
  "kelurahan" : "Bontoa",
  "kodepos" : "92316"
}, {
  "kecamatan" : "Binamu",
  "kelurahan" : "Empoang Utara",
  "kodepos" : "92316"
}, {
  "kecamatan" : "Binamu",
  "kelurahan" : "Balang",
  "kodepos" : "92315"
}, {
  "kecamatan" : "Binamu",
  "kelurahan" : "Balang Beru",
  "kodepos" : "92316"
}, {
  "kecamatan" : "Binamu",
  "kelurahan" : "Sapanang",
  "kodepos" : "92314"
}, {
  "kecamatan" : "Rumbia",
  "kelurahan" : "Jenetallasa",
  "kodepos" : "92314"
}, {
  "kecamatan" : "Turatea",
  "kelurahan" : "Parasangang Beru",
  "kodepos" : "92313"
}, {
  "kecamatan" : "Turatea",
  "kelurahan" : "Tanjonga",
  "kodepos" : "92313"
}, {
  "kecamatan" : "Turatea",
  "kelurahan" : "Langkura",
  "kodepos" : "92313"
}, {
  "kecamatan" : "Turatea",
  "kelurahan" : "Mangepong",
  "kodepos" : "92313"
}, {
  "kecamatan" : "Turatea",
  "kelurahan" : "Paitana",
  "kodepos" : "92313"
}, {
  "kecamatan" : "Turatea",
  "kelurahan" : "Jombe",
  "kodepos" : "92313"
}, {
  "kecamatan" : "Turatea",
  "kelurahan" : "Kayuloe Timur",
  "kodepos" : "92313"
}, {
  "kecamatan" : "Turatea",
  "kelurahan" : "Bungungloe",
  "kodepos" : "92313"
}, {
  "kecamatan" : "Turatea",
  "kelurahan" : "Bululoe",
  "kodepos" : "92313"
}, {
  "kecamatan" : "Turatea",
  "kelurahan" : "Kayuloe Barat",
  "kodepos" : "92312"
}, {
  "kecamatan" : "Turatea",
  "kelurahan" : "Bontomatene",
  "kodepos" : "92313"
}, {
  "kecamatan" : "Binamu",
  "kelurahan" : "Sidenre",
  "kodepos" : "92311"
}, {
  "kecamatan" : "Binamu",
  "kelurahan" : "Empoang",
  "kodepos" : "92311"
}, {
  "kecamatan" : "Binamu",
  "kelurahan" : "Empoang Selatan",
  "kodepos" : "92311"
}, {
  "kecamatan" : "Binamu",
  "kelurahan" : "Panaikang",
  "kodepos" : "92311"
}, {
  "kecamatan" : "Binamu",
  "kelurahan" : "Balang Toa",
  "kodepos" : "92311"
}, {
  "kecamatan" : "Binamu",
  "kelurahan" : "Biringkassi",
  "kodepos" : "92311"
} ]
