[ {
  "kecamatan" : "Mangara Bombang",
  "kelurahan" : "Topejawa",
  "kodepos" : "92261"
}, {
  "kecamatan" : "Mangara Bombang",
  "kelurahan" : "Panyangkalang",
  "kodepos" : "92261"
}, {
  "kecamatan" : "Mangara Bombang",
  "kelurahan" : "Pattoppakang",
  "kodepos" : "92261"
}, {
  "kecamatan" : "Mangara Bombang",
  "kelurahan" : "Punaga",
  "kodepos" : "92261"
}, {
  "kecamatan" : "Mangara Bombang",
  "kelurahan" : "Lengkese",
  "kodepos" : "92261"
}, {
  "kecamatan" : "Mangara Bombang",
  "kelurahan" : "Mangadu",
  "kodepos" : "92261"
}, {
  "kecamatan" : "Mangara Bombang",
  "kelurahan" : "Cikowang",
  "kodepos" : "92261"
}, {
  "kecamatan" : "Mangara Bombang",
  "kelurahan" : "Laikang",
  "kodepos" : "92261"
}, {
  "kecamatan" : "Mangara Bombang",
  "kelurahan" : "Lakatong",
  "kodepos" : "92261"
}, {
  "kecamatan" : "Mangara Bombang",
  "kelurahan" : "Bontoparang",
  "kodepos" : "92261"
}, {
  "kecamatan" : "Mangara Bombang",
  "kelurahan" : "Banggae",
  "kodepos" : "92261"
}, {
  "kecamatan" : "Mangara Bombang",
  "kelurahan" : "Bontomanai",
  "kodepos" : "92261"
}, {
  "kecamatan" : "Galesong Utara",
  "kelurahan" : "Tamasaju",
  "kodepos" : "92255"
}, {
  "kecamatan" : "Galesong",
  "kelurahan" : "Pattinoang",
  "kodepos" : "92255"
}, {
  "kecamatan" : "Galesong Utara",
  "kelurahan" : "Sampulungan",
  "kodepos" : "92255"
}, {
  "kecamatan" : "Galesong Utara",
  "kelurahan" : "Tamalate",
  "kodepos" : "92255"
}, {
  "kecamatan" : "Galesong",
  "kelurahan" : "Pa&#8217;lalakkang",
  "kodepos" : "92255"
}, {
  "kecamatan" : "Galesong",
  "kelurahan" : "Pa&#8217;rasangang Beru",
  "kodepos" : "92255"
}, {
  "kecamatan" : "Galesong Utara",
  "kelurahan" : "Pakkabba",
  "kodepos" : "92255"
}, {
  "kecamatan" : "Galesong",
  "kelurahan" : "Mappakalompo",
  "kodepos" : "92255"
}, {
  "kecamatan" : "Galesong",
  "kelurahan" : "Kalukuang",
  "kodepos" : "92255"
}, {
  "kecamatan" : "Galesong Utara",
  "kelurahan" : "Bontolebang",
  "kodepos" : "92255"
}, {
  "kecamatan" : "Galesong",
  "kelurahan" : "Campagaya",
  "kodepos" : "92255"
}, {
  "kecamatan" : "Galesong",
  "kelurahan" : "Kalenna Bontongape",
  "kodepos" : "92255"
}, {
  "kecamatan" : "Galesong Utara",
  "kelurahan" : "Bonto Sunggu",
  "kodepos" : "92255"
}, {
  "kecamatan" : "Galesong Utara",
  "kelurahan" : "Bontokaddopepe",
  "kodepos" : "92255"
}, {
  "kecamatan" : "Galesong Utara",
  "kelurahan" : "Bonto Lanra",
  "kodepos" : "92255"
}, {
  "kecamatan" : "Galesong Utara",
  "kelurahan" : "Aeng Batu-Batu",
  "kodepos" : "92255"
}, {
  "kecamatan" : "Galesong Utara",
  "kelurahan" : "Aeng Towa",
  "kodepos" : "92255"
}, {
  "kecamatan" : "Galesong Selatan",
  "kelurahan" : "Popo",
  "kodepos" : "92254"
}, {
  "kecamatan" : "Galesong Selatan",
  "kelurahan" : "Sawakong",
  "kodepos" : "92254"
}, {
  "kecamatan" : "Galesong Selatan",
  "kelurahan" : "Tarowang",
  "kodepos" : "92254"
}, {
  "kecamatan" : "Galesong",
  "kelurahan" : "Parangmata",
  "kodepos" : "92254"
}, {
  "kecamatan" : "Galesong Selatan",
  "kelurahan" : "Mangindara",
  "kodepos" : "92254"
}, {
  "kecamatan" : "Galesong",
  "kelurahan" : "Parambambe",
  "kodepos" : "92254"
}, {
  "kecamatan" : "Galesong Selatan",
  "kelurahan" : "Kale Bentan",
  "kodepos" : "92254"
}, {
  "kecamatan" : "Galesong Selatan",
  "kelurahan" : "Kalukubodo",
  "kodepos" : "92254"
}, {
  "kecamatan" : "Galesong Selatan",
  "kelurahan" : "Kadatong",
  "kodepos" : "92254"
}, {
  "kecamatan" : "Galesong",
  "kelurahan" : "Galesong Baru",
  "kodepos" : "92254"
}, {
  "kecamatan" : "Galesong",
  "kelurahan" : "Galesong Kota",
  "kodepos" : "92254"
}, {
  "kecamatan" : "Galesong Selatan",
  "kelurahan" : "Bontokanang",
  "kodepos" : "92254"
}, {
  "kecamatan" : "Galesong",
  "kelurahan" : "Bontomangape",
  "kodepos" : "92254"
}, {
  "kecamatan" : "Galesong Selatan",
  "kelurahan" : "Bonto Marannu",
  "kodepos" : "92254"
}, {
  "kecamatan" : "Galesong",
  "kelurahan" : "Bonto Loe",
  "kodepos" : "92254"
}, {
  "kecamatan" : "Galesong",
  "kelurahan" : "Boddia",
  "kodepos" : "92254"
}, {
  "kecamatan" : "Galesong Selatan",
  "kelurahan" : "Bonto Kassi",
  "kodepos" : "92254"
}, {
  "kecamatan" : "Galesong Selatan",
  "kelurahan" : "Bentang",
  "kodepos" : "92254"
}, {
  "kecamatan" : "Galesong Selatan",
  "kelurahan" : "Baramamase",
  "kodepos" : "92254"
}, {
  "kecamatan" : "Polombangkeng Selatan (Polobangkeng)",
  "kelurahan" : "Rajaya",
  "kodepos" : "92252"
}, {
  "kecamatan" : "Polombangkeng Selatan (Polobangkeng)",
  "kelurahan" : "Su&#8217;rulangi",
  "kodepos" : "92252"
}, {
  "kecamatan" : "Polombangkeng Selatan (Polobangkeng)",
  "kelurahan" : "Pa Bundukang",
  "kodepos" : "92252"
}, {
  "kecamatan" : "Polombangkeng Selatan (Polobangkeng)",
  "kelurahan" : "Patte Ne",
  "kodepos" : "92252"
}, {
  "kecamatan" : "Polombangkeng Selatan (Polobangkeng)",
  "kelurahan" : "Canrego",
  "kodepos" : "92252"
}, {
  "kecamatan" : "Polombangkeng Selatan (Polobangkeng)",
  "kelurahan" : "Lantang",
  "kodepos" : "92252"
}, {
  "kecamatan" : "Polombangkeng Selatan (Polobangkeng)",
  "kelurahan" : "Moncongkomba",
  "kodepos" : "92252"
}, {
  "kecamatan" : "Polombangkeng Selatan (Polobangkeng)",
  "kelurahan" : "Bulukunyi",
  "kodepos" : "92252"
}, {
  "kecamatan" : "Polombangkeng Selatan (Polobangkeng)",
  "kelurahan" : "Cakura",
  "kodepos" : "92252"
}, {
  "kecamatan" : "Mappakasunggu",
  "kelurahan" : "Tompotana",
  "kodepos" : "92232"
}, {
  "kecamatan" : "Polombangkeng Selatan (Polobangkeng)",
  "kelurahan" : "Bontokadatto",
  "kodepos" : "92252"
}, {
  "kecamatan" : "Mappakasunggu",
  "kelurahan" : "Soreang",
  "kodepos" : "92232"
}, {
  "kecamatan" : "Mappakasunggu",
  "kelurahan" : "Takalar Kota",
  "kodepos" : "92232"
}, {
  "kecamatan" : "Mappakasunggu",
  "kelurahan" : "Patani",
  "kodepos" : "92232"
}, {
  "kecamatan" : "Mappakasunggu",
  "kelurahan" : "Rewataya",
  "kodepos" : "92232"
}, {
  "kecamatan" : "Mappakasunggu",
  "kelurahan" : "Mattirobaji",
  "kodepos" : "92232"
}, {
  "kecamatan" : "Mappakasunggu",
  "kelurahan" : "Pa&#8217;batangang",
  "kodepos" : "92232"
}, {
  "kecamatan" : "Mappakasunggu",
  "kelurahan" : "Balangdatu",
  "kodepos" : "92232"
}, {
  "kecamatan" : "Mappakasunggu",
  "kelurahan" : "Maccinibaji",
  "kodepos" : "92232"
}, {
  "kecamatan" : "Sanrobone",
  "kelurahan" : "Tonasa",
  "kodepos" : "92231"
}, {
  "kecamatan" : "Sanrobone",
  "kelurahan" : "Ujung Baji",
  "kodepos" : "92231"
}, {
  "kecamatan" : "Sanrobone",
  "kelurahan" : "Paddinging",
  "kodepos" : "92231"
}, {
  "kecamatan" : "Sanrobone",
  "kelurahan" : "Sanrobone",
  "kodepos" : "92231"
}, {
  "kecamatan" : "Sanrobone",
  "kelurahan" : "Banyuanyara",
  "kodepos" : "92231"
}, {
  "kecamatan" : "Sanrobone",
  "kelurahan" : "Laguruda",
  "kodepos" : "92231"
}, {
  "kecamatan" : "Polombangkeng Utara (Polobangkeng)",
  "kelurahan" : "Towata",
  "kodepos" : "92221"
}, {
  "kecamatan" : "Polombangkeng Utara (Polobangkeng)",
  "kelurahan" : "Timbuseng",
  "kodepos" : "92221"
}, {
  "kecamatan" : "Polombangkeng Utara (Polobangkeng)",
  "kelurahan" : "Parang Baddo",
  "kodepos" : "92221"
}, {
  "kecamatan" : "Polombangkeng Utara (Polobangkeng)",
  "kelurahan" : "Parang Luara",
  "kodepos" : "92221"
}, {
  "kecamatan" : "Polombangkeng Utara (Polobangkeng)",
  "kelurahan" : "Pa Rappunganta",
  "kodepos" : "92221"
}, {
  "kecamatan" : "Polombangkeng Utara (Polobangkeng)",
  "kelurahan" : "Palleko",
  "kodepos" : "92221"
}, {
  "kecamatan" : "Polombangkeng Utara (Polobangkeng)",
  "kelurahan" : "Panrannuangku",
  "kodepos" : "92221"
}, {
  "kecamatan" : "Polombangkeng Utara (Polobangkeng)",
  "kelurahan" : "Mannongkoki",
  "kodepos" : "92221"
}, {
  "kecamatan" : "Polombangkeng Utara (Polobangkeng)",
  "kelurahan" : "Massamaturu",
  "kodepos" : "92221"
}, {
  "kecamatan" : "Polombangkeng Utara (Polobangkeng)",
  "kelurahan" : "Mattompodalle",
  "kodepos" : "92221"
}, {
  "kecamatan" : "Polombangkeng Utara (Polobangkeng)",
  "kelurahan" : "Lassang",
  "kodepos" : "92221"
}, {
  "kecamatan" : "Polombangkeng Utara (Polobangkeng)",
  "kelurahan" : "Lassang Barat",
  "kodepos" : "92221"
}, {
  "kecamatan" : "Polombangkeng Utara (Polobangkeng)",
  "kelurahan" : "Malewang",
  "kodepos" : "92221"
}, {
  "kecamatan" : "Polombangkeng Utara (Polobangkeng)",
  "kelurahan" : "Kampung Beru",
  "kodepos" : "92221"
}, {
  "kecamatan" : "Polombangkeng Utara (Polobangkeng)",
  "kelurahan" : "Ko Mara",
  "kodepos" : "92221"
}, {
  "kecamatan" : "Polombangkeng Utara (Polobangkeng)",
  "kelurahan" : "Balangtanaya",
  "kodepos" : "92221"
}, {
  "kecamatan" : "Polombangkeng Utara (Polobangkeng)",
  "kelurahan" : "Barugaya",
  "kodepos" : "92221"
}, {
  "kecamatan" : "Polombangkeng Utara (Polobangkeng)",
  "kelurahan" : "Kale Ko&#8217;mara",
  "kodepos" : "92221"
}, {
  "kecamatan" : "Patallassang",
  "kelurahan" : "Sabintang",
  "kodepos" : "92211"
}, {
  "kecamatan" : "Patallassang",
  "kelurahan" : "Salaka",
  "kodepos" : "92211"
}, {
  "kecamatan" : "Patallassang",
  "kelurahan" : "Sombala Bella",
  "kodepos" : "92211"
}, {
  "kecamatan" : "Patallassang",
  "kelurahan" : "Pappa",
  "kodepos" : "92211"
}, {
  "kecamatan" : "Patallassang",
  "kelurahan" : "Pattallassang",
  "kodepos" : "92211"
}, {
  "kecamatan" : "Patallassang",
  "kelurahan" : "Kalabbirang",
  "kodepos" : "92211"
}, {
  "kecamatan" : "Patallassang",
  "kelurahan" : "Maradekaya",
  "kodepos" : "92211"
}, {
  "kecamatan" : "Patallassang",
  "kelurahan" : "Pallantikang",
  "kodepos" : "92211"
}, {
  "kecamatan" : "Patallassang",
  "kelurahan" : "Bajeng",
  "kodepos" : "92211"
} ]
