[ {
  "kecamatan" : "Pattallassang",
  "kelurahan" : "Palantikang (Pallantikang)",
  "kodepos" : "92215"
}, {
  "kecamatan" : "Bontolempangang",
  "kelurahan" : "Ulujangan",
  "kodepos" : "92176"
}, {
  "kecamatan" : "Bungaya",
  "kelurahan" : "Rannaloe",
  "kodepos" : "92176"
}, {
  "kecamatan" : "Bungaya",
  "kelurahan" : "Sapaya",
  "kodepos" : "92176"
}, {
  "kecamatan" : "Bungaya",
  "kelurahan" : "Mangempang",
  "kodepos" : "92176"
}, {
  "kecamatan" : "Bontolempangang",
  "kelurahan" : "Paladingang",
  "kodepos" : "92176"
}, {
  "kecamatan" : "Bungaya",
  "kelurahan" : "Mangempang",
  "kodepos" : "92176"
}, {
  "kecamatan" : "Bontolempangang",
  "kelurahan" : "Julumatene",
  "kodepos" : "92176"
}, {
  "kecamatan" : "Bontolempangang",
  "kelurahan" : "Lassa Lassa",
  "kodepos" : "92176"
}, {
  "kecamatan" : "Bungaya",
  "kelurahan" : "Buakkang",
  "kodepos" : "92176"
}, {
  "kecamatan" : "Bungaya",
  "kelurahan" : "Jenebatu",
  "kodepos" : "92176"
}, {
  "kecamatan" : "Bontolempangang",
  "kelurahan" : "Bontotangnga",
  "kodepos" : "92176"
}, {
  "kecamatan" : "Bungaya",
  "kelurahan" : "Bontomanai",
  "kodepos" : "92176"
}, {
  "kecamatan" : "Bontolempangang",
  "kelurahan" : "Bontolempangan",
  "kodepos" : "92176"
}, {
  "kecamatan" : "Bontolempangang",
  "kelurahan" : "Bontoloe",
  "kodepos" : "92176"
}, {
  "kecamatan" : "Bungaya",
  "kelurahan" : "Bissoloro",
  "kodepos" : "92176"
}, {
  "kecamatan" : "Tompobulu",
  "kelurahan" : "Tanete",
  "kodepos" : "92175"
}, {
  "kecamatan" : "Tompobulu",
  "kelurahan" : "Malakaji",
  "kodepos" : "92175"
}, {
  "kecamatan" : "Tompobulu",
  "kelurahan" : "Rappoala",
  "kodepos" : "92175"
}, {
  "kecamatan" : "Tompobulu",
  "kelurahan" : "Rappolemba",
  "kodepos" : "92175"
}, {
  "kecamatan" : "Tompobulu",
  "kelurahan" : "Datara",
  "kodepos" : "92175"
}, {
  "kecamatan" : "Tompobulu",
  "kelurahan" : "Garing",
  "kodepos" : "92175"
}, {
  "kecamatan" : "Tompobulu",
  "kelurahan" : "Cikoro",
  "kodepos" : "92175"
}, {
  "kecamatan" : "Tompobulu",
  "kelurahan" : "Bontobuddung",
  "kodepos" : "92175"
}, {
  "kecamatan" : "Parigi",
  "kelurahan" : "Sicini",
  "kodepos" : "92174"
}, {
  "kecamatan" : "Tinggimoncong",
  "kelurahan" : "Pattapang",
  "kodepos" : "92174"
}, {
  "kecamatan" : "Tinggimoncong",
  "kelurahan" : "Parigi",
  "kodepos" : "92174"
}, {
  "kecamatan" : "Tinggimoncong",
  "kelurahan" : "Malino",
  "kodepos" : "92174"
}, {
  "kecamatan" : "Parigi",
  "kelurahan" : "Majannang",
  "kodepos" : "92174"
}, {
  "kecamatan" : "Parigi",
  "kelurahan" : "Manimbahoi",
  "kodepos" : "92174"
}, {
  "kecamatan" : "Parigi",
  "kelurahan" : "Jonjo",
  "kodepos" : "92174"
}, {
  "kecamatan" : "Tinggimoncong",
  "kelurahan" : "Garassi",
  "kodepos" : "92174"
}, {
  "kecamatan" : "Tinggimoncong",
  "kelurahan" : "Bonto Lerung",
  "kodepos" : "92174"
}, {
  "kecamatan" : "Tinggimoncong",
  "kelurahan" : "Buluttana (Bulutana)",
  "kodepos" : "92174"
}, {
  "kecamatan" : "Tinggimoncong",
  "kelurahan" : "Gantarang",
  "kodepos" : "92174"
}, {
  "kecamatan" : "Manuju",
  "kelurahan" : "Tassese",
  "kodepos" : "92173"
}, {
  "kecamatan" : "Parigi",
  "kelurahan" : "Bilanrengi",
  "kodepos" : "92174"
}, {
  "kecamatan" : "Manuju",
  "kelurahan" : "Tamalatea",
  "kodepos" : "92173"
}, {
  "kecamatan" : "Manuju",
  "kelurahan" : "Tanakkaraeng",
  "kodepos" : "92173"
}, {
  "kecamatan" : "Manuju",
  "kelurahan" : "Moncongloe",
  "kodepos" : "92173"
}, {
  "kecamatan" : "Manuju",
  "kelurahan" : "Pattallikang",
  "kodepos" : "92173"
}, {
  "kecamatan" : "Manuju",
  "kelurahan" : "Manuju",
  "kodepos" : "92173"
}, {
  "kecamatan" : "Parangloe",
  "kelurahan" : "Lanna",
  "kodepos" : "92173"
}, {
  "kecamatan" : "Parangloe",
  "kelurahan" : "Lonjoboko",
  "kodepos" : "92173"
}, {
  "kecamatan" : "Parangloe",
  "kelurahan" : "Bontokassi",
  "kodepos" : "92173"
}, {
  "kecamatan" : "Parangloe",
  "kelurahan" : "Bontoparang",
  "kodepos" : "92173"
}, {
  "kecamatan" : "Parangloe",
  "kelurahan" : "Borisalo (Borisallo)",
  "kodepos" : "92173"
}, {
  "kecamatan" : "Manuju",
  "kelurahan" : "Bilalang (Billang)",
  "kodepos" : "92173"
}, {
  "kecamatan" : "Parangloe",
  "kelurahan" : "Belabori",
  "kodepos" : "92173"
}, {
  "kecamatan" : "Parangloe",
  "kelurahan" : "Belapunranga",
  "kodepos" : "92173"
}, {
  "kecamatan" : "Tombolo Pao",
  "kelurahan" : "Tonasa",
  "kodepos" : "92171"
}, {
  "kecamatan" : "Tombolo Pao",
  "kelurahan" : "Tamaona",
  "kodepos" : "92171"
}, {
  "kecamatan" : "Pattallassang",
  "kelurahan" : "Timbuseng",
  "kodepos" : "92171"
}, {
  "kecamatan" : "Tombolo Pao",
  "kelurahan" : "Tabbinjai",
  "kodepos" : "92171"
}, {
  "kecamatan" : "Pattallassang",
  "kelurahan" : "Sunggumanai",
  "kodepos" : "92171"
}, {
  "kecamatan" : "Bontomarannu",
  "kelurahan" : "Romangloe",
  "kodepos" : "92171"
}, {
  "kecamatan" : "Bontomarannu",
  "kelurahan" : "Sokkolia",
  "kodepos" : "92171"
}, {
  "kecamatan" : "Bontomarannu",
  "kelurahan" : "Romang Lompoa",
  "kodepos" : "92171"
}, {
  "kecamatan" : "Pattallassang",
  "kelurahan" : "Pattalassang",
  "kodepos" : "92171"
}, {
  "kecamatan" : "Tombolo Pao",
  "kelurahan" : "Pao",
  "kodepos" : "92171"
}, {
  "kecamatan" : "Pattallassang",
  "kelurahan" : "Panaikang",
  "kodepos" : "92171"
}, {
  "kecamatan" : "Bontomarannu",
  "kelurahan" : "Pakatto",
  "kodepos" : "92171"
}, {
  "kecamatan" : "Pattallassang",
  "kelurahan" : "Pacellekang",
  "kodepos" : "92171"
}, {
  "kecamatan" : "Bontomarannu",
  "kelurahan" : "Nirannuang",
  "kodepos" : "92171"
}, {
  "kecamatan" : "Tombolo Pao",
  "kelurahan" : "Mamampang",
  "kodepos" : "92171"
}, {
  "kecamatan" : "Bontomarannu",
  "kelurahan" : "Mata Allo",
  "kodepos" : "92171"
}, {
  "kecamatan" : "Tombolo Pao",
  "kelurahan" : "Kanreapia",
  "kodepos" : "92171"
}, {
  "kecamatan" : "Pattallassang",
  "kelurahan" : "Jenemadinging",
  "kodepos" : "92171"
}, {
  "kecamatan" : "Bontomarannu",
  "kelurahan" : "Borongloe",
  "kodepos" : "92171"
}, {
  "kecamatan" : "Tombolo Pao",
  "kelurahan" : "Erelembang",
  "kodepos" : "92171"
}, {
  "kecamatan" : "Pattallassang",
  "kelurahan" : "Borong Pa Lala",
  "kodepos" : "92171"
}, {
  "kecamatan" : "Bontomarannu",
  "kelurahan" : "Bontomanai",
  "kodepos" : "92171"
}, {
  "kecamatan" : "Tombolo Pao",
  "kelurahan" : "Bolaromang",
  "kodepos" : "92171"
}, {
  "kecamatan" : "Bontomarannu",
  "kelurahan" : "Bili-Bili",
  "kodepos" : "92171"
}, {
  "kecamatan" : "Tombolo Pao",
  "kelurahan" : "Balassuka",
  "kodepos" : "92171"
}, {
  "kecamatan" : "Pallangga",
  "kelurahan" : "Tetebatu",
  "kodepos" : "92161"
}, {
  "kecamatan" : "Pallangga",
  "kelurahan" : "Toddotoa",
  "kodepos" : "92161"
}, {
  "kecamatan" : "Pallangga",
  "kelurahan" : "Taeng",
  "kodepos" : "92161"
}, {
  "kecamatan" : "Pallangga",
  "kelurahan" : "Pangkabinanga",
  "kodepos" : "92161"
}, {
  "kecamatan" : "Pallangga",
  "kelurahan" : "Parang Banoa",
  "kodepos" : "92161"
}, {
  "kecamatan" : "Pallangga",
  "kelurahan" : "Panakkukang",
  "kodepos" : "92161"
}, {
  "kecamatan" : "Pallangga",
  "kelurahan" : "Mangalili",
  "kodepos" : "92161"
}, {
  "kecamatan" : "Pallangga",
  "kelurahan" : "Pallangga",
  "kodepos" : "92161"
}, {
  "kecamatan" : "Pallangga",
  "kelurahan" : "Julupamai",
  "kodepos" : "92161"
}, {
  "kecamatan" : "Pallangga",
  "kelurahan" : "Kampili",
  "kodepos" : "92161"
}, {
  "kecamatan" : "Pallangga",
  "kelurahan" : "Julukanaya",
  "kodepos" : "92161"
}, {
  "kecamatan" : "Pallangga",
  "kelurahan" : "Julukanaya",
  "kodepos" : "92161"
}, {
  "kecamatan" : "Pallangga",
  "kelurahan" : "Bungaejaya",
  "kodepos" : "92161"
}, {
  "kecamatan" : "Pallangga",
  "kelurahan" : "Jenetallasa",
  "kodepos" : "92161"
}, {
  "kecamatan" : "Pallangga",
  "kelurahan" : "Bontoramba",
  "kodepos" : "92161"
}, {
  "kecamatan" : "Pallangga",
  "kelurahan" : "Bontoala",
  "kodepos" : "92161"
}, {
  "kecamatan" : "Bontonompo Selatan",
  "kelurahan" : "Tindang",
  "kodepos" : "92153"
}, {
  "kecamatan" : "Bontonompo Selatan",
  "kelurahan" : "Tanrara",
  "kodepos" : "92153"
}, {
  "kecamatan" : "Bontonompo",
  "kelurahan" : "Tamallayang",
  "kodepos" : "92153"
}, {
  "kecamatan" : "Bontonompo Selatan",
  "kelurahan" : "Salajo",
  "kodepos" : "92153"
}, {
  "kecamatan" : "Bontonompo Selatan",
  "kelurahan" : "Sengka",
  "kodepos" : "92153"
}, {
  "kecamatan" : "Bontonompo",
  "kelurahan" : "Romanglasa",
  "kodepos" : "92153"
}, {
  "kecamatan" : "Bontonompo Selatan",
  "kelurahan" : "Salajengki (Salajangki)",
  "kodepos" : "92153"
}, {
  "kecamatan" : "Bontonompo",
  "kelurahan" : "Katangka",
  "kodepos" : "92153"
}, {
  "kecamatan" : "Bontonompo",
  "kelurahan" : "Manjapai",
  "kodepos" : "92153"
}, {
  "kecamatan" : "Bontonompo Selatan",
  "kelurahan" : "Pabundukang",
  "kodepos" : "92153"
}, {
  "kecamatan" : "Bontonompo",
  "kelurahan" : "Kalaserena",
  "kodepos" : "92153"
}, {
  "kecamatan" : "Bontonompo",
  "kelurahan" : "Kalebarembeng",
  "kodepos" : "92153"
}, {
  "kecamatan" : "Bontonompo Selatan",
  "kelurahan" : "Jipang",
  "kodepos" : "92153"
}, {
  "kecamatan" : "Bontonompo",
  "kelurahan" : "Bulogading",
  "kodepos" : "92153"
}, {
  "kecamatan" : "Bontonompo Selatan",
  "kelurahan" : "Bontoramba",
  "kodepos" : "92153"
}, {
  "kecamatan" : "Bontonompo",
  "kelurahan" : "Bulogading",
  "kodepos" : "92153"
}, {
  "kecamatan" : "Bontonompo",
  "kelurahan" : "Bontonompo",
  "kodepos" : "92153"
}, {
  "kecamatan" : "Bontonompo",
  "kelurahan" : "Bontolangkasa Selatan",
  "kodepos" : "92153"
}, {
  "kecamatan" : "Bontonompo",
  "kelurahan" : "Bontolangkasa Utara",
  "kodepos" : "92153"
}, {
  "kecamatan" : "Bontonompo",
  "kelurahan" : "Bontobiraeng",
  "kodepos" : "92153"
}, {
  "kecamatan" : "Bontonompo",
  "kelurahan" : "Bontobiraeng Selatan",
  "kodepos" : "92153"
}, {
  "kecamatan" : "Bontonompo",
  "kelurahan" : "Barembeng",
  "kodepos" : "92153"
}, {
  "kecamatan" : "Bontonompo",
  "kelurahan" : "Bategulung",
  "kodepos" : "92153"
}, {
  "kecamatan" : "Bajeng",
  "kelurahan" : "Tangkebajeng",
  "kodepos" : "92152"
}, {
  "kecamatan" : "Bajeng",
  "kelurahan" : "Tubajeng",
  "kodepos" : "92152"
}, {
  "kecamatan" : "Bajeng Barat",
  "kelurahan" : "Tanabangka",
  "kodepos" : "92152"
}, {
  "kecamatan" : "Bajeng",
  "kelurahan" : "Paraikate (Paraikatte)",
  "kodepos" : "92152"
}, {
  "kecamatan" : "Bajeng",
  "kelurahan" : "Panciro",
  "kodepos" : "92152"
}, {
  "kecamatan" : "Bajeng",
  "kelurahan" : "Panyangkalang",
  "kodepos" : "92152"
}, {
  "kecamatan" : "Bajeng",
  "kelurahan" : "Mata Allo",
  "kodepos" : "92152"
}, {
  "kecamatan" : "Bajeng",
  "kelurahan" : "Pabentengan",
  "kodepos" : "92152"
}, {
  "kecamatan" : "Bajeng Barat",
  "kelurahan" : "Manjalling",
  "kodepos" : "92152"
}, {
  "kecamatan" : "Bajeng",
  "kelurahan" : "Maradekaya",
  "kodepos" : "92152"
}, {
  "kecamatan" : "Bajeng Barat",
  "kelurahan" : "Mandalle (Mandale)",
  "kodepos" : "92152"
}, {
  "kecamatan" : "Bajeng",
  "kelurahan" : "Maccinibaji",
  "kodepos" : "92152"
}, {
  "kecamatan" : "Bajeng",
  "kelurahan" : "Lempangang",
  "kodepos" : "92152"
}, {
  "kecamatan" : "Bajeng",
  "kelurahan" : "Limbung",
  "kodepos" : "92152"
}, {
  "kecamatan" : "Bajeng Barat",
  "kelurahan" : "Kalemandalle",
  "kodepos" : "92152"
}, {
  "kecamatan" : "Bajeng",
  "kelurahan" : "Kalebajeng",
  "kodepos" : "92152"
}, {
  "kecamatan" : "Bajeng Barat",
  "kelurahan" : "Borimatangkasa",
  "kodepos" : "92152"
}, {
  "kecamatan" : "Bajeng Barat",
  "kelurahan" : "Gentungang",
  "kodepos" : "92152"
}, {
  "kecamatan" : "Bajeng Barat",
  "kelurahan" : "Bontomanai",
  "kodepos" : "92152"
}, {
  "kecamatan" : "Bajeng",
  "kelurahan" : "Bontosunggu",
  "kodepos" : "92152"
}, {
  "kecamatan" : "Bajeng",
  "kelurahan" : "Bone",
  "kodepos" : "92152"
}, {
  "kecamatan" : "Somba Opu (Upu)",
  "kelurahan" : "Mawang",
  "kodepos" : "92119"
}, {
  "kecamatan" : "Somba Opu (Upu)",
  "kelurahan" : "Bontoramba",
  "kodepos" : "92119"
}, {
  "kecamatan" : "Somba Opu (Upu)",
  "kelurahan" : "Batangkaluku",
  "kodepos" : "92117"
}, {
  "kecamatan" : "Somba Opu (Upu)",
  "kelurahan" : "Romangpolong",
  "kodepos" : "92118"
}, {
  "kecamatan" : "Somba Opu (Upu)",
  "kelurahan" : "Kalegowa",
  "kodepos" : "92116"
}, {
  "kecamatan" : "Somba Opu (Upu)",
  "kelurahan" : "Tombolo",
  "kodepos" : "92114"
}, {
  "kecamatan" : "Somba Opu (Upu)",
  "kelurahan" : "Pandang Pandang",
  "kodepos" : "92115"
}, {
  "kecamatan" : "Somba Opu (Upu)",
  "kelurahan" : "Samata",
  "kodepos" : "92113"
}, {
  "kecamatan" : "Somba Opu (Upu)",
  "kelurahan" : "Katangka",
  "kodepos" : "92114"
}, {
  "kecamatan" : "Somba Opu (Upu)",
  "kelurahan" : "Tompobalang",
  "kodepos" : "92112"
}, {
  "kecamatan" : "Somba Opu (Upu)",
  "kelurahan" : "Paccinongan",
  "kodepos" : "92113"
}, {
  "kecamatan" : "Somba Opu (Upu)",
  "kelurahan" : "Sungguminasa",
  "kodepos" : "92111"
}, {
  "kecamatan" : "Somba Opu (Upu)",
  "kelurahan" : "Tamarunang",
  "kodepos" : "92112"
}, {
  "kecamatan" : "Somba Opu (Upu)",
  "kelurahan" : "Bonto Bontoa",
  "kodepos" : "92111"
}, {
  "kecamatan" : "Biringbulu",
  "kelurahan" : "Taring",
  "kodepos" : "90244"
}, {
  "kecamatan" : "Biringbulu",
  "kelurahan" : "Tonrorita",
  "kodepos" : "90244"
}, {
  "kecamatan" : "Biringbulu",
  "kelurahan" : "Pencong",
  "kodepos" : "90244"
}, {
  "kecamatan" : "Biringbulu",
  "kelurahan" : "Lembangloe",
  "kodepos" : "90244"
}, {
  "kecamatan" : "Biringbulu",
  "kelurahan" : "Parangloe",
  "kodepos" : "90244"
}, {
  "kecamatan" : "Biringbulu",
  "kelurahan" : "Julukanaya",
  "kodepos" : "90244"
}, {
  "kecamatan" : "Biringbulu",
  "kelurahan" : "Lauwa",
  "kodepos" : "90244"
}, {
  "kecamatan" : "Biringbulu",
  "kelurahan" : "Borimasunggu",
  "kodepos" : "90244"
}, {
  "kecamatan" : "Biringbulu",
  "kelurahan" : "Berutallasa",
  "kodepos" : "90244"
}, {
  "kecamatan" : "Biringbulu",
  "kelurahan" : "Baturappe",
  "kodepos" : "90244"
}, {
  "kecamatan" : "Biringbulu",
  "kelurahan" : "Batumalonro",
  "kodepos" : "90244"
}, {
  "kecamatan" : "Barombong",
  "kelurahan" : "Tinggimae",
  "kodepos" : "90225"
}, {
  "kecamatan" : "Barombong",
  "kelurahan" : "Moncobalang",
  "kodepos" : "90225"
}, {
  "kecamatan" : "Barombong",
  "kelurahan" : "Tamannyeleng",
  "kodepos" : "90225"
}, {
  "kecamatan" : "Barombong",
  "kelurahan" : "Lembangparang",
  "kodepos" : "90225"
}, {
  "kecamatan" : "Barombong",
  "kelurahan" : "Kanjilo",
  "kodepos" : "90225"
}, {
  "kecamatan" : "Barombong",
  "kelurahan" : "Benteng Somba Opu",
  "kodepos" : "90225"
}, {
  "kecamatan" : "Barombong",
  "kelurahan" : "Biringngalla",
  "kodepos" : "90225"
} ]
