[ {
  "kecamatan" : "Sopai",
  "kelurahan" : "Salu Sopai",
  "kodepos" : "92119"
}, {
  "kecamatan" : "Sopai",
  "kelurahan" : "Tombang Langda",
  "kodepos" : "92119"
}, {
  "kecamatan" : "Sopai",
  "kelurahan" : "Nonongan Selatan",
  "kodepos" : "92119"
}, {
  "kecamatan" : "Sopai",
  "kelurahan" : "Nonongan Utara",
  "kodepos" : "92119"
}, {
  "kecamatan" : "Sopai",
  "kelurahan" : "Marante",
  "kodepos" : "92119"
}, {
  "kecamatan" : "Sopai",
  "kelurahan" : "Langda",
  "kodepos" : "92119"
}, {
  "kecamatan" : "Dende' Piongan Napo",
  "kelurahan" : "Pasang",
  "kodepos" : "91862"
}, {
  "kecamatan" : "Dende' Piongan Napo",
  "kelurahan" : "Piongan",
  "kodepos" : "91862"
}, {
  "kecamatan" : "Dende' Piongan Napo",
  "kelurahan" : "Paku",
  "kodepos" : "91862"
}, {
  "kecamatan" : "Dende' Piongan Napo",
  "kelurahan" : "Parinding",
  "kodepos" : "91862"
}, {
  "kecamatan" : "Dende' Piongan Napo",
  "kelurahan" : "Ma Dong",
  "kodepos" : "91862"
}, {
  "kecamatan" : "Dende' Piongan Napo",
  "kelurahan" : "Dende",
  "kodepos" : "91862"
}, {
  "kecamatan" : "Dende' Piongan Napo",
  "kelurahan" : "Kapolang",
  "kodepos" : "91862"
}, {
  "kecamatan" : "Dende' Piongan Napo",
  "kelurahan" : "Buntu Tagari",
  "kodepos" : "91862"
}, {
  "kecamatan" : "Tondon",
  "kelurahan" : "Tondon Siba Ta",
  "kodepos" : "91855"
}, {
  "kecamatan" : "Tondon",
  "kelurahan" : "Tondon",
  "kodepos" : "91855"
}, {
  "kecamatan" : "Tondon",
  "kelurahan" : "Tondon Langi",
  "kodepos" : "91855"
}, {
  "kecamatan" : "Tondon",
  "kelurahan" : "Tondon Matallo",
  "kodepos" : "91855"
}, {
  "kecamatan" : "Nanggala",
  "kelurahan" : "Rante",
  "kodepos" : "91855"
}, {
  "kecamatan" : "Nanggala",
  "kelurahan" : "Tandung Nanggala",
  "kodepos" : "91855"
}, {
  "kecamatan" : "Balusu",
  "kelurahan" : "Tagari",
  "kodepos" : "91855"
}, {
  "kecamatan" : "Nanggala",
  "kelurahan" : "Nanna Nanggala",
  "kodepos" : "91855"
}, {
  "kecamatan" : "Balusu",
  "kelurahan" : "Palangi",
  "kodepos" : "91855"
}, {
  "kecamatan" : "Nanggala",
  "kelurahan" : "Nanggala",
  "kodepos" : "91855"
}, {
  "kecamatan" : "Nanggala",
  "kelurahan" : "Nanggala Sangpiak Salu",
  "kodepos" : "91855"
}, {
  "kecamatan" : "Nanggala",
  "kelurahan" : "Lilikira",
  "kodepos" : "91855"
}, {
  "kecamatan" : "Balusu",
  "kelurahan" : "Karua",
  "kodepos" : "91855"
}, {
  "kecamatan" : "Nanggala",
  "kelurahan" : "Karre Penanian",
  "kodepos" : "91855"
}, {
  "kecamatan" : "Nanggala",
  "kelurahan" : "Basokan",
  "kodepos" : "91855"
}, {
  "kecamatan" : "Nanggala",
  "kelurahan" : "Karre Limbong",
  "kodepos" : "91855"
}, {
  "kecamatan" : "Balusu",
  "kelurahan" : "Balusu Bangun Lipu",
  "kodepos" : "91855"
}, {
  "kecamatan" : "Balusu",
  "kelurahan" : "Balusu Ao Gading",
  "kodepos" : "91855"
}, {
  "kecamatan" : "Balusu",
  "kelurahan" : "Awak Kawasik",
  "kodepos" : "91855"
}, {
  "kecamatan" : "Balusu",
  "kelurahan" : "Balusu",
  "kodepos" : "91855"
}, {
  "kecamatan" : "Kapalla Pitu (Kapala Pitu)",
  "kelurahan" : "Sikuku",
  "kodepos" : "91854"
}, {
  "kecamatan" : "Buntu Pepasan",
  "kelurahan" : "Talimbangan",
  "kodepos" : "91854"
}, {
  "kecamatan" : "Buntu Pepasan",
  "kelurahan" : "Sarambu",
  "kodepos" : "91854"
}, {
  "kecamatan" : "Buntu Pepasan",
  "kelurahan" : "Roroan Bara-Bara",
  "kodepos" : "91854"
}, {
  "kecamatan" : "Buntu Pepasan",
  "kelurahan" : "Sapan",
  "kodepos" : "91854"
}, {
  "kecamatan" : "Rindingallo",
  "kelurahan" : "Rindingallo",
  "kodepos" : "91854"
}, {
  "kecamatan" : "Buntu Pepasan",
  "kelurahan" : "Pulu Pulu",
  "kodepos" : "91854"
}, {
  "kecamatan" : "Buntu Pepasan",
  "kelurahan" : "Rante Uma",
  "kodepos" : "91854"
}, {
  "kecamatan" : "Buntu Pepasan",
  "kelurahan" : "Ponglu",
  "kodepos" : "91854"
}, {
  "kecamatan" : "Kapalla Pitu (Kapala Pitu)",
  "kelurahan" : "Polo Padang",
  "kodepos" : "91854"
}, {
  "kecamatan" : "Buntu Pepasan",
  "kelurahan" : "Parandangan",
  "kodepos" : "91854"
}, {
  "kecamatan" : "Buntu Pepasan",
  "kelurahan" : "Pengkaroan Manuk (Pangkoroan Manuk)",
  "kodepos" : "91854"
}, {
  "kecamatan" : "Buntu Pepasan",
  "kelurahan" : "Pangkung Batu",
  "kodepos" : "91854"
}, {
  "kecamatan" : "Buntu Pepasan",
  "kelurahan" : "Paonganan",
  "kodepos" : "91854"
}, {
  "kecamatan" : "Rindingallo",
  "kelurahan" : "Pangala Utara",
  "kodepos" : "91854"
}, {
  "kecamatan" : "Rindingallo",
  "kelurahan" : "Pangala",
  "kodepos" : "91854"
}, {
  "kecamatan" : "Rindingallo",
  "kelurahan" : "Maiting",
  "kodepos" : "91854"
}, {
  "kecamatan" : "Awan Rante Karua",
  "kelurahan" : "Londong Biang",
  "kodepos" : "91854"
}, {
  "kecamatan" : "Rindingallo",
  "kelurahan" : "Limbong Malting",
  "kodepos" : "91854"
}, {
  "kecamatan" : "Rindingallo",
  "kelurahan" : "Lo Ko Uru Tanete Batu",
  "kodepos" : "91854"
}, {
  "kecamatan" : "Rindingallo",
  "kelurahan" : "Lempopoton",
  "kodepos" : "91854"
}, {
  "kecamatan" : "Kapalla Pitu (Kapala Pitu)",
  "kelurahan" : "Kantun Poya",
  "kodepos" : "91854"
}, {
  "kecamatan" : "Kapalla Pitu (Kapala Pitu)",
  "kelurahan" : "Kapala Pitu",
  "kodepos" : "91854"
}, {
  "kecamatan" : "Buntu Pepasan",
  "kelurahan" : "Buntu Minanga",
  "kodepos" : "91854"
}, {
  "kecamatan" : "Rindingallo",
  "kelurahan" : "Buntu Batu",
  "kodepos" : "91854"
}, {
  "kecamatan" : "Awan Rante Karua",
  "kelurahan" : "Buntu Karua",
  "kodepos" : "91854"
}, {
  "kecamatan" : "Kapalla Pitu (Kapala Pitu)",
  "kelurahan" : "Benteng Kado",
  "kodepos" : "91854"
}, {
  "kecamatan" : "Kapalla Pitu (Kapala Pitu)",
  "kelurahan" : "Benteng Mamulu",
  "kodepos" : "91854"
}, {
  "kecamatan" : "Buntu Pepasan",
  "kelurahan" : "Batu Busa (Batu Basa)",
  "kodepos" : "91854"
}, {
  "kecamatan" : "Awan Rante Karua",
  "kelurahan" : "Batu Lotong",
  "kodepos" : "91854"
}, {
  "kecamatan" : "Baruppu",
  "kelurahan" : "Baruppu Selatan",
  "kodepos" : "91854"
}, {
  "kecamatan" : "Baruppu",
  "kelurahan" : "Baruppu Utara",
  "kodepos" : "91854"
}, {
  "kecamatan" : "Baruppu",
  "kelurahan" : "Baruppu Benteng Batu",
  "kodepos" : "91854"
}, {
  "kecamatan" : "Baruppu",
  "kelurahan" : "Baruppu Parodo",
  "kodepos" : "91854"
}, {
  "kecamatan" : "Awan Rante Karua",
  "kelurahan" : "Awan",
  "kodepos" : "91854"
}, {
  "kecamatan" : "Rindingallo",
  "kelurahan" : "Ampang Batu (Appang)",
  "kodepos" : "91854"
}, {
  "kecamatan" : "Buntao",
  "kelurahan" : "Tongkonan Basse",
  "kodepos" : "91853"
}, {
  "kecamatan" : "Bangkelekila",
  "kelurahan" : "Toyasa Akung",
  "kodepos" : "91853"
}, {
  "kecamatan" : "Sesean Suloara",
  "kelurahan" : "Tonga Riu",
  "kodepos" : "91853"
}, {
  "kecamatan" : "Bangkelekila",
  "kelurahan" : "Tampan Bonga",
  "kodepos" : "91853"
}, {
  "kecamatan" : "Buntao",
  "kelurahan" : "Tallang Sura&#8217;",
  "kodepos" : "91853"
}, {
  "kecamatan" : "Sesean Suloara",
  "kelurahan" : "Suloara",
  "kodepos" : "91853"
}, {
  "kecamatan" : "Buntao",
  "kelurahan" : "Sapan Kua Kua",
  "kodepos" : "91853"
}, {
  "kecamatan" : "Sesean Suloara",
  "kelurahan" : "Sesean Matallo",
  "kodepos" : "91853"
}, {
  "kecamatan" : "Sa'dan",
  "kelurahan" : "Sa&#8217; Dan Tiroallo",
  "kodepos" : "91853"
}, {
  "kecamatan" : "Sa'dan",
  "kelurahan" : "Sa&#8217; Dan Ulusalu",
  "kodepos" : "91853"
}, {
  "kecamatan" : "Sa'dan",
  "kelurahan" : "Sa&#8217; Dan Pebulian",
  "kodepos" : "91853"
}, {
  "kecamatan" : "Sa'dan",
  "kelurahan" : "Sa&#8217; Dan Pesondongan",
  "kodepos" : "91853"
}, {
  "kecamatan" : "Sa'dan",
  "kelurahan" : "Sa&#8217; Dan Sangkaropi",
  "kodepos" : "91853"
}, {
  "kecamatan" : "Sa'dan",
  "kelurahan" : "Sa&#8217; Dan Malimbong",
  "kodepos" : "91853"
}, {
  "kecamatan" : "Sa'dan",
  "kelurahan" : "Sa&#8217; Dan Matallo",
  "kodepos" : "91853"
}, {
  "kecamatan" : "Sa'dan",
  "kelurahan" : "Sa&#8217; Dan Ballopasange",
  "kodepos" : "91853"
}, {
  "kecamatan" : "Sa'dan",
  "kelurahan" : "Sa&#8217; Dan Liku Lambe",
  "kodepos" : "91853"
}, {
  "kecamatan" : "Sa'dan",
  "kelurahan" : "Sa&#8217; Dan Andulan",
  "kodepos" : "91853"
}, {
  "kecamatan" : "Buntao",
  "kelurahan" : "Rinding Kila&#8217; Balabatu",
  "kodepos" : "91853"
}, {
  "kecamatan" : "Rantebua",
  "kelurahan" : "Rantebua Sumalu",
  "kodepos" : "91853"
}, {
  "kecamatan" : "Rantebua",
  "kelurahan" : "Rantebua",
  "kodepos" : "91853"
}, {
  "kecamatan" : "Rantebua",
  "kelurahan" : "Rantebua Sanggalagi",
  "kodepos" : "91853"
}, {
  "kecamatan" : "Sesean",
  "kelurahan" : "Parinding",
  "kodepos" : "91853"
}, {
  "kecamatan" : "Rantebua",
  "kelurahan" : "Pitung Penanian",
  "kodepos" : "91853"
}, {
  "kecamatan" : "Sesean",
  "kelurahan" : "Pangli Palawa",
  "kodepos" : "91853"
}, {
  "kecamatan" : "Sesean",
  "kelurahan" : "Pangli Selatan",
  "kodepos" : "91853"
}, {
  "kecamatan" : "Sesean",
  "kelurahan" : "Palawa",
  "kodepos" : "91853"
}, {
  "kecamatan" : "Buntao",
  "kelurahan" : "Misa Ba&#8217;Bana",
  "kodepos" : "91853"
}, {
  "kecamatan" : "Rantebua",
  "kelurahan" : "Makuan Pare",
  "kodepos" : "91853"
}, {
  "kecamatan" : "Sesean Suloara",
  "kelurahan" : "Landorundun",
  "kodepos" : "91853"
}, {
  "kecamatan" : "Sesean Suloara",
  "kelurahan" : "Lempo",
  "kodepos" : "91853"
}, {
  "kecamatan" : "Buntao",
  "kelurahan" : "Issong Kalua",
  "kodepos" : "91853"
}, {
  "kecamatan" : "Sesean",
  "kelurahan" : "Bori Lombongan",
  "kodepos" : "91853"
}, {
  "kecamatan" : "Sesean",
  "kelurahan" : "Buntulobo",
  "kodepos" : "91853"
}, {
  "kecamatan" : "Sesean",
  "kelurahan" : "Bori Rante Letok",
  "kodepos" : "91853"
}, {
  "kecamatan" : "Sesean",
  "kelurahan" : "Deri",
  "kodepos" : "91853"
}, {
  "kecamatan" : "Rantebua",
  "kelurahan" : "Buangin",
  "kodepos" : "91853"
}, {
  "kecamatan" : "Sesean",
  "kelurahan" : "Bori",
  "kodepos" : "91853"
}, {
  "kecamatan" : "Rantebua",
  "kelurahan" : "Bokin",
  "kodepos" : "91853"
}, {
  "kecamatan" : "Bangkelekila",
  "kelurahan" : "Bangkelekila",
  "kodepos" : "91853"
}, {
  "kecamatan" : "Bangkelekila",
  "kelurahan" : "Batu Limbong",
  "kodepos" : "91853"
}, {
  "kecamatan" : "Sanggalangi",
  "kelurahan" : "Tallung Penanian",
  "kodepos" : "91852"
}, {
  "kecamatan" : "Sanggalangi",
  "kelurahan" : "Tandung La&#8217;bo&#8217;",
  "kodepos" : "91852"
}, {
  "kecamatan" : "Kesu",
  "kelurahan" : "Sangbua (Sangubua)",
  "kodepos" : "91852"
}, {
  "kecamatan" : "Kesu",
  "kelurahan" : "Tadongkon",
  "kodepos" : "91852"
}, {
  "kecamatan" : "Kesu",
  "kelurahan" : "Tallulolo",
  "kodepos" : "91852"
}, {
  "kecamatan" : "Sopai",
  "kelurahan" : "Salu",
  "kodepos" : "91852"
}, {
  "kecamatan" : "Sopai",
  "kelurahan" : "Salu Rante",
  "kodepos" : "91852"
}, {
  "kecamatan" : "Kesu",
  "kelurahan" : "Rinding Batu",
  "kodepos" : "91852"
}, {
  "kecamatan" : "Sanggalangi",
  "kelurahan" : "Pata&#8217; Padang",
  "kodepos" : "91852"
}, {
  "kecamatan" : "Kesu",
  "kelurahan" : "Pantanakan Lolo",
  "kodepos" : "91852"
}, {
  "kecamatan" : "Sanggalangi",
  "kelurahan" : "La&#8217;Bo",
  "kodepos" : "91852"
}, {
  "kecamatan" : "Sanggalangi",
  "kelurahan" : "Paepalean",
  "kodepos" : "91852"
}, {
  "kecamatan" : "Kesu",
  "kelurahan" : "Ba&#8217;tan",
  "kodepos" : "91852"
}, {
  "kecamatan" : "Sanggalangi",
  "kelurahan" : "Buntu La&#8217;Bo",
  "kodepos" : "91852"
}, {
  "kecamatan" : "Kesu",
  "kelurahan" : "Angin Angin",
  "kodepos" : "91852"
}, {
  "kecamatan" : "Rantepao",
  "kelurahan" : "Rante Pasele",
  "kodepos" : "91835"
}, {
  "kecamatan" : "Rantepao",
  "kelurahan" : "Saloso",
  "kodepos" : "91835"
}, {
  "kecamatan" : "Rantepao",
  "kelurahan" : "Singki",
  "kodepos" : "91835"
}, {
  "kecamatan" : "Rantepao",
  "kelurahan" : "Penanian",
  "kodepos" : "91835"
}, {
  "kecamatan" : "Rantepao",
  "kelurahan" : "Karassik",
  "kodepos" : "91835"
}, {
  "kecamatan" : "Rantepao",
  "kelurahan" : "Limbong",
  "kodepos" : "91835"
}, {
  "kecamatan" : "Rantepao",
  "kelurahan" : "Laang Tanduk",
  "kodepos" : "91834"
}, {
  "kecamatan" : "Rantepao",
  "kelurahan" : "Mentiro Tiku",
  "kodepos" : "91834"
}, {
  "kecamatan" : "Tikala",
  "kelurahan" : "Tikala",
  "kodepos" : "91833"
}, {
  "kecamatan" : "Tikala",
  "kelurahan" : "Pangden",
  "kodepos" : "91833"
}, {
  "kecamatan" : "Tikala",
  "kelurahan" : "Sereale",
  "kodepos" : "91833"
}, {
  "kecamatan" : "Tikala",
  "kelurahan" : "Buntu Batu",
  "kodepos" : "91833"
}, {
  "kecamatan" : "Tikala",
  "kelurahan" : "Embatau",
  "kodepos" : "91833"
}, {
  "kecamatan" : "Tikala",
  "kelurahan" : "Buntu Barana",
  "kodepos" : "91833"
}, {
  "kecamatan" : "Tallunglipu",
  "kelurahan" : "Tantanan Tallunglipu",
  "kodepos" : "91832"
}, {
  "kecamatan" : "Tikala",
  "kelurahan" : "Benteng Kado To&#8217;ria",
  "kodepos" : "91833"
}, {
  "kecamatan" : "Tallunglipu",
  "kelurahan" : "Tallunglipu Matallo",
  "kodepos" : "91832"
}, {
  "kecamatan" : "Tallunglipu",
  "kelurahan" : "Tampo Tallunglipu",
  "kodepos" : "91832"
}, {
  "kecamatan" : "Tallunglipu",
  "kelurahan" : "Rantepaku Tallunglipu",
  "kodepos" : "91832"
}, {
  "kecamatan" : "Tallunglipu",
  "kelurahan" : "Tagari Tallunglipu",
  "kodepos" : "91832"
}, {
  "kecamatan" : "Tallunglipu",
  "kelurahan" : "Tallunglipu",
  "kodepos" : "91832"
}, {
  "kecamatan" : "Tallunglipu",
  "kelurahan" : "Buntu Tallunglipu",
  "kodepos" : "91832"
}, {
  "kecamatan" : "Rantepao",
  "kelurahan" : "Pasele",
  "kodepos" : "91831"
}, {
  "kecamatan" : "Rantepao",
  "kelurahan" : "Rantepao",
  "kodepos" : "91831"
}, {
  "kecamatan" : "Rantepao",
  "kelurahan" : "Malango",
  "kodepos" : "91831"
} ]
