[ {
  "kecamatan" : "Ponrang",
  "kelurahan" : "Tumale",
  "kodepos" : "91999"
}, {
  "kecamatan" : "Ponrang Selatan",
  "kelurahan" : "To Balo",
  "kodepos" : "91999"
}, {
  "kecamatan" : "Ponrang Selatan",
  "kelurahan" : "To&#8217;bia",
  "kodepos" : "91999"
}, {
  "kecamatan" : "Ponrang Selatan",
  "kelurahan" : "Tarramatekkeng",
  "kodepos" : "91999"
}, {
  "kecamatan" : "Ponrang",
  "kelurahan" : "Tampa",
  "kodepos" : "91999"
}, {
  "kecamatan" : "Ponrang",
  "kelurahan" : "Tirowali",
  "kodepos" : "91999"
}, {
  "kecamatan" : "Ponrang Selatan",
  "kelurahan" : "Pattedong Selatan",
  "kodepos" : "91999"
}, {
  "kecamatan" : "Ponrang Selatan",
  "kelurahan" : "Pattedong",
  "kodepos" : "91999"
}, {
  "kecamatan" : "Ponrang",
  "kelurahan" : "Parekaju",
  "kodepos" : "91999"
}, {
  "kecamatan" : "Ponrang",
  "kelurahan" : "Padang Sappa",
  "kodepos" : "91999"
}, {
  "kecamatan" : "Ponrang",
  "kelurahan" : "Padang Subur",
  "kodepos" : "91999"
}, {
  "kecamatan" : "Ponrang Selatan",
  "kelurahan" : "Paccerakang",
  "kodepos" : "91999"
}, {
  "kecamatan" : "Ponrang Selatan",
  "kelurahan" : "Olang",
  "kodepos" : "91999"
}, {
  "kecamatan" : "Ponrang",
  "kelurahan" : "Mario",
  "kodepos" : "91999"
}, {
  "kecamatan" : "Ponrang",
  "kelurahan" : "Muladimeng (Maladimeng)",
  "kodepos" : "91999"
}, {
  "kecamatan" : "Ponrang Selatan",
  "kelurahan" : "Jenne/Je&#8217;ne Maeja",
  "kodepos" : "91999"
}, {
  "kecamatan" : "Ponrang Selatan",
  "kelurahan" : "Lampuara",
  "kodepos" : "91999"
}, {
  "kecamatan" : "Ponrang Selatan",
  "kelurahan" : "Buntu Karya",
  "kodepos" : "91999"
}, {
  "kecamatan" : "Ponrang",
  "kelurahan" : "Buntu Kanna",
  "kodepos" : "91999"
}, {
  "kecamatan" : "Ponrang",
  "kelurahan" : "Buntu Kamiri",
  "kodepos" : "91999"
}, {
  "kecamatan" : "Ponrang Selatan",
  "kelurahan" : "Bassiang",
  "kodepos" : "91999"
}, {
  "kecamatan" : "Ponrang Selatan",
  "kelurahan" : "Bassiang Timur",
  "kodepos" : "91999"
}, {
  "kecamatan" : "Ponrang Selatan",
  "kelurahan" : "Bakti",
  "kodepos" : "91999"
}, {
  "kecamatan" : "Larompong Selatan",
  "kelurahan" : "Salusana",
  "kodepos" : "91998"
}, {
  "kecamatan" : "Larompong Selatan",
  "kelurahan" : "Sampano",
  "kodepos" : "91998"
}, {
  "kecamatan" : "Larompong Selatan",
  "kelurahan" : "Temboe",
  "kodepos" : "91998"
}, {
  "kecamatan" : "Larompong Selatan",
  "kelurahan" : "Gandang Batu",
  "kodepos" : "91998"
}, {
  "kecamatan" : "Larompong Selatan",
  "kelurahan" : "La Loa",
  "kodepos" : "91998"
}, {
  "kecamatan" : "Larompong Selatan",
  "kelurahan" : "Malewong",
  "kodepos" : "91998"
}, {
  "kecamatan" : "Larompong Selatan",
  "kelurahan" : "Bonepute",
  "kodepos" : "91998"
}, {
  "kecamatan" : "Larompong Selatan",
  "kelurahan" : "Dadeko",
  "kodepos" : "91998"
}, {
  "kecamatan" : "Larompong Selatan",
  "kelurahan" : "Babang",
  "kodepos" : "91998"
}, {
  "kecamatan" : "Larompong Selatan",
  "kelurahan" : "Batu Lappa",
  "kodepos" : "91998"
}, {
  "kecamatan" : "Larompong",
  "kelurahan" : "Riwang",
  "kodepos" : "91997"
}, {
  "kecamatan" : "Larompong",
  "kelurahan" : "Riwang Selatan",
  "kodepos" : "91997"
}, {
  "kecamatan" : "Larompong",
  "kelurahan" : "Rante Alang",
  "kodepos" : "91997"
}, {
  "kecamatan" : "Larompong",
  "kelurahan" : "Rantebelu",
  "kodepos" : "91997"
}, {
  "kecamatan" : "Larompong",
  "kelurahan" : "Komba Selatan",
  "kodepos" : "91997"
}, {
  "kecamatan" : "Larompong",
  "kelurahan" : "Larompong",
  "kodepos" : "91997"
}, {
  "kecamatan" : "Larompong",
  "kelurahan" : "Lumaring",
  "kodepos" : "91997"
}, {
  "kecamatan" : "Larompong",
  "kelurahan" : "Buntu Pasik",
  "kodepos" : "91997"
}, {
  "kecamatan" : "Larompong",
  "kelurahan" : "Komba",
  "kodepos" : "91997"
}, {
  "kecamatan" : "Larompong",
  "kelurahan" : "Bukit Sutta (Sutera)",
  "kodepos" : "91997"
}, {
  "kecamatan" : "Larompong",
  "kelurahan" : "Buntu Matabbing (Matabing)",
  "kodepos" : "91997"
}, {
  "kecamatan" : "Larompong",
  "kelurahan" : "Bilante",
  "kodepos" : "91997"
}, {
  "kecamatan" : "Larompong",
  "kelurahan" : "Binturu",
  "kodepos" : "91997"
}, {
  "kecamatan" : "Suli Barat",
  "kelurahan" : "Tallang",
  "kodepos" : "91996"
}, {
  "kecamatan" : "Suli",
  "kelurahan" : "Towondo (Towondu)",
  "kodepos" : "91996"
}, {
  "kecamatan" : "Suli Barat",
  "kelurahan" : "Salubua",
  "kodepos" : "91996"
}, {
  "kecamatan" : "Suli",
  "kelurahan" : "Suli",
  "kodepos" : "91996"
}, {
  "kecamatan" : "Suli Barat",
  "kelurahan" : "Poringan",
  "kodepos" : "91996"
}, {
  "kecamatan" : "Suli",
  "kelurahan" : "Papakaju",
  "kodepos" : "91996"
}, {
  "kecamatan" : "Suli",
  "kelurahan" : "Murante",
  "kodepos" : "91996"
}, {
  "kecamatan" : "Suli",
  "kelurahan" : "Padang Lambe",
  "kodepos" : "91996"
}, {
  "kecamatan" : "Suli Barat",
  "kelurahan" : "Muhajirin",
  "kodepos" : "91996"
}, {
  "kecamatan" : "Suli",
  "kelurahan" : "Malela",
  "kodepos" : "91996"
}, {
  "kecamatan" : "Suli Barat",
  "kelurahan" : "Lindajang",
  "kodepos" : "91996"
}, {
  "kecamatan" : "Suli",
  "kelurahan" : "Lempo Pacci",
  "kodepos" : "91996"
}, {
  "kecamatan" : "Suli Barat",
  "kelurahan" : "Kaladi Darussalam",
  "kodepos" : "91996"
}, {
  "kecamatan" : "Suli",
  "kelurahan" : "Kasiwiang",
  "kodepos" : "91996"
}, {
  "kecamatan" : "Suli Barat",
  "kelurahan" : "Kaili",
  "kodepos" : "91996"
}, {
  "kecamatan" : "Suli",
  "kelurahan" : "Cimpu Utara",
  "kodepos" : "91996"
}, {
  "kecamatan" : "Suli",
  "kelurahan" : "Cakkeawo",
  "kodepos" : "91996"
}, {
  "kecamatan" : "Suli",
  "kelurahan" : "Cimpu",
  "kodepos" : "91996"
}, {
  "kecamatan" : "Suli Barat",
  "kelurahan" : "Buntu Barana",
  "kodepos" : "91996"
}, {
  "kecamatan" : "Suli",
  "kelurahan" : "Buntu Kunyi",
  "kodepos" : "91996"
}, {
  "kecamatan" : "Suli",
  "kelurahan" : "Botta",
  "kodepos" : "91996"
}, {
  "kecamatan" : "Bajo Barat",
  "kelurahan" : "Tetekang",
  "kodepos" : "91995"
}, {
  "kecamatan" : "Bajo Barat",
  "kelurahan" : "Tumbu Barak",
  "kodepos" : "91995"
}, {
  "kecamatan" : "Bajo",
  "kelurahan" : "Sumabu",
  "kodepos" : "91995"
}, {
  "kecamatan" : "Bajo",
  "kelurahan" : "Tallang Bulawang",
  "kodepos" : "91995"
}, {
  "kecamatan" : "Bajo Barat",
  "kelurahan" : "Saronda",
  "kodepos" : "91995"
}, {
  "kecamatan" : "Bajo",
  "kelurahan" : "Samulang",
  "kodepos" : "91995"
}, {
  "kecamatan" : "Bajo Barat",
  "kelurahan" : "Sampeang",
  "kodepos" : "91995"
}, {
  "kecamatan" : "Bajo",
  "kelurahan" : "Sampa",
  "kodepos" : "91995"
}, {
  "kecamatan" : "Bajo",
  "kelurahan" : "Rumaju",
  "kodepos" : "91995"
}, {
  "kecamatan" : "Bajo",
  "kelurahan" : "Saga",
  "kodepos" : "91995"
}, {
  "kecamatan" : "Bajo Barat",
  "kelurahan" : "Marinding",
  "kodepos" : "91995"
}, {
  "kecamatan" : "Bajo",
  "kelurahan" : "Pangi",
  "kodepos" : "91995"
}, {
  "kecamatan" : "Bajo Barat",
  "kelurahan" : "Kadong-Kadong",
  "kodepos" : "91995"
}, {
  "kecamatan" : "Bajo",
  "kelurahan" : "Langkiddi",
  "kodepos" : "91995"
}, {
  "kecamatan" : "Bajo",
  "kelurahan" : "Buntu Babang",
  "kodepos" : "91995"
}, {
  "kecamatan" : "Bajo",
  "kelurahan" : "Jambu",
  "kodepos" : "91995"
}, {
  "kecamatan" : "Bajo Barat",
  "kelurahan" : "Bonelemo Utara",
  "kodepos" : "91995"
}, {
  "kecamatan" : "Bajo Barat",
  "kelurahan" : "Bonelemo Barat",
  "kodepos" : "91995"
}, {
  "kecamatan" : "Bajo",
  "kelurahan" : "Balla",
  "kodepos" : "91995"
}, {
  "kecamatan" : "Bajo Barat",
  "kelurahan" : "Bonelemo",
  "kodepos" : "91995"
}, {
  "kecamatan" : "Bajo",
  "kelurahan" : "Bajo",
  "kodepos" : "91995"
}, {
  "kecamatan" : "Belopa",
  "kelurahan" : "Tanamanai",
  "kodepos" : "91994"
}, {
  "kecamatan" : "Kamanre",
  "kelurahan" : "Wara",
  "kodepos" : "91994"
}, {
  "kecamatan" : "Belopa",
  "kelurahan" : "Tampumia Radda",
  "kodepos" : "91994"
}, {
  "kecamatan" : "Belopa",
  "kelurahan" : "Tampumia Radda",
  "kodepos" : "91994"
}, {
  "kecamatan" : "Belopa",
  "kelurahan" : "Senga Selatan",
  "kodepos" : "91994"
}, {
  "kecamatan" : "Belopa Utara",
  "kelurahan" : "Seppong",
  "kodepos" : "91994"
}, {
  "kecamatan" : "Kamanre",
  "kelurahan" : "Saluparemang Selatan",
  "kodepos" : "91994"
}, {
  "kecamatan" : "Belopa",
  "kelurahan" : "Senga",
  "kodepos" : "91994"
}, {
  "kecamatan" : "Kamanre",
  "kelurahan" : "Salu Paremang",
  "kodepos" : "91994"
}, {
  "kecamatan" : "Belopa Utara",
  "kelurahan" : "Sabe",
  "kodepos" : "91994"
}, {
  "kecamatan" : "Belopa",
  "kelurahan" : "Pasamai",
  "kodepos" : "91994"
}, {
  "kecamatan" : "Belopa Utara",
  "kelurahan" : "Pammanu",
  "kodepos" : "91994"
}, {
  "kecamatan" : "Kamanre",
  "kelurahan" : "Libukang",
  "kodepos" : "91994"
}, {
  "kecamatan" : "Belopa Utara",
  "kelurahan" : "Paconne",
  "kodepos" : "91994"
}, {
  "kecamatan" : "Belopa Utara",
  "kelurahan" : "Lauwa",
  "kodepos" : "91994"
}, {
  "kecamatan" : "Belopa Utara",
  "kelurahan" : "Lebani",
  "kodepos" : "91994"
}, {
  "kecamatan" : "Belopa Utara",
  "kelurahan" : "Lamunre",
  "kodepos" : "91994"
}, {
  "kecamatan" : "Belopa Utara",
  "kelurahan" : "Lamunre Tengah",
  "kodepos" : "91994"
}, {
  "kecamatan" : "Kamanre",
  "kelurahan" : "Kamanre",
  "kodepos" : "91994"
}, {
  "kecamatan" : "Belopa",
  "kelurahan" : "Kurrusumanga",
  "kodepos" : "91994"
}, {
  "kecamatan" : "Kamanre",
  "kelurahan" : "Bunga Eja",
  "kodepos" : "91994"
}, {
  "kecamatan" : "Kamanre",
  "kelurahan" : "Cilallang",
  "kodepos" : "91994"
}, {
  "kecamatan" : "Belopa",
  "kelurahan" : "Belopa",
  "kodepos" : "91994"
}, {
  "kecamatan" : "Belopa",
  "kelurahan" : "Balo- Balo",
  "kodepos" : "91994"
}, {
  "kecamatan" : "Belopa",
  "kelurahan" : "Balubu",
  "kodepos" : "91994"
}, {
  "kecamatan" : "Bua Ponrang (Bupon)",
  "kelurahan" : "Tampumia",
  "kodepos" : "91993"
}, {
  "kecamatan" : "Bua Ponrang (Bupon)",
  "kelurahan" : "Tanjong",
  "kodepos" : "91993"
}, {
  "kecamatan" : "Bua Ponrang (Bupon)",
  "kelurahan" : "Padang Ma Bud",
  "kodepos" : "91993"
}, {
  "kecamatan" : "Bua Ponrang (Bupon)",
  "kelurahan" : "Padang Tuju",
  "kodepos" : "91993"
}, {
  "kecamatan" : "Bua Ponrang (Bupon)",
  "kelurahan" : "Saluinduk",
  "kodepos" : "91993"
}, {
  "kecamatan" : "Bua Ponrang (Bupon)",
  "kelurahan" : "Noling",
  "kodepos" : "91993"
}, {
  "kecamatan" : "Bua Ponrang (Bupon)",
  "kelurahan" : "Padang Kamburi",
  "kodepos" : "91993"
}, {
  "kecamatan" : "Bua Ponrang (Bupon)",
  "kelurahan" : "Buntu Batu",
  "kodepos" : "91993"
}, {
  "kecamatan" : "Bua Ponrang (Bupon)",
  "kelurahan" : "Malenggang",
  "kodepos" : "91993"
}, {
  "kecamatan" : "Bua Ponrang (Bupon)",
  "kelurahan" : "Balutan",
  "kodepos" : "91993"
}, {
  "kecamatan" : "Basse Sangtempe Utara",
  "kelurahan" : "Urasu (Uraso)",
  "kodepos" : "91992"
}, {
  "kecamatan" : "Bassesang Tempe (Bastem)",
  "kelurahan" : "To Long",
  "kodepos" : "91992"
}, {
  "kecamatan" : "Basse Sangtempe Utara",
  "kelurahan" : "Tede",
  "kodepos" : "91992"
}, {
  "kecamatan" : "Basse Sangtempe Utara",
  "kelurahan" : "Ta&#8217;ba",
  "kodepos" : "91992"
}, {
  "kecamatan" : "Basse Sangtempe Utara",
  "kelurahan" : "Tasangtongkonan",
  "kodepos" : "91992"
}, {
  "kecamatan" : "Bassesang Tempe (Bastem)",
  "kelurahan" : "Tabi",
  "kodepos" : "91992"
}, {
  "kecamatan" : "Basse Sangtempe Utara",
  "kelurahan" : "Salubua",
  "kodepos" : "91992"
}, {
  "kecamatan" : "Bassesang Tempe (Bastem)",
  "kelurahan" : "Sinaji",
  "kodepos" : "91992"
}, {
  "kecamatan" : "Basse Sangtempe Utara",
  "kelurahan" : "Pantilang",
  "kodepos" : "91992"
}, {
  "kecamatan" : "Bassesang Tempe (Bastem)",
  "kelurahan" : "Mappetajang",
  "kodepos" : "91992"
}, {
  "kecamatan" : "Basse Sangtempe Utara",
  "kelurahan" : "Maindo",
  "kodepos" : "91992"
}, {
  "kecamatan" : "Bassesang Tempe (Bastem)",
  "kelurahan" : "Lissaga",
  "kodepos" : "91992"
}, {
  "kecamatan" : "Bassesang Tempe (Bastem)",
  "kelurahan" : "Lange",
  "kodepos" : "91992"
}, {
  "kecamatan" : "Bassesang Tempe (Bastem)",
  "kelurahan" : "Ledan",
  "kodepos" : "91992"
}, {
  "kecamatan" : "Basse Sangtempe Utara",
  "kelurahan" : "Karatuan",
  "kodepos" : "91992"
}, {
  "kecamatan" : "Bassesang Tempe (Bastem)",
  "kelurahan" : "Kanna",
  "kodepos" : "91992"
}, {
  "kecamatan" : "Bassesang Tempe (Bastem)",
  "kelurahan" : "Kanna Utara",
  "kodepos" : "91992"
}, {
  "kecamatan" : "Basse Sangtempe Utara",
  "kelurahan" : "Dampan",
  "kodepos" : "91992"
}, {
  "kecamatan" : "Basse Sangtempe Utara",
  "kelurahan" : "Buntu Tallang",
  "kodepos" : "91992"
}, {
  "kecamatan" : "Bassesang Tempe (Bastem)",
  "kelurahan" : "Buntu Batu",
  "kodepos" : "91992"
}, {
  "kecamatan" : "Basse Sangtempe Utara",
  "kelurahan" : "Bonglo",
  "kodepos" : "91992"
}, {
  "kecamatan" : "Bassesang Tempe (Bastem)",
  "kelurahan" : "Bolu",
  "kodepos" : "91992"
}, {
  "kecamatan" : "Basse Sangtempe Utara",
  "kelurahan" : "Barana",
  "kodepos" : "91992"
}, {
  "kecamatan" : "Bassesang Tempe (Bastem)",
  "kelurahan" : "Andulan",
  "kodepos" : "91992"
}, {
  "kecamatan" : "Bua",
  "kelurahan" : "Toddopuli",
  "kodepos" : "91991"
}, {
  "kecamatan" : "Bua",
  "kelurahan" : "Tiromanda",
  "kodepos" : "91991"
}, {
  "kecamatan" : "Bua",
  "kelurahan" : "Tana Rigellan (Tanah Rigella)",
  "kodepos" : "91991"
}, {
  "kecamatan" : "Bua",
  "kelurahan" : "Sakti",
  "kodepos" : "91991"
}, {
  "kecamatan" : "Bua",
  "kelurahan" : "Raja",
  "kodepos" : "91991"
}, {
  "kecamatan" : "Bua",
  "kelurahan" : "Puty",
  "kodepos" : "91991"
}, {
  "kecamatan" : "Bua",
  "kelurahan" : "Posi",
  "kodepos" : "91991"
}, {
  "kecamatan" : "Bua",
  "kelurahan" : "Pamessakang",
  "kodepos" : "91991"
}, {
  "kecamatan" : "Bua",
  "kelurahan" : "Padang Kalua",
  "kodepos" : "91991"
}, {
  "kecamatan" : "Bua",
  "kelurahan" : "Pabbaresseng",
  "kodepos" : "91991"
}, {
  "kecamatan" : "Bua",
  "kelurahan" : "Lengkong",
  "kodepos" : "91991"
}, {
  "kecamatan" : "Bua",
  "kelurahan" : "Lare-Lare",
  "kodepos" : "91991"
}, {
  "kecamatan" : "Bua",
  "kelurahan" : "Karang-Karangan",
  "kodepos" : "91991"
}, {
  "kecamatan" : "Bua",
  "kelurahan" : "Bukit Harapan",
  "kodepos" : "91991"
}, {
  "kecamatan" : "Bua",
  "kelurahan" : "Barowa",
  "kodepos" : "91991"
}, {
  "kecamatan" : "Lamasi",
  "kelurahan" : "To Pongo",
  "kodepos" : "91952"
}, {
  "kecamatan" : "Lamasi",
  "kelurahan" : "Wiwitan",
  "kodepos" : "91952"
}, {
  "kecamatan" : "Lamasi Timur",
  "kelurahan" : "To Lemo",
  "kodepos" : "91952"
}, {
  "kecamatan" : "Walenrang Utara",
  "kelurahan" : "Siteba",
  "kodepos" : "91952"
}, {
  "kecamatan" : "Lamasi",
  "kelurahan" : "Se Pong",
  "kodepos" : "91952"
}, {
  "kecamatan" : "Lamasi",
  "kelurahan" : "Setiarejo",
  "kodepos" : "91952"
}, {
  "kecamatan" : "Lamasi Timur",
  "kelurahan" : "Seriti",
  "kodepos" : "91952"
}, {
  "kecamatan" : "Walenrang Utara",
  "kelurahan" : "Salutubu",
  "kodepos" : "91952"
}, {
  "kecamatan" : "Walenrang Utara",
  "kelurahan" : "Sangtandung",
  "kodepos" : "91952"
}, {
  "kecamatan" : "Walenrang Utara",
  "kelurahan" : "Salulino",
  "kodepos" : "91952"
}, {
  "kecamatan" : "Walenrang Utara",
  "kelurahan" : "Salulino",
  "kodepos" : "91952"
}, {
  "kecamatan" : "Lamasi",
  "kelurahan" : "Pongsamelung",
  "kodepos" : "91952"
}, {
  "kecamatan" : "Lamasi",
  "kelurahan" : "Salu Jambu",
  "kodepos" : "91952"
}, {
  "kecamatan" : "Lamasi Timur",
  "kelurahan" : "Pompengan Timur",
  "kodepos" : "91952"
}, {
  "kecamatan" : "Walenrang Utara",
  "kelurahan" : "Pongko",
  "kodepos" : "91952"
}, {
  "kecamatan" : "Lamasi Timur",
  "kelurahan" : "Pompengan Tengah",
  "kodepos" : "91952"
}, {
  "kecamatan" : "Lamasi Timur",
  "kelurahan" : "Pelalan",
  "kodepos" : "91952"
}, {
  "kecamatan" : "Lamasi",
  "kelurahan" : "Padang Kalua",
  "kodepos" : "91952"
}, {
  "kecamatan" : "Walenrang Utara",
  "kelurahan" : "Limbong",
  "kodepos" : "91952"
}, {
  "kecamatan" : "Walenrang Utara",
  "kelurahan" : "Marabuana",
  "kodepos" : "91952"
}, {
  "kecamatan" : "Walenrang Barat",
  "kelurahan" : "Lewandi",
  "kodepos" : "91952"
}, {
  "kecamatan" : "Walenrang Barat",
  "kelurahan" : "Lempe",
  "kodepos" : "91952"
}, {
  "kecamatan" : "Walenrang Barat",
  "kelurahan" : "Lempe Pasang",
  "kodepos" : "91952"
}, {
  "kecamatan" : "Lamasi",
  "kelurahan" : "Lamasi I",
  "kodepos" : "91952"
}, {
  "kecamatan" : "Walenrang Barat",
  "kelurahan" : "Lamasi Hulu",
  "kodepos" : "91952"
}, {
  "kecamatan" : "Walenrang Utara",
  "kelurahan" : "Buntu Awo",
  "kodepos" : "91952"
}, {
  "kecamatan" : "Lamasi",
  "kelurahan" : "Lamasi",
  "kodepos" : "91952"
}, {
  "kecamatan" : "Walenrang Utara",
  "kelurahan" : "Bosso Timur",
  "kodepos" : "91952"
}, {
  "kecamatan" : "Walenrang Utara",
  "kelurahan" : "Bosso",
  "kodepos" : "91952"
}, {
  "kecamatan" : "Lamasi",
  "kelurahan" : "Awo Gading",
  "kodepos" : "91952"
}, {
  "kecamatan" : "Walenrang Utara",
  "kelurahan" : "Bolong",
  "kodepos" : "91952"
}, {
  "kecamatan" : "Walenrang",
  "kelurahan" : "Walenrang",
  "kodepos" : "91951"
}, {
  "kecamatan" : "Walenrang Timur",
  "kelurahan" : "Tanete",
  "kodepos" : "91951"
}, {
  "kecamatan" : "Walenrang",
  "kelurahan" : "Tombang",
  "kodepos" : "91951"
}, {
  "kecamatan" : "Walenrang Timur",
  "kelurahan" : "Sukadamai",
  "kodepos" : "91951"
}, {
  "kecamatan" : "Walenrang Timur",
  "kelurahan" : "Taba (Tabah)",
  "kodepos" : "91951"
}, {
  "kecamatan" : "Walenrang",
  "kelurahan" : "Saragi",
  "kodepos" : "91951"
}, {
  "kecamatan" : "Walenrang Timur",
  "kelurahan" : "Seba-Seba",
  "kodepos" : "91951"
}, {
  "kecamatan" : "Lamasi Timur",
  "kelurahan" : "Pompengan Pantai",
  "kodepos" : "91951"
}, {
  "kecamatan" : "Walenrang Timur",
  "kelurahan" : "Rante Damai",
  "kodepos" : "91951"
}, {
  "kecamatan" : "Lamasi Timur",
  "kelurahan" : "Pompengan",
  "kodepos" : "91951"
}, {
  "kecamatan" : "Walenrang Timur",
  "kelurahan" : "Pangalli",
  "kodepos" : "91951"
}, {
  "kecamatan" : "Walenrang",
  "kelurahan" : "Lalong",
  "kodepos" : "91951"
}, {
  "kecamatan" : "Walenrang Timur",
  "kelurahan" : "Kendekan",
  "kodepos" : "91951"
}, {
  "kecamatan" : "Walenrang Timur",
  "kelurahan" : "Lamasi Pantai",
  "kodepos" : "91951"
}, {
  "kecamatan" : "Walenrang",
  "kelurahan" : "Kalibamamase",
  "kodepos" : "91951"
}, {
  "kecamatan" : "Walenrang Barat",
  "kelurahan" : "Ilan Batu",
  "kodepos" : "91951"
}, {
  "kecamatan" : "Walenrang Barat",
  "kelurahan" : "Ilan Batu Uru",
  "kodepos" : "91951"
}, {
  "kecamatan" : "Walenrang",
  "kelurahan" : "Harapan",
  "kodepos" : "91951"
}, {
  "kecamatan" : "Lamasi Timur",
  "kelurahan" : "Bulolondong",
  "kodepos" : "91951"
}, {
  "kecamatan" : "Walenrang",
  "kelurahan" : "Bulo",
  "kodepos" : "91951"
}, {
  "kecamatan" : "Walenrang",
  "kelurahan" : "Bara Mamase",
  "kodepos" : "91951"
}, {
  "kecamatan" : "Walenrang",
  "kelurahan" : "Batusitanduk",
  "kodepos" : "91951"
}, {
  "kecamatan" : "Latimojong",
  "kelurahan" : "Ulusalu",
  "kodepos" : "91921"
}, {
  "kecamatan" : "Latimojong",
  "kelurahan" : "Tobaru",
  "kodepos" : "91921"
}, {
  "kecamatan" : "Latimojong",
  "kelurahan" : "To&#8217;lajuk",
  "kodepos" : "91921"
}, {
  "kecamatan" : "Latimojong",
  "kelurahan" : "Tabang",
  "kodepos" : "91921"
}, {
  "kecamatan" : "Latimojong",
  "kelurahan" : "Tibussan",
  "kodepos" : "91921"
}, {
  "kecamatan" : "Latimojong",
  "kelurahan" : "Pajang",
  "kodepos" : "91921"
}, {
  "kecamatan" : "Latimojong",
  "kelurahan" : "Pangi",
  "kodepos" : "91921"
}, {
  "kecamatan" : "Latimojong",
  "kelurahan" : "Lambanan",
  "kodepos" : "91921"
}, {
  "kecamatan" : "Latimojong",
  "kelurahan" : "Kadundung",
  "kodepos" : "91921"
}, {
  "kecamatan" : "Latimojong",
  "kelurahan" : "Buntu Sarek",
  "kodepos" : "91921"
}, {
  "kecamatan" : "Latimojong",
  "kelurahan" : "Boneposi",
  "kodepos" : "91921"
} ]
