[ {
  "kecamatan" : "Wara Selatan",
  "kelurahan" : "Songka",
  "kodepos" : "91959"
}, {
  "kecamatan" : "Wara Selatan",
  "kelurahan" : "Sampoddo",
  "kodepos" : "91959"
}, {
  "kecamatan" : "Sendana",
  "kelurahan" : "Sendana",
  "kodepos" : "91959"
}, {
  "kecamatan" : "Sendana",
  "kelurahan" : "Peta",
  "kodepos" : "91959"
}, {
  "kecamatan" : "Sendana",
  "kelurahan" : "Purangi",
  "kodepos" : "91959"
}, {
  "kecamatan" : "Telluwanua",
  "kelurahan" : "Salubattang",
  "kodepos" : "91958"
}, {
  "kecamatan" : "Telluwanua",
  "kelurahan" : "Sumarambu",
  "kodepos" : "91958"
}, {
  "kecamatan" : "Wara Selatan",
  "kelurahan" : "Binturu",
  "kodepos" : "91959"
}, {
  "kecamatan" : "Telluwanua",
  "kelurahan" : "Maccani",
  "kodepos" : "91958"
}, {
  "kecamatan" : "Telluwanua",
  "kelurahan" : "Maroangin",
  "kodepos" : "91958"
}, {
  "kecamatan" : "Telluwanua",
  "kelurahan" : "Petonjangan",
  "kodepos" : "91958"
}, {
  "kecamatan" : "Telluwanua",
  "kelurahan" : "Batu Walenreng",
  "kodepos" : "91958"
}, {
  "kecamatan" : "Telluwanua",
  "kelurahan" : "Jaya",
  "kodepos" : "91958"
}, {
  "kecamatan" : "Wara Barat",
  "kelurahan" : "Battang",
  "kodepos" : "91958"
}, {
  "kecamatan" : "Wara Selatan",
  "kelurahan" : "Takkalala",
  "kodepos" : "91926"
}, {
  "kecamatan" : "Sendana",
  "kelurahan" : "Mawa",
  "kodepos" : "91925"
}, {
  "kecamatan" : "Wara",
  "kelurahan" : "Boting",
  "kodepos" : "91923"
}, {
  "kecamatan" : "Mungkajang",
  "kelurahan" : "Murante",
  "kodepos" : "91924"
}, {
  "kecamatan" : "Mungkajang",
  "kelurahan" : "Kambo",
  "kodepos" : "91925"
}, {
  "kecamatan" : "Wara",
  "kelurahan" : "Amassangan",
  "kodepos" : "91922"
}, {
  "kecamatan" : "Wara",
  "kelurahan" : "Tompo Tikka",
  "kodepos" : "91921"
}, {
  "kecamatan" : "Wara Barat",
  "kelurahan" : "Tomarundung",
  "kodepos" : "91921"
}, {
  "kecamatan" : "Wara Timur",
  "kelurahan" : "Salekoe",
  "kodepos" : "91921"
}, {
  "kecamatan" : "Wara Timur",
  "kelurahan" : "Salotellue",
  "kodepos" : "91921"
}, {
  "kecamatan" : "Wara Timur",
  "kelurahan" : "Sarutanga",
  "kodepos" : "91921"
}, {
  "kecamatan" : "Wara Timur",
  "kelurahan" : "Pontap",
  "kodepos" : "91921"
}, {
  "kecamatan" : "Wara Timur",
  "kelurahan" : "Pontap",
  "kodepos" : "91921"
}, {
  "kecamatan" : "Wara Timur",
  "kelurahan" : "Ponjalae",
  "kodepos" : "91921"
}, {
  "kecamatan" : "Wara Barat",
  "kelurahan" : "Padang Lambe",
  "kodepos" : "91921"
}, {
  "kecamatan" : "Wara",
  "kelurahan" : "Pajalesang (Panjelesang)",
  "kodepos" : "91921"
}, {
  "kecamatan" : "Mungkajang",
  "kelurahan" : "Mungkajang",
  "kodepos" : "91921"
}, {
  "kecamatan" : "Wara Timur",
  "kelurahan" : "Malatuntung (Malatunrung)",
  "kodepos" : "91921"
}, {
  "kecamatan" : "Mungkajang",
  "kelurahan" : "Latuppa",
  "kodepos" : "91921"
}, {
  "kecamatan" : "Wara Barat",
  "kelurahan" : "Lebang",
  "kodepos" : "91921"
}, {
  "kecamatan" : "Wara",
  "kelurahan" : "Lagaligo",
  "kodepos" : "91921"
}, {
  "kecamatan" : "Wara",
  "kelurahan" : "Dangerekko",
  "kodepos" : "91921"
}, {
  "kecamatan" : "Wara Timur",
  "kelurahan" : "Benteng",
  "kodepos" : "91921"
}, {
  "kecamatan" : "Wara Barat",
  "kelurahan" : "Battang Barat",
  "kodepos" : "91921"
}, {
  "kecamatan" : "Bara",
  "kelurahan" : "Temmalebba",
  "kodepos" : "91914"
}, {
  "kecamatan" : "Bara",
  "kelurahan" : "Tobulung",
  "kodepos" : "91914"
}, {
  "kecamatan" : "Wara Utara",
  "kelurahan" : "Penggoli",
  "kodepos" : "91914"
}, {
  "kecamatan" : "Bara",
  "kelurahan" : "Rampoang",
  "kodepos" : "91914"
}, {
  "kecamatan" : "Bara",
  "kelurahan" : "Balandai",
  "kodepos" : "91914"
}, {
  "kecamatan" : "Bara",
  "kelurahan" : "Buntu Datu",
  "kodepos" : "91914"
}, {
  "kecamatan" : "Wara Utara",
  "kelurahan" : "Patte&#8217;ne",
  "kodepos" : "91912"
}, {
  "kecamatan" : "Wara Utara",
  "kelurahan" : "Sabbamparu (Saabbang Baru)",
  "kodepos" : "91913"
}, {
  "kecamatan" : "Wara Utara",
  "kelurahan" : "Salobulo",
  "kodepos" : "91911"
}, {
  "kecamatan" : "Wara Utara",
  "kelurahan" : "Luminda",
  "kodepos" : "91912"
}, {
  "kecamatan" : "Wara Utara",
  "kelurahan" : "Batupasi",
  "kodepos" : "91911"
} ]
