[ {
  "kecamatan" : "Pitu Raise/Riase",
  "kelurahan" : "Tanatoro",
  "kodepos" : "91691"
}, {
  "kecamatan" : "Pitu Raise/Riase",
  "kelurahan" : "Lombo",
  "kodepos" : "91691"
}, {
  "kecamatan" : "Pitu Raise/Riase",
  "kelurahan" : "Leppangeng",
  "kodepos" : "91691"
}, {
  "kecamatan" : "Pitu Raise/Riase",
  "kelurahan" : "Dengeng-Dengeng",
  "kodepos" : "91691"
}, {
  "kecamatan" : "Pitu Raise/Riase",
  "kelurahan" : "Lagading",
  "kodepos" : "91691"
}, {
  "kecamatan" : "Pitu Raise/Riase",
  "kelurahan" : "Buntu Buanging",
  "kodepos" : "91691"
}, {
  "kecamatan" : "Pitu Raise/Riase",
  "kelurahan" : "Compong",
  "kodepos" : "91691"
}, {
  "kecamatan" : "Pitu Raise/Riase",
  "kelurahan" : "Bila Riase",
  "kodepos" : "91691"
}, {
  "kecamatan" : "Pitu Raise/Riase",
  "kelurahan" : "Bola Bulu",
  "kodepos" : "91691"
}, {
  "kecamatan" : "Pitu Raise/Riase",
  "kelurahan" : "Botto",
  "kodepos" : "91691"
}, {
  "kecamatan" : "Pitu Raise/Riase",
  "kelurahan" : "Belawae",
  "kodepos" : "91691"
}, {
  "kecamatan" : "Pitu Riawa",
  "kelurahan" : "Sumpangmango",
  "kodepos" : "91683"
}, {
  "kecamatan" : "Pitu Raise/Riase",
  "kelurahan" : "Batu",
  "kodepos" : "91691"
}, {
  "kecamatan" : "Pitu Riawa",
  "kelurahan" : "Ponrengae",
  "kodepos" : "91683"
}, {
  "kecamatan" : "Pitu Riawa",
  "kelurahan" : "Lancirang",
  "kodepos" : "91683"
}, {
  "kecamatan" : "Pitu Riawa",
  "kelurahan" : "Lasiwala",
  "kodepos" : "91683"
}, {
  "kecamatan" : "Pitu Riawa",
  "kelurahan" : "Otting",
  "kodepos" : "91683"
}, {
  "kecamatan" : "Pitu Riawa",
  "kelurahan" : "Bulucenrana",
  "kodepos" : "91683"
}, {
  "kecamatan" : "Pitu Riawa",
  "kelurahan" : "Dongi",
  "kodepos" : "91683"
}, {
  "kecamatan" : "Pitu Riawa",
  "kelurahan" : "Kalempang",
  "kodepos" : "91683"
}, {
  "kecamatan" : "Pitu Riawa",
  "kelurahan" : "Betao",
  "kodepos" : "91683"
}, {
  "kecamatan" : "Pitu Riawa",
  "kelurahan" : "Betao Riase",
  "kodepos" : "91683"
}, {
  "kecamatan" : "Pitu Riawa",
  "kelurahan" : "Ajubissue",
  "kodepos" : "91683"
}, {
  "kecamatan" : "Pitu Riawa",
  "kelurahan" : "Anabannae",
  "kodepos" : "91683"
}, {
  "kecamatan" : "Wattang Sidenreng (Watang Sidenreng)",
  "kelurahan" : "Sidenreng (Watang Sidenreng)",
  "kodepos" : "91682"
}, {
  "kecamatan" : "Dua Pitue",
  "kelurahan" : "Taccimpo",
  "kodepos" : "91681"
}, {
  "kecamatan" : "Dua Pitue",
  "kelurahan" : "Tanru Tedong",
  "kodepos" : "91681"
}, {
  "kecamatan" : "Dua Pitue",
  "kelurahan" : "Salobukkang",
  "kodepos" : "91681"
}, {
  "kecamatan" : "Dua Pitue",
  "kelurahan" : "Salomalori",
  "kodepos" : "91681"
}, {
  "kecamatan" : "Dua Pitue",
  "kelurahan" : "Kampale",
  "kodepos" : "91681"
}, {
  "kecamatan" : "Dua Pitue",
  "kelurahan" : "Padangloang",
  "kodepos" : "91681"
}, {
  "kecamatan" : "Dua Pitue",
  "kelurahan" : "Padangloang Alau",
  "kodepos" : "91681"
}, {
  "kecamatan" : "Dua Pitue",
  "kelurahan" : "Kalosi",
  "kodepos" : "91681"
}, {
  "kecamatan" : "Dua Pitue",
  "kelurahan" : "Kalosi Alau",
  "kodepos" : "91681"
}, {
  "kecamatan" : "Dua Pitue",
  "kelurahan" : "Bila",
  "kodepos" : "91681"
}, {
  "kecamatan" : "Panca Lautan (Lautang)",
  "kelurahan" : "Wanio Timoreng",
  "kodepos" : "91672"
}, {
  "kecamatan" : "Panca Lautan (Lautang)",
  "kelurahan" : "Wettee",
  "kodepos" : "91672"
}, {
  "kecamatan" : "Panca Lautan (Lautang)",
  "kelurahan" : "Lise",
  "kodepos" : "91672"
}, {
  "kecamatan" : "Panca Lautan (Lautang)",
  "kelurahan" : "Wanio",
  "kodepos" : "91672"
}, {
  "kecamatan" : "Panca Lautan (Lautang)",
  "kelurahan" : "Cenrana",
  "kodepos" : "91672"
}, {
  "kecamatan" : "Panca Lautan (Lautang)",
  "kelurahan" : "Corawali",
  "kodepos" : "91672"
}, {
  "kecamatan" : "Panca Lautan (Lautang)",
  "kelurahan" : "Lajonga",
  "kodepos" : "91672"
}, {
  "kecamatan" : "Panca Lautan (Lautang)",
  "kelurahan" : "Bapangi",
  "kodepos" : "91672"
}, {
  "kecamatan" : "Panca Lautan (Lautang)",
  "kelurahan" : "Bilokka",
  "kodepos" : "91672"
}, {
  "kecamatan" : "Panca Lautan (Lautang)",
  "kelurahan" : "Allesalewoe",
  "kodepos" : "91672"
}, {
  "kecamatan" : "Tellu Limpoe",
  "kelurahan" : "Todang Pulu",
  "kodepos" : "91662"
}, {
  "kecamatan" : "Tellu Limpoe",
  "kelurahan" : "Teppo",
  "kodepos" : "91662"
}, {
  "kecamatan" : "Tellu Limpoe",
  "kelurahan" : "Teteaji",
  "kodepos" : "91662"
}, {
  "kecamatan" : "Tellu Limpoe",
  "kelurahan" : "Pajalele",
  "kodepos" : "91662"
}, {
  "kecamatan" : "Tellu Limpoe",
  "kelurahan" : "Polewali",
  "kodepos" : "91662"
}, {
  "kecamatan" : "Tellu Limpoe",
  "kelurahan" : "Baula",
  "kodepos" : "91662"
}, {
  "kecamatan" : "Tellu Limpoe",
  "kelurahan" : "Massepe",
  "kodepos" : "91662"
}, {
  "kecamatan" : "Tellu Limpoe",
  "kelurahan" : "Amparita",
  "kodepos" : "91662"
}, {
  "kecamatan" : "Tellu Limpoe",
  "kelurahan" : "Arateng",
  "kodepos" : "91662"
}, {
  "kecamatan" : "Watang Pulu",
  "kelurahan" : "Uluale",
  "kodepos" : "91661"
}, {
  "kecamatan" : "Watang Pulu",
  "kelurahan" : "Lainungan",
  "kodepos" : "91661"
}, {
  "kecamatan" : "Watang Pulu",
  "kelurahan" : "Lawawoi",
  "kodepos" : "91661"
}, {
  "kecamatan" : "Watang Pulu",
  "kelurahan" : "Mattirotasi",
  "kodepos" : "91661"
}, {
  "kecamatan" : "Watang Pulu",
  "kelurahan" : "Carawali",
  "kodepos" : "91661"
}, {
  "kecamatan" : "Watang Pulu",
  "kelurahan" : "Ciro-Ciroe",
  "kodepos" : "91661"
}, {
  "kecamatan" : "Watang Pulu",
  "kelurahan" : "Batulappa",
  "kodepos" : "91661"
}, {
  "kecamatan" : "Watang Pulu",
  "kelurahan" : "Buae",
  "kodepos" : "91661"
}, {
  "kecamatan" : "Watang Pulu",
  "kelurahan" : "Arawa",
  "kodepos" : "91661"
}, {
  "kecamatan" : "Watang Pulu",
  "kelurahan" : "Bangkai",
  "kodepos" : "91661"
}, {
  "kecamatan" : "Baranti",
  "kelurahan" : "Tonrong Rijang",
  "kodepos" : "91653"
}, {
  "kecamatan" : "Kulo",
  "kelurahan" : "Mario",
  "kodepos" : "91653"
}, {
  "kecamatan" : "Kulo",
  "kelurahan" : "Rijang Panua",
  "kodepos" : "91653"
}, {
  "kecamatan" : "Kulo",
  "kelurahan" : "Madenra",
  "kodepos" : "91653"
}, {
  "kecamatan" : "Kulo",
  "kelurahan" : "Kampung Baru",
  "kodepos" : "91653"
}, {
  "kecamatan" : "Kulo",
  "kelurahan" : "Kulo",
  "kodepos" : "91653"
}, {
  "kecamatan" : "Baranti",
  "kelurahan" : "Tonronge",
  "kodepos" : "91652"
}, {
  "kecamatan" : "Kulo",
  "kelurahan" : "Abbokongeng",
  "kodepos" : "91653"
}, {
  "kecamatan" : "Baranti",
  "kelurahan" : "Passeno",
  "kodepos" : "91652"
}, {
  "kecamatan" : "Baranti",
  "kelurahan" : "Sipodeceng",
  "kodepos" : "91652"
}, {
  "kecamatan" : "Baranti",
  "kelurahan" : "Manisa",
  "kodepos" : "91652"
}, {
  "kecamatan" : "Baranti",
  "kelurahan" : "Panreng",
  "kodepos" : "91652"
}, {
  "kecamatan" : "Baranti",
  "kelurahan" : "Benteng",
  "kodepos" : "91652"
}, {
  "kecamatan" : "Baranti",
  "kelurahan" : "Duampanua",
  "kodepos" : "91652"
}, {
  "kecamatan" : "Baranti",
  "kelurahan" : "Baranti",
  "kodepos" : "91652"
}, {
  "kecamatan" : "Panca Rijang",
  "kelurahan" : "Rappang",
  "kodepos" : "91651"
}, {
  "kecamatan" : "Panca Rijang",
  "kelurahan" : "Timoreng Panua",
  "kodepos" : "91651"
}, {
  "kecamatan" : "Panca Rijang",
  "kelurahan" : "Lalebata",
  "kodepos" : "91651"
}, {
  "kecamatan" : "Panca Rijang",
  "kelurahan" : "Macorawalie",
  "kodepos" : "91651"
}, {
  "kecamatan" : "Panca Rijang",
  "kelurahan" : "Cipotakari",
  "kodepos" : "91651"
}, {
  "kecamatan" : "Panca Rijang",
  "kelurahan" : "Kadidi",
  "kodepos" : "91651"
}, {
  "kecamatan" : "Panca Rijang",
  "kelurahan" : "Bulo",
  "kodepos" : "91651"
}, {
  "kecamatan" : "Panca Rijang",
  "kelurahan" : "Bulo Wattang",
  "kodepos" : "91651"
}, {
  "kecamatan" : "Wattang Sidenreng (Watang Sidenreng)",
  "kelurahan" : "Damai",
  "kodepos" : "91616"
}, {
  "kecamatan" : "Wattang Sidenreng (Watang Sidenreng)",
  "kelurahan" : "Mojong",
  "kodepos" : "91614"
}, {
  "kecamatan" : "Maritengngae",
  "kelurahan" : "Sereang",
  "kodepos" : "91615"
}, {
  "kecamatan" : "Wattang Sidenreng (Watang Sidenreng)",
  "kelurahan" : "Kanyuara",
  "kodepos" : "91613"
}, {
  "kecamatan" : "Wattang Sidenreng (Watang Sidenreng)",
  "kelurahan" : "Talawe",
  "kodepos" : "91613"
}, {
  "kecamatan" : "Wattang Sidenreng (Watang Sidenreng)",
  "kelurahan" : "Talumae",
  "kodepos" : "91613"
}, {
  "kecamatan" : "Wattang Sidenreng (Watang Sidenreng)",
  "kelurahan" : "Aka-Akae",
  "kodepos" : "91613"
}, {
  "kecamatan" : "Wattang Sidenreng (Watang Sidenreng)",
  "kelurahan" : "Empagae",
  "kodepos" : "91613"
}, {
  "kecamatan" : "Maritengngae",
  "kelurahan" : "Wala",
  "kodepos" : "91611"
}, {
  "kecamatan" : "Maritengngae",
  "kelurahan" : "Takkalasi",
  "kodepos" : "91611"
}, {
  "kecamatan" : "Maritengngae",
  "kelurahan" : "Tanete",
  "kodepos" : "91611"
}, {
  "kecamatan" : "Maritengngae",
  "kelurahan" : "Pangkajene",
  "kodepos" : "91611"
}, {
  "kecamatan" : "Maritengngae",
  "kelurahan" : "Rijang Pittu",
  "kodepos" : "91611"
}, {
  "kecamatan" : "Maritengngae",
  "kelurahan" : "Lautang Benteng",
  "kodepos" : "91611"
}, {
  "kecamatan" : "Maritengngae",
  "kelurahan" : "Majelling Watang",
  "kodepos" : "91611"
}, {
  "kecamatan" : "Maritengngae",
  "kelurahan" : "Majjelling",
  "kodepos" : "91611"
}, {
  "kecamatan" : "Maritengngae",
  "kelurahan" : "Kanie",
  "kodepos" : "91611"
}, {
  "kecamatan" : "Maritengngae",
  "kelurahan" : "Lakessi",
  "kodepos" : "91611"
}, {
  "kecamatan" : "Maritengngae",
  "kelurahan" : "Allakuang",
  "kodepos" : "91611"
} ]
