[ {
  "kecamatan" : "Soreang",
  "kelurahan" : "Lakessi",
  "kodepos" : "91133"
}, {
  "kecamatan" : "Soreang",
  "kelurahan" : "Ujung Lare",
  "kodepos" : "91131"
}, {
  "kecamatan" : "Soreang",
  "kelurahan" : "Wattang Soreang",
  "kodepos" : "91132"
}, {
  "kecamatan" : "Soreang",
  "kelurahan" : "Bukit Indah",
  "kodepos" : "91131"
}, {
  "kecamatan" : "Soreang",
  "kelurahan" : "Kampung Pisang",
  "kodepos" : "91131"
}, {
  "kecamatan" : "Soreang",
  "kelurahan" : "Ujung Baru",
  "kodepos" : "91131"
}, {
  "kecamatan" : "Soreang",
  "kelurahan" : "Bukit Harapan",
  "kodepos" : "91131"
}, {
  "kecamatan" : "Bacukiki Barat",
  "kelurahan" : "Tiro Sompe",
  "kodepos" : "91125"
}, {
  "kecamatan" : "Bacukiki Barat",
  "kelurahan" : "Lumpue",
  "kodepos" : "91123"
}, {
  "kecamatan" : "Bacukiki",
  "kelurahan" : "Lompoe",
  "kodepos" : "91125"
}, {
  "kecamatan" : "Bacukiki Barat",
  "kelurahan" : "Cappagalung",
  "kodepos" : "91122"
}, {
  "kecamatan" : "Bacukiki",
  "kelurahan" : "Wattang Bacukiki",
  "kodepos" : "91121"
}, {
  "kecamatan" : "Bacukiki Barat",
  "kelurahan" : "Sumpang Minangae",
  "kodepos" : "91121"
}, {
  "kecamatan" : "Bacukiki",
  "kelurahan" : "Lemoe",
  "kodepos" : "91121"
}, {
  "kecamatan" : "Bacukiki Barat",
  "kelurahan" : "Kampung Baru",
  "kodepos" : "91121"
}, {
  "kecamatan" : "Bacukiki",
  "kelurahan" : "Galung Maloang",
  "kodepos" : "91121"
}, {
  "kecamatan" : "Bacukiki Barat",
  "kelurahan" : "Bumi Harapan",
  "kodepos" : "91121"
}, {
  "kecamatan" : "Ujung",
  "kelurahan" : "Ujung Sabbang",
  "kodepos" : "91114"
}, {
  "kecamatan" : "Ujung",
  "kelurahan" : "Ujung Bulu",
  "kodepos" : "91113"
}, {
  "kecamatan" : "Ujung",
  "kelurahan" : "Mallusetasi",
  "kodepos" : "91111"
}, {
  "kecamatan" : "Ujung",
  "kelurahan" : "Lapadde",
  "kodepos" : "91112"
}, {
  "kecamatan" : "Ujung",
  "kelurahan" : "Labukkang",
  "kodepos" : "91111"
} ]
