[ {
  "kecamatan" : "Gedong Tengen",
  "kelurahan" : "Sosromenduran",
  "kodepos" : "55271"
}, {
  "kecamatan" : "Gedong Tengen",
  "kelurahan" : "Pringgokusuman",
  "kodepos" : "55272"
}, {
  "kecamatan" : "Ngampilan",
  "kelurahan" : "Notoprajan",
  "kodepos" : "55262"
}, {
  "kecamatan" : "Wirobrajan",
  "kelurahan" : "Pakuncen",
  "kodepos" : "55253"
}, {
  "kecamatan" : "Ngampilan",
  "kelurahan" : "Ngampilan",
  "kodepos" : "55261"
}, {
  "kecamatan" : "Wirobrajan",
  "kelurahan" : "Patangpuluhan",
  "kodepos" : "55251"
}, {
  "kecamatan" : "Wirobrajan",
  "kelurahan" : "Wirobrajan",
  "kodepos" : "55252"
}, {
  "kecamatan" : "Tegalrejo",
  "kelurahan" : "Bener",
  "kodepos" : "55243"
}, {
  "kecamatan" : "Tegalrejo",
  "kelurahan" : "Tegalrejo",
  "kodepos" : "55244"
}, {
  "kecamatan" : "Tegalrejo",
  "kelurahan" : "Karangwaru",
  "kodepos" : "55241"
}, {
  "kecamatan" : "Tegalrejo",
  "kelurahan" : "Kricak",
  "kodepos" : "55242"
}, {
  "kecamatan" : "Jetis",
  "kelurahan" : "Cokrodiningratan",
  "kodepos" : "55233"
}, {
  "kecamatan" : "Jetis",
  "kelurahan" : "Gowongan",
  "kodepos" : "55232"
}, {
  "kecamatan" : "Jetis",
  "kelurahan" : "Bumijo",
  "kodepos" : "55231"
}, {
  "kecamatan" : "Gondokusuman",
  "kelurahan" : "Kotabaru",
  "kodepos" : "55224"
}, {
  "kecamatan" : "Gondokusuman",
  "kelurahan" : "Baciro",
  "kodepos" : "55225"
}, {
  "kecamatan" : "Gondokusuman",
  "kelurahan" : "Demangan",
  "kodepos" : "55221"
}, {
  "kecamatan" : "Gondokusuman",
  "kelurahan" : "Klitren",
  "kodepos" : "55222"
}, {
  "kecamatan" : "Gondokusuman",
  "kelurahan" : "Terban",
  "kodepos" : "55223"
}, {
  "kecamatan" : "Danurejan",
  "kelurahan" : "Suryatmajan",
  "kodepos" : "55213"
}, {
  "kecamatan" : "Danurejan",
  "kelurahan" : "Bausasran",
  "kodepos" : "55211"
}, {
  "kecamatan" : "Danurejan",
  "kelurahan" : "Tegal Panggung",
  "kodepos" : "55212"
}, {
  "kecamatan" : "Kotagede",
  "kelurahan" : "Purbayan",
  "kodepos" : "55173"
}, {
  "kecamatan" : "Kotagede",
  "kelurahan" : "Rejowinangun",
  "kodepos" : "55171"
}, {
  "kecamatan" : "Kotagede",
  "kelurahan" : "Prenggan",
  "kodepos" : "55172"
}, {
  "kecamatan" : "Umbulharjo",
  "kelurahan" : "Semaki",
  "kodepos" : "55166"
}, {
  "kecamatan" : "Umbulharjo",
  "kelurahan" : "Tahunan",
  "kodepos" : "55167"
}, {
  "kecamatan" : "Umbulharjo",
  "kelurahan" : "Giwangan",
  "kodepos" : "55163"
}, {
  "kecamatan" : "Umbulharjo",
  "kelurahan" : "Warungboto",
  "kodepos" : "55164"
}, {
  "kecamatan" : "Umbulharjo",
  "kelurahan" : "Muja Muju",
  "kodepos" : "55165"
}, {
  "kecamatan" : "Umbulharjo",
  "kelurahan" : "Pandeyan",
  "kodepos" : "55161"
}, {
  "kecamatan" : "Umbulharjo",
  "kelurahan" : "Sorosutan",
  "kodepos" : "55162"
}, {
  "kecamatan" : "Mergangsan",
  "kelurahan" : "Brontokusuman",
  "kodepos" : "55153"
}, {
  "kecamatan" : "Mergangsan",
  "kelurahan" : "Wirogunan",
  "kodepos" : "55151"
}, {
  "kecamatan" : "Mergangsan",
  "kelurahan" : "Keparakan",
  "kodepos" : "55152"
}, {
  "kecamatan" : "Mantrijeron",
  "kelurahan" : "Gedongkiwo",
  "kodepos" : "55142"
}, {
  "kecamatan" : "Mantrijeron",
  "kelurahan" : "Mantrijeron",
  "kodepos" : "55143"
}, {
  "kecamatan" : "Mantrijeron",
  "kelurahan" : "Suryodiningratan",
  "kodepos" : "55141"
}, {
  "kecamatan" : "Kraton",
  "kelurahan" : "Kadipaten",
  "kodepos" : "55132"
}, {
  "kecamatan" : "Kraton",
  "kelurahan" : "Patehan",
  "kodepos" : "55133"
}, {
  "kecamatan" : "Kraton",
  "kelurahan" : "Panembahan",
  "kodepos" : "55131"
}, {
  "kecamatan" : "Gondomanan",
  "kelurahan" : "Ngupasan",
  "kodepos" : "55122"
}, {
  "kecamatan" : "Gondomanan",
  "kelurahan" : "Prawirodirjan",
  "kodepos" : "55121"
}, {
  "kecamatan" : "Pakualaman",
  "kelurahan" : "Gunung Ketur",
  "kodepos" : "55111"
}, {
  "kecamatan" : "Pakualaman",
  "kelurahan" : "Purwo Kinanti",
  "kodepos" : "55112"
} ]
