[ {
  "kecamatan" : "Bungku Barat",
  "kelurahan" : "Wosu",
  "kodepos" : "94976"
}, {
  "kecamatan" : "Bungku Barat",
  "kelurahan" : "Umpanga",
  "kodepos" : "94976"
}, {
  "kecamatan" : "Bungku Barat",
  "kelurahan" : "Wata",
  "kodepos" : "94976"
}, {
  "kecamatan" : "Wita Ponda",
  "kelurahan" : "Ungkaya",
  "kodepos" : "94976"
}, {
  "kecamatan" : "Bungku Barat",
  "kelurahan" : "Uedago",
  "kodepos" : "94976"
}, {
  "kecamatan" : "Bumi Raya",
  "kelurahan" : "Umbele",
  "kodepos" : "94976"
}, {
  "kecamatan" : "Bungku Barat",
  "kelurahan" : "Topogaro (Tofogaro)",
  "kodepos" : "94976"
}, {
  "kecamatan" : "Wita Ponda",
  "kelurahan" : "Solonsa Jaya",
  "kodepos" : "94976"
}, {
  "kecamatan" : "Bungku Barat",
  "kelurahan" : "Tondo",
  "kodepos" : "94976"
}, {
  "kecamatan" : "Bumi Raya",
  "kelurahan" : "Samarenda",
  "kodepos" : "94976"
}, {
  "kecamatan" : "Wita Ponda",
  "kelurahan" : "Sampeantaba",
  "kodepos" : "94976"
}, {
  "kecamatan" : "Wita Ponda",
  "kelurahan" : "Solonsa",
  "kodepos" : "94976"
}, {
  "kecamatan" : "Wita Ponda",
  "kelurahan" : "Puntari Makmur",
  "kodepos" : "94976"
}, {
  "kecamatan" : "Bumi Raya",
  "kelurahan" : "Pebotoa",
  "kodepos" : "94976"
}, {
  "kecamatan" : "Bumi Raya",
  "kelurahan" : "Parilangke",
  "kodepos" : "94976"
}, {
  "kecamatan" : "Bumi Raya",
  "kelurahan" : "Pebatae",
  "kodepos" : "94976"
}, {
  "kecamatan" : "Wita Ponda",
  "kelurahan" : "Moahino",
  "kodepos" : "94976"
}, {
  "kecamatan" : "Bungku Barat",
  "kelurahan" : "Marga Mulya",
  "kodepos" : "94976"
}, {
  "kecamatan" : "Bumi Raya",
  "kelurahan" : "Limbo Makmur",
  "kodepos" : "94976"
}, {
  "kecamatan" : "Bumi Raya",
  "kelurahan" : "Lasampi",
  "kodepos" : "94976"
}, {
  "kecamatan" : "Bungku Barat",
  "kelurahan" : "Larobenu",
  "kodepos" : "94976"
}, {
  "kecamatan" : "Bumi Raya",
  "kelurahan" : "Karaupa",
  "kodepos" : "94976"
}, {
  "kecamatan" : "Bumi Raya",
  "kelurahan" : "Lambelu",
  "kodepos" : "94976"
}, {
  "kecamatan" : "Wita Ponda",
  "kelurahan" : "Lantula Jaya",
  "kodepos" : "94976"
}, {
  "kecamatan" : "Bumi Raya",
  "kelurahan" : "Harapan Jaya",
  "kodepos" : "94976"
}, {
  "kecamatan" : "Wita Ponda",
  "kelurahan" : "Emea",
  "kodepos" : "94976"
}, {
  "kecamatan" : "Wita Ponda",
  "kelurahan" : "Bumi Harapan",
  "kodepos" : "94976"
}, {
  "kecamatan" : "Bumi Raya",
  "kelurahan" : "Beringin Jaya",
  "kodepos" : "94976"
}, {
  "kecamatan" : "Bumi Raya",
  "kelurahan" : "Bahonsuai",
  "kodepos" : "94976"
}, {
  "kecamatan" : "Bungku Barat",
  "kelurahan" : "Bahoea Reko Reko",
  "kodepos" : "94976"
}, {
  "kecamatan" : "Bumi Raya",
  "kelurahan" : "Atananga",
  "kodepos" : "94976"
}, {
  "kecamatan" : "Bungku Barat",
  "kelurahan" : "Ambunu",
  "kodepos" : "94976"
}, {
  "kecamatan" : "Menui Kepulauan",
  "kelurahan" : "Wawangkolono",
  "kodepos" : "94975"
}, {
  "kecamatan" : "Menui Kepulauan",
  "kelurahan" : "Ulunipa",
  "kodepos" : "94975"
}, {
  "kecamatan" : "Menui Kepulauan",
  "kelurahan" : "Torukune",
  "kodepos" : "94975"
}, {
  "kecamatan" : "Menui Kepulauan",
  "kelurahan" : "Ulunambo",
  "kodepos" : "94975"
}, {
  "kecamatan" : "Menui Kepulauan",
  "kelurahan" : "Tanona",
  "kodepos" : "94975"
}, {
  "kecamatan" : "Menui Kepulauan",
  "kelurahan" : "Terebino",
  "kodepos" : "94975"
}, {
  "kecamatan" : "Menui Kepulauan",
  "kelurahan" : "Tanjung Tiram",
  "kodepos" : "94975"
}, {
  "kecamatan" : "Menui Kepulauan",
  "kelurahan" : "Tanjung Harapan",
  "kodepos" : "94975"
}, {
  "kecamatan" : "Menui Kepulauan",
  "kelurahan" : "Tafagapi",
  "kodepos" : "94975"
}, {
  "kecamatan" : "Menui Kepulauan",
  "kelurahan" : "Samarengga",
  "kodepos" : "94975"
}, {
  "kecamatan" : "Menui Kepulauan",
  "kelurahan" : "Pulau Tiga",
  "kodepos" : "94975"
}, {
  "kecamatan" : "Menui Kepulauan",
  "kelurahan" : "Pulau Tengah",
  "kodepos" : "94975"
}, {
  "kecamatan" : "Menui Kepulauan",
  "kelurahan" : "Padei Laut",
  "kodepos" : "94975"
}, {
  "kecamatan" : "Menui Kepulauan",
  "kelurahan" : "Padei Darat",
  "kodepos" : "94975"
}, {
  "kecamatan" : "Menui Kepulauan",
  "kelurahan" : "Ngapaea",
  "kodepos" : "94975"
}, {
  "kecamatan" : "Menui Kepulauan",
  "kelurahan" : "Padalaa",
  "kodepos" : "94975"
}, {
  "kecamatan" : "Menui Kepulauan",
  "kelurahan" : "Morompaitonga",
  "kodepos" : "94975"
}, {
  "kecamatan" : "Menui Kepulauan",
  "kelurahan" : "Matarape",
  "kodepos" : "94975"
}, {
  "kecamatan" : "Menui Kepulauan",
  "kelurahan" : "Mbokitta",
  "kodepos" : "94975"
}, {
  "kecamatan" : "Menui Kepulauan",
  "kelurahan" : "Matano",
  "kodepos" : "94975"
}, {
  "kecamatan" : "Menui Kepulauan",
  "kelurahan" : "Kofalagadi",
  "kodepos" : "94975"
}, {
  "kecamatan" : "Menui Kepulauan",
  "kelurahan" : "Masadian",
  "kodepos" : "94975"
}, {
  "kecamatan" : "Menui Kepulauan",
  "kelurahan" : "Dongkalan",
  "kodepos" : "94975"
}, {
  "kecamatan" : "Menui Kepulauan",
  "kelurahan" : "Buranga",
  "kodepos" : "94975"
}, {
  "kecamatan" : "Bungku Pesisir",
  "kelurahan" : "Were&#8217;a",
  "kodepos" : "94974"
}, {
  "kecamatan" : "Bungku Selatan",
  "kelurahan" : "Waru-Waru",
  "kodepos" : "94974"
}, {
  "kecamatan" : "Bungku Selatan",
  "kelurahan" : "Umbele",
  "kodepos" : "94974"
}, {
  "kecamatan" : "Bungku Selatan",
  "kelurahan" : "Umbele Lama",
  "kodepos" : "94974"
}, {
  "kecamatan" : "Bungku Pesisir",
  "kelurahan" : "Torete",
  "kodepos" : "94974"
}, {
  "kecamatan" : "Bungku Pesisir",
  "kelurahan" : "Tangofa",
  "kodepos" : "94974"
}, {
  "kecamatan" : "Bahodopi",
  "kelurahan" : "Siumbatu",
  "kodepos" : "94974"
}, {
  "kecamatan" : "Bungku Pesisir",
  "kelurahan" : "Tandaoleo",
  "kodepos" : "94974"
}, {
  "kecamatan" : "Bungku Pesisir",
  "kelurahan" : "Sambalagi",
  "kodepos" : "94974"
}, {
  "kecamatan" : "Bungku Pesisir",
  "kelurahan" : "Puungkeu",
  "kodepos" : "94974"
}, {
  "kecamatan" : "Bungku Selatan",
  "kelurahan" : "Sainoa",
  "kodepos" : "94974"
}, {
  "kecamatan" : "Bungku Selatan",
  "kelurahan" : "Pulaubapa",
  "kodepos" : "94974"
}, {
  "kecamatan" : "Bungku Selatan",
  "kelurahan" : "Pulau Dua Darat",
  "kodepos" : "94974"
}, {
  "kecamatan" : "Bungku Selatan",
  "kelurahan" : "Pulau Dua",
  "kodepos" : "94974"
}, {
  "kecamatan" : "Bungku Selatan",
  "kelurahan" : "Polewali",
  "kodepos" : "94974"
}, {
  "kecamatan" : "Bungku Selatan",
  "kelurahan" : "Po&#8217;o",
  "kodepos" : "94974"
}, {
  "kecamatan" : "Bungku Selatan",
  "kelurahan" : "Poaro",
  "kodepos" : "94974"
}, {
  "kecamatan" : "Bungku Selatan",
  "kelurahan" : "Paku",
  "kodepos" : "94974"
}, {
  "kecamatan" : "Bungku Selatan",
  "kelurahan" : "Panimbawang",
  "kodepos" : "94974"
}, {
  "kecamatan" : "Bungku Selatan",
  "kelurahan" : "Pado-Pado",
  "kodepos" : "94974"
}, {
  "kecamatan" : "Bungku Selatan",
  "kelurahan" : "Padabale",
  "kodepos" : "94974"
}, {
  "kecamatan" : "Bahodopi",
  "kelurahan" : "Padabaho",
  "kodepos" : "94974"
}, {
  "kecamatan" : "Bungku Pesisir",
  "kelurahan" : "One Ete",
  "kodepos" : "94974"
}, {
  "kecamatan" : "Bahodopi",
  "kelurahan" : "Makarti Jaya",
  "kodepos" : "94974"
}, {
  "kecamatan" : "Bungku Selatan",
  "kelurahan" : "Lokombulo",
  "kodepos" : "94974"
}, {
  "kecamatan" : "Bahodopi",
  "kelurahan" : "Le-Le",
  "kodepos" : "94974"
}, {
  "kecamatan" : "Bungku Selatan",
  "kelurahan" : "Lamontoli",
  "kodepos" : "94974"
}, {
  "kecamatan" : "Bungku Pesisir",
  "kelurahan" : "Laroenai",
  "kodepos" : "94974"
}, {
  "kecamatan" : "Bungku Selatan",
  "kelurahan" : "Lalemo",
  "kodepos" : "94974"
}, {
  "kecamatan" : "Bahodopi",
  "kelurahan" : "Labota",
  "kodepos" : "94974"
}, {
  "kecamatan" : "Bahodopi",
  "kelurahan" : "Lalampu",
  "kodepos" : "94974"
}, {
  "kecamatan" : "Bungku Pesisir",
  "kelurahan" : "Lafeu",
  "kodepos" : "94974"
}, {
  "kecamatan" : "Bungku Selatan",
  "kelurahan" : "Koburu",
  "kodepos" : "94974"
}, {
  "kecamatan" : "Bahodopi",
  "kelurahan" : "Keurea",
  "kodepos" : "94974"
}, {
  "kecamatan" : "Bungku Selatan",
  "kelurahan" : "Kaleroang",
  "kodepos" : "94974"
}, {
  "kecamatan" : "Bungku Selatan",
  "kelurahan" : "Jawi-Jawi",
  "kodepos" : "94974"
}, {
  "kecamatan" : "Bahodopi",
  "kelurahan" : "Fatufia",
  "kodepos" : "94974"
}, {
  "kecamatan" : "Bahodopi",
  "kelurahan" : "Dampala",
  "kodepos" : "94974"
}, {
  "kecamatan" : "Bungku Selatan",
  "kelurahan" : "Buton",
  "kodepos" : "94974"
}, {
  "kecamatan" : "Bungku Selatan",
  "kelurahan" : "Bungintende",
  "kodepos" : "94974"
}, {
  "kecamatan" : "Bungku Selatan",
  "kelurahan" : "Bungingkela",
  "kodepos" : "94974"
}, {
  "kecamatan" : "Bungku Pesisir",
  "kelurahan" : "Buleleng",
  "kodepos" : "94974"
}, {
  "kecamatan" : "Bungku Selatan",
  "kelurahan" : "Boelimau",
  "kodepos" : "94974"
}, {
  "kecamatan" : "Bungku Selatan",
  "kelurahan" : "Buajangka",
  "kodepos" : "94974"
}, {
  "kecamatan" : "Bahodopi",
  "kelurahan" : "Bete Bete",
  "kodepos" : "94974"
}, {
  "kecamatan" : "Bungku Selatan",
  "kelurahan" : "Bakala",
  "kodepos" : "94974"
}, {
  "kecamatan" : "Bahodopi",
  "kelurahan" : "Bahomakmur",
  "kodepos" : "94974"
}, {
  "kecamatan" : "Bahodopi",
  "kelurahan" : "Bahodopi",
  "kodepos" : "94974"
}, {
  "kecamatan" : "Bungku Timur",
  "kelurahan" : "Unsongi",
  "kodepos" : "94973"
}, {
  "kecamatan" : "Bungku Timur",
  "kelurahan" : "Ululere",
  "kodepos" : "94973"
}, {
  "kecamatan" : "Bungku Tengah",
  "kelurahan" : "Tudua",
  "kodepos" : "94973"
}, {
  "kecamatan" : "Bungku Tengah",
  "kelurahan" : "Tofuti",
  "kodepos" : "94973"
}, {
  "kecamatan" : "Bungku Tengah",
  "kelurahan" : "Tofoiso",
  "kodepos" : "94973"
}, {
  "kecamatan" : "Bungku Tengah",
  "kelurahan" : "Sakita",
  "kodepos" : "94973"
}, {
  "kecamatan" : "Bungku Tengah",
  "kelurahan" : "Puungkoilu",
  "kodepos" : "94973"
}, {
  "kecamatan" : "Bungku Timur",
  "kelurahan" : "Oneputeh Jaya",
  "kodepos" : "94973"
}, {
  "kecamatan" : "Bungku Tengah",
  "kelurahan" : "Obungi",
  "kodepos" : "94973"
}, {
  "kecamatan" : "Bungku Timur",
  "kelurahan" : "Nambo",
  "kodepos" : "94973"
}, {
  "kecamatan" : "Bungku Tengah",
  "kelurahan" : "Matansala",
  "kodepos" : "94973"
}, {
  "kecamatan" : "Bungku Tengah",
  "kelurahan" : "Menlui",
  "kodepos" : "94973"
}, {
  "kecamatan" : "Bungku Tengah",
  "kelurahan" : "Matano",
  "kodepos" : "94973"
}, {
  "kecamatan" : "Bungku Tengah",
  "kelurahan" : "Marsaoleh",
  "kodepos" : "94973"
}, {
  "kecamatan" : "Bungku Timur",
  "kelurahan" : "Laroue",
  "kodepos" : "94973"
}, {
  "kecamatan" : "Bungku Tengah",
  "kelurahan" : "Lanona",
  "kodepos" : "94973"
}, {
  "kecamatan" : "Bungku Tengah",
  "kelurahan" : "Lamberea",
  "kodepos" : "94973"
}, {
  "kecamatan" : "Bungku Timur",
  "kelurahan" : "Lahuafu",
  "kodepos" : "94973"
}, {
  "kecamatan" : "Bungku Tengah",
  "kelurahan" : "Ipi",
  "kodepos" : "94973"
}, {
  "kecamatan" : "Bungku Timur",
  "kelurahan" : "Kolono",
  "kodepos" : "94973"
}, {
  "kecamatan" : "Bungku Timur",
  "kelurahan" : "Geresa",
  "kodepos" : "94973"
}, {
  "kecamatan" : "Bungku Tengah",
  "kelurahan" : "Bente",
  "kodepos" : "94973"
}, {
  "kecamatan" : "Bungku Tengah",
  "kelurahan" : "Bahoruru",
  "kodepos" : "94973"
}, {
  "kecamatan" : "Bungku Tengah",
  "kelurahan" : "Bahontobungku",
  "kodepos" : "94973"
}, {
  "kecamatan" : "Bungku Timur",
  "kelurahan" : "Bahomotefe",
  "kodepos" : "94973"
}, {
  "kecamatan" : "Bungku Tengah",
  "kelurahan" : "Bahomoko",
  "kodepos" : "94973"
}, {
  "kecamatan" : "Bungku Tengah",
  "kelurahan" : "Bahomohoni",
  "kodepos" : "94973"
}, {
  "kecamatan" : "Bungku Timur",
  "kelurahan" : "Bahomoahi",
  "kodepos" : "94973"
}, {
  "kecamatan" : "Bungku Tengah",
  "kelurahan" : "Bahomante",
  "kodepos" : "94973"
}, {
  "kecamatan" : "Bungku Utara",
  "kelurahan" : "Uewajo",
  "kodepos" : "94972"
}, {
  "kecamatan" : "Bungku Utara",
  "kelurahan" : "Woomparigi",
  "kodepos" : "94972"
}, {
  "kecamatan" : "Bungku Utara",
  "kelurahan" : "Ueruru",
  "kodepos" : "94972"
}, {
  "kecamatan" : "Mamosalato",
  "kelurahan" : "Uepakatu",
  "kodepos" : "94972"
}, {
  "kecamatan" : "Bungku Utara",
  "kelurahan" : "Uempanapa",
  "kodepos" : "94972"
}, {
  "kecamatan" : "Bungku Utara",
  "kelurahan" : "Uemasi",
  "kodepos" : "94972"
}, {
  "kecamatan" : "Bungku Utara",
  "kelurahan" : "Tokonanaka",
  "kodepos" : "94972"
}, {
  "kecamatan" : "Bungku Utara",
  "kelurahan" : "Tokala Atas",
  "kodepos" : "94972"
}, {
  "kecamatan" : "Bungku Utara",
  "kelurahan" : "Tirongan Atas",
  "kodepos" : "94972"
}, {
  "kecamatan" : "Bungku Utara",
  "kelurahan" : "Tirongan Bawah",
  "kodepos" : "94972"
}, {
  "kecamatan" : "Bungku Utara",
  "kelurahan" : "Taronggo",
  "kodepos" : "94972"
}, {
  "kecamatan" : "Mamosalato",
  "kelurahan" : "Tananagaya",
  "kodepos" : "94972"
}, {
  "kecamatan" : "Bungku Utara",
  "kelurahan" : "Tanaku Raya",
  "kodepos" : "94972"
}, {
  "kecamatan" : "Mamosalato",
  "kelurahan" : "Tana Sumpu",
  "kodepos" : "94972"
}, {
  "kecamatan" : "Bungku Utara",
  "kelurahan" : "Tambarobone",
  "kodepos" : "94972"
}, {
  "kecamatan" : "Mamosalato",
  "kelurahan" : "Tambale",
  "kodepos" : "94972"
}, {
  "kecamatan" : "Bungku Utara",
  "kelurahan" : "Siliti",
  "kodepos" : "94972"
}, {
  "kecamatan" : "Mamosalato",
  "kelurahan" : "Sea",
  "kodepos" : "94972"
}, {
  "kecamatan" : "Bungku Utara",
  "kelurahan" : "Posangke",
  "kodepos" : "94972"
}, {
  "kecamatan" : "Bungku Utara",
  "kelurahan" : "Salubiro",
  "kodepos" : "94972"
}, {
  "kecamatan" : "Bungku Utara",
  "kelurahan" : "Pokeang",
  "kodepos" : "94972"
}, {
  "kecamatan" : "Mamosalato",
  "kelurahan" : "Parangisi",
  "kodepos" : "94972"
}, {
  "kecamatan" : "Mamosalato",
  "kelurahan" : "Pandauke",
  "kodepos" : "94972"
}, {
  "kecamatan" : "Bungku Utara",
  "kelurahan" : "Opo",
  "kodepos" : "94972"
}, {
  "kecamatan" : "Mamosalato",
  "kelurahan" : "Momo",
  "kodepos" : "94972"
}, {
  "kecamatan" : "Mamosalato",
  "kelurahan" : "Minangobino",
  "kodepos" : "94972"
}, {
  "kecamatan" : "Mamosalato",
  "kelurahan" : "Menyoe",
  "kodepos" : "94972"
}, {
  "kecamatan" : "Bungku Utara",
  "kelurahan" : "Matube",
  "kodepos" : "94972"
}, {
  "kecamatan" : "Mamosalato",
  "kelurahan" : "Lijo",
  "kodepos" : "94972"
}, {
  "kecamatan" : "Bungku Utara",
  "kelurahan" : "Lemowalia",
  "kodepos" : "94972"
}, {
  "kecamatan" : "Bungku Utara",
  "kelurahan" : "Lemo",
  "kodepos" : "94972"
}, {
  "kecamatan" : "Mamosalato",
  "kelurahan" : "Kolo Bawah",
  "kodepos" : "94972"
}, {
  "kecamatan" : "Bungku Utara",
  "kelurahan" : "Kalombang",
  "kodepos" : "94972"
}, {
  "kecamatan" : "Mamosalato",
  "kelurahan" : "Kolo Atas",
  "kodepos" : "94972"
}, {
  "kecamatan" : "Mamosalato",
  "kelurahan" : "Girimulya",
  "kodepos" : "94972"
}, {
  "kecamatan" : "Bungku Utara",
  "kelurahan" : "Boba",
  "kodepos" : "94972"
}, {
  "kecamatan" : "Bungku Utara",
  "kelurahan" : "Baturube",
  "kodepos" : "94972"
}, {
  "kecamatan" : "Petasia Timur",
  "kelurahan" : "Ungkea",
  "kodepos" : "94971"
}, {
  "kecamatan" : "Petasia Barat",
  "kelurahan" : "Ulu Laa",
  "kodepos" : "94971"
}, {
  "kecamatan" : "Petasia Timur",
  "kelurahan" : "Towara",
  "kodepos" : "94971"
}, {
  "kecamatan" : "Petasia Timur",
  "kelurahan" : "Towara Pantai",
  "kodepos" : "94971"
}, {
  "kecamatan" : "Petasia Barat",
  "kelurahan" : "Tontowea",
  "kodepos" : "94971"
}, {
  "kecamatan" : "Petasia Timur",
  "kelurahan" : "Tompira",
  "kodepos" : "94971"
}, {
  "kecamatan" : "Petasia Barat",
  "kelurahan" : "Togo Mulyo",
  "kodepos" : "94971"
}, {
  "kecamatan" : "Soyo Jaya",
  "kelurahan" : "Toddopoli Uebangke",
  "kodepos" : "94971"
}, {
  "kecamatan" : "Petasia Barat",
  "kelurahan" : "Tiu",
  "kodepos" : "94971"
}, {
  "kecamatan" : "Soyo Jaya",
  "kelurahan" : "Tandoyondo",
  "kodepos" : "94971"
}, {
  "kecamatan" : "Petasia",
  "kelurahan" : "Tanauge",
  "kodepos" : "94971"
}, {
  "kecamatan" : "Soyo Jaya",
  "kelurahan" : "Tambayoli",
  "kodepos" : "94971"
}, {
  "kecamatan" : "Soyo Jaya",
  "kelurahan" : "Tamainusi",
  "kodepos" : "94971"
}, {
  "kecamatan" : "Soyo Jaya",
  "kelurahan" : "Sumara Jaya",
  "kodepos" : "94971"
}, {
  "kecamatan" : "Petasia Barat",
  "kelurahan" : "Tadaku Jaya",
  "kodepos" : "94971"
}, {
  "kecamatan" : "Petasia Barat",
  "kelurahan" : "Sampalowo",
  "kodepos" : "94971"
}, {
  "kecamatan" : "Soyo Jaya",
  "kelurahan" : "Panca Makmur",
  "kodepos" : "94971"
}, {
  "kecamatan" : "Petasia Timur",
  "kelurahan" : "Peboa",
  "kodepos" : "94971"
}, {
  "kecamatan" : "Petasia Barat",
  "kelurahan" : "Mondowe",
  "kodepos" : "94971"
}, {
  "kecamatan" : "Petasia Barat",
  "kelurahan" : "Onepute",
  "kodepos" : "94971"
}, {
  "kecamatan" : "Petasia Timur",
  "kelurahan" : "Molores",
  "kodepos" : "94971"
}, {
  "kecamatan" : "Petasia Barat",
  "kelurahan" : "Moleono",
  "kodepos" : "94971"
}, {
  "kecamatan" : "Petasia Timur",
  "kelurahan" : "Molino",
  "kodepos" : "94971"
}, {
  "kecamatan" : "Petasia Barat",
  "kelurahan" : "Maralee",
  "kodepos" : "94971"
}, {
  "kecamatan" : "Petasia Timur",
  "kelurahan" : "Mohoni",
  "kodepos" : "94971"
}, {
  "kecamatan" : "Soyo Jaya",
  "kelurahan" : "Malino Jaya",
  "kodepos" : "94971"
}, {
  "kecamatan" : "Soyo Jaya",
  "kelurahan" : "Lembah Sumara",
  "kodepos" : "94971"
}, {
  "kecamatan" : "Soyo Jaya",
  "kelurahan" : "Malino",
  "kodepos" : "94971"
}, {
  "kecamatan" : "Petasia",
  "kelurahan" : "Koromatantu",
  "kodepos" : "94971"
}, {
  "kecamatan" : "Petasia",
  "kelurahan" : "Koya",
  "kodepos" : "94971"
}, {
  "kecamatan" : "Petasia",
  "kelurahan" : "Kolonodale",
  "kodepos" : "94971"
}, {
  "kecamatan" : "Petasia",
  "kelurahan" : "Korolaki",
  "kodepos" : "94971"
}, {
  "kecamatan" : "Petasia",
  "kelurahan" : "Korolama",
  "kodepos" : "94971"
}, {
  "kecamatan" : "Petasia",
  "kelurahan" : "Gililana",
  "kodepos" : "94971"
}, {
  "kecamatan" : "Petasia Timur",
  "kelurahan" : "Keuno",
  "kodepos" : "94971"
}, {
  "kecamatan" : "Petasia",
  "kelurahan" : "Ganda-Ganda",
  "kodepos" : "94971"
}, {
  "kecamatan" : "Petasia Timur",
  "kelurahan" : "Bunta",
  "kodepos" : "94971"
}, {
  "kecamatan" : "Petasia Timur",
  "kelurahan" : "Binor Jaya",
  "kodepos" : "94971"
}, {
  "kecamatan" : "Petasia Timur",
  "kelurahan" : "Bungintimbe",
  "kodepos" : "94971"
}, {
  "kecamatan" : "Soyo Jaya",
  "kelurahan" : "Bau",
  "kodepos" : "94971"
}, {
  "kecamatan" : "Petasia",
  "kelurahan" : "Bahoue",
  "kodepos" : "94971"
}, {
  "kecamatan" : "Petasia",
  "kelurahan" : "Bahontula",
  "kodepos" : "94971"
}, {
  "kecamatan" : "Lembo",
  "kelurahan" : "Wawopada",
  "kodepos" : "94966"
}, {
  "kecamatan" : "Lembo",
  "kelurahan" : "Waraa",
  "kodepos" : "94966"
}, {
  "kecamatan" : "Lembo",
  "kelurahan" : "Uluanso",
  "kodepos" : "94966"
}, {
  "kecamatan" : "Lembo",
  "kelurahan" : "Tinompo",
  "kodepos" : "94966"
}, {
  "kecamatan" : "Lembo",
  "kelurahan" : "Tingkeao",
  "kodepos" : "94966"
}, {
  "kecamatan" : "Lembo Raya",
  "kelurahan" : "Ronta",
  "kodepos" : "94966"
}, {
  "kecamatan" : "Lembo Raya",
  "kelurahan" : "Pontangoa",
  "kodepos" : "94966"
}, {
  "kecamatan" : "Lembo Raya",
  "kelurahan" : "Po&#8217;ona",
  "kodepos" : "94966"
}, {
  "kecamatan" : "Lembo Raya",
  "kelurahan" : "Petumbea",
  "kodepos" : "94966"
}, {
  "kecamatan" : "Lembo Raya",
  "kelurahan" : "Pa&#8217;awaru",
  "kodepos" : "94966"
}, {
  "kecamatan" : "Lembo",
  "kelurahan" : "Mora",
  "kodepos" : "94966"
}, {
  "kecamatan" : "Lembo Raya",
  "kelurahan" : "Mandula",
  "kodepos" : "94966"
}, {
  "kecamatan" : "Lembo",
  "kelurahan" : "Lemboroma",
  "kodepos" : "94966"
}, {
  "kecamatan" : "Lembo Raya",
  "kelurahan" : "Lembobelala",
  "kodepos" : "94966"
}, {
  "kecamatan" : "Lembo",
  "kelurahan" : "Lembobaru",
  "kodepos" : "94966"
}, {
  "kecamatan" : "Lembo",
  "kelurahan" : "Kumpi",
  "kodepos" : "94966"
}, {
  "kecamatan" : "Lembo",
  "kelurahan" : "Korowou",
  "kodepos" : "94966"
}, {
  "kecamatan" : "Lembo",
  "kelurahan" : "Korow Alelo",
  "kodepos" : "94966"
}, {
  "kecamatan" : "Lembo",
  "kelurahan" : "Korompeli",
  "kodepos" : "94966"
}, {
  "kecamatan" : "Lembo",
  "kelurahan" : "Korobonde",
  "kodepos" : "94966"
}, {
  "kecamatan" : "Lembo Raya",
  "kelurahan" : "Jamor Jaya",
  "kodepos" : "94966"
}, {
  "kecamatan" : "Lembo Raya",
  "kelurahan" : "Dolupo Karya",
  "kodepos" : "94966"
}, {
  "kecamatan" : "Lembo Raya",
  "kelurahan" : "Bintangor Mukti",
  "kodepos" : "94966"
}, {
  "kecamatan" : "Lembo",
  "kelurahan" : "Beteleme",
  "kodepos" : "94966"
}, {
  "kecamatan" : "Mori Utara",
  "kelurahan" : "Wowondula",
  "kodepos" : "94965"
}, {
  "kecamatan" : "Mori Atas",
  "kelurahan" : "Tomui Karya",
  "kodepos" : "94965"
}, {
  "kecamatan" : "Mori Atas",
  "kelurahan" : "Tomata",
  "kodepos" : "94965"
}, {
  "kecamatan" : "Mori Utara",
  "kelurahan" : "Tiwaa",
  "kodepos" : "94965"
}, {
  "kecamatan" : "Mori Utara",
  "kelurahan" : "Tamonjengi",
  "kodepos" : "94965"
}, {
  "kecamatan" : "Mori Atas",
  "kelurahan" : "Taende",
  "kodepos" : "94965"
}, {
  "kecamatan" : "Mori Utara",
  "kelurahan" : "Tabarano",
  "kodepos" : "94965"
}, {
  "kecamatan" : "Mori Atas",
  "kelurahan" : "Saemba Walati",
  "kodepos" : "94965"
}, {
  "kecamatan" : "Mori Atas",
  "kelurahan" : "Saemba",
  "kodepos" : "94965"
}, {
  "kecamatan" : "Mori Atas",
  "kelurahan" : "Peonea",
  "kodepos" : "94965"
}, {
  "kecamatan" : "Mori Utara",
  "kelurahan" : "Peleru",
  "kodepos" : "94965"
}, {
  "kecamatan" : "Mori Atas",
  "kelurahan" : "Pambarea",
  "kodepos" : "94965"
}, {
  "kecamatan" : "Mori Utara",
  "kelurahan" : "Lembontonara",
  "kodepos" : "94965"
}, {
  "kecamatan" : "Mori Utara",
  "kelurahan" : "Mayumba",
  "kodepos" : "94965"
}, {
  "kecamatan" : "Mori Atas",
  "kelurahan" : "Londi",
  "kodepos" : "94965"
}, {
  "kecamatan" : "Mori Atas",
  "kelurahan" : "Lanumor",
  "kodepos" : "94965"
}, {
  "kecamatan" : "Mori Atas",
  "kelurahan" : "Lee",
  "kodepos" : "94965"
}, {
  "kecamatan" : "Mori Atas",
  "kelurahan" : "Kolaka",
  "kodepos" : "94965"
}, {
  "kecamatan" : "Mori Atas",
  "kelurahan" : "Gontara",
  "kodepos" : "94965"
}, {
  "kecamatan" : "Mori Atas",
  "kelurahan" : "Kasingoli",
  "kodepos" : "94965"
}, {
  "kecamatan" : "Mori Utara",
  "kelurahan" : "Era",
  "kodepos" : "94965"
}, {
  "kecamatan" : "Mori Atas",
  "kelurahan" : "Ensa",
  "kodepos" : "94965"
} ]
