[ {
  "kecamatan" : "Balantak Selatan",
  "kelurahan" : "Tongke",
  "kodepos" : "94773"
}, {
  "kecamatan" : "Balantak Utara",
  "kelurahan" : "Toweer",
  "kodepos" : "94773"
}, {
  "kecamatan" : "Balantak Selatan",
  "kelurahan" : "Tintingan",
  "kodepos" : "94773"
}, {
  "kecamatan" : "Balantak Selatan",
  "kelurahan" : "Tombos",
  "kodepos" : "94773"
}, {
  "kecamatan" : "Balantak Utara",
  "kelurahan" : "Teku",
  "kodepos" : "94773"
}, {
  "kecamatan" : "Balantak",
  "kelurahan" : "Tanotu",
  "kodepos" : "94773"
}, {
  "kecamatan" : "Balantak Selatan",
  "kelurahan" : "Tanggawas",
  "kodepos" : "94773"
}, {
  "kecamatan" : "Balantak",
  "kelurahan" : "Talima A",
  "kodepos" : "94773"
}, {
  "kecamatan" : "Balantak",
  "kelurahan" : "Talima B",
  "kodepos" : "94773"
}, {
  "kecamatan" : "Balantak",
  "kelurahan" : "Talang Batu",
  "kodepos" : "94773"
}, {
  "kecamatan" : "Balantak Selatan",
  "kelurahan" : "Sepe",
  "kodepos" : "94773"
}, {
  "kecamatan" : "Balantak Selatan",
  "kelurahan" : "Resarna",
  "kodepos" : "94773"
}, {
  "kecamatan" : "Balantak",
  "kelurahan" : "Ra&#8217;u",
  "kodepos" : "94773"
}, {
  "kecamatan" : "Balantak Selatan",
  "kelurahan" : "Poyang",
  "kodepos" : "94773"
}, {
  "kecamatan" : "Balantak Utara",
  "kelurahan" : "Pulau Dua",
  "kodepos" : "94773"
}, {
  "kecamatan" : "Balantak Utara",
  "kelurahan" : "Pangkalaseang",
  "kodepos" : "94773"
}, {
  "kecamatan" : "Balantak Utara",
  "kelurahan" : "Pangkalaseang Baru",
  "kodepos" : "94773"
}, {
  "kecamatan" : "Balantak Utara",
  "kelurahan" : "Ondoliang",
  "kodepos" : "94773"
}, {
  "kecamatan" : "Balantak",
  "kelurahan" : "Padang",
  "kodepos" : "94773"
}, {
  "kecamatan" : "Balantak",
  "kelurahan" : "Luok",
  "kodepos" : "94773"
}, {
  "kecamatan" : "Balantak",
  "kelurahan" : "Mamping",
  "kodepos" : "94773"
}, {
  "kecamatan" : "Balantak Utara",
  "kelurahan" : "Kuntang",
  "kodepos" : "94773"
}, {
  "kecamatan" : "Balantak",
  "kelurahan" : "Kiloma",
  "kodepos" : "94773"
}, {
  "kecamatan" : "Balantak Selatan",
  "kelurahan" : "Gorontalo",
  "kodepos" : "94773"
}, {
  "kecamatan" : "Balantak Utara",
  "kelurahan" : "Kampangar",
  "kodepos" : "94773"
}, {
  "kecamatan" : "Balantak Selatan",
  "kelurahan" : "Dondo",
  "kodepos" : "94773"
}, {
  "kecamatan" : "Balantak Selatan",
  "kelurahan" : "Giwang",
  "kodepos" : "94773"
}, {
  "kecamatan" : "Balantak",
  "kelurahan" : "Dolom",
  "kodepos" : "94773"
}, {
  "kecamatan" : "Balantak",
  "kelurahan" : "Dale-Dale",
  "kodepos" : "94773"
}, {
  "kecamatan" : "Balantak Selatan",
  "kelurahan" : "Booy",
  "kodepos" : "94773"
}, {
  "kecamatan" : "Balantak",
  "kelurahan" : "Boloak",
  "kodepos" : "94773"
}, {
  "kecamatan" : "Balantak Utara",
  "kelurahan" : "Batu Mandi",
  "kodepos" : "94773"
}, {
  "kecamatan" : "Balantak Utara",
  "kelurahan" : "Batu Simpang",
  "kodepos" : "94773"
}, {
  "kecamatan" : "Balantak",
  "kelurahan" : "Balantak",
  "kodepos" : "94773"
}, {
  "kecamatan" : "Masama",
  "kelurahan" : "Tompotika Makmur",
  "kodepos" : "94772"
}, {
  "kecamatan" : "Masama",
  "kelurahan" : "Taugi",
  "kodepos" : "94772"
}, {
  "kecamatan" : "Masama",
  "kelurahan" : "Tangabean (Tangeban)",
  "kodepos" : "94772"
}, {
  "kecamatan" : "Masama",
  "kelurahan" : "Simpangan",
  "kodepos" : "94772"
}, {
  "kecamatan" : "Masama",
  "kelurahan" : "Seresa",
  "kodepos" : "94772"
}, {
  "kecamatan" : "Masama",
  "kelurahan" : "Rangga-Rangga",
  "kodepos" : "94772"
}, {
  "kecamatan" : "Masama",
  "kelurahan" : "Purwo Agung",
  "kodepos" : "94772"
}, {
  "kecamatan" : "Masama",
  "kelurahan" : "Padangan",
  "kodepos" : "94772"
}, {
  "kecamatan" : "Masama",
  "kelurahan" : "Minangandala",
  "kodepos" : "94772"
}, {
  "kecamatan" : "Masama",
  "kelurahan" : "Kospa Buata Karya (Dwata Karya)",
  "kodepos" : "94772"
}, {
  "kecamatan" : "Masama",
  "kelurahan" : "Kembang Mentha (Merta/Menta)",
  "kodepos" : "94772"
}, {
  "kecamatan" : "Masama",
  "kelurahan" : "Eteng",
  "kodepos" : "94772"
}, {
  "kecamatan" : "Masama",
  "kelurahan" : "Duata Karya",
  "kodepos" : "94772"
}, {
  "kecamatan" : "Masama",
  "kelurahan" : "Cemerlang",
  "kodepos" : "94772"
}, {
  "kecamatan" : "Lamala",
  "kelurahan" : "Tinonda",
  "kodepos" : "94771"
}, {
  "kecamatan" : "Mantoh",
  "kelurahan" : "Sobol Baru",
  "kodepos" : "94771"
}, {
  "kecamatan" : "Mantoh",
  "kelurahan" : "Sulubombong",
  "kodepos" : "94771"
}, {
  "kecamatan" : "Mantoh",
  "kelurahan" : "Sobol",
  "kodepos" : "94771"
}, {
  "kecamatan" : "Lamala",
  "kelurahan" : "Sirong",
  "kodepos" : "94771"
}, {
  "kecamatan" : "Lamala",
  "kelurahan" : "Poroan",
  "kodepos" : "94771"
}, {
  "kecamatan" : "Mantoh",
  "kelurahan" : "Pondang",
  "kodepos" : "94771"
}, {
  "kecamatan" : "Mantoh",
  "kelurahan" : "Lonas",
  "kodepos" : "94771"
}, {
  "kecamatan" : "Lamala",
  "kelurahan" : "Nipa",
  "kodepos" : "94771"
}, {
  "kecamatan" : "Lamala",
  "kelurahan" : "Labotan",
  "kodepos" : "94771"
}, {
  "kecamatan" : "Lamala",
  "kelurahan" : "Lomba",
  "kodepos" : "94771"
}, {
  "kecamatan" : "Lamala",
  "kelurahan" : "Kotabaru",
  "kodepos" : "94771"
}, {
  "kecamatan" : "Lamala",
  "kelurahan" : "Kota Raya",
  "kodepos" : "94771"
}, {
  "kecamatan" : "Lamala",
  "kelurahan" : "Kagitakan",
  "kodepos" : "94771"
}, {
  "kecamatan" : "Mantoh",
  "kelurahan" : "Garuga",
  "kodepos" : "94771"
}, {
  "kecamatan" : "Mantoh",
  "kelurahan" : "Boras",
  "kodepos" : "94771"
}, {
  "kecamatan" : "Mantoh",
  "kelurahan" : "Bombongan",
  "kodepos" : "94771"
}, {
  "kecamatan" : "Lamala",
  "kelurahan" : "Bonebobakal",
  "kodepos" : "94771"
}, {
  "kecamatan" : "Mantoh",
  "kelurahan" : "Bolla",
  "kodepos" : "94771"
}, {
  "kecamatan" : "Mantoh",
  "kelurahan" : "Binotik",
  "kodepos" : "94771"
}, {
  "kecamatan" : "Lamala",
  "kelurahan" : "Bahari Makmur",
  "kodepos" : "94771"
}, {
  "kecamatan" : "Lamala",
  "kelurahan" : "Baruga",
  "kodepos" : "94771"
}, {
  "kecamatan" : "Toili",
  "kelurahan" : "Uwe Mea",
  "kodepos" : "94765"
}, {
  "kecamatan" : "Toili Barat",
  "kelurahan" : "Uwelolu",
  "kodepos" : "94765"
}, {
  "kecamatan" : "Toili",
  "kelurahan" : "Tolisu",
  "kodepos" : "94765"
}, {
  "kecamatan" : "Moilong",
  "kelurahan" : "Tou",
  "kodepos" : "94765"
}, {
  "kecamatan" : "Toili",
  "kelurahan" : "Toili",
  "kodepos" : "94765"
}, {
  "kecamatan" : "Moilong",
  "kelurahan" : "Toili",
  "kodepos" : "94765"
}, {
  "kecamatan" : "Toili",
  "kelurahan" : "Tohiti Sari",
  "kodepos" : "94765"
}, {
  "kecamatan" : "Toili",
  "kelurahan" : "Tirta Sari",
  "kodepos" : "94765"
}, {
  "kecamatan" : "Moilong",
  "kelurahan" : "Sumber Harjo",
  "kodepos" : "94765"
}, {
  "kecamatan" : "Toili",
  "kelurahan" : "Singkoyo",
  "kodepos" : "94765"
}, {
  "kecamatan" : "Toili",
  "kelurahan" : "Tirta Kencana",
  "kodepos" : "94765"
}, {
  "kecamatan" : "Toili Barat",
  "kelurahan" : "Sindang Sari",
  "kodepos" : "94765"
}, {
  "kecamatan" : "Toili",
  "kelurahan" : "Sindang Baru",
  "kodepos" : "94765"
}, {
  "kecamatan" : "Toili",
  "kelurahan" : "Sidoharjo",
  "kodepos" : "94765"
}, {
  "kecamatan" : "Moilong",
  "kelurahan" : "Sido Makmur",
  "kodepos" : "94765"
}, {
  "kecamatan" : "Moilong",
  "kelurahan" : "Sidoharjo",
  "kodepos" : "94765"
}, {
  "kecamatan" : "Toili",
  "kelurahan" : "Selamet Raharjo",
  "kodepos" : "94765"
}, {
  "kecamatan" : "Toili",
  "kelurahan" : "Sentral Sari",
  "kodepos" : "94765"
}, {
  "kecamatan" : "Moilong",
  "kelurahan" : "Selamet Raharjo",
  "kodepos" : "94765"
}, {
  "kecamatan" : "Toili",
  "kelurahan" : "Saluan",
  "kodepos" : "94765"
}, {
  "kecamatan" : "Toili",
  "kelurahan" : "Samalore",
  "kodepos" : "94765"
}, {
  "kecamatan" : "Moilong",
  "kelurahan" : "Saluan",
  "kodepos" : "94765"
}, {
  "kecamatan" : "Toili Barat",
  "kelurahan" : "Rata",
  "kodepos" : "94765"
}, {
  "kecamatan" : "Toili",
  "kelurahan" : "Piondo",
  "kodepos" : "94765"
}, {
  "kecamatan" : "Toili",
  "kelurahan" : "Rusa Kencana",
  "kodepos" : "94765"
}, {
  "kecamatan" : "Toili Barat",
  "kelurahan" : "Pandan Wangi",
  "kodepos" : "94765"
}, {
  "kecamatan" : "Toili Barat",
  "kelurahan" : "Pasir Lamba",
  "kodepos" : "94765"
}, {
  "kecamatan" : "Moilong",
  "kelurahan" : "Mulio Harjo",
  "kodepos" : "94765"
}, {
  "kecamatan" : "Toili",
  "kelurahan" : "Mulyoharjo",
  "kodepos" : "94765"
}, {
  "kecamatan" : "Moilong",
  "kelurahan" : "Moilong",
  "kodepos" : "94765"
}, {
  "kecamatan" : "Toili",
  "kelurahan" : "Minakarya",
  "kodepos" : "94765"
}, {
  "kecamatan" : "Toili",
  "kelurahan" : "Moilong",
  "kodepos" : "94765"
}, {
  "kecamatan" : "Moilong",
  "kelurahan" : "Minakarya",
  "kodepos" : "94765"
}, {
  "kecamatan" : "Moilong",
  "kelurahan" : "Minahaki",
  "kodepos" : "94765"
}, {
  "kecamatan" : "Toili",
  "kelurahan" : "Minahaki",
  "kodepos" : "94765"
}, {
  "kecamatan" : "Toili Barat",
  "kelurahan" : "Mekar Sari",
  "kodepos" : "94765"
}, {
  "kecamatan" : "Toili Barat",
  "kelurahan" : "Mantawa Bonebae (Bonebai)",
  "kodepos" : "94765"
}, {
  "kecamatan" : "Toili Barat",
  "kelurahan" : "Mekar Jaya",
  "kodepos" : "94765"
}, {
  "kecamatan" : "Toili Barat",
  "kelurahan" : "Mantawa",
  "kodepos" : "94765"
}, {
  "kecamatan" : "Toili",
  "kelurahan" : "Mansahang",
  "kodepos" : "94765"
}, {
  "kecamatan" : "Toili Barat",
  "kelurahan" : "Lembah Kramat",
  "kodepos" : "94765"
}, {
  "kecamatan" : "Toili Barat",
  "kelurahan" : "Makapa",
  "kodepos" : "94765"
}, {
  "kecamatan" : "Toili Barat",
  "kelurahan" : "Karya Makmur",
  "kodepos" : "94765"
}, {
  "kecamatan" : "Moilong",
  "kelurahan" : "Karang Anyar",
  "kodepos" : "94765"
}, {
  "kecamatan" : "Moilong",
  "kelurahan" : "Karya Jaya",
  "kodepos" : "94765"
}, {
  "kecamatan" : "Toili Barat",
  "kelurahan" : "Gunung Kramat",
  "kodepos" : "94765"
}, {
  "kecamatan" : "Toili Barat",
  "kelurahan" : "Kami Wangi",
  "kodepos" : "94765"
}, {
  "kecamatan" : "Toili",
  "kelurahan" : "Bumiharjo",
  "kodepos" : "94765"
}, {
  "kecamatan" : "Toili",
  "kelurahan" : "Cendanapura",
  "kodepos" : "94765"
}, {
  "kecamatan" : "Toili Barat",
  "kelurahan" : "Dongin",
  "kodepos" : "94765"
}, {
  "kecamatan" : "Moilong",
  "kelurahan" : "Bumi Harjo",
  "kodepos" : "94765"
}, {
  "kecamatan" : "Toili Barat",
  "kelurahan" : "Bumi Harapan",
  "kodepos" : "94765"
}, {
  "kecamatan" : "Toili Barat",
  "kelurahan" : "Bukit Makarti",
  "kodepos" : "94765"
}, {
  "kecamatan" : "Toili",
  "kelurahan" : "Bentang",
  "kodepos" : "94765"
}, {
  "kecamatan" : "Toili",
  "kelurahan" : "Bukit Jaya",
  "kodepos" : "94765"
}, {
  "kecamatan" : "Toili",
  "kelurahan" : "Argakencana",
  "kodepos" : "94765"
}, {
  "kecamatan" : "Moilong",
  "kelurahan" : "Argo Mulyo",
  "kodepos" : "94765"
}, {
  "kecamatan" : "Moilong",
  "kelurahan" : "Arga Kencana",
  "kodepos" : "94765"
}, {
  "kecamatan" : "Batui",
  "kelurahan" : "Uso",
  "kodepos" : "94762"
}, {
  "kecamatan" : "Batui",
  "kelurahan" : "Tolando",
  "kodepos" : "94762"
}, {
  "kecamatan" : "Batui Selatan",
  "kelurahan" : "Sukamaju Satu",
  "kodepos" : "94762"
}, {
  "kecamatan" : "Batui Selatan",
  "kelurahan" : "Sukamaju",
  "kodepos" : "94762"
}, {
  "kecamatan" : "Batui",
  "kelurahan" : "Sisipan",
  "kodepos" : "94762"
}, {
  "kecamatan" : "Batui",
  "kelurahan" : "Sisipan",
  "kodepos" : "94762"
}, {
  "kecamatan" : "Batui Selatan",
  "kelurahan" : "Paisu Buloli",
  "kodepos" : "94762"
}, {
  "kecamatan" : "Batui Selatan",
  "kelurahan" : "Ombolu",
  "kodepos" : "94762"
}, {
  "kecamatan" : "Batui",
  "kelurahan" : "Ondo-Ondolu",
  "kodepos" : "94762"
}, {
  "kecamatan" : "Batui",
  "kelurahan" : "Ondo-Ondolu I",
  "kodepos" : "94762"
}, {
  "kecamatan" : "Batui Selatan",
  "kelurahan" : "Maleo Jaya",
  "kodepos" : "94762"
}, {
  "kecamatan" : "Batui Selatan",
  "kelurahan" : "Masungkang",
  "kodepos" : "94762"
}, {
  "kecamatan" : "Batui",
  "kelurahan" : "Nonong",
  "kodepos" : "94762"
}, {
  "kecamatan" : "Batui Selatan",
  "kelurahan" : "Maasing",
  "kodepos" : "94762"
}, {
  "kecamatan" : "Batui",
  "kelurahan" : "Honbola",
  "kodepos" : "94762"
}, {
  "kecamatan" : "Batui",
  "kelurahan" : "Kayowa",
  "kodepos" : "94762"
}, {
  "kecamatan" : "Batui",
  "kelurahan" : "Lamo",
  "kodepos" : "94762"
}, {
  "kecamatan" : "Batui Selatan",
  "kelurahan" : "Gori-Gori",
  "kodepos" : "94762"
}, {
  "kecamatan" : "Batui",
  "kelurahan" : "Bugis",
  "kodepos" : "94762"
}, {
  "kecamatan" : "Batui Selatan",
  "kelurahan" : "Bonebalantak",
  "kodepos" : "94762"
}, {
  "kecamatan" : "Batui",
  "kelurahan" : "Balantang",
  "kodepos" : "94762"
}, {
  "kecamatan" : "Batui",
  "kelurahan" : "Batui",
  "kodepos" : "94762"
}, {
  "kecamatan" : "Batui",
  "kelurahan" : "Bakung",
  "kodepos" : "94762"
}, {
  "kecamatan" : "Kintom",
  "kelurahan" : "Uling",
  "kodepos" : "94761"
}, {
  "kecamatan" : "Kintom",
  "kelurahan" : "Solan",
  "kodepos" : "94761"
}, {
  "kecamatan" : "Kintom",
  "kelurahan" : "Tangkiang",
  "kodepos" : "94761"
}, {
  "kecamatan" : "Nambo",
  "kelurahan" : "Sayangbongin",
  "kodepos" : "94761"
}, {
  "kecamatan" : "Kintom",
  "kelurahan" : "Samadoya",
  "kodepos" : "94761"
}, {
  "kecamatan" : "Kintom",
  "kelurahan" : "Sayambongin",
  "kodepos" : "94761"
}, {
  "kecamatan" : "Nambo",
  "kelurahan" : "Padungnyo",
  "kodepos" : "94761"
}, {
  "kecamatan" : "Kintom",
  "kelurahan" : "Padungnyo",
  "kodepos" : "94761"
}, {
  "kecamatan" : "Kintom",
  "kelurahan" : "Padang",
  "kodepos" : "94761"
}, {
  "kecamatan" : "Nambo",
  "kelurahan" : "Nambo Lempek Baru",
  "kodepos" : "94761"
}, {
  "kecamatan" : "Nambo",
  "kelurahan" : "Nambo Padang",
  "kodepos" : "94761"
}, {
  "kecamatan" : "Nambo",
  "kelurahan" : "Nambo Bosaa",
  "kodepos" : "94761"
}, {
  "kecamatan" : "Nambo",
  "kelurahan" : "Nambo Lempek",
  "kodepos" : "94761"
}, {
  "kecamatan" : "Kintom",
  "kelurahan" : "Manyula",
  "kodepos" : "94761"
}, {
  "kecamatan" : "Kintom",
  "kelurahan" : "Mendono",
  "kodepos" : "94761"
}, {
  "kecamatan" : "Nambo",
  "kelurahan" : "Lumbe",
  "kodepos" : "94761"
}, {
  "kecamatan" : "Nambo",
  "kelurahan" : "Lontio Baru",
  "kodepos" : "94761"
}, {
  "kecamatan" : "Nambo",
  "kelurahan" : "Lontio",
  "kodepos" : "94761"
}, {
  "kecamatan" : "Kintom",
  "kelurahan" : "Lontio",
  "kodepos" : "94761"
}, {
  "kecamatan" : "Nambo",
  "kelurahan" : "Koyoan",
  "kodepos" : "94761"
}, {
  "kecamatan" : "Nambo",
  "kelurahan" : "Koyoan Permai",
  "kodepos" : "94761"
}, {
  "kecamatan" : "Kintom",
  "kelurahan" : "Kintom",
  "kodepos" : "94761"
}, {
  "kecamatan" : "Kintom",
  "kelurahan" : "Dimpalon",
  "kodepos" : "94761"
}, {
  "kecamatan" : "Kintom",
  "kelurahan" : "Kalolos",
  "kodepos" : "94761"
}, {
  "kecamatan" : "Kintom",
  "kelurahan" : "Babang Buyangge",
  "kodepos" : "94761"
}, {
  "kecamatan" : "Bunta",
  "kelurahan" : "Tuntung",
  "kodepos" : "94753"
}, {
  "kecamatan" : "Bunta",
  "kelurahan" : "Tombongan Ulos",
  "kodepos" : "94753"
}, {
  "kecamatan" : "Nuhon",
  "kelurahan" : "Tobelombang",
  "kodepos" : "94753"
}, {
  "kecamatan" : "Bunta",
  "kelurahan" : "Toima",
  "kodepos" : "94753"
}, {
  "kecamatan" : "Nuhon",
  "kelurahan" : "Tetesulu",
  "kodepos" : "94753"
}, {
  "kecamatan" : "Nuhon",
  "kelurahan" : "Temeang (Tomeang)",
  "kodepos" : "94753"
}, {
  "kecamatan" : "Simpang Raya",
  "kelurahan" : "Sumber Mulia",
  "kodepos" : "94753"
}, {
  "kecamatan" : "Nuhon",
  "kelurahan" : "Sumber Agung",
  "kodepos" : "94753"
}, {
  "kecamatan" : "Simpang Raya",
  "kelurahan" : "Simpang Satu",
  "kodepos" : "94753"
}, {
  "kecamatan" : "Simpang Raya",
  "kelurahan" : "Simpang Dua",
  "kodepos" : "94753"
}, {
  "kecamatan" : "Bunta",
  "kelurahan" : "Salabenda",
  "kodepos" : "94753"
}, {
  "kecamatan" : "Nuhon",
  "kelurahan" : "Saiti",
  "kodepos" : "94753"
}, {
  "kecamatan" : "Simpang Raya",
  "kelurahan" : "Rantau Jaya",
  "kodepos" : "94753"
}, {
  "kecamatan" : "Nuhon",
  "kelurahan" : "Pulo Dalagan",
  "kodepos" : "94753"
}, {
  "kecamatan" : "Bunta",
  "kelurahan" : "Pongian",
  "kodepos" : "94753"
}, {
  "kecamatan" : "Bunta",
  "kelurahan" : "Polo",
  "kodepos" : "94753"
}, {
  "kecamatan" : "Nuhon",
  "kelurahan" : "Pimbombo (Pibombo)",
  "kodepos" : "94753"
}, {
  "kecamatan" : "Nuhon",
  "kelurahan" : "Petak",
  "kodepos" : "94753"
}, {
  "kecamatan" : "Nuhon",
  "kelurahan" : "Obok Balingara",
  "kodepos" : "94753"
}, {
  "kecamatan" : "Nuhon",
  "kelurahan" : "Pakowa Bunta (Pokowa Bunta)",
  "kodepos" : "94753"
}, {
  "kecamatan" : "Bunta",
  "kelurahan" : "Nanga-Nangaon",
  "kodepos" : "94753"
}, {
  "kecamatan" : "Bunta",
  "kelurahan" : "Matabas",
  "kodepos" : "94753"
}, {
  "kecamatan" : "Nuhon",
  "kelurahan" : "Mantan B",
  "kodepos" : "94753"
}, {
  "kecamatan" : "Simpang Raya",
  "kelurahan" : "Mantan A",
  "kodepos" : "94753"
}, {
  "kecamatan" : "Bunta",
  "kelurahan" : "Longgolian",
  "kodepos" : "94753"
}, {
  "kecamatan" : "Bunta",
  "kelurahan" : "Lontio",
  "kodepos" : "94753"
}, {
  "kecamatan" : "Simpang Raya",
  "kelurahan" : "Lokait",
  "kodepos" : "94753"
}, {
  "kecamatan" : "Bunta",
  "kelurahan" : "Laonggo",
  "kodepos" : "94753"
}, {
  "kecamatan" : "Simpang Raya",
  "kelurahan" : "Koninis",
  "kodepos" : "94753"
}, {
  "kecamatan" : "Bunta",
  "kelurahan" : "Koili",
  "kodepos" : "94753"
}, {
  "kecamatan" : "Bunta",
  "kelurahan" : "Kalumbangan",
  "kodepos" : "94753"
}, {
  "kecamatan" : "Bunta",
  "kelurahan" : "Kalaka",
  "kodepos" : "94753"
}, {
  "kecamatan" : "Nuhon",
  "kelurahan" : "Jaya Makmur",
  "kodepos" : "94753"
}, {
  "kecamatan" : "Nuhon",
  "kelurahan" : "Kabua Dua",
  "kodepos" : "94753"
}, {
  "kecamatan" : "Bunta",
  "kelurahan" : "Hion",
  "kodepos" : "94753"
}, {
  "kecamatan" : "Bunta",
  "kelurahan" : "Huhak",
  "kodepos" : "94753"
}, {
  "kecamatan" : "Simpang Raya",
  "kelurahan" : "Gonohop",
  "kodepos" : "94753"
}, {
  "kecamatan" : "Simpang Raya",
  "kelurahan" : "Dwipa Karya",
  "kodepos" : "94753"
}, {
  "kecamatan" : "Simpang Raya",
  "kelurahan" : "Dowiwi",
  "kodepos" : "94753"
}, {
  "kecamatan" : "Bunta",
  "kelurahan" : "Dondo Simoli",
  "kodepos" : "94753"
}, {
  "kecamatan" : "Simpang Raya",
  "kelurahan" : "Doda Bunta",
  "kodepos" : "94753"
}, {
  "kecamatan" : "Bunta",
  "kelurahan" : "Demangan Jaya",
  "kodepos" : "94753"
}, {
  "kecamatan" : "Nuhon",
  "kelurahan" : "Damai Makmur",
  "kodepos" : "94753"
}, {
  "kecamatan" : "Bunta",
  "kelurahan" : "Bunta II",
  "kodepos" : "94753"
}, {
  "kecamatan" : "Bunta",
  "kelurahan" : "Bunta I",
  "kodepos" : "94753"
}, {
  "kecamatan" : "Nuhon",
  "kelurahan" : "Bolobungkang",
  "kodepos" : "94753"
}, {
  "kecamatan" : "Nuhon",
  "kelurahan" : "Binohu",
  "kodepos" : "94753"
}, {
  "kecamatan" : "Bunta",
  "kelurahan" : "Bohotokong",
  "kodepos" : "94753"
}, {
  "kecamatan" : "Simpang Raya",
  "kelurahan" : "Beringin Jaya",
  "kodepos" : "94753"
}, {
  "kecamatan" : "Nuhon",
  "kelurahan" : "Bella",
  "kodepos" : "94753"
}, {
  "kecamatan" : "Nuhon",
  "kelurahan" : "Bangketa",
  "kodepos" : "94753"
}, {
  "kecamatan" : "Nuhon",
  "kelurahan" : "Batu Hitam",
  "kodepos" : "94753"
}, {
  "kecamatan" : "Bunta",
  "kelurahan" : "Balanga",
  "kodepos" : "94753"
}, {
  "kecamatan" : "Nuhon",
  "kelurahan" : "Balaang",
  "kodepos" : "94753"
}, {
  "kecamatan" : "Pagimana",
  "kelurahan" : "Uwedaka",
  "kodepos" : "94752"
}, {
  "kecamatan" : "Lobu",
  "kelurahan" : "Uwe Daka-Daka",
  "kodepos" : "94752"
}, {
  "kecamatan" : "Lobu",
  "kelurahan" : "Uha Uhangon",
  "kodepos" : "94752"
}, {
  "kecamatan" : "Bualemo (Boalemo)",
  "kelurahan" : "Trans Mayayap",
  "kodepos" : "94752"
}, {
  "kecamatan" : "Pagimana",
  "kelurahan" : "Tombang",
  "kodepos" : "94752"
}, {
  "kecamatan" : "Pagimana",
  "kelurahan" : "Tongkonunuk",
  "kodepos" : "94752"
}, {
  "kecamatan" : "Pagimana",
  "kelurahan" : "Toipan",
  "kodepos" : "94752"
}, {
  "kecamatan" : "Bualemo (Boalemo)",
  "kelurahan" : "Toiba",
  "kodepos" : "94752"
}, {
  "kecamatan" : "Pagimana",
  "kelurahan" : "Tintingan",
  "kodepos" : "94752"
}, {
  "kecamatan" : "Bualemo (Boalemo)",
  "kelurahan" : "Tikupon",
  "kodepos" : "94752"
}, {
  "kecamatan" : "Pagimana",
  "kelurahan" : "Taloyon",
  "kodepos" : "94752"
}, {
  "kecamatan" : "Pagimana",
  "kelurahan" : "Tampe",
  "kodepos" : "94752"
}, {
  "kecamatan" : "Bualemo (Boalemo)",
  "kelurahan" : "Taima",
  "kodepos" : "94752"
}, {
  "kecamatan" : "Pagimana",
  "kelurahan" : "Siuna",
  "kodepos" : "94752"
}, {
  "kecamatan" : "Pagimana",
  "kelurahan" : "Sinampangnyo",
  "kodepos" : "94752"
}, {
  "kecamatan" : "Pagimana",
  "kelurahan" : "Sepak",
  "kodepos" : "94752"
}, {
  "kecamatan" : "Bualemo (Boalemo)",
  "kelurahan" : "Sampaka",
  "kodepos" : "94752"
}, {
  "kecamatan" : "Pagimana",
  "kelurahan" : "Sama Jatem",
  "kodepos" : "94752"
}, {
  "kecamatan" : "Bualemo (Boalemo)",
  "kelurahan" : "Salipi",
  "kodepos" : "94752"
}, {
  "kecamatan" : "Pagimana",
  "kelurahan" : "Poh",
  "kodepos" : "94752"
}, {
  "kecamatan" : "Pagimana",
  "kelurahan" : "Pinapuan",
  "kodepos" : "94752"
}, {
  "kecamatan" : "Pagimana",
  "kelurahan" : "Pisou",
  "kodepos" : "94752"
}, {
  "kecamatan" : "Pagimana",
  "kelurahan" : "Pagimana",
  "kodepos" : "94752"
}, {
  "kecamatan" : "Pagimana",
  "kelurahan" : "Pakowa",
  "kodepos" : "94752"
}, {
  "kecamatan" : "Lobu",
  "kelurahan" : "Niubulan",
  "kodepos" : "94752"
}, {
  "kecamatan" : "Bualemo (Boalemo)",
  "kelurahan" : "Nipa Kaleman / Kalemoan",
  "kodepos" : "94752"
}, {
  "kecamatan" : "Pagimana",
  "kelurahan" : "Nain",
  "kodepos" : "94752"
}, {
  "kecamatan" : "Bualemo (Boalemo)",
  "kelurahan" : "Mayayap",
  "kodepos" : "94752"
}, {
  "kecamatan" : "Bualemo (Boalemo)",
  "kelurahan" : "Malik Makmur",
  "kodepos" : "94752"
}, {
  "kecamatan" : "Bualemo (Boalemo)",
  "kelurahan" : "Malik",
  "kodepos" : "94752"
}, {
  "kecamatan" : "Bualemo (Boalemo)",
  "kelurahan" : "Longkoga Timur",
  "kodepos" : "94752"
}, {
  "kecamatan" : "Lobu",
  "kelurahan" : "Lobu",
  "kodepos" : "94752"
}, {
  "kecamatan" : "Bualemo (Boalemo)",
  "kelurahan" : "Longkoga Barat",
  "kodepos" : "94752"
}, {
  "kecamatan" : "Bualemo (Boalemo)",
  "kelurahan" : "Lembah Tompotika",
  "kodepos" : "94752"
}, {
  "kecamatan" : "Bualemo (Boalemo)",
  "kelurahan" : "Lembah Makmur",
  "kodepos" : "94752"
}, {
  "kecamatan" : "Pagimana",
  "kelurahan" : "Lamo",
  "kodepos" : "94752"
}, {
  "kecamatan" : "Lobu",
  "kelurahan" : "Lambuli",
  "kodepos" : "94752"
}, {
  "kecamatan" : "Pagimana",
  "kelurahan" : "Lambangan",
  "kodepos" : "94752"
}, {
  "kecamatan" : "Luwuk Selatan",
  "kelurahan" : "Bubung",
  "kodepos" : "94717"
}, {
  "kecamatan" : "Lobu",
  "kelurahan" : "Kadodi",
  "kodepos" : "94752"
}, {
  "kecamatan" : "Pagimana",
  "kelurahan" : "Jaya Bakti",
  "kodepos" : "94752"
}, {
  "kecamatan" : "Pagimana",
  "kelurahan" : "Huhak",
  "kodepos" : "94752"
}, {
  "kecamatan" : "Pagimana",
  "kelurahan" : "Hohudongan",
  "kodepos" : "94752"
}, {
  "kecamatan" : "Pagimana",
  "kelurahan" : "Gomuo",
  "kodepos" : "94752"
}, {
  "kecamatan" : "Luwuk",
  "kelurahan" : "Soho",
  "kodepos" : "94713"
}, {
  "kecamatan" : "Pagimana",
  "kelurahan" : "Dongkalan",
  "kodepos" : "94752"
}, {
  "kecamatan" : "Luwuk",
  "kelurahan" : "Keleke",
  "kodepos" : "94713"
}, {
  "kecamatan" : "Bualemo (Boalemo)",
  "kelurahan" : "Dwi Karya",
  "kodepos" : "94752"
}, {
  "kecamatan" : "Luwuk",
  "kelurahan" : "Bungin Timur",
  "kodepos" : "94712"
}, {
  "kecamatan" : "Lobu",
  "kelurahan" : "Dolom",
  "kodepos" : "94752"
}, {
  "kecamatan" : "Luwuk",
  "kelurahan" : "Bungin",
  "kodepos" : "94712"
}, {
  "kecamatan" : "Pagimana",
  "kelurahan" : "Bungawon",
  "kodepos" : "94752"
}, {
  "kecamatan" : "Luwuk",
  "kelurahan" : "Tontouan",
  "kodepos" : "94711"
}, {
  "kecamatan" : "Pagimana",
  "kelurahan" : "Bulu",
  "kodepos" : "94752"
}, {
  "kecamatan" : "Bualemo (Boalemo)",
  "kelurahan" : "Bualemo B",
  "kodepos" : "94752"
}, {
  "kecamatan" : "Luwuk Utara",
  "kelurahan" : "Salodik",
  "kodepos" : "94711"
}, {
  "kecamatan" : "Bualemo (Boalemo)",
  "kelurahan" : "Bualemo A",
  "kodepos" : "94752"
}, {
  "kecamatan" : "Luwuk",
  "kelurahan" : "Mangkio Baru",
  "kodepos" : "94711"
}, {
  "kecamatan" : "Luwuk",
  "kelurahan" : "Luwuk",
  "kodepos" : "94711"
}, {
  "kecamatan" : "Pagimana",
  "kelurahan" : "Bondat",
  "kodepos" : "94752"
}, {
  "kecamatan" : "Lobu",
  "kelurahan" : "Bolobungkang",
  "kodepos" : "94752"
}, {
  "kecamatan" : "Luwuk",
  "kelurahan" : "Lumpoknyo",
  "kodepos" : "94711"
}, {
  "kecamatan" : "Bualemo (Boalemo)",
  "kelurahan" : "Binsil Padang",
  "kodepos" : "94752"
}, {
  "kecamatan" : "Luwuk Utara",
  "kelurahan" : "Lenyek",
  "kodepos" : "94711"
}, {
  "kecamatan" : "Bualemo (Boalemo)",
  "kelurahan" : "Binsil Ch",
  "kodepos" : "94752"
}, {
  "kecamatan" : "Luwuk Utara",
  "kelurahan" : "Kilongan Permai",
  "kodepos" : "94711"
}, {
  "kecamatan" : "Bualemo (Boalemo)",
  "kelurahan" : "Bima Karya",
  "kodepos" : "94752"
}, {
  "kecamatan" : "Luwuk Utara",
  "kelurahan" : "Kilongan",
  "kodepos" : "94711"
}, {
  "kecamatan" : "Luwuk",
  "kelurahan" : "Keraton",
  "kodepos" : "94711"
}, {
  "kecamatan" : "Pagimana",
  "kelurahan" : "Basabungan",
  "kodepos" : "94752"
}, {
  "kecamatan" : "Luwuk Utara",
  "kelurahan" : "Kamumu",
  "kodepos" : "94711"
}, {
  "kecamatan" : "Pagimana",
  "kelurahan" : "Baloadoda",
  "kodepos" : "94752"
}, {
  "kecamatan" : "Luwuk Utara",
  "kelurahan" : "Buon Mandiri",
  "kodepos" : "94711"
}, {
  "kecamatan" : "Luwuk Utara",
  "kelurahan" : "Bunga",
  "kodepos" : "94711"
}, {
  "kecamatan" : "Lobu",
  "kelurahan" : "Balean",
  "kodepos" : "94752"
}, {
  "kecamatan" : "Pagimana",
  "kelurahan" : "Balai Gondi",
  "kodepos" : "94752"
}, {
  "kecamatan" : "Luwuk Utara",
  "kelurahan" : "Bumi Beringin",
  "kodepos" : "94711"
}, {
  "kecamatan" : "Pagimana",
  "kelurahan" : "Bajo Poat",
  "kodepos" : "94752"
}, {
  "kecamatan" : "Luwuk Utara",
  "kelurahan" : "Boyou",
  "kodepos" : "94711"
}, {
  "kecamatan" : "Lobu",
  "kelurahan" : "Bahingin",
  "kodepos" : "94752"
}, {
  "kecamatan" : "Luwuk Utara",
  "kelurahan" : "Biak",
  "kodepos" : "94711"
}, {
  "kecamatan" : "Pagimana",
  "kelurahan" : "Asaan",
  "kodepos" : "94752"
}, {
  "kecamatan" : "Luwuk",
  "kelurahan" : "Baru",
  "kodepos" : "94711"
}, {
  "kecamatan" : "Pagimana",
  "kelurahan" : "Ampera",
  "kodepos" : "94752"
}, {
  "kecamatan" : "Luwuk Utara",
  "kelurahan" : "Awu",
  "kodepos" : "94711"
}, {
  "kecamatan" : "Luwuk Timur",
  "kelurahan" : "Uwedikan",
  "kodepos" : "94723"
}, {
  "kecamatan" : "Luwuk Timur",
  "kelurahan" : "Pohi",
  "kodepos" : "94723"
}, {
  "kecamatan" : "Luwuk Timur",
  "kelurahan" : "Molino",
  "kodepos" : "94723"
}, {
  "kecamatan" : "Luwuk Timur",
  "kelurahan" : "Louk",
  "kodepos" : "94723"
}, {
  "kecamatan" : "Luwuk Timur",
  "kelurahan" : "Lontos",
  "kodepos" : "94723"
}, {
  "kecamatan" : "Luwuk Timur",
  "kelurahan" : "Lauwon",
  "kodepos" : "94723"
}, {
  "kecamatan" : "Luwuk Timur",
  "kelurahan" : "Kayutanyo",
  "kodepos" : "94723"
}, {
  "kecamatan" : "Luwuk Timur",
  "kelurahan" : "Indang Sari",
  "kodepos" : "94723"
}, {
  "kecamatan" : "Luwuk Timur",
  "kelurahan" : "Hunduhon",
  "kodepos" : "94723"
}, {
  "kecamatan" : "Luwuk Timur",
  "kelurahan" : "Bukit Mulya",
  "kodepos" : "94723"
}, {
  "kecamatan" : "Luwuk Timur",
  "kelurahan" : "Boitan",
  "kodepos" : "94723"
}, {
  "kecamatan" : "Luwuk Timur",
  "kelurahan" : "Baya",
  "kodepos" : "94723"
}, {
  "kecamatan" : "Luwuk Timur",
  "kelurahan" : "Bantayan",
  "kodepos" : "94723"
}, {
  "kecamatan" : "Luwuk Selatan",
  "kelurahan" : "Tombang Permai",
  "kodepos" : "94717"
}, {
  "kecamatan" : "Luwuk Selatan",
  "kelurahan" : "Simpong",
  "kodepos" : "94717"
}, {
  "kecamatan" : "Luwuk Selatan",
  "kelurahan" : "Tanjung Tuwis",
  "kodepos" : "94717"
}, {
  "kecamatan" : "Luwuk Selatan",
  "kelurahan" : "Maahas",
  "kodepos" : "94717"
}, {
  "kecamatan" : "Luwuk Selatan",
  "kelurahan" : "Kompo",
  "kodepos" : "94717"
}, {
  "kecamatan" : "Luwuk Selatan",
  "kelurahan" : "Jole",
  "kodepos" : "94717"
}, {
  "kecamatan" : "Luwuk Selatan",
  "kelurahan" : "Hanga-Hanga Permai",
  "kodepos" : "94717"
}, {
  "kecamatan" : "Luwuk Selatan",
  "kelurahan" : "Hanga Hanga",
  "kodepos" : "94717"
}, {
  "kecamatan" : "Luwuk Selatan",
  "kelurahan" : "Bukit Membual",
  "kodepos" : "94717"
} ]
