[ {
  "kecamatan" : "Walea Kepulauan",
  "kelurahan" : "Tutung",
  "kodepos" : "94692"
}, {
  "kecamatan" : "Walea Kepulauan",
  "kelurahan" : "Tumotok",
  "kodepos" : "94692"
}, {
  "kecamatan" : "Walea Besar",
  "kelurahan" : "Tongidon",
  "kodepos" : "94692"
}, {
  "kecamatan" : "Walea Besar",
  "kelurahan" : "Tingki",
  "kodepos" : "94692"
}, {
  "kecamatan" : "Walea Kepulauan",
  "kelurahan" : "Tiga Pulau",
  "kodepos" : "94692"
}, {
  "kecamatan" : "Walea Besar",
  "kelurahan" : "Salinggoha",
  "kodepos" : "94692"
}, {
  "kecamatan" : "Walea Kepulauan",
  "kelurahan" : "Popolii (PopolIi)",
  "kodepos" : "94692"
}, {
  "kecamatan" : "Walea Kepulauan",
  "kelurahan" : "Pautu",
  "kodepos" : "94692"
}, {
  "kecamatan" : "Walea Besar",
  "kelurahan" : "Pasokan",
  "kodepos" : "94692"
}, {
  "kecamatan" : "Walea Kepulauan",
  "kelurahan" : "Olilan",
  "kodepos" : "94692"
}, {
  "kecamatan" : "Walea Kepulauan",
  "kelurahan" : "Malenge",
  "kodepos" : "94692"
}, {
  "kecamatan" : "Walea Besar",
  "kelurahan" : "Malapo",
  "kodepos" : "94692"
}, {
  "kecamatan" : "Walea Kepulauan",
  "kelurahan" : "Luok",
  "kodepos" : "94692"
}, {
  "kecamatan" : "Walea Kepulauan",
  "kelurahan" : "Loe",
  "kodepos" : "94692"
}, {
  "kecamatan" : "Walea Besar",
  "kelurahan" : "Kondongan",
  "kodepos" : "94692"
}, {
  "kecamatan" : "Walea Kepulauan",
  "kelurahan" : "Kolami (Kolampi)",
  "kodepos" : "94692"
}, {
  "kecamatan" : "Walea Besar",
  "kelurahan" : "Katogop (Kotogop)",
  "kodepos" : "94692"
}, {
  "kecamatan" : "Walea Kepulauan",
  "kelurahan" : "Kadoda",
  "kodepos" : "94692"
}, {
  "kecamatan" : "Walea Kepulauan",
  "kelurahan" : "Kalia",
  "kodepos" : "94692"
}, {
  "kecamatan" : "Walea Kepulauan",
  "kelurahan" : "Kabalutan",
  "kodepos" : "94692"
}, {
  "kecamatan" : "Walea Kepulauan",
  "kelurahan" : "Dolong B",
  "kodepos" : "94692"
}, {
  "kecamatan" : "Walea Kepulauan",
  "kelurahan" : "Dolong A (Dolonga)",
  "kodepos" : "94692"
}, {
  "kecamatan" : "Walea Besar",
  "kelurahan" : "Biga",
  "kodepos" : "94692"
}, {
  "kecamatan" : "Una - Una",
  "kelurahan" : "Wakai",
  "kodepos" : "94691"
}, {
  "kecamatan" : "Una - Una",
  "kelurahan" : "Una Una",
  "kodepos" : "94691"
}, {
  "kecamatan" : "Una - Una",
  "kelurahan" : "Tanjung Pude",
  "kodepos" : "94691"
}, {
  "kecamatan" : "Una - Una",
  "kelurahan" : "Tumbulawa",
  "kodepos" : "94691"
}, {
  "kecamatan" : "Una - Una",
  "kelurahan" : "Taningkola",
  "kodepos" : "94691"
}, {
  "kecamatan" : "Una - Una",
  "kelurahan" : "Siatu",
  "kodepos" : "94691"
}, {
  "kecamatan" : "Una - Una",
  "kelurahan" : "Tanimpo",
  "kodepos" : "94691"
}, {
  "kecamatan" : "Una - Una",
  "kelurahan" : "Malino",
  "kodepos" : "94691"
}, {
  "kecamatan" : "Una - Una",
  "kelurahan" : "Molowagu",
  "kodepos" : "94691"
}, {
  "kecamatan" : "Una - Una",
  "kelurahan" : "Lindo",
  "kodepos" : "94691"
}, {
  "kecamatan" : "Una - Una",
  "kelurahan" : "Luangon",
  "kodepos" : "94691"
}, {
  "kecamatan" : "Una - Una",
  "kelurahan" : "Lembanya",
  "kodepos" : "94691"
}, {
  "kecamatan" : "Una - Una",
  "kelurahan" : "Kulingkinari",
  "kodepos" : "94691"
}, {
  "kecamatan" : "Una - Una",
  "kelurahan" : "Kambutu",
  "kodepos" : "94691"
}, {
  "kecamatan" : "Una - Una",
  "kelurahan" : "Kavetan",
  "kodepos" : "94691"
}, {
  "kecamatan" : "Una - Una",
  "kelurahan" : "Bomba",
  "kodepos" : "94691"
}, {
  "kecamatan" : "Una - Una",
  "kelurahan" : "Cendana",
  "kodepos" : "94691"
}, {
  "kecamatan" : "Una - Una",
  "kelurahan" : "Binanguna",
  "kodepos" : "94691"
}, {
  "kecamatan" : "Una - Una",
  "kelurahan" : "Bambu",
  "kodepos" : "94691"
}, {
  "kecamatan" : "Ampana Tete",
  "kelurahan" : "Wanasari",
  "kodepos" : "94684"
}, {
  "kecamatan" : "Ampana Tete",
  "kelurahan" : "Urundaka",
  "kodepos" : "94684"
}, {
  "kecamatan" : "Ampana Tete",
  "kelurahan" : "Uemakuni",
  "kodepos" : "94684"
}, {
  "kecamatan" : "Ampana Tete",
  "kelurahan" : "Uebone",
  "kodepos" : "94684"
}, {
  "kecamatan" : "Ampana Tete",
  "kelurahan" : "Tete Bawah",
  "kodepos" : "94684"
}, {
  "kecamatan" : "Ampana Tete",
  "kelurahan" : "Tete Atas",
  "kodepos" : "94684"
}, {
  "kecamatan" : "Ampana Tete",
  "kelurahan" : "Tampabatu",
  "kodepos" : "94684"
}, {
  "kecamatan" : "Ampana Tete",
  "kelurahan" : "Sabo",
  "kodepos" : "94684"
}, {
  "kecamatan" : "Ampana Tete",
  "kelurahan" : "Sukamaju",
  "kodepos" : "94684"
}, {
  "kecamatan" : "Ampana Tete",
  "kelurahan" : "Pusungi",
  "kodepos" : "94684"
}, {
  "kecamatan" : "Ampana Tete",
  "kelurahan" : "Mpoa",
  "kodepos" : "94684"
}, {
  "kecamatan" : "Ampana Tete",
  "kelurahan" : "Mantangisi",
  "kodepos" : "94684"
}, {
  "kecamatan" : "Ampana Tete",
  "kelurahan" : "Longge",
  "kodepos" : "94684"
}, {
  "kecamatan" : "Ampana Tete",
  "kelurahan" : "Kajulangko",
  "kodepos" : "94684"
}, {
  "kecamatan" : "Ampana Tete",
  "kelurahan" : "Giri Mulyo",
  "kodepos" : "94684"
}, {
  "kecamatan" : "Ampana Tete",
  "kelurahan" : "Bulan Jaya",
  "kodepos" : "94684"
}, {
  "kecamatan" : "Ampana Tete",
  "kelurahan" : "Borone",
  "kodepos" : "94684"
}, {
  "kecamatan" : "Ampana Tete",
  "kelurahan" : "Bantuga",
  "kodepos" : "94684"
}, {
  "kecamatan" : "Ampana Tete",
  "kelurahan" : "Balingara",
  "kodepos" : "94684"
}, {
  "kecamatan" : "Ampana Tete",
  "kelurahan" : "Balanggala",
  "kodepos" : "94684"
}, {
  "kecamatan" : "Togean",
  "kelurahan" : "Urulepe",
  "kodepos" : "94683"
}, {
  "kecamatan" : "Ampana Kota",
  "kelurahan" : "Uentanaga Bawah",
  "kodepos" : "94683"
}, {
  "kecamatan" : "Ampana Kota",
  "kelurahan" : "Uentanaga Atas",
  "kodepos" : "94683"
}, {
  "kecamatan" : "Ampana Kota",
  "kelurahan" : "Uamalingku",
  "kodepos" : "94683"
}, {
  "kecamatan" : "Togean",
  "kelurahan" : "Tongkabo",
  "kodepos" : "94683"
}, {
  "kecamatan" : "Togean",
  "kelurahan" : "Tobil",
  "kodepos" : "94683"
}, {
  "kecamatan" : "Ampana Kota",
  "kelurahan" : "Sumoli",
  "kodepos" : "94683"
}, {
  "kecamatan" : "Ampana Kota",
  "kelurahan" : "Sansarino",
  "kodepos" : "94683"
}, {
  "kecamatan" : "Togean",
  "kelurahan" : "Sampobae",
  "kodepos" : "94683"
}, {
  "kecamatan" : "Ampana Kota",
  "kelurahan" : "Saluaba",
  "kodepos" : "94683"
}, {
  "kecamatan" : "Ampana Kota",
  "kelurahan" : "Sabulira Toba",
  "kodepos" : "94683"
}, {
  "kecamatan" : "Togean",
  "kelurahan" : "Pulau Enam",
  "kodepos" : "94683"
}, {
  "kecamatan" : "Ampana Kota",
  "kelurahan" : "Muara Toba",
  "kodepos" : "94683"
}, {
  "kecamatan" : "Ampana Kota",
  "kelurahan" : "Patingko",
  "kodepos" : "94683"
}, {
  "kecamatan" : "Ampana Kota",
  "kelurahan" : "Muara Toba",
  "kodepos" : "94683"
}, {
  "kecamatan" : "Togean",
  "kelurahan" : "Lembanato",
  "kodepos" : "94683"
}, {
  "kecamatan" : "Togean",
  "kelurahan" : "Matobiai (Motobisi)",
  "kodepos" : "94683"
}, {
  "kecamatan" : "Ampana Kota",
  "kelurahan" : "Malotong",
  "kodepos" : "94683"
}, {
  "kecamatan" : "Togean",
  "kelurahan" : "Lebiti",
  "kodepos" : "94683"
}, {
  "kecamatan" : "Ampana Kota",
  "kelurahan" : "Labiabae",
  "kodepos" : "94683"
}, {
  "kecamatan" : "Ampana Kota",
  "kelurahan" : "Labuan",
  "kodepos" : "94683"
}, {
  "kecamatan" : "Ampana Kota",
  "kelurahan" : "Dondo Barat",
  "kodepos" : "94683"
}, {
  "kecamatan" : "Togean",
  "kelurahan" : "Katupat",
  "kodepos" : "94683"
}, {
  "kecamatan" : "Togean",
  "kelurahan" : "Kololio",
  "kodepos" : "94683"
}, {
  "kecamatan" : "Ampana Kota",
  "kelurahan" : "Buntongi",
  "kodepos" : "94683"
}, {
  "kecamatan" : "Ampana Kota",
  "kelurahan" : "Dondo",
  "kodepos" : "94683"
}, {
  "kecamatan" : "Ampana Kota",
  "kelurahan" : "Bone Rato",
  "kodepos" : "94683"
}, {
  "kecamatan" : "Togean",
  "kelurahan" : "Bungayo",
  "kodepos" : "94683"
}, {
  "kecamatan" : "Togean",
  "kelurahan" : "Bangkagi",
  "kodepos" : "94683"
}, {
  "kecamatan" : "Togean",
  "kelurahan" : "Baulu",
  "kodepos" : "94683"
}, {
  "kecamatan" : "Togean",
  "kelurahan" : "Awo",
  "kodepos" : "94683"
}, {
  "kecamatan" : "Togean",
  "kelurahan" : "Benteng",
  "kodepos" : "94683"
}, {
  "kecamatan" : "Ampana Kota",
  "kelurahan" : "Ampana",
  "kodepos" : "94683"
}, {
  "kecamatan" : "Ampana Kota",
  "kelurahan" : "Bailo",
  "kodepos" : "94683"
}, {
  "kecamatan" : "Ulu Bongka",
  "kelurahan" : "Watusongu",
  "kodepos" : "94682"
}, {
  "kecamatan" : "Ampana Kota",
  "kelurahan" : "Bailo Baru",
  "kodepos" : "94683"
}, {
  "kecamatan" : "Ulu Bongka",
  "kelurahan" : "Uematopa",
  "kodepos" : "94682"
}, {
  "kecamatan" : "Ulu Bongka",
  "kelurahan" : "Tobamawu",
  "kodepos" : "94682"
}, {
  "kecamatan" : "Ulu Bongka",
  "kelurahan" : "Uekambuno",
  "kodepos" : "94682"
}, {
  "kecamatan" : "Ulu Bongka",
  "kelurahan" : "Takibangke",
  "kodepos" : "94682"
}, {
  "kecamatan" : "Ulu Bongka",
  "kelurahan" : "Tampanombo",
  "kodepos" : "94682"
}, {
  "kecamatan" : "Ulu Bongka",
  "kelurahan" : "Paranonge",
  "kodepos" : "94682"
}, {
  "kecamatan" : "Ulu Bongka",
  "kelurahan" : "Rompi",
  "kodepos" : "94682"
}, {
  "kecamatan" : "Ulu Bongka",
  "kelurahan" : "Marowo",
  "kodepos" : "94682"
}, {
  "kecamatan" : "Ulu Bongka",
  "kelurahan" : "Mire",
  "kodepos" : "94682"
}, {
  "kecamatan" : "Ulu Bongka",
  "kelurahan" : "Borneang",
  "kodepos" : "94682"
}, {
  "kecamatan" : "Ulu Bongka",
  "kelurahan" : "Cempa",
  "kodepos" : "94682"
}, {
  "kecamatan" : "Ulu Bongka",
  "kelurahan" : "Kasiala",
  "kodepos" : "94682"
}, {
  "kecamatan" : "Ulu Bongka",
  "kelurahan" : "Bongka Koy (Koi)",
  "kodepos" : "94682"
}, {
  "kecamatan" : "Ulu Bongka",
  "kelurahan" : "Bongka Makmur",
  "kodepos" : "94682"
}, {
  "kecamatan" : "Ulu Bongka",
  "kelurahan" : "Boneveto (Bonevoto)",
  "kodepos" : "94682"
}, {
  "kecamatan" : "Ulu Bongka",
  "kelurahan" : "Bonebae II",
  "kodepos" : "94682"
}, {
  "kecamatan" : "Ulu Bongka",
  "kelurahan" : "Bonebae I",
  "kodepos" : "94682"
}, {
  "kecamatan" : "Tojo Barat",
  "kelurahan" : "Ujung Tibu",
  "kodepos" : "94681"
}, {
  "kecamatan" : "Tojo",
  "kelurahan" : "Uekuli",
  "kodepos" : "94681"
}, {
  "kecamatan" : "Tojo",
  "kelurahan" : "Tongku",
  "kodepos" : "94681"
}, {
  "kecamatan" : "Tojo",
  "kelurahan" : "Uedele",
  "kodepos" : "94681"
}, {
  "kecamatan" : "Tojo Barat",
  "kelurahan" : "Toliba",
  "kodepos" : "94681"
}, {
  "kecamatan" : "Tojo Barat",
  "kelurahan" : "Tombiano",
  "kodepos" : "94681"
}, {
  "kecamatan" : "Tojo",
  "kelurahan" : "Tojo",
  "kodepos" : "94681"
}, {
  "kecamatan" : "Tojo Barat",
  "kelurahan" : "Tatari",
  "kodepos" : "94681"
}, {
  "kecamatan" : "Tojo",
  "kelurahan" : "Tayawa",
  "kodepos" : "94681"
}, {
  "kecamatan" : "Tojo Barat",
  "kelurahan" : "Tanamawau",
  "kodepos" : "94681"
}, {
  "kecamatan" : "Tojo",
  "kelurahan" : "Sandada",
  "kodepos" : "94681"
}, {
  "kecamatan" : "Tojo Barat",
  "kelurahan" : "Nggawia",
  "kodepos" : "94681"
}, {
  "kecamatan" : "Tojo",
  "kelurahan" : "Pancuma",
  "kodepos" : "94681"
}, {
  "kecamatan" : "Tojo",
  "kelurahan" : "Podi",
  "kodepos" : "94681"
}, {
  "kecamatan" : "Tojo Barat",
  "kelurahan" : "Matako",
  "kodepos" : "94681"
}, {
  "kecamatan" : "Tojo Barat",
  "kelurahan" : "Mawomba",
  "kodepos" : "94681"
}, {
  "kecamatan" : "Tojo Barat",
  "kelurahan" : "Malei Tojo",
  "kodepos" : "94681"
}, {
  "kecamatan" : "Tojo Barat",
  "kelurahan" : "Malewa",
  "kodepos" : "94681"
}, {
  "kecamatan" : "Tojo",
  "kelurahan" : "Korondoda",
  "kodepos" : "94681"
}, {
  "kecamatan" : "Tojo",
  "kelurahan" : "Lemoro",
  "kodepos" : "94681"
}, {
  "kecamatan" : "Tojo",
  "kelurahan" : "Kalemba I",
  "kodepos" : "94681"
}, {
  "kecamatan" : "Tojo",
  "kelurahan" : "Kalemba II",
  "kodepos" : "94681"
}, {
  "kecamatan" : "Tojo Barat",
  "kelurahan" : "Galuga",
  "kodepos" : "94681"
}, {
  "kecamatan" : "Tojo Barat",
  "kelurahan" : "Kabalo",
  "kodepos" : "94681"
}, {
  "kecamatan" : "Tojo",
  "kelurahan" : "Betaua",
  "kodepos" : "94681"
}, {
  "kecamatan" : "Tojo",
  "kelurahan" : "Dataran Bugi",
  "kodepos" : "94681"
}, {
  "kecamatan" : "Tojo",
  "kelurahan" : "Banano",
  "kodepos" : "94681"
}, {
  "kecamatan" : "Tojo Barat",
  "kelurahan" : "Bambalo",
  "kodepos" : "94681"
}, {
  "kecamatan" : "Tojo",
  "kelurahan" : "Bahari",
  "kodepos" : "94681"
} ]
