[ {
  "kecamatan" : "Paleleh",
  "kelurahan" : "Umu",
  "kodepos" : "94568"
}, {
  "kecamatan" : "Paleleh Barat",
  "kelurahan" : "Timbulon",
  "kodepos" : "94568"
}, {
  "kecamatan" : "Paleleh",
  "kelurahan" : "Tolau",
  "kodepos" : "94568"
}, {
  "kecamatan" : "Paleleh Barat",
  "kelurahan" : "Tayokan",
  "kodepos" : "94568"
}, {
  "kecamatan" : "Paleleh",
  "kelurahan" : "Talaki",
  "kodepos" : "94568"
}, {
  "kecamatan" : "Gadung",
  "kelurahan" : "Pandangan",
  "kodepos" : "94568"
}, {
  "kecamatan" : "Gadung",
  "kelurahan" : "Taat",
  "kodepos" : "94568"
}, {
  "kecamatan" : "Paleleh",
  "kelurahan" : "Pionoto",
  "kodepos" : "94568"
}, {
  "kecamatan" : "Paleleh Barat",
  "kelurahan" : "Oyak",
  "kodepos" : "94568"
}, {
  "kecamatan" : "Paleleh",
  "kelurahan" : "Paleleh",
  "kodepos" : "94568"
}, {
  "kecamatan" : "Paleleh",
  "kelurahan" : "Mulangato",
  "kodepos" : "94568"
}, {
  "kecamatan" : "Gadung",
  "kelurahan" : "Nandu",
  "kodepos" : "94568"
}, {
  "kecamatan" : "Gadung",
  "kelurahan" : "Matinan",
  "kodepos" : "94568"
}, {
  "kecamatan" : "Paleleh Barat",
  "kelurahan" : "Lunguto",
  "kodepos" : "94568"
}, {
  "kecamatan" : "Paleleh Barat",
  "kelurahan" : "Lunguto",
  "kodepos" : "94568"
}, {
  "kecamatan" : "Gadung",
  "kelurahan" : "Lipubogu",
  "kodepos" : "94568"
}, {
  "kecamatan" : "Gadung",
  "kelurahan" : "Lokodidi",
  "kodepos" : "94568"
}, {
  "kecamatan" : "Paleleh",
  "kelurahan" : "Lilito",
  "kodepos" : "94568"
}, {
  "kecamatan" : "Paleleh",
  "kelurahan" : "Lintidu",
  "kodepos" : "94568"
}, {
  "kecamatan" : "Gadung",
  "kelurahan" : "Labuton",
  "kodepos" : "94568"
}, {
  "kecamatan" : "Paleleh Barat",
  "kelurahan" : "Hulubalang",
  "kodepos" : "94568"
}, {
  "kecamatan" : "Paleleh",
  "kelurahan" : "Kuala Besar",
  "kodepos" : "94568"
}, {
  "kecamatan" : "Paleleh Barat",
  "kelurahan" : "Harmoni",
  "kodepos" : "94568"
}, {
  "kecamatan" : "Paleleh",
  "kelurahan" : "Dutuno",
  "kodepos" : "94568"
}, {
  "kecamatan" : "Paleleh",
  "kelurahan" : "Dopalak",
  "kodepos" : "94568"
}, {
  "kecamatan" : "Gadung",
  "kelurahan" : "Diapatih",
  "kodepos" : "94568"
}, {
  "kecamatan" : "Gadung",
  "kelurahan" : "Bulagidun",
  "kodepos" : "94568"
}, {
  "kecamatan" : "Gadung",
  "kelurahan" : "Bulagidun Tanjung",
  "kodepos" : "94568"
}, {
  "kecamatan" : "Paleleh Barat",
  "kelurahan" : "Bodi",
  "kodepos" : "94568"
}, {
  "kecamatan" : "Paleleh",
  "kelurahan" : "Batu Rata",
  "kodepos" : "94568"
}, {
  "kecamatan" : "Bunobogu",
  "kelurahan" : "Ponipingan",
  "kodepos" : "94567"
}, {
  "kecamatan" : "Bunobogu",
  "kelurahan" : "Tamit",
  "kodepos" : "94567"
}, {
  "kecamatan" : "Bunobogu",
  "kelurahan" : "Lonu",
  "kodepos" : "94567"
}, {
  "kecamatan" : "Bunobogu",
  "kelurahan" : "Pokobo",
  "kodepos" : "94567"
}, {
  "kecamatan" : "Bunobogu",
  "kelurahan" : "Domag Mekar",
  "kodepos" : "94567"
}, {
  "kecamatan" : "Bunobogu",
  "kelurahan" : "Inalatan",
  "kodepos" : "94567"
}, {
  "kecamatan" : "Bunobogu",
  "kelurahan" : "Kenamukan (Konamukan)",
  "kodepos" : "94567"
}, {
  "kecamatan" : "Bunobogu",
  "kelurahan" : "Bunobogu (Bonobogu)",
  "kodepos" : "94567"
}, {
  "kecamatan" : "Bunobogu",
  "kelurahan" : "Bunobogu Selatan",
  "kodepos" : "94567"
}, {
  "kecamatan" : "Bunobogu",
  "kelurahan" : "Botugolu",
  "kodepos" : "94567"
}, {
  "kecamatan" : "Bokat",
  "kelurahan" : "Tayadun",
  "kodepos" : "94566"
}, {
  "kecamatan" : "Bokat",
  "kelurahan" : "Kodolagon",
  "kodepos" : "94566"
}, {
  "kecamatan" : "Bokat",
  "kelurahan" : "Poongan",
  "kodepos" : "94566"
}, {
  "kecamatan" : "Bokat",
  "kelurahan" : "Bongo",
  "kodepos" : "94566"
}, {
  "kecamatan" : "Bokat",
  "kelurahan" : "Doulan",
  "kodepos" : "94566"
}, {
  "kecamatan" : "Bokat",
  "kelurahan" : "Bokat",
  "kodepos" : "94566"
}, {
  "kecamatan" : "Bokat",
  "kelurahan" : "Bokat IV",
  "kodepos" : "94566"
}, {
  "kecamatan" : "Momunu",
  "kelurahan" : "Tongon",
  "kodepos" : "94565"
}, {
  "kecamatan" : "Momunu",
  "kelurahan" : "Wakat",
  "kodepos" : "94565"
}, {
  "kecamatan" : "Momunu",
  "kelurahan" : "Soraya",
  "kodepos" : "94565"
}, {
  "kecamatan" : "Momunu",
  "kelurahan" : "Taluan",
  "kodepos" : "94565"
}, {
  "kecamatan" : "Momunu",
  "kelurahan" : "Potugu",
  "kodepos" : "94565"
}, {
  "kecamatan" : "Momunu",
  "kelurahan" : "Pujimulyo",
  "kodepos" : "94565"
}, {
  "kecamatan" : "Momunu",
  "kelurahan" : "Pinamula",
  "kodepos" : "94565"
}, {
  "kecamatan" : "Momunu",
  "kelurahan" : "Pomayagon",
  "kodepos" : "94565"
}, {
  "kecamatan" : "Momunu",
  "kelurahan" : "Panimbul",
  "kodepos" : "94565"
}, {
  "kecamatan" : "Momunu",
  "kelurahan" : "Permata Putih",
  "kodepos" : "94565"
}, {
  "kecamatan" : "Tiloan",
  "kelurahan" : "Monggonit",
  "kodepos" : "94565"
}, {
  "kecamatan" : "Tiloan",
  "kelurahan" : "Panilan Jaya",
  "kodepos" : "94565"
}, {
  "kecamatan" : "Momunu",
  "kelurahan" : "Pajeko",
  "kodepos" : "94565"
}, {
  "kecamatan" : "Tiloan",
  "kelurahan" : "Maniala",
  "kodepos" : "94565"
}, {
  "kecamatan" : "Momunu",
  "kelurahan" : "Momunu",
  "kodepos" : "94565"
}, {
  "kecamatan" : "Tiloan",
  "kelurahan" : "Lomuli",
  "kodepos" : "94565"
}, {
  "kecamatan" : "Momunu",
  "kelurahan" : "Mangubi",
  "kodepos" : "94565"
}, {
  "kecamatan" : "Momunu",
  "kelurahan" : "Lamadong I",
  "kodepos" : "94565"
}, {
  "kecamatan" : "Momunu",
  "kelurahan" : "Lamadong II",
  "kodepos" : "94565"
}, {
  "kecamatan" : "Tiloan",
  "kelurahan" : "Jatimulyo",
  "kodepos" : "94565"
}, {
  "kecamatan" : "Tiloan",
  "kelurahan" : "Kokobuka",
  "kodepos" : "94565"
}, {
  "kecamatan" : "Tiloan",
  "kelurahan" : "Boilan",
  "kodepos" : "94565"
}, {
  "kecamatan" : "Momunu",
  "kelurahan" : "Guamonial",
  "kodepos" : "94565"
}, {
  "kecamatan" : "Tiloan",
  "kelurahan" : "Airterang",
  "kodepos" : "94565"
}, {
  "kecamatan" : "Tiloan",
  "kelurahan" : "Balau",
  "kodepos" : "94565"
}, {
  "kecamatan" : "Bukal",
  "kelurahan" : "Winangun",
  "kodepos" : "94564"
}, {
  "kecamatan" : "Bukal",
  "kelurahan" : "Unone",
  "kodepos" : "94564"
}, {
  "kecamatan" : "Bokat",
  "kelurahan" : "Tang",
  "kodepos" : "94564"
}, {
  "kecamatan" : "Bokat",
  "kelurahan" : "Tikopo",
  "kodepos" : "94564"
}, {
  "kecamatan" : "Bukal",
  "kelurahan" : "Potangoan",
  "kodepos" : "94564"
}, {
  "kecamatan" : "Bukal",
  "kelurahan" : "Rantemaranu",
  "kodepos" : "94564"
}, {
  "kecamatan" : "Bokat",
  "kelurahan" : "Negeri Lama",
  "kodepos" : "94564"
}, {
  "kecamatan" : "Bukal",
  "kelurahan" : "Mopu",
  "kodepos" : "94564"
}, {
  "kecamatan" : "Bokat",
  "kelurahan" : "Kantanan",
  "kodepos" : "94564"
}, {
  "kecamatan" : "Bokat",
  "kelurahan" : "Langudon",
  "kodepos" : "94564"
}, {
  "kecamatan" : "Bukal",
  "kelurahan" : "Modo",
  "kodepos" : "94564"
}, {
  "kecamatan" : "Bokat",
  "kelurahan" : "Duamayo (Duwamayo)",
  "kodepos" : "94564"
}, {
  "kecamatan" : "Bukal",
  "kelurahan" : "Diat",
  "kodepos" : "94564"
}, {
  "kecamatan" : "Bokat",
  "kelurahan" : "Bukamog",
  "kodepos" : "94564"
}, {
  "kecamatan" : "Bokat",
  "kelurahan" : "Butukan",
  "kodepos" : "94564"
}, {
  "kecamatan" : "Lakea (Lipunoto)",
  "kelurahan" : "Ngune",
  "kodepos" : "94563"
}, {
  "kecamatan" : "Bukal",
  "kelurahan" : "Yugut",
  "kodepos" : "94563"
}, {
  "kecamatan" : "Bukal",
  "kelurahan" : "Mooyong",
  "kodepos" : "94563"
}, {
  "kecamatan" : "Bukal",
  "kelurahan" : "Mulat",
  "kodepos" : "94563"
}, {
  "kecamatan" : "Karamat",
  "kelurahan" : "Mokupo",
  "kodepos" : "94563"
}, {
  "kecamatan" : "Karamat",
  "kelurahan" : "Monano",
  "kodepos" : "94563"
}, {
  "kecamatan" : "Karamat",
  "kelurahan" : "Mendaan",
  "kodepos" : "94563"
}, {
  "kecamatan" : "Lakea (Lipunoto)",
  "kelurahan" : "Leok II",
  "kodepos" : "94563"
}, {
  "kecamatan" : "Biau",
  "kelurahan" : "Leok II",
  "kodepos" : "94563"
}, {
  "kecamatan" : "Biau",
  "kelurahan" : "Leok I",
  "kodepos" : "94563"
}, {
  "kecamatan" : "Lakea (Lipunoto)",
  "kelurahan" : "Leok 1",
  "kodepos" : "94563"
}, {
  "kecamatan" : "Karamat",
  "kelurahan" : "Lamakan",
  "kodepos" : "94563"
}, {
  "kecamatan" : "Biau",
  "kelurahan" : "Kumaligon",
  "kodepos" : "94563"
}, {
  "kecamatan" : "Lakea (Lipunoto)",
  "kelurahan" : "Kumaligon",
  "kodepos" : "94563"
}, {
  "kecamatan" : "Biau",
  "kelurahan" : "Kulango",
  "kodepos" : "94563"
}, {
  "kecamatan" : "Lakea (Lipunoto)",
  "kelurahan" : "Kali",
  "kodepos" : "94563"
}, {
  "kecamatan" : "Biau",
  "kelurahan" : "Kali",
  "kodepos" : "94563"
}, {
  "kecamatan" : "Lakea (Lipunoto)",
  "kelurahan" : "Ilambe",
  "kodepos" : "94563"
}, {
  "kecamatan" : "Karamat",
  "kelurahan" : "Busak I",
  "kodepos" : "94563"
}, {
  "kecamatan" : "Karamat",
  "kelurahan" : "Busak II",
  "kodepos" : "94563"
}, {
  "kecamatan" : "Lakea (Lipunoto)",
  "kelurahan" : "Buol",
  "kodepos" : "94563"
}, {
  "kecamatan" : "Biau",
  "kelurahan" : "Buol",
  "kodepos" : "94563"
}, {
  "kecamatan" : "Bukal",
  "kelurahan" : "Bungkudu",
  "kodepos" : "94563"
}, {
  "kecamatan" : "Biau",
  "kelurahan" : "Bugis",
  "kodepos" : "94563"
}, {
  "kecamatan" : "Bukal",
  "kelurahan" : "Bukal",
  "kodepos" : "94563"
}, {
  "kecamatan" : "Karamat",
  "kelurahan" : "Baruga",
  "kodepos" : "94563"
}, {
  "kecamatan" : "Bukal",
  "kelurahan" : "Biau",
  "kodepos" : "94563"
}, {
  "kecamatan" : "Bukal",
  "kelurahan" : "Binuang",
  "kodepos" : "94563"
} ]
