[ {
  "kecamatan" : "Bolano",
  "kelurahan" : "Wanamukti Barat",
  "kodepos" : "94479"
}, {
  "kecamatan" : "Bolano",
  "kelurahan" : "Wanamukti Utara",
  "kodepos" : "94479"
}, {
  "kecamatan" : "Bolano",
  "kelurahan" : "Wanamukti",
  "kodepos" : "94479"
}, {
  "kecamatan" : "Bolano Lambunu/Lambulu",
  "kelurahan" : "Wanagading",
  "kodepos" : "94479"
}, {
  "kecamatan" : "Taopa",
  "kelurahan" : "Tuladenggi Sibatang",
  "kodepos" : "94479"
}, {
  "kecamatan" : "Moutong",
  "kelurahan" : "Tuladenggi Pantai",
  "kodepos" : "94479"
}, {
  "kecamatan" : "Taopa",
  "kelurahan" : "Tompo",
  "kodepos" : "94479"
}, {
  "kecamatan" : "Bolano Lambunu/Lambulu",
  "kelurahan" : "Tirtanagaya",
  "kodepos" : "94479"
}, {
  "kecamatan" : "Ongka Malino",
  "kelurahan" : "Tinombala Barat",
  "kodepos" : "94479"
}, {
  "kecamatan" : "Ongka Malino",
  "kelurahan" : "Tinombala Jaya",
  "kodepos" : "94479"
}, {
  "kecamatan" : "Ongka Malino",
  "kelurahan" : "Tinombala Sejati",
  "kodepos" : "94479"
}, {
  "kecamatan" : "Ongka Malino",
  "kelurahan" : "Tinombala",
  "kodepos" : "94479"
}, {
  "kecamatan" : "Taopa",
  "kelurahan" : "Taopa",
  "kodepos" : "94479"
}, {
  "kecamatan" : "Taopa",
  "kelurahan" : "Taopa Barat",
  "kodepos" : "94479"
}, {
  "kecamatan" : "Taopa",
  "kelurahan" : "Taopa Utara",
  "kodepos" : "94479"
}, {
  "kecamatan" : "Bolano",
  "kelurahan" : "Sritabaang",
  "kodepos" : "94479"
}, {
  "kecamatan" : "Ongka Malino",
  "kelurahan" : "Tabolobolo",
  "kodepos" : "94479"
}, {
  "kecamatan" : "Bolano Lambunu/Lambulu",
  "kelurahan" : "Siendeng",
  "kodepos" : "94479"
}, {
  "kecamatan" : "Bolano",
  "kelurahan" : "Sidomukti",
  "kodepos" : "94479"
}, {
  "kecamatan" : "Moutong",
  "kelurahan" : "Sejoli",
  "kodepos" : "94479"
}, {
  "kecamatan" : "Ongka Malino",
  "kelurahan" : "Santigi",
  "kodepos" : "94479"
}, {
  "kecamatan" : "Moutong",
  "kelurahan" : "Salepae",
  "kodepos" : "94479"
}, {
  "kecamatan" : "Moutong",
  "kelurahan" : "Salum Pengut",
  "kodepos" : "94479"
}, {
  "kecamatan" : "Bolano Lambunu/Lambulu",
  "kelurahan" : "Petunasugi",
  "kodepos" : "94479"
}, {
  "kecamatan" : "Ongka Malino",
  "kelurahan" : "Persatuan Utara",
  "kodepos" : "94479"
}, {
  "kecamatan" : "Moutong",
  "kelurahan" : "Pandelalap (Lalap)",
  "kodepos" : "94479"
}, {
  "kecamatan" : "Ongka Malino",
  "kelurahan" : "Persatuan Sejati",
  "kodepos" : "94479"
}, {
  "kecamatan" : "Taopa",
  "kelurahan" : "Paria",
  "kodepos" : "94479"
}, {
  "kecamatan" : "Taopa",
  "kelurahan" : "Palapi",
  "kodepos" : "94479"
}, {
  "kecamatan" : "Moutong",
  "kelurahan" : "Pande",
  "kodepos" : "94479"
}, {
  "kecamatan" : "Moutong",
  "kelurahan" : "Olonggata",
  "kodepos" : "94479"
}, {
  "kecamatan" : "Ongka Malino",
  "kelurahan" : "Ongka",
  "kodepos" : "94479"
}, {
  "kecamatan" : "Ongka Malino",
  "kelurahan" : "Ongka Trimuspasari",
  "kodepos" : "94479"
}, {
  "kecamatan" : "Mepanga",
  "kelurahan" : "Ogomolos",
  "kodepos" : "94479"
}, {
  "kecamatan" : "Bolano Lambunu/Lambulu",
  "kelurahan" : "Ogorandu",
  "kodepos" : "94479"
}, {
  "kecamatan" : "Moutong",
  "kelurahan" : "Moutong Timur",
  "kodepos" : "94479"
}, {
  "kecamatan" : "Moutong",
  "kelurahan" : "Moutong Utara",
  "kodepos" : "94479"
}, {
  "kecamatan" : "Taopa",
  "kelurahan" : "Nunurantai",
  "kodepos" : "94479"
}, {
  "kecamatan" : "Moutong",
  "kelurahan" : "Mbelang Mbelang",
  "kodepos" : "94479"
}, {
  "kecamatan" : "Moutong",
  "kelurahan" : "Moutong Barat",
  "kodepos" : "94479"
}, {
  "kecamatan" : "Moutong",
  "kelurahan" : "Moutong Tengah",
  "kodepos" : "94479"
}, {
  "kecamatan" : "Bolano Lambunu/Lambulu",
  "kelurahan" : "Margapura",
  "kodepos" : "94479"
}, {
  "kecamatan" : "Ongka Malino",
  "kelurahan" : "Malino",
  "kodepos" : "94479"
}, {
  "kecamatan" : "Mepanga",
  "kelurahan" : "Maranti",
  "kodepos" : "94479"
}, {
  "kecamatan" : "Moutong",
  "kelurahan" : "Lobu",
  "kodepos" : "94479"
}, {
  "kecamatan" : "Mepanga",
  "kelurahan" : "Malalan",
  "kodepos" : "94479"
}, {
  "kecamatan" : "Bolano",
  "kelurahan" : "Lembah Bomban",
  "kodepos" : "94479"
}, {
  "kecamatan" : "Bolano Lambunu/Lambulu",
  "kelurahan" : "Lambunu Timur",
  "kodepos" : "94479"
}, {
  "kecamatan" : "Bolano Lambunu/Lambulu",
  "kelurahan" : "Lambunu Utara",
  "kodepos" : "94479"
}, {
  "kecamatan" : "Bolano Lambunu/Lambulu",
  "kelurahan" : "Lambunu",
  "kodepos" : "94479"
}, {
  "kecamatan" : "Ongka Malino",
  "kelurahan" : "Lambanau",
  "kodepos" : "94479"
}, {
  "kecamatan" : "Moutong",
  "kelurahan" : "Labuan",
  "kodepos" : "94479"
}, {
  "kecamatan" : "Bolano Lambunu/Lambulu",
  "kelurahan" : "Kotanagaya",
  "kodepos" : "94479"
}, {
  "kecamatan" : "Mepanga",
  "kelurahan" : "Kotaraya Barat",
  "kodepos" : "94479"
}, {
  "kecamatan" : "Ongka Malino",
  "kelurahan" : "Karya Mandiri",
  "kodepos" : "94479"
}, {
  "kecamatan" : "Ongka Malino",
  "kelurahan" : "Kayu Jati",
  "kodepos" : "94479"
}, {
  "kecamatan" : "Mepanga",
  "kelurahan" : "Kota Raya Selatan",
  "kodepos" : "94479"
}, {
  "kecamatan" : "Taopa",
  "kelurahan" : "Karya Abadi",
  "kodepos" : "94479"
}, {
  "kecamatan" : "Taopa",
  "kelurahan" : "Karya Agung",
  "kodepos" : "94479"
}, {
  "kecamatan" : "Moutong",
  "kelurahan" : "Gio",
  "kodepos" : "94479"
}, {
  "kecamatan" : "Bolano Lambunu/Lambulu",
  "kelurahan" : "Gunungsari",
  "kodepos" : "94479"
}, {
  "kecamatan" : "Bolano Lambunu/Lambulu",
  "kelurahan" : "Bukit Makmur",
  "kodepos" : "94479"
}, {
  "kecamatan" : "Bolano Lambunu/Lambulu",
  "kelurahan" : "Ganongol Sari",
  "kodepos" : "94479"
}, {
  "kecamatan" : "Moutong",
  "kelurahan" : "Bolaung Olonggata",
  "kodepos" : "94479"
}, {
  "kecamatan" : "Ongka Malino",
  "kelurahan" : "Bosagon Jaya",
  "kodepos" : "94479"
}, {
  "kecamatan" : "Bolano",
  "kelurahan" : "Bolano Tengah",
  "kodepos" : "94479"
}, {
  "kecamatan" : "Bolano",
  "kelurahan" : "Bolano Utara",
  "kodepos" : "94479"
}, {
  "kecamatan" : "Bolano",
  "kelurahan" : "Bolano",
  "kodepos" : "94479"
}, {
  "kecamatan" : "Bolano",
  "kelurahan" : "Bolano Barat",
  "kodepos" : "94479"
}, {
  "kecamatan" : "Taopa",
  "kelurahan" : "Bilalea",
  "kodepos" : "94479"
}, {
  "kecamatan" : "Bolano",
  "kelurahan" : "Beringin Jaya",
  "kodepos" : "94479"
}, {
  "kecamatan" : "Bolano",
  "kelurahan" : "Bajo",
  "kodepos" : "94479"
}, {
  "kecamatan" : "Bolano Lambunu/Lambulu",
  "kelurahan" : "Anutapura",
  "kodepos" : "94479"
}, {
  "kecamatan" : "Moutong",
  "kelurahan" : "Aedan Raya",
  "kodepos" : "94479"
}, {
  "kecamatan" : "Palasa",
  "kelurahan" : "Ulatan",
  "kodepos" : "94476"
}, {
  "kecamatan" : "Tomini",
  "kelurahan" : "Tomini Barat",
  "kodepos" : "94476"
}, {
  "kecamatan" : "Tomini",
  "kelurahan" : "Tomini Utara",
  "kodepos" : "94476"
}, {
  "kecamatan" : "Tomini",
  "kelurahan" : "Tomini",
  "kodepos" : "94476"
}, {
  "kecamatan" : "Tomini",
  "kelurahan" : "Supilopong",
  "kodepos" : "94476"
}, {
  "kecamatan" : "Tomini",
  "kelurahan" : "Tilung",
  "kodepos" : "94476"
}, {
  "kecamatan" : "Tomini",
  "kelurahan" : "Tingkulang",
  "kodepos" : "94476"
}, {
  "kecamatan" : "Mepanga",
  "kelurahan" : "Sumber Agung",
  "kodepos" : "94476"
}, {
  "kecamatan" : "Palasa",
  "kelurahan" : "Pebounang",
  "kodepos" : "94476"
}, {
  "kecamatan" : "Palasa",
  "kelurahan" : "Palasa Lambori",
  "kodepos" : "94476"
}, {
  "kecamatan" : "Palasa",
  "kelurahan" : "Palasa Tangki",
  "kodepos" : "94476"
}, {
  "kecamatan" : "Tomini",
  "kelurahan" : "Ogotomubu (Ogotumubu)",
  "kodepos" : "94476"
}, {
  "kecamatan" : "Palasa",
  "kelurahan" : "Palasa",
  "kodepos" : "94476"
}, {
  "kecamatan" : "Mepanga",
  "kelurahan" : "Ogobayas",
  "kodepos" : "94476"
}, {
  "kecamatan" : "Mepanga",
  "kelurahan" : "Ogotion",
  "kodepos" : "94476"
}, {
  "kecamatan" : "Mepanga",
  "kelurahan" : "Mensung",
  "kodepos" : "94476"
}, {
  "kecamatan" : "Mepanga",
  "kelurahan" : "Mepanga",
  "kodepos" : "94476"
}, {
  "kecamatan" : "Mepanga",
  "kelurahan" : "Moubang",
  "kodepos" : "94476"
}, {
  "kecamatan" : "Mepanga",
  "kelurahan" : "Kotaraya",
  "kodepos" : "94476"
}, {
  "kecamatan" : "Mepanga",
  "kelurahan" : "Kotaraya Timur",
  "kodepos" : "94476"
}, {
  "kecamatan" : "Mepanga",
  "kelurahan" : "Kayu Agung",
  "kodepos" : "94476"
}, {
  "kecamatan" : "Palasa",
  "kelurahan" : "Eeya",
  "kodepos" : "94476"
}, {
  "kecamatan" : "Mepanga",
  "kelurahan" : "Bugis",
  "kodepos" : "94476"
}, {
  "kecamatan" : "Palasa",
  "kelurahan" : "Dongkalan",
  "kodepos" : "94476"
}, {
  "kecamatan" : "Palasa",
  "kelurahan" : "Bobalo",
  "kodepos" : "94476"
}, {
  "kecamatan" : "Tomini",
  "kelurahan" : "Biga",
  "kodepos" : "94476"
}, {
  "kecamatan" : "Palasa",
  "kelurahan" : "Bambasiang",
  "kodepos" : "94476"
}, {
  "kecamatan" : "Tomini",
  "kelurahan" : "Ambesia Selatan",
  "kodepos" : "94476"
}, {
  "kecamatan" : "Tomini",
  "kelurahan" : "Ambesia",
  "kodepos" : "94476"
}, {
  "kecamatan" : "Tomini",
  "kelurahan" : "Ambesia Barat",
  "kodepos" : "94476"
}, {
  "kecamatan" : "Tinombo",
  "kelurahan" : "Tinombo",
  "kodepos" : "94475"
}, {
  "kecamatan" : "Tinombo",
  "kelurahan" : "Tibu",
  "kodepos" : "94475"
}, {
  "kecamatan" : "Tinombo Selatan",
  "kelurahan" : "Tada Timur",
  "kodepos" : "94475"
}, {
  "kecamatan" : "Tinombo Selatan",
  "kelurahan" : "Tada Utara",
  "kodepos" : "94475"
}, {
  "kecamatan" : "Tinombo Selatan",
  "kelurahan" : "Tada",
  "kodepos" : "94475"
}, {
  "kecamatan" : "Tinombo Selatan",
  "kelurahan" : "Tada Selatan",
  "kodepos" : "94475"
}, {
  "kecamatan" : "Tinombo",
  "kelurahan" : "Sintuwu Raya",
  "kodepos" : "94475"
}, {
  "kecamatan" : "Tinombo",
  "kelurahan" : "Sipayo",
  "kodepos" : "94475"
}, {
  "kecamatan" : "Tinombo Selatan",
  "kelurahan" : "Sinei",
  "kodepos" : "94475"
}, {
  "kecamatan" : "Tinombo Selatan",
  "kelurahan" : "Siney Tengah",
  "kodepos" : "94475"
}, {
  "kecamatan" : "Tinombo",
  "kelurahan" : "Silabia",
  "kodepos" : "94475"
}, {
  "kecamatan" : "Tinombo Selatan",
  "kelurahan" : "Sigenti Selatan",
  "kodepos" : "94475"
}, {
  "kecamatan" : "Tinombo Selatan",
  "kelurahan" : "Silutung",
  "kodepos" : "94475"
}, {
  "kecamatan" : "Tinombo Selatan",
  "kelurahan" : "Sigenti Barat",
  "kodepos" : "94475"
}, {
  "kecamatan" : "Tinombo Selatan",
  "kelurahan" : "Sigenti Bersehati",
  "kodepos" : "94475"
}, {
  "kecamatan" : "Tinombo Selatan",
  "kelurahan" : "Sigenti",
  "kodepos" : "94475"
}, {
  "kecamatan" : "Tinombo",
  "kelurahan" : "Sidoan Timur",
  "kodepos" : "94475"
}, {
  "kecamatan" : "Tinombo",
  "kelurahan" : "Sidoan Barat",
  "kodepos" : "94475"
}, {
  "kecamatan" : "Tinombo",
  "kelurahan" : "Sidoan Selatan",
  "kodepos" : "94475"
}, {
  "kecamatan" : "Tinombo",
  "kelurahan" : "Sidoan",
  "kodepos" : "94475"
}, {
  "kecamatan" : "Tinombo",
  "kelurahan" : "Siavu",
  "kodepos" : "94475"
}, {
  "kecamatan" : "Tinombo Selatan",
  "kelurahan" : "Siaga",
  "kodepos" : "94475"
}, {
  "kecamatan" : "Tinombo Selatan",
  "kelurahan" : "Polly",
  "kodepos" : "94475"
}, {
  "kecamatan" : "Tinombo",
  "kelurahan" : "Ogobagis",
  "kodepos" : "94475"
}, {
  "kecamatan" : "Tinombo",
  "kelurahan" : "Patingke",
  "kodepos" : "94475"
}, {
  "kecamatan" : "Tinombo",
  "kelurahan" : "Muara Jaya",
  "kodepos" : "94475"
}, {
  "kecamatan" : "Tinombo",
  "kelurahan" : "Ogoalas",
  "kodepos" : "94475"
}, {
  "kecamatan" : "Tinombo Selatan",
  "kelurahan" : "Maninili",
  "kodepos" : "94475"
}, {
  "kecamatan" : "Tinombo Selatan",
  "kelurahan" : "Maninili Barat",
  "kodepos" : "94475"
}, {
  "kecamatan" : "Tinombo Selatan",
  "kelurahan" : "Maninili Utara",
  "kodepos" : "94475"
}, {
  "kecamatan" : "Tinombo Selatan",
  "kelurahan" : "Malanggo (Malggo)",
  "kodepos" : "94475"
}, {
  "kecamatan" : "Tinombo Selatan",
  "kelurahan" : "Malanggo Pesisir",
  "kodepos" : "94475"
}, {
  "kecamatan" : "Tinombo",
  "kelurahan" : "Lombok",
  "kodepos" : "94475"
}, {
  "kecamatan" : "Tinombo",
  "kelurahan" : "Lombok Barat",
  "kodepos" : "94475"
}, {
  "kecamatan" : "Tinombo",
  "kelurahan" : "Lado",
  "kodepos" : "94475"
}, {
  "kecamatan" : "Tinombo Selatan",
  "kelurahan" : "Khatulistiwa",
  "kodepos" : "94475"
}, {
  "kecamatan" : "Tinombo",
  "kelurahan" : "Dusunan",
  "kodepos" : "94475"
}, {
  "kecamatan" : "Tinombo",
  "kelurahan" : "Dusunan Barat",
  "kodepos" : "94475"
}, {
  "kecamatan" : "Tinombo",
  "kelurahan" : "Bondoyong",
  "kodepos" : "94475"
}, {
  "kecamatan" : "Tinombo",
  "kelurahan" : "Dongkas",
  "kodepos" : "94475"
}, {
  "kecamatan" : "Tinombo",
  "kelurahan" : "Bainaa Selatan",
  "kodepos" : "94475"
}, {
  "kecamatan" : "Tinombo",
  "kelurahan" : "Bainaa",
  "kodepos" : "94475"
}, {
  "kecamatan" : "Tinombo",
  "kelurahan" : "Bainaa Barat",
  "kodepos" : "94475"
}, {
  "kecamatan" : "Tinombo",
  "kelurahan" : "Ambason Mekar",
  "kodepos" : "94475"
}, {
  "kecamatan" : "Siniu",
  "kelurahan" : "Towera",
  "kodepos" : "94474"
}, {
  "kecamatan" : "Siniu",
  "kelurahan" : "Uevolo",
  "kodepos" : "94474"
}, {
  "kecamatan" : "Toribulu",
  "kelurahan" : "Toribulu",
  "kodepos" : "94474"
}, {
  "kecamatan" : "Toribulu",
  "kelurahan" : "Toribulu Selatan",
  "kodepos" : "94474"
}, {
  "kecamatan" : "Toribulu",
  "kelurahan" : "Tomoli",
  "kodepos" : "94474"
}, {
  "kecamatan" : "Toribulu",
  "kelurahan" : "Tomoli Utara",
  "kodepos" : "94474"
}, {
  "kecamatan" : "Siniu",
  "kelurahan" : "Toraranga",
  "kodepos" : "94474"
}, {
  "kecamatan" : "Toribulu",
  "kelurahan" : "Tomili Selatan",
  "kodepos" : "94474"
}, {
  "kecamatan" : "Ampibabo",
  "kelurahan" : "Tombi",
  "kodepos" : "94474"
}, {
  "kecamatan" : "Ampibabo",
  "kelurahan" : "Tolole",
  "kodepos" : "94474"
}, {
  "kecamatan" : "Ampibabo",
  "kelurahan" : "Tolole Raya",
  "kodepos" : "94474"
}, {
  "kecamatan" : "Kasimbar",
  "kelurahan" : "Tavalo",
  "kodepos" : "94474"
}, {
  "kecamatan" : "Ampibabo",
  "kelurahan" : "Toga",
  "kodepos" : "94474"
}, {
  "kecamatan" : "Ampibabo",
  "kelurahan" : "Tamanpedagi",
  "kodepos" : "94474"
}, {
  "kecamatan" : "Siniu",
  "kelurahan" : "Tandaigi",
  "kodepos" : "94474"
}, {
  "kecamatan" : "Siniu",
  "kelurahan" : "Siniu",
  "kodepos" : "94474"
}, {
  "kecamatan" : "Siniu",
  "kelurahan" : "Siniu Sayogindano",
  "kodepos" : "94474"
}, {
  "kecamatan" : "Toribulu",
  "kelurahan" : "Singura",
  "kodepos" : "94474"
}, {
  "kecamatan" : "Siniu",
  "kelurahan" : "Silanga",
  "kodepos" : "94474"
}, {
  "kecamatan" : "Toribulu",
  "kelurahan" : "Sienjo",
  "kodepos" : "94474"
}, {
  "kecamatan" : "Kasimbar",
  "kelurahan" : "Silampayang",
  "kodepos" : "94474"
}, {
  "kecamatan" : "Ampibabo",
  "kelurahan" : "Sidole Barat",
  "kodepos" : "94474"
}, {
  "kecamatan" : "Ampibabo",
  "kelurahan" : "Sidole Timur",
  "kodepos" : "94474"
}, {
  "kecamatan" : "Toribulu",
  "kelurahan" : "Sibolago",
  "kodepos" : "94474"
}, {
  "kecamatan" : "Ampibabo",
  "kelurahan" : "Sidole",
  "kodepos" : "94474"
}, {
  "kecamatan" : "Toribulu",
  "kelurahan" : "Pinotu",
  "kodepos" : "94474"
}, {
  "kecamatan" : "Kasimbar",
  "kelurahan" : "Posona",
  "kodepos" : "94474"
}, {
  "kecamatan" : "Ampibabo",
  "kelurahan" : "Pangku",
  "kodepos" : "94474"
}, {
  "kecamatan" : "Ampibabo",
  "kelurahan" : "Paranggi",
  "kodepos" : "94474"
}, {
  "kecamatan" : "Ampibabo",
  "kelurahan" : "Ogolugus",
  "kodepos" : "94474"
}, {
  "kecamatan" : "Siniu",
  "kelurahan" : "Marantale",
  "kodepos" : "94474"
}, {
  "kecamatan" : "Ampibabo",
  "kelurahan" : "Lemo Tengah",
  "kodepos" : "94474"
}, {
  "kecamatan" : "Ampibabo",
  "kelurahan" : "Lemo Utara",
  "kodepos" : "94474"
}, {
  "kecamatan" : "Ampibabo",
  "kelurahan" : "Lemo",
  "kodepos" : "94474"
}, {
  "kecamatan" : "Kasimbar",
  "kelurahan" : "Laemanta",
  "kodepos" : "94474"
}, {
  "kecamatan" : "Kasimbar",
  "kelurahan" : "Kasimbar Palapi",
  "kodepos" : "94474"
}, {
  "kecamatan" : "Kasimbar",
  "kelurahan" : "Kasimbar Selatan",
  "kodepos" : "94474"
}, {
  "kecamatan" : "Kasimbar",
  "kelurahan" : "Labuan Donggulu",
  "kodepos" : "94474"
}, {
  "kecamatan" : "Kasimbar",
  "kelurahan" : "Kasimbar",
  "kodepos" : "94474"
}, {
  "kecamatan" : "Kasimbar",
  "kelurahan" : "Kasimbar Barat",
  "kodepos" : "94474"
}, {
  "kecamatan" : "Kasimbar",
  "kelurahan" : "Donggulu Selatan",
  "kodepos" : "94474"
}, {
  "kecamatan" : "Kasimbar",
  "kelurahan" : "Donggulu",
  "kodepos" : "94474"
}, {
  "kecamatan" : "Ampibabo",
  "kelurahan" : "Buranga",
  "kodepos" : "94474"
}, {
  "kecamatan" : "Ampibabo",
  "kelurahan" : "Ampibabo Utara",
  "kodepos" : "94474"
}, {
  "kecamatan" : "Ampibabo",
  "kelurahan" : "Ampibabo Timur",
  "kodepos" : "94474"
}, {
  "kecamatan" : "Ampibabo",
  "kelurahan" : "Aloo",
  "kodepos" : "94474"
}, {
  "kecamatan" : "Ampibabo",
  "kelurahan" : "Ampibabo",
  "kodepos" : "94474"
}, {
  "kecamatan" : "Balinggi",
  "kelurahan" : "Tumpapa Indah",
  "kodepos" : "94473"
}, {
  "kecamatan" : "Torue",
  "kelurahan" : "Tolai Barat",
  "kodepos" : "94473"
}, {
  "kecamatan" : "Torue",
  "kelurahan" : "Tolai Timur",
  "kodepos" : "94473"
}, {
  "kecamatan" : "Torue",
  "kelurahan" : "Torue",
  "kodepos" : "94473"
}, {
  "kecamatan" : "Torue",
  "kelurahan" : "Tanah Lanto",
  "kodepos" : "94473"
}, {
  "kecamatan" : "Torue",
  "kelurahan" : "Tolai",
  "kodepos" : "94473"
}, {
  "kecamatan" : "Balinggi",
  "kelurahan" : "Suli",
  "kodepos" : "94473"
}, {
  "kecamatan" : "Balinggi",
  "kelurahan" : "Suli Indah",
  "kodepos" : "94473"
}, {
  "kecamatan" : "Sausu",
  "kelurahan" : "Sausu Torono",
  "kodepos" : "94473"
}, {
  "kecamatan" : "Sausu",
  "kelurahan" : "Sausu Trans",
  "kodepos" : "94473"
}, {
  "kecamatan" : "Sausu",
  "kelurahan" : "Sausu Taliabo",
  "kodepos" : "94473"
}, {
  "kecamatan" : "Sausu",
  "kelurahan" : "Sausu Tambu",
  "kodepos" : "94473"
}, {
  "kecamatan" : "Sausu",
  "kelurahan" : "Sausu Piore",
  "kodepos" : "94473"
}, {
  "kecamatan" : "Sausu",
  "kelurahan" : "Sausu Salubanga",
  "kodepos" : "94473"
}, {
  "kecamatan" : "Sausu",
  "kelurahan" : "Sausu Auma",
  "kodepos" : "94473"
}, {
  "kecamatan" : "Sausu",
  "kelurahan" : "Sausu Gandasari",
  "kodepos" : "94473"
}, {
  "kecamatan" : "Sausu",
  "kelurahan" : "Sausu Pakareme",
  "kodepos" : "94473"
}, {
  "kecamatan" : "Torue",
  "kelurahan" : "Purwosari",
  "kodepos" : "94473"
}, {
  "kecamatan" : "Balinggi",
  "kelurahan" : "Malakosa",
  "kodepos" : "94473"
}, {
  "kecamatan" : "Sausu",
  "kelurahan" : "Maleali (Maleyali)",
  "kodepos" : "94473"
}, {
  "kecamatan" : "Balinggi",
  "kelurahan" : "Beraban",
  "kodepos" : "94473"
}, {
  "kecamatan" : "Balinggi",
  "kelurahan" : "Lebagu",
  "kodepos" : "94473"
}, {
  "kecamatan" : "Balinggi",
  "kelurahan" : "Balinggi",
  "kodepos" : "94473"
}, {
  "kecamatan" : "Balinggi",
  "kelurahan" : "Balinggi Jati",
  "kodepos" : "94473"
}, {
  "kecamatan" : "Torue",
  "kelurahan" : "Astina",
  "kodepos" : "94473"
}, {
  "kecamatan" : "Parigi Utara",
  "kelurahan" : "Toboli Barat",
  "kodepos" : "94471"
}, {
  "kecamatan" : "Parigi Selatan",
  "kelurahan" : "Tindaki",
  "kodepos" : "94471"
}, {
  "kecamatan" : "Parigi Utara",
  "kelurahan" : "Toboli",
  "kodepos" : "94471"
}, {
  "kecamatan" : "Parigi Selatan",
  "kelurahan" : "Sumber Sari",
  "kodepos" : "94471"
}, {
  "kecamatan" : "Parigi",
  "kelurahan" : "Pombalowo (Pembalowo)",
  "kodepos" : "94471"
}, {
  "kecamatan" : "Parigi Utara",
  "kelurahan" : "Sakina Jaya",
  "kodepos" : "94471"
}, {
  "kecamatan" : "Parigi Tengah",
  "kelurahan" : "Petapa",
  "kodepos" : "94471"
}, {
  "kecamatan" : "Parigi Tengah",
  "kelurahan" : "Pelawa Baru",
  "kodepos" : "94471"
}, {
  "kecamatan" : "Parigi Tengah",
  "kelurahan" : "Pelawa",
  "kodepos" : "94471"
}, {
  "kecamatan" : "Parigi Barat",
  "kelurahan" : "Parigimpu&#8217;u",
  "kodepos" : "94471"
}, {
  "kecamatan" : "Parigi Utara",
  "kelurahan" : "Pangi",
  "kodepos" : "94471"
}, {
  "kecamatan" : "Parigi",
  "kelurahan" : "Parigimpu",
  "kodepos" : "94471"
}, {
  "kecamatan" : "Parigi Selatan",
  "kelurahan" : "Olobaru",
  "kodepos" : "94471"
}, {
  "kecamatan" : "Parigi",
  "kelurahan" : "Olaya",
  "kodepos" : "94471"
}, {
  "kecamatan" : "Parigi Tengah",
  "kelurahan" : "Matolele",
  "kodepos" : "94471"
}, {
  "kecamatan" : "Parigi Selatan",
  "kelurahan" : "Nambaru",
  "kodepos" : "94471"
}, {
  "kecamatan" : "Parigi",
  "kelurahan" : "Mertasari",
  "kodepos" : "94471"
}, {
  "kecamatan" : "Parigi Selatan",
  "kelurahan" : "Masari",
  "kodepos" : "94471"
}, {
  "kecamatan" : "Parigi",
  "kelurahan" : "Masigi",
  "kodepos" : "94471"
}, {
  "kecamatan" : "Parigi",
  "kelurahan" : "Loji",
  "kodepos" : "94471"
}, {
  "kecamatan" : "Parigi",
  "kelurahan" : "Maesa",
  "kodepos" : "94471"
}, {
  "kecamatan" : "Parigi Selatan",
  "kelurahan" : "Lemusa",
  "kodepos" : "94471"
}, {
  "kecamatan" : "Parigi Barat",
  "kelurahan" : "Lobu Mandiri",
  "kodepos" : "94471"
}, {
  "kecamatan" : "Parigi",
  "kelurahan" : "Lebo",
  "kodepos" : "94471"
}, {
  "kecamatan" : "Parigi Barat",
  "kelurahan" : "Kayuboko",
  "kodepos" : "94471"
}, {
  "kecamatan" : "Parigi Tengah",
  "kelurahan" : "Jononunu",
  "kodepos" : "94471"
}, {
  "kecamatan" : "Parigi",
  "kelurahan" : "Kampal",
  "kodepos" : "94471"
}, {
  "kecamatan" : "Parigi Barat",
  "kelurahan" : "Jono Kalora",
  "kodepos" : "94471"
}, {
  "kecamatan" : "Parigi Selatan",
  "kelurahan" : "Dolago",
  "kodepos" : "94471"
}, {
  "kecamatan" : "Parigi Selatan",
  "kelurahan" : "Gangga",
  "kodepos" : "94471"
}, {
  "kecamatan" : "Parigi Selatan",
  "kelurahan" : "Boyantongo",
  "kodepos" : "94471"
}, {
  "kecamatan" : "Parigi Tengah",
  "kelurahan" : "Binangga",
  "kodepos" : "94471"
}, {
  "kecamatan" : "Parigi",
  "kelurahan" : "Bambalemo",
  "kodepos" : "94471"
}, {
  "kecamatan" : "Parigi",
  "kelurahan" : "Bantaya",
  "kodepos" : "94471"
}, {
  "kecamatan" : "Parigi Barat",
  "kelurahan" : "Baliara",
  "kodepos" : "94471"
}, {
  "kecamatan" : "Parigi Utara",
  "kelurahan" : "Avolua",
  "kodepos" : "94471"
}, {
  "kecamatan" : "Parigi Barat",
  "kelurahan" : "Air Panas",
  "kodepos" : "94471"
} ]
