[ {
  "kecamatan" : "Kepulauan Seribu Utara",
  "kelurahan" : "Pulau Harapan",
  "kodepos" : "14540"
}, {
  "kecamatan" : "Kepulauan Seribu Utara",
  "kelurahan" : "Pulau Kelapa",
  "kodepos" : "14540"
}, {
  "kecamatan" : "Kepulauan Seribu Selatan",
  "kelurahan" : "Pulau Tidung",
  "kodepos" : "14520"
}, {
  "kecamatan" : "Kepulauan Seribu Utara",
  "kelurahan" : "Pulau Panggang",
  "kodepos" : "14530"
}, {
  "kecamatan" : "Kepulauan Seribu Selatan",
  "kelurahan" : "Pulau Untung Jawa",
  "kodepos" : "14510"
}, {
  "kecamatan" : "Kepulauan Seribu Selatan",
  "kelurahan" : "Pulau Pari",
  "kodepos" : "14520"
} ]
