[ {
  "kecamatan" : "Sigi Biromaru",
  "kelurahan" : "Watunonju",
  "kodepos" : "94364"
}, {
  "kecamatan" : "Gumbasa",
  "kelurahan" : "Tuva (Tuwa)",
  "kodepos" : "94364"
}, {
  "kecamatan" : "Palolo",
  "kelurahan" : "Uenuni",
  "kodepos" : "94364"
}, {
  "kecamatan" : "Palolo",
  "kelurahan" : "Tanah Harapan",
  "kodepos" : "94364"
}, {
  "kecamatan" : "Palolo",
  "kelurahan" : "Tongoa",
  "kodepos" : "94364"
}, {
  "kecamatan" : "Sigi Biromaru",
  "kelurahan" : "Soulowe",
  "kodepos" : "94364"
}, {
  "kecamatan" : "Nokilalaki",
  "kelurahan" : "Sopu",
  "kodepos" : "94364"
}, {
  "kecamatan" : "Palolo",
  "kelurahan" : "Sintuwu",
  "kodepos" : "94364"
}, {
  "kecamatan" : "Gumbasa",
  "kelurahan" : "Simoro",
  "kodepos" : "94364"
}, {
  "kecamatan" : "Palolo",
  "kelurahan" : "Sigimpu",
  "kodepos" : "94364"
}, {
  "kecamatan" : "Sigi Biromaru",
  "kelurahan" : "Sidondo IV",
  "kodepos" : "94364"
}, {
  "kecamatan" : "Sigi Biromaru",
  "kelurahan" : "Sidondo II",
  "kodepos" : "94364"
}, {
  "kecamatan" : "Sigi Biromaru",
  "kelurahan" : "Sidondo III",
  "kodepos" : "94364"
}, {
  "kecamatan" : "Sigi Biromaru",
  "kelurahan" : "Sidondo I",
  "kodepos" : "94364"
}, {
  "kecamatan" : "Sigi Biromaru",
  "kelurahan" : "Sidera",
  "kodepos" : "94364"
}, {
  "kecamatan" : "Tanambulava",
  "kelurahan" : "Sibalaya Utara",
  "kodepos" : "94364"
}, {
  "kecamatan" : "Tanambulava",
  "kelurahan" : "Sibowi",
  "kodepos" : "94364"
}, {
  "kecamatan" : "Palolo",
  "kelurahan" : "Rejeki",
  "kodepos" : "94364"
}, {
  "kecamatan" : "Palolo",
  "kelurahan" : "Sejahtera",
  "kodepos" : "94364"
}, {
  "kecamatan" : "Tanambulava",
  "kelurahan" : "Sibalaya Selatan",
  "kodepos" : "94364"
}, {
  "kecamatan" : "Palolo",
  "kelurahan" : "Rahmat",
  "kodepos" : "94364"
}, {
  "kecamatan" : "Palolo",
  "kelurahan" : "Rantelede (Ranteleda)",
  "kodepos" : "94364"
}, {
  "kecamatan" : "Palolo",
  "kelurahan" : "Petimbe",
  "kodepos" : "94364"
}, {
  "kecamatan" : "Sigi Biromaru",
  "kelurahan" : "Pombewe",
  "kodepos" : "94364"
}, {
  "kecamatan" : "Gumbasa",
  "kelurahan" : "Omu",
  "kodepos" : "94364"
}, {
  "kecamatan" : "Gumbasa",
  "kelurahan" : "Pakuli",
  "kodepos" : "94364"
}, {
  "kecamatan" : "Gumbasa",
  "kelurahan" : "Pandere",
  "kodepos" : "94364"
}, {
  "kecamatan" : "Sigi Biromaru",
  "kelurahan" : "Olobuju",
  "kodepos" : "94364"
}, {
  "kecamatan" : "Sigi Biromaru",
  "kelurahan" : "Mpanau",
  "kodepos" : "94364"
}, {
  "kecamatan" : "Sigi Biromaru",
  "kelurahan" : "Ngatabaru",
  "kodepos" : "94364"
}, {
  "kecamatan" : "Palolo",
  "kelurahan" : "Makmur",
  "kodepos" : "94364"
}, {
  "kecamatan" : "Sigi Biromaru",
  "kelurahan" : "Maranatha",
  "kodepos" : "94364"
}, {
  "kecamatan" : "Sigi Biromaru",
  "kelurahan" : "Lolu",
  "kodepos" : "94364"
}, {
  "kecamatan" : "Palolo",
  "kelurahan" : "Lemban Tongoa",
  "kodepos" : "94364"
}, {
  "kecamatan" : "Sigi Biromaru",
  "kelurahan" : "Loru",
  "kodepos" : "94364"
}, {
  "kecamatan" : "Tanambulava",
  "kelurahan" : "Lambara",
  "kodepos" : "94364"
}, {
  "kecamatan" : "Palolo",
  "kelurahan" : "Kapiroe",
  "kodepos" : "94364"
}, {
  "kecamatan" : "Nokilalaki",
  "kelurahan" : "Kamarora B",
  "kodepos" : "94364"
}, {
  "kecamatan" : "Gumbasa",
  "kelurahan" : "Kalawara",
  "kodepos" : "94364"
}, {
  "kecamatan" : "Sigi Biromaru",
  "kelurahan" : "Kalukubula",
  "kodepos" : "94364"
}, {
  "kecamatan" : "Nokilalaki",
  "kelurahan" : "Kamarora A",
  "kodepos" : "94364"
}, {
  "kecamatan" : "Sigi Biromaru",
  "kelurahan" : "Jono Oge",
  "kodepos" : "94364"
}, {
  "kecamatan" : "Palolo",
  "kelurahan" : "Bunga",
  "kodepos" : "94364"
}, {
  "kecamatan" : "Nokilalaki",
  "kelurahan" : "Kadidia",
  "kodepos" : "94364"
}, {
  "kecamatan" : "Nokilalaki",
  "kelurahan" : "Bulili",
  "kodepos" : "94364"
}, {
  "kecamatan" : "Sigi Biromaru",
  "kelurahan" : "Bora",
  "kodepos" : "94364"
}, {
  "kecamatan" : "Palolo",
  "kelurahan" : "Bobo",
  "kodepos" : "94364"
}, {
  "kecamatan" : "Palolo",
  "kelurahan" : "Bahagia",
  "kodepos" : "94364"
}, {
  "kecamatan" : "Palolo",
  "kelurahan" : "Baku-Bakulu",
  "kodepos" : "94364"
}, {
  "kecamatan" : "Palolo",
  "kelurahan" : "Berdikari",
  "kodepos" : "94364"
}, {
  "kecamatan" : "Palolo",
  "kelurahan" : "Ampera",
  "kodepos" : "94364"
}, {
  "kecamatan" : "Kulawi Selatan",
  "kelurahan" : "Watukilo",
  "kodepos" : "94363"
}, {
  "kecamatan" : "Kulawi",
  "kelurahan" : "Winatu",
  "kodepos" : "94363"
}, {
  "kecamatan" : "Kulawi Selatan",
  "kelurahan" : "Wangka",
  "kodepos" : "94363"
}, {
  "kecamatan" : "Kulawi",
  "kelurahan" : "Towulu",
  "kodepos" : "94363"
}, {
  "kecamatan" : "Kulawi",
  "kelurahan" : "Toro",
  "kodepos" : "94363"
}, {
  "kecamatan" : "Kulawi Selatan",
  "kelurahan" : "Tompi Bugis",
  "kodepos" : "94363"
}, {
  "kecamatan" : "Kulawi Selatan",
  "kelurahan" : "Tomua",
  "kodepos" : "94363"
}, {
  "kecamatan" : "Kulawi",
  "kelurahan" : "Tangkulowi",
  "kodepos" : "94363"
}, {
  "kecamatan" : "Lindu",
  "kelurahan" : "Tomado",
  "kodepos" : "94363"
}, {
  "kecamatan" : "Kulawi",
  "kelurahan" : "Siwongi",
  "kodepos" : "94363"
}, {
  "kecamatan" : "Kulawi",
  "kelurahan" : "Sungku",
  "kodepos" : "94363"
}, {
  "kecamatan" : "Kulawi Selatan",
  "kelurahan" : "Salutome",
  "kodepos" : "94363"
}, {
  "kecamatan" : "Kulawi",
  "kelurahan" : "Rantewulu",
  "kodepos" : "94363"
}, {
  "kecamatan" : "Kulawi",
  "kelurahan" : "Salua",
  "kodepos" : "94363"
}, {
  "kecamatan" : "Lindu",
  "kelurahan" : "Puro/Puroo",
  "kodepos" : "94363"
}, {
  "kecamatan" : "Kulawi Selatan",
  "kelurahan" : "Palimakijawa (Pilimakujawa/Makujawa)",
  "kodepos" : "94363"
}, {
  "kecamatan" : "Kulawi Selatan",
  "kelurahan" : "O&#8217;o",
  "kodepos" : "94363"
}, {
  "kecamatan" : "Kulawi Selatan",
  "kelurahan" : "Palamaki",
  "kodepos" : "94363"
}, {
  "kecamatan" : "Kulawi",
  "kelurahan" : "Namo",
  "kodepos" : "94363"
}, {
  "kecamatan" : "Kulawi Selatan",
  "kelurahan" : "Moa",
  "kodepos" : "94363"
}, {
  "kecamatan" : "Kulawi",
  "kelurahan" : "Mataue",
  "kodepos" : "94363"
}, {
  "kecamatan" : "Kulawi Selatan",
  "kelurahan" : "Lempelero",
  "kodepos" : "94363"
}, {
  "kecamatan" : "Kulawi",
  "kelurahan" : "Lonca",
  "kodepos" : "94363"
}, {
  "kecamatan" : "Kulawi Selatan",
  "kelurahan" : "Lawua",
  "kodepos" : "94363"
}, {
  "kecamatan" : "Lindu",
  "kelurahan" : "Langko",
  "kodepos" : "94363"
}, {
  "kecamatan" : "Kulawi Selatan",
  "kelurahan" : "Gimpu",
  "kodepos" : "94363"
}, {
  "kecamatan" : "Kulawi",
  "kelurahan" : "Bolapapu",
  "kodepos" : "94363"
}, {
  "kecamatan" : "Kulawi",
  "kelurahan" : "Banggaiba",
  "kodepos" : "94363"
}, {
  "kecamatan" : "Kulawi",
  "kelurahan" : "Boladangko",
  "kodepos" : "94363"
}, {
  "kecamatan" : "Lindu",
  "kelurahan" : "Anca",
  "kodepos" : "94363"
}, {
  "kecamatan" : "Marawola Barat",
  "kelurahan" : "Wayu",
  "kodepos" : "94362"
}, {
  "kecamatan" : "Marawola Barat",
  "kelurahan" : "Wiapore",
  "kodepos" : "94362"
}, {
  "kecamatan" : "Marawola Barat",
  "kelurahan" : "Wugaga",
  "kodepos" : "94362"
}, {
  "kecamatan" : "Kinovaru",
  "kelurahan" : "Uwemanje",
  "kodepos" : "94362"
}, {
  "kecamatan" : "Marawola",
  "kelurahan" : "Tinggede",
  "kodepos" : "94362"
}, {
  "kecamatan" : "Marawola",
  "kelurahan" : "Tinggede Selatan",
  "kodepos" : "94362"
}, {
  "kecamatan" : "Marawola",
  "kelurahan" : "Sunju",
  "kodepos" : "94362"
}, {
  "kecamatan" : "Marawola Barat",
  "kelurahan" : "Taipanggabe",
  "kodepos" : "94362"
}, {
  "kecamatan" : "Marawola",
  "kelurahan" : "Sibedi",
  "kodepos" : "94362"
}, {
  "kecamatan" : "Marawola Barat",
  "kelurahan" : "Soi",
  "kodepos" : "94362"
}, {
  "kecamatan" : "Kinovaru",
  "kelurahan" : "Porame",
  "kodepos" : "94362"
}, {
  "kecamatan" : "Kinovaru",
  "kelurahan" : "Rondingo",
  "kodepos" : "94362"
}, {
  "kecamatan" : "Marawola",
  "kelurahan" : "Padende",
  "kodepos" : "94362"
}, {
  "kecamatan" : "Marawola Barat",
  "kelurahan" : "Panasibaja",
  "kodepos" : "94362"
}, {
  "kecamatan" : "Marawola Barat",
  "kelurahan" : "Ongulero",
  "kodepos" : "94362"
}, {
  "kecamatan" : "Marawola Barat",
  "kelurahan" : "Lewara",
  "kodepos" : "94362"
}, {
  "kecamatan" : "Marawola Barat",
  "kelurahan" : "Matantimali",
  "kodepos" : "94362"
}, {
  "kecamatan" : "Marawola",
  "kelurahan" : "Lebanu",
  "kodepos" : "94362"
}, {
  "kecamatan" : "Kinovaru",
  "kelurahan" : "Kalora",
  "kodepos" : "94362"
}, {
  "kecamatan" : "Kinovaru",
  "kelurahan" : "Kanuna",
  "kodepos" : "94362"
}, {
  "kecamatan" : "Marawola Barat",
  "kelurahan" : "Dombu",
  "kodepos" : "94362"
}, {
  "kecamatan" : "Kinovaru",
  "kelurahan" : "Doda",
  "kodepos" : "94362"
}, {
  "kecamatan" : "Kinovaru",
  "kelurahan" : "Daenggune",
  "kodepos" : "94362"
}, {
  "kecamatan" : "Marawola",
  "kelurahan" : "Boyabaliase",
  "kodepos" : "94362"
}, {
  "kecamatan" : "Kinovaru",
  "kelurahan" : "Bolobia",
  "kodepos" : "94362"
}, {
  "kecamatan" : "Marawola",
  "kelurahan" : "Bomba",
  "kodepos" : "94362"
}, {
  "kecamatan" : "Marawola",
  "kelurahan" : "Beka",
  "kodepos" : "94362"
}, {
  "kecamatan" : "Marawola",
  "kelurahan" : "Binangga",
  "kodepos" : "94362"
}, {
  "kecamatan" : "Marawola",
  "kelurahan" : "Baliase",
  "kodepos" : "94362"
}, {
  "kecamatan" : "Kinovaru",
  "kelurahan" : "Balane",
  "kodepos" : "94362"
}, {
  "kecamatan" : "Dolo Selatan",
  "kelurahan" : "Wisolo",
  "kodepos" : "94361"
}, {
  "kecamatan" : "Dolo Selatan",
  "kelurahan" : "Walatana",
  "kodepos" : "94361"
}, {
  "kecamatan" : "Dolo",
  "kelurahan" : "Watubula",
  "kodepos" : "94361"
}, {
  "kecamatan" : "Dolo",
  "kelurahan" : "Waturalele",
  "kodepos" : "94361"
}, {
  "kecamatan" : "Dolo",
  "kelurahan" : "Soulowe",
  "kodepos" : "94361"
}, {
  "kecamatan" : "Dolo",
  "kelurahan" : "Tulo",
  "kodepos" : "94361"
}, {
  "kecamatan" : "Dolo Barat",
  "kelurahan" : "Sibonu",
  "kodepos" : "94361"
}, {
  "kecamatan" : "Dolo Selatan",
  "kelurahan" : "Sambo",
  "kodepos" : "94361"
}, {
  "kecamatan" : "Dolo Barat",
  "kelurahan" : "Rarampadende",
  "kodepos" : "94361"
}, {
  "kecamatan" : "Dolo Selatan",
  "kelurahan" : "Pulu",
  "kodepos" : "94361"
}, {
  "kecamatan" : "Dolo Selatan",
  "kelurahan" : "Rogo",
  "kodepos" : "94361"
}, {
  "kecamatan" : "Dolo",
  "kelurahan" : "Potoya",
  "kodepos" : "94361"
}, {
  "kecamatan" : "Dolo Selatan",
  "kelurahan" : "Poi",
  "kodepos" : "94361"
}, {
  "kecamatan" : "Dolo Barat",
  "kelurahan" : "Pesaku",
  "kodepos" : "94361"
}, {
  "kecamatan" : "Dolo Barat",
  "kelurahan" : "Pewunu",
  "kodepos" : "94361"
}, {
  "kecamatan" : "Dolo Barat",
  "kelurahan" : "Mantikole",
  "kodepos" : "94361"
}, {
  "kecamatan" : "Dolo",
  "kelurahan" : "Maku",
  "kodepos" : "94361"
}, {
  "kecamatan" : "Dolo",
  "kelurahan" : "Kotarindau",
  "kodepos" : "94361"
}, {
  "kecamatan" : "Dolo",
  "kelurahan" : "Langleso (Langaleso)",
  "kodepos" : "94361"
}, {
  "kecamatan" : "Dolo",
  "kelurahan" : "Kota Pulu",
  "kodepos" : "94361"
}, {
  "kecamatan" : "Dolo Barat",
  "kelurahan" : "Kaleke",
  "kodepos" : "94361"
}, {
  "kecamatan" : "Dolo Barat",
  "kelurahan" : "Kalukutinggu",
  "kodepos" : "94361"
}, {
  "kecamatan" : "Dolo",
  "kelurahan" : "Karawana",
  "kodepos" : "94361"
}, {
  "kecamatan" : "Dolo",
  "kelurahan" : "Kabobona",
  "kodepos" : "94361"
}, {
  "kecamatan" : "Dolo Selatan",
  "kelurahan" : "Bulubete",
  "kodepos" : "94361"
}, {
  "kecamatan" : "Dolo Selatan",
  "kelurahan" : "Jono",
  "kodepos" : "94361"
}, {
  "kecamatan" : "Dolo Barat",
  "kelurahan" : "Bobo",
  "kodepos" : "94361"
}, {
  "kecamatan" : "Dolo Barat",
  "kelurahan" : "Balumpewa",
  "kodepos" : "94361"
}, {
  "kecamatan" : "Dolo Selatan",
  "kelurahan" : "Bangga",
  "kodepos" : "94361"
}, {
  "kecamatan" : "Dolo Selatan",
  "kelurahan" : "Balongga",
  "kodepos" : "94361"
}, {
  "kecamatan" : "Dolo Selatan",
  "kelurahan" : "Baluase",
  "kodepos" : "94361"
}, {
  "kecamatan" : "Dolo Barat",
  "kelurahan" : "Balamoa",
  "kodepos" : "94361"
}, {
  "kecamatan" : "Pipikoro",
  "kelurahan" : "Peana",
  "kodepos" : "94112"
}, {
  "kecamatan" : "Pipikoro",
  "kelurahan" : "Onu",
  "kodepos" : "94112"
}, {
  "kecamatan" : "Pipikoro",
  "kelurahan" : "Parelea",
  "kodepos" : "94112"
}, {
  "kecamatan" : "Pipikoro",
  "kelurahan" : "Mapahi",
  "kodepos" : "94112"
}, {
  "kecamatan" : "Pipikoro",
  "kelurahan" : "Morui (Murui)",
  "kodepos" : "94112"
}, {
  "kecamatan" : "Pipikoro",
  "kelurahan" : "Mamu",
  "kodepos" : "94112"
}, {
  "kecamatan" : "Pipikoro",
  "kelurahan" : "Koja",
  "kodepos" : "94112"
}, {
  "kecamatan" : "Pipikoro",
  "kelurahan" : "Lawe",
  "kodepos" : "94112"
}, {
  "kecamatan" : "Pipikoro",
  "kelurahan" : "Lone Basa",
  "kodepos" : "94112"
}, {
  "kecamatan" : "Pipikoro",
  "kelurahan" : "Kalamanta",
  "kodepos" : "94112"
}, {
  "kecamatan" : "Pipikoro",
  "kelurahan" : "Kantewu",
  "kodepos" : "94112"
}, {
  "kecamatan" : "Pipikoro",
  "kelurahan" : "Kantewu II",
  "kodepos" : "94112"
}, {
  "kecamatan" : "Pipikoro",
  "kelurahan" : "Banasu",
  "kodepos" : "94112"
} ]
