[ {
  "kecamatan" : "Rio Pakava (Riopakawa)",
  "kelurahan" : "Toviora (Towiora)",
  "kodepos" : "94362"
}, {
  "kecamatan" : "Rio Pakava (Riopakawa)",
  "kelurahan" : "Vacava",
  "kodepos" : "94362"
}, {
  "kecamatan" : "Rio Pakava (Riopakawa)",
  "kelurahan" : "Tinauka",
  "kodepos" : "94362"
}, {
  "kecamatan" : "Pinembani",
  "kelurahan" : "Tamodo",
  "kodepos" : "94362"
}, {
  "kecamatan" : "Rio Pakava (Riopakawa)",
  "kelurahan" : "Tinauka",
  "kodepos" : "94362"
}, {
  "kecamatan" : "Rio Pakava (Riopakawa)",
  "kelurahan" : "Rio Mukti",
  "kodepos" : "94362"
}, {
  "kecamatan" : "Rio Pakava (Riopakawa)",
  "kelurahan" : "Polando Jaya",
  "kodepos" : "94362"
}, {
  "kecamatan" : "Rio Pakava (Riopakawa)",
  "kelurahan" : "Polanto Jaya",
  "kodepos" : "94362"
}, {
  "kecamatan" : "Rio Pakava (Riopakawa)",
  "kelurahan" : "Panca Mukti",
  "kodepos" : "94362"
}, {
  "kecamatan" : "Rio Pakava (Riopakawa)",
  "kelurahan" : "Pantalobete",
  "kodepos" : "94362"
}, {
  "kecamatan" : "Pinembani",
  "kelurahan" : "Palintuma",
  "kodepos" : "94362"
}, {
  "kecamatan" : "Rio Pakava (Riopakawa)",
  "kelurahan" : "Ngovi Vacava",
  "kodepos" : "94362"
}, {
  "kecamatan" : "Rio Pakava (Riopakawa)",
  "kelurahan" : "Minti Makmur",
  "kodepos" : "94362"
}, {
  "kecamatan" : "Rio Pakava (Riopakawa)",
  "kelurahan" : "Mbulava",
  "kodepos" : "94362"
}, {
  "kecamatan" : "Rio Pakava (Riopakawa)",
  "kelurahan" : "Lalundu",
  "kodepos" : "94362"
}, {
  "kecamatan" : "Pinembani",
  "kelurahan" : "Karavia",
  "kodepos" : "94362"
}, {
  "kecamatan" : "Pinembani",
  "kelurahan" : "Kanagalongga",
  "kodepos" : "94362"
}, {
  "kecamatan" : "Pinembani",
  "kelurahan" : "Gimpubia",
  "kodepos" : "94362"
}, {
  "kecamatan" : "Pinembani",
  "kelurahan" : "Dangaraa",
  "kodepos" : "94362"
}, {
  "kecamatan" : "Rio Pakava (Riopakawa)",
  "kelurahan" : "Bukit Indah",
  "kodepos" : "94362"
}, {
  "kecamatan" : "Rio Pakava (Riopakawa)",
  "kelurahan" : "Bonemarawa",
  "kodepos" : "94362"
}, {
  "kecamatan" : "Pinembani",
  "kelurahan" : "Bambakaenu",
  "kodepos" : "94362"
}, {
  "kecamatan" : "Pinembani",
  "kelurahan" : "Bambakanini",
  "kodepos" : "94362"
}, {
  "kecamatan" : "Sojol",
  "kelurahan" : "Tonggolobibi",
  "kodepos" : "94356"
}, {
  "kecamatan" : "Damsol (Dampelas Sojol)",
  "kelurahan" : "Talaga",
  "kodepos" : "94356"
}, {
  "kecamatan" : "Damsol (Dampelas Sojol)",
  "kelurahan" : "Sioyong",
  "kodepos" : "94356"
}, {
  "kecamatan" : "Sojol",
  "kelurahan" : "Siwalempu",
  "kodepos" : "94356"
}, {
  "kecamatan" : "Sojol",
  "kelurahan" : "Samalili",
  "kodepos" : "94356"
}, {
  "kecamatan" : "Sojol",
  "kelurahan" : "Siboalong (Siboang)",
  "kodepos" : "94356"
}, {
  "kecamatan" : "Damsol (Dampelas Sojol)",
  "kelurahan" : "Rerang",
  "kodepos" : "94356"
}, {
  "kecamatan" : "Damsol (Dampelas Sojol)",
  "kelurahan" : "Sabang",
  "kodepos" : "94356"
}, {
  "kecamatan" : "Damsol (Dampelas Sojol)",
  "kelurahan" : "Ponggerang",
  "kodepos" : "94356"
}, {
  "kecamatan" : "Sojol Utara",
  "kelurahan" : "Pesik",
  "kodepos" : "94356"
}, {
  "kecamatan" : "Damsol (Dampelas Sojol)",
  "kelurahan" : "Panii",
  "kodepos" : "94356"
}, {
  "kecamatan" : "Damsol (Dampelas Sojol)",
  "kelurahan" : "Parisan Agung",
  "kodepos" : "94356"
}, {
  "kecamatan" : "Sojol Utara",
  "kelurahan" : "Ogoamas II",
  "kodepos" : "94356"
}, {
  "kecamatan" : "Sojol",
  "kelurahan" : "Panggalasiang (Pangalaseang)",
  "kodepos" : "94356"
}, {
  "kecamatan" : "Sojol Utara",
  "kelurahan" : "Ogoamas I",
  "kodepos" : "94356"
}, {
  "kecamatan" : "Damsol (Dampelas Sojol)",
  "kelurahan" : "Malonas",
  "kodepos" : "94356"
}, {
  "kecamatan" : "Sojol Utara",
  "kelurahan" : "Lenju",
  "kodepos" : "94356"
}, {
  "kecamatan" : "Damsol (Dampelas Sojol)",
  "kelurahan" : "Kembayang (Kambayang)",
  "kodepos" : "94356"
}, {
  "kecamatan" : "Damsol (Dampelas Sojol)",
  "kelurahan" : "Lemba Mukti",
  "kodepos" : "94356"
}, {
  "kecamatan" : "Damsol (Dampelas Sojol)",
  "kelurahan" : "Karyamukti",
  "kodepos" : "94356"
}, {
  "kecamatan" : "Damsol (Dampelas Sojol)",
  "kelurahan" : "Bukit Harapan",
  "kodepos" : "94356"
}, {
  "kecamatan" : "Sojol",
  "kelurahan" : "Bukit Harapan",
  "kodepos" : "94356"
}, {
  "kecamatan" : "Damsol (Dampelas Sojol)",
  "kelurahan" : "Budimukti",
  "kodepos" : "94356"
}, {
  "kecamatan" : "Sojol",
  "kelurahan" : "Bou",
  "kodepos" : "94356"
}, {
  "kecamatan" : "Sojol Utara",
  "kelurahan" : "Bengkoli",
  "kodepos" : "94356"
}, {
  "kecamatan" : "Sojol",
  "kelurahan" : "Balukang",
  "kodepos" : "94356"
}, {
  "kecamatan" : "Sojol",
  "kelurahan" : "Balukang II",
  "kodepos" : "94356"
}, {
  "kecamatan" : "Balaesang Tanjung",
  "kelurahan" : "Walandano",
  "kodepos" : "94355"
}, {
  "kecamatan" : "Balaesang",
  "kelurahan" : "Tambu",
  "kodepos" : "94355"
}, {
  "kecamatan" : "Balaesang",
  "kelurahan" : "Tovia Tambu",
  "kodepos" : "94355"
}, {
  "kecamatan" : "Balaesang",
  "kelurahan" : "Sipure",
  "kodepos" : "94355"
}, {
  "kecamatan" : "Balaesang",
  "kelurahan" : "Siweli",
  "kodepos" : "94355"
}, {
  "kecamatan" : "Balaesang",
  "kelurahan" : "Simagaya",
  "kodepos" : "94355"
}, {
  "kecamatan" : "Balaesang",
  "kelurahan" : "Sibayu",
  "kodepos" : "94355"
}, {
  "kecamatan" : "Balaesang",
  "kelurahan" : "Sibualong",
  "kodepos" : "94355"
}, {
  "kecamatan" : "Balaesang Tanjung",
  "kelurahan" : "Pomolulu",
  "kodepos" : "94355"
}, {
  "kecamatan" : "Balaesang Tanjung",
  "kelurahan" : "Rano",
  "kodepos" : "94355"
}, {
  "kecamatan" : "Balaesang Tanjung",
  "kelurahan" : "Palau",
  "kodepos" : "94355"
}, {
  "kecamatan" : "Balaesang",
  "kelurahan" : "Meli",
  "kodepos" : "94355"
}, {
  "kecamatan" : "Balaesang",
  "kelurahan" : "Manimbaya",
  "kodepos" : "94355"
}, {
  "kecamatan" : "Balaesang",
  "kelurahan" : "Mapane Tambu",
  "kodepos" : "94355"
}, {
  "kecamatan" : "Balaesang Tanjung",
  "kelurahan" : "Malei",
  "kodepos" : "94355"
}, {
  "kecamatan" : "Balaesang",
  "kelurahan" : "Lombonga",
  "kodepos" : "94355"
}, {
  "kecamatan" : "Balaesang",
  "kelurahan" : "Malino",
  "kodepos" : "94355"
}, {
  "kecamatan" : "Balaesang",
  "kelurahan" : "Labean",
  "kodepos" : "94355"
}, {
  "kecamatan" : "Balaesang",
  "kelurahan" : "Kampung Baru Sibayu",
  "kodepos" : "94355"
}, {
  "kecamatan" : "Balaesang Tanjung",
  "kelurahan" : "Ketong",
  "kodepos" : "94355"
}, {
  "kecamatan" : "Balaesang Tanjung",
  "kelurahan" : "Kamonji",
  "kodepos" : "94355"
}, {
  "kecamatan" : "Sirenja",
  "kelurahan" : "Tanjung Padang",
  "kodepos" : "94354"
}, {
  "kecamatan" : "Sirenja",
  "kelurahan" : "Tompe",
  "kodepos" : "94354"
}, {
  "kecamatan" : "Sirenja",
  "kelurahan" : "Tondo S",
  "kodepos" : "94354"
}, {
  "kecamatan" : "Sirenja",
  "kelurahan" : "Sibado",
  "kodepos" : "94354"
}, {
  "kecamatan" : "Sirenja",
  "kelurahan" : "Sipi",
  "kodepos" : "94354"
}, {
  "kecamatan" : "Sirenja",
  "kelurahan" : "Lende Tovea",
  "kodepos" : "94354"
}, {
  "kecamatan" : "Sirenja",
  "kelurahan" : "Lompio",
  "kodepos" : "94354"
}, {
  "kecamatan" : "Sirenja",
  "kelurahan" : "Ombo",
  "kodepos" : "94354"
}, {
  "kecamatan" : "Sirenja",
  "kelurahan" : "Lende",
  "kodepos" : "94354"
}, {
  "kecamatan" : "Sirenja",
  "kelurahan" : "Jono oge",
  "kodepos" : "94354"
}, {
  "kecamatan" : "Sirenja",
  "kelurahan" : "Balintuma",
  "kodepos" : "94354"
}, {
  "kecamatan" : "Sirenja",
  "kelurahan" : "Dampal",
  "kodepos" : "94354"
}, {
  "kecamatan" : "Sindue",
  "kelurahan" : "Toaya",
  "kodepos" : "94353"
}, {
  "kecamatan" : "Sindue",
  "kelurahan" : "Toaya Vunta/Funta",
  "kodepos" : "94353"
}, {
  "kecamatan" : "Sindue",
  "kelurahan" : "Taripa",
  "kodepos" : "94353"
}, {
  "kecamatan" : "Sindue Tombusabora",
  "kelurahan" : "Tibo",
  "kodepos" : "94353"
}, {
  "kecamatan" : "Sindue",
  "kelurahan" : "Sumari",
  "kodepos" : "94353"
}, {
  "kecamatan" : "Sindue Tobata",
  "kelurahan" : "Tamarenja",
  "kodepos" : "94353"
}, {
  "kecamatan" : "Sindue Tobata",
  "kelurahan" : "Sindosa",
  "kodepos" : "94353"
}, {
  "kecamatan" : "Sindue Tobata",
  "kelurahan" : "Sipeso",
  "kodepos" : "94353"
}, {
  "kecamatan" : "Sindue Tobata",
  "kelurahan" : "Sikara Tobata",
  "kodepos" : "94353"
}, {
  "kecamatan" : "Sindue Tombusabora",
  "kelurahan" : "Saloya",
  "kodepos" : "94353"
}, {
  "kecamatan" : "Sindue",
  "kelurahan" : "Masaingi",
  "kodepos" : "94353"
}, {
  "kecamatan" : "Sindue Tobata",
  "kelurahan" : "Oti",
  "kodepos" : "94353"
}, {
  "kecamatan" : "Sindue",
  "kelurahan" : "Lero Tatari",
  "kodepos" : "94353"
}, {
  "kecamatan" : "Sindue",
  "kelurahan" : "Marana",
  "kodepos" : "94353"
}, {
  "kecamatan" : "Sindue",
  "kelurahan" : "Kumbasa",
  "kodepos" : "94353"
}, {
  "kecamatan" : "Sindue",
  "kelurahan" : "Lero",
  "kodepos" : "94353"
}, {
  "kecamatan" : "Sindue",
  "kelurahan" : "Kavaya",
  "kodepos" : "94353"
}, {
  "kecamatan" : "Sindue Tombusabora",
  "kelurahan" : "Kaliburu Kata",
  "kodepos" : "94353"
}, {
  "kecamatan" : "Sindue Tombusabora",
  "kelurahan" : "Kaliburu",
  "kodepos" : "94353"
}, {
  "kecamatan" : "Sindue",
  "kelurahan" : "Enu",
  "kodepos" : "94353"
}, {
  "kecamatan" : "Sindue Tombusabora",
  "kelurahan" : "Batusuya Go&#8217;o",
  "kodepos" : "94353"
}, {
  "kecamatan" : "Sindue",
  "kelurahan" : "Dalaka",
  "kodepos" : "94353"
}, {
  "kecamatan" : "Sindue Tombusabora",
  "kelurahan" : "Batusuya",
  "kodepos" : "94353"
}, {
  "kecamatan" : "Sindue",
  "kelurahan" : "Amal",
  "kodepos" : "94353"
}, {
  "kecamatan" : "Sindue Tobata",
  "kelurahan" : "Alindau",
  "kodepos" : "94353"
}, {
  "kecamatan" : "Tanantovea",
  "kelurahan" : "Wombo Mpanau (Panau)",
  "kodepos" : "94352"
}, {
  "kecamatan" : "Tanantovea",
  "kelurahan" : "Wombo Kalonggo",
  "kodepos" : "94352"
}, {
  "kecamatan" : "Tanantovea",
  "kelurahan" : "Wani Tiga",
  "kodepos" : "94352"
}, {
  "kecamatan" : "Tanantovea",
  "kelurahan" : "Wombo",
  "kodepos" : "94352"
}, {
  "kecamatan" : "Tanantovea",
  "kelurahan" : "Wani Lumbumpetigo",
  "kodepos" : "94352"
}, {
  "kecamatan" : "Tanantovea",
  "kelurahan" : "Wani Satu / I",
  "kodepos" : "94352"
}, {
  "kecamatan" : "Tanantovea",
  "kelurahan" : "Nupa Bomba",
  "kodepos" : "94352"
}, {
  "kecamatan" : "Tanantovea",
  "kelurahan" : "Wani Dua / II",
  "kodepos" : "94352"
}, {
  "kecamatan" : "Labuan",
  "kelurahan" : "Labuan Salumbone",
  "kodepos" : "94352"
}, {
  "kecamatan" : "Labuan",
  "kelurahan" : "Labuan Toposo",
  "kodepos" : "94352"
}, {
  "kecamatan" : "Labuan",
  "kelurahan" : "Labuan Lumbubaka",
  "kodepos" : "94352"
}, {
  "kecamatan" : "Labuan",
  "kelurahan" : "Labuan Panimba",
  "kodepos" : "94352"
}, {
  "kecamatan" : "Labuan",
  "kelurahan" : "Labuan Induk",
  "kodepos" : "94352"
}, {
  "kecamatan" : "Labuan",
  "kelurahan" : "Labuan Kungguma",
  "kodepos" : "94352"
}, {
  "kecamatan" : "Labuan",
  "kelurahan" : "Labuan Lelea",
  "kodepos" : "94352"
}, {
  "kecamatan" : "Tanantovea",
  "kelurahan" : "Guntarano",
  "kodepos" : "94352"
}, {
  "kecamatan" : "Tanantovea",
  "kelurahan" : "Bale",
  "kodepos" : "94352"
}, {
  "kecamatan" : "Banawa Selatan",
  "kelurahan" : "Watatu",
  "kodepos" : "94351"
}, {
  "kecamatan" : "Banawa Tengah",
  "kelurahan" : "Towale",
  "kodepos" : "94351"
}, {
  "kecamatan" : "Banawa Selatan",
  "kelurahan" : "Tosale",
  "kodepos" : "94351"
}, {
  "kecamatan" : "Banawa Selatan",
  "kelurahan" : "Tolongano",
  "kodepos" : "94351"
}, {
  "kecamatan" : "Banawa Selatan",
  "kelurahan" : "Tanahmea",
  "kodepos" : "94351"
}, {
  "kecamatan" : "Banawa Selatan",
  "kelurahan" : "Tanampulu",
  "kodepos" : "94351"
}, {
  "kecamatan" : "Banawa",
  "kelurahan" : "Tanjung Batu",
  "kodepos" : "94351"
}, {
  "kecamatan" : "Banawa Selatan",
  "kelurahan" : "Surumana",
  "kodepos" : "94351"
}, {
  "kecamatan" : "Banawa Selatan",
  "kelurahan" : "Salusumpu",
  "kodepos" : "94351"
}, {
  "kecamatan" : "Banawa Selatan",
  "kelurahan" : "Sarombaya",
  "kodepos" : "94351"
}, {
  "kecamatan" : "Banawa Selatan",
  "kelurahan" : "Salumpaku",
  "kodepos" : "94351"
}, {
  "kecamatan" : "Banawa Selatan",
  "kelurahan" : "Salungkaenu",
  "kodepos" : "94351"
}, {
  "kecamatan" : "Banawa Tengah",
  "kelurahan" : "Powelua",
  "kodepos" : "94351"
}, {
  "kecamatan" : "Banawa Tengah",
  "kelurahan" : "Salubomba",
  "kodepos" : "94351"
}, {
  "kecamatan" : "Banawa Tengah",
  "kelurahan" : "Mekar Baru",
  "kodepos" : "94351"
}, {
  "kecamatan" : "Banawa Selatan",
  "kelurahan" : "Mbuwu",
  "kodepos" : "94351"
}, {
  "kecamatan" : "Banawa Selatan",
  "kelurahan" : "Ongulara",
  "kodepos" : "94351"
}, {
  "kecamatan" : "Banawa Selatan",
  "kelurahan" : "Malino",
  "kodepos" : "94351"
}, {
  "kecamatan" : "Banawa Selatan",
  "kelurahan" : "Lumbumamara",
  "kodepos" : "94351"
}, {
  "kecamatan" : "Banawa",
  "kelurahan" : "Maleni",
  "kodepos" : "94351"
}, {
  "kecamatan" : "Banawa Selatan",
  "kelurahan" : "Lumbulama",
  "kodepos" : "94351"
}, {
  "kecamatan" : "Banawa Tengah",
  "kelurahan" : "Lumbudolo",
  "kodepos" : "94351"
}, {
  "kecamatan" : "Banawa Selatan",
  "kelurahan" : "Lumbu Tarombo",
  "kodepos" : "94351"
}, {
  "kecamatan" : "Banawa",
  "kelurahan" : "Lolioge",
  "kodepos" : "94351"
}, {
  "kecamatan" : "Banawa Selatan",
  "kelurahan" : "Lumbu Tarombo",
  "kodepos" : "94351"
}, {
  "kecamatan" : "Banawa",
  "kelurahan" : "Loli Saluran",
  "kodepos" : "94351"
}, {
  "kecamatan" : "Banawa",
  "kelurahan" : "Loli Pesua",
  "kodepos" : "94351"
}, {
  "kecamatan" : "Banawa",
  "kelurahan" : "Loli Dondo",
  "kodepos" : "94351"
}, {
  "kecamatan" : "Banawa Selatan",
  "kelurahan" : "Lembasada",
  "kodepos" : "94351"
}, {
  "kecamatan" : "Banawa Tengah",
  "kelurahan" : "Limboro",
  "kodepos" : "94351"
}, {
  "kecamatan" : "Banawa Tengah",
  "kelurahan" : "Lampo",
  "kodepos" : "94351"
}, {
  "kecamatan" : "Banawa Selatan",
  "kelurahan" : "Lalombi",
  "kodepos" : "94351"
}, {
  "kecamatan" : "Banawa Tengah",
  "kelurahan" : "Kola-Kola",
  "kodepos" : "94351"
}, {
  "kecamatan" : "Banawa",
  "kelurahan" : "Labuan Bajo",
  "kodepos" : "94351"
}, {
  "kecamatan" : "Banawa",
  "kelurahan" : "Kabonga Kecil",
  "kodepos" : "94351"
}, {
  "kecamatan" : "Banawa",
  "kelurahan" : "Ganti",
  "kodepos" : "94351"
}, {
  "kecamatan" : "Banawa",
  "kelurahan" : "Gunung Bale",
  "kodepos" : "94351"
}, {
  "kecamatan" : "Banawa",
  "kelurahan" : "Kabonga Besar",
  "kodepos" : "94351"
}, {
  "kecamatan" : "Banawa",
  "kelurahan" : "Boneoge",
  "kodepos" : "94351"
}, {
  "kecamatan" : "Banawa",
  "kelurahan" : "Boya",
  "kodepos" : "94351"
}, {
  "kecamatan" : "Banawa Selatan",
  "kelurahan" : "Bambarimi",
  "kodepos" : "94351"
} ]
