[ {
  "kecamatan" : "Tatanga",
  "kelurahan" : "Pengawu",
  "kodepos" : "94239"
}, {
  "kecamatan" : "Tatanga",
  "kelurahan" : "Tawanjuka",
  "kodepos" : "94237"
}, {
  "kecamatan" : "Tatanga",
  "kelurahan" : "Palupi",
  "kodepos" : "94238"
}, {
  "kecamatan" : "Palu Selatan",
  "kelurahan" : "Tatura Selatan",
  "kodepos" : "94236"
}, {
  "kecamatan" : "Palu Selatan",
  "kelurahan" : "Tatura Utara",
  "kodepos" : "94236"
}, {
  "kecamatan" : "Palu Timur",
  "kelurahan" : "Lolu Selatan",
  "kodepos" : "94235"
}, {
  "kecamatan" : "Palu Timur",
  "kelurahan" : "Lolu Utara",
  "kodepos" : "94235"
}, {
  "kecamatan" : "Mantikulore",
  "kelurahan" : "Tanamodindi",
  "kodepos" : "94234"
}, {
  "kecamatan" : "Palu Selatan",
  "kelurahan" : "Birobuli Utara",
  "kodepos" : "94231"
}, {
  "kecamatan" : "Palu Selatan",
  "kelurahan" : "Petobo",
  "kodepos" : "94232"
}, {
  "kecamatan" : "Mantikulore",
  "kelurahan" : "Kawatuna",
  "kodepos" : "94233"
}, {
  "kecamatan" : "Palu Selatan",
  "kelurahan" : "Birobuli Selatan",
  "kodepos" : "94231"
}, {
  "kecamatan" : "Ulujadi",
  "kelurahan" : "Buluri",
  "kodepos" : "94228"
}, {
  "kecamatan" : "Ulujadi",
  "kelurahan" : "Tipo",
  "kodepos" : "94228"
}, {
  "kecamatan" : "Ulujadi",
  "kelurahan" : "Watusampu",
  "kodepos" : "94229"
}, {
  "kecamatan" : "Ulujadi",
  "kelurahan" : "Silae",
  "kodepos" : "94227"
}, {
  "kecamatan" : "Ulujadi",
  "kelurahan" : "Kabonena",
  "kodepos" : "94227"
}, {
  "kecamatan" : "Ulujadi",
  "kelurahan" : "Donggala Kodi",
  "kodepos" : "94226"
}, {
  "kecamatan" : "Palu Barat",
  "kelurahan" : "Balaroa",
  "kodepos" : "94226"
}, {
  "kecamatan" : "Tatanga",
  "kelurahan" : "Duyu",
  "kodepos" : "94225"
}, {
  "kecamatan" : "Palu Barat",
  "kelurahan" : "Ujuna",
  "kodepos" : "94222"
}, {
  "kecamatan" : "Palu Barat",
  "kelurahan" : "Kamonji",
  "kodepos" : "94223"
}, {
  "kecamatan" : "Tatanga",
  "kelurahan" : "Nunu",
  "kodepos" : "94222"
}, {
  "kecamatan" : "Palu Barat",
  "kelurahan" : "Siranindi",
  "kodepos" : "94221"
}, {
  "kecamatan" : "Palu Barat",
  "kelurahan" : "Lere",
  "kodepos" : "94221"
}, {
  "kecamatan" : "Tatanga",
  "kelurahan" : "Boyaoge",
  "kodepos" : "94221"
}, {
  "kecamatan" : "Palu Barat",
  "kelurahan" : "Baru",
  "kodepos" : "94221"
}, {
  "kecamatan" : "Palu Utara",
  "kelurahan" : "Mamboro Barat",
  "kodepos" : "94148"
}, {
  "kecamatan" : "Palu Utara",
  "kelurahan" : "Taipa",
  "kodepos" : "94147"
}, {
  "kecamatan" : "Palu Utara",
  "kelurahan" : "Mamboro",
  "kodepos" : "94148"
}, {
  "kecamatan" : "Palu Utara",
  "kelurahan" : "Kayumalue Pajeko",
  "kodepos" : "94145"
}, {
  "kecamatan" : "Palu Utara",
  "kelurahan" : "Kayumalue Ngapa",
  "kodepos" : "94146"
}, {
  "kecamatan" : "Tawaeli",
  "kelurahan" : "Pantoloan Boya",
  "kodepos" : "94143"
}, {
  "kecamatan" : "Tawaeli",
  "kelurahan" : "Baiya",
  "kodepos" : "94142"
}, {
  "kecamatan" : "Tawaeli",
  "kelurahan" : "Pantoloan",
  "kodepos" : "94143"
}, {
  "kecamatan" : "Tawaeli",
  "kelurahan" : "Panawu (Panau)",
  "kodepos" : "94141"
}, {
  "kecamatan" : "Tawaeli",
  "kelurahan" : "Lambara",
  "kodepos" : "94141"
}, {
  "kecamatan" : "Mantikulore",
  "kelurahan" : "Tondo",
  "kodepos" : "94119"
}, {
  "kecamatan" : "Mantikulore",
  "kelurahan" : "Lasoani",
  "kodepos" : "94116"
}, {
  "kecamatan" : "Mantikulore",
  "kelurahan" : "Talise",
  "kodepos" : "94118"
}, {
  "kecamatan" : "Mantikulore",
  "kelurahan" : "Poboya",
  "kodepos" : "94115"
}, {
  "kecamatan" : "Mantikulore",
  "kelurahan" : "Layana Indah",
  "kodepos" : "94111"
}, {
  "kecamatan" : "Palu Timur",
  "kelurahan" : "Besusu Tengah",
  "kodepos" : "94111"
}, {
  "kecamatan" : "Palu Timur",
  "kelurahan" : "Besusu Timur",
  "kodepos" : "94111"
}, {
  "kecamatan" : "Palu Timur",
  "kelurahan" : "Besusu Barat",
  "kodepos" : "94111"
} ]
