[ {
  "kecamatan" : "Watunohu",
  "kelurahan" : "Watunohu",
  "kodepos" : "93958"
}, {
  "kecamatan" : "Ngapa",
  "kelurahan" : "Watumotaha",
  "kodepos" : "93958"
}, {
  "kecamatan" : "Watunohu",
  "kelurahan" : "Tambuha",
  "kodepos" : "93958"
}, {
  "kecamatan" : "Ngapa",
  "kelurahan" : "Tadoumera (Tadaumera)",
  "kodepos" : "93958"
}, {
  "kecamatan" : "Watunohu",
  "kelurahan" : "Sapoiha",
  "kodepos" : "93958"
}, {
  "kecamatan" : "Watunohu",
  "kelurahan" : "Sorona (Sarona)",
  "kodepos" : "93958"
}, {
  "kecamatan" : "Watunohu",
  "kelurahan" : "Samaturu",
  "kodepos" : "93958"
}, {
  "kecamatan" : "Ngapa",
  "kelurahan" : "Puurau",
  "kodepos" : "93958"
}, {
  "kecamatan" : "Ngapa",
  "kelurahan" : "Paruttelang",
  "kodepos" : "93958"
}, {
  "kecamatan" : "Watunohu",
  "kelurahan" : "Nyule",
  "kodepos" : "93958"
}, {
  "kecamatan" : "Ngapa",
  "kelurahan" : "Lawolatu",
  "kodepos" : "93958"
}, {
  "kecamatan" : "Ngapa",
  "kelurahan" : "Ngapa",
  "kodepos" : "93958"
}, {
  "kecamatan" : "Watunohu",
  "kelurahan" : "Lahabaru",
  "kodepos" : "93958"
}, {
  "kecamatan" : "Ngapa",
  "kelurahan" : "Lapai",
  "kodepos" : "93958"
}, {
  "kecamatan" : "Ngapa",
  "kelurahan" : "Koreiha",
  "kodepos" : "93958"
}, {
  "kecamatan" : "Ngapa",
  "kelurahan" : "Beringin",
  "kodepos" : "93958"
}, {
  "kecamatan" : "Tiwu",
  "kelurahan" : "Tanggeau",
  "kodepos" : "93957"
}, {
  "kecamatan" : "Tiwu",
  "kelurahan" : "Tiwu",
  "kodepos" : "93957"
}, {
  "kecamatan" : "Tiwu",
  "kelurahan" : "Watumea",
  "kodepos" : "93957"
}, {
  "kecamatan" : "Tiwu",
  "kelurahan" : "Tahibua",
  "kodepos" : "93957"
}, {
  "kecamatan" : "Kodeoha",
  "kelurahan" : "Meeto",
  "kodepos" : "93957"
}, {
  "kecamatan" : "Kodeoha",
  "kelurahan" : "Sawanggaoha",
  "kodepos" : "93957"
}, {
  "kecamatan" : "Tiwu",
  "kelurahan" : "Mattiro Bulu",
  "kodepos" : "93957"
}, {
  "kecamatan" : "Kodeoha",
  "kelurahan" : "Mala-Mala",
  "kodepos" : "93957"
}, {
  "kecamatan" : "Tiwu",
  "kelurahan" : "Lapolu",
  "kodepos" : "93957"
}, {
  "kecamatan" : "Tiwu",
  "kelurahan" : "Lawadia",
  "kodepos" : "93957"
}, {
  "kecamatan" : "Kodeoha",
  "kelurahan" : "Koroha",
  "kodepos" : "93957"
}, {
  "kecamatan" : "Kodeoha",
  "kelurahan" : "Lametuna",
  "kodepos" : "93957"
}, {
  "kecamatan" : "Kodeoha",
  "kelurahan" : "Kalu-Kaluku",
  "kodepos" : "93957"
}, {
  "kecamatan" : "Kodeoha",
  "kelurahan" : "Kamisi",
  "kodepos" : "93957"
}, {
  "kecamatan" : "Kodeoha",
  "kelurahan" : "Jabal Kubis",
  "kodepos" : "93957"
}, {
  "kecamatan" : "Kodeoha",
  "kelurahan" : "Jabal Nur",
  "kodepos" : "93957"
}, {
  "kecamatan" : "Kodeoha",
  "kelurahan" : "Awo",
  "kodepos" : "93957"
}, {
  "kecamatan" : "Wawo",
  "kelurahan" : "Wawo",
  "kodepos" : "93956"
}, {
  "kecamatan" : "Lombai (Lambai)",
  "kelurahan" : "Woise",
  "kodepos" : "93956"
}, {
  "kecamatan" : "Lombai (Lambai)",
  "kelurahan" : "Woitombo",
  "kodepos" : "93956"
}, {
  "kecamatan" : "Wawo",
  "kelurahan" : "Ulu Wawo",
  "kodepos" : "93956"
}, {
  "kecamatan" : "Wawo",
  "kelurahan" : "Walasiho",
  "kodepos" : "93956"
}, {
  "kecamatan" : "Wawo",
  "kelurahan" : "Tinukari",
  "kodepos" : "93956"
}, {
  "kecamatan" : "Ranteangin",
  "kelurahan" : "Torotuo (Torotua)",
  "kodepos" : "93956"
}, {
  "kecamatan" : "Wawo",
  "kelurahan" : "Salurengko",
  "kodepos" : "93956"
}, {
  "kecamatan" : "Lombai (Lambai)",
  "kelurahan" : "Tebagiano",
  "kodepos" : "93956"
}, {
  "kecamatan" : "Lombai (Lambai)",
  "kelurahan" : "Raoda",
  "kodepos" : "93956"
}, {
  "kecamatan" : "Ranteangin",
  "kelurahan" : "Rante Baru",
  "kodepos" : "93956"
}, {
  "kecamatan" : "Ranteangin",
  "kelurahan" : "Rante Angin",
  "kodepos" : "93956"
}, {
  "kecamatan" : "Wawo",
  "kelurahan" : "Pumbolo",
  "kodepos" : "93956"
}, {
  "kecamatan" : "Ranteangin",
  "kelurahan" : "Maroko",
  "kodepos" : "93956"
}, {
  "kecamatan" : "Ranteangin",
  "kelurahan" : "Pohu",
  "kodepos" : "93956"
}, {
  "kecamatan" : "Ranteangin",
  "kelurahan" : "Lawekara",
  "kodepos" : "93956"
}, {
  "kecamatan" : "Wawo",
  "kelurahan" : "Latawe",
  "kodepos" : "93956"
}, {
  "kecamatan" : "Lombai (Lambai)",
  "kelurahan" : "Lapasi-Pasi",
  "kodepos" : "93956"
}, {
  "kecamatan" : "Lombai (Lambai)",
  "kelurahan" : "Latawaro",
  "kodepos" : "93956"
}, {
  "kecamatan" : "Ranteangin",
  "kelurahan" : "Landolia",
  "kodepos" : "93956"
}, {
  "kecamatan" : "Lombai (Lambai)",
  "kelurahan" : "Lambai",
  "kodepos" : "93956"
}, {
  "kecamatan" : "Porehu",
  "kelurahan" : "Tobela",
  "kodepos" : "93955"
}, {
  "kecamatan" : "Tolala",
  "kelurahan" : "Tolala",
  "kodepos" : "93955"
}, {
  "kecamatan" : "Porehu",
  "kelurahan" : "Tinuna",
  "kodepos" : "93955"
}, {
  "kecamatan" : "Porehu",
  "kelurahan" : "Tangga Ruru",
  "kodepos" : "93955"
}, {
  "kecamatan" : "Batu Putih",
  "kelurahan" : "Tetebawo",
  "kodepos" : "93955"
}, {
  "kecamatan" : "Batu Putih",
  "kelurahan" : "Seuwwa",
  "kodepos" : "93955"
}, {
  "kecamatan" : "Batu Putih",
  "kelurahan" : "Sarowali",
  "kodepos" : "93955"
}, {
  "kecamatan" : "Porehu",
  "kelurahan" : "Sarambu",
  "kodepos" : "93955"
}, {
  "kecamatan" : "Batu Putih",
  "kelurahan" : "Puncak Harapan",
  "kodepos" : "93955"
}, {
  "kecamatan" : "Porehu",
  "kelurahan" : "Ponggi",
  "kodepos" : "93955"
}, {
  "kecamatan" : "Porehu",
  "kelurahan" : "Porehu",
  "kodepos" : "93955"
}, {
  "kecamatan" : "Tolala",
  "kelurahan" : "Patikala",
  "kodepos" : "93955"
}, {
  "kecamatan" : "Batu Putih",
  "kelurahan" : "Parung Lampe",
  "kodepos" : "93955"
}, {
  "kecamatan" : "Batu Putih",
  "kelurahan" : "Nimbuneha",
  "kodepos" : "93955"
}, {
  "kecamatan" : "Batu Putih",
  "kelurahan" : "Padaelo",
  "kodepos" : "93955"
}, {
  "kecamatan" : "Batu Putih",
  "kelurahan" : "Makkuaseng",
  "kodepos" : "93955"
}, {
  "kecamatan" : "Batu Putih",
  "kelurahan" : "Mataiwoi",
  "kodepos" : "93955"
}, {
  "kecamatan" : "Batu Putih",
  "kelurahan" : "Mosiku",
  "kodepos" : "93955"
}, {
  "kecamatan" : "Tolala",
  "kelurahan" : "Loka",
  "kodepos" : "93955"
}, {
  "kecamatan" : "Batu Putih",
  "kelurahan" : "Lengkong Batu",
  "kodepos" : "93955"
}, {
  "kecamatan" : "Tolala",
  "kelurahan" : "Lelewulu",
  "kodepos" : "93955"
}, {
  "kecamatan" : "Batu Putih",
  "kelurahan" : "Lelewawo",
  "kodepos" : "93955"
}, {
  "kecamatan" : "Tolala",
  "kelurahan" : "Lawaki Jaya",
  "kodepos" : "93955"
}, {
  "kecamatan" : "Batu Putih",
  "kelurahan" : "Latowu",
  "kodepos" : "93955"
}, {
  "kecamatan" : "Batu Putih",
  "kelurahan" : "Lalume",
  "kodepos" : "93955"
}, {
  "kecamatan" : "Porehu",
  "kelurahan" : "Larui",
  "kodepos" : "93955"
}, {
  "kecamatan" : "Batu Putih",
  "kelurahan" : "Delang Delang",
  "kodepos" : "93955"
}, {
  "kecamatan" : "Batu Putih",
  "kelurahan" : "Kalahunde",
  "kodepos" : "93955"
}, {
  "kecamatan" : "Batu Putih",
  "kelurahan" : "Bukit Baru",
  "kodepos" : "93955"
}, {
  "kecamatan" : "Batu Putih",
  "kelurahan" : "Bukit Tinggi",
  "kodepos" : "93955"
}, {
  "kecamatan" : "Batu Putih",
  "kelurahan" : "Batu Putih",
  "kodepos" : "93955"
}, {
  "kecamatan" : "Batu Putih",
  "kelurahan" : "Batuapi",
  "kodepos" : "93955"
}, {
  "kecamatan" : "Tolala",
  "kelurahan" : "Bahari",
  "kodepos" : "93955"
}, {
  "kecamatan" : "Porehu",
  "kelurahan" : "Bangsala",
  "kodepos" : "93955"
}, {
  "kecamatan" : "Batu Putih",
  "kelurahan" : "Alipato",
  "kodepos" : "93955"
}, {
  "kecamatan" : "Batu Putih",
  "kelurahan" : "Ainani Tajriani",
  "kodepos" : "93955"
}, {
  "kecamatan" : "Pakue",
  "kelurahan" : "Toaha",
  "kodepos" : "93954"
}, {
  "kecamatan" : "Pakue Tengah",
  "kelurahan" : "To&#8217;lemo",
  "kodepos" : "93954"
}, {
  "kecamatan" : "Pakue Utara",
  "kelurahan" : "Teposua",
  "kodepos" : "93954"
}, {
  "kecamatan" : "Pakue Tengah",
  "kelurahan" : "Tarengga",
  "kodepos" : "93954"
}, {
  "kecamatan" : "Pakue Tengah",
  "kelurahan" : "Salutotong",
  "kodepos" : "93954"
}, {
  "kecamatan" : "Pakue",
  "kelurahan" : "Sipakainge",
  "kodepos" : "93954"
}, {
  "kecamatan" : "Pakue Utara",
  "kelurahan" : "Puundoho",
  "kodepos" : "93954"
}, {
  "kecamatan" : "Pakue Tengah",
  "kelurahan" : "Powalaa",
  "kodepos" : "93954"
}, {
  "kecamatan" : "Pakue Utara",
  "kelurahan" : "Saludongka",
  "kodepos" : "93954"
}, {
  "kecamatan" : "Pakue Tengah",
  "kelurahan" : "Pasampang",
  "kodepos" : "93954"
}, {
  "kecamatan" : "Pakue Utara",
  "kelurahan" : "Pakue",
  "kodepos" : "93954"
}, {
  "kecamatan" : "Pakue",
  "kelurahan" : "Olo Oloho (Olaha)",
  "kodepos" : "93954"
}, {
  "kecamatan" : "Pakue Utara",
  "kelurahan" : "Mataleuno",
  "kodepos" : "93954"
}, {
  "kecamatan" : "Pakue",
  "kelurahan" : "Mikuasi",
  "kodepos" : "93954"
}, {
  "kecamatan" : "Pakue Utara",
  "kelurahan" : "Lawata",
  "kodepos" : "93954"
}, {
  "kecamatan" : "Pakue Tengah",
  "kelurahan" : "Majapahit",
  "kodepos" : "93954"
}, {
  "kecamatan" : "Pakue Tengah",
  "kelurahan" : "Lanipa",
  "kodepos" : "93954"
}, {
  "kecamatan" : "Pakue Tengah",
  "kelurahan" : "Latali",
  "kodepos" : "93954"
}, {
  "kecamatan" : "Pakue",
  "kelurahan" : "Lalombundi",
  "kodepos" : "93954"
}, {
  "kecamatan" : "Pakue Tengah",
  "kelurahan" : "Labipi",
  "kodepos" : "93954"
}, {
  "kecamatan" : "Pakue",
  "kelurahan" : "Kondara",
  "kodepos" : "93954"
}, {
  "kecamatan" : "Pakue",
  "kelurahan" : "Kosali",
  "kodepos" : "93954"
}, {
  "kecamatan" : "Pakue Utara",
  "kelurahan" : "Kalo",
  "kodepos" : "93954"
}, {
  "kecamatan" : "Pakue",
  "kelurahan" : "Kasumeeto",
  "kodepos" : "93954"
}, {
  "kecamatan" : "Pakue Utara",
  "kelurahan" : "Amowe (Amoe)",
  "kodepos" : "93954"
}, {
  "kecamatan" : "Katoi",
  "kelurahan" : "Ujung Tobaku (Tobako)",
  "kodepos" : "93916"
}, {
  "kecamatan" : "Lasusua",
  "kelurahan" : "Watuliu (Watuliwu)",
  "kodepos" : "93916"
}, {
  "kecamatan" : "Lasusua",
  "kelurahan" : "Tojabi",
  "kodepos" : "93916"
}, {
  "kecamatan" : "Lasusua",
  "kelurahan" : "Totallang",
  "kodepos" : "93916"
}, {
  "kecamatan" : "Lasusua",
  "kelurahan" : "Sulaho",
  "kodepos" : "93916"
}, {
  "kecamatan" : "Lasusua",
  "kelurahan" : "Pucak Monapa",
  "kodepos" : "93916"
}, {
  "kecamatan" : "Lasusua",
  "kelurahan" : "Rante Limbung",
  "kodepos" : "93916"
}, {
  "kecamatan" : "Lasusua",
  "kelurahan" : "Patowonua",
  "kodepos" : "93916"
}, {
  "kecamatan" : "Lasusua",
  "kelurahan" : "Pitulua Dua (II)",
  "kodepos" : "93916"
}, {
  "kecamatan" : "Katoi",
  "kelurahan" : "Lanipa-Nipa",
  "kodepos" : "93916"
}, {
  "kecamatan" : "Katoi",
  "kelurahan" : "Lambuno",
  "kodepos" : "93916"
}, {
  "kecamatan" : "Lasusua",
  "kelurahan" : "Batu Ganda Permai",
  "kodepos" : "93916"
}, {
  "kecamatan" : "Lasusua",
  "kelurahan" : "Babussalam",
  "kodepos" : "93916"
}, {
  "kecamatan" : "Lasusua",
  "kelurahan" : "Pitulua",
  "kodepos" : "93915"
}, {
  "kecamatan" : "Katoi",
  "kelurahan" : "Simbula",
  "kodepos" : "93914"
}, {
  "kecamatan" : "Katoi",
  "kelurahan" : "Katoi",
  "kodepos" : "93913"
}, {
  "kecamatan" : "Katoi",
  "kelurahan" : "Maruge",
  "kodepos" : "93914"
}, {
  "kecamatan" : "Lasusua",
  "kelurahan" : "Ponggiha",
  "kodepos" : "93912"
}, {
  "kecamatan" : "Lasusua",
  "kelurahan" : "Lasusua",
  "kodepos" : "93911"
} ]
