[ {
  "kecamatan" : "Laonti",
  "kelurahan" : "Wandaeha",
  "kodepos" : "93892"
}, {
  "kecamatan" : "Laonti",
  "kelurahan" : "Watundolu (Batu Jaya)",
  "kodepos" : "93892"
}, {
  "kecamatan" : "Laonti",
  "kelurahan" : "Woru Woru",
  "kodepos" : "93892"
}, {
  "kecamatan" : "Laonti",
  "kelurahan" : "Tue Tue",
  "kodepos" : "93892"
}, {
  "kecamatan" : "Laonti",
  "kelurahan" : "Ulu Sawa",
  "kodepos" : "93892"
}, {
  "kecamatan" : "Laonti",
  "kelurahan" : "Sangi-Sangi",
  "kodepos" : "93892"
}, {
  "kecamatan" : "Laonti",
  "kelurahan" : "Tambeanga",
  "kodepos" : "93892"
}, {
  "kecamatan" : "Laonti",
  "kelurahan" : "Tambolosu",
  "kodepos" : "93892"
}, {
  "kecamatan" : "Laonti",
  "kelurahan" : "Puudirangga (Puundirangga)",
  "kodepos" : "93892"
}, {
  "kecamatan" : "Laonti",
  "kelurahan" : "Rumbia Rumbia",
  "kodepos" : "93892"
}, {
  "kecamatan" : "Laonti",
  "kelurahan" : "Namu",
  "kodepos" : "93892"
}, {
  "kecamatan" : "Laonti",
  "kelurahan" : "Peo Indah",
  "kodepos" : "93892"
}, {
  "kecamatan" : "Laonti",
  "kelurahan" : "Lawisata",
  "kodepos" : "93892"
}, {
  "kecamatan" : "Laonti",
  "kelurahan" : "Malaringgi",
  "kodepos" : "93892"
}, {
  "kecamatan" : "Laonti",
  "kelurahan" : "Mata Bondu",
  "kodepos" : "93892"
}, {
  "kecamatan" : "Laonti",
  "kelurahan" : "Labotaone",
  "kodepos" : "93892"
}, {
  "kecamatan" : "Laonti",
  "kelurahan" : "Labuan Beropa",
  "kodepos" : "93892"
}, {
  "kecamatan" : "Laonti",
  "kelurahan" : "Laonti",
  "kodepos" : "93892"
}, {
  "kecamatan" : "Laonti",
  "kelurahan" : "Cempedak",
  "kodepos" : "93892"
}, {
  "kecamatan" : "Laonti",
  "kelurahan" : "Kondono",
  "kodepos" : "93892"
}, {
  "kecamatan" : "Moramo",
  "kelurahan" : "Wonua Jaya",
  "kodepos" : "93891"
}, {
  "kecamatan" : "Moramo Utara",
  "kelurahan" : "Wawatu",
  "kodepos" : "93891"
}, {
  "kecamatan" : "Moramo",
  "kelurahan" : "Wawondengi",
  "kodepos" : "93891"
}, {
  "kecamatan" : "Moramo",
  "kelurahan" : "Wawosunggu",
  "kodepos" : "93891"
}, {
  "kecamatan" : "Moramo",
  "kelurahan" : "Ulusena",
  "kodepos" : "93891"
}, {
  "kecamatan" : "Moramo",
  "kelurahan" : "Watu Porambaa",
  "kodepos" : "93891"
}, {
  "kecamatan" : "Moramo Utara",
  "kelurahan" : "Tanjung Tiram",
  "kodepos" : "93891"
}, {
  "kecamatan" : "Moramo",
  "kelurahan" : "Tambosupa",
  "kodepos" : "93891"
}, {
  "kecamatan" : "Moramo",
  "kelurahan" : "Selabangga",
  "kodepos" : "93891"
}, {
  "kecamatan" : "Moramo",
  "kelurahan" : "Sumber Sari",
  "kodepos" : "93891"
}, {
  "kecamatan" : "Moramo",
  "kelurahan" : "Ranooha Raya",
  "kodepos" : "93891"
}, {
  "kecamatan" : "Moramo Utara",
  "kelurahan" : "Sanggula",
  "kodepos" : "93891"
}, {
  "kecamatan" : "Moramo",
  "kelurahan" : "Pudaria Jaya",
  "kodepos" : "93891"
}, {
  "kecamatan" : "Moramo Utara",
  "kelurahan" : "Puasana",
  "kodepos" : "93891"
}, {
  "kecamatan" : "Moramo",
  "kelurahan" : "Moramo",
  "kodepos" : "93891"
}, {
  "kecamatan" : "Moramo",
  "kelurahan" : "Penambea Barata",
  "kodepos" : "93891"
}, {
  "kecamatan" : "Moramo Utara",
  "kelurahan" : "Mekar Jaya",
  "kodepos" : "93891"
}, {
  "kecamatan" : "Moramo Utara",
  "kelurahan" : "Mata Lamokula",
  "kodepos" : "93891"
}, {
  "kecamatan" : "Moramo Utara",
  "kelurahan" : "Mata Watu-Watu",
  "kodepos" : "93891"
}, {
  "kecamatan" : "Moramo",
  "kelurahan" : "Lapuko",
  "kodepos" : "93891"
}, {
  "kecamatan" : "Moramo Utara",
  "kelurahan" : "Lombueya (Lombuea)",
  "kodepos" : "93891"
}, {
  "kecamatan" : "Moramo",
  "kelurahan" : "Marga Cinta",
  "kodepos" : "93891"
}, {
  "kecamatan" : "Moramo",
  "kelurahan" : "Landipo",
  "kodepos" : "93891"
}, {
  "kecamatan" : "Moramo Utara",
  "kelurahan" : "Lamokula",
  "kodepos" : "93891"
}, {
  "kecamatan" : "Moramo",
  "kelurahan" : "Lamboo",
  "kodepos" : "93891"
}, {
  "kecamatan" : "Moramo Utara",
  "kelurahan" : "Lalowaru",
  "kodepos" : "93891"
}, {
  "kecamatan" : "Moramo",
  "kelurahan" : "Bisikori",
  "kodepos" : "93891"
}, {
  "kecamatan" : "Moramo",
  "kelurahan" : "Lakomea",
  "kodepos" : "93891"
}, {
  "kecamatan" : "Moramo",
  "kelurahan" : "Amohola",
  "kodepos" : "93891"
}, {
  "kecamatan" : "Moramo",
  "kelurahan" : "Bakutaru",
  "kodepos" : "93891"
}, {
  "kecamatan" : "Tinanggea",
  "kelurahan" : "Wundumbolo",
  "kodepos" : "93885"
}, {
  "kecamatan" : "Tinanggea",
  "kelurahan" : "Torokeku",
  "kodepos" : "93885"
}, {
  "kecamatan" : "Tinanggea",
  "kelurahan" : "Wadanggo",
  "kodepos" : "93885"
}, {
  "kecamatan" : "Tinanggea",
  "kelurahan" : "Watumelewe",
  "kodepos" : "93885"
}, {
  "kecamatan" : "Lalembuu / Lalumbuu",
  "kelurahan" : "Tombeleu",
  "kodepos" : "93885"
}, {
  "kecamatan" : "Tinanggea",
  "kelurahan" : "Tinanggea",
  "kodepos" : "93885"
}, {
  "kecamatan" : "Lalembuu / Lalumbuu",
  "kelurahan" : "Teteinea Jaya",
  "kodepos" : "93885"
}, {
  "kecamatan" : "Tinanggea",
  "kelurahan" : "Telutu Jaya",
  "kodepos" : "93885"
}, {
  "kecamatan" : "Tinanggea",
  "kelurahan" : "Tatangge",
  "kodepos" : "93885"
}, {
  "kecamatan" : "Lalembuu / Lalumbuu",
  "kelurahan" : "Suka Mukti",
  "kodepos" : "93885"
}, {
  "kecamatan" : "Lalembuu / Lalumbuu",
  "kelurahan" : "Sumber Jaya",
  "kodepos" : "93885"
}, {
  "kecamatan" : "Tinanggea",
  "kelurahan" : "Roraya",
  "kodepos" : "93885"
}, {
  "kecamatan" : "Lalembuu / Lalumbuu",
  "kelurahan" : "Puunangga",
  "kodepos" : "93885"
}, {
  "kecamatan" : "Lalembuu / Lalumbuu",
  "kelurahan" : "Puurema Subur",
  "kodepos" : "93885"
}, {
  "kecamatan" : "Tinanggea",
  "kelurahan" : "Panggoosi",
  "kodepos" : "93885"
}, {
  "kecamatan" : "Lalembuu / Lalumbuu",
  "kelurahan" : "Potuho Jaya",
  "kodepos" : "93885"
}, {
  "kecamatan" : "Tinanggea",
  "kelurahan" : "Palo Tawo",
  "kodepos" : "93885"
}, {
  "kecamatan" : "Lalembuu / Lalumbuu",
  "kelurahan" : "Padaleu",
  "kodepos" : "93885"
}, {
  "kecamatan" : "Tinanggea",
  "kelurahan" : "Moolo Indah",
  "kodepos" : "93885"
}, {
  "kecamatan" : "Tinanggea",
  "kelurahan" : "Ngapaah (Ngapaaha)",
  "kodepos" : "93885"
}, {
  "kecamatan" : "Lalembuu / Lalumbuu",
  "kelurahan" : "Mokupa Jaya (Makupa Jaya)",
  "kodepos" : "93885"
}, {
  "kecamatan" : "Lalembuu / Lalumbuu",
  "kelurahan" : "Mondoke (Mandoke)",
  "kodepos" : "93885"
}, {
  "kecamatan" : "Lalembuu / Lalumbuu",
  "kelurahan" : "Merongga Raya",
  "kodepos" : "93885"
}, {
  "kecamatan" : "Tinanggea",
  "kelurahan" : "Matandahi",
  "kodepos" : "93885"
}, {
  "kecamatan" : "Tinanggea",
  "kelurahan" : "Lapulu",
  "kodepos" : "93885"
}, {
  "kecamatan" : "Tinanggea",
  "kelurahan" : "Lasuai",
  "kodepos" : "93885"
}, {
  "kecamatan" : "Tinanggea",
  "kelurahan" : "Matambawi",
  "kodepos" : "93885"
}, {
  "kecamatan" : "Tinanggea",
  "kelurahan" : "Lapoa",
  "kodepos" : "93885"
}, {
  "kecamatan" : "Lalembuu / Lalumbuu",
  "kelurahan" : "Lambodi Jaya",
  "kodepos" : "93885"
}, {
  "kecamatan" : "Tinanggea",
  "kelurahan" : "Lanowulu",
  "kodepos" : "93885"
}, {
  "kecamatan" : "Lalembuu / Lalumbuu",
  "kelurahan" : "Lambandia",
  "kodepos" : "93885"
}, {
  "kecamatan" : "Lalembuu / Lalumbuu",
  "kelurahan" : "Lalouesamba",
  "kodepos" : "93885"
}, {
  "kecamatan" : "Tinanggea",
  "kelurahan" : "Lalo Watu",
  "kodepos" : "93885"
}, {
  "kecamatan" : "Tinanggea",
  "kelurahan" : "Lalonggasu",
  "kodepos" : "93885"
}, {
  "kecamatan" : "Lalembuu / Lalumbuu",
  "kelurahan" : "Lalembu Jaya",
  "kodepos" : "93885"
}, {
  "kecamatan" : "Tinanggea",
  "kelurahan" : "Bungin Permai",
  "kodepos" : "93885"
}, {
  "kecamatan" : "Lalembuu / Lalumbuu",
  "kelurahan" : "Kapuwila",
  "kodepos" : "93885"
}, {
  "kecamatan" : "Tinanggea",
  "kelurahan" : "Bomba-bomba",
  "kodepos" : "93885"
}, {
  "kecamatan" : "Lalembuu / Lalumbuu",
  "kelurahan" : "Atari Jaya",
  "kodepos" : "93885"
}, {
  "kecamatan" : "Lalembuu / Lalumbuu",
  "kelurahan" : "Atari Indah",
  "kodepos" : "93885"
}, {
  "kecamatan" : "Tinanggea",
  "kelurahan" : "Akuni",
  "kodepos" : "93885"
}, {
  "kecamatan" : "Tinanggea",
  "kelurahan" : "Asingi",
  "kodepos" : "93885"
}, {
  "kecamatan" : "Andoolo",
  "kelurahan" : "Andolo",
  "kodepos" : "93884"
}, {
  "kecamatan" : "Baito",
  "kelurahan" : "Wonua/Wanua Raya",
  "kodepos" : "93883"
}, {
  "kecamatan" : "Palangga",
  "kelurahan" : "Wawouru",
  "kodepos" : "93883"
}, {
  "kecamatan" : "Palangga",
  "kelurahan" : "Waworaha",
  "kodepos" : "93883"
}, {
  "kecamatan" : "Palangga",
  "kelurahan" : "Wawonggura",
  "kodepos" : "93883"
}, {
  "kecamatan" : "Palangga Selatan",
  "kelurahan" : "Wawo Wonua",
  "kodepos" : "93883"
}, {
  "kecamatan" : "Palangga",
  "kelurahan" : "Watumerembe",
  "kodepos" : "93883"
}, {
  "kecamatan" : "Palangga Selatan",
  "kelurahan" : "Watarapa (Waturapa)",
  "kodepos" : "93883"
}, {
  "kecamatan" : "Palangga Selatan",
  "kelurahan" : "Watumbohoti",
  "kodepos" : "93883"
}, {
  "kecamatan" : "Palangga",
  "kelurahan" : "Watudemba",
  "kodepos" : "93883"
}, {
  "kecamatan" : "Palangga Selatan",
  "kelurahan" : "Ululakara",
  "kodepos" : "93883"
}, {
  "kecamatan" : "Baito",
  "kelurahan" : "Tolihe",
  "kodepos" : "93883"
}, {
  "kecamatan" : "Palangga",
  "kelurahan" : "Sangi-Sangi",
  "kodepos" : "93883"
}, {
  "kecamatan" : "Baito",
  "kelurahan" : "Sambahule",
  "kodepos" : "93883"
}, {
  "kecamatan" : "Palangga Selatan",
  "kelurahan" : "Parasi",
  "kodepos" : "93883"
}, {
  "kecamatan" : "Palangga",
  "kelurahan" : "Onembute",
  "kodepos" : "93883"
}, {
  "kecamatan" : "Palangga",
  "kelurahan" : "Palangga",
  "kodepos" : "93883"
}, {
  "kecamatan" : "Palangga Selatan",
  "kelurahan" : "Mondoe",
  "kodepos" : "93883"
}, {
  "kecamatan" : "Palangga",
  "kelurahan" : "Mekar Sari",
  "kodepos" : "93883"
}, {
  "kecamatan" : "Baito",
  "kelurahan" : "Mekar Jaya",
  "kodepos" : "93883"
}, {
  "kecamatan" : "Palangga Selatan",
  "kelurahan" : "Lalowua",
  "kodepos" : "93883"
}, {
  "kecamatan" : "Baito",
  "kelurahan" : "Matabubu",
  "kodepos" : "93883"
}, {
  "kecamatan" : "Palangga Selatan",
  "kelurahan" : "Lakara",
  "kodepos" : "93883"
}, {
  "kecamatan" : "Palangga",
  "kelurahan" : "Kiaea",
  "kodepos" : "93883"
}, {
  "kecamatan" : "Palangga Selatan",
  "kelurahan" : "Koeono",
  "kodepos" : "93883"
}, {
  "kecamatan" : "Palangga",
  "kelurahan" : "Eewa",
  "kodepos" : "93883"
}, {
  "kecamatan" : "Palangga",
  "kelurahan" : "Kapu Jaya",
  "kodepos" : "93883"
}, {
  "kecamatan" : "Palangga",
  "kelurahan" : "Aosole",
  "kodepos" : "93883"
}, {
  "kecamatan" : "Baito",
  "kelurahan" : "Baito",
  "kodepos" : "93883"
}, {
  "kecamatan" : "Palangga",
  "kelurahan" : "Anggondara",
  "kodepos" : "93883"
}, {
  "kecamatan" : "Baito",
  "kelurahan" : "Amosara (Amasara)",
  "kodepos" : "93883"
}, {
  "kecamatan" : "Palangga Selatan",
  "kelurahan" : "Amondo (Amonda)",
  "kodepos" : "93883"
}, {
  "kecamatan" : "Palangga",
  "kelurahan" : "Ahuangguluri",
  "kodepos" : "93883"
}, {
  "kecamatan" : "Palangga",
  "kelurahan" : "Alakaya",
  "kodepos" : "93883"
}, {
  "kecamatan" : "Baito",
  "kelurahan" : "Ahuangguluri",
  "kodepos" : "93883"
}, {
  "kecamatan" : "Lainea",
  "kelurahan" : "Watumeeto",
  "kodepos" : "93881"
}, {
  "kecamatan" : "Laeya",
  "kelurahan" : "Wonua Kongga",
  "kodepos" : "93881"
}, {
  "kecamatan" : "Laeya",
  "kelurahan" : "Punggaluku",
  "kodepos" : "93881"
}, {
  "kecamatan" : "Laeya",
  "kelurahan" : "Rambu-Rambu",
  "kodepos" : "93881"
}, {
  "kecamatan" : "Laeya",
  "kelurahan" : "Torobulu",
  "kodepos" : "93881"
}, {
  "kecamatan" : "Lainea",
  "kelurahan" : "Pangan Jaya",
  "kodepos" : "93881"
}, {
  "kecamatan" : "Lainea",
  "kelurahan" : "Polewali",
  "kodepos" : "93881"
}, {
  "kecamatan" : "Lainea",
  "kelurahan" : "Pamandati",
  "kodepos" : "93881"
}, {
  "kecamatan" : "Laeya",
  "kelurahan" : "Ombu-Ombu Jaya",
  "kodepos" : "93881"
}, {
  "kecamatan" : "Lainea",
  "kelurahan" : "Molinese",
  "kodepos" : "93881"
}, {
  "kecamatan" : "Lainea",
  "kelurahan" : "Matabubu Jaya",
  "kodepos" : "93881"
}, {
  "kecamatan" : "Laeya",
  "kelurahan" : "Lambakara",
  "kodepos" : "93881"
}, {
  "kecamatan" : "Laeya",
  "kelurahan" : "Lamong Jaya",
  "kodepos" : "93881"
}, {
  "kecamatan" : "Laeya",
  "kelurahan" : "Lerepako",
  "kodepos" : "93881"
}, {
  "kecamatan" : "Lainea",
  "kelurahan" : "Lainea",
  "kodepos" : "93881"
}, {
  "kecamatan" : "Lainea",
  "kelurahan" : "Lalonggombu",
  "kodepos" : "93881"
}, {
  "kecamatan" : "Laeya",
  "kelurahan" : "Laeya",
  "kodepos" : "93881"
}, {
  "kecamatan" : "Lainea",
  "kelurahan" : "Kalo-kalo",
  "kodepos" : "93881"
}, {
  "kecamatan" : "Laeya",
  "kelurahan" : "Labokeo",
  "kodepos" : "93881"
}, {
  "kecamatan" : "Lainea",
  "kelurahan" : "Bangun Jaya",
  "kodepos" : "93881"
}, {
  "kecamatan" : "Lainea",
  "kelurahan" : "Kaindi",
  "kodepos" : "93881"
}, {
  "kecamatan" : "Laeya",
  "kelurahan" : "Baito",
  "kodepos" : "93881"
}, {
  "kecamatan" : "Lainea",
  "kelurahan" : "Aoreo",
  "kodepos" : "93881"
}, {
  "kecamatan" : "Laeya",
  "kelurahan" : "Ambesea",
  "kodepos" : "93881"
}, {
  "kecamatan" : "Laeya",
  "kelurahan" : "Anduna",
  "kodepos" : "93881"
}, {
  "kecamatan" : "Laeya",
  "kelurahan" : "Anggoroboti",
  "kodepos" : "93881"
}, {
  "kecamatan" : "Laeya",
  "kelurahan" : "Ambalodangge",
  "kodepos" : "93881"
}, {
  "kecamatan" : "Laeya",
  "kelurahan" : "Ambakumina (Ambukumina)",
  "kodepos" : "93881"
}, {
  "kecamatan" : "Laeya",
  "kelurahan" : "Aepodu",
  "kodepos" : "93881"
}, {
  "kecamatan" : "Benua",
  "kelurahan" : "Tetehaka",
  "kodepos" : "93875"
}, {
  "kecamatan" : "Benua",
  "kelurahan" : "Uelawa",
  "kodepos" : "93875"
}, {
  "kecamatan" : "Angata",
  "kelurahan" : "Unggulino",
  "kodepos" : "93875"
}, {
  "kecamatan" : "Angata",
  "kelurahan" : "Teteasa",
  "kodepos" : "93875"
}, {
  "kecamatan" : "Basala",
  "kelurahan" : "Teporombua",
  "kodepos" : "93875"
}, {
  "kecamatan" : "Angata",
  "kelurahan" : "Simbangu",
  "kodepos" : "93875"
}, {
  "kecamatan" : "Basala",
  "kelurahan" : "Tambekuku (Tombekuku)",
  "kodepos" : "93875"
}, {
  "kecamatan" : "Angata",
  "kelurahan" : "Sandarsi Jaya",
  "kodepos" : "93875"
}, {
  "kecamatan" : "Angata",
  "kelurahan" : "Sandey",
  "kodepos" : "93875"
}, {
  "kecamatan" : "Benua",
  "kelurahan" : "Puuwehuko",
  "kodepos" : "93875"
}, {
  "kecamatan" : "Angata",
  "kelurahan" : "Puusanggula",
  "kodepos" : "93875"
}, {
  "kecamatan" : "Angata",
  "kelurahan" : "Puungoni",
  "kodepos" : "93875"
}, {
  "kecamatan" : "Angata",
  "kelurahan" : "Puuroe",
  "kodepos" : "93875"
}, {
  "kecamatan" : "Angata",
  "kelurahan" : "Puulipu",
  "kodepos" : "93875"
}, {
  "kecamatan" : "Benua",
  "kelurahan" : "Puosu (Puuosu)",
  "kodepos" : "93875"
}, {
  "kecamatan" : "Benua",
  "kelurahan" : "Puunggawu Kawu (Punggawukawu)",
  "kodepos" : "93875"
}, {
  "kecamatan" : "Angata",
  "kelurahan" : "Puao",
  "kodepos" : "93875"
}, {
  "kecamatan" : "Angata",
  "kelurahan" : "Pudambu",
  "kodepos" : "93875"
}, {
  "kecamatan" : "Basala",
  "kelurahan" : "Polo-Pololi",
  "kodepos" : "93875"
}, {
  "kecamatan" : "Angata",
  "kelurahan" : "Pewutaa",
  "kodepos" : "93875"
}, {
  "kecamatan" : "Angata",
  "kelurahan" : "Motaha",
  "kodepos" : "93875"
}, {
  "kecamatan" : "Benua",
  "kelurahan" : "Palawewu (Palowewu)",
  "kodepos" : "93875"
}, {
  "kecamatan" : "Angata",
  "kelurahan" : "Mokalelelo",
  "kodepos" : "93875"
}, {
  "kecamatan" : "Angata",
  "kelurahan" : "Mokoau",
  "kodepos" : "93875"
}, {
  "kecamatan" : "Basala",
  "kelurahan" : "Lipu Masagena",
  "kodepos" : "93875"
}, {
  "kecamatan" : "Angata",
  "kelurahan" : "Matabondu",
  "kodepos" : "93875"
}, {
  "kecamatan" : "Angata",
  "kelurahan" : "Mataiwoi",
  "kodepos" : "93875"
}, {
  "kecamatan" : "Angata",
  "kelurahan" : "Langgea Indah",
  "kodepos" : "93875"
}, {
  "kecamatan" : "Basala",
  "kelurahan" : "Lere",
  "kodepos" : "93875"
}, {
  "kecamatan" : "Angata",
  "kelurahan" : "Lamoeri",
  "kodepos" : "93875"
}, {
  "kecamatan" : "Angata",
  "kelurahan" : "Lamooso",
  "kodepos" : "93875"
}, {
  "kecamatan" : "Angata",
  "kelurahan" : "Landabaro",
  "kodepos" : "93875"
}, {
  "kecamatan" : "Angata",
  "kelurahan" : "Lamoen",
  "kodepos" : "93875"
}, {
  "kecamatan" : "Basala",
  "kelurahan" : "Lambandia",
  "kodepos" : "93875"
}, {
  "kecamatan" : "Benua",
  "kelurahan" : "Kosambi",
  "kodepos" : "93875"
}, {
  "kecamatan" : "Benua",
  "kelurahan" : "Lamara",
  "kodepos" : "93875"
}, {
  "kecamatan" : "Angata",
  "kelurahan" : "Kasebo",
  "kodepos" : "93875"
}, {
  "kecamatan" : "Basala",
  "kelurahan" : "Iwoi Mendoro",
  "kodepos" : "93875"
}, {
  "kecamatan" : "Benua",
  "kelurahan" : "Horodopi",
  "kodepos" : "93875"
}, {
  "kecamatan" : "Angata",
  "kelurahan" : "Boloso",
  "kodepos" : "93875"
}, {
  "kecamatan" : "Basala",
  "kelurahan" : "Epeesi",
  "kodepos" : "93875"
}, {
  "kecamatan" : "Benua",
  "kelurahan" : "Benua Utama",
  "kodepos" : "93875"
}, {
  "kecamatan" : "Basala",
  "kelurahan" : "Basala",
  "kodepos" : "93875"
}, {
  "kecamatan" : "Benua",
  "kelurahan" : "Benua",
  "kodepos" : "93875"
}, {
  "kecamatan" : "Benua",
  "kelurahan" : "Awalo",
  "kodepos" : "93875"
}, {
  "kecamatan" : "Angata",
  "kelurahan" : "Aopa",
  "kodepos" : "93875"
}, {
  "kecamatan" : "Angata",
  "kelurahan" : "Angata",
  "kodepos" : "93875"
}, {
  "kecamatan" : "Konda",
  "kelurahan" : "Wonua",
  "kodepos" : "93874"
}, {
  "kecamatan" : "Konda",
  "kelurahan" : "Tanea",
  "kodepos" : "93874"
}, {
  "kecamatan" : "Wolasi",
  "kelurahan" : "Ranowila",
  "kodepos" : "93874"
}, {
  "kecamatan" : "Wolasi",
  "kelurahan" : "Wolasi",
  "kodepos" : "93874"
}, {
  "kecamatan" : "Konda",
  "kelurahan" : "Puosu Jaya",
  "kodepos" : "93874"
}, {
  "kecamatan" : "Konda",
  "kelurahan" : "Ranowila",
  "kodepos" : "93874"
}, {
  "kecamatan" : "Konda",
  "kelurahan" : "Morome (Morame)",
  "kodepos" : "93874"
}, {
  "kecamatan" : "Konda",
  "kelurahan" : "Pambulaa Jaya",
  "kodepos" : "93874"
}, {
  "kecamatan" : "Wolasi",
  "kelurahan" : "Leleka",
  "kodepos" : "93874"
}, {
  "kecamatan" : "Wolasi",
  "kelurahan" : "Matawolasi",
  "kodepos" : "93874"
}, {
  "kecamatan" : "Konda",
  "kelurahan" : "Masagena",
  "kodepos" : "93874"
}, {
  "kecamatan" : "Konda",
  "kelurahan" : "Lebo Jaya",
  "kodepos" : "93874"
}, {
  "kecamatan" : "Konda",
  "kelurahan" : "Lamomea",
  "kodepos" : "93874"
}, {
  "kecamatan" : "Konda",
  "kelurahan" : "Lawoila",
  "kodepos" : "93874"
}, {
  "kecamatan" : "Konda",
  "kelurahan" : "Konda",
  "kodepos" : "93874"
}, {
  "kecamatan" : "Konda",
  "kelurahan" : "Lalowiu",
  "kodepos" : "93874"
}, {
  "kecamatan" : "Konda",
  "kelurahan" : "Lambusa",
  "kodepos" : "93874"
}, {
  "kecamatan" : "Konda",
  "kelurahan" : "Cialam Jaya",
  "kodepos" : "93874"
}, {
  "kecamatan" : "Wolasi",
  "kelurahan" : "Aunupe",
  "kodepos" : "93874"
}, {
  "kecamatan" : "Wolasi",
  "kelurahan" : "Amoito Jaya",
  "kodepos" : "93874"
}, {
  "kecamatan" : "Konda",
  "kelurahan" : "Aonupe",
  "kodepos" : "93874"
}, {
  "kecamatan" : "Wolasi",
  "kelurahan" : "Aoma",
  "kodepos" : "93874"
}, {
  "kecamatan" : "Konda",
  "kelurahan" : "Amohalo",
  "kodepos" : "93874"
}, {
  "kecamatan" : "Konda",
  "kelurahan" : "Alebo",
  "kodepos" : "93874"
}, {
  "kecamatan" : "Konda",
  "kelurahan" : "Ambololi",
  "kodepos" : "93874"
}, {
  "kecamatan" : "Mowila",
  "kelurahan" : "Wuura",
  "kodepos" : "93873"
}, {
  "kecamatan" : "Landono",
  "kelurahan" : "Wonua Sangia",
  "kodepos" : "93873"
}, {
  "kecamatan" : "Landono",
  "kelurahan" : "Wonukao",
  "kodepos" : "93873"
}, {
  "kecamatan" : "Mowila",
  "kelurahan" : "Wonua Sari",
  "kodepos" : "93873"
}, {
  "kecamatan" : "Landono",
  "kelurahan" : "Wawobende",
  "kodepos" : "93873"
}, {
  "kecamatan" : "Mowila",
  "kelurahan" : "Wonua Monapa",
  "kodepos" : "93873"
}, {
  "kecamatan" : "Landono",
  "kelurahan" : "Watu-Watu",
  "kodepos" : "93873"
}, {
  "kecamatan" : "Mowila",
  "kelurahan" : "Wanua Kongga",
  "kodepos" : "93873"
}, {
  "kecamatan" : "Landono",
  "kelurahan" : "Ulusabulakoa",
  "kodepos" : "93873"
}, {
  "kecamatan" : "Landono",
  "kelurahan" : "Tridana Mulia",
  "kodepos" : "93873"
}, {
  "kecamatan" : "Mowila",
  "kelurahan" : "Tetesingi",
  "kodepos" : "93873"
}, {
  "kecamatan" : "Mowila",
  "kelurahan" : "Toluwonua",
  "kodepos" : "93873"
}, {
  "kecamatan" : "Landono",
  "kelurahan" : "Talumbinga",
  "kodepos" : "93873"
}, {
  "kecamatan" : "Landono",
  "kelurahan" : "Tetenggabo",
  "kodepos" : "93873"
}, {
  "kecamatan" : "Mowila",
  "kelurahan" : "Rano Mbayasa",
  "kodepos" : "93873"
}, {
  "kecamatan" : "Landono",
  "kelurahan" : "Sabulakoa",
  "kodepos" : "93873"
}, {
  "kecamatan" : "Mowila",
  "kelurahan" : "Rakawuta",
  "kodepos" : "93873"
}, {
  "kecamatan" : "Mowila",
  "kelurahan" : "Rano Aopa",
  "kodepos" : "93873"
}, {
  "kecamatan" : "Mowila",
  "kelurahan" : "Punggulahi",
  "kodepos" : "93873"
}, {
  "kecamatan" : "Mowila",
  "kelurahan" : "Puwehuko",
  "kodepos" : "93873"
}, {
  "kecamatan" : "Mowila",
  "kelurahan" : "Pudahoa (Pudohoa)",
  "kodepos" : "93873"
}, {
  "kecamatan" : "Mowila",
  "kelurahan" : "Mulya Sari (Muliasari)",
  "kodepos" : "93873"
}, {
  "kecamatan" : "Mowila",
  "kelurahan" : "Monapa",
  "kodepos" : "93873"
}, {
  "kecamatan" : "Landono",
  "kelurahan" : "Morini Mulya",
  "kodepos" : "93873"
}, {
  "kecamatan" : "Mowila",
  "kelurahan" : "Mowila",
  "kodepos" : "93873"
}, {
  "kecamatan" : "Mowila",
  "kelurahan" : "Mataiwoi",
  "kodepos" : "93873"
}, {
  "kecamatan" : "Landono",
  "kelurahan" : "Matabenua / Watawunua",
  "kodepos" : "93873"
}, {
  "kecamatan" : "Landono",
  "kelurahan" : "Landono",
  "kodepos" : "93873"
}, {
  "kecamatan" : "Landono",
  "kelurahan" : "Landono Dua",
  "kodepos" : "93873"
}, {
  "kecamatan" : "Mowila",
  "kelurahan" : "Lamelori (Lamolori)",
  "kodepos" : "93873"
}, {
  "kecamatan" : "Mowila",
  "kelurahan" : "Lamebara (Lamibara)",
  "kodepos" : "93873"
}, {
  "kecamatan" : "Mowila",
  "kelurahan" : "Lalosingi",
  "kodepos" : "93873"
}, {
  "kecamatan" : "Landono",
  "kelurahan" : "Lakomea",
  "kodepos" : "93873"
}, {
  "kecamatan" : "Landono",
  "kelurahan" : "Lalonggapu",
  "kodepos" : "93873"
}, {
  "kecamatan" : "Landono",
  "kelurahan" : "Koronua",
  "kodepos" : "93873"
}, {
  "kecamatan" : "Mowila",
  "kelurahan" : "Kondoano",
  "kodepos" : "93873"
}, {
  "kecamatan" : "Landono",
  "kelurahan" : "Asaria",
  "kodepos" : "93873"
}, {
  "kecamatan" : "Landono",
  "kelurahan" : "Endanga",
  "kodepos" : "93873"
}, {
  "kecamatan" : "Landono",
  "kelurahan" : "Amotowo",
  "kodepos" : "93873"
}, {
  "kecamatan" : "Landono",
  "kelurahan" : "Arongo",
  "kodepos" : "93873"
}, {
  "kecamatan" : "Landono",
  "kelurahan" : "Abenggi",
  "kodepos" : "93873"
}, {
  "kecamatan" : "Ranomeeto Barat",
  "kelurahan" : "Sindang Kasih",
  "kodepos" : "93871"
}, {
  "kecamatan" : "Ranomeeto Barat",
  "kelurahan" : "Tunduno",
  "kodepos" : "93871"
}, {
  "kecamatan" : "Ranomeeto",
  "kelurahan" : "Ranomeeto",
  "kodepos" : "93871"
}, {
  "kecamatan" : "Ranomeeto",
  "kelurahan" : "Ranooha",
  "kodepos" : "93871"
}, {
  "kecamatan" : "Ranomeeto",
  "kelurahan" : "Onewila",
  "kodepos" : "93871"
}, {
  "kecamatan" : "Ranomeeto",
  "kelurahan" : "Rambu-Rambu Jaya",
  "kodepos" : "93871"
}, {
  "kecamatan" : "Ranomeeto Barat",
  "kelurahan" : "Opaasi",
  "kodepos" : "93871"
}, {
  "kecamatan" : "Ranomeeto",
  "kelurahan" : "Langgea",
  "kodepos" : "93871"
}, {
  "kecamatan" : "Ranomeeto Barat",
  "kelurahan" : "Laikandonga",
  "kodepos" : "93871"
}, {
  "kecamatan" : "Ranomeeto Barat",
  "kelurahan" : "Lameruru (Lameuru)",
  "kodepos" : "93871"
}, {
  "kecamatan" : "Ranomeeto Barat",
  "kelurahan" : "Jati Bali",
  "kodepos" : "93871"
}, {
  "kecamatan" : "Ranomeeto",
  "kelurahan" : "Kota Bangun",
  "kodepos" : "93871"
}, {
  "kecamatan" : "Ranomeeto",
  "kelurahan" : "Laikaha",
  "kodepos" : "93871"
}, {
  "kecamatan" : "Ranomeeto",
  "kelurahan" : "Boro-Boro R",
  "kodepos" : "93871"
}, {
  "kecamatan" : "Ranomeeto",
  "kelurahan" : "Duduria",
  "kodepos" : "93871"
}, {
  "kecamatan" : "Ranomeeto Barat",
  "kelurahan" : "Amokuni",
  "kodepos" : "93871"
}, {
  "kecamatan" : "Ranomeeto Barat",
  "kelurahan" : "Boro-Boro Lameuru",
  "kodepos" : "93871"
}, {
  "kecamatan" : "Ranomeeto",
  "kelurahan" : "Amoito",
  "kodepos" : "93871"
}, {
  "kecamatan" : "Ranomeeto",
  "kelurahan" : "Amoito Siama",
  "kodepos" : "93871"
}, {
  "kecamatan" : "Ranomeeto",
  "kelurahan" : "Ambaipua",
  "kodepos" : "93871"
}, {
  "kecamatan" : "Ranomeeto Barat",
  "kelurahan" : "Abeko",
  "kodepos" : "93871"
}, {
  "kecamatan" : "Andoolo",
  "kelurahan" : "Watu Mokala",
  "kodepos" : "93819"
}, {
  "kecamatan" : "Andoolo",
  "kelurahan" : "Wunduwatu",
  "kodepos" : "93819"
}, {
  "kecamatan" : "Andoolo",
  "kelurahan" : "Punggapu",
  "kodepos" : "93819"
}, {
  "kecamatan" : "Andoolo",
  "kelurahan" : "Puundoho",
  "kodepos" : "93819"
}, {
  "kecamatan" : "Buke",
  "kelurahan" : "Raha Menda Jaya",
  "kodepos" : "93819"
}, {
  "kecamatan" : "Andoolo",
  "kelurahan" : "Mataiwoi",
  "kodepos" : "93819"
}, {
  "kecamatan" : "Andoolo",
  "kelurahan" : "Lalobao",
  "kodepos" : "93819"
}, {
  "kecamatan" : "Andoolo",
  "kelurahan" : "Bima Maroa",
  "kodepos" : "93819"
}, {
  "kecamatan" : "Andoolo",
  "kelurahan" : "Bumi Raya",
  "kodepos" : "93819"
}, {
  "kecamatan" : "Andoolo",
  "kelurahan" : "Bekenggasu Indah",
  "kodepos" : "93819"
}, {
  "kecamatan" : "Andoolo",
  "kelurahan" : "Ataku",
  "kodepos" : "93819"
}, {
  "kecamatan" : "Buke",
  "kelurahan" : "Asembu Mulya",
  "kodepos" : "93819"
}, {
  "kecamatan" : "Andoolo",
  "kelurahan" : "Adayu Indah",
  "kodepos" : "93819"
}, {
  "kecamatan" : "Buke",
  "kelurahan" : "Anggokoti",
  "kodepos" : "93819"
}, {
  "kecamatan" : "Andoolo",
  "kelurahan" : "Wawobende",
  "kodepos" : "93818"
}, {
  "kecamatan" : "Andoolo",
  "kelurahan" : "Mate Upe",
  "kodepos" : "93818"
}, {
  "kecamatan" : "Andoolo",
  "kelurahan" : "Lapoa Indah",
  "kodepos" : "93818"
}, {
  "kecamatan" : "Buke",
  "kelurahan" : "Awolo",
  "kodepos" : "93816"
}, {
  "kecamatan" : "Buke",
  "kelurahan" : "Wulele Jaya",
  "kodepos" : "93814"
}, {
  "kecamatan" : "Buke",
  "kelurahan" : "Adaka Jaya",
  "kodepos" : "93815"
}, {
  "kecamatan" : "Buke",
  "kelurahan" : "Wanua Maroa",
  "kodepos" : "93814"
}, {
  "kecamatan" : "Buke",
  "kelurahan" : "Tirto/Tirta Wartani",
  "kodepos" : "93814"
}, {
  "kecamatan" : "Buke",
  "kelurahan" : "Silea Jaya",
  "kodepos" : "93814"
}, {
  "kecamatan" : "Buke",
  "kelurahan" : "Tetenggolasa",
  "kodepos" : "93814"
}, {
  "kecamatan" : "Buke",
  "kelurahan" : "Ranooha Lestari",
  "kodepos" : "93814"
}, {
  "kecamatan" : "Buke",
  "kelurahan" : "Adayu Indah",
  "kodepos" : "93814"
}, {
  "kecamatan" : "Andoolo",
  "kelurahan" : "Papawu",
  "kodepos" : "93813"
}, {
  "kecamatan" : "Andoolo",
  "kelurahan" : "Anese",
  "kodepos" : "93813"
}, {
  "kecamatan" : "Andoolo",
  "kelurahan" : "Lalonggombu",
  "kodepos" : "93813"
}, {
  "kecamatan" : "Buke",
  "kelurahan" : "Andolo Utama",
  "kodepos" : "93813"
}, {
  "kecamatan" : "Buke",
  "kelurahan" : "Pelandia",
  "kodepos" : "93812"
}, {
  "kecamatan" : "Buke",
  "kelurahan" : "Puudaria Jaya",
  "kodepos" : "93812"
}, {
  "kecamatan" : "Buke",
  "kelurahan" : "Buke",
  "kodepos" : "93812"
}, {
  "kecamatan" : "Andoolo",
  "kelurahan" : "Alengge Agung",
  "kodepos" : "93811"
}, {
  "kecamatan" : "Andoolo",
  "kelurahan" : "Potoro",
  "kodepos" : "93811"
}, {
  "kecamatan" : "Andoolo",
  "kelurahan" : "Alangga",
  "kodepos" : "93811"
}, {
  "kecamatan" : "Kolono",
  "kelurahan" : "Ulusena Jaya",
  "kodepos" : "93395"
}, {
  "kecamatan" : "Kolono",
  "kelurahan" : "Wawoosu",
  "kodepos" : "93395"
}, {
  "kecamatan" : "Kolono",
  "kelurahan" : "Waworano",
  "kodepos" : "93395"
}, {
  "kecamatan" : "Kolono",
  "kelurahan" : "Torodale",
  "kodepos" : "93395"
}, {
  "kecamatan" : "Kolono",
  "kelurahan" : "Tumbu-Tumbu Jaya",
  "kodepos" : "93395"
}, {
  "kecamatan" : "Kolono",
  "kelurahan" : "Ulunese",
  "kodepos" : "93395"
}, {
  "kecamatan" : "Kolono",
  "kelurahan" : "Silea",
  "kodepos" : "93395"
}, {
  "kecamatan" : "Kolono",
  "kelurahan" : "Tiraosu",
  "kodepos" : "93395"
}, {
  "kecamatan" : "Kolono",
  "kelurahan" : "Rumba-Rumba",
  "kodepos" : "93395"
}, {
  "kecamatan" : "Kolono",
  "kelurahan" : "Sarandua",
  "kodepos" : "93395"
}, {
  "kecamatan" : "Kolono",
  "kelurahan" : "Sawah",
  "kodepos" : "93395"
}, {
  "kecamatan" : "Kolono",
  "kelurahan" : "Rambu-Rambu",
  "kodepos" : "93395"
}, {
  "kecamatan" : "Kolono",
  "kelurahan" : "Roda",
  "kodepos" : "93395"
}, {
  "kecamatan" : "Kolono",
  "kelurahan" : "Ngapawali",
  "kodepos" : "93395"
}, {
  "kecamatan" : "Kolono",
  "kelurahan" : "Puudongi",
  "kodepos" : "93395"
}, {
  "kecamatan" : "Kolono",
  "kelurahan" : "Puupi",
  "kodepos" : "93395"
}, {
  "kecamatan" : "Kolono",
  "kelurahan" : "Matandahi",
  "kodepos" : "93395"
}, {
  "kecamatan" : "Kolono",
  "kelurahan" : "Meletumbu (Meletumbo)",
  "kodepos" : "93395"
}, {
  "kecamatan" : "Kolono",
  "kelurahan" : "Mondoe Jaya",
  "kodepos" : "93395"
}, {
  "kecamatan" : "Kolono",
  "kelurahan" : "Langgowala",
  "kodepos" : "93395"
}, {
  "kecamatan" : "Kolono",
  "kelurahan" : "Mataiwoi",
  "kodepos" : "93395"
}, {
  "kecamatan" : "Kolono",
  "kelurahan" : "Lamotau",
  "kodepos" : "93395"
}, {
  "kecamatan" : "Kolono",
  "kelurahan" : "Langgapulu",
  "kodepos" : "93395"
}, {
  "kecamatan" : "Kolono",
  "kelurahan" : "Lambangi",
  "kodepos" : "93395"
}, {
  "kecamatan" : "Kolono",
  "kelurahan" : "Kolono",
  "kodepos" : "93395"
}, {
  "kecamatan" : "Kolono",
  "kelurahan" : "Lamapu",
  "kodepos" : "93395"
}, {
  "kecamatan" : "Kolono",
  "kelurahan" : "Ampera",
  "kodepos" : "93395"
}, {
  "kecamatan" : "Kolono",
  "kelurahan" : "Awunio",
  "kodepos" : "93395"
}, {
  "kecamatan" : "Kolono",
  "kelurahan" : "Batu Putih",
  "kodepos" : "93395"
}, {
  "kecamatan" : "Kolono",
  "kelurahan" : "Alosi",
  "kodepos" : "93395"
}, {
  "kecamatan" : "Kolono",
  "kelurahan" : "Amolengu",
  "kodepos" : "93395"
}, {
  "kecamatan" : "Kolono",
  "kelurahan" : "Adinete",
  "kodepos" : "93395"
} ]
