[ {
  "kecamatan" : "Bondoala",
  "kelurahan" : "Rumbia",
  "kodepos" : "93771"
}, {
  "kecamatan" : "Puriala",
  "kelurahan" : "Wonua/Wanua Morome",
  "kodepos" : "93464"
}, {
  "kecamatan" : "Puriala",
  "kelurahan" : "Wawosanggula",
  "kodepos" : "93464"
}, {
  "kecamatan" : "Lambuya",
  "kelurahan" : "Waworaha",
  "kodepos" : "93464"
}, {
  "kecamatan" : "Puriala",
  "kelurahan" : "Watundehoa (Watandehoa)",
  "kodepos" : "93464"
}, {
  "kecamatan" : "Puriala",
  "kelurahan" : "Watusa",
  "kodepos" : "93464"
}, {
  "kecamatan" : "Lambuya",
  "kelurahan" : "Watarema",
  "kodepos" : "93464"
}, {
  "kecamatan" : "Lambuya",
  "kelurahan" : "Wanuahoa",
  "kodepos" : "93464"
}, {
  "kecamatan" : "Puriala",
  "kelurahan" : "Unggulino",
  "kodepos" : "93464"
}, {
  "kecamatan" : "Onembute",
  "kelurahan" : "Ulumeraka",
  "kodepos" : "93464"
}, {
  "kecamatan" : "Lambuya",
  "kelurahan" : "Ulu Meraka (Sukamaju)",
  "kodepos" : "93464"
}, {
  "kecamatan" : "Onembute",
  "kelurahan" : "Ulu Onembute",
  "kodepos" : "93464"
}, {
  "kecamatan" : "Uepai (Uwepai)",
  "kelurahan" : "Uepai",
  "kodepos" : "93464"
}, {
  "kecamatan" : "Onembute",
  "kelurahan" : "Trimulya",
  "kodepos" : "93464"
}, {
  "kecamatan" : "Uepai (Uwepai)",
  "kelurahan" : "Uepai",
  "kodepos" : "93464"
}, {
  "kecamatan" : "Puriala",
  "kelurahan" : "Tetehaka",
  "kodepos" : "93464"
}, {
  "kecamatan" : "Lambuya",
  "kelurahan" : "Tetembomua",
  "kodepos" : "93464"
}, {
  "kecamatan" : "Onembute",
  "kelurahan" : "Tawapandere",
  "kodepos" : "93464"
}, {
  "kecamatan" : "Uepai (Uwepai)",
  "kelurahan" : "Tawarotebota",
  "kodepos" : "93464"
}, {
  "kecamatan" : "Lambuya",
  "kelurahan" : "Tanggobu",
  "kodepos" : "93464"
}, {
  "kecamatan" : "Uepai (Uwepai)",
  "kelurahan" : "Tawamelewe",
  "kodepos" : "93464"
}, {
  "kecamatan" : "Puriala",
  "kelurahan" : "Sonai",
  "kodepos" : "93464"
}, {
  "kecamatan" : "Uepai (Uwepai)",
  "kelurahan" : "Rawua",
  "kodepos" : "93464"
}, {
  "kecamatan" : "Onembute",
  "kelurahan" : "Silea",
  "kodepos" : "93464"
}, {
  "kecamatan" : "Puriala",
  "kelurahan" : "Puuhopa",
  "kodepos" : "93464"
}, {
  "kecamatan" : "Puriala",
  "kelurahan" : "Puusangi",
  "kodepos" : "93464"
}, {
  "kecamatan" : "Puriala",
  "kelurahan" : "Puriala",
  "kodepos" : "93464"
}, {
  "kecamatan" : "Onembute",
  "kelurahan" : "Nopoosi",
  "kodepos" : "93464"
}, {
  "kecamatan" : "Onembute",
  "kelurahan" : "Onembute",
  "kodepos" : "93464"
}, {
  "kecamatan" : "Lambuya",
  "kelurahan" : "Meraka",
  "kodepos" : "93464"
}, {
  "kecamatan" : "Puriala",
  "kelurahan" : "Mokaleleo",
  "kodepos" : "93464"
}, {
  "kecamatan" : "Uepai (Uwepai)",
  "kelurahan" : "Matahoalu",
  "kodepos" : "93464"
}, {
  "kecamatan" : "Onembute",
  "kelurahan" : "Mataiwoi",
  "kodepos" : "93464"
}, {
  "kecamatan" : "Lambuya",
  "kelurahan" : "Lambuya",
  "kodepos" : "93464"
}, {
  "kecamatan" : "Lambuya",
  "kelurahan" : "Lambuya",
  "kodepos" : "93464"
}, {
  "kecamatan" : "Puriala",
  "kelurahan" : "Lalonggatu",
  "kodepos" : "93464"
}, {
  "kecamatan" : "Puriala",
  "kelurahan" : "Laloonaha",
  "kodepos" : "93464"
}, {
  "kecamatan" : "Onembute",
  "kelurahan" : "Kumapo",
  "kodepos" : "93464"
}, {
  "kecamatan" : "Onembute",
  "kelurahan" : "Kasumeia",
  "kodepos" : "93464"
}, {
  "kecamatan" : "Uepai (Uwepai)",
  "kelurahan" : "Baruga",
  "kodepos" : "93464"
}, {
  "kecamatan" : "Lambuya",
  "kelurahan" : "Awuliti (Wawuliti)",
  "kodepos" : "93464"
}, {
  "kecamatan" : "Uepai (Uwepai)",
  "kelurahan" : "Anggopiu",
  "kodepos" : "93464"
}, {
  "kecamatan" : "Lambuya",
  "kelurahan" : "Asaki (Isaki)",
  "kodepos" : "93464"
}, {
  "kecamatan" : "Uepai (Uwepai)",
  "kelurahan" : "Ameroro",
  "kodepos" : "93464"
}, {
  "kecamatan" : "Lambuya",
  "kelurahan" : "Amberi",
  "kodepos" : "93464"
}, {
  "kecamatan" : "Uepai (Uwepai)",
  "kelurahan" : "Amaroa",
  "kodepos" : "93464"
}, {
  "kecamatan" : "Uepai (Uwepai)",
  "kelurahan" : "Alo-Oloho",
  "kodepos" : "93464"
}, {
  "kecamatan" : "Puriala",
  "kelurahan" : "Ahuawali",
  "kodepos" : "93464"
}, {
  "kecamatan" : "Pondidaha",
  "kelurahan" : "Wonua Monapa",
  "kodepos" : "93463"
}, {
  "kecamatan" : "Wonggeduku",
  "kelurahan" : "Wonggeduku",
  "kodepos" : "93463"
}, {
  "kecamatan" : "Wonggeduku",
  "kelurahan" : "Wawoone",
  "kodepos" : "93463"
}, {
  "kecamatan" : "Wonggeduku",
  "kelurahan" : "Wawosolo",
  "kodepos" : "93463"
}, {
  "kecamatan" : "Pondidaha",
  "kelurahan" : "Wawolemo",
  "kodepos" : "93463"
}, {
  "kecamatan" : "Wonggeduku",
  "kelurahan" : "Wawonggole",
  "kodepos" : "93463"
}, {
  "kecamatan" : "Amonggedo",
  "kelurahan" : "Watulawu",
  "kodepos" : "93463"
}, {
  "kecamatan" : "Amonggedo",
  "kelurahan" : "Wawohine",
  "kodepos" : "93463"
}, {
  "kecamatan" : "Amonggedo",
  "kelurahan" : "Ulu Benua",
  "kodepos" : "93463"
}, {
  "kecamatan" : "Wonggeduku",
  "kelurahan" : "Tomulipu / Wakusao",
  "kodepos" : "93463"
}, {
  "kecamatan" : "Pondidaha",
  "kelurahan" : "Tirawuta",
  "kodepos" : "93463"
}, {
  "kecamatan" : "Wonggeduku",
  "kelurahan" : "Tetemotaha",
  "kodepos" : "93463"
}, {
  "kecamatan" : "Wonggeduku",
  "kelurahan" : "Teteona",
  "kodepos" : "93463"
}, {
  "kecamatan" : "Pondidaha",
  "kelurahan" : "Puumbinisi",
  "kodepos" : "93463"
}, {
  "kecamatan" : "Wonggeduku",
  "kelurahan" : "Tawarolondo",
  "kodepos" : "93463"
}, {
  "kecamatan" : "Amonggedo",
  "kelurahan" : "Puasana",
  "kodepos" : "93463"
}, {
  "kecamatan" : "Wonggeduku",
  "kelurahan" : "Puday",
  "kodepos" : "93463"
}, {
  "kecamatan" : "Wonggeduku",
  "kelurahan" : "Puuduria",
  "kodepos" : "93463"
}, {
  "kecamatan" : "Pondidaha",
  "kelurahan" : "Mumundowu",
  "kodepos" : "93463"
}, {
  "kecamatan" : "Pondidaha",
  "kelurahan" : "Pondidaha",
  "kodepos" : "93463"
}, {
  "kecamatan" : "Amonggedo",
  "kelurahan" : "Mata Iwoi",
  "kodepos" : "93463"
}, {
  "kecamatan" : "Amonggedo",
  "kelurahan" : "Mendikonu",
  "kodepos" : "93463"
}, {
  "kecamatan" : "Amonggedo",
  "kelurahan" : "Mata Bura",
  "kodepos" : "93463"
}, {
  "kecamatan" : "Wonggeduku",
  "kelurahan" : "Masoose",
  "kodepos" : "93463"
}, {
  "kecamatan" : "Wonggeduku",
  "kelurahan" : "Lamokuni",
  "kodepos" : "93463"
}, {
  "kecamatan" : "Wonggeduku",
  "kelurahan" : "Langgonawe",
  "kodepos" : "93463"
}, {
  "kecamatan" : "Wonggeduku",
  "kelurahan" : "Lanonggasai",
  "kodepos" : "93463"
}, {
  "kecamatan" : "Wonggeduku",
  "kelurahan" : "Lalousu",
  "kodepos" : "93463"
}, {
  "kecamatan" : "Wonggeduku",
  "kelurahan" : "Lambangi",
  "kodepos" : "93463"
}, {
  "kecamatan" : "Wonggeduku",
  "kelurahan" : "Lalohao",
  "kodepos" : "93463"
}, {
  "kecamatan" : "Amonggedo",
  "kelurahan" : "Lalonona",
  "kodepos" : "93463"
}, {
  "kecamatan" : "Pondidaha",
  "kelurahan" : "Lahonggumbi",
  "kodepos" : "93463"
}, {
  "kecamatan" : "Wonggeduku",
  "kelurahan" : "Lahututu",
  "kodepos" : "93463"
}, {
  "kecamatan" : "Pondidaha",
  "kelurahan" : "Hongoa",
  "kodepos" : "93463"
}, {
  "kecamatan" : "Wonggeduku",
  "kelurahan" : "Kasumokuni",
  "kodepos" : "93463"
}, {
  "kecamatan" : "Wonggeduku",
  "kelurahan" : "Duriaasi",
  "kodepos" : "93463"
}, {
  "kecamatan" : "Amonggedo",
  "kelurahan" : "Dunggua",
  "kodepos" : "93463"
}, {
  "kecamatan" : "Wonggeduku",
  "kelurahan" : "Bendewuta",
  "kodepos" : "93463"
}, {
  "kecamatan" : "Wonggeduku",
  "kelurahan" : "Dawi-dawi",
  "kodepos" : "93463"
}, {
  "kecamatan" : "Amonggedo",
  "kelurahan" : "Benua",
  "kodepos" : "93463"
}, {
  "kecamatan" : "Pondidaha",
  "kelurahan" : "Belatu",
  "kodepos" : "93463"
}, {
  "kecamatan" : "Wonggeduku",
  "kelurahan" : "Baruga",
  "kodepos" : "93463"
}, {
  "kecamatan" : "Amonggedo",
  "kelurahan" : "Amonggedo",
  "kodepos" : "93463"
}, {
  "kecamatan" : "Amonggedo",
  "kelurahan" : "Amonggedo Baru",
  "kodepos" : "93463"
}, {
  "kecamatan" : "Amonggedo",
  "kelurahan" : "Anahinunu",
  "kodepos" : "93463"
}, {
  "kecamatan" : "Pondidaha",
  "kelurahan" : "Ambulanu",
  "kodepos" : "93463"
}, {
  "kecamatan" : "Pondidaha",
  "kelurahan" : "Amesiu",
  "kodepos" : "93463"
}, {
  "kecamatan" : "Amonggedo",
  "kelurahan" : "Amandete",
  "kodepos" : "93463"
}, {
  "kecamatan" : "Pondidaha",
  "kelurahan" : "Ahuawatu",
  "kodepos" : "93463"
}, {
  "kecamatan" : "Konawe",
  "kelurahan" : "Wonua Mbae",
  "kodepos" : "93461"
}, {
  "kecamatan" : "Wawotobi",
  "kelurahan" : "Wawotobi",
  "kodepos" : "93461"
}, {
  "kecamatan" : "Meluhu",
  "kelurahan" : "Woerahi",
  "kodepos" : "93461"
}, {
  "kecamatan" : "Latoma",
  "kelurahan" : "Waworaha",
  "kodepos" : "93461"
}, {
  "kecamatan" : "Tongauna",
  "kelurahan" : "Waworoda Jaya",
  "kodepos" : "93461"
}, {
  "kecamatan" : "Konawe",
  "kelurahan" : "Uelawu",
  "kodepos" : "93461"
}, {
  "kecamatan" : "Konawe",
  "kelurahan" : "Uete",
  "kodepos" : "93461"
}, {
  "kecamatan" : "Latoma",
  "kelurahan" : "Wawolatoma",
  "kodepos" : "93461"
}, {
  "kecamatan" : "Konawe",
  "kelurahan" : "Tudaone",
  "kodepos" : "93461"
}, {
  "kecamatan" : "Meluhu",
  "kelurahan" : "Tudameaso",
  "kodepos" : "93461"
}, {
  "kecamatan" : "Latoma",
  "kelurahan" : "Titioa",
  "kodepos" : "93461"
}, {
  "kecamatan" : "Tongauna",
  "kelurahan" : "Tongauna",
  "kodepos" : "93461"
}, {
  "kecamatan" : "Konawe",
  "kelurahan" : "Tawanga",
  "kodepos" : "93461"
}, {
  "kecamatan" : "Tongauna",
  "kelurahan" : "Sendang Mulya Sari",
  "kodepos" : "93461"
}, {
  "kecamatan" : "Tongauna",
  "kelurahan" : "Sanuanggamo",
  "kodepos" : "93461"
}, {
  "kecamatan" : "Konawe",
  "kelurahan" : "Sanggona",
  "kodepos" : "93461"
}, {
  "kecamatan" : "Wawotobi",
  "kelurahan" : "Puusinauwi",
  "kodepos" : "93461"
}, {
  "kecamatan" : "Wawotobi",
  "kelurahan" : "Puusinauwi",
  "kodepos" : "93461"
}, {
  "kecamatan" : "Tongauna",
  "kelurahan" : "Puosu",
  "kodepos" : "93461"
}, {
  "kecamatan" : "Tongauna",
  "kelurahan" : "Puundopi",
  "kodepos" : "93461"
}, {
  "kecamatan" : "Latoma",
  "kelurahan" : "Pinole",
  "kodepos" : "93461"
}, {
  "kecamatan" : "Tongauna",
  "kelurahan" : "Olua Ao",
  "kodepos" : "93461"
}, {
  "kecamatan" : "Wawotobi",
  "kelurahan" : "Palarahi",
  "kodepos" : "93461"
}, {
  "kecamatan" : "Wawotobi",
  "kelurahan" : "Nohu Nohu",
  "kodepos" : "93461"
}, {
  "kecamatan" : "Latoma",
  "kelurahan" : "Nesowi",
  "kodepos" : "93461"
}, {
  "kecamatan" : "Wawotobi",
  "kelurahan" : "Nario Indah",
  "kodepos" : "93461"
}, {
  "kecamatan" : "Konawe",
  "kelurahan" : "Mokowu",
  "kodepos" : "93461"
}, {
  "kecamatan" : "Tongauna",
  "kelurahan" : "Momea",
  "kodepos" : "93461"
}, {
  "kecamatan" : "Meluhu",
  "kelurahan" : "Meluhu",
  "kodepos" : "93461"
}, {
  "kecamatan" : "Tongauna",
  "kelurahan" : "Mekar Sari",
  "kodepos" : "93461"
}, {
  "kecamatan" : "Tongauna",
  "kelurahan" : "Mata Iwoi",
  "kodepos" : "93461"
}, {
  "kecamatan" : "Latoma",
  "kelurahan" : "Latoma Jaya",
  "kodepos" : "93461"
}, {
  "kecamatan" : "Meluhu",
  "kelurahan" : "Larowiu",
  "kodepos" : "93461"
}, {
  "kecamatan" : "Meluhu",
  "kelurahan" : "Lamelay",
  "kodepos" : "93461"
}, {
  "kecamatan" : "Latoma",
  "kelurahan" : "Lalowata",
  "kodepos" : "93461"
}, {
  "kecamatan" : "Wawotobi",
  "kelurahan" : "Lalosabila",
  "kodepos" : "93461"
}, {
  "kecamatan" : "Tongauna",
  "kelurahan" : "Lalonggowuna",
  "kodepos" : "93461"
}, {
  "kecamatan" : "Wawotobi",
  "kelurahan" : "Kulahi",
  "kodepos" : "93461"
}, {
  "kecamatan" : "Konawe",
  "kelurahan" : "Konawe",
  "kodepos" : "93461"
}, {
  "kecamatan" : "Wawotobi",
  "kelurahan" : "Korumba",
  "kodepos" : "93461"
}, {
  "kecamatan" : "Wawotobi",
  "kelurahan" : "Kasupute",
  "kodepos" : "93461"
}, {
  "kecamatan" : "Wawotobi",
  "kelurahan" : "Karandu",
  "kodepos" : "93461"
}, {
  "kecamatan" : "Wawotobi",
  "kelurahan" : "Inalahi",
  "kodepos" : "93461"
}, {
  "kecamatan" : "Wawotobi",
  "kelurahan" : "Inolobu",
  "kodepos" : "93461"
}, {
  "kecamatan" : "Konawe",
  "kelurahan" : "Hudoa",
  "kodepos" : "93461"
}, {
  "kecamatan" : "Wawotobi",
  "kelurahan" : "Hopa-Hopa",
  "kodepos" : "93461"
}, {
  "kecamatan" : "Konawe",
  "kelurahan" : "Bungguosu",
  "kodepos" : "93461"
}, {
  "kecamatan" : "Wawotobi",
  "kelurahan" : "Bose Bose",
  "kodepos" : "93461"
}, {
  "kecamatan" : "Tongauna",
  "kelurahan" : "Barowila",
  "kodepos" : "93461"
}, {
  "kecamatan" : "Konawe",
  "kelurahan" : "Asinowowo",
  "kodepos" : "93461"
}, {
  "kecamatan" : "Tongauna",
  "kelurahan" : "Asao",
  "kodepos" : "93461"
}, {
  "kecamatan" : "Wawotobi",
  "kelurahan" : "Anggotoa",
  "kodepos" : "93461"
}, {
  "kecamatan" : "Tongauna",
  "kelurahan" : "Anggohu",
  "kodepos" : "93461"
}, {
  "kecamatan" : "Latoma",
  "kelurahan" : "Andoluto",
  "kodepos" : "93461"
}, {
  "kecamatan" : "Tongauna",
  "kelurahan" : "Andalambe",
  "kodepos" : "93461"
}, {
  "kecamatan" : "Tongauna",
  "kelurahan" : "Andeposunde",
  "kodepos" : "93461"
}, {
  "kecamatan" : "Wawotobi",
  "kelurahan" : "Analahumbuti",
  "kodepos" : "93461"
}, {
  "kecamatan" : "Latoma",
  "kelurahan" : "Amboniki",
  "kodepos" : "93461"
}, {
  "kecamatan" : "Tongauna",
  "kelurahan" : "Ambopi",
  "kodepos" : "93461"
}, {
  "kecamatan" : "Latoma",
  "kelurahan" : "Ambekaeri Utama",
  "kodepos" : "93461"
}, {
  "kecamatan" : "Abuki",
  "kelurahan" : "Walay",
  "kodepos" : "93452"
}, {
  "kecamatan" : "Meluhu",
  "kelurahan" : "Ahuhu",
  "kodepos" : "93461"
}, {
  "kecamatan" : "Abuki",
  "kelurahan" : "Sambeani",
  "kodepos" : "93452"
}, {
  "kecamatan" : "Abuki",
  "kelurahan" : "Sambaosu",
  "kodepos" : "93452"
}, {
  "kecamatan" : "Abuki",
  "kelurahan" : "Padangguni",
  "kodepos" : "93452"
}, {
  "kecamatan" : "Abuki",
  "kelurahan" : "Padangguni Utama",
  "kodepos" : "93452"
}, {
  "kecamatan" : "Abuki",
  "kelurahan" : "Punggaluku",
  "kodepos" : "93452"
}, {
  "kecamatan" : "Abuki",
  "kelurahan" : "Padang Mekar",
  "kodepos" : "93452"
}, {
  "kecamatan" : "Asinua",
  "kelurahan" : "Nekudu",
  "kodepos" : "93452"
}, {
  "kecamatan" : "Abuki",
  "kelurahan" : "Mekarjaya",
  "kodepos" : "93452"
}, {
  "kecamatan" : "Asinua",
  "kelurahan" : "Lasada",
  "kodepos" : "93452"
}, {
  "kecamatan" : "Abuki",
  "kelurahan" : "Matanggorai",
  "kodepos" : "93452"
}, {
  "kecamatan" : "Abuki",
  "kelurahan" : "Kumapo",
  "kodepos" : "93452"
}, {
  "kecamatan" : "Abuki",
  "kelurahan" : "Langgea",
  "kodepos" : "93452"
}, {
  "kecamatan" : "Abuki",
  "kelurahan" : "Garuda",
  "kodepos" : "93452"
}, {
  "kecamatan" : "Abuki",
  "kelurahan" : "Kasuwura Indah",
  "kodepos" : "93452"
}, {
  "kecamatan" : "Abuki",
  "kelurahan" : "Epeeya",
  "kodepos" : "93452"
}, {
  "kecamatan" : "Asinua",
  "kelurahan" : "Awua Sari",
  "kodepos" : "93452"
}, {
  "kecamatan" : "Asinua",
  "kelurahan" : "Awua Jaya",
  "kodepos" : "93452"
}, {
  "kecamatan" : "Abuki",
  "kelurahan" : "Atodopoi",
  "kodepos" : "93452"
}, {
  "kecamatan" : "Asinua",
  "kelurahan" : "Asipako",
  "kodepos" : "93452"
}, {
  "kecamatan" : "Abuki",
  "kelurahan" : "Asolu",
  "kodepos" : "93452"
}, {
  "kecamatan" : "Asinua",
  "kelurahan" : "Asinua Jaya",
  "kodepos" : "93452"
}, {
  "kecamatan" : "Abuki",
  "kelurahan" : "Arubia",
  "kodepos" : "93452"
}, {
  "kecamatan" : "Asinua",
  "kelurahan" : "Angohi",
  "kodepos" : "93452"
}, {
  "kecamatan" : "Asinua",
  "kelurahan" : "Ambodiaa",
  "kodepos" : "93452"
}, {
  "kecamatan" : "Abuki",
  "kelurahan" : "Abuki",
  "kodepos" : "93452"
}, {
  "kecamatan" : "Abuki",
  "kelurahan" : "Aleuti",
  "kodepos" : "93452"
}, {
  "kecamatan" : "Abuki",
  "kelurahan" : "Alosika",
  "kodepos" : "93452"
}, {
  "kecamatan" : "Anggaberi",
  "kelurahan" : "Lawulo",
  "kodepos" : "93419"
}, {
  "kecamatan" : "Unaaha",
  "kelurahan" : "Unaaha",
  "kodepos" : "93418"
}, {
  "kecamatan" : "Anggaberi",
  "kelurahan" : "Andabia",
  "kodepos" : "93419"
}, {
  "kecamatan" : "Anggaberi",
  "kelurahan" : "Unaasi",
  "kodepos" : "93417"
}, {
  "kecamatan" : "Anggaberi",
  "kelurahan" : "Anggaberi",
  "kodepos" : "93418"
}, {
  "kecamatan" : "Anggaberi",
  "kelurahan" : "Parauna",
  "kodepos" : "93417"
}, {
  "kecamatan" : "Anggaberi",
  "kelurahan" : "Toriki",
  "kodepos" : "93417"
}, {
  "kecamatan" : "Unaaha",
  "kelurahan" : "Wawonggole",
  "kodepos" : "93416"
}, {
  "kecamatan" : "Unaaha",
  "kelurahan" : "Inolobunggadue",
  "kodepos" : "93416"
}, {
  "kecamatan" : "Unaaha",
  "kelurahan" : "Tobeu",
  "kodepos" : "93416"
}, {
  "kecamatan" : "Unaaha",
  "kelurahan" : "Tuoy",
  "kodepos" : "93415"
}, {
  "kecamatan" : "Unaaha",
  "kelurahan" : "Asambu",
  "kodepos" : "93416"
}, {
  "kecamatan" : "Unaaha",
  "kelurahan" : "Asinua",
  "kodepos" : "93416"
}, {
  "kecamatan" : "Unaaha",
  "kelurahan" : "Latoma",
  "kodepos" : "93414"
}, {
  "kecamatan" : "Unaaha",
  "kelurahan" : "Arombu",
  "kodepos" : "93412"
}, {
  "kecamatan" : "Unaaha",
  "kelurahan" : "Ambekairi",
  "kodepos" : "93413"
}, {
  "kecamatan" : "Unaaha",
  "kelurahan" : "Puunaaha",
  "kodepos" : "93411"
}, {
  "kecamatan" : "Unaaha",
  "kelurahan" : "Tumpas",
  "kodepos" : "93411"
}, {
  "kecamatan" : "Puriala",
  "kelurahan" : "Poanaha (Puanaha)",
  "kodepos" : "93411"
}, {
  "kecamatan" : "Wawonii Tenggara",
  "kelurahan" : "Wunse Jaya",
  "kodepos" : "93393"
}, {
  "kecamatan" : "Wawonii Selatan",
  "kelurahan" : "Wungkolo",
  "kodepos" : "93393"
}, {
  "kecamatan" : "Wawonii Selatan",
  "kelurahan" : "Wawosou",
  "kodepos" : "93393"
}, {
  "kecamatan" : "Wawonii Selatan",
  "kelurahan" : "Wawouso Baru",
  "kodepos" : "93393"
}, {
  "kecamatan" : "Wawonii Selatan",
  "kelurahan" : "Wawoone",
  "kodepos" : "93393"
}, {
  "kecamatan" : "Wawonii Utara",
  "kelurahan" : "Waworope",
  "kodepos" : "93393"
}, {
  "kecamatan" : "Wawonii Barat",
  "kelurahan" : "Wawolaa",
  "kodepos" : "93393"
}, {
  "kecamatan" : "Wawonii Utara",
  "kelurahan" : "Wawoea",
  "kodepos" : "93393"
}, {
  "kecamatan" : "Wawonii Barat",
  "kelurahan" : "Wawobili",
  "kodepos" : "93393"
}, {
  "kecamatan" : "Wawonii Utara",
  "kelurahan" : "Wawobeau",
  "kodepos" : "93393"
}, {
  "kecamatan" : "Wawonii Timur Laut",
  "kelurahan" : "Watuonde",
  "kodepos" : "93393"
}, {
  "kecamatan" : "Wawonii Timur",
  "kelurahan" : "Wakadawu",
  "kodepos" : "93393"
}, {
  "kecamatan" : "Wawonii Tengah",
  "kelurahan" : "Wawo Indah",
  "kodepos" : "93393"
}, {
  "kecamatan" : "Wawonii Tengah",
  "kelurahan" : "Tumbu Tumbu Jaya",
  "kodepos" : "93393"
}, {
  "kecamatan" : "Wawonii Utara",
  "kelurahan" : "Tumburano",
  "kodepos" : "93393"
}, {
  "kecamatan" : "Wawonii Tenggara",
  "kelurahan" : "Teparoko",
  "kodepos" : "93393"
}, {
  "kecamatan" : "Wawonii Tenggara",
  "kelurahan" : "Tondonggito",
  "kodepos" : "93393"
}, {
  "kecamatan" : "Wawonii Timur Laut",
  "kelurahan" : "Tangkombuno",
  "kodepos" : "93393"
}, {
  "kecamatan" : "Wawonii Timur",
  "kelurahan" : "Tekonea",
  "kodepos" : "93393"
}, {
  "kecamatan" : "Wawonii Utara",
  "kelurahan" : "Tambaone",
  "kodepos" : "93393"
}, {
  "kecamatan" : "Wawonii Utara",
  "kelurahan" : "Tambaone Utama",
  "kodepos" : "93393"
}, {
  "kecamatan" : "Wawonii Tenggara",
  "kelurahan" : "Sinar Masolo",
  "kodepos" : "93393"
}, {
  "kecamatan" : "Wawonii Tenggara",
  "kelurahan" : "Sukarela Jaya",
  "kodepos" : "93393"
}, {
  "kecamatan" : "Wawonii Tenggara",
  "kelurahan" : "Sinaalu Jaya",
  "kodepos" : "93393"
}, {
  "kecamatan" : "Wawonii Selatan",
  "kelurahan" : "Sawaea",
  "kodepos" : "93393"
}, {
  "kecamatan" : "Wawonii Selatan",
  "kelurahan" : "Sawapatani",
  "kodepos" : "93393"
}, {
  "kecamatan" : "Wawonii Tenggara",
  "kelurahan" : "Sainoa Indah",
  "kodepos" : "93393"
}, {
  "kecamatan" : "Wawonii Tenggara",
  "kelurahan" : "Sainoa Jaya",
  "kodepos" : "93393"
}, {
  "kecamatan" : "Wawonii Tengah",
  "kelurahan" : "Rawa Indah",
  "kodepos" : "93393"
}, {
  "kecamatan" : "Wawonii Tenggara",
  "kelurahan" : "Roko Roko",
  "kodepos" : "93393"
}, {
  "kecamatan" : "Wawonii Selatan",
  "kelurahan" : "Puuwatu",
  "kodepos" : "93393"
}, {
  "kecamatan" : "Wawonii Timur Laut",
  "kelurahan" : "Puurau",
  "kodepos" : "93393"
}, {
  "kecamatan" : "Wawonii Tenggara",
  "kelurahan" : "Polara",
  "kodepos" : "93393"
}, {
  "kecamatan" : "Wawonii Utara",
  "kelurahan" : "Palingi Barat",
  "kodepos" : "93393"
}, {
  "kecamatan" : "Wawonii Timur Laut",
  "kelurahan" : "Patande",
  "kodepos" : "93393"
}, {
  "kecamatan" : "Wawonii Utara",
  "kelurahan" : "Palingi",
  "kodepos" : "93393"
}, {
  "kecamatan" : "Wawonii Tenggara",
  "kelurahan" : "Nambo Jaya",
  "kodepos" : "93393"
}, {
  "kecamatan" : "Wawonii Tenggara",
  "kelurahan" : "Nambo Jaya",
  "kodepos" : "93393"
}, {
  "kecamatan" : "Wawonii Timur",
  "kelurahan" : "Nanga",
  "kodepos" : "93393"
}, {
  "kecamatan" : "Wawonii Timur",
  "kelurahan" : "Munse",
  "kodepos" : "93393"
}, {
  "kecamatan" : "Wawonii Timur",
  "kelurahan" : "Munse Indah",
  "kodepos" : "93393"
}, {
  "kecamatan" : "Wawonii Tengah",
  "kelurahan" : "Mekar Sari",
  "kodepos" : "93393"
}, {
  "kecamatan" : "Wawonii Tengah",
  "kelurahan" : "Morobea",
  "kodepos" : "93393"
}, {
  "kecamatan" : "Wawonii Utara",
  "kelurahan" : "Mataiwoi",
  "kodepos" : "93393"
}, {
  "kecamatan" : "Wawonii Utara",
  "kelurahan" : "Mawa",
  "kodepos" : "93393"
}, {
  "kecamatan" : "Wawonii Utara",
  "kelurahan" : "Matabubu",
  "kodepos" : "93393"
}, {
  "kecamatan" : "Wawonii Barat",
  "kelurahan" : "Mata Langgara",
  "kodepos" : "93393"
}, {
  "kecamatan" : "Wawonii Timur Laut",
  "kelurahan" : "Matabubu",
  "kodepos" : "93393"
}, {
  "kecamatan" : "Wawonii Timur Laut",
  "kelurahan" : "Mata Dimba",
  "kodepos" : "93393"
}, {
  "kecamatan" : "Wawonii Utara",
  "kelurahan" : "Mata Buranga",
  "kodepos" : "93393"
}, {
  "kecamatan" : "Wawonii Barat",
  "kelurahan" : "Mata Baho",
  "kodepos" : "93393"
}, {
  "kecamatan" : "Wawonii Tenggara",
  "kelurahan" : "Masolo",
  "kodepos" : "93393"
}, {
  "kecamatan" : "Wawonii Timur",
  "kelurahan" : "Laywo Jaya",
  "kodepos" : "93393"
}, {
  "kecamatan" : "Wawonii Timur",
  "kelurahan" : "Lebo",
  "kodepos" : "93393"
}, {
  "kecamatan" : "Wawonii Selatan",
  "kelurahan" : "Lawey",
  "kodepos" : "93393"
}, {
  "kecamatan" : "Wawonii Timur",
  "kelurahan" : "Lapulu",
  "kodepos" : "93393"
}, {
  "kecamatan" : "Wawonii Barat",
  "kelurahan" : "Langara Laut",
  "kodepos" : "93393"
}, {
  "kecamatan" : "Wawonii Utara",
  "kelurahan" : "Lansilowo",
  "kodepos" : "93393"
}, {
  "kecamatan" : "Wawonii Barat",
  "kelurahan" : "Langara Indah",
  "kodepos" : "93393"
}, {
  "kecamatan" : "Wawonii Barat",
  "kelurahan" : "Langara Iwawo",
  "kodepos" : "93393"
}, {
  "kecamatan" : "Wawonii Barat",
  "kelurahan" : "Langara Bajo",
  "kodepos" : "93393"
}, {
  "kecamatan" : "Wawonii Tengah",
  "kelurahan" : "Lamongupa",
  "kodepos" : "93393"
}, {
  "kecamatan" : "Wawonii Tengah",
  "kelurahan" : "Lampeapi",
  "kodepos" : "93393"
}, {
  "kecamatan" : "Wawonii Barat",
  "kelurahan" : "Lamaluo (Lamoluo)",
  "kodepos" : "93393"
}, {
  "kecamatan" : "Wawonii Timur Laut",
  "kelurahan" : "Ladianta",
  "kodepos" : "93393"
}, {
  "kecamatan" : "Wawonii Utara",
  "kelurahan" : "Labeau",
  "kodepos" : "93393"
}, {
  "kecamatan" : "Wawonii Utara",
  "kelurahan" : "Labisa",
  "kodepos" : "93393"
}, {
  "kecamatan" : "Wawonii Utara",
  "kelurahan" : "Dongkalaea",
  "kodepos" : "93393"
}, {
  "kecamatan" : "Wawonii Tenggara",
  "kelurahan" : "Dompo-dompo Jaya",
  "kodepos" : "93393"
}, {
  "kecamatan" : "Wawonii Timur Laut",
  "kelurahan" : "Dimba",
  "kodepos" : "93393"
}, {
  "kecamatan" : "Wawonii Barat",
  "kelurahan" : "Bukit Permai",
  "kodepos" : "93393"
}, {
  "kecamatan" : "Wawonii Selatan",
  "kelurahan" : "Bobolio",
  "kodepos" : "93393"
}, {
  "kecamatan" : "Wawonii Tengah",
  "kelurahan" : "Batumea",
  "kodepos" : "93393"
}, {
  "kecamatan" : "Wawonii Selatan",
  "kelurahan" : "Baku-baku",
  "kodepos" : "93393"
}, {
  "kecamatan" : "Wawonii Timur Laut",
  "kelurahan" : "Bangun Mekar",
  "kodepos" : "93393"
}, {
  "kecamatan" : "Wawonii Timur Laut",
  "kelurahan" : "Baho Bubu",
  "kodepos" : "93393"
}, {
  "kecamatan" : "Bondoala",
  "kelurahan" : "Wonua Morini",
  "kodepos" : "93354"
}, {
  "kecamatan" : "Sampara",
  "kelurahan" : "Wawolimbue",
  "kodepos" : "93354"
}, {
  "kecamatan" : "Kapoiala (Kapoyala)",
  "kelurahan" : "Ulu Lalimbue",
  "kodepos" : "93354"
}, {
  "kecamatan" : "Besulutu",
  "kelurahan" : "Ulupohara",
  "kodepos" : "93354"
}, {
  "kecamatan" : "Bondoala",
  "kelurahan" : "Tondowatu",
  "kodepos" : "93354"
}, {
  "kecamatan" : "Sampara",
  "kelurahan" : "Totambe Jaya",
  "kodepos" : "93354"
}, {
  "kecamatan" : "Kapoiala (Kapoyala)",
  "kelurahan" : "Tombawatu",
  "kodepos" : "93354"
}, {
  "kecamatan" : "Kapoiala (Kapoyala)",
  "kelurahan" : "Tani Indah",
  "kodepos" : "93354"
}, {
  "kecamatan" : "Bondoala",
  "kelurahan" : "Tanggobu",
  "kodepos" : "93354"
}, {
  "kecamatan" : "Besulutu",
  "kelurahan" : "Silea",
  "kodepos" : "93354"
}, {
  "kecamatan" : "Sampara",
  "kelurahan" : "Tabanggele",
  "kodepos" : "93354"
}, {
  "kecamatan" : "Kapoiala (Kapoyala)",
  "kelurahan" : "Sambaraasi",
  "kodepos" : "93354"
}, {
  "kecamatan" : "Sampara",
  "kelurahan" : "Sampara",
  "kodepos" : "93354"
}, {
  "kecamatan" : "Besulutu",
  "kelurahan" : "Ranomolua",
  "kodepos" : "93354"
}, {
  "kecamatan" : "Sampara",
  "kelurahan" : "Rawua",
  "kodepos" : "93354"
}, {
  "kecamatan" : "Bondoala",
  "kelurahan" : "Puurui (Puuruy)",
  "kodepos" : "93354"
}, {
  "kecamatan" : "Bondoala",
  "kelurahan" : "Rambu Kongga",
  "kodepos" : "93354"
}, {
  "kecamatan" : "Besulutu",
  "kelurahan" : "Puundoho",
  "kodepos" : "93354"
}, {
  "kecamatan" : "Sampara",
  "kelurahan" : "Puuloro",
  "kodepos" : "93354"
}, {
  "kecamatan" : "Besulutu",
  "kelurahan" : "Punggaluku",
  "kodepos" : "93354"
}, {
  "kecamatan" : "Sampara",
  "kelurahan" : "Pusangi (Puusangi)",
  "kodepos" : "93354"
}, {
  "kecamatan" : "Sampara",
  "kelurahan" : "Pohara",
  "kodepos" : "93354"
}, {
  "kecamatan" : "Sampara",
  "kelurahan" : "Polua",
  "kodepos" : "93354"
}, {
  "kecamatan" : "Bondoala",
  "kelurahan" : "Porara",
  "kodepos" : "93354"
}, {
  "kecamatan" : "Bondoala",
  "kelurahan" : "Pebunooha Dalam",
  "kodepos" : "93354"
}, {
  "kecamatan" : "Kapoiala (Kapoyala)",
  "kelurahan" : "Pereoe",
  "kodepos" : "93354"
}, {
  "kecamatan" : "Bondoala",
  "kelurahan" : "Paku Jaya",
  "kodepos" : "93354"
}, {
  "kecamatan" : "Bondoala",
  "kelurahan" : "Pebunooha",
  "kodepos" : "93354"
}, {
  "kecamatan" : "Bondoala",
  "kelurahan" : "Paku",
  "kodepos" : "93354"
}, {
  "kecamatan" : "Kapoiala (Kapoyala)",
  "kelurahan" : "Muara Sampara",
  "kodepos" : "93354"
}, {
  "kecamatan" : "Besulutu",
  "kelurahan" : "Onembute",
  "kodepos" : "93354"
}, {
  "kecamatan" : "Bondoala",
  "kelurahan" : "Mendikonu",
  "kodepos" : "93354"
}, {
  "kecamatan" : "Bondoala",
  "kelurahan" : "Morosi",
  "kodepos" : "93354"
}, {
  "kecamatan" : "Besulutu",
  "kelurahan" : "Lawonua",
  "kodepos" : "93354"
}, {
  "kecamatan" : "Bondoala",
  "kelurahan" : "Laosu Jaya",
  "kodepos" : "93354"
}, {
  "kecamatan" : "Sampara",
  "kelurahan" : "Lasoso",
  "kodepos" : "93354"
}, {
  "kecamatan" : "Bondoala",
  "kelurahan" : "Laosu",
  "kodepos" : "93354"
}, {
  "kecamatan" : "Besulutu",
  "kelurahan" : "Laloumera",
  "kodepos" : "93354"
}, {
  "kecamatan" : "Kapoiala (Kapoyala)",
  "kelurahan" : "Lamendora",
  "kodepos" : "93354"
}, {
  "kecamatan" : "Kapoiala (Kapoyala)",
  "kelurahan" : "Lalonggombuno",
  "kodepos" : "93354"
}, {
  "kecamatan" : "Bondoala",
  "kelurahan" : "Lalonggaluku",
  "kodepos" : "93354"
}, {
  "kecamatan" : "Kapoiala (Kapoyala)",
  "kelurahan" : "Lalimbue",
  "kodepos" : "93354"
}, {
  "kecamatan" : "Kapoiala (Kapoyala)",
  "kelurahan" : "Lalimbue Jaya",
  "kodepos" : "93354"
}, {
  "kecamatan" : "Kapoiala (Kapoyala)",
  "kelurahan" : "Labotoy",
  "kodepos" : "93354"
}, {
  "kecamatan" : "Sampara",
  "kelurahan" : "Lakomea",
  "kodepos" : "93354"
}, {
  "kecamatan" : "Sampara",
  "kelurahan" : "Konggamea",
  "kodepos" : "93354"
}, {
  "kecamatan" : "Besulutu",
  "kelurahan" : "Labela",
  "kodepos" : "93354"
}, {
  "kecamatan" : "Kapoiala (Kapoyala)",
  "kelurahan" : "Kapoiala",
  "kodepos" : "93354"
}, {
  "kecamatan" : "Kapoiala (Kapoyala)",
  "kelurahan" : "Kapoiala Baru",
  "kodepos" : "93354"
}, {
  "kecamatan" : "Sampara",
  "kelurahan" : "Galu",
  "kodepos" : "93354"
}, {
  "kecamatan" : "Bondoala",
  "kelurahan" : "Diolo",
  "kodepos" : "93354"
}, {
  "kecamatan" : "Sampara",
  "kelurahan" : "Bondoala",
  "kodepos" : "93354"
}, {
  "kecamatan" : "Besulutu",
  "kelurahan" : "Besulutu",
  "kodepos" : "93354"
}, {
  "kecamatan" : "Bondoala",
  "kelurahan" : "Besu",
  "kodepos" : "93354"
}, {
  "kecamatan" : "Sampara",
  "kelurahan" : "Baini",
  "kodepos" : "93354"
}, {
  "kecamatan" : "Sampara",
  "kelurahan" : "Bao-Bao",
  "kodepos" : "93354"
}, {
  "kecamatan" : "Sampara",
  "kelurahan" : "Anggalomoare",
  "kodepos" : "93354"
}, {
  "kecamatan" : "Besulutu",
  "kelurahan" : "Asunde",
  "kodepos" : "93354"
}, {
  "kecamatan" : "Sampara",
  "kelurahan" : "Andepali",
  "kodepos" : "93354"
}, {
  "kecamatan" : "Besulutu",
  "kelurahan" : "Andomesinggo",
  "kodepos" : "93354"
}, {
  "kecamatan" : "Sampara",
  "kelurahan" : "Andadowi",
  "kodepos" : "93354"
}, {
  "kecamatan" : "Sampara",
  "kelurahan" : "Andaroa",
  "kodepos" : "93354"
}, {
  "kecamatan" : "Besulutu",
  "kelurahan" : "Amosilu",
  "kodepos" : "93354"
}, {
  "kecamatan" : "Sampara",
  "kelurahan" : "Abeli Sawa (Abelisawah)",
  "kodepos" : "93354"
}, {
  "kecamatan" : "Routa",
  "kelurahan" : "Walandawe",
  "kodepos" : "93353"
}, {
  "kecamatan" : "Routa",
  "kelurahan" : "Tirawonua",
  "kodepos" : "93353"
}, {
  "kecamatan" : "Routa",
  "kelurahan" : "Routa",
  "kodepos" : "93353"
}, {
  "kecamatan" : "Routa",
  "kelurahan" : "Parudongka",
  "kodepos" : "93353"
}, {
  "kecamatan" : "Lalonggasumeeto",
  "kelurahan" : "Wawobungi",
  "kodepos" : "93351"
}, {
  "kecamatan" : "Soropia",
  "kelurahan" : "Waworaha",
  "kodepos" : "93351"
}, {
  "kecamatan" : "Lalonggasumeeto",
  "kelurahan" : "Watunggarandu",
  "kodepos" : "93351"
}, {
  "kecamatan" : "Soropia",
  "kelurahan" : "Toronipa",
  "kodepos" : "93351"
}, {
  "kecamatan" : "Lalonggasumeeto",
  "kelurahan" : "Toli Toli",
  "kodepos" : "93351"
}, {
  "kecamatan" : "Lalonggasumeeto",
  "kelurahan" : "Toolawawo",
  "kodepos" : "93351"
}, {
  "kecamatan" : "Soropia",
  "kelurahan" : "Telaga Biru",
  "kodepos" : "93351"
}, {
  "kecamatan" : "Soropia",
  "kelurahan" : "Sorue Jaya",
  "kodepos" : "93351"
}, {
  "kecamatan" : "Soropia",
  "kelurahan" : "Tapulaga",
  "kodepos" : "93351"
}, {
  "kecamatan" : "Soropia",
  "kelurahan" : "Saponda Laut",
  "kodepos" : "93351"
}, {
  "kecamatan" : "Soropia",
  "kelurahan" : "Sawapudo",
  "kodepos" : "93351"
}, {
  "kecamatan" : "Soropia",
  "kelurahan" : "Soropia",
  "kodepos" : "93351"
}, {
  "kecamatan" : "Lalonggasumeeto",
  "kelurahan" : "Rapambinopaka",
  "kodepos" : "93351"
}, {
  "kecamatan" : "Soropia",
  "kelurahan" : "Saponda",
  "kodepos" : "93351"
}, {
  "kecamatan" : "Lalonggasumeeto",
  "kelurahan" : "Puuwonua",
  "kodepos" : "93351"
}, {
  "kecamatan" : "Lalonggasumeeto",
  "kelurahan" : "Nii Tanasa",
  "kodepos" : "93351"
}, {
  "kecamatan" : "Soropia",
  "kelurahan" : "Mekar",
  "kodepos" : "93351"
}, {
  "kecamatan" : "Lalonggasumeeto",
  "kelurahan" : "Lolanggasumeeto",
  "kodepos" : "93351"
}, {
  "kecamatan" : "Soropia",
  "kelurahan" : "Leppe",
  "kodepos" : "93351"
}, {
  "kecamatan" : "Lalonggasumeeto",
  "kelurahan" : "Bumi Indah",
  "kodepos" : "93351"
}, {
  "kecamatan" : "Lalonggasumeeto",
  "kelurahan" : "Lalombonda",
  "kodepos" : "93351"
}, {
  "kecamatan" : "Soropia",
  "kelurahan" : "Bajoe",
  "kodepos" : "93351"
}, {
  "kecamatan" : "Soropia",
  "kelurahan" : "Bokori",
  "kodepos" : "93351"
}, {
  "kecamatan" : "Soropia",
  "kelurahan" : "Bajo Indah",
  "kodepos" : "93351"
}, {
  "kecamatan" : "Soropia",
  "kelurahan" : "Atowatu",
  "kodepos" : "93351"
} ]
