[ {
  "kecamatan" : "Penjaringan",
  "kelurahan" : "Kamal Muara",
  "kodepos" : "14470"
}, {
  "kecamatan" : "Penjaringan",
  "kelurahan" : "Pluit",
  "kodepos" : "14450"
}, {
  "kecamatan" : "Penjaringan",
  "kelurahan" : "Kapuk Muara",
  "kodepos" : "14460"
}, {
  "kecamatan" : "Penjaringan",
  "kelurahan" : "Pejagalan",
  "kodepos" : "14450"
}, {
  "kecamatan" : "Pademangan",
  "kelurahan" : "Ancol",
  "kodepos" : "14430"
}, {
  "kecamatan" : "Penjaringan",
  "kelurahan" : "Penjaringan",
  "kodepos" : "14440"
}, {
  "kecamatan" : "Pademangan",
  "kelurahan" : "Pademangan Timur",
  "kodepos" : "14410"
}, {
  "kecamatan" : "Pademangan",
  "kelurahan" : "Pademangan Barat",
  "kodepos" : "14420"
}, {
  "kecamatan" : "Tanjung Priok",
  "kelurahan" : "Sunter Jaya",
  "kodepos" : "14360"
}, {
  "kecamatan" : "Tanjung Priok",
  "kelurahan" : "Warakas",
  "kodepos" : "14370"
}, {
  "kecamatan" : "Tanjung Priok",
  "kelurahan" : "Papanggo",
  "kodepos" : "14340"
}, {
  "kecamatan" : "Tanjung Priok",
  "kelurahan" : "Sunter Agung",
  "kodepos" : "14350"
}, {
  "kecamatan" : "Tanjung Priok",
  "kelurahan" : "Sungai Bambu",
  "kodepos" : "14330"
}, {
  "kecamatan" : "Tanjung Priok",
  "kelurahan" : "Tanjung Priok",
  "kodepos" : "14310"
}, {
  "kecamatan" : "Tanjung Priok",
  "kelurahan" : "Kebon Bawang",
  "kodepos" : "14320"
}, {
  "kecamatan" : "Koja",
  "kelurahan" : "Lagoa",
  "kodepos" : "14270"
}, {
  "kecamatan" : "Koja",
  "kelurahan" : "Tugu Utara",
  "kodepos" : "14260"
}, {
  "kecamatan" : "Kelapa Gading",
  "kelurahan" : "Kelapa Gading Timur",
  "kodepos" : "14240"
}, {
  "kecamatan" : "Kelapa Gading",
  "kelurahan" : "Pegangsaan Dua",
  "kodepos" : "14250"
}, {
  "kecamatan" : "Koja",
  "kelurahan" : "Tugu Selatan",
  "kodepos" : "14260"
}, {
  "kecamatan" : "Kelapa Gading",
  "kelurahan" : "Kelapa Gading Barat",
  "kodepos" : "14240"
}, {
  "kecamatan" : "Koja",
  "kelurahan" : "Rawa Badak Selatan",
  "kodepos" : "14230"
}, {
  "kecamatan" : "Koja",
  "kelurahan" : "Rawa Badak Utara",
  "kodepos" : "14230"
}, {
  "kecamatan" : "Cilincing",
  "kelurahan" : "Marunda",
  "kodepos" : "14150"
}, {
  "kecamatan" : "Koja",
  "kelurahan" : "Koja (Utara-Selatan)",
  "kodepos" : "14210"
}, {
  "kecamatan" : "Cilincing",
  "kelurahan" : "Sukapura",
  "kodepos" : "14140"
}, {
  "kecamatan" : "Cilincing",
  "kelurahan" : "Semper Barat",
  "kodepos" : "14130"
}, {
  "kecamatan" : "Cilincing",
  "kelurahan" : "Semper Timur",
  "kodepos" : "14130"
}, {
  "kecamatan" : "Cilincing",
  "kelurahan" : "Rorotan",
  "kodepos" : "14140"
}, {
  "kecamatan" : "Cilincing",
  "kelurahan" : "Cilincing",
  "kodepos" : "14120"
}, {
  "kecamatan" : "Cilincing",
  "kelurahan" : "Kali Baru",
  "kodepos" : "14110"
} ]
