[ {
  "kecamatan" : "Bungi",
  "kelurahan" : "Tampuna",
  "kodepos" : "93758"
}, {
  "kecamatan" : "Bungi",
  "kelurahan" : "Walia Buku",
  "kodepos" : "93758"
}, {
  "kecamatan" : "Lea-Lea",
  "kelurahan" : "Palabusa",
  "kodepos" : "93758"
}, {
  "kecamatan" : "Bungi",
  "kelurahan" : "Ngkaring-Karing (Ngkari-Ngkari)",
  "kodepos" : "93758"
}, {
  "kecamatan" : "Lea-Lea",
  "kelurahan" : "Kolese",
  "kodepos" : "93758"
}, {
  "kecamatan" : "Lea-Lea",
  "kelurahan" : "Lowu-Lowu",
  "kodepos" : "93758"
}, {
  "kecamatan" : "Bungi",
  "kelurahan" : "Lia Buku",
  "kodepos" : "93758"
}, {
  "kecamatan" : "Lea-Lea",
  "kelurahan" : "Kantalai",
  "kodepos" : "93758"
}, {
  "kecamatan" : "Bungi",
  "kelurahan" : "Kampeonaho",
  "kodepos" : "93758"
}, {
  "kecamatan" : "Lea-Lea",
  "kelurahan" : "Kalia Lia",
  "kodepos" : "93758"
}, {
  "kecamatan" : "Sora Walio (Sorowalio)",
  "kelurahan" : "Karya Baru",
  "kodepos" : "93757"
}, {
  "kecamatan" : "Sora Walio (Sorowalio)",
  "kelurahan" : "Gonda Baru",
  "kodepos" : "93757"
}, {
  "kecamatan" : "Sora Walio (Sorowalio)",
  "kelurahan" : "Kaisabu Baru",
  "kodepos" : "93757"
}, {
  "kecamatan" : "Sora Walio (Sorowalio)",
  "kelurahan" : "Bugi",
  "kodepos" : "93757"
}, {
  "kecamatan" : "Murhum",
  "kelurahan" : "Melai",
  "kodepos" : "93727"
}, {
  "kecamatan" : "Murhum",
  "kelurahan" : "Wajo",
  "kodepos" : "93726"
}, {
  "kecamatan" : "Murhum",
  "kelurahan" : "Baadia",
  "kodepos" : "93727"
}, {
  "kecamatan" : "Betoambari",
  "kelurahan" : "Labalawa",
  "kodepos" : "93725"
}, {
  "kecamatan" : "Murhum",
  "kelurahan" : "Lamangga",
  "kodepos" : "93725"
}, {
  "kecamatan" : "Batupoaro",
  "kelurahan" : "Tarafu",
  "kodepos" : "93722"
}, {
  "kecamatan" : "Batupoaro",
  "kelurahan" : "Wameo",
  "kodepos" : "93722"
}, {
  "kecamatan" : "Batupoaro",
  "kelurahan" : "Wameo",
  "kodepos" : "93722"
}, {
  "kecamatan" : "Betoambari",
  "kelurahan" : "Waborobo",
  "kodepos" : "93721"
}, {
  "kecamatan" : "Murhum",
  "kelurahan" : "Tanganapada",
  "kodepos" : "93721"
}, {
  "kecamatan" : "Betoambari",
  "kelurahan" : "Sulaa",
  "kodepos" : "93721"
}, {
  "kecamatan" : "Batupoaro",
  "kelurahan" : "Nganganaumala",
  "kodepos" : "93721"
}, {
  "kecamatan" : "Betoambari",
  "kelurahan" : "Lipu",
  "kodepos" : "93721"
}, {
  "kecamatan" : "Batupoaro",
  "kelurahan" : "Kaobula",
  "kodepos" : "93721"
}, {
  "kecamatan" : "Batupoaro",
  "kelurahan" : "Lanto",
  "kodepos" : "93721"
}, {
  "kecamatan" : "Batupoaro",
  "kelurahan" : "Bone-Bone",
  "kodepos" : "93721"
}, {
  "kecamatan" : "Kokalukuna",
  "kelurahan" : "Waruruma",
  "kodepos" : "93719"
}, {
  "kecamatan" : "Wolio",
  "kelurahan" : "Batulo",
  "kodepos" : "93717"
}, {
  "kecamatan" : "Kokalukuna",
  "kelurahan" : "Lakologou (Lakologuo)",
  "kodepos" : "93719"
}, {
  "kecamatan" : "Kokalukuna",
  "kelurahan" : "Kadolo",
  "kodepos" : "93716"
}, {
  "kecamatan" : "Kokalukuna",
  "kelurahan" : "Kadolomoko",
  "kodepos" : "93716"
}, {
  "kecamatan" : "Wolio",
  "kelurahan" : "Bataraguru",
  "kodepos" : "93714"
}, {
  "kecamatan" : "Wolio",
  "kelurahan" : "Kadolo Katapi",
  "kodepos" : "93715"
}, {
  "kecamatan" : "Wolio",
  "kelurahan" : "Wangkanapi",
  "kodepos" : "93713"
}, {
  "kecamatan" : "Wolio",
  "kelurahan" : "Tomba",
  "kodepos" : "93712"
}, {
  "kecamatan" : "Wolio",
  "kelurahan" : "Wale",
  "kodepos" : "93711"
}, {
  "kecamatan" : "Kokalukuna",
  "kelurahan" : "Liwuto",
  "kodepos" : "93711"
}, {
  "kecamatan" : "Kokalukuna",
  "kelurahan" : "Sukanayo (Sukanaeyo)",
  "kodepos" : "93711"
}, {
  "kecamatan" : "Wolio",
  "kelurahan" : "Bukit Wolio Indah",
  "kodepos" : "93711"
} ]
