[ {
  "kecamatan" : "Bonegunu",
  "kelurahan" : "Waode Kalowo",
  "kodepos" : "93673"
}, {
  "kecamatan" : "Bonegunu",
  "kelurahan" : "Ronta",
  "kodepos" : "93673"
}, {
  "kecamatan" : "Bonegunu",
  "kelurahan" : "Tatombuli",
  "kodepos" : "93673"
}, {
  "kecamatan" : "Bonegunu",
  "kelurahan" : "Waode Angkalo",
  "kodepos" : "93673"
}, {
  "kecamatan" : "Bonegunu",
  "kelurahan" : "Rante Gola",
  "kodepos" : "93673"
}, {
  "kecamatan" : "Kambowa",
  "kelurahan" : "Pongkawulu",
  "kodepos" : "93673"
}, {
  "kecamatan" : "Bonegunu",
  "kelurahan" : "Ngapa&#8217;ea",
  "kodepos" : "93673"
}, {
  "kecamatan" : "Kambowa",
  "kelurahan" : "Morindino",
  "kodepos" : "93673"
}, {
  "kecamatan" : "Bonegunu",
  "kelurahan" : "Langere",
  "kodepos" : "93673"
}, {
  "kecamatan" : "Kambowa",
  "kelurahan" : "Mata",
  "kodepos" : "93673"
}, {
  "kecamatan" : "Bonegunu",
  "kelurahan" : "Laanoipi",
  "kodepos" : "93673"
}, {
  "kecamatan" : "Kambowa",
  "kelurahan" : "Lagundi",
  "kodepos" : "93673"
}, {
  "kecamatan" : "Kambowa",
  "kelurahan" : "Lahamoko Jaya",
  "kodepos" : "93673"
}, {
  "kecamatan" : "Bonegunu",
  "kelurahan" : "Koepisino",
  "kodepos" : "93673"
}, {
  "kecamatan" : "Kambowa",
  "kelurahan" : "Kondo",
  "kodepos" : "93673"
}, {
  "kecamatan" : "Kambowa",
  "kelurahan" : "Kambowa",
  "kodepos" : "93673"
}, {
  "kecamatan" : "Bonegunu",
  "kelurahan" : "Koboruno",
  "kodepos" : "93673"
}, {
  "kecamatan" : "Bonegunu",
  "kelurahan" : "Gunung Sari",
  "kodepos" : "93673"
}, {
  "kecamatan" : "Bonegunu",
  "kelurahan" : "Damai Laborona",
  "kodepos" : "93673"
}, {
  "kecamatan" : "Bonegunu",
  "kelurahan" : "Een Sumala",
  "kodepos" : "93673"
}, {
  "kecamatan" : "Kambowa",
  "kelurahan" : "Bubu Barat",
  "kodepos" : "93673"
}, {
  "kecamatan" : "Bonegunu",
  "kelurahan" : "Buranga",
  "kodepos" : "93673"
}, {
  "kecamatan" : "Kambowa",
  "kelurahan" : "Bubu",
  "kodepos" : "93673"
}, {
  "kecamatan" : "Bonegunu",
  "kelurahan" : "Bonegunu",
  "kodepos" : "93673"
}, {
  "kecamatan" : "Kambowa",
  "kelurahan" : "Bente",
  "kodepos" : "93673"
}, {
  "kecamatan" : "Kambowa",
  "kelurahan" : "Baluara",
  "kodepos" : "93673"
}, {
  "kecamatan" : "Kulisusu Utara",
  "kelurahan" : "Wowonga Jaya",
  "kodepos" : "93672"
}, {
  "kecamatan" : "Kulisusu (Kalingsusu/Kalisusu)",
  "kelurahan" : "Wasalabose",
  "kodepos" : "93672"
}, {
  "kecamatan" : "Kulisusu (Kalingsusu/Kalisusu)",
  "kelurahan" : "Wandaka",
  "kodepos" : "93672"
}, {
  "kecamatan" : "Kulisusu Utara",
  "kelurahan" : "Waode Buri",
  "kodepos" : "93672"
}, {
  "kecamatan" : "Kulisusu (Kalingsusu/Kalisusu)",
  "kelurahan" : "Waculaea",
  "kodepos" : "93672"
}, {
  "kecamatan" : "Kulisusu Utara",
  "kelurahan" : "Wamboule",
  "kodepos" : "93672"
}, {
  "kecamatan" : "Kulisusu Utara",
  "kelurahan" : "Ulunambo",
  "kodepos" : "93672"
}, {
  "kecamatan" : "Kulisusu (Kalingsusu/Kalisusu)",
  "kelurahan" : "Tri Wacu-Wacu",
  "kodepos" : "93672"
}, {
  "kecamatan" : "Kulisusu Utara",
  "kelurahan" : "Torombia (Torumbia)",
  "kodepos" : "93672"
}, {
  "kecamatan" : "Kulisusu (Kalingsusu/Kalisusu)",
  "kelurahan" : "Tomoahi",
  "kodepos" : "93672"
}, {
  "kecamatan" : "Kulisusu (Kalingsusu/Kalisusu)",
  "kelurahan" : "Sara&#8217;ea",
  "kodepos" : "93672"
}, {
  "kecamatan" : "Kulisusu Barat",
  "kelurahan" : "Soloy/Soioi Agung",
  "kodepos" : "93672"
}, {
  "kecamatan" : "Kulisusu (Kalingsusu/Kalisusu)",
  "kelurahan" : "Rombo",
  "kodepos" : "93672"
}, {
  "kecamatan" : "Kulisusu Barat",
  "kelurahan" : "Rahmat Baru",
  "kodepos" : "93672"
}, {
  "kecamatan" : "Kulisusu Utara",
  "kelurahan" : "Pebaoa",
  "kodepos" : "93672"
}, {
  "kecamatan" : "Kulisusu Utara",
  "kelurahan" : "Peteteaa",
  "kodepos" : "93672"
}, {
  "kecamatan" : "Kulisusu Barat",
  "kelurahan" : "Marga Karya",
  "kodepos" : "93672"
}, {
  "kecamatan" : "Kulisusu Barat",
  "kelurahan" : "Mekar Jaya",
  "kodepos" : "93672"
}, {
  "kecamatan" : "Kulisusu (Kalingsusu/Kalisusu)",
  "kelurahan" : "Loji",
  "kodepos" : "93672"
}, {
  "kecamatan" : "Kulisusu (Kalingsusu/Kalisusu)",
  "kelurahan" : "Malalanda",
  "kodepos" : "93672"
}, {
  "kecamatan" : "Kulisusu (Kalingsusu/Kalisusu)",
  "kelurahan" : "Linsowu",
  "kodepos" : "93672"
}, {
  "kecamatan" : "Kulisusu (Kalingsusu/Kalisusu)",
  "kelurahan" : "Lipu",
  "kodepos" : "93672"
}, {
  "kecamatan" : "Kulisusu (Kalingsusu/Kalisusu)",
  "kelurahan" : "Lemo (Bonerombo)",
  "kodepos" : "93672"
}, {
  "kecamatan" : "Kulisusu (Kalingsusu/Kalisusu)",
  "kelurahan" : "Lemo Ea",
  "kodepos" : "93672"
}, {
  "kecamatan" : "Kulisusu Utara",
  "kelurahan" : "Lelamo",
  "kodepos" : "93672"
}, {
  "kecamatan" : "Kulisusu Barat",
  "kelurahan" : "Lauki",
  "kodepos" : "93672"
}, {
  "kecamatan" : "Kulisusu (Kalingsusu/Kalisusu)",
  "kelurahan" : "Lantagi",
  "kodepos" : "93672"
}, {
  "kecamatan" : "Kulisusu Barat",
  "kelurahan" : "Lapandewa",
  "kodepos" : "93672"
}, {
  "kecamatan" : "Kulisusu Barat",
  "kelurahan" : "Lampala Jaya (Dampala Jaya)",
  "kodepos" : "93672"
}, {
  "kecamatan" : "Kulisusu (Kalingsusu/Kalisusu)",
  "kelurahan" : "Lakonea",
  "kodepos" : "93672"
}, {
  "kecamatan" : "Kulisusu Barat",
  "kelurahan" : "Lambale",
  "kodepos" : "93672"
}, {
  "kecamatan" : "Kulisusu Utara",
  "kelurahan" : "Lamoahi",
  "kodepos" : "93672"
}, {
  "kecamatan" : "Kulisusu Barat",
  "kelurahan" : "Labulanda",
  "kodepos" : "93672"
}, {
  "kecamatan" : "Kulisusu Utara",
  "kelurahan" : "Labelete",
  "kodepos" : "93672"
}, {
  "kecamatan" : "Kulisusu (Kalingsusu/Kalisusu)",
  "kelurahan" : "Laangke",
  "kodepos" : "93672"
}, {
  "kecamatan" : "Kulisusu Utara",
  "kelurahan" : "Laanosangia (Lanosangia)",
  "kodepos" : "93672"
}, {
  "kecamatan" : "Kulisusu Utara",
  "kelurahan" : "Kurolabu",
  "kodepos" : "93672"
}, {
  "kecamatan" : "Kulisusu Barat",
  "kelurahan" : "Kotawo (Kotawa)",
  "kodepos" : "93672"
}, {
  "kecamatan" : "Kulisusu Barat",
  "kelurahan" : "Karya Mulya",
  "kodepos" : "93672"
}, {
  "kecamatan" : "Kulisusu Barat",
  "kelurahan" : "Kasulatombi",
  "kodepos" : "93672"
}, {
  "kecamatan" : "Kulisusu (Kalingsusu/Kalisusu)",
  "kelurahan" : "Kalibu",
  "kodepos" : "93672"
}, {
  "kecamatan" : "Kulisusu Barat",
  "kelurahan" : "Karya Bakti",
  "kodepos" : "93672"
}, {
  "kecamatan" : "Kulisusu (Kalingsusu/Kalisusu)",
  "kelurahan" : "Jampaka",
  "kodepos" : "93672"
}, {
  "kecamatan" : "Kulisusu (Kalingsusu/Kalisusu)",
  "kelurahan" : "Kadacua",
  "kodepos" : "93672"
}, {
  "kecamatan" : "Kulisusu (Kalingsusu/Kalisusu)",
  "kelurahan" : "Eelahaji",
  "kodepos" : "93672"
}, {
  "kecamatan" : "Kulisusu Utara",
  "kelurahan" : "E&#8217;erinere",
  "kodepos" : "93672"
}, {
  "kecamatan" : "Kulisusu (Kalingsusu/Kalisusu)",
  "kelurahan" : "Bonelipu",
  "kodepos" : "93672"
}, {
  "kecamatan" : "Kulisusu Barat",
  "kelurahan" : "Bumi Lapero/Lapera",
  "kodepos" : "93672"
}, {
  "kecamatan" : "Kulisusu Utara",
  "kelurahan" : "Bira",
  "kodepos" : "93672"
}, {
  "kecamatan" : "Kulisusu (Kalingsusu/Kalisusu)",
  "kelurahan" : "Banu-Banua Jaya",
  "kodepos" : "93672"
}, {
  "kecamatan" : "Kulisusu (Kalingsusu/Kalisusu)",
  "kelurahan" : "Bangkudu (Ereke)",
  "kodepos" : "93672"
}, {
  "kecamatan" : "Wakorumba Utara",
  "kelurahan" : "Wantulasi",
  "kodepos" : "93671"
}, {
  "kecamatan" : "Wakorumba Utara",
  "kelurahan" : "Wamorapa",
  "kodepos" : "93671"
}, {
  "kecamatan" : "Wakorumba Utara",
  "kelurahan" : "Oengkapala",
  "kodepos" : "93671"
}, {
  "kecamatan" : "Wakorumba Utara",
  "kelurahan" : "Sumampeno",
  "kodepos" : "93671"
}, {
  "kecamatan" : "Wakorumba Utara",
  "kelurahan" : "Lasiwa",
  "kodepos" : "93671"
}, {
  "kecamatan" : "Wakorumba Utara",
  "kelurahan" : "Matalagi",
  "kodepos" : "93671"
}, {
  "kecamatan" : "Wakorumba Utara",
  "kelurahan" : "Labuko",
  "kodepos" : "93671"
}, {
  "kecamatan" : "Wakorumba Utara",
  "kelurahan" : "Laea",
  "kodepos" : "93671"
}, {
  "kecamatan" : "Wakorumba Utara",
  "kelurahan" : "Labuan",
  "kodepos" : "93671"
}, {
  "kecamatan" : "Wakorumba Utara",
  "kelurahan" : "Labuan Bajo",
  "kodepos" : "93671"
}, {
  "kecamatan" : "Wakorumba Utara",
  "kelurahan" : "Labuan Walio",
  "kodepos" : "93671"
}, {
  "kecamatan" : "Wakorumba Utara",
  "kelurahan" : "Laba Jaya",
  "kodepos" : "93671"
}, {
  "kecamatan" : "Wakorumba Utara",
  "kelurahan" : "Labaraga",
  "kodepos" : "93671"
} ]
