[ {
  "kecamatan" : "Ranoyapo",
  "kelurahan" : "Powalutan",
  "kodepos" : "95999"
}, {
  "kecamatan" : "Ranoyapo",
  "kelurahan" : "Ranoyapo (Ranoiapo)",
  "kodepos" : "95999"
}, {
  "kecamatan" : "Ranoyapo",
  "kelurahan" : "Poopo Barat",
  "kodepos" : "95999"
}, {
  "kecamatan" : "Ranoyapo",
  "kelurahan" : "Poopo Utara",
  "kodepos" : "95999"
}, {
  "kecamatan" : "Ranoyapo",
  "kelurahan" : "Poopo",
  "kodepos" : "95999"
}, {
  "kecamatan" : "Ranoyapo",
  "kelurahan" : "Pontak",
  "kodepos" : "95999"
}, {
  "kecamatan" : "Motoling Timur",
  "kelurahan" : "Picuan Satu",
  "kodepos" : "95999"
}, {
  "kecamatan" : "Ranoyapo",
  "kelurahan" : "Pontak Satu",
  "kodepos" : "95999"
}, {
  "kecamatan" : "Ranoyapo",
  "kelurahan" : "Lompad Baru",
  "kodepos" : "95999"
}, {
  "kecamatan" : "Ranoyapo",
  "kelurahan" : "Mopolo",
  "kodepos" : "95999"
}, {
  "kecamatan" : "Motoling Timur",
  "kelurahan" : "Picuan",
  "kodepos" : "95999"
}, {
  "kecamatan" : "Ranoyapo",
  "kelurahan" : "Beringin",
  "kodepos" : "95999"
}, {
  "kecamatan" : "Ranoyapo",
  "kelurahan" : "Lompad",
  "kodepos" : "95999"
}, {
  "kecamatan" : "Sinonsayang",
  "kelurahan" : "Tiniwangko (Tiniawangko)",
  "kodepos" : "95959"
}, {
  "kecamatan" : "Sinonsayang",
  "kelurahan" : "Tanamon",
  "kodepos" : "95959"
}, {
  "kecamatan" : "Sinonsayang",
  "kelurahan" : "Poigar Satu",
  "kodepos" : "95959"
}, {
  "kecamatan" : "Sinonsayang",
  "kelurahan" : "Poigar Dua",
  "kodepos" : "95959"
}, {
  "kecamatan" : "Sinonsayang",
  "kelurahan" : "Ongkaw Dua",
  "kodepos" : "95959"
}, {
  "kecamatan" : "Sinonsayang",
  "kelurahan" : "Ongkaw Satu",
  "kodepos" : "95959"
}, {
  "kecamatan" : "Sinonsayang",
  "kelurahan" : "Durian",
  "kodepos" : "95959"
}, {
  "kecamatan" : "Sinonsayang",
  "kelurahan" : "Boyong Pante",
  "kodepos" : "95959"
}, {
  "kecamatan" : "Sinonsayang",
  "kelurahan" : "Blongko",
  "kodepos" : "95959"
}, {
  "kecamatan" : "Sinonsayang",
  "kelurahan" : "Aergale",
  "kodepos" : "95959"
}, {
  "kecamatan" : "Modoinding",
  "kelurahan" : "Wulurmaatus",
  "kodepos" : "95958"
}, {
  "kecamatan" : "Modoinding",
  "kelurahan" : "Sinisir",
  "kodepos" : "95958"
}, {
  "kecamatan" : "Modoinding",
  "kelurahan" : "Pinasungkulan Utara",
  "kodepos" : "95958"
}, {
  "kecamatan" : "Modoinding",
  "kelurahan" : "Pinasungkulan",
  "kodepos" : "95958"
}, {
  "kecamatan" : "Modoinding",
  "kelurahan" : "Palelon",
  "kodepos" : "95958"
}, {
  "kecamatan" : "Modoinding",
  "kelurahan" : "Linelean",
  "kodepos" : "95958"
}, {
  "kecamatan" : "Modoinding",
  "kelurahan" : "Makaaruyen",
  "kodepos" : "95958"
}, {
  "kecamatan" : "Modoinding",
  "kelurahan" : "Mokobang",
  "kodepos" : "95958"
}, {
  "kecamatan" : "Modoinding",
  "kelurahan" : "Kakenturan Barat",
  "kodepos" : "95958"
}, {
  "kecamatan" : "Modoinding",
  "kelurahan" : "Kakenturan",
  "kodepos" : "95958"
}, {
  "kecamatan" : "Motoling Barat",
  "kelurahan" : "Toyopon",
  "kodepos" : "95956"
}, {
  "kecamatan" : "Motoling Timur",
  "kelurahan" : "Wanga",
  "kodepos" : "95956"
}, {
  "kecamatan" : "Motoling Timur",
  "kelurahan" : "Wanga Amongena",
  "kodepos" : "95956"
}, {
  "kecamatan" : "Motoling Barat",
  "kelurahan" : "Tondey Dua",
  "kodepos" : "95956"
}, {
  "kecamatan" : "Motoling Barat",
  "kelurahan" : "Tondey Satu",
  "kodepos" : "95956"
}, {
  "kecamatan" : "Motoling Barat",
  "kelurahan" : "Tondey (Tondei)",
  "kodepos" : "95956"
}, {
  "kecamatan" : "Motoling Timur",
  "kelurahan" : "Tokin",
  "kodepos" : "95956"
}, {
  "kecamatan" : "Motoling Timur",
  "kelurahan" : "Tokin Baru",
  "kodepos" : "95956"
}, {
  "kecamatan" : "Motoling",
  "kelurahan" : "Raanan Lama",
  "kodepos" : "95956"
}, {
  "kecamatan" : "Motoling Barat",
  "kelurahan" : "Raanan Baru Dua",
  "kodepos" : "95956"
}, {
  "kecamatan" : "Motoling Barat",
  "kelurahan" : "Raanan Baru Satu",
  "kodepos" : "95956"
}, {
  "kecamatan" : "Motoling Barat",
  "kelurahan" : "Raanan Baru",
  "kodepos" : "95956"
}, {
  "kecamatan" : "Motoling",
  "kelurahan" : "Picuan Baru",
  "kodepos" : "95956"
}, {
  "kecamatan" : "Motoling",
  "kelurahan" : "Motoling Mawale",
  "kodepos" : "95956"
}, {
  "kecamatan" : "Motoling",
  "kelurahan" : "Motoling Satu",
  "kodepos" : "95956"
}, {
  "kecamatan" : "Kumelembuai",
  "kelurahan" : "Malola Satu",
  "kodepos" : "95956"
}, {
  "kecamatan" : "Motoling",
  "kelurahan" : "Motoling",
  "kodepos" : "95956"
}, {
  "kecamatan" : "Motoling",
  "kelurahan" : "Motoling Dua",
  "kodepos" : "95956"
}, {
  "kecamatan" : "Kumelembuai",
  "kelurahan" : "Lolombulan Makasili",
  "kodepos" : "95956"
}, {
  "kecamatan" : "Kumelembuai",
  "kelurahan" : "Makasili",
  "kodepos" : "95956"
}, {
  "kecamatan" : "Kumelembuai",
  "kelurahan" : "Malola",
  "kodepos" : "95956"
}, {
  "kecamatan" : "Motoling",
  "kelurahan" : "Lalumpe",
  "kodepos" : "95956"
}, {
  "kecamatan" : "Kumelembuai",
  "kelurahan" : "Kumelembuai Atas",
  "kodepos" : "95956"
}, {
  "kecamatan" : "Kumelembuai",
  "kelurahan" : "Kumelembuai Dua",
  "kodepos" : "95956"
}, {
  "kecamatan" : "Kumelembuai",
  "kelurahan" : "Kumelembuai Satu",
  "kodepos" : "95956"
}, {
  "kecamatan" : "Kumelembuai",
  "kelurahan" : "Kumelembuai",
  "kodepos" : "95956"
}, {
  "kecamatan" : "Motoling Barat",
  "kelurahan" : "Keroit",
  "kodepos" : "95956"
}, {
  "kecamatan" : "Motoling Timur",
  "kelurahan" : "Karimbow",
  "kodepos" : "95956"
}, {
  "kecamatan" : "Motoling Timur",
  "kelurahan" : "Karimbow Talikuran",
  "kodepos" : "95956"
}, {
  "kecamatan" : "Amurang Barat",
  "kelurahan" : "Tewasen",
  "kodepos" : "95955"
}, {
  "kecamatan" : "Amurang Barat",
  "kelurahan" : "Wakan",
  "kodepos" : "95955"
}, {
  "kecamatan" : "Amurang Barat",
  "kelurahan" : "Rumoong Bawah",
  "kodepos" : "95955"
}, {
  "kecamatan" : "Amurang Barat",
  "kelurahan" : "Teep",
  "kodepos" : "95955"
}, {
  "kecamatan" : "Amurang Barat",
  "kelurahan" : "Rumong Barat",
  "kodepos" : "95955"
}, {
  "kecamatan" : "Amurang Barat",
  "kelurahan" : "Kawangkoan Bawah",
  "kodepos" : "95955"
}, {
  "kecamatan" : "Amurang Barat",
  "kelurahan" : "Pondos",
  "kodepos" : "95955"
}, {
  "kecamatan" : "Amurang Barat",
  "kelurahan" : "Elusan",
  "kodepos" : "95955"
}, {
  "kecamatan" : "Amurang Barat",
  "kelurahan" : "Kapitu",
  "kodepos" : "95955"
}, {
  "kecamatan" : "Amurang",
  "kelurahan" : "Uwuran Dua",
  "kodepos" : "95954"
}, {
  "kecamatan" : "Amurang",
  "kelurahan" : "Uwuran Satu",
  "kodepos" : "95954"
}, {
  "kecamatan" : "Amurang Timur",
  "kelurahan" : "Ritey",
  "kodepos" : "95954"
}, {
  "kecamatan" : "Amurang",
  "kelurahan" : "Ranoyapo",
  "kodepos" : "95954"
}, {
  "kecamatan" : "Amurang Timur",
  "kelurahan" : "Pondang",
  "kodepos" : "95954"
}, {
  "kecamatan" : "Amurang Timur",
  "kelurahan" : "Ranomea",
  "kodepos" : "95954"
}, {
  "kecamatan" : "Amurang",
  "kelurahan" : "Ranoketang Tua",
  "kodepos" : "95954"
}, {
  "kecamatan" : "Amurang Timur",
  "kelurahan" : "Maliku Satu",
  "kodepos" : "95954"
}, {
  "kecamatan" : "Amurang Timur",
  "kelurahan" : "Pinaling",
  "kodepos" : "95954"
}, {
  "kecamatan" : "Amurang Timur",
  "kelurahan" : "Lopana",
  "kodepos" : "95954"
}, {
  "kecamatan" : "Amurang Timur",
  "kelurahan" : "Malenos Baru",
  "kodepos" : "95954"
}, {
  "kecamatan" : "Amurang Timur",
  "kelurahan" : "Maliku",
  "kodepos" : "95954"
}, {
  "kecamatan" : "Amurang Timur",
  "kelurahan" : "Kota Menara",
  "kodepos" : "95954"
}, {
  "kecamatan" : "Amurang",
  "kelurahan" : "Lewet",
  "kodepos" : "95954"
}, {
  "kecamatan" : "Amurang",
  "kelurahan" : "Kilometer Tiga",
  "kodepos" : "95954"
}, {
  "kecamatan" : "Amurang",
  "kelurahan" : "Bitung",
  "kodepos" : "95954"
}, {
  "kecamatan" : "Amurang",
  "kelurahan" : "Buyungon",
  "kodepos" : "95954"
}, {
  "kecamatan" : "Tareran",
  "kelurahan" : "Wiau Lapi",
  "kodepos" : "95953"
}, {
  "kecamatan" : "Tareran",
  "kelurahan" : "Wuwuk",
  "kodepos" : "95953"
}, {
  "kecamatan" : "Suluun Tareran",
  "kelurahan" : "Talaitad Utara",
  "kodepos" : "95953"
}, {
  "kecamatan" : "Tareran",
  "kelurahan" : "Tumaluntung",
  "kodepos" : "95953"
}, {
  "kecamatan" : "Suluun Tareran",
  "kelurahan" : "Suluun Tiga",
  "kodepos" : "95953"
}, {
  "kecamatan" : "Suluun Tareran",
  "kelurahan" : "Talaitad",
  "kodepos" : "95953"
}, {
  "kecamatan" : "Suluun Tareran",
  "kelurahan" : "Suluun Dua",
  "kodepos" : "95953"
}, {
  "kecamatan" : "Suluun Tareran",
  "kelurahan" : "Suluun Empat",
  "kodepos" : "95953"
}, {
  "kecamatan" : "Suluun Tareran",
  "kelurahan" : "Suluun Satu",
  "kodepos" : "95953"
}, {
  "kecamatan" : "Tareran",
  "kelurahan" : "Romoong Atas",
  "kodepos" : "95953"
}, {
  "kecamatan" : "Tareran",
  "kelurahan" : "Romoong Atas Dua",
  "kodepos" : "95953"
}, {
  "kecamatan" : "Suluun Tareran",
  "kelurahan" : "Pinapalangkow (Pinapalangkon)",
  "kodepos" : "95953"
}, {
  "kecamatan" : "Tareran",
  "kelurahan" : "Lansot Timur",
  "kodepos" : "95953"
}, {
  "kecamatan" : "Tareran",
  "kelurahan" : "Pinamorongan",
  "kodepos" : "95953"
}, {
  "kecamatan" : "Tareran",
  "kelurahan" : "Lansot",
  "kodepos" : "95953"
}, {
  "kecamatan" : "Tareran",
  "kelurahan" : "Koreng",
  "kodepos" : "95953"
}, {
  "kecamatan" : "Suluun Tareran",
  "kelurahan" : "Kapoyah (Kapoya)",
  "kodepos" : "95953"
}, {
  "kecamatan" : "Tareran",
  "kelurahan" : "Kaneyan",
  "kodepos" : "95953"
}, {
  "kecamatan" : "Maesaan",
  "kelurahan" : "Tumani",
  "kodepos" : "95357"
}, {
  "kecamatan" : "Tompaso Baru",
  "kelurahan" : "Tompaso Baru Satu",
  "kodepos" : "95357"
}, {
  "kecamatan" : "Tompaso Baru",
  "kelurahan" : "Torout",
  "kodepos" : "95357"
}, {
  "kecamatan" : "Tompaso Baru",
  "kelurahan" : "Tompaso Baru Dua",
  "kodepos" : "95357"
}, {
  "kecamatan" : "Maesaan",
  "kelurahan" : "Temboan",
  "kodepos" : "95357"
}, {
  "kecamatan" : "Tompaso Baru",
  "kelurahan" : "Sion",
  "kodepos" : "95357"
}, {
  "kecamatan" : "Maesaan",
  "kelurahan" : "Tambelang",
  "kodepos" : "95357"
}, {
  "kecamatan" : "Tompaso Baru",
  "kelurahan" : "Raraatean",
  "kodepos" : "95357"
}, {
  "kecamatan" : "Maesaan",
  "kelurahan" : "Lowian Satu",
  "kodepos" : "95357"
}, {
  "kecamatan" : "Tompaso Baru",
  "kelurahan" : "Pinaesaan",
  "kodepos" : "95357"
}, {
  "kecamatan" : "Maesaan",
  "kelurahan" : "Liningaan",
  "kodepos" : "95357"
}, {
  "kecamatan" : "Maesaan",
  "kelurahan" : "Lowian",
  "kodepos" : "95357"
}, {
  "kecamatan" : "Tompaso Baru",
  "kelurahan" : "Lindangan",
  "kodepos" : "95357"
}, {
  "kecamatan" : "Maesaan",
  "kelurahan" : "Kinaweruan",
  "kodepos" : "95357"
}, {
  "kecamatan" : "Maesaan",
  "kelurahan" : "Kinaweruan",
  "kodepos" : "95357"
}, {
  "kecamatan" : "Tompaso Baru",
  "kelurahan" : "Kinalawiran",
  "kodepos" : "95357"
}, {
  "kecamatan" : "Maesaan",
  "kelurahan" : "Kinamang",
  "kodepos" : "95357"
}, {
  "kecamatan" : "Maesaan",
  "kelurahan" : "Kinamang I",
  "kodepos" : "95357"
}, {
  "kecamatan" : "Tompaso Baru",
  "kelurahan" : "Karowa",
  "kodepos" : "95357"
}, {
  "kecamatan" : "Maesaan",
  "kelurahan" : "Bojonegoro",
  "kodepos" : "95357"
}, {
  "kecamatan" : "Tenga",
  "kelurahan" : "Sapa Timur",
  "kodepos" : "95355"
}, {
  "kecamatan" : "Tenga",
  "kelurahan" : "Tawaang",
  "kodepos" : "95355"
}, {
  "kecamatan" : "Tenga",
  "kelurahan" : "Tenga",
  "kodepos" : "95355"
}, {
  "kecamatan" : "Tenga",
  "kelurahan" : "Sapa",
  "kodepos" : "95355"
}, {
  "kecamatan" : "Tenga",
  "kelurahan" : "Sapa Barat",
  "kodepos" : "95355"
}, {
  "kecamatan" : "Tenga",
  "kelurahan" : "Radey",
  "kodepos" : "95355"
}, {
  "kecamatan" : "Tenga",
  "kelurahan" : "Pakuweru",
  "kodepos" : "95355"
}, {
  "kecamatan" : "Tenga",
  "kelurahan" : "Pakuweru Utara",
  "kodepos" : "95355"
}, {
  "kecamatan" : "Tenga",
  "kelurahan" : "Pakuure Tiga",
  "kodepos" : "95355"
}, {
  "kecamatan" : "Tenga",
  "kelurahan" : "Pakuure Tinanian",
  "kodepos" : "95355"
}, {
  "kecamatan" : "Tenga",
  "kelurahan" : "Pakuure Kinamang",
  "kodepos" : "95355"
}, {
  "kecamatan" : "Tenga",
  "kelurahan" : "Pakuure Satu",
  "kodepos" : "95355"
}, {
  "kecamatan" : "Tenga",
  "kelurahan" : "Molinow",
  "kodepos" : "95355"
}, {
  "kecamatan" : "Tenga",
  "kelurahan" : "Pakuure",
  "kodepos" : "95355"
}, {
  "kecamatan" : "Tenga",
  "kelurahan" : "Pakuure Dua",
  "kodepos" : "95355"
}, {
  "kecamatan" : "Tenga",
  "kelurahan" : "Boyong Atas",
  "kodepos" : "95355"
}, {
  "kecamatan" : "Tatapaan",
  "kelurahan" : "Wawona",
  "kodepos" : "95352"
}, {
  "kecamatan" : "Tatapaan",
  "kelurahan" : "Wawontulap",
  "kodepos" : "95352"
}, {
  "kecamatan" : "Tumpaan",
  "kelurahan" : "Tumpaan Baru",
  "kodepos" : "95352"
}, {
  "kecamatan" : "Tumpaan",
  "kelurahan" : "Tumpaan Dua",
  "kodepos" : "95352"
}, {
  "kecamatan" : "Tumpaan",
  "kelurahan" : "Tumpaan Satu",
  "kodepos" : "95352"
}, {
  "kecamatan" : "Tumpaan",
  "kelurahan" : "Tangkuney",
  "kodepos" : "95352"
}, {
  "kecamatan" : "Tumpaan",
  "kelurahan" : "Tumpaan",
  "kodepos" : "95352"
}, {
  "kecamatan" : "Tatapaan",
  "kelurahan" : "Rap-Rap",
  "kodepos" : "95352"
}, {
  "kecamatan" : "Tatapaan",
  "kelurahan" : "Sondaken",
  "kodepos" : "95352"
}, {
  "kecamatan" : "Tatapaan",
  "kelurahan" : "Sulu",
  "kodepos" : "95352"
}, {
  "kecamatan" : "Tumpaan",
  "kelurahan" : "Popontolen",
  "kodepos" : "95352"
}, {
  "kecamatan" : "Tatapaan",
  "kelurahan" : "Pungkol",
  "kodepos" : "95352"
}, {
  "kecamatan" : "Tatapaan",
  "kelurahan" : "Paslaten Satu",
  "kodepos" : "95352"
}, {
  "kecamatan" : "Tatapaan",
  "kelurahan" : "Popareng",
  "kodepos" : "95352"
}, {
  "kecamatan" : "Tatapaan",
  "kelurahan" : "Paslaten",
  "kodepos" : "95352"
}, {
  "kecamatan" : "Tumpaan",
  "kelurahan" : "Matani Satu",
  "kodepos" : "95352"
}, {
  "kecamatan" : "Tumpaan",
  "kelurahan" : "Munte",
  "kodepos" : "95352"
}, {
  "kecamatan" : "Tumpaan",
  "kelurahan" : "Lelema",
  "kodepos" : "95352"
}, {
  "kecamatan" : "Tumpaan",
  "kelurahan" : "Matani",
  "kodepos" : "95352"
}, {
  "kecamatan" : "Tatapaan",
  "kelurahan" : "Bajo",
  "kodepos" : "95352"
}, {
  "kecamatan" : "Tatapaan",
  "kelurahan" : "Arakan",
  "kodepos" : "95352"
} ]
