[ {
  "kecamatan" : "Touluaan",
  "kelurahan" : "Toundanouw Atas",
  "kodepos" : "95998"
}, {
  "kecamatan" : "Touluaan",
  "kelurahan" : "Toundanouw Satu",
  "kodepos" : "95998"
}, {
  "kecamatan" : "Touluaan",
  "kelurahan" : "Toundanouw (Toundanou)",
  "kodepos" : "95998"
}, {
  "kecamatan" : "Touluaan Selatan",
  "kelurahan" : "Suhuyon",
  "kodepos" : "95998"
}, {
  "kecamatan" : "Touluaan Selatan",
  "kelurahan" : "Tambelang",
  "kodepos" : "95998"
}, {
  "kecamatan" : "Silian Raya",
  "kelurahan" : "Silian Utara",
  "kodepos" : "95998"
}, {
  "kecamatan" : "Silian Raya",
  "kelurahan" : "Silian Tiga",
  "kodepos" : "95998"
}, {
  "kecamatan" : "Silian Raya",
  "kelurahan" : "Silian Timur",
  "kodepos" : "95998"
}, {
  "kecamatan" : "Silian Raya",
  "kelurahan" : "Silian Satu",
  "kodepos" : "95998"
}, {
  "kecamatan" : "Silian Raya",
  "kelurahan" : "Silian Selatan",
  "kodepos" : "95998"
}, {
  "kecamatan" : "Silian Raya",
  "kelurahan" : "Silian Tengah",
  "kodepos" : "95998"
}, {
  "kecamatan" : "Silian Raya",
  "kelurahan" : "Silian Dua",
  "kodepos" : "95998"
}, {
  "kecamatan" : "Silian Raya",
  "kelurahan" : "Silian Kota",
  "kodepos" : "95998"
}, {
  "kecamatan" : "Silian Raya",
  "kelurahan" : "Silian",
  "kodepos" : "95998"
}, {
  "kecamatan" : "Silian Raya",
  "kelurahan" : "Silian Barat",
  "kodepos" : "95998"
}, {
  "kecamatan" : "Touluaan Selatan",
  "kelurahan" : "Ranoako",
  "kodepos" : "95998"
}, {
  "kecamatan" : "Touluaan",
  "kelurahan" : "Ranoketang Atas",
  "kodepos" : "95998"
}, {
  "kecamatan" : "Touluaan",
  "kelurahan" : "Ranoketang Atas Satu",
  "kodepos" : "95998"
}, {
  "kecamatan" : "Touluaan Selatan",
  "kelurahan" : "Lowatak (Lowantag)",
  "kodepos" : "95998"
}, {
  "kecamatan" : "Touluaan",
  "kelurahan" : "Lobu Satu",
  "kodepos" : "95998"
}, {
  "kecamatan" : "Touluaan",
  "kelurahan" : "Lobu Atas",
  "kodepos" : "95998"
}, {
  "kecamatan" : "Touluaan",
  "kelurahan" : "Lobu Dua",
  "kodepos" : "95998"
}, {
  "kecamatan" : "Touluaan",
  "kelurahan" : "Lobu Kota",
  "kodepos" : "95998"
}, {
  "kecamatan" : "Touluaan Selatan",
  "kelurahan" : "Kalait Tiga",
  "kodepos" : "95998"
}, {
  "kecamatan" : "Touluaan",
  "kelurahan" : "Lobu",
  "kodepos" : "95998"
}, {
  "kecamatan" : "Touluaan Selatan",
  "kelurahan" : "Kalait Dua",
  "kodepos" : "95998"
}, {
  "kecamatan" : "Touluaan Selatan",
  "kelurahan" : "Kalait Satu",
  "kodepos" : "95998"
}, {
  "kecamatan" : "Touluaan Selatan",
  "kelurahan" : "Bunag",
  "kodepos" : "95998"
}, {
  "kecamatan" : "Touluaan Selatan",
  "kelurahan" : "Kalait",
  "kodepos" : "95998"
}, {
  "kecamatan" : "Touluaan Selatan",
  "kelurahan" : "Banga",
  "kodepos" : "95998"
}, {
  "kecamatan" : "Belang",
  "kelurahan" : "Watuliney Indah",
  "kodepos" : "95997"
}, {
  "kecamatan" : "Pusomaen",
  "kelurahan" : "Wiau",
  "kodepos" : "95997"
}, {
  "kecamatan" : "Belang",
  "kelurahan" : "Watuliney Tengah",
  "kodepos" : "95997"
}, {
  "kecamatan" : "Pusomaen",
  "kelurahan" : "Tumbak",
  "kodepos" : "95997"
}, {
  "kecamatan" : "Belang",
  "kelurahan" : "Watuliney",
  "kodepos" : "95997"
}, {
  "kecamatan" : "Pusomaen",
  "kelurahan" : "Tumbak Madani",
  "kodepos" : "95997"
}, {
  "kecamatan" : "Pusomaen",
  "kelurahan" : "Tatengesan",
  "kodepos" : "95997"
}, {
  "kecamatan" : "Pusomaen",
  "kelurahan" : "Tatengesan Satu",
  "kodepos" : "95997"
}, {
  "kecamatan" : "Belang",
  "kelurahan" : "Tababo",
  "kodepos" : "95997"
}, {
  "kecamatan" : "Belang",
  "kelurahan" : "Tababo Selatan",
  "kodepos" : "95997"
}, {
  "kecamatan" : "Ratatotok",
  "kelurahan" : "Ratatotok Utara",
  "kodepos" : "95997"
}, {
  "kecamatan" : "Ratatotok",
  "kelurahan" : "Soyowan",
  "kodepos" : "95997"
}, {
  "kecamatan" : "Ratatotok",
  "kelurahan" : "Ratatotok Tengah",
  "kodepos" : "95997"
}, {
  "kecamatan" : "Ratatotok",
  "kelurahan" : "Ratatotok Tenggara",
  "kodepos" : "95997"
}, {
  "kecamatan" : "Ratatotok",
  "kelurahan" : "Ratatotok Timur",
  "kodepos" : "95997"
}, {
  "kecamatan" : "Ratatotok",
  "kelurahan" : "Ratatotok Satu",
  "kodepos" : "95997"
}, {
  "kecamatan" : "Ratatotok",
  "kelurahan" : "Ratatotok Selatan",
  "kodepos" : "95997"
}, {
  "kecamatan" : "Ratatotok",
  "kelurahan" : "Ratatotok",
  "kodepos" : "95997"
}, {
  "kecamatan" : "Ratatotok",
  "kelurahan" : "Ratatotok Dua",
  "kodepos" : "95997"
}, {
  "kecamatan" : "Ratatotok",
  "kelurahan" : "Ratatotok Muara",
  "kodepos" : "95997"
}, {
  "kecamatan" : "Belang",
  "kelurahan" : "Ponosakan Belang",
  "kodepos" : "95997"
}, {
  "kecamatan" : "Belang",
  "kelurahan" : "Ponosakan Indah",
  "kodepos" : "95997"
}, {
  "kecamatan" : "Ratatotok",
  "kelurahan" : "Moreah",
  "kodepos" : "95997"
}, {
  "kecamatan" : "Ratatotok",
  "kelurahan" : "Moreah Satu",
  "kodepos" : "95997"
}, {
  "kecamatan" : "Belang",
  "kelurahan" : "Molompar Timur",
  "kodepos" : "95997"
}, {
  "kecamatan" : "Belang",
  "kelurahan" : "Molompar Utara",
  "kodepos" : "95997"
}, {
  "kecamatan" : "Pusomaen",
  "kelurahan" : "Minanga Timur",
  "kodepos" : "95997"
}, {
  "kecamatan" : "Belang",
  "kelurahan" : "Molompar",
  "kodepos" : "95997"
}, {
  "kecamatan" : "Pusomaen",
  "kelurahan" : "Minanga Tiga",
  "kodepos" : "95997"
}, {
  "kecamatan" : "Pusomaen",
  "kelurahan" : "Minanga",
  "kodepos" : "95997"
}, {
  "kecamatan" : "Pusomaen",
  "kelurahan" : "Minanga Dua",
  "kodepos" : "95997"
}, {
  "kecamatan" : "Pusomaen",
  "kelurahan" : "Minanga Satu",
  "kodepos" : "95997"
}, {
  "kecamatan" : "Pusomaen",
  "kelurahan" : "Makalu Selatan",
  "kodepos" : "95997"
}, {
  "kecamatan" : "Belang",
  "kelurahan" : "Mangkit",
  "kodepos" : "95997"
}, {
  "kecamatan" : "Belang",
  "kelurahan" : "Buku Tenggara",
  "kodepos" : "95997"
}, {
  "kecamatan" : "Pusomaen",
  "kelurahan" : "Makalu",
  "kodepos" : "95997"
}, {
  "kecamatan" : "Belang",
  "kelurahan" : "Buku Utara",
  "kodepos" : "95997"
}, {
  "kecamatan" : "Belang",
  "kelurahan" : "Buku Selatan",
  "kodepos" : "95997"
}, {
  "kecamatan" : "Belang",
  "kelurahan" : "Buku Tengah",
  "kodepos" : "95997"
}, {
  "kecamatan" : "Belang",
  "kelurahan" : "Borgo Satu",
  "kodepos" : "95997"
}, {
  "kecamatan" : "Belang",
  "kelurahan" : "Buku",
  "kodepos" : "95997"
}, {
  "kecamatan" : "Belang",
  "kelurahan" : "Beringin (Beringing)",
  "kodepos" : "95997"
}, {
  "kecamatan" : "Belang",
  "kelurahan" : "Borgo",
  "kodepos" : "95997"
}, {
  "kecamatan" : "Pusomaen",
  "kelurahan" : "Bentenan",
  "kodepos" : "95997"
}, {
  "kecamatan" : "Pusomaen",
  "kelurahan" : "Bentenan Indah",
  "kodepos" : "95997"
}, {
  "kecamatan" : "Pusomaen",
  "kelurahan" : "Bentenan Satu",
  "kodepos" : "95997"
}, {
  "kecamatan" : "Belang",
  "kelurahan" : "Belang",
  "kodepos" : "95997"
}, {
  "kecamatan" : "Ratatotok",
  "kelurahan" : "Basaan Satu",
  "kodepos" : "95997"
}, {
  "kecamatan" : "Ratatotok",
  "kelurahan" : "Basaan",
  "kodepos" : "95997"
}, {
  "kecamatan" : "Ratatotok",
  "kelurahan" : "Basaan Dua",
  "kodepos" : "95997"
}, {
  "kecamatan" : "Tombatu Utara",
  "kelurahan" : "Winorangian Satu",
  "kodepos" : "95996"
}, {
  "kecamatan" : "Tombatu",
  "kelurahan" : "Tonsawang Satu",
  "kodepos" : "95996"
}, {
  "kecamatan" : "Tombatu Utara",
  "kelurahan" : "Winorangian",
  "kodepos" : "95996"
}, {
  "kecamatan" : "Tombatu",
  "kelurahan" : "Tonsawang",
  "kodepos" : "95996"
}, {
  "kecamatan" : "Tombatu Utara",
  "kelurahan" : "Tombatu Tiga Tengah",
  "kodepos" : "95996"
}, {
  "kecamatan" : "Tombatu",
  "kelurahan" : "Tombatu Tiga Timur",
  "kodepos" : "95996"
}, {
  "kecamatan" : "Tombatu Utara",
  "kelurahan" : "Tombatu Tiga",
  "kodepos" : "95996"
}, {
  "kecamatan" : "Tombatu",
  "kelurahan" : "Tombatu Tiga Selatan",
  "kodepos" : "95996"
}, {
  "kecamatan" : "Tombatu Utara",
  "kelurahan" : "Tombatu Tiga",
  "kodepos" : "95996"
}, {
  "kecamatan" : "Tombatu Utara",
  "kelurahan" : "Tombatu Dua Tengah",
  "kodepos" : "95996"
}, {
  "kecamatan" : "Tombatu Utara",
  "kelurahan" : "Tombatu Dua Utara",
  "kodepos" : "95996"
}, {
  "kecamatan" : "Tombatu",
  "kelurahan" : "Tombatu",
  "kodepos" : "95996"
}, {
  "kecamatan" : "Tombatu Utara",
  "kelurahan" : "Tombatu Dua",
  "kodepos" : "95996"
}, {
  "kecamatan" : "Tombatu Utara",
  "kelurahan" : "Tombatu Dua Barat",
  "kodepos" : "95996"
}, {
  "kecamatan" : "Tombatu",
  "kelurahan" : "Pisa",
  "kodepos" : "95996"
}, {
  "kecamatan" : "Tombatu Timur",
  "kelurahan" : "Mundung Satu",
  "kodepos" : "95996"
}, {
  "kecamatan" : "Tombatu Timur",
  "kelurahan" : "Molompar Satu",
  "kodepos" : "95996"
}, {
  "kecamatan" : "Tombatu Timur",
  "kelurahan" : "Mundung",
  "kodepos" : "95996"
}, {
  "kecamatan" : "Tombatu Timur",
  "kelurahan" : "Molompar Dua Utara",
  "kodepos" : "95996"
}, {
  "kecamatan" : "Tombatu Timur",
  "kelurahan" : "Molompar Dua Selatan",
  "kodepos" : "95996"
}, {
  "kecamatan" : "Tombatu Timur",
  "kelurahan" : "Molompar",
  "kodepos" : "95996"
}, {
  "kecamatan" : "Tombatu Timur",
  "kelurahan" : "Molompar Atas",
  "kodepos" : "95996"
}, {
  "kecamatan" : "Tombatu Timur",
  "kelurahan" : "Molompar Dua",
  "kodepos" : "95996"
}, {
  "kecamatan" : "Tombatu Utara",
  "kelurahan" : "Kuyanga",
  "kodepos" : "95996"
}, {
  "kecamatan" : "Tombatu Utara",
  "kelurahan" : "Kuyanga Satu",
  "kodepos" : "95996"
}, {
  "kecamatan" : "Tombatu",
  "kelurahan" : "Kali",
  "kodepos" : "95996"
}, {
  "kecamatan" : "Tombatu",
  "kelurahan" : "Kali Oki",
  "kodepos" : "95996"
}, {
  "kecamatan" : "Tombatu Timur",
  "kelurahan" : "Esandom Dua",
  "kodepos" : "95996"
}, {
  "kecamatan" : "Tombatu Timur",
  "kelurahan" : "Esandom Satu",
  "kodepos" : "95996"
}, {
  "kecamatan" : "Tombatu Timur",
  "kelurahan" : "Esandom",
  "kodepos" : "95996"
}, {
  "kecamatan" : "Tombatu",
  "kelurahan" : "Betelan Satu",
  "kodepos" : "95996"
}, {
  "kecamatan" : "Tombatu",
  "kelurahan" : "Betelan",
  "kodepos" : "95996"
}, {
  "kecamatan" : "Ratahan Timur",
  "kelurahan" : "Wongkai Satu",
  "kodepos" : "95995"
}, {
  "kecamatan" : "Ratahan Timur",
  "kelurahan" : "Wongkay (Wongkai)",
  "kodepos" : "95995"
}, {
  "kecamatan" : "Ratahan Timur",
  "kelurahan" : "Wioi Timur",
  "kodepos" : "95995"
}, {
  "kecamatan" : "Ratahan Timur",
  "kelurahan" : "Wioy (Wioi)",
  "kodepos" : "95995"
}, {
  "kecamatan" : "Ratahan Timur",
  "kelurahan" : "Wioi Tiga",
  "kodepos" : "95995"
}, {
  "kecamatan" : "Ratahan Timur",
  "kelurahan" : "Wioi Satu",
  "kodepos" : "95995"
}, {
  "kecamatan" : "Ratahan Timur",
  "kelurahan" : "Wioi Dua",
  "kodepos" : "95995"
}, {
  "kecamatan" : "Ratahan",
  "kelurahan" : "Wawali Pasan",
  "kodepos" : "95995"
}, {
  "kecamatan" : "Ratahan",
  "kelurahan" : "Wawali",
  "kodepos" : "95995"
}, {
  "kecamatan" : "Pasan",
  "kelurahan" : "Towuntu Timur",
  "kodepos" : "95995"
}, {
  "kecamatan" : "Pasan",
  "kelurahan" : "Towuntu Barat",
  "kodepos" : "95995"
}, {
  "kecamatan" : "Pasan",
  "kelurahan" : "Towuntu",
  "kodepos" : "95995"
}, {
  "kecamatan" : "Ratahan",
  "kelurahan" : "Tosuraya Selatan",
  "kodepos" : "95995"
}, {
  "kecamatan" : "Ratahan",
  "kelurahan" : "Tosuraya Barat",
  "kodepos" : "95995"
}, {
  "kecamatan" : "Ratahan",
  "kelurahan" : "Tosuraya",
  "kodepos" : "95995"
}, {
  "kecamatan" : "Pasan",
  "kelurahan" : "Tolombukan Satu",
  "kodepos" : "95995"
}, {
  "kecamatan" : "Pasan",
  "kelurahan" : "Tolombukan Barat",
  "kodepos" : "95995"
}, {
  "kecamatan" : "Pasan",
  "kelurahan" : "Tolombukan",
  "kodepos" : "95995"
}, {
  "kecamatan" : "Ratahan",
  "kelurahan" : "Rasi",
  "kodepos" : "95995"
}, {
  "kecamatan" : "Ratahan",
  "kelurahan" : "Rasi Satu",
  "kodepos" : "95995"
}, {
  "kecamatan" : "Pasan",
  "kelurahan" : "Poniki",
  "kodepos" : "95995"
}, {
  "kecamatan" : "Ratahan Timur",
  "kelurahan" : "Pangu Satu",
  "kodepos" : "95995"
}, {
  "kecamatan" : "Ratahan Timur",
  "kelurahan" : "Pangu",
  "kodepos" : "95995"
}, {
  "kecamatan" : "Ratahan Timur",
  "kelurahan" : "Pangu Dua",
  "kodepos" : "95995"
}, {
  "kecamatan" : "Ratahan",
  "kelurahan" : "Nataan",
  "kodepos" : "95995"
}, {
  "kecamatan" : "Pasan",
  "kelurahan" : "Maulit",
  "kodepos" : "95995"
}, {
  "kecamatan" : "Ratahan",
  "kelurahan" : "Lowu Satu",
  "kodepos" : "95995"
}, {
  "kecamatan" : "Ratahan",
  "kelurahan" : "Lowu Utara",
  "kodepos" : "95995"
}, {
  "kecamatan" : "Ratahan",
  "kelurahan" : "Lowu Dua",
  "kodepos" : "95995"
}, {
  "kecamatan" : "Pasan",
  "kelurahan" : "Liwutung Dua",
  "kodepos" : "95995"
}, {
  "kecamatan" : "Pasan",
  "kelurahan" : "Liwutung Satu",
  "kodepos" : "95995"
}, {
  "kecamatan" : "Pasan",
  "kelurahan" : "Liwutung",
  "kodepos" : "95995"
} ]
