[ {
  "kecamatan" : "Biaro",
  "kelurahan" : "Tope",
  "kodepos" : "95864"
}, {
  "kecamatan" : "Biaro",
  "kelurahan" : "Lamanggo",
  "kodepos" : "95864"
}, {
  "kecamatan" : "Biaro",
  "kelurahan" : "Karungo",
  "kodepos" : "95864"
}, {
  "kecamatan" : "Biaro",
  "kelurahan" : "Buang",
  "kodepos" : "95864"
}, {
  "kecamatan" : "Biaro",
  "kelurahan" : "Dalinsaheng",
  "kodepos" : "95864"
}, {
  "kecamatan" : "Tagulandang Utara",
  "kelurahan" : "W O",
  "kodepos" : "95863"
}, {
  "kecamatan" : "Tagulandang",
  "kelurahan" : "Tulusang (Tulusan)",
  "kodepos" : "95863"
}, {
  "kecamatan" : "Tagulandang",
  "kelurahan" : "Pumpente",
  "kodepos" : "95863"
}, {
  "kecamatan" : "Tagulandang",
  "kelurahan" : "Pahiama",
  "kodepos" : "95863"
}, {
  "kecamatan" : "Tagulandang",
  "kelurahan" : "Mulengan (Mulengen)",
  "kodepos" : "95863"
}, {
  "kecamatan" : "Tagulandang",
  "kelurahan" : "Mohonsawang",
  "kodepos" : "95863"
}, {
  "kecamatan" : "Tagulandang Utara",
  "kelurahan" : "Minanga",
  "kodepos" : "95863"
}, {
  "kecamatan" : "Tagulandang",
  "kelurahan" : "Mahangiang",
  "kodepos" : "95863"
}, {
  "kecamatan" : "Tagulandang",
  "kelurahan" : "Lesah Rende",
  "kodepos" : "95863"
}, {
  "kecamatan" : "Tagulandang Utara",
  "kelurahan" : "Lumbo",
  "kodepos" : "95863"
}, {
  "kecamatan" : "Tagulandang",
  "kelurahan" : "Lesah",
  "kodepos" : "95863"
}, {
  "kecamatan" : "Tagulandang",
  "kelurahan" : "Laingpatehi",
  "kodepos" : "95863"
}, {
  "kecamatan" : "Tagulandang Selatan",
  "kelurahan" : "Humbia",
  "kodepos" : "95863"
}, {
  "kecamatan" : "Tagulandang Selatan",
  "kelurahan" : "Kisihang",
  "kodepos" : "95863"
}, {
  "kecamatan" : "Tagulandang",
  "kelurahan" : "Haasi",
  "kodepos" : "95863"
}, {
  "kecamatan" : "Tagulandang Utara",
  "kelurahan" : "Bulangan",
  "kodepos" : "95863"
}, {
  "kecamatan" : "Tagulandang Selatan",
  "kelurahan" : "Buha",
  "kodepos" : "95863"
}, {
  "kecamatan" : "Tagulandang",
  "kelurahan" : "Boto",
  "kodepos" : "95863"
}, {
  "kecamatan" : "Tagulandang Selatan",
  "kelurahan" : "Birarikei",
  "kodepos" : "95863"
}, {
  "kecamatan" : "Tagulandang Selatan",
  "kelurahan" : "Birarikei",
  "kodepos" : "95863"
}, {
  "kecamatan" : "Tagulandang Selatan",
  "kelurahan" : "Bira Kimia (Birakiama)",
  "kodepos" : "95863"
}, {
  "kecamatan" : "Tagulandang Utara",
  "kelurahan" : "Bawoleu",
  "kodepos" : "95863"
}, {
  "kecamatan" : "Tagulandang Utara",
  "kelurahan" : "Bawo",
  "kodepos" : "95863"
}, {
  "kecamatan" : "Tagulandang Selatan",
  "kelurahan" : "Batumawira",
  "kodepos" : "95863"
}, {
  "kecamatan" : "Tagulandang",
  "kelurahan" : "Barangka Pehe",
  "kodepos" : "95863"
}, {
  "kecamatan" : "Tagulandang",
  "kelurahan" : "Balehumara",
  "kodepos" : "95863"
}, {
  "kecamatan" : "Tagulandang",
  "kelurahan" : "Bahoi",
  "kodepos" : "95863"
}, {
  "kecamatan" : "Tagulandang",
  "kelurahan" : "Apengsala",
  "kodepos" : "95863"
}, {
  "kecamatan" : "Siau Barat Utara",
  "kelurahan" : "Winangun",
  "kodepos" : "95862"
}, {
  "kecamatan" : "Siau Barat Selatan",
  "kelurahan" : "Tanaki",
  "kodepos" : "95862"
}, {
  "kecamatan" : "Siau Barat Selatan",
  "kelurahan" : "Talawid",
  "kodepos" : "95862"
}, {
  "kecamatan" : "Siau Barat",
  "kelurahan" : "Pelingsawang",
  "kodepos" : "95862"
}, {
  "kecamatan" : "Siau Barat",
  "kelurahan" : "Peling",
  "kodepos" : "95862"
}, {
  "kecamatan" : "Siau Barat",
  "kelurahan" : "Pehe",
  "kodepos" : "95862"
}, {
  "kecamatan" : "Siau Barat",
  "kelurahan" : "Paseng",
  "kodepos" : "95862"
}, {
  "kecamatan" : "Siau Barat",
  "kelurahan" : "Paniki",
  "kodepos" : "95862"
}, {
  "kecamatan" : "Siau Barat",
  "kelurahan" : "Ondong",
  "kodepos" : "95862"
}, {
  "kecamatan" : "Siau Barat Utara",
  "kelurahan" : "Nameng",
  "kodepos" : "95862"
}, {
  "kecamatan" : "Siau Barat Utara",
  "kelurahan" : "Mini",
  "kodepos" : "95862"
}, {
  "kecamatan" : "Siau Barat Selatan",
  "kelurahan" : "Makoa (Mekar Sari)",
  "kodepos" : "95862"
}, {
  "kecamatan" : "Siau Barat",
  "kelurahan" : "Makalehi Utara",
  "kodepos" : "95862"
}, {
  "kecamatan" : "Siau Barat",
  "kelurahan" : "Makalehi Timur",
  "kodepos" : "95862"
}, {
  "kecamatan" : "Siau Barat",
  "kelurahan" : "Makalehi",
  "kodepos" : "95862"
}, {
  "kecamatan" : "Siau Barat Selatan",
  "kelurahan" : "Mahuneni",
  "kodepos" : "95862"
}, {
  "kecamatan" : "Siau Barat",
  "kelurahan" : "Lehi",
  "kodepos" : "95862"
}, {
  "kecamatan" : "Siau Barat Selatan",
  "kelurahan" : "Laghaeng",
  "kodepos" : "95862"
}, {
  "kecamatan" : "Siau Barat Utara",
  "kelurahan" : "Kiawang",
  "kodepos" : "95862"
}, {
  "kecamatan" : "Siau Barat Utara",
  "kelurahan" : "Kinali",
  "kodepos" : "95862"
}, {
  "kecamatan" : "Siau Barat Utara",
  "kelurahan" : "Kawahang",
  "kodepos" : "95862"
}, {
  "kecamatan" : "Siau Barat",
  "kelurahan" : "Kanawong",
  "kodepos" : "95862"
}, {
  "kecamatan" : "Siau Barat Selatan",
  "kelurahan" : "Kapeta",
  "kodepos" : "95862"
}, {
  "kecamatan" : "Siau Barat",
  "kelurahan" : "Bumbiha",
  "kodepos" : "95862"
}, {
  "kecamatan" : "Siau Barat Utara",
  "kelurahan" : "Hiung",
  "kodepos" : "95862"
}, {
  "kecamatan" : "Siau Barat Selatan",
  "kelurahan" : "Batusenggo",
  "kodepos" : "95862"
}, {
  "kecamatan" : "Siau Barat Utara",
  "kelurahan" : "Batubulan",
  "kodepos" : "95862"
}, {
  "kecamatan" : "Siau Timur",
  "kelurahan" : "Tatahadeng (Tatehadeng)",
  "kodepos" : "95861"
}, {
  "kecamatan" : "Siau Timur",
  "kelurahan" : "Tarorane",
  "kodepos" : "95861"
}, {
  "kecamatan" : "Siau Timur Selatan",
  "kelurahan" : "Tapile",
  "kodepos" : "95861"
}, {
  "kecamatan" : "Siau Tengah",
  "kelurahan" : "Salili",
  "kodepos" : "95861"
}, {
  "kecamatan" : "Siau Timur Selatan",
  "kelurahan" : "Sawang",
  "kodepos" : "95861"
}, {
  "kecamatan" : "Siau Timur Selatan",
  "kelurahan" : "Pangirolong",
  "kodepos" : "95861"
}, {
  "kecamatan" : "Siau Timur Selatan",
  "kelurahan" : "Pahepa",
  "kodepos" : "95861"
}, {
  "kecamatan" : "Siau Timur Selatan",
  "kelurahan" : "Mala",
  "kodepos" : "95861"
}, {
  "kecamatan" : "Siau Timur Selatan",
  "kelurahan" : "Matole",
  "kodepos" : "95861"
}, {
  "kecamatan" : "Siau Timur",
  "kelurahan" : "Lia Satu",
  "kodepos" : "95861"
}, {
  "kecamatan" : "Siau Timur",
  "kelurahan" : "Lia",
  "kodepos" : "95861"
}, {
  "kecamatan" : "Siau Tengah",
  "kelurahan" : "Lai",
  "kodepos" : "95861"
}, {
  "kecamatan" : "Siau Timur Selatan",
  "kelurahan" : "Lahopang",
  "kodepos" : "95861"
}, {
  "kecamatan" : "Siau Timur",
  "kelurahan" : "Karalung Satu",
  "kodepos" : "95861"
}, {
  "kecamatan" : "Siau Timur",
  "kelurahan" : "Kanang",
  "kodepos" : "95861"
}, {
  "kecamatan" : "Siau Timur",
  "kelurahan" : "Karalung",
  "kodepos" : "95861"
}, {
  "kecamatan" : "Siau Timur Selatan",
  "kelurahan" : "Kalihiang",
  "kodepos" : "95861"
}, {
  "kecamatan" : "Siau Timur",
  "kelurahan" : "Deahe (Beaha)",
  "kodepos" : "95861"
}, {
  "kecamatan" : "Siau Tengah",
  "kelurahan" : "Dompase",
  "kodepos" : "95861"
}, {
  "kecamatan" : "Siau Timur",
  "kelurahan" : "Dame",
  "kodepos" : "95861"
}, {
  "kecamatan" : "Siau Timur",
  "kelurahan" : "Dame I",
  "kodepos" : "95861"
}, {
  "kecamatan" : "Siau Timur",
  "kelurahan" : "Bukide",
  "kodepos" : "95861"
}, {
  "kecamatan" : "Siau Timur",
  "kelurahan" : "Buise",
  "kodepos" : "95861"
}, {
  "kecamatan" : "Siau Timur Selatan",
  "kelurahan" : "Buhias",
  "kodepos" : "95861"
}, {
  "kecamatan" : "Siau Timur Selatan",
  "kelurahan" : "Biau Seha",
  "kodepos" : "95861"
}, {
  "kecamatan" : "Siau Timur Selatan",
  "kelurahan" : "Binalu",
  "kodepos" : "95861"
}, {
  "kecamatan" : "Siau Timur Selatan",
  "kelurahan" : "Biau",
  "kodepos" : "95861"
}, {
  "kecamatan" : "Siau Timur",
  "kelurahan" : "Bebali",
  "kodepos" : "95861"
}, {
  "kecamatan" : "Siau Tengah",
  "kelurahan" : "Beong",
  "kodepos" : "95861"
}, {
  "kecamatan" : "Siau Timur Selatan",
  "kelurahan" : "Bandil",
  "kodepos" : "95861"
}, {
  "kecamatan" : "Siau Timur Selatan",
  "kelurahan" : "Balirangen",
  "kodepos" : "95861"
}, {
  "kecamatan" : "Siau Timur",
  "kelurahan" : "Apelawo",
  "kodepos" : "95861"
}, {
  "kecamatan" : "Siau Timur",
  "kelurahan" : "Bahu",
  "kodepos" : "95861"
}, {
  "kecamatan" : "Siau Timur",
  "kelurahan" : "Akesimbeka",
  "kodepos" : "95861"
} ]
