[ {
  "kecamatan" : "Tabukan Selatan Tenggara",
  "kelurahan" : "Tumalede",
  "kodepos" : "95858"
}, {
  "kecamatan" : "Tabukan Selatan Tengah",
  "kelurahan" : "Tambung",
  "kodepos" : "95858"
}, {
  "kecamatan" : "Tabukan Selatan Tengah",
  "kelurahan" : "Tenda",
  "kodepos" : "95858"
}, {
  "kecamatan" : "Tabukan Selatan",
  "kelurahan" : "Simueng",
  "kodepos" : "95858"
}, {
  "kecamatan" : "Tabukan Selatan Tenggara",
  "kelurahan" : "Sampakang",
  "kodepos" : "95858"
}, {
  "kecamatan" : "Tabukan Selatan Tengah",
  "kelurahan" : "Salurang",
  "kodepos" : "95858"
}, {
  "kecamatan" : "Tabukan Selatan Tenggara",
  "kelurahan" : "Pintareng",
  "kodepos" : "95858"
}, {
  "kecamatan" : "Tabukan Selatan",
  "kelurahan" : "Mandoi",
  "kodepos" : "95858"
}, {
  "kecamatan" : "Tabukan Selatan Tenggara",
  "kelurahan" : "Malisade",
  "kodepos" : "95858"
}, {
  "kecamatan" : "Tabukan Selatan",
  "kelurahan" : "Palareng",
  "kodepos" : "95858"
}, {
  "kecamatan" : "Tabukan Selatan",
  "kelurahan" : "Malamenggu",
  "kodepos" : "95858"
}, {
  "kecamatan" : "Tabukan Selatan Tengah",
  "kelurahan" : "Lehupu",
  "kodepos" : "95858"
}, {
  "kecamatan" : "Tabukan Selatan",
  "kelurahan" : "Lesabe",
  "kodepos" : "95858"
}, {
  "kecamatan" : "Tabukan Selatan",
  "kelurahan" : "Lesabe I",
  "kodepos" : "95858"
}, {
  "kecamatan" : "Tabukan Selatan",
  "kelurahan" : "Laotongan",
  "kodepos" : "95858"
}, {
  "kecamatan" : "Tabukan Selatan Tengah",
  "kelurahan" : "Hangke",
  "kodepos" : "95858"
}, {
  "kecamatan" : "Tabukan Selatan",
  "kelurahan" : "Kalagheng",
  "kodepos" : "95858"
}, {
  "kecamatan" : "Tabukan Selatan Tenggara",
  "kelurahan" : "Dalokaweng",
  "kodepos" : "95858"
}, {
  "kecamatan" : "Tabukan Selatan",
  "kelurahan" : "Bulo",
  "kodepos" : "95858"
}, {
  "kecamatan" : "Tabukan Selatan",
  "kelurahan" : "Bukide",
  "kodepos" : "95858"
}, {
  "kecamatan" : "Tabukan Selatan Tengah",
  "kelurahan" : "Bowone",
  "kodepos" : "95858"
}, {
  "kecamatan" : "Tabukan Selatan",
  "kelurahan" : "Binebas",
  "kodepos" : "95858"
}, {
  "kecamatan" : "Tabukan Selatan",
  "kelurahan" : "Birahi",
  "kodepos" : "95858"
}, {
  "kecamatan" : "Tabukan Selatan",
  "kelurahan" : "Bentung",
  "kodepos" : "95858"
}, {
  "kecamatan" : "Tabukan Selatan Tengah",
  "kelurahan" : "Beeng Laut",
  "kodepos" : "95858"
}, {
  "kecamatan" : "Tabukan Selatan Tengah",
  "kelurahan" : "Beeng",
  "kodepos" : "95858"
}, {
  "kecamatan" : "Tabukan Selatan",
  "kelurahan" : "Batuwingkung",
  "kodepos" : "95858"
}, {
  "kecamatan" : "Tabukan Selatan Tenggara",
  "kelurahan" : "Basauh",
  "kodepos" : "95858"
}, {
  "kecamatan" : "Tabukan Selatan Tengah",
  "kelurahan" : "Aha Patung",
  "kodepos" : "95858"
}, {
  "kecamatan" : "Tabukan Tengah",
  "kelurahan" : "Tariangbaru",
  "kodepos" : "95857"
}, {
  "kecamatan" : "Tabukan Tengah",
  "kelurahan" : "Timbelang",
  "kodepos" : "95857"
}, {
  "kecamatan" : "Tabukan Tengah",
  "kelurahan" : "Talengen",
  "kodepos" : "95857"
}, {
  "kecamatan" : "Tabukan Tengah",
  "kelurahan" : "Sensong",
  "kodepos" : "95857"
}, {
  "kecamatan" : "Tabukan Tengah",
  "kelurahan" : "Rendingan",
  "kodepos" : "95857"
}, {
  "kecamatan" : "Tabukan Tengah",
  "kelurahan" : "Palahanaeng",
  "kodepos" : "95857"
}, {
  "kecamatan" : "Tabukan Tengah",
  "kelurahan" : "Pelelangen",
  "kodepos" : "95857"
}, {
  "kecamatan" : "Tabukan Tengah",
  "kelurahan" : "Malueng",
  "kodepos" : "95857"
}, {
  "kecamatan" : "Tabukan Tengah",
  "kelurahan" : "Miulu",
  "kodepos" : "95857"
}, {
  "kecamatan" : "Tabukan Tengah",
  "kelurahan" : "Kuma I",
  "kodepos" : "95857"
}, {
  "kecamatan" : "Tabukan Tengah",
  "kelurahan" : "Kuma",
  "kodepos" : "95857"
}, {
  "kecamatan" : "Tabukan Tengah",
  "kelurahan" : "Kulur II",
  "kodepos" : "95857"
}, {
  "kecamatan" : "Tabukan Tengah",
  "kelurahan" : "Kulur I",
  "kodepos" : "95857"
}, {
  "kecamatan" : "Tabukan Tengah",
  "kelurahan" : "Gunung",
  "kodepos" : "95857"
}, {
  "kecamatan" : "Tabukan Tengah",
  "kelurahan" : "Bowongkali",
  "kodepos" : "95857"
}, {
  "kecamatan" : "Tabukan Tengah",
  "kelurahan" : "Bungalawang",
  "kodepos" : "95857"
}, {
  "kecamatan" : "Tabukan Tengah",
  "kelurahan" : "Biru",
  "kodepos" : "95857"
}, {
  "kecamatan" : "Tabukan Tengah",
  "kelurahan" : "Bira",
  "kodepos" : "95857"
}, {
  "kecamatan" : "Tabukan Utara",
  "kelurahan" : "Utaurano",
  "kodepos" : "95856"
}, {
  "kecamatan" : "Tabukan Utara",
  "kelurahan" : "Tola",
  "kodepos" : "95856"
}, {
  "kecamatan" : "Tabukan Utara",
  "kelurahan" : "Tarolang",
  "kodepos" : "95856"
}, {
  "kecamatan" : "Tabukan Utara",
  "kelurahan" : "Raku",
  "kodepos" : "95856"
}, {
  "kecamatan" : "Tabukan Utara",
  "kelurahan" : "Pusunge",
  "kodepos" : "95856"
}, {
  "kecamatan" : "Tabukan Utara",
  "kelurahan" : "Petta Selatan",
  "kodepos" : "95856"
}, {
  "kecamatan" : "Tabukan Utara",
  "kelurahan" : "Petta Timur",
  "kodepos" : "95856"
}, {
  "kecamatan" : "Tabukan Utara",
  "kelurahan" : "Petta Barat",
  "kodepos" : "95856"
}, {
  "kecamatan" : "Tabukan Utara",
  "kelurahan" : "Petta",
  "kodepos" : "95856"
}, {
  "kecamatan" : "Nusa Tabukan",
  "kelurahan" : "Nusa",
  "kodepos" : "95856"
}, {
  "kecamatan" : "Nusa Tabukan",
  "kelurahan" : "Nanusa",
  "kodepos" : "95856"
}, {
  "kecamatan" : "Nusa Tabukan",
  "kelurahan" : "Nanedakele",
  "kodepos" : "95856"
}, {
  "kecamatan" : "Tabukan Utara",
  "kelurahan" : "Naha I",
  "kodepos" : "95856"
}, {
  "kecamatan" : "Tabukan Utara",
  "kelurahan" : "Naha (Nahasahabe)",
  "kodepos" : "95856"
}, {
  "kecamatan" : "Tabukan Utara",
  "kelurahan" : "Moade",
  "kodepos" : "95856"
}, {
  "kecamatan" : "Kepulauan Marore",
  "kelurahan" : "Matutuang",
  "kodepos" : "95856"
}, {
  "kecamatan" : "Kepulauan Marore",
  "kelurahan" : "Marore",
  "kodepos" : "95856"
}, {
  "kecamatan" : "Tabukan Utara",
  "kelurahan" : "Mala",
  "kodepos" : "95856"
}, {
  "kecamatan" : "Tabukan Utara",
  "kelurahan" : "Lenganeng",
  "kodepos" : "95856"
}, {
  "kecamatan" : "Tabukan Utara",
  "kelurahan" : "Likuang",
  "kodepos" : "95856"
}, {
  "kecamatan" : "Kepulauan Marore",
  "kelurahan" : "Kawio",
  "kodepos" : "95856"
}, {
  "kecamatan" : "Tabukan Utara",
  "kelurahan" : "Kalurae",
  "kodepos" : "95856"
}, {
  "kecamatan" : "Tabukan Utara",
  "kelurahan" : "Kalekube I",
  "kodepos" : "95856"
}, {
  "kecamatan" : "Tabukan Utara",
  "kelurahan" : "Kalekube",
  "kodepos" : "95856"
}, {
  "kecamatan" : "Tabukan Utara",
  "kelurahan" : "Kalasuge",
  "kodepos" : "95856"
}, {
  "kecamatan" : "Nusa Tabukan",
  "kelurahan" : "Bukide Timur",
  "kodepos" : "95856"
}, {
  "kecamatan" : "Nusa Tabukan",
  "kelurahan" : "Bukide",
  "kodepos" : "95856"
}, {
  "kecamatan" : "Tabukan Utara",
  "kelurahan" : "Bowongkulu I",
  "kodepos" : "95856"
}, {
  "kecamatan" : "Tabukan Utara",
  "kelurahan" : "Bowongkulu",
  "kodepos" : "95856"
}, {
  "kecamatan" : "Tabukan Utara",
  "kelurahan" : "Beha",
  "kodepos" : "95856"
}, {
  "kecamatan" : "Tabukan Utara",
  "kelurahan" : "Bengketang",
  "kodepos" : "95856"
}, {
  "kecamatan" : "Tabukan Utara",
  "kelurahan" : "Bahu",
  "kodepos" : "95856"
}, {
  "kecamatan" : "Tamako",
  "kelurahan" : "Ulungpeliang",
  "kodepos" : "95855"
}, {
  "kecamatan" : "Tamako",
  "kelurahan" : "Pokol",
  "kodepos" : "95855"
}, {
  "kecamatan" : "Tamako",
  "kelurahan" : "Pananaru",
  "kodepos" : "95855"
}, {
  "kecamatan" : "Tamako",
  "kelurahan" : "Nagha II (Dua)",
  "kodepos" : "95855"
}, {
  "kecamatan" : "Tamako",
  "kelurahan" : "Nagha I (Satu)",
  "kodepos" : "95855"
}, {
  "kecamatan" : "Tamako",
  "kelurahan" : "Menggawa II",
  "kodepos" : "95855"
}, {
  "kecamatan" : "Tamako",
  "kelurahan" : "Menggawa",
  "kodepos" : "95855"
}, {
  "kecamatan" : "Tamako",
  "kelurahan" : "Makalakuhe",
  "kodepos" : "95855"
}, {
  "kecamatan" : "Tamako",
  "kelurahan" : "Mahumu II",
  "kodepos" : "95855"
}, {
  "kecamatan" : "Tamako",
  "kelurahan" : "Mahumu I",
  "kodepos" : "95855"
}, {
  "kecamatan" : "Tamako",
  "kelurahan" : "Lelipang",
  "kodepos" : "95855"
}, {
  "kecamatan" : "Tamako",
  "kelurahan" : "Mahumu",
  "kodepos" : "95855"
}, {
  "kecamatan" : "Tamako",
  "kelurahan" : "Kalinda I",
  "kodepos" : "95855"
}, {
  "kecamatan" : "Tamako",
  "kelurahan" : "Kalinda",
  "kodepos" : "95855"
}, {
  "kecamatan" : "Tamako",
  "kelurahan" : "Hesang",
  "kodepos" : "95855"
}, {
  "kecamatan" : "Tamako",
  "kelurahan" : "Kalama Darat",
  "kodepos" : "95855"
}, {
  "kecamatan" : "Tamako",
  "kelurahan" : "Bebu",
  "kodepos" : "95855"
}, {
  "kecamatan" : "Tamako",
  "kelurahan" : "Binala",
  "kodepos" : "95855"
}, {
  "kecamatan" : "Tamako",
  "kelurahan" : "Dagho",
  "kodepos" : "95855"
}, {
  "kecamatan" : "Tamako",
  "kelurahan" : "Balane",
  "kodepos" : "95855"
}, {
  "kecamatan" : "Tatoareng",
  "kelurahan" : "Taleko Batusaiki",
  "kodepos" : "95854"
}, {
  "kecamatan" : "Manganitu Selatan",
  "kelurahan" : "Sowaeng (Mawira)",
  "kodepos" : "95854"
}, {
  "kecamatan" : "Manganitu Selatan",
  "kelurahan" : "Pindang",
  "kodepos" : "95854"
}, {
  "kecamatan" : "Tatoareng",
  "kelurahan" : "Para I",
  "kodepos" : "95854"
}, {
  "kecamatan" : "Tatoareng",
  "kelurahan" : "Para",
  "kodepos" : "95854"
}, {
  "kecamatan" : "Manganitu Selatan",
  "kelurahan" : "Ngalipaeng Satu (I)",
  "kodepos" : "95854"
}, {
  "kecamatan" : "Manganitu Selatan",
  "kelurahan" : "Ngalipaeng Dua (II)",
  "kodepos" : "95854"
}, {
  "kecamatan" : "Manganitu Selatan",
  "kelurahan" : "Mawira",
  "kodepos" : "95854"
}, {
  "kecamatan" : "Tatoareng",
  "kelurahan" : "Mahenggetang (Mahengetang)",
  "kodepos" : "95854"
}, {
  "kecamatan" : "Manganitu Selatan",
  "kelurahan" : "Lehimi Tariang",
  "kodepos" : "95854"
}, {
  "kecamatan" : "Manganitu Selatan",
  "kelurahan" : "Lapepahe",
  "kodepos" : "95854"
}, {
  "kecamatan" : "Manganitu Selatan",
  "kelurahan" : "Lapango I",
  "kodepos" : "95854"
}, {
  "kecamatan" : "Manganitu Selatan",
  "kelurahan" : "Lapango",
  "kodepos" : "95854"
}, {
  "kecamatan" : "Manganitu Selatan",
  "kelurahan" : "Kaluwatu",
  "kodepos" : "95854"
}, {
  "kecamatan" : "Manganitu Selatan",
  "kelurahan" : "Laine",
  "kodepos" : "95854"
}, {
  "kecamatan" : "Tatoareng",
  "kelurahan" : "Kalama",
  "kodepos" : "95854"
}, {
  "kecamatan" : "Tatoareng",
  "kelurahan" : "Kahakitang",
  "kodepos" : "95854"
}, {
  "kecamatan" : "Tatoareng",
  "kelurahan" : "Dalako Bembanahe",
  "kodepos" : "95854"
}, {
  "kecamatan" : "Manganitu Selatan",
  "kelurahan" : "Bebalang",
  "kodepos" : "95854"
}, {
  "kecamatan" : "Manganitu",
  "kelurahan" : "Tawoali",
  "kodepos" : "95853"
}, {
  "kecamatan" : "Manganitu Selatan",
  "kelurahan" : "Batunderang",
  "kodepos" : "95854"
}, {
  "kecamatan" : "Manganitu",
  "kelurahan" : "Taloarane",
  "kodepos" : "95853"
}, {
  "kecamatan" : "Manganitu",
  "kelurahan" : "Taloarane I",
  "kodepos" : "95853"
}, {
  "kecamatan" : "Manganitu",
  "kelurahan" : "Pinebentengang",
  "kodepos" : "95853"
}, {
  "kecamatan" : "Manganitu",
  "kelurahan" : "Sesiwung",
  "kodepos" : "95853"
}, {
  "kecamatan" : "Manganitu",
  "kelurahan" : "Manumpitaeng",
  "kodepos" : "95853"
}, {
  "kecamatan" : "Manganitu",
  "kelurahan" : "Nahepese",
  "kodepos" : "95853"
}, {
  "kecamatan" : "Manganitu",
  "kelurahan" : "Lebo",
  "kodepos" : "95853"
}, {
  "kecamatan" : "Manganitu",
  "kelurahan" : "Mala",
  "kodepos" : "95853"
}, {
  "kecamatan" : "Manganitu",
  "kelurahan" : "Kauhis",
  "kodepos" : "95853"
}, {
  "kecamatan" : "Manganitu",
  "kelurahan" : "Karatung I",
  "kodepos" : "95853"
}, {
  "kecamatan" : "Manganitu",
  "kelurahan" : "Karatung II",
  "kodepos" : "95853"
}, {
  "kecamatan" : "Manganitu",
  "kelurahan" : "Belengang",
  "kodepos" : "95853"
}, {
  "kecamatan" : "Manganitu",
  "kelurahan" : "Bengka",
  "kodepos" : "95853"
}, {
  "kecamatan" : "Manganitu",
  "kelurahan" : "Hiung",
  "kodepos" : "95853"
}, {
  "kecamatan" : "Manganitu",
  "kelurahan" : "Barangka",
  "kodepos" : "95853"
}, {
  "kecamatan" : "Manganitu",
  "kelurahan" : "Barangkalang",
  "kodepos" : "95853"
}, {
  "kecamatan" : "Manganitu",
  "kelurahan" : "Bakalaeng",
  "kodepos" : "95853"
}, {
  "kecamatan" : "Kendahe",
  "kelurahan" : "Talawid",
  "kodepos" : "95852"
}, {
  "kecamatan" : "Kendahe",
  "kelurahan" : "Tarianglama",
  "kodepos" : "95852"
}, {
  "kecamatan" : "Kendahe",
  "kelurahan" : "Lipang (Lipaeng)",
  "kodepos" : "95852"
}, {
  "kecamatan" : "Kendahe",
  "kelurahan" : "Mohongsawang",
  "kodepos" : "95852"
}, {
  "kecamatan" : "Kendahe",
  "kelurahan" : "Pempalaraeng",
  "kodepos" : "95852"
}, {
  "kecamatan" : "Kendahe",
  "kelurahan" : "Kendahe Dua",
  "kodepos" : "95852"
}, {
  "kecamatan" : "Kendahe",
  "kelurahan" : "Kendahe Satu",
  "kodepos" : "95852"
}, {
  "kecamatan" : "Kendahe",
  "kelurahan" : "Kawaluso",
  "kodepos" : "95852"
}, {
  "kecamatan" : "Tahuna Barat",
  "kelurahan" : "Akembawi",
  "kodepos" : "95818"
}, {
  "kecamatan" : "Tahuna Barat",
  "kelurahan" : "Kolongan Beha",
  "kodepos" : "95818"
}, {
  "kecamatan" : "Tahuna Barat",
  "kelurahan" : "Angges",
  "kodepos" : "95817"
}, {
  "kecamatan" : "Tahuna Barat",
  "kelurahan" : "Kolongan Mitung",
  "kodepos" : "95817"
}, {
  "kecamatan" : "Tahuna Timur",
  "kelurahan" : "Dumuhung",
  "kodepos" : "95816"
}, {
  "kecamatan" : "Tahuna Timur",
  "kelurahan" : "Tona II",
  "kodepos" : "95815"
}, {
  "kecamatan" : "Tahuna Timur",
  "kelurahan" : "Tona I",
  "kodepos" : "95815"
}, {
  "kecamatan" : "Tahuna Barat",
  "kelurahan" : "Kolongan Beha Baru",
  "kodepos" : "95815"
}, {
  "kecamatan" : "Tahuna Timur",
  "kelurahan" : "Enengpahembang",
  "kodepos" : "95815"
}, {
  "kecamatan" : "Tahuna Timur",
  "kelurahan" : "Tapuang",
  "kodepos" : "95815"
}, {
  "kecamatan" : "Tahuna Timur",
  "kelurahan" : "Batulewehe",
  "kodepos" : "95814"
}, {
  "kecamatan" : "Tahuna Timur",
  "kelurahan" : "Tidore",
  "kodepos" : "95814"
}, {
  "kecamatan" : "Tahuna",
  "kelurahan" : "Soataloara I",
  "kodepos" : "95813"
}, {
  "kecamatan" : "Tahuna",
  "kelurahan" : "Soataloara II",
  "kodepos" : "95813"
}, {
  "kecamatan" : "Tahuna",
  "kelurahan" : "Sawang Bendar",
  "kodepos" : "95812"
}, {
  "kecamatan" : "Tahuna",
  "kelurahan" : "Mahena",
  "kodepos" : "95813"
}, {
  "kecamatan" : "Tahuna Timur",
  "kelurahan" : "Lesa",
  "kodepos" : "95812"
}, {
  "kecamatan" : "Tahuna",
  "kelurahan" : "Santiago",
  "kodepos" : "95811"
}, {
  "kecamatan" : "Tahuna Barat",
  "kelurahan" : "Pananekeng",
  "kodepos" : "95811"
}, {
  "kecamatan" : "Tahuna",
  "kelurahan" : "Apeng Sembeka",
  "kodepos" : "95811"
}, {
  "kecamatan" : "Tahuna",
  "kelurahan" : "Bungalawang",
  "kodepos" : "95811"
}, {
  "kecamatan" : "Tahuna",
  "kelurahan" : "Manente",
  "kodepos" : "95811"
} ]
