[ {
  "kecamatan" : "Manggis",
  "kelurahan" : "Sengkidu",
  "kodepos" : "80871"
}, {
  "kecamatan" : "Manggis",
  "kelurahan" : "Tenganan",
  "kodepos" : "80871"
}, {
  "kecamatan" : "Manggis",
  "kelurahan" : "Ulakan",
  "kodepos" : "80871"
}, {
  "kecamatan" : "Manggis",
  "kelurahan" : "Padangbai",
  "kodepos" : "80871"
}, {
  "kecamatan" : "Manggis",
  "kelurahan" : "Pesedahan",
  "kodepos" : "80871"
}, {
  "kecamatan" : "Manggis",
  "kelurahan" : "Selumbung",
  "kodepos" : "80871"
}, {
  "kecamatan" : "Manggis",
  "kelurahan" : "Manggis",
  "kodepos" : "80871"
}, {
  "kecamatan" : "Manggis",
  "kelurahan" : "Antiga Kelod",
  "kodepos" : "80871"
}, {
  "kecamatan" : "Manggis",
  "kelurahan" : "Ngis",
  "kodepos" : "80871"
}, {
  "kecamatan" : "Sidemen",
  "kelurahan" : "Wisma Kerta",
  "kodepos" : "80864"
}, {
  "kecamatan" : "Manggis",
  "kelurahan" : "Nyuh Tebel",
  "kodepos" : "80871"
}, {
  "kecamatan" : "Manggis",
  "kelurahan" : "Antiga",
  "kodepos" : "80871"
}, {
  "kecamatan" : "Manggis",
  "kelurahan" : "Antiga Kelod",
  "kodepos" : "80871"
}, {
  "kecamatan" : "Sidemen",
  "kelurahan" : "Telaga Tawang",
  "kodepos" : "80864"
}, {
  "kecamatan" : "Sidemen",
  "kelurahan" : "Tri Eka Buana",
  "kodepos" : "80864"
}, {
  "kecamatan" : "Sidemen",
  "kelurahan" : "Sindu Wati",
  "kodepos" : "80864"
}, {
  "kecamatan" : "Sidemen",
  "kelurahan" : "Talibeng",
  "kodepos" : "80864"
}, {
  "kecamatan" : "Sidemen",
  "kelurahan" : "Tangkup",
  "kodepos" : "80864"
}, {
  "kecamatan" : "Sidemen",
  "kelurahan" : "Sangkan Gunung",
  "kodepos" : "80864"
}, {
  "kecamatan" : "Sidemen",
  "kelurahan" : "Sidemen",
  "kodepos" : "80864"
}, {
  "kecamatan" : "Sidemen",
  "kelurahan" : "Lokasari",
  "kodepos" : "80864"
}, {
  "kecamatan" : "Rendang",
  "kelurahan" : "Rendang",
  "kodepos" : "80863"
}, {
  "kecamatan" : "Sidemen",
  "kelurahan" : "Kertha Buana",
  "kodepos" : "80864"
}, {
  "kecamatan" : "Rendang",
  "kelurahan" : "Pempatan",
  "kodepos" : "80863"
}, {
  "kecamatan" : "Rendang",
  "kelurahan" : "Pesaban",
  "kodepos" : "80863"
}, {
  "kecamatan" : "Rendang",
  "kelurahan" : "Nongan",
  "kodepos" : "80863"
}, {
  "kecamatan" : "Rendang",
  "kelurahan" : "Menanga",
  "kodepos" : "80863"
}, {
  "kecamatan" : "Selat",
  "kelurahan" : "Selat",
  "kodepos" : "80862"
}, {
  "kecamatan" : "Selat",
  "kelurahan" : "Sebudi",
  "kodepos" : "80862"
}, {
  "kecamatan" : "Rendang",
  "kelurahan" : "Besakih",
  "kodepos" : "80863"
}, {
  "kecamatan" : "Selat",
  "kelurahan" : "Duda Utara",
  "kodepos" : "80862"
}, {
  "kecamatan" : "Selat",
  "kelurahan" : "Pering Sari",
  "kodepos" : "80862"
}, {
  "kecamatan" : "Selat",
  "kelurahan" : "Muncan",
  "kodepos" : "80862"
}, {
  "kecamatan" : "Selat",
  "kelurahan" : "Duda Timur",
  "kodepos" : "80862"
}, {
  "kecamatan" : "Selat",
  "kelurahan" : "Amerta Bhuana",
  "kodepos" : "80862"
}, {
  "kecamatan" : "Selat",
  "kelurahan" : "Duda",
  "kodepos" : "80862"
}, {
  "kecamatan" : "Bebandem",
  "kelurahan" : "Macang",
  "kodepos" : "80861"
}, {
  "kecamatan" : "Bebandem",
  "kelurahan" : "Sibetan",
  "kodepos" : "80861"
}, {
  "kecamatan" : "Bebandem",
  "kelurahan" : "Bungaya Kangin",
  "kodepos" : "80861"
}, {
  "kecamatan" : "Bebandem",
  "kelurahan" : "Jungutan",
  "kodepos" : "80861"
}, {
  "kecamatan" : "Bebandem",
  "kelurahan" : "Budakeling (Bude Keling)",
  "kodepos" : "80861"
}, {
  "kecamatan" : "Bebandem",
  "kelurahan" : "Bungaya (Bungaya Kauh)",
  "kodepos" : "80861"
}, {
  "kecamatan" : "Bebandem",
  "kelurahan" : "Bebandem",
  "kodepos" : "80861"
}, {
  "kecamatan" : "Bebandem",
  "kelurahan" : "Buana Giri",
  "kodepos" : "80861"
}, {
  "kecamatan" : "Kubu",
  "kelurahan" : "Tianyar Timur",
  "kodepos" : "80853"
}, {
  "kecamatan" : "Kubu",
  "kelurahan" : "Tulamben",
  "kodepos" : "80853"
}, {
  "kecamatan" : "Kubu",
  "kelurahan" : "Sukadana",
  "kodepos" : "80853"
}, {
  "kecamatan" : "Kubu",
  "kelurahan" : "Tianyar Barat",
  "kodepos" : "80853"
}, {
  "kecamatan" : "Kubu",
  "kelurahan" : "Tianyar Tengah",
  "kodepos" : "80853"
}, {
  "kecamatan" : "Kubu",
  "kelurahan" : "Kubu",
  "kodepos" : "80853"
}, {
  "kecamatan" : "Kubu",
  "kelurahan" : "Dukuh",
  "kodepos" : "80853"
}, {
  "kecamatan" : "Kubu",
  "kelurahan" : "Ban",
  "kodepos" : "80853"
}, {
  "kecamatan" : "Kubu",
  "kelurahan" : "Batu Ringgit",
  "kodepos" : "80853"
}, {
  "kecamatan" : "Abang",
  "kelurahan" : "Tiyingtali",
  "kodepos" : "80852"
}, {
  "kecamatan" : "Abang",
  "kelurahan" : "Tri Buana",
  "kodepos" : "80852"
}, {
  "kecamatan" : "Abang",
  "kelurahan" : "Tista",
  "kodepos" : "80852"
}, {
  "kecamatan" : "Abang",
  "kelurahan" : "Nawakerti",
  "kodepos" : "80852"
}, {
  "kecamatan" : "Abang",
  "kelurahan" : "Pidpid",
  "kodepos" : "80852"
}, {
  "kecamatan" : "Abang",
  "kelurahan" : "Purwakerti",
  "kodepos" : "80852"
}, {
  "kecamatan" : "Abang",
  "kelurahan" : "Kesimpar",
  "kodepos" : "80852"
}, {
  "kecamatan" : "Abang",
  "kelurahan" : "Laba Sari",
  "kodepos" : "80852"
}, {
  "kecamatan" : "Abang",
  "kelurahan" : "Datah",
  "kodepos" : "80852"
}, {
  "kecamatan" : "Abang",
  "kelurahan" : "Kerta Mandala",
  "kodepos" : "80852"
}, {
  "kecamatan" : "Abang",
  "kelurahan" : "Culik",
  "kodepos" : "80852"
}, {
  "kecamatan" : "Abang",
  "kelurahan" : "Ababi",
  "kodepos" : "80852"
}, {
  "kecamatan" : "Abang",
  "kelurahan" : "Abang",
  "kodepos" : "80852"
}, {
  "kecamatan" : "Abang",
  "kelurahan" : "Bunutan",
  "kodepos" : "80852"
}, {
  "kecamatan" : "Karang Asem",
  "kelurahan" : "Subagan",
  "kodepos" : "80813"
}, {
  "kecamatan" : "Karang Asem",
  "kelurahan" : "Tegallinggah",
  "kodepos" : "80811"
}, {
  "kecamatan" : "Karang Asem",
  "kelurahan" : "Tumbu",
  "kodepos" : "80811"
}, {
  "kecamatan" : "Karang Asem",
  "kelurahan" : "Seraya Tengah",
  "kodepos" : "80811"
}, {
  "kecamatan" : "Karang Asem",
  "kelurahan" : "Seraya Timur",
  "kodepos" : "80811"
}, {
  "kecamatan" : "Karang Asem",
  "kelurahan" : "Pertima",
  "kodepos" : "80811"
}, {
  "kecamatan" : "Karang Asem",
  "kelurahan" : "Seraya Barat",
  "kodepos" : "80811"
}, {
  "kecamatan" : "Karang Asem",
  "kelurahan" : "Padang Kerta",
  "kodepos" : "80811"
}, {
  "kecamatan" : "Karang Asem",
  "kelurahan" : "Karangasem",
  "kodepos" : "80811"
}, {
  "kecamatan" : "Karang Asem",
  "kelurahan" : "Bugbug",
  "kodepos" : "80811"
}, {
  "kecamatan" : "Karang Asem",
  "kelurahan" : "Bukit",
  "kodepos" : "80811"
} ]
