[ {
  "kecamatan" : "Cakung",
  "kelurahan" : "Ujung Menteng",
  "kodepos" : "13960"
}, {
  "kecamatan" : "Cakung",
  "kelurahan" : "Pulo Gebang",
  "kodepos" : "13950"
}, {
  "kecamatan" : "Cakung",
  "kelurahan" : "Jatinegara",
  "kodepos" : "13930"
}, {
  "kecamatan" : "Cakung",
  "kelurahan" : "Penggilingan",
  "kodepos" : "13940"
}, {
  "kecamatan" : "Cakung",
  "kelurahan" : "Cakung Timur",
  "kodepos" : "13910"
}, {
  "kecamatan" : "Cakung",
  "kelurahan" : "Rawa Terate",
  "kodepos" : "13920"
}, {
  "kecamatan" : "Cakung",
  "kelurahan" : "Cakung Barat",
  "kodepos" : "13910"
}, {
  "kecamatan" : "Cipayung",
  "kelurahan" : "Bambu Apus",
  "kodepos" : "13890"
}, {
  "kecamatan" : "Cipayung",
  "kelurahan" : "Cilangkap",
  "kodepos" : "13870"
}, {
  "kecamatan" : "Cipayung",
  "kelurahan" : "Setu",
  "kodepos" : "13880"
}, {
  "kecamatan" : "Cipayung",
  "kelurahan" : "Munjul",
  "kodepos" : "13850"
}, {
  "kecamatan" : "Cipayung",
  "kelurahan" : "Pondok Rangon",
  "kodepos" : "13860"
}, {
  "kecamatan" : "Cipayung",
  "kelurahan" : "Cipayung",
  "kodepos" : "13840"
}, {
  "kecamatan" : "Ciracas",
  "kelurahan" : "Rambutan",
  "kodepos" : "13830"
}, {
  "kecamatan" : "Cipayung",
  "kelurahan" : "Ceger",
  "kodepos" : "13820"
}, {
  "kecamatan" : "Cipayung",
  "kelurahan" : "Lubang Buaya",
  "kodepos" : "13810"
}, {
  "kecamatan" : "Pasar Rebo",
  "kelurahan" : "Kalisari",
  "kodepos" : "13790"
}, {
  "kecamatan" : "Pasar Rebo",
  "kelurahan" : "Baru",
  "kodepos" : "13780"
}, {
  "kecamatan" : "Pasar Rebo",
  "kelurahan" : "Cijantung",
  "kodepos" : "13770"
}, {
  "kecamatan" : "Pasar Rebo",
  "kelurahan" : "Gedong",
  "kodepos" : "13760"
}, {
  "kecamatan" : "Ciracas",
  "kelurahan" : "Susukan",
  "kodepos" : "13750"
}, {
  "kecamatan" : "Ciracas",
  "kelurahan" : "Ciracas",
  "kodepos" : "13740"
}, {
  "kecamatan" : "Ciracas",
  "kelurahan" : "Kelapa Dua Wetan",
  "kodepos" : "13730"
}, {
  "kecamatan" : "Ciracas",
  "kelurahan" : "Cibubur",
  "kodepos" : "13720"
}, {
  "kecamatan" : "Pasar Rebo",
  "kelurahan" : "Pekayon",
  "kodepos" : "13710"
}, {
  "kecamatan" : "Makasar",
  "kelurahan" : "Kebon Pala",
  "kodepos" : "13650"
}, {
  "kecamatan" : "Kramat Jati",
  "kelurahan" : "Cililitan",
  "kodepos" : "13640"
}, {
  "kecamatan" : "Kramat Jati",
  "kelurahan" : "Cawang",
  "kodepos" : "13630"
}, {
  "kecamatan" : "Makasar",
  "kelurahan" : "Cipinang Melayu",
  "kodepos" : "13620"
}, {
  "kecamatan" : "Makasar",
  "kelurahan" : "Halim Perdana Kusumah",
  "kodepos" : "13610"
}, {
  "kecamatan" : "Makasar",
  "kelurahan" : "Makasar",
  "kodepos" : "13570"
}, {
  "kecamatan" : "Makasar",
  "kelurahan" : "Pinang Ranti",
  "kodepos" : "13560"
}, {
  "kecamatan" : "Kramat Jati",
  "kelurahan" : "Dukuh",
  "kodepos" : "13550"
}, {
  "kecamatan" : "Kramat Jati",
  "kelurahan" : "Kampung Tengah",
  "kodepos" : "13540"
}, {
  "kecamatan" : "Kramat Jati",
  "kelurahan" : "Balekambang",
  "kodepos" : "13530"
}, {
  "kecamatan" : "Kramat Jati",
  "kelurahan" : "Kramat Jati",
  "kodepos" : "13510"
}, {
  "kecamatan" : "Kramat Jati",
  "kelurahan" : "Batuampar",
  "kodepos" : "13520"
}, {
  "kecamatan" : "Duren Sawit",
  "kelurahan" : "Pondok Kopi",
  "kodepos" : "13460"
}, {
  "kecamatan" : "Duren Sawit",
  "kelurahan" : "Klender",
  "kodepos" : "13470"
}, {
  "kecamatan" : "Duren Sawit",
  "kelurahan" : "Pondok Kelapa",
  "kodepos" : "13450"
}, {
  "kecamatan" : "Duren Sawit",
  "kelurahan" : "Malaka Jaya",
  "kodepos" : "13460"
}, {
  "kecamatan" : "Duren Sawit",
  "kelurahan" : "Malaka Sari",
  "kodepos" : "13460"
}, {
  "kecamatan" : "Duren Sawit",
  "kelurahan" : "Duren Sawit",
  "kodepos" : "13440"
}, {
  "kecamatan" : "Duren Sawit",
  "kelurahan" : "Pondok Bambu",
  "kodepos" : "13430"
}, {
  "kecamatan" : "Jatinegara",
  "kelurahan" : "Cipinang Muara",
  "kodepos" : "13420"
}, {
  "kecamatan" : "Jatinegara",
  "kelurahan" : "Cipinang Besar Selatan",
  "kodepos" : "13410"
}, {
  "kecamatan" : "Jatinegara",
  "kelurahan" : "Cipinang Besar Utara",
  "kodepos" : "13410"
}, {
  "kecamatan" : "Jatinegara",
  "kelurahan" : "Rawa Bunga",
  "kodepos" : "13350"
}, {
  "kecamatan" : "Jatinegara",
  "kelurahan" : "Kampung Melayu",
  "kodepos" : "13320"
}, {
  "kecamatan" : "Jatinegara",
  "kelurahan" : "Bidaracina",
  "kodepos" : "13330"
}, {
  "kecamatan" : "Jatinegara",
  "kelurahan" : "Cipinang Cempedak",
  "kodepos" : "13340"
}, {
  "kecamatan" : "Jatinegara",
  "kelurahan" : "Bali Mester",
  "kodepos" : "13310"
}, {
  "kecamatan" : "Pulo Gadung",
  "kelurahan" : "Jatinegara Kaum",
  "kodepos" : "13250"
}, {
  "kecamatan" : "Pulo Gadung",
  "kelurahan" : "Pulo Gadung",
  "kodepos" : "13260"
}, {
  "kecamatan" : "Pulo Gadung",
  "kelurahan" : "Cipinang",
  "kodepos" : "13240"
}, {
  "kecamatan" : "Pulo Gadung",
  "kelurahan" : "Rawamangun",
  "kodepos" : "13220"
}, {
  "kecamatan" : "Pulo Gadung",
  "kelurahan" : "Pisangan Timur",
  "kodepos" : "13230"
}, {
  "kecamatan" : "Pulo Gadung",
  "kelurahan" : "Kayu Putih",
  "kodepos" : "13210"
}, {
  "kecamatan" : "Pulo Gadung",
  "kelurahan" : "Jati",
  "kodepos" : "13220"
}, {
  "kecamatan" : "Matraman",
  "kelurahan" : "Pal Meriam",
  "kodepos" : "13140"
}, {
  "kecamatan" : "Matraman",
  "kelurahan" : "Kebon Manggis",
  "kodepos" : "13150"
}, {
  "kecamatan" : "Matraman",
  "kelurahan" : "Utan Kayu Utara",
  "kodepos" : "13120"
}, {
  "kecamatan" : "Matraman",
  "kelurahan" : "Kayu Manis",
  "kodepos" : "13130"
}, {
  "kecamatan" : "Matraman",
  "kelurahan" : "Pisangan Baru",
  "kodepos" : "13110"
}, {
  "kecamatan" : "Matraman",
  "kelurahan" : "Utan Kayu Selatan",
  "kodepos" : "13120"
} ]
