[ {
  "kecamatan" : "Tutuyan",
  "kelurahan" : "Tutuyan",
  "kodepos" : "95782"
}, {
  "kecamatan" : "Tutuyan",
  "kelurahan" : "Tutuyan II",
  "kodepos" : "95782"
}, {
  "kecamatan" : "Tutuyan",
  "kelurahan" : "Tutuyan III",
  "kodepos" : "95782"
}, {
  "kecamatan" : "Tutuyan",
  "kelurahan" : "Tombolikat Selatan",
  "kodepos" : "95782"
}, {
  "kecamatan" : "Tutuyan",
  "kelurahan" : "Togid",
  "kodepos" : "95782"
}, {
  "kecamatan" : "Tutuyan",
  "kelurahan" : "Tombolikat",
  "kodepos" : "95782"
}, {
  "kecamatan" : "Kotabunan",
  "kelurahan" : "Paret",
  "kodepos" : "95782"
}, {
  "kecamatan" : "Kotabunan",
  "kelurahan" : "Paret Timur",
  "kodepos" : "95782"
}, {
  "kecamatan" : "Kotabunan",
  "kelurahan" : "Kotabunan Selatan",
  "kodepos" : "95782"
}, {
  "kecamatan" : "Kotabunan",
  "kelurahan" : "Kotabunan",
  "kodepos" : "95782"
}, {
  "kecamatan" : "Kotabunan",
  "kelurahan" : "Kotabunan Barat",
  "kodepos" : "95782"
}, {
  "kecamatan" : "Tutuyan",
  "kelurahan" : "Dodop Mikasa",
  "kodepos" : "95782"
}, {
  "kecamatan" : "Tutuyan",
  "kelurahan" : "Kayumoyondi",
  "kodepos" : "95782"
}, {
  "kecamatan" : "Tutuyan",
  "kelurahan" : "Dodap",
  "kodepos" : "95782"
}, {
  "kecamatan" : "Tutuyan",
  "kelurahan" : "Dodap Pantai",
  "kodepos" : "95782"
}, {
  "kecamatan" : "Kotabunan",
  "kelurahan" : "Buyat Selatan",
  "kodepos" : "95782"
}, {
  "kecamatan" : "Kotabunan",
  "kelurahan" : "Buyat Tengah",
  "kodepos" : "95782"
}, {
  "kecamatan" : "Kotabunan",
  "kelurahan" : "Buyat I",
  "kodepos" : "95782"
}, {
  "kecamatan" : "Kotabunan",
  "kelurahan" : "Buyat II",
  "kodepos" : "95782"
}, {
  "kecamatan" : "Kotabunan",
  "kelurahan" : "Buyat",
  "kodepos" : "95782"
}, {
  "kecamatan" : "Kotabunan",
  "kelurahan" : "Buyat Barat",
  "kodepos" : "95782"
}, {
  "kecamatan" : "Kotabunan",
  "kelurahan" : "Bulawan",
  "kodepos" : "95782"
}, {
  "kecamatan" : "Kotabunan",
  "kelurahan" : "Bulawan Dua",
  "kodepos" : "95782"
}, {
  "kecamatan" : "Kotabunan",
  "kelurahan" : "Bulawan Satu",
  "kodepos" : "95782"
}, {
  "kecamatan" : "Kotabunan",
  "kelurahan" : "Bukaka",
  "kodepos" : "95782"
}, {
  "kecamatan" : "Modayag Barat",
  "kelurahan" : "Tangaton",
  "kodepos" : "95781"
}, {
  "kecamatan" : "Modayag",
  "kelurahan" : "Tobongon",
  "kodepos" : "95781"
}, {
  "kecamatan" : "Modayag",
  "kelurahan" : "Purworejo Tengah",
  "kodepos" : "95781"
}, {
  "kecamatan" : "Modayag",
  "kelurahan" : "Purworejo Timur",
  "kodepos" : "95781"
}, {
  "kecamatan" : "Modayag",
  "kelurahan" : "Sumber Rejo",
  "kodepos" : "95781"
}, {
  "kecamatan" : "Modayag Barat",
  "kelurahan" : "Pinonobatuan",
  "kodepos" : "95781"
}, {
  "kecamatan" : "Modayag",
  "kelurahan" : "Purworejo",
  "kodepos" : "95781"
}, {
  "kecamatan" : "Modayag Barat",
  "kelurahan" : "Moyongkota",
  "kodepos" : "95781"
}, {
  "kecamatan" : "Modayag Barat",
  "kelurahan" : "Moyongkota Baru",
  "kodepos" : "95781"
}, {
  "kecamatan" : "Modayag Barat",
  "kelurahan" : "Moonow",
  "kodepos" : "95781"
}, {
  "kecamatan" : "Modayag",
  "kelurahan" : "Mototompian",
  "kodepos" : "95781"
}, {
  "kecamatan" : "Modayag",
  "kelurahan" : "Modayag II",
  "kodepos" : "95781"
}, {
  "kecamatan" : "Modayag",
  "kelurahan" : "Modayag III",
  "kodepos" : "95781"
}, {
  "kecamatan" : "Modayag",
  "kelurahan" : "Mokitompia",
  "kodepos" : "95781"
}, {
  "kecamatan" : "Modayag",
  "kelurahan" : "Moat (Mooat)",
  "kodepos" : "95781"
}, {
  "kecamatan" : "Modayag",
  "kelurahan" : "Modayag",
  "kodepos" : "95781"
}, {
  "kecamatan" : "Modayag",
  "kelurahan" : "Lanut",
  "kodepos" : "95781"
}, {
  "kecamatan" : "Modayag",
  "kelurahan" : "Liberia",
  "kodepos" : "95781"
}, {
  "kecamatan" : "Modayag",
  "kelurahan" : "Liberia Timur",
  "kodepos" : "95781"
}, {
  "kecamatan" : "Modayag",
  "kelurahan" : "Kokapoi",
  "kodepos" : "95781"
}, {
  "kecamatan" : "Modayag",
  "kelurahan" : "Kokapoi Timur",
  "kodepos" : "95781"
}, {
  "kecamatan" : "Modayag",
  "kelurahan" : "Guaan",
  "kodepos" : "95781"
}, {
  "kecamatan" : "Modayag Barat",
  "kelurahan" : "Inaton",
  "kodepos" : "95781"
}, {
  "kecamatan" : "Modayag",
  "kelurahan" : "Candi Rejo",
  "kodepos" : "95781"
}, {
  "kecamatan" : "Modayag",
  "kelurahan" : "Bongkudai Utara",
  "kodepos" : "95781"
}, {
  "kecamatan" : "Modayag",
  "kelurahan" : "Buyandi",
  "kodepos" : "95781"
}, {
  "kecamatan" : "Modayag",
  "kelurahan" : "Bongkudai Timur",
  "kodepos" : "95781"
}, {
  "kecamatan" : "Modayag",
  "kelurahan" : "Bongkudai Selatan",
  "kodepos" : "95781"
}, {
  "kecamatan" : "Modayag Barat",
  "kelurahan" : "Bongkudai Barat",
  "kodepos" : "95781"
}, {
  "kecamatan" : "Modayag",
  "kelurahan" : "Bongkudai Baru",
  "kodepos" : "95781"
}, {
  "kecamatan" : "Modayag Barat",
  "kelurahan" : "Bangunan Wuwuk",
  "kodepos" : "95781"
}, {
  "kecamatan" : "Modayag Barat",
  "kelurahan" : "Bangunan Wuwuk Timur",
  "kodepos" : "95781"
}, {
  "kecamatan" : "Modayag Barat",
  "kelurahan" : "Bangunan Wuwuk Timur",
  "kodepos" : "95781"
}, {
  "kecamatan" : "Modayag",
  "kelurahan" : "Badaro",
  "kodepos" : "95781"
}, {
  "kecamatan" : "Nuangan",
  "kelurahan" : "Nuangan I",
  "kodepos" : "95775"
}, {
  "kecamatan" : "Nuangan",
  "kelurahan" : "Nuangan Selatan",
  "kodepos" : "95775"
}, {
  "kecamatan" : "Nuangan",
  "kelurahan" : "Nuangan",
  "kodepos" : "95775"
}, {
  "kecamatan" : "Nuangan",
  "kelurahan" : "Nuangan Barat",
  "kodepos" : "95775"
}, {
  "kecamatan" : "Nuangan",
  "kelurahan" : "Motongkad Tengah",
  "kodepos" : "95775"
}, {
  "kecamatan" : "Nuangan",
  "kelurahan" : "Motongkad Utara",
  "kodepos" : "95775"
}, {
  "kecamatan" : "Nuangan",
  "kelurahan" : "Motongkad",
  "kodepos" : "95775"
}, {
  "kecamatan" : "Nuangan",
  "kelurahan" : "Motongkad Selatan",
  "kodepos" : "95775"
}, {
  "kecamatan" : "Nuangan",
  "kelurahan" : "Molobog",
  "kodepos" : "95775"
}, {
  "kecamatan" : "Nuangan",
  "kelurahan" : "Molobog Barat",
  "kodepos" : "95775"
}, {
  "kecamatan" : "Nuangan",
  "kelurahan" : "Molobog Timur",
  "kodepos" : "95775"
}, {
  "kecamatan" : "Nuangan",
  "kelurahan" : "Matabulu",
  "kodepos" : "95775"
}, {
  "kecamatan" : "Nuangan",
  "kelurahan" : "Matabulu Timur",
  "kodepos" : "95775"
}, {
  "kecamatan" : "Nuangan",
  "kelurahan" : "Loyow",
  "kodepos" : "95775"
}, {
  "kecamatan" : "Nuangan",
  "kelurahan" : "Jiko",
  "kodepos" : "95775"
}, {
  "kecamatan" : "Nuangan",
  "kelurahan" : "Jiko Belanga",
  "kodepos" : "95775"
}, {
  "kecamatan" : "Nuangan",
  "kelurahan" : "Jiko Utara",
  "kodepos" : "95775"
}, {
  "kecamatan" : "Nuangan",
  "kelurahan" : "Iyok",
  "kodepos" : "95775"
}, {
  "kecamatan" : "Nuangan",
  "kelurahan" : "Idumun",
  "kodepos" : "95775"
}, {
  "kecamatan" : "Nuangan",
  "kelurahan" : "Atoga Timur",
  "kodepos" : "95775"
}, {
  "kecamatan" : "Nuangan",
  "kelurahan" : "Bai",
  "kodepos" : "95775"
}, {
  "kecamatan" : "Nuangan",
  "kelurahan" : "Atoga",
  "kodepos" : "95775"
} ]
