[ {
  "kecamatan" : "Dumoga Tengah",
  "kelurahan" : "Werdhi Agung Selatan",
  "kodepos" : "95773"
}, {
  "kecamatan" : "Dumoga Tengah",
  "kelurahan" : "Werdhi Agung Timur",
  "kodepos" : "95773"
}, {
  "kecamatan" : "Dumoga Tengah",
  "kelurahan" : "Werdhi Agung Utara",
  "kodepos" : "95773"
}, {
  "kecamatan" : "Dumoga Barat",
  "kelurahan" : "Wangga Baru",
  "kodepos" : "95773"
}, {
  "kecamatan" : "Dumoga Tengah",
  "kelurahan" : "Werdhi Agung",
  "kodepos" : "95773"
}, {
  "kecamatan" : "Dumoga Barat",
  "kelurahan" : "Uuwan / Uuan",
  "kodepos" : "95773"
}, {
  "kecamatan" : "Dumoga Barat",
  "kelurahan" : "Toraut Utara",
  "kodepos" : "95773"
}, {
  "kecamatan" : "Dumoga Barat",
  "kelurahan" : "Totaut / Toraut",
  "kodepos" : "95773"
}, {
  "kecamatan" : "Dumoga Barat",
  "kelurahan" : "Matayangan",
  "kodepos" : "95773"
}, {
  "kecamatan" : "Dumoga Barat",
  "kelurahan" : "Mekaruo",
  "kodepos" : "95773"
}, {
  "kecamatan" : "Dumoga Tengah",
  "kelurahan" : "Kinomaligan (Kinomalingan)",
  "kodepos" : "95773"
}, {
  "kecamatan" : "Dumoga Tengah",
  "kelurahan" : "Kosio",
  "kodepos" : "95773"
}, {
  "kecamatan" : "Dumoga Tengah",
  "kelurahan" : "Kosio Timur",
  "kodepos" : "95773"
}, {
  "kecamatan" : "Dumoga Tengah",
  "kelurahan" : "Ibolian Satu / I",
  "kodepos" : "95773"
}, {
  "kecamatan" : "Dumoga Tengah",
  "kelurahan" : "Kasio Barat",
  "kodepos" : "95773"
}, {
  "kecamatan" : "Dumoga Barat",
  "kelurahan" : "Ikhwan",
  "kodepos" : "95773"
}, {
  "kecamatan" : "Dumoga Tengah",
  "kelurahan" : "Ibolian",
  "kodepos" : "95773"
}, {
  "kecamatan" : "Dumoga Tengah",
  "kelurahan" : "Ibolian",
  "kodepos" : "95773"
}, {
  "kecamatan" : "Dumoga Barat",
  "kelurahan" : "Doloduo Satu",
  "kodepos" : "95773"
}, {
  "kecamatan" : "Dumoga Barat",
  "kelurahan" : "Doloduo",
  "kodepos" : "95773"
}, {
  "kecamatan" : "Dumoga Barat",
  "kelurahan" : "Doloduo Dua",
  "kodepos" : "95773"
}, {
  "kecamatan" : "Dumoga Utara",
  "kelurahan" : "Tumokang Baru",
  "kodepos" : "95772"
}, {
  "kecamatan" : "Dumoga Utara",
  "kelurahan" : "Tumokang Timur",
  "kodepos" : "95772"
}, {
  "kecamatan" : "Dumoga Timur",
  "kelurahan" : "Tonom",
  "kodepos" : "95772"
}, {
  "kecamatan" : "Dumoga",
  "kelurahan" : "Toruakat",
  "kodepos" : "95772"
}, {
  "kecamatan" : "Dumoga Tenggara",
  "kelurahan" : "Tapadaka Timur",
  "kodepos" : "95772"
}, {
  "kecamatan" : "Dumoga Tenggara",
  "kelurahan" : "Tapadaka Utara",
  "kodepos" : "95772"
}, {
  "kecamatan" : "Dumoga Tenggara",
  "kelurahan" : "Tapadaka Satu / I",
  "kodepos" : "95772"
}, {
  "kecamatan" : "Dumoga",
  "kelurahan" : "Siniyung Satu",
  "kodepos" : "95772"
}, {
  "kecamatan" : "Dumoga",
  "kelurahan" : "Pusian",
  "kodepos" : "95772"
}, {
  "kecamatan" : "Dumoga",
  "kelurahan" : "Serasi",
  "kodepos" : "95772"
}, {
  "kecamatan" : "Dumoga",
  "kelurahan" : "Siniyung",
  "kodepos" : "95772"
}, {
  "kecamatan" : "Dumoga Timur",
  "kelurahan" : "Pinonobatuan Barat",
  "kodepos" : "95772"
}, {
  "kecamatan" : "Dumoga",
  "kelurahan" : "Ponompian",
  "kodepos" : "95772"
}, {
  "kecamatan" : "Dumoga Tenggara",
  "kelurahan" : "Osion",
  "kodepos" : "95772"
}, {
  "kecamatan" : "Dumoga Timur",
  "kelurahan" : "Pinonobatuan",
  "kodepos" : "95772"
}, {
  "kecamatan" : "Dumoga",
  "kelurahan" : "Mototabian",
  "kodepos" : "95772"
}, {
  "kecamatan" : "Dumoga Utara",
  "kelurahan" : "Mopuya Utara Dua",
  "kodepos" : "95772"
}, {
  "kecamatan" : "Dumoga Utara",
  "kelurahan" : "Mopuya Utara Satu",
  "kodepos" : "95772"
}, {
  "kecamatan" : "Dumoga Utara",
  "kelurahan" : "Mopuya Selatan Satu",
  "kodepos" : "95772"
}, {
  "kecamatan" : "Dumoga Utara",
  "kelurahan" : "Mopuya Utara",
  "kodepos" : "95772"
}, {
  "kecamatan" : "Dumoga Utara",
  "kelurahan" : "Mopuya Selatan Dua",
  "kodepos" : "95772"
}, {
  "kecamatan" : "Dumoga Utara",
  "kelurahan" : "Mopuya Selatan",
  "kodepos" : "95772"
}, {
  "kecamatan" : "Dumoga Utara",
  "kelurahan" : "Mopugad Utara Dua",
  "kodepos" : "95772"
}, {
  "kecamatan" : "Dumoga Utara",
  "kelurahan" : "Mopugad Utara Satu",
  "kodepos" : "95772"
}, {
  "kecamatan" : "Dumoga Utara",
  "kelurahan" : "Mopugad Selatan Satu",
  "kodepos" : "95772"
}, {
  "kecamatan" : "Dumoga Utara",
  "kelurahan" : "Mopugad Utara",
  "kodepos" : "95772"
}, {
  "kecamatan" : "Dumoga Utara",
  "kelurahan" : "Mopugad Selatan",
  "kodepos" : "95772"
}, {
  "kecamatan" : "Dumoga Timur",
  "kelurahan" : "Mogoyunggung Dua",
  "kodepos" : "95772"
}, {
  "kecamatan" : "Dumoga Timur",
  "kelurahan" : "Mogoyunggung Satu",
  "kodepos" : "95772"
}, {
  "kecamatan" : "Dumoga Timur",
  "kelurahan" : "Modomang",
  "kodepos" : "95772"
}, {
  "kecamatan" : "Dumoga Timur",
  "kelurahan" : "Mogoyunggung",
  "kodepos" : "95772"
}, {
  "kecamatan" : "Dumoga Tenggara",
  "kelurahan" : "Konarom",
  "kodepos" : "95772"
}, {
  "kecamatan" : "Dumoga Tenggara",
  "kelurahan" : "Konarom Barat",
  "kodepos" : "95772"
}, {
  "kecamatan" : "Dumoga Tenggara",
  "kelurahan" : "Konarom Utara",
  "kodepos" : "95772"
}, {
  "kecamatan" : "Dumoga Timur",
  "kelurahan" : "Kembang Mertha",
  "kodepos" : "95772"
}, {
  "kecamatan" : "Dumoga Timur",
  "kelurahan" : "Kembang Sari",
  "kodepos" : "95772"
}, {
  "kecamatan" : "Dumoga",
  "kelurahan" : "Kanaan",
  "kodepos" : "95772"
}, {
  "kecamatan" : "Dumoga Timur",
  "kelurahan" : "Imandi",
  "kodepos" : "95772"
}, {
  "kecamatan" : "Dumoga Tenggara",
  "kelurahan" : "Ikuna",
  "kodepos" : "95772"
}, {
  "kecamatan" : "Dumoga Timur",
  "kelurahan" : "Dumoga II",
  "kodepos" : "95772"
}, {
  "kecamatan" : "Dumoga",
  "kelurahan" : "Dumoga I",
  "kodepos" : "95772"
}, {
  "kecamatan" : "Dumoga Timur",
  "kelurahan" : "Dumoga",
  "kodepos" : "95772"
}, {
  "kecamatan" : "Dumoga Tenggara",
  "kelurahan" : "Dumara",
  "kodepos" : "95772"
}, {
  "kecamatan" : "Dumoga Utara",
  "kelurahan" : "Dondomon",
  "kodepos" : "95772"
}, {
  "kecamatan" : "Dumoga Utara",
  "kelurahan" : "Dondomon Selatan",
  "kodepos" : "95772"
}, {
  "kecamatan" : "Dumoga Utara",
  "kelurahan" : "Dondomon Utara",
  "kodepos" : "95772"
}, {
  "kecamatan" : "Dumoga",
  "kelurahan" : "Bumbungon",
  "kodepos" : "95772"
}, {
  "kecamatan" : "Dumoga Tenggara",
  "kelurahan" : "Bonawang",
  "kodepos" : "95772"
}, {
  "kecamatan" : "Dumoga Timur",
  "kelurahan" : "Amertha Sari",
  "kodepos" : "95772"
}, {
  "kecamatan" : "Lolayan",
  "kelurahan" : "Tungoi II",
  "kodepos" : "95771"
}, {
  "kecamatan" : "Dumoga Timur",
  "kelurahan" : "Amertha Buana",
  "kodepos" : "95772"
}, {
  "kecamatan" : "Lolayan",
  "kelurahan" : "Tanoyan Utara",
  "kodepos" : "95771"
}, {
  "kecamatan" : "Lolayan",
  "kelurahan" : "Tapa Aog",
  "kodepos" : "95771"
}, {
  "kecamatan" : "Lolayan",
  "kelurahan" : "Tungoi I",
  "kodepos" : "95771"
}, {
  "kecamatan" : "Lolayan",
  "kelurahan" : "Mopusi",
  "kodepos" : "95771"
}, {
  "kecamatan" : "Lolayan",
  "kelurahan" : "Tanoyan Selatan",
  "kodepos" : "95771"
}, {
  "kecamatan" : "Lolayan",
  "kelurahan" : "Matali Baru",
  "kodepos" : "95771"
}, {
  "kecamatan" : "Lolayan",
  "kelurahan" : "Mengkang",
  "kodepos" : "95771"
}, {
  "kecamatan" : "Lolayan",
  "kelurahan" : "Mopait",
  "kodepos" : "95771"
}, {
  "kecamatan" : "Lolayan",
  "kelurahan" : "Kopandakan II",
  "kodepos" : "95771"
}, {
  "kecamatan" : "Lolayan",
  "kelurahan" : "Lolayan",
  "kodepos" : "95771"
}, {
  "kecamatan" : "Lolayan",
  "kelurahan" : "Abak",
  "kodepos" : "95771"
}, {
  "kecamatan" : "Lolayan",
  "kelurahan" : "Bakan",
  "kodepos" : "95771"
}, {
  "kecamatan" : "Lolayan",
  "kelurahan" : "Bombanon",
  "kodepos" : "95771"
}, {
  "kecamatan" : "Sangtombolang",
  "kelurahan" : "Pasir Putih",
  "kodepos" : "95762"
}, {
  "kecamatan" : "Sangtombolang",
  "kelurahan" : "Pangi",
  "kodepos" : "95762"
}, {
  "kecamatan" : "Sangtombolang",
  "kelurahan" : "Pangi Timu",
  "kodepos" : "95762"
}, {
  "kecamatan" : "Sangtombolang",
  "kelurahan" : "Lolanan",
  "kodepos" : "95762"
}, {
  "kecamatan" : "Sangtombolang",
  "kelurahan" : "Maelang",
  "kodepos" : "95762"
}, {
  "kecamatan" : "Sangtombolang",
  "kelurahan" : "Cempaka",
  "kodepos" : "95762"
}, {
  "kecamatan" : "Sangtombolang",
  "kelurahan" : "Domisil Moonow",
  "kodepos" : "95762"
}, {
  "kecamatan" : "Sangtombolang",
  "kelurahan" : "Bolangat Timur",
  "kodepos" : "95762"
}, {
  "kecamatan" : "Sangtombolang",
  "kelurahan" : "Batumera (Batu Merah)",
  "kodepos" : "95762"
}, {
  "kecamatan" : "Sangtombolang",
  "kelurahan" : "Bolangat",
  "kodepos" : "95762"
}, {
  "kecamatan" : "Sangtombolang",
  "kelurahan" : "Babo",
  "kodepos" : "95762"
}, {
  "kecamatan" : "Sangtombolang",
  "kelurahan" : "Ayong",
  "kodepos" : "95762"
}, {
  "kecamatan" : "Lolak",
  "kelurahan" : "Tuyat",
  "kodepos" : "95761"
}, {
  "kecamatan" : "Lolak",
  "kelurahan" : "Tandu",
  "kodepos" : "95761"
}, {
  "kecamatan" : "Lolak",
  "kelurahan" : "Totabuan",
  "kodepos" : "95761"
}, {
  "kecamatan" : "Lolak",
  "kelurahan" : "Solog",
  "kodepos" : "95761"
}, {
  "kecamatan" : "Lolak",
  "kelurahan" : "Pinogaluman",
  "kodepos" : "95761"
}, {
  "kecamatan" : "Lolak",
  "kelurahan" : "Sauk",
  "kodepos" : "95761"
}, {
  "kecamatan" : "Lolak",
  "kelurahan" : "Pindolili",
  "kodepos" : "95761"
}, {
  "kecamatan" : "Lolak",
  "kelurahan" : "Pindol",
  "kodepos" : "95761"
}, {
  "kecamatan" : "Lolak",
  "kelurahan" : "Mongkoinit",
  "kodepos" : "95761"
}, {
  "kecamatan" : "Lolak",
  "kelurahan" : "Motabang",
  "kodepos" : "95761"
}, {
  "kecamatan" : "Lolak",
  "kelurahan" : "Lolak II",
  "kodepos" : "95761"
}, {
  "kecamatan" : "Lolak",
  "kelurahan" : "Lolak Induk",
  "kodepos" : "95761"
}, {
  "kecamatan" : "Lolak",
  "kelurahan" : "Lolak Tombolango",
  "kodepos" : "95761"
}, {
  "kecamatan" : "Lolak",
  "kelurahan" : "Lalow",
  "kodepos" : "95761"
}, {
  "kecamatan" : "Lolak",
  "kelurahan" : "Diat",
  "kodepos" : "95761"
}, {
  "kecamatan" : "Lolak",
  "kelurahan" : "Labuhan Uki (Labuan Uki)",
  "kodepos" : "95761"
}, {
  "kecamatan" : "Lolak",
  "kelurahan" : "Buntalo Selatan",
  "kodepos" : "95761"
}, {
  "kecamatan" : "Lolak",
  "kelurahan" : "Buntalo Timur",
  "kodepos" : "95761"
}, {
  "kecamatan" : "Lolak",
  "kelurahan" : "Bumbung",
  "kodepos" : "95761"
}, {
  "kecamatan" : "Lolak",
  "kelurahan" : "Buntalo Induk",
  "kodepos" : "95761"
}, {
  "kecamatan" : "Lolak",
  "kelurahan" : "Baturapa Induk",
  "kodepos" : "95761"
}, {
  "kecamatan" : "Lolak",
  "kelurahan" : "Baturapa I",
  "kodepos" : "95761"
}, {
  "kecamatan" : "Poigar",
  "kelurahan" : "Tiberias",
  "kodepos" : "95753"
}, {
  "kecamatan" : "Poigar",
  "kelurahan" : "Wineru",
  "kodepos" : "95753"
}, {
  "kecamatan" : "Poigar",
  "kelurahan" : "Poigar III",
  "kodepos" : "95753"
}, {
  "kecamatan" : "Poigar",
  "kelurahan" : "Pomoman",
  "kodepos" : "95753"
}, {
  "kecamatan" : "Poigar",
  "kelurahan" : "Tanjung Mariri",
  "kodepos" : "95753"
}, {
  "kecamatan" : "Poigar",
  "kelurahan" : "Poigar",
  "kodepos" : "95753"
}, {
  "kecamatan" : "Poigar",
  "kelurahan" : "Poigar II",
  "kodepos" : "95753"
}, {
  "kecamatan" : "Poigar",
  "kelurahan" : "Nonapan Dua",
  "kodepos" : "95753"
}, {
  "kecamatan" : "Poigar",
  "kelurahan" : "Nonapan Satu",
  "kodepos" : "95753"
}, {
  "kecamatan" : "Poigar",
  "kelurahan" : "Nanasi Timur",
  "kodepos" : "95753"
}, {
  "kecamatan" : "Poigar",
  "kelurahan" : "Nonapan",
  "kodepos" : "95753"
}, {
  "kecamatan" : "Poigar",
  "kelurahan" : "Nonapan Baru",
  "kodepos" : "95753"
}, {
  "kecamatan" : "Poigar",
  "kelurahan" : "Nanasi",
  "kodepos" : "95753"
}, {
  "kecamatan" : "Poigar",
  "kelurahan" : "Mondatong",
  "kodepos" : "95753"
}, {
  "kecamatan" : "Poigar",
  "kelurahan" : "Mondatong Baru",
  "kodepos" : "95753"
}, {
  "kecamatan" : "Poigar",
  "kelurahan" : "Mariri Lama",
  "kodepos" : "95753"
}, {
  "kecamatan" : "Poigar",
  "kelurahan" : "Mariri Satu (I)",
  "kodepos" : "95753"
}, {
  "kecamatan" : "Poigar",
  "kelurahan" : "Mariri Baru",
  "kodepos" : "95753"
}, {
  "kecamatan" : "Poigar",
  "kelurahan" : "Mariri Dua (II)",
  "kodepos" : "95753"
}, {
  "kecamatan" : "Poigar",
  "kelurahan" : "Gogaluman",
  "kodepos" : "95753"
}, {
  "kecamatan" : "Bolaang Timur",
  "kelurahan" : "Tadoy",
  "kodepos" : "95752"
}, {
  "kecamatan" : "Bolaang Timur",
  "kelurahan" : "Tadoy I",
  "kodepos" : "95752"
}, {
  "kecamatan" : "Bolaang",
  "kelurahan" : "Solimandungan Baru",
  "kodepos" : "95752"
}, {
  "kecamatan" : "Bolaang",
  "kelurahan" : "Solimandungan Dua",
  "kodepos" : "95752"
}, {
  "kecamatan" : "Bolaang",
  "kelurahan" : "Solimandungan Satu",
  "kodepos" : "95752"
}, {
  "kecamatan" : "Bolaang Timur",
  "kelurahan" : "Lolan",
  "kodepos" : "95752"
}, {
  "kecamatan" : "Bolaang Timur",
  "kelurahan" : "Lolan Dua",
  "kodepos" : "95752"
}, {
  "kecamatan" : "Bolaang",
  "kelurahan" : "Langagon Dua",
  "kodepos" : "95752"
}, {
  "kecamatan" : "Bolaang",
  "kelurahan" : "Langagon Satu",
  "kodepos" : "95752"
}, {
  "kecamatan" : "Bolaang",
  "kelurahan" : "Inobonto Satu",
  "kodepos" : "95752"
}, {
  "kecamatan" : "Bolaang",
  "kelurahan" : "Komangaan",
  "kodepos" : "95752"
}, {
  "kecamatan" : "Bolaang",
  "kelurahan" : "Langagon",
  "kodepos" : "95752"
}, {
  "kecamatan" : "Bolaang",
  "kelurahan" : "Inobonto Dua",
  "kodepos" : "95752"
}, {
  "kecamatan" : "Bolaang",
  "kelurahan" : "Inobonto",
  "kodepos" : "95752"
}, {
  "kecamatan" : "Bolaang Timur",
  "kelurahan" : "Bolaang",
  "kodepos" : "95752"
}, {
  "kecamatan" : "Bolaang Timur",
  "kelurahan" : "Bolaang Satu",
  "kodepos" : "95752"
}, {
  "kecamatan" : "Bolaang Timur",
  "kelurahan" : "Bantik",
  "kodepos" : "95752"
}, {
  "kecamatan" : "Bolaang",
  "kelurahan" : "Bangomolunow",
  "kodepos" : "95752"
}, {
  "kecamatan" : "Bolaang Timur",
  "kelurahan" : "Ambang I",
  "kodepos" : "95752"
}, {
  "kecamatan" : "Bolaang Timur",
  "kelurahan" : "Ambang II",
  "kodepos" : "95752"
}, {
  "kecamatan" : "Passi Barat",
  "kelurahan" : "Wangga Satu",
  "kodepos" : "95751"
}, {
  "kecamatan" : "Passi Barat",
  "kelurahan" : "Wangga",
  "kodepos" : "95751"
}, {
  "kecamatan" : "Bilalang",
  "kelurahan" : "Tuduaog Baru",
  "kodepos" : "95751"
}, {
  "kecamatan" : "Passi Timur",
  "kelurahan" : "Sinsingon Timur",
  "kodepos" : "95751"
}, {
  "kecamatan" : "Bilalang",
  "kelurahan" : "Tuduaog",
  "kodepos" : "95751"
}, {
  "kecamatan" : "Passi Timur",
  "kelurahan" : "Sinsingon",
  "kodepos" : "95751"
}, {
  "kecamatan" : "Passi Timur",
  "kelurahan" : "Sinsingon Barat",
  "kodepos" : "95751"
}, {
  "kecamatan" : "Passi Barat",
  "kelurahan" : "Poyuyanan",
  "kodepos" : "95751"
}, {
  "kecamatan" : "Passi Timur",
  "kelurahan" : "Poopo Barat",
  "kodepos" : "95751"
}, {
  "kecamatan" : "Passi Timur",
  "kelurahan" : "Poopo Selatan",
  "kodepos" : "95751"
}, {
  "kecamatan" : "Passi Barat",
  "kelurahan" : "Passi 2",
  "kodepos" : "95751"
}, {
  "kecamatan" : "Passi Timur",
  "kelurahan" : "Poopo",
  "kodepos" : "95751"
}, {
  "kecamatan" : "Passi Barat",
  "kelurahan" : "Passi 1",
  "kodepos" : "95751"
}, {
  "kecamatan" : "Passi Timur",
  "kelurahan" : "Pangian Barat",
  "kodepos" : "95751"
}, {
  "kecamatan" : "Passi Timur",
  "kelurahan" : "Pangian Tengah",
  "kodepos" : "95751"
}, {
  "kecamatan" : "Passi Barat",
  "kelurahan" : "Otam Barat",
  "kodepos" : "95751"
}, {
  "kecamatan" : "Passi Timur",
  "kelurahan" : "Pangian",
  "kodepos" : "95751"
}, {
  "kecamatan" : "Passi Barat",
  "kelurahan" : "Muntoi Timur",
  "kodepos" : "95751"
}, {
  "kecamatan" : "Passi Barat",
  "kelurahan" : "Otam",
  "kodepos" : "95751"
}, {
  "kecamatan" : "Passi Timur",
  "kelurahan" : "Mobuya",
  "kodepos" : "95751"
}, {
  "kecamatan" : "Passi Barat",
  "kelurahan" : "Muntoi Induk (Muntoy)",
  "kodepos" : "95751"
}, {
  "kecamatan" : "Passi Timur",
  "kelurahan" : "Manembo",
  "kodepos" : "95751"
}, {
  "kecamatan" : "Passi Barat",
  "kelurahan" : "Lobong",
  "kodepos" : "95751"
}, {
  "kecamatan" : "Bilalang",
  "kelurahan" : "Kolingangaan",
  "kodepos" : "95751"
}, {
  "kecamatan" : "Passi Barat",
  "kelurahan" : "Inuai",
  "kodepos" : "95751"
}, {
  "kecamatan" : "Passi Timur",
  "kelurahan" : "Insil",
  "kodepos" : "95751"
}, {
  "kecamatan" : "Passi Timur",
  "kelurahan" : "Insil Baru",
  "kodepos" : "95751"
}, {
  "kecamatan" : "Passi Barat",
  "kelurahan" : "Bintau",
  "kodepos" : "95751"
}, {
  "kecamatan" : "Passi Barat",
  "kelurahan" : "Bulud",
  "kodepos" : "95751"
}, {
  "kecamatan" : "Bilalang",
  "kelurahan" : "Bilalang IV",
  "kodepos" : "95751"
}, {
  "kecamatan" : "Bilalang",
  "kelurahan" : "Bilalang Baru",
  "kodepos" : "95751"
}, {
  "kecamatan" : "Bilalang",
  "kelurahan" : "Bilalang III",
  "kodepos" : "95751"
}, {
  "kecamatan" : "Bilalang",
  "kelurahan" : "Bilalang III Utara",
  "kodepos" : "95751"
} ]
