[ {
  "kecamatan" : "Pinogaluman",
  "kelurahan" : "Tuntung",
  "kodepos" : "95765"
}, {
  "kecamatan" : "Pinogaluman",
  "kelurahan" : "Tuntung Timur",
  "kodepos" : "95765"
}, {
  "kecamatan" : "Pinogaluman",
  "kelurahan" : "Tombulang",
  "kodepos" : "95765"
}, {
  "kecamatan" : "Pinogaluman",
  "kelurahan" : "Tontulow (Tuntulow)",
  "kodepos" : "95765"
}, {
  "kecamatan" : "Pinogaluman",
  "kelurahan" : "Tintulow Utara",
  "kodepos" : "95765"
}, {
  "kecamatan" : "Pinogaluman",
  "kelurahan" : "Tambulong Timur",
  "kodepos" : "95765"
}, {
  "kecamatan" : "Pinogaluman",
  "kelurahan" : "Tanjung Sidupa",
  "kodepos" : "95765"
}, {
  "kecamatan" : "Pinogaluman",
  "kelurahan" : "Tambulong Pantai",
  "kodepos" : "95765"
}, {
  "kecamatan" : "Kaidipang",
  "kelurahan" : "Solo",
  "kodepos" : "95765"
}, {
  "kecamatan" : "Kaidipang",
  "kelurahan" : "Pontak",
  "kodepos" : "95765"
}, {
  "kecamatan" : "Kaidipang",
  "kelurahan" : "Soligir",
  "kodepos" : "95765"
}, {
  "kecamatan" : "Pinogaluman",
  "kelurahan" : "Padango",
  "kodepos" : "95765"
}, {
  "kecamatan" : "Pinogaluman",
  "kelurahan" : "Komus Satu",
  "kodepos" : "95765"
}, {
  "kecamatan" : "Kaidipang",
  "kelurahan" : "Kuala",
  "kodepos" : "95765"
}, {
  "kecamatan" : "Kaidipang",
  "kelurahan" : "Kuala Utara",
  "kodepos" : "95765"
}, {
  "kecamatan" : "Kaidipang",
  "kelurahan" : "Komus Dua (II)",
  "kodepos" : "95765"
}, {
  "kecamatan" : "Kaidipang",
  "kelurahan" : "Komus Dua Timur",
  "kodepos" : "95765"
}, {
  "kecamatan" : "Pinogaluman",
  "kelurahan" : "Kayuogu",
  "kodepos" : "95765"
}, {
  "kecamatan" : "Kaidipang",
  "kelurahan" : "Inomunga Utara",
  "kodepos" : "95765"
}, {
  "kecamatan" : "Pinogaluman",
  "kelurahan" : "Duini",
  "kodepos" : "95765"
}, {
  "kecamatan" : "Kaidipang",
  "kelurahan" : "Gihang",
  "kodepos" : "95765"
}, {
  "kecamatan" : "Kaidipang",
  "kelurahan" : "Inomunga",
  "kodepos" : "95765"
}, {
  "kecamatan" : "Pinogaluman",
  "kelurahan" : "Dalapuli Timur",
  "kodepos" : "95765"
}, {
  "kecamatan" : "Pinogaluman",
  "kelurahan" : "Dengi",
  "kodepos" : "95765"
}, {
  "kecamatan" : "Pinogaluman",
  "kelurahan" : "Busato",
  "kodepos" : "95765"
}, {
  "kecamatan" : "Pinogaluman",
  "kelurahan" : "Dalapuli",
  "kodepos" : "95765"
}, {
  "kecamatan" : "Pinogaluman",
  "kelurahan" : "Dalapuli Barat",
  "kodepos" : "95765"
}, {
  "kecamatan" : "Pinogaluman",
  "kelurahan" : "Buko Selatan",
  "kodepos" : "95765"
}, {
  "kecamatan" : "Pinogaluman",
  "kelurahan" : "Buko Utara",
  "kodepos" : "95765"
}, {
  "kecamatan" : "Kaidipang",
  "kelurahan" : "Boroko Utara",
  "kodepos" : "95765"
}, {
  "kecamatan" : "Pinogaluman",
  "kelurahan" : "Buko",
  "kodepos" : "95765"
}, {
  "kecamatan" : "Kaidipang",
  "kelurahan" : "Boroko",
  "kodepos" : "95765"
}, {
  "kecamatan" : "Kaidipang",
  "kelurahan" : "Boroko Timur",
  "kodepos" : "95765"
}, {
  "kecamatan" : "Kaidipang",
  "kelurahan" : "Bigo",
  "kodepos" : "95765"
}, {
  "kecamatan" : "Kaidipang",
  "kelurahan" : "Bigo Selatan",
  "kodepos" : "95765"
}, {
  "kecamatan" : "Pinogaluman",
  "kelurahan" : "Batu Batayo",
  "kodepos" : "95765"
}, {
  "kecamatan" : "Pinogaluman",
  "kelurahan" : "Batutajam",
  "kodepos" : "95765"
}, {
  "kecamatan" : "Bolang Itang Barat",
  "kelurahan" : "Wakat",
  "kodepos" : "95764"
}, {
  "kecamatan" : "Bolang Itang Timur",
  "kelurahan" : "Tanjung Labou",
  "kodepos" : "95764"
}, {
  "kecamatan" : "Bolang Itang Barat",
  "kelurahan" : "Tote",
  "kodepos" : "95764"
}, {
  "kecamatan" : "Bolang Itang Barat",
  "kelurahan" : "Talaga Tumoagu",
  "kodepos" : "95764"
}, {
  "kecamatan" : "Bolang Itang Barat",
  "kelurahan" : "Tanjung Buaya",
  "kodepos" : "95764"
}, {
  "kecamatan" : "Bolang Itang Barat",
  "kelurahan" : "Sonuo",
  "kodepos" : "95764"
}, {
  "kecamatan" : "Bolang Itang Barat",
  "kelurahan" : "Talaga",
  "kodepos" : "95764"
}, {
  "kecamatan" : "Bolang Itang Timur",
  "kelurahan" : "Saleo Satu",
  "kodepos" : "95764"
}, {
  "kecamatan" : "Bolang Itang Barat",
  "kelurahan" : "Paku Selatan",
  "kodepos" : "95764"
}, {
  "kecamatan" : "Bolang Itang Timur",
  "kelurahan" : "Saleo",
  "kodepos" : "95764"
}, {
  "kecamatan" : "Bolang Itang Barat",
  "kelurahan" : "Paku",
  "kodepos" : "95764"
}, {
  "kecamatan" : "Bolang Itang Barat",
  "kelurahan" : "Ollot II",
  "kodepos" : "95764"
}, {
  "kecamatan" : "Bolang Itang Barat",
  "kelurahan" : "Ollot I",
  "kodepos" : "95764"
}, {
  "kecamatan" : "Bolang Itang Barat",
  "kelurahan" : "Ollot",
  "kodepos" : "95764"
}, {
  "kecamatan" : "Bolang Itang Timur",
  "kelurahan" : "Nunukan",
  "kodepos" : "95764"
}, {
  "kecamatan" : "Bolang Itang Timur",
  "kelurahan" : "Nagara",
  "kodepos" : "95764"
}, {
  "kecamatan" : "Bolang Itang Timur",
  "kelurahan" : "Mokoditek I (Mookoditek I)",
  "kodepos" : "95764"
}, {
  "kecamatan" : "Bolang Itang Timur",
  "kelurahan" : "Lipu Bogu",
  "kodepos" : "95764"
}, {
  "kecamatan" : "Bolang Itang Timur",
  "kelurahan" : "Mokoditek (Mookoditek)",
  "kodepos" : "95764"
}, {
  "kecamatan" : "Bolang Itang Barat",
  "kelurahan" : "Langi",
  "kodepos" : "95764"
}, {
  "kecamatan" : "Bolang Itang Barat",
  "kelurahan" : "Keimanga",
  "kodepos" : "95764"
}, {
  "kecamatan" : "Bolang Itang Barat",
  "kelurahan" : "Jambu Sarang",
  "kodepos" : "95764"
}, {
  "kecamatan" : "Bolang Itang Barat",
  "kelurahan" : "Iyok",
  "kodepos" : "95764"
}, {
  "kecamatan" : "Bolang Itang Barat",
  "kelurahan" : "Bolangitang I",
  "kodepos" : "95764"
}, {
  "kecamatan" : "Bolang Itang Barat",
  "kelurahan" : "Bolangitang II",
  "kodepos" : "95764"
}, {
  "kecamatan" : "Bolang Itang Barat",
  "kelurahan" : "Bolang Itang Barat",
  "kodepos" : "95764"
}, {
  "kecamatan" : "Bolang Itang Timur",
  "kelurahan" : "Bohabak IV",
  "kodepos" : "95764"
}, {
  "kecamatan" : "Bolang Itang Timur",
  "kelurahan" : "Bohabak II",
  "kodepos" : "95764"
}, {
  "kecamatan" : "Bolang Itang Timur",
  "kelurahan" : "Bohabak III",
  "kodepos" : "95764"
}, {
  "kecamatan" : "Bolang Itang Timur",
  "kelurahan" : "Bohabak I",
  "kodepos" : "95764"
}, {
  "kecamatan" : "Bolang Itang Timur",
  "kelurahan" : "Biontong II",
  "kodepos" : "95764"
}, {
  "kecamatan" : "Bolang Itang Timur",
  "kelurahan" : "Biontong I",
  "kodepos" : "95764"
}, {
  "kecamatan" : "Bolang Itang Timur",
  "kelurahan" : "Biontong",
  "kodepos" : "95764"
}, {
  "kecamatan" : "Bolang Itang Timur",
  "kelurahan" : "Binuni",
  "kodepos" : "95764"
}, {
  "kecamatan" : "Bolang Itang Timur",
  "kelurahan" : "Binuanga",
  "kodepos" : "95764"
}, {
  "kecamatan" : "Bolang Itang Timur",
  "kelurahan" : "Binjeita II",
  "kodepos" : "95764"
}, {
  "kecamatan" : "Bolang Itang Timur",
  "kelurahan" : "Binjeita I",
  "kodepos" : "95764"
}, {
  "kecamatan" : "Bolang Itang Timur",
  "kelurahan" : "Binjeita",
  "kodepos" : "95764"
}, {
  "kecamatan" : "Bintauna",
  "kelurahan" : "Voa A",
  "kodepos" : "95763"
}, {
  "kecamatan" : "Bintauna",
  "kelurahan" : "Talaga",
  "kodepos" : "95763"
}, {
  "kecamatan" : "Bintauna",
  "kelurahan" : "Vahuta",
  "kodepos" : "95763"
}, {
  "kecamatan" : "Bintauna",
  "kelurahan" : "Pimpi",
  "kodepos" : "95763"
}, {
  "kecamatan" : "Bintauna",
  "kelurahan" : "Padang Barat",
  "kodepos" : "95763"
}, {
  "kecamatan" : "Bintauna",
  "kelurahan" : "Padang",
  "kodepos" : "95763"
}, {
  "kecamatan" : "Bintauna",
  "kelurahan" : "Mome",
  "kodepos" : "95763"
}, {
  "kecamatan" : "Bintauna",
  "kelurahan" : "Minanga",
  "kodepos" : "95763"
}, {
  "kecamatan" : "Bintauna",
  "kelurahan" : "Kuhanga",
  "kodepos" : "95763"
}, {
  "kecamatan" : "Bintauna",
  "kelurahan" : "Kopi",
  "kodepos" : "95763"
}, {
  "kecamatan" : "Bintauna",
  "kelurahan" : "Bunia",
  "kodepos" : "95763"
}, {
  "kecamatan" : "Bintauna",
  "kelurahan" : "Bunong",
  "kodepos" : "95763"
}, {
  "kecamatan" : "Bintauna",
  "kelurahan" : "Huntuk",
  "kodepos" : "95763"
}, {
  "kecamatan" : "Bintauna",
  "kelurahan" : "Bintauna Pantai/Pante",
  "kodepos" : "95763"
}, {
  "kecamatan" : "Bintauna",
  "kelurahan" : "Batulintik",
  "kodepos" : "95763"
}, {
  "kecamatan" : "Bintauna",
  "kelurahan" : "Bintauna",
  "kodepos" : "95763"
}, {
  "kecamatan" : "Sangkub",
  "kelurahan" : "Tombolango",
  "kodepos" : "95762"
}, {
  "kecamatan" : "Sangkub",
  "kelurahan" : "Sidodadi",
  "kodepos" : "95762"
}, {
  "kecamatan" : "Sangkub",
  "kelurahan" : "Suka Makmur",
  "kodepos" : "95762"
}, {
  "kecamatan" : "Sangkub",
  "kelurahan" : "Sangtombolang",
  "kodepos" : "95762"
}, {
  "kecamatan" : "Sangkub",
  "kelurahan" : "Sangkup III (Sangkub III)",
  "kodepos" : "95762"
}, {
  "kecamatan" : "Sangkub",
  "kelurahan" : "Sanglup Empat",
  "kodepos" : "95762"
}, {
  "kecamatan" : "Sangkub",
  "kelurahan" : "Sangkup I (Sangkub I)",
  "kodepos" : "95762"
}, {
  "kecamatan" : "Sangkub",
  "kelurahan" : "Sangkup II (Sangkub II)",
  "kodepos" : "95762"
}, {
  "kecamatan" : "Sangkub",
  "kelurahan" : "Sampiro",
  "kodepos" : "95762"
}, {
  "kecamatan" : "Sangkub",
  "kelurahan" : "Sangkub Timur",
  "kodepos" : "95762"
}, {
  "kecamatan" : "Sangkub",
  "kelurahan" : "Pangkusa",
  "kodepos" : "95762"
}, {
  "kecamatan" : "Sangkub",
  "kelurahan" : "Mokusato",
  "kodepos" : "95762"
}, {
  "kecamatan" : "Sangkub",
  "kelurahan" : "Monompia",
  "kodepos" : "95762"
}, {
  "kecamatan" : "Sangkub",
  "kelurahan" : "Busisingo",
  "kodepos" : "95762"
}, {
  "kecamatan" : "Sangkub",
  "kelurahan" : "Busisingo Utara",
  "kodepos" : "95762"
}, {
  "kecamatan" : "Sangkub",
  "kelurahan" : "Ampeng Sembeka",
  "kodepos" : "95762"
} ]
