[ {
  "kecamatan" : "Langowan Timur",
  "kelurahan" : "Wolaang",
  "kodepos" : "95694"
}, {
  "kecamatan" : "Langowan Selatan",
  "kelurahan" : "Winebetan",
  "kodepos" : "95694"
}, {
  "kecamatan" : "Langowan Barat",
  "kelurahan" : "Walewangko",
  "kodepos" : "95694"
}, {
  "kecamatan" : "Langowan Timur",
  "kelurahan" : "Waleure",
  "kodepos" : "95694"
}, {
  "kecamatan" : "Langowan Barat",
  "kelurahan" : "Tumaratas II",
  "kodepos" : "95694"
}, {
  "kecamatan" : "Langowan Utara",
  "kelurahan" : "Walantakan",
  "kodepos" : "95694"
}, {
  "kecamatan" : "Langowan Barat",
  "kelurahan" : "Tounelet",
  "kodepos" : "95694"
}, {
  "kecamatan" : "Langowan Barat",
  "kelurahan" : "Tumaratas I",
  "kodepos" : "95694"
}, {
  "kecamatan" : "Langowan Utara",
  "kelurahan" : "Tempang III",
  "kodepos" : "95694"
}, {
  "kecamatan" : "Langowan Utara",
  "kelurahan" : "Toraget",
  "kodepos" : "95694"
}, {
  "kecamatan" : "Langowan Selatan",
  "kelurahan" : "Temboan",
  "kodepos" : "95694"
}, {
  "kecamatan" : "Langowan Utara",
  "kelurahan" : "Tempang I",
  "kodepos" : "95694"
}, {
  "kecamatan" : "Langowan Utara",
  "kelurahan" : "Tempang II",
  "kodepos" : "95694"
}, {
  "kecamatan" : "Langowan Utara",
  "kelurahan" : "Taraitak Satu",
  "kodepos" : "95694"
}, {
  "kecamatan" : "Langowan Timur",
  "kelurahan" : "Teep",
  "kodepos" : "95694"
}, {
  "kecamatan" : "Langowan Utara",
  "kelurahan" : "Taraitak",
  "kodepos" : "95694"
}, {
  "kecamatan" : "Langowan Timur",
  "kelurahan" : "Sumarayar",
  "kodepos" : "95694"
}, {
  "kecamatan" : "Langowan Selatan",
  "kelurahan" : "Rumbia",
  "kodepos" : "95694"
}, {
  "kecamatan" : "Langowan Barat",
  "kelurahan" : "Raringis Utara",
  "kodepos" : "95694"
}, {
  "kecamatan" : "Langowan Barat",
  "kelurahan" : "Raringis Selatan",
  "kodepos" : "95694"
}, {
  "kecamatan" : "Langowan Barat",
  "kelurahan" : "Raranon",
  "kodepos" : "95694"
}, {
  "kecamatan" : "Langowan Barat",
  "kelurahan" : "Raringis",
  "kodepos" : "95694"
}, {
  "kecamatan" : "Langowan Barat",
  "kelurahan" : "Noongan III",
  "kodepos" : "95694"
}, {
  "kecamatan" : "Langowan Selatan",
  "kelurahan" : "Palamba",
  "kodepos" : "95694"
}, {
  "kecamatan" : "Langowan Barat",
  "kelurahan" : "Paslateh (Paslaten)",
  "kodepos" : "95694"
}, {
  "kecamatan" : "Langowan Barat",
  "kelurahan" : "Noongan I",
  "kodepos" : "95694"
}, {
  "kecamatan" : "Langowan Barat",
  "kelurahan" : "Noongan II",
  "kodepos" : "95694"
}, {
  "kecamatan" : "Langowan Barat",
  "kelurahan" : "Lowian",
  "kodepos" : "95694"
}, {
  "kecamatan" : "Langowan Selatan",
  "kelurahan" : "Manembo",
  "kodepos" : "95694"
}, {
  "kecamatan" : "Langowan Barat",
  "kelurahan" : "Kopiwangker",
  "kodepos" : "95694"
}, {
  "kecamatan" : "Langowan Barat",
  "kelurahan" : "Koyawas",
  "kodepos" : "95694"
}, {
  "kecamatan" : "Langowan Utara",
  "kelurahan" : "Karumenga",
  "kodepos" : "95694"
}, {
  "kecamatan" : "Langowan Selatan",
  "kelurahan" : "Kawatak",
  "kodepos" : "95694"
}, {
  "kecamatan" : "Langowan Timur",
  "kelurahan" : "Karondoran",
  "kodepos" : "95694"
}, {
  "kecamatan" : "Langowan Selatan",
  "kelurahan" : "Atep Satu",
  "kodepos" : "95694"
}, {
  "kecamatan" : "Langowan Selatan",
  "kelurahan" : "Kaayuran Atas",
  "kodepos" : "95694"
}, {
  "kecamatan" : "Langowan Selatan",
  "kelurahan" : "Kaayuran Bawah",
  "kodepos" : "95694"
}, {
  "kecamatan" : "Langowan Selatan",
  "kelurahan" : "Atep",
  "kodepos" : "95694"
}, {
  "kecamatan" : "Langowan Barat",
  "kelurahan" : "Ampreng",
  "kodepos" : "95694"
}, {
  "kecamatan" : "Langowan Timur",
  "kelurahan" : "Amongena Tiga",
  "kodepos" : "95694"
}, {
  "kecamatan" : "Langowan Timur",
  "kelurahan" : "Amongena Dua (II)",
  "kodepos" : "95694"
}, {
  "kecamatan" : "Langowan Timur",
  "kelurahan" : "Amongena Satu (I)",
  "kodepos" : "95694"
}, {
  "kecamatan" : "Tompaso Barat",
  "kelurahan" : "Touure",
  "kodepos" : "95693"
}, {
  "kecamatan" : "Tompaso Barat",
  "kelurahan" : "Touure Dua",
  "kodepos" : "95693"
}, {
  "kecamatan" : "Tompaso Barat",
  "kelurahan" : "Tonsewer",
  "kodepos" : "95693"
}, {
  "kecamatan" : "Tompaso Barat",
  "kelurahan" : "Tonsewer Selatan",
  "kodepos" : "95693"
}, {
  "kecamatan" : "Tompaso",
  "kelurahan" : "Tolok Satu",
  "kodepos" : "95693"
}, {
  "kecamatan" : "Tompaso Barat",
  "kelurahan" : "Tompaso Dua",
  "kodepos" : "95693"
}, {
  "kecamatan" : "Tompaso",
  "kelurahan" : "Tolok Satu",
  "kodepos" : "95693"
}, {
  "kecamatan" : "Tompaso",
  "kelurahan" : "Tempok Selatan",
  "kodepos" : "95693"
}, {
  "kecamatan" : "Tompaso",
  "kelurahan" : "Tolok",
  "kodepos" : "95693"
}, {
  "kecamatan" : "Tompaso",
  "kelurahan" : "Talikuran",
  "kodepos" : "95693"
}, {
  "kecamatan" : "Tompaso",
  "kelurahan" : "Tember",
  "kodepos" : "95693"
}, {
  "kecamatan" : "Tompaso",
  "kelurahan" : "Tempok",
  "kodepos" : "95693"
}, {
  "kecamatan" : "Tompaso Barat",
  "kelurahan" : "Pinabetengan Selatan",
  "kodepos" : "95693"
}, {
  "kecamatan" : "Tompaso Barat",
  "kelurahan" : "Pinabetengan Utara",
  "kodepos" : "95693"
}, {
  "kecamatan" : "Tompaso",
  "kelurahan" : "Sendangan",
  "kodepos" : "95693"
}, {
  "kecamatan" : "Tompaso Barat",
  "kelurahan" : "Penaesaan",
  "kodepos" : "95693"
}, {
  "kecamatan" : "Tompaso Barat",
  "kelurahan" : "Pinabetengan",
  "kodepos" : "95693"
}, {
  "kecamatan" : "Tompaso",
  "kelurahan" : "Liba",
  "kodepos" : "95693"
}, {
  "kecamatan" : "Tompaso",
  "kelurahan" : "Kamanga",
  "kodepos" : "95693"
}, {
  "kecamatan" : "Tompaso",
  "kelurahan" : "Kamanga Dua",
  "kodepos" : "95693"
}, {
  "kecamatan" : "Kawangkoan Utara",
  "kelurahan" : "Uner",
  "kodepos" : "95692"
}, {
  "kecamatan" : "Kawangkoan",
  "kelurahan" : "Uner Satu",
  "kodepos" : "95692"
}, {
  "kecamatan" : "Kawangkoan Barat",
  "kelurahan" : "Tombasian Bawah",
  "kodepos" : "95692"
}, {
  "kecamatan" : "Kawangkoan",
  "kelurahan" : "Tondegesan",
  "kodepos" : "95692"
}, {
  "kecamatan" : "Kawangkoan",
  "kelurahan" : "Tondegesan I",
  "kodepos" : "95692"
}, {
  "kecamatan" : "Kawangkoan",
  "kelurahan" : "Tondegesan II",
  "kodepos" : "95692"
}, {
  "kecamatan" : "Kawangkoan Barat",
  "kelurahan" : "Tombasian Atas",
  "kodepos" : "95692"
}, {
  "kecamatan" : "Kawangkoan Barat",
  "kelurahan" : "Tombasian Atas Satu",
  "kodepos" : "95692"
}, {
  "kecamatan" : "Kawangkoan Utara",
  "kelurahan" : "Talikuran Utara",
  "kodepos" : "95692"
}, {
  "kecamatan" : "Kawangkoan Utara",
  "kelurahan" : "Talikuran",
  "kodepos" : "95692"
}, {
  "kecamatan" : "Kawangkoan Utara",
  "kelurahan" : "Talikuran Barat",
  "kodepos" : "95692"
}, {
  "kecamatan" : "Kawangkoan",
  "kelurahan" : "Sendangan",
  "kodepos" : "95692"
}, {
  "kecamatan" : "Kawangkoan",
  "kelurahan" : "Sendangan Selatan",
  "kodepos" : "95692"
}, {
  "kecamatan" : "Kawangkoan",
  "kelurahan" : "Sendangan Tengah",
  "kodepos" : "95692"
}, {
  "kecamatan" : "Kawangkoan Barat",
  "kelurahan" : "Ranolambot",
  "kodepos" : "95692"
}, {
  "kecamatan" : "Kawangkoan",
  "kelurahan" : "Kinali",
  "kodepos" : "95692"
}, {
  "kecamatan" : "Kawangkoan",
  "kelurahan" : "Kinali Satu",
  "kodepos" : "95692"
}, {
  "kecamatan" : "Kawangkoan Utara",
  "kelurahan" : "Kiawa Satu Barat",
  "kodepos" : "95692"
}, {
  "kecamatan" : "Kawangkoan Utara",
  "kelurahan" : "Kiawa Satu Utara",
  "kodepos" : "95692"
}, {
  "kecamatan" : "Kawangkoan Utara",
  "kelurahan" : "Kiawa Dua Barat",
  "kodepos" : "95692"
}, {
  "kecamatan" : "Kawangkoan Utara",
  "kelurahan" : "Kiawa Dua Timur",
  "kodepos" : "95692"
}, {
  "kecamatan" : "Kawangkoan Utara",
  "kelurahan" : "Kiawa Satu",
  "kodepos" : "95692"
}, {
  "kecamatan" : "Kawangkoan Utara",
  "kelurahan" : "Kiawa Dua",
  "kodepos" : "95692"
}, {
  "kecamatan" : "Kawangkoan Barat",
  "kelurahan" : "Kayuum (Kayuuwi)",
  "kodepos" : "95692"
}, {
  "kecamatan" : "Kawangkoan Barat",
  "kelurahan" : "Kayuuwi Satu",
  "kodepos" : "95692"
}, {
  "kecamatan" : "Kawangkoan",
  "kelurahan" : "Kanonang Tiga",
  "kodepos" : "95692"
}, {
  "kecamatan" : "Kawangkoan Barat",
  "kelurahan" : "Kanonang Satu",
  "kodepos" : "95692"
}, {
  "kecamatan" : "Kawangkoan Barat",
  "kelurahan" : "Kanonang Dua",
  "kodepos" : "95692"
}, {
  "kecamatan" : "Kawangkoan Barat",
  "kelurahan" : "Kanonang Empat",
  "kodepos" : "95692"
}, {
  "kecamatan" : "Kawangkoan Barat",
  "kelurahan" : "Kanonang Lima",
  "kodepos" : "95692"
}, {
  "kecamatan" : "Sonder",
  "kelurahan" : "Tounelet",
  "kodepos" : "95691"
}, {
  "kecamatan" : "Sonder",
  "kelurahan" : "Tincep",
  "kodepos" : "95691"
}, {
  "kecamatan" : "Sonder",
  "kelurahan" : "Tounelet",
  "kodepos" : "95691"
}, {
  "kecamatan" : "Sonder",
  "kelurahan" : "Talikuran",
  "kodepos" : "95691"
}, {
  "kecamatan" : "Sonder",
  "kelurahan" : "Talikuran Satu",
  "kodepos" : "95691"
}, {
  "kecamatan" : "Sonder",
  "kelurahan" : "Timbukar",
  "kodepos" : "95691"
}, {
  "kecamatan" : "Sonder",
  "kelurahan" : "Sandangan Satu",
  "kodepos" : "95691"
}, {
  "kecamatan" : "Sonder",
  "kelurahan" : "Sawangan",
  "kodepos" : "95691"
}, {
  "kecamatan" : "Sonder",
  "kelurahan" : "Sendangan",
  "kodepos" : "95691"
}, {
  "kecamatan" : "Sonder",
  "kelurahan" : "Rambunan",
  "kodepos" : "95691"
}, {
  "kecamatan" : "Sonder",
  "kelurahan" : "Rambunan Amian",
  "kodepos" : "95691"
}, {
  "kecamatan" : "Sonder",
  "kelurahan" : "Leilem II",
  "kodepos" : "95691"
}, {
  "kecamatan" : "Sonder",
  "kelurahan" : "Leilem III",
  "kodepos" : "95691"
}, {
  "kecamatan" : "Sonder",
  "kelurahan" : "Kotongan Atas Satu",
  "kodepos" : "95691"
}, {
  "kecamatan" : "Sonder",
  "kelurahan" : "Leilem I",
  "kodepos" : "95691"
}, {
  "kecamatan" : "Sonder",
  "kelurahan" : "Kolongan Atas II",
  "kodepos" : "95691"
}, {
  "kecamatan" : "Sonder",
  "kelurahan" : "Kolongan Atas I",
  "kodepos" : "95691"
}, {
  "kecamatan" : "Sonder",
  "kelurahan" : "Kauneran",
  "kodepos" : "95691"
}, {
  "kecamatan" : "Sonder",
  "kelurahan" : "Kauneran Satu",
  "kodepos" : "95691"
}, {
  "kecamatan" : "Kombi",
  "kelurahan" : "Sawangan",
  "kodepos" : "95684"
}, {
  "kecamatan" : "Kombi",
  "kelurahan" : "Tulap",
  "kodepos" : "95684"
}, {
  "kecamatan" : "Kombi",
  "kelurahan" : "Rerer",
  "kodepos" : "95684"
}, {
  "kecamatan" : "Kombi",
  "kelurahan" : "Rerer I",
  "kodepos" : "95684"
}, {
  "kecamatan" : "Kombi",
  "kelurahan" : "Lalumpe",
  "kodepos" : "95684"
}, {
  "kecamatan" : "Kombi",
  "kelurahan" : "Makalisung",
  "kodepos" : "95684"
}, {
  "kecamatan" : "Kombi",
  "kelurahan" : "Ranowangko Dua",
  "kodepos" : "95684"
}, {
  "kecamatan" : "Kombi",
  "kelurahan" : "Kolongan I",
  "kodepos" : "95684"
}, {
  "kecamatan" : "Kombi",
  "kelurahan" : "Kombi",
  "kodepos" : "95684"
}, {
  "kecamatan" : "Kombi",
  "kelurahan" : "Kolongan",
  "kodepos" : "95684"
}, {
  "kecamatan" : "Kombi",
  "kelurahan" : "Kalawiran",
  "kodepos" : "95684"
}, {
  "kecamatan" : "Kombi",
  "kelurahan" : "Kayu Besi",
  "kodepos" : "95684"
}, {
  "kecamatan" : "Kombi",
  "kelurahan" : "Kinaselon (Kinaleosan)",
  "kodepos" : "95684"
}, {
  "kecamatan" : "Lembean Timur",
  "kelurahan" : "Watulaney Amian",
  "kodepos" : "95683"
}, {
  "kecamatan" : "Eris",
  "kelurahan" : "Watumea",
  "kodepos" : "95683"
}, {
  "kecamatan" : "Lembean Timur",
  "kelurahan" : "Watulaney",
  "kodepos" : "95683"
}, {
  "kecamatan" : "Eris",
  "kelurahan" : "Telap",
  "kodepos" : "95683"
}, {
  "kecamatan" : "Eris",
  "kelurahan" : "Touliang Oki",
  "kodepos" : "95683"
}, {
  "kecamatan" : "Eris",
  "kelurahan" : "Tandengan",
  "kodepos" : "95683"
}, {
  "kecamatan" : "Eris",
  "kelurahan" : "Tandengan Satu",
  "kodepos" : "95683"
}, {
  "kecamatan" : "Lembean Timur",
  "kelurahan" : "Seretan Timur",
  "kodepos" : "95683"
}, {
  "kecamatan" : "Lembean Timur",
  "kelurahan" : "Seretan",
  "kodepos" : "95683"
}, {
  "kecamatan" : "Eris",
  "kelurahan" : "Ranomerut",
  "kodepos" : "95683"
}, {
  "kecamatan" : "Eris",
  "kelurahan" : "Maumbi",
  "kodepos" : "95683"
}, {
  "kecamatan" : "Lembean Timur",
  "kelurahan" : "Parentek",
  "kodepos" : "95683"
}, {
  "kecamatan" : "Lembean Timur",
  "kelurahan" : "Karor",
  "kodepos" : "95683"
}, {
  "kecamatan" : "Lembean Timur",
  "kelurahan" : "Kayuroya",
  "kodepos" : "95683"
}, {
  "kecamatan" : "Lembean Timur",
  "kelurahan" : "Kaleosan",
  "kodepos" : "95683"
}, {
  "kecamatan" : "Lembean Timur",
  "kelurahan" : "Kapataran",
  "kodepos" : "95683"
}, {
  "kecamatan" : "Lembean Timur",
  "kelurahan" : "Kapataran Satu",
  "kodepos" : "95683"
}, {
  "kecamatan" : "Eris",
  "kelurahan" : "Eris",
  "kodepos" : "95683"
}, {
  "kecamatan" : "Lembean Timur",
  "kelurahan" : "Atep Oki",
  "kodepos" : "95683"
}, {
  "kecamatan" : "Kakas",
  "kelurahan" : "Wineru",
  "kodepos" : "95682"
}, {
  "kecamatan" : "Kakas Barat",
  "kelurahan" : "Wailang",
  "kodepos" : "95682"
}, {
  "kecamatan" : "Kakas Barat",
  "kelurahan" : "Wasian",
  "kodepos" : "95682"
}, {
  "kecamatan" : "Kakas",
  "kelurahan" : "Toulimembet",
  "kodepos" : "95682"
}, {
  "kecamatan" : "Kakas",
  "kelurahan" : "Tumpaan",
  "kodepos" : "95682"
}, {
  "kecamatan" : "Kakas",
  "kelurahan" : "Tounelet",
  "kodepos" : "95682"
}, {
  "kecamatan" : "Kakas Barat",
  "kelurahan" : "Tountimomor",
  "kodepos" : "95682"
}, {
  "kecamatan" : "Kakas Barat",
  "kelurahan" : "Touliang",
  "kodepos" : "95682"
}, {
  "kecamatan" : "Kakas",
  "kelurahan" : "Talikuran",
  "kodepos" : "95682"
}, {
  "kecamatan" : "Kakas Barat",
  "kelurahan" : "Totolan",
  "kodepos" : "95682"
}, {
  "kecamatan" : "Kakas",
  "kelurahan" : "Rinondor",
  "kodepos" : "95682"
}, {
  "kecamatan" : "Kakas",
  "kelurahan" : "Sendangan",
  "kodepos" : "95682"
}, {
  "kecamatan" : "Kakas Barat",
  "kelurahan" : "Simbel",
  "kodepos" : "95682"
}, {
  "kecamatan" : "Kakas",
  "kelurahan" : "Paslaten",
  "kodepos" : "95682"
}, {
  "kecamatan" : "Kakas Barat",
  "kelurahan" : "Passo (Paso)",
  "kodepos" : "95682"
}, {
  "kecamatan" : "Kakas",
  "kelurahan" : "Pahaleten",
  "kodepos" : "95682"
}, {
  "kecamatan" : "Kakas Barat",
  "kelurahan" : "Panasen",
  "kodepos" : "95682"
}, {
  "kecamatan" : "Kakas",
  "kelurahan" : "Mahembang",
  "kodepos" : "95682"
}, {
  "kecamatan" : "Kakas",
  "kelurahan" : "Makalelon",
  "kodepos" : "95682"
}, {
  "kecamatan" : "Kakas",
  "kelurahan" : "Kaweng",
  "kodepos" : "95682"
}, {
  "kecamatan" : "Kakas",
  "kelurahan" : "Kayuwatu",
  "kodepos" : "95682"
}, {
  "kecamatan" : "Kakas Barat",
  "kelurahan" : "Bukit Tinggi",
  "kodepos" : "95682"
}, {
  "kecamatan" : "Kakas Barat",
  "kelurahan" : "Kalawiran",
  "kodepos" : "95682"
}, {
  "kecamatan" : "Remboken",
  "kelurahan" : "Tampusu",
  "kodepos" : "95681"
}, {
  "kecamatan" : "Remboken",
  "kelurahan" : "Timu",
  "kodepos" : "95681"
}, {
  "kecamatan" : "Remboken",
  "kelurahan" : "Sinuian",
  "kodepos" : "95681"
}, {
  "kecamatan" : "Remboken",
  "kelurahan" : "Talikuran",
  "kodepos" : "95681"
}, {
  "kecamatan" : "Remboken",
  "kelurahan" : "Pulutan",
  "kodepos" : "95681"
}, {
  "kecamatan" : "Remboken",
  "kelurahan" : "Sendangan",
  "kodepos" : "95681"
}, {
  "kecamatan" : "Remboken",
  "kelurahan" : "Parepei (Parepey)",
  "kodepos" : "95681"
}, {
  "kecamatan" : "Remboken",
  "kelurahan" : "Paslaten",
  "kodepos" : "95681"
}, {
  "kecamatan" : "Remboken",
  "kelurahan" : "Kasuratan",
  "kodepos" : "95681"
}, {
  "kecamatan" : "Remboken",
  "kelurahan" : "Leleko",
  "kodepos" : "95681"
}, {
  "kecamatan" : "Remboken",
  "kelurahan" : "Kaima",
  "kodepos" : "95681"
}, {
  "kecamatan" : "Pineleng",
  "kelurahan" : "Warembungan",
  "kodepos" : "95661"
}, {
  "kecamatan" : "Pineleng",
  "kelurahan" : "Winangun Atas",
  "kodepos" : "95661"
}, {
  "kecamatan" : "Mandolang",
  "kelurahan" : "Tateli Weru",
  "kodepos" : "95661"
}, {
  "kecamatan" : "Tombulu",
  "kelurahan" : "Tikela",
  "kodepos" : "95661"
}, {
  "kecamatan" : "Tombulu",
  "kelurahan" : "Tombuluan",
  "kodepos" : "95661"
}, {
  "kecamatan" : "Mandolang",
  "kelurahan" : "Tateli Tiga",
  "kodepos" : "95661"
}, {
  "kecamatan" : "Mandolang",
  "kelurahan" : "Tateli Satu",
  "kodepos" : "95661"
}, {
  "kecamatan" : "Mandolang",
  "kelurahan" : "Tateli",
  "kodepos" : "95661"
}, {
  "kecamatan" : "Mandolang",
  "kelurahan" : "Tateli Dua",
  "kodepos" : "95661"
}, {
  "kecamatan" : "Tombulu",
  "kelurahan" : "Suluan",
  "kodepos" : "95661"
}, {
  "kecamatan" : "Pineleng",
  "kelurahan" : "Sea Tumpengan",
  "kodepos" : "95661"
}, {
  "kecamatan" : "Pineleng",
  "kelurahan" : "Sea II",
  "kodepos" : "95661"
}, {
  "kecamatan" : "Pineleng",
  "kelurahan" : "Sea Mitra",
  "kodepos" : "95661"
}, {
  "kecamatan" : "Pineleng",
  "kelurahan" : "Sea",
  "kodepos" : "95661"
}, {
  "kecamatan" : "Pineleng",
  "kelurahan" : "Sea I",
  "kodepos" : "95661"
}, {
  "kecamatan" : "Tombulu",
  "kelurahan" : "Rumengkor Satu",
  "kodepos" : "95661"
}, {
  "kecamatan" : "Tombulu",
  "kelurahan" : "Sawangan",
  "kodepos" : "95661"
}, {
  "kecamatan" : "Tombulu",
  "kelurahan" : "Rumengkor",
  "kodepos" : "95661"
}, {
  "kecamatan" : "Tombulu",
  "kelurahan" : "Rumengkor Dua",
  "kodepos" : "95661"
}, {
  "kecamatan" : "Pineleng",
  "kelurahan" : "Pineleng Satu Timur",
  "kodepos" : "95661"
}, {
  "kecamatan" : "Pineleng",
  "kelurahan" : "Pineleng Satu",
  "kodepos" : "95661"
}, {
  "kecamatan" : "Pineleng",
  "kelurahan" : "Pineleng Dua Indah",
  "kodepos" : "95661"
}, {
  "kecamatan" : "Pineleng",
  "kelurahan" : "Pineleng Dua",
  "kodepos" : "95661"
}, {
  "kecamatan" : "Pineleng",
  "kelurahan" : "Lotta",
  "kodepos" : "95661"
}, {
  "kecamatan" : "Tombulu",
  "kelurahan" : "Koka",
  "kodepos" : "95661"
}, {
  "kecamatan" : "Mandolang",
  "kelurahan" : "Koha Selatan",
  "kodepos" : "95661"
}, {
  "kecamatan" : "Mandolang",
  "kelurahan" : "Koha Timur",
  "kodepos" : "95661"
}, {
  "kecamatan" : "Mandolang",
  "kelurahan" : "Koha Barat",
  "kodepos" : "95661"
}, {
  "kecamatan" : "Mandolang",
  "kelurahan" : "Koha",
  "kodepos" : "95661"
}, {
  "kecamatan" : "Tombulu",
  "kelurahan" : "Kembes Satu",
  "kodepos" : "95661"
}, {
  "kecamatan" : "Tombulu",
  "kelurahan" : "Kembes Dua",
  "kodepos" : "95661"
}, {
  "kecamatan" : "Tombulu",
  "kelurahan" : "Kamangta",
  "kodepos" : "95661"
}, {
  "kecamatan" : "Pineleng",
  "kelurahan" : "Kali Selatan",
  "kodepos" : "95661"
}, {
  "kecamatan" : "Pineleng",
  "kelurahan" : "Kali",
  "kodepos" : "95661"
}, {
  "kecamatan" : "Mandolang",
  "kelurahan" : "Kalasey Satu",
  "kodepos" : "95661"
}, {
  "kecamatan" : "Mandolang",
  "kelurahan" : "Kalasey Dua",
  "kodepos" : "95661"
}, {
  "kecamatan" : "Mandolang",
  "kelurahan" : "Agotey",
  "kodepos" : "95661"
}, {
  "kecamatan" : "Tombariri",
  "kelurahan" : "Teling",
  "kodepos" : "95651"
}, {
  "kecamatan" : "Tombariri",
  "kelurahan" : "Senduk",
  "kodepos" : "95651"
}, {
  "kecamatan" : "Tombariri",
  "kelurahan" : "Tambala",
  "kodepos" : "95651"
}, {
  "kecamatan" : "Tombariri",
  "kelurahan" : "Sarani Matani",
  "kodepos" : "95651"
}, {
  "kecamatan" : "Tombariri",
  "kelurahan" : "Ranowangko",
  "kodepos" : "95651"
}, {
  "kecamatan" : "Tombariri Timur",
  "kelurahan" : "Ranotongkor Timur",
  "kodepos" : "95651"
}, {
  "kecamatan" : "Tombariri Timur",
  "kelurahan" : "Ranotongkor",
  "kodepos" : "95651"
}, {
  "kecamatan" : "Tombariri",
  "kelurahan" : "Poopoh",
  "kodepos" : "95651"
}, {
  "kecamatan" : "Tombariri",
  "kelurahan" : "Pinasungkulan",
  "kodepos" : "95651"
}, {
  "kecamatan" : "Tombariri Timur",
  "kelurahan" : "Lolah Tiga",
  "kodepos" : "95651"
}, {
  "kecamatan" : "Tombariri",
  "kelurahan" : "Mokupa",
  "kodepos" : "95651"
}, {
  "kecamatan" : "Tombariri Timur",
  "kelurahan" : "Lolah Satu",
  "kodepos" : "95651"
}, {
  "kecamatan" : "Tombariri Timur",
  "kelurahan" : "Lolah Dua",
  "kodepos" : "95651"
}, {
  "kecamatan" : "Tombariri Timur",
  "kelurahan" : "Lolah",
  "kodepos" : "95651"
}, {
  "kecamatan" : "Tombariri Timur",
  "kelurahan" : "Lemoh Timur",
  "kodepos" : "95651"
}, {
  "kecamatan" : "Tombariri Timur",
  "kelurahan" : "Lemoh Uner",
  "kodepos" : "95651"
}, {
  "kecamatan" : "Tombariri Timur",
  "kelurahan" : "Lemoh Barat",
  "kodepos" : "95651"
}, {
  "kecamatan" : "Tombariri Timur",
  "kelurahan" : "Lemoh",
  "kodepos" : "95651"
}, {
  "kecamatan" : "Tombariri",
  "kelurahan" : "Kumu",
  "kodepos" : "95651"
}, {
  "kecamatan" : "Tombariri",
  "kelurahan" : "Borgo",
  "kodepos" : "95651"
}, {
  "kecamatan" : "Tondano Selatan",
  "kelurahan" : "Urongo",
  "kodepos" : "95619"
}, {
  "kecamatan" : "Tondano Selatan",
  "kelurahan" : "Tounsaru",
  "kodepos" : "95619"
}, {
  "kecamatan" : "Tondano Selatan",
  "kelurahan" : "Tataaran Patar",
  "kodepos" : "95619"
}, {
  "kecamatan" : "Tondano Selatan",
  "kelurahan" : "Peleloan",
  "kodepos" : "95619"
}, {
  "kecamatan" : "Tondano Selatan",
  "kelurahan" : "Tataaran Satu (I)",
  "kodepos" : "95618"
}, {
  "kecamatan" : "Tondano Selatan",
  "kelurahan" : "Tataaran Dua (II)",
  "kodepos" : "95618"
}, {
  "kecamatan" : "Tondano Selatan",
  "kelurahan" : "Maesa Unima",
  "kodepos" : "95618"
}, {
  "kecamatan" : "Tondano Barat",
  "kelurahan" : "Tuutu",
  "kodepos" : "95617"
}, {
  "kecamatan" : "Tondano Selatan",
  "kelurahan" : "Koya",
  "kodepos" : "95618"
}, {
  "kecamatan" : "Tondano Barat",
  "kelurahan" : "Rinegetan",
  "kodepos" : "95617"
}, {
  "kecamatan" : "Tondano Barat",
  "kelurahan" : "Roong",
  "kodepos" : "95617"
}, {
  "kecamatan" : "Tondano Barat",
  "kelurahan" : "Tounkuramber",
  "kodepos" : "95616"
}, {
  "kecamatan" : "Tondano Barat",
  "kelurahan" : "Wawalintouan",
  "kodepos" : "95616"
}, {
  "kecamatan" : "Tondano Barat",
  "kelurahan" : "Wewelen",
  "kodepos" : "95615"
}, {
  "kecamatan" : "Tondano Barat",
  "kelurahan" : "Masarang",
  "kodepos" : "95616"
}, {
  "kecamatan" : "Tondano Utara",
  "kelurahan" : "Sumalangka",
  "kodepos" : "95615"
}, {
  "kecamatan" : "Tondano Barat",
  "kelurahan" : "Watulambot",
  "kodepos" : "95615"
}, {
  "kecamatan" : "Tondano Barat",
  "kelurahan" : "Rerewokan",
  "kodepos" : "95615"
}, {
  "kecamatan" : "Tondano Utara",
  "kelurahan" : "Sasaran",
  "kodepos" : "95615"
}, {
  "kecamatan" : "Tondano Utara",
  "kelurahan" : "Kembuan Satu",
  "kodepos" : "95615"
}, {
  "kecamatan" : "Tondano Utara",
  "kelurahan" : "Wulauan (Wulaoan)",
  "kodepos" : "95614"
}, {
  "kecamatan" : "Tondano Utara",
  "kelurahan" : "Kembuan",
  "kodepos" : "95615"
}, {
  "kecamatan" : "Tondano Timur",
  "kelurahan" : "Luaan",
  "kodepos" : "95614"
}, {
  "kecamatan" : "Tondano Utara",
  "kelurahan" : "Marawas",
  "kodepos" : "95614"
}, {
  "kecamatan" : "Tondano Timur",
  "kelurahan" : "Wengkol",
  "kodepos" : "95613"
}, {
  "kecamatan" : "Tondano Utara",
  "kelurahan" : "Kampung Jawa",
  "kodepos" : "95614"
}, {
  "kecamatan" : "Tondano Timur",
  "kelurahan" : "Kendis",
  "kodepos" : "95613"
}, {
  "kecamatan" : "Tondano Timur",
  "kelurahan" : "Ranowangko",
  "kodepos" : "95613"
}, {
  "kecamatan" : "Tondano Timur",
  "kelurahan" : "Liningaan",
  "kodepos" : "95612"
}, {
  "kecamatan" : "Tondano Timur",
  "kelurahan" : "Makalonsouw",
  "kodepos" : "95612"
}, {
  "kecamatan" : "Tondano Timur",
  "kelurahan" : "Papakelan",
  "kodepos" : "95612"
}, {
  "kecamatan" : "Tondano Timur",
  "kelurahan" : "Toulour",
  "kodepos" : "95611"
}, {
  "kecamatan" : "Tondano Timur",
  "kelurahan" : "Katinggolan",
  "kodepos" : "95612"
}, {
  "kecamatan" : "Tondano Timur",
  "kelurahan" : "Kiniar",
  "kodepos" : "95611"
}, {
  "kecamatan" : "Tondano Timur",
  "kelurahan" : "Taler",
  "kodepos" : "95611"
}, {
  "kecamatan" : "Tondano Utara",
  "kelurahan" : "Tonsea Lama",
  "kodepos" : "95371"
} ]
