[ {
  "kecamatan" : "Tomohon Timur",
  "kelurahan" : "Kumelembuai (Kumelembuay)",
  "kodepos" : "95449"
}, {
  "kecamatan" : "Tomohon Timur",
  "kelurahan" : "Rurukan Satu",
  "kodepos" : "95449"
}, {
  "kecamatan" : "Tomohon Timur",
  "kelurahan" : "Rurukan",
  "kodepos" : "95447"
}, {
  "kecamatan" : "Tomohon Timur",
  "kelurahan" : "Paslaten Dua",
  "kodepos" : "95446"
}, {
  "kecamatan" : "Tomohon Timur",
  "kelurahan" : "Paslaten Satu",
  "kodepos" : "95446"
}, {
  "kecamatan" : "Tomohon Tengah",
  "kelurahan" : "Matani Dua",
  "kodepos" : "95444"
}, {
  "kecamatan" : "Tomohon Tengah",
  "kelurahan" : "Matani Satu",
  "kodepos" : "95445"
}, {
  "kecamatan" : "Tomohon Tengah",
  "kelurahan" : "Kolongan",
  "kodepos" : "95442"
}, {
  "kecamatan" : "Tomohon Tengah",
  "kelurahan" : "Matani Tiga",
  "kodepos" : "95443"
}, {
  "kecamatan" : "Tomohon Tengah",
  "kelurahan" : "Talete Dua",
  "kodepos" : "95441"
}, {
  "kecamatan" : "Tomohon Tengah",
  "kelurahan" : "Talete Satu",
  "kodepos" : "95441"
}, {
  "kecamatan" : "Tomohon Tengah",
  "kelurahan" : "Kamasi",
  "kodepos" : "95442"
}, {
  "kecamatan" : "Tomohon Tengah",
  "kelurahan" : "Kamasi Satu",
  "kodepos" : "95441"
}, {
  "kecamatan" : "Tomohon Tengah",
  "kelurahan" : "Kolongan Satu",
  "kodepos" : "95441"
}, {
  "kecamatan" : "Tomohon Selatan",
  "kelurahan" : "Walian Satu",
  "kodepos" : "95439"
}, {
  "kecamatan" : "Tomohon Selatan",
  "kelurahan" : "Walian",
  "kodepos" : "95439"
}, {
  "kecamatan" : "Tomohon Selatan",
  "kelurahan" : "Walian Dua",
  "kodepos" : "95439"
}, {
  "kecamatan" : "Tomohon Selatan",
  "kelurahan" : "Tumatangtang Satu",
  "kodepos" : "95439"
}, {
  "kecamatan" : "Tomohon Selatan",
  "kelurahan" : "Pangolombian",
  "kodepos" : "95437"
}, {
  "kecamatan" : "Tomohon Selatan",
  "kelurahan" : "Uluindano",
  "kodepos" : "95438"
}, {
  "kecamatan" : "Tomohon Selatan",
  "kelurahan" : "Lahendong",
  "kodepos" : "95435"
}, {
  "kecamatan" : "Tomohon Selatan",
  "kelurahan" : "Tondangow",
  "kodepos" : "95436"
}, {
  "kecamatan" : "Tomohon Selatan",
  "kelurahan" : "Pinaras",
  "kodepos" : "95434"
}, {
  "kecamatan" : "Tomohon Selatan",
  "kelurahan" : "Kampung Jawa",
  "kodepos" : "95433"
}, {
  "kecamatan" : "Tomohon Selatan",
  "kelurahan" : "Lansot",
  "kodepos" : "95431"
}, {
  "kecamatan" : "Tomohon Selatan",
  "kelurahan" : "Tumatangtang",
  "kodepos" : "95432"
}, {
  "kecamatan" : "Tomohon Barat",
  "kelurahan" : "Taratara Satu",
  "kodepos" : "95425"
}, {
  "kecamatan" : "Tomohon Barat",
  "kelurahan" : "Woloan Tiga",
  "kodepos" : "95423"
}, {
  "kecamatan" : "Tomohon Barat",
  "kelurahan" : "Taratara Dua",
  "kodepos" : "95424"
}, {
  "kecamatan" : "Tomohon Barat",
  "kelurahan" : "Taratara Tiga",
  "kodepos" : "95423"
}, {
  "kecamatan" : "Tomohon Barat",
  "kelurahan" : "Woloan Satu Utara",
  "kodepos" : "95423"
}, {
  "kecamatan" : "Tomohon Barat",
  "kelurahan" : "Woloan Dua",
  "kodepos" : "95422"
}, {
  "kecamatan" : "Tomohon Barat",
  "kelurahan" : "Taratara",
  "kodepos" : "95423"
}, {
  "kecamatan" : "Tomohon Barat",
  "kelurahan" : "Woloan Satu",
  "kodepos" : "95421"
}, {
  "kecamatan" : "Tomohon Utara",
  "kelurahan" : "Wailan",
  "kodepos" : "95418"
}, {
  "kecamatan" : "Tomohon Utara",
  "kelurahan" : "Kayawu",
  "kodepos" : "95419"
}, {
  "kecamatan" : "Tomohon Utara",
  "kelurahan" : "Kakaskasen",
  "kodepos" : "95418"
}, {
  "kecamatan" : "Tomohon Utara",
  "kelurahan" : "Kakaskasen Dua",
  "kodepos" : "95416"
}, {
  "kecamatan" : "Tomohon Utara",
  "kelurahan" : "Kakaskasen Tiga",
  "kodepos" : "95417"
}, {
  "kecamatan" : "Tomohon Utara",
  "kelurahan" : "Kinilow",
  "kodepos" : "95414"
}, {
  "kecamatan" : "Tomohon Utara",
  "kelurahan" : "Kakaskasen Satu",
  "kodepos" : "95415"
}, {
  "kecamatan" : "Tomohon Utara",
  "kelurahan" : "Tinoor Satu",
  "kodepos" : "95412"
}, {
  "kecamatan" : "Tomohon Utara",
  "kelurahan" : "Kinilow Satu",
  "kodepos" : "95413"
}, {
  "kecamatan" : "Tomohon Utara",
  "kelurahan" : "Tinoor Dua",
  "kodepos" : "95411"
} ]
