[ {
  "kecamatan" : "Kema",
  "kelurahan" : "Tontalete",
  "kodepos" : "95379"
}, {
  "kecamatan" : "Kema",
  "kelurahan" : "Waleo",
  "kodepos" : "95379"
}, {
  "kecamatan" : "Kema",
  "kelurahan" : "Waleo Dua",
  "kodepos" : "95379"
}, {
  "kecamatan" : "Kema",
  "kelurahan" : "Makalisung",
  "kodepos" : "95379"
}, {
  "kecamatan" : "Kema",
  "kelurahan" : "Tontaalete Rok-rok",
  "kodepos" : "95379"
}, {
  "kecamatan" : "Kema",
  "kelurahan" : "Lansot",
  "kodepos" : "95379"
}, {
  "kecamatan" : "Kema",
  "kelurahan" : "Lilang",
  "kodepos" : "95379"
}, {
  "kecamatan" : "Kema",
  "kelurahan" : "Kema Satu",
  "kodepos" : "95379"
}, {
  "kecamatan" : "Kema",
  "kelurahan" : "Kema Tiga",
  "kodepos" : "95379"
}, {
  "kecamatan" : "Kalawat",
  "kelurahan" : "Watutumou III",
  "kodepos" : "95378"
}, {
  "kecamatan" : "Kema",
  "kelurahan" : "Kema Dua",
  "kodepos" : "95379"
}, {
  "kecamatan" : "Kalawat",
  "kelurahan" : "Watutumou I",
  "kodepos" : "95378"
}, {
  "kecamatan" : "Kalawat",
  "kelurahan" : "Watutumou II",
  "kodepos" : "95378"
}, {
  "kecamatan" : "Kalawat",
  "kelurahan" : "Maumbi",
  "kodepos" : "95378"
}, {
  "kecamatan" : "Kalawat",
  "kelurahan" : "Suwaan",
  "kodepos" : "95378"
}, {
  "kecamatan" : "Kalawat",
  "kelurahan" : "Kolongan Tetempangan",
  "kodepos" : "95378"
}, {
  "kecamatan" : "Kalawat",
  "kelurahan" : "Kuwil",
  "kodepos" : "95378"
}, {
  "kecamatan" : "Kalawat",
  "kelurahan" : "Kawangkoan",
  "kodepos" : "95378"
}, {
  "kecamatan" : "Kalawat",
  "kelurahan" : "Kawangkoan Baru",
  "kodepos" : "95378"
}, {
  "kecamatan" : "Kalawat",
  "kelurahan" : "Kolongan",
  "kodepos" : "95378"
}, {
  "kecamatan" : "Kalawat",
  "kelurahan" : "Kaleosan",
  "kodepos" : "95378"
}, {
  "kecamatan" : "Kalawat",
  "kelurahan" : "Kalawat",
  "kodepos" : "95378"
}, {
  "kecamatan" : "Likupang Barat",
  "kelurahan" : "Wawunian",
  "kodepos" : "95377"
}, {
  "kecamatan" : "Likupang Barat",
  "kelurahan" : "Tanah Putih",
  "kodepos" : "95377"
}, {
  "kecamatan" : "Likupang Barat",
  "kelurahan" : "Tarabitan",
  "kodepos" : "95377"
}, {
  "kecamatan" : "Likupang Barat",
  "kelurahan" : "Termaal (Termal)",
  "kodepos" : "95377"
}, {
  "kecamatan" : "Likupang Barat",
  "kelurahan" : "Paputungan",
  "kodepos" : "95377"
}, {
  "kecamatan" : "Likupang Barat",
  "kelurahan" : "Serey (Serei)",
  "kodepos" : "95377"
}, {
  "kecamatan" : "Likupang Barat",
  "kelurahan" : "Talise",
  "kodepos" : "95377"
}, {
  "kecamatan" : "Likupang Barat",
  "kelurahan" : "Mubune",
  "kodepos" : "95377"
}, {
  "kecamatan" : "Likupang Barat",
  "kelurahan" : "Munte",
  "kodepos" : "95377"
}, {
  "kecamatan" : "Likupang Barat",
  "kelurahan" : "Palaes",
  "kodepos" : "95377"
}, {
  "kecamatan" : "Likupang Barat",
  "kelurahan" : "Maliambao",
  "kodepos" : "95377"
}, {
  "kecamatan" : "Likupang Barat",
  "kelurahan" : "Gangga Satu",
  "kodepos" : "95377"
}, {
  "kecamatan" : "Likupang Barat",
  "kelurahan" : "Jayakarsa",
  "kodepos" : "95377"
}, {
  "kecamatan" : "Likupang Barat",
  "kelurahan" : "Kinabuhutan",
  "kodepos" : "95377"
}, {
  "kecamatan" : "Likupang Barat",
  "kelurahan" : "Gangga Dua",
  "kodepos" : "95377"
}, {
  "kecamatan" : "Likupang Barat",
  "kelurahan" : "Airbanua (Aer Banua)",
  "kodepos" : "95377"
}, {
  "kecamatan" : "Likupang Barat",
  "kelurahan" : "Bahoi",
  "kodepos" : "95377"
}, {
  "kecamatan" : "Likupang Barat",
  "kelurahan" : "Bulutui",
  "kodepos" : "95377"
}, {
  "kecamatan" : "Wori",
  "kelurahan" : "Wori",
  "kodepos" : "95376"
}, {
  "kecamatan" : "Wori",
  "kelurahan" : "Talawaan Atas",
  "kodepos" : "95376"
}, {
  "kecamatan" : "Wori",
  "kelurahan" : "Talawaan Bantik",
  "kodepos" : "95376"
}, {
  "kecamatan" : "Wori",
  "kelurahan" : "Tiwoho",
  "kodepos" : "95376"
}, {
  "kecamatan" : "Wori",
  "kelurahan" : "Ponto",
  "kodepos" : "95376"
}, {
  "kecamatan" : "Wori",
  "kelurahan" : "Nain Satu",
  "kodepos" : "95376"
}, {
  "kecamatan" : "Wori",
  "kelurahan" : "Nain Tatampi",
  "kodepos" : "95376"
}, {
  "kecamatan" : "Wori",
  "kelurahan" : "Mantehage Tinongko",
  "kodepos" : "95376"
}, {
  "kecamatan" : "Wori",
  "kelurahan" : "Minaesa",
  "kodepos" : "95376"
}, {
  "kecamatan" : "Wori",
  "kelurahan" : "Nain",
  "kodepos" : "95376"
}, {
  "kecamatan" : "Wori",
  "kelurahan" : "Mantehage Buhias",
  "kodepos" : "95376"
}, {
  "kecamatan" : "Wori",
  "kelurahan" : "Mantehage Tangkas",
  "kodepos" : "95376"
}, {
  "kecamatan" : "Wori",
  "kelurahan" : "Mantehage Bango",
  "kodepos" : "95376"
}, {
  "kecamatan" : "Wori",
  "kelurahan" : "Lantung",
  "kodepos" : "95376"
}, {
  "kecamatan" : "Wori",
  "kelurahan" : "Kima Bajo",
  "kodepos" : "95376"
}, {
  "kecamatan" : "Wori",
  "kelurahan" : "Kulu",
  "kodepos" : "95376"
}, {
  "kecamatan" : "Wori",
  "kelurahan" : "Lansa",
  "kodepos" : "95376"
}, {
  "kecamatan" : "Wori",
  "kelurahan" : "Darunu",
  "kodepos" : "95376"
}, {
  "kecamatan" : "Wori",
  "kelurahan" : "Bulo",
  "kodepos" : "95376"
}, {
  "kecamatan" : "Likupang Timur",
  "kelurahan" : "Winuri",
  "kodepos" : "95375"
}, {
  "kecamatan" : "Wori",
  "kelurahan" : "Budo",
  "kodepos" : "95376"
}, {
  "kecamatan" : "Likupang Selatan",
  "kelurahan" : "Wangurer",
  "kodepos" : "95375"
}, {
  "kecamatan" : "Likupang Selatan",
  "kelurahan" : "Werot",
  "kodepos" : "95375"
}, {
  "kecamatan" : "Likupang Timur",
  "kelurahan" : "Wineru",
  "kodepos" : "95375"
}, {
  "kecamatan" : "Likupang Timur",
  "kelurahan" : "Rinondoran",
  "kodepos" : "95375"
}, {
  "kecamatan" : "Likupang Timur",
  "kelurahan" : "Sarawet (Serawet)",
  "kodepos" : "95375"
}, {
  "kecamatan" : "Likupang Timur",
  "kelurahan" : "Resetlemen",
  "kodepos" : "95375"
}, {
  "kecamatan" : "Likupang Timur",
  "kelurahan" : "Pulisan",
  "kodepos" : "95375"
}, {
  "kecamatan" : "Likupang Selatan",
  "kelurahan" : "Paslaten",
  "kodepos" : "95375"
}, {
  "kecamatan" : "Likupang Timur",
  "kelurahan" : "Marinsow (Marinsouw)",
  "kodepos" : "95375"
}, {
  "kecamatan" : "Likupang Timur",
  "kelurahan" : "Pinenek",
  "kodepos" : "95375"
}, {
  "kecamatan" : "Likupang Timur",
  "kelurahan" : "Likupang Satu",
  "kodepos" : "95375"
}, {
  "kecamatan" : "Likupang Timur",
  "kelurahan" : "Maen",
  "kodepos" : "95375"
}, {
  "kecamatan" : "Likupang Timur",
  "kelurahan" : "Lihunu",
  "kodepos" : "95375"
}, {
  "kecamatan" : "Likupang Timur",
  "kelurahan" : "Likupang Dua",
  "kodepos" : "95375"
}, {
  "kecamatan" : "Likupang Timur",
  "kelurahan" : "Likupang Kampung Ambong",
  "kodepos" : "95375"
}, {
  "kecamatan" : "Likupang Timur",
  "kelurahan" : "Libas",
  "kodepos" : "95375"
}, {
  "kecamatan" : "Likupang Selatan",
  "kelurahan" : "Kokoleh Dua",
  "kodepos" : "95375"
}, {
  "kecamatan" : "Likupang Selatan",
  "kelurahan" : "Kokoleh Satu",
  "kodepos" : "95375"
}, {
  "kecamatan" : "Likupang Timur",
  "kelurahan" : "Kinunang",
  "kodepos" : "95375"
}, {
  "kecamatan" : "Likupang Selatan",
  "kelurahan" : "Kaweruan",
  "kodepos" : "95375"
}, {
  "kecamatan" : "Likupang Timur",
  "kelurahan" : "Kahuku",
  "kodepos" : "95375"
}, {
  "kecamatan" : "Likupang Timur",
  "kelurahan" : "Kalinaun",
  "kodepos" : "95375"
}, {
  "kecamatan" : "Likupang Timur",
  "kelurahan" : "Ehe",
  "kodepos" : "95375"
}, {
  "kecamatan" : "Likupang Selatan",
  "kelurahan" : "Batu",
  "kodepos" : "95375"
}, {
  "kecamatan" : "Talawaan",
  "kelurahan" : "Winetin",
  "kodepos" : "95373"
}, {
  "kecamatan" : "Talawaan",
  "kelurahan" : "Wusa",
  "kodepos" : "95373"
}, {
  "kecamatan" : "Talawaan",
  "kelurahan" : "Warisa Kampung Baru",
  "kodepos" : "95373"
}, {
  "kecamatan" : "Dimembe",
  "kelurahan" : "Warukapas",
  "kodepos" : "95373"
}, {
  "kecamatan" : "Dimembe",
  "kelurahan" : "Wasian",
  "kodepos" : "95373"
}, {
  "kecamatan" : "Talawaan",
  "kelurahan" : "Warisa",
  "kodepos" : "95373"
}, {
  "kecamatan" : "Dimembe",
  "kelurahan" : "Warisa Kampung Baru",
  "kodepos" : "95373"
}, {
  "kecamatan" : "Talawaan",
  "kelurahan" : "Teep Warisa",
  "kodepos" : "95373"
}, {
  "kecamatan" : "Talawaan",
  "kelurahan" : "Tumbohon",
  "kodepos" : "95373"
}, {
  "kecamatan" : "Dimembe",
  "kelurahan" : "Tetey",
  "kodepos" : "95373"
}, {
  "kecamatan" : "Dimembe",
  "kelurahan" : "Tatelu Rondor",
  "kodepos" : "95373"
}, {
  "kecamatan" : "Dimembe",
  "kelurahan" : "Tatelu Satu",
  "kodepos" : "95373"
}, {
  "kecamatan" : "Talawaan",
  "kelurahan" : "Talawaan",
  "kodepos" : "95373"
}, {
  "kecamatan" : "Dimembe",
  "kelurahan" : "Pinilih",
  "kodepos" : "95373"
}, {
  "kecamatan" : "Talawaan",
  "kelurahan" : "Paniki Baru",
  "kodepos" : "95373"
}, {
  "kecamatan" : "Talawaan",
  "kelurahan" : "Patokaan",
  "kodepos" : "95373"
}, {
  "kecamatan" : "Dimembe",
  "kelurahan" : "Paniki Baru",
  "kodepos" : "95373"
}, {
  "kecamatan" : "Dimembe",
  "kelurahan" : "Matungkas",
  "kodepos" : "95373"
}, {
  "kecamatan" : "Talawaan",
  "kelurahan" : "Paniki Atas",
  "kodepos" : "95373"
}, {
  "kecamatan" : "Talawaan",
  "kelurahan" : "Mapanget",
  "kodepos" : "95373"
}, {
  "kecamatan" : "Dimembe",
  "kelurahan" : "Lumpias",
  "kodepos" : "95373"
}, {
  "kecamatan" : "Dimembe",
  "kelurahan" : "Laikit",
  "kodepos" : "95373"
}, {
  "kecamatan" : "Dimembe",
  "kelurahan" : "Lumpias",
  "kodepos" : "95373"
}, {
  "kecamatan" : "Dimembe",
  "kelurahan" : "Klabat",
  "kodepos" : "95373"
}, {
  "kecamatan" : "Kauditan",
  "kelurahan" : "Watudambo Dua",
  "kodepos" : "95372"
}, {
  "kecamatan" : "Dimembe",
  "kelurahan" : "Dimembe",
  "kodepos" : "95373"
}, {
  "kecamatan" : "Kauditan",
  "kelurahan" : "Tumaluntung",
  "kodepos" : "95372"
}, {
  "kecamatan" : "Kauditan",
  "kelurahan" : "Watudambo",
  "kodepos" : "95372"
}, {
  "kecamatan" : "Kauditan",
  "kelurahan" : "Lembean",
  "kodepos" : "95372"
}, {
  "kecamatan" : "Kauditan",
  "kelurahan" : "Paslaten",
  "kodepos" : "95372"
}, {
  "kecamatan" : "Kauditan",
  "kelurahan" : "Treman",
  "kodepos" : "95372"
}, {
  "kecamatan" : "Kauditan",
  "kelurahan" : "Kawiley (Kawilei)",
  "kodepos" : "95372"
}, {
  "kecamatan" : "Kauditan",
  "kelurahan" : "Kauditan Satu",
  "kodepos" : "95372"
}, {
  "kecamatan" : "Kauditan",
  "kelurahan" : "Kaima",
  "kodepos" : "95372"
}, {
  "kecamatan" : "Kauditan",
  "kelurahan" : "Karegesan",
  "kodepos" : "95372"
}, {
  "kecamatan" : "Kauditan",
  "kelurahan" : "Kauditan Dua",
  "kodepos" : "95372"
}, {
  "kecamatan" : "Kauditan",
  "kelurahan" : "Kaasar",
  "kodepos" : "95372"
}, {
  "kecamatan" : "Airmadidi",
  "kelurahan" : "Sawangan",
  "kodepos" : "95371"
}, {
  "kecamatan" : "Airmadidi",
  "kelurahan" : "Sukur",
  "kodepos" : "95371"
}, {
  "kecamatan" : "Airmadidi",
  "kelurahan" : "Tanggari",
  "kodepos" : "95371"
}, {
  "kecamatan" : "Airmadidi",
  "kelurahan" : "Sarongsong Dua",
  "kodepos" : "95371"
}, {
  "kecamatan" : "Airmadidi",
  "kelurahan" : "Sarongsong Satu",
  "kodepos" : "95371"
}, {
  "kecamatan" : "Airmadidi",
  "kelurahan" : "Rap-Rap",
  "kodepos" : "95371"
}, {
  "kecamatan" : "Airmadidi",
  "kelurahan" : "Sampiri",
  "kodepos" : "95371"
}, {
  "kecamatan" : "Airmadidi",
  "kelurahan" : "Airmadidi Atas",
  "kodepos" : "95371"
}, {
  "kecamatan" : "Airmadidi",
  "kelurahan" : "Airmadidi Bawah",
  "kodepos" : "95371"
} ]
