[ {
  "kecamatan" : "Setia Budi",
  "kelurahan" : "Pasar Manggis",
  "kodepos" : "12970"
}, {
  "kecamatan" : "Setia Budi",
  "kelurahan" : "Guntur",
  "kodepos" : "12980"
}, {
  "kecamatan" : "Setia Budi",
  "kelurahan" : "Kuningan Timur",
  "kodepos" : "12950"
}, {
  "kecamatan" : "Setia Budi",
  "kelurahan" : "Menteng Atas",
  "kodepos" : "12960"
}, {
  "kecamatan" : "Setia Budi",
  "kelurahan" : "Karet Kuningan",
  "kodepos" : "12940"
}, {
  "kecamatan" : "Setia Budi",
  "kelurahan" : "Karet Semanggi",
  "kodepos" : "12930"
}, {
  "kecamatan" : "Setia Budi",
  "kelurahan" : "Setiabudi",
  "kodepos" : "12910"
}, {
  "kecamatan" : "Setia Budi",
  "kelurahan" : "Karet",
  "kodepos" : "12920"
}, {
  "kecamatan" : "Tebet",
  "kelurahan" : "Menteng Dalam",
  "kodepos" : "12870"
}, {
  "kecamatan" : "Tebet",
  "kelurahan" : "Manggarai",
  "kodepos" : "12850"
}, {
  "kecamatan" : "Tebet",
  "kelurahan" : "Manggarai Selatan",
  "kodepos" : "12860"
}, {
  "kecamatan" : "Tebet",
  "kelurahan" : "Kebon Baru",
  "kodepos" : "12830"
}, {
  "kecamatan" : "Tebet",
  "kelurahan" : "Bukit Duri",
  "kodepos" : "12840"
}, {
  "kecamatan" : "Tebet",
  "kelurahan" : "Tebet Barat",
  "kodepos" : "12810"
}, {
  "kecamatan" : "Tebet",
  "kelurahan" : "Tebet Timur",
  "kodepos" : "12820"
}, {
  "kecamatan" : "Mampang Prapatan",
  "kelurahan" : "Tegal Parang",
  "kodepos" : "12790"
}, {
  "kecamatan" : "Pancoran",
  "kelurahan" : "Pancoran",
  "kodepos" : "12780"
}, {
  "kecamatan" : "Mampang Prapatan",
  "kelurahan" : "Mampang Prapatan",
  "kodepos" : "12790"
}, {
  "kecamatan" : "Pancoran",
  "kelurahan" : "Cikoko",
  "kodepos" : "12770"
}, {
  "kecamatan" : "Pancoran",
  "kelurahan" : "Pengadegan",
  "kodepos" : "12770"
}, {
  "kecamatan" : "Pancoran",
  "kelurahan" : "Duren Tiga",
  "kodepos" : "12760"
}, {
  "kecamatan" : "Pancoran",
  "kelurahan" : "Kalibata",
  "kodepos" : "12740"
}, {
  "kecamatan" : "Pancoran",
  "kelurahan" : "Rawa Jati",
  "kodepos" : "12750"
}, {
  "kecamatan" : "Mampang Prapatan",
  "kelurahan" : "Pela Mampang",
  "kodepos" : "12720"
}, {
  "kecamatan" : "Mampang Prapatan",
  "kelurahan" : "Bangka",
  "kodepos" : "12730"
}, {
  "kecamatan" : "Mampang Prapatan",
  "kelurahan" : "Kuningan Barat",
  "kodepos" : "12710"
}, {
  "kecamatan" : "Jagakarsa",
  "kelurahan" : "Srengseng Sawah",
  "kodepos" : "12640"
}, {
  "kecamatan" : "Jagakarsa",
  "kelurahan" : "Cipedak",
  "kodepos" : "12630"
}, {
  "kecamatan" : "Jagakarsa",
  "kelurahan" : "Lenteng Agung",
  "kodepos" : "12630"
}, {
  "kecamatan" : "Jagakarsa",
  "kelurahan" : "Ciganjur",
  "kodepos" : "12630"
}, {
  "kecamatan" : "Jagakarsa",
  "kelurahan" : "Jagakarsa",
  "kodepos" : "12620"
}, {
  "kecamatan" : "Pasar Minggu",
  "kelurahan" : "Cilandak Timur",
  "kodepos" : "12560"
}, {
  "kecamatan" : "Pasar Minggu",
  "kelurahan" : "Ragunan",
  "kodepos" : "12550"
}, {
  "kecamatan" : "Pasar Minggu",
  "kelurahan" : "Jati Padang",
  "kodepos" : "12540"
}, {
  "kecamatan" : "Jagakarsa",
  "kelurahan" : "Tanjung Barat",
  "kodepos" : "12530"
}, {
  "kecamatan" : "Pasar Minggu",
  "kelurahan" : "Pasar Minggu",
  "kodepos" : "12520"
}, {
  "kecamatan" : "Pasar Minggu",
  "kelurahan" : "Pejaten Timur",
  "kodepos" : "12510"
}, {
  "kecamatan" : "Pasar Minggu",
  "kelurahan" : "Kebagusan",
  "kodepos" : "12520"
}, {
  "kecamatan" : "Pasar Minggu",
  "kelurahan" : "Pejaten Barat",
  "kodepos" : "12510"
}, {
  "kecamatan" : "Cilandak",
  "kelurahan" : "Pondok Labu",
  "kodepos" : "12450"
}, {
  "kecamatan" : "Cilandak",
  "kelurahan" : "Cilandak Barat",
  "kodepos" : "12430"
}, {
  "kecamatan" : "Cilandak",
  "kelurahan" : "Lebak Bulus",
  "kodepos" : "12440"
}, {
  "kecamatan" : "Cilandak",
  "kelurahan" : "Cipete Selatan",
  "kodepos" : "12410"
}, {
  "kecamatan" : "Cilandak",
  "kelurahan" : "Gandaria Selatan",
  "kodepos" : "12420"
}, {
  "kecamatan" : "Pesanggrahan",
  "kelurahan" : "Bintaro",
  "kodepos" : "12330"
}, {
  "kecamatan" : "Pesanggrahan",
  "kelurahan" : "Pesanggrahan",
  "kodepos" : "12320"
}, {
  "kecamatan" : "Kebayoran Lama",
  "kelurahan" : "Pondok Pinang",
  "kodepos" : "12310"
}, {
  "kecamatan" : "Pesanggrahan",
  "kelurahan" : "Petukangan Selatan",
  "kodepos" : "12270"
}, {
  "kecamatan" : "Pesanggrahan",
  "kelurahan" : "Petukangan Utara",
  "kodepos" : "12260"
}, {
  "kecamatan" : "Pesanggrahan",
  "kelurahan" : "Ulujami",
  "kodepos" : "12250"
}, {
  "kecamatan" : "Kebayoran Lama",
  "kelurahan" : "Kebayoran Lama Selatan",
  "kodepos" : "12240"
}, {
  "kecamatan" : "Kebayoran Lama",
  "kelurahan" : "Kebayoran Lama Utara",
  "kodepos" : "12240"
}, {
  "kecamatan" : "Kebayoran Lama",
  "kelurahan" : "Grogol Selatan",
  "kodepos" : "12220"
}, {
  "kecamatan" : "Kebayoran Lama",
  "kelurahan" : "Cipulir",
  "kodepos" : "12230"
}, {
  "kecamatan" : "Kebayoran Baru",
  "kelurahan" : "Senayan",
  "kodepos" : "12190"
}, {
  "kecamatan" : "Kebayoran Lama",
  "kelurahan" : "Grogol Utara",
  "kodepos" : "12210"
}, {
  "kecamatan" : "Kebayoran Baru",
  "kelurahan" : "Petogogan",
  "kodepos" : "12170"
}, {
  "kecamatan" : "Kebayoran Baru",
  "kelurahan" : "Rawa Barat",
  "kodepos" : "12180"
}, {
  "kecamatan" : "Kebayoran Baru",
  "kelurahan" : "Melawai",
  "kodepos" : "12160"
}, {
  "kecamatan" : "Kebayoran Baru",
  "kelurahan" : "Pulo",
  "kodepos" : "12160"
}, {
  "kecamatan" : "Kebayoran Baru",
  "kelurahan" : "Gandaria Utara",
  "kodepos" : "12140"
}, {
  "kecamatan" : "Kebayoran Baru",
  "kelurahan" : "Cipete Utara",
  "kodepos" : "12150"
}, {
  "kecamatan" : "Kebayoran Baru",
  "kelurahan" : "Kramat Pela",
  "kodepos" : "12130"
}, {
  "kecamatan" : "Kebayoran Baru",
  "kelurahan" : "Selong",
  "kodepos" : "12110"
}, {
  "kecamatan" : "Kebayoran Baru",
  "kelurahan" : "Gunung",
  "kodepos" : "12120"
} ]
