[ {
  "kecamatan" : "Sangir Batang Hari",
  "kelurahan" : "Ranah Pantai Cermin",
  "kodepos" : "27779"
}, {
  "kecamatan" : "Sangir Batang Hari",
  "kelurahan" : "Sitapus",
  "kodepos" : "27779"
}, {
  "kecamatan" : "Sangir Batang Hari",
  "kelurahan" : "Lubuk Ulang Aling Selatan",
  "kodepos" : "27779"
}, {
  "kecamatan" : "Sangir Batang Hari",
  "kelurahan" : "Lubuk Ulang Aling Tengah",
  "kodepos" : "27779"
}, {
  "kecamatan" : "Sangir Batang Hari",
  "kelurahan" : "Abai",
  "kodepos" : "27779"
}, {
  "kecamatan" : "Sangir Batang Hari",
  "kelurahan" : "Dusun Tangah",
  "kodepos" : "27779"
}, {
  "kecamatan" : "Sangir Batang Hari",
  "kelurahan" : "Lubuk Ulang Aling",
  "kodepos" : "27779"
}, {
  "kecamatan" : "Sangir",
  "kelurahan" : "Lubuk Gadang Selatan",
  "kodepos" : "27778"
}, {
  "kecamatan" : "Sangir",
  "kelurahan" : "Lubuk Gadang Timur",
  "kodepos" : "27778"
}, {
  "kecamatan" : "Sangir",
  "kelurahan" : "Lubuk Gadang Utara",
  "kodepos" : "27778"
}, {
  "kecamatan" : "Sangir Balai Janggo",
  "kelurahan" : "Talunan Maju",
  "kodepos" : "27777"
}, {
  "kecamatan" : "Sangir",
  "kelurahan" : "Lubuk Gadang",
  "kodepos" : "27778"
}, {
  "kecamatan" : "Sangir Balai Janggo",
  "kelurahan" : "Sungai Kunyit Barat",
  "kodepos" : "27777"
}, {
  "kecamatan" : "Sangir Balai Janggo",
  "kelurahan" : "Talao Sungai Kunyit",
  "kodepos" : "27777"
}, {
  "kecamatan" : "Sangir Jujuan",
  "kelurahan" : "Padang Air Dingin",
  "kodepos" : "27777"
}, {
  "kecamatan" : "Sangir Jujuan",
  "kelurahan" : "Padang Gantiang",
  "kodepos" : "27777"
}, {
  "kecamatan" : "Sangir Balai Janggo",
  "kelurahan" : "Sungai Kunyit",
  "kodepos" : "27777"
}, {
  "kecamatan" : "Sangir Jujuan",
  "kelurahan" : "Lubuk/Lubuak Malako",
  "kodepos" : "27777"
}, {
  "kecamatan" : "Sangir Jujuan",
  "kelurahan" : "Malako",
  "kodepos" : "27777"
}, {
  "kecamatan" : "Sungai Pagu",
  "kelurahan" : "Sako Selatan Pasia Talang",
  "kodepos" : "27776"
}, {
  "kecamatan" : "Sungai Pagu",
  "kelurahan" : "Sako Utara Pasia Talang",
  "kodepos" : "27776"
}, {
  "kecamatan" : "Sangir Jujuan",
  "kelurahan" : "Bidar Alam",
  "kodepos" : "27777"
}, {
  "kecamatan" : "Sungai Pagu",
  "kelurahan" : "Pulakek Koto Baru",
  "kodepos" : "27776"
}, {
  "kecamatan" : "Sungai Pagu",
  "kelurahan" : "Sako Pasia Talang",
  "kodepos" : "27776"
}, {
  "kecamatan" : "Sungai Pagu",
  "kelurahan" : "Pasir Talang Timur",
  "kodepos" : "27776"
}, {
  "kecamatan" : "Pauh Duo",
  "kelurahan" : "Pauh Duo Nan Batigo",
  "kodepos" : "27776"
}, {
  "kecamatan" : "Sungai Pagu",
  "kelurahan" : "Pasir Talang Barat",
  "kodepos" : "27776"
}, {
  "kecamatan" : "Sungai Pagu",
  "kelurahan" : "Pasir Talang Selatan",
  "kodepos" : "27776"
}, {
  "kecamatan" : "Sungai Pagu",
  "kelurahan" : "Pasar Muara Labuh",
  "kodepos" : "27776"
}, {
  "kecamatan" : "Sungai Pagu",
  "kelurahan" : "Pasir Talang",
  "kodepos" : "27776"
}, {
  "kecamatan" : "Pauh Duo",
  "kelurahan" : "Luak Kapau Alam Pauh Duo",
  "kodepos" : "27776"
}, {
  "kecamatan" : "Sungai Pagu",
  "kelurahan" : "Koto Baru",
  "kodepos" : "27776"
}, {
  "kecamatan" : "Pauh Duo",
  "kelurahan" : "Kapau Alam Pauh Duo",
  "kodepos" : "27776"
}, {
  "kecamatan" : "Sungai Pagu",
  "kelurahan" : "Bomas",
  "kodepos" : "27776"
}, {
  "kecamatan" : "Koto Parik Gadang Diateh",
  "kelurahan" : "Pakan Rabaa Utara",
  "kodepos" : "27775"
}, {
  "kecamatan" : "Pauh Duo",
  "kelurahan" : "Alam Pauh Duo",
  "kodepos" : "27776"
}, {
  "kecamatan" : "Koto Parik Gadang Diateh",
  "kelurahan" : "Pakan Rabaa Tengah",
  "kodepos" : "27775"
}, {
  "kecamatan" : "Koto Parik Gadang Diateh",
  "kelurahan" : "Pakan Rabaa Timur",
  "kodepos" : "27775"
}, {
  "kecamatan" : "Koto Parik Gadang Diateh",
  "kelurahan" : "Pakan Rabaa",
  "kodepos" : "27775"
} ]
