[ {
  "kecamatan" : "Asam Jujuhan",
  "kelurahan" : "Tanjung Alam",
  "kodepos" : "27684"
}, {
  "kecamatan" : "Sungai Rumbai",
  "kelurahan" : "Sungai Rumbai Timur",
  "kodepos" : "27684"
}, {
  "kecamatan" : "Asam Jujuhan",
  "kelurahan" : "Sei/Sungai Limau",
  "kodepos" : "27684"
}, {
  "kecamatan" : "Asam Jujuhan",
  "kelurahan" : "Sinamar",
  "kodepos" : "27684"
}, {
  "kecamatan" : "Sungai Rumbai",
  "kelurahan" : "Sungai Rumbai",
  "kodepos" : "27684"
}, {
  "kecamatan" : "Asam Jujuhan",
  "kelurahan" : "Lubuk Besar",
  "kodepos" : "27684"
}, {
  "kecamatan" : "Sungai Rumbai",
  "kelurahan" : "Kurnia Selatan",
  "kodepos" : "27684"
}, {
  "kecamatan" : "Koto Besar",
  "kelurahan" : "Koto Tinggi",
  "kodepos" : "27684"
}, {
  "kecamatan" : "Sungai Rumbai",
  "kelurahan" : "Kurnia Koto Salak",
  "kodepos" : "27684"
}, {
  "kecamatan" : "Koto Besar",
  "kelurahan" : "Koto Ranah",
  "kodepos" : "27684"
}, {
  "kecamatan" : "Koto Besar",
  "kelurahan" : "Koto Laweh",
  "kodepos" : "27684"
}, {
  "kecamatan" : "Koto Besar",
  "kelurahan" : "Koto Gadang",
  "kodepos" : "27684"
}, {
  "kecamatan" : "Koto Besar",
  "kelurahan" : "Koto Besar",
  "kodepos" : "27684"
}, {
  "kecamatan" : "Asam Jujuhan",
  "kelurahan" : "Alahan Nan Tigo",
  "kodepos" : "27684"
}, {
  "kecamatan" : "Koto Besar",
  "kelurahan" : "Bonjol",
  "kodepos" : "27684"
}, {
  "kecamatan" : "Tiumang",
  "kelurahan" : "Tiumang",
  "kodepos" : "27681"
}, {
  "kecamatan" : "Koto Besar",
  "kelurahan" : "Abai Siat",
  "kodepos" : "27684"
}, {
  "kecamatan" : "Padang Laweh",
  "kelurahan" : "Sopan Jaya",
  "kodepos" : "27681"
}, {
  "kecamatan" : "Tiumang",
  "kelurahan" : "Sipangkur",
  "kodepos" : "27681"
}, {
  "kecamatan" : "Koto Salak",
  "kelurahan" : "Simalidu",
  "kodepos" : "27681"
}, {
  "kecamatan" : "Sembilan Koto (IX Koto)",
  "kelurahan" : "Silago",
  "kodepos" : "27681"
}, {
  "kecamatan" : "Koto Baru",
  "kelurahan" : "Simalidu",
  "kodepos" : "27681"
}, {
  "kecamatan" : "Koto Baru",
  "kelurahan" : "Sialang Gaung",
  "kodepos" : "27681"
}, {
  "kecamatan" : "Tiumang",
  "kelurahan" : "Sei/Sungai Langkok",
  "kodepos" : "27681"
}, {
  "kecamatan" : "Koto Baru",
  "kelurahan" : "Pulau Mainan",
  "kodepos" : "27681"
}, {
  "kecamatan" : "Koto Salak",
  "kelurahan" : "Padukuan",
  "kodepos" : "27681"
}, {
  "kecamatan" : "Koto Salak",
  "kelurahan" : "Pulau Mainan",
  "kodepos" : "27681"
}, {
  "kecamatan" : "Padang Laweh",
  "kelurahan" : "Padang Laweh",
  "kodepos" : "27681"
}, {
  "kecamatan" : "Koto Baru",
  "kelurahan" : "Padukuan",
  "kodepos" : "27681"
}, {
  "kecamatan" : "Sembilan Koto (IX Koto)",
  "kelurahan" : "Lubuk Karak",
  "kodepos" : "27681"
}, {
  "kecamatan" : "Sembilan Koto (IX Koto)",
  "kelurahan" : "Nan IV Bawauah",
  "kodepos" : "27681"
}, {
  "kecamatan" : "Padang Laweh",
  "kelurahan" : "Muaro Sopan",
  "kodepos" : "27681"
}, {
  "kecamatan" : "Koto Baru",
  "kelurahan" : "Koto Baru",
  "kodepos" : "27681"
}, {
  "kecamatan" : "Koto Baru",
  "kelurahan" : "Koto Padang",
  "kodepos" : "27681"
}, {
  "kecamatan" : "Koto Salak",
  "kelurahan" : "Koto Salak",
  "kodepos" : "27681"
}, {
  "kecamatan" : "Padang Laweh",
  "kelurahan" : "Batu Rijal",
  "kodepos" : "27681"
}, {
  "kecamatan" : "Tiumang",
  "kelurahan" : "Koto Baringin",
  "kodepos" : "27681"
}, {
  "kecamatan" : "Sembilan Koto (IX Koto)",
  "kelurahan" : "Banai",
  "kodepos" : "27681"
}, {
  "kecamatan" : "Koto Baru",
  "kelurahan" : "Ampang Kuranji",
  "kodepos" : "27681"
}, {
  "kecamatan" : "Koto Baru",
  "kelurahan" : "Ampalu",
  "kodepos" : "27681"
}, {
  "kecamatan" : "Koto Salak",
  "kelurahan" : "Ampalu",
  "kodepos" : "27681"
}, {
  "kecamatan" : "Timpeh",
  "kelurahan" : "Tabek (Penyebrangan)",
  "kodepos" : "27678"
}, {
  "kecamatan" : "Timpeh",
  "kelurahan" : "Taratak Tinggi",
  "kodepos" : "27678"
}, {
  "kecamatan" : "Timpeh",
  "kelurahan" : "Timpeh",
  "kodepos" : "27678"
}, {
  "kecamatan" : "Sitiung",
  "kelurahan" : "Sei/Sungai Duo",
  "kodepos" : "27678"
}, {
  "kecamatan" : "Sitiung",
  "kelurahan" : "Siguntur",
  "kodepos" : "27678"
}, {
  "kecamatan" : "Sitiung",
  "kelurahan" : "Sitiung",
  "kodepos" : "27678"
}, {
  "kecamatan" : "Timpeh",
  "kelurahan" : "Panyuberangan",
  "kodepos" : "27678"
}, {
  "kecamatan" : "Timpeh",
  "kelurahan" : "Ranah Palabi",
  "kodepos" : "27678"
}, {
  "kecamatan" : "Pulau Punjung",
  "kelurahan" : "Sungai Kambut",
  "kodepos" : "27573"
}, {
  "kecamatan" : "Pulau Punjung",
  "kelurahan" : "Tebing Tinggi",
  "kodepos" : "27573"
}, {
  "kecamatan" : "Sitiung",
  "kelurahan" : "Gunung Medan",
  "kodepos" : "27678"
}, {
  "kecamatan" : "Pulau Punjung",
  "kelurahan" : "Gunung Selasih",
  "kodepos" : "27573"
}, {
  "kecamatan" : "Pulau Punjung",
  "kelurahan" : "Sikabau",
  "kodepos" : "27573"
}, {
  "kecamatan" : "Pulau Punjung",
  "kelurahan" : "Sungai Dareh",
  "kodepos" : "27573"
}, {
  "kecamatan" : "Pulau Punjung",
  "kelurahan" : "Empat Koto Pulau Punjung",
  "kodepos" : "27573"
} ]
