[ {
  "kecamatan" : "Kamang Baru",
  "kelurahan" : "Tanjung Kaliang",
  "kodepos" : "27572"
}, {
  "kecamatan" : "Kamang Baru",
  "kelurahan" : "Siaur",
  "kodepos" : "27572"
}, {
  "kecamatan" : "Kamang Baru",
  "kelurahan" : "Sungai Batuang",
  "kodepos" : "27572"
}, {
  "kecamatan" : "Kamang Baru",
  "kelurahan" : "Sungai Lansek",
  "kodepos" : "27572"
}, {
  "kecamatan" : "Kamang Baru",
  "kelurahan" : "Maloro",
  "kodepos" : "27572"
}, {
  "kecamatan" : "Kamang Baru",
  "kelurahan" : "Muaro Takuang",
  "kodepos" : "27572"
}, {
  "kecamatan" : "Kamang Baru",
  "kelurahan" : "Padang Tarok",
  "kodepos" : "27572"
}, {
  "kecamatan" : "Kamang Baru",
  "kelurahan" : "Kamang",
  "kodepos" : "27572"
}, {
  "kecamatan" : "Kamang Baru",
  "kelurahan" : "Kunangan Parik Rantang",
  "kodepos" : "27572"
}, {
  "kecamatan" : "Kamang Baru",
  "kelurahan" : "Lubuk Tarantang",
  "kodepos" : "27572"
}, {
  "kecamatan" : "Tanjung Gadang",
  "kelurahan" : "Timbulun",
  "kodepos" : "27571"
}, {
  "kecamatan" : "Kamang Baru",
  "kelurahan" : "Aia Amo",
  "kodepos" : "27572"
}, {
  "kecamatan" : "Tanjung Gadang",
  "kelurahan" : "Taratak Baru Utara",
  "kodepos" : "27571"
}, {
  "kecamatan" : "Tanjung Gadang",
  "kelurahan" : "Tanjung Lolo",
  "kodepos" : "27571"
}, {
  "kecamatan" : "Tanjung Gadang",
  "kelurahan" : "Taratak Baru",
  "kodepos" : "27571"
}, {
  "kecamatan" : "Tanjung Gadang",
  "kelurahan" : "Sibakur",
  "kodepos" : "27571"
}, {
  "kecamatan" : "Tanjung Gadang",
  "kelurahan" : "Sinyamu",
  "kodepos" : "27571"
}, {
  "kecamatan" : "Tanjung Gadang",
  "kelurahan" : "Tanjung Gadang",
  "kodepos" : "27571"
}, {
  "kecamatan" : "Tanjung Gadang",
  "kelurahan" : "Langki",
  "kodepos" : "27571"
}, {
  "kecamatan" : "Tanjung Gadang",
  "kelurahan" : "Pulasan",
  "kodepos" : "27571"
}, {
  "kecamatan" : "Kupitan",
  "kelurahan" : "Desa Kampung Baru",
  "kodepos" : "27564"
}, {
  "kecamatan" : "Kupitan",
  "kelurahan" : "Padang Sibusuk",
  "kodepos" : "27564"
}, {
  "kecamatan" : "Kupitan",
  "kelurahan" : "Pamuatan",
  "kodepos" : "27564"
}, {
  "kecamatan" : "Sumpur Kudus",
  "kelurahan" : "Unggan",
  "kodepos" : "27563"
}, {
  "kecamatan" : "Kupitan",
  "kelurahan" : "Batu Manjulur",
  "kodepos" : "27564"
}, {
  "kecamatan" : "Sumpur Kudus",
  "kelurahan" : "Tanjung Bonai Aur",
  "kodepos" : "27563"
}, {
  "kecamatan" : "Sumpur Kudus",
  "kelurahan" : "Tanjung Bonai Aur Selatan",
  "kodepos" : "27563"
}, {
  "kecamatan" : "Sumpur Kudus",
  "kelurahan" : "Sumpur Kudus Selatan",
  "kodepos" : "27563"
}, {
  "kecamatan" : "Sumpur Kudus",
  "kelurahan" : "Tamparungo",
  "kodepos" : "27563"
}, {
  "kecamatan" : "Sumpur Kudus",
  "kelurahan" : "Tanjuang Labuah",
  "kodepos" : "27563"
}, {
  "kecamatan" : "Sumpur Kudus",
  "kelurahan" : "Sumpur Kudus",
  "kodepos" : "27563"
}, {
  "kecamatan" : "Sumpur Kudus",
  "kelurahan" : "Sisawah",
  "kodepos" : "27563"
}, {
  "kecamatan" : "Sumpur Kudus",
  "kelurahan" : "Kumanis",
  "kodepos" : "27563"
}, {
  "kecamatan" : "Sumpur Kudus",
  "kelurahan" : "Mangganti",
  "kodepos" : "27563"
}, {
  "kecamatan" : "Sumpur Kudus",
  "kelurahan" : "Silantai",
  "kodepos" : "27563"
}, {
  "kecamatan" : "Koto VII",
  "kelurahan" : "Palaluar",
  "kodepos" : "27562"
}, {
  "kecamatan" : "Koto VII",
  "kelurahan" : "Tanjung",
  "kodepos" : "27562"
}, {
  "kecamatan" : "Koto VII",
  "kelurahan" : "Padang Laweh",
  "kodepos" : "27562"
}, {
  "kecamatan" : "Koto VII",
  "kelurahan" : "Limo Koto",
  "kodepos" : "27562"
}, {
  "kecamatan" : "Koto VII",
  "kelurahan" : "Bukit Bual",
  "kodepos" : "27562"
}, {
  "kecamatan" : "Koto VII",
  "kelurahan" : "Guguk",
  "kodepos" : "27562"
}, {
  "kecamatan" : "IV Nagari",
  "kelurahan" : "Mundam Sakti",
  "kodepos" : "27561"
}, {
  "kecamatan" : "IV Nagari",
  "kelurahan" : "Palangki",
  "kodepos" : "27561"
}, {
  "kecamatan" : "IV Nagari",
  "kelurahan" : "Koto Baru",
  "kodepos" : "27561"
}, {
  "kecamatan" : "IV Nagari",
  "kelurahan" : "Koto Tuo",
  "kodepos" : "27561"
}, {
  "kecamatan" : "IV Nagari",
  "kelurahan" : "Muaro Bodi",
  "kodepos" : "27561"
}, {
  "kecamatan" : "Lubuak Tarok",
  "kelurahan" : "Silongo",
  "kodepos" : "27553"
}, {
  "kecamatan" : "Sijunjung",
  "kelurahan" : "Silokek",
  "kodepos" : "27553"
}, {
  "kecamatan" : "Sijunjung",
  "kelurahan" : "Paru",
  "kodepos" : "27553"
}, {
  "kecamatan" : "Sijunjung",
  "kelurahan" : "Pematang Panjang",
  "kodepos" : "27553"
}, {
  "kecamatan" : "Sijunjung",
  "kelurahan" : "Sijunjung",
  "kodepos" : "27553"
}, {
  "kecamatan" : "Lubuak Tarok",
  "kelurahan" : "Latang",
  "kodepos" : "27553"
}, {
  "kecamatan" : "Lubuak Tarok",
  "kelurahan" : "Lubuak Tarok",
  "kodepos" : "27553"
}, {
  "kecamatan" : "Sijunjung",
  "kelurahan" : "Muaro",
  "kodepos" : "27553"
}, {
  "kecamatan" : "Lubuak Tarok",
  "kelurahan" : "Lalan",
  "kodepos" : "27553"
}, {
  "kecamatan" : "Lubuak Tarok",
  "kelurahan" : "Kampung Dalam",
  "kodepos" : "27553"
}, {
  "kecamatan" : "Sijunjung",
  "kelurahan" : "Kandang Baru",
  "kodepos" : "27553"
}, {
  "kecamatan" : "Lubuak Tarok",
  "kelurahan" : "Buluah Kasok",
  "kodepos" : "27553"
}, {
  "kecamatan" : "Sijunjung",
  "kelurahan" : "Durian Gadang",
  "kodepos" : "27553"
}, {
  "kecamatan" : "Sijunjung",
  "kelurahan" : "Solok Ambah",
  "kodepos" : "27511"
}, {
  "kecamatan" : "Sijunjung",
  "kelurahan" : "Aie Angek",
  "kodepos" : "27553"
} ]
