[ {
  "kecamatan" : "Talawi",
  "kelurahan" : "Rantih",
  "kodepos" : "27449"
}, {
  "kecamatan" : "Talawi",
  "kelurahan" : "Salak",
  "kodepos" : "27447"
}, {
  "kecamatan" : "Talawi",
  "kelurahan" : "Sikalang",
  "kodepos" : "27448"
}, {
  "kecamatan" : "Talawi",
  "kelurahan" : "Talawi Hilir/Hilia",
  "kodepos" : "27445"
}, {
  "kecamatan" : "Talawi",
  "kelurahan" : "Talawi Hilir/Hilia",
  "kodepos" : "27445"
}, {
  "kecamatan" : "Talawi",
  "kelurahan" : "Kumbayau",
  "kodepos" : "27443"
}, {
  "kecamatan" : "Talawi",
  "kelurahan" : "Bukik Gadang",
  "kodepos" : "27444"
}, {
  "kecamatan" : "Talawi",
  "kelurahan" : "Talawi Mudik/Mudiak",
  "kodepos" : "27444"
}, {
  "kecamatan" : "Talawi",
  "kelurahan" : "Tumpuak Tangah",
  "kodepos" : "27442"
}, {
  "kecamatan" : "Talawi",
  "kelurahan" : "Batu Tanjuang",
  "kodepos" : "27443"
}, {
  "kecamatan" : "Silungkang",
  "kelurahan" : "Muaro Kalaban",
  "kodepos" : "27435"
}, {
  "kecamatan" : "Talawi",
  "kelurahan" : "Datar Mansiang",
  "kodepos" : "27441"
}, {
  "kecamatan" : "Silungkang",
  "kelurahan" : "Silungkang Oso",
  "kodepos" : "27433"
}, {
  "kecamatan" : "Silungkang",
  "kelurahan" : "Taratak Bancah/Boncah",
  "kodepos" : "27434"
}, {
  "kecamatan" : "Barangin",
  "kelurahan" : "Kolok Nan Tuo",
  "kodepos" : "27427"
}, {
  "kecamatan" : "Silungkang",
  "kelurahan" : "Silungkang Tigo",
  "kodepos" : "27431"
}, {
  "kecamatan" : "Silungkang",
  "kelurahan" : "Silungkang Duo",
  "kodepos" : "27432"
}, {
  "kecamatan" : "Barangin",
  "kelurahan" : "Durian II",
  "kodepos" : "27425"
}, {
  "kecamatan" : "Barangin",
  "kelurahan" : "Kolok Mudik/Mudiak",
  "kodepos" : "27425"
}, {
  "kecamatan" : "Barangin",
  "kelurahan" : "Durian I",
  "kodepos" : "27425"
}, {
  "kecamatan" : "Barangin",
  "kelurahan" : "Santur/Santua",
  "kodepos" : "27424"
}, {
  "kecamatan" : "Barangin",
  "kelurahan" : "Talago Gunung/Gunuang",
  "kodepos" : "27423"
}, {
  "kecamatan" : "Barangin",
  "kelurahan" : "Lubang Panjang",
  "kodepos" : "27424"
}, {
  "kecamatan" : "Barangin",
  "kelurahan" : "Saringan",
  "kodepos" : "27421"
}, {
  "kecamatan" : "Barangin",
  "kelurahan" : "Balai Batu Sandaran",
  "kodepos" : "27422"
}, {
  "kecamatan" : "Lembah Segar",
  "kelurahan" : "Air/Aia Dingin",
  "kodepos" : "27419"
}, {
  "kecamatan" : "Barangin",
  "kelurahan" : "Lumindai",
  "kodepos" : "27421"
}, {
  "kecamatan" : "Lembah Segar",
  "kelurahan" : "Lunto Timur",
  "kodepos" : "27416"
}, {
  "kecamatan" : "Lembah Segar",
  "kelurahan" : "Air Mulyo (Aurmulyo)",
  "kodepos" : "27418"
}, {
  "kecamatan" : "Lembah Segar",
  "kelurahan" : "Lunto Barat",
  "kodepos" : "27418"
}, {
  "kecamatan" : "Lembah Segar",
  "kelurahan" : "Kubang Sirakuk/Sirakuak Utara",
  "kodepos" : "27415"
}, {
  "kecamatan" : "Lembah Segar",
  "kelurahan" : "Pasar Kubang",
  "kodepos" : "27415"
}, {
  "kecamatan" : "Lembah Segar",
  "kelurahan" : "Kubang Tangah",
  "kodepos" : "27413"
}, {
  "kecamatan" : "Lembah Segar",
  "kelurahan" : "Kubang Sirakuk/Sirakuak Selatan",
  "kodepos" : "27415"
}, {
  "kecamatan" : "Lembah Segar",
  "kelurahan" : "Pasar",
  "kodepos" : "27411"
}, {
  "kecamatan" : "Lembah Segar",
  "kelurahan" : "Tanah Lapang",
  "kodepos" : "27411"
}, {
  "kecamatan" : "Lembah Segar",
  "kelurahan" : "Kubang Utara Sikabu",
  "kodepos" : "27412"
} ]
