[ {
  "kecamatan" : "IX Koto Sei Lasi",
  "kelurahan" : "Taruang Taruang",
  "kodepos" : "27388"
}, {
  "kecamatan" : "IX Koto Sei Lasi",
  "kelurahan" : "Siaro Aro",
  "kodepos" : "27388"
}, {
  "kecamatan" : "IX Koto Sei Lasi",
  "kelurahan" : "Sungai Durian",
  "kodepos" : "27388"
}, {
  "kecamatan" : "IX Koto Sei Lasi",
  "kelurahan" : "Sungai Jambur",
  "kodepos" : "27388"
}, {
  "kecamatan" : "Junjung Sirih",
  "kelurahan" : "Paninggahan",
  "kodepos" : "27388"
}, {
  "kecamatan" : "IX Koto Sei Lasi",
  "kelurahan" : "Pianggu",
  "kodepos" : "27388"
}, {
  "kecamatan" : "Junjung Sirih",
  "kelurahan" : "Muaro Pingai",
  "kodepos" : "27388"
}, {
  "kecamatan" : "Junjung Sirih",
  "kelurahan" : "Muaro Pingai",
  "kodepos" : "27388"
}, {
  "kecamatan" : "IX Koto Sei Lasi",
  "kelurahan" : "Guguk Sarai",
  "kodepos" : "27388"
}, {
  "kecamatan" : "IX Koto Sei Lasi",
  "kelurahan" : "Indudur",
  "kodepos" : "27388"
}, {
  "kecamatan" : "Payung Sekaki",
  "kelurahan" : "Supayang",
  "kodepos" : "27387"
}, {
  "kecamatan" : "IX Koto Sei Lasi",
  "kelurahan" : "Bukit Bais",
  "kodepos" : "27388"
}, {
  "kecamatan" : "Payung Sekaki",
  "kelurahan" : "Sirukam",
  "kodepos" : "27387"
}, {
  "kecamatan" : "Danau Kembar",
  "kelurahan" : "Simpang Tanjuang Nan Ampek/IV",
  "kodepos" : "27383"
}, {
  "kecamatan" : "Payung Sekaki",
  "kelurahan" : "Aia Luo",
  "kodepos" : "27387"
}, {
  "kecamatan" : "Lembang Jaya",
  "kelurahan" : "Salayo Tanang Bukik Sileh",
  "kodepos" : "27383"
}, {
  "kecamatan" : "Lembang Jaya",
  "kelurahan" : "Koto Laweh",
  "kodepos" : "27383"
}, {
  "kecamatan" : "Lembang Jaya",
  "kelurahan" : "Limau Lunggo",
  "kodepos" : "27383"
}, {
  "kecamatan" : "Lembang Jaya",
  "kelurahan" : "Koto Anau",
  "kodepos" : "27383"
}, {
  "kecamatan" : "Danau Kembar",
  "kelurahan" : "Kampung Batu Dalam",
  "kodepos" : "27383"
}, {
  "kecamatan" : "Lembang Jaya",
  "kelurahan" : "Batu Banyak",
  "kodepos" : "27383"
}, {
  "kecamatan" : "Lembang Jaya",
  "kelurahan" : "Batu Bajanjang",
  "kodepos" : "27383"
}, {
  "kecamatan" : "Bukit Sundi",
  "kelurahan" : "Parambahan",
  "kodepos" : "27381"
}, {
  "kecamatan" : "Bukit Sundi",
  "kelurahan" : "Muaro Paneh",
  "kodepos" : "27381"
}, {
  "kecamatan" : "Bukit Sundi",
  "kelurahan" : "Kinari",
  "kodepos" : "27381"
}, {
  "kecamatan" : "Bukit Sundi",
  "kelurahan" : "Dilam",
  "kodepos" : "27381"
}, {
  "kecamatan" : "Bukit Sundi",
  "kelurahan" : "Bukit Tandang",
  "kodepos" : "27381"
}, {
  "kecamatan" : "Pantai Cermin",
  "kelurahan" : "Lolo",
  "kodepos" : "27373"
}, {
  "kecamatan" : "Pantai Cermin",
  "kelurahan" : "Surian",
  "kodepos" : "27373"
}, {
  "kecamatan" : "Tigo Lurah",
  "kelurahan" : "Tanjung Balik Sumiso",
  "kodepos" : "27372"
}, {
  "kecamatan" : "Hiliran Gumanti",
  "kelurahan" : "Talang Babungo",
  "kodepos" : "27372"
}, {
  "kecamatan" : "Tigo Lurah",
  "kelurahan" : "Simanau",
  "kodepos" : "27372"
}, {
  "kecamatan" : "Hiliran Gumanti",
  "kelurahan" : "Sungai Abu",
  "kodepos" : "27372"
}, {
  "kecamatan" : "Hiliran Gumanti",
  "kelurahan" : "Sarik Alahan Tigo",
  "kodepos" : "27372"
}, {
  "kecamatan" : "Tigo Lurah",
  "kelurahan" : "Rangkiang Luluih",
  "kodepos" : "27372"
}, {
  "kecamatan" : "Tigo Lurah",
  "kelurahan" : "Garabak Data",
  "kodepos" : "27372"
}, {
  "kecamatan" : "Tigo Lurah",
  "kelurahan" : "Batu Banjajang",
  "kodepos" : "27372"
}, {
  "kecamatan" : "Lembah Gumanti",
  "kelurahan" : "Sungai Nanam",
  "kodepos" : "27371"
}, {
  "kecamatan" : "Lembah Gumanti",
  "kelurahan" : "Salimpat",
  "kodepos" : "27371"
}, {
  "kecamatan" : "Lembah Gumanti",
  "kelurahan" : "Alahan Panjang",
  "kodepos" : "27371"
}, {
  "kecamatan" : "Lembah Gumanti",
  "kelurahan" : "Aia Dingin",
  "kodepos" : "27371"
}, {
  "kecamatan" : "Gunung Talang",
  "kelurahan" : "Talang",
  "kodepos" : "27365"
}, {
  "kecamatan" : "Gunung Talang",
  "kelurahan" : "Sungai Janiah",
  "kodepos" : "27365"
}, {
  "kecamatan" : "Gunung Talang",
  "kelurahan" : "Koto Gaek Guguk",
  "kodepos" : "27365"
}, {
  "kecamatan" : "Gunung Talang",
  "kelurahan" : "Koto Gadang Guguak",
  "kodepos" : "27365"
}, {
  "kecamatan" : "Gunung Talang",
  "kelurahan" : "Jawi Jawi",
  "kodepos" : "27365"
}, {
  "kecamatan" : "Gunung Talang",
  "kelurahan" : "Cupak",
  "kodepos" : "27365"
}, {
  "kecamatan" : "Gunung Talang",
  "kelurahan" : "Batang Barus",
  "kodepos" : "27365"
}, {
  "kecamatan" : "Gunung Talang",
  "kelurahan" : "Aia Batumbuak",
  "kodepos" : "27365"
}, {
  "kecamatan" : "Kubung",
  "kelurahan" : "Tanjung Bingkuang",
  "kodepos" : "27361"
}, {
  "kecamatan" : "Kubung",
  "kelurahan" : "Tanjung",
  "kodepos" : "27361"
}, {
  "kecamatan" : "Kubung",
  "kelurahan" : "Saok Laweh",
  "kodepos" : "27361"
}, {
  "kecamatan" : "Kubung",
  "kelurahan" : "Panyakalan",
  "kodepos" : "27361"
}, {
  "kecamatan" : "Kubung",
  "kelurahan" : "Salayo",
  "kodepos" : "27361"
}, {
  "kecamatan" : "Kubung",
  "kelurahan" : "Koto Hilalang",
  "kodepos" : "27361"
}, {
  "kecamatan" : "Kubung",
  "kelurahan" : "Koto Baru",
  "kodepos" : "27361"
}, {
  "kecamatan" : "Kubung",
  "kelurahan" : "Gauang",
  "kodepos" : "27361"
}, {
  "kecamatan" : "Kubung",
  "kelurahan" : "Gantuang Ciri",
  "kodepos" : "27361"
}, {
  "kecamatan" : "X Koto Singkarak",
  "kelurahan" : "Tanjung Alai",
  "kodepos" : "27356"
}, {
  "kecamatan" : "X Koto Singkarak",
  "kelurahan" : "Tikalak",
  "kodepos" : "27356"
}, {
  "kecamatan" : "X Koto Singkarak",
  "kelurahan" : "Sumani",
  "kodepos" : "27356"
}, {
  "kecamatan" : "X Koto Singkarak",
  "kelurahan" : "Saning Baka",
  "kodepos" : "27356"
}, {
  "kecamatan" : "X Koto Singkarak",
  "kelurahan" : "Singkarak",
  "kodepos" : "27356"
}, {
  "kecamatan" : "X Koto Singkarak",
  "kelurahan" : "Aripan",
  "kodepos" : "27356"
}, {
  "kecamatan" : "X Koto Singkarak",
  "kelurahan" : "Kacang",
  "kodepos" : "27356"
}, {
  "kecamatan" : "X Koto Singkarak",
  "kelurahan" : "Koto Sani",
  "kodepos" : "27356"
}, {
  "kecamatan" : "X Koto Diatas",
  "kelurahan" : "Sulik Aia",
  "kodepos" : "27355"
}, {
  "kecamatan" : "X Koto Diatas",
  "kelurahan" : "Tanjung Balik",
  "kodepos" : "27355"
}, {
  "kecamatan" : "X Koto Diatas",
  "kelurahan" : "Pasilihan",
  "kodepos" : "27355"
}, {
  "kecamatan" : "X Koto Diatas",
  "kelurahan" : "Siberambang",
  "kodepos" : "27355"
}, {
  "kecamatan" : "X Koto Diatas",
  "kelurahan" : "Nagari Sulit Air",
  "kodepos" : "27355"
}, {
  "kecamatan" : "X Koto Diatas",
  "kelurahan" : "Paninjauan",
  "kodepos" : "27355"
}, {
  "kecamatan" : "X Koto Diatas",
  "kelurahan" : "Labuah Panjang",
  "kodepos" : "27355"
}, {
  "kecamatan" : "X Koto Diatas",
  "kelurahan" : "Katialo",
  "kodepos" : "27355"
}, {
  "kecamatan" : "X Koto Diatas",
  "kelurahan" : "Kuncir",
  "kodepos" : "27355"
}, {
  "kecamatan" : "Tanjung Harapan",
  "kelurahan" : "Laing",
  "kodepos" : "27325"
}, {
  "kecamatan" : "Tanjung Harapan",
  "kelurahan" : "Nan Balimo",
  "kodepos" : "27326"
}, {
  "kecamatan" : "X Koto Diatas",
  "kelurahan" : "Bukit Kanduang",
  "kodepos" : "27355"
}, {
  "kecamatan" : "Tanjung Harapan",
  "kelurahan" : "Koto Panjang",
  "kodepos" : "27323"
}, {
  "kecamatan" : "Tanjung Harapan",
  "kelurahan" : "Tanjung Paku",
  "kodepos" : "27324"
}, {
  "kecamatan" : "Tanjung Harapan",
  "kelurahan" : "Kampung Jawa",
  "kodepos" : "27321"
}, {
  "kecamatan" : "Tanjung Harapan",
  "kelurahan" : "Pasar Pandan Air Mati",
  "kodepos" : "27322"
}, {
  "kecamatan" : "Lubuk Sikarah",
  "kelurahan" : "Simpang Rumbio",
  "kodepos" : "27316"
}, {
  "kecamatan" : "Lubuk Sikarah",
  "kelurahan" : "Aro IV Korong",
  "kodepos" : "27317"
}, {
  "kecamatan" : "Lubuk Sikarah",
  "kelurahan" : "Sinapa Piliang",
  "kodepos" : "27313"
}, {
  "kecamatan" : "Lubuk Sikarah",
  "kelurahan" : "IX Korong",
  "kodepos" : "27314"
}, {
  "kecamatan" : "Lubuk Sikarah",
  "kelurahan" : "Kampai Tabu Kerambil/Karambia",
  "kodepos" : "27315"
}, {
  "kecamatan" : "Lubuk Sikarah",
  "kelurahan" : "VI Suku",
  "kodepos" : "27311"
}, {
  "kecamatan" : "Lubuk Sikarah",
  "kelurahan" : "Tanah Garam",
  "kodepos" : "27312"
} ]
