[ {
  "kecamatan" : "Sungayang",
  "kelurahan" : "Sungayang",
  "kodepos" : "27294"
}, {
  "kecamatan" : "Sungayang",
  "kelurahan" : "Tanjung (Tanjuang)",
  "kodepos" : "27294"
}, {
  "kecamatan" : "Sungayang",
  "kelurahan" : "Sungai Patai",
  "kodepos" : "27294"
}, {
  "kecamatan" : "Sungayang",
  "kelurahan" : "Minangkabau",
  "kodepos" : "27294"
}, {
  "kecamatan" : "Lintau Buo",
  "kelurahan" : "Tigo Jangko",
  "kodepos" : "27292"
}, {
  "kecamatan" : "Sungayang",
  "kelurahan" : "Andaleh Baruh/Baruah Bukik",
  "kodepos" : "27294"
}, {
  "kecamatan" : "Lintau Buo Utara",
  "kelurahan" : "Tapi/Tepi Selo",
  "kodepos" : "27292"
}, {
  "kecamatan" : "Lintau Buo",
  "kelurahan" : "Taluak",
  "kodepos" : "27292"
}, {
  "kecamatan" : "Lintau Buo Utara",
  "kelurahan" : "Tanjung/Tanjuang Bonai",
  "kodepos" : "27292"
}, {
  "kecamatan" : "Lintau Buo",
  "kelurahan" : "Pangian",
  "kodepos" : "27292"
}, {
  "kecamatan" : "Lintau Buo Utara",
  "kelurahan" : "Lubuk/Lubuak Jantan",
  "kodepos" : "27292"
}, {
  "kecamatan" : "Lintau Buo",
  "kelurahan" : "Buo",
  "kodepos" : "27292"
}, {
  "kecamatan" : "Lintau Buo Utara",
  "kelurahan" : "Batu Bulek",
  "kodepos" : "27292"
}, {
  "kecamatan" : "Padang Ganting",
  "kelurahan" : "Padang Ganting",
  "kodepos" : "27282"
}, {
  "kecamatan" : "Lintau Buo Utara",
  "kelurahan" : "Balai Tangah",
  "kodepos" : "27292"
}, {
  "kecamatan" : "Tanjung Emas",
  "kelurahan" : "Tanjung Barulak",
  "kodepos" : "27281"
}, {
  "kecamatan" : "Padang Ganting",
  "kelurahan" : "Atar",
  "kodepos" : "27282"
}, {
  "kecamatan" : "Tanjung Baru",
  "kelurahan" : "Tanjung Alam",
  "kodepos" : "27281"
}, {
  "kecamatan" : "Tanjung Emas",
  "kelurahan" : "Saruaso",
  "kodepos" : "27281"
}, {
  "kecamatan" : "Tanjung Emas",
  "kelurahan" : "Koto Tangah",
  "kodepos" : "27281"
}, {
  "kecamatan" : "Tanjung Emas",
  "kelurahan" : "Pagaruyung (Pagaruyuang)",
  "kodepos" : "27281"
}, {
  "kecamatan" : "Tanjung Baru",
  "kelurahan" : "Barulak",
  "kodepos" : "27281"
}, {
  "kecamatan" : "Rambatan",
  "kelurahan" : "Simawang",
  "kodepos" : "27271"
}, {
  "kecamatan" : "Rambatan",
  "kelurahan" : "Padang Magek",
  "kodepos" : "27271"
}, {
  "kecamatan" : "Rambatan",
  "kelurahan" : "Rambatan",
  "kodepos" : "27271"
}, {
  "kecamatan" : "Rambatan",
  "kelurahan" : "Balimbing",
  "kodepos" : "27271"
}, {
  "kecamatan" : "Rambatan",
  "kelurahan" : "III/Tigo Koto",
  "kodepos" : "27271"
}, {
  "kecamatan" : "Batipuh",
  "kelurahan" : "Tanjung Barulak",
  "kodepos" : "27265"
}, {
  "kecamatan" : "Batipuh Selatan",
  "kelurahan" : "Sumpur",
  "kodepos" : "27265"
}, {
  "kecamatan" : "Batipuh",
  "kelurahan" : "Pitalah",
  "kodepos" : "27265"
}, {
  "kecamatan" : "Batipuh",
  "kelurahan" : "Sabu",
  "kodepos" : "27265"
}, {
  "kecamatan" : "Batipuh",
  "kelurahan" : "Gunung Rajo (Gunuang Rajo)",
  "kodepos" : "27265"
}, {
  "kecamatan" : "Batipuh Selatan",
  "kelurahan" : "Padang Laweh Malalo",
  "kodepos" : "27265"
}, {
  "kecamatan" : "Batipuh",
  "kelurahan" : "Bungo Tanjung/Tanjuang",
  "kodepos" : "27265"
}, {
  "kecamatan" : "Batipuh Selatan",
  "kelurahan" : "Guguak Malalo",
  "kodepos" : "27265"
}, {
  "kecamatan" : "Batipuh",
  "kelurahan" : "Batipuh Baru (Batipuah Baruah)",
  "kodepos" : "27265"
}, {
  "kecamatan" : "Batipuh Selatan",
  "kelurahan" : "Batu Taba",
  "kodepos" : "27265"
}, {
  "kecamatan" : "Batipuh",
  "kelurahan" : "Batipuh Ateh (Batipuah Ateh)",
  "kodepos" : "27265"
}, {
  "kecamatan" : "Batipuh",
  "kelurahan" : "Batipuh Ateh (Batipuah Ateh)",
  "kodepos" : "27265"
}, {
  "kecamatan" : "Pariangan",
  "kelurahan" : "Sungai Jambu",
  "kodepos" : "27264"
}, {
  "kecamatan" : "Pariangan",
  "kelurahan" : "Tabek",
  "kodepos" : "27264"
}, {
  "kecamatan" : "Pariangan",
  "kelurahan" : "Sawah Tangah",
  "kodepos" : "27264"
}, {
  "kecamatan" : "Pariangan",
  "kelurahan" : "Simabur",
  "kodepos" : "27264"
}, {
  "kecamatan" : "Pariangan",
  "kelurahan" : "Batu Basa",
  "kodepos" : "27264"
}, {
  "kecamatan" : "Pariangan",
  "kelurahan" : "Pariangan",
  "kodepos" : "27264"
}, {
  "kecamatan" : "Salimpaung",
  "kelurahan" : "Supayang",
  "kodepos" : "27263"
}, {
  "kecamatan" : "Salimpaung",
  "kelurahan" : "Situmbuk (Situmbuak)",
  "kodepos" : "27263"
}, {
  "kecamatan" : "Salimpaung",
  "kelurahan" : "Sumanik (Sumaniak}",
  "kodepos" : "27263"
}, {
  "kecamatan" : "Salimpaung",
  "kelurahan" : "Lawang Mandahiling/Mandahiliang",
  "kodepos" : "27263"
}, {
  "kecamatan" : "Salimpaung",
  "kelurahan" : "Salimpaung",
  "kodepos" : "27263"
}, {
  "kecamatan" : "Sungai Tarab",
  "kelurahan" : "Talang Tangah",
  "kodepos" : "27261"
}, {
  "kecamatan" : "Salimpaung",
  "kelurahan" : "Tabek Patah",
  "kodepos" : "27262"
}, {
  "kecamatan" : "Sungai Tarab",
  "kelurahan" : "Simpuruik",
  "kodepos" : "27261"
}, {
  "kecamatan" : "Sungai Tarab",
  "kelurahan" : "Sungai Tarab",
  "kodepos" : "27261"
}, {
  "kecamatan" : "Sungai Tarab",
  "kelurahan" : "Pasie/Pasir Laweh",
  "kodepos" : "27261"
}, {
  "kecamatan" : "Sungai Tarab",
  "kelurahan" : "Rao-Rao",
  "kodepos" : "27261"
}, {
  "kecamatan" : "Sungai Tarab",
  "kelurahan" : "Padang Laweh",
  "kodepos" : "27261"
}, {
  "kecamatan" : "Sungai Tarab",
  "kelurahan" : "Kumango",
  "kodepos" : "27261"
}, {
  "kecamatan" : "Sungai Tarab",
  "kelurahan" : "Koto Baru",
  "kodepos" : "27261"
}, {
  "kecamatan" : "Sungai Tarab",
  "kelurahan" : "Koto Tuo",
  "kodepos" : "27261"
}, {
  "kecamatan" : "Lima Kaum",
  "kelurahan" : "Cubadak",
  "kodepos" : "27216"
}, {
  "kecamatan" : "Sungai Tarab",
  "kelurahan" : "Gurun",
  "kodepos" : "27261"
}, {
  "kecamatan" : "Lima Kaum",
  "kelurahan" : "Baringin",
  "kodepos" : "27213"
}, {
  "kecamatan" : "Lima Kaum",
  "kelurahan" : "Parambahan",
  "kodepos" : "27211"
}, {
  "kecamatan" : "Lima Kaum",
  "kelurahan" : "Labuah/Labuh",
  "kodepos" : "27211"
}, {
  "kecamatan" : "Lima Kaum",
  "kelurahan" : "Lima Kaum (Limo Kaum)",
  "kodepos" : "27211"
}, {
  "kecamatan" : "Sepuluh Koto (X Koto)",
  "kelurahan" : "Tambangan",
  "kodepos" : "27151"
}, {
  "kecamatan" : "Sepuluh Koto (X Koto)",
  "kelurahan" : "Panyalaian",
  "kodepos" : "27151"
}, {
  "kecamatan" : "Sepuluh Koto (X Koto)",
  "kelurahan" : "Singgalang",
  "kodepos" : "27151"
}, {
  "kecamatan" : "Sepuluh Koto (X Koto)",
  "kelurahan" : "Pandai Sikek",
  "kodepos" : "27151"
}, {
  "kecamatan" : "Sepuluh Koto (X Koto)",
  "kelurahan" : "Paninjauan",
  "kodepos" : "27151"
}, {
  "kecamatan" : "Sepuluh Koto (X Koto)",
  "kelurahan" : "Koto Baru",
  "kodepos" : "27151"
}, {
  "kecamatan" : "Sepuluh Koto (X Koto)",
  "kelurahan" : "Koto Laweh",
  "kodepos" : "27151"
}, {
  "kecamatan" : "Sepuluh Koto (X Koto)",
  "kelurahan" : "Aie Angek (Aia/Air Angek)",
  "kodepos" : "27151"
}, {
  "kecamatan" : "Sepuluh Koto (X Koto)",
  "kelurahan" : "Jaho",
  "kodepos" : "27151"
} ]
