[ {
  "kecamatan" : "Padang Panjang Timur",
  "kelurahan" : "Guguk Malintang",
  "kodepos" : "27128"
}, {
  "kecamatan" : "Padang Panjang Timur",
  "kelurahan" : "Sigando",
  "kodepos" : "27126"
}, {
  "kecamatan" : "Padang Panjang Timur",
  "kelurahan" : "Ganting",
  "kodepos" : "27127"
}, {
  "kecamatan" : "Padang Panjang Timur",
  "kelurahan" : "Koto Katik",
  "kodepos" : "27123"
}, {
  "kecamatan" : "Padang Panjang Timur",
  "kelurahan" : "Ngalau",
  "kodepos" : "27124"
}, {
  "kecamatan" : "Padang Panjang Timur",
  "kelurahan" : "Ekor Lubuk",
  "kodepos" : "27125"
}, {
  "kecamatan" : "Padang Panjang Timur",
  "kelurahan" : "Tanah Pak Lambik",
  "kodepos" : "27121"
}, {
  "kecamatan" : "Padang Panjang Timur",
  "kelurahan" : "Koto Panjang",
  "kodepos" : "27122"
}, {
  "kecamatan" : "Padang Panjang Barat",
  "kelurahan" : "Silaing Bawah",
  "kodepos" : "27118"
}, {
  "kecamatan" : "Padang Panjang Barat",
  "kelurahan" : "Pasar Usang",
  "kodepos" : "27116"
}, {
  "kecamatan" : "Padang Panjang Barat",
  "kelurahan" : "Silaing Atas",
  "kodepos" : "27117"
}, {
  "kecamatan" : "Padang Panjang Barat",
  "kelurahan" : "Bukik/Bukit Surungan",
  "kodepos" : "27115"
}, {
  "kecamatan" : "Padang Panjang Barat",
  "kelurahan" : "Pasar Baru",
  "kodepos" : "27113"
}, {
  "kecamatan" : "Padang Panjang Barat",
  "kelurahan" : "Balai-Balai",
  "kodepos" : "27114"
}, {
  "kecamatan" : "Padang Panjang Barat",
  "kelurahan" : "Kampung Manggis",
  "kodepos" : "27111"
}, {
  "kecamatan" : "Padang Panjang Barat",
  "kelurahan" : "Tanah Hitam",
  "kodepos" : "27112"
} ]
