[ {
  "kecamatan" : "Sei Beremas",
  "kelurahan" : "Aia Bangih",
  "kodepos" : "26573"
}, {
  "kecamatan" : "Sungai Aur",
  "kelurahan" : "Sungai Aur",
  "kodepos" : "26573"
}, {
  "kecamatan" : "Koto Balingka",
  "kelurahan" : "Parit/Parik",
  "kodepos" : "26572"
}, {
  "kecamatan" : "Lembah Melintang",
  "kelurahan" : "Ujung Gading",
  "kodepos" : "26572"
}, {
  "kecamatan" : "Gunung Tuleh",
  "kelurahan" : "Rabi Jonggor",
  "kodepos" : "26571"
}, {
  "kecamatan" : "Luhak Nan Duo",
  "kelurahan" : "Koto Baru",
  "kodepos" : "26567"
}, {
  "kecamatan" : "Gunung Tuleh",
  "kelurahan" : "Muaro Kiawi",
  "kodepos" : "26571"
}, {
  "kecamatan" : "Kinali",
  "kelurahan" : "Katiagan Mandiangin",
  "kodepos" : "26567"
}, {
  "kecamatan" : "Kinali",
  "kelurahan" : "Kinali",
  "kodepos" : "26567"
}, {
  "kecamatan" : "Pasaman",
  "kelurahan" : "Lingkuang Aua",
  "kodepos" : "26566"
}, {
  "kecamatan" : "Luhak Nan Duo",
  "kelurahan" : "Kapar",
  "kodepos" : "26567"
}, {
  "kecamatan" : "Pasaman",
  "kelurahan" : "Aia Gadang",
  "kodepos" : "26566"
}, {
  "kecamatan" : "Pasaman",
  "kelurahan" : "Aua Kuniang",
  "kodepos" : "26566"
}, {
  "kecamatan" : "Talamau",
  "kelurahan" : "Talu",
  "kodepos" : "26561"
}, {
  "kecamatan" : "Talamau",
  "kelurahan" : "Sinuruik",
  "kodepos" : "26561"
}, {
  "kecamatan" : "Talamau",
  "kelurahan" : "Kajai",
  "kodepos" : "26561"
}, {
  "kecamatan" : "Sasak Ranah Pasisir/Pesisie",
  "kelurahan" : "Sasak",
  "kodepos" : "26366"
}, {
  "kecamatan" : "Ranah Batahan",
  "kelurahan" : "Desa Baru",
  "kodepos" : "26366"
}, {
  "kecamatan" : "Ranah Batahan",
  "kelurahan" : "Batahan",
  "kodepos" : "26366"
} ]
