[ {
  "kecamatan" : "Tanjung Mutiara",
  "kelurahan" : "Tiku Selatan",
  "kodepos" : "26473"
}, {
  "kecamatan" : "Tanjung Mutiara",
  "kelurahan" : "Tiku Utara",
  "kodepos" : "26473"
}, {
  "kecamatan" : "Tanjung Raya",
  "kelurahan" : "Tanjung Sani",
  "kodepos" : "26471"
}, {
  "kecamatan" : "Tanjung Mutiara",
  "kelurahan" : "Tiku Limo Jorong",
  "kodepos" : "26473"
}, {
  "kecamatan" : "Tanjung Raya",
  "kelurahan" : "Maninjau",
  "kodepos" : "26471"
}, {
  "kecamatan" : "Tanjung Raya",
  "kelurahan" : "Paninjauan",
  "kodepos" : "26471"
}, {
  "kecamatan" : "Tanjung Raya",
  "kelurahan" : "Sungai Batang",
  "kodepos" : "26471"
}, {
  "kecamatan" : "Tanjung Raya",
  "kelurahan" : "Koto Kaciak",
  "kodepos" : "26471"
}, {
  "kecamatan" : "Tanjung Raya",
  "kelurahan" : "Koto Malintang",
  "kodepos" : "26471"
}, {
  "kecamatan" : "Tanjung Raya",
  "kelurahan" : "Duo Koto",
  "kodepos" : "26471"
}, {
  "kecamatan" : "Tanjung Raya",
  "kelurahan" : "Koto Gadang",
  "kodepos" : "26471"
}, {
  "kecamatan" : "Lubuk Basung",
  "kelurahan" : "Manggopoh",
  "kodepos" : "26451"
}, {
  "kecamatan" : "Tanjung Raya",
  "kelurahan" : "Bayua",
  "kodepos" : "26471"
}, {
  "kecamatan" : "Lubuk Basung",
  "kelurahan" : "Kampung Tangah",
  "kodepos" : "26451"
}, {
  "kecamatan" : "Lubuk Basung",
  "kelurahan" : "Lubuk Basung",
  "kodepos" : "26451"
}, {
  "kecamatan" : "Lubuk Basung",
  "kelurahan" : "Geragahan",
  "kodepos" : "26451"
}, {
  "kecamatan" : "Lubuk Basung",
  "kelurahan" : "Kampung Pinang",
  "kodepos" : "26451"
}, {
  "kecamatan" : "Baso",
  "kelurahan" : "Simarasok",
  "kodepos" : "26192"
}, {
  "kecamatan" : "Baso",
  "kelurahan" : "Tabek Panjang",
  "kodepos" : "26192"
}, {
  "kecamatan" : "Baso",
  "kelurahan" : "Padang Tarok",
  "kodepos" : "26192"
}, {
  "kecamatan" : "Baso",
  "kelurahan" : "Salo",
  "kodepos" : "26192"
}, {
  "kecamatan" : "Baso",
  "kelurahan" : "Koto Baru III Jorong",
  "kodepos" : "26192"
}, {
  "kecamatan" : "Baso",
  "kelurahan" : "Koto Tinggi",
  "kodepos" : "26192"
}, {
  "kecamatan" : "Baso",
  "kelurahan" : "Bungo Koto Tuo",
  "kodepos" : "26192"
}, {
  "kecamatan" : "IV Angkat Candung (Ampek Angkek)",
  "kelurahan" : "Pasia",
  "kodepos" : "26191"
}, {
  "kecamatan" : "Candung",
  "kelurahan" : "Lasi",
  "kodepos" : "26191"
}, {
  "kecamatan" : "IV Angkat Candung (Ampek Angkek)",
  "kelurahan" : "Panampung",
  "kodepos" : "26191"
}, {
  "kecamatan" : "Candung",
  "kelurahan" : "Canduang Koto Laweh",
  "kodepos" : "26191"
}, {
  "kecamatan" : "IV Angkat Candung (Ampek Angkek)",
  "kelurahan" : "Lambah",
  "kodepos" : "26191"
}, {
  "kecamatan" : "IV Angkat Candung (Ampek Angkek)",
  "kelurahan" : "Biaro Gadang",
  "kodepos" : "26191"
}, {
  "kecamatan" : "Candung",
  "kelurahan" : "Bukik Batabuah",
  "kodepos" : "26191"
}, {
  "kecamatan" : "IV Angkat Candung (Ampek Angkek)",
  "kelurahan" : "Balai Gurah",
  "kodepos" : "26191"
}, {
  "kecamatan" : "IV Angkat Candung (Ampek Angkek)",
  "kelurahan" : "Batu Taba",
  "kodepos" : "26191"
}, {
  "kecamatan" : "IV Angkat Candung (Ampek Angkek)",
  "kelurahan" : "Ampang Gadang",
  "kodepos" : "26191"
}, {
  "kecamatan" : "Banuhampu",
  "kelurahan" : "Taluak Ampek Suku",
  "kodepos" : "26181"
}, {
  "kecamatan" : "Sungai Pua (Puar)",
  "kelurahan" : "Sungai Pua",
  "kodepos" : "26181"
}, {
  "kecamatan" : "Sungai Pua (Puar)",
  "kelurahan" : "Sariak",
  "kodepos" : "26181"
}, {
  "kecamatan" : "Banuhampu",
  "kelurahan" : "Padang Lua",
  "kodepos" : "26181"
}, {
  "kecamatan" : "Banuhampu",
  "kelurahan" : "Pakan Sinayan",
  "kodepos" : "26181"
}, {
  "kecamatan" : "Sungai Pua (Puar)",
  "kelurahan" : "Padang Laweh",
  "kodepos" : "26181"
}, {
  "kecamatan" : "Banuhampu",
  "kelurahan" : "Ladang Laweh",
  "kodepos" : "26181"
}, {
  "kecamatan" : "Banuhampu",
  "kelurahan" : "Kubang Putiah",
  "kodepos" : "26181"
}, {
  "kecamatan" : "Banuhampu",
  "kelurahan" : "Cingkariang",
  "kodepos" : "26181"
}, {
  "kecamatan" : "Sungai Pua (Puar)",
  "kelurahan" : "Batu Palano",
  "kodepos" : "26181"
}, {
  "kecamatan" : "Sungai Pua (Puar)",
  "kelurahan" : "Batagak",
  "kodepos" : "26181"
}, {
  "kecamatan" : "Palembayan",
  "kelurahan" : "Tigo Koto Silungkang",
  "kodepos" : "26164"
}, {
  "kecamatan" : "Palembayan",
  "kelurahan" : "Sungai Puar",
  "kodepos" : "26164"
}, {
  "kecamatan" : "Palembayan",
  "kelurahan" : "Salareh Aia",
  "kodepos" : "26164"
}, {
  "kecamatan" : "Palembayan",
  "kelurahan" : "Sipinang",
  "kodepos" : "26164"
}, {
  "kecamatan" : "Palembayan",
  "kelurahan" : "Baringin",
  "kodepos" : "26164"
}, {
  "kecamatan" : "Palembayan",
  "kelurahan" : "Ampek Koto Palembayan",
  "kodepos" : "26164"
}, {
  "kecamatan" : "Matur",
  "kelurahan" : "Tigo Balai",
  "kodepos" : "26162"
}, {
  "kecamatan" : "Matur",
  "kelurahan" : "Parik Panjang",
  "kodepos" : "26162"
}, {
  "kecamatan" : "Matur",
  "kelurahan" : "Panta Pauh",
  "kodepos" : "26162"
}, {
  "kecamatan" : "Matur",
  "kelurahan" : "Matur Mudiak",
  "kodepos" : "26162"
}, {
  "kecamatan" : "Matur",
  "kelurahan" : "Matur Hilia",
  "kodepos" : "26162"
}, {
  "kecamatan" : "Matur",
  "kelurahan" : "Lawang",
  "kodepos" : "26162"
}, {
  "kecamatan" : "IV Koto (Ampek Koto)",
  "kelurahan" : "Sungai Landia",
  "kodepos" : "26161"
}, {
  "kecamatan" : "Ampek Nagari (IV Nagari )",
  "kelurahan" : "Sitalang",
  "kodepos" : "26161"
}, {
  "kecamatan" : "Ampek Nagari (IV Nagari )",
  "kelurahan" : "Sitanang",
  "kodepos" : "26161"
}, {
  "kecamatan" : "IV Koto (Ampek Koto)",
  "kelurahan" : "Sianok Anam Suku",
  "kodepos" : "26161"
}, {
  "kecamatan" : "IV Koto (Ampek Koto)",
  "kelurahan" : "Sianok Anam Suku",
  "kodepos" : "26161"
}, {
  "kecamatan" : "Malakak",
  "kelurahan" : "Malalak Timur",
  "kodepos" : "26161"
}, {
  "kecamatan" : "Malakak",
  "kelurahan" : "Malalak Selatan",
  "kodepos" : "26161"
}, {
  "kecamatan" : "IV Koto (Ampek Koto)",
  "kelurahan" : "Koto Tuo",
  "kodepos" : "26161"
}, {
  "kecamatan" : "Malakak",
  "kelurahan" : "Malalak Barat",
  "kodepos" : "26161"
}, {
  "kecamatan" : "IV Koto (Ampek Koto)",
  "kelurahan" : "Koto Panjang",
  "kodepos" : "26161"
}, {
  "kecamatan" : "IV Koto (Ampek Koto)",
  "kelurahan" : "Koto Gadang",
  "kodepos" : "26161"
}, {
  "kecamatan" : "IV Koto (Ampek Koto)",
  "kelurahan" : "Guguk Tabek Sarajo",
  "kodepos" : "26161"
}, {
  "kecamatan" : "Ampek Nagari (IV Nagari )",
  "kelurahan" : "Bawan",
  "kodepos" : "26161"
}, {
  "kecamatan" : "Ampek Nagari (IV Nagari )",
  "kelurahan" : "Batu Kambing",
  "kodepos" : "26161"
}, {
  "kecamatan" : "IV Koto (Ampek Koto)",
  "kelurahan" : "Balingka",
  "kodepos" : "26161"
}, {
  "kecamatan" : "Kamang Magek",
  "kelurahan" : "Magek",
  "kodepos" : "26152"
}, {
  "kecamatan" : "Tilatang Kamang",
  "kelurahan" : "Koto Tangah",
  "kodepos" : "26152"
}, {
  "kecamatan" : "Kamang Magek",
  "kelurahan" : "Kamang Mudiak",
  "kodepos" : "26152"
}, {
  "kecamatan" : "Tilatang Kamang",
  "kelurahan" : "Kapau",
  "kodepos" : "26152"
}, {
  "kecamatan" : "Tilatang Kamang",
  "kelurahan" : "Gaduk",
  "kodepos" : "26152"
}, {
  "kecamatan" : "Kamang Magek",
  "kelurahan" : "Kamang Hilia",
  "kodepos" : "26152"
}, {
  "kecamatan" : "Palupuh",
  "kelurahan" : "Pagadih",
  "kodepos" : "26151"
}, {
  "kecamatan" : "Palupuh",
  "kelurahan" : "Pasia Laweh",
  "kodepos" : "26151"
}, {
  "kecamatan" : "Palupuh",
  "kelurahan" : "Koto Rantang",
  "kodepos" : "26151"
}, {
  "kecamatan" : "Palupuh",
  "kelurahan" : "Nan Tujuah",
  "kodepos" : "26151"
} ]
