[ {
  "kecamatan" : "Simpang Alahan Mati",
  "kelurahan" : "Simpang",
  "kodepos" : "26381"
}, {
  "kecamatan" : "Bonjol",
  "kelurahan" : "Limo Koto",
  "kodepos" : "26381"
}, {
  "kecamatan" : "Bonjol",
  "kelurahan" : "Koto Kaciak",
  "kodepos" : "26381"
}, {
  "kecamatan" : "Bonjol",
  "kelurahan" : "Ganggo Hilia",
  "kodepos" : "26381"
}, {
  "kecamatan" : "Bonjol",
  "kelurahan" : "Ganggo Mudiak",
  "kodepos" : "26381"
}, {
  "kecamatan" : "Simpang Alahan Mati",
  "kelurahan" : "Alahan Mati",
  "kodepos" : "26381"
}, {
  "kecamatan" : "Rao",
  "kelurahan" : "Taruang Taruang",
  "kodepos" : "26353"
}, {
  "kecamatan" : "Rao Selatan",
  "kelurahan" : "Tanjung Betung",
  "kodepos" : "26353"
}, {
  "kecamatan" : "Mapat Tunggul",
  "kelurahan" : "Pintu Padang",
  "kodepos" : "26353"
}, {
  "kecamatan" : "Mapat Tunggul Selatan",
  "kelurahan" : "Silayang",
  "kodepos" : "26353"
}, {
  "kecamatan" : "Mapat Tunggul Selatan",
  "kelurahan" : "Muaro Sei/Sungai Lolo",
  "kodepos" : "26353"
}, {
  "kecamatan" : "Rao",
  "kelurahan" : "Padang Metinggi/Mantinggi",
  "kodepos" : "26353"
}, {
  "kecamatan" : "Tigo Nagari (III Nagari)",
  "kelurahan" : "Malampah",
  "kodepos" : "26353"
}, {
  "kecamatan" : "Mapat Tunggul",
  "kelurahan" : "Muara Tais",
  "kodepos" : "26353"
}, {
  "kecamatan" : "Rao Selatan",
  "kelurahan" : "Lubuak Layang",
  "kodepos" : "26353"
}, {
  "kecamatan" : "Mapat Tunggul",
  "kelurahan" : "Lubuk/Lubuak Gadang",
  "kodepos" : "26353"
}, {
  "kecamatan" : "Rao Selatan",
  "kelurahan" : "Lansek Kadok",
  "kodepos" : "26353"
}, {
  "kecamatan" : "Tigo Nagari (III Nagari)",
  "kelurahan" : "Ladang Panjang",
  "kodepos" : "26353"
}, {
  "kecamatan" : "Rao Utara",
  "kelurahan" : "Koto Rajo",
  "kodepos" : "26353"
}, {
  "kecamatan" : "Rao Utara",
  "kelurahan" : "Languang",
  "kodepos" : "26353"
}, {
  "kecamatan" : "Rao Utara",
  "kelurahan" : "Koto Nopan",
  "kodepos" : "26353"
}, {
  "kecamatan" : "Panti",
  "kelurahan" : "Panti",
  "kodepos" : "26352"
}, {
  "kecamatan" : "Tigo Nagari (III Nagari)",
  "kelurahan" : "Binjai",
  "kodepos" : "26353"
}, {
  "kecamatan" : "Lubuk Sikaping",
  "kelurahan" : "Tanjuang Baringin",
  "kodepos" : "26318"
}, {
  "kecamatan" : "Padang Gelugur",
  "kelurahan" : "Padang Gelugur",
  "kodepos" : "26352"
}, {
  "kecamatan" : "Lubuk Sikaping",
  "kelurahan" : "Sundata",
  "kodepos" : "26318"
}, {
  "kecamatan" : "Lubuk Sikaping",
  "kelurahan" : "Pauah",
  "kodepos" : "26318"
}, {
  "kecamatan" : "Lubuk Sikaping",
  "kelurahan" : "Aia Manggih",
  "kodepos" : "26318"
}, {
  "kecamatan" : "Lubuk Sikaping",
  "kelurahan" : "Durian Tinggi",
  "kodepos" : "26318"
}, {
  "kecamatan" : "Lubuk Sikaping",
  "kelurahan" : "Jambak",
  "kodepos" : "26318"
}, {
  "kecamatan" : "Duo Koto (II Koto)",
  "kelurahan" : "Cubadak (Pasa Cubadak)",
  "kodepos" : "26311"
}, {
  "kecamatan" : "Duo Koto (II Koto)",
  "kelurahan" : "Simpang Tonang",
  "kodepos" : "26311"
} ]
