[ {
  "kecamatan" : "Kalideres",
  "kelurahan" : "Semanan",
  "kodepos" : "11850"
}, {
  "kecamatan" : "Kalideres",
  "kelurahan" : "Tegal Alur",
  "kodepos" : "11820"
}, {
  "kecamatan" : "Kalideres",
  "kelurahan" : "Pegadungan",
  "kodepos" : "11830"
}, {
  "kecamatan" : "Kalideres",
  "kelurahan" : "Kalideres",
  "kodepos" : "11840"
}, {
  "kecamatan" : "Cengkareng",
  "kelurahan" : "Duri Kosambi",
  "kodepos" : "11750"
}, {
  "kecamatan" : "Kalideres",
  "kelurahan" : "Kamal",
  "kodepos" : "11810"
}, {
  "kecamatan" : "Cengkareng",
  "kelurahan" : "Rawa Buaya",
  "kodepos" : "11740"
}, {
  "kecamatan" : "Cengkareng",
  "kelurahan" : "Cengkareng Timur",
  "kodepos" : "11730"
}, {
  "kecamatan" : "Cengkareng",
  "kelurahan" : "Cengkareng Barat",
  "kodepos" : "11730"
}, {
  "kecamatan" : "Cengkareng",
  "kelurahan" : "Kedaung Kali Angke",
  "kodepos" : "11710"
}, {
  "kecamatan" : "Cengkareng",
  "kelurahan" : "Kapuk",
  "kodepos" : "11720"
}, {
  "kecamatan" : "Kembangan",
  "kelurahan" : "Joglo",
  "kodepos" : "11640"
}, {
  "kecamatan" : "Kembangan",
  "kelurahan" : "Meruya Selatan (Udik)",
  "kodepos" : "11650"
}, {
  "kecamatan" : "Kembangan",
  "kelurahan" : "Meruya Utara (Ilir)",
  "kodepos" : "11620"
}, {
  "kecamatan" : "Kembangan",
  "kelurahan" : "Srengseng",
  "kodepos" : "11630"
}, {
  "kecamatan" : "Kembangan",
  "kelurahan" : "Kembangan Selatan",
  "kodepos" : "11610"
}, {
  "kecamatan" : "Kembangan",
  "kelurahan" : "Kembangan Utara",
  "kodepos" : "11610"
}, {
  "kecamatan" : "Kebon Jeruk",
  "kelurahan" : "Sukabumi Selatan (Udik)",
  "kodepos" : "11560"
}, {
  "kecamatan" : "Kebon Jeruk",
  "kelurahan" : "Kelapa Dua",
  "kodepos" : "11550"
}, {
  "kecamatan" : "Kebon Jeruk",
  "kelurahan" : "Kebon Jeruk",
  "kodepos" : "11530"
}, {
  "kecamatan" : "Kebon Jeruk",
  "kelurahan" : "Sukabumi Utara (Ilir)",
  "kodepos" : "11540"
}, {
  "kecamatan" : "Kebon Jeruk",
  "kelurahan" : "Kedoya Utara",
  "kodepos" : "11520"
}, {
  "kecamatan" : "Palmerah",
  "kelurahan" : "Palmerah",
  "kodepos" : "11480"
}, {
  "kecamatan" : "Kebon Jeruk",
  "kelurahan" : "Duri Kepa",
  "kodepos" : "11510"
}, {
  "kecamatan" : "Kebon Jeruk",
  "kelurahan" : "Kedoya Selatan",
  "kodepos" : "11520"
}, {
  "kecamatan" : "Palmerah",
  "kelurahan" : "Kemanggisan",
  "kodepos" : "11480"
}, {
  "kecamatan" : "Grogol Petamburan",
  "kelurahan" : "Tanjung Duren Utara",
  "kodepos" : "11470"
}, {
  "kecamatan" : "Grogol Petamburan",
  "kelurahan" : "Tanjung Duren Selatan",
  "kodepos" : "11470"
}, {
  "kecamatan" : "Grogol Petamburan",
  "kelurahan" : "Jelambar Baru",
  "kodepos" : "11460"
}, {
  "kecamatan" : "Grogol Petamburan",
  "kelurahan" : "Wijaya Kusuma",
  "kodepos" : "11460"
}, {
  "kecamatan" : "Grogol Petamburan",
  "kelurahan" : "Jelambar",
  "kodepos" : "11460"
}, {
  "kecamatan" : "Grogol Petamburan",
  "kelurahan" : "Grogol",
  "kodepos" : "11450"
}, {
  "kecamatan" : "Grogol Petamburan",
  "kelurahan" : "Tomang",
  "kodepos" : "11440"
}, {
  "kecamatan" : "Grogol Petamburan",
  "kelurahan" : "Tomang",
  "kodepos" : "11440"
}, {
  "kecamatan" : "Palmerah",
  "kelurahan" : "Kota Bambu Utara",
  "kodepos" : "11420"
}, {
  "kecamatan" : "Palmerah",
  "kelurahan" : "Kota Bambu Selatan",
  "kodepos" : "11420"
}, {
  "kecamatan" : "Palmerah",
  "kelurahan" : "Slipi",
  "kodepos" : "11410"
}, {
  "kecamatan" : "Tambora",
  "kelurahan" : "Jembatan Besi",
  "kodepos" : "11320"
}, {
  "kecamatan" : "Tambora",
  "kelurahan" : "Angke",
  "kodepos" : "11330"
}, {
  "kecamatan" : "Tambora",
  "kelurahan" : "Duri Utara",
  "kodepos" : "11270"
}, {
  "kecamatan" : "Tambora",
  "kelurahan" : "Kali Anyar",
  "kodepos" : "11310"
}, {
  "kecamatan" : "Tambora",
  "kelurahan" : "Krendang",
  "kodepos" : "11260"
}, {
  "kecamatan" : "Tambora",
  "kelurahan" : "Duri Selatan",
  "kodepos" : "11270"
}, {
  "kecamatan" : "Tambora",
  "kelurahan" : "Pekojan",
  "kodepos" : "11240"
}, {
  "kecamatan" : "Tambora",
  "kelurahan" : "Jembatan Lima",
  "kodepos" : "11250"
}, {
  "kecamatan" : "Tambora",
  "kelurahan" : "Roa Malaka",
  "kodepos" : "11230"
}, {
  "kecamatan" : "Tambora",
  "kelurahan" : "Tanah Sereal",
  "kodepos" : "11210"
}, {
  "kecamatan" : "Tambora",
  "kelurahan" : "Tambora",
  "kodepos" : "11220"
}, {
  "kecamatan" : "Taman Sari",
  "kelurahan" : "Tangki",
  "kodepos" : "11170"
}, {
  "kecamatan" : "Taman Sari",
  "kelurahan" : "Mangga Besar",
  "kodepos" : "11180"
}, {
  "kecamatan" : "Taman Sari",
  "kelurahan" : "Taman Sari",
  "kodepos" : "11150"
}, {
  "kecamatan" : "Taman Sari",
  "kelurahan" : "Maphar",
  "kodepos" : "11160"
}, {
  "kecamatan" : "Taman Sari",
  "kelurahan" : "Keagungan",
  "kodepos" : "11130"
}, {
  "kecamatan" : "Taman Sari",
  "kelurahan" : "Krukut",
  "kodepos" : "11140"
}, {
  "kecamatan" : "Taman Sari",
  "kelurahan" : "Glodok",
  "kodepos" : "11120"
}, {
  "kecamatan" : "Taman Sari",
  "kelurahan" : "Pinangsia",
  "kodepos" : "11110"
} ]
