[ {
  "kecamatan" : "Kapur IX/Sembilan",
  "kelurahan" : "Muaro Paiti",
  "kodepos" : "26273"
}, {
  "kecamatan" : "Kapur IX/Sembilan",
  "kelurahan" : "Sialang",
  "kodepos" : "26273"
}, {
  "kecamatan" : "Kapur IX/Sembilan",
  "kelurahan" : "Koto Lamo",
  "kodepos" : "26273"
}, {
  "kecamatan" : "Kapur IX/Sembilan",
  "kelurahan" : "Lubuk/Lubuak Alai",
  "kodepos" : "26273"
}, {
  "kecamatan" : "Kapur IX/Sembilan",
  "kelurahan" : "Durian Tinggi",
  "kodepos" : "26273"
}, {
  "kecamatan" : "Kapur IX/Sembilan",
  "kelurahan" : "Galugua/Gelugur",
  "kodepos" : "26273"
}, {
  "kecamatan" : "Kapur IX/Sembilan",
  "kelurahan" : "Koto Bangun",
  "kodepos" : "26273"
}, {
  "kecamatan" : "Pangkalan Koto Baru",
  "kelurahan" : "Pangkalan",
  "kodepos" : "26272"
}, {
  "kecamatan" : "Pangkalan Koto Baru",
  "kelurahan" : "Tanjung/Tanjuang Balik",
  "kodepos" : "26272"
}, {
  "kecamatan" : "Pangkalan Koto Baru",
  "kelurahan" : "Tanjung/Tanjuang Pauah",
  "kodepos" : "26272"
}, {
  "kecamatan" : "Pangkalan Koto Baru",
  "kelurahan" : "Manggilang",
  "kodepos" : "26272"
}, {
  "kecamatan" : "Harau",
  "kelurahan" : "Tarantang",
  "kodepos" : "26271"
}, {
  "kecamatan" : "Pangkalan Koto Baru",
  "kelurahan" : "Gunuang Malintang",
  "kodepos" : "26272"
}, {
  "kecamatan" : "Pangkalan Koto Baru",
  "kelurahan" : "Koto Alam",
  "kodepos" : "26272"
}, {
  "kecamatan" : "Harau",
  "kelurahan" : "Solok Bio-Bio",
  "kodepos" : "26271"
}, {
  "kecamatan" : "Harau",
  "kelurahan" : "Taram",
  "kodepos" : "26271"
}, {
  "kecamatan" : "Harau",
  "kelurahan" : "Pilubang",
  "kodepos" : "26271"
}, {
  "kecamatan" : "Harau",
  "kelurahan" : "Sarilamak",
  "kodepos" : "26271"
}, {
  "kecamatan" : "Harau",
  "kelurahan" : "Koto Tuo",
  "kodepos" : "26271"
}, {
  "kecamatan" : "Harau",
  "kelurahan" : "Lubuak Batingkok",
  "kodepos" : "26271"
}, {
  "kecamatan" : "Harau",
  "kelurahan" : "Harau",
  "kodepos" : "26271"
}, {
  "kecamatan" : "Harau",
  "kelurahan" : "Batu Balang",
  "kodepos" : "26271"
}, {
  "kecamatan" : "Harau",
  "kelurahan" : "Bukik Limbuku",
  "kodepos" : "26271"
}, {
  "kecamatan" : "Harau",
  "kelurahan" : "Gurun",
  "kodepos" : "26271"
}, {
  "kecamatan" : "Lareh Sago Halaban",
  "kelurahan" : "Sitanang",
  "kodepos" : "26262"
}, {
  "kecamatan" : "Lareh Sago Halaban",
  "kelurahan" : "Tanjung/Tanjuang Gadang",
  "kodepos" : "26262"
}, {
  "kecamatan" : "Lareh Sago Halaban",
  "kelurahan" : "Halaban",
  "kodepos" : "26262"
}, {
  "kecamatan" : "Lareh Sago Halaban",
  "kelurahan" : "Labuah Gunuang",
  "kodepos" : "26262"
}, {
  "kecamatan" : "Lareh Sago Halaban",
  "kelurahan" : "Balai Panjang",
  "kodepos" : "26262"
}, {
  "kecamatan" : "Lareh Sago Halaban",
  "kelurahan" : "Batu Payung",
  "kodepos" : "26262"
}, {
  "kecamatan" : "Lareh Sago Halaban",
  "kelurahan" : "Bukik Sikumpa",
  "kodepos" : "26262"
}, {
  "kecamatan" : "Luak (Luhak)",
  "kelurahan" : "Tanjung Haro (Sikabu-Kabu/Tanjuang Haro)",
  "kodepos" : "26261"
}, {
  "kecamatan" : "Lareh Sago Halaban",
  "kelurahan" : "Ampalu",
  "kodepos" : "26262"
}, {
  "kecamatan" : "Luak (Luhak)",
  "kelurahan" : "Mungo",
  "kodepos" : "26261"
}, {
  "kecamatan" : "Luak (Luhak)",
  "kelurahan" : "Sungai Kamuyang",
  "kodepos" : "26261"
}, {
  "kecamatan" : "Bukik Barisan",
  "kelurahan" : "Sungai Naniang",
  "kodepos" : "26257"
}, {
  "kecamatan" : "Luak (Luhak)",
  "kelurahan" : "Andaleh",
  "kodepos" : "26261"
}, {
  "kecamatan" : "Bukik Barisan",
  "kelurahan" : "Baruah Gunuang",
  "kodepos" : "26257"
}, {
  "kecamatan" : "Bukik Barisan",
  "kelurahan" : "Koto Tangah",
  "kodepos" : "26257"
}, {
  "kecamatan" : "Bukik Barisan",
  "kelurahan" : "Maek",
  "kodepos" : "26257"
}, {
  "kecamatan" : "Gunuang Omeh (Gunung Mas)",
  "kelurahan" : "Talang Anau",
  "kodepos" : "26256"
}, {
  "kecamatan" : "Bukik Barisan",
  "kelurahan" : "Banja Laweh",
  "kodepos" : "26257"
}, {
  "kecamatan" : "Gunuang Omeh (Gunung Mas)",
  "kelurahan" : "Koto Tinggi",
  "kodepos" : "26256"
}, {
  "kecamatan" : "Gunuang Omeh (Gunung Mas)",
  "kelurahan" : "Pandam Gadang",
  "kodepos" : "26256"
}, {
  "kecamatan" : "Suliki",
  "kelurahan" : "Sungai Rimbang",
  "kodepos" : "26255"
}, {
  "kecamatan" : "Suliki",
  "kelurahan" : "Tanjuang Bungo",
  "kodepos" : "26255"
}, {
  "kecamatan" : "Suliki",
  "kelurahan" : "Kurai",
  "kodepos" : "26255"
}, {
  "kecamatan" : "Suliki",
  "kelurahan" : "Limbanang",
  "kodepos" : "26255"
}, {
  "kecamatan" : "Suliki",
  "kelurahan" : "Suliki",
  "kodepos" : "26255"
}, {
  "kecamatan" : "Suliki",
  "kelurahan" : "Andiang",
  "kodepos" : "26255"
}, {
  "kecamatan" : "Mungka",
  "kelurahan" : "Simpang Kapuak",
  "kodepos" : "26254"
}, {
  "kecamatan" : "Mungka",
  "kelurahan" : "Sungai Antuan",
  "kodepos" : "26254"
}, {
  "kecamatan" : "Mungka",
  "kelurahan" : "Talang Maua",
  "kodepos" : "26254"
}, {
  "kecamatan" : "Mungka",
  "kelurahan" : "Jopang Manganti",
  "kodepos" : "26254"
}, {
  "kecamatan" : "Mungka",
  "kelurahan" : "Mungka",
  "kodepos" : "26254"
}, {
  "kecamatan" : "Guguak (Gugu)",
  "kelurahan" : "Simpang Sugiran",
  "kodepos" : "26253"
}, {
  "kecamatan" : "Guguak (Gugu)",
  "kelurahan" : "Sungai Talang",
  "kodepos" : "26253"
}, {
  "kecamatan" : "Guguak (Gugu)",
  "kelurahan" : "VII/Tujuh Koto Talago",
  "kodepos" : "26253"
}, {
  "kecamatan" : "Guguak (Gugu)",
  "kelurahan" : "Guguak VIII Koto",
  "kodepos" : "26253"
}, {
  "kecamatan" : "Guguak (Gugu)",
  "kelurahan" : "Kubang",
  "kodepos" : "26253"
}, {
  "kecamatan" : "Situjuah Limo/Lima Nagari",
  "kelurahan" : "Tungka",
  "kodepos" : "26252"
}, {
  "kecamatan" : "Akabiluru",
  "kelurahan" : "Suayan",
  "kodepos" : "26252"
}, {
  "kecamatan" : "Situjuah Limo/Lima Nagari",
  "kelurahan" : "Situjuah Gadang",
  "kodepos" : "26252"
}, {
  "kecamatan" : "Situjuah Limo/Lima Nagari",
  "kelurahan" : "Situjuah Ladang Laweh",
  "kodepos" : "26252"
}, {
  "kecamatan" : "Situjuah Limo/Lima Nagari",
  "kelurahan" : "Situjuah Batua",
  "kodepos" : "26252"
}, {
  "kecamatan" : "Situjuah Limo/Lima Nagari",
  "kelurahan" : "Situjuah Banda Dalam",
  "kodepos" : "26252"
}, {
  "kecamatan" : "Akabiluru",
  "kelurahan" : "Sariak Laweh",
  "kodepos" : "26252"
}, {
  "kecamatan" : "Akabiluru",
  "kelurahan" : "Sei/Sungai Balantik",
  "kodepos" : "26252"
}, {
  "kecamatan" : "Akabiluru",
  "kelurahan" : "Durian Gadang",
  "kodepos" : "26252"
}, {
  "kecamatan" : "Akabiluru",
  "kelurahan" : "Koto Tangah Batu Hampa",
  "kodepos" : "26252"
}, {
  "kecamatan" : "Akabiluru",
  "kelurahan" : "Pauh Sangik",
  "kodepos" : "26252"
}, {
  "kecamatan" : "Payakumbuh",
  "kelurahan" : "Taeh Bukik",
  "kodepos" : "26251"
}, {
  "kecamatan" : "Akabiluru",
  "kelurahan" : "Batu Hampa",
  "kodepos" : "26252"
}, {
  "kecamatan" : "Payakumbuh",
  "kelurahan" : "Sungai Beringin",
  "kodepos" : "26251"
}, {
  "kecamatan" : "Payakumbuh",
  "kelurahan" : "Taeh Baruah",
  "kodepos" : "26251"
}, {
  "kecamatan" : "Payakumbuh",
  "kelurahan" : "Koto Tangah Simalanggang",
  "kodepos" : "26251"
}, {
  "kecamatan" : "Payakumbuh",
  "kelurahan" : "Piobang",
  "kodepos" : "26251"
}, {
  "kecamatan" : "Payakumbuh",
  "kelurahan" : "Simalanggang",
  "kodepos" : "26251"
}, {
  "kecamatan" : "Payakumbuh",
  "kelurahan" : "Koto Baru Simalanggang",
  "kodepos" : "26251"
} ]
