[ {
  "kecamatan" : "Aur Birugo Tigo Baleh",
  "kelurahan" : "Sapiran",
  "kodepos" : "26137"
}, {
  "kecamatan" : "Aur Birugo Tigo Baleh",
  "kelurahan" : "Birugo",
  "kodepos" : "26138"
}, {
  "kecamatan" : "Aur Birugo Tigo Baleh",
  "kelurahan" : "Ladang Cakiah",
  "kodepos" : "26135"
}, {
  "kecamatan" : "Aur Birugo Tigo Baleh",
  "kelurahan" : "Belakang Balok",
  "kodepos" : "26136"
}, {
  "kecamatan" : "Aur Birugo Tigo Baleh",
  "kelurahan" : "Kubu Tanjung",
  "kodepos" : "26133"
}, {
  "kecamatan" : "Aur Birugo Tigo Baleh",
  "kelurahan" : "Pakan Labuh/Labuah",
  "kodepos" : "26134"
}, {
  "kecamatan" : "Aur Birugo Tigo Baleh",
  "kelurahan" : "Parit Antang",
  "kodepos" : "26132"
}, {
  "kecamatan" : "Mandiangin Koto Selayan",
  "kelurahan" : "Manggis Ganting",
  "kodepos" : "26129"
}, {
  "kecamatan" : "Aur Birugo Tigo Baleh",
  "kelurahan" : "Aur Kuning",
  "kodepos" : "26131"
}, {
  "kecamatan" : "Mandiangin Koto Selayan",
  "kelurahan" : "Campago Guguk Bulek",
  "kodepos" : "26128"
}, {
  "kecamatan" : "Mandiangin Koto Selayan",
  "kelurahan" : "Pulai Anak Air",
  "kodepos" : "26125"
}, {
  "kecamatan" : "Mandiangin Koto Selayan",
  "kelurahan" : "Koto Selayan",
  "kodepos" : "26126"
}, {
  "kecamatan" : "Mandiangin Koto Selayan",
  "kelurahan" : "Garegeh",
  "kodepos" : "26127"
}, {
  "kecamatan" : "Mandiangin Koto Selayan",
  "kelurahan" : "Puhun Tembok",
  "kodepos" : "26124"
}, {
  "kecamatan" : "Mandiangin Koto Selayan",
  "kelurahan" : "Kubu Gulai Bancah",
  "kodepos" : "26122"
}, {
  "kecamatan" : "Mandiangin Koto Selayan",
  "kelurahan" : "Puhun Pintu Kabun",
  "kodepos" : "26123"
}, {
  "kecamatan" : "Guguk Panjang (Guguak Panjang)",
  "kelurahan" : "Tarok Dipo",
  "kodepos" : "26117"
}, {
  "kecamatan" : "Mandiangin Koto Selayan",
  "kelurahan" : "Campago Ipuh",
  "kodepos" : "26121"
}, {
  "kecamatan" : "Guguk Panjang (Guguak Panjang)",
  "kelurahan" : "Bukit Cangang Kayu Ramang",
  "kodepos" : "26116"
}, {
  "kecamatan" : "Guguk Panjang (Guguak Panjang)",
  "kelurahan" : "Bukit Apit Puhun",
  "kodepos" : "26114"
}, {
  "kecamatan" : "Guguk Panjang (Guguak Panjang)",
  "kelurahan" : "Kayu Kubu",
  "kodepos" : "26115"
}, {
  "kecamatan" : "Guguk Panjang (Guguak Panjang)",
  "kelurahan" : "Aur Tajungkang Tengah Sawah",
  "kodepos" : "26111"
}, {
  "kecamatan" : "Guguk Panjang (Guguak Panjang)",
  "kelurahan" : "Pakan Kurai",
  "kodepos" : "26112"
}, {
  "kecamatan" : "Guguk Panjang (Guguak Panjang)",
  "kelurahan" : "Benteng Pasar Atas",
  "kodepos" : "26113"
} ]
