[ {
  "kecamatan" : "Batang Anai",
  "kelurahan" : "Kasang",
  "kodepos" : "25586"
}, {
  "kecamatan" : "Batang Anai",
  "kelurahan" : "Katapiang",
  "kodepos" : "25586"
}, {
  "kecamatan" : "Batang Anai",
  "kelurahan" : "Sungai Buluh",
  "kodepos" : "25586"
}, {
  "kecamatan" : "Enam Lingkung",
  "kelurahan" : "Toboh Ketek",
  "kodepos" : "25584"
}, {
  "kecamatan" : "Batang Anai",
  "kelurahan" : "Buayan Lubuk Alung",
  "kodepos" : "25586"
}, {
  "kecamatan" : "Enam Lingkung",
  "kelurahan" : "Parit Malintang",
  "kodepos" : "25584"
}, {
  "kecamatan" : "2 X 11 Enam Lingkung",
  "kelurahan" : "Sicincin",
  "kodepos" : "25584"
}, {
  "kecamatan" : "2 X 11 Enam Lingkung",
  "kelurahan" : "Sungai Asam",
  "kodepos" : "25584"
}, {
  "kecamatan" : "Enam Lingkung",
  "kelurahan" : "Koto Tinggi",
  "kodepos" : "25584"
}, {
  "kecamatan" : "Enam Lingkung",
  "kelurahan" : "Pakandangan",
  "kodepos" : "25584"
}, {
  "kecamatan" : "2 X 11 Enam Lingkung",
  "kelurahan" : "Lubuk Pandan",
  "kodepos" : "25584"
}, {
  "kecamatan" : "2 X 11 Kayu Tanam",
  "kelurahan" : "Kapalo Hilalang",
  "kodepos" : "25584"
}, {
  "kecamatan" : "2 X 11 Kayu Tanam",
  "kelurahan" : "Kayu Tanam",
  "kodepos" : "25584"
}, {
  "kecamatan" : "2 X 11 Kayu Tanam",
  "kelurahan" : "Guguak",
  "kodepos" : "25584"
}, {
  "kecamatan" : "Enam Lingkung",
  "kelurahan" : "Gadua/Gadur",
  "kodepos" : "25584"
}, {
  "kecamatan" : "Sintuk/Sintuak Toboh Gadang",
  "kelurahan" : "Toboh Gadang",
  "kodepos" : "25582"
}, {
  "kecamatan" : "2 X 11 Kayu Tanam",
  "kelurahan" : "Anduring (Anduriang)",
  "kodepos" : "25584"
}, {
  "kecamatan" : "Lubuk Alung",
  "kelurahan" : "Sikabu Lubuk Alung",
  "kodepos" : "25581"
}, {
  "kecamatan" : "Sintuk/Sintuak Toboh Gadang",
  "kelurahan" : "Sintuk/Sintuak",
  "kodepos" : "25582"
}, {
  "kecamatan" : "Lubuk Alung",
  "kelurahan" : "Pasie Laweh Lubuk Alung",
  "kodepos" : "25581"
}, {
  "kecamatan" : "Lubuk Alung",
  "kelurahan" : "Pungguang Kasiak Lubuk Alung",
  "kodepos" : "25581"
}, {
  "kecamatan" : "Lubuk Alung",
  "kelurahan" : "Aie Tajun Lubuk Alung",
  "kodepos" : "25581"
}, {
  "kecamatan" : "Lubuk Alung",
  "kelurahan" : "Lubuk Alung",
  "kodepos" : "25581"
}, {
  "kecamatan" : "Patamuan",
  "kelurahan" : "Tandikat/Tandikek",
  "kodepos" : "25573"
}, {
  "kecamatan" : "Patamuan",
  "kelurahan" : "Tandikek Utara",
  "kodepos" : "25573"
}, {
  "kecamatan" : "VII Koto Sungai Sarik",
  "kelurahan" : "Sungai Sariak",
  "kodepos" : "25573"
}, {
  "kecamatan" : "Patamuan",
  "kelurahan" : "Sungai Durian",
  "kodepos" : "25573"
}, {
  "kecamatan" : "VII Koto Sungai Sarik",
  "kelurahan" : "Lurah Ampalu",
  "kodepos" : "25573"
}, {
  "kecamatan" : "V Koto Timur",
  "kelurahan" : "Limau Puruik",
  "kodepos" : "25573"
}, {
  "kecamatan" : "VII Koto Sungai Sarik",
  "kelurahan" : "Lareh Nan Panjang",
  "kodepos" : "25573"
}, {
  "kecamatan" : "Padang Sago",
  "kelurahan" : "Koto Baru",
  "kodepos" : "25573"
}, {
  "kecamatan" : "Padang Sago",
  "kelurahan" : "Koto Dalam",
  "kodepos" : "25573"
}, {
  "kecamatan" : "V Koto Timur",
  "kelurahan" : "Kudu Ganting/Gantiang",
  "kodepos" : "25573"
}, {
  "kecamatan" : "Padang Sago",
  "kelurahan" : "Batu Kalang",
  "kodepos" : "25573"
}, {
  "kecamatan" : "V Koto Timur",
  "kelurahan" : "Gunung Padang Alai",
  "kodepos" : "25573"
}, {
  "kecamatan" : "Ulakan Tapakih/Tapakis",
  "kelurahan" : "Ulakan",
  "kodepos" : "25572"
}, {
  "kecamatan" : "VII Koto Sungai Sarik",
  "kelurahan" : "Balah Aia",
  "kodepos" : "25573"
}, {
  "kecamatan" : "Nan Sabaris",
  "kelurahan" : "Sunua",
  "kodepos" : "25571"
}, {
  "kecamatan" : "Ulakan Tapakih/Tapakis",
  "kelurahan" : "Tapakih/Tapakis",
  "kodepos" : "25572"
}, {
  "kecamatan" : "Nan Sabaris",
  "kelurahan" : "Pauah Kambar",
  "kodepos" : "25571"
}, {
  "kecamatan" : "Nan Sabaris",
  "kelurahan" : "Kurai Taji",
  "kodepos" : "25571"
}, {
  "kecamatan" : "Nan Sabaris",
  "kelurahan" : "Padang Bintungan",
  "kodepos" : "25571"
}, {
  "kecamatan" : "IV Koto Aur Malintang",
  "kelurahan" : "III Koto Aur Malintang Timur",
  "kodepos" : "25564"
}, {
  "kecamatan" : "IV Koto Aur Malintang",
  "kelurahan" : "III Koto Aur Malintang Utara",
  "kodepos" : "25564"
}, {
  "kecamatan" : "Nan Sabaris",
  "kelurahan" : "Kapalo Koto",
  "kodepos" : "25571"
}, {
  "kecamatan" : "IV Koto Aur Malintang",
  "kelurahan" : "III Koto Aur Malintang",
  "kodepos" : "25564"
}, {
  "kecamatan" : "IV Koto Aur Malintang",
  "kelurahan" : "III Koto Aur Malintang Selatan",
  "kodepos" : "25564"
}, {
  "kecamatan" : "IV Koto Aur Malintang",
  "kelurahan" : "Balai Baiak Malai III Koto",
  "kodepos" : "25564"
}, {
  "kecamatan" : "Sungai Geringging/Garingging",
  "kelurahan" : "Sungai Sirah Kuranji Hulu",
  "kodepos" : "25563"
}, {
  "kecamatan" : "Sungai Geringging/Garingging",
  "kelurahan" : "Malai III Koto",
  "kodepos" : "25563"
}, {
  "kecamatan" : "Batang Gasan",
  "kelurahan" : "Malai V Suku",
  "kodepos" : "25563"
}, {
  "kecamatan" : "Sungai Geringging/Garingging",
  "kelurahan" : "Kuranji Hulu",
  "kodepos" : "25563"
}, {
  "kecamatan" : "Batang Gasan",
  "kelurahan" : "Gasan Gadang",
  "kodepos" : "25563"
}, {
  "kecamatan" : "Sungai Limau",
  "kelurahan" : "Pilubang",
  "kodepos" : "25561"
}, {
  "kecamatan" : "Sungai Geringging/Garingging",
  "kelurahan" : "Batu Gadang Kuranji Hulu",
  "kodepos" : "25563"
}, {
  "kecamatan" : "Sungai Limau",
  "kelurahan" : "Koto Tinggi Kuranji Hilir",
  "kodepos" : "25561"
}, {
  "kecamatan" : "Sungai Limau",
  "kelurahan" : "Kuranji Hilir",
  "kodepos" : "25561"
}, {
  "kecamatan" : "V Koto Kampung Dalam",
  "kelurahan" : "Sikucur",
  "kodepos" : "25552"
}, {
  "kecamatan" : "Sungai Limau",
  "kelurahan" : "Guguak Kuranji Hilir",
  "kodepos" : "25561"
}, {
  "kecamatan" : "V Koto Kampung Dalam",
  "kelurahan" : "Campago",
  "kodepos" : "25552"
} ]
