[ {
  "kecamatan" : "Pariaman Selatan",
  "kelurahan" : "Sikabu",
  "kodepos" : "25539"
}, {
  "kecamatan" : "Pariaman Selatan",
  "kelurahan" : "Palak Aneh",
  "kodepos" : "25539"
}, {
  "kecamatan" : "Pariaman Selatan",
  "kelurahan" : "Taluak",
  "kodepos" : "25538"
}, {
  "kecamatan" : "Pariaman Selatan",
  "kelurahan" : "Kampung/Kampuang Apar",
  "kodepos" : "25539"
}, {
  "kecamatan" : "Pariaman Selatan",
  "kelurahan" : "Marunggih",
  "kodepos" : "25538"
}, {
  "kecamatan" : "Pariaman Selatan",
  "kelurahan" : "Pasir Sunur / Pasa Sunua (Pasia Sunua)",
  "kodepos" : "25538"
}, {
  "kecamatan" : "Pariaman Selatan",
  "kelurahan" : "Marabau",
  "kodepos" : "25537"
}, {
  "kecamatan" : "Pariaman Selatan",
  "kelurahan" : "Padang Cakua",
  "kodepos" : "25537"
}, {
  "kecamatan" : "Pariaman Selatan",
  "kelurahan" : "Sungai Kasai",
  "kodepos" : "25537"
}, {
  "kecamatan" : "Pariaman Timur",
  "kelurahan" : "Kampung Kandang",
  "kodepos" : "25536"
}, {
  "kecamatan" : "Pariaman Selatan",
  "kelurahan" : "Toboh Palabah",
  "kodepos" : "25536"
}, {
  "kecamatan" : "Pariaman Timur",
  "kelurahan" : "Bungo Tanjung",
  "kodepos" : "25535"
}, {
  "kecamatan" : "Pariaman Timur",
  "kelurahan" : "Kampung Tangah",
  "kodepos" : "25535"
}, {
  "kecamatan" : "Pariaman Timur",
  "kelurahan" : "Kampung Tangah",
  "kodepos" : "25535"
}, {
  "kecamatan" : "Pariaman Selatan",
  "kelurahan" : "Rambai",
  "kodepos" : "25533"
}, {
  "kecamatan" : "Pariaman Timur",
  "kelurahan" : "Kajai",
  "kodepos" : "25534"
}, {
  "kecamatan" : "Pariaman Selatan",
  "kelurahan" : "Simpang (Kurai Taji)",
  "kodepos" : "25532"
}, {
  "kecamatan" : "Pariaman Selatan",
  "kelurahan" : "Pungguang Ladiang",
  "kodepos" : "25533"
}, {
  "kecamatan" : "Pariaman Selatan",
  "kelurahan" : "Pauh Kurai Taji (Pauah)",
  "kodepos" : "25532"
}, {
  "kecamatan" : "Pariaman Selatan",
  "kelurahan" : "Balai Kurai Taji",
  "kodepos" : "25531"
}, {
  "kecamatan" : "Pariaman Selatan",
  "kelurahan" : "Batang Tajongkek",
  "kodepos" : "25531"
}, {
  "kecamatan" : "Pariaman Timur",
  "kelurahan" : "Aia Santok",
  "kodepos" : "25531"
}, {
  "kecamatan" : "Pariaman Utara",
  "kelurahan" : "Sungai Rambai",
  "kodepos" : "25529"
}, {
  "kecamatan" : "Pariaman Utara",
  "kelurahan" : "Sikapak Barat",
  "kodepos" : "25526"
}, {
  "kecamatan" : "Pariaman Utara",
  "kelurahan" : "Sikapak Timur",
  "kodepos" : "25526"
}, {
  "kecamatan" : "Pariaman Timur",
  "kelurahan" : "Kampung Baru Padusunan",
  "kodepos" : "25524"
}, {
  "kecamatan" : "Pariaman Timur",
  "kelurahan" : "Pakasai",
  "kodepos" : "25524"
}, {
  "kecamatan" : "Pariaman Utara",
  "kelurahan" : "Cubadak Aia Utara",
  "kodepos" : "25524"
}, {
  "kecamatan" : "Pariaman Utara",
  "kelurahan" : "Cubadak Air/Aia",
  "kodepos" : "25524"
}, {
  "kecamatan" : "Pariaman Utara",
  "kelurahan" : "Tanjuang Sabar",
  "kodepos" : "25523"
}, {
  "kecamatan" : "Pariaman Utara",
  "kelurahan" : "Cubadak Aia Selatan",
  "kodepos" : "25524"
}, {
  "kecamatan" : "Pariaman Timur",
  "kelurahan" : "Kampuang Gadang",
  "kodepos" : "25523"
}, {
  "kecamatan" : "Pariaman Timur",
  "kelurahan" : "Talago Sariak",
  "kodepos" : "25523"
}, {
  "kecamatan" : "Pariaman Utara",
  "kelurahan" : "Apar",
  "kodepos" : "25522"
}, {
  "kecamatan" : "Pariaman Utara",
  "kelurahan" : "Mangguang",
  "kodepos" : "25522"
}, {
  "kecamatan" : "Pariaman Utara",
  "kelurahan" : "Naras Hilir (Nareh Hilia)",
  "kodepos" : "25522"
}, {
  "kecamatan" : "Pariaman Utara",
  "kelurahan" : "Tungka Utara",
  "kodepos" : "25521"
}, {
  "kecamatan" : "Pariaman Utara",
  "kelurahan" : "Ampalu",
  "kodepos" : "25522"
}, {
  "kecamatan" : "Pariaman Utara",
  "kelurahan" : "Padang Birik-Birik (Biriak-Biriak)",
  "kodepos" : "25521"
}, {
  "kecamatan" : "Pariaman Utara",
  "kelurahan" : "Sintuk (Sintuak)",
  "kodepos" : "25521"
}, {
  "kecamatan" : "Pariaman Utara",
  "kelurahan" : "Tungka Selatan",
  "kodepos" : "25521"
}, {
  "kecamatan" : "Pariaman Utara",
  "kelurahan" : "Balai Naras/Nareh",
  "kodepos" : "25521"
}, {
  "kecamatan" : "Pariaman Utara",
  "kelurahan" : "Naras I (Nareh I)",
  "kodepos" : "25521"
}, {
  "kecamatan" : "Pariaman Timur",
  "kelurahan" : "Koto Marapak",
  "kodepos" : "25519"
}, {
  "kecamatan" : "Pariaman Tengah",
  "kelurahan" : "Jati Hilir (Jalan Hilia)",
  "kodepos" : "25519"
}, {
  "kecamatan" : "Pariaman Timur",
  "kelurahan" : "Batang Kabung / Kabuang",
  "kodepos" : "25519"
}, {
  "kecamatan" : "Pariaman Timur",
  "kelurahan" : "Bato",
  "kodepos" : "25519"
}, {
  "kecamatan" : "Pariaman Tengah",
  "kelurahan" : "Jawi-Jawi II",
  "kodepos" : "25518"
}, {
  "kecamatan" : "Pariaman Tengah",
  "kelurahan" : "Alai Galombang",
  "kodepos" : "25519"
}, {
  "kecamatan" : "Pariaman Tengah",
  "kelurahan" : "Taratak",
  "kodepos" : "25517"
}, {
  "kecamatan" : "Pariaman Tengah",
  "kelurahan" : "Jawi-Jawi I",
  "kodepos" : "25518"
}, {
  "kecamatan" : "Pariaman Timur",
  "kelurahan" : "Sungai Sirah",
  "kodepos" : "25516"
}, {
  "kecamatan" : "Pariaman Tengah",
  "kelurahan" : "Ujung Batung (Ujuang Batuang)",
  "kodepos" : "25516"
}, {
  "kecamatan" : "Pariaman Tengah",
  "kelurahan" : "Jati Mudik / Mudiak",
  "kodepos" : "25517"
}, {
  "kecamatan" : "Pariaman Timur",
  "kelurahan" : "Cubadak Mentawai",
  "kodepos" : "25516"
}, {
  "kecamatan" : "Pariaman Timur",
  "kelurahan" : "Sungai Pasak",
  "kodepos" : "25516"
}, {
  "kecamatan" : "Pariaman Tengah",
  "kelurahan" : "Karan Aur",
  "kodepos" : "25514"
}, {
  "kecamatan" : "Pariaman Tengah",
  "kelurahan" : "Jalan Baru",
  "kodepos" : "25515"
}, {
  "kecamatan" : "Pariaman Tengah",
  "kelurahan" : "Jalan Kereta Api",
  "kodepos" : "25515"
}, {
  "kecamatan" : "Pariaman Tengah",
  "kelurahan" : "Pasir",
  "kodepos" : "25513"
}, {
  "kecamatan" : "Pariaman Tengah",
  "kelurahan" : "Kampung/Kampuang Baru",
  "kodepos" : "25514"
}, {
  "kecamatan" : "Pariaman Tengah",
  "kelurahan" : "Pauah/Pauh Timur",
  "kodepos" : "25512"
}, {
  "kecamatan" : "Pariaman Tengah",
  "kelurahan" : "Kampung Perak",
  "kodepos" : "25513"
}, {
  "kecamatan" : "Pariaman Tengah",
  "kelurahan" : "Lohong",
  "kodepos" : "25513"
}, {
  "kecamatan" : "Pariaman Tengah",
  "kelurahan" : "Kampung Pondok",
  "kodepos" : "25512"
}, {
  "kecamatan" : "Pariaman Tengah",
  "kelurahan" : "Kampung Pondok II",
  "kodepos" : "25512"
}, {
  "kecamatan" : "Pariaman Tengah",
  "kelurahan" : "Pauah/Pauh Barat",
  "kodepos" : "25512"
}, {
  "kecamatan" : "Pariaman Tengah",
  "kelurahan" : "Rawang",
  "kodepos" : "25511"
}, {
  "kecamatan" : "Pariaman Tengah",
  "kelurahan" : "Kampung Jawa I",
  "kodepos" : "25511"
}, {
  "kecamatan" : "Pariaman Tengah",
  "kelurahan" : "Kampung Jawa II",
  "kodepos" : "25511"
}, {
  "kecamatan" : "Pariaman Tengah",
  "kelurahan" : "Cimparuah",
  "kodepos" : "25511"
} ]
