[ {
  "kecamatan" : "Siberut Utara",
  "kelurahan" : "Sirilogui",
  "kodepos" : "25394"
}, {
  "kecamatan" : "Siberut Utara",
  "kelurahan" : "Sotboyak",
  "kodepos" : "25394"
}, {
  "kecamatan" : "Siberut Barat",
  "kelurahan" : "Simalegi/Simaligi",
  "kodepos" : "25394"
}, {
  "kecamatan" : "Siberut Barat",
  "kelurahan" : "Simatalu Sipokak",
  "kodepos" : "25394"
}, {
  "kecamatan" : "Siberut Utara",
  "kelurahan" : "Muara/Muaro Sikabaluan",
  "kodepos" : "25394"
}, {
  "kecamatan" : "Siberut Barat",
  "kelurahan" : "Sigapokna",
  "kodepos" : "25394"
}, {
  "kecamatan" : "Siberut Utara",
  "kelurahan" : "Mongan Poula/Paula",
  "kodepos" : "25394"
}, {
  "kecamatan" : "Siberut Utara",
  "kelurahan" : "Malancang",
  "kodepos" : "25394"
}, {
  "kecamatan" : "Siberut Tengah",
  "kelurahan" : "Cimpungan",
  "kodepos" : "25394"
}, {
  "kecamatan" : "Siberut Utara",
  "kelurahan" : "Bojakan",
  "kodepos" : "25394"
}, {
  "kecamatan" : "Siberut Barat Daya",
  "kelurahan" : "Taileleu (Pasakiat Taleleu)",
  "kodepos" : "25393"
}, {
  "kecamatan" : "Siberut Tengah",
  "kelurahan" : "Saibi Muara (Saibi Samukop/Samokop)",
  "kodepos" : "25393"
}, {
  "kecamatan" : "Siberut Tengah",
  "kelurahan" : "Saliguma",
  "kodepos" : "25393"
}, {
  "kecamatan" : "Siberut Barat Daya",
  "kelurahan" : "Sagulubek (Sagalubeg/Sagalubbek)",
  "kodepos" : "25393"
}, {
  "kecamatan" : "Siberut Selatan",
  "kelurahan" : "Muntei",
  "kodepos" : "25393"
}, {
  "kecamatan" : "Siberut Selatan",
  "kelurahan" : "Muara/Muaro Siberut",
  "kodepos" : "25393"
}, {
  "kecamatan" : "Siberut Selatan",
  "kelurahan" : "Matotonan",
  "kodepos" : "25393"
}, {
  "kecamatan" : "Siberut Selatan",
  "kelurahan" : "Maileppet/Maleppet",
  "kodepos" : "25393"
}, {
  "kecamatan" : "Siberut Selatan",
  "kelurahan" : "Madobak Ugai",
  "kodepos" : "25393"
}, {
  "kecamatan" : "Siberut Barat Daya",
  "kelurahan" : "Katurai/Katurei",
  "kodepos" : "25393"
}, {
  "kecamatan" : "Sipora Utara",
  "kelurahan" : "Tuapejat",
  "kodepos" : "25392"
}, {
  "kecamatan" : "Sipora Utara",
  "kelurahan" : "Sipora Jaya",
  "kodepos" : "25392"
}, {
  "kecamatan" : "Sipora Selatan",
  "kelurahan" : "Sioban",
  "kodepos" : "25392"
}, {
  "kecamatan" : "Sipora Utara",
  "kelurahan" : "Sido Makmur",
  "kodepos" : "25392"
}, {
  "kecamatan" : "Sipora Selatan",
  "kelurahan" : "Nem-Nem Leleu",
  "kodepos" : "25392"
}, {
  "kecamatan" : "Sipora Selatan",
  "kelurahan" : "Saureinuk",
  "kodepos" : "25392"
}, {
  "kecamatan" : "Sipora Selatan",
  "kelurahan" : "Matobek",
  "kodepos" : "25392"
}, {
  "kecamatan" : "Sipora Selatan",
  "kelurahan" : "Mara",
  "kodepos" : "25392"
}, {
  "kecamatan" : "Sipora Utara",
  "kelurahan" : "Gosooinan (Goisooinan)",
  "kodepos" : "25392"
}, {
  "kecamatan" : "Sipora Utara",
  "kelurahan" : "Bukit Pamewa",
  "kodepos" : "25392"
}, {
  "kecamatan" : "Sipora Selatan",
  "kelurahan" : "Bosua",
  "kodepos" : "25392"
}, {
  "kecamatan" : "Sipora Utara",
  "kelurahan" : "Betumonga (Beutomonga)",
  "kodepos" : "25392"
}, {
  "kecamatan" : "Sipora Selatan",
  "kelurahan" : "Beriulou",
  "kodepos" : "25392"
}, {
  "kecamatan" : "Sikakap",
  "kelurahan" : "Taikako",
  "kodepos" : "25391"
}, {
  "kecamatan" : "Pagai Selatan",
  "kelurahan" : "Sinakak",
  "kodepos" : "25391"
}, {
  "kecamatan" : "Pagai Utara",
  "kelurahan" : "Silabu",
  "kodepos" : "25391"
}, {
  "kecamatan" : "Sikakap",
  "kelurahan" : "Sikakap",
  "kodepos" : "25391"
}, {
  "kecamatan" : "Pagai Utara",
  "kelurahan" : "Saumanganyak",
  "kodepos" : "25391"
}, {
  "kecamatan" : "Sikakap",
  "kelurahan" : "Matobek",
  "kodepos" : "25391"
}, {
  "kecamatan" : "Pagai Selatan",
  "kelurahan" : "Malakopak",
  "kodepos" : "25391"
}, {
  "kecamatan" : "Pagai Selatan",
  "kelurahan" : "Makalo",
  "kodepos" : "25391"
}, {
  "kecamatan" : "Pagai Selatan",
  "kelurahan" : "Bulasat",
  "kodepos" : "25391"
}, {
  "kecamatan" : "Pagai Utara",
  "kelurahan" : "Betumonga",
  "kodepos" : "25391"
} ]
