[ {
  "kecamatan" : "Kisam Tinggi",
  "kelurahan" : "Tenang",
  "kodepos" : "32279"
}, {
  "kecamatan" : "Kisam Tinggi",
  "kelurahan" : "Ulak Pandan",
  "kodepos" : "32279"
}, {
  "kecamatan" : "Kisam Tinggi",
  "kelurahan" : "Siring Agung",
  "kodepos" : "32279"
}, {
  "kecamatan" : "Kisam Tinggi",
  "kelurahan" : "Tebat Gabus",
  "kodepos" : "32279"
}, {
  "kecamatan" : "Kisam Tinggi",
  "kelurahan" : "Simpang Tiga",
  "kodepos" : "32279"
}, {
  "kecamatan" : "Kisam Tinggi",
  "kelurahan" : "Singa Laga",
  "kodepos" : "32279"
}, {
  "kecamatan" : "Kisam Tinggi",
  "kelurahan" : "Pulau Panggung",
  "kodepos" : "32279"
}, {
  "kecamatan" : "Kisam Tinggi",
  "kelurahan" : "Simpang Empat",
  "kodepos" : "32279"
}, {
  "kecamatan" : "Kisam Tinggi",
  "kelurahan" : "Pajar Bulan",
  "kodepos" : "32279"
}, {
  "kecamatan" : "Kisam Tinggi",
  "kelurahan" : "Padang Bindu",
  "kodepos" : "32279"
}, {
  "kecamatan" : "Kisam Tinggi",
  "kelurahan" : "Padang Lay",
  "kodepos" : "32279"
}, {
  "kecamatan" : "Kisam Tinggi",
  "kelurahan" : "Gunung Megang",
  "kodepos" : "32279"
}, {
  "kecamatan" : "Kisam Tinggi",
  "kelurahan" : "Kota Padang",
  "kodepos" : "32279"
}, {
  "kecamatan" : "Kisam Tinggi",
  "kelurahan" : "Muara Payang",
  "kodepos" : "32279"
}, {
  "kecamatan" : "Kisam Tinggi",
  "kelurahan" : "Berasang",
  "kodepos" : "32279"
}, {
  "kecamatan" : "Kisam Tinggi",
  "kelurahan" : "Danau Rata",
  "kodepos" : "32279"
}, {
  "kecamatan" : "Kisam Tinggi",
  "kelurahan" : "Balayan",
  "kodepos" : "32279"
}, {
  "kecamatan" : "Kisam Tinggi",
  "kelurahan" : "Bandar Alam Lama",
  "kodepos" : "32279"
}, {
  "kecamatan" : "Kisam Tinggi",
  "kelurahan" : "Air Alun",
  "kodepos" : "32279"
}, {
  "kecamatan" : "Runjung Agung",
  "kelurahan" : "Tanjung Kurung",
  "kodepos" : "32278"
}, {
  "kecamatan" : "Runjung Agung",
  "kelurahan" : "Sura",
  "kodepos" : "32278"
}, {
  "kecamatan" : "Buay Runjung",
  "kelurahan" : "Sugih Waras",
  "kodepos" : "32278"
}, {
  "kecamatan" : "Buay Runjung",
  "kelurahan" : "Sukajadi Blambangan",
  "kodepos" : "32278"
}, {
  "kecamatan" : "Buay Runjung",
  "kelurahan" : "Perupus Blambangan",
  "kodepos" : "32278"
}, {
  "kecamatan" : "Buay Runjung",
  "kelurahan" : "Saung Naga",
  "kodepos" : "32278"
}, {
  "kecamatan" : "Buay Runjung",
  "kelurahan" : "Simpang Saga",
  "kodepos" : "32278"
}, {
  "kecamatan" : "Buay Runjung",
  "kelurahan" : "Peninjauan",
  "kodepos" : "32278"
}, {
  "kecamatan" : "Runjung Agung",
  "kelurahan" : "Penanggungan",
  "kodepos" : "32278"
}, {
  "kecamatan" : "Buay Runjung",
  "kelurahan" : "Negeri Batin Baru",
  "kodepos" : "32278"
}, {
  "kecamatan" : "Buay Runjung",
  "kelurahan" : "Padang Bindu",
  "kodepos" : "32278"
}, {
  "kecamatan" : "Buay Runjung",
  "kelurahan" : "Padang Sari",
  "kodepos" : "32278"
}, {
  "kecamatan" : "Buay Runjung",
  "kelurahan" : "Nagar Agung",
  "kodepos" : "32278"
}, {
  "kecamatan" : "Buay Runjung",
  "kelurahan" : "Kota Aman",
  "kodepos" : "32278"
}, {
  "kecamatan" : "Buay Runjung",
  "kelurahan" : "Kota Aman",
  "kodepos" : "32278"
}, {
  "kecamatan" : "Runjung Agung",
  "kelurahan" : "Karang Endah",
  "kodepos" : "32278"
}, {
  "kecamatan" : "Buay Runjung",
  "kelurahan" : "Kagelang Blambangan",
  "kodepos" : "32278"
}, {
  "kecamatan" : "Runjung Agung",
  "kelurahan" : "Gedung Wani",
  "kodepos" : "32278"
}, {
  "kecamatan" : "Runjung Agung",
  "kelurahan" : "Bumi Genap",
  "kodepos" : "32278"
}, {
  "kecamatan" : "Runjung Agung",
  "kelurahan" : "Gedung Nyawa",
  "kodepos" : "32278"
}, {
  "kecamatan" : "Buay Runjung",
  "kelurahan" : "Bedeng Blambangan",
  "kodepos" : "32278"
}, {
  "kecamatan" : "Buay Runjung",
  "kelurahan" : "Belambangan",
  "kodepos" : "32278"
}, {
  "kecamatan" : "Buay Sandang Aji",
  "kelurahan" : "Tanjung Raya",
  "kodepos" : "32277"
}, {
  "kecamatan" : "Runjung Agung",
  "kelurahan" : "Air Baru",
  "kodepos" : "32278"
}, {
  "kecamatan" : "Buay Sandang Aji",
  "kelurahan" : "Tanjung Menang Ilir",
  "kodepos" : "32277"
}, {
  "kecamatan" : "Buay Sandang Aji",
  "kelurahan" : "Tanjung Menang Ulu",
  "kodepos" : "32277"
}, {
  "kecamatan" : "Buay Sandang Aji",
  "kelurahan" : "Talang Baru",
  "kodepos" : "32277"
}, {
  "kecamatan" : "Buay Sandang Aji",
  "kelurahan" : "Tanjung Iman",
  "kodepos" : "32277"
}, {
  "kecamatan" : "Tiga Dihaji",
  "kelurahan" : "Sukarena",
  "kodepos" : "32277"
}, {
  "kecamatan" : "Tiga Dihaji",
  "kelurahan" : "Surabaya",
  "kodepos" : "32277"
}, {
  "kecamatan" : "Tiga Dihaji",
  "kelurahan" : "Sukabumi",
  "kodepos" : "32277"
}, {
  "kecamatan" : "Buay Sandang Aji",
  "kelurahan" : "Sukaraja I",
  "kodepos" : "32277"
}, {
  "kecamatan" : "Buay Sandang Aji",
  "kelurahan" : "Sukarami",
  "kodepos" : "32277"
}, {
  "kecamatan" : "Tiga Dihaji",
  "kelurahan" : "Peninggiran",
  "kodepos" : "32277"
}, {
  "kecamatan" : "Buay Sandang Aji",
  "kelurahan" : "Negeri Cahya",
  "kodepos" : "32277"
}, {
  "kecamatan" : "Buay Sandang Aji",
  "kelurahan" : "Negeri Agung",
  "kodepos" : "32277"
}, {
  "kecamatan" : "Buay Sandang Aji",
  "kelurahan" : "Negeri Batin",
  "kodepos" : "32277"
}, {
  "kecamatan" : "Buay Sandang Aji",
  "kelurahan" : "Lubuk Liku",
  "kodepos" : "32277"
}, {
  "kecamatan" : "Buay Sandang Aji",
  "kelurahan" : "Madura",
  "kodepos" : "32277"
}, {
  "kecamatan" : "Tiga Dihaji",
  "kelurahan" : "Kuripan II / Dua",
  "kodepos" : "32277"
}, {
  "kecamatan" : "Tiga Dihaji",
  "kelurahan" : "Kota Agung",
  "kodepos" : "32277"
}, {
  "kecamatan" : "Tiga Dihaji",
  "kelurahan" : "Kuripan",
  "kodepos" : "32277"
}, {
  "kecamatan" : "Buay Sandang Aji",
  "kelurahan" : "Kota Karang",
  "kodepos" : "32277"
}, {
  "kecamatan" : "Tiga Dihaji",
  "kelurahan" : "Karang Pendeta",
  "kodepos" : "32277"
}, {
  "kecamatan" : "Buay Sandang Aji",
  "kelurahan" : "Kenali",
  "kodepos" : "32277"
}, {
  "kecamatan" : "Buay Sandang Aji",
  "kelurahan" : "Bunga Mas",
  "kodepos" : "32277"
}, {
  "kecamatan" : "Buay Sandang Aji",
  "kelurahan" : "Gunung Terang",
  "kodepos" : "32277"
}, {
  "kecamatan" : "Mekakau Ilir",
  "kelurahan" : "Teluk Agung",
  "kodepos" : "32276"
}, {
  "kecamatan" : "Mekakau Ilir",
  "kelurahan" : "Tanjung Besar",
  "kodepos" : "32276"
}, {
  "kecamatan" : "Mekakau Ilir",
  "kelurahan" : "Sri Menanti",
  "kodepos" : "32276"
}, {
  "kecamatan" : "Mekakau Ilir",
  "kelurahan" : "Sukaraja",
  "kodepos" : "32276"
}, {
  "kecamatan" : "Mekakau Ilir",
  "kelurahan" : "Pulau Duku",
  "kodepos" : "32276"
}, {
  "kecamatan" : "Mekakau Ilir",
  "kelurahan" : "Selabung Belimbing Jaya",
  "kodepos" : "32276"
}, {
  "kecamatan" : "Mekakau Ilir",
  "kelurahan" : "Sinar Marga",
  "kodepos" : "32276"
}, {
  "kecamatan" : "Mekakau Ilir",
  "kelurahan" : "Pere&#8217;an",
  "kodepos" : "32276"
}, {
  "kecamatan" : "Mekakau Ilir",
  "kelurahan" : "Kepayang",
  "kodepos" : "32276"
}, {
  "kecamatan" : "Mekakau Ilir",
  "kelurahan" : "Kota Baru",
  "kodepos" : "32276"
}, {
  "kecamatan" : "Mekakau Ilir",
  "kelurahan" : "Kota Dalam",
  "kodepos" : "32276"
}, {
  "kecamatan" : "Mekakau Ilir",
  "kelurahan" : "Kemang Bandung",
  "kodepos" : "32276"
}, {
  "kecamatan" : "Mekakau Ilir",
  "kelurahan" : "Bunut",
  "kodepos" : "32276"
}, {
  "kecamatan" : "Mekakau Ilir",
  "kelurahan" : "Galang Tinggi",
  "kodepos" : "32276"
}, {
  "kecamatan" : "Warkuk Ranau Selatan",
  "kelurahan" : "Way Wangi Seminung",
  "kodepos" : "32274"
}, {
  "kecamatan" : "Mekakau Ilir",
  "kelurahan" : "Air Baru",
  "kodepos" : "32276"
}, {
  "kecamatan" : "Banding Agung",
  "kelurahan" : "Way Timah",
  "kodepos" : "32274"
}, {
  "kecamatan" : "Buay Pematang Ribu Ranau Tengah",
  "kelurahan" : "Way Relai",
  "kodepos" : "32274"
}, {
  "kecamatan" : "Banding Agung",
  "kelurahan" : "Telanai",
  "kodepos" : "32274"
}, {
  "kecamatan" : "Banding Agung",
  "kelurahan" : "Terap Mulia",
  "kodepos" : "32274"
}, {
  "kecamatan" : "Buay Pematang Ribu Ranau Tengah",
  "kelurahan" : "Tanjung Sari",
  "kodepos" : "32274"
}, {
  "kecamatan" : "Buay Pematang Ribu Ranau Tengah",
  "kelurahan" : "Tanjung Setia",
  "kodepos" : "32274"
}, {
  "kecamatan" : "Banding Agung",
  "kelurahan" : "Tanjung Harapan",
  "kodepos" : "32274"
}, {
  "kecamatan" : "Warkuk Ranau Selatan",
  "kelurahan" : "Tanjung Jati",
  "kodepos" : "32274"
}, {
  "kecamatan" : "Buay Pematang Ribu Ranau Tengah",
  "kelurahan" : "Tanjung Kemala",
  "kodepos" : "32274"
}, {
  "kecamatan" : "Banding Agung",
  "kelurahan" : "Tanjung Agung",
  "kodepos" : "32274"
}, {
  "kecamatan" : "Warkuk Ranau Selatan",
  "kelurahan" : "Tanjung Baru",
  "kodepos" : "32274"
}, {
  "kecamatan" : "Warkuk Ranau Selatan",
  "kelurahan" : "Tanjung Baru",
  "kodepos" : "32274"
}, {
  "kecamatan" : "Banding Agung",
  "kelurahan" : "Talang Merbau",
  "kodepos" : "32274"
}, {
  "kecamatan" : "Banding Agung",
  "kelurahan" : "Tangsi Agung",
  "kodepos" : "32274"
}, {
  "kecamatan" : "Banding Agung",
  "kelurahan" : "Surabaya",
  "kodepos" : "32274"
}, {
  "kecamatan" : "Banding Agung",
  "kelurahan" : "Surabaya Timur",
  "kodepos" : "32274"
}, {
  "kecamatan" : "Buay Pematang Ribu Ranau Tengah",
  "kelurahan" : "Sumber Mulia",
  "kodepos" : "32274"
}, {
  "kecamatan" : "Banding Agung",
  "kelurahan" : "Sumber Makmur",
  "kodepos" : "32274"
}, {
  "kecamatan" : "Buay Pematang Ribu Ranau Tengah",
  "kelurahan" : "Sumber Jaya",
  "kodepos" : "32274"
}, {
  "kecamatan" : "Buay Pematang Ribu Ranau Tengah",
  "kelurahan" : "Sukarami",
  "kodepos" : "32274"
}, {
  "kecamatan" : "Banding Agung",
  "kelurahan" : "Sukamaju",
  "kodepos" : "32274"
}, {
  "kecamatan" : "Buay Pematang Ribu Ranau Tengah",
  "kelurahan" : "Sukamarga",
  "kodepos" : "32274"
}, {
  "kecamatan" : "Warkuk Ranau Selatan",
  "kelurahan" : "Sukajaya",
  "kodepos" : "32274"
}, {
  "kecamatan" : "Buay Pematang Ribu Ranau Tengah",
  "kelurahan" : "Sukabumi",
  "kodepos" : "32274"
}, {
  "kecamatan" : "Banding Agung",
  "kelurahan" : "Sugih Waras",
  "kodepos" : "32274"
}, {
  "kecamatan" : "Banding Agung",
  "kelurahan" : "Suka Negeri",
  "kodepos" : "32274"
}, {
  "kecamatan" : "Banding Agung",
  "kelurahan" : "Sipatuhu",
  "kodepos" : "32274"
}, {
  "kecamatan" : "Banding Agung",
  "kelurahan" : "Sipatuhu II",
  "kodepos" : "32274"
}, {
  "kecamatan" : "Buay Pematang Ribu Ranau Tengah",
  "kelurahan" : "Subik",
  "kodepos" : "32274"
}, {
  "kecamatan" : "Buay Pematang Ribu Ranau Tengah",
  "kelurahan" : "Simpang Sender Utara",
  "kodepos" : "32274"
}, {
  "kecamatan" : "Buay Pematang Ribu Ranau Tengah",
  "kelurahan" : "Simpang Sender Tengah",
  "kodepos" : "32274"
}, {
  "kecamatan" : "Buay Pematang Ribu Ranau Tengah",
  "kelurahan" : "Simpang Sender Timur",
  "kodepos" : "32274"
}, {
  "kecamatan" : "Buay Pematang Ribu Ranau Tengah",
  "kelurahan" : "Simpang Sender",
  "kodepos" : "32274"
}, {
  "kecamatan" : "Buay Pematang Ribu Ranau Tengah",
  "kelurahan" : "Simpang Sender Selatan",
  "kodepos" : "32274"
}, {
  "kecamatan" : "Banding Agung",
  "kelurahan" : "Sidodadi",
  "kodepos" : "32274"
}, {
  "kecamatan" : "Buay Pematang Ribu Ranau Tengah",
  "kelurahan" : "Serumpun Jaya",
  "kodepos" : "32274"
}, {
  "kecamatan" : "Warkuk Ranau Selatan",
  "kelurahan" : "Segigok Raya",
  "kodepos" : "32274"
}, {
  "kecamatan" : "Warkuk Ranau Selatan",
  "kelurahan" : "Remanam Jaya",
  "kodepos" : "32274"
}, {
  "kecamatan" : "Banding Agung",
  "kelurahan" : "Rantau Nipis",
  "kodepos" : "32274"
}, {
  "kecamatan" : "Buay Pematang Ribu Ranau Tengah",
  "kelurahan" : "Pakhda Suka",
  "kodepos" : "32274"
}, {
  "kecamatan" : "Warkuk Ranau Selatan",
  "kelurahan" : "Pilla",
  "kodepos" : "32274"
}, {
  "kecamatan" : "Banding Agung",
  "kelurahan" : "Penantian",
  "kodepos" : "32274"
}, {
  "kecamatan" : "Warkuk Ranau Selatan",
  "kelurahan" : "Pagar Dewa",
  "kodepos" : "32274"
}, {
  "kecamatan" : "Buay Pematang Ribu Ranau Tengah",
  "kelurahan" : "Padang Ratu",
  "kodepos" : "32274"
}, {
  "kecamatan" : "Warkuk Ranau Selatan",
  "kelurahan" : "Kota Batu",
  "kodepos" : "32274"
}, {
  "kecamatan" : "Warkuk Ranau Selatan",
  "kelurahan" : "Mekarsari",
  "kodepos" : "32274"
}, {
  "kecamatan" : "Warkuk Ranau Selatan",
  "kelurahan" : "Kiwis Raya",
  "kodepos" : "32274"
}, {
  "kecamatan" : "Banding Agung",
  "kelurahan" : "Karang Indah",
  "kodepos" : "32274"
}, {
  "kecamatan" : "Warkuk Ranau Selatan",
  "kelurahan" : "Gunung Raya",
  "kodepos" : "32274"
}, {
  "kecamatan" : "Buay Pematang Ribu Ranau Tengah",
  "kelurahan" : "Hangkusa/Lingkusa",
  "kodepos" : "32274"
}, {
  "kecamatan" : "Buay Pematang Ribu Ranau Tengah",
  "kelurahan" : "Jepara",
  "kodepos" : "32274"
}, {
  "kecamatan" : "Warkuk Ranau Selatan",
  "kelurahan" : "Gedung Ranau",
  "kodepos" : "32274"
}, {
  "kecamatan" : "Warkuk Ranau Selatan",
  "kelurahan" : "Gunung Aji",
  "kodepos" : "32274"
}, {
  "kecamatan" : "Buay Pematang Ribu Ranau Tengah",
  "kelurahan" : "Gedong/Gedung Baru",
  "kodepos" : "32274"
}, {
  "kecamatan" : "Warkuk Ranau Selatan",
  "kelurahan" : "Bumi Agung",
  "kodepos" : "32274"
}, {
  "kecamatan" : "Warkuk Ranau Selatan",
  "kelurahan" : "Bedeng Tiga",
  "kodepos" : "32274"
}, {
  "kecamatan" : "Banding Agung",
  "kelurahan" : "Bandar Agung Ranau",
  "kodepos" : "32274"
}, {
  "kecamatan" : "Banding Agung",
  "kelurahan" : "Banding Agung",
  "kodepos" : "32274"
}, {
  "kecamatan" : "Sindang Danau",
  "kelurahan" : "Ulu Danau",
  "kodepos" : "32273"
}, {
  "kecamatan" : "Sindang Danau",
  "kelurahan" : "Wates",
  "kodepos" : "32273"
}, {
  "kecamatan" : "Banding Agung",
  "kelurahan" : "Air Rupik",
  "kodepos" : "32274"
}, {
  "kecamatan" : "Sungai Are",
  "kelurahan" : "Ujan Mas",
  "kodepos" : "32273"
}, {
  "kecamatan" : "Sindang Danau",
  "kelurahan" : "Tebat Layang",
  "kodepos" : "32273"
}, {
  "kecamatan" : "Pulau Beringin",
  "kelurahan" : "Tanjung Kari",
  "kodepos" : "32273"
}, {
  "kecamatan" : "Sindang Danau",
  "kelurahan" : "Tanjung Harapan",
  "kodepos" : "32273"
}, {
  "kecamatan" : "Pulau Beringin",
  "kelurahan" : "Tanjung Bulan",
  "kodepos" : "32273"
}, {
  "kecamatan" : "Pulau Beringin",
  "kelurahan" : "Tanjung Bulan Ulu",
  "kodepos" : "32273"
}, {
  "kecamatan" : "Sungai Are",
  "kelurahan" : "Tanah Pilih",
  "kodepos" : "32273"
}, {
  "kecamatan" : "Pulau Beringin",
  "kelurahan" : "Simpang Pancur",
  "kodepos" : "32273"
}, {
  "kecamatan" : "Sungai Are",
  "kelurahan" : "Simpang Luas",
  "kodepos" : "32273"
}, {
  "kecamatan" : "Sungai Are",
  "kelurahan" : "Sadau Jaya",
  "kodepos" : "32273"
}, {
  "kecamatan" : "Sungai Are",
  "kelurahan" : "Simpang Luas",
  "kodepos" : "32273"
}, {
  "kecamatan" : "Sungai Are",
  "kelurahan" : "Pulau Kemuning",
  "kodepos" : "32273"
}, {
  "kecamatan" : "Pulau Beringin",
  "kelurahan" : "Pulau Beringin Utara",
  "kodepos" : "32273"
}, {
  "kecamatan" : "Pulau Beringin",
  "kelurahan" : "Pematang Obar",
  "kodepos" : "32273"
}, {
  "kecamatan" : "Pulau Beringin",
  "kelurahan" : "Pulau Beringin",
  "kodepos" : "32273"
}, {
  "kecamatan" : "Sungai Are",
  "kelurahan" : "Pecah Pinggan",
  "kodepos" : "32273"
}, {
  "kecamatan" : "Sindang Danau",
  "kelurahan" : "Pematang Danau",
  "kodepos" : "32273"
}, {
  "kecamatan" : "Pulau Beringin",
  "kelurahan" : "Pagar Agung",
  "kodepos" : "32273"
}, {
  "kecamatan" : "Sindang Danau",
  "kelurahan" : "Muara Sindang Tengah",
  "kodepos" : "32273"
}, {
  "kecamatan" : "Sindang Danau",
  "kelurahan" : "Muara Sindang Ilir",
  "kodepos" : "32273"
}, {
  "kecamatan" : "Pulau Beringin",
  "kelurahan" : "Kemu",
  "kodepos" : "32273"
}, {
  "kecamatan" : "Pulau Beringin",
  "kelurahan" : "Kemu Ulu",
  "kodepos" : "32273"
}, {
  "kecamatan" : "Sungai Are",
  "kelurahan" : "Guntung Jaya",
  "kodepos" : "32273"
}, {
  "kecamatan" : "Pulau Beringin",
  "kelurahan" : "Gunung Batu",
  "kodepos" : "32273"
}, {
  "kecamatan" : "Sungai Are",
  "kelurahan" : "Cukoh Nau (Cukuh/Cuko Nau)",
  "kodepos" : "32273"
}, {
  "kecamatan" : "Pulau Beringin",
  "kelurahan" : "Anugerah Kemu",
  "kodepos" : "32273"
}, {
  "kecamatan" : "Pulau Beringin",
  "kelurahan" : "Aromantai",
  "kodepos" : "32273"
}, {
  "kecamatan" : "Muaradua Kisam",
  "kelurahan" : "Ulak Agung Ilir",
  "kodepos" : "32272"
}, {
  "kecamatan" : "Muaradua Kisam",
  "kelurahan" : "Ulak Agung Ulu",
  "kodepos" : "32272"
}, {
  "kecamatan" : "Kisam Ilir",
  "kelurahan" : "Tanjung Jati",
  "kodepos" : "32272"
}, {
  "kecamatan" : "Kisam Ilir",
  "kelurahan" : "Tanjung Jati",
  "kodepos" : "32272"
}, {
  "kecamatan" : "Muaradua Kisam",
  "kelurahan" : "Sukaraja",
  "kodepos" : "32272"
}, {
  "kecamatan" : "Muaradua Kisam",
  "kelurahan" : "Tanjung Beringin",
  "kodepos" : "32272"
}, {
  "kecamatan" : "Muaradua Kisam",
  "kelurahan" : "Sugihan",
  "kodepos" : "32272"
}, {
  "kecamatan" : "Muaradua Kisam",
  "kelurahan" : "Sukananti",
  "kodepos" : "32272"
}, {
  "kecamatan" : "Kisam Ilir",
  "kelurahan" : "Siring/Sring Alam",
  "kodepos" : "32272"
}, {
  "kecamatan" : "Muaradua Kisam",
  "kelurahan" : "Simpang Lubuk Dalam",
  "kodepos" : "32272"
}, {
  "kecamatan" : "Kisam Ilir",
  "kelurahan" : "Pius",
  "kodepos" : "32272"
}, {
  "kecamatan" : "Kisam Ilir",
  "kelurahan" : "Pulau Kemiling",
  "kodepos" : "32272"
}, {
  "kecamatan" : "Kisam Ilir",
  "kelurahan" : "Simpang Campang",
  "kodepos" : "32272"
}, {
  "kecamatan" : "Muaradua Kisam",
  "kelurahan" : "Penantian",
  "kodepos" : "32272"
}, {
  "kecamatan" : "Muaradua Kisam",
  "kelurahan" : "Penyandingan",
  "kodepos" : "32272"
}, {
  "kecamatan" : "Kisam Ilir",
  "kelurahan" : "Pangandonan",
  "kodepos" : "32272"
}, {
  "kecamatan" : "Muaradua Kisam",
  "kelurahan" : "Pagar Dewa",
  "kodepos" : "32272"
}, {
  "kecamatan" : "Kisam Ilir",
  "kelurahan" : "Muara Sindang",
  "kodepos" : "32272"
}, {
  "kecamatan" : "Muaradua Kisam",
  "kelurahan" : "Muara Dua Kisam",
  "kodepos" : "32272"
}, {
  "kecamatan" : "Muaradua Kisam",
  "kelurahan" : "Lawang Agung",
  "kodepos" : "32272"
}, {
  "kecamatan" : "Kisam Ilir",
  "kelurahan" : "Keban Agung",
  "kodepos" : "32272"
}, {
  "kecamatan" : "Muaradua Kisam",
  "kelurahan" : "Gunung Gare",
  "kodepos" : "32272"
}, {
  "kecamatan" : "Muaradua Kisam",
  "kelurahan" : "Bayur Tengah",
  "kodepos" : "32272"
}, {
  "kecamatan" : "Kisam Ilir",
  "kelurahan" : "Campang Jaya",
  "kodepos" : "32272"
}, {
  "kecamatan" : "Muaradua Kisam",
  "kelurahan" : "Dusun Tengah",
  "kodepos" : "32272"
}, {
  "kecamatan" : "Muaradua Kisam",
  "kelurahan" : "Bandar Alam Baru",
  "kodepos" : "32272"
}, {
  "kecamatan" : "Buay Pemaca",
  "kelurahan" : "Tanjung Sari",
  "kodepos" : "32265"
}, {
  "kecamatan" : "Muaradua Kisam",
  "kelurahan" : "Alun Dua",
  "kodepos" : "32272"
}, {
  "kecamatan" : "Buay Pemaca",
  "kelurahan" : "Tanjung Jaya",
  "kodepos" : "32265"
}, {
  "kecamatan" : "Buay Pemaca",
  "kelurahan" : "Tanjung Menang",
  "kodepos" : "32265"
}, {
  "kecamatan" : "Buay Pemaca",
  "kelurahan" : "Tanjung Baru",
  "kodepos" : "32265"
}, {
  "kecamatan" : "Buay Pemaca",
  "kelurahan" : "Tanjung Durian",
  "kodepos" : "32265"
}, {
  "kecamatan" : "Buay Pemaca",
  "kelurahan" : "Sumber Ringin",
  "kodepos" : "32265"
}, {
  "kecamatan" : "Buay Pemaca",
  "kelurahan" : "Talang Padang",
  "kodepos" : "32265"
}, {
  "kecamatan" : "Buay Pemaca",
  "kelurahan" : "Sipin",
  "kodepos" : "32265"
}, {
  "kecamatan" : "Buay Pemaca",
  "kelurahan" : "Sri Menanti",
  "kodepos" : "32265"
}, {
  "kecamatan" : "Buay Pemaca",
  "kelurahan" : "Sumber Raya",
  "kodepos" : "32265"
}, {
  "kecamatan" : "Buay Pemaca",
  "kelurahan" : "Sinar Baru",
  "kodepos" : "32265"
}, {
  "kecamatan" : "Buay Pemaca",
  "kelurahan" : "Sinar Napalan",
  "kodepos" : "32265"
}, {
  "kecamatan" : "Buay Pemaca",
  "kelurahan" : "Sidodadi",
  "kodepos" : "32265"
}, {
  "kecamatan" : "Buay Pemaca",
  "kelurahan" : "Sido Rahayu",
  "kodepos" : "32265"
}, {
  "kecamatan" : "Buay Pemaca",
  "kelurahan" : "Serakat Jaya",
  "kodepos" : "32265"
}, {
  "kecamatan" : "Buay Pemaca",
  "kelurahan" : "Kota Way",
  "kodepos" : "32265"
}, {
  "kecamatan" : "Buay Pemaca",
  "kelurahan" : "Mekar Jaya",
  "kodepos" : "32265"
}, {
  "kecamatan" : "Buay Pemaca",
  "kelurahan" : "Karet Jaya",
  "kodepos" : "32265"
}, {
  "kecamatan" : "Buay Pemaca",
  "kelurahan" : "Kembang Tinggi",
  "kodepos" : "32265"
}, {
  "kecamatan" : "Buay Pemaca",
  "kelurahan" : "Durian Sembilan",
  "kodepos" : "32265"
}, {
  "kecamatan" : "Buay Pemaca",
  "kelurahan" : "Danau Jaya",
  "kodepos" : "32265"
}, {
  "kecamatan" : "Buana Pemaca",
  "kelurahan" : "Tunas Jaya",
  "kodepos" : "32264"
}, {
  "kecamatan" : "Buay Pemaca",
  "kelurahan" : "Air Kelian",
  "kodepos" : "32265"
}, {
  "kecamatan" : "Buana Pemaca",
  "kelurahan" : "Tekana",
  "kodepos" : "32264"
}, {
  "kecamatan" : "Simpang",
  "kelurahan" : "Tanjung Sari",
  "kodepos" : "32264"
}, {
  "kecamatan" : "Buana Pemaca",
  "kelurahan" : "Tanjung Beringin",
  "kodepos" : "32264"
}, {
  "kecamatan" : "Simpang",
  "kelurahan" : "Sinar Mulyo",
  "kodepos" : "32264"
}, {
  "kecamatan" : "Buana Pemaca",
  "kelurahan" : "Sinar Danau",
  "kodepos" : "32264"
}, {
  "kecamatan" : "Simpang",
  "kelurahan" : "Simpang Agung",
  "kodepos" : "32264"
}, {
  "kecamatan" : "Simpang",
  "kelurahan" : "Simpangan",
  "kodepos" : "32264"
}, {
  "kecamatan" : "Simpang",
  "kelurahan" : "Karang Agung",
  "kodepos" : "32264"
}, {
  "kecamatan" : "Simpang",
  "kelurahan" : "Lubar",
  "kodepos" : "32264"
}, {
  "kecamatan" : "Buana Pemaca",
  "kelurahan" : "Gemiung",
  "kodepos" : "32264"
}, {
  "kecamatan" : "Buana Pemaca",
  "kelurahan" : "Jagaraga",
  "kodepos" : "32264"
}, {
  "kecamatan" : "Simpang",
  "kelurahan" : "Bungin Campang",
  "kodepos" : "32264"
}, {
  "kecamatan" : "Buana Pemaca",
  "kelurahan" : "Damarpura",
  "kodepos" : "32264"
}, {
  "kecamatan" : "Buana Pemaca",
  "kelurahan" : "Bandar",
  "kodepos" : "32264"
}, {
  "kecamatan" : "Muaradua",
  "kelurahan" : "Sukaraja Dua",
  "kodepos" : "32211"
}, {
  "kecamatan" : "Buay Rawan",
  "kelurahan" : "Sukajaya",
  "kodepos" : "32211"
}, {
  "kecamatan" : "Muaradua",
  "kelurahan" : "Suka Banjar",
  "kodepos" : "32211"
}, {
  "kecamatan" : "Buay Rawan",
  "kelurahan" : "Rantau Panjang",
  "kodepos" : "32211"
}, {
  "kecamatan" : "Buay Rawan",
  "kelurahan" : "Ruos",
  "kodepos" : "32211"
}, {
  "kecamatan" : "Muaradua",
  "kelurahan" : "Pendagan",
  "kodepos" : "32211"
}, {
  "kecamatan" : "Buay Rawan",
  "kelurahan" : "Pelawi",
  "kodepos" : "32211"
}, {
  "kecamatan" : "Muaradua",
  "kelurahan" : "Pelangki",
  "kodepos" : "32211"
}, {
  "kecamatan" : "Buay Rawan",
  "kelurahan" : "Pekuolan",
  "kodepos" : "32211"
}, {
  "kecamatan" : "Muaradua",
  "kelurahan" : "Pancur Pungah",
  "kodepos" : "32211"
}, {
  "kecamatan" : "Muaradua",
  "kelurahan" : "Pasar Muaradua",
  "kodepos" : "32211"
}, {
  "kecamatan" : "Muaradua",
  "kelurahan" : "Kisau",
  "kodepos" : "32211"
}, {
  "kecamatan" : "Muaradua",
  "kelurahan" : "Mehanggin",
  "kodepos" : "32211"
}, {
  "kecamatan" : "Buay Rawan",
  "kelurahan" : "Majar",
  "kodepos" : "32211"
}, {
  "kecamatan" : "Muaradua",
  "kelurahan" : "Gunung Tiga",
  "kodepos" : "32211"
}, {
  "kecamatan" : "Buay Rawan",
  "kelurahan" : "Gunung Cahya",
  "kodepos" : "32211"
}, {
  "kecamatan" : "Muaradua",
  "kelurahan" : "Datar",
  "kodepos" : "32211"
}, {
  "kecamatan" : "Muaradua",
  "kelurahan" : "Gedung Lepihan",
  "kodepos" : "32211"
}, {
  "kecamatan" : "Buay Rawan",
  "kelurahan" : "Bumi Agung Jaya",
  "kodepos" : "32211"
}, {
  "kecamatan" : "Buay Rawan",
  "kelurahan" : "Bumijaya",
  "kodepos" : "32211"
}, {
  "kecamatan" : "Muaradua",
  "kelurahan" : "Bumi Agung",
  "kodepos" : "32211"
}, {
  "kecamatan" : "Buay Rawan",
  "kelurahan" : "Bendi",
  "kodepos" : "32211"
}, {
  "kecamatan" : "Muaradua",
  "kelurahan" : "Batu Belang Dua",
  "kodepos" : "32211"
}, {
  "kecamatan" : "Muaradua",
  "kelurahan" : "Batu Belang Jaya",
  "kodepos" : "32211"
}, {
  "kecamatan" : "Buay Rawan",
  "kelurahan" : "Banjar Agung",
  "kodepos" : "32211"
} ]
