[ {
  "kecamatan" : "Lawang Kidul",
  "kelurahan" : "Tegal Rejo",
  "kodepos" : "31713"
}, {
  "kecamatan" : "Lawang Kidul",
  "kelurahan" : "Tanjung Enim Selatan",
  "kodepos" : "31711"
}, {
  "kecamatan" : "Lawang Kidul",
  "kelurahan" : "Pasar Tanjung Enim",
  "kodepos" : "31712"
}, {
  "kecamatan" : "Lawang Kidul",
  "kelurahan" : "Keban Agung",
  "kodepos" : "31711"
}, {
  "kecamatan" : "Lawang Kidul",
  "kelurahan" : "Lingga",
  "kodepos" : "31711"
}, {
  "kecamatan" : "Lawang Kidul",
  "kelurahan" : "Tanjung Enim",
  "kodepos" : "31711"
}, {
  "kecamatan" : "Lawang Kidul",
  "kelurahan" : "Darmo",
  "kodepos" : "31711"
}, {
  "kecamatan" : "Benakat",
  "kelurahan" : "Rami Pasai",
  "kodepos" : "31626"
}, {
  "kecamatan" : "Benakat",
  "kelurahan" : "Pagar Dewa",
  "kodepos" : "31626"
}, {
  "kecamatan" : "Benakat",
  "kelurahan" : "Pagar Jati",
  "kodepos" : "31626"
}, {
  "kecamatan" : "Benakat",
  "kelurahan" : "Padang Bindu",
  "kodepos" : "31626"
}, {
  "kecamatan" : "Benakat",
  "kelurahan" : "Hidup Baru",
  "kodepos" : "31626"
}, {
  "kecamatan" : "Benakat",
  "kelurahan" : "Betung",
  "kodepos" : "31626"
}, {
  "kecamatan" : "Sungai Rotan",
  "kelurahan" : "Tanding Marga",
  "kodepos" : "31357"
}, {
  "kecamatan" : "Sungai Rotan",
  "kelurahan" : "Tanjung Miring",
  "kodepos" : "31357"
}, {
  "kecamatan" : "Sungai Rotan",
  "kelurahan" : "Sukarami",
  "kodepos" : "31357"
}, {
  "kecamatan" : "Sungai Rotan",
  "kelurahan" : "Sungai Rotan",
  "kodepos" : "31357"
}, {
  "kecamatan" : "Sungai Rotan",
  "kelurahan" : "Suka Maju",
  "kodepos" : "31357"
}, {
  "kecamatan" : "Sungai Rotan",
  "kelurahan" : "Suka Merindu",
  "kodepos" : "31357"
}, {
  "kecamatan" : "Sungai Rotan",
  "kelurahan" : "Suka Dana",
  "kodepos" : "31357"
}, {
  "kecamatan" : "Sungai Rotan",
  "kelurahan" : "Suka Jadi",
  "kodepos" : "31357"
}, {
  "kecamatan" : "Sungai Rotan",
  "kelurahan" : "Suka Cinta",
  "kodepos" : "31357"
}, {
  "kecamatan" : "Sungai Rotan",
  "kelurahan" : "Petar Dalam",
  "kodepos" : "31357"
}, {
  "kecamatan" : "Sungai Rotan",
  "kelurahan" : "Penandingan",
  "kodepos" : "31357"
}, {
  "kecamatan" : "Sungai Rotan",
  "kelurahan" : "Paya Angus",
  "kodepos" : "31357"
}, {
  "kecamatan" : "Sungai Rotan",
  "kelurahan" : "Muara Lematang",
  "kodepos" : "31357"
}, {
  "kecamatan" : "Sungai Rotan",
  "kelurahan" : "Modong",
  "kodepos" : "31357"
}, {
  "kecamatan" : "Sungai Rotan",
  "kelurahan" : "Kasai",
  "kodepos" : "31357"
}, {
  "kecamatan" : "Sungai Rotan",
  "kelurahan" : "Danau Tampang",
  "kodepos" : "31357"
}, {
  "kecamatan" : "Sungai Rotan",
  "kelurahan" : "Danau Rata",
  "kodepos" : "31357"
}, {
  "kecamatan" : "Semendo Darat Tengah",
  "kelurahan" : "Tenam Bungkuk",
  "kodepos" : "31356"
}, {
  "kecamatan" : "Semendo Darat Tengah",
  "kelurahan" : "Tebing Abang",
  "kodepos" : "31356"
}, {
  "kecamatan" : "Semendo Darat Tengah",
  "kelurahan" : "Tanjung Raya",
  "kodepos" : "31356"
}, {
  "kecamatan" : "Semendo Darat Laut",
  "kelurahan" : "Tanah Abang",
  "kodepos" : "31356"
}, {
  "kecamatan" : "Semendo Darat Tengah",
  "kelurahan" : "Seri Tanjung",
  "kodepos" : "31356"
}, {
  "kecamatan" : "Semendo Darat Tengah",
  "kelurahan" : "Rekimai Jaya",
  "kodepos" : "31356"
}, {
  "kecamatan" : "Semendo Darat Laut",
  "kelurahan" : "Pulau Panggung",
  "kodepos" : "31356"
}, {
  "kecamatan" : "Semendo Darat Laut",
  "kelurahan" : "Perapau",
  "kodepos" : "31356"
}, {
  "kecamatan" : "Semendo Darat Laut",
  "kelurahan" : "Penyandingan",
  "kodepos" : "31356"
}, {
  "kecamatan" : "Semendo Darat Laut",
  "kelurahan" : "Penindaian",
  "kodepos" : "31356"
}, {
  "kecamatan" : "Semendo Darat Tengah",
  "kelurahan" : "Palak Tanah",
  "kodepos" : "31356"
}, {
  "kecamatan" : "Semendo Darat Laut",
  "kelurahan" : "Pagar Agung",
  "kodepos" : "31356"
}, {
  "kecamatan" : "Semendo Darat Tengah",
  "kelurahan" : "Muara Tenang",
  "kodepos" : "31356"
}, {
  "kecamatan" : "Semendo Darat Laut",
  "kelurahan" : "Muara Dua",
  "kodepos" : "31356"
}, {
  "kecamatan" : "Semendo Darat Laut",
  "kelurahan" : "Muara Danau",
  "kodepos" : "31356"
}, {
  "kecamatan" : "Semendo Darat Tengah",
  "kelurahan" : "Kota Padang",
  "kodepos" : "31356"
}, {
  "kecamatan" : "Semendo Darat Laut",
  "kelurahan" : "Karya Nyata",
  "kodepos" : "31356"
}, {
  "kecamatan" : "Semendo Darat Tengah",
  "kelurahan" : "Kota Agung",
  "kodepos" : "31356"
}, {
  "kecamatan" : "Semendo Darat Tengah",
  "kelurahan" : "Gunung Agung",
  "kodepos" : "31356"
}, {
  "kecamatan" : "Semendo Darat Tengah",
  "kelurahan" : "Batu Surau",
  "kodepos" : "31356"
}, {
  "kecamatan" : "Semendo Darat Laut",
  "kelurahan" : "Babatan",
  "kodepos" : "31356"
}, {
  "kecamatan" : "Semendo Darat Ulu",
  "kelurahan" : "Tanjung Tiga",
  "kodepos" : "31355"
}, {
  "kecamatan" : "Tanjung Agung",
  "kelurahan" : "Tanjung Karangan",
  "kodepos" : "31355"
}, {
  "kecamatan" : "Tanjung Agung",
  "kelurahan" : "Tanjung Lalang",
  "kodepos" : "31355"
}, {
  "kecamatan" : "Tanjung Agung",
  "kelurahan" : "Tanjung Baru",
  "kodepos" : "31355"
}, {
  "kecamatan" : "Tanjung Agung",
  "kelurahan" : "Tanjung Bulan",
  "kodepos" : "31355"
}, {
  "kecamatan" : "Semendo Darat Ulu",
  "kelurahan" : "Tanjung Agung",
  "kodepos" : "31355"
}, {
  "kecamatan" : "Tanjung Agung",
  "kelurahan" : "Tanjung Agung",
  "kodepos" : "31355"
}, {
  "kecamatan" : "Tanjung Agung",
  "kelurahan" : "Sugih Waras",
  "kodepos" : "31355"
}, {
  "kecamatan" : "Tanjung Agung",
  "kelurahan" : "Suka Raja",
  "kodepos" : "31355"
}, {
  "kecamatan" : "Semendo Darat Ulu",
  "kelurahan" : "Siring Agung",
  "kodepos" : "31355"
}, {
  "kecamatan" : "Tanjung Agung",
  "kelurahan" : "Seleman",
  "kodepos" : "31355"
}, {
  "kecamatan" : "Semendo Darat Ulu",
  "kelurahan" : "Segamit",
  "kodepos" : "31355"
}, {
  "kecamatan" : "Tanjung Agung",
  "kelurahan" : "Penyandingan",
  "kodepos" : "31355"
}, {
  "kecamatan" : "Tanjung Agung",
  "kelurahan" : "Pulau Panggung",
  "kodepos" : "31355"
}, {
  "kecamatan" : "Tanjung Agung",
  "kelurahan" : "Pandan Dulang",
  "kodepos" : "31355"
}, {
  "kecamatan" : "Tanjung Agung",
  "kelurahan" : "Pandan Enim",
  "kodepos" : "31355"
}, {
  "kecamatan" : "Tanjung Agung",
  "kelurahan" : "Pagar Jati",
  "kodepos" : "31355"
}, {
  "kecamatan" : "Semendo Darat Ulu",
  "kelurahan" : "Pajar Bulan",
  "kodepos" : "31355"
}, {
  "kecamatan" : "Tanjung Agung",
  "kelurahan" : "Pagar Dewa",
  "kodepos" : "31355"
}, {
  "kecamatan" : "Tanjung Agung",
  "kelurahan" : "Paduraksa",
  "kodepos" : "31355"
}, {
  "kecamatan" : "Tanjung Agung",
  "kelurahan" : "Padang Bindu",
  "kodepos" : "31355"
}, {
  "kecamatan" : "Tanjung Agung",
  "kelurahan" : "Matas",
  "kodepos" : "31355"
}, {
  "kecamatan" : "Tanjung Agung",
  "kelurahan" : "Muara Emil",
  "kodepos" : "31355"
}, {
  "kecamatan" : "Tanjung Agung",
  "kelurahan" : "Muara Meo",
  "kodepos" : "31355"
}, {
  "kecamatan" : "Tanjung Agung",
  "kelurahan" : "Lesung Batu",
  "kodepos" : "31355"
}, {
  "kecamatan" : "Tanjung Agung",
  "kelurahan" : "Lubuk Nipis",
  "kodepos" : "31355"
}, {
  "kecamatan" : "Tanjung Agung",
  "kelurahan" : "Lambur",
  "kodepos" : "31355"
}, {
  "kecamatan" : "Tanjung Agung",
  "kelurahan" : "Lebak Budi",
  "kodepos" : "31355"
}, {
  "kecamatan" : "Tanjung Agung",
  "kelurahan" : "Indramayu",
  "kodepos" : "31355"
}, {
  "kecamatan" : "Tanjung Agung",
  "kelurahan" : "Embawang",
  "kodepos" : "31355"
}, {
  "kecamatan" : "Semendo Darat Ulu",
  "kelurahan" : "Cahaya Alam",
  "kodepos" : "31355"
}, {
  "kecamatan" : "Semendo Darat Ulu",
  "kelurahan" : "Datar Lebar",
  "kodepos" : "31355"
}, {
  "kecamatan" : "Tanjung Agung",
  "kelurahan" : "Bedegung",
  "kodepos" : "31355"
}, {
  "kecamatan" : "Semendo Darat Ulu",
  "kelurahan" : "Aremantai",
  "kodepos" : "31355"
}, {
  "kecamatan" : "Gunung Megang",
  "kelurahan" : "Tanjung Terang",
  "kodepos" : "31352"
}, {
  "kecamatan" : "Gunung Megang",
  "kelurahan" : "Teluk Lubuk",
  "kodepos" : "31352"
}, {
  "kecamatan" : "Gunung Megang",
  "kelurahan" : "Tanjung",
  "kodepos" : "31352"
}, {
  "kecamatan" : "Gunung Megang",
  "kelurahan" : "Tanjung Muning",
  "kodepos" : "31352"
}, {
  "kecamatan" : "Gunung Megang",
  "kelurahan" : "Sumaja Makmur",
  "kodepos" : "31352"
}, {
  "kecamatan" : "Gunung Megang",
  "kelurahan" : "Talang Padang",
  "kodepos" : "31352"
}, {
  "kecamatan" : "Gunung Megang",
  "kelurahan" : "Perjito",
  "kodepos" : "31352"
}, {
  "kecamatan" : "Gunung Megang",
  "kelurahan" : "Sidomulyo",
  "kodepos" : "31352"
}, {
  "kecamatan" : "Gunung Megang",
  "kelurahan" : "Panang Jaya",
  "kodepos" : "31352"
}, {
  "kecamatan" : "Gunung Megang",
  "kelurahan" : "Penanggiran",
  "kodepos" : "31352"
}, {
  "kecamatan" : "Gunung Megang",
  "kelurahan" : "Kayu Ara Sakti",
  "kodepos" : "31352"
}, {
  "kecamatan" : "Gunung Megang",
  "kelurahan" : "Lubuk Mumpo",
  "kodepos" : "31352"
}, {
  "kecamatan" : "Gunung Megang",
  "kelurahan" : "Gunung Megang Dalam",
  "kodepos" : "31352"
}, {
  "kecamatan" : "Gunung Megang",
  "kelurahan" : "Gunung Megang Luar",
  "kodepos" : "31352"
}, {
  "kecamatan" : "Gunung Megang",
  "kelurahan" : "Dalam",
  "kodepos" : "31352"
}, {
  "kecamatan" : "Gunung Megang",
  "kelurahan" : "Darmo Kasih",
  "kodepos" : "31352"
}, {
  "kecamatan" : "Gunung Megang",
  "kelurahan" : "Fajar Indah",
  "kodepos" : "31352"
}, {
  "kecamatan" : "Gunung Megang",
  "kelurahan" : "Cinta Kasih",
  "kodepos" : "31352"
}, {
  "kecamatan" : "Gunung Megang",
  "kelurahan" : "Belimbing",
  "kodepos" : "31352"
}, {
  "kecamatan" : "Gunung Megang",
  "kelurahan" : "Berugo",
  "kodepos" : "31352"
}, {
  "kecamatan" : "Gunung Megang",
  "kelurahan" : "Bulang",
  "kodepos" : "31352"
}, {
  "kecamatan" : "Gunung Megang",
  "kelurahan" : "Bangun Sari",
  "kodepos" : "31352"
}, {
  "kecamatan" : "Ujan Mas",
  "kelurahan" : "Ujan Mas Baru",
  "kodepos" : "31351"
}, {
  "kecamatan" : "Ujan Mas",
  "kelurahan" : "Ujan Mas Lama",
  "kodepos" : "31351"
}, {
  "kecamatan" : "Ujan Mas",
  "kelurahan" : "Ulak Bandung",
  "kodepos" : "31351"
}, {
  "kecamatan" : "Ujan Mas",
  "kelurahan" : "Pinang Belarik",
  "kodepos" : "31351"
}, {
  "kecamatan" : "Ujan Mas",
  "kelurahan" : "Tanjung Raman",
  "kodepos" : "31351"
}, {
  "kecamatan" : "Ujan Mas",
  "kelurahan" : "Muara Gula Baru",
  "kodepos" : "31351"
}, {
  "kecamatan" : "Ujan Mas",
  "kelurahan" : "Muara Gula Lama",
  "kodepos" : "31351"
}, {
  "kecamatan" : "Ujan Mas",
  "kelurahan" : "Guci",
  "kodepos" : "31351"
}, {
  "kecamatan" : "Penukal Utara",
  "kelurahan" : "Tempirai Timur",
  "kodepos" : "31315"
}, {
  "kecamatan" : "Penukal Utara",
  "kelurahan" : "Tempirai Utara",
  "kodepos" : "31315"
}, {
  "kecamatan" : "Penukal Utara",
  "kelurahan" : "Tempirai",
  "kodepos" : "31315"
}, {
  "kecamatan" : "Penukal Utara",
  "kelurahan" : "Tempirai Selatan",
  "kodepos" : "31315"
}, {
  "kecamatan" : "Penukal Utara",
  "kelurahan" : "Tanjung Baru",
  "kodepos" : "31315"
}, {
  "kecamatan" : "Abab",
  "kelurahan" : "Tanjung Kurung",
  "kodepos" : "31315"
}, {
  "kecamatan" : "Penukal Utara",
  "kelurahan" : "Tambak",
  "kodepos" : "31315"
}, {
  "kecamatan" : "Penukal Utara",
  "kelurahan" : "Tanding Marga",
  "kodepos" : "31315"
}, {
  "kecamatan" : "Penukal (Penukal Abab)",
  "kelurahan" : "Spantan Jaya (Sepantan)",
  "kodepos" : "31315"
}, {
  "kecamatan" : "Penukal (Penukal Abab)",
  "kelurahan" : "Sungai Langan",
  "kodepos" : "31315"
}, {
  "kecamatan" : "Penukal Utara",
  "kelurahan" : "Sukarami",
  "kodepos" : "31315"
}, {
  "kecamatan" : "Penukal (Penukal Abab)",
  "kelurahan" : "Rajajaya",
  "kodepos" : "31315"
}, {
  "kecamatan" : "Penukal (Penukal Abab)",
  "kelurahan" : "Purun",
  "kodepos" : "31315"
}, {
  "kecamatan" : "Abab",
  "kelurahan" : "Perambatan",
  "kodepos" : "31315"
}, {
  "kecamatan" : "Penukal Utara",
  "kelurahan" : "Prabumenang",
  "kodepos" : "31315"
}, {
  "kecamatan" : "Abab",
  "kelurahan" : "Pengabuan",
  "kodepos" : "31315"
}, {
  "kecamatan" : "Abab",
  "kelurahan" : "Pengabuan Timur",
  "kodepos" : "31315"
}, {
  "kecamatan" : "Muara Enim",
  "kelurahan" : "Pasar II",
  "kodepos" : "31315"
}, {
  "kecamatan" : "Penukal Utara",
  "kelurahan" : "Muara Ikan",
  "kodepos" : "31315"
}, {
  "kecamatan" : "Penukal Utara",
  "kelurahan" : "Lubuk Tampui",
  "kodepos" : "31315"
}, {
  "kecamatan" : "Penukal (Penukal Abab)",
  "kelurahan" : "Mangkunegara",
  "kodepos" : "31315"
}, {
  "kecamatan" : "Penukal Utara",
  "kelurahan" : "Karang Tanding",
  "kodepos" : "31315"
}, {
  "kecamatan" : "Penukal Utara",
  "kelurahan" : "Kota Baru",
  "kodepos" : "31315"
}, {
  "kecamatan" : "Abab",
  "kelurahan" : "Karang Agung",
  "kodepos" : "31315"
}, {
  "kecamatan" : "Penukal (Penukal Abab)",
  "kelurahan" : "Gunung Raja",
  "kodepos" : "31315"
}, {
  "kecamatan" : "Abab",
  "kelurahan" : "Betung Barat",
  "kodepos" : "31315"
}, {
  "kecamatan" : "Penukal (Penukal Abab)",
  "kelurahan" : "Gunung Menang",
  "kodepos" : "31315"
}, {
  "kecamatan" : "Abab",
  "kelurahan" : "Betung",
  "kodepos" : "31315"
}, {
  "kecamatan" : "Penukal (Penukal Abab)",
  "kelurahan" : "Babat",
  "kodepos" : "31315"
}, {
  "kecamatan" : "Penukal (Penukal Abab)",
  "kelurahan" : "Air Itam Barat",
  "kodepos" : "31315"
}, {
  "kecamatan" : "Penukal (Penukal Abab)",
  "kelurahan" : "Air Itam Timur",
  "kodepos" : "31315"
}, {
  "kecamatan" : "Tanah Abang",
  "kelurahan" : "Tanah Abang Selatan",
  "kodepos" : "31314"
}, {
  "kecamatan" : "Tanah Abang",
  "kelurahan" : "Tanah Abang Utara",
  "kodepos" : "31314"
}, {
  "kecamatan" : "Tanah Abang",
  "kelurahan" : "Tanjung Dalam",
  "kodepos" : "31314"
}, {
  "kecamatan" : "Tanah Abang",
  "kelurahan" : "Sedupi",
  "kodepos" : "31314"
}, {
  "kecamatan" : "Tanah Abang",
  "kelurahan" : "Sukaraja",
  "kodepos" : "31314"
}, {
  "kecamatan" : "Tanah Abang",
  "kelurahan" : "Raja",
  "kodepos" : "31314"
}, {
  "kecamatan" : "Tanah Abang",
  "kelurahan" : "Raja",
  "kodepos" : "31314"
}, {
  "kecamatan" : "Tanah Abang",
  "kelurahan" : "Raja Barat",
  "kodepos" : "31314"
}, {
  "kecamatan" : "Tanah Abang",
  "kelurahan" : "Muara Sungai",
  "kodepos" : "31314"
}, {
  "kecamatan" : "Tanah Abang",
  "kelurahan" : "Pandan",
  "kodepos" : "31314"
}, {
  "kecamatan" : "Tanah Abang",
  "kelurahan" : "Harapan Jaya",
  "kodepos" : "31314"
}, {
  "kecamatan" : "Tanah Abang",
  "kelurahan" : "Lunas Jaya",
  "kodepos" : "31314"
}, {
  "kecamatan" : "Tanah Abang",
  "kelurahan" : "Modong",
  "kodepos" : "31314"
}, {
  "kecamatan" : "Tanah Abang",
  "kelurahan" : "Bumiayu",
  "kodepos" : "31314"
}, {
  "kecamatan" : "Tanah Abang",
  "kelurahan" : "Curup",
  "kodepos" : "31314"
}, {
  "kecamatan" : "Muara Enim",
  "kelurahan" : "Tungkal",
  "kodepos" : "31313"
}, {
  "kecamatan" : "Muara Enim",
  "kelurahan" : "Tanjung Serian",
  "kodepos" : "31311"
}, {
  "kecamatan" : "Muara Enim",
  "kelurahan" : "Muara Enim",
  "kodepos" : "31312"
}, {
  "kecamatan" : "Muara Enim",
  "kelurahan" : "Tanjung Jati",
  "kodepos" : "31311"
}, {
  "kecamatan" : "Muara Enim",
  "kelurahan" : "Tanjung Raja",
  "kodepos" : "31311"
}, {
  "kecamatan" : "Muara Enim",
  "kelurahan" : "Muara Lawai",
  "kodepos" : "31311"
}, {
  "kecamatan" : "Muara Enim",
  "kelurahan" : "Pasar I",
  "kodepos" : "31311"
}, {
  "kecamatan" : "Muara Enim",
  "kelurahan" : "Saka Jaya",
  "kodepos" : "31311"
}, {
  "kecamatan" : "Muara Enim",
  "kelurahan" : "Kepur",
  "kodepos" : "31311"
}, {
  "kecamatan" : "Muara Enim",
  "kelurahan" : "Lubuk Empelas",
  "kodepos" : "31311"
}, {
  "kecamatan" : "Muara Enim",
  "kelurahan" : "Muara Harapan",
  "kodepos" : "31311"
}, {
  "kecamatan" : "Muara Enim",
  "kelurahan" : "Harapan Jaya",
  "kodepos" : "31311"
}, {
  "kecamatan" : "Muara Enim",
  "kelurahan" : "Karang Raja",
  "kodepos" : "31311"
}, {
  "kecamatan" : "Talang Ubi",
  "kelurahan" : "Talang Bulang",
  "kodepos" : "31214"
}, {
  "kecamatan" : "Talang Ubi",
  "kelurahan" : "Talang Ubi Utara",
  "kodepos" : "31214"
}, {
  "kecamatan" : "Muara Enim",
  "kelurahan" : "Air Lintang",
  "kodepos" : "31311"
}, {
  "kecamatan" : "Talang Ubi",
  "kelurahan" : "Sungai Baung",
  "kodepos" : "31214"
}, {
  "kecamatan" : "Talang Ubi",
  "kelurahan" : "Sungai Ibul",
  "kodepos" : "31214"
}, {
  "kecamatan" : "Talang Ubi",
  "kelurahan" : "Talang Akar",
  "kodepos" : "31214"
}, {
  "kecamatan" : "Talang Ubi",
  "kelurahan" : "Suka Damai",
  "kodepos" : "31214"
}, {
  "kecamatan" : "Talang Ubi",
  "kelurahan" : "Sukamaju",
  "kodepos" : "31214"
}, {
  "kecamatan" : "Talang Ubi",
  "kelurahan" : "Semangus",
  "kodepos" : "31214"
}, {
  "kecamatan" : "Talang Ubi",
  "kelurahan" : "Sinar Dewa",
  "kodepos" : "31214"
}, {
  "kecamatan" : "Talang Ubi",
  "kelurahan" : "Kertadewa",
  "kodepos" : "31214"
}, {
  "kecamatan" : "Talang Ubi",
  "kelurahan" : "Panta Dewa",
  "kodepos" : "31214"
}, {
  "kecamatan" : "Talang Ubi",
  "kelurahan" : "Psr.Bayangkara",
  "kodepos" : "31214"
}, {
  "kecamatan" : "Talang Ubi",
  "kelurahan" : "Handayani Mulya",
  "kodepos" : "31214"
}, {
  "kecamatan" : "Talang Ubi",
  "kelurahan" : "Talang Ubi Timur",
  "kodepos" : "31213"
}, {
  "kecamatan" : "Talang Ubi",
  "kelurahan" : "Benakat Minyak",
  "kodepos" : "31214"
}, {
  "kecamatan" : "Talang Ubi",
  "kelurahan" : "Benuang",
  "kodepos" : "31214"
}, {
  "kecamatan" : "Talang Ubi",
  "kelurahan" : "Talang Ubi Selatan",
  "kodepos" : "31212"
}, {
  "kecamatan" : "Rambang",
  "kelurahan" : "Tanjung Raya",
  "kodepos" : "31173"
}, {
  "kecamatan" : "Talang Ubi",
  "kelurahan" : "Talang Ubi Barat",
  "kodepos" : "31211"
}, {
  "kecamatan" : "Rambang",
  "kelurahan" : "Tanjung Dalam",
  "kodepos" : "31173"
}, {
  "kecamatan" : "Lubai",
  "kelurahan" : "Tanjung Kemala",
  "kodepos" : "31173"
}, {
  "kecamatan" : "Rambang",
  "kelurahan" : "Sumber Rahayu",
  "kodepos" : "31173"
}, {
  "kecamatan" : "Lubai",
  "kelurahan" : "Sumber Asri",
  "kodepos" : "31173"
}, {
  "kecamatan" : "Lubai",
  "kelurahan" : "Sumber Mulya",
  "kodepos" : "31173"
}, {
  "kecamatan" : "Rambang",
  "kelurahan" : "Sukarami",
  "kodepos" : "31173"
}, {
  "kecamatan" : "Lubai",
  "kelurahan" : "Suka Merindu",
  "kodepos" : "31173"
}, {
  "kecamatan" : "Rambang",
  "kelurahan" : "Sugih Waras",
  "kodepos" : "31173"
}, {
  "kecamatan" : "Rambang",
  "kelurahan" : "Sugihan",
  "kodepos" : "31173"
}, {
  "kecamatan" : "Lubai",
  "kelurahan" : "Pagar Gunung",
  "kodepos" : "31173"
}, {
  "kecamatan" : "Lubai",
  "kelurahan" : "Prabu Menang",
  "kodepos" : "31173"
}, {
  "kecamatan" : "Lubai",
  "kelurahan" : "Pagar Dewa",
  "kodepos" : "31173"
}, {
  "kecamatan" : "Rambang",
  "kelurahan" : "Pagar Agung",
  "kodepos" : "31173"
}, {
  "kecamatan" : "Rambang",
  "kelurahan" : "Negeri Agung",
  "kodepos" : "31173"
}, {
  "kecamatan" : "Lubai",
  "kelurahan" : "Lubai Persada",
  "kodepos" : "31173"
}, {
  "kecamatan" : "Lubai",
  "kelurahan" : "Mekar Jaya",
  "kodepos" : "31173"
}, {
  "kecamatan" : "Rambang",
  "kelurahan" : "Marga Mulia",
  "kodepos" : "31173"
}, {
  "kecamatan" : "Lubai",
  "kelurahan" : "Lecah",
  "kodepos" : "31173"
}, {
  "kecamatan" : "Lubai",
  "kelurahan" : "Lubai Makmur",
  "kodepos" : "31173"
}, {
  "kecamatan" : "Rambang",
  "kelurahan" : "Kencana Mulia",
  "kodepos" : "31173"
}, {
  "kecamatan" : "Lubai",
  "kelurahan" : "Kota Baru",
  "kodepos" : "31173"
}, {
  "kecamatan" : "Lubai",
  "kelurahan" : "Karang Mulia",
  "kodepos" : "31173"
}, {
  "kecamatan" : "Lubai",
  "kelurahan" : "Karang Sari",
  "kodepos" : "31173"
}, {
  "kecamatan" : "Lubai",
  "kelurahan" : "Jiwa Baru",
  "kodepos" : "31173"
}, {
  "kecamatan" : "Lubai",
  "kelurahan" : "Karang Agung",
  "kodepos" : "31173"
}, {
  "kecamatan" : "Lubai",
  "kelurahan" : "Beringin",
  "kodepos" : "31173"
}, {
  "kecamatan" : "Lubai",
  "kelurahan" : "Gunung Raja",
  "kodepos" : "31173"
}, {
  "kecamatan" : "Lubai",
  "kelurahan" : "Aur",
  "kodepos" : "31173"
}, {
  "kecamatan" : "Rambang",
  "kelurahan" : "Baru Rambang",
  "kodepos" : "31173"
}, {
  "kecamatan" : "Rambang Dangku",
  "kelurahan" : "Tebat Agung",
  "kodepos" : "31172"
}, {
  "kecamatan" : "Rambang",
  "kelurahan" : "Air Keruh",
  "kodepos" : "31173"
}, {
  "kecamatan" : "Rambang Dangku",
  "kelurahan" : "Suban Jeriji",
  "kodepos" : "31172"
}, {
  "kecamatan" : "Rambang Dangku",
  "kelurahan" : "Tanjung Menang",
  "kodepos" : "31172"
}, {
  "kecamatan" : "Rambang Dangku",
  "kelurahan" : "Pangkalan Babat",
  "kodepos" : "31172"
}, {
  "kecamatan" : "Rambang Dangku",
  "kelurahan" : "Siku",
  "kodepos" : "31172"
}, {
  "kecamatan" : "Rambang Dangku",
  "kelurahan" : "Muara Emburung",
  "kodepos" : "31172"
}, {
  "kecamatan" : "Rambang Dangku",
  "kelurahan" : "Muara Niru",
  "kodepos" : "31172"
}, {
  "kecamatan" : "Rambang Dangku",
  "kelurahan" : "Manunggal Jaya",
  "kodepos" : "31172"
}, {
  "kecamatan" : "Rambang Dangku",
  "kelurahan" : "Manunggal Makmur",
  "kodepos" : "31172"
}, {
  "kecamatan" : "Rambang Dangku",
  "kelurahan" : "Kuripan",
  "kodepos" : "31172"
}, {
  "kecamatan" : "Rambang Dangku",
  "kelurahan" : "Lubuk Raman",
  "kodepos" : "31172"
}, {
  "kecamatan" : "Rambang Dangku",
  "kelurahan" : "Kahuripan Selatan",
  "kodepos" : "31172"
}, {
  "kecamatan" : "Rambang Dangku",
  "kelurahan" : "Kasih Dewa",
  "kodepos" : "31172"
}, {
  "kecamatan" : "Rambang Dangku",
  "kelurahan" : "Jemenang",
  "kodepos" : "31172"
}, {
  "kecamatan" : "Rambang Dangku",
  "kelurahan" : "Kahuripan Baru",
  "kodepos" : "31172"
}, {
  "kecamatan" : "Rambang Dangku",
  "kelurahan" : "Gerinam",
  "kodepos" : "31172"
}, {
  "kecamatan" : "Rambang Dangku",
  "kelurahan" : "Gunung Raja",
  "kodepos" : "31172"
}, {
  "kecamatan" : "Rambang Dangku",
  "kelurahan" : "Gemawang",
  "kodepos" : "31172"
}, {
  "kecamatan" : "Rambang Dangku",
  "kelurahan" : "Dangku",
  "kodepos" : "31172"
}, {
  "kecamatan" : "Rambang Dangku",
  "kelurahan" : "Aur Duri",
  "kodepos" : "31172"
}, {
  "kecamatan" : "Rambang Dangku",
  "kelurahan" : "Banuayu",
  "kodepos" : "31172"
}, {
  "kecamatan" : "Rambang Dangku",
  "kelurahan" : "Batu Raja",
  "kodepos" : "31172"
}, {
  "kecamatan" : "Rambang Dangku",
  "kelurahan" : "Air Enau",
  "kodepos" : "31172"
}, {
  "kecamatan" : "Rambang Dangku",
  "kelurahan" : "Air Limau",
  "kodepos" : "31172"
}, {
  "kecamatan" : "Lembak",
  "kelurahan" : "Tapus",
  "kodepos" : "31171"
}, {
  "kecamatan" : "Rambang Dangku",
  "kelurahan" : "Air Talas",
  "kodepos" : "31172"
}, {
  "kecamatan" : "Kelekar",
  "kelurahan" : "Tanjung Medang",
  "kodepos" : "31171"
}, {
  "kecamatan" : "Gelumbang",
  "kelurahan" : "Teluk Limau",
  "kodepos" : "31171"
}, {
  "kecamatan" : "Kelekar",
  "kelurahan" : "Teluk Jaya",
  "kodepos" : "31171"
}, {
  "kecamatan" : "Rambang Dangku",
  "kelurahan" : "Air Cekdam",
  "kodepos" : "31172"
}, {
  "kecamatan" : "Muara Belida",
  "kelurahan" : "Tanjung Baru",
  "kodepos" : "31171"
}, {
  "kecamatan" : "Lembak",
  "kelurahan" : "Tanjung Bunut",
  "kodepos" : "31171"
}, {
  "kecamatan" : "Gelumbang",
  "kelurahan" : "Tambangan Kelekar",
  "kodepos" : "31171"
}, {
  "kecamatan" : "Lembak",
  "kelurahan" : "Talang Nangka",
  "kodepos" : "31171"
}, {
  "kecamatan" : "Gelumbang",
  "kelurahan" : "Talang Taling",
  "kodepos" : "31171"
}, {
  "kecamatan" : "Gelumbang",
  "kelurahan" : "Suka Menang",
  "kodepos" : "31171"
}, {
  "kecamatan" : "Lembak",
  "kelurahan" : "Sungai Duren",
  "kodepos" : "31171"
}, {
  "kecamatan" : "Lembak",
  "kelurahan" : "Talang Balai",
  "kodepos" : "31171"
}, {
  "kecamatan" : "Kelekar",
  "kelurahan" : "Suban Baru",
  "kodepos" : "31171"
}, {
  "kecamatan" : "Gelumbang",
  "kelurahan" : "Suka Jaya",
  "kodepos" : "31171"
}, {
  "kecamatan" : "Gelumbang",
  "kelurahan" : "Sigam",
  "kodepos" : "31171"
}, {
  "kecamatan" : "Lembak",
  "kelurahan" : "Sialingan",
  "kodepos" : "31171"
}, {
  "kecamatan" : "Gelumbang",
  "kelurahan" : "Putak",
  "kodepos" : "31171"
}, {
  "kecamatan" : "Gelumbang",
  "kelurahan" : "Sebau",
  "kodepos" : "31171"
}, {
  "kecamatan" : "Gelumbang",
  "kelurahan" : "Segayam",
  "kodepos" : "31171"
}, {
  "kecamatan" : "Gelumbang",
  "kelurahan" : "Pinang Banjar",
  "kodepos" : "31171"
}, {
  "kecamatan" : "Lembak",
  "kelurahan" : "Petanang",
  "kodepos" : "31171"
}, {
  "kecamatan" : "Kelekar",
  "kelurahan" : "Pelempang",
  "kodepos" : "31171"
}, {
  "kecamatan" : "Gelumbang",
  "kelurahan" : "Payabakal",
  "kodepos" : "31171"
}, {
  "kecamatan" : "Gelumbang",
  "kelurahan" : "Pedataran",
  "kodepos" : "31171"
}, {
  "kecamatan" : "Gelumbang",
  "kelurahan" : "Midar",
  "kodepos" : "31171"
}, {
  "kecamatan" : "Muara Belida",
  "kelurahan" : "Mulia Abadi",
  "kodepos" : "31171"
}, {
  "kecamatan" : "Muara Belida",
  "kelurahan" : "Patra Tani",
  "kodepos" : "31171"
}, {
  "kecamatan" : "Kelekar",
  "kelurahan" : "Menanti",
  "kodepos" : "31171"
}, {
  "kecamatan" : "Kelekar",
  "kelurahan" : "Menanti Selatan",
  "kodepos" : "31171"
}, {
  "kecamatan" : "Gelumbang",
  "kelurahan" : "Melilian/Mililian",
  "kodepos" : "31171"
}, {
  "kecamatan" : "Lembak",
  "kelurahan" : "Lembak",
  "kodepos" : "31171"
}, {
  "kecamatan" : "Gelumbang",
  "kelurahan" : "Kartamulia/Kerta Mulia",
  "kodepos" : "31171"
}, {
  "kecamatan" : "Muara Belida",
  "kelurahan" : "Kayu Ara Batu",
  "kodepos" : "31171"
}, {
  "kecamatan" : "Lembak",
  "kelurahan" : "Kemang",
  "kodepos" : "31171"
}, {
  "kecamatan" : "Gelumbang",
  "kelurahan" : "Karang Endah Selatan",
  "kodepos" : "31171"
}, {
  "kecamatan" : "Gelumbang",
  "kelurahan" : "Jambu",
  "kodepos" : "31171"
}, {
  "kecamatan" : "Gelumbang",
  "kelurahan" : "Karang Endah",
  "kodepos" : "31171"
}, {
  "kecamatan" : "Muara Belida",
  "kelurahan" : "Harapan Mulya/Mulia",
  "kodepos" : "31171"
}, {
  "kecamatan" : "Lembak",
  "kelurahan" : "Ibul",
  "kodepos" : "31171"
}, {
  "kecamatan" : "Muara Belida",
  "kelurahan" : "Gedung Buruk",
  "kodepos" : "31171"
}, {
  "kecamatan" : "Gelumbang",
  "kelurahan" : "Gelumbang",
  "kodepos" : "31171"
}, {
  "kecamatan" : "Gelumbang",
  "kelurahan" : "Gumai",
  "kodepos" : "31171"
}, {
  "kecamatan" : "Gelumbang",
  "kelurahan" : "Gaung Telang",
  "kodepos" : "31171"
}, {
  "kecamatan" : "Kelekar",
  "kelurahan" : "Embacang Kelekar",
  "kodepos" : "31171"
}, {
  "kecamatan" : "Lembak",
  "kelurahan" : "Gaung Asam",
  "kodepos" : "31171"
}, {
  "kecamatan" : "Gelumbang",
  "kelurahan" : "Bitis",
  "kodepos" : "31171"
}, {
  "kecamatan" : "Lembak",
  "kelurahan" : "Babat",
  "kodepos" : "31171"
}, {
  "kecamatan" : "Muara Belida",
  "kelurahan" : "Arisan Musi",
  "kodepos" : "31171"
}, {
  "kecamatan" : "Muara Belida",
  "kelurahan" : "Arisan Musi Timur",
  "kodepos" : "31171"
}, {
  "kecamatan" : "Lembak",
  "kelurahan" : "Alai",
  "kodepos" : "31171"
} ]
