[ {
  "kecamatan" : "Lubuk Linggau Timur Satu (I)",
  "kelurahan" : "Watervang",
  "kodepos" : "31628"
}, {
  "kecamatan" : "Lubuk Linggau Timur Dua (II)",
  "kelurahan" : "Wira Karya",
  "kodepos" : "31628"
}, {
  "kecamatan" : "Lubuk Linggau Timur Satu (I)",
  "kelurahan" : "Taba Lestari",
  "kodepos" : "31628"
}, {
  "kecamatan" : "Lubuk Linggau Timur Satu (I)",
  "kelurahan" : "Taba Koji",
  "kodepos" : "31628"
}, {
  "kecamatan" : "Lubuk Linggau Timur Dua (II)",
  "kelurahan" : "Mesat Seni",
  "kodepos" : "31628"
}, {
  "kecamatan" : "Lubuk Linggau Timur Satu (I)",
  "kelurahan" : "Nikan Jaya",
  "kodepos" : "31628"
}, {
  "kecamatan" : "Lubuk Linggau Utara Dua (II)",
  "kelurahan" : "Megang",
  "kodepos" : "31628"
}, {
  "kecamatan" : "Lubuk Linggau Timur Satu (I)",
  "kelurahan" : "Majapahit",
  "kodepos" : "31628"
}, {
  "kecamatan" : "Lubuk Linggau Timur Dua (II)",
  "kelurahan" : "Karya Bakti",
  "kodepos" : "31628"
}, {
  "kecamatan" : "Lubuk Linggau Timur Dua (II)",
  "kelurahan" : "Cereme Taba",
  "kodepos" : "31628"
}, {
  "kecamatan" : "Lubuk Linggau Timur Dua (II)",
  "kelurahan" : "Dempo",
  "kodepos" : "31628"
}, {
  "kecamatan" : "Lubuk Linggau Timur Satu (I)",
  "kelurahan" : "Air Kuti",
  "kodepos" : "31628"
}, {
  "kecamatan" : "Lubuk Linggau Timur Satu (I)",
  "kelurahan" : "Batu Urip Taba",
  "kodepos" : "31628"
}, {
  "kecamatan" : "Lubuk Linggau Selatan Dua (II)",
  "kelurahan" : "Tanah Priuk",
  "kodepos" : "31626"
}, {
  "kecamatan" : "Lubuk Linggau Utara Dua (II)",
  "kelurahan" : "Batu Urip",
  "kodepos" : "31627"
}, {
  "kecamatan" : "Lubuk Linggau Selatan Dua (II)",
  "kelurahan" : "Siring Agung",
  "kodepos" : "31626"
}, {
  "kecamatan" : "Lubuk Linggau Selatan Dua (II)",
  "kelurahan" : "Taba Pingin",
  "kodepos" : "31626"
}, {
  "kecamatan" : "Lubuk Linggau Selatan Dua (II)",
  "kelurahan" : "Simpang Priuk",
  "kodepos" : "31626"
}, {
  "kecamatan" : "Lubuk Linggau Selatan Satu (I)",
  "kelurahan" : "Perumnas Rahmah",
  "kodepos" : "31626"
}, {
  "kecamatan" : "Lubuk Linggau Selatan Satu (I)",
  "kelurahan" : "Rahmah",
  "kodepos" : "31626"
}, {
  "kecamatan" : "Lubuk Linggau Selatan Dua (II)",
  "kelurahan" : "Moneng Sepati",
  "kodepos" : "31626"
}, {
  "kecamatan" : "Lubuk Linggau Selatan Dua (II)",
  "kelurahan" : "Marga Rahayu",
  "kodepos" : "31626"
}, {
  "kecamatan" : "Lubuk Linggau Selatan Dua (II)",
  "kelurahan" : "Marga Mulya",
  "kodepos" : "31626"
}, {
  "kecamatan" : "Lubuk Linggau Selatan Satu (I)",
  "kelurahan" : "Lubuk Binjai",
  "kodepos" : "31626"
}, {
  "kecamatan" : "Lubuk Linggau Selatan Satu (I)",
  "kelurahan" : "Lubuk Kupang",
  "kodepos" : "31626"
}, {
  "kecamatan" : "Lubuk Linggau Selatan Satu (I)",
  "kelurahan" : "Jukung",
  "kodepos" : "31626"
}, {
  "kecamatan" : "Lubuk Linggau Selatan Dua (II)",
  "kelurahan" : "Karang Ketuan",
  "kodepos" : "31626"
}, {
  "kecamatan" : "Lubuk Linggau Selatan Dua (II)",
  "kelurahan" : "Eka Marga",
  "kodepos" : "31626"
}, {
  "kecamatan" : "Lubuk Linggau Selatan Satu (I)",
  "kelurahan" : "Air Temam",
  "kodepos" : "31626"
}, {
  "kecamatan" : "Lubuk Linggau Selatan Satu (I)",
  "kelurahan" : "Air Kati",
  "kodepos" : "31626"
}, {
  "kecamatan" : "Lubuk Linggau Timur Satu (I)",
  "kelurahan" : "Taba Jemekeh",
  "kodepos" : "31625"
}, {
  "kecamatan" : "Lubuk Linggau Timur Dua (II)",
  "kelurahan" : "Mesat Jaya",
  "kodepos" : "31624"
}, {
  "kecamatan" : "Lubuk Linggau Timur Dua (II)",
  "kelurahan" : "Jawa Kanan Ss",
  "kodepos" : "31621"
}, {
  "kecamatan" : "Lubuk Linggau Timur Dua (II)",
  "kelurahan" : "Jawa Kiri",
  "kodepos" : "31622"
}, {
  "kecamatan" : "Lubuk Linggau Timur Dua (II)",
  "kelurahan" : "Jawa Kanan",
  "kodepos" : "31621"
}, {
  "kecamatan" : "Lubuk Linggau Utara Satu (I)",
  "kelurahan" : "Taba Baru",
  "kodepos" : "31619"
}, {
  "kecamatan" : "Lubuk Linggau Utara Satu (I)",
  "kelurahan" : "Tanjung Raya",
  "kodepos" : "31619"
}, {
  "kecamatan" : "Lubuk Linggau Utara Satu (I)",
  "kelurahan" : "Sumber Agung",
  "kodepos" : "31619"
}, {
  "kecamatan" : "Lubuk Linggau Utara Dua (II)",
  "kelurahan" : "Senalang",
  "kodepos" : "31619"
}, {
  "kecamatan" : "Lubuk Linggau Utara Dua (II)",
  "kelurahan" : "Puncak Kemuning",
  "kodepos" : "31619"
}, {
  "kecamatan" : "Lubuk Linggau Utara Dua (II)",
  "kelurahan" : "Ponorogo",
  "kodepos" : "31619"
}, {
  "kecamatan" : "Lubuk Linggau Utara Satu (I)",
  "kelurahan" : "Marga Rejo (Margorejo)",
  "kodepos" : "31619"
}, {
  "kecamatan" : "Lubuk Linggau Utara Dua (II)",
  "kelurahan" : "Pasar Satlit",
  "kodepos" : "31619"
}, {
  "kecamatan" : "Lubuk Linggau Utara Satu (I)",
  "kelurahan" : "Marga Bakti",
  "kodepos" : "31619"
}, {
  "kecamatan" : "Lubuk Linggau Utara Dua (II)",
  "kelurahan" : "Kenanga",
  "kodepos" : "31619"
}, {
  "kecamatan" : "Lubuk Linggau Utara Dua (II)",
  "kelurahan" : "Jogoboyo (Joyoboyo)",
  "kodepos" : "31619"
}, {
  "kecamatan" : "Lubuk Linggau Utara Dua (II)",
  "kelurahan" : "Kali Serayu",
  "kodepos" : "31619"
}, {
  "kecamatan" : "Lubuk Linggau Utara Satu (I)",
  "kelurahan" : "Belalau II",
  "kodepos" : "31619"
}, {
  "kecamatan" : "Lubuk Linggau Utara Satu (I)",
  "kelurahan" : "Durian Rampak",
  "kodepos" : "31619"
}, {
  "kecamatan" : "Lubuk Linggau Utara Satu (I)",
  "kelurahan" : "Petanang Ulu",
  "kodepos" : "31618"
}, {
  "kecamatan" : "Lubuk Linggau Utara Satu (I)",
  "kelurahan" : "Belalau I",
  "kodepos" : "31619"
}, {
  "kecamatan" : "Lubuk Linggau Utara Dua (II)",
  "kelurahan" : "Ulak Surung",
  "kodepos" : "31617"
}, {
  "kecamatan" : "Lubuk Linggau Utara Satu (I)",
  "kelurahan" : "Petanang Ilir",
  "kodepos" : "31618"
}, {
  "kecamatan" : "Lubuk Linggau Barat Satu (I)",
  "kelurahan" : "Kayu Ara",
  "kodepos" : "31615"
}, {
  "kecamatan" : "Lubuk Linggau Barat Dua (II)",
  "kelurahan" : "Sidorejo",
  "kodepos" : "31616"
}, {
  "kecamatan" : "Lubuk Linggau Barat Satu (I)",
  "kelurahan" : "Lubuk Tanjung",
  "kodepos" : "31614"
}, {
  "kecamatan" : "Lubuk Linggau Barat Satu (I)",
  "kelurahan" : "Lubuk Aman",
  "kodepos" : "31614"
}, {
  "kecamatan" : "Lubuk Linggau Barat Satu (I)",
  "kelurahan" : "Sukajadi",
  "kodepos" : "31613"
}, {
  "kecamatan" : "Lubuk Linggau Barat Dua (II)",
  "kelurahan" : "Tapak Lebar",
  "kodepos" : "31611"
}, {
  "kecamatan" : "Lubuk Linggau Barat Dua (II)",
  "kelurahan" : "Ulak Lebar",
  "kodepos" : "31611"
}, {
  "kecamatan" : "Lubuk Linggau Barat Satu (I)",
  "kelurahan" : "Tanjung Aman",
  "kodepos" : "31611"
}, {
  "kecamatan" : "Lubuk Linggau Barat Satu (I)",
  "kelurahan" : "Tanjung Indah",
  "kodepos" : "31611"
}, {
  "kecamatan" : "Lubuk Linggau Barat Satu (I)",
  "kelurahan" : "Pelita Jaya",
  "kodepos" : "31611"
}, {
  "kecamatan" : "Lubuk Linggau Barat Satu (I)",
  "kelurahan" : "Muara Enim",
  "kodepos" : "31611"
}, {
  "kecamatan" : "Lubuk Linggau Barat Dua (II)",
  "kelurahan" : "Pasar Permiri",
  "kodepos" : "31611"
}, {
  "kecamatan" : "Lubuk Linggau Barat Dua (II)",
  "kelurahan" : "Lubuk Linggau Ilir",
  "kodepos" : "31611"
}, {
  "kecamatan" : "Lubuk Linggau Barat Dua (II)",
  "kelurahan" : "Lubuk Linggau Ulu",
  "kodepos" : "31611"
}, {
  "kecamatan" : "Lubuk Linggau Barat Satu (I)",
  "kelurahan" : "Lubuk Durian",
  "kodepos" : "31611"
}, {
  "kecamatan" : "Lubuk Linggau Barat Dua (II)",
  "kelurahan" : "Keputraan",
  "kodepos" : "31611"
}, {
  "kecamatan" : "Lubuk Linggau Barat Satu (I)",
  "kelurahan" : "Bandung Ujung",
  "kodepos" : "31611"
}, {
  "kecamatan" : "Lubuk Linggau Barat Dua (II)",
  "kelurahan" : "Bandung Kanan",
  "kodepos" : "31611"
}, {
  "kecamatan" : "Lubuk Linggau Barat Satu (I)",
  "kelurahan" : "Bandung Kiri",
  "kodepos" : "31611"
} ]
