[ {
  "kecamatan" : "Talang Padang",
  "kelurahan" : "Talang Padang",
  "kodepos" : "31596"
}, {
  "kecamatan" : "Talang Padang",
  "kelurahan" : "Ulak Babuk",
  "kodepos" : "31596"
}, {
  "kecamatan" : "Talang Padang",
  "kelurahan" : "Pasar Tanjung Padang",
  "kodepos" : "31596"
}, {
  "kecamatan" : "Talang Padang",
  "kelurahan" : "Remantai",
  "kodepos" : "31596"
}, {
  "kecamatan" : "Talang Padang",
  "kelurahan" : "Talang Durian",
  "kodepos" : "31596"
}, {
  "kecamatan" : "Talang Padang",
  "kelurahan" : "Padang Titiran",
  "kodepos" : "31596"
}, {
  "kecamatan" : "Talang Padang",
  "kelurahan" : "Macang Manis",
  "kodepos" : "31596"
}, {
  "kecamatan" : "Talang Padang",
  "kelurahan" : "Kembahang Lama",
  "kodepos" : "31596"
}, {
  "kecamatan" : "Talang Padang",
  "kelurahan" : "Lampar Baru Talang Padang",
  "kodepos" : "31596"
}, {
  "kecamatan" : "Talang Padang",
  "kelurahan" : "Lubuk Buntak",
  "kodepos" : "31596"
}, {
  "kecamatan" : "Talang Padang",
  "kelurahan" : "Kembahang Baru",
  "kodepos" : "31596"
}, {
  "kecamatan" : "Talang Padang",
  "kelurahan" : "Karang Are",
  "kodepos" : "31596"
}, {
  "kecamatan" : "Talang Padang",
  "kelurahan" : "Canggu",
  "kodepos" : "31596"
}, {
  "kecamatan" : "Pasemah Air Keruh",
  "kelurahan" : "Tanjung Beringin",
  "kodepos" : "31595"
}, {
  "kecamatan" : "Pasemah Air Keruh",
  "kelurahan" : "Talang Padang",
  "kodepos" : "31595"
}, {
  "kecamatan" : "Pasemah Air Keruh",
  "kelurahan" : "Talang Randai",
  "kodepos" : "31595"
}, {
  "kecamatan" : "Pasemah Air Keruh",
  "kelurahan" : "Padang Gelai",
  "kodepos" : "31595"
}, {
  "kecamatan" : "Pasemah Air Keruh",
  "kelurahan" : "Pagar Jati",
  "kodepos" : "31595"
}, {
  "kecamatan" : "Pasemah Air Keruh",
  "kelurahan" : "Penantian",
  "kodepos" : "31595"
}, {
  "kecamatan" : "Pasemah Air Keruh",
  "kelurahan" : "Nanjungan",
  "kodepos" : "31595"
}, {
  "kecamatan" : "Pasemah Air Keruh",
  "kelurahan" : "Padang Bindu",
  "kodepos" : "31595"
}, {
  "kecamatan" : "Pasemah Air Keruh",
  "kelurahan" : "Muara Aman",
  "kodepos" : "31595"
}, {
  "kecamatan" : "Pasemah Air Keruh",
  "kelurahan" : "Muara Rungga",
  "kodepos" : "31595"
}, {
  "kecamatan" : "Pasemah Air Keruh",
  "kelurahan" : "Muara Sindang",
  "kodepos" : "31595"
}, {
  "kecamatan" : "Pasemah Air Keruh",
  "kelurahan" : "Kebon Jati (Keban Jati)",
  "kodepos" : "31595"
}, {
  "kecamatan" : "Pasemah Air Keruh",
  "kelurahan" : "Lawang Agung",
  "kodepos" : "31595"
}, {
  "kecamatan" : "Pasemah Air Keruh",
  "kelurahan" : "Air Mayan",
  "kodepos" : "31595"
}, {
  "kecamatan" : "Pasemah Air Keruh",
  "kelurahan" : "Bandar Agung",
  "kodepos" : "31595"
}, {
  "kecamatan" : "Sikap Dalam",
  "kelurahan" : "Tapa Lama",
  "kodepos" : "31594"
}, {
  "kecamatan" : "Ulu Musi",
  "kelurahan" : "Teluk Bengkulu",
  "kodepos" : "31594"
}, {
  "kecamatan" : "Sikap Dalam",
  "kelurahan" : "Tapa Baru",
  "kodepos" : "31594"
}, {
  "kecamatan" : "Ulu Musi",
  "kelurahan" : "Tanjung Agung",
  "kodepos" : "31594"
}, {
  "kecamatan" : "Sikap Dalam",
  "kelurahan" : "Puntang",
  "kodepos" : "31594"
}, {
  "kecamatan" : "Sikap Dalam",
  "kelurahan" : "Tangga Rasa",
  "kodepos" : "31594"
}, {
  "kecamatan" : "Ulu Musi",
  "kelurahan" : "Simpang Perigi",
  "kodepos" : "31594"
}, {
  "kecamatan" : "Sikap Dalam",
  "kelurahan" : "Paduraksa",
  "kodepos" : "31594"
}, {
  "kecamatan" : "Ulu Musi",
  "kelurahan" : "Pulau Kemang",
  "kodepos" : "31594"
}, {
  "kecamatan" : "Ulu Musi",
  "kelurahan" : "Padang Tepong",
  "kodepos" : "31594"
}, {
  "kecamatan" : "Ulu Musi",
  "kelurahan" : "Muara Betung",
  "kodepos" : "31594"
}, {
  "kecamatan" : "Ulu Musi",
  "kelurahan" : "Muara Kalangan",
  "kodepos" : "31594"
}, {
  "kecamatan" : "Sikap Dalam",
  "kelurahan" : "Marta Pura",
  "kodepos" : "31594"
}, {
  "kecamatan" : "Ulu Musi",
  "kelurahan" : "Lubuk Puding Baru",
  "kodepos" : "31594"
}, {
  "kecamatan" : "Ulu Musi",
  "kelurahan" : "Lubuk Puding Lama",
  "kodepos" : "31594"
}, {
  "kecamatan" : "Sikap Dalam",
  "kelurahan" : "Karang Gede",
  "kodepos" : "31594"
}, {
  "kecamatan" : "Ulu Musi",
  "kelurahan" : "Kunduran",
  "kodepos" : "31594"
}, {
  "kecamatan" : "Sikap Dalam",
  "kelurahan" : "Karang Anyar",
  "kodepos" : "31594"
}, {
  "kecamatan" : "Sikap Dalam",
  "kelurahan" : "Karang Dapo Baru",
  "kodepos" : "31594"
}, {
  "kecamatan" : "Sikap Dalam",
  "kelurahan" : "Karang Dapo Lama",
  "kodepos" : "31594"
}, {
  "kecamatan" : "Ulu Musi",
  "kelurahan" : "Batu Lintang",
  "kodepos" : "31594"
}, {
  "kecamatan" : "Ulu Musi",
  "kelurahan" : "Galang",
  "kodepos" : "31594"
}, {
  "kecamatan" : "Sikap Dalam",
  "kelurahan" : "Bandar Aji",
  "kodepos" : "31594"
}, {
  "kecamatan" : "Ulu Musi",
  "kelurahan" : "Batu Bidung",
  "kodepos" : "31594"
}, {
  "kecamatan" : "Lintang Kanan",
  "kelurahan" : "Umojati",
  "kodepos" : "31593"
}, {
  "kecamatan" : "Ulu Musi",
  "kelurahan" : "Air Kelinsar",
  "kodepos" : "31594"
}, {
  "kecamatan" : "Pendopo Barat",
  "kelurahan" : "Tanjung Raya",
  "kodepos" : "31593"
}, {
  "kecamatan" : "Pendopo Barat",
  "kelurahan" : "Tebat Payang",
  "kodepos" : "31593"
}, {
  "kecamatan" : "Pendopo",
  "kelurahan" : "Tanjung Raman",
  "kodepos" : "31593"
}, {
  "kecamatan" : "Lintang Kanan",
  "kelurahan" : "Tanjung Jati",
  "kodepos" : "31593"
}, {
  "kecamatan" : "Pendopo",
  "kelurahan" : "Tanjung Eran",
  "kodepos" : "31593"
}, {
  "kecamatan" : "Lintang Kanan",
  "kelurahan" : "Tanjung Alam",
  "kodepos" : "31593"
}, {
  "kecamatan" : "Pendopo",
  "kelurahan" : "Tanjung Baru",
  "kodepos" : "31593"
}, {
  "kecamatan" : "Lintang Kanan",
  "kelurahan" : "Sukarami",
  "kodepos" : "31593"
}, {
  "kecamatan" : "Pendopo",
  "kelurahan" : "Sarang Bulan",
  "kodepos" : "31593"
}, {
  "kecamatan" : "Lintang Kanan",
  "kelurahan" : "Rantau Kasai",
  "kodepos" : "31593"
}, {
  "kecamatan" : "Pendopo Barat",
  "kelurahan" : "Rantau Dodor",
  "kodepos" : "31593"
}, {
  "kecamatan" : "Lintang Kanan",
  "kelurahan" : "Rantau Aleh (Rantaualih)",
  "kodepos" : "31593"
}, {
  "kecamatan" : "Pendopo",
  "kelurahan" : "Pendopo",
  "kodepos" : "31593"
}, {
  "kecamatan" : "Lintang Kanan",
  "kelurahan" : "Pagar Jati",
  "kodepos" : "31593"
}, {
  "kecamatan" : "Pendopo",
  "kelurahan" : "Pagar Alam",
  "kodepos" : "31593"
}, {
  "kecamatan" : "Lintang Kanan",
  "kelurahan" : "Nibong (Nibung)",
  "kodepos" : "31593"
}, {
  "kecamatan" : "Pendopo Barat",
  "kelurahan" : "Padang Bindu",
  "kodepos" : "31593"
}, {
  "kecamatan" : "Pendopo",
  "kelurahan" : "Nanjungan",
  "kodepos" : "31593"
}, {
  "kecamatan" : "Pendopo Barat",
  "kelurahan" : "Muara Lintang Baru",
  "kodepos" : "31593"
}, {
  "kecamatan" : "Pendopo Barat",
  "kelurahan" : "Muara Lintang Lama",
  "kodepos" : "31593"
}, {
  "kecamatan" : "Lintang Kanan",
  "kelurahan" : "Muara Danau",
  "kodepos" : "31593"
}, {
  "kecamatan" : "Pendopo",
  "kelurahan" : "Manggilang",
  "kodepos" : "31593"
}, {
  "kecamatan" : "Pendopo",
  "kelurahan" : "Muara Karang",
  "kodepos" : "31593"
}, {
  "kecamatan" : "Lintang Kanan",
  "kelurahan" : "Lubuk Tapang",
  "kodepos" : "31593"
}, {
  "kecamatan" : "Pendopo",
  "kelurahan" : "Lubuk Sepang",
  "kodepos" : "31593"
}, {
  "kecamatan" : "Pendopo",
  "kelurahan" : "Lubuk Layang",
  "kodepos" : "31593"
}, {
  "kecamatan" : "Lintang Kanan",
  "kelurahan" : "Lubuk Cik",
  "kodepos" : "31593"
}, {
  "kecamatan" : "Pendopo Barat",
  "kelurahan" : "Lingge",
  "kodepos" : "31593"
}, {
  "kecamatan" : "Lintang Kanan",
  "kelurahan" : "Lesung Batu",
  "kodepos" : "31593"
}, {
  "kecamatan" : "Pendopo",
  "kelurahan" : "Landur",
  "kodepos" : "31593"
}, {
  "kecamatan" : "Lintang Kanan",
  "kelurahan" : "Karang Tanding",
  "kodepos" : "31593"
}, {
  "kecamatan" : "Pendopo Barat",
  "kelurahan" : "Kungkilan (Nungkilan)",
  "kodepos" : "31593"
}, {
  "kecamatan" : "Pendopo Barat",
  "kelurahan" : "Karang Caya",
  "kodepos" : "31593"
}, {
  "kecamatan" : "Pendopo",
  "kelurahan" : "Jarakan",
  "kodepos" : "31593"
}, {
  "kecamatan" : "Pendopo",
  "kelurahan" : "Gunung Meraksa Lama",
  "kodepos" : "31593"
}, {
  "kecamatan" : "Lintang Kanan",
  "kelurahan" : "Endalo",
  "kodepos" : "31593"
}, {
  "kecamatan" : "Pendopo",
  "kelurahan" : "Beruge Ilir",
  "kodepos" : "31593"
}, {
  "kecamatan" : "Pendopo",
  "kelurahan" : "Gunung Meraksa Baru",
  "kodepos" : "31593"
}, {
  "kecamatan" : "Lintang Kanan",
  "kelurahan" : "Batu Ampar",
  "kodepos" : "31593"
}, {
  "kecamatan" : "Pendopo",
  "kelurahan" : "Batu Cawang",
  "kodepos" : "31593"
}, {
  "kecamatan" : "Pendopo",
  "kelurahan" : "Bayau",
  "kodepos" : "31593"
}, {
  "kecamatan" : "Pendopo",
  "kelurahan" : "Bandar Agung",
  "kodepos" : "31593"
}, {
  "kecamatan" : "Pendopo",
  "kelurahan" : "Baruge/Beruge Tengah",
  "kodepos" : "31593"
}, {
  "kecamatan" : "Pendopo Barat",
  "kelurahan" : "Air Kandis",
  "kodepos" : "31593"
}, {
  "kecamatan" : "Lintang Kanan",
  "kelurahan" : "Babatan",
  "kodepos" : "31593"
}, {
  "kecamatan" : "Muara Pinang",
  "kelurahan" : "Tanjung Kurung",
  "kodepos" : "31592"
}, {
  "kecamatan" : "Muara Pinang",
  "kelurahan" : "Tanjung Tawang",
  "kodepos" : "31592"
}, {
  "kecamatan" : "Muara Pinang",
  "kelurahan" : "Talang Baru",
  "kodepos" : "31592"
}, {
  "kecamatan" : "Muara Pinang",
  "kelurahan" : "Talang Benteng",
  "kodepos" : "31592"
}, {
  "kecamatan" : "Muara Pinang",
  "kelurahan" : "Sapapanjang",
  "kodepos" : "31592"
}, {
  "kecamatan" : "Muara Pinang",
  "kelurahan" : "Seleman Ulu",
  "kodepos" : "31592"
}, {
  "kecamatan" : "Muara Pinang",
  "kelurahan" : "Niur",
  "kodepos" : "31592"
}, {
  "kecamatan" : "Muara Pinang",
  "kelurahan" : "Suka Dana",
  "kodepos" : "31592"
}, {
  "kecamatan" : "Muara Pinang",
  "kelurahan" : "Padang Burnai",
  "kodepos" : "31592"
}, {
  "kecamatan" : "Muara Pinang",
  "kelurahan" : "Sawah",
  "kodepos" : "31592"
}, {
  "kecamatan" : "Muara Pinang",
  "kelurahan" : "Muara Pinang Lama",
  "kodepos" : "31592"
}, {
  "kecamatan" : "Muara Pinang",
  "kelurahan" : "Seleman Ilir",
  "kodepos" : "31592"
}, {
  "kecamatan" : "Muara Pinang",
  "kelurahan" : "Muara Semah",
  "kodepos" : "31592"
}, {
  "kecamatan" : "Muara Pinang",
  "kelurahan" : "Pajar Menang",
  "kodepos" : "31592"
}, {
  "kecamatan" : "Muara Pinang",
  "kelurahan" : "Muara Timbuk",
  "kodepos" : "31592"
}, {
  "kecamatan" : "Muara Pinang",
  "kelurahan" : "Muara Pinang Baru",
  "kodepos" : "31592"
}, {
  "kecamatan" : "Muara Pinang",
  "kelurahan" : "Lubuk Ulak",
  "kodepos" : "31592"
}, {
  "kecamatan" : "Muara Pinang",
  "kelurahan" : "Belimbing",
  "kodepos" : "31592"
}, {
  "kecamatan" : "Muara Pinang",
  "kelurahan" : "Gedung Agung",
  "kodepos" : "31592"
}, {
  "kecamatan" : "Muara Pinang",
  "kelurahan" : "Lubuk Tanjung",
  "kodepos" : "31592"
}, {
  "kecamatan" : "Muara Pinang",
  "kelurahan" : "Batu Galang",
  "kodepos" : "31592"
}, {
  "kecamatan" : "Muara Pinang",
  "kelurahan" : "Batu Jungul",
  "kodepos" : "31592"
}, {
  "kecamatan" : "Tebing Tinggi",
  "kelurahan" : "Ulak Mengkudu",
  "kodepos" : "31453"
}, {
  "kecamatan" : "Tebing Tinggi",
  "kelurahan" : "Terusan Lama",
  "kodepos" : "31453"
}, {
  "kecamatan" : "Tebing Tinggi",
  "kelurahan" : "Ujung Alih",
  "kodepos" : "31453"
}, {
  "kecamatan" : "Tebing Tinggi",
  "kelurahan" : "Terusan Baru",
  "kodepos" : "31453"
}, {
  "kecamatan" : "Saling",
  "kelurahan" : "Tanjung Ning Tengah",
  "kodepos" : "31453"
}, {
  "kecamatan" : "Saling",
  "kelurahan" : "Tanjung Ning Jaya",
  "kodepos" : "31453"
}, {
  "kecamatan" : "Saling",
  "kelurahan" : "Tanjung Ning Lama",
  "kodepos" : "31453"
}, {
  "kecamatan" : "Saling",
  "kelurahan" : "Tanjung Ning Simpang",
  "kodepos" : "31453"
}, {
  "kecamatan" : "Tebing Tinggi",
  "kelurahan" : "Tanjung Makmur",
  "kodepos" : "31453"
}, {
  "kecamatan" : "Tebing Tinggi",
  "kelurahan" : "Tanjung Kupang Baru",
  "kodepos" : "31453"
}, {
  "kecamatan" : "Tebing Tinggi",
  "kelurahan" : "Tanjung Kupang",
  "kodepos" : "31453"
}, {
  "kecamatan" : "Tebing Tinggi",
  "kelurahan" : "Tanjung Kupang",
  "kodepos" : "31453"
}, {
  "kecamatan" : "Saling",
  "kelurahan" : "Suka Kaya",
  "kodepos" : "31453"
}, {
  "kecamatan" : "Saling",
  "kelurahan" : "Taba",
  "kodepos" : "31453"
}, {
  "kecamatan" : "Tebing Tinggi",
  "kelurahan" : "Sugi Waras",
  "kodepos" : "31453"
}, {
  "kecamatan" : "Saling",
  "kelurahan" : "Sawah",
  "kodepos" : "31453"
}, {
  "kecamatan" : "Tebing Tinggi",
  "kelurahan" : "Seguring Kecil",
  "kodepos" : "31453"
}, {
  "kecamatan" : "Tebing Tinggi",
  "kelurahan" : "Rantau Tenang",
  "kodepos" : "31453"
}, {
  "kecamatan" : "Tebing Tinggi",
  "kelurahan" : "Pancurmas (Unit Jaya)",
  "kodepos" : "31453"
}, {
  "kecamatan" : "Tebing Tinggi",
  "kelurahan" : "Pasar Tebing Tinggi",
  "kodepos" : "31453"
}, {
  "kecamatan" : "Saling",
  "kelurahan" : "Muara Saling",
  "kodepos" : "31453"
}, {
  "kecamatan" : "Tebing Tinggi",
  "kelurahan" : "Mekar Jaya",
  "kodepos" : "31453"
}, {
  "kecamatan" : "Tebing Tinggi",
  "kelurahan" : "Mekarti Jaya",
  "kodepos" : "31453"
}, {
  "kecamatan" : "Tebing Tinggi",
  "kelurahan" : "Lubuk Gelanggang",
  "kodepos" : "31453"
}, {
  "kecamatan" : "Saling",
  "kelurahan" : "Lubuk Kelumpang",
  "kodepos" : "31453"
}, {
  "kecamatan" : "Tebing Tinggi",
  "kelurahan" : "Lampar Baru",
  "kodepos" : "31453"
}, {
  "kecamatan" : "Tebing Tinggi",
  "kelurahan" : "Kupang",
  "kodepos" : "31453"
}, {
  "kecamatan" : "Tebing Tinggi",
  "kelurahan" : "Kemang Manis",
  "kodepos" : "31453"
}, {
  "kecamatan" : "Tebing Tinggi",
  "kelurahan" : "Kota Gading",
  "kodepos" : "31453"
}, {
  "kecamatan" : "Saling",
  "kelurahan" : "Kebon",
  "kodepos" : "31453"
}, {
  "kecamatan" : "Tebing Tinggi",
  "kelurahan" : "Jaya Loka",
  "kodepos" : "31453"
}, {
  "kecamatan" : "Tebing Tinggi",
  "kelurahan" : "Fajar/Pajar Bakti",
  "kodepos" : "31453"
}, {
  "kecamatan" : "Tebing Tinggi",
  "kelurahan" : "Batu Raja Baru",
  "kodepos" : "31453"
}, {
  "kecamatan" : "Tebing Tinggi",
  "kelurahan" : "Batu Raja Lama",
  "kodepos" : "31453"
}, {
  "kecamatan" : "Tebing Tinggi",
  "kelurahan" : "Batu Panceh",
  "kodepos" : "31453"
}, {
  "kecamatan" : "Tebing Tinggi",
  "kelurahan" : "Aur Gading",
  "kodepos" : "31453"
} ]
