[ {
  "kecamatan" : "Jarai",
  "kelurahan" : "Tertap",
  "kodepos" : "31591"
}, {
  "kecamatan" : "Jarai",
  "kelurahan" : "Sukananti",
  "kodepos" : "31591"
}, {
  "kecamatan" : "Jarai",
  "kelurahan" : "Tanjung Menang",
  "kodepos" : "31591"
}, {
  "kecamatan" : "Muarapayang",
  "kelurahan" : "Talang Tinggi",
  "kodepos" : "31591"
}, {
  "kecamatan" : "Jarai",
  "kelurahan" : "Penantian",
  "kodepos" : "31591"
}, {
  "kecamatan" : "Jarai",
  "kelurahan" : "Sadan",
  "kodepos" : "31591"
}, {
  "kecamatan" : "Jarai",
  "kelurahan" : "Nantigiri",
  "kodepos" : "31591"
}, {
  "kecamatan" : "Jarai",
  "kelurahan" : "Serambi",
  "kodepos" : "31591"
}, {
  "kecamatan" : "Jarai",
  "kelurahan" : "Pagar Dewa",
  "kodepos" : "31591"
}, {
  "kecamatan" : "Jarai",
  "kelurahan" : "Pelajaran",
  "kodepos" : "31591"
}, {
  "kecamatan" : "Jarai",
  "kelurahan" : "Pamah Salak",
  "kodepos" : "31591"
}, {
  "kecamatan" : "Jarai",
  "kelurahan" : "Muaratawi",
  "kodepos" : "31591"
}, {
  "kecamatan" : "Muarapayang",
  "kelurahan" : "Muara Payang",
  "kodepos" : "31591"
}, {
  "kecamatan" : "Muarapayang",
  "kelurahan" : "Muara Gelumpai",
  "kodepos" : "31591"
}, {
  "kecamatan" : "Jarai",
  "kelurahan" : "Mangun Sari",
  "kodepos" : "31591"
}, {
  "kecamatan" : "Muarapayang",
  "kelurahan" : "Muara Jauh",
  "kodepos" : "31591"
}, {
  "kecamatan" : "Muarapayang",
  "kelurahan" : "Lawang Agung Baru",
  "kodepos" : "31591"
}, {
  "kecamatan" : "Muarapayang",
  "kelurahan" : "Lawang Agung Lama",
  "kodepos" : "31591"
}, {
  "kecamatan" : "Jarai",
  "kelurahan" : "Lubuk Saung/Sawung",
  "kodepos" : "31591"
}, {
  "kecamatan" : "Jarai",
  "kelurahan" : "Karang Tanding",
  "kodepos" : "31591"
}, {
  "kecamatan" : "Jarai",
  "kelurahan" : "Kedaton",
  "kodepos" : "31591"
}, {
  "kecamatan" : "Jarai",
  "kelurahan" : "Jemaring",
  "kodepos" : "31591"
}, {
  "kecamatan" : "Jarai",
  "kelurahan" : "Gunung Megang",
  "kodepos" : "31591"
}, {
  "kecamatan" : "Jarai",
  "kelurahan" : "Bandaraji",
  "kodepos" : "31591"
}, {
  "kecamatan" : "Jarai",
  "kelurahan" : "Jarai",
  "kodepos" : "31591"
}, {
  "kecamatan" : "Tanjung Sakti Pumi",
  "kelurahan" : "Ulak Lebar",
  "kodepos" : "31581"
}, {
  "kecamatan" : "Muarapayang",
  "kelurahan" : "Bandu Agung",
  "kodepos" : "31591"
}, {
  "kecamatan" : "Tanjung Sakti Pumu",
  "kelurahan" : "Ujung Pulau",
  "kodepos" : "31581"
}, {
  "kecamatan" : "Jarai",
  "kelurahan" : "Gunung Kaya",
  "kodepos" : "31591"
}, {
  "kecamatan" : "Tanjung Sakti Pumi",
  "kelurahan" : "Tanjung Sakti",
  "kodepos" : "31581"
}, {
  "kecamatan" : "Jarai",
  "kelurahan" : "Aromantai",
  "kodepos" : "31591"
}, {
  "kecamatan" : "Tanjung Sakti Pumi",
  "kelurahan" : "Tanjung Bulan",
  "kodepos" : "31581"
}, {
  "kecamatan" : "Tanjung Sakti Pumu",
  "kelurahan" : "Talang Tinggi",
  "kodepos" : "31581"
}, {
  "kecamatan" : "Tanjung Sakti Pumu",
  "kelurahan" : "Tanjung Alam",
  "kodepos" : "31581"
}, {
  "kecamatan" : "Tanjung Sakti Pumu",
  "kelurahan" : "Suban",
  "kodepos" : "31581"
}, {
  "kecamatan" : "Tanjung Sakti Pumi",
  "kelurahan" : "Sindang Panjang",
  "kodepos" : "31581"
}, {
  "kecamatan" : "Tanjung Sakti Pumu",
  "kelurahan" : "Simpang Tiga Pomo/Pumu",
  "kodepos" : "31581"
}, {
  "kecamatan" : "Tanjung Sakti Pumi",
  "kelurahan" : "Pulau Panggung",
  "kodepos" : "31581"
}, {
  "kecamatan" : "Tanjung Sakti Pumi",
  "kelurahan" : "Pulau Panas",
  "kodepos" : "31581"
}, {
  "kecamatan" : "Tanjung Sakti Pumi",
  "kelurahan" : "Lubuk Dalam",
  "kodepos" : "31581"
}, {
  "kecamatan" : "Tanjung Sakti Pumi",
  "kelurahan" : "Pajar Bulan",
  "kodepos" : "31581"
}, {
  "kecamatan" : "Tanjung Sakti Pumu",
  "kelurahan" : "Kepala Siring",
  "kodepos" : "31581"
}, {
  "kecamatan" : "Tanjung Sakti Pumi",
  "kelurahan" : "Penandingan",
  "kodepos" : "31581"
}, {
  "kecamatan" : "Tanjung Sakti Pumu",
  "kelurahan" : "Kembang Ayun",
  "kodepos" : "31581"
}, {
  "kecamatan" : "Tanjung Sakti Pumi",
  "kelurahan" : "Pagar Jati",
  "kodepos" : "31581"
}, {
  "kecamatan" : "Tanjung Sakti Pumu",
  "kelurahan" : "Karang Agung",
  "kodepos" : "31581"
}, {
  "kecamatan" : "Tanjung Sakti Pumi",
  "kelurahan" : "Negeri Kaya",
  "kodepos" : "31581"
}, {
  "kecamatan" : "Tanjung Sakti Pumu",
  "kelurahan" : "Gunung Raya",
  "kodepos" : "31581"
}, {
  "kecamatan" : "Tanjung Sakti Pumi",
  "kelurahan" : "Pagar Agung",
  "kodepos" : "31581"
}, {
  "kecamatan" : "Tanjung Sakti Pumu",
  "kelurahan" : "Gunung Meraksa",
  "kodepos" : "31581"
}, {
  "kecamatan" : "Tanjung Sakti Pumu",
  "kelurahan" : "Muara Cawang",
  "kodepos" : "31581"
}, {
  "kecamatan" : "Tanjung Sakti Pumi",
  "kelurahan" : "Gunung Kembang",
  "kodepos" : "31581"
}, {
  "kecamatan" : "Tanjung Sakti Pumi",
  "kelurahan" : "Lubuk Tabun",
  "kodepos" : "31581"
}, {
  "kecamatan" : "Tanjung Sakti Pumi",
  "kelurahan" : "Gunung Kerto",
  "kodepos" : "31581"
}, {
  "kecamatan" : "Tanjung Sakti Pumi",
  "kelurahan" : "Masam Bulan",
  "kodepos" : "31581"
}, {
  "kecamatan" : "Tanjung Sakti Pumu",
  "kelurahan" : "Gunung Ayu",
  "kodepos" : "31581"
}, {
  "kecamatan" : "Tanjung Sakti Pumi",
  "kelurahan" : "Gunung Agung",
  "kodepos" : "31581"
}, {
  "kecamatan" : "Tanjung Sakti Pumu",
  "kelurahan" : "Genting/Genteng",
  "kodepos" : "31581"
}, {
  "kecamatan" : "Tanjung Sakti Pumi",
  "kelurahan" : "Benteng",
  "kodepos" : "31581"
}, {
  "kecamatan" : "Tanjung Sakti Pumu",
  "kelurahan" : "Batu Rancing",
  "kodepos" : "31581"
}, {
  "kecamatan" : "Merapi Barat",
  "kelurahan" : "Ulak Pandan",
  "kodepos" : "31471"
}, {
  "kecamatan" : "Merapi Barat",
  "kelurahan" : "Tanjung Telang",
  "kodepos" : "31471"
}, {
  "kecamatan" : "Merapi Barat",
  "kelurahan" : "Telatang",
  "kodepos" : "31471"
}, {
  "kecamatan" : "Merapi Selatan",
  "kelurahan" : "Tanjung Menang",
  "kodepos" : "31471"
}, {
  "kecamatan" : "Merapi Barat",
  "kelurahan" : "Tanjung Pinang",
  "kodepos" : "31471"
}, {
  "kecamatan" : "Merapi Timur",
  "kelurahan" : "Tanjung Jambu",
  "kodepos" : "31471"
}, {
  "kecamatan" : "Merapi Timur",
  "kelurahan" : "Tanjung Lontar",
  "kodepos" : "31471"
}, {
  "kecamatan" : "Merapi Selatan",
  "kelurahan" : "Tanjung Beringin",
  "kodepos" : "31471"
}, {
  "kecamatan" : "Merapi Barat",
  "kelurahan" : "Tanjung Baru",
  "kodepos" : "31471"
}, {
  "kecamatan" : "Merapi Selatan",
  "kelurahan" : "Suka Merindu",
  "kodepos" : "31471"
}, {
  "kecamatan" : "Merapi Selatan",
  "kelurahan" : "Talang Akar",
  "kodepos" : "31471"
}, {
  "kecamatan" : "Merapi Barat",
  "kelurahan" : "Suka Marga",
  "kodepos" : "31471"
}, {
  "kecamatan" : "Merapi Barat",
  "kelurahan" : "Suka Cinta",
  "kodepos" : "31471"
}, {
  "kecamatan" : "Merapi Timur",
  "kelurahan" : "Sirah Pulau",
  "kodepos" : "31471"
}, {
  "kecamatan" : "Merapi Barat",
  "kelurahan" : "Purwosari (Purwa Sari)",
  "kodepos" : "31471"
}, {
  "kecamatan" : "Merapi Timur",
  "kelurahan" : "Prabu Menang",
  "kodepos" : "31471"
}, {
  "kecamatan" : "Merapi Timur",
  "kelurahan" : "Sengkuang",
  "kodepos" : "31471"
}, {
  "kecamatan" : "Merapi Selatan",
  "kelurahan" : "Perangai",
  "kodepos" : "31471"
}, {
  "kecamatan" : "Merapi Selatan",
  "kelurahan" : "Padang",
  "kodepos" : "31471"
}, {
  "kecamatan" : "Merapi Barat",
  "kelurahan" : "Payo",
  "kodepos" : "31471"
}, {
  "kecamatan" : "Merapi Timur",
  "kelurahan" : "Nanjungan",
  "kodepos" : "31471"
}, {
  "kecamatan" : "Merapi Barat",
  "kelurahan" : "Negeri Agung",
  "kodepos" : "31471"
}, {
  "kecamatan" : "Merapi Timur",
  "kelurahan" : "Muara Lawai",
  "kodepos" : "31471"
}, {
  "kecamatan" : "Merapi Barat",
  "kelurahan" : "Muara Maung",
  "kodepos" : "31471"
}, {
  "kecamatan" : "Merapi Barat",
  "kelurahan" : "Muara Temiang",
  "kodepos" : "31471"
}, {
  "kecamatan" : "Merapi Barat",
  "kelurahan" : "Merapi",
  "kodepos" : "31471"
}, {
  "kecamatan" : "Merapi Selatan",
  "kelurahan" : "Lubuk Pedaro/Pedaru",
  "kodepos" : "31471"
}, {
  "kecamatan" : "Merapi Timur",
  "kelurahan" : "Lematang Jaya",
  "kodepos" : "31471"
}, {
  "kecamatan" : "Merapi Barat",
  "kelurahan" : "Lubuk Kepayang",
  "kodepos" : "31471"
}, {
  "kecamatan" : "Merapi Selatan",
  "kelurahan" : "Lubuk Betung",
  "kodepos" : "31471"
}, {
  "kecamatan" : "Merapi Timur",
  "kelurahan" : "Lebuay Bandung",
  "kodepos" : "31471"
}, {
  "kecamatan" : "Merapi Barat",
  "kelurahan" : "Lebak Budi",
  "kodepos" : "31471"
}, {
  "kecamatan" : "Merapi Barat",
  "kelurahan" : "Karang Rejo",
  "kodepos" : "31471"
}, {
  "kecamatan" : "Merapi Barat",
  "kelurahan" : "Kebur",
  "kodepos" : "31471"
}, {
  "kecamatan" : "Merapi Barat",
  "kelurahan" : "Karang Endah",
  "kodepos" : "31471"
}, {
  "kecamatan" : "Merapi Timur",
  "kelurahan" : "Gunung Kembang",
  "kodepos" : "31471"
}, {
  "kecamatan" : "Merapi Barat",
  "kelurahan" : "Gunung Agung",
  "kodepos" : "31471"
}, {
  "kecamatan" : "Merapi Selatan",
  "kelurahan" : "Geramat",
  "kodepos" : "31471"
}, {
  "kecamatan" : "Merapi Timur",
  "kelurahan" : "Cempaka Wangi",
  "kodepos" : "31471"
}, {
  "kecamatan" : "Merapi Timur",
  "kelurahan" : "Gedung Agung",
  "kodepos" : "31471"
}, {
  "kecamatan" : "Merapi Timur",
  "kelurahan" : "Banjar Sari",
  "kodepos" : "31471"
}, {
  "kecamatan" : "Kota Agung",
  "kelurahan" : "Tunggul Bute",
  "kodepos" : "31462"
}, {
  "kecamatan" : "Merapi Timur",
  "kelurahan" : "Arahan",
  "kodepos" : "31471"
}, {
  "kecamatan" : "Tanjung Tebat",
  "kelurahan" : "Tanjung Tebat",
  "kodepos" : "31462"
}, {
  "kecamatan" : "Kota Agung",
  "kelurahan" : "Tebat Langsat",
  "kodepos" : "31462"
}, {
  "kecamatan" : "Tanjung Tebat",
  "kelurahan" : "Tanjung Nibung",
  "kodepos" : "31462"
}, {
  "kecamatan" : "Kota Agung",
  "kelurahan" : "Tanjung Raman",
  "kodepos" : "31462"
}, {
  "kecamatan" : "Tanjung Tebat",
  "kelurahan" : "Tanjung Kurung Ilir",
  "kodepos" : "31462"
}, {
  "kecamatan" : "Tanjung Tebat",
  "kelurahan" : "Tanjung Kurung Ulu",
  "kodepos" : "31462"
}, {
  "kecamatan" : "Kota Agung",
  "kelurahan" : "Tanjung Beringin",
  "kodepos" : "31462"
}, {
  "kecamatan" : "Kota Agung",
  "kelurahan" : "Tanjung Bulan",
  "kodepos" : "31462"
}, {
  "kecamatan" : "Tanjung Tebat",
  "kelurahan" : "Tanjung Baru",
  "kodepos" : "31462"
}, {
  "kecamatan" : "Tanjung Tebat",
  "kelurahan" : "Tanjung Bay/Bai",
  "kodepos" : "31462"
}, {
  "kecamatan" : "Kota Agung",
  "kelurahan" : "Sukarame",
  "kodepos" : "31462"
}, {
  "kecamatan" : "Kota Agung",
  "kelurahan" : "Singapura",
  "kodepos" : "31462"
}, {
  "kecamatan" : "Kota Agung",
  "kelurahan" : "Sukaraja",
  "kodepos" : "31462"
}, {
  "kecamatan" : "Tanjung Tebat",
  "kelurahan" : "Pandan Arang Ilir",
  "kodepos" : "31462"
}, {
  "kecamatan" : "Kota Agung",
  "kelurahan" : "Pandan Arang Ulu",
  "kodepos" : "31462"
}, {
  "kecamatan" : "Tanjung Tebat",
  "kelurahan" : "Padang Perigi",
  "kodepos" : "31462"
}, {
  "kecamatan" : "Kota Agung",
  "kelurahan" : "Pagar Ruyung",
  "kodepos" : "31462"
}, {
  "kecamatan" : "Kota Agung",
  "kelurahan" : "Muntar Alam Baru",
  "kodepos" : "31462"
}, {
  "kecamatan" : "Kota Agung",
  "kelurahan" : "Muntar Alam Lama",
  "kodepos" : "31462"
}, {
  "kecamatan" : "Kota Agung",
  "kelurahan" : "Lawang Agung",
  "kodepos" : "31462"
}, {
  "kecamatan" : "Kota Agung",
  "kelurahan" : "Muara Gula",
  "kodepos" : "31462"
}, {
  "kecamatan" : "Kota Agung",
  "kelurahan" : "Kebon Jati",
  "kodepos" : "31462"
}, {
  "kecamatan" : "Kota Agung",
  "kelurahan" : "Kota Agung",
  "kodepos" : "31462"
}, {
  "kecamatan" : "Kota Agung",
  "kelurahan" : "Karang Agung",
  "kodepos" : "31462"
}, {
  "kecamatan" : "Kota Agung",
  "kelurahan" : "Karang Endah",
  "kodepos" : "31462"
}, {
  "kecamatan" : "Kota Agung",
  "kelurahan" : "Bintuhan",
  "kodepos" : "31462"
}, {
  "kecamatan" : "Kota Agung",
  "kelurahan" : "Gedung Agung",
  "kodepos" : "31462"
}, {
  "kecamatan" : "Kota Agung",
  "kelurahan" : "Gunung Lewat",
  "kodepos" : "31462"
}, {
  "kecamatan" : "Kota Agung",
  "kelurahan" : "Bangke",
  "kodepos" : "31462"
}, {
  "kecamatan" : "Tanjung Tebat",
  "kelurahan" : "Air Dingin Baru",
  "kodepos" : "31462"
}, {
  "kecamatan" : "Tanjung Tebat",
  "kelurahan" : "Air Dingin Lama",
  "kodepos" : "31462"
}, {
  "kecamatan" : "Gumay Ulu",
  "kelurahan" : "Tinggi Hari",
  "kodepos" : "31461"
}, {
  "kecamatan" : "Gumay Ulu",
  "kelurahan" : "Trans SP II Padang Muaradua",
  "kodepos" : "31461"
}, {
  "kecamatan" : "Pulau Pinang",
  "kelurahan" : "Tanjung Mulak",
  "kodepos" : "31461"
}, {
  "kecamatan" : "Pulau Pinang",
  "kelurahan" : "Tanjung Sirih",
  "kodepos" : "31461"
}, {
  "kecamatan" : "Gumay Ulu",
  "kelurahan" : "Tanjung Raja",
  "kodepos" : "31461"
}, {
  "kecamatan" : "Pagar Gunung",
  "kelurahan" : "Tanjung Agung",
  "kodepos" : "31461"
}, {
  "kecamatan" : "Gumay Ulu",
  "kelurahan" : "Tanjung Aur",
  "kodepos" : "31461"
}, {
  "kecamatan" : "Pulau Pinang",
  "kelurahan" : "Talang Sawah",
  "kodepos" : "31461"
}, {
  "kecamatan" : "Pulau Pinang",
  "kelurahan" : "Talang Sejemput",
  "kodepos" : "31461"
}, {
  "kecamatan" : "Pagar Gunung",
  "kelurahan" : "Siring Agung",
  "kodepos" : "31461"
}, {
  "kecamatan" : "Gumay Ulu",
  "kelurahan" : "Sumber Karya",
  "kodepos" : "31461"
}, {
  "kecamatan" : "Pagar Gunung",
  "kelurahan" : "Sawah Darat",
  "kodepos" : "31461"
}, {
  "kecamatan" : "Gumay Ulu",
  "kelurahan" : "Simpur",
  "kodepos" : "31461"
}, {
  "kecamatan" : "Gumay Ulu",
  "kelurahan" : "Sinjar Bulan",
  "kodepos" : "31461"
}, {
  "kecamatan" : "Pagar Gunung",
  "kelurahan" : "Rimba Sujud",
  "kodepos" : "31461"
}, {
  "kecamatan" : "Gumay Ulu",
  "kelurahan" : "Rindu Hati",
  "kodepos" : "31461"
}, {
  "kecamatan" : "Pulau Pinang",
  "kelurahan" : "Pulau Pinang",
  "kodepos" : "31461"
}, {
  "kecamatan" : "Pagar Gunung",
  "kelurahan" : "Penantian",
  "kodepos" : "31461"
}, {
  "kecamatan" : "Pulau Pinang",
  "kelurahan" : "Pulau Pinang",
  "kodepos" : "31461"
}, {
  "kecamatan" : "Pagar Gunung",
  "kelurahan" : "Pagar Gunung (Pagar Agung)",
  "kodepos" : "31461"
}, {
  "kecamatan" : "Pulau Pinang",
  "kelurahan" : "Pagar Batu",
  "kodepos" : "31461"
}, {
  "kecamatan" : "Gumay Ulu",
  "kelurahan" : "Padang Gumay",
  "kodepos" : "31461"
}, {
  "kecamatan" : "Pagar Gunung",
  "kelurahan" : "Padang Pagun",
  "kodepos" : "31461"
}, {
  "kecamatan" : "Pagar Gunung",
  "kelurahan" : "Pagar Alam",
  "kodepos" : "31461"
}, {
  "kecamatan" : "Pulau Pinang",
  "kelurahan" : "Muara Cawang",
  "kodepos" : "31461"
}, {
  "kecamatan" : "Pulau Pinang",
  "kelurahan" : "Muara Siban",
  "kodepos" : "31461"
}, {
  "kecamatan" : "Pagar Gunung",
  "kelurahan" : "Muara Dua",
  "kodepos" : "31461"
}, {
  "kecamatan" : "Pulau Pinang",
  "kelurahan" : "Lubuk Sepang",
  "kodepos" : "31461"
}, {
  "kecamatan" : "Pagar Gunung",
  "kelurahan" : "Merindu",
  "kodepos" : "31461"
}, {
  "kecamatan" : "Gumay Ulu",
  "kelurahan" : "Lubuk Selo",
  "kodepos" : "31461"
}, {
  "kecamatan" : "Pagar Gunung",
  "kelurahan" : "Lesung Batu",
  "kodepos" : "31461"
}, {
  "kecamatan" : "Pulau Pinang",
  "kelurahan" : "Kuba",
  "kodepos" : "31461"
}, {
  "kecamatan" : "Pagar Gunung",
  "kelurahan" : "Kupang",
  "kodepos" : "31461"
}, {
  "kecamatan" : "Pulau Pinang",
  "kelurahan" : "Kerung",
  "kodepos" : "31461"
}, {
  "kecamatan" : "Pagar Gunung",
  "kelurahan" : "Kedaton",
  "kodepos" : "31461"
}, {
  "kecamatan" : "Pulau Pinang",
  "kelurahan" : "Karang Dalam",
  "kodepos" : "31461"
}, {
  "kecamatan" : "Pagar Gunung",
  "kelurahan" : "Karang Agung",
  "kodepos" : "31461"
}, {
  "kecamatan" : "Pulau Pinang",
  "kelurahan" : "Jati",
  "kodepos" : "31461"
}, {
  "kecamatan" : "Pagar Gunung",
  "kelurahan" : "Garmidar Ulu",
  "kodepos" : "31461"
}, {
  "kecamatan" : "Pagar Gunung",
  "kelurahan" : "Danau",
  "kodepos" : "31461"
}, {
  "kecamatan" : "Pagar Gunung",
  "kelurahan" : "Garmidar Ilir",
  "kodepos" : "31461"
}, {
  "kecamatan" : "Pagar Gunung",
  "kelurahan" : "Bandung Agung",
  "kodepos" : "31461"
}, {
  "kecamatan" : "Pagar Gunung",
  "kelurahan" : "Batu Rusa",
  "kodepos" : "31461"
}, {
  "kecamatan" : "Pagar Gunung",
  "kelurahan" : "Air Lingkar",
  "kodepos" : "31461"
}, {
  "kecamatan" : "Mulak Ulu",
  "kelurahan" : "Tebing Tinggi",
  "kodepos" : "31453"
}, {
  "kecamatan" : "Tanjung Tebat",
  "kelurahan" : "Tanjung Raya",
  "kodepos" : "31453"
}, {
  "kecamatan" : "Tanjung Tebat",
  "kelurahan" : "Tanjung Menang",
  "kodepos" : "31453"
}, {
  "kecamatan" : "Mulak Ulu",
  "kelurahan" : "Talang Berangin",
  "kodepos" : "31453"
}, {
  "kecamatan" : "Tanjung Tebat",
  "kelurahan" : "Talang Jawa",
  "kodepos" : "31453"
}, {
  "kecamatan" : "Mulak Ulu",
  "kelurahan" : "Sukananti",
  "kodepos" : "31453"
}, {
  "kecamatan" : "Mulak Ulu",
  "kelurahan" : "Sengkuang",
  "kodepos" : "31453"
}, {
  "kecamatan" : "Mulak Ulu",
  "kelurahan" : "Penindaian",
  "kodepos" : "31453"
}, {
  "kecamatan" : "Mulak Ulu",
  "kelurahan" : "Penandingan",
  "kodepos" : "31453"
}, {
  "kecamatan" : "Mulak Ulu",
  "kelurahan" : "Pengentaan",
  "kodepos" : "31453"
}, {
  "kecamatan" : "Mulak Ulu",
  "kelurahan" : "Pajar Bulan",
  "kodepos" : "31453"
}, {
  "kecamatan" : "Mulak Ulu",
  "kelurahan" : "Padang Masad/Masat",
  "kodepos" : "31453"
}, {
  "kecamatan" : "Mulak Ulu",
  "kelurahan" : "Muara Tiga",
  "kodepos" : "31453"
}, {
  "kecamatan" : "Mulak Ulu",
  "kelurahan" : "Padang Bindu",
  "kodepos" : "31453"
}, {
  "kecamatan" : "Mulak Ulu",
  "kelurahan" : "Mengkenang",
  "kodepos" : "31453"
}, {
  "kecamatan" : "Tanjung Tebat",
  "kelurahan" : "Muara Danau",
  "kodepos" : "31453"
}, {
  "kecamatan" : "Mulak Ulu",
  "kelurahan" : "Lubuk Dendan",
  "kodepos" : "31453"
}, {
  "kecamatan" : "Mulak Ulu",
  "kelurahan" : "Lesung Batu",
  "kodepos" : "31453"
}, {
  "kecamatan" : "Mulak Ulu",
  "kelurahan" : "Lawang Agung Mulak",
  "kodepos" : "31453"
}, {
  "kecamatan" : "Mulak Ulu",
  "kelurahan" : "Keban Agung",
  "kodepos" : "31453"
}, {
  "kecamatan" : "Mulak Ulu",
  "kelurahan" : "Karang Lebak",
  "kodepos" : "31453"
}, {
  "kecamatan" : "Mulak Ulu",
  "kelurahan" : "Jadian Lama",
  "kodepos" : "31453"
}, {
  "kecamatan" : "Mulak Ulu",
  "kelurahan" : "Jadian Baru",
  "kodepos" : "31453"
}, {
  "kecamatan" : "Mulak Ulu",
  "kelurahan" : "Geramat",
  "kodepos" : "31453"
}, {
  "kecamatan" : "Mulak Ulu",
  "kelurahan" : "Durian Dangkal",
  "kodepos" : "31453"
}, {
  "kecamatan" : "Mulak Ulu",
  "kelurahan" : "Datar Balam",
  "kodepos" : "31453"
}, {
  "kecamatan" : "Mulak Ulu",
  "kelurahan" : "Danau Belidang",
  "kodepos" : "31453"
}, {
  "kecamatan" : "Mulak Ulu",
  "kelurahan" : "Babatan",
  "kodepos" : "31453"
}, {
  "kecamatan" : "Mulak Ulu",
  "kelurahan" : "Air Puar",
  "kodepos" : "31453"
}, {
  "kecamatan" : "Kikim Barat",
  "kelurahan" : "Wonorejo",
  "kodepos" : "31452"
}, {
  "kecamatan" : "Kikim Barat",
  "kelurahan" : "Ulak Bandung",
  "kodepos" : "31452"
}, {
  "kecamatan" : "Kikim Barat",
  "kelurahan" : "Wanaraya",
  "kodepos" : "31452"
}, {
  "kecamatan" : "Kikim Timur",
  "kelurahan" : "Tanjung Bindu",
  "kodepos" : "31452"
}, {
  "kecamatan" : "Kikim Selatan",
  "kelurahan" : "Tanjung Kurung",
  "kodepos" : "31452"
}, {
  "kecamatan" : "Kikim Tengah",
  "kelurahan" : "Tanjung Baru",
  "kodepos" : "31452"
}, {
  "kecamatan" : "Kikim Selatan",
  "kelurahan" : "Tanjung Beringin",
  "kodepos" : "31452"
}, {
  "kecamatan" : "Kikim Tengah",
  "kelurahan" : "Tanjung Aur",
  "kodepos" : "31452"
}, {
  "kecamatan" : "Kikim Selatan",
  "kelurahan" : "Tanjung Alam",
  "kodepos" : "31452"
}, {
  "kecamatan" : "Kikim Tengah",
  "kelurahan" : "Sungai Laru",
  "kodepos" : "31452"
}, {
  "kecamatan" : "Kikim Timur",
  "kelurahan" : "Tanda Raja",
  "kodepos" : "31452"
}, {
  "kecamatan" : "Kikim Barat",
  "kelurahan" : "Sukarami",
  "kodepos" : "31452"
}, {
  "kecamatan" : "Kikim Timur",
  "kelurahan" : "Sukoharjo",
  "kodepos" : "31452"
}, {
  "kecamatan" : "Kikim Tengah",
  "kelurahan" : "Sukaraja",
  "kodepos" : "31452"
}, {
  "kecamatan" : "Kikim Barat",
  "kelurahan" : "Suka Merindu",
  "kodepos" : "31452"
}, {
  "kecamatan" : "Kikim Barat",
  "kelurahan" : "Singapura",
  "kodepos" : "31452"
}, {
  "kecamatan" : "Kikim Barat",
  "kelurahan" : "Suka Bakti",
  "kodepos" : "31452"
}, {
  "kecamatan" : "Kikim Selatan",
  "kelurahan" : "Sirah Pulau",
  "kodepos" : "31452"
}, {
  "kecamatan" : "Kikim Barat",
  "kelurahan" : "Sidomakmur",
  "kodepos" : "31452"
}, {
  "kecamatan" : "Kikim Timur",
  "kelurahan" : "Seronggo",
  "kodepos" : "31452"
}, {
  "kecamatan" : "Kikim Barat",
  "kelurahan" : "Saung Naga",
  "kodepos" : "31452"
}, {
  "kecamatan" : "Kikim Timur",
  "kelurahan" : "Sendawar",
  "kodepos" : "31452"
}, {
  "kecamatan" : "Kikim Barat",
  "kelurahan" : "Purnamasari",
  "kodepos" : "31452"
}, {
  "kecamatan" : "Kikim Barat",
  "kelurahan" : "Purwo Rejo",
  "kodepos" : "31452"
}, {
  "kecamatan" : "Kikim Timur",
  "kelurahan" : "Purwa Raja",
  "kodepos" : "31452"
}, {
  "kecamatan" : "Kikim Tengah",
  "kelurahan" : "Purbamas",
  "kodepos" : "31452"
}, {
  "kecamatan" : "Kikim Selatan",
  "kelurahan" : "Pulau Beringin",
  "kodepos" : "31452"
}, {
  "kecamatan" : "Kikim Barat",
  "kelurahan" : "Penantian",
  "kodepos" : "31452"
}, {
  "kecamatan" : "Kikim Timur",
  "kelurahan" : "Petikal Baru",
  "kodepos" : "31452"
}, {
  "kecamatan" : "Kikim Barat",
  "kelurahan" : "Penantian",
  "kodepos" : "31452"
}, {
  "kecamatan" : "Kikim Selatan",
  "kelurahan" : "Pagar Jati",
  "kodepos" : "31452"
}, {
  "kecamatan" : "Kikim Selatan",
  "kelurahan" : "Pagardin",
  "kodepos" : "31452"
}, {
  "kecamatan" : "Kikim Selatan",
  "kelurahan" : "Pandan Arang",
  "kodepos" : "31452"
}, {
  "kecamatan" : "Kikim Timur",
  "kelurahan" : "Paduraksa",
  "kodepos" : "31452"
}, {
  "kecamatan" : "Kikim Selatan",
  "kelurahan" : "Nanjungan",
  "kodepos" : "31452"
}, {
  "kecamatan" : "Kikim Selatan",
  "kelurahan" : "Padang Bindu",
  "kodepos" : "31452"
}, {
  "kecamatan" : "Kikim Timur",
  "kelurahan" : "Muara Danau",
  "kodepos" : "31452"
}, {
  "kecamatan" : "Kikim Tengah",
  "kelurahan" : "Muara Lingsing",
  "kodepos" : "31452"
}, {
  "kecamatan" : "Kikim Timur",
  "kelurahan" : "Muara Empayang",
  "kodepos" : "31452"
}, {
  "kecamatan" : "Kikim Barat",
  "kelurahan" : "Mekar Jaya",
  "kodepos" : "31452"
}, {
  "kecamatan" : "Kikim Timur",
  "kelurahan" : "Marga Mulia",
  "kodepos" : "31452"
}, {
  "kecamatan" : "Kikim Tengah",
  "kelurahan" : "Maspura",
  "kodepos" : "31452"
}, {
  "kecamatan" : "Kikim Barat",
  "kelurahan" : "Lubuk Seketi",
  "kodepos" : "31452"
}, {
  "kecamatan" : "Kikim Timur",
  "kelurahan" : "Lubuk Tampang",
  "kodepos" : "31452"
}, {
  "kecamatan" : "Kikim Timur",
  "kelurahan" : "Linggar Jaya",
  "kodepos" : "31452"
}, {
  "kecamatan" : "Kikim Selatan",
  "kelurahan" : "Lubuk Lungkang",
  "kodepos" : "31452"
}, {
  "kecamatan" : "Kikim Tengah",
  "kelurahan" : "Kepala Siring",
  "kodepos" : "31452"
}, {
  "kecamatan" : "Kikim Timur",
  "kelurahan" : "Lubuk Nambulan",
  "kodepos" : "31452"
}, {
  "kecamatan" : "Kikim Selatan",
  "kelurahan" : "Keban Raya",
  "kodepos" : "31452"
}, {
  "kecamatan" : "Kikim Timur",
  "kelurahan" : "Lubuk Kuta",
  "kodepos" : "31452"
}, {
  "kecamatan" : "Kikim Timur",
  "kelurahan" : "Kencana Sari",
  "kodepos" : "31452"
}, {
  "kecamatan" : "Kikim Timur",
  "kelurahan" : "Lubuk Layang Ilir",
  "kodepos" : "31452"
}, {
  "kecamatan" : "Kikim Selatan",
  "kelurahan" : "Keban Agung",
  "kodepos" : "31452"
}, {
  "kecamatan" : "Kikim Timur",
  "kelurahan" : "Lubuk Layang Ulu",
  "kodepos" : "31452"
}, {
  "kecamatan" : "Kikim Selatan",
  "kelurahan" : "Keban Agung Sp I",
  "kodepos" : "31452"
}, {
  "kecamatan" : "Kikim Timur",
  "kelurahan" : "Karang Endah",
  "kodepos" : "31452"
}, {
  "kecamatan" : "Kikim Barat",
  "kelurahan" : "Jajaran Lama",
  "kodepos" : "31452"
}, {
  "kecamatan" : "Kikim Selatan",
  "kelurahan" : "Karang Cahaya",
  "kodepos" : "31452"
}, {
  "kecamatan" : "Kikim Barat",
  "kelurahan" : "Jajaran Baru",
  "kodepos" : "31452"
}, {
  "kecamatan" : "Kikim Timur",
  "kelurahan" : "Gunung Kembang",
  "kodepos" : "31452"
}, {
  "kecamatan" : "Kikim Selatan",
  "kelurahan" : "Jagabaya",
  "kodepos" : "31452"
}, {
  "kecamatan" : "Kikim Timur",
  "kelurahan" : "Gelumbang",
  "kodepos" : "31452"
}, {
  "kecamatan" : "Kikim Timur",
  "kelurahan" : "Gunung Aji",
  "kodepos" : "31452"
}, {
  "kecamatan" : "Kikim Timur",
  "kelurahan" : "Gunung Karto",
  "kodepos" : "31452"
}, {
  "kecamatan" : "Kikim Timur",
  "kelurahan" : "Datar Serdang",
  "kodepos" : "31452"
}, {
  "kecamatan" : "Kikim Timur",
  "kelurahan" : "Gedung Agung",
  "kodepos" : "31452"
}, {
  "kecamatan" : "Kikim Timur",
  "kelurahan" : "Bunga Mas",
  "kodepos" : "31452"
}, {
  "kecamatan" : "Kikim Timur",
  "kelurahan" : "Cempaka Sakti",
  "kodepos" : "31452"
}, {
  "kecamatan" : "Kikim Timur",
  "kelurahan" : "Cecar",
  "kodepos" : "31452"
}, {
  "kecamatan" : "Kikim Barat",
  "kelurahan" : "Darma Raharja",
  "kodepos" : "31452"
}, {
  "kecamatan" : "Kikim Timur",
  "kelurahan" : "Batu Urip",
  "kodepos" : "31452"
}, {
  "kecamatan" : "Kikim Timur",
  "kelurahan" : "Cecar",
  "kodepos" : "31452"
}, {
  "kecamatan" : "Kikim Selatan",
  "kelurahan" : "Beringin Jaya",
  "kodepos" : "31452"
}, {
  "kecamatan" : "Kikim Tengah",
  "kelurahan" : "Banyumas",
  "kodepos" : "31452"
}, {
  "kecamatan" : "Kikim Barat",
  "kelurahan" : "Bandarjaya",
  "kodepos" : "31452"
}, {
  "kecamatan" : "Kikim Selatan",
  "kelurahan" : "Banuayu",
  "kodepos" : "31452"
}, {
  "kecamatan" : "Kikim Timur",
  "kelurahan" : "Babat Lama",
  "kodepos" : "31452"
}, {
  "kecamatan" : "Kikim Barat",
  "kelurahan" : "Babat Baru",
  "kodepos" : "31452"
}, {
  "kecamatan" : "Lahat",
  "kelurahan" : "Ulak Lebar",
  "kodepos" : "31419"
}, {
  "kecamatan" : "Gumay Talang",
  "kelurahan" : "Tanah Pilih",
  "kodepos" : "31419"
}, {
  "kecamatan" : "Lahat",
  "kelurahan" : "Ulak Mas",
  "kodepos" : "31419"
}, {
  "kecamatan" : "Pseksu",
  "kelurahan" : "Talang Tinggi",
  "kodepos" : "31419"
}, {
  "kecamatan" : "Lahat",
  "kelurahan" : "Tanjung Tebat",
  "kodepos" : "31419"
}, {
  "kecamatan" : "Lahat",
  "kelurahan" : "Sukanegara",
  "kodepos" : "31419"
}, {
  "kecamatan" : "Lahat",
  "kelurahan" : "Tanjung Payang",
  "kodepos" : "31419"
}, {
  "kecamatan" : "Gumay Talang",
  "kelurahan" : "Sukarami",
  "kodepos" : "31419"
}, {
  "kecamatan" : "Gumay Talang",
  "kelurahan" : "Tanjung Periuk",
  "kodepos" : "31419"
}, {
  "kecamatan" : "Pseksu",
  "kelurahan" : "Sukajadi",
  "kodepos" : "31419"
}, {
  "kecamatan" : "Pseksu",
  "kelurahan" : "Tanjung Raya",
  "kodepos" : "31419"
}, {
  "kecamatan" : "Gumay Talang",
  "kelurahan" : "Suka Makmur",
  "kodepos" : "31419"
}, {
  "kecamatan" : "Gumay Talang",
  "kelurahan" : "Tanjung Dalam",
  "kodepos" : "31419"
}, {
  "kecamatan" : "Lahat",
  "kelurahan" : "Selawi",
  "kodepos" : "31419"
}, {
  "kecamatan" : "Gumay Talang",
  "kelurahan" : "Tanjung Karangan",
  "kodepos" : "31419"
}, {
  "kecamatan" : "Lahat",
  "kelurahan" : "Senabing",
  "kodepos" : "31419"
}, {
  "kecamatan" : "Gumay Talang",
  "kelurahan" : "Tanjung Baru",
  "kodepos" : "31419"
}, {
  "kecamatan" : "Gumay Talang",
  "kelurahan" : "Sugih Waras",
  "kodepos" : "31419"
}, {
  "kecamatan" : "Gumay Talang",
  "kelurahan" : "Tanjung Beringin",
  "kodepos" : "31419"
}, {
  "kecamatan" : "Lahat",
  "kelurahan" : "Rd PJKA Bandar Agung",
  "kodepos" : "31419"
}, {
  "kecamatan" : "Pseksu",
  "kelurahan" : "Tanjung Agung",
  "kodepos" : "31419"
}, {
  "kecamatan" : "Lahat",
  "kelurahan" : "Sari Bunga Mas",
  "kodepos" : "31419"
}, {
  "kecamatan" : "Lahat",
  "kelurahan" : "Pagar Sari",
  "kodepos" : "31419"
}, {
  "kecamatan" : "Pseksu",
  "kelurahan" : "Penandingan",
  "kodepos" : "31419"
}, {
  "kecamatan" : "Lahat",
  "kelurahan" : "Padang Lengkuas",
  "kodepos" : "31419"
}, {
  "kecamatan" : "Lahat",
  "kelurahan" : "Pagar Negara",
  "kodepos" : "31419"
}, {
  "kecamatan" : "Gumay Talang",
  "kelurahan" : "Ngalam Baru",
  "kodepos" : "31419"
}, {
  "kecamatan" : "Gumay Talang",
  "kelurahan" : "Muara Tandi",
  "kodepos" : "31419"
}, {
  "kecamatan" : "Lahat",
  "kelurahan" : "Nantal",
  "kodepos" : "31419"
}, {
  "kecamatan" : "Pseksu",
  "kelurahan" : "Muara Cawang",
  "kodepos" : "31419"
}, {
  "kecamatan" : "Lahat",
  "kelurahan" : "Manggul",
  "kodepos" : "31419"
}, {
  "kecamatan" : "Lahat",
  "kelurahan" : "Makartitama",
  "kodepos" : "31419"
}, {
  "kecamatan" : "Pseksu",
  "kelurahan" : "Lubuk Tuba",
  "kodepos" : "31419"
}, {
  "kecamatan" : "Gumay Talang",
  "kelurahan" : "Mandi Angin",
  "kodepos" : "31419"
}, {
  "kecamatan" : "Lahat",
  "kelurahan" : "Lahat Tengah",
  "kodepos" : "31419"
}, {
  "kecamatan" : "Pseksu",
  "kelurahan" : "Lubuk Atung",
  "kodepos" : "31419"
}, {
  "kecamatan" : "Pseksu",
  "kelurahan" : "Lubuk Mabar",
  "kodepos" : "31419"
}, {
  "kecamatan" : "Lahat",
  "kelurahan" : "Keban",
  "kodepos" : "31419"
}, {
  "kecamatan" : "Lahat",
  "kelurahan" : "Kota Raya",
  "kodepos" : "31419"
}, {
  "kecamatan" : "Lahat",
  "kelurahan" : "Girimuliya",
  "kodepos" : "31419"
}, {
  "kecamatan" : "Lahat",
  "kelurahan" : "Karang Anyar",
  "kodepos" : "31419"
}, {
  "kecamatan" : "Lahat",
  "kelurahan" : "Karang Baru",
  "kodepos" : "31419"
}, {
  "kecamatan" : "Gumay Talang",
  "kelurahan" : "Darmo",
  "kodepos" : "31419"
}, {
  "kecamatan" : "Gumay Talang",
  "kelurahan" : "Endikat Ilir",
  "kodepos" : "31419"
}, {
  "kecamatan" : "Pseksu",
  "kelurahan" : "Batuniding",
  "kodepos" : "31419"
}, {
  "kecamatan" : "Lahat",
  "kelurahan" : "Bd PJKA Lahat",
  "kodepos" : "31419"
}, {
  "kecamatan" : "Gumay Talang",
  "kelurahan" : "Batay",
  "kodepos" : "31419"
}, {
  "kecamatan" : "Lahat",
  "kelurahan" : "Bandar Jaya",
  "kodepos" : "31419"
}, {
  "kecamatan" : "Lahat",
  "kelurahan" : "Banjar Negara",
  "kodepos" : "31419"
}, {
  "kecamatan" : "Pseksu",
  "kelurahan" : "Pagar Agung",
  "kodepos" : "31417"
}, {
  "kecamatan" : "Lahat",
  "kelurahan" : "Gunung Gajah",
  "kodepos" : "31418"
}, {
  "kecamatan" : "Lahat",
  "kelurahan" : "Talang Jawa Utara",
  "kodepos" : "31416"
}, {
  "kecamatan" : "Lahat",
  "kelurahan" : "Pagar Agung",
  "kodepos" : "31417"
}, {
  "kecamatan" : "Lahat",
  "kelurahan" : "Talang Jawa Selatan",
  "kodepos" : "31416"
}, {
  "kecamatan" : "Lahat",
  "kelurahan" : "Talang Jawa Induk",
  "kodepos" : "31416"
}, {
  "kecamatan" : "Lahat",
  "kelurahan" : "Bandar Agung",
  "kodepos" : "31414"
}, {
  "kecamatan" : "Lahat",
  "kelurahan" : "Kota Negara",
  "kodepos" : "31414"
}, {
  "kecamatan" : "Lahat",
  "kelurahan" : "Kota Baru",
  "kodepos" : "31415"
}, {
  "kecamatan" : "Lahat",
  "kelurahan" : "Pasar Bawah",
  "kodepos" : "31412"
}, {
  "kecamatan" : "Lahat",
  "kelurahan" : "Pasar Lama",
  "kodepos" : "31413"
}, {
  "kecamatan" : "Lahat",
  "kelurahan" : "Pasar Baru",
  "kodepos" : "31411"
}, {
  "kecamatan" : "Lahat",
  "kelurahan" : "Kota Jaya",
  "kodepos" : "31412"
}, {
  "kecamatan" : "Pajar Bulan",
  "kelurahan" : "Ulak Bandung",
  "kodepos" : "31356"
}, {
  "kecamatan" : "Pajar Bulan",
  "kelurahan" : "Tongkok",
  "kodepos" : "31356"
}, {
  "kecamatan" : "Sukamerindu",
  "kelurahan" : "Tanjung Raya",
  "kodepos" : "31356"
}, {
  "kecamatan" : "Sukamerindu",
  "kelurahan" : "Tanjung Agung",
  "kodepos" : "31356"
}, {
  "kecamatan" : "Pajar Bulan",
  "kelurahan" : "Talang Tangsi",
  "kodepos" : "31356"
}, {
  "kecamatan" : "Pajar Bulan",
  "kelurahan" : "Talang Pagar Agung",
  "kodepos" : "31356"
}, {
  "kecamatan" : "Pajar Bulan",
  "kelurahan" : "Talang Mengkenang",
  "kodepos" : "31356"
}, {
  "kecamatan" : "Pajar Bulan",
  "kelurahan" : "Talang Padang Tinggi",
  "kodepos" : "31356"
}, {
  "kecamatan" : "Pajar Bulan",
  "kelurahan" : "Talang Baru",
  "kodepos" : "31356"
}, {
  "kecamatan" : "Pajar Bulan",
  "kelurahan" : "Sumur",
  "kodepos" : "31356"
}, {
  "kecamatan" : "Sukamerindu",
  "kelurahan" : "Sukaraja",
  "kodepos" : "31356"
}, {
  "kecamatan" : "Sukamerindu",
  "kelurahan" : "Sukamerindu",
  "kodepos" : "31356"
}, {
  "kecamatan" : "Pajar Bulan",
  "kelurahan" : "Sukabumi",
  "kodepos" : "31356"
}, {
  "kecamatan" : "Sukamerindu",
  "kelurahan" : "Rambai Kaca",
  "kodepos" : "31356"
}, {
  "kecamatan" : "Pajar Bulan",
  "kelurahan" : "Pulau Panggung",
  "kodepos" : "31356"
}, {
  "kecamatan" : "Pajar Bulan",
  "kelurahan" : "Pulau",
  "kodepos" : "31356"
}, {
  "kecamatan" : "Pajar Bulan",
  "kelurahan" : "Pajar Tinggi",
  "kodepos" : "31356"
}, {
  "kecamatan" : "Pajar Bulan",
  "kelurahan" : "Pajar Bulan",
  "kodepos" : "31356"
}, {
  "kecamatan" : "Sukamerindu",
  "kelurahan" : "Pagar Kaya",
  "kodepos" : "31356"
}, {
  "kecamatan" : "Pajar Bulan",
  "kelurahan" : "Kota Raya Lembak",
  "kodepos" : "31356"
}, {
  "kecamatan" : "Pajar Bulan",
  "kelurahan" : "Kota Raya Darat",
  "kodepos" : "31356"
}, {
  "kecamatan" : "Sukamerindu",
  "kelurahan" : "Karang Caya",
  "kodepos" : "31356"
}, {
  "kecamatan" : "Sukamerindu",
  "kelurahan" : "Kapitan",
  "kodepos" : "31356"
}, {
  "kecamatan" : "Pajar Bulan",
  "kelurahan" : "Jentian",
  "kodepos" : "31356"
}, {
  "kecamatan" : "Sukamerindu",
  "kelurahan" : "Gunung Liwat",
  "kodepos" : "31356"
}, {
  "kecamatan" : "Sukamerindu",
  "kelurahan" : "Guru Agung",
  "kodepos" : "31356"
}, {
  "kecamatan" : "Pajar Bulan",
  "kelurahan" : "Gelung Sakti",
  "kodepos" : "31356"
}, {
  "kecamatan" : "Pajar Bulan",
  "kelurahan" : "Benua Raja",
  "kodepos" : "31356"
}, {
  "kecamatan" : "Pajar Bulan",
  "kelurahan" : "Bantunan",
  "kodepos" : "31356"
}, {
  "kecamatan" : "Pajar Bulan",
  "kelurahan" : "Aceh",
  "kodepos" : "31356"
} ]
