[ {
  "kecamatan" : "Pagar Alam Utara",
  "kelurahan" : "Sukorejo",
  "kodepos" : "31551"
}, {
  "kecamatan" : "Pagar Alam Selatan",
  "kelurahan" : "Gunung Dempo",
  "kodepos" : "31529"
}, {
  "kecamatan" : "Pagar Alam Selatan",
  "kelurahan" : "Sidorejo",
  "kodepos" : "31527"
}, {
  "kecamatan" : "Pagar Alam Selatan",
  "kelurahan" : "Nendagung",
  "kodepos" : "31527"
}, {
  "kecamatan" : "Pagar Alam Selatan",
  "kelurahan" : "Ulu Lurah/Rurah",
  "kodepos" : "31526"
}, {
  "kecamatan" : "Pagar Alam Selatan",
  "kelurahan" : "Tumbak Ulas",
  "kodepos" : "31526"
}, {
  "kecamatan" : "Pagar Alam Selatan",
  "kelurahan" : "Tebat Giri Indah",
  "kodepos" : "31526"
}, {
  "kecamatan" : "Pagar Alam Selatan",
  "kelurahan" : "Besemah Serasan",
  "kodepos" : "31526"
}, {
  "kecamatan" : "Pagar Alam Selatan",
  "kelurahan" : "Tanjung Payang",
  "kodepos" : "31522"
}, {
  "kecamatan" : "Dempo Utara",
  "kelurahan" : "Reba Tinggi",
  "kodepos" : "31521"
}, {
  "kecamatan" : "Dempo Selatan",
  "kelurahan" : "Prahu Dipo",
  "kodepos" : "31521"
}, {
  "kecamatan" : "Dempo Selatan",
  "kelurahan" : "Penjalang",
  "kodepos" : "31521"
}, {
  "kecamatan" : "Dempo Tengah",
  "kelurahan" : "Padang Temu",
  "kodepos" : "31521"
}, {
  "kecamatan" : "Dempo Tengah",
  "kelurahan" : "Pelang Kenidai",
  "kodepos" : "31521"
}, {
  "kecamatan" : "Dempo Utara",
  "kelurahan" : "Muara Siban",
  "kodepos" : "31521"
}, {
  "kecamatan" : "Dempo Selatan",
  "kelurahan" : "Lubuk Buntak",
  "kodepos" : "31521"
}, {
  "kecamatan" : "Dempo Tengah",
  "kelurahan" : "Karang Dalo",
  "kodepos" : "31521"
}, {
  "kecamatan" : "Dempo Selatan",
  "kelurahan" : "Kance Diwe",
  "kodepos" : "31521"
}, {
  "kecamatan" : "Dempo Tengah",
  "kelurahan" : "Jokoh",
  "kodepos" : "31521"
}, {
  "kecamatan" : "Dempo Utara",
  "kelurahan" : "Jangkar Mas",
  "kodepos" : "31521"
}, {
  "kecamatan" : "Dempo Tengah",
  "kelurahan" : "Candi Jaya",
  "kodepos" : "31521"
}, {
  "kecamatan" : "Dempo Utara",
  "kelurahan" : "Bumi Agung",
  "kodepos" : "31521"
}, {
  "kecamatan" : "Dempo Utara",
  "kelurahan" : "Burung Dinang",
  "kodepos" : "31521"
}, {
  "kecamatan" : "Dempo Selatan",
  "kelurahan" : "Atung Bungsu",
  "kodepos" : "31521"
}, {
  "kecamatan" : "Pagar Alam Utara",
  "kelurahan" : "Dempo Makmur",
  "kodepos" : "31519"
}, {
  "kecamatan" : "Dempo Utara",
  "kelurahan" : "Agung Lawangan",
  "kodepos" : "31521"
}, {
  "kecamatan" : "Pagar Alam Utara",
  "kelurahan" : "Curup Jare",
  "kodepos" : "31516"
}, {
  "kecamatan" : "Pagar Alam Utara",
  "kelurahan" : "Bangun Rejo",
  "kodepos" : "31517"
}, {
  "kecamatan" : "Pagar Alam Utara",
  "kelurahan" : "Selibar",
  "kodepos" : "31515"
}, {
  "kecamatan" : "Dempo Utara",
  "kelurahan" : "Pagar Wangi",
  "kodepos" : "31515"
}, {
  "kecamatan" : "Pagar Alam Utara",
  "kelurahan" : "Kuripan Babas",
  "kodepos" : "31514"
}, {
  "kecamatan" : "Pagar Alam Utara",
  "kelurahan" : "Pagar Alam",
  "kodepos" : "31512"
}, {
  "kecamatan" : "Pagar Alam Utara",
  "kelurahan" : "Alun Dua",
  "kodepos" : "31513"
}, {
  "kecamatan" : "Pagar Alam Utara",
  "kelurahan" : "Beringin Jaya",
  "kodepos" : "31511"
}, {
  "kecamatan" : "Pagar Alam Utara",
  "kelurahan" : "Bangun Jaya",
  "kodepos" : "31512"
} ]
