[ {
  "kecamatan" : "Prabumulih Barat",
  "kelurahan" : "Tanjung Telang",
  "kodepos" : "31146"
}, {
  "kecamatan" : "Cambai",
  "kelurahan" : "Muara Sungai",
  "kodepos" : "31144"
}, {
  "kecamatan" : "Cambai",
  "kelurahan" : "Sungai Medang",
  "kodepos" : "31145"
}, {
  "kecamatan" : "Cambai",
  "kelurahan" : "Sindur",
  "kodepos" : "31142"
}, {
  "kecamatan" : "Cambai",
  "kelurahan" : "Pangkul",
  "kodepos" : "31143"
}, {
  "kecamatan" : "Prabumulih Barat",
  "kelurahan" : "Payu Putat",
  "kodepos" : "31141"
}, {
  "kecamatan" : "Rambang Kapak Tengah",
  "kelurahan" : "Karya Mulya",
  "kodepos" : "31135"
}, {
  "kecamatan" : "Cambai",
  "kelurahan" : "Cambai",
  "kodepos" : "31141"
}, {
  "kecamatan" : "Prabumulih Selatan",
  "kelurahan" : "Tanjung Menang",
  "kodepos" : "31134"
}, {
  "kecamatan" : "Rambang Kapak Tengah",
  "kelurahan" : "Karang Bindu",
  "kodepos" : "31133"
}, {
  "kecamatan" : "Rambang Kapak Tengah",
  "kelurahan" : "Tanjung Rambang",
  "kodepos" : "31131"
}, {
  "kecamatan" : "Rambang Kapak Tengah",
  "kelurahan" : "Sinar Rambang",
  "kodepos" : "31131"
}, {
  "kecamatan" : "Rambang Kapak Tengah",
  "kelurahan" : "Rambang Senuling",
  "kodepos" : "31132"
}, {
  "kecamatan" : "Rambang Kapak Tengah",
  "kelurahan" : "Talang Batu",
  "kodepos" : "31131"
}, {
  "kecamatan" : "Rambang Kapak Tengah",
  "kelurahan" : "Karangan",
  "kodepos" : "31131"
}, {
  "kecamatan" : "Rambang Kapak Tengah",
  "kelurahan" : "Kembang Tanduk",
  "kodepos" : "31131"
}, {
  "kecamatan" : "Rambang Kapak Tengah",
  "kelurahan" : "Jungai",
  "kodepos" : "31131"
}, {
  "kecamatan" : "Prabumulih Barat",
  "kelurahan" : "Patih Galung",
  "kodepos" : "31127"
}, {
  "kecamatan" : "Prabumulih Utara",
  "kelurahan" : "Wonosari",
  "kodepos" : "31126"
}, {
  "kecamatan" : "Prabumulih Selatan",
  "kelurahan" : "Majasari",
  "kodepos" : "31124"
}, {
  "kecamatan" : "Prabumulih Utara",
  "kelurahan" : "Mangga Besar",
  "kodepos" : "31125"
}, {
  "kecamatan" : "Prabumulih Barat",
  "kelurahan" : "Prabumulih",
  "kodepos" : "31123"
}, {
  "kecamatan" : "Prabumulih Utara",
  "kelurahan" : "Pasar Prabumulih II",
  "kodepos" : "31121"
}, {
  "kecamatan" : "Prabumulih Barat",
  "kelurahan" : "Gunung Kemala",
  "kodepos" : "31122"
}, {
  "kecamatan" : "Prabumulih Utara",
  "kelurahan" : "Pasar Prabumulih",
  "kodepos" : "31121"
}, {
  "kecamatan" : "Prabumulih Barat",
  "kelurahan" : "Muntang Tapus",
  "kodepos" : "31121"
}, {
  "kecamatan" : "Prabumulih Timur",
  "kelurahan" : "Gunung Ibul Barat",
  "kodepos" : "31117"
}, {
  "kecamatan" : "Prabumulih Utara",
  "kelurahan" : "Anak Petai",
  "kodepos" : "31121"
}, {
  "kecamatan" : "Prabumulih Selatan",
  "kelurahan" : "Sukaraja",
  "kodepos" : "31112"
}, {
  "kecamatan" : "Prabumulih Timur",
  "kelurahan" : "Karang Jaya",
  "kodepos" : "31115"
}, {
  "kecamatan" : "Prabumulih Timur",
  "kelurahan" : "Sukajadi",
  "kodepos" : "31111"
}, {
  "kecamatan" : "Prabumulih Selatan",
  "kelurahan" : "Tanjung Raman",
  "kodepos" : "31116"
}, {
  "kecamatan" : "Prabumulih Timur",
  "kelurahan" : "Tugu Kecil",
  "kodepos" : "31111"
}, {
  "kecamatan" : "Prabumulih Timur",
  "kelurahan" : "Muara Dua",
  "kodepos" : "31113"
}, {
  "kecamatan" : "Prabumulih Timur",
  "kelurahan" : "Prabu Jaya",
  "kodepos" : "31111"
}, {
  "kecamatan" : "Prabumulih Selatan",
  "kelurahan" : "Sukaraja",
  "kodepos" : "31112"
}, {
  "kecamatan" : "Prabumulih Timur",
  "kelurahan" : "Karang Raja",
  "kodepos" : "31111"
} ]
