[ {
  "kecamatan" : "Air Salek",
  "kelurahan" : "Upang Marga",
  "kodepos" : "30975"
}, {
  "kecamatan" : "Air Salek",
  "kelurahan" : "Upang",
  "kodepos" : "30975"
}, {
  "kecamatan" : "Muara Padang",
  "kelurahan" : "Tirto Raharjo",
  "kodepos" : "30975"
}, {
  "kecamatan" : "Muara Sugihan",
  "kelurahan" : "Tirto Harjo",
  "kodepos" : "30975"
}, {
  "kecamatan" : "Muara Padang",
  "kelurahan" : "Tirta Jaya",
  "kodepos" : "30975"
}, {
  "kecamatan" : "Muara Sugihan",
  "kelurahan" : "Tirta/Tirto Mulyo",
  "kodepos" : "30975"
}, {
  "kecamatan" : "Muara Padang",
  "kelurahan" : "Tanjung Baru",
  "kodepos" : "30975"
}, {
  "kecamatan" : "Muara Sugihan",
  "kelurahan" : "Timbul Jaya",
  "kodepos" : "30975"
}, {
  "kecamatan" : "Muara Padang",
  "kelurahan" : "Sumber Makmur",
  "kodepos" : "30975"
}, {
  "kecamatan" : "Muara Sugihan",
  "kelurahan" : "Sumber Mulyo",
  "kodepos" : "30975"
}, {
  "kecamatan" : "Muara Sugihan",
  "kelurahan" : "Sugih Waras",
  "kodepos" : "30975"
}, {
  "kecamatan" : "Air Salek",
  "kelurahan" : "Srimulyo",
  "kodepos" : "30975"
}, {
  "kecamatan" : "Muara Padang",
  "kelurahan" : "Sidomulyo 18",
  "kodepos" : "30975"
}, {
  "kecamatan" : "Muara Padang",
  "kelurahan" : "Sidomulyo 20",
  "kodepos" : "30975"
}, {
  "kecamatan" : "Air Salek",
  "kelurahan" : "Sidoharjo",
  "kodepos" : "30975"
}, {
  "kecamatan" : "Muara Padang",
  "kelurahan" : "Sidorejo",
  "kodepos" : "30975"
}, {
  "kecamatan" : "Muara Sugihan",
  "kelurahan" : "Rejosari",
  "kodepos" : "30975"
}, {
  "kecamatan" : "Air Salek",
  "kelurahan" : "Srikaton",
  "kodepos" : "30975"
}, {
  "kecamatan" : "Muara Sugihan",
  "kelurahan" : "Sido Makmur",
  "kodepos" : "30975"
}, {
  "kecamatan" : "Air Salek",
  "kelurahan" : "Saleh Makmur",
  "kodepos" : "30975"
}, {
  "kecamatan" : "Muara Padang",
  "kelurahan" : "Muara Padang",
  "kodepos" : "30975"
}, {
  "kecamatan" : "Muara Padang",
  "kelurahan" : "Purwodadi",
  "kodepos" : "30975"
}, {
  "kecamatan" : "Muara Padang",
  "kelurahan" : "Margomulyo 20",
  "kodepos" : "30975"
}, {
  "kecamatan" : "Muara Sugihan",
  "kelurahan" : "Margo Mulyo 16",
  "kodepos" : "30975"
}, {
  "kecamatan" : "Muara Sugihan",
  "kelurahan" : "Mekar Jaya",
  "kodepos" : "30975"
}, {
  "kecamatan" : "Muara Padang",
  "kelurahan" : "Marga Sugihan",
  "kodepos" : "30975"
}, {
  "kecamatan" : "Muara Sugihan",
  "kelurahan" : "Marega Rukun (Margo/Marga Rukun)",
  "kodepos" : "30975"
}, {
  "kecamatan" : "Muara Sugihan",
  "kelurahan" : "Juru Taro (Taroh)",
  "kodepos" : "30975"
}, {
  "kecamatan" : "Muara Sugihan",
  "kelurahan" : "Kuala/Kualo Sugihan",
  "kodepos" : "30975"
}, {
  "kecamatan" : "Muara Padang",
  "kelurahan" : "Karang Anyar",
  "kodepos" : "30975"
}, {
  "kecamatan" : "Muara Sugihan",
  "kelurahan" : "Gilirang",
  "kodepos" : "30975"
}, {
  "kecamatan" : "Muara Sugihan",
  "kelurahan" : "Indrapura",
  "kodepos" : "30975"
}, {
  "kecamatan" : "Muara Sugihan",
  "kelurahan" : "Jalur Mulya",
  "kodepos" : "30975"
}, {
  "kecamatan" : "Muara Sugihan",
  "kelurahan" : "Ganesha Mukti",
  "kodepos" : "30975"
}, {
  "kecamatan" : "Air Salek",
  "kelurahan" : "Enggalrejo",
  "kodepos" : "30975"
}, {
  "kecamatan" : "Muara Sugihan",
  "kelurahan" : "Ganesha Mukti",
  "kodepos" : "30975"
}, {
  "kecamatan" : "Muara Padang",
  "kelurahan" : "Daya Makmur",
  "kodepos" : "30975"
}, {
  "kecamatan" : "Muara Sugihan",
  "kelurahan" : "Daya Kusuma/Kesuma",
  "kodepos" : "30975"
}, {
  "kecamatan" : "Muara Sugihan",
  "kelurahan" : "Daya Murni",
  "kodepos" : "30975"
}, {
  "kecamatan" : "Air Salek",
  "kelurahan" : "Damarwulan",
  "kodepos" : "30975"
}, {
  "kecamatan" : "Muara Sugihan",
  "kelurahan" : "Cendana",
  "kodepos" : "30975"
}, {
  "kecamatan" : "Muara Sugihan",
  "kelurahan" : "Daya Bangun Harjo",
  "kodepos" : "30975"
}, {
  "kecamatan" : "Air Salek",
  "kelurahan" : "Bintaran",
  "kodepos" : "30975"
}, {
  "kecamatan" : "Muara Sugihan",
  "kelurahan" : "Beringin Agung",
  "kodepos" : "30975"
}, {
  "kecamatan" : "Air Salek",
  "kelurahan" : "Air Solok Batu",
  "kodepos" : "30975"
}, {
  "kecamatan" : "Muara Sugihan",
  "kelurahan" : "Argo Mulyo",
  "kodepos" : "30975"
}, {
  "kecamatan" : "Muara Padang",
  "kelurahan" : "Air Gading",
  "kodepos" : "30975"
}, {
  "kecamatan" : "Muara Telang",
  "kelurahan" : "Upang Karya",
  "kodepos" : "30974"
}, {
  "kecamatan" : "Muara Telang",
  "kelurahan" : "Upang Ceria",
  "kodepos" : "30974"
}, {
  "kecamatan" : "Muara Telang",
  "kelurahan" : "Upang Jaya",
  "kodepos" : "30974"
}, {
  "kecamatan" : "Muara Telang",
  "kelurahan" : "Upang Cemara",
  "kodepos" : "30974"
}, {
  "kecamatan" : "Sumber Marga Telang",
  "kelurahan" : "Terusan Tengah",
  "kodepos" : "30974"
}, {
  "kecamatan" : "Sumber Marga Telang",
  "kelurahan" : "Terusan Dalam",
  "kodepos" : "30974"
}, {
  "kecamatan" : "Sumber Marga Telang",
  "kelurahan" : "Terusan Muara",
  "kodepos" : "30974"
}, {
  "kecamatan" : "Tanjung Lago",
  "kelurahan" : "Telang Sari",
  "kodepos" : "30974"
}, {
  "kecamatan" : "Muara Telang",
  "kelurahan" : "Telang Makmur",
  "kodepos" : "30974"
}, {
  "kecamatan" : "Muara Telang",
  "kelurahan" : "Telang Rejo",
  "kodepos" : "30974"
}, {
  "kecamatan" : "Muara Telang",
  "kelurahan" : "Telang Karya",
  "kodepos" : "30974"
}, {
  "kecamatan" : "Muara Telang",
  "kelurahan" : "Telang Jaya",
  "kodepos" : "30974"
}, {
  "kecamatan" : "Sumber Marga Telang",
  "kelurahan" : "Talang Lubuk",
  "kodepos" : "30974"
}, {
  "kecamatan" : "Muara Telang",
  "kelurahan" : "Talang Indah",
  "kodepos" : "30974"
}, {
  "kecamatan" : "Muara Telang",
  "kelurahan" : "Sumber Mulya",
  "kodepos" : "30974"
}, {
  "kecamatan" : "Sumber Marga Telang",
  "kelurahan" : "Sumber Jaya",
  "kodepos" : "30974"
}, {
  "kecamatan" : "Muara Telang",
  "kelurahan" : "Sumber Hidup",
  "kodepos" : "30974"
}, {
  "kecamatan" : "Sumber Marga Telang",
  "kelurahan" : "Sri Tiga",
  "kodepos" : "30974"
}, {
  "kecamatan" : "Tanjung Lago",
  "kelurahan" : "Purwosari",
  "kodepos" : "30974"
}, {
  "kecamatan" : "Muara Telang",
  "kelurahan" : "Panca Mukti",
  "kodepos" : "30974"
}, {
  "kecamatan" : "Tanjung Lago",
  "kelurahan" : "Mulya Sari",
  "kodepos" : "30974"
}, {
  "kecamatan" : "Muara Telang",
  "kelurahan" : "Mukti Jaya",
  "kodepos" : "30974"
}, {
  "kecamatan" : "Sumber Marga Telang",
  "kelurahan" : "Muara Telang Marga/Margo",
  "kodepos" : "30974"
}, {
  "kecamatan" : "Sumber Marga Telang",
  "kelurahan" : "Muara Telang",
  "kodepos" : "30974"
}, {
  "kecamatan" : "Muara Telang",
  "kelurahan" : "Mekar Sari",
  "kodepos" : "30974"
}, {
  "kecamatan" : "Muara Telang",
  "kelurahan" : "Mekar Mukti",
  "kodepos" : "30974"
}, {
  "kecamatan" : "Muara Telang",
  "kelurahan" : "Marga Rahayu",
  "kodepos" : "30974"
}, {
  "kecamatan" : "Sumber Marga Telang",
  "kelurahan" : "Karang Baru",
  "kodepos" : "30974"
}, {
  "kecamatan" : "Sumber Marga Telang",
  "kelurahan" : "Karang Anyar",
  "kodepos" : "30974"
}, {
  "kecamatan" : "Makarti Jaya",
  "kelurahan" : "Upang Mulya",
  "kodepos" : "30972"
}, {
  "kecamatan" : "Makarti Jaya",
  "kelurahan" : "Upang Makmur",
  "kodepos" : "30972"
}, {
  "kecamatan" : "Makarti Jaya",
  "kelurahan" : "Tirta Kencana",
  "kodepos" : "30972"
}, {
  "kecamatan" : "Makarti Jaya",
  "kelurahan" : "Tanjungmas",
  "kodepos" : "30972"
}, {
  "kecamatan" : "Makarti Jaya",
  "kelurahan" : "Tanjungbaru",
  "kodepos" : "30972"
}, {
  "kecamatan" : "Makarti Jaya",
  "kelurahan" : "Sungaisemut",
  "kodepos" : "30972"
}, {
  "kecamatan" : "Air Salek",
  "kelurahan" : "Salek/Saleh Mulya",
  "kodepos" : "30972"
}, {
  "kecamatan" : "Air Salek",
  "kelurahan" : "Salek/Saleh Mukti",
  "kodepos" : "30972"
}, {
  "kecamatan" : "Air Salek",
  "kelurahan" : "Salek/Saleh Agung (Makmur)",
  "kodepos" : "30972"
}, {
  "kecamatan" : "Air Salek",
  "kelurahan" : "Salek/Saleh Jaya",
  "kodepos" : "30972"
}, {
  "kecamatan" : "Makarti Jaya",
  "kelurahan" : "Purwosari",
  "kodepos" : "30972"
}, {
  "kecamatan" : "Makarti Jaya",
  "kelurahan" : "Pengestu",
  "kodepos" : "30972"
}, {
  "kecamatan" : "Makarti Jaya",
  "kelurahan" : "Muarabaru",
  "kodepos" : "30972"
}, {
  "kecamatan" : "Makarti Jaya",
  "kelurahan" : "Pendowo Harjo",
  "kodepos" : "30972"
}, {
  "kecamatan" : "Makarti Jaya",
  "kelurahan" : "Makarti Jaya",
  "kodepos" : "30972"
}, {
  "kecamatan" : "Makarti Jaya",
  "kelurahan" : "Delta Upang",
  "kodepos" : "30972"
}, {
  "kecamatan" : "Banyuasin II",
  "kelurahan" : "Teluk Payo",
  "kodepos" : "30971"
}, {
  "kecamatan" : "Banyuasin II",
  "kelurahan" : "Tanah Pilih",
  "kodepos" : "30971"
}, {
  "kecamatan" : "Banyuasin II",
  "kelurahan" : "Sungsang IV",
  "kodepos" : "30971"
}, {
  "kecamatan" : "Banyuasin II",
  "kelurahan" : "Tabala Jaya",
  "kodepos" : "30971"
}, {
  "kecamatan" : "Banyuasin II",
  "kelurahan" : "Sungsang III",
  "kodepos" : "30971"
}, {
  "kecamatan" : "Banyuasin II",
  "kelurahan" : "Sungsang II",
  "kodepos" : "30971"
}, {
  "kecamatan" : "Banyuasin II",
  "kelurahan" : "Sumber Rejeki",
  "kodepos" : "30971"
}, {
  "kecamatan" : "Banyuasin II",
  "kelurahan" : "Sungsang I",
  "kodepos" : "30971"
}, {
  "kecamatan" : "Banyuasin II",
  "kelurahan" : "Rimau Sungsang",
  "kodepos" : "30971"
}, {
  "kecamatan" : "Banyuasin II",
  "kelurahan" : "Sri Agung",
  "kodepos" : "30971"
}, {
  "kecamatan" : "Banyuasin II",
  "kelurahan" : "Mekarsari",
  "kodepos" : "30971"
}, {
  "kecamatan" : "Banyuasin II",
  "kelurahan" : "Muara Sungsang",
  "kodepos" : "30971"
}, {
  "kecamatan" : "Banyuasin II",
  "kelurahan" : "Perajen Jaya",
  "kodepos" : "30971"
}, {
  "kecamatan" : "Banyuasin II",
  "kelurahan" : "Majuria",
  "kodepos" : "30971"
}, {
  "kecamatan" : "Banyuasin II",
  "kelurahan" : "Marga Sungsang",
  "kodepos" : "30971"
}, {
  "kecamatan" : "Banyuasin II",
  "kelurahan" : "Karang Sari",
  "kodepos" : "30971"
}, {
  "kecamatan" : "Banyuasin II",
  "kelurahan" : "Jati Sari",
  "kodepos" : "30971"
}, {
  "kecamatan" : "Rantau Bayur",
  "kelurahan" : "Tanjung Tiga",
  "kodepos" : "30968"
}, {
  "kecamatan" : "Rantau Bayur",
  "kelurahan" : "Tebing Abang",
  "kodepos" : "30968"
}, {
  "kecamatan" : "Rantau Bayur",
  "kelurahan" : "Talang Kemang",
  "kodepos" : "30968"
}, {
  "kecamatan" : "Rantau Bayur",
  "kelurahan" : "Tanjung Menang Musi",
  "kodepos" : "30968"
}, {
  "kecamatan" : "Rantau Bayur",
  "kelurahan" : "Tanjung Pasir",
  "kodepos" : "30968"
}, {
  "kecamatan" : "Rantau Bayur",
  "kelurahan" : "Sungainaik",
  "kodepos" : "30968"
}, {
  "kecamatan" : "Rantau Bayur",
  "kelurahan" : "Sungai Lilin",
  "kodepos" : "30968"
}, {
  "kecamatan" : "Rantau Bayur",
  "kelurahan" : "Sungai Pinang",
  "kodepos" : "30968"
}, {
  "kecamatan" : "Rantau Bayur",
  "kelurahan" : "Semuntul",
  "kodepos" : "30968"
}, {
  "kecamatan" : "Rantau Bayur",
  "kelurahan" : "Sri Jaya",
  "kodepos" : "30968"
}, {
  "kecamatan" : "Rantau Bayur",
  "kelurahan" : "Sukarela",
  "kodepos" : "30968"
}, {
  "kecamatan" : "Rantau Bayur",
  "kelurahan" : "Rantau Harapan",
  "kodepos" : "30968"
}, {
  "kecamatan" : "Rantau Bayur",
  "kelurahan" : "Sejagung",
  "kodepos" : "30968"
}, {
  "kecamatan" : "Rantau Bayur",
  "kelurahan" : "Penandingan",
  "kodepos" : "30968"
}, {
  "kecamatan" : "Rantau Bayur",
  "kelurahan" : "Rantau Bayur",
  "kodepos" : "30968"
}, {
  "kecamatan" : "Rantau Bayur",
  "kelurahan" : "Muara Abab",
  "kodepos" : "30968"
}, {
  "kecamatan" : "Rantau Bayur",
  "kelurahan" : "Pagar Bulan",
  "kodepos" : "30968"
}, {
  "kecamatan" : "Rantau Bayur",
  "kelurahan" : "Peldas",
  "kodepos" : "30968"
}, {
  "kecamatan" : "Rantau Bayur",
  "kelurahan" : "Lubuk Rengas",
  "kodepos" : "30968"
}, {
  "kecamatan" : "Rantau Bayur",
  "kelurahan" : "Kemang Bejalu",
  "kodepos" : "30968"
}, {
  "kecamatan" : "Rantau Bayur",
  "kelurahan" : "Lebung",
  "kodepos" : "30968"
}, {
  "kecamatan" : "Rambutan",
  "kelurahan" : "Tanjung Merbu",
  "kodepos" : "30967"
}, {
  "kecamatan" : "Rambutan",
  "kelurahan" : "Tanjung Kerang",
  "kodepos" : "30967"
}, {
  "kecamatan" : "Rambutan",
  "kelurahan" : "Sungai Pinang",
  "kodepos" : "30967"
}, {
  "kecamatan" : "Rambutan",
  "kelurahan" : "Tanah Lembak",
  "kodepos" : "30967"
}, {
  "kecamatan" : "Rambutan",
  "kelurahan" : "Sungai Dua",
  "kodepos" : "30967"
}, {
  "kecamatan" : "Rambutan",
  "kelurahan" : "Sungai Kedukan",
  "kodepos" : "30967"
}, {
  "kecamatan" : "Rambutan",
  "kelurahan" : "Suka Pindah",
  "kodepos" : "30967"
}, {
  "kecamatan" : "Rambutan",
  "kelurahan" : "Siju",
  "kodepos" : "30967"
}, {
  "kecamatan" : "Rambutan",
  "kelurahan" : "Rambutan",
  "kodepos" : "30967"
}, {
  "kecamatan" : "Rambutan",
  "kelurahan" : "Sako",
  "kodepos" : "30967"
}, {
  "kecamatan" : "Rambutan",
  "kelurahan" : "Pelaju",
  "kodepos" : "30967"
}, {
  "kecamatan" : "Rambutan",
  "kelurahan" : "Pulau Parang",
  "kodepos" : "30967"
}, {
  "kecamatan" : "Rambutan",
  "kelurahan" : "Menten",
  "kodepos" : "30967"
}, {
  "kecamatan" : "Rambutan",
  "kelurahan" : "Pangkalan Gelebak",
  "kodepos" : "30967"
}, {
  "kecamatan" : "Rambutan",
  "kelurahan" : "Parit",
  "kodepos" : "30967"
}, {
  "kecamatan" : "Rambutan",
  "kelurahan" : "Gelebak Dalam",
  "kodepos" : "30967"
}, {
  "kecamatan" : "Rambutan",
  "kelurahan" : "Kebon Sahang",
  "kodepos" : "30967"
}, {
  "kecamatan" : "Rambutan",
  "kelurahan" : "Desa Baru",
  "kodepos" : "30967"
}, {
  "kecamatan" : "Rambutan",
  "kelurahan" : "Durian Gadis",
  "kodepos" : "30967"
}, {
  "kecamatan" : "Banyuasin I",
  "kelurahan" : "Tirto Sari",
  "kodepos" : "30962"
}, {
  "kecamatan" : "Air Kumbang",
  "kelurahan" : "Teluk Tenggirik",
  "kodepos" : "30962"
}, {
  "kecamatan" : "Air Kumbang",
  "kelurahan" : "Tirta Makmur",
  "kodepos" : "30962"
}, {
  "kecamatan" : "Banyuasin I",
  "kelurahan" : "Sungai Gerong",
  "kodepos" : "30962"
}, {
  "kecamatan" : "Banyuasin I",
  "kelurahan" : "Sungai Rebo",
  "kodepos" : "30962"
}, {
  "kecamatan" : "Air Kumbang",
  "kelurahan" : "Sido Makmur",
  "kodepos" : "30962"
}, {
  "kecamatan" : "Air Kumbang",
  "kelurahan" : "Sidomulyo",
  "kodepos" : "30962"
}, {
  "kecamatan" : "Air Kumbang",
  "kelurahan" : "Rimba Jaya",
  "kodepos" : "30962"
}, {
  "kecamatan" : "Air Kumbang",
  "kelurahan" : "Sebokor",
  "kodepos" : "30962"
}, {
  "kecamatan" : "Air Kumbang",
  "kelurahan" : "Sebubus",
  "kodepos" : "30962"
}, {
  "kecamatan" : "Banyuasin I",
  "kelurahan" : "Pulau Borang",
  "kodepos" : "30962"
}, {
  "kecamatan" : "Banyuasin I",
  "kelurahan" : "Perambahan",
  "kodepos" : "30962"
}, {
  "kecamatan" : "Banyuasin I",
  "kelurahan" : "Perambahan Baru",
  "kodepos" : "30962"
}, {
  "kecamatan" : "Banyuasin I",
  "kelurahan" : "Pematang Palas",
  "kodepos" : "30962"
}, {
  "kecamatan" : "Banyuasin I",
  "kelurahan" : "Perajen",
  "kodepos" : "30962"
}, {
  "kecamatan" : "Air Kumbang",
  "kelurahan" : "Panca Mulya",
  "kodepos" : "30962"
}, {
  "kecamatan" : "Air Kumbang",
  "kelurahan" : "Panca Desa",
  "kodepos" : "30962"
}, {
  "kecamatan" : "Air Kumbang",
  "kelurahan" : "Nusa Makmur",
  "kodepos" : "30962"
}, {
  "kecamatan" : "Air Kumbang",
  "kelurahan" : "Padang Rejo",
  "kodepos" : "30962"
}, {
  "kecamatan" : "Banyuasin I",
  "kelurahan" : "Mariana Ilir",
  "kodepos" : "30962"
}, {
  "kecamatan" : "Air Kumbang",
  "kelurahan" : "Muarabaru",
  "kodepos" : "30962"
}, {
  "kecamatan" : "Banyuasin I",
  "kelurahan" : "Merah Mata",
  "kodepos" : "30962"
}, {
  "kecamatan" : "Air Kumbang",
  "kelurahan" : "Kumbang Padang Permata",
  "kodepos" : "30962"
}, {
  "kecamatan" : "Banyuasin I",
  "kelurahan" : "Mariana",
  "kodepos" : "30962"
}, {
  "kecamatan" : "Banyuasin I",
  "kelurahan" : "Cinta Manis Lama",
  "kodepos" : "30962"
}, {
  "kecamatan" : "Banyuasin I",
  "kelurahan" : "Duren Ijo",
  "kodepos" : "30962"
}, {
  "kecamatan" : "Air Kumbang",
  "kelurahan" : "Budi Mulyo",
  "kodepos" : "30962"
}, {
  "kecamatan" : "Air Kumbang",
  "kelurahan" : "Cinta Manis Baru",
  "kodepos" : "30962"
}, {
  "kecamatan" : "Air Kumbang",
  "kelurahan" : "Air Kumbang Bakti",
  "kodepos" : "30962"
}, {
  "kecamatan" : "Tanjung Lago",
  "kelurahan" : "Tanjung Lago",
  "kodepos" : "30961"
}, {
  "kecamatan" : "Talang Kelapa",
  "kelurahan" : "Talang Keramat",
  "kodepos" : "30961"
}, {
  "kecamatan" : "Talang Kelapa",
  "kelurahan" : "Tanah Mas",
  "kodepos" : "30961"
}, {
  "kecamatan" : "Talang Kelapa",
  "kelurahan" : "Talang Buluh",
  "kodepos" : "30961"
}, {
  "kecamatan" : "Tanjung Lago",
  "kelurahan" : "Sumber Mekar Mukti",
  "kodepos" : "30961"
}, {
  "kecamatan" : "Talang Kelapa",
  "kelurahan" : "Sungai Rengit",
  "kodepos" : "30961"
}, {
  "kecamatan" : "Talang Kelapa",
  "kelurahan" : "Sungairengit Murni",
  "kodepos" : "30961"
}, {
  "kecamatan" : "Talang Kelapa",
  "kelurahan" : "Sukajadi",
  "kodepos" : "30961"
}, {
  "kecamatan" : "Talang Kelapa",
  "kelurahan" : "Sukamoro",
  "kodepos" : "30961"
}, {
  "kecamatan" : "Tanjung Lago",
  "kelurahan" : "Suka Damai",
  "kodepos" : "30961"
}, {
  "kecamatan" : "Tanjung Lago",
  "kelurahan" : "Suka Tani",
  "kodepos" : "30961"
}, {
  "kecamatan" : "Tanjung Lago",
  "kelurahan" : "Sebalik",
  "kodepos" : "30961"
}, {
  "kecamatan" : "Tanjung Lago",
  "kelurahan" : "Seri/Sri Menanti",
  "kodepos" : "30961"
}, {
  "kecamatan" : "Talang Kelapa",
  "kelurahan" : "Pangkalan Benteng",
  "kodepos" : "30961"
}, {
  "kecamatan" : "Tanjung Lago",
  "kelurahan" : "Manggar Raya",
  "kodepos" : "30961"
}, {
  "kecamatan" : "Tanjung Lago",
  "kelurahan" : "Muara Sugih",
  "kodepos" : "30961"
}, {
  "kecamatan" : "Tanjung Lago",
  "kelurahan" : "Kuala Puntian",
  "kodepos" : "30961"
}, {
  "kecamatan" : "Talang Kelapa",
  "kelurahan" : "Kenten",
  "kodepos" : "30961"
}, {
  "kecamatan" : "Talang Kelapa",
  "kelurahan" : "Kenten Laut",
  "kodepos" : "30961"
}, {
  "kecamatan" : "Talang Kelapa",
  "kelurahan" : "Gasing",
  "kodepos" : "30961"
}, {
  "kecamatan" : "Tanjung Lago",
  "kelurahan" : "Bangun Sari",
  "kodepos" : "30961"
}, {
  "kecamatan" : "Tanjung Lago",
  "kelurahan" : "Banyu Urip",
  "kodepos" : "30961"
}, {
  "kecamatan" : "Tanjung Lago",
  "kelurahan" : "Bunga Karang",
  "kodepos" : "30961"
}, {
  "kecamatan" : "Talang Kelapa",
  "kelurahan" : "Air Batu",
  "kodepos" : "30961"
}, {
  "kecamatan" : "Pulau Rimau",
  "kelurahan" : "Wana Mukti",
  "kodepos" : "30959"
}, {
  "kecamatan" : "Pulau Rimau",
  "kelurahan" : "Wonodadi",
  "kodepos" : "30959"
}, {
  "kecamatan" : "Pulau Rimau",
  "kelurahan" : "Wonosari",
  "kodepos" : "30959"
}, {
  "kecamatan" : "Pulau Rimau",
  "kelurahan" : "Tirta Mulya (Tirto Mulyo)",
  "kodepos" : "30959"
}, {
  "kecamatan" : "Tungkal Ilir",
  "kelurahan" : "Teluk Tenggulang",
  "kodepos" : "30959"
}, {
  "kecamatan" : "Pulau Rimau",
  "kelurahan" : "Sumber Rejo",
  "kodepos" : "30959"
}, {
  "kecamatan" : "Pulau Rimau",
  "kelurahan" : "Tabuan Asri",
  "kodepos" : "30959"
}, {
  "kecamatan" : "Pulau Rimau",
  "kelurahan" : "Teluk Betung",
  "kodepos" : "30959"
}, {
  "kecamatan" : "Pulau Rimau",
  "kelurahan" : "Sumber Mukti",
  "kodepos" : "30959"
}, {
  "kecamatan" : "Pulau Rimau",
  "kelurahan" : "Sumber Mulya/Mulyo",
  "kodepos" : "30959"
}, {
  "kecamatan" : "Pulau Rimau",
  "kelurahan" : "Sumber Rejeki",
  "kodepos" : "30959"
}, {
  "kecamatan" : "Pulau Rimau",
  "kelurahan" : "Sumber Agung",
  "kodepos" : "30959"
}, {
  "kecamatan" : "Tungkal Ilir",
  "kelurahan" : "Sukamulya",
  "kodepos" : "30959"
}, {
  "kecamatan" : "Tungkal Ilir",
  "kelurahan" : "Suka Karya",
  "kodepos" : "30959"
}, {
  "kecamatan" : "Tungkal Ilir",
  "kelurahan" : "Suka Raja",
  "kodepos" : "30959"
}, {
  "kecamatan" : "Tungkal Ilir",
  "kelurahan" : "Sukajaya",
  "kodepos" : "30959"
}, {
  "kecamatan" : "Pulau Rimau",
  "kelurahan" : "Senda Mukti (Air Senda II)",
  "kodepos" : "30959"
}, {
  "kecamatan" : "Pulau Rimau",
  "kelurahan" : "Songo Makmur",
  "kodepos" : "30959"
}, {
  "kecamatan" : "Tungkal Ilir",
  "kelurahan" : "Sidomulyo",
  "kodepos" : "30959"
}, {
  "kecamatan" : "Pulau Rimau",
  "kelurahan" : "Ringin Harjo",
  "kodepos" : "30959"
}, {
  "kecamatan" : "Pulau Rimau",
  "kelurahan" : "Rukun Makmur",
  "kodepos" : "30959"
}, {
  "kecamatan" : "Pulau Rimau",
  "kelurahan" : "Purwodadi",
  "kodepos" : "30959"
}, {
  "kecamatan" : "Pulau Rimau",
  "kelurahan" : "Rawa Banda",
  "kodepos" : "30959"
}, {
  "kecamatan" : "Pulau Rimau",
  "kelurahan" : "Penuguan",
  "kodepos" : "30959"
}, {
  "kecamatan" : "Tungkal Ilir",
  "kelurahan" : "Pancamulya",
  "kodepos" : "30959"
}, {
  "kecamatan" : "Pulau Rimau",
  "kelurahan" : "Nunggal Sari",
  "kodepos" : "30959"
}, {
  "kecamatan" : "Pulau Rimau",
  "kelurahan" : "Mekar Sari",
  "kodepos" : "30959"
}, {
  "kecamatan" : "Pulau Rimau",
  "kelurahan" : "Mukut",
  "kodepos" : "30959"
}, {
  "kecamatan" : "Tungkal Ilir",
  "kelurahan" : "Keluang",
  "kodepos" : "30959"
}, {
  "kecamatan" : "Tungkal Ilir",
  "kelurahan" : "Marga Rahayu",
  "kodepos" : "30959"
}, {
  "kecamatan" : "Pulau Rimau",
  "kelurahan" : "Majatra",
  "kodepos" : "30959"
}, {
  "kecamatan" : "Tungkal Ilir",
  "kelurahan" : "Karang Mulya",
  "kodepos" : "30959"
}, {
  "kecamatan" : "Pulau Rimau",
  "kelurahan" : "Karang Manunggal",
  "kodepos" : "30959"
}, {
  "kecamatan" : "Pulau Rimau",
  "kelurahan" : "Kelapa Dua",
  "kodepos" : "30959"
}, {
  "kecamatan" : "Tungkal Ilir",
  "kelurahan" : "Karang Anyar",
  "kodepos" : "30959"
}, {
  "kecamatan" : "Tungkal Ilir",
  "kelurahan" : "Karang Asem",
  "kodepos" : "30959"
}, {
  "kecamatan" : "Tungkal Ilir",
  "kelurahan" : "Bumi Serdang",
  "kodepos" : "30959"
}, {
  "kecamatan" : "Pulau Rimau",
  "kelurahan" : "Bumi Rejo",
  "kodepos" : "30959"
}, {
  "kecamatan" : "Pulau Rimau",
  "kelurahan" : "Dana Mulya",
  "kodepos" : "30959"
}, {
  "kecamatan" : "Pulau Rimau",
  "kelurahan" : "Buana Murti (Air Senda III)",
  "kodepos" : "30959"
}, {
  "kecamatan" : "Pulau Rimau",
  "kelurahan" : "Budi Asih",
  "kodepos" : "30959"
}, {
  "kecamatan" : "Tungkal Ilir",
  "kelurahan" : "Bentayan",
  "kodepos" : "30959"
}, {
  "kecamatan" : "Pulau Rimau",
  "kelurahan" : "Banjarsari (Air Senda IV)",
  "kodepos" : "30959"
}, {
  "kecamatan" : "Suak Tapeh",
  "kelurahan" : "Tanjung Laut",
  "kodepos" : "30958"
}, {
  "kecamatan" : "Betung",
  "kelurahan" : "Taja / Talang Jaya Raya II",
  "kodepos" : "30958"
}, {
  "kecamatan" : "Suak Tapeh",
  "kelurahan" : "Talang Ipuh",
  "kodepos" : "30958"
}, {
  "kecamatan" : "Betung",
  "kelurahan" : "Taja / Talang Jaya Indah",
  "kodepos" : "30958"
}, {
  "kecamatan" : "Betung",
  "kelurahan" : "Taja / Talang Jaya Mulya",
  "kodepos" : "30958"
}, {
  "kecamatan" : "Betung",
  "kelurahan" : "Taja / Talang Jaya Raya 1",
  "kodepos" : "30958"
}, {
  "kecamatan" : "Suak Tapeh",
  "kelurahan" : "Sukaraja",
  "kodepos" : "30958"
}, {
  "kecamatan" : "Betung",
  "kelurahan" : "Suka Mulya",
  "kodepos" : "30958"
}, {
  "kecamatan" : "Suak Tapeh",
  "kelurahan" : "Sedang",
  "kodepos" : "30958"
}, {
  "kecamatan" : "Betung",
  "kelurahan" : "Sri / Seri Kembang",
  "kodepos" : "30958"
}, {
  "kecamatan" : "Betung",
  "kelurahan" : "Rimba Asam",
  "kodepos" : "30958"
}, {
  "kecamatan" : "Suak Tapeh",
  "kelurahan" : "Rimba Terab",
  "kodepos" : "30958"
}, {
  "kecamatan" : "Betung",
  "kelurahan" : "Pulau Rajak",
  "kodepos" : "30958"
}, {
  "kecamatan" : "Suak Tapeh",
  "kelurahan" : "Lubuk Lancang",
  "kodepos" : "30958"
}, {
  "kecamatan" : "Suak Tapeh",
  "kelurahan" : "Meranti",
  "kodepos" : "30958"
}, {
  "kecamatan" : "Betung",
  "kelurahan" : "Lubuk Karet",
  "kodepos" : "30958"
}, {
  "kecamatan" : "Suak Tapeh",
  "kelurahan" : "Durian Daun",
  "kodepos" : "30958"
}, {
  "kecamatan" : "Betung",
  "kelurahan" : "Bukit",
  "kodepos" : "30958"
}, {
  "kecamatan" : "Suak Tapeh",
  "kelurahan" : "Biyuku",
  "kodepos" : "30958"
}, {
  "kecamatan" : "Betung",
  "kelurahan" : "Betung",
  "kodepos" : "30958"
}, {
  "kecamatan" : "Suak Tapeh",
  "kelurahan" : "Bengkuang",
  "kodepos" : "30958"
}, {
  "kecamatan" : "Suak Tapeh",
  "kelurahan" : "Air Senggeris",
  "kodepos" : "30958"
}, {
  "kecamatan" : "Banyuasin III",
  "kelurahan" : "Terlangu",
  "kodepos" : "30953"
}, {
  "kecamatan" : "Banyuasin III",
  "kelurahan" : "Ujung Tanjung",
  "kodepos" : "30953"
}, {
  "kecamatan" : "Banyuasin III",
  "kelurahan" : "Tanjung Menang",
  "kodepos" : "30953"
}, {
  "kecamatan" : "Banyuasin III",
  "kelurahan" : "Terentang",
  "kodepos" : "30953"
}, {
  "kecamatan" : "Banyuasin III",
  "kelurahan" : "Tanjung Beringin",
  "kodepos" : "30953"
}, {
  "kecamatan" : "Banyuasin III",
  "kelurahan" : "Tanjung Kepayang",
  "kodepos" : "30953"
}, {
  "kecamatan" : "Banyuasin III",
  "kelurahan" : "Sri Bandung",
  "kodepos" : "30953"
}, {
  "kecamatan" : "Banyuasin III",
  "kelurahan" : "Tanjung Agung",
  "kodepos" : "30953"
}, {
  "kecamatan" : "Sembawa",
  "kelurahan" : "Suka Makmur",
  "kodepos" : "30953"
}, {
  "kecamatan" : "Banyuasin III",
  "kelurahan" : "Sidang Mas",
  "kodepos" : "30953"
}, {
  "kecamatan" : "Sembawa",
  "kelurahan" : "Santansari",
  "kodepos" : "30953"
}, {
  "kecamatan" : "Banyuasin III",
  "kelurahan" : "Rimba Alai",
  "kodepos" : "30953"
}, {
  "kecamatan" : "Banyuasin III",
  "kelurahan" : "Rimba Balai",
  "kodepos" : "30953"
}, {
  "kecamatan" : "Sembawa",
  "kelurahan" : "Rejodadi",
  "kodepos" : "30953"
}, {
  "kecamatan" : "Banyuasin III",
  "kelurahan" : "Regan Agung",
  "kodepos" : "30953"
}, {
  "kecamatan" : "Sembawa",
  "kelurahan" : "Purwosari",
  "kodepos" : "30953"
}, {
  "kecamatan" : "Sembawa",
  "kelurahan" : "Pulau Harapan",
  "kodepos" : "30953"
}, {
  "kecamatan" : "Sembawa",
  "kelurahan" : "Pulau Muning",
  "kodepos" : "30953"
}, {
  "kecamatan" : "Banyuasin III",
  "kelurahan" : "Pelajau Ilir",
  "kodepos" : "30953"
}, {
  "kecamatan" : "Banyuasin III",
  "kelurahan" : "Petaling",
  "kodepos" : "30953"
}, {
  "kecamatan" : "Banyuasin III",
  "kelurahan" : "Pangkalan Panji",
  "kodepos" : "30953"
}, {
  "kecamatan" : "Banyuasin III",
  "kelurahan" : "Pelajau",
  "kodepos" : "30953"
}, {
  "kecamatan" : "Sembawa",
  "kelurahan" : "Muara Damai",
  "kodepos" : "30953"
}, {
  "kecamatan" : "Banyuasin III",
  "kelurahan" : "Lubuk Saung",
  "kodepos" : "30953"
}, {
  "kecamatan" : "Sembawa",
  "kelurahan" : "Mainan",
  "kodepos" : "30953"
}, {
  "kecamatan" : "Sembawa",
  "kelurahan" : "Limau",
  "kodepos" : "30953"
}, {
  "kecamatan" : "Sembawa",
  "kelurahan" : "Limbang Mulya",
  "kodepos" : "30953"
}, {
  "kecamatan" : "Banyuasin III",
  "kelurahan" : "Langkan",
  "kodepos" : "30953"
}, {
  "kecamatan" : "Sembawa",
  "kelurahan" : "Lalang Sembawa",
  "kodepos" : "30953"
}, {
  "kecamatan" : "Banyuasin III",
  "kelurahan" : "Galang Tinggi",
  "kodepos" : "30953"
}, {
  "kecamatan" : "Banyuasin III",
  "kelurahan" : "Kedondong Raye",
  "kodepos" : "30953"
}, {
  "kecamatan" : "Banyuasin III",
  "kelurahan" : "Suka Mulya",
  "kodepos" : "30916"
}, {
  "kecamatan" : "Banyuasin III",
  "kelurahan" : "Kayuara Kuning",
  "kodepos" : "30915"
}, {
  "kecamatan" : "Banyuasin III",
  "kelurahan" : "Mulya Agung",
  "kodepos" : "30914"
}, {
  "kecamatan" : "Banyuasin III",
  "kelurahan" : "Seterio",
  "kodepos" : "30912"
}, {
  "kecamatan" : "Banyuasin III",
  "kelurahan" : "Suka Raja Baru",
  "kodepos" : "30913"
}, {
  "kecamatan" : "Banyuasin III",
  "kelurahan" : "Pangkalan Balai",
  "kodepos" : "30911"
} ]
