{
  "k100" : "Banjarnegara",
  "k101" : "Purbalingga",
  "k102" : "Cilacap",
  "k103" : "Banyumas",
  "k104" : "Tegal",
  "k105" : "Pemalang",
  "k106" : "Brebes",
  "k107" : "Kendal",
  "k108" : "Batang",
  "k109" : "Pekalongan",
  "k110" : "Semarang",
  "k111" : "Salatiga",
  "k81" : "Demak",
  "k82" : "Jepara",
  "k83" : "Kudus",
  "k84" : "Rembang",
  "k85" : "Pati",
  "k86" : "Blora",
  "k87" : "Grobogan",
  "k88" : "Karanganyar",
  "k89" : "Wonogiri",
  "k90" : "Sukoharjo",
  "k91" : "Klaten",
  "k92" : "Boyolali",
  "k93" : "Sragen",
  "k94" : "Surakarta (Solo)",
  "k95" : "Magelang",
  "k96" : "Wonosobo",
  "k97" : "Temanggung",
  "k98" : "Kebumen",
  "k99" : "Purworejo"
}
