{
  "k112" : "Sumenep",
  "k113" : "Pamekasan",
  "k114" : "Sampang",
  "k115" : "Bangkalan",
  "k116" : "Banyuwangi",
  "k117" : "Situbondo",
  "k118" : "Bondowoso",
  "k119" : "Jember",
  "k120" : "Lumajang",
  "k121" : "Probolinggo",
  "k122" : "Pasuruan",
  "k123" : "Trenggalek",
  "k124" : "Tulungagung",
  "k125" : "Blitar",
  "k126" : "Malang",
  "k127" : "Batu",
  "k128" : "Nganjuk",
  "k129" : "Kediri",
  "k130" : "Pacitan",
  "k131" : "Ponorogo",
  "k132" : "Magetan",
  "k133" : "Ngawi",
  "k134" : "Madiun",
  "k135" : "Tuban",
  "k136" : "Lamongan",
  "k137" : "Bojonegoro",
  "k138" : "Jombang",
  "k139" : "Mojokerto",
  "k140" : "Sidoarjo",
  "k141" : "Gresik",
  "k142" : "Surabaya"
}
