{
  "k271" : "Sumba Barat",
  "k272" : "Sumba Tengah",
  "k273" : "Sumba Barat Daya",
  "k274" : "Sumba Timur",
  "k275" : "Manggarai Barat",
  "k276" : "Lembata",
  "k277" : "Manggarai",
  "k278" : "Manggarai Timur",
  "k279" : "Nagekeo",
  "k280" : "Ngada",
  "k281" : "Ende",
  "k282" : "Flores Timur",
  "k283" : "Sikka",
  "k284" : "Rote Ndao",
  "k285" : "Alor",
  "k286" : "Belu",
  "k287" : "Timor Tengah Utara",
  "k288" : "Timor Tengah Selatan",
  "k289" : "Sabu Raijua",
  "k290" : "Kupang"
}
