{
  "k348" : "Luwu Timur",
  "k349" : "Luwu Utara",
  "k350" : "Selayar (Kepulauan Selayar)",
  "k351" : "Bone",
  "k352" : "Maros",
  "k353" : "Sinjai",
  "k354" : "Bulukumba",
  "k355" : "Jeneponto",
  "k356" : "Bantaeng",
  "k357" : "Takalar",
  "k358" : "Gowa",
  "k359" : "Toraja Utara",
  "k360" : "Luwu",
  "k361" : "Palopo",
  "k362" : "Tana Toraja",
  "k363" : "Enrekang",
  "k364" : "Sidenreng Rappang/Rapang",
  "k365" : "Pinrang",
  "k366" : "Parepare",
  "k367" : "Wajo",
  "k368" : "Soppeng",
  "k369" : "Barru",
  "k370" : "Pangkajene Kepulauan",
  "k371" : "Makassar"
}
