{
  "k443" : "Langkat",
  "k444" : "Mandailing Natal",
  "k445" : "Nias Selatan",
  "k446" : "Nias",
  "k447" : "Nias Barat",
  "k448" : "Gunungsitoli",
  "k449" : "Nias Utara",
  "k450" : "Padang Lawas",
  "k451" : "Tapanuli Selatan",
  "k452" : "Padang Lawas Utara",
  "k453" : "Padang Sidempuan",
  "k454" : "Tapanuli Tengah",
  "k455" : "Sibolga",
  "k456" : "Tapanuli Utara",
  "k457" : "Humbang Hasundutan",
  "k458" : "Samosir",
  "k459" : "Toba Samosir",
  "k460" : "Dairi",
  "k461" : "Pakpak Bharat",
  "k462" : "Karo",
  "k463" : "Labuhan Batu Utara",
  "k464" : "Labuhan Batu",
  "k465" : "Labuhan Batu Selatan",
  "k466" : "Asahan",
  "k467" : "Tanjung Balai",
  "k468" : "Batu Bara",
  "k469" : "Simalungun",
  "k470" : "Pematang Siantar",
  "k471" : "Serdang Bedagai",
  "k472" : "Binjai",
  "k473" : "Tebing Tinggi",
  "k474" : "Deli Serdang",
  "k475" : "Medan"
}
